timestamp,run_id,port_ret_gross,port_ret_net,equity_gross,equity_net,turnover,cost,weight_ret_spy,asset_ret_gross_ret_spy
2021-01-06 21:00:00+00:00,20260126_001633_64609a82_StateSignal_SPY,0.0,0.0,1.0,1.0,0.0,0.0,0.0,-0.0
2021-01-07 21:00:00+00:00,20260126_001633_64609a82_StateSignal_SPY,0.0,0.0,1.0,1.0,0.0,0.0,0.0,0.0
2021-01-08 21:00:00+00:00,20260126_001633_64609a82_StateSignal_SPY,0.0,0.0,1.0,1.0,0.0,0.0,0.0,0.0
2021-01-11 21:00:00+00:00,20260126_001633_64609a82_StateSignal_SPY,0.0,0.0,1.0,1.0,0.0,0.0,0.0,0.0
2021-01-12 21:00:00+00:00,20260126_001633_64609a82_StateSignal_SPY,0.0,0.0,1.0,1.0,0.0,0.0,0.0,-0.0
2021-01-13 21:00:00+00:00,20260126_001633_64609a82_StateSignal_SPY,0.0,0.0,1.0,1.0,0.0,0.0,0.0,0.0
2021-01-14 21:00:00+00:00,20260126_001633_64609a82_StateSignal_SPY,0.0,0.0,1.0,1.0,0.0,0.0,0.0,-0.0
2021-01-15 21:00:00+00:00,20260126_001633_64609a82_StateSignal_SPY,0.0,0.0,1.0,1.0,0.0,0.0,0.0,-0.0
2021-01-19 21:00:00+00:00,20260126_001633_64609a82_StateSignal_SPY,0.0,0.0,1.0,1.0,0.0,0.0,0.0,0.0
2021-01-20 21:00:00+00:00,20260126_001633_64609a82_StateSignal_SPY,0.0,0.0,1.0,1.0,0.0,0.0,0.0,0.0
2021-01-21 21:00:00+00:00,20260126_001633_64609a82_StateSignal_SPY,0.0,0.0,1.0,1.0,0.0,0.0,0.0,0.0
2021-01-22 21:00:00+00:00,20260126_001633_64609a82_StateSignal_SPY,0.0,0.0,1.0,1.0,0.0,0.0,0.0,0.0
2021-01-25 21:00:00+00:00,20260126_001633_64609a82_StateSignal_SPY,0.0,0.0,1.0,1.0,0.0,0.0,0.0,0.0
2021-01-26 21:00:00+00:00,20260126_001633_64609a82_StateSignal_SPY,0.0,0.0,1.0,1.0,0.0,0.0,0.0,-0.0
2021-01-27 21:00:00+00:00,20260126_001633_64609a82_StateSignal_SPY,0.0,0.0,1.0,1.0,0.0,0.0,0.0,-0.0
2021-01-28 21:00:00+00:00,20260126_001633_64609a82_StateSignal_SPY,0.0,0.0,1.0,1.0,0.0,0.0,0.0,-0.0
2021-01-29 21:00:00+00:00,20260126_001633_64609a82_StateSignal_SPY,0.0,0.0,1.0,1.0,0.0,0.0,0.0,-0.0
2021-02-01 21:00:00+00:00,20260126_001633_64609a82_StateSignal_SPY,0.0,0.0,1.0,1.0,0.0,0.0,0.0,0.0
2021-02-02 21:00:00+00:00,20260126_001633_64609a82_StateSignal_SPY,0.0,0.0,1.0,1.0,0.0,0.0,0.0,0.0
2021-02-03 21:00:00+00:00,20260126_001633_64609a82_StateSignal_SPY,0.0,0.0,1.0,1.0,0.0,0.0,0.0,-0.0
2021-02-04 21:00:00+00:00,20260126_001633_64609a82_StateSignal_SPY,0.0,0.0,1.0,1.0,0.0,0.0,0.0,0.0
2021-02-05 21:00:00+00:00,20260126_001633_64609a82_StateSignal_SPY,0.0,0.0,1.0,1.0,0.0,0.0,0.0,-0.0
2021-02-08 21:00:00+00:00,20260126_001633_64609a82_StateSignal_SPY,0.0,0.0,1.0,1.0,0.0,0.0,0.0,0.0
2021-02-09 21:00:00+00:00,20260126_001633_64609a82_StateSignal_SPY,0.0,0.0,1.0,1.0,0.0,0.0,0.0,0.0
2021-02-10 21:00:00+00:00,20260126_001633_64609a82_StateSignal_SPY,0.0,0.0,1.0,1.0,0.0,0.0,0.0,-0.0
2021-02-11 21:00:00+00:00,20260126_001633_64609a82_StateSignal_SPY,0.0,0.0,1.0,1.0,0.0,0.0,0.0,-0.0
2021-02-12 21:00:00+00:00,20260126_001633_64609a82_StateSignal_SPY,0.0,0.0,1.0,1.0,0.0,0.0,0.0,0.0
2021-02-16 21:00:00+00:00,20260126_001633_64609a82_StateSignal_SPY,0.0,0.0,1.0,1.0,0.0,0.0,0.0,-0.0
2021-02-17 21:00:00+00:00,20260126_001633_64609a82_StateSignal_SPY,0.0,0.0,1.0,1.0,0.0,0.0,0.0,0.0
2021-02-18 21:00:00+00:00,20260126_001633_64609a82_StateSignal_SPY,0.0,0.0,1.0,1.0,0.0,0.0,0.0,0.0
2021-02-19 21:00:00+00:00,20260126_001633_64609a82_StateSignal_SPY,0.0,0.0,1.0,1.0,0.0,0.0,0.0,-0.0
2021-02-22 21:00:00+00:00,20260126_001633_64609a82_StateSignal_SPY,0.0,0.0,1.0,1.0,0.0,0.0,0.0,-0.0
2021-02-23 21:00:00+00:00,20260126_001633_64609a82_StateSignal_SPY,0.0,0.0,1.0,1.0,0.0,0.0,0.0,0.0
2021-02-24 21:00:00+00:00,20260126_001633_64609a82_StateSignal_SPY,0.0,0.0,1.0,1.0,0.0,0.0,0.0,0.0
2021-02-25 21:00:00+00:00,20260126_001633_64609a82_StateSignal_SPY,0.0,0.0,1.0,1.0,0.0,0.0,0.0,-0.0
2021-02-26 21:00:00+00:00,20260126_001633_64609a82_StateSignal_SPY,0.0,0.0,1.0,1.0,0.0,0.0,0.0,-0.0
2021-03-01 21:00:00+00:00,20260126_001633_64609a82_StateSignal_SPY,0.0,0.0,1.0,1.0,0.0,0.0,0.0,0.0
2021-03-02 21:00:00+00:00,20260126_001633_64609a82_StateSignal_SPY,0.0,0.0,1.0,1.0,0.0,0.0,0.0,-0.0
2021-03-03 21:00:00+00:00,20260126_001633_64609a82_StateSignal_SPY,0.0,0.0,1.0,1.0,0.0,0.0,0.0,-0.0
2021-03-04 21:00:00+00:00,20260126_001633_64609a82_StateSignal_SPY,0.0,0.0,1.0,1.0,0.0,0.0,0.0,-0.0
2021-03-05 21:00:00+00:00,20260126_001633_64609a82_StateSignal_SPY,0.0,0.0,1.0,1.0,0.0,0.0,0.0,0.0
2021-03-08 21:00:00+00:00,20260126_001633_64609a82_StateSignal_SPY,0.0,0.0,1.0,1.0,0.0,0.0,0.0,-0.0
2021-03-09 21:00:00+00:00,20260126_001633_64609a82_StateSignal_SPY,0.0,0.0,1.0,1.0,0.0,0.0,0.0,0.0
2021-03-10 21:00:00+00:00,20260126_001633_64609a82_StateSignal_SPY,0.0,0.0,1.0,1.0,0.0,0.0,0.0,-0.0
2021-03-11 21:00:00+00:00,20260126_001633_64609a82_StateSignal_SPY,0.0,0.0,1.0,1.0,0.0,0.0,0.0,0.0
2021-03-12 21:00:00+00:00,20260126_001633_64609a82_StateSignal_SPY,0.0,0.0,1.0,1.0,0.0,0.0,0.0,0.0
2021-03-15 20:00:00+00:00,20260126_001633_64609a82_StateSignal_SPY,0.0,0.0,1.0,1.0,0.0,0.0,0.0,0.0
2021-03-16 20:00:00+00:00,20260126_001633_64609a82_StateSignal_SPY,0.0,0.0,1.0,1.0,0.0,0.0,0.0,-0.0
2021-03-17 20:00:00+00:00,20260126_001633_64609a82_StateSignal_SPY,0.0,0.0,1.0,1.0,0.0,0.0,0.0,0.0
2021-03-18 20:00:00+00:00,20260126_001633_64609a82_StateSignal_SPY,0.0,0.0,1.0,1.0,0.0,0.0,0.0,-0.0
2021-03-19 20:00:00+00:00,20260126_001633_64609a82_StateSignal_SPY,0.0,0.0,1.0,1.0,0.0,0.0,0.0,0.0
2021-03-22 20:00:00+00:00,20260126_001633_64609a82_StateSignal_SPY,0.0,0.0,1.0,1.0,0.0,0.0,0.0,0.0
2021-03-23 20:00:00+00:00,20260126_001633_64609a82_StateSignal_SPY,0.0,0.0,1.0,1.0,0.0,0.0,0.0,-0.0
2021-03-24 20:00:00+00:00,20260126_001633_64609a82_StateSignal_SPY,0.0,0.0,1.0,1.0,0.0,0.0,0.0,-0.0
2021-03-25 20:00:00+00:00,20260126_001633_64609a82_StateSignal_SPY,0.0,0.0,1.0,1.0,0.0,0.0,0.0,0.0
2021-03-26 20:00:00+00:00,20260126_001633_64609a82_StateSignal_SPY,0.0,0.0,1.0,1.0,0.0,0.0,0.0,0.0
2021-03-29 20:00:00+00:00,20260126_001633_64609a82_StateSignal_SPY,0.0,0.0,1.0,1.0,0.0,0.0,0.0,0.0
2021-03-30 20:00:00+00:00,20260126_001633_64609a82_StateSignal_SPY,0.0,0.0,1.0,1.0,0.0,0.0,0.0,0.0
2021-03-31 20:00:00+00:00,20260126_001633_64609a82_StateSignal_SPY,0.0,0.0,1.0,1.0,0.0,0.0,0.0,0.0
2021-04-01 20:00:00+00:00,20260126_001633_64609a82_StateSignal_SPY,0.0,0.0,1.0,1.0,0.0,0.0,0.0,0.0
2021-04-05 20:00:00+00:00,20260126_001633_64609a82_StateSignal_SPY,0.0,0.0,1.0,1.0,0.0,0.0,0.0,0.0
2021-04-06 20:00:00+00:00,20260126_001633_64609a82_StateSignal_SPY,0.0,0.0,1.0,1.0,0.0,0.0,0.0,-0.0
2021-04-07 20:00:00+00:00,20260126_001633_64609a82_StateSignal_SPY,0.0,0.0,1.0,1.0,0.0,0.0,0.0,0.0
2021-04-08 20:00:00+00:00,20260126_001633_64609a82_StateSignal_SPY,0.0,0.0,1.0,1.0,0.0,0.0,0.0,0.0
2021-04-09 20:00:00+00:00,20260126_001633_64609a82_StateSignal_SPY,0.0,0.0,1.0,1.0,0.0,0.0,0.0,0.0
2021-04-12 20:00:00+00:00,20260126_001633_64609a82_StateSignal_SPY,0.0,0.0,1.0,1.0,0.0,0.0,0.0,0.0
2021-04-13 20:00:00+00:00,20260126_001633_64609a82_StateSignal_SPY,0.0,0.0,1.0,1.0,0.0,0.0,0.0,0.0
2021-04-14 20:00:00+00:00,20260126_001633_64609a82_StateSignal_SPY,0.0,0.0,1.0,1.0,0.0,0.0,0.0,-0.0
2021-04-15 20:00:00+00:00,20260126_001633_64609a82_StateSignal_SPY,0.0,0.0,1.0,1.0,0.0,0.0,0.0,0.0
2021-04-16 20:00:00+00:00,20260126_001633_64609a82_StateSignal_SPY,0.0,0.0,1.0,1.0,0.0,0.0,0.0,0.0
2021-04-19 20:00:00+00:00,20260126_001633_64609a82_StateSignal_SPY,0.0,0.0,1.0,1.0,0.0,0.0,0.0,-0.0
2021-04-20 20:00:00+00:00,20260126_001633_64609a82_StateSignal_SPY,0.0,0.0,1.0,1.0,0.0,0.0,0.0,-0.0
2021-04-21 20:00:00+00:00,20260126_001633_64609a82_StateSignal_SPY,0.0,0.0,1.0,1.0,0.0,0.0,0.0,0.0
2021-04-22 20:00:00+00:00,20260126_001633_64609a82_StateSignal_SPY,0.0,0.0,1.0,1.0,0.0,0.0,0.0,-0.0
2021-04-23 20:00:00+00:00,20260126_001633_64609a82_StateSignal_SPY,0.0,0.0,1.0,1.0,0.0,0.0,0.0,0.0
2021-04-26 20:00:00+00:00,20260126_001633_64609a82_StateSignal_SPY,0.0,0.0,1.0,1.0,0.0,0.0,0.0,-0.0
2021-04-27 20:00:00+00:00,20260126_001633_64609a82_StateSignal_SPY,0.0,0.0,1.0,1.0,0.0,0.0,0.0,0.0
2021-04-28 20:00:00+00:00,20260126_001633_64609a82_StateSignal_SPY,0.0,0.0,1.0,1.0,0.0,0.0,0.0,-0.0
2021-04-29 20:00:00+00:00,20260126_001633_64609a82_StateSignal_SPY,0.0,0.0,1.0,1.0,0.0,0.0,0.0,-0.0
2021-04-30 20:00:00+00:00,20260126_001633_64609a82_StateSignal_SPY,0.0,0.0,1.0,1.0,0.0,0.0,0.0,-0.0
2021-05-03 20:00:00+00:00,20260126_001633_64609a82_StateSignal_SPY,0.0,0.0,1.0,1.0,0.0,0.0,0.0,-0.0
2021-05-04 20:00:00+00:00,20260126_001633_64609a82_StateSignal_SPY,0.0,0.0,1.0,1.0,0.0,0.0,0.0,0.0
2021-05-05 20:00:00+00:00,20260126_001633_64609a82_StateSignal_SPY,0.0,0.0,1.0,1.0,0.0,0.0,0.0,-0.0
2021-05-06 20:00:00+00:00,20260126_001633_64609a82_StateSignal_SPY,0.0,0.0,1.0,1.0,0.0,0.0,0.0,0.0
2021-05-07 20:00:00+00:00,20260126_001633_64609a82_StateSignal_SPY,0.0,0.0,1.0,1.0,0.0,0.0,0.0,0.0
2021-05-10 20:00:00+00:00,20260126_001633_64609a82_StateSignal_SPY,0.0,0.0,1.0,1.0,0.0,0.0,0.0,-0.0
2021-05-11 20:00:00+00:00,20260126_001633_64609a82_StateSignal_SPY,0.0,0.0,1.0,1.0,0.0,0.0,0.0,0.0
2021-05-12 20:00:00+00:00,20260126_001633_64609a82_StateSignal_SPY,0.0,0.0,1.0,1.0,0.0,0.0,0.0,-0.0
2021-05-13 20:00:00+00:00,20260126_001633_64609a82_StateSignal_SPY,0.0,0.0,1.0,1.0,0.0,0.0,0.0,0.0
2021-05-14 20:00:00+00:00,20260126_001633_64609a82_StateSignal_SPY,0.0,0.0,1.0,1.0,0.0,0.0,0.0,0.0
2021-05-17 20:00:00+00:00,20260126_001633_64609a82_StateSignal_SPY,0.0,0.0,1.0,1.0,0.0,0.0,0.0,-0.0
2021-05-18 20:00:00+00:00,20260126_001633_64609a82_StateSignal_SPY,0.0,0.0,1.0,1.0,0.0,0.0,0.0,-0.0
2021-05-19 20:00:00+00:00,20260126_001633_64609a82_StateSignal_SPY,0.0,0.0,1.0,1.0,0.0,0.0,0.0,0.0
2021-05-20 20:00:00+00:00,20260126_001633_64609a82_StateSignal_SPY,0.0,0.0,1.0,1.0,0.0,0.0,0.0,0.0
2021-05-21 20:00:00+00:00,20260126_001633_64609a82_StateSignal_SPY,0.0,0.0,1.0,1.0,0.0,0.0,0.0,-0.0
2021-05-24 20:00:00+00:00,20260126_001633_64609a82_StateSignal_SPY,0.0,0.0,1.0,1.0,0.0,0.0,0.0,0.0
2021-05-25 20:00:00+00:00,20260126_001633_64609a82_StateSignal_SPY,0.0,0.0,1.0,1.0,0.0,0.0,0.0,-0.0
2021-05-26 20:00:00+00:00,20260126_001633_64609a82_StateSignal_SPY,0.0,0.0,1.0,1.0,0.0,0.0,0.0,0.0
2021-05-27 20:00:00+00:00,20260126_001633_64609a82_StateSignal_SPY,0.0,0.0,1.0,1.0,0.0,0.0,0.0,-0.0
2021-05-28 20:00:00+00:00,20260126_001633_64609a82_StateSignal_SPY,0.0,0.0,1.0,1.0,0.0,0.0,0.0,-0.0
2021-06-01 20:00:00+00:00,20260126_001633_64609a82_StateSignal_SPY,0.0,0.0,1.0,1.0,0.0,0.0,0.0,-0.0
2021-06-02 20:00:00+00:00,20260126_001633_64609a82_StateSignal_SPY,0.0,0.0,1.0,1.0,0.0,0.0,0.0,0.0
2021-06-03 20:00:00+00:00,20260126_001633_64609a82_StateSignal_SPY,0.0,0.0,1.0,1.0,0.0,0.0,0.0,0.0
2021-06-04 20:00:00+00:00,20260126_001633_64609a82_StateSignal_SPY,0.0,0.0,1.0,1.0,0.0,0.0,0.0,0.0
2021-06-07 20:00:00+00:00,20260126_001633_64609a82_StateSignal_SPY,0.0,0.0,1.0,1.0,0.0,0.0,0.0,-0.0
2021-06-08 20:00:00+00:00,20260126_001633_64609a82_StateSignal_SPY,0.0,0.0,1.0,1.0,0.0,0.0,0.0,-0.0
2021-06-09 20:00:00+00:00,20260126_001633_64609a82_StateSignal_SPY,0.0,0.0,1.0,1.0,0.0,0.0,0.0,-0.0
2021-06-10 20:00:00+00:00,20260126_001633_64609a82_StateSignal_SPY,0.0,0.0,1.0,1.0,0.0,0.0,0.0,-0.0
2021-06-11 20:00:00+00:00,20260126_001633_64609a82_StateSignal_SPY,0.0,0.0,1.0,1.0,0.0,0.0,0.0,0.0
2021-06-14 20:00:00+00:00,20260126_001633_64609a82_StateSignal_SPY,0.0,0.0,1.0,1.0,0.0,0.0,0.0,0.0
2021-06-15 20:00:00+00:00,20260126_001633_64609a82_StateSignal_SPY,0.0,0.0,1.0,1.0,0.0,0.0,0.0,-0.0
2021-06-16 20:00:00+00:00,20260126_001633_64609a82_StateSignal_SPY,0.0,0.0,1.0,1.0,0.0,0.0,0.0,-0.0
2021-06-17 20:00:00+00:00,20260126_001633_64609a82_StateSignal_SPY,0.0,0.0,1.0,1.0,0.0,0.0,0.0,0.0
2021-06-18 20:00:00+00:00,20260126_001633_64609a82_StateSignal_SPY,0.0,0.0,1.0,1.0,0.0,0.0,0.0,-0.0
2021-06-21 20:00:00+00:00,20260126_001633_64609a82_StateSignal_SPY,0.0,0.0,1.0,1.0,0.0,0.0,0.0,0.0
2021-06-22 20:00:00+00:00,20260126_001633_64609a82_StateSignal_SPY,0.0,0.0,1.0,1.0,0.0,0.0,0.0,0.0
2021-06-23 20:00:00+00:00,20260126_001633_64609a82_StateSignal_SPY,0.0,0.0,1.0,1.0,0.0,0.0,0.0,-0.0
2021-06-24 20:00:00+00:00,20260126_001633_64609a82_StateSignal_SPY,0.0,0.0,1.0,1.0,0.0,0.0,0.0,0.0
2021-06-25 20:00:00+00:00,20260126_001633_64609a82_StateSignal_SPY,0.0,0.0,1.0,1.0,0.0,0.0,0.0,0.0
2021-06-28 20:00:00+00:00,20260126_001633_64609a82_StateSignal_SPY,0.0,0.0,1.0,1.0,0.0,0.0,0.0,0.0
2021-06-29 20:00:00+00:00,20260126_001633_64609a82_StateSignal_SPY,0.0,0.0,1.0,1.0,0.0,0.0,0.0,-0.0
2021-06-30 20:00:00+00:00,20260126_001633_64609a82_StateSignal_SPY,0.0,0.0,1.0,1.0,0.0,0.0,0.0,0.0
2021-07-01 20:00:00+00:00,20260126_001633_64609a82_StateSignal_SPY,0.0,0.0,1.0,1.0,0.0,0.0,0.0,0.0
2021-07-02 20:00:00+00:00,20260126_001633_64609a82_StateSignal_SPY,0.0,0.0,1.0,1.0,0.0,0.0,0.0,0.0
2021-07-06 20:00:00+00:00,20260126_001633_64609a82_StateSignal_SPY,0.0,0.0,1.0,1.0,0.0,0.0,0.0,-0.0
2021-07-07 20:00:00+00:00,20260126_001633_64609a82_StateSignal_SPY,0.0,0.0,1.0,1.0,0.0,0.0,0.0,0.0
2021-07-08 20:00:00+00:00,20260126_001633_64609a82_StateSignal_SPY,0.0,0.0,1.0,1.0,0.0,0.0,0.0,0.0
2021-07-09 20:00:00+00:00,20260126_001633_64609a82_StateSignal_SPY,0.0,0.0,1.0,1.0,0.0,0.0,0.0,0.0
2021-07-12 20:00:00+00:00,20260126_001633_64609a82_StateSignal_SPY,0.0,0.0,1.0,1.0,0.0,0.0,0.0,0.0
2021-07-13 20:00:00+00:00,20260126_001633_64609a82_StateSignal_SPY,0.0,0.0,1.0,1.0,0.0,0.0,0.0,-0.0
2021-07-14 20:00:00+00:00,20260126_001633_64609a82_StateSignal_SPY,0.0,0.0,1.0,1.0,0.0,0.0,0.0,-0.0
2021-07-15 20:00:00+00:00,20260126_001633_64609a82_StateSignal_SPY,0.0,0.0,1.0,1.0,0.0,0.0,0.0,0.0
2021-07-16 20:00:00+00:00,20260126_001633_64609a82_StateSignal_SPY,0.0,0.0,1.0,1.0,0.0,0.0,0.0,-0.0
2021-07-19 20:00:00+00:00,20260126_001633_64609a82_StateSignal_SPY,0.0,0.0,1.0,1.0,0.0,0.0,0.0,-0.0
2021-07-20 20:00:00+00:00,20260126_001633_64609a82_StateSignal_SPY,0.0,0.0,1.0,1.0,0.0,0.0,0.0,0.0
2021-07-21 20:00:00+00:00,20260126_001633_64609a82_StateSignal_SPY,0.0,0.0,1.0,1.0,0.0,0.0,0.0,0.0
2021-07-22 20:00:00+00:00,20260126_001633_64609a82_StateSignal_SPY,0.0,0.0,1.0,1.0,0.0,0.0,0.0,0.0
2021-07-23 20:00:00+00:00,20260126_001633_64609a82_StateSignal_SPY,0.0,0.0,1.0,1.0,0.0,0.0,0.0,0.0
2021-07-26 20:00:00+00:00,20260126_001633_64609a82_StateSignal_SPY,0.0,0.0,1.0,1.0,0.0,0.0,0.0,0.0
2021-07-27 20:00:00+00:00,20260126_001633_64609a82_StateSignal_SPY,0.0,0.0,1.0,1.0,0.0,0.0,0.0,0.0
2021-07-28 20:00:00+00:00,20260126_001633_64609a82_StateSignal_SPY,0.0,0.0,1.0,1.0,0.0,0.0,0.0,0.0
2021-07-29 20:00:00+00:00,20260126_001633_64609a82_StateSignal_SPY,0.0,0.0,1.0,1.0,0.0,0.0,0.0,0.0
2021-07-30 20:00:00+00:00,20260126_001633_64609a82_StateSignal_SPY,0.0,0.0,1.0,1.0,0.0,0.0,0.0,-0.0
2021-08-02 20:00:00+00:00,20260126_001633_64609a82_StateSignal_SPY,0.0,0.0,1.0,1.0,0.0,0.0,0.0,-0.0
2021-08-03 20:00:00+00:00,20260126_001633_64609a82_StateSignal_SPY,0.0,0.0,1.0,1.0,0.0,0.0,0.0,0.0
2021-08-04 20:00:00+00:00,20260126_001633_64609a82_StateSignal_SPY,0.0,0.0,1.0,1.0,0.0,0.0,0.0,-0.0
2021-08-05 20:00:00+00:00,20260126_001633_64609a82_StateSignal_SPY,0.0,0.0,1.0,1.0,0.0,0.0,0.0,0.0
2021-08-06 20:00:00+00:00,20260126_001633_64609a82_StateSignal_SPY,0.0,0.0,1.0,1.0,0.0,0.0,0.0,-0.0
2021-08-09 20:00:00+00:00,20260126_001633_64609a82_StateSignal_SPY,0.0,0.0,1.0,1.0,0.0,0.0,0.0,0.0
2021-08-10 20:00:00+00:00,20260126_001633_64609a82_StateSignal_SPY,0.0,0.0,1.0,1.0,0.0,0.0,0.0,0.0
2021-08-11 20:00:00+00:00,20260126_001633_64609a82_StateSignal_SPY,0.0,0.0,1.0,1.0,0.0,0.0,0.0,0.0
2021-08-12 20:00:00+00:00,20260126_001633_64609a82_StateSignal_SPY,0.0,0.0,1.0,1.0,0.0,0.0,0.0,0.0
2021-08-13 20:00:00+00:00,20260126_001633_64609a82_StateSignal_SPY,0.0,0.0,1.0,1.0,0.0,0.0,0.0,0.0
2021-08-16 20:00:00+00:00,20260126_001633_64609a82_StateSignal_SPY,0.0,0.0,1.0,1.0,0.0,0.0,0.0,0.0
2021-08-17 20:00:00+00:00,20260126_001633_64609a82_StateSignal_SPY,0.0,0.0,1.0,1.0,0.0,0.0,0.0,-0.0
2021-08-18 20:00:00+00:00,20260126_001633_64609a82_StateSignal_SPY,0.0,0.0,1.0,1.0,0.0,0.0,0.0,-0.0
2021-08-19 20:00:00+00:00,20260126_001633_64609a82_StateSignal_SPY,0.0,0.0,1.0,1.0,0.0,0.0,0.0,0.0
2021-08-20 20:00:00+00:00,20260126_001633_64609a82_StateSignal_SPY,0.0,0.0,1.0,1.0,0.0,0.0,0.0,0.0
2021-08-23 20:00:00+00:00,20260126_001633_64609a82_StateSignal_SPY,0.0,0.0,1.0,1.0,0.0,0.0,0.0,0.0
2021-08-24 20:00:00+00:00,20260126_001633_64609a82_StateSignal_SPY,0.0,0.0,1.0,1.0,0.0,0.0,0.0,-0.0
2021-08-25 20:00:00+00:00,20260126_001633_64609a82_StateSignal_SPY,0.0,0.0,1.0,1.0,0.0,0.0,0.0,0.0
2021-08-26 20:00:00+00:00,20260126_001633_64609a82_StateSignal_SPY,0.0,0.0,1.0,1.0,0.0,0.0,0.0,-0.0
2021-08-27 20:00:00+00:00,20260126_001633_64609a82_StateSignal_SPY,0.0,0.0,1.0,1.0,0.0,0.0,0.0,0.0
2021-08-30 20:00:00+00:00,20260126_001633_64609a82_StateSignal_SPY,0.0,0.0,1.0,1.0,0.0,0.0,0.0,0.0
2021-08-31 20:00:00+00:00,20260126_001633_64609a82_StateSignal_SPY,0.0,0.0,1.0,1.0,0.0,0.0,0.0,0.0
2021-09-01 20:00:00+00:00,20260126_001633_64609a82_StateSignal_SPY,0.0,0.0,1.0,1.0,0.0,0.0,0.0,-0.0
2021-09-02 20:00:00+00:00,20260126_001633_64609a82_StateSignal_SPY,0.0,0.0,1.0,1.0,0.0,0.0,0.0,-0.0
2021-09-03 20:00:00+00:00,20260126_001633_64609a82_StateSignal_SPY,0.0,0.0,1.0,1.0,0.0,0.0,0.0,0.0
2021-09-07 20:00:00+00:00,20260126_001633_64609a82_StateSignal_SPY,0.0,0.0,1.0,1.0,0.0,0.0,0.0,-0.0
2021-09-08 20:00:00+00:00,20260126_001633_64609a82_StateSignal_SPY,0.0,0.0,1.0,1.0,0.0,0.0,0.0,-0.0
2021-09-09 20:00:00+00:00,20260126_001633_64609a82_StateSignal_SPY,0.0,0.0,1.0,1.0,0.0,0.0,0.0,-0.0
2021-09-10 20:00:00+00:00,20260126_001633_64609a82_StateSignal_SPY,0.0,0.0,1.0,1.0,0.0,0.0,0.0,-0.0
2021-09-13 20:00:00+00:00,20260126_001633_64609a82_StateSignal_SPY,0.0,0.0,1.0,1.0,0.0,0.0,0.0,-0.0
2021-09-14 20:00:00+00:00,20260126_001633_64609a82_StateSignal_SPY,0.0,0.0,1.0,1.0,0.0,0.0,0.0,-0.0
2021-09-15 20:00:00+00:00,20260126_001633_64609a82_StateSignal_SPY,0.0,0.0,1.0,1.0,0.0,0.0,0.0,0.0
2021-09-16 20:00:00+00:00,20260126_001633_64609a82_StateSignal_SPY,0.0,0.0,1.0,1.0,0.0,0.0,0.0,0.0
2021-09-17 20:00:00+00:00,20260126_001633_64609a82_StateSignal_SPY,0.0,0.0,1.0,1.0,0.0,0.0,0.0,-0.0
2021-09-20 20:00:00+00:00,20260126_001633_64609a82_StateSignal_SPY,0.0,0.0,1.0,1.0,0.0,0.0,0.0,-0.0
2021-09-21 20:00:00+00:00,20260126_001633_64609a82_StateSignal_SPY,0.0,0.0,1.0,1.0,0.0,0.0,0.0,-0.0
2021-09-22 20:00:00+00:00,20260126_001633_64609a82_StateSignal_SPY,0.0,0.0,1.0,1.0,0.0,0.0,0.0,0.0
2021-09-23 20:00:00+00:00,20260126_001633_64609a82_StateSignal_SPY,0.0,0.0,1.0,1.0,0.0,0.0,0.0,0.0
2021-09-24 20:00:00+00:00,20260126_001633_64609a82_StateSignal_SPY,0.0,0.0,1.0,1.0,0.0,0.0,0.0,0.0
2021-09-27 20:00:00+00:00,20260126_001633_64609a82_StateSignal_SPY,0.0,0.0,1.0,1.0,0.0,0.0,0.0,-0.0
2021-09-28 20:00:00+00:00,20260126_001633_64609a82_StateSignal_SPY,0.0,0.0,1.0,1.0,0.0,0.0,0.0,-0.0
2021-09-29 20:00:00+00:00,20260126_001633_64609a82_StateSignal_SPY,0.0,0.0,1.0,1.0,0.0,0.0,0.0,0.0
2021-09-30 20:00:00+00:00,20260126_001633_64609a82_StateSignal_SPY,0.0,0.0,1.0,1.0,0.0,0.0,0.0,-0.0
2021-10-01 20:00:00+00:00,20260126_001633_64609a82_StateSignal_SPY,0.0,0.0,1.0,1.0,0.0,0.0,0.0,0.0
2021-10-04 20:00:00+00:00,20260126_001633_64609a82_StateSignal_SPY,0.0,0.0,1.0,1.0,0.0,0.0,0.0,-0.0
2021-10-05 20:00:00+00:00,20260126_001633_64609a82_StateSignal_SPY,0.0,0.0,1.0,1.0,0.0,0.0,0.0,0.0
2021-10-06 20:00:00+00:00,20260126_001633_64609a82_StateSignal_SPY,0.0,0.0,1.0,1.0,0.0,0.0,0.0,0.0
2021-10-07 20:00:00+00:00,20260126_001633_64609a82_StateSignal_SPY,0.0,0.0,1.0,1.0,0.0,0.0,0.0,-0.0
2021-10-08 20:00:00+00:00,20260126_001633_64609a82_StateSignal_SPY,0.0,0.0,1.0,1.0,0.0,0.0,0.0,-0.0
2021-10-11 20:00:00+00:00,20260126_001633_64609a82_StateSignal_SPY,0.0,0.0,1.0,1.0,0.0,0.0,0.0,-0.0
2021-10-12 20:00:00+00:00,20260126_001633_64609a82_StateSignal_SPY,0.0,0.0,1.0,1.0,0.0,0.0,0.0,-0.0
2021-10-13 20:00:00+00:00,20260126_001633_64609a82_StateSignal_SPY,0.0,0.0,1.0,1.0,0.0,0.0,0.0,0.0
2021-10-14 20:00:00+00:00,20260126_001633_64609a82_StateSignal_SPY,0.0,0.0,1.0,1.0,0.0,0.0,0.0,0.0
2021-10-15 20:00:00+00:00,20260126_001633_64609a82_StateSignal_SPY,0.0,0.0,1.0,1.0,0.0,0.0,0.0,0.0
2021-10-18 20:00:00+00:00,20260126_001633_64609a82_StateSignal_SPY,0.0,0.0,1.0,1.0,0.0,0.0,0.0,0.0
2021-10-19 20:00:00+00:00,20260126_001633_64609a82_StateSignal_SPY,0.0,0.0,1.0,1.0,0.0,0.0,0.0,0.0
2021-10-20 20:00:00+00:00,20260126_001633_64609a82_StateSignal_SPY,0.0,0.0,1.0,1.0,0.0,0.0,0.0,0.0
2021-10-21 20:00:00+00:00,20260126_001633_64609a82_StateSignal_SPY,0.0,0.0,1.0,1.0,0.0,0.0,0.0,0.0
2021-10-22 20:00:00+00:00,20260126_001633_64609a82_StateSignal_SPY,0.0,0.0,1.0,1.0,0.0,0.0,0.0,-0.0
2021-10-25 20:00:00+00:00,20260126_001633_64609a82_StateSignal_SPY,0.0,0.0,1.0,1.0,0.0,0.0,0.0,0.0
2021-10-26 20:00:00+00:00,20260126_001633_64609a82_StateSignal_SPY,0.0,0.0,1.0,1.0,0.0,0.0,0.0,-0.0
2021-10-27 20:00:00+00:00,20260126_001633_64609a82_StateSignal_SPY,0.0,0.0,1.0,1.0,0.0,0.0,0.0,-0.0
2021-10-28 20:00:00+00:00,20260126_001633_64609a82_StateSignal_SPY,0.0,0.0,1.0,1.0,0.0,0.0,0.0,0.0
2021-10-29 20:00:00+00:00,20260126_001633_64609a82_StateSignal_SPY,0.0,0.0,1.0,1.0,0.0,0.0,0.0,0.0
2021-11-01 20:00:00+00:00,20260126_001633_64609a82_StateSignal_SPY,0.0,0.0,1.0,1.0,0.0,0.0,0.0,0.0
2021-11-02 20:00:00+00:00,20260126_001633_64609a82_StateSignal_SPY,0.0,0.0,1.0,1.0,0.0,0.0,0.0,0.0
2021-11-03 20:00:00+00:00,20260126_001633_64609a82_StateSignal_SPY,0.0,0.0,1.0,1.0,0.0,0.0,0.0,0.0
2021-11-04 20:00:00+00:00,20260126_001633_64609a82_StateSignal_SPY,0.0,0.0,1.0,1.0,0.0,0.0,0.0,0.0
2021-11-05 20:00:00+00:00,20260126_001633_64609a82_StateSignal_SPY,0.0,0.0,1.0,1.0,0.0,0.0,0.0,-0.0
2021-11-08 21:00:00+00:00,20260126_001633_64609a82_StateSignal_SPY,0.0,0.0,1.0,1.0,0.0,0.0,0.0,-0.0
2021-11-09 21:00:00+00:00,20260126_001633_64609a82_StateSignal_SPY,0.0,0.0,1.0,1.0,0.0,0.0,0.0,-0.0
2021-11-10 21:00:00+00:00,20260126_001633_64609a82_StateSignal_SPY,0.0,0.0,1.0,1.0,0.0,0.0,0.0,-0.0
2021-11-11 21:00:00+00:00,20260126_001633_64609a82_StateSignal_SPY,0.0,0.0,1.0,1.0,0.0,0.0,0.0,-0.0
2021-11-12 21:00:00+00:00,20260126_001633_64609a82_StateSignal_SPY,0.0,0.0,1.0,1.0,0.0,0.0,0.0,0.0
2021-11-15 21:00:00+00:00,20260126_001633_64609a82_StateSignal_SPY,0.0,0.0,1.0,1.0,0.0,0.0,0.0,-0.0
2021-11-16 21:00:00+00:00,20260126_001633_64609a82_StateSignal_SPY,0.0,0.0,1.0,1.0,0.0,0.0,0.0,0.0
2021-11-17 21:00:00+00:00,20260126_001633_64609a82_StateSignal_SPY,0.0,0.0,1.0,1.0,0.0,0.0,0.0,-0.0
2021-11-18 21:00:00+00:00,20260126_001633_64609a82_StateSignal_SPY,0.0,0.0,1.0,1.0,0.0,0.0,0.0,0.0
2021-11-19 21:00:00+00:00,20260126_001633_64609a82_StateSignal_SPY,0.0,0.0,1.0,1.0,0.0,0.0,0.0,-0.0
2021-11-22 21:00:00+00:00,20260126_001633_64609a82_StateSignal_SPY,0.0,0.0,1.0,1.0,0.0,0.0,0.0,-0.0
2021-11-23 21:00:00+00:00,20260126_001633_64609a82_StateSignal_SPY,0.0,0.0,1.0,1.0,0.0,0.0,0.0,0.0
2021-11-24 21:00:00+00:00,20260126_001633_64609a82_StateSignal_SPY,0.0,0.0,1.0,1.0,0.0,0.0,0.0,0.0
2021-11-26 21:00:00+00:00,20260126_001633_64609a82_StateSignal_SPY,0.0,0.0,1.0,1.0,0.0,0.0,0.0,-0.0
2021-11-29 21:00:00+00:00,20260126_001633_64609a82_StateSignal_SPY,0.0,0.0,1.0,1.0,0.0,0.0,0.0,0.0
2021-11-30 21:00:00+00:00,20260126_001633_64609a82_StateSignal_SPY,0.0,0.0,1.0,1.0,0.0,0.0,0.0,-0.0
2021-12-01 21:00:00+00:00,20260126_001633_64609a82_StateSignal_SPY,0.0,0.0,1.0,1.0,0.0,0.0,0.0,-0.0
2021-12-02 21:00:00+00:00,20260126_001633_64609a82_StateSignal_SPY,0.0,0.0,1.0,1.0,0.0,0.0,0.0,0.0
2021-12-03 21:00:00+00:00,20260126_001633_64609a82_StateSignal_SPY,0.0,0.0,1.0,1.0,0.0,0.0,0.0,-0.0
2021-12-06 21:00:00+00:00,20260126_001633_64609a82_StateSignal_SPY,0.0,0.0,1.0,1.0,0.0,0.0,0.0,0.0
2021-12-07 21:00:00+00:00,20260126_001633_64609a82_StateSignal_SPY,0.0,0.0,1.0,1.0,0.0,0.0,0.0,0.0
2021-12-08 21:00:00+00:00,20260126_001633_64609a82_StateSignal_SPY,0.0,0.0,1.0,1.0,0.0,0.0,0.0,0.0
2021-12-09 21:00:00+00:00,20260126_001633_64609a82_StateSignal_SPY,0.0,0.0,1.0,1.0,0.0,0.0,0.0,-0.0
2021-12-10 21:00:00+00:00,20260126_001633_64609a82_StateSignal_SPY,0.0,0.0,1.0,1.0,0.0,0.0,0.0,0.0
2021-12-13 21:00:00+00:00,20260126_001633_64609a82_StateSignal_SPY,0.0,0.0,1.0,1.0,0.0,0.0,0.0,-0.0
2021-12-14 21:00:00+00:00,20260126_001633_64609a82_StateSignal_SPY,0.0,0.0,1.0,1.0,0.0,0.0,0.0,-0.0
2021-12-15 21:00:00+00:00,20260126_001633_64609a82_StateSignal_SPY,0.0,0.0,1.0,1.0,0.0,0.0,0.0,0.0
2021-12-16 21:00:00+00:00,20260126_001633_64609a82_StateSignal_SPY,0.0,0.0,1.0,1.0,0.0,0.0,0.0,-0.0
2021-12-17 21:00:00+00:00,20260126_001633_64609a82_StateSignal_SPY,0.0,0.0,1.0,1.0,0.0,0.0,0.0,0.0
2021-12-20 21:00:00+00:00,20260126_001633_64609a82_StateSignal_SPY,0.0,0.0,1.0,1.0,0.0,0.0,0.0,0.0
2021-12-21 21:00:00+00:00,20260126_001633_64609a82_StateSignal_SPY,0.0,0.0,1.0,1.0,0.0,0.0,0.0,0.0
2021-12-22 21:00:00+00:00,20260126_001633_64609a82_StateSignal_SPY,0.0,0.0,1.0,1.0,0.0,0.0,0.0,0.0
2021-12-23 21:00:00+00:00,20260126_001633_64609a82_StateSignal_SPY,0.0,0.0,1.0,1.0,0.0,0.0,0.0,0.0
2021-12-27 21:00:00+00:00,20260126_001633_64609a82_StateSignal_SPY,0.0,0.0,1.0,1.0,0.0,0.0,0.0,0.0
2021-12-28 21:00:00+00:00,20260126_001633_64609a82_StateSignal_SPY,0.0,0.0,1.0,1.0,0.0,0.0,0.0,-0.0
2021-12-29 21:00:00+00:00,20260126_001633_64609a82_StateSignal_SPY,0.0,0.0,1.0,1.0,0.0,0.0,0.0,0.0
2021-12-30 21:00:00+00:00,20260126_001633_64609a82_StateSignal_SPY,0.0,0.0,1.0,1.0,0.0,0.0,0.0,-0.0
2021-12-31 21:00:00+00:00,20260126_001633_64609a82_StateSignal_SPY,0.0,0.0,1.0,1.0,0.0,0.0,0.0,-0.0
2022-01-03 21:00:00+00:00,20260126_001633_64609a82_StateSignal_SPY,0.0,0.0,1.0,1.0,0.0,0.0,0.0,0.0
2022-01-04 21:00:00+00:00,20260126_001633_64609a82_StateSignal_SPY,0.0,0.0,1.0,1.0,0.0,0.0,0.0,-0.0
2022-01-05 21:00:00+00:00,20260126_001633_64609a82_StateSignal_SPY,0.0,0.0,1.0,1.0,0.0,0.0,0.0,-0.0
2022-01-06 21:00:00+00:00,20260126_001633_64609a82_StateSignal_SPY,0.0,0.0,1.0,1.0,0.0,0.0,0.0,-0.0
2022-01-07 21:00:00+00:00,20260126_001633_64609a82_StateSignal_SPY,0.0,0.0,1.0,1.0,0.0,0.0,0.0,-0.0
2022-01-10 21:00:00+00:00,20260126_001633_64609a82_StateSignal_SPY,0.0,0.0,1.0,1.0,0.0,0.0,0.0,0.0
2022-01-11 21:00:00+00:00,20260126_001633_64609a82_StateSignal_SPY,0.0,0.0,1.0,1.0,0.0,0.0,0.0,0.0
2022-01-12 21:00:00+00:00,20260126_001633_64609a82_StateSignal_SPY,0.0,0.0,1.0,1.0,0.0,0.0,0.0,-0.0
2022-01-13 21:00:00+00:00,20260126_001633_64609a82_StateSignal_SPY,0.0,0.0,1.0,1.0,0.0,0.0,0.0,-0.0
2022-01-14 21:00:00+00:00,20260126_001633_64609a82_StateSignal_SPY,0.0,0.0,1.0,1.0,0.0,0.0,0.0,-0.0
2022-01-18 21:00:00+00:00,20260126_001633_64609a82_StateSignal_SPY,0.0,0.0,1.0,1.0,0.0,0.0,0.0,-0.0
2022-01-19 21:00:00+00:00,20260126_001633_64609a82_StateSignal_SPY,0.0,0.0,1.0,1.0,0.0,0.0,0.0,-0.0
2022-01-20 21:00:00+00:00,20260126_001633_64609a82_StateSignal_SPY,0.0,0.0,1.0,1.0,0.0,0.0,0.0,-0.0
2022-01-21 21:00:00+00:00,20260126_001633_64609a82_StateSignal_SPY,0.0,0.0,1.0,1.0,0.0,0.0,0.0,-0.0
2022-01-24 21:00:00+00:00,20260126_001633_64609a82_StateSignal_SPY,0.0,0.0,1.0,1.0,0.0,0.0,0.0,0.0
2022-01-25 21:00:00+00:00,20260126_001633_64609a82_StateSignal_SPY,0.0,0.0,1.0,1.0,0.0,0.0,0.0,0.0
2022-01-26 21:00:00+00:00,20260126_001633_64609a82_StateSignal_SPY,0.0,0.0,1.0,1.0,0.0,0.0,0.0,-0.0
2022-01-27 21:00:00+00:00,20260126_001633_64609a82_StateSignal_SPY,0.0,0.0,1.0,1.0,0.0,0.0,0.0,-0.0
2022-01-28 21:00:00+00:00,20260126_001633_64609a82_StateSignal_SPY,0.0,0.0,1.0,1.0,0.0,0.0,0.0,0.0
2022-01-31 21:00:00+00:00,20260126_001633_64609a82_StateSignal_SPY,0.0,0.0,1.0,1.0,0.0,0.0,0.0,0.0
2022-02-01 21:00:00+00:00,20260126_001633_64609a82_StateSignal_SPY,0.0,0.0,1.0,1.0,0.0,0.0,0.0,0.0
2022-02-02 21:00:00+00:00,20260126_001633_64609a82_StateSignal_SPY,0.0,0.0,1.0,1.0,0.0,0.0,0.0,0.0
2022-02-03 21:00:00+00:00,20260126_001633_64609a82_StateSignal_SPY,0.0,0.0,1.0,1.0,0.0,0.0,0.0,-0.0
2022-02-04 21:00:00+00:00,20260126_001633_64609a82_StateSignal_SPY,0.0,0.0,1.0,1.0,0.0,0.0,0.0,0.0
2022-02-07 21:00:00+00:00,20260126_001633_64609a82_StateSignal_SPY,0.0,0.0,1.0,1.0,0.0,0.0,0.0,-0.0
2022-02-08 21:00:00+00:00,20260126_001633_64609a82_StateSignal_SPY,0.0,0.0,1.0,1.0,0.0,0.0,0.0,0.0
2022-02-09 21:00:00+00:00,20260126_001633_64609a82_StateSignal_SPY,0.0,0.0,1.0,1.0,0.0,0.0,0.0,0.0
2022-02-10 21:00:00+00:00,20260126_001633_64609a82_StateSignal_SPY,0.0,0.0,1.0,1.0,0.0,0.0,0.0,-0.0
2022-02-11 21:00:00+00:00,20260126_001633_64609a82_StateSignal_SPY,0.0,0.0,1.0,1.0,0.0,0.0,0.0,-0.0
2022-02-14 21:00:00+00:00,20260126_001633_64609a82_StateSignal_SPY,0.0,0.0,1.0,1.0,0.0,0.0,0.0,-0.0
2022-02-15 21:00:00+00:00,20260126_001633_64609a82_StateSignal_SPY,0.0,0.0,1.0,1.0,0.0,0.0,0.0,0.0
2022-02-16 21:00:00+00:00,20260126_001633_64609a82_StateSignal_SPY,0.0,0.0,1.0,1.0,0.0,0.0,0.0,0.0
2022-02-17 21:00:00+00:00,20260126_001633_64609a82_StateSignal_SPY,0.0,0.0,1.0,1.0,0.0,0.0,0.0,-0.0
2022-02-18 21:00:00+00:00,20260126_001633_64609a82_StateSignal_SPY,0.0,0.0,1.0,1.0,0.0,0.0,0.0,-0.0
2022-02-22 21:00:00+00:00,20260126_001633_64609a82_StateSignal_SPY,0.0,0.0,1.0,1.0,0.0,0.0,0.0,-0.0
2022-02-23 21:00:00+00:00,20260126_001633_64609a82_StateSignal_SPY,0.0,0.0,1.0,1.0,0.0,0.0,0.0,-0.0
2022-02-24 21:00:00+00:00,20260126_001633_64609a82_StateSignal_SPY,0.0,0.0,1.0,1.0,0.0,0.0,0.0,0.0
2022-02-25 21:00:00+00:00,20260126_001633_64609a82_StateSignal_SPY,0.0,0.0,1.0,1.0,0.0,0.0,0.0,0.0
2022-02-28 21:00:00+00:00,20260126_001633_64609a82_StateSignal_SPY,0.0,0.0,1.0,1.0,0.0,0.0,0.0,0.0
2022-03-01 21:00:00+00:00,20260126_001633_64609a82_StateSignal_SPY,0.0,0.0,1.0,1.0,0.0,0.0,0.0,-0.0
2022-03-02 21:00:00+00:00,20260126_001633_64609a82_StateSignal_SPY,0.0,0.0,1.0,1.0,0.0,0.0,0.0,0.0
2022-03-03 21:00:00+00:00,20260126_001633_64609a82_StateSignal_SPY,0.0,0.0,1.0,1.0,0.0,0.0,0.0,-0.0
2022-03-04 21:00:00+00:00,20260126_001633_64609a82_StateSignal_SPY,0.0,0.0,1.0,1.0,0.0,0.0,0.0,0.0
2022-03-07 21:00:00+00:00,20260126_001633_64609a82_StateSignal_SPY,0.0,0.0,1.0,1.0,0.0,0.0,0.0,-0.0
2022-03-08 21:00:00+00:00,20260126_001633_64609a82_StateSignal_SPY,0.0,0.0,1.0,1.0,0.0,0.0,0.0,-0.0
2022-03-09 21:00:00+00:00,20260126_001633_64609a82_StateSignal_SPY,0.0,0.0,1.0,1.0,0.0,0.0,0.0,0.0
2022-03-10 21:00:00+00:00,20260126_001633_64609a82_StateSignal_SPY,0.0,0.0,1.0,1.0,0.0,0.0,0.0,0.0
2022-03-11 21:00:00+00:00,20260126_001633_64609a82_StateSignal_SPY,0.0,0.0,1.0,1.0,0.0,0.0,0.0,-0.0
2022-03-14 20:00:00+00:00,20260126_001633_64609a82_StateSignal_SPY,0.0,0.0,1.0,1.0,0.0,0.0,0.0,-0.0
2022-03-15 20:00:00+00:00,20260126_001633_64609a82_StateSignal_SPY,0.0,0.0,1.0,1.0,0.0,0.0,0.0,0.0
2022-03-16 20:00:00+00:00,20260126_001633_64609a82_StateSignal_SPY,0.0,0.0,1.0,1.0,0.0,0.0,0.0,0.0
2022-03-17 20:00:00+00:00,20260126_001633_64609a82_StateSignal_SPY,0.0,0.0,1.0,1.0,0.0,0.0,0.0,0.0
2022-03-18 20:00:00+00:00,20260126_001633_64609a82_StateSignal_SPY,0.0,0.0,1.0,1.0,0.0,0.0,0.0,0.0
2022-03-21 20:00:00+00:00,20260126_001633_64609a82_StateSignal_SPY,0.0,0.0,1.0,1.0,0.0,0.0,0.0,-0.0
2022-03-22 20:00:00+00:00,20260126_001633_64609a82_StateSignal_SPY,0.0,0.0,1.0,1.0,0.0,0.0,0.0,0.0
2022-03-23 20:00:00+00:00,20260126_001633_64609a82_StateSignal_SPY,0.0,0.0,1.0,1.0,0.0,0.0,0.0,-0.0
2022-03-24 20:00:00+00:00,20260126_001633_64609a82_StateSignal_SPY,0.0,0.0,1.0,1.0,0.0,0.0,0.0,0.0
2022-03-25 20:00:00+00:00,20260126_001633_64609a82_StateSignal_SPY,0.0,0.0,1.0,1.0,0.0,0.0,0.0,0.0
2022-03-28 20:00:00+00:00,20260126_001633_64609a82_StateSignal_SPY,0.0,0.0,1.0,1.0,0.0,0.0,0.0,0.0
2022-03-29 20:00:00+00:00,20260126_001633_64609a82_StateSignal_SPY,0.0,0.0,1.0,1.0,0.0,0.0,0.0,0.0
2022-03-30 20:00:00+00:00,20260126_001633_64609a82_StateSignal_SPY,0.0,0.0,1.0,1.0,0.0,0.0,0.0,-0.0
2022-03-31 20:00:00+00:00,20260126_001633_64609a82_StateSignal_SPY,0.0,0.0,1.0,1.0,0.0,0.0,0.0,-0.0
2022-04-01 20:00:00+00:00,20260126_001633_64609a82_StateSignal_SPY,0.0,0.0,1.0,1.0,0.0,0.0,0.0,0.0
2022-04-04 20:00:00+00:00,20260126_001633_64609a82_StateSignal_SPY,0.0,0.0,1.0,1.0,0.0,0.0,0.0,0.0
2022-04-05 20:00:00+00:00,20260126_001633_64609a82_StateSignal_SPY,0.0,0.0,1.0,1.0,0.0,0.0,0.0,-0.0
2022-04-06 20:00:00+00:00,20260126_001633_64609a82_StateSignal_SPY,0.0,0.0,1.0,1.0,0.0,0.0,0.0,0.0
2022-04-07 20:00:00+00:00,20260126_001633_64609a82_StateSignal_SPY,0.0,0.0,1.0,1.0,0.0,0.0,0.0,0.0
2022-04-08 20:00:00+00:00,20260126_001633_64609a82_StateSignal_SPY,0.0,0.0,1.0,1.0,0.0,0.0,0.0,-0.0
2022-04-11 20:00:00+00:00,20260126_001633_64609a82_StateSignal_SPY,0.0,0.0,1.0,1.0,0.0,0.0,0.0,-0.0
2022-04-12 20:00:00+00:00,20260126_001633_64609a82_StateSignal_SPY,0.0,0.0,1.0,1.0,0.0,0.0,0.0,-0.0
2022-04-13 20:00:00+00:00,20260126_001633_64609a82_StateSignal_SPY,0.0,0.0,1.0,1.0,0.0,0.0,0.0,0.0
2022-04-14 20:00:00+00:00,20260126_001633_64609a82_StateSignal_SPY,0.0,0.0,1.0,1.0,0.0,0.0,0.0,-0.0
2022-04-18 20:00:00+00:00,20260126_001633_64609a82_StateSignal_SPY,0.0,0.0,1.0,1.0,0.0,0.0,0.0,-0.0
2022-04-19 20:00:00+00:00,20260126_001633_64609a82_StateSignal_SPY,0.0,0.0,1.0,1.0,0.0,0.0,0.0,0.0
2022-04-20 20:00:00+00:00,20260126_001633_64609a82_StateSignal_SPY,0.0,0.0,1.0,1.0,0.0,0.0,0.0,-0.0
2022-04-21 20:00:00+00:00,20260126_001633_64609a82_StateSignal_SPY,0.0,0.0,1.0,1.0,0.0,0.0,0.0,-0.0
2022-04-22 20:00:00+00:00,20260126_001633_64609a82_StateSignal_SPY,0.0,0.0,1.0,1.0,0.0,0.0,0.0,-0.0
2022-04-25 20:00:00+00:00,20260126_001633_64609a82_StateSignal_SPY,0.0,0.0,1.0,1.0,0.0,0.0,0.0,0.0
2022-04-26 20:00:00+00:00,20260126_001633_64609a82_StateSignal_SPY,0.0,0.0,1.0,1.0,0.0,0.0,0.0,-0.0
2022-04-27 20:00:00+00:00,20260126_001633_64609a82_StateSignal_SPY,0.0,0.0,1.0,1.0,0.0,0.0,0.0,-0.0
2022-04-28 20:00:00+00:00,20260126_001633_64609a82_StateSignal_SPY,0.0,0.0,1.0,1.0,0.0,0.0,0.0,0.0
2022-04-29 20:00:00+00:00,20260126_001633_64609a82_StateSignal_SPY,0.0,0.0,1.0,1.0,0.0,0.0,0.0,-0.0
2022-05-02 20:00:00+00:00,20260126_001633_64609a82_StateSignal_SPY,0.0,0.0,1.0,1.0,0.0,0.0,0.0,0.0
2022-05-03 20:00:00+00:00,20260126_001633_64609a82_StateSignal_SPY,0.0,0.0,1.0,1.0,0.0,0.0,0.0,0.0
2022-05-04 20:00:00+00:00,20260126_001633_64609a82_StateSignal_SPY,0.0,0.0,1.0,1.0,0.0,0.0,0.0,0.0
2022-05-05 20:00:00+00:00,20260126_001633_64609a82_StateSignal_SPY,0.0,0.0,1.0,1.0,0.0,0.0,0.0,-0.0
2022-05-06 20:00:00+00:00,20260126_001633_64609a82_StateSignal_SPY,0.0,0.0,1.0,1.0,0.0,0.0,0.0,0.0
2022-05-09 20:00:00+00:00,20260126_001633_64609a82_StateSignal_SPY,0.0,0.0,1.0,1.0,0.0,0.0,0.0,-0.0
2022-05-10 20:00:00+00:00,20260126_001633_64609a82_StateSignal_SPY,0.0,0.0,1.0,1.0,0.0,0.0,0.0,-0.0
2022-05-11 20:00:00+00:00,20260126_001633_64609a82_StateSignal_SPY,0.0,0.0,1.0,1.0,0.0,0.0,0.0,-0.0
2022-05-12 20:00:00+00:00,20260126_001633_64609a82_StateSignal_SPY,0.0,0.0,1.0,1.0,0.0,0.0,0.0,0.0
2022-05-13 20:00:00+00:00,20260126_001633_64609a82_StateSignal_SPY,0.0,0.0,1.0,1.0,0.0,0.0,0.0,0.0
2022-05-16 20:00:00+00:00,20260126_001633_64609a82_StateSignal_SPY,0.0,0.0,1.0,1.0,0.0,0.0,0.0,0.0
2022-05-17 20:00:00+00:00,20260126_001633_64609a82_StateSignal_SPY,0.0,0.0,1.0,1.0,0.0,0.0,0.0,0.0
2022-05-18 20:00:00+00:00,20260126_001633_64609a82_StateSignal_SPY,0.0,0.0,1.0,1.0,0.0,0.0,0.0,-0.0
2022-05-19 20:00:00+00:00,20260126_001633_64609a82_StateSignal_SPY,0.0,0.0,1.0,1.0,0.0,0.0,0.0,0.0
2022-05-20 20:00:00+00:00,20260126_001633_64609a82_StateSignal_SPY,0.0,0.0,1.0,1.0,0.0,0.0,0.0,-0.0
2022-05-23 20:00:00+00:00,20260126_001633_64609a82_StateSignal_SPY,0.0,0.0,1.0,1.0,0.0,0.0,0.0,0.0
2022-05-24 20:00:00+00:00,20260126_001633_64609a82_StateSignal_SPY,0.0,0.0,1.0,1.0,0.0,0.0,0.0,0.0
2022-05-25 20:00:00+00:00,20260126_001633_64609a82_StateSignal_SPY,0.0,0.0,1.0,1.0,0.0,0.0,0.0,0.0
2022-05-26 20:00:00+00:00,20260126_001633_64609a82_StateSignal_SPY,0.0,0.0,1.0,1.0,0.0,0.0,0.0,0.0
2022-05-27 20:00:00+00:00,20260126_001633_64609a82_StateSignal_SPY,0.0,0.0,1.0,1.0,0.0,0.0,0.0,0.0
2022-05-31 20:00:00+00:00,20260126_001633_64609a82_StateSignal_SPY,0.0,0.0,1.0,1.0,0.0,0.0,0.0,0.0
2022-06-01 20:00:00+00:00,20260126_001633_64609a82_StateSignal_SPY,0.0,0.0,1.0,1.0,0.0,0.0,0.0,-0.0
2022-06-02 20:00:00+00:00,20260126_001633_64609a82_StateSignal_SPY,0.0,0.0,1.0,1.0,0.0,0.0,0.0,0.0
2022-06-03 20:00:00+00:00,20260126_001633_64609a82_StateSignal_SPY,0.0,0.0,1.0,1.0,0.0,0.0,0.0,-0.0
2022-06-06 20:00:00+00:00,20260126_001633_64609a82_StateSignal_SPY,0.0,0.0,1.0,1.0,0.0,0.0,0.0,-0.0
2022-06-07 20:00:00+00:00,20260126_001633_64609a82_StateSignal_SPY,0.0,0.0,1.0,1.0,0.0,0.0,0.0,0.0
2022-06-08 20:00:00+00:00,20260126_001633_64609a82_StateSignal_SPY,0.0,0.0,1.0,1.0,0.0,0.0,0.0,-0.0
2022-06-09 20:00:00+00:00,20260126_001633_64609a82_StateSignal_SPY,0.0,0.0,1.0,1.0,0.0,0.0,0.0,-0.0
2022-06-10 20:00:00+00:00,20260126_001633_64609a82_StateSignal_SPY,0.0,0.0,1.0,1.0,0.0,0.0,0.0,-0.0
2022-06-13 20:00:00+00:00,20260126_001633_64609a82_StateSignal_SPY,0.0,0.0,1.0,1.0,0.0,0.0,0.0,-0.0
2022-06-14 20:00:00+00:00,20260126_001633_64609a82_StateSignal_SPY,0.0,0.0,1.0,1.0,0.0,0.0,0.0,-0.0
2022-06-15 20:00:00+00:00,20260126_001633_64609a82_StateSignal_SPY,0.0,0.0,1.0,1.0,0.0,0.0,0.0,0.0
2022-06-16 20:00:00+00:00,20260126_001633_64609a82_StateSignal_SPY,0.0,0.0,1.0,1.0,0.0,0.0,0.0,-0.0
2022-06-17 20:00:00+00:00,20260126_001633_64609a82_StateSignal_SPY,0.0,0.0,1.0,1.0,0.0,0.0,0.0,-0.0
2022-06-21 20:00:00+00:00,20260126_001633_64609a82_StateSignal_SPY,0.0,0.0,1.0,1.0,0.0,0.0,0.0,0.0
2022-06-22 20:00:00+00:00,20260126_001633_64609a82_StateSignal_SPY,0.0,0.0,1.0,1.0,0.0,0.0,0.0,0.0
2022-06-23 20:00:00+00:00,20260126_001633_64609a82_StateSignal_SPY,0.0,0.0,1.0,1.0,0.0,0.0,0.0,0.0
2022-06-24 20:00:00+00:00,20260126_001633_64609a82_StateSignal_SPY,0.0,0.0,1.0,1.0,0.0,0.0,0.0,0.0
2022-06-27 20:00:00+00:00,20260126_001633_64609a82_StateSignal_SPY,0.0,0.0,1.0,1.0,0.0,0.0,0.0,0.0
2022-06-28 20:00:00+00:00,20260126_001633_64609a82_StateSignal_SPY,0.0,0.0,1.0,1.0,0.0,0.0,0.0,-0.0
2022-06-29 20:00:00+00:00,20260126_001633_64609a82_StateSignal_SPY,0.0,0.0,1.0,1.0,0.0,0.0,0.0,0.0
2022-06-30 20:00:00+00:00,20260126_001633_64609a82_StateSignal_SPY,0.0,0.0,1.0,1.0,0.0,0.0,0.0,0.0
2022-07-01 20:00:00+00:00,20260126_001633_64609a82_StateSignal_SPY,0.0,0.0,1.0,1.0,0.0,0.0,0.0,0.0
2022-07-05 20:00:00+00:00,20260126_001633_64609a82_StateSignal_SPY,0.0,0.0,1.0,1.0,0.0,0.0,0.0,0.0
2022-07-06 20:00:00+00:00,20260126_001633_64609a82_StateSignal_SPY,0.0,0.0,1.0,1.0,0.0,0.0,0.0,0.0
2022-07-07 20:00:00+00:00,20260126_001633_64609a82_StateSignal_SPY,0.0,0.0,1.0,1.0,0.0,0.0,0.0,0.0
2022-07-08 20:00:00+00:00,20260126_001633_64609a82_StateSignal_SPY,0.0,0.0,1.0,1.0,0.0,0.0,0.0,0.0
2022-07-11 20:00:00+00:00,20260126_001633_64609a82_StateSignal_SPY,0.0,0.0,1.0,1.0,0.0,0.0,0.0,-0.0
2022-07-12 20:00:00+00:00,20260126_001633_64609a82_StateSignal_SPY,0.0,0.0,1.0,1.0,0.0,0.0,0.0,-0.0
2022-07-13 20:00:00+00:00,20260126_001633_64609a82_StateSignal_SPY,0.0,0.0,1.0,1.0,0.0,0.0,0.0,0.0
2022-07-14 20:00:00+00:00,20260126_001633_64609a82_StateSignal_SPY,0.0,0.0,1.0,1.0,0.0,0.0,0.0,0.0
2022-07-15 20:00:00+00:00,20260126_001633_64609a82_StateSignal_SPY,0.0,0.0,1.0,1.0,0.0,0.0,0.0,0.0
2022-07-18 20:00:00+00:00,20260126_001633_64609a82_StateSignal_SPY,0.0,0.0,1.0,1.0,0.0,0.0,0.0,-0.0
2022-07-19 20:00:00+00:00,20260126_001633_64609a82_StateSignal_SPY,0.0,0.0,1.0,1.0,0.0,0.0,0.0,0.0
2022-07-20 20:00:00+00:00,20260126_001633_64609a82_StateSignal_SPY,0.0,0.0,1.0,1.0,0.0,0.0,0.0,0.0
2022-07-21 20:00:00+00:00,20260126_001633_64609a82_StateSignal_SPY,0.0,0.0,1.0,1.0,0.0,0.0,0.0,0.0
2022-07-22 20:00:00+00:00,20260126_001633_64609a82_StateSignal_SPY,0.0,0.0,1.0,1.0,0.0,0.0,0.0,-0.0
2022-07-25 20:00:00+00:00,20260126_001633_64609a82_StateSignal_SPY,0.0,0.0,1.0,1.0,0.0,0.0,0.0,0.0
2022-07-26 20:00:00+00:00,20260126_001633_64609a82_StateSignal_SPY,0.0,0.0,1.0,1.0,0.0,0.0,0.0,-0.0
2022-07-27 20:00:00+00:00,20260126_001633_64609a82_StateSignal_SPY,0.0,0.0,1.0,1.0,0.0,0.0,0.0,0.0
2022-07-28 20:00:00+00:00,20260126_001633_64609a82_StateSignal_SPY,0.0,0.0,1.0,1.0,0.0,0.0,0.0,0.0
2022-07-29 20:00:00+00:00,20260126_001633_64609a82_StateSignal_SPY,0.0,0.0,1.0,1.0,0.0,0.0,0.0,0.0
2022-08-01 20:00:00+00:00,20260126_001633_64609a82_StateSignal_SPY,0.0,0.0,1.0,1.0,0.0,0.0,0.0,0.0
2022-08-02 20:00:00+00:00,20260126_001633_64609a82_StateSignal_SPY,0.0,0.0,1.0,1.0,0.0,0.0,0.0,-0.0
2022-08-03 20:00:00+00:00,20260126_001633_64609a82_StateSignal_SPY,0.0,0.0,1.0,1.0,0.0,0.0,0.0,0.0
2022-08-04 20:00:00+00:00,20260126_001633_64609a82_StateSignal_SPY,0.0,0.0,1.0,1.0,0.0,0.0,0.0,-0.0
2022-08-05 20:00:00+00:00,20260126_001633_64609a82_StateSignal_SPY,0.0,0.0,1.0,1.0,0.0,0.0,0.0,-0.0
2022-08-08 20:00:00+00:00,20260126_001633_64609a82_StateSignal_SPY,0.0,0.0,1.0,1.0,0.0,0.0,0.0,-0.0
2022-08-09 20:00:00+00:00,20260126_001633_64609a82_StateSignal_SPY,0.0,0.0,1.0,1.0,0.0,0.0,0.0,-0.0
2022-08-10 20:00:00+00:00,20260126_001633_64609a82_StateSignal_SPY,0.0,0.0,1.0,1.0,0.0,0.0,0.0,0.0
2022-08-11 20:00:00+00:00,20260126_001633_64609a82_StateSignal_SPY,0.0,0.0,1.0,1.0,0.0,0.0,0.0,-0.0
2022-08-12 20:00:00+00:00,20260126_001633_64609a82_StateSignal_SPY,0.0,0.0,1.0,1.0,0.0,0.0,0.0,0.0
2022-08-15 20:00:00+00:00,20260126_001633_64609a82_StateSignal_SPY,0.0,0.0,1.0,1.0,0.0,0.0,0.0,0.0
2022-08-16 20:00:00+00:00,20260126_001633_64609a82_StateSignal_SPY,0.0,0.0,1.0,1.0,0.0,0.0,0.0,0.0
2022-08-17 20:00:00+00:00,20260126_001633_64609a82_StateSignal_SPY,0.0,0.0,1.0,1.0,0.0,0.0,0.0,0.0
2022-08-18 20:00:00+00:00,20260126_001633_64609a82_StateSignal_SPY,0.0,0.0,1.0,1.0,0.0,0.0,0.0,0.0
2022-08-19 20:00:00+00:00,20260126_001633_64609a82_StateSignal_SPY,0.0,0.0,1.0,1.0,0.0,0.0,0.0,-0.0
2022-08-22 20:00:00+00:00,20260126_001633_64609a82_StateSignal_SPY,0.0,0.0,1.0,1.0,0.0,0.0,0.0,-0.0
2022-08-23 20:00:00+00:00,20260126_001633_64609a82_StateSignal_SPY,0.0,0.0,1.0,1.0,0.0,0.0,0.0,-0.0
2022-08-24 20:00:00+00:00,20260126_001633_64609a82_StateSignal_SPY,0.0,0.0,1.0,1.0,0.0,0.0,0.0,0.0
2022-08-25 20:00:00+00:00,20260126_001633_64609a82_StateSignal_SPY,0.0,0.0,1.0,1.0,0.0,0.0,0.0,0.0
2022-08-26 20:00:00+00:00,20260126_001633_64609a82_StateSignal_SPY,0.0,0.0,1.0,1.0,0.0,0.0,0.0,-0.0
2022-08-29 20:00:00+00:00,20260126_001633_64609a82_StateSignal_SPY,0.0,0.0,1.0,1.0,0.0,0.0,0.0,-0.0
2022-08-30 20:00:00+00:00,20260126_001633_64609a82_StateSignal_SPY,0.0,0.0,1.0,1.0,0.0,0.0,0.0,-0.0
2022-08-31 20:00:00+00:00,20260126_001633_64609a82_StateSignal_SPY,0.0,0.0,1.0,1.0,0.0,0.0,0.0,-0.0
2022-09-01 20:00:00+00:00,20260126_001633_64609a82_StateSignal_SPY,0.0,0.0,1.0,1.0,0.0,0.0,0.0,0.0
2022-09-02 20:00:00+00:00,20260126_001633_64609a82_StateSignal_SPY,0.0,0.0,1.0,1.0,0.0,0.0,0.0,-0.0
2022-09-06 20:00:00+00:00,20260126_001633_64609a82_StateSignal_SPY,0.0,0.0,1.0,1.0,0.0,0.0,0.0,-0.0
2022-09-07 20:00:00+00:00,20260126_001633_64609a82_StateSignal_SPY,0.0,0.0,1.0,1.0,0.0,0.0,0.0,0.0
2022-09-08 20:00:00+00:00,20260126_001633_64609a82_StateSignal_SPY,0.0,0.0,1.0,1.0,0.0,0.0,0.0,0.0
2022-09-09 20:00:00+00:00,20260126_001633_64609a82_StateSignal_SPY,0.0,0.0,1.0,1.0,0.0,0.0,0.0,0.0
2022-09-12 20:00:00+00:00,20260126_001633_64609a82_StateSignal_SPY,0.0,0.0,1.0,1.0,0.0,0.0,0.0,0.0
2022-09-13 20:00:00+00:00,20260126_001633_64609a82_StateSignal_SPY,0.0,0.0,1.0,1.0,0.0,0.0,0.0,-0.0
2022-09-14 20:00:00+00:00,20260126_001633_64609a82_StateSignal_SPY,0.0,0.0,1.0,1.0,0.0,0.0,0.0,-0.0
2022-09-15 20:00:00+00:00,20260126_001633_64609a82_StateSignal_SPY,0.0,0.0,1.0,1.0,0.0,0.0,0.0,-0.0
2022-09-16 20:00:00+00:00,20260126_001633_64609a82_StateSignal_SPY,0.0,0.0,1.0,1.0,0.0,0.0,0.0,0.0
2022-09-19 20:00:00+00:00,20260126_001633_64609a82_StateSignal_SPY,0.0,0.0,1.0,1.0,0.0,0.0,0.0,0.0
2022-09-20 20:00:00+00:00,20260126_001633_64609a82_StateSignal_SPY,0.0,0.0,1.0,1.0,0.0,0.0,0.0,0.0
2022-09-21 20:00:00+00:00,20260126_001633_64609a82_StateSignal_SPY,0.0,0.0,1.0,1.0,0.0,0.0,0.0,-0.0
2022-09-22 20:00:00+00:00,20260126_001633_64609a82_StateSignal_SPY,0.0,0.0,1.0,1.0,0.0,0.0,0.0,-0.0
2022-09-23 20:00:00+00:00,20260126_001633_64609a82_StateSignal_SPY,0.0,0.0,1.0,1.0,0.0,0.0,0.0,-0.0
2022-09-26 20:00:00+00:00,20260126_001633_64609a82_StateSignal_SPY,0.0,0.0,1.0,1.0,0.0,0.0,0.0,-0.0
2022-09-27 20:00:00+00:00,20260126_001633_64609a82_StateSignal_SPY,0.0,0.0,1.0,1.0,0.0,0.0,0.0,-0.0
2022-09-28 20:00:00+00:00,20260126_001633_64609a82_StateSignal_SPY,0.0,0.0,1.0,1.0,0.0,0.0,0.0,0.0
2022-09-29 20:00:00+00:00,20260126_001633_64609a82_StateSignal_SPY,0.0,0.0,1.0,1.0,0.0,0.0,0.0,-0.0
2022-09-30 20:00:00+00:00,20260126_001633_64609a82_StateSignal_SPY,0.0,0.0,1.0,1.0,0.0,0.0,0.0,-0.0
2022-10-03 20:00:00+00:00,20260126_001633_64609a82_StateSignal_SPY,0.0,0.0,1.0,1.0,0.0,0.0,0.0,0.0
2022-10-04 20:00:00+00:00,20260126_001633_64609a82_StateSignal_SPY,0.0,0.0,1.0,1.0,0.0,0.0,0.0,0.0
2022-10-05 20:00:00+00:00,20260126_001633_64609a82_StateSignal_SPY,0.0,0.0,1.0,1.0,0.0,0.0,0.0,0.0
2022-10-06 20:00:00+00:00,20260126_001633_64609a82_StateSignal_SPY,0.0,0.0,1.0,1.0,0.0,0.0,0.0,-0.0
2022-10-07 20:00:00+00:00,20260126_001633_64609a82_StateSignal_SPY,0.0,0.0,1.0,1.0,0.0,0.0,0.0,-0.0
2022-10-10 20:00:00+00:00,20260126_001633_64609a82_StateSignal_SPY,0.0,0.0,1.0,1.0,0.0,0.0,0.0,-0.0
2022-10-11 20:00:00+00:00,20260126_001633_64609a82_StateSignal_SPY,0.0,0.0,1.0,1.0,0.0,0.0,0.0,0.0
2022-10-12 20:00:00+00:00,20260126_001633_64609a82_StateSignal_SPY,0.0,0.0,1.0,1.0,0.0,0.0,0.0,-0.0
2022-10-13 20:00:00+00:00,20260126_001633_64609a82_StateSignal_SPY,0.0,0.0,1.0,1.0,0.0,0.0,0.0,0.0
2022-10-14 20:00:00+00:00,20260126_001633_64609a82_StateSignal_SPY,0.0,0.0,1.0,1.0,0.0,0.0,0.0,-0.0
2022-10-17 20:00:00+00:00,20260126_001633_64609a82_StateSignal_SPY,0.0,0.0,1.0,1.0,0.0,0.0,0.0,0.0
2022-10-18 20:00:00+00:00,20260126_001633_64609a82_StateSignal_SPY,0.0,0.0,1.0,1.0,0.0,0.0,0.0,-0.0
2022-10-19 20:00:00+00:00,20260126_001633_64609a82_StateSignal_SPY,0.0,0.0,1.0,1.0,0.0,0.0,0.0,-0.0
2022-10-20 20:00:00+00:00,20260126_001633_64609a82_StateSignal_SPY,0.0,0.0,1.0,1.0,0.0,0.0,0.0,-0.0
2022-10-21 20:00:00+00:00,20260126_001633_64609a82_StateSignal_SPY,0.0,0.0,1.0,1.0,0.0,0.0,0.0,0.0
2022-10-24 20:00:00+00:00,20260126_001633_64609a82_StateSignal_SPY,0.0,0.0,1.0,1.0,0.0,0.0,0.0,0.0
2022-10-25 20:00:00+00:00,20260126_001633_64609a82_StateSignal_SPY,0.0,0.0,1.0,1.0,0.0,0.0,0.0,0.0
2022-10-26 20:00:00+00:00,20260126_001633_64609a82_StateSignal_SPY,0.0,0.0,1.0,1.0,0.0,0.0,0.0,0.0
2022-10-27 20:00:00+00:00,20260126_001633_64609a82_StateSignal_SPY,0.0,0.0,1.0,1.0,0.0,0.0,0.0,-0.0
2022-10-28 20:00:00+00:00,20260126_001633_64609a82_StateSignal_SPY,0.0,0.0,1.0,1.0,0.0,0.0,0.0,0.0
2022-10-31 20:00:00+00:00,20260126_001633_64609a82_StateSignal_SPY,0.0,0.0,1.0,1.0,0.0,0.0,0.0,-0.0
2022-11-01 20:00:00+00:00,20260126_001633_64609a82_StateSignal_SPY,0.0,0.0,1.0,1.0,0.0,0.0,0.0,-0.0
2022-11-02 20:00:00+00:00,20260126_001633_64609a82_StateSignal_SPY,0.0,0.0,1.0,1.0,0.0,0.0,0.0,-0.0
2022-11-03 20:00:00+00:00,20260126_001633_64609a82_StateSignal_SPY,0.0,0.0,1.0,1.0,0.0,0.0,0.0,-0.0
2022-11-04 20:00:00+00:00,20260126_001633_64609a82_StateSignal_SPY,0.0,0.0,1.0,1.0,0.0,0.0,0.0,0.0
2022-11-07 21:00:00+00:00,20260126_001633_64609a82_StateSignal_SPY,0.0,0.0,1.0,1.0,0.0,0.0,0.0,0.0
2022-11-08 21:00:00+00:00,20260126_001633_64609a82_StateSignal_SPY,0.0,0.0,1.0,1.0,0.0,0.0,0.0,0.0
2022-11-09 21:00:00+00:00,20260126_001633_64609a82_StateSignal_SPY,0.0,0.0,1.0,1.0,0.0,0.0,0.0,-0.0
2022-11-10 21:00:00+00:00,20260126_001633_64609a82_StateSignal_SPY,0.0,0.0,1.0,1.0,0.0,0.0,0.0,0.0
2022-11-11 21:00:00+00:00,20260126_001633_64609a82_StateSignal_SPY,0.0,0.0,1.0,1.0,0.0,0.0,0.0,0.0
2022-11-14 21:00:00+00:00,20260126_001633_64609a82_StateSignal_SPY,0.0,0.0,1.0,1.0,0.0,0.0,0.0,-0.0
2022-11-15 21:00:00+00:00,20260126_001633_64609a82_StateSignal_SPY,0.0,0.0,1.0,1.0,0.0,0.0,0.0,-0.0
2022-11-16 21:00:00+00:00,20260126_001633_64609a82_StateSignal_SPY,0.0,0.0,1.0,1.0,0.0,0.0,0.0,-0.0
2022-11-17 21:00:00+00:00,20260126_001633_64609a82_StateSignal_SPY,0.0,0.0,1.0,1.0,0.0,0.0,0.0,0.0
2022-11-18 21:00:00+00:00,20260126_001633_64609a82_StateSignal_SPY,0.0,0.0,1.0,1.0,0.0,0.0,0.0,0.0
2022-11-21 21:00:00+00:00,20260126_001633_64609a82_StateSignal_SPY,0.0,0.0,1.0,1.0,0.0,0.0,0.0,-0.0
2022-11-22 21:00:00+00:00,20260126_001633_64609a82_StateSignal_SPY,0.0,0.0,1.0,1.0,0.0,0.0,0.0,0.0
2022-11-23 21:00:00+00:00,20260126_001633_64609a82_StateSignal_SPY,0.0,0.0,1.0,1.0,0.0,0.0,0.0,0.0
2022-11-25 21:00:00+00:00,20260126_001633_64609a82_StateSignal_SPY,0.0,0.0,1.0,1.0,0.0,0.0,0.0,0.0
2022-11-28 21:00:00+00:00,20260126_001633_64609a82_StateSignal_SPY,0.0,0.0,1.0,1.0,0.0,0.0,0.0,-0.0
2022-11-29 21:00:00+00:00,20260126_001633_64609a82_StateSignal_SPY,0.0,0.0,1.0,1.0,0.0,0.0,0.0,-0.0
2022-11-30 21:00:00+00:00,20260126_001633_64609a82_StateSignal_SPY,0.0,0.0,1.0,1.0,0.0,0.0,0.0,0.0
2022-12-01 21:00:00+00:00,20260126_001633_64609a82_StateSignal_SPY,0.0,0.0,1.0,1.0,0.0,0.0,0.0,-0.0
2022-12-02 21:00:00+00:00,20260126_001633_64609a82_StateSignal_SPY,0.0,0.0,1.0,1.0,0.0,0.0,0.0,0.0
2022-12-05 21:00:00+00:00,20260126_001633_64609a82_StateSignal_SPY,0.0,0.0,1.0,1.0,0.0,0.0,0.0,-0.0
2022-12-06 21:00:00+00:00,20260126_001633_64609a82_StateSignal_SPY,0.0,0.0,1.0,1.0,0.0,0.0,0.0,-0.0
2022-12-07 21:00:00+00:00,20260126_001633_64609a82_StateSignal_SPY,0.0,0.0,1.0,1.0,0.0,0.0,0.0,-0.0
2022-12-08 21:00:00+00:00,20260126_001633_64609a82_StateSignal_SPY,0.0,0.0,1.0,1.0,0.0,0.0,0.0,0.0
2022-12-09 21:00:00+00:00,20260126_001633_64609a82_StateSignal_SPY,0.0,0.0,1.0,1.0,0.0,0.0,0.0,-0.0
2022-12-12 21:00:00+00:00,20260126_001633_64609a82_StateSignal_SPY,0.0,0.0,1.0,1.0,0.0,0.0,0.0,0.0
2022-12-13 21:00:00+00:00,20260126_001633_64609a82_StateSignal_SPY,0.0,0.0,1.0,1.0,0.0,0.0,0.0,-0.0
2022-12-14 21:00:00+00:00,20260126_001633_64609a82_StateSignal_SPY,0.0,0.0,1.0,1.0,0.0,0.0,0.0,-0.0
2022-12-15 21:00:00+00:00,20260126_001633_64609a82_StateSignal_SPY,0.0,0.0,1.0,1.0,0.0,0.0,0.0,-0.0
2022-12-16 21:00:00+00:00,20260126_001633_64609a82_StateSignal_SPY,0.0,0.0,1.0,1.0,0.0,0.0,0.0,-0.0
2022-12-19 21:00:00+00:00,20260126_001633_64609a82_StateSignal_SPY,0.0,0.0,1.0,1.0,0.0,0.0,0.0,-0.0
2022-12-20 21:00:00+00:00,20260126_001633_64609a82_StateSignal_SPY,0.0,0.0,1.0,1.0,0.0,0.0,0.0,0.0
2022-12-21 21:00:00+00:00,20260126_001633_64609a82_StateSignal_SPY,0.0,0.0,1.0,1.0,0.0,0.0,0.0,0.0
2022-12-22 21:00:00+00:00,20260126_001633_64609a82_StateSignal_SPY,0.0,0.0,1.0,1.0,0.0,0.0,0.0,-0.0
2022-12-23 21:00:00+00:00,20260126_001633_64609a82_StateSignal_SPY,0.0,0.0,1.0,1.0,0.0,0.0,0.0,0.0
2022-12-27 21:00:00+00:00,20260126_001633_64609a82_StateSignal_SPY,0.0,0.0,1.0,1.0,0.0,0.0,0.0,-0.0
2022-12-28 21:00:00+00:00,20260126_001633_64609a82_StateSignal_SPY,0.0,0.0,1.0,1.0,0.0,0.0,0.0,-0.0
2022-12-29 21:00:00+00:00,20260126_001633_64609a82_StateSignal_SPY,0.0,0.0,1.0,1.0,0.0,0.0,0.0,0.0
2022-12-30 21:00:00+00:00,20260126_001633_64609a82_StateSignal_SPY,0.0,0.0,1.0,1.0,0.0,0.0,0.0,0.0
2023-01-03 21:00:00+00:00,20260126_001633_64609a82_StateSignal_SPY,0.0,0.0,1.0,1.0,0.0,0.0,0.0,-0.0
2023-01-04 21:00:00+00:00,20260126_001633_64609a82_StateSignal_SPY,0.0,0.0,1.0,1.0,0.0,0.0,0.0,0.0
2023-01-05 21:00:00+00:00,20260126_001633_64609a82_StateSignal_SPY,0.0,0.0,1.0,1.0,0.0,0.0,0.0,-0.0
2023-01-06 21:00:00+00:00,20260126_001633_64609a82_StateSignal_SPY,0.0,0.0,1.0,1.0,0.0,0.0,0.0,0.0
2023-01-09 21:00:00+00:00,20260126_001633_64609a82_StateSignal_SPY,0.0,0.0,1.0,1.0,0.0,0.0,0.0,-0.0
2023-01-10 21:00:00+00:00,20260126_001633_64609a82_StateSignal_SPY,0.0,0.0,1.0,1.0,0.0,0.0,0.0,0.0
2023-01-11 21:00:00+00:00,20260126_001633_64609a82_StateSignal_SPY,0.0,0.0,1.0,1.0,0.0,0.0,0.0,0.0
2023-01-12 21:00:00+00:00,20260126_001633_64609a82_StateSignal_SPY,0.0,0.0,1.0,1.0,0.0,0.0,0.0,0.0
2023-01-13 21:00:00+00:00,20260126_001633_64609a82_StateSignal_SPY,0.0,0.0,1.0,1.0,0.0,0.0,0.0,0.0
2023-01-17 21:00:00+00:00,20260126_001633_64609a82_StateSignal_SPY,0.0,0.0,1.0,1.0,0.0,0.0,0.0,-0.0
2023-01-18 21:00:00+00:00,20260126_001633_64609a82_StateSignal_SPY,0.0,0.0,1.0,1.0,0.0,0.0,0.0,-0.0
2023-01-19 21:00:00+00:00,20260126_001633_64609a82_StateSignal_SPY,0.0,0.0,1.0,1.0,0.0,0.0,0.0,-0.0
2023-01-20 21:00:00+00:00,20260126_001633_64609a82_StateSignal_SPY,0.0,0.0,1.0,1.0,0.0,0.0,0.0,0.0
2023-01-23 21:00:00+00:00,20260126_001633_64609a82_StateSignal_SPY,0.0,0.0,1.0,1.0,0.0,0.0,0.0,0.0
2023-01-24 21:00:00+00:00,20260126_001633_64609a82_StateSignal_SPY,0.0,0.0,1.0,1.0,0.0,0.0,0.0,0.0
2023-01-25 21:00:00+00:00,20260126_001633_64609a82_StateSignal_SPY,0.0,0.0,1.0,1.0,0.0,0.0,0.0,0.0
2023-01-26 21:00:00+00:00,20260126_001633_64609a82_StateSignal_SPY,0.0,0.0,1.0,1.0,0.0,0.0,0.0,0.0
2023-01-27 21:00:00+00:00,20260126_001633_64609a82_StateSignal_SPY,0.0,0.0,1.0,1.0,0.0,0.0,0.0,0.0
2023-01-30 21:00:00+00:00,20260126_001633_64609a82_StateSignal_SPY,0.0,0.0,1.0,1.0,0.0,0.0,0.0,-0.0
2023-01-31 21:00:00+00:00,20260126_001633_64609a82_StateSignal_SPY,0.0,0.0,1.0,1.0,0.0,0.0,0.0,0.0
2023-02-01 21:00:00+00:00,20260126_001633_64609a82_StateSignal_SPY,0.0,0.0,1.0,1.0,0.0,0.0,0.0,0.0
2023-02-02 21:00:00+00:00,20260126_001633_64609a82_StateSignal_SPY,0.0,0.0,1.0,1.0,0.0,0.0,0.0,0.0
2023-02-03 21:00:00+00:00,20260126_001633_64609a82_StateSignal_SPY,0.0,0.0,1.0,1.0,0.0,0.0,0.0,-0.0
2023-02-06 21:00:00+00:00,20260126_001633_64609a82_StateSignal_SPY,0.0,0.0,1.0,1.0,0.0,0.0,0.0,0.0
2023-02-07 21:00:00+00:00,20260126_001633_64609a82_StateSignal_SPY,0.0,0.0,1.0,1.0,0.0,0.0,0.0,0.0
2023-02-08 21:00:00+00:00,20260126_001633_64609a82_StateSignal_SPY,0.0,0.0,1.0,1.0,0.0,0.0,0.0,-0.0
2023-02-09 21:00:00+00:00,20260126_001633_64609a82_StateSignal_SPY,0.0,0.0,1.0,1.0,0.0,0.0,0.0,-0.0
2023-02-10 21:00:00+00:00,20260126_001633_64609a82_StateSignal_SPY,0.0,0.0,1.0,1.0,0.0,0.0,0.0,0.0
2023-02-13 21:00:00+00:00,20260126_001633_64609a82_StateSignal_SPY,0.0,0.0,1.0,1.0,0.0,0.0,0.0,0.0
2023-02-14 21:00:00+00:00,20260126_001633_64609a82_StateSignal_SPY,0.0,0.0,1.0,1.0,0.0,0.0,0.0,0.0
2023-02-15 21:00:00+00:00,20260126_001633_64609a82_StateSignal_SPY,0.0,0.0,1.0,1.0,0.0,0.0,0.0,0.0
2023-02-16 21:00:00+00:00,20260126_001633_64609a82_StateSignal_SPY,0.0,0.0,1.0,1.0,0.0,0.0,0.0,-0.0
2023-02-17 21:00:00+00:00,20260126_001633_64609a82_StateSignal_SPY,0.0,0.0,1.0,1.0,0.0,0.0,0.0,0.0
2023-02-21 21:00:00+00:00,20260126_001633_64609a82_StateSignal_SPY,0.0,0.0,1.0,1.0,0.0,0.0,0.0,-0.0
2023-02-22 21:00:00+00:00,20260126_001633_64609a82_StateSignal_SPY,0.0,0.0,1.0,1.0,0.0,0.0,0.0,-0.0
2023-02-23 21:00:00+00:00,20260126_001633_64609a82_StateSignal_SPY,0.0,0.0,1.0,1.0,0.0,0.0,0.0,-0.0
2023-02-24 21:00:00+00:00,20260126_001633_64609a82_StateSignal_SPY,0.0,0.0,1.0,1.0,0.0,0.0,0.0,0.0
2023-02-27 21:00:00+00:00,20260126_001633_64609a82_StateSignal_SPY,0.0,0.0,1.0,1.0,0.0,0.0,0.0,-0.0
2023-02-28 21:00:00+00:00,20260126_001633_64609a82_StateSignal_SPY,0.0,0.0,1.0,1.0,0.0,0.0,0.0,-0.0
2023-03-01 21:00:00+00:00,20260126_001633_64609a82_StateSignal_SPY,0.0,0.0,1.0,1.0,0.0,0.0,0.0,-0.0
2023-03-02 21:00:00+00:00,20260126_001633_64609a82_StateSignal_SPY,0.0,0.0,1.0,1.0,0.0,0.0,0.0,0.0
2023-03-03 21:00:00+00:00,20260126_001633_64609a82_StateSignal_SPY,0.0,0.0,1.0,1.0,0.0,0.0,0.0,0.0
2023-03-06 21:00:00+00:00,20260126_001633_64609a82_StateSignal_SPY,0.0,0.0,1.0,1.0,0.0,0.0,0.0,-0.0
2023-03-07 21:00:00+00:00,20260126_001633_64609a82_StateSignal_SPY,0.0,0.0,1.0,1.0,0.0,0.0,0.0,-0.0
2023-03-08 21:00:00+00:00,20260126_001633_64609a82_StateSignal_SPY,0.0,0.0,1.0,1.0,0.0,0.0,0.0,0.0
2023-03-09 21:00:00+00:00,20260126_001633_64609a82_StateSignal_SPY,0.0,0.0,1.0,1.0,0.0,0.0,0.0,-0.0
2023-03-10 21:00:00+00:00,20260126_001633_64609a82_StateSignal_SPY,0.0,0.0,1.0,1.0,0.0,0.0,0.0,-0.0
2023-03-13 20:00:00+00:00,20260126_001633_64609a82_StateSignal_SPY,0.0,0.0,1.0,1.0,0.0,0.0,0.0,0.0
2023-03-14 20:00:00+00:00,20260126_001633_64609a82_StateSignal_SPY,0.0,0.0,1.0,1.0,0.0,0.0,0.0,0.0
2023-03-15 20:00:00+00:00,20260126_001633_64609a82_StateSignal_SPY,0.0,0.0,1.0,1.0,0.0,0.0,0.0,0.0
2023-03-16 20:00:00+00:00,20260126_001633_64609a82_StateSignal_SPY,0.0,0.0,1.0,1.0,0.0,0.0,0.0,0.0
2023-03-17 20:00:00+00:00,20260126_001633_64609a82_StateSignal_SPY,0.0,0.0,1.0,1.0,0.0,0.0,0.0,-0.0
2023-03-20 20:00:00+00:00,20260126_001633_64609a82_StateSignal_SPY,0.0,0.0,1.0,1.0,0.0,0.0,0.0,0.0
2023-03-21 20:00:00+00:00,20260126_001633_64609a82_StateSignal_SPY,0.0,0.0,1.0,1.0,0.0,0.0,0.0,0.0
2023-03-22 20:00:00+00:00,20260126_001633_64609a82_StateSignal_SPY,0.0,0.0,1.0,1.0,0.0,0.0,0.0,-0.0
2023-03-23 20:00:00+00:00,20260126_001633_64609a82_StateSignal_SPY,0.0,0.0,1.0,1.0,0.0,0.0,0.0,-0.0
2023-03-24 20:00:00+00:00,20260126_001633_64609a82_StateSignal_SPY,0.0,0.0,1.0,1.0,0.0,0.0,0.0,0.0
2023-03-27 20:00:00+00:00,20260126_001633_64609a82_StateSignal_SPY,0.0,0.0,1.0,1.0,0.0,0.0,0.0,-0.0
2023-03-28 20:00:00+00:00,20260126_001633_64609a82_StateSignal_SPY,0.0,0.0,1.0,1.0,0.0,0.0,0.0,0.0
2023-03-29 20:00:00+00:00,20260126_001633_64609a82_StateSignal_SPY,0.0,0.0,1.0,1.0,0.0,0.0,0.0,0.0
2023-03-30 20:00:00+00:00,20260126_001633_64609a82_StateSignal_SPY,0.0,0.0,1.0,1.0,0.0,0.0,0.0,-0.0
2023-03-31 20:00:00+00:00,20260126_001633_64609a82_StateSignal_SPY,0.0,0.0,1.0,1.0,0.0,0.0,0.0,0.0
2023-04-03 20:00:00+00:00,20260126_001633_64609a82_StateSignal_SPY,0.0,0.0,1.0,1.0,0.0,0.0,0.0,0.0
2023-04-04 20:00:00+00:00,20260126_001633_64609a82_StateSignal_SPY,0.0,0.0,1.0,1.0,0.0,0.0,0.0,-0.0
2023-04-05 20:00:00+00:00,20260126_001633_64609a82_StateSignal_SPY,0.0,0.0,1.0,1.0,0.0,0.0,0.0,-0.0
2023-04-06 20:00:00+00:00,20260126_001633_64609a82_StateSignal_SPY,0.0,0.0,1.0,1.0,0.0,0.0,0.0,0.0
2023-04-10 20:00:00+00:00,20260126_001633_64609a82_StateSignal_SPY,0.0,0.0,1.0,1.0,0.0,0.0,0.0,0.0
2023-04-11 20:00:00+00:00,20260126_001633_64609a82_StateSignal_SPY,0.0,0.0,1.0,1.0,0.0,0.0,0.0,-0.0
2023-04-12 20:00:00+00:00,20260126_001633_64609a82_StateSignal_SPY,0.0,0.0,1.0,1.0,0.0,0.0,0.0,-0.0
2023-04-13 20:00:00+00:00,20260126_001633_64609a82_StateSignal_SPY,0.0,0.0,1.0,1.0,0.0,0.0,0.0,0.0
2023-04-14 20:00:00+00:00,20260126_001633_64609a82_StateSignal_SPY,0.0,0.0,1.0,1.0,0.0,0.0,0.0,-0.0
2023-04-17 20:00:00+00:00,20260126_001633_64609a82_StateSignal_SPY,0.0,0.0,1.0,1.0,0.0,0.0,0.0,0.0
2023-04-18 20:00:00+00:00,20260126_001633_64609a82_StateSignal_SPY,0.0,0.0,1.0,1.0,0.0,0.0,0.0,-0.0
2023-04-19 20:00:00+00:00,20260126_001633_64609a82_StateSignal_SPY,0.0,0.0,1.0,1.0,0.0,0.0,0.0,0.0
2023-04-20 20:00:00+00:00,20260126_001633_64609a82_StateSignal_SPY,0.0,0.0,1.0,1.0,0.0,0.0,0.0,-0.0
2023-04-21 20:00:00+00:00,20260126_001633_64609a82_StateSignal_SPY,0.0,0.0,1.0,1.0,0.0,0.0,0.0,0.0
2023-04-24 20:00:00+00:00,20260126_001633_64609a82_StateSignal_SPY,0.0,0.0,1.0,1.0,0.0,0.0,0.0,-0.0
2023-04-25 20:00:00+00:00,20260126_001633_64609a82_StateSignal_SPY,0.0,0.0,1.0,1.0,0.0,0.0,0.0,-0.0
2023-04-26 20:00:00+00:00,20260126_001633_64609a82_StateSignal_SPY,0.0,0.0,1.0,1.0,0.0,0.0,0.0,-0.0
2023-04-27 20:00:00+00:00,20260126_001633_64609a82_StateSignal_SPY,0.0,0.0,1.0,1.0,0.0,0.0,0.0,0.0
2023-04-28 20:00:00+00:00,20260126_001633_64609a82_StateSignal_SPY,0.0,0.0,1.0,1.0,0.0,0.0,0.0,0.0
2023-05-01 20:00:00+00:00,20260126_001633_64609a82_StateSignal_SPY,0.0,0.0,1.0,1.0,0.0,0.0,0.0,-0.0
2023-05-02 20:00:00+00:00,20260126_001633_64609a82_StateSignal_SPY,0.0,0.0,1.0,1.0,0.0,0.0,0.0,-0.0
2023-05-03 20:00:00+00:00,20260126_001633_64609a82_StateSignal_SPY,0.0,0.0,1.0,1.0,0.0,0.0,0.0,-0.0
2023-05-04 20:00:00+00:00,20260126_001633_64609a82_StateSignal_SPY,0.0,0.0,1.0,1.0,0.0,0.0,0.0,-0.0
2023-05-05 20:00:00+00:00,20260126_001633_64609a82_StateSignal_SPY,0.0,0.0,1.0,1.0,0.0,0.0,0.0,0.0
2023-05-08 20:00:00+00:00,20260126_001633_64609a82_StateSignal_SPY,0.0,0.0,1.0,1.0,0.0,0.0,0.0,0.0
2023-05-09 20:00:00+00:00,20260126_001633_64609a82_StateSignal_SPY,0.0,0.0,1.0,1.0,0.0,0.0,0.0,-0.0
2023-05-10 20:00:00+00:00,20260126_001633_64609a82_StateSignal_SPY,0.0,0.0,1.0,1.0,0.0,0.0,0.0,0.0
2023-05-11 20:00:00+00:00,20260126_001633_64609a82_StateSignal_SPY,0.0,0.0,1.0,1.0,0.0,0.0,0.0,0.0
2023-05-12 20:00:00+00:00,20260126_001633_64609a82_StateSignal_SPY,0.0,0.0,1.0,1.0,0.0,0.0,0.0,-0.0
2023-05-15 20:00:00+00:00,20260126_001633_64609a82_StateSignal_SPY,0.0,0.0,1.0,1.0,0.0,0.0,0.0,0.0
2023-05-16 20:00:00+00:00,20260126_001633_64609a82_StateSignal_SPY,0.0,0.0,1.0,1.0,0.0,0.0,0.0,-0.0
2023-05-17 20:00:00+00:00,20260126_001633_64609a82_StateSignal_SPY,0.0,0.0,1.0,1.0,0.0,0.0,0.0,0.0
2023-05-18 20:00:00+00:00,20260126_001633_64609a82_StateSignal_SPY,0.0,0.0,1.0,1.0,0.0,0.0,0.0,0.0
2023-05-19 20:00:00+00:00,20260126_001633_64609a82_StateSignal_SPY,0.0,0.0,1.0,1.0,0.0,0.0,0.0,-0.0
2023-05-22 20:00:00+00:00,20260126_001633_64609a82_StateSignal_SPY,0.0,0.0,1.0,1.0,0.0,0.0,0.0,-0.0
2023-05-23 20:00:00+00:00,20260126_001633_64609a82_StateSignal_SPY,0.0,0.0,1.0,1.0,0.0,0.0,0.0,-0.0
2023-05-24 20:00:00+00:00,20260126_001633_64609a82_StateSignal_SPY,0.0,0.0,1.0,1.0,0.0,0.0,0.0,-0.0
2023-05-25 20:00:00+00:00,20260126_001633_64609a82_StateSignal_SPY,0.0,0.0,1.0,1.0,0.0,0.0,0.0,0.0
2023-05-26 20:00:00+00:00,20260126_001633_64609a82_StateSignal_SPY,0.0,0.0,1.0,1.0,0.0,0.0,0.0,0.0
2023-05-30 20:00:00+00:00,20260126_001633_64609a82_StateSignal_SPY,0.0,0.0,1.0,1.0,0.0,0.0,0.0,-0.0
2023-05-31 20:00:00+00:00,20260126_001633_64609a82_StateSignal_SPY,0.0,0.0,1.0,1.0,0.0,0.0,0.0,-0.0
2023-06-01 20:00:00+00:00,20260126_001633_64609a82_StateSignal_SPY,0.0,0.0,1.0,1.0,0.0,0.0,0.0,0.0
2023-06-02 20:00:00+00:00,20260126_001633_64609a82_StateSignal_SPY,0.0,0.0,1.0,1.0,0.0,0.0,0.0,0.0
2023-06-05 20:00:00+00:00,20260126_001633_64609a82_StateSignal_SPY,0.0,0.0,1.0,1.0,0.0,0.0,0.0,-0.0
2023-06-06 20:00:00+00:00,20260126_001633_64609a82_StateSignal_SPY,0.0,0.0,1.0,1.0,0.0,0.0,0.0,0.0
2023-06-07 20:00:00+00:00,20260126_001633_64609a82_StateSignal_SPY,0.0,0.0,1.0,1.0,0.0,0.0,0.0,-0.0
2023-06-08 20:00:00+00:00,20260126_001633_64609a82_StateSignal_SPY,0.0,0.0,1.0,1.0,0.0,0.0,0.0,0.0
2023-06-09 20:00:00+00:00,20260126_001633_64609a82_StateSignal_SPY,0.0,0.0,1.0,1.0,0.0,0.0,0.0,-0.0
2023-06-12 20:00:00+00:00,20260126_001633_64609a82_StateSignal_SPY,0.0,0.0,1.0,1.0,0.0,0.0,0.0,0.0
2023-06-13 20:00:00+00:00,20260126_001633_64609a82_StateSignal_SPY,0.0,0.0,1.0,1.0,0.0,0.0,0.0,0.0
2023-06-14 20:00:00+00:00,20260126_001633_64609a82_StateSignal_SPY,0.0,0.0,1.0,1.0,0.0,0.0,0.0,-0.0
2023-06-15 20:00:00+00:00,20260126_001633_64609a82_StateSignal_SPY,0.0,0.0,1.0,1.0,0.0,0.0,0.0,0.0
2023-06-16 20:00:00+00:00,20260126_001633_64609a82_StateSignal_SPY,0.0,0.0,1.0,1.0,0.0,0.0,0.0,-0.0
2023-06-20 20:00:00+00:00,20260126_001633_64609a82_StateSignal_SPY,0.0,0.0,1.0,1.0,0.0,0.0,0.0,-0.0
2023-06-21 20:00:00+00:00,20260126_001633_64609a82_StateSignal_SPY,0.0,0.0,1.0,1.0,0.0,0.0,0.0,-0.0
2023-06-22 20:00:00+00:00,20260126_001633_64609a82_StateSignal_SPY,0.0,0.0,1.0,1.0,0.0,0.0,0.0,0.0
2023-06-23 20:00:00+00:00,20260126_001633_64609a82_StateSignal_SPY,0.0,0.0,1.0,1.0,0.0,0.0,0.0,-0.0
2023-06-26 20:00:00+00:00,20260126_001633_64609a82_StateSignal_SPY,0.0,0.0,1.0,1.0,0.0,0.0,0.0,-0.0
2023-06-27 20:00:00+00:00,20260126_001633_64609a82_StateSignal_SPY,0.0,0.0,1.0,1.0,0.0,0.0,0.0,0.0
2023-06-28 20:00:00+00:00,20260126_001633_64609a82_StateSignal_SPY,0.0,0.0,1.0,1.0,0.0,0.0,0.0,0.0
2023-06-29 20:00:00+00:00,20260126_001633_64609a82_StateSignal_SPY,0.0,0.0,1.0,1.0,0.0,0.0,0.0,0.0
2023-06-30 20:00:00+00:00,20260126_001633_64609a82_StateSignal_SPY,0.0,0.0,1.0,1.0,0.0,0.0,0.0,0.0
2023-07-03 20:00:00+00:00,20260126_001633_64609a82_StateSignal_SPY,0.0,0.0,1.0,1.0,0.0,0.0,0.0,0.0
2023-07-05 20:00:00+00:00,20260126_001633_64609a82_StateSignal_SPY,0.0,0.0,1.0,1.0,0.0,0.0,0.0,0.0
2023-07-06 20:00:00+00:00,20260126_001633_64609a82_StateSignal_SPY,0.0,0.0,1.0,1.0,0.0,0.0,0.0,0.0
2023-07-07 20:00:00+00:00,20260126_001633_64609a82_StateSignal_SPY,0.0,0.0,1.0,1.0,0.0,0.0,0.0,-0.0
2023-07-10 20:00:00+00:00,20260126_001633_64609a82_StateSignal_SPY,0.0,0.0,1.0,1.0,0.0,0.0,0.0,0.0
2023-07-11 20:00:00+00:00,20260126_001633_64609a82_StateSignal_SPY,0.0,0.0,1.0,1.0,0.0,0.0,0.0,0.0
2023-07-12 20:00:00+00:00,20260126_001633_64609a82_StateSignal_SPY,0.0,0.0,1.0,1.0,0.0,0.0,0.0,-0.0
2023-07-13 20:00:00+00:00,20260126_001633_64609a82_StateSignal_SPY,0.0,0.0,1.0,1.0,0.0,0.0,0.0,0.0
2023-07-14 20:00:00+00:00,20260126_001633_64609a82_StateSignal_SPY,0.0,0.0,1.0,1.0,0.0,0.0,0.0,-0.0
2023-07-17 20:00:00+00:00,20260126_001633_64609a82_StateSignal_SPY,0.0,0.0,1.0,1.0,0.0,0.0,0.0,0.0
2023-07-18 20:00:00+00:00,20260126_001633_64609a82_StateSignal_SPY,0.0,0.0,1.0,1.0,0.0,0.0,0.0,0.0
2023-07-19 20:00:00+00:00,20260126_001633_64609a82_StateSignal_SPY,0.0,0.0,1.0,1.0,0.0,0.0,0.0,-0.0
2023-07-20 20:00:00+00:00,20260126_001633_64609a82_StateSignal_SPY,0.0,0.0,1.0,1.0,0.0,0.0,0.0,-0.0
2023-07-21 20:00:00+00:00,20260126_001633_64609a82_StateSignal_SPY,0.0,0.0,1.0,1.0,0.0,0.0,0.0,-0.0
2023-07-24 20:00:00+00:00,20260126_001633_64609a82_StateSignal_SPY,0.0,0.0,1.0,1.0,0.0,0.0,0.0,-0.0
2023-07-25 20:00:00+00:00,20260126_001633_64609a82_StateSignal_SPY,0.0,0.0,1.0,1.0,0.0,0.0,0.0,0.0
2023-07-26 20:00:00+00:00,20260126_001633_64609a82_StateSignal_SPY,0.0,0.0,1.0,1.0,0.0,0.0,0.0,0.0
2023-07-27 20:00:00+00:00,20260126_001633_64609a82_StateSignal_SPY,0.0,0.0,1.0,1.0,0.0,0.0,0.0,-0.0
2023-07-28 20:00:00+00:00,20260126_001633_64609a82_StateSignal_SPY,0.0,0.0,1.0,1.0,0.0,0.0,0.0,0.0
2023-07-31 20:00:00+00:00,20260126_001633_64609a82_StateSignal_SPY,0.0,0.0,1.0,1.0,0.0,0.0,0.0,-0.0
2023-08-01 20:00:00+00:00,20260126_001633_64609a82_StateSignal_SPY,0.0,0.0,1.0,1.0,0.0,0.0,0.0,-0.0
2023-08-02 20:00:00+00:00,20260126_001633_64609a82_StateSignal_SPY,0.0,0.0,1.0,1.0,0.0,0.0,0.0,-0.0
2023-08-03 20:00:00+00:00,20260126_001633_64609a82_StateSignal_SPY,0.0,0.0,1.0,1.0,0.0,0.0,0.0,0.0
2023-08-04 20:00:00+00:00,20260126_001633_64609a82_StateSignal_SPY,0.0,0.0,1.0,1.0,0.0,0.0,0.0,-0.0
2023-08-07 20:00:00+00:00,20260126_001633_64609a82_StateSignal_SPY,0.0,0.0,1.0,1.0,0.0,0.0,0.0,0.0
2023-08-08 20:00:00+00:00,20260126_001633_64609a82_StateSignal_SPY,0.0,0.0,1.0,1.0,0.0,0.0,0.0,0.0
2023-08-09 20:00:00+00:00,20260126_001633_64609a82_StateSignal_SPY,0.0,0.0,1.0,1.0,0.0,0.0,0.0,-0.0
2023-08-10 20:00:00+00:00,20260126_001633_64609a82_StateSignal_SPY,0.0,0.0,1.0,1.0,0.0,0.0,0.0,-0.0
2023-08-11 20:00:00+00:00,20260126_001633_64609a82_StateSignal_SPY,0.0,0.0,1.0,1.0,0.0,0.0,0.0,-0.0
2023-08-14 20:00:00+00:00,20260126_001633_64609a82_StateSignal_SPY,0.0,0.0,1.0,1.0,0.0,0.0,0.0,0.0
2023-08-15 20:00:00+00:00,20260126_001633_64609a82_StateSignal_SPY,0.0,0.0,1.0,1.0,0.0,0.0,0.0,-0.0
2023-08-16 20:00:00+00:00,20260126_001633_64609a82_StateSignal_SPY,0.0,0.0,1.0,1.0,0.0,0.0,0.0,-0.0
2023-08-17 20:00:00+00:00,20260126_001633_64609a82_StateSignal_SPY,0.0,0.0,1.0,1.0,0.0,0.0,0.0,-0.0
2023-08-18 20:00:00+00:00,20260126_001633_64609a82_StateSignal_SPY,0.0,0.0,1.0,1.0,0.0,0.0,0.0,0.0
2023-08-21 20:00:00+00:00,20260126_001633_64609a82_StateSignal_SPY,0.0,0.0,1.0,1.0,0.0,0.0,0.0,0.0
2023-08-22 20:00:00+00:00,20260126_001633_64609a82_StateSignal_SPY,0.0,0.0,1.0,1.0,0.0,0.0,0.0,-0.0
2023-08-23 20:00:00+00:00,20260126_001633_64609a82_StateSignal_SPY,0.0,0.0,1.0,1.0,0.0,0.0,0.0,0.0
2023-08-24 20:00:00+00:00,20260126_001633_64609a82_StateSignal_SPY,0.0,0.0,1.0,1.0,0.0,0.0,0.0,-0.0
2023-08-25 20:00:00+00:00,20260126_001633_64609a82_StateSignal_SPY,0.0,0.0,1.0,1.0,0.0,0.0,0.0,0.0
2023-08-28 20:00:00+00:00,20260126_001633_64609a82_StateSignal_SPY,0.0,0.0,1.0,1.0,0.0,0.0,0.0,0.0
2023-08-29 20:00:00+00:00,20260126_001633_64609a82_StateSignal_SPY,0.0,0.0,1.0,1.0,0.0,0.0,0.0,0.0
2023-08-30 20:00:00+00:00,20260126_001633_64609a82_StateSignal_SPY,0.0,0.0,1.0,1.0,0.0,0.0,0.0,0.0
2023-08-31 20:00:00+00:00,20260126_001633_64609a82_StateSignal_SPY,0.0,0.0,1.0,1.0,0.0,0.0,0.0,-0.0
2023-09-01 20:00:00+00:00,20260126_001633_64609a82_StateSignal_SPY,0.0,0.0,1.0,1.0,0.0,0.0,0.0,-0.0
2023-09-05 20:00:00+00:00,20260126_001633_64609a82_StateSignal_SPY,0.0,0.0,1.0,1.0,0.0,0.0,0.0,-0.0
2023-09-06 20:00:00+00:00,20260126_001633_64609a82_StateSignal_SPY,0.0,0.0,1.0,1.0,0.0,0.0,0.0,-0.0
2023-09-07 20:00:00+00:00,20260126_001633_64609a82_StateSignal_SPY,0.0,0.0,1.0,1.0,0.0,0.0,0.0,0.0
2023-09-08 20:00:00+00:00,20260126_001633_64609a82_StateSignal_SPY,0.0,0.0,1.0,1.0,0.0,0.0,0.0,-0.0
2023-09-11 20:00:00+00:00,20260126_001633_64609a82_StateSignal_SPY,0.0,0.0,1.0,1.0,0.0,0.0,0.0,0.0
2023-09-12 20:00:00+00:00,20260126_001633_64609a82_StateSignal_SPY,0.0,0.0,1.0,1.0,0.0,0.0,0.0,-0.0
2023-09-13 20:00:00+00:00,20260126_001633_64609a82_StateSignal_SPY,0.0,0.0,1.0,1.0,0.0,0.0,0.0,-0.0
2023-09-14 20:00:00+00:00,20260126_001633_64609a82_StateSignal_SPY,0.0,0.0,1.0,1.0,0.0,0.0,0.0,0.0
2023-09-15 20:00:00+00:00,20260126_001633_64609a82_StateSignal_SPY,0.0,0.0,1.0,1.0,0.0,0.0,0.0,-0.0
2023-09-18 20:00:00+00:00,20260126_001633_64609a82_StateSignal_SPY,0.0,0.0,1.0,1.0,0.0,0.0,0.0,0.0
2023-09-19 20:00:00+00:00,20260126_001633_64609a82_StateSignal_SPY,0.0,0.0,1.0,1.0,0.0,0.0,0.0,-0.0
2023-09-20 20:00:00+00:00,20260126_001633_64609a82_StateSignal_SPY,0.0,0.0,1.0,1.0,0.0,0.0,0.0,-0.0
2023-09-21 20:00:00+00:00,20260126_001633_64609a82_StateSignal_SPY,0.0,0.0,1.0,1.0,0.0,0.0,0.0,-0.0
2023-09-22 20:00:00+00:00,20260126_001633_64609a82_StateSignal_SPY,0.0,0.0,1.0,1.0,0.0,0.0,0.0,-0.0
2023-09-25 20:00:00+00:00,20260126_001633_64609a82_StateSignal_SPY,0.0,0.0,1.0,1.0,0.0,0.0,0.0,0.0
2023-09-26 20:00:00+00:00,20260126_001633_64609a82_StateSignal_SPY,0.0,0.0,1.0,1.0,0.0,0.0,0.0,-0.0
2023-09-27 20:00:00+00:00,20260126_001633_64609a82_StateSignal_SPY,0.0,0.0,1.0,1.0,0.0,0.0,0.0,-0.0
2023-09-28 20:00:00+00:00,20260126_001633_64609a82_StateSignal_SPY,0.0,0.0,1.0,1.0,0.0,0.0,0.0,0.0
2023-09-29 20:00:00+00:00,20260126_001633_64609a82_StateSignal_SPY,0.0,0.0,1.0,1.0,0.0,0.0,0.0,-0.0
2023-10-02 20:00:00+00:00,20260126_001633_64609a82_StateSignal_SPY,0.0,0.0,1.0,1.0,0.0,0.0,0.0,-0.0
2023-10-03 20:00:00+00:00,20260126_001633_64609a82_StateSignal_SPY,0.0,0.0,1.0,1.0,0.0,0.0,0.0,-0.0
2023-10-04 20:00:00+00:00,20260126_001633_64609a82_StateSignal_SPY,0.0,0.0,1.0,1.0,0.0,0.0,0.0,0.0
2023-10-05 20:00:00+00:00,20260126_001633_64609a82_StateSignal_SPY,0.0,0.0,1.0,1.0,0.0,0.0,0.0,0.0
2023-10-06 20:00:00+00:00,20260126_001633_64609a82_StateSignal_SPY,0.0,0.0,1.0,1.0,0.0,0.0,0.0,0.0
2023-10-09 20:00:00+00:00,20260126_001633_64609a82_StateSignal_SPY,0.0,0.0,1.0,1.0,0.0,0.0,0.0,0.0
2023-10-10 20:00:00+00:00,20260126_001633_64609a82_StateSignal_SPY,0.0,0.0,1.0,1.0,0.0,0.0,0.0,0.0
2023-10-11 20:00:00+00:00,20260126_001633_64609a82_StateSignal_SPY,0.0,0.0,1.0,1.0,0.0,0.0,0.0,0.0
2023-10-12 20:00:00+00:00,20260126_001633_64609a82_StateSignal_SPY,0.0,0.0,1.0,1.0,0.0,0.0,0.0,-0.0
2023-10-13 20:00:00+00:00,20260126_001633_64609a82_StateSignal_SPY,0.0,0.0,1.0,1.0,0.0,0.0,0.0,-0.0
2023-10-16 20:00:00+00:00,20260126_001633_64609a82_StateSignal_SPY,0.0,0.0,1.0,1.0,0.0,0.0,0.0,0.0
2023-10-17 20:00:00+00:00,20260126_001633_64609a82_StateSignal_SPY,0.0,0.0,1.0,1.0,0.0,0.0,0.0,0.0
2023-10-18 20:00:00+00:00,20260126_001633_64609a82_StateSignal_SPY,0.0,0.0,1.0,1.0,0.0,0.0,0.0,-0.0
2023-10-19 20:00:00+00:00,20260126_001633_64609a82_StateSignal_SPY,0.0,0.0,1.0,1.0,0.0,0.0,0.0,-0.0
2023-10-20 20:00:00+00:00,20260126_001633_64609a82_StateSignal_SPY,0.0,0.0,1.0,1.0,0.0,0.0,0.0,-0.0
2023-10-23 20:00:00+00:00,20260126_001633_64609a82_StateSignal_SPY,0.0,0.0,1.0,1.0,0.0,0.0,0.0,0.0
2023-10-24 20:00:00+00:00,20260126_001633_64609a82_StateSignal_SPY,0.0,0.0,1.0,1.0,0.0,0.0,0.0,0.0
2023-10-25 20:00:00+00:00,20260126_001633_64609a82_StateSignal_SPY,0.0,0.0,1.0,1.0,0.0,0.0,0.0,-0.0
2023-10-26 20:00:00+00:00,20260126_001633_64609a82_StateSignal_SPY,0.0,0.0,1.0,1.0,0.0,0.0,0.0,-0.0
2023-10-27 20:00:00+00:00,20260126_001633_64609a82_StateSignal_SPY,0.0,0.0,1.0,1.0,0.0,0.0,0.0,-0.0
2023-10-30 20:00:00+00:00,20260126_001633_64609a82_StateSignal_SPY,0.0,0.0,1.0,1.0,0.0,0.0,0.0,0.0
2023-10-31 20:00:00+00:00,20260126_001633_64609a82_StateSignal_SPY,0.0,0.0,1.0,1.0,0.0,0.0,0.0,0.0
2023-11-01 20:00:00+00:00,20260126_001633_64609a82_StateSignal_SPY,0.0,0.0,1.0,1.0,0.0,0.0,0.0,0.0
2023-11-02 20:00:00+00:00,20260126_001633_64609a82_StateSignal_SPY,0.0,0.0,1.0,1.0,0.0,0.0,0.0,0.0
2023-11-03 20:00:00+00:00,20260126_001633_64609a82_StateSignal_SPY,0.0,0.0,1.0,1.0,0.0,0.0,0.0,0.0
2023-11-06 21:00:00+00:00,20260126_001633_64609a82_StateSignal_SPY,0.0,0.0,1.0,1.0,0.0,0.0,0.0,0.0
2023-11-07 21:00:00+00:00,20260126_001633_64609a82_StateSignal_SPY,0.0,0.0,1.0,1.0,0.0,0.0,0.0,0.0
2023-11-08 21:00:00+00:00,20260126_001633_64609a82_StateSignal_SPY,0.0,0.0,1.0,1.0,0.0,0.0,0.0,-0.0
2023-11-09 21:00:00+00:00,20260126_001633_64609a82_StateSignal_SPY,0.0,0.0,1.0,1.0,0.0,0.0,0.0,-0.0
2023-11-10 21:00:00+00:00,20260126_001633_64609a82_StateSignal_SPY,0.0,0.0,1.0,1.0,0.0,0.0,0.0,0.0
2023-11-13 21:00:00+00:00,20260126_001633_64609a82_StateSignal_SPY,0.0,0.0,1.0,1.0,0.0,0.0,0.0,0.0
2023-11-14 21:00:00+00:00,20260126_001633_64609a82_StateSignal_SPY,0.0,0.0,1.0,1.0,0.0,0.0,0.0,0.0
2023-11-15 21:00:00+00:00,20260126_001633_64609a82_StateSignal_SPY,0.0,0.0,1.0,1.0,0.0,0.0,0.0,-0.0
2023-11-16 21:00:00+00:00,20260126_001633_64609a82_StateSignal_SPY,0.0,0.0,1.0,1.0,0.0,0.0,0.0,0.0
2023-11-17 21:00:00+00:00,20260126_001633_64609a82_StateSignal_SPY,0.0,0.0,1.0,1.0,0.0,0.0,0.0,0.0
2023-11-20 21:00:00+00:00,20260126_001633_64609a82_StateSignal_SPY,0.0,0.0,1.0,1.0,0.0,0.0,0.0,0.0
2023-11-21 21:00:00+00:00,20260126_001633_64609a82_StateSignal_SPY,0.0,0.0,1.0,1.0,0.0,0.0,0.0,0.0
2023-11-22 21:00:00+00:00,20260126_001633_64609a82_StateSignal_SPY,0.0,0.0,1.0,1.0,0.0,0.0,0.0,-0.0
2023-11-24 21:00:00+00:00,20260126_001633_64609a82_StateSignal_SPY,0.0,0.0,1.0,1.0,0.0,0.0,0.0,0.0
2023-11-27 21:00:00+00:00,20260126_001633_64609a82_StateSignal_SPY,0.0,0.0,1.0,1.0,0.0,0.0,0.0,0.0
2023-11-28 21:00:00+00:00,20260126_001633_64609a82_StateSignal_SPY,0.0,0.0,1.0,1.0,0.0,0.0,0.0,0.0
2023-11-29 21:00:00+00:00,20260126_001633_64609a82_StateSignal_SPY,0.0,0.0,1.0,1.0,0.0,0.0,0.0,-0.0
2023-11-30 21:00:00+00:00,20260126_001633_64609a82_StateSignal_SPY,0.0,0.0,1.0,1.0,0.0,0.0,0.0,0.0
2023-12-01 21:00:00+00:00,20260126_001633_64609a82_StateSignal_SPY,0.0,0.0,1.0,1.0,0.0,0.0,0.0,0.0
2023-12-04 21:00:00+00:00,20260126_001633_64609a82_StateSignal_SPY,0.0,0.0,1.0,1.0,0.0,0.0,0.0,0.0
2023-12-05 21:00:00+00:00,20260126_001633_64609a82_StateSignal_SPY,0.0,0.0,1.0,1.0,0.0,0.0,0.0,0.0
2023-12-06 21:00:00+00:00,20260126_001633_64609a82_StateSignal_SPY,0.0,0.0,1.0,1.0,0.0,0.0,0.0,-0.0
2023-12-07 21:00:00+00:00,20260126_001633_64609a82_StateSignal_SPY,0.0,0.0,1.0,1.0,0.0,0.0,0.0,0.0
2023-12-08 21:00:00+00:00,20260126_001633_64609a82_StateSignal_SPY,0.0,0.0,1.0,1.0,0.0,0.0,0.0,0.0
2023-12-11 21:00:00+00:00,20260126_001633_64609a82_StateSignal_SPY,0.0,0.0,1.0,1.0,0.0,0.0,0.0,0.0
2023-12-12 21:00:00+00:00,20260126_001633_64609a82_StateSignal_SPY,0.0,0.0,1.0,1.0,0.0,0.0,0.0,0.0
2023-12-13 21:00:00+00:00,20260126_001633_64609a82_StateSignal_SPY,0.0,0.0,1.0,1.0,0.0,0.0,0.0,0.0
2023-12-14 21:00:00+00:00,20260126_001633_64609a82_StateSignal_SPY,0.0,0.0,1.0,1.0,0.0,0.0,0.0,0.0
2023-12-15 21:00:00+00:00,20260126_001633_64609a82_StateSignal_SPY,0.0,0.0,1.0,1.0,0.0,0.0,0.0,-0.0
2023-12-18 21:00:00+00:00,20260126_001633_64609a82_StateSignal_SPY,0.0,0.0,1.0,1.0,0.0,0.0,0.0,0.0
2023-12-19 21:00:00+00:00,20260126_001633_64609a82_StateSignal_SPY,0.0,0.0,1.0,1.0,0.0,0.0,0.0,0.0
2023-12-20 21:00:00+00:00,20260126_001633_64609a82_StateSignal_SPY,0.0,0.0,1.0,1.0,0.0,0.0,0.0,-0.0
2023-12-21 21:00:00+00:00,20260126_001633_64609a82_StateSignal_SPY,0.0,0.0,1.0,1.0,0.0,0.0,0.0,0.0
2023-12-22 21:00:00+00:00,20260126_001633_64609a82_StateSignal_SPY,0.0,0.0,1.0,1.0,0.0,0.0,0.0,-0.0
2023-12-26 21:00:00+00:00,20260126_001633_64609a82_StateSignal_SPY,0.0,0.0,1.0,1.0,0.0,0.0,0.0,0.0
2023-12-27 21:00:00+00:00,20260126_001633_64609a82_StateSignal_SPY,0.0,0.0,1.0,1.0,0.0,0.0,0.0,0.0
2023-12-28 21:00:00+00:00,20260126_001633_64609a82_StateSignal_SPY,0.0,0.0,1.0,1.0,0.0,0.0,0.0,-0.0
2023-12-29 21:00:00+00:00,20260126_001633_64609a82_StateSignal_SPY,0.0,0.0,1.0,1.0,0.0,0.0,0.0,-0.0
2024-01-02 21:00:00+00:00,20260126_001633_64609a82_StateSignal_SPY,0.0,0.0,1.0,1.0,0.0,0.0,0.0,0.0
2024-01-03 21:00:00+00:00,20260126_001633_64609a82_StateSignal_SPY,0.0,0.0,1.0,1.0,0.0,0.0,0.0,-0.0
2024-01-04 21:00:00+00:00,20260126_001633_64609a82_StateSignal_SPY,0.0,0.0,1.0,1.0,0.0,0.0,0.0,-0.0
2024-01-05 21:00:00+00:00,20260126_001633_64609a82_StateSignal_SPY,0.0,0.0,1.0,1.0,0.0,0.0,0.0,-0.0
2024-01-08 21:00:00+00:00,20260126_001633_64609a82_StateSignal_SPY,0.0,0.0,1.0,1.0,0.0,0.0,0.0,0.0
2024-01-09 21:00:00+00:00,20260126_001633_64609a82_StateSignal_SPY,0.0,0.0,1.0,1.0,0.0,0.0,0.0,0.0
2024-01-10 21:00:00+00:00,20260126_001633_64609a82_StateSignal_SPY,0.0,0.0,1.0,1.0,0.0,0.0,0.0,0.0
2024-01-11 21:00:00+00:00,20260126_001633_64609a82_StateSignal_SPY,0.0,0.0,1.0,1.0,0.0,0.0,0.0,-0.0
2024-01-12 21:00:00+00:00,20260126_001633_64609a82_StateSignal_SPY,0.0,0.0,1.0,1.0,0.0,0.0,0.0,-0.0
2024-01-16 21:00:00+00:00,20260126_001633_64609a82_StateSignal_SPY,0.0,0.0,1.0,1.0,0.0,0.0,0.0,0.0
2024-01-17 21:00:00+00:00,20260126_001633_64609a82_StateSignal_SPY,0.0,0.0,1.0,1.0,0.0,0.0,0.0,0.0
2024-01-18 21:00:00+00:00,20260126_001633_64609a82_StateSignal_SPY,0.0,0.0,1.0,1.0,0.0,0.0,0.0,0.0
2024-01-19 21:00:00+00:00,20260126_001633_64609a82_StateSignal_SPY,0.0,0.0,1.0,1.0,0.0,0.0,0.0,0.0
2024-01-22 21:00:00+00:00,20260126_001633_64609a82_StateSignal_SPY,0.0,0.0,1.0,1.0,0.0,0.0,0.0,-0.0
2024-01-23 21:00:00+00:00,20260126_001633_64609a82_StateSignal_SPY,0.0,0.0,1.0,1.0,0.0,0.0,0.0,0.0
2024-01-24 21:00:00+00:00,20260126_001633_64609a82_StateSignal_SPY,0.0,0.0,1.0,1.0,0.0,0.0,0.0,0.0
2024-01-25 21:00:00+00:00,20260126_001633_64609a82_StateSignal_SPY,0.0,0.0,1.0,1.0,0.0,0.0,0.0,0.0
2024-01-26 21:00:00+00:00,20260126_001633_64609a82_StateSignal_SPY,0.0,0.0,1.0,1.0,0.0,0.0,0.0,-0.0
2024-01-29 21:00:00+00:00,20260126_001633_64609a82_StateSignal_SPY,0.0,0.0,1.0,1.0,0.0,0.0,0.0,0.0
2024-01-30 21:00:00+00:00,20260126_001633_64609a82_StateSignal_SPY,0.0,0.0,1.0,1.0,0.0,0.0,0.0,-0.0
2024-01-31 21:00:00+00:00,20260126_001633_64609a82_StateSignal_SPY,0.0,0.0,1.0,1.0,0.0,0.0,0.0,-0.0
2024-02-01 21:00:00+00:00,20260126_001633_64609a82_StateSignal_SPY,0.0,0.0,1.0,1.0,0.0,0.0,0.0,0.0
2024-02-02 21:00:00+00:00,20260126_001633_64609a82_StateSignal_SPY,0.0,0.0,1.0,1.0,0.0,0.0,0.0,0.0
2024-02-05 21:00:00+00:00,20260126_001633_64609a82_StateSignal_SPY,0.0,0.0,1.0,1.0,0.0,0.0,0.0,-0.0
2024-02-06 21:00:00+00:00,20260126_001633_64609a82_StateSignal_SPY,0.0,0.0,1.0,1.0,0.0,0.0,0.0,-0.0
2024-02-07 21:00:00+00:00,20260126_001633_64609a82_StateSignal_SPY,0.0,0.0,1.0,1.0,0.0,0.0,0.0,0.0
2024-02-08 21:00:00+00:00,20260126_001633_64609a82_StateSignal_SPY,0.0,0.0,1.0,1.0,0.0,0.0,0.0,0.0
2024-02-09 21:00:00+00:00,20260126_001633_64609a82_StateSignal_SPY,0.0,0.0,1.0,1.0,0.0,0.0,0.0,0.0
2024-02-12 21:00:00+00:00,20260126_001633_64609a82_StateSignal_SPY,0.0,0.0,1.0,1.0,0.0,0.0,0.0,-0.0
2024-02-13 21:00:00+00:00,20260126_001633_64609a82_StateSignal_SPY,0.0,0.0,1.0,1.0,0.0,0.0,0.0,-0.0
2024-02-14 21:00:00+00:00,20260126_001633_64609a82_StateSignal_SPY,0.0,0.0,1.0,1.0,0.0,0.0,0.0,0.0
2024-02-15 21:00:00+00:00,20260126_001633_64609a82_StateSignal_SPY,0.0,0.0,1.0,1.0,0.0,0.0,0.0,0.0
2024-02-16 21:00:00+00:00,20260126_001633_64609a82_StateSignal_SPY,0.0,0.0,1.0,1.0,0.0,0.0,0.0,-0.0
2024-02-20 21:00:00+00:00,20260126_001633_64609a82_StateSignal_SPY,0.0,0.0,1.0,1.0,0.0,0.0,0.0,-0.0
2024-02-21 21:00:00+00:00,20260126_001633_64609a82_StateSignal_SPY,0.0,0.0,1.0,1.0,0.0,0.0,0.0,0.0
2024-02-22 21:00:00+00:00,20260126_001633_64609a82_StateSignal_SPY,0.0,0.0,1.0,1.0,0.0,0.0,0.0,0.0
2024-02-23 21:00:00+00:00,20260126_001633_64609a82_StateSignal_SPY,0.0,0.0,1.0,1.0,0.0,0.0,0.0,-0.0
2024-02-26 21:00:00+00:00,20260126_001633_64609a82_StateSignal_SPY,0.0,0.0,1.0,1.0,0.0,0.0,0.0,-0.0
2024-02-27 21:00:00+00:00,20260126_001633_64609a82_StateSignal_SPY,0.0,0.0,1.0,1.0,0.0,0.0,0.0,0.0
2024-02-28 21:00:00+00:00,20260126_001633_64609a82_StateSignal_SPY,0.0,0.0,1.0,1.0,0.0,0.0,0.0,0.0
2024-02-29 21:00:00+00:00,20260126_001633_64609a82_StateSignal_SPY,0.0,0.0,1.0,1.0,0.0,0.0,0.0,-0.0
2024-03-01 21:00:00+00:00,20260126_001633_64609a82_StateSignal_SPY,0.0,0.0,1.0,1.0,0.0,0.0,0.0,0.0
2024-03-04 21:00:00+00:00,20260126_001633_64609a82_StateSignal_SPY,0.0,0.0,1.0,1.0,0.0,0.0,0.0,-0.0
2024-03-05 21:00:00+00:00,20260126_001633_64609a82_StateSignal_SPY,0.0,0.0,1.0,1.0,0.0,0.0,0.0,-0.0
2024-03-06 21:00:00+00:00,20260126_001633_64609a82_StateSignal_SPY,0.0,0.0,1.0,1.0,0.0,0.0,0.0,-0.0
2024-03-07 21:00:00+00:00,20260126_001633_64609a82_StateSignal_SPY,0.0,0.0,1.0,1.0,0.0,0.0,0.0,0.0
2024-03-08 21:00:00+00:00,20260126_001633_64609a82_StateSignal_SPY,0.0,0.0,1.0,1.0,0.0,0.0,0.0,-0.0
2024-03-11 20:00:00+00:00,20260126_001633_64609a82_StateSignal_SPY,0.0,0.0,1.0,1.0,0.0,0.0,0.0,-0.0
2024-03-12 20:00:00+00:00,20260126_001633_64609a82_StateSignal_SPY,0.0,0.0,1.0,1.0,0.0,0.0,0.0,0.0
2024-03-13 20:00:00+00:00,20260126_001633_64609a82_StateSignal_SPY,0.0,0.0,1.0,1.0,0.0,0.0,0.0,-0.0
2024-03-14 20:00:00+00:00,20260126_001633_64609a82_StateSignal_SPY,0.0,0.0,1.0,1.0,0.0,0.0,0.0,-0.0
2024-03-15 20:00:00+00:00,20260126_001633_64609a82_StateSignal_SPY,0.0,0.0,1.0,1.0,0.0,0.0,0.0,-0.0
2024-03-18 20:00:00+00:00,20260126_001633_64609a82_StateSignal_SPY,0.0,0.0,1.0,1.0,0.0,0.0,0.0,-0.0
2024-03-19 20:00:00+00:00,20260126_001633_64609a82_StateSignal_SPY,0.0,0.0,1.0,1.0,0.0,0.0,0.0,0.0
2024-03-20 20:00:00+00:00,20260126_001633_64609a82_StateSignal_SPY,0.0,0.0,1.0,1.0,0.0,0.0,0.0,0.0
2024-03-21 20:00:00+00:00,20260126_001633_64609a82_StateSignal_SPY,0.0,0.0,1.0,1.0,0.0,0.0,0.0,-0.0
2024-03-22 20:00:00+00:00,20260126_001633_64609a82_StateSignal_SPY,0.0,0.0,1.0,1.0,0.0,0.0,0.0,-0.0
2024-03-25 20:00:00+00:00,20260126_001633_64609a82_StateSignal_SPY,0.0,0.0,1.0,1.0,0.0,0.0,0.0,0.0
2024-03-26 20:00:00+00:00,20260126_001633_64609a82_StateSignal_SPY,0.0,0.0,1.0,1.0,0.0,0.0,0.0,-0.0
2024-03-27 20:00:00+00:00,20260126_001633_64609a82_StateSignal_SPY,0.0,0.0,1.0,1.0,0.0,0.0,0.0,0.0
2024-03-28 20:00:00+00:00,20260126_001633_64609a82_StateSignal_SPY,0.0,0.0,1.0,1.0,0.0,0.0,0.0,-0.0
2024-04-01 20:00:00+00:00,20260126_001633_64609a82_StateSignal_SPY,0.0,0.0,1.0,1.0,0.0,0.0,0.0,-0.0
2024-04-02 20:00:00+00:00,20260126_001633_64609a82_StateSignal_SPY,0.0,0.0,1.0,1.0,0.0,0.0,0.0,0.0
2024-04-03 20:00:00+00:00,20260126_001633_64609a82_StateSignal_SPY,0.0,0.0,1.0,1.0,0.0,0.0,0.0,0.0
2024-04-04 20:00:00+00:00,20260126_001633_64609a82_StateSignal_SPY,0.0,0.0,1.0,1.0,0.0,0.0,0.0,-0.0
2024-04-05 20:00:00+00:00,20260126_001633_64609a82_StateSignal_SPY,0.0,0.0,1.0,1.0,0.0,0.0,0.0,0.0
2024-04-08 20:00:00+00:00,20260126_001633_64609a82_StateSignal_SPY,0.0,0.0,1.0,1.0,0.0,0.0,0.0,0.0
2024-04-09 20:00:00+00:00,20260126_001633_64609a82_StateSignal_SPY,0.0,0.0,1.0,1.0,0.0,0.0,0.0,-0.0
2024-04-10 20:00:00+00:00,20260126_001633_64609a82_StateSignal_SPY,0.0,0.0,1.0,1.0,0.0,0.0,0.0,-0.0
2024-04-11 20:00:00+00:00,20260126_001633_64609a82_StateSignal_SPY,0.0,0.0,1.0,1.0,0.0,0.0,0.0,0.0
2024-04-12 20:00:00+00:00,20260126_001633_64609a82_StateSignal_SPY,0.0,0.0,1.0,1.0,0.0,0.0,0.0,-0.0
2024-04-15 20:00:00+00:00,20260126_001633_64609a82_StateSignal_SPY,0.0,0.0,1.0,1.0,0.0,0.0,0.0,-0.0
2024-04-16 20:00:00+00:00,20260126_001633_64609a82_StateSignal_SPY,0.0,0.0,1.0,1.0,0.0,0.0,0.0,-0.0
2024-04-17 20:00:00+00:00,20260126_001633_64609a82_StateSignal_SPY,0.0,0.0,1.0,1.0,0.0,0.0,0.0,-0.0
2024-04-18 20:00:00+00:00,20260126_001633_64609a82_StateSignal_SPY,0.0,0.0,1.0,1.0,0.0,0.0,0.0,-0.0
2024-04-19 20:00:00+00:00,20260126_001633_64609a82_StateSignal_SPY,0.0,0.0,1.0,1.0,0.0,0.0,0.0,-0.0
2024-04-22 20:00:00+00:00,20260126_001633_64609a82_StateSignal_SPY,0.0,0.0,1.0,1.0,0.0,0.0,0.0,0.0
2024-04-23 20:00:00+00:00,20260126_001633_64609a82_StateSignal_SPY,0.0,0.0,1.0,1.0,0.0,0.0,0.0,0.0
2024-04-24 20:00:00+00:00,20260126_001633_64609a82_StateSignal_SPY,0.0,0.0,1.0,1.0,0.0,0.0,0.0,-0.0
2024-04-25 20:00:00+00:00,20260126_001633_64609a82_StateSignal_SPY,0.0,0.0,1.0,1.0,0.0,0.0,0.0,0.0
2024-04-26 20:00:00+00:00,20260126_001633_64609a82_StateSignal_SPY,0.0,0.0,1.0,1.0,0.0,0.0,0.0,0.0
2024-04-29 20:00:00+00:00,20260126_001633_64609a82_StateSignal_SPY,0.0,0.0,1.0,1.0,0.0,0.0,0.0,0.0
2024-04-30 20:00:00+00:00,20260126_001633_64609a82_StateSignal_SPY,0.0,0.0,1.0,1.0,0.0,0.0,0.0,-0.0
2024-05-01 20:00:00+00:00,20260126_001633_64609a82_StateSignal_SPY,0.0,0.0,1.0,1.0,0.0,0.0,0.0,-0.0
2024-05-02 20:00:00+00:00,20260126_001633_64609a82_StateSignal_SPY,0.0,0.0,1.0,1.0,0.0,0.0,0.0,0.0
2024-05-03 20:00:00+00:00,20260126_001633_64609a82_StateSignal_SPY,0.0,0.0,1.0,1.0,0.0,0.0,0.0,0.0
2024-05-06 20:00:00+00:00,20260126_001633_64609a82_StateSignal_SPY,0.0,0.0,1.0,1.0,0.0,0.0,0.0,0.0
2024-05-07 20:00:00+00:00,20260126_001633_64609a82_StateSignal_SPY,0.0,0.0,1.0,1.0,0.0,0.0,0.0,-0.0
2024-05-08 20:00:00+00:00,20260126_001633_64609a82_StateSignal_SPY,0.0,0.0,1.0,1.0,0.0,0.0,0.0,-0.0
2024-05-09 20:00:00+00:00,20260126_001633_64609a82_StateSignal_SPY,0.0,0.0,1.0,1.0,0.0,0.0,0.0,0.0
2024-05-10 20:00:00+00:00,20260126_001633_64609a82_StateSignal_SPY,0.0,0.0,1.0,1.0,0.0,0.0,0.0,-0.0
2024-05-13 20:00:00+00:00,20260126_001633_64609a82_StateSignal_SPY,0.0,0.0,1.0,1.0,0.0,0.0,0.0,-0.0
2024-05-14 20:00:00+00:00,20260126_001633_64609a82_StateSignal_SPY,0.0,0.0,1.0,1.0,0.0,0.0,0.0,0.0
2024-05-15 20:00:00+00:00,20260126_001633_64609a82_StateSignal_SPY,0.0,0.0,1.0,1.0,0.0,0.0,0.0,0.0
2024-05-16 20:00:00+00:00,20260126_001633_64609a82_StateSignal_SPY,0.0,0.0,1.0,1.0,0.0,0.0,0.0,-0.0
2024-05-17 20:00:00+00:00,20260126_001633_64609a82_StateSignal_SPY,0.0,0.0,1.0,1.0,0.0,0.0,0.0,0.0
2024-05-20 20:00:00+00:00,20260126_001633_64609a82_StateSignal_SPY,0.0,0.0,1.0,1.0,0.0,0.0,0.0,-0.0
2024-05-21 20:00:00+00:00,20260126_001633_64609a82_StateSignal_SPY,0.0,0.0,1.0,1.0,0.0,0.0,0.0,0.0
2024-05-22 20:00:00+00:00,20260126_001633_64609a82_StateSignal_SPY,0.0,0.0,1.0,1.0,0.0,0.0,0.0,-0.0
2024-05-23 20:00:00+00:00,20260126_001633_64609a82_StateSignal_SPY,0.0,0.0,1.0,1.0,0.0,0.0,0.0,-0.0
2024-05-24 20:00:00+00:00,20260126_001633_64609a82_StateSignal_SPY,0.0,0.0,1.0,1.0,0.0,0.0,0.0,0.0
2024-05-28 20:00:00+00:00,20260126_001633_64609a82_StateSignal_SPY,0.0,0.0,1.0,1.0,0.0,0.0,0.0,-0.0
2024-05-29 20:00:00+00:00,20260126_001633_64609a82_StateSignal_SPY,0.0,0.0,1.0,1.0,0.0,0.0,0.0,0.0
2024-05-30 20:00:00+00:00,20260126_001633_64609a82_StateSignal_SPY,0.0,0.0,1.0,1.0,0.0,0.0,0.0,-0.0
2024-05-31 20:00:00+00:00,20260126_001633_64609a82_StateSignal_SPY,0.0,0.0,1.0,1.0,0.0,0.0,0.0,0.0
2024-06-03 20:00:00+00:00,20260126_001633_64609a82_StateSignal_SPY,0.0,0.0,1.0,1.0,0.0,0.0,0.0,-0.0
2024-06-04 20:00:00+00:00,20260126_001633_64609a82_StateSignal_SPY,0.0,0.0,1.0,1.0,0.0,0.0,0.0,0.0
2024-06-05 20:00:00+00:00,20260126_001633_64609a82_StateSignal_SPY,0.0,0.0,1.0,1.0,0.0,0.0,0.0,0.0
2024-06-06 20:00:00+00:00,20260126_001633_64609a82_StateSignal_SPY,0.0,0.0,1.0,1.0,0.0,0.0,0.0,-0.0
2024-06-07 20:00:00+00:00,20260126_001633_64609a82_StateSignal_SPY,0.0,0.0,1.0,1.0,0.0,0.0,0.0,-0.0
2024-06-10 20:00:00+00:00,20260126_001633_64609a82_StateSignal_SPY,0.0,0.0,1.0,1.0,0.0,0.0,0.0,0.0
2024-06-11 20:00:00+00:00,20260126_001633_64609a82_StateSignal_SPY,0.0,0.0,1.0,1.0,0.0,0.0,0.0,0.0
2024-06-12 20:00:00+00:00,20260126_001633_64609a82_StateSignal_SPY,0.0,0.0,1.0,1.0,0.0,0.0,0.0,0.0
2024-06-13 20:00:00+00:00,20260126_001633_64609a82_StateSignal_SPY,0.0,0.0,1.0,1.0,0.0,0.0,0.0,-0.0
2024-06-14 20:00:00+00:00,20260126_001633_64609a82_StateSignal_SPY,0.0,0.0,1.0,1.0,0.0,0.0,0.0,0.0
2024-06-17 20:00:00+00:00,20260126_001633_64609a82_StateSignal_SPY,0.0,0.0,1.0,1.0,0.0,0.0,0.0,0.0
2024-06-18 20:00:00+00:00,20260126_001633_64609a82_StateSignal_SPY,0.0,0.0,1.0,1.0,0.0,0.0,0.0,0.0
2024-06-20 20:00:00+00:00,20260126_001633_64609a82_StateSignal_SPY,0.0,0.0,1.0,1.0,0.0,0.0,0.0,-0.0
2024-06-21 20:00:00+00:00,20260126_001633_64609a82_StateSignal_SPY,0.0,0.0,1.0,1.0,0.0,0.0,0.0,0.0
2024-06-24 20:00:00+00:00,20260126_001633_64609a82_StateSignal_SPY,0.0,0.0,1.0,1.0,0.0,0.0,0.0,-0.0
2024-06-25 20:00:00+00:00,20260126_001633_64609a82_StateSignal_SPY,0.0,0.0,1.0,1.0,0.0,0.0,0.0,0.0
2024-06-26 20:00:00+00:00,20260126_001633_64609a82_StateSignal_SPY,0.0,0.0,1.0,1.0,0.0,0.0,0.0,0.0
2024-06-27 20:00:00+00:00,20260126_001633_64609a82_StateSignal_SPY,0.0,0.0,1.0,1.0,0.0,0.0,0.0,-0.0
2024-06-28 20:00:00+00:00,20260126_001633_64609a82_StateSignal_SPY,0.0,0.0,1.0,1.0,0.0,0.0,0.0,-0.0
2024-07-01 20:00:00+00:00,20260126_001633_64609a82_StateSignal_SPY,0.0,0.0,1.0,1.0,0.0,0.0,0.0,0.0
2024-07-02 20:00:00+00:00,20260126_001633_64609a82_StateSignal_SPY,0.0,0.0,1.0,1.0,0.0,0.0,0.0,0.0
2024-07-03 20:00:00+00:00,20260126_001633_64609a82_StateSignal_SPY,0.0,0.0,1.0,1.0,0.0,0.0,0.0,0.0
2024-07-05 20:00:00+00:00,20260126_001633_64609a82_StateSignal_SPY,0.0,0.0,1.0,1.0,0.0,0.0,0.0,0.0
2024-07-08 20:00:00+00:00,20260126_001633_64609a82_StateSignal_SPY,0.0,0.0,1.0,1.0,0.0,0.0,0.0,-0.0
2024-07-09 20:00:00+00:00,20260126_001633_64609a82_StateSignal_SPY,0.0,0.0,1.0,1.0,0.0,0.0,0.0,-0.0
2024-07-10 20:00:00+00:00,20260126_001633_64609a82_StateSignal_SPY,0.0,0.0,1.0,1.0,0.0,0.0,0.0,0.0
2024-07-11 20:00:00+00:00,20260126_001633_64609a82_StateSignal_SPY,0.0,0.0,1.0,1.0,0.0,0.0,0.0,-0.0
2024-07-12 20:00:00+00:00,20260126_001633_64609a82_StateSignal_SPY,0.0,0.0,1.0,1.0,0.0,0.0,0.0,0.0
2024-07-15 20:00:00+00:00,20260126_001633_64609a82_StateSignal_SPY,0.0,0.0,1.0,1.0,0.0,0.0,0.0,0.0
2024-07-16 20:00:00+00:00,20260126_001633_64609a82_StateSignal_SPY,0.0,0.0,1.0,1.0,0.0,0.0,0.0,0.0
2024-07-17 20:00:00+00:00,20260126_001633_64609a82_StateSignal_SPY,0.0,0.0,1.0,1.0,0.0,0.0,0.0,-0.0
2024-07-18 20:00:00+00:00,20260126_001633_64609a82_StateSignal_SPY,0.0,0.0,1.0,1.0,0.0,0.0,0.0,-0.0
2024-07-19 20:00:00+00:00,20260126_001633_64609a82_StateSignal_SPY,-0.007115757631041632,-0.007115757631041632,0.9928842423689583,0.9928842423689583,0.0,0.0,1.0,-0.007115757631041632
2024-07-22 20:00:00+00:00,20260126_001633_64609a82_StateSignal_SPY,0.0020029591679626077,0.0020029591679626077,0.9948729489649369,0.9948729489649369,0.0,0.0,1.0,0.0020029591679626077
2024-07-23 20:00:00+00:00,20260126_001633_64609a82_StateSignal_SPY,-0.00172708441335093,-0.00172708441335093,0.9931547194015151,0.9931547194015151,0.0,0.0,1.0,-0.00172708441335093
2024-07-24 20:00:00+00:00,20260126_001633_64609a82_StateSignal_SPY,-0.02280307854637398,-0.02280307854637398,0.9705077343263003,0.9705077343263003,0.0,0.0,1.0,-0.02280307854637398
2024-07-25 20:00:00+00:00,20260126_001633_64609a82_StateSignal_SPY,-0.005224898947755676,-0.005224898947755676,0.9654369294864301,0.9654369294864301,0.0,0.0,1.0,-0.005224898947755676
2024-07-26 20:00:00+00:00,20260126_001633_64609a82_StateSignal_SPY,0.002415844613329475,0.002415844613329475,0.9677692750920394,0.9677692750920394,0.0,0.0,1.0,0.002415844613329475
2024-07-29 20:00:00+00:00,20260126_001633_64609a82_StateSignal_SPY,0.001028239277724527,0.001028239277724527,0.968764373472464,0.968764373472464,0.0,0.0,1.0,0.001028239277724527
2024-07-30 20:00:00+00:00,20260126_001633_64609a82_StateSignal_SPY,-0.0053959998276880495,-0.0053959998276880495,0.9635369210801363,0.9635369210801363,0.0,0.0,1.0,-0.0053959998276880495
2024-07-31 20:00:00+00:00,20260126_001633_64609a82_StateSignal_SPY,0.0153801862878051,0.0153801862878051,0.978356298421527,0.978356298421527,0.0,0.0,1.0,0.0153801862878051
2024-08-01 20:00:00+00:00,20260126_001633_64609a82_StateSignal_SPY,-0.02081360263543527,-0.02081360263543527,0.957993179190306,0.957993179190306,0.0,0.0,1.0,-0.02081360263543527
2024-08-02 20:00:00+00:00,20260126_001633_64609a82_StateSignal_SPY,-0.019075591658148164,-0.019075591658148164,0.9397188924927805,0.9397188924927805,0.0,0.0,1.0,-0.019075591658148164
2024-08-05 20:00:00+00:00,20260126_001633_64609a82_StateSignal_SPY,-0.029549631477329162,-0.029549631477329162,0.911950545527335,0.911950545527335,0.0,0.0,1.0,-0.029549631477329162
2024-08-06 20:00:00+00:00,20260126_001633_64609a82_StateSignal_SPY,0.006869113186333376,0.006869113186333376,0.9182148370449008,0.9182148370449008,0.0,0.0,1.0,0.006869113186333376
2024-08-07 20:00:00+00:00,20260126_001633_64609a82_StateSignal_SPY,-0.021384645928389085,-0.021384645928389085,0.8985791378685022,0.8985791378685022,0.0,0.0,1.0,-0.021384645928389085
2024-08-08 20:00:00+00:00,20260126_001633_64609a82_StateSignal_SPY,0.013601183378251416,0.013601183378251416,0.9108008775025228,0.9108008775025228,0.0,0.0,1.0,0.013601183378251416
2024-08-09 20:00:00+00:00,20260126_001633_64609a82_StateSignal_SPY,0.006497947936250437,0.006497947936250437,0.9167192141848254,0.9167192141848254,0.0,0.0,1.0,0.006497947936250437
2024-08-12 20:00:00+00:00,20260126_001633_64609a82_StateSignal_SPY,0.0006875740367899547,0.0006875740367899547,0.9173495265155254,0.9173495265155254,0.0,0.0,1.0,0.0006875740367899547
2024-08-13 20:00:00+00:00,20260126_001633_64609a82_StateSignal_SPY,0.008242608085385995,0.008242608085385995,0.9249108791399072,0.9249108791399072,0.0,0.0,1.0,0.008242608085385995
2024-08-14 20:00:00+00:00,20260126_001633_64609a82_StateSignal_SPY,0.0032069642931239943,0.0032069642931239943,0.9278770353036309,0.9278770353036309,0.0,0.0,1.0,0.0032069642931239943
2024-08-15 20:00:00+00:00,20260126_001633_64609a82_StateSignal_SPY,0.01674813554448265,0.01674813554448265,0.9434172456595089,0.9434172456595089,0.0,0.0,1.0,0.01674813554448265
2024-08-16 20:00:00+00:00,20260126_001633_64609a82_StateSignal_SPY,0.002262257151535002,0.002262257151535002,0.9455514980703835,0.9455514980703835,0.0,0.0,1.0,0.002262257151535002
2024-08-19 20:00:00+00:00,20260126_001633_64609a82_StateSignal_SPY,0.009453266108439896,0.009453266108439896,0.9544900480008769,0.9544900480008769,0.0,0.0,1.0,0.009453266108439896
2024-08-20 20:00:00+00:00,20260126_001633_64609a82_StateSignal_SPY,-0.002548374970709172,-0.002548374970709172,0.9520576494527605,0.9520576494527605,0.0,0.0,1.0,-0.002548374970709172
2024-08-21 20:00:00+00:00,20260126_001633_64609a82_StateSignal_SPY,0.0035477481743832378,0.0035477481743832378,0.9554353102405142,0.9554353102405142,0.0,0.0,1.0,0.0035477481743832378
2024-08-22 20:00:00+00:00,20260126_001633_64609a82_StateSignal_SPY,-0.011447623944914845,-0.011447623944914845,0.9444978461051877,0.9444978461051877,0.0,0.0,1.0,-0.011447623944914845
2024-08-23 20:00:00+00:00,20260126_001633_64609a82_StateSignal_SPY,0.004975676714113203,0.004975676714113203,0.9491973620445833,0.9491973620445833,0.0,0.0,1.0,0.004975676714113203
2024-08-26 20:00:00+00:00,20260126_001633_64609a82_StateSignal_SPY,-0.004583133786652391,-0.004583133786652391,0.9448470635443954,0.9448470635443954,0.0,0.0,1.0,-0.004583133786652391
2024-08-27 20:00:00+00:00,20260126_001633_64609a82_StateSignal_SPY,0.0013970917367383618,0.0013970917367383618,0.9461671015693547,0.9461671015693547,0.0,0.0,1.0,0.0013970917367383618
2024-08-28 20:00:00+00:00,20260126_001633_64609a82_StateSignal_SPY,-0.005745992716287532,-0.005745992716287532,0.9407304322953464,0.9407304322953464,0.0,0.0,1.0,-0.005745992716287532
2024-08-29 20:00:00+00:00,20260126_001633_64609a82_StateSignal_SPY,-5.470908445696254e-05,-5.470908445696254e-05,0.9406789657946747,0.9406789657946747,0.0,0.0,1.0,-5.470908445696254e-05
2024-08-30 20:00:00+00:00,20260126_001633_64609a82_StateSignal_SPY,0.003329837670802218,0.003329837670802218,0.9438112740511091,0.9438112740511091,0.0,0.0,1.0,0.003329837670802218
2024-09-03 20:00:00+00:00,20260126_001633_64609a82_StateSignal_SPY,-0.013607894753275231,-0.013607894753275231,0.930967989566867,0.930967989566867,0.0,0.0,1.0,-0.013607894753275231
2024-09-04 20:00:00+00:00,20260126_001633_64609a82_StateSignal_SPY,-0.0012377039403902949,-0.0012377039403902949,0.9298157268178029,0.9298157268178029,0.0,0.0,1.0,-0.0012377039403902949
2024-09-05 20:00:00+00:00,20260126_001633_64609a82_StateSignal_SPY,-0.0025356062483444853,-0.0025356062483444853,0.9274580802510747,0.9274580802510747,0.0,0.0,1.0,-0.0025356062483444853
2024-09-06 20:00:00+00:00,20260126_001633_64609a82_StateSignal_SPY,-0.016479885680893792,-0.016479885680893792,0.9121736771147158,0.9121736771147158,0.0,0.0,1.0,-0.016479885680893792
2024-09-09 20:00:00+00:00,20260126_001633_64609a82_StateSignal_SPY,0.0032100359765476674,0.0032100359765476674,0.9151017874351137,0.9151017874351137,0.0,0.0,1.0,0.0032100359765476674
2024-09-10 20:00:00+00:00,20260126_001633_64609a82_StateSignal_SPY,0.004239342930133861,0.004239342930133861,0.9189812177280298,0.9189812177280298,0.0,0.0,1.0,0.004239342930133861
2024-09-11 20:00:00+00:00,20260126_001633_64609a82_StateSignal_SPY,0.014731459153052778,0.014731459153052778,0.9325191519994129,0.9325191519994129,0.0,0.0,1.0,0.014731459153052778
2024-09-12 20:00:00+00:00,20260126_001633_64609a82_StateSignal_SPY,0.007678703835406556,0.007678703835406556,0.9396796903884608,0.9396796903884608,0.0,0.0,1.0,0.007678703835406556
2024-09-13 20:00:00+00:00,20260126_001633_64609a82_StateSignal_SPY,0.00505033228364314,0.00505033228364314,0.9444253850651133,0.9444253850651133,0.0,0.0,1.0,0.00505033228364314
2024-09-16 20:00:00+00:00,20260126_001633_64609a82_StateSignal_SPY,0.0032251078831396435,0.0032251078831396435,0.9474712588195239,0.9474712588195239,0.0,0.0,1.0,0.0032251078831396435
2024-09-17 20:00:00+00:00,20260126_001633_64609a82_StateSignal_SPY,-0.003411340137112787,-0.003411340137112787,0.9442391120855521,0.9442391120855521,0.0,0.0,1.0,-0.003411340137112787
2024-09-18 20:00:00+00:00,20260126_001633_64609a82_StateSignal_SPY,-0.003132783584407398,-0.003132783584407398,0.941281015295455,0.941281015295455,0.0,0.0,1.0,-0.003132783584407398
2024-09-19 20:00:00+00:00,20260126_001633_64609a82_StateSignal_SPY,0.016958550552785015,0.016958550552785015,0.9572437769777198,0.9572437769777198,0.0,0.0,1.0,0.016958550552785015
2024-09-20 20:00:00+00:00,20260126_001633_64609a82_StateSignal_SPY,0.0001250971738605186,0.0001250971738605186,0.9573635254689152,0.9573635254689152,0.0,0.0,1.0,0.0001250971738605186
2024-09-23 20:00:00+00:00,20260126_001633_64609a82_StateSignal_SPY,0.0012125536435738777,0.0012125536435738777,0.9585243800999473,0.9585243800999473,0.0,0.0,1.0,0.0012125536435738777
2024-09-24 20:00:00+00:00,20260126_001633_64609a82_StateSignal_SPY,0.002562096626077024,0.002562096626077024,0.960980212180214,0.960980212180214,0.0,0.0,1.0,0.002562096626077024
2024-09-25 20:00:00+00:00,20260126_001633_64609a82_StateSignal_SPY,-0.0025256581022756884,-0.0025256581022756884,0.9585531047211945,0.9585531047211945,0.0,0.0,1.0,-0.0025256581022756884
2024-09-26 20:00:00+00:00,20260126_001633_64609a82_StateSignal_SPY,-0.0025160366226693416,-0.0025160366226693416,0.9561413500049426,0.9561413500049426,0.0,0.0,1.0,-0.0025160366226693416
2024-09-27 20:00:00+00:00,20260126_001633_64609a82_StateSignal_SPY,-0.0026788502293164664,-0.0026788502293164664,0.9535799905302229,0.9535799905302229,0.0,0.0,1.0,-0.0026788502293164664
2024-09-30 20:00:00+00:00,20260126_001633_64609a82_StateSignal_SPY,0.00547897997242029,0.00547897997242029,0.9588046362004387,0.9588046362004387,0.0,0.0,1.0,0.00547897997242029
2024-10-01 20:00:00+00:00,20260126_001633_64609a82_StateSignal_SPY,-0.00294120480480071,-0.00294120480480071,0.9559845953975806,0.9559845953975806,0.0,0.0,1.0,-0.00294120480480071
2024-10-02 20:00:00+00:00,20260126_001633_64609a82_StateSignal_SPY,0.005942170978176795,0.005942170978176795,0.9616652193159363,0.9616652193159363,0.0,0.0,1.0,0.005942170978176795
2024-10-03 20:00:00+00:00,20260126_001633_64609a82_StateSignal_SPY,0.000876432083432078,0.000876432083432078,0.9625080535676654,0.9625080535676654,0.0,0.0,1.0,0.000876432083432078
2024-10-04 20:00:00+00:00,20260126_001633_64609a82_StateSignal_SPY,0.0017732701967273692,0.0017732701967273692,0.9642148404131672,0.9642148404131672,0.0,0.0,1.0,0.0017732701967273692
2024-10-07 20:00:00+00:00,20260126_001633_64609a82_StateSignal_SPY,-0.005757745614071829,-0.005757745614071829,0.9586631366447553,0.9586631366447553,0.0,0.0,1.0,-0.005757745614071829
2024-10-08 20:00:00+00:00,20260126_001633_64609a82_StateSignal_SPY,0.00944804857431422,0.00944804857431422,0.9677206325261795,0.9677206325261795,0.0,0.0,1.0,0.00944804857431422
2024-10-09 20:00:00+00:00,20260126_001633_64609a82_StateSignal_SPY,0.006742114174592062,0.006742114174592062,0.9742451155197793,0.9742451155197793,0.0,0.0,1.0,0.006742114174592062
2024-10-10 20:00:00+00:00,20260126_001633_64609a82_StateSignal_SPY,0.0015514812703103275,0.0015514812703103275,0.9757566385691996,0.9757566385691996,0.0,0.0,1.0,0.0015514812703103275
2024-10-11 20:00:00+00:00,20260126_001633_64609a82_StateSignal_SPY,0.004757441363926141,0.004757441363926141,0.9803987435626543,0.9803987435626543,0.0,0.0,1.0,0.004757441363926141
2024-10-14 20:00:00+00:00,20260126_001633_64609a82_StateSignal_SPY,0.0038117828359760415,0.0038117828359760415,0.9841358106657789,0.9841358106657789,0.0,0.0,1.0,0.0038117828359760415
2024-10-15 20:00:00+00:00,20260126_001633_64609a82_StateSignal_SPY,-0.007864924966064892,-0.007864924966064892,0.976395656358475,0.976395656358475,0.0,0.0,1.0,-0.007864924966064892
2024-10-16 20:00:00+00:00,20260126_001633_64609a82_StateSignal_SPY,0.0042627597742720316,0.0042627597742720316,0.9805577964861738,0.9805577964861738,0.0,0.0,1.0,0.0042627597742720316
2024-10-17 20:00:00+00:00,20260126_001633_64609a82_StateSignal_SPY,-0.00334128358468557,-0.00334128358468557,0.9772814748169392,0.9772814748169392,0.0,0.0,1.0,-0.00334128358468557
2024-10-18 20:00:00+00:00,20260126_001633_64609a82_StateSignal_SPY,0.003914444059252338,0.003914444059252338,0.9811069884802536,0.9811069884802536,0.0,0.0,1.0,0.003914444059252338
2024-10-21 20:00:00+00:00,20260126_001633_64609a82_StateSignal_SPY,-0.0005910782133774911,-0.0005910782133774911,0.9805270775143705,0.9805270775143705,0.0,0.0,1.0,-0.0005910782133774911
2024-10-22 20:00:00+00:00,20260126_001633_64609a82_StateSignal_SPY,0.004202529442890452,0.004202529442890452,0.984647771427176,0.984647771427176,0.0,0.0,1.0,0.004202529442890452
2024-10-23 20:00:00+00:00,20260126_001633_64609a82_StateSignal_SPY,-0.009107419632287414,-0.009107419632287414,0.975680170982792,0.975680170982792,0.0,0.0,1.0,-0.009107419632287414
2024-10-24 20:00:00+00:00,20260126_001633_64609a82_StateSignal_SPY,0.0020524702624035527,0.0020524702624035527,0.9776827255193511,0.9776827255193511,0.0,0.0,1.0,0.0020524702624035527
2024-10-25 20:00:00+00:00,20260126_001633_64609a82_StateSignal_SPY,-0.00038561312964677886,-0.00038561312964677886,0.977305718223762,0.977305718223762,0.0,0.0,1.0,-0.00038561312964677886
2024-10-28 20:00:00+00:00,20260126_001633_64609a82_StateSignal_SPY,0.003045794260511332,0.003045794260511332,0.9802823903710929,0.9802823903710929,0.0,0.0,1.0,0.003045794260511332
2024-10-29 20:00:00+00:00,20260126_001633_64609a82_StateSignal_SPY,0.004091701664119662,0.004091701664119662,0.9842934134590816,0.9842934134590816,0.0,0.0,1.0,0.004091701664119662
2024-10-30 20:00:00+00:00,20260126_001633_64609a82_StateSignal_SPY,0.0002450594281377136,0.0002450594281377136,0.9845346238401037,0.9845346238401037,0.0,0.0,1.0,0.0002450594281377136
2024-10-31 20:00:00+00:00,20260126_001633_64609a82_StateSignal_SPY,-0.011486930684426654,-0.011486930684426654,0.9732253428596344,0.9732253428596344,0.0,0.0,1.0,-0.011486930684426654
2024-11-01 20:00:00+00:00,20260126_001633_64609a82_StateSignal_SPY,-0.003070563189220753,-0.003070563189220753,0.9702369929470328,0.9702369929470328,0.0,0.0,1.0,-0.003070563189220753
2024-11-04 21:00:00+00:00,20260126_001633_64609a82_StateSignal_SPY,-0.002188866134145564,-0.002188866134145564,0.9681132740510758,0.9681132740510758,0.0,0.0,1.0,-0.002188866134145564
2024-11-05 21:00:00+00:00,20260126_001633_64609a82_StateSignal_SPY,0.0078103309103367624,0.0078103309103367624,0.9756745590801043,0.9756745590801043,0.0,0.0,1.0,0.0078103309103367624
2024-11-06 21:00:00+00:00,20260126_001633_64609a82_StateSignal_SPY,0.005355848683380752,0.005355848683380752,0.9809001243827614,0.9809001243827614,0.0,0.0,1.0,0.005355848683380752
2024-11-07 21:00:00+00:00,20260126_001633_64609a82_StateSignal_SPY,0.004302991408208059,0.004302991408208059,0.9851209291902906,0.9851209291902906,0.0,0.0,1.0,0.004302991408208059
2024-11-08 21:00:00+00:00,20260126_001633_64609a82_StateSignal_SPY,0.0030928210086897828,0.0030928210086897828,0.9881677318961903,0.9881677318961903,0.0,0.0,1.0,0.0030928210086897828
2024-11-11 21:00:00+00:00,20260126_001633_64609a82_StateSignal_SPY,0.000932764697194412,0.000932764697194412,0.9890894598714097,0.9890894598714097,0.0,0.0,1.0,0.000932764697194412
2024-11-12 21:00:00+00:00,20260126_001633_64609a82_StateSignal_SPY,-0.0035308733147018643,-0.0035308733147018643,0.9855971102916969,0.9855971102916969,0.0,0.0,1.0,-0.0035308733147018643
2024-11-13 21:00:00+00:00,20260126_001633_64609a82_StateSignal_SPY,-0.0008324909798744897,-0.0008324909798744897,0.9847766095875887,0.9847766095875887,0.0,0.0,1.0,-0.0008324909798744897
2024-11-14 21:00:00+00:00,20260126_001633_64609a82_StateSignal_SPY,-0.006377050665785183,-0.006377050665785183,0.9784966392537685,0.9784966392537685,0.0,0.0,1.0,-0.006377050665785183
2024-11-15 21:00:00+00:00,20260126_001633_64609a82_StateSignal_SPY,-0.005995439323008508,-0.005995439323008508,0.9726301220253548,0.9726301220253548,0.0,0.0,1.0,-0.005995439323008508
2024-11-18 21:00:00+00:00,20260126_001633_64609a82_StateSignal_SPY,0.003526608778972621,0.003526608778972621,0.9760602079523827,0.9760602079523827,0.0,0.0,1.0,0.003526608778972621
2024-11-19 21:00:00+00:00,20260126_001633_64609a82_StateSignal_SPY,0.007717646365813659,0.007717646365813659,0.9835930954691018,0.9835930954691018,0.0,0.0,1.0,0.007717646365813659
2024-11-20 21:00:00+00:00,20260126_001633_64609a82_StateSignal_SPY,0.0004986459287430225,0.0004986459287430225,0.9840835601616972,0.9840835601616972,0.0,0.0,1.0,0.0004986459287430225
2024-11-21 21:00:00+00:00,20260126_001633_64609a82_StateSignal_SPY,0.005366171787206792,0.005366171787206792,0.989364321598491,0.989364321598491,0.0,0.0,1.0,0.005366171787206792
2024-11-22 21:00:00+00:00,20260126_001633_64609a82_StateSignal_SPY,-0.00023861060566917892,-0.00023861060566917892,0.9891282487784868,0.9891282487784868,0.0,0.0,1.0,-0.00023861060566917892
2024-11-25 21:00:00+00:00,20260126_001633_64609a82_StateSignal_SPY,0.0033353784920056033,0.0033353784920056033,0.9924273658652978,0.9924273658652978,0.0,0.0,1.0,0.0033353784920056033
2024-11-26 21:00:00+00:00,20260126_001633_64609a82_StateSignal_SPY,0.003283519359221207,0.003283519359221207,0.9956860203337373,0.9956860203337373,0.0,0.0,1.0,0.003283519359221207
2024-11-27 21:00:00+00:00,20260126_001633_64609a82_StateSignal_SPY,-0.003148702493094224,-0.003148702493094224,0.9925509012791734,0.9925509012791734,0.0,0.0,1.0,-0.003148702493094224
2024-11-29 21:00:00+00:00,20260126_001633_64609a82_StateSignal_SPY,0.00361200115893549,0.00361200115893549,0.9961359962848964,0.9961359962848964,0.0,0.0,1.0,0.00361200115893549
2024-12-02 21:00:00+00:00,20260126_001633_64609a82_StateSignal_SPY,0.00127875103656699,0.00127875103656699,0.9974098062227074,0.9974098062227074,0.0,0.0,1.0,0.00127875103656699
2024-12-03 21:00:00+00:00,20260126_001633_64609a82_StateSignal_SPY,0.0,0.0,0.9974098062227074,0.9974098062227074,0.0,0.0,0.0,0.0
2024-12-04 21:00:00+00:00,20260126_001633_64609a82_StateSignal_SPY,0.0,0.0,0.9974098062227074,0.9974098062227074,0.0,0.0,0.0,0.0
2024-12-05 21:00:00+00:00,20260126_001633_64609a82_StateSignal_SPY,0.0,0.0,0.9974098062227074,0.9974098062227074,0.0,0.0,0.0,-0.0
2024-12-06 21:00:00+00:00,20260126_001633_64609a82_StateSignal_SPY,0.0,0.0,0.9974098062227074,0.9974098062227074,0.0,0.0,0.0,-0.0
2024-12-09 21:00:00+00:00,20260126_001633_64609a82_StateSignal_SPY,0.0,0.0,0.9974098062227074,0.9974098062227074,0.0,0.0,0.0,-0.0
2024-12-10 21:00:00+00:00,20260126_001633_64609a82_StateSignal_SPY,0.0,0.0,0.9974098062227074,0.9974098062227074,0.0,0.0,0.0,-0.0
2024-12-11 21:00:00+00:00,20260126_001633_64609a82_StateSignal_SPY,0.0025762000263028374,0.0025762000263028374,0.999979333391733,0.999979333391733,0.0,0.0,1.0,0.0025762000263028374
2024-12-12 21:00:00+00:00,20260126_001633_64609a82_StateSignal_SPY,-0.0033031275578932367,-0.0033031275578932367,0.9966762740982831,0.9966762740982831,0.0,0.0,1.0,-0.0033031275578932367
2024-12-13 21:00:00+00:00,20260126_001633_64609a82_StateSignal_SPY,-0.004157382817278204,-0.004157382817278204,0.992532709281958,0.992532709281958,0.0,0.0,1.0,-0.004157382817278204
2024-12-16 21:00:00+00:00,20260126_001633_64609a82_StateSignal_SPY,0.001858440951784054,0.001858440951784054,0.9943772727148729,0.9943772727148729,0.0,0.0,1.0,0.001858440951784054
2024-12-17 21:00:00+00:00,20260126_001633_64609a82_StateSignal_SPY,-0.0005710063301729428,-0.0005710063301729428,0.9938094769975726,0.9938094769975726,0.0,0.0,1.0,-0.0005710063301729428
2024-12-18 21:00:00+00:00,20260126_001633_64609a82_StateSignal_SPY,-0.029288691127081847,-0.029288691127081847,0.9647020981866239,0.9647020981866239,0.0,0.0,1.0,-0.029288691127081847
2024-12-19 21:00:00+00:00,20260126_001633_64609a82_StateSignal_SPY,-0.008484564935814322,-0.008484564935814322,0.9565170205908432,0.9565170205908432,0.0,0.0,1.0,-0.008484564935814322
2024-12-20 21:00:00+00:00,20260126_001633_64609a82_StateSignal_SPY,0.01382589945383861,0.01382589945383861,0.9697417287434176,0.9697417287434176,0.0,0.0,1.0,0.01382589945383861
2024-12-23 21:00:00+00:00,20260126_001633_64609a82_StateSignal_SPY,0.003783948269902048,0.003783948269902048,0.973411181280148,0.973411181280148,0.0,0.0,1.0,0.003783948269902048
2024-12-24 21:00:00+00:00,20260126_001633_64609a82_StateSignal_SPY,0.007280130122751884,0.007280130122751884,0.9804977413428091,0.9804977413428091,0.0,0.0,1.0,0.007280130122751884
2024-12-26 21:00:00+00:00,20260126_001633_64609a82_StateSignal_SPY,0.0022407745941792024,0.0022407745941792024,0.9826948157712602,0.9826948157712602,0.0,0.0,1.0,0.0022407745941792024
2024-12-27 21:00:00+00:00,20260126_001633_64609a82_StateSignal_SPY,-0.0026321390700688794,-0.0026321390700688794,0.9801082263527146,0.9801082263527146,0.0,0.0,1.0,-0.0026321390700688794
2024-12-30 21:00:00+00:00,20260126_001633_64609a82_StateSignal_SPY,0.003859944136299533,0.003859944136299533,0.9838913893539638,0.9838913893539638,0.0,0.0,1.0,0.003859944136299533
2024-12-31 21:00:00+00:00,20260126_001633_64609a82_StateSignal_SPY,-0.00519973623342433,-0.00519973623342433,0.9787754136469858,0.9787754136469858,0.0,0.0,1.0,-0.00519973623342433
2025-01-02 21:00:00+00:00,20260126_001633_64609a82_StateSignal_SPY,-0.0024888963191184955,-0.0024888963191184955,0.9763393431227161,0.9763393431227161,0.0,0.0,1.0,-0.0024888963191184955
2025-01-03 21:00:00+00:00,20260126_001633_64609a82_StateSignal_SPY,0.012451362131146282,0.012451362131146282,0.9884960978468226,0.9884960978468226,0.0,0.0,1.0,0.012451362131146282
2025-01-06 21:00:00+00:00,20260126_001633_64609a82_StateSignal_SPY,0.0058622209087714735,0.0058622209087714735,0.9942908803398592,0.9942908803398592,0.0,0.0,1.0,0.0058622209087714735
2025-01-07 21:00:00+00:00,20260126_001633_64609a82_StateSignal_SPY,-0.011294921222689363,-0.011294921222689363,0.983060443173982,0.983060443173982,0.0,0.0,1.0,-0.011294921222689363
2025-01-08 21:00:00+00:00,20260126_001633_64609a82_StateSignal_SPY,0.0032325761496191856,0.0032325761496191856,0.9862382609162204,0.9862382609162204,0.0,0.0,1.0,0.0032325761496191856
2025-01-10 21:00:00+00:00,20260126_001633_64609a82_StateSignal_SPY,-0.01513490045936475,-0.01513490045936475,0.9713116430080364,0.9713116430080364,0.0,0.0,1.0,-0.01513490045936475
2025-01-13 21:00:00+00:00,20260126_001633_64609a82_StateSignal_SPY,0.007878802166269521,0.007878802166269521,0.9789644152850909,0.9789644152850909,0.0,0.0,1.0,0.007878802166269521
2025-01-14 21:00:00+00:00,20260126_001633_64609a82_StateSignal_SPY,0.0013563568253965783,0.0013563568253965783,0.9802922403515831,0.9802922403515831,0.0,0.0,1.0,0.0013563568253965783
2025-01-15 21:00:00+00:00,20260126_001633_64609a82_StateSignal_SPY,0.017962337678168832,0.017962337678168832,0.9979005805960669,0.9979005805960669,0.0,0.0,1.0,0.017962337678168832
2025-01-16 21:00:00+00:00,20260126_001633_64609a82_StateSignal_SPY,-0.0024079730875909205,-0.0024079730875909205,0.9954976628539003,0.9954976628539003,0.0,0.0,1.0,-0.0024079730875909205
2025-01-17 21:00:00+00:00,20260126_001633_64609a82_StateSignal_SPY,0.0025594752643347705,0.0025594752643347705,0.9980456144976779,0.9980456144976779,0.0,0.0,1.0,0.0025594752643347705
2025-01-21 21:00:00+00:00,20260126_001633_64609a82_StateSignal_SPY,0.004608380592953756,0.004608380592953756,1.0026449885384117,1.0026449885384117,0.0,0.0,1.0,0.004608380592953756
2025-01-22 21:00:00+00:00,20260126_001633_64609a82_StateSignal_SPY,0.0009348447336256746,0.0009348447336256746,1.003582305925643,1.003582305925643,0.0,0.0,1.0,0.0009348447336256746
2025-01-23 21:00:00+00:00,20260126_001633_64609a82_StateSignal_SPY,0.005675166888233849,0.005675166888233849,1.0092778029978495,1.0092778029978495,0.0,0.0,1.0,0.005675166888233849
2025-01-24 21:00:00+00:00,20260126_001633_64609a82_StateSignal_SPY,-0.0037706746336364093,-0.0037706746336364093,1.0054721447877932,1.0054721447877932,0.0,0.0,1.0,-0.0037706746336364093
2025-01-27 21:00:00+00:00,20260126_001633_64609a82_StateSignal_SPY,0.0032454938138177635,0.0032454938138177635,1.0087353984136682,1.0087353984136682,0.0,0.0,1.0,0.0032454938138177635
2025-01-28 21:00:00+00:00,20260126_001633_64609a82_StateSignal_SPY,0.010244767500823461,0.010244767500823461,1.0190696580402667,1.0190696580402667,0.0,0.0,1.0,0.010244767500823461
2025-01-29 21:00:00+00:00,20260126_001633_64609a82_StateSignal_SPY,-0.004428200063687071,-0.004428200063687071,1.0145570137156312,1.0145570137156312,0.0,0.0,1.0,-0.004428200063687071
2025-01-30 21:00:00+00:00,20260126_001633_64609a82_StateSignal_SPY,0.0005856711540301801,0.0005856711540301801,1.0151512104926834,1.0151512104926834,0.0,0.0,1.0,0.0005856711540301801
2025-01-31 21:00:00+00:00,20260126_001633_64609a82_StateSignal_SPY,-0.009836803087600758,-0.009836803087600758,1.0051653679309274,1.0051653679309274,0.0,0.0,1.0,-0.009836803087600758
2025-02-03 21:00:00+00:00,20260126_001633_64609a82_StateSignal_SPY,0.007322181790560658,0.007322181790560658,1.0125253714844935,1.0125253714844935,0.0,0.0,1.0,0.007322181790560658
2025-02-04 21:00:00+00:00,20260126_001633_64609a82_StateSignal_SPY,0.005817352065913096,0.005817352065913096,1.0184155880460881,1.0184155880460881,0.0,0.0,1.0,0.005817352065913096
2025-02-05 21:00:00+00:00,20260126_001633_64609a82_StateSignal_SPY,0.005373197378887511,0.005373197378887511,1.0238877360143956,1.0238877360143956,0.0,0.0,1.0,0.005373197378887511
2025-02-06 21:00:00+00:00,20260126_001633_64609a82_StateSignal_SPY,0.003460471368662465,0.003460471368662465,1.0274308702095982,1.0274308702095982,0.0,0.0,1.0,0.003460471368662465
2025-02-07 21:00:00+00:00,20260126_001633_64609a82_StateSignal_SPY,-0.011152158448695874,-0.011152158448695874,1.0159727983499394,1.0159727983499394,0.0,0.0,1.0,-0.011152158448695874
2025-02-10 21:00:00+00:00,20260126_001633_64609a82_StateSignal_SPY,0.0027972983290964733,0.0027972983290964733,1.018814777361171,1.018814777361171,0.0,0.0,1.0,0.0027972983290964733
2025-02-11 21:00:00+00:00,20260126_001633_64609a82_StateSignal_SPY,0.0006521357676751591,0.0006521357676751591,1.0194791829181244,1.0194791829181244,0.0,0.0,1.0,0.0006521357676751591
2025-02-12 21:00:00+00:00,20260126_001633_64609a82_StateSignal_SPY,-0.0032313992606500747,-0.0032313992606500747,1.0161848386401946,1.0161848386401946,0.0,0.0,1.0,-0.0032313992606500747
2025-02-13 21:00:00+00:00,20260126_001633_64609a82_StateSignal_SPY,0.008599336385055851,0.008599336385055851,1.0249233538970552,1.0249233538970552,0.0,0.0,1.0,0.008599336385055851
2025-02-14 21:00:00+00:00,20260126_001633_64609a82_StateSignal_SPY,-0.0012771499733174605,-0.0012771499733174605,1.0236143730629732,1.0236143730629732,0.0,0.0,1.0,-0.0012771499733174605
2025-02-18 21:00:00+00:00,20260126_001633_64609a82_StateSignal_SPY,0.0019380653578698285,0.0019380653578698285,1.0255982046192242,1.0255982046192242,0.0,0.0,1.0,0.0019380653578698285
2025-02-19 21:00:00+00:00,20260126_001633_64609a82_StateSignal_SPY,0.004748401996253309,0.004748401996253309,1.030468157181392,1.030468157181392,0.0,0.0,1.0,0.004748401996253309
2025-02-20 21:00:00+00:00,20260126_001633_64609a82_StateSignal_SPY,-0.004134971157921727,-0.004134971157921727,1.0262072010722902,1.0262072010722902,0.0,0.0,1.0,-0.004134971157921727
2025-02-21 21:00:00+00:00,20260126_001633_64609a82_StateSignal_SPY,-0.015210500320450208,-0.015210500320450208,1.0105980761115319,1.0105980761115319,0.0,0.0,1.0,-0.015210500320450208
2025-02-24 21:00:00+00:00,20260126_001633_64609a82_StateSignal_SPY,-0.004681474507961693,-0.004681474507961693,1.0058669869804204,1.0058669869804204,0.0,0.0,1.0,-0.004681474507961693
2025-02-25 21:00:00+00:00,20260126_001633_64609a82_StateSignal_SPY,-0.0034322254782934315,-0.0034322254782934315,1.002414624679932,1.002414624679932,0.0,0.0,1.0,-0.0034322254782934315
2025-02-26 21:00:00+00:00,20260126_001633_64609a82_StateSignal_SPY,0.00013615399037333463,0.00013615399037333463,1.0025511074310907,1.0025511074310907,0.0,0.0,1.0,0.00013615399037333463
2025-02-27 21:00:00+00:00,20260126_001633_64609a82_StateSignal_SPY,-0.017740230601417287,-0.017740230601417287,0.9847656195955569,0.9847656195955569,0.0,0.0,1.0,-0.017740230601417287
2025-02-28 21:00:00+00:00,20260126_001633_64609a82_StateSignal_SPY,0.01346284664797142,0.01346284664797142,0.9980233681163664,0.9980233681163664,0.0,0.0,1.0,0.01346284664797142
2025-03-03 21:00:00+00:00,20260126_001633_64609a82_StateSignal_SPY,-0.018487734004685608,-0.018487734004685608,0.9795721775561705,0.9795721775561705,0.0,0.0,1.0,-0.018487734004685608
2025-03-04 21:00:00+00:00,20260126_001633_64609a82_StateSignal_SPY,-0.002749636136089929,-0.002749636136089929,0.9768787104988538,0.9768787104988538,0.0,0.0,1.0,-0.002749636136089929
2025-03-05 21:00:00+00:00,20260126_001633_64609a82_StateSignal_SPY,0.007752044325630719,0.007752044325630719,0.9844515175634059,0.9844515175634059,0.0,0.0,1.0,0.007752044325630719
2025-03-06 21:00:00+00:00,20260126_001633_64609a82_StateSignal_SPY,-0.017805559824315958,-0.017805559824315958,0.966922807173292,0.966922807173292,0.0,0.0,1.0,-0.017805559824315958
2025-03-07 21:00:00+00:00,20260126_001633_64609a82_StateSignal_SPY,0.0033441903911604932,0.0033441903911604932,0.9701563811340348,0.9701563811340348,0.0,0.0,1.0,0.0033441903911604932
2025-03-10 20:00:00+00:00,20260126_001633_64609a82_StateSignal_SPY,-0.008461672905836935,-0.008461672905836935,0.9619472351693682,0.9619472351693682,0.0,0.0,1.0,-0.008461672905836935
2025-03-11 20:00:00+00:00,20260126_001633_64609a82_StateSignal_SPY,-0.008767219146155487,-0.008767219146155487,0.9535136329516,0.9535136329516,0.0,0.0,1.0,-0.008767219146155487
2025-03-12 20:00:00+00:00,20260126_001633_64609a82_StateSignal_SPY,-0.003036384700153557,-0.003036384700153557,0.9506183987451179,0.9506183987451179,0.0,0.0,1.0,-0.003036384700153557
2025-03-13 20:00:00+00:00,20260126_001633_64609a82_StateSignal_SPY,-0.013173548623873639,-0.013173548623873639,0.9380953810465001,0.9380953810465001,0.0,0.0,1.0,-0.013173548623873639
2025-03-14 20:00:00+00:00,20260126_001633_64609a82_StateSignal_SPY,0.008448771214491866,0.008448771214491866,0.9460211342983336,0.9460211342983336,0.0,0.0,1.0,0.008448771214491866
2025-03-17 20:00:00+00:00,20260126_001633_64609a82_StateSignal_SPY,0.007504087222550382,0.007504087222550382,0.9531201594044844,0.9531201594044844,0.0,0.0,1.0,0.007504087222550382
2025-03-18 20:00:00+00:00,20260126_001633_64609a82_StateSignal_SPY,-0.0018560403205477233,-0.0018560403205477233,0.9513511299583027,0.9513511299583027,0.0,0.0,1.0,-0.0018560403205477233
2025-03-19 20:00:00+00:00,20260126_001633_64609a82_StateSignal_SPY,0.009033614630331704,0.009033614630331704,0.9599452694444768,0.9599452694444768,0.0,0.0,1.0,0.009033614630331704
2025-03-20 20:00:00+00:00,20260126_001633_64609a82_StateSignal_SPY,-0.0023223004774118273,-0.0023223004774118273,0.9577159880869567,0.9577159880869567,0.0,0.0,1.0,-0.0023223004774118273
2025-03-21 20:00:00+00:00,20260126_001633_64609a82_StateSignal_SPY,0.008132096407754624,0.008132096407754624,0.9655042268333278,0.9655042268333278,0.0,0.0,1.0,0.008132096407754624
2025-03-24 20:00:00+00:00,20260126_001633_64609a82_StateSignal_SPY,0.017299261610316193,0.017299261610316193,0.9822067370391837,0.9822067370391837,0.0,0.0,1.0,0.017299261610316193
2025-03-25 20:00:00+00:00,20260126_001633_64609a82_StateSignal_SPY,0.0012102822837939252,0.0012102822837939252,0.9833954844520452,0.9833954844520452,0.0,0.0,1.0,0.0012102822837939252
2025-03-26 20:00:00+00:00,20260126_001633_64609a82_StateSignal_SPY,-0.01163705917459341,-0.01163705917459341,0.9719516530074487,0.9719516530074487,0.0,0.0,1.0,-0.01163705917459341
2025-03-27 20:00:00+00:00,20260126_001633_64609a82_StateSignal_SPY,0.002618385400911779,0.002618385400911779,0.9744965970260755,0.9744965970260755,0.0,0.0,1.0,0.002618385400911779
2025-03-28 20:00:00+00:00,20260126_001633_64609a82_StateSignal_SPY,-0.01661499695560161,-0.01661499695560161,0.9583053390332431,0.9583053390332431,0.0,0.0,1.0,-0.01661499695560161
2025-03-31 20:00:00+00:00,20260126_001633_64609a82_StateSignal_SPY,0.021346247499644266,0.021346247499644266,0.9787615619804771,0.9787615619804771,0.0,0.0,1.0,0.021346247499644266
2025-04-01 20:00:00+00:00,20260126_001633_64609a82_StateSignal_SPY,0.0074883739348846545,0.0074883739348846545,0.9860908945496787,0.9860908945496787,0.0,0.0,1.0,0.0074883739348846545
2025-04-02 20:00:00+00:00,20260126_001633_64609a82_StateSignal_SPY,0.006272197187005097,0.006272197187005097,0.9922758510846045,0.9922758510846045,0.0,0.0,1.0,0.006272197187005097
2025-04-03 20:00:00+00:00,20260126_001633_64609a82_StateSignal_SPY,-0.01669916775763231,-0.01669916775763231,0.9757056701854953,0.9757056701854953,0.0,0.0,1.0,-0.01669916775763231
2025-04-04 20:00:00+00:00,20260126_001633_64609a82_StateSignal_SPY,-0.027800866427145444,-0.027800866427145444,0.9485802071764599,0.9485802071764599,0.0,0.0,1.0,-0.027800866427145444
2025-04-07 20:00:00+00:00,20260126_001633_64609a82_StateSignal_SPY,0.04164631957269496,0.04164631957269496,0.988085081624864,0.988085081624864,0.0,0.0,1.0,0.04164631957269496
2025-04-08 20:00:00+00:00,20260126_001633_64609a82_StateSignal_SPY,-0.045638843563678144,-0.045638843563678144,0.9429900211569827,0.9429900211569827,0.0,0.0,1.0,-0.045638843563678144
2025-04-09 20:00:00+00:00,20260126_001633_64609a82_StateSignal_SPY,0.04493609763199369,0.04493609763199369,0.9853643128136886,0.9853643128136886,0.0,0.0,1.0,0.04493609763199369
2025-04-10 20:00:00+00:00,20260126_001633_64609a82_StateSignal_SPY,-0.010271606457105478,-0.010271606457105478,0.9752430383755902,0.9752430383755902,0.0,0.0,1.0,-0.010271606457105478
2025-04-11 20:00:00+00:00,20260126_001633_64609a82_StateSignal_SPY,0.016224291899095203,0.016224291899095203,0.9910656661027563,0.9910656661027563,0.0,0.0,1.0,0.016224291899095203
2025-04-14 20:00:00+00:00,20260126_001633_64609a82_StateSignal_SPY,0.009269161546723075,0.009269161546723075,1.0002520138652735,1.0002520138652735,0.0,0.0,1.0,0.009269161546723075
2025-04-15 20:00:00+00:00,20260126_001633_64609a82_StateSignal_SPY,-0.0076253499973987,-0.0076253499973987,0.9926247421739479,0.9926247421739479,0.0,0.0,1.0,-0.0076253499973987
2025-04-16 20:00:00+00:00,20260126_001633_64609a82_StateSignal_SPY,-0.0224059153546738,-0.0224059153546738,0.9703840762218435,0.9703840762218435,0.0,0.0,1.0,-0.0224059153546738
2025-04-17 20:00:00+00:00,20260126_001633_64609a82_StateSignal_SPY,0.0011505053904685891,0.0011505053904685891,0.9715005083323616,0.9715005083323616,0.0,0.0,1.0,0.0011505053904685891
2025-04-21 20:00:00+00:00,20260126_001633_64609a82_StateSignal_SPY,-0.010736209627825882,-0.010736209627825882,0.961070275221366,0.961070275221366,0.0,0.0,1.0,-0.010736209627825882
2025-04-22 20:00:00+00:00,20260126_001633_64609a82_StateSignal_SPY,0.01062242986658541,0.01062242986658541,0.9712791768167649,0.9712791768167649,0.0,0.0,1.0,0.01062242986658541
2025-04-23 20:00:00+00:00,20260126_001633_64609a82_StateSignal_SPY,-0.013773446027581904,-0.013773446027581904,0.9579013154971651,0.9579013154971651,0.0,0.0,1.0,-0.013773446027581904
2025-04-24 20:00:00+00:00,20260126_001633_64609a82_StateSignal_SPY,0.020608134928623026,0.020608134928623026,0.9776418750552363,0.9776418750552363,0.0,0.0,1.0,0.020608134928623026
2025-04-25 20:00:00+00:00,20260126_001633_64609a82_StateSignal_SPY,0.00750320749828704,0.00750320749828704,0.9849773249027901,0.9849773249027901,0.0,0.0,1.0,0.00750320749828704
2025-04-28 20:00:00+00:00,20260126_001633_64609a82_StateSignal_SPY,-0.0036176316586223724,-0.0036176316586223724,0.9814140397491966,0.9814140397491966,0.0,0.0,1.0,-0.0036176316586223724
2025-04-29 20:00:00+00:00,20260126_001633_64609a82_StateSignal_SPY,0.005457960886242894,0.005457960886242894,0.9867705591913573,0.9867705591913573,0.0,0.0,1.0,0.005457960886242894
2025-04-30 20:00:00+00:00,20260126_001633_64609a82_StateSignal_SPY,0.018986574377072643,0.018986574377072643,1.0055059518065497,1.0055059518065497,0.0,0.0,1.0,0.018986574377072643
2025-05-01 20:00:00+00:00,20260126_001633_64609a82_StateSignal_SPY,0.007888693038739951,0.007888693038739951,1.0134380796089775,1.0134380796089775,0.0,0.0,1.0,0.007888693038739951
2025-05-02 20:00:00+00:00,20260126_001633_64609a82_StateSignal_SPY,0.003370519200817962,0.003370519200817962,1.0168538921151395,1.0168538921151395,0.0,0.0,1.0,0.003370519200817962
2025-05-05 20:00:00+00:00,20260126_001633_64609a82_StateSignal_SPY,0.0017914088843623626,0.0017914088843623626,1.0186754932115731,1.0186754932115731,0.0,0.0,1.0,0.0017914088843623626
2025-05-06 20:00:00+00:00,20260126_001633_64609a82_StateSignal_SPY,-0.000830100201054278,-0.000830100201054278,1.0178298904798493,1.0178298904798493,0.0,0.0,1.0,-0.000830100201054278
2025-05-07 20:00:00+00:00,20260126_001633_64609a82_StateSignal_SPY,0.004395294751085193,0.004395294751085193,1.022303552854973,1.022303552854973,0.0,0.0,1.0,0.004395294751085193
2025-05-08 20:00:00+00:00,20260126_001633_64609a82_StateSignal_SPY,0.0003749966562098356,0.0003749966562098356,1.0226869132689251,1.0226869132689251,0.0,0.0,1.0,0.0003749966562098356
2025-05-09 20:00:00+00:00,20260126_001633_64609a82_StateSignal_SPY,-0.0014650708355780696,-0.0014650708355780696,1.0211886044983673,1.0211886044983673,0.0,0.0,1.0,-0.0014650708355780696
2025-05-12 20:00:00+00:00,20260126_001633_64609a82_StateSignal_SPY,0.007067412661888364,0.007067412661888364,1.0284057657719752,1.0284057657719752,0.0,0.0,1.0,0.007067412661888364
2025-05-13 20:00:00+00:00,20260126_001633_64609a82_StateSignal_SPY,0.00406525631780095,0.00406525631780095,1.0325864988085427,1.0325864988085427,0.0,0.0,1.0,0.00406525631780095
2025-05-14 20:00:00+00:00,20260126_001633_64609a82_StateSignal_SPY,-0.0003605119308405563,-0.0003605119308405563,1.0322142390560973,1.0322142390560973,0.0,0.0,1.0,-0.0003605119308405563
2025-05-15 20:00:00+00:00,20260126_001633_64609a82_StateSignal_SPY,0.005018293867440809,0.005018293867440809,1.0373941934418376,1.0373941934418376,0.0,0.0,1.0,0.005018293867440809
2025-05-16 20:00:00+00:00,20260126_001633_64609a82_StateSignal_SPY,0.006709834438304405,0.006709834438304405,1.0443549367270906,1.0443549367270906,0.0,0.0,1.0,0.006709834438304405
2025-05-19 20:00:00+00:00,20260126_001633_64609a82_StateSignal_SPY,0.007574053074809913,0.007574053074809913,1.0522649364468013,1.0522649364468013,0.0,0.0,1.0,0.007574053074809913
2025-05-20 20:00:00+00:00,20260126_001633_64609a82_StateSignal_SPY,-0.00011908508643513615,-0.00011908508643513615,1.0521396273858918,1.0521396273858918,0.0,0.0,1.0,-0.00011908508643513615
2025-05-21 20:00:00+00:00,20260126_001633_64609a82_StateSignal_SPY,-0.016865368487039088,-0.016865368487039088,1.0343949048702128,1.0343949048702128,0.0,0.0,1.0,-0.016865368487039088
2025-05-22 20:00:00+00:00,20260126_001633_64609a82_StateSignal_SPY,0.0009692606685154531,0.0009692606685154531,1.0353975031672162,1.0353975031672162,0.0,0.0,1.0,0.0009692606685154531
2025-05-23 20:00:00+00:00,20260126_001633_64609a82_StateSignal_SPY,0.003401690168022172,0.003401690168022172,1.038919604673735,1.038919604673735,0.0,0.0,1.0,0.003401690168022172
2025-05-27 20:00:00+00:00,20260126_001633_64609a82_StateSignal_SPY,0.009344179912582722,0.009344179912582722,1.0486274563745157,1.0486274563745157,0.0,0.0,1.0,0.009344179912582722
2025-05-28 20:00:00+00:00,20260126_001633_64609a82_StateSignal_SPY,-0.007879776518422938,-0.007879776518422938,1.0403645063672022,1.0403645063672022,0.0,0.0,1.0,-0.007879776518422938
2025-05-29 20:00:00+00:00,20260126_001633_64609a82_StateSignal_SPY,0.003665580233588496,0.003665580233588496,1.044178045937469,1.044178045937469,0.0,0.0,1.0,0.003665580233588496
2025-05-30 20:00:00+00:00,20260126_001633_64609a82_StateSignal_SPY,0.0027595681050829597,0.0027595681050829597,1.0470595263690659,1.0470595263690659,0.0,0.0,1.0,0.0027595681050829597
2025-06-02 20:00:00+00:00,20260126_001633_64609a82_StateSignal_SPY,0.005990443473212881,0.005990443473212881,1.053331877274869,1.053331877274869,0.0,0.0,1.0,0.005990443473212881
2025-06-03 20:00:00+00:00,20260126_001633_64609a82_StateSignal_SPY,0.005157186519747591,0.005157186519747591,1.0587641062331712,1.0587641062331712,0.0,0.0,1.0,0.005157186519747591
2025-06-04 20:00:00+00:00,20260126_001633_64609a82_StateSignal_SPY,-0.002349780049818176,-0.002349780049818176,1.0562762434588808,1.0562762434588808,0.0,0.0,1.0,-0.002349780049818176
2025-06-05 20:00:00+00:00,20260126_001633_64609a82_StateSignal_SPY,-0.0046830545746709504,-0.0046830545746709504,1.0513296441648343,1.0513296441648343,0.0,0.0,1.0,-0.0046830545746709504
2025-06-06 20:00:00+00:00,20260126_001633_64609a82_StateSignal_SPY,-0.0024220417532114405,-0.0024220417532114405,1.048783279870278,1.048783279870278,0.0,0.0,1.0,-0.0024220417532114405
2025-06-09 20:00:00+00:00,20260126_001633_64609a82_StateSignal_SPY,0.00045444218005438936,0.00045444218005438936,1.0492598912303868,1.0492598912303868,0.0,0.0,1.0,0.00045444218005438936
2025-06-10 20:00:00+00:00,20260126_001633_64609a82_StateSignal_SPY,0.00610647940917813,0.00610647940917813,1.0556671751510616,1.0556671751510616,0.0,0.0,1.0,0.00610647940917813
2025-06-11 20:00:00+00:00,20260126_001633_64609a82_StateSignal_SPY,-0.0026790813385296096,-0.0026790813385296096,1.0528389569224161,1.0528389569224161,0.0,0.0,1.0,-0.0026790813385296096
2025-06-12 20:00:00+00:00,20260126_001633_64609a82_StateSignal_SPY,0.005041675601193571,0.005041675601193571,1.058147029403518,1.058147029403518,0.0,0.0,1.0,0.005041675601193571
2025-06-13 20:00:00+00:00,20260126_001633_64609a82_StateSignal_SPY,-0.004788651300932753,-0.004788651300932753,1.0530799322545867,1.0530799322545867,0.0,0.0,1.0,-0.004788651300932753
2025-06-16 20:00:00+00:00,20260126_001633_64609a82_StateSignal_SPY,0.009872512218243057,0.009872512218243057,1.0634764767525566,1.0634764767525566,0.0,0.0,1.0,0.009872512218243057
2025-06-17 20:00:00+00:00,20260126_001633_64609a82_StateSignal_SPY,-0.003958666636757578,-0.003958666636757578,1.0592665279050597,1.0592665279050597,0.0,0.0,1.0,-0.003958666636757578
2025-06-18 20:00:00+00:00,20260126_001633_64609a82_StateSignal_SPY,-0.00013503933041031423,-0.00013503933041031423,1.0591234852624052,1.0591234852624052,0.0,0.0,1.0,-0.00013503933041031423
2025-06-20 20:00:00+00:00,20260126_001633_64609a82_StateSignal_SPY,-0.00265384413567518,-0.00265384413567518,1.0563127366120857,1.0563127366120857,0.0,0.0,1.0,-0.00265384413567518
2025-06-23 20:00:00+00:00,20260126_001633_64609a82_StateSignal_SPY,0.009886479569990902,0.009886479569990902,1.0667559509021223,1.0667559509021223,0.0,0.0,1.0,0.009886479569990902
2025-06-24 20:00:00+00:00,20260126_001633_64609a82_StateSignal_SPY,0.002888256439800374,0.002888256439800374,1.0698370156470105,1.0698370156470105,0.0,0.0,1.0,0.002888256439800374
2025-06-25 20:00:00+00:00,20260126_001633_64609a82_StateSignal_SPY,-0.001787192267855472,-0.001787192267855472,1.0679250112047804,1.0679250112047804,0.0,0.0,1.0,-0.001787192267855472
2025-06-26 20:00:00+00:00,20260126_001633_64609a82_StateSignal_SPY,0.004348405850405687,0.004348405850405687,1.072568782571298,1.072568782571298,0.0,0.0,1.0,0.004348405850405687
2025-06-27 20:00:00+00:00,20260126_001633_64609a82_StateSignal_SPY,0.004771322146656528,0.004771322146656528,1.0776863537573929,1.0776863537573929,0.0,0.0,1.0,0.004771322146656528
2025-06-30 20:00:00+00:00,20260126_001633_64609a82_StateSignal_SPY,0.0023141368170892544,0.0023141368170892544,1.0801802674258976,1.0801802674258976,0.0,0.0,1.0,0.0023141368170892544
2025-07-01 20:00:00+00:00,20260126_001633_64609a82_StateSignal_SPY,-0.0003093278655809939,-0.0003093278655809939,1.079846137569332,1.079846137569332,0.0,0.0,1.0,-0.0003093278655809939
2025-07-02 20:00:00+00:00,20260126_001633_64609a82_StateSignal_SPY,0.005314709190309602,0.005314709190309602,1.0855852057607922,1.0855852057607922,0.0,0.0,1.0,0.005314709190309602
2025-07-03 20:00:00+00:00,20260126_001633_64609a82_StateSignal_SPY,0.0031083685168650727,0.0031083685168650727,1.0889596046367536,1.0889596046367536,0.0,0.0,1.0,0.0031083685168650727
2025-07-07 20:00:00+00:00,20260126_001633_64609a82_StateSignal_SPY,-0.003927690381884485,-0.003927690381884485,1.0846825084713612,1.0846825084713612,0.0,0.0,1.0,-0.003927690381884485
2025-07-08 20:00:00+00:00,20260126_001633_64609a82_StateSignal_SPY,-0.0013771986719722713,-0.0013771986719722713,1.083188685161183,1.083188685161183,0.0,0.0,1.0,-0.0013771986719722713
2025-07-09 20:00:00+00:00,20260126_001633_64609a82_StateSignal_SPY,-4.834693763340427e-05,-4.834693763340427e-05,1.0831363163053762,1.0831363163053762,0.0,0.0,1.0,-4.834693763340427e-05
2025-07-10 20:00:00+00:00,20260126_001633_64609a82_StateSignal_SPY,0.0034119289556964662,0.0034119289556964662,1.0868319004659448,1.0868319004659448,0.0,0.0,1.0,0.0034119289556964662
2025-07-11 20:00:00+00:00,20260126_001633_64609a82_StateSignal_SPY,0.0030201500729250576,0.0030201500729250576,1.0901142959093943,1.0901142959093943,0.0,0.0,1.0,0.0030201500729250576
2025-07-14 20:00:00+00:00,20260126_001633_64609a82_StateSignal_SPY,0.004195516957681193,0.004195516957681193,1.094687888923693,1.094687888923693,0.0,0.0,1.0,0.004195516957681193
2025-07-15 20:00:00+00:00,20260126_001633_64609a82_StateSignal_SPY,-0.003775172268851579,-0.003775172268851579,1.0905552535623806,1.0905552535623806,0.0,0.0,1.0,-0.003775172268851579
2025-07-16 20:00:00+00:00,20260126_001633_64609a82_StateSignal_SPY,0.0017253755358610642,0.0017253755358610642,1.092436870917382,1.092436870917382,0.0,0.0,1.0,0.0017253755358610642
2025-07-17 20:00:00+00:00,20260126_001633_64609a82_StateSignal_SPY,0.0037866677683941617,0.0037866677683941617,1.0965735664054903,1.0965735664054903,0.0,0.0,1.0,0.0037866677683941617
2025-07-18 20:00:00+00:00,20260126_001633_64609a82_StateSignal_SPY,-0.0006087499987741535,-0.0006087499987741535,1.0959060272482852,1.0959060272482852,0.0,0.0,1.0,-0.0006087499987741535
2025-07-21 20:00:00+00:00,20260126_001633_64609a82_StateSignal_SPY,-0.0011030911648270793,-0.0011030911648270793,1.0946971429921468,1.0946971429921468,0.0,0.0,1.0,-0.0011030911648270793
2025-07-22 20:00:00+00:00,20260126_001633_64609a82_StateSignal_SPY,-0.0003038468635196437,-0.0003038468635196437,1.0943645226987446,1.0943645226987446,0.0,0.0,1.0,-0.0003038468635196437
2025-07-23 20:00:00+00:00,20260126_001633_64609a82_StateSignal_SPY,0.0,0.0,1.0943645226987446,1.0943645226987446,0.0,0.0,0.0,0.0
2025-07-24 20:00:00+00:00,20260126_001633_64609a82_StateSignal_SPY,0.0,0.0,1.0943645226987446,1.0943645226987446,0.0,0.0,0.0,-0.0
2025-07-25 20:00:00+00:00,20260126_001633_64609a82_StateSignal_SPY,0.0,0.0,1.0943645226987446,1.0943645226987446,0.0,0.0,0.0,0.0
2025-07-28 20:00:00+00:00,20260126_001633_64609a82_StateSignal_SPY,0.0,0.0,1.0943645226987446,1.0943645226987446,0.0,0.0,0.0,-0.0
2025-07-29 20:00:00+00:00,20260126_001633_64609a82_StateSignal_SPY,0.0,0.0,1.0943645226987446,1.0943645226987446,0.0,0.0,0.0,-0.0
2025-07-30 20:00:00+00:00,20260126_001633_64609a82_StateSignal_SPY,0.0,0.0,1.0943645226987446,1.0943645226987446,0.0,0.0,0.0,-0.0
2025-07-31 20:00:00+00:00,20260126_001633_64609a82_StateSignal_SPY,0.0,0.0,1.0943645226987446,1.0943645226987446,0.0,0.0,0.0,-0.0
2025-08-01 20:00:00+00:00,20260126_001633_64609a82_StateSignal_SPY,0.0,0.0,1.0943645226987446,1.0943645226987446,0.0,0.0,0.0,-0.0
2025-08-04 20:00:00+00:00,20260126_001633_64609a82_StateSignal_SPY,0.0,0.0,1.0943645226987446,1.0943645226987446,0.0,0.0,0.0,0.0
2025-08-05 20:00:00+00:00,20260126_001633_64609a82_StateSignal_SPY,0.0,0.0,1.0943645226987446,1.0943645226987446,0.0,0.0,0.0,-0.0
2025-08-06 20:00:00+00:00,20260126_001633_64609a82_StateSignal_SPY,0.0,0.0,1.0943645226987446,1.0943645226987446,0.0,0.0,0.0,0.0
2025-08-07 20:00:00+00:00,20260126_001633_64609a82_StateSignal_SPY,0.0,0.0,1.0943645226987446,1.0943645226987446,0.0,0.0,0.0,-0.0
2025-08-08 20:00:00+00:00,20260126_001633_64609a82_StateSignal_SPY,0.0,0.0,1.0943645226987446,1.0943645226987446,0.0,0.0,0.0,0.0
2025-08-11 20:00:00+00:00,20260126_001633_64609a82_StateSignal_SPY,0.0,0.0,1.0943645226987446,1.0943645226987446,0.0,0.0,0.0,-0.0
2025-08-12 20:00:00+00:00,20260126_001633_64609a82_StateSignal_SPY,0.0,0.0,1.0943645226987446,1.0943645226987446,0.0,0.0,0.0,0.0
2025-08-13 20:00:00+00:00,20260126_001633_64609a82_StateSignal_SPY,0.0,0.0,1.0943645226987446,1.0943645226987446,0.0,0.0,0.0,-0.0
2025-08-14 20:00:00+00:00,20260126_001633_64609a82_StateSignal_SPY,0.0,0.0,1.0943645226987446,1.0943645226987446,0.0,0.0,0.0,0.0
2025-08-15 20:00:00+00:00,20260126_001633_64609a82_StateSignal_SPY,0.0,0.0,1.0943645226987446,1.0943645226987446,0.0,0.0,0.0,-0.0
2025-08-18 20:00:00+00:00,20260126_001633_64609a82_StateSignal_SPY,0.0,0.0,1.0943645226987446,1.0943645226987446,0.0,0.0,0.0,-0.0
2025-08-19 20:00:00+00:00,20260126_001633_64609a82_StateSignal_SPY,0.0,0.0,1.0943645226987446,1.0943645226987446,0.0,0.0,0.0,-0.0
2025-08-20 20:00:00+00:00,20260126_001633_64609a82_StateSignal_SPY,0.0,0.0,1.0943645226987446,1.0943645226987446,0.0,0.0,0.0,-0.0
2025-08-21 20:00:00+00:00,20260126_001633_64609a82_StateSignal_SPY,0.0,0.0,1.0943645226987446,1.0943645226987446,0.0,0.0,0.0,-0.0
2025-08-22 20:00:00+00:00,20260126_001633_64609a82_StateSignal_SPY,0.0,0.0,1.0943645226987446,1.0943645226987446,0.0,0.0,0.0,0.0
2025-08-25 20:00:00+00:00,20260126_001633_64609a82_StateSignal_SPY,0.0,0.0,1.0943645226987446,1.0943645226987446,0.0,0.0,0.0,-0.0
2025-08-26 20:00:00+00:00,20260126_001633_64609a82_StateSignal_SPY,0.0,0.0,1.0943645226987446,1.0943645226987446,0.0,0.0,0.0,0.0
2025-08-27 20:00:00+00:00,20260126_001633_64609a82_StateSignal_SPY,0.0,0.0,1.0943645226987446,1.0943645226987446,0.0,0.0,0.0,0.0
2025-08-28 20:00:00+00:00,20260126_001633_64609a82_StateSignal_SPY,0.0,0.0,1.0943645226987446,1.0943645226987446,0.0,0.0,0.0,0.0
2025-08-29 20:00:00+00:00,20260126_001633_64609a82_StateSignal_SPY,0.0,0.0,1.0943645226987446,1.0943645226987446,0.0,0.0,0.0,-0.0
2025-09-02 20:00:00+00:00,20260126_001633_64609a82_StateSignal_SPY,0.0,0.0,1.0943645226987446,1.0943645226987446,0.0,0.0,0.0,0.0
2025-09-03 20:00:00+00:00,20260126_001633_64609a82_StateSignal_SPY,0.0,0.0,1.0943645226987446,1.0943645226987446,0.0,0.0,0.0,0.0
2025-09-04 20:00:00+00:00,20260126_001633_64609a82_StateSignal_SPY,0.0,0.0,1.0943645226987446,1.0943645226987446,0.0,0.0,0.0,0.0
2025-09-05 20:00:00+00:00,20260126_001633_64609a82_StateSignal_SPY,0.0,0.0,1.0943645226987446,1.0943645226987446,0.0,0.0,0.0,-0.0
2025-09-08 20:00:00+00:00,20260126_001633_64609a82_StateSignal_SPY,0.0,0.0,1.0943645226987446,1.0943645226987446,0.0,0.0,0.0,0.0
2025-09-09 20:00:00+00:00,20260126_001633_64609a82_StateSignal_SPY,0.0,0.0,1.0943645226987446,1.0943645226987446,0.0,0.0,0.0,0.0
2025-09-10 20:00:00+00:00,20260126_001633_64609a82_StateSignal_SPY,0.0,0.0,1.0943645226987446,1.0943645226987446,0.0,0.0,0.0,-0.0
2025-09-11 20:00:00+00:00,20260126_001633_64609a82_StateSignal_SPY,0.0,0.0,1.0943645226987446,1.0943645226987446,0.0,0.0,0.0,0.0
2025-09-12 20:00:00+00:00,20260126_001633_64609a82_StateSignal_SPY,0.0,0.0,1.0943645226987446,1.0943645226987446,0.0,0.0,0.0,0.0
2025-09-15 20:00:00+00:00,20260126_001633_64609a82_StateSignal_SPY,0.0,0.0,1.0943645226987446,1.0943645226987446,0.0,0.0,0.0,0.0
2025-09-16 20:00:00+00:00,20260126_001633_64609a82_StateSignal_SPY,0.0,0.0,1.0943645226987446,1.0943645226987446,0.0,0.0,0.0,-0.0
2025-09-17 20:00:00+00:00,20260126_001633_64609a82_StateSignal_SPY,0.0,0.0,1.0943645226987446,1.0943645226987446,0.0,0.0,0.0,-0.0
2025-09-18 20:00:00+00:00,20260126_001633_64609a82_StateSignal_SPY,0.0,0.0,1.0943645226987446,1.0943645226987446,0.0,0.0,0.0,0.0
2025-09-19 20:00:00+00:00,20260126_001633_64609a82_StateSignal_SPY,0.0,0.0,1.0943645226987446,1.0943645226987446,0.0,0.0,0.0,0.0
2025-09-22 20:00:00+00:00,20260126_001633_64609a82_StateSignal_SPY,0.0,0.0,1.0943645226987446,1.0943645226987446,0.0,0.0,0.0,0.0
2025-09-23 20:00:00+00:00,20260126_001633_64609a82_StateSignal_SPY,0.0,0.0,1.0943645226987446,1.0943645226987446,0.0,0.0,0.0,-0.0
2025-09-24 20:00:00+00:00,20260126_001633_64609a82_StateSignal_SPY,0.0,0.0,1.0943645226987446,1.0943645226987446,0.0,0.0,0.0,-0.0
2025-09-25 20:00:00+00:00,20260126_001633_64609a82_StateSignal_SPY,0.0,0.0,1.0943645226987446,1.0943645226987446,0.0,0.0,0.0,0.0
2025-09-26 20:00:00+00:00,20260126_001633_64609a82_StateSignal_SPY,0.0,0.0,1.0943645226987446,1.0943645226987446,0.0,0.0,0.0,0.0
2025-09-29 20:00:00+00:00,20260126_001633_64609a82_StateSignal_SPY,0.0,0.0,1.0943645226987446,1.0943645226987446,0.0,0.0,0.0,-0.0
2025-09-30 20:00:00+00:00,20260126_001633_64609a82_StateSignal_SPY,0.0,0.0,1.0943645226987446,1.0943645226987446,0.0,0.0,0.0,0.0
2025-10-01 20:00:00+00:00,20260126_001633_64609a82_StateSignal_SPY,0.0,0.0,1.0943645226987446,1.0943645226987446,0.0,0.0,0.0,0.0
2025-10-02 20:00:00+00:00,20260126_001633_64609a82_StateSignal_SPY,0.0,0.0,1.0943645226987446,1.0943645226987446,0.0,0.0,0.0,0.0
2025-10-03 20:00:00+00:00,20260126_001633_64609a82_StateSignal_SPY,0.0,0.0,1.0943645226987446,1.0943645226987446,0.0,0.0,0.0,-0.0
2025-10-06 20:00:00+00:00,20260126_001633_64609a82_StateSignal_SPY,0.0,0.0,1.0943645226987446,1.0943645226987446,0.0,0.0,0.0,0.0
2025-10-07 20:00:00+00:00,20260126_001633_64609a82_StateSignal_SPY,0.0,0.0,1.0943645226987446,1.0943645226987446,0.0,0.0,0.0,-0.0
2025-10-08 20:00:00+00:00,20260126_001633_64609a82_StateSignal_SPY,0.0,0.0,1.0943645226987446,1.0943645226987446,0.0,0.0,0.0,0.0
2025-10-09 20:00:00+00:00,20260126_001633_64609a82_StateSignal_SPY,0.0,0.0,1.0943645226987446,1.0943645226987446,0.0,0.0,0.0,-0.0
2025-10-10 20:00:00+00:00,20260126_001633_64609a82_StateSignal_SPY,0.0,0.0,1.0943645226987446,1.0943645226987446,0.0,0.0,0.0,-0.0
2025-10-13 20:00:00+00:00,20260126_001633_64609a82_StateSignal_SPY,0.0,0.0,1.0943645226987446,1.0943645226987446,0.0,0.0,0.0,0.0
2025-10-14 20:00:00+00:00,20260126_001633_64609a82_StateSignal_SPY,0.0,0.0,1.0943645226987446,1.0943645226987446,0.0,0.0,0.0,0.0
2025-10-15 20:00:00+00:00,20260126_001633_64609a82_StateSignal_SPY,0.0,0.0,1.0943645226987446,1.0943645226987446,0.0,0.0,0.0,-0.0
2025-10-16 20:00:00+00:00,20260126_001633_64609a82_StateSignal_SPY,0.0,0.0,1.0943645226987446,1.0943645226987446,0.0,0.0,0.0,-0.0
2025-10-17 20:00:00+00:00,20260126_001633_64609a82_StateSignal_SPY,0.0,0.0,1.0943645226987446,1.0943645226987446,0.0,0.0,0.0,0.0
2025-10-20 20:00:00+00:00,20260126_001633_64609a82_StateSignal_SPY,0.0,0.0,1.0943645226987446,1.0943645226987446,0.0,0.0,0.0,0.0
2025-10-21 20:00:00+00:00,20260126_001633_64609a82_StateSignal_SPY,0.0,0.0,1.0943645226987446,1.0943645226987446,0.0,0.0,0.0,0.0
2025-10-22 20:00:00+00:00,20260126_001633_64609a82_StateSignal_SPY,0.0,0.0,1.0943645226987446,1.0943645226987446,0.0,0.0,0.0,-0.0
2025-10-23 20:00:00+00:00,20260126_001633_64609a82_StateSignal_SPY,0.0,0.0,1.0943645226987446,1.0943645226987446,0.0,0.0,0.0,0.0
2025-10-24 20:00:00+00:00,20260126_001633_64609a82_StateSignal_SPY,0.0,0.0,1.0943645226987446,1.0943645226987446,0.0,0.0,0.0,-0.0
2025-10-27 20:00:00+00:00,20260126_001633_64609a82_StateSignal_SPY,0.0,0.0,1.0943645226987446,1.0943645226987446,0.0,0.0,0.0,0.0
2025-10-28 20:00:00+00:00,20260126_001633_64609a82_StateSignal_SPY,0.0,0.0,1.0943645226987446,1.0943645226987446,0.0,0.0,0.0,0.0
2025-10-29 20:00:00+00:00,20260126_001633_64609a82_StateSignal_SPY,0.0,0.0,1.0943645226987446,1.0943645226987446,0.0,0.0,0.0,-0.0
2025-10-30 20:00:00+00:00,20260126_001633_64609a82_StateSignal_SPY,0.0,0.0,1.0943645226987446,1.0943645226987446,0.0,0.0,0.0,-0.0
2025-10-31 20:00:00+00:00,20260126_001633_64609a82_StateSignal_SPY,0.0,0.0,1.0943645226987446,1.0943645226987446,0.0,0.0,0.0,0.0
2025-11-03 21:00:00+00:00,20260126_001633_64609a82_StateSignal_SPY,0.0,0.0,1.0943645226987446,1.0943645226987446,0.0,0.0,0.0,0.0
2025-11-04 21:00:00+00:00,20260126_001633_64609a82_StateSignal_SPY,0.0,0.0,1.0943645226987446,1.0943645226987446,0.0,0.0,0.0,-0.0
2025-11-05 21:00:00+00:00,20260126_001633_64609a82_StateSignal_SPY,0.0,0.0,1.0943645226987446,1.0943645226987446,0.0,0.0,0.0,0.0
2025-11-06 21:00:00+00:00,20260126_001633_64609a82_StateSignal_SPY,0.0,0.0,1.0943645226987446,1.0943645226987446,0.0,0.0,0.0,-0.0
2025-11-07 21:00:00+00:00,20260126_001633_64609a82_StateSignal_SPY,0.0,0.0,1.0943645226987446,1.0943645226987446,0.0,0.0,0.0,0.0
2025-11-10 21:00:00+00:00,20260126_001633_64609a82_StateSignal_SPY,0.0,0.0,1.0943645226987446,1.0943645226987446,0.0,0.0,0.0,0.0
2025-11-11 21:00:00+00:00,20260126_001633_64609a82_StateSignal_SPY,0.0,0.0,1.0943645226987446,1.0943645226987446,0.0,0.0,0.0,0.0
2025-11-12 21:00:00+00:00,20260126_001633_64609a82_StateSignal_SPY,0.0,0.0,1.0943645226987446,1.0943645226987446,0.0,0.0,0.0,-0.0
2025-11-13 21:00:00+00:00,20260126_001633_64609a82_StateSignal_SPY,0.0,0.0,1.0943645226987446,1.0943645226987446,0.0,0.0,0.0,-0.0
2025-11-14 21:00:00+00:00,20260126_001633_64609a82_StateSignal_SPY,0.0,0.0,1.0943645226987446,1.0943645226987446,0.0,0.0,0.0,0.0
2025-11-17 21:00:00+00:00,20260126_001633_64609a82_StateSignal_SPY,0.0,0.0,1.0943645226987446,1.0943645226987446,0.0,0.0,0.0,-0.0
2025-11-18 21:00:00+00:00,20260126_001633_64609a82_StateSignal_SPY,0.0,0.0,1.0943645226987446,1.0943645226987446,0.0,0.0,0.0,-0.0
2025-11-19 21:00:00+00:00,20260126_001633_64609a82_StateSignal_SPY,0.0,0.0,1.0943645226987446,1.0943645226987446,0.0,0.0,0.0,-0.0
2025-11-20 21:00:00+00:00,20260126_001633_64609a82_StateSignal_SPY,0.0,0.0,1.0943645226987446,1.0943645226987446,0.0,0.0,0.0,-0.0
2025-11-21 21:00:00+00:00,20260126_001633_64609a82_StateSignal_SPY,0.0,0.0,1.0943645226987446,1.0943645226987446,0.0,0.0,0.0,0.0
2025-11-24 21:00:00+00:00,20260126_001633_64609a82_StateSignal_SPY,0.0,0.0,1.0943645226987446,1.0943645226987446,0.0,0.0,0.0,0.0
2025-11-25 21:00:00+00:00,20260126_001633_64609a82_StateSignal_SPY,0.0,0.0,1.0943645226987446,1.0943645226987446,0.0,0.0,0.0,0.0
2025-11-26 21:00:00+00:00,20260126_001633_64609a82_StateSignal_SPY,0.0,0.0,1.0943645226987446,1.0943645226987446,0.0,0.0,0.0,0.0
2025-11-28 21:00:00+00:00,20260126_001633_64609a82_StateSignal_SPY,0.0,0.0,1.0943645226987446,1.0943645226987446,0.0,0.0,0.0,0.0
2025-12-01 21:00:00+00:00,20260126_001633_64609a82_StateSignal_SPY,0.0,0.0,1.0943645226987446,1.0943645226987446,0.0,0.0,0.0,0.0
2025-12-02 21:00:00+00:00,20260126_001633_64609a82_StateSignal_SPY,0.0,0.0,1.0943645226987446,1.0943645226987446,0.0,0.0,0.0,-0.0
2025-12-03 21:00:00+00:00,20260126_001633_64609a82_StateSignal_SPY,0.0,0.0,1.0943645226987446,1.0943645226987446,0.0,0.0,0.0,0.0
2025-12-04 21:00:00+00:00,20260126_001633_64609a82_StateSignal_SPY,0.0,0.0,1.0943645226987446,1.0943645226987446,0.0,0.0,0.0,0.0
2025-12-05 21:00:00+00:00,20260126_001633_64609a82_StateSignal_SPY,0.0,0.0,1.0943645226987446,1.0943645226987446,0.0,0.0,0.0,-0.0
2025-12-08 21:00:00+00:00,20260126_001633_64609a82_StateSignal_SPY,0.0,0.0,1.0943645226987446,1.0943645226987446,0.0,0.0,0.0,-0.0
2025-12-09 21:00:00+00:00,20260126_001633_64609a82_StateSignal_SPY,0.0,0.0,1.0943645226987446,1.0943645226987446,0.0,0.0,0.0,-0.0
2025-12-10 21:00:00+00:00,20260126_001633_64609a82_StateSignal_SPY,0.0,0.0,1.0943645226987446,1.0943645226987446,0.0,0.0,0.0,0.0
2025-12-11 21:00:00+00:00,20260126_001633_64609a82_StateSignal_SPY,0.0,0.0,1.0943645226987446,1.0943645226987446,0.0,0.0,0.0,0.0
2025-12-12 21:00:00+00:00,20260126_001633_64609a82_StateSignal_SPY,0.0,0.0,1.0943645226987446,1.0943645226987446,0.0,0.0,0.0,-0.0
2025-12-15 21:00:00+00:00,20260126_001633_64609a82_StateSignal_SPY,0.0,0.0,1.0943645226987446,1.0943645226987446,0.0,0.0,0.0,-0.0
2025-12-16 21:00:00+00:00,20260126_001633_64609a82_StateSignal_SPY,0.0,0.0,1.0943645226987446,1.0943645226987446,0.0,0.0,0.0,-0.0
2025-12-17 21:00:00+00:00,20260126_001633_64609a82_StateSignal_SPY,0.0,0.0,1.0943645226987446,1.0943645226987446,0.0,0.0,0.0,-0.0
2025-12-18 21:00:00+00:00,20260126_001633_64609a82_StateSignal_SPY,0.0,0.0,1.0943645226987446,1.0943645226987446,0.0,0.0,0.0,0.0
2025-12-19 21:00:00+00:00,20260126_001633_64609a82_StateSignal_SPY,0.0,0.0,1.0943645226987446,1.0943645226987446,0.0,0.0,0.0,0.0
2025-12-22 21:00:00+00:00,20260126_001633_64609a82_StateSignal_SPY,0.0,0.0,1.0943645226987446,1.0943645226987446,0.0,0.0,0.0,0.0
2025-12-23 21:00:00+00:00,20260126_001633_64609a82_StateSignal_SPY,0.0,0.0,1.0943645226987446,1.0943645226987446,0.0,0.0,0.0,0.0
2025-12-24 21:00:00+00:00,20260126_001633_64609a82_StateSignal_SPY,0.0,0.0,1.0943645226987446,1.0943645226987446,0.0,0.0,0.0,0.0
2025-12-26 21:00:00+00:00,20260126_001633_64609a82_StateSignal_SPY,0.0,0.0,1.0943645226987446,1.0943645226987446,0.0,0.0,0.0,-0.0
2025-12-29 21:00:00+00:00,20260126_001633_64609a82_StateSignal_SPY,0.0,0.0,1.0943645226987446,1.0943645226987446,0.0,0.0,0.0,-0.0
2025-12-30 21:00:00+00:00,20260126_001633_64609a82_StateSignal_SPY,0.0,0.0,1.0943645226987446,1.0943645226987446,0.0,0.0,0.0,-0.0
2025-12-31 21:00:00+00:00,20260126_001633_64609a82_StateSignal_SPY,0.0,0.0,1.0943645226987446,1.0943645226987446,0.0,0.0,0.0,-0.0
2026-01-02 21:00:00+00:00,20260126_001633_64609a82_StateSignal_SPY,0.0,0.0,1.0943645226987446,1.0943645226987446,0.0,0.0,0.0,0.0
2026-01-05 21:00:00+00:00,20260126_001633_64609a82_StateSignal_SPY,0.0,0.0,1.0943645226987446,1.0943645226987446,0.0,0.0,0.0,0.0
2026-01-06 21:00:00+00:00,20260126_001633_64609a82_StateSignal_SPY,0.0,0.0,1.0943645226987446,1.0943645226987446,0.0,0.0,0.0,0.0
2026-01-07 21:00:00+00:00,20260126_001633_64609a82_StateSignal_SPY,0.0,0.0,1.0943645226987446,1.0943645226987446,0.0,0.0,0.0,-0.0
2026-01-08 21:00:00+00:00,20260126_001633_64609a82_StateSignal_SPY,0.0,0.0,1.0943645226987446,1.0943645226987446,0.0,0.0,0.0,0.0
2026-01-09 21:00:00+00:00,20260126_001633_64609a82_StateSignal_SPY,0.0,0.0,1.0943645226987446,1.0943645226987446,0.0,0.0,0.0,0.0
2026-01-12 21:00:00+00:00,20260126_001633_64609a82_StateSignal_SPY,0.0,0.0,1.0943645226987446,1.0943645226987446,0.0,0.0,0.0,0.0
2026-01-13 21:00:00+00:00,20260126_001633_64609a82_StateSignal_SPY,0.0,0.0,1.0943645226987446,1.0943645226987446,0.0,0.0,0.0,-0.0
2026-01-14 21:00:00+00:00,20260126_001633_64609a82_StateSignal_SPY,0.0,0.0,1.0943645226987446,1.0943645226987446,0.0,0.0,0.0,-0.0
2026-01-15 21:00:00+00:00,20260126_001633_64609a82_StateSignal_SPY,0.0,0.0,1.0943645226987446,1.0943645226987446,0.0,0.0,0.0,0.0
2026-01-16 21:00:00+00:00,20260126_001633_64609a82_StateSignal_SPY,0.0,0.0,1.0943645226987446,1.0943645226987446,0.0,0.0,0.0,-0.0
