timestamp,run_id,port_ret_gross,port_ret_net,equity_gross,equity_net,turnover,cost,weight_XLE,asset_ret_gross_XLE
2021-01-05 00:00:00+00:00,20260201_193430_47aa49ab_StateSignal_XLE,0.0,0.0,1.0,1.0,0.0,0.0,0.0,-0.0
2021-01-06 00:00:00+00:00,20260201_193430_47aa49ab_StateSignal_XLE,0.0,0.0,1.0,1.0,0.0,0.0,0.0,0.0
2021-01-07 00:00:00+00:00,20260201_193430_47aa49ab_StateSignal_XLE,0.0,0.0,1.0,1.0,0.0,0.0,0.0,0.0
2021-01-08 00:00:00+00:00,20260201_193430_47aa49ab_StateSignal_XLE,0.0,0.0,1.0,1.0,0.0,0.0,0.0,0.0
2021-01-11 00:00:00+00:00,20260201_193430_47aa49ab_StateSignal_XLE,0.0,0.0,1.0,1.0,0.0,0.0,0.0,-0.0
2021-01-12 00:00:00+00:00,20260201_193430_47aa49ab_StateSignal_XLE,0.0,0.0,1.0,1.0,0.0,0.0,0.0,0.0
2021-01-13 00:00:00+00:00,20260201_193430_47aa49ab_StateSignal_XLE,0.0,0.0,1.0,1.0,0.0,0.0,0.0,0.0
2021-01-14 00:00:00+00:00,20260201_193430_47aa49ab_StateSignal_XLE,0.0,0.0,1.0,1.0,0.0,0.0,0.0,-0.0
2021-01-15 00:00:00+00:00,20260201_193430_47aa49ab_StateSignal_XLE,0.0,0.0,1.0,1.0,0.0,0.0,0.0,0.0
2021-01-19 00:00:00+00:00,20260201_193430_47aa49ab_StateSignal_XLE,0.0,0.0,1.0,1.0,0.0,0.0,0.0,-0.0
2021-01-20 00:00:00+00:00,20260201_193430_47aa49ab_StateSignal_XLE,0.0,0.0,1.0,1.0,0.0,0.0,0.0,0.0
2021-01-21 00:00:00+00:00,20260201_193430_47aa49ab_StateSignal_XLE,0.0,0.0,1.0,1.0,0.0,0.0,0.0,-0.0
2021-01-22 00:00:00+00:00,20260201_193430_47aa49ab_StateSignal_XLE,0.0,0.0,1.0,1.0,0.0,0.0,0.0,-0.0
2021-01-25 00:00:00+00:00,20260201_193430_47aa49ab_StateSignal_XLE,0.0,0.0,1.0,1.0,0.0,0.0,0.0,0.0
2021-01-26 00:00:00+00:00,20260201_193430_47aa49ab_StateSignal_XLE,0.0,0.0,1.0,1.0,0.0,0.0,0.0,0.0
2021-01-27 00:00:00+00:00,20260201_193430_47aa49ab_StateSignal_XLE,0.0,0.0,1.0,1.0,0.0,0.0,0.0,-0.0
2021-01-28 00:00:00+00:00,20260201_193430_47aa49ab_StateSignal_XLE,0.0,0.0,1.0,1.0,0.0,0.0,0.0,0.0
2021-01-29 00:00:00+00:00,20260201_193430_47aa49ab_StateSignal_XLE,0.0,0.0,1.0,1.0,0.0,0.0,0.0,-0.0
2021-02-01 00:00:00+00:00,20260201_193430_47aa49ab_StateSignal_XLE,0.0,0.0,1.0,1.0,0.0,0.0,0.0,-0.0
2021-02-02 00:00:00+00:00,20260201_193430_47aa49ab_StateSignal_XLE,0.0,0.0,1.0,1.0,0.0,0.0,0.0,0.0
2021-02-03 00:00:00+00:00,20260201_193430_47aa49ab_StateSignal_XLE,0.0,0.0,1.0,1.0,0.0,0.0,0.0,-0.0
2021-02-04 00:00:00+00:00,20260201_193430_47aa49ab_StateSignal_XLE,0.0,0.0,1.0,1.0,0.0,0.0,0.0,0.0
2021-02-05 00:00:00+00:00,20260201_193430_47aa49ab_StateSignal_XLE,0.0,0.0,1.0,1.0,0.0,0.0,0.0,0.0
2021-02-08 00:00:00+00:00,20260201_193430_47aa49ab_StateSignal_XLE,0.0,0.0,1.0,1.0,0.0,0.0,0.0,0.0
2021-02-09 00:00:00+00:00,20260201_193430_47aa49ab_StateSignal_XLE,0.0,0.0,1.0,1.0,0.0,0.0,0.0,0.0
2021-02-10 00:00:00+00:00,20260201_193430_47aa49ab_StateSignal_XLE,0.0,0.0,1.0,1.0,0.0,0.0,0.0,0.0
2021-02-11 00:00:00+00:00,20260201_193430_47aa49ab_StateSignal_XLE,0.0,0.0,1.0,1.0,0.0,0.0,0.0,0.0
2021-02-12 00:00:00+00:00,20260201_193430_47aa49ab_StateSignal_XLE,0.0,0.0,1.0,1.0,0.0,0.0,0.0,-0.0
2021-02-16 00:00:00+00:00,20260201_193430_47aa49ab_StateSignal_XLE,0.0,0.0,1.0,1.0,0.0,0.0,0.0,0.0
2021-02-17 00:00:00+00:00,20260201_193430_47aa49ab_StateSignal_XLE,0.0,0.0,1.0,1.0,0.0,0.0,0.0,0.0
2021-02-18 00:00:00+00:00,20260201_193430_47aa49ab_StateSignal_XLE,0.0,0.0,1.0,1.0,0.0,0.0,0.0,-0.0
2021-02-19 00:00:00+00:00,20260201_193430_47aa49ab_StateSignal_XLE,0.0,0.0,1.0,1.0,0.0,0.0,0.0,-0.0
2021-02-22 00:00:00+00:00,20260201_193430_47aa49ab_StateSignal_XLE,0.0,0.0,1.0,1.0,0.0,0.0,0.0,0.0
2021-02-23 00:00:00+00:00,20260201_193430_47aa49ab_StateSignal_XLE,0.0,0.0,1.0,1.0,0.0,0.0,0.0,0.0
2021-02-24 00:00:00+00:00,20260201_193430_47aa49ab_StateSignal_XLE,0.0,0.0,1.0,1.0,0.0,0.0,0.0,0.0
2021-02-25 00:00:00+00:00,20260201_193430_47aa49ab_StateSignal_XLE,0.0,0.0,1.0,1.0,0.0,0.0,0.0,0.0
2021-02-26 00:00:00+00:00,20260201_193430_47aa49ab_StateSignal_XLE,0.0,0.0,1.0,1.0,0.0,0.0,0.0,-0.0
2021-03-01 00:00:00+00:00,20260201_193430_47aa49ab_StateSignal_XLE,0.0,0.0,1.0,1.0,0.0,0.0,0.0,0.0
2021-03-02 00:00:00+00:00,20260201_193430_47aa49ab_StateSignal_XLE,0.0,0.0,1.0,1.0,0.0,0.0,0.0,0.0
2021-03-03 00:00:00+00:00,20260201_193430_47aa49ab_StateSignal_XLE,0.0,0.0,1.0,1.0,0.0,0.0,0.0,-0.0
2021-03-04 00:00:00+00:00,20260201_193430_47aa49ab_StateSignal_XLE,0.0,0.0,1.0,1.0,0.0,0.0,0.0,0.0
2021-03-05 00:00:00+00:00,20260201_193430_47aa49ab_StateSignal_XLE,0.0,0.0,1.0,1.0,0.0,0.0,0.0,0.0
2021-03-08 00:00:00+00:00,20260201_193430_47aa49ab_StateSignal_XLE,0.0,0.0,1.0,1.0,0.0,0.0,0.0,0.0
2021-03-09 00:00:00+00:00,20260201_193430_47aa49ab_StateSignal_XLE,0.0,0.0,1.0,1.0,0.0,0.0,0.0,-0.0
2021-03-10 00:00:00+00:00,20260201_193430_47aa49ab_StateSignal_XLE,0.0,0.0,1.0,1.0,0.0,0.0,0.0,-0.0
2021-03-11 00:00:00+00:00,20260201_193430_47aa49ab_StateSignal_XLE,0.0,0.0,1.0,1.0,0.0,0.0,0.0,0.0
2021-03-12 00:00:00+00:00,20260201_193430_47aa49ab_StateSignal_XLE,0.0,0.0,1.0,1.0,0.0,0.0,0.0,-0.0
2021-03-15 00:00:00+00:00,20260201_193430_47aa49ab_StateSignal_XLE,0.0,0.0,1.0,1.0,0.0,0.0,0.0,-0.0
2021-03-16 00:00:00+00:00,20260201_193430_47aa49ab_StateSignal_XLE,0.0,0.0,1.0,1.0,0.0,0.0,0.0,-0.0
2021-03-17 00:00:00+00:00,20260201_193430_47aa49ab_StateSignal_XLE,0.0,0.0,1.0,1.0,0.0,0.0,0.0,-0.0
2021-03-18 00:00:00+00:00,20260201_193430_47aa49ab_StateSignal_XLE,0.0,0.0,1.0,1.0,0.0,0.0,0.0,0.0
2021-03-19 00:00:00+00:00,20260201_193430_47aa49ab_StateSignal_XLE,0.0,0.0,1.0,1.0,0.0,0.0,0.0,-0.0
2021-03-22 00:00:00+00:00,20260201_193430_47aa49ab_StateSignal_XLE,0.0,0.0,1.0,1.0,0.0,0.0,0.0,-0.0
2021-03-23 00:00:00+00:00,20260201_193430_47aa49ab_StateSignal_XLE,0.0,0.0,1.0,1.0,0.0,0.0,0.0,-0.0
2021-03-24 00:00:00+00:00,20260201_193430_47aa49ab_StateSignal_XLE,0.0,0.0,1.0,1.0,0.0,0.0,0.0,0.0
2021-03-25 00:00:00+00:00,20260201_193430_47aa49ab_StateSignal_XLE,0.0,0.0,1.0,1.0,0.0,0.0,0.0,0.0
2021-03-26 00:00:00+00:00,20260201_193430_47aa49ab_StateSignal_XLE,0.0,0.0,1.0,1.0,0.0,0.0,0.0,0.0
2021-03-29 00:00:00+00:00,20260201_193430_47aa49ab_StateSignal_XLE,0.0,0.0,1.0,1.0,0.0,0.0,0.0,-0.0
2021-03-30 00:00:00+00:00,20260201_193430_47aa49ab_StateSignal_XLE,0.0,0.0,1.0,1.0,0.0,0.0,0.0,-0.0
2021-03-31 00:00:00+00:00,20260201_193430_47aa49ab_StateSignal_XLE,0.0,0.0,1.0,1.0,0.0,0.0,0.0,-0.0
2021-04-01 00:00:00+00:00,20260201_193430_47aa49ab_StateSignal_XLE,0.0,0.0,1.0,1.0,0.0,0.0,0.0,-0.0
2021-04-05 00:00:00+00:00,20260201_193430_47aa49ab_StateSignal_XLE,0.0,0.0,1.0,1.0,0.0,0.0,0.0,0.0
2021-04-06 00:00:00+00:00,20260201_193430_47aa49ab_StateSignal_XLE,0.0,0.0,1.0,1.0,0.0,0.0,0.0,-0.0
2021-04-07 00:00:00+00:00,20260201_193430_47aa49ab_StateSignal_XLE,0.0,0.0,1.0,1.0,0.0,0.0,0.0,-0.0
2021-04-08 00:00:00+00:00,20260201_193430_47aa49ab_StateSignal_XLE,0.0,0.0,1.0,1.0,0.0,0.0,0.0,0.0
2021-04-09 00:00:00+00:00,20260201_193430_47aa49ab_StateSignal_XLE,0.0,0.0,1.0,1.0,0.0,0.0,0.0,-0.0
2021-04-12 00:00:00+00:00,20260201_193430_47aa49ab_StateSignal_XLE,0.0,0.0,1.0,1.0,0.0,0.0,0.0,0.0
2021-04-13 00:00:00+00:00,20260201_193430_47aa49ab_StateSignal_XLE,0.0,0.0,1.0,1.0,0.0,0.0,0.0,-0.0
2021-04-14 00:00:00+00:00,20260201_193430_47aa49ab_StateSignal_XLE,0.0,0.0,1.0,1.0,0.0,0.0,0.0,0.0
2021-04-15 00:00:00+00:00,20260201_193430_47aa49ab_StateSignal_XLE,0.0,0.0,1.0,1.0,0.0,0.0,0.0,0.0
2021-04-16 00:00:00+00:00,20260201_193430_47aa49ab_StateSignal_XLE,0.0,0.0,1.0,1.0,0.0,0.0,0.0,-0.0
2021-04-19 00:00:00+00:00,20260201_193430_47aa49ab_StateSignal_XLE,0.0,0.0,1.0,1.0,0.0,0.0,0.0,-0.0
2021-04-20 00:00:00+00:00,20260201_193430_47aa49ab_StateSignal_XLE,0.0,0.0,1.0,1.0,0.0,0.0,0.0,-0.0
2021-04-21 00:00:00+00:00,20260201_193430_47aa49ab_StateSignal_XLE,0.0,0.0,1.0,1.0,0.0,0.0,0.0,-0.0
2021-04-22 00:00:00+00:00,20260201_193430_47aa49ab_StateSignal_XLE,0.0,0.0,1.0,1.0,0.0,0.0,0.0,0.0
2021-04-23 00:00:00+00:00,20260201_193430_47aa49ab_StateSignal_XLE,0.0,0.0,1.0,1.0,0.0,0.0,0.0,-0.0
2021-04-26 00:00:00+00:00,20260201_193430_47aa49ab_StateSignal_XLE,0.0,0.0,1.0,1.0,0.0,0.0,0.0,0.0
2021-04-27 00:00:00+00:00,20260201_193430_47aa49ab_StateSignal_XLE,0.0,0.0,1.0,1.0,0.0,0.0,0.0,0.0
2021-04-28 00:00:00+00:00,20260201_193430_47aa49ab_StateSignal_XLE,0.0,0.0,1.0,1.0,0.0,0.0,0.0,0.0
2021-04-29 00:00:00+00:00,20260201_193430_47aa49ab_StateSignal_XLE,0.0,0.0,1.0,1.0,0.0,0.0,0.0,0.0
2021-04-30 00:00:00+00:00,20260201_193430_47aa49ab_StateSignal_XLE,0.0,0.0,1.0,1.0,0.0,0.0,0.0,-0.0
2021-05-03 00:00:00+00:00,20260201_193430_47aa49ab_StateSignal_XLE,0.0,0.0,1.0,1.0,0.0,0.0,0.0,0.0
2021-05-04 00:00:00+00:00,20260201_193430_47aa49ab_StateSignal_XLE,0.0,0.0,1.0,1.0,0.0,0.0,0.0,0.0
2021-05-05 00:00:00+00:00,20260201_193430_47aa49ab_StateSignal_XLE,0.0,0.0,1.0,1.0,0.0,0.0,0.0,0.0
2021-05-06 00:00:00+00:00,20260201_193430_47aa49ab_StateSignal_XLE,0.0,0.0,1.0,1.0,0.0,0.0,0.0,0.0
2021-05-07 00:00:00+00:00,20260201_193430_47aa49ab_StateSignal_XLE,0.0,0.0,1.0,1.0,0.0,0.0,0.0,0.0
2021-05-10 00:00:00+00:00,20260201_193430_47aa49ab_StateSignal_XLE,0.0,0.0,1.0,1.0,0.0,0.0,0.0,0.0
2021-05-11 00:00:00+00:00,20260201_193430_47aa49ab_StateSignal_XLE,0.0,0.0,1.0,1.0,0.0,0.0,0.0,-0.0
2021-05-12 00:00:00+00:00,20260201_193430_47aa49ab_StateSignal_XLE,0.0,0.0,1.0,1.0,0.0,0.0,0.0,-0.0
2021-05-13 00:00:00+00:00,20260201_193430_47aa49ab_StateSignal_XLE,0.0,0.0,1.0,1.0,0.0,0.0,0.0,-0.0
2021-05-14 00:00:00+00:00,20260201_193430_47aa49ab_StateSignal_XLE,0.0,0.0,1.0,1.0,0.0,0.0,0.0,0.0
2021-05-17 00:00:00+00:00,20260201_193430_47aa49ab_StateSignal_XLE,0.0,0.0,1.0,1.0,0.0,0.0,0.0,0.0
2021-05-18 00:00:00+00:00,20260201_193430_47aa49ab_StateSignal_XLE,0.0,0.0,1.0,1.0,0.0,0.0,0.0,0.0
2021-05-19 00:00:00+00:00,20260201_193430_47aa49ab_StateSignal_XLE,0.0,0.0,1.0,1.0,0.0,0.0,0.0,-0.0
2021-05-20 00:00:00+00:00,20260201_193430_47aa49ab_StateSignal_XLE,0.0,0.0,1.0,1.0,0.0,0.0,0.0,-0.0
2021-05-21 00:00:00+00:00,20260201_193430_47aa49ab_StateSignal_XLE,0.0,0.0,1.0,1.0,0.0,0.0,0.0,0.0
2021-05-24 00:00:00+00:00,20260201_193430_47aa49ab_StateSignal_XLE,0.0,0.0,1.0,1.0,0.0,0.0,0.0,-0.0
2021-05-25 00:00:00+00:00,20260201_193430_47aa49ab_StateSignal_XLE,0.0,0.0,1.0,1.0,0.0,0.0,0.0,0.0
2021-05-26 00:00:00+00:00,20260201_193430_47aa49ab_StateSignal_XLE,0.0,0.0,1.0,1.0,0.0,0.0,0.0,-0.0
2021-05-27 00:00:00+00:00,20260201_193430_47aa49ab_StateSignal_XLE,0.0,0.0,1.0,1.0,0.0,0.0,0.0,0.0
2021-05-28 00:00:00+00:00,20260201_193430_47aa49ab_StateSignal_XLE,0.0,0.0,1.0,1.0,0.0,0.0,0.0,0.0
2021-06-01 00:00:00+00:00,20260201_193430_47aa49ab_StateSignal_XLE,0.0,0.0,1.0,1.0,0.0,0.0,0.0,0.0
2021-06-02 00:00:00+00:00,20260201_193430_47aa49ab_StateSignal_XLE,0.0,0.0,1.0,1.0,0.0,0.0,0.0,0.0
2021-06-03 00:00:00+00:00,20260201_193430_47aa49ab_StateSignal_XLE,0.0,0.0,1.0,1.0,0.0,0.0,0.0,0.0
2021-06-04 00:00:00+00:00,20260201_193430_47aa49ab_StateSignal_XLE,0.0,0.0,1.0,1.0,0.0,0.0,0.0,0.0
2021-06-07 00:00:00+00:00,20260201_193430_47aa49ab_StateSignal_XLE,0.0,0.0,1.0,1.0,0.0,0.0,0.0,-0.0
2021-06-08 00:00:00+00:00,20260201_193430_47aa49ab_StateSignal_XLE,0.0,0.0,1.0,1.0,0.0,0.0,0.0,-0.0
2021-06-09 00:00:00+00:00,20260201_193430_47aa49ab_StateSignal_XLE,0.0,0.0,1.0,1.0,0.0,0.0,0.0,0.0
2021-06-10 00:00:00+00:00,20260201_193430_47aa49ab_StateSignal_XLE,0.0,0.0,1.0,1.0,0.0,0.0,0.0,0.0
2021-06-11 00:00:00+00:00,20260201_193430_47aa49ab_StateSignal_XLE,0.0,0.0,1.0,1.0,0.0,0.0,0.0,-0.0
2021-06-14 00:00:00+00:00,20260201_193430_47aa49ab_StateSignal_XLE,0.0,0.0,1.0,1.0,0.0,0.0,0.0,-0.0
2021-06-15 00:00:00+00:00,20260201_193430_47aa49ab_StateSignal_XLE,0.0,0.0,1.0,1.0,0.0,0.0,0.0,-0.0
2021-06-16 00:00:00+00:00,20260201_193430_47aa49ab_StateSignal_XLE,0.0,0.0,1.0,1.0,0.0,0.0,0.0,0.0
2021-06-17 00:00:00+00:00,20260201_193430_47aa49ab_StateSignal_XLE,0.0,0.0,1.0,1.0,0.0,0.0,0.0,-0.0
2021-06-18 00:00:00+00:00,20260201_193430_47aa49ab_StateSignal_XLE,0.0,0.0,1.0,1.0,0.0,0.0,0.0,-0.0
2021-06-21 00:00:00+00:00,20260201_193430_47aa49ab_StateSignal_XLE,0.0,0.0,1.0,1.0,0.0,0.0,0.0,-0.0
2021-06-22 00:00:00+00:00,20260201_193430_47aa49ab_StateSignal_XLE,0.0,0.0,1.0,1.0,0.0,0.0,0.0,0.0
2021-06-23 00:00:00+00:00,20260201_193430_47aa49ab_StateSignal_XLE,0.0,0.0,1.0,1.0,0.0,0.0,0.0,0.0
2021-06-24 00:00:00+00:00,20260201_193430_47aa49ab_StateSignal_XLE,0.0,0.0,1.0,1.0,0.0,0.0,0.0,-0.0
2021-06-25 00:00:00+00:00,20260201_193430_47aa49ab_StateSignal_XLE,0.0,0.0,1.0,1.0,0.0,0.0,0.0,0.0
2021-06-28 00:00:00+00:00,20260201_193430_47aa49ab_StateSignal_XLE,0.0,0.0,1.0,1.0,0.0,0.0,0.0,-0.0
2021-06-29 00:00:00+00:00,20260201_193430_47aa49ab_StateSignal_XLE,0.0,0.0,1.0,1.0,0.0,0.0,0.0,-0.0
2021-06-30 00:00:00+00:00,20260201_193430_47aa49ab_StateSignal_XLE,0.0,0.0,1.0,1.0,0.0,0.0,0.0,-0.0
2021-07-01 00:00:00+00:00,20260201_193430_47aa49ab_StateSignal_XLE,0.0,0.0,1.0,1.0,0.0,0.0,0.0,0.0
2021-07-02 00:00:00+00:00,20260201_193430_47aa49ab_StateSignal_XLE,0.0,0.0,1.0,1.0,0.0,0.0,0.0,-0.0
2021-07-06 00:00:00+00:00,20260201_193430_47aa49ab_StateSignal_XLE,0.0,0.0,1.0,1.0,0.0,0.0,0.0,0.0
2021-07-07 00:00:00+00:00,20260201_193430_47aa49ab_StateSignal_XLE,0.0,0.0,1.0,1.0,0.0,0.0,0.0,-0.0
2021-07-08 00:00:00+00:00,20260201_193430_47aa49ab_StateSignal_XLE,0.0,0.0,1.0,1.0,0.0,0.0,0.0,-0.0
2021-07-09 00:00:00+00:00,20260201_193430_47aa49ab_StateSignal_XLE,0.0,0.0,1.0,1.0,0.0,0.0,0.0,0.0
2021-07-12 00:00:00+00:00,20260201_193430_47aa49ab_StateSignal_XLE,0.0,0.0,1.0,1.0,0.0,0.0,0.0,0.0
2021-07-13 00:00:00+00:00,20260201_193430_47aa49ab_StateSignal_XLE,0.0,0.0,1.0,1.0,0.0,0.0,0.0,0.0
2021-07-14 00:00:00+00:00,20260201_193430_47aa49ab_StateSignal_XLE,0.0,0.0,1.0,1.0,0.0,0.0,0.0,0.0
2021-07-15 00:00:00+00:00,20260201_193430_47aa49ab_StateSignal_XLE,0.0,0.0,1.0,1.0,0.0,0.0,0.0,-0.0
2021-07-16 00:00:00+00:00,20260201_193430_47aa49ab_StateSignal_XLE,0.0,0.0,1.0,1.0,0.0,0.0,0.0,0.0
2021-07-19 00:00:00+00:00,20260201_193430_47aa49ab_StateSignal_XLE,0.0,0.0,1.0,1.0,0.0,0.0,0.0,-0.0
2021-07-20 00:00:00+00:00,20260201_193430_47aa49ab_StateSignal_XLE,0.0,0.0,1.0,1.0,0.0,0.0,0.0,0.0
2021-07-21 00:00:00+00:00,20260201_193430_47aa49ab_StateSignal_XLE,0.0,0.0,1.0,1.0,0.0,0.0,0.0,0.0
2021-07-22 00:00:00+00:00,20260201_193430_47aa49ab_StateSignal_XLE,0.0,0.0,1.0,1.0,0.0,0.0,0.0,0.0
2021-07-23 00:00:00+00:00,20260201_193430_47aa49ab_StateSignal_XLE,0.0,0.0,1.0,1.0,0.0,0.0,0.0,-0.0
2021-07-26 00:00:00+00:00,20260201_193430_47aa49ab_StateSignal_XLE,0.0,0.0,1.0,1.0,0.0,0.0,0.0,0.0
2021-07-27 00:00:00+00:00,20260201_193430_47aa49ab_StateSignal_XLE,0.0,0.0,1.0,1.0,0.0,0.0,0.0,0.0
2021-07-28 00:00:00+00:00,20260201_193430_47aa49ab_StateSignal_XLE,0.0,0.0,1.0,1.0,0.0,0.0,0.0,-0.0
2021-07-29 00:00:00+00:00,20260201_193430_47aa49ab_StateSignal_XLE,0.0,0.0,1.0,1.0,0.0,0.0,0.0,0.0
2021-07-30 00:00:00+00:00,20260201_193430_47aa49ab_StateSignal_XLE,0.0,0.0,1.0,1.0,0.0,0.0,0.0,-0.0
2021-08-02 00:00:00+00:00,20260201_193430_47aa49ab_StateSignal_XLE,0.0,0.0,1.0,1.0,0.0,0.0,0.0,-0.0
2021-08-03 00:00:00+00:00,20260201_193430_47aa49ab_StateSignal_XLE,0.0,0.0,1.0,1.0,0.0,0.0,0.0,-0.0
2021-08-04 00:00:00+00:00,20260201_193430_47aa49ab_StateSignal_XLE,0.0,0.0,1.0,1.0,0.0,0.0,0.0,0.0
2021-08-05 00:00:00+00:00,20260201_193430_47aa49ab_StateSignal_XLE,0.0,0.0,1.0,1.0,0.0,0.0,0.0,-0.0
2021-08-06 00:00:00+00:00,20260201_193430_47aa49ab_StateSignal_XLE,0.0,0.0,1.0,1.0,0.0,0.0,0.0,0.0
2021-08-09 00:00:00+00:00,20260201_193430_47aa49ab_StateSignal_XLE,0.0,0.0,1.0,1.0,0.0,0.0,0.0,-0.0
2021-08-10 00:00:00+00:00,20260201_193430_47aa49ab_StateSignal_XLE,0.0,0.0,1.0,1.0,0.0,0.0,0.0,0.0
2021-08-11 00:00:00+00:00,20260201_193430_47aa49ab_StateSignal_XLE,0.0,0.0,1.0,1.0,0.0,0.0,0.0,0.0
2021-08-12 00:00:00+00:00,20260201_193430_47aa49ab_StateSignal_XLE,0.0,0.0,1.0,1.0,0.0,0.0,0.0,0.0
2021-08-13 00:00:00+00:00,20260201_193430_47aa49ab_StateSignal_XLE,0.0,0.0,1.0,1.0,0.0,0.0,0.0,-0.0
2021-08-16 00:00:00+00:00,20260201_193430_47aa49ab_StateSignal_XLE,0.0,0.0,1.0,1.0,0.0,0.0,0.0,-0.0
2021-08-17 00:00:00+00:00,20260201_193430_47aa49ab_StateSignal_XLE,0.0,0.0,1.0,1.0,0.0,0.0,0.0,-0.0
2021-08-18 00:00:00+00:00,20260201_193430_47aa49ab_StateSignal_XLE,0.0,0.0,1.0,1.0,0.0,0.0,0.0,-0.0
2021-08-19 00:00:00+00:00,20260201_193430_47aa49ab_StateSignal_XLE,0.0,0.0,1.0,1.0,0.0,0.0,0.0,-0.0
2021-08-20 00:00:00+00:00,20260201_193430_47aa49ab_StateSignal_XLE,0.0,0.0,1.0,1.0,0.0,0.0,0.0,-0.0
2021-08-23 00:00:00+00:00,20260201_193430_47aa49ab_StateSignal_XLE,0.0,0.0,1.0,1.0,0.0,0.0,0.0,0.0
2021-08-24 00:00:00+00:00,20260201_193430_47aa49ab_StateSignal_XLE,0.0,0.0,1.0,1.0,0.0,0.0,0.0,0.0
2021-08-25 00:00:00+00:00,20260201_193430_47aa49ab_StateSignal_XLE,0.0,0.0,1.0,1.0,0.0,0.0,0.0,0.0
2021-08-26 00:00:00+00:00,20260201_193430_47aa49ab_StateSignal_XLE,0.0,0.0,1.0,1.0,0.0,0.0,0.0,0.0
2021-08-27 00:00:00+00:00,20260201_193430_47aa49ab_StateSignal_XLE,0.0,0.0,1.0,1.0,0.0,0.0,0.0,0.0
2021-08-30 00:00:00+00:00,20260201_193430_47aa49ab_StateSignal_XLE,0.0,0.0,1.0,1.0,0.0,0.0,0.0,0.0
2021-08-31 00:00:00+00:00,20260201_193430_47aa49ab_StateSignal_XLE,0.0,0.0,1.0,1.0,0.0,0.0,0.0,-0.0
2021-09-01 00:00:00+00:00,20260201_193430_47aa49ab_StateSignal_XLE,0.0,0.0,1.0,1.0,0.0,0.0,0.0,-0.0
2021-09-02 00:00:00+00:00,20260201_193430_47aa49ab_StateSignal_XLE,0.0,0.0,1.0,1.0,0.0,0.0,0.0,-0.0
2021-09-03 00:00:00+00:00,20260201_193430_47aa49ab_StateSignal_XLE,0.0,0.0,1.0,1.0,0.0,0.0,0.0,0.0
2021-09-07 00:00:00+00:00,20260201_193430_47aa49ab_StateSignal_XLE,0.0,0.0,1.0,1.0,0.0,0.0,0.0,-0.0
2021-09-08 00:00:00+00:00,20260201_193430_47aa49ab_StateSignal_XLE,0.0,0.0,1.0,1.0,0.0,0.0,0.0,0.0
2021-09-09 00:00:00+00:00,20260201_193430_47aa49ab_StateSignal_XLE,0.0,0.0,1.0,1.0,0.0,0.0,0.0,-0.0
2021-09-10 00:00:00+00:00,20260201_193430_47aa49ab_StateSignal_XLE,0.0,0.0,1.0,1.0,0.0,0.0,0.0,0.0
2021-09-13 00:00:00+00:00,20260201_193430_47aa49ab_StateSignal_XLE,0.0,0.0,1.0,1.0,0.0,0.0,0.0,-0.0
2021-09-14 00:00:00+00:00,20260201_193430_47aa49ab_StateSignal_XLE,0.0,0.0,1.0,1.0,0.0,0.0,0.0,0.0
2021-09-15 00:00:00+00:00,20260201_193430_47aa49ab_StateSignal_XLE,0.0,0.0,1.0,1.0,0.0,0.0,0.0,-0.0
2021-09-16 00:00:00+00:00,20260201_193430_47aa49ab_StateSignal_XLE,0.0,0.0,1.0,1.0,0.0,0.0,0.0,0.0
2021-09-17 00:00:00+00:00,20260201_193430_47aa49ab_StateSignal_XLE,0.0,0.0,1.0,1.0,0.0,0.0,0.0,-0.0
2021-09-20 00:00:00+00:00,20260201_193430_47aa49ab_StateSignal_XLE,0.0,0.0,1.0,1.0,0.0,0.0,0.0,-0.0
2021-09-21 00:00:00+00:00,20260201_193430_47aa49ab_StateSignal_XLE,0.0,0.0,1.0,1.0,0.0,0.0,0.0,0.0
2021-09-22 00:00:00+00:00,20260201_193430_47aa49ab_StateSignal_XLE,0.0,0.0,1.0,1.0,0.0,0.0,0.0,0.0
2021-09-23 00:00:00+00:00,20260201_193430_47aa49ab_StateSignal_XLE,0.0,0.0,1.0,1.0,0.0,0.0,0.0,0.0
2021-09-24 00:00:00+00:00,20260201_193430_47aa49ab_StateSignal_XLE,0.0,0.0,1.0,1.0,0.0,0.0,0.0,0.0
2021-09-27 00:00:00+00:00,20260201_193430_47aa49ab_StateSignal_XLE,0.0,0.0,1.0,1.0,0.0,0.0,0.0,0.0
2021-09-28 00:00:00+00:00,20260201_193430_47aa49ab_StateSignal_XLE,0.0,0.0,1.0,1.0,0.0,0.0,0.0,0.0
2021-09-29 00:00:00+00:00,20260201_193430_47aa49ab_StateSignal_XLE,0.0,0.0,1.0,1.0,0.0,0.0,0.0,0.0
2021-09-30 00:00:00+00:00,20260201_193430_47aa49ab_StateSignal_XLE,0.0,0.0,1.0,1.0,0.0,0.0,0.0,0.0
2021-10-01 00:00:00+00:00,20260201_193430_47aa49ab_StateSignal_XLE,0.0,0.0,1.0,1.0,0.0,0.0,0.0,-0.0
2021-10-04 00:00:00+00:00,20260201_193430_47aa49ab_StateSignal_XLE,0.0,0.0,1.0,1.0,0.0,0.0,0.0,0.0
2021-10-05 00:00:00+00:00,20260201_193430_47aa49ab_StateSignal_XLE,0.0,0.0,1.0,1.0,0.0,0.0,0.0,0.0
2021-10-06 00:00:00+00:00,20260201_193430_47aa49ab_StateSignal_XLE,0.0,0.0,1.0,1.0,0.0,0.0,0.0,-0.0
2021-10-07 00:00:00+00:00,20260201_193430_47aa49ab_StateSignal_XLE,0.0,0.0,1.0,1.0,0.0,0.0,0.0,0.0
2021-10-08 00:00:00+00:00,20260201_193430_47aa49ab_StateSignal_XLE,0.0,0.0,1.0,1.0,0.0,0.0,0.0,0.0
2021-10-11 00:00:00+00:00,20260201_193430_47aa49ab_StateSignal_XLE,0.0,0.0,1.0,1.0,0.0,0.0,0.0,0.0
2021-10-12 00:00:00+00:00,20260201_193430_47aa49ab_StateSignal_XLE,0.0,0.0,1.0,1.0,0.0,0.0,0.0,-0.0
2021-10-13 00:00:00+00:00,20260201_193430_47aa49ab_StateSignal_XLE,0.0,0.0,1.0,1.0,0.0,0.0,0.0,-0.0
2021-10-14 00:00:00+00:00,20260201_193430_47aa49ab_StateSignal_XLE,0.0,0.0,1.0,1.0,0.0,0.0,0.0,0.0
2021-10-15 00:00:00+00:00,20260201_193430_47aa49ab_StateSignal_XLE,0.0,0.0,1.0,1.0,0.0,0.0,0.0,0.0
2021-10-18 00:00:00+00:00,20260201_193430_47aa49ab_StateSignal_XLE,0.0,0.0,1.0,1.0,0.0,0.0,0.0,0.0
2021-10-19 00:00:00+00:00,20260201_193430_47aa49ab_StateSignal_XLE,0.0,0.0,1.0,1.0,0.0,0.0,0.0,-0.0
2021-10-20 00:00:00+00:00,20260201_193430_47aa49ab_StateSignal_XLE,0.0,0.0,1.0,1.0,0.0,0.0,0.0,-0.0
2021-10-21 00:00:00+00:00,20260201_193430_47aa49ab_StateSignal_XLE,0.0,0.0,1.0,1.0,0.0,0.0,0.0,0.0
2021-10-22 00:00:00+00:00,20260201_193430_47aa49ab_StateSignal_XLE,0.0,0.0,1.0,1.0,0.0,0.0,0.0,-0.0
2021-10-25 00:00:00+00:00,20260201_193430_47aa49ab_StateSignal_XLE,0.0,0.0,1.0,1.0,0.0,0.0,0.0,0.0
2021-10-26 00:00:00+00:00,20260201_193430_47aa49ab_StateSignal_XLE,0.0,0.0,1.0,1.0,0.0,0.0,0.0,0.0
2021-10-27 00:00:00+00:00,20260201_193430_47aa49ab_StateSignal_XLE,0.0,0.0,1.0,1.0,0.0,0.0,0.0,-0.0
2021-10-28 00:00:00+00:00,20260201_193430_47aa49ab_StateSignal_XLE,0.0,0.0,1.0,1.0,0.0,0.0,0.0,-0.0
2021-10-29 00:00:00+00:00,20260201_193430_47aa49ab_StateSignal_XLE,0.0,0.0,1.0,1.0,0.0,0.0,0.0,0.0
2021-11-01 00:00:00+00:00,20260201_193430_47aa49ab_StateSignal_XLE,0.0,0.0,1.0,1.0,0.0,0.0,0.0,-0.0
2021-11-02 00:00:00+00:00,20260201_193430_47aa49ab_StateSignal_XLE,0.0,0.0,1.0,1.0,0.0,0.0,0.0,0.0
2021-11-03 00:00:00+00:00,20260201_193430_47aa49ab_StateSignal_XLE,0.0,0.0,1.0,1.0,0.0,0.0,0.0,-0.0
2021-11-04 00:00:00+00:00,20260201_193430_47aa49ab_StateSignal_XLE,0.0,0.0,1.0,1.0,0.0,0.0,0.0,0.0
2021-11-05 00:00:00+00:00,20260201_193430_47aa49ab_StateSignal_XLE,0.0,0.0,1.0,1.0,0.0,0.0,0.0,0.0
2021-11-08 00:00:00+00:00,20260201_193430_47aa49ab_StateSignal_XLE,0.0,0.0,1.0,1.0,0.0,0.0,0.0,0.0
2021-11-09 00:00:00+00:00,20260201_193430_47aa49ab_StateSignal_XLE,0.0,0.0,1.0,1.0,0.0,0.0,0.0,0.0
2021-11-10 00:00:00+00:00,20260201_193430_47aa49ab_StateSignal_XLE,0.0,0.0,1.0,1.0,0.0,0.0,0.0,-0.0
2021-11-11 00:00:00+00:00,20260201_193430_47aa49ab_StateSignal_XLE,0.0,0.0,1.0,1.0,0.0,0.0,0.0,-0.0
2021-11-12 00:00:00+00:00,20260201_193430_47aa49ab_StateSignal_XLE,0.0,0.0,1.0,1.0,0.0,0.0,0.0,-0.0
2021-11-15 00:00:00+00:00,20260201_193430_47aa49ab_StateSignal_XLE,0.0,0.0,1.0,1.0,0.0,0.0,0.0,0.0
2021-11-16 00:00:00+00:00,20260201_193430_47aa49ab_StateSignal_XLE,0.0,0.0,1.0,1.0,0.0,0.0,0.0,0.0
2021-11-17 00:00:00+00:00,20260201_193430_47aa49ab_StateSignal_XLE,0.0,0.0,1.0,1.0,0.0,0.0,0.0,-0.0
2021-11-18 00:00:00+00:00,20260201_193430_47aa49ab_StateSignal_XLE,0.0,0.0,1.0,1.0,0.0,0.0,0.0,-0.0
2021-11-19 00:00:00+00:00,20260201_193430_47aa49ab_StateSignal_XLE,0.0,0.0,1.0,1.0,0.0,0.0,0.0,-0.0
2021-11-22 00:00:00+00:00,20260201_193430_47aa49ab_StateSignal_XLE,0.0,0.0,1.0,1.0,0.0,0.0,0.0,-0.0
2021-11-23 00:00:00+00:00,20260201_193430_47aa49ab_StateSignal_XLE,0.0,0.0,1.0,1.0,0.0,0.0,0.0,0.0
2021-11-24 00:00:00+00:00,20260201_193430_47aa49ab_StateSignal_XLE,0.0,0.0,1.0,1.0,0.0,0.0,0.0,0.0
2021-11-26 00:00:00+00:00,20260201_193430_47aa49ab_StateSignal_XLE,0.0,0.0,1.0,1.0,0.0,0.0,0.0,-0.0
2021-11-29 00:00:00+00:00,20260201_193430_47aa49ab_StateSignal_XLE,0.0,0.0,1.0,1.0,0.0,0.0,0.0,0.0
2021-11-30 00:00:00+00:00,20260201_193430_47aa49ab_StateSignal_XLE,0.0,0.0,1.0,1.0,0.0,0.0,0.0,-0.0
2021-12-01 00:00:00+00:00,20260201_193430_47aa49ab_StateSignal_XLE,0.0,0.0,1.0,1.0,0.0,0.0,0.0,0.0
2021-12-02 00:00:00+00:00,20260201_193430_47aa49ab_StateSignal_XLE,0.0,0.0,1.0,1.0,0.0,0.0,0.0,-0.0
2021-12-03 00:00:00+00:00,20260201_193430_47aa49ab_StateSignal_XLE,0.0,0.0,1.0,1.0,0.0,0.0,0.0,0.0
2021-12-06 00:00:00+00:00,20260201_193430_47aa49ab_StateSignal_XLE,0.0,0.0,1.0,1.0,0.0,0.0,0.0,-0.0
2021-12-07 00:00:00+00:00,20260201_193430_47aa49ab_StateSignal_XLE,0.0,0.0,1.0,1.0,0.0,0.0,0.0,-0.0
2021-12-08 00:00:00+00:00,20260201_193430_47aa49ab_StateSignal_XLE,0.0,0.0,1.0,1.0,0.0,0.0,0.0,0.0
2021-12-09 00:00:00+00:00,20260201_193430_47aa49ab_StateSignal_XLE,0.0,0.0,1.0,1.0,0.0,0.0,0.0,-0.0
2021-12-10 00:00:00+00:00,20260201_193430_47aa49ab_StateSignal_XLE,0.0,0.0,1.0,1.0,0.0,0.0,0.0,0.0
2021-12-13 00:00:00+00:00,20260201_193430_47aa49ab_StateSignal_XLE,0.0,0.0,1.0,1.0,0.0,0.0,0.0,-0.0
2021-12-14 00:00:00+00:00,20260201_193430_47aa49ab_StateSignal_XLE,0.0,0.0,1.0,1.0,0.0,0.0,0.0,-0.0
2021-12-15 00:00:00+00:00,20260201_193430_47aa49ab_StateSignal_XLE,0.0,0.0,1.0,1.0,0.0,0.0,0.0,0.0
2021-12-16 00:00:00+00:00,20260201_193430_47aa49ab_StateSignal_XLE,0.0,0.0,1.0,1.0,0.0,0.0,0.0,0.0
2021-12-17 00:00:00+00:00,20260201_193430_47aa49ab_StateSignal_XLE,0.0,0.0,1.0,1.0,0.0,0.0,0.0,-0.0
2021-12-20 00:00:00+00:00,20260201_193430_47aa49ab_StateSignal_XLE,0.0,0.0,1.0,1.0,0.0,0.0,0.0,-0.0
2021-12-21 00:00:00+00:00,20260201_193430_47aa49ab_StateSignal_XLE,0.0,0.0,1.0,1.0,0.0,0.0,0.0,0.0
2021-12-22 00:00:00+00:00,20260201_193430_47aa49ab_StateSignal_XLE,0.0,0.0,1.0,1.0,0.0,0.0,0.0,0.0
2021-12-23 00:00:00+00:00,20260201_193430_47aa49ab_StateSignal_XLE,0.0,0.0,1.0,1.0,0.0,0.0,0.0,0.0
2021-12-27 00:00:00+00:00,20260201_193430_47aa49ab_StateSignal_XLE,0.0,0.0,1.0,1.0,0.0,0.0,0.0,-0.0
2021-12-28 00:00:00+00:00,20260201_193430_47aa49ab_StateSignal_XLE,0.0,0.0,1.0,1.0,0.0,0.0,0.0,0.0
2021-12-29 00:00:00+00:00,20260201_193430_47aa49ab_StateSignal_XLE,0.0,0.0,1.0,1.0,0.0,0.0,0.0,-0.0
2021-12-30 00:00:00+00:00,20260201_193430_47aa49ab_StateSignal_XLE,0.0,0.0,1.0,1.0,0.0,0.0,0.0,-0.0
2021-12-31 00:00:00+00:00,20260201_193430_47aa49ab_StateSignal_XLE,0.0,0.0,1.0,1.0,0.0,0.0,0.0,-0.0
2022-01-03 00:00:00+00:00,20260201_193430_47aa49ab_StateSignal_XLE,0.0,0.0,1.0,1.0,0.0,0.0,0.0,0.0
2022-01-04 00:00:00+00:00,20260201_193430_47aa49ab_StateSignal_XLE,0.0,0.0,1.0,1.0,0.0,0.0,0.0,0.0
2022-01-05 00:00:00+00:00,20260201_193430_47aa49ab_StateSignal_XLE,0.0,0.0,1.0,1.0,0.0,0.0,0.0,0.0
2022-01-06 00:00:00+00:00,20260201_193430_47aa49ab_StateSignal_XLE,0.0,0.0,1.0,1.0,0.0,0.0,0.0,0.0
2022-01-07 00:00:00+00:00,20260201_193430_47aa49ab_StateSignal_XLE,0.0,0.0,1.0,1.0,0.0,0.0,0.0,0.0
2022-01-10 00:00:00+00:00,20260201_193430_47aa49ab_StateSignal_XLE,0.0,0.0,1.0,1.0,0.0,0.0,0.0,0.0
2022-01-11 00:00:00+00:00,20260201_193430_47aa49ab_StateSignal_XLE,0.0,0.0,1.0,1.0,0.0,0.0,0.0,0.0
2022-01-12 00:00:00+00:00,20260201_193430_47aa49ab_StateSignal_XLE,0.0,0.0,1.0,1.0,0.0,0.0,0.0,0.0
2022-01-13 00:00:00+00:00,20260201_193430_47aa49ab_StateSignal_XLE,0.0,0.0,1.0,1.0,0.0,0.0,0.0,-0.0
2022-01-14 00:00:00+00:00,20260201_193430_47aa49ab_StateSignal_XLE,0.0,0.0,1.0,1.0,0.0,0.0,0.0,-0.0
2022-01-18 00:00:00+00:00,20260201_193430_47aa49ab_StateSignal_XLE,0.0,0.0,1.0,1.0,0.0,0.0,0.0,0.0
2022-01-19 00:00:00+00:00,20260201_193430_47aa49ab_StateSignal_XLE,0.0,0.0,1.0,1.0,0.0,0.0,0.0,0.0
2022-01-20 00:00:00+00:00,20260201_193430_47aa49ab_StateSignal_XLE,0.0,0.0,1.0,1.0,0.0,0.0,0.0,-0.0
2022-01-21 00:00:00+00:00,20260201_193430_47aa49ab_StateSignal_XLE,0.0,0.0,1.0,1.0,0.0,0.0,0.0,-0.0
2022-01-24 00:00:00+00:00,20260201_193430_47aa49ab_StateSignal_XLE,0.0,0.0,1.0,1.0,0.0,0.0,0.0,-0.0
2022-01-25 00:00:00+00:00,20260201_193430_47aa49ab_StateSignal_XLE,0.0,0.0,1.0,1.0,0.0,0.0,0.0,0.0
2022-01-26 00:00:00+00:00,20260201_193430_47aa49ab_StateSignal_XLE,0.0,0.0,1.0,1.0,0.0,0.0,0.0,0.0
2022-01-27 00:00:00+00:00,20260201_193430_47aa49ab_StateSignal_XLE,0.0,0.0,1.0,1.0,0.0,0.0,0.0,0.0
2022-01-28 00:00:00+00:00,20260201_193430_47aa49ab_StateSignal_XLE,0.0,0.0,1.0,1.0,0.0,0.0,0.0,-0.0
2022-01-31 00:00:00+00:00,20260201_193430_47aa49ab_StateSignal_XLE,0.0,0.0,1.0,1.0,0.0,0.0,0.0,-0.0
2022-02-01 00:00:00+00:00,20260201_193430_47aa49ab_StateSignal_XLE,0.0,0.0,1.0,1.0,0.0,0.0,0.0,0.0
2022-02-02 00:00:00+00:00,20260201_193430_47aa49ab_StateSignal_XLE,0.0,0.0,1.0,1.0,0.0,0.0,0.0,0.0
2022-02-03 00:00:00+00:00,20260201_193430_47aa49ab_StateSignal_XLE,0.0,0.0,1.0,1.0,0.0,0.0,0.0,0.0
2022-02-04 00:00:00+00:00,20260201_193430_47aa49ab_StateSignal_XLE,0.0,0.0,1.0,1.0,0.0,0.0,0.0,-0.0
2022-02-07 00:00:00+00:00,20260201_193430_47aa49ab_StateSignal_XLE,0.0,0.0,1.0,1.0,0.0,0.0,0.0,0.0
2022-02-08 00:00:00+00:00,20260201_193430_47aa49ab_StateSignal_XLE,0.0,0.0,1.0,1.0,0.0,0.0,0.0,0.0
2022-02-09 00:00:00+00:00,20260201_193430_47aa49ab_StateSignal_XLE,0.0,0.0,1.0,1.0,0.0,0.0,0.0,-0.0
2022-02-10 00:00:00+00:00,20260201_193430_47aa49ab_StateSignal_XLE,0.0,0.0,1.0,1.0,0.0,0.0,0.0,0.0
2022-02-11 00:00:00+00:00,20260201_193430_47aa49ab_StateSignal_XLE,0.0,0.0,1.0,1.0,0.0,0.0,0.0,0.0
2022-02-14 00:00:00+00:00,20260201_193430_47aa49ab_StateSignal_XLE,0.0,0.0,1.0,1.0,0.0,0.0,0.0,0.0
2022-02-15 00:00:00+00:00,20260201_193430_47aa49ab_StateSignal_XLE,0.0,0.0,1.0,1.0,0.0,0.0,0.0,-0.0
2022-02-16 00:00:00+00:00,20260201_193430_47aa49ab_StateSignal_XLE,0.0,0.0,1.0,1.0,0.0,0.0,0.0,0.0
2022-02-17 00:00:00+00:00,20260201_193430_47aa49ab_StateSignal_XLE,0.0,0.0,1.0,1.0,0.0,0.0,0.0,-0.0
2022-02-18 00:00:00+00:00,20260201_193430_47aa49ab_StateSignal_XLE,0.0,0.0,1.0,1.0,0.0,0.0,0.0,-0.0
2022-02-22 00:00:00+00:00,20260201_193430_47aa49ab_StateSignal_XLE,0.0,0.0,1.0,1.0,0.0,0.0,0.0,0.0
2022-02-23 00:00:00+00:00,20260201_193430_47aa49ab_StateSignal_XLE,0.0,0.0,1.0,1.0,0.0,0.0,0.0,-0.0
2022-02-24 00:00:00+00:00,20260201_193430_47aa49ab_StateSignal_XLE,0.0,0.0,1.0,1.0,0.0,0.0,0.0,0.0
2022-02-25 00:00:00+00:00,20260201_193430_47aa49ab_StateSignal_XLE,0.0,0.0,1.0,1.0,0.0,0.0,0.0,-0.0
2022-02-28 00:00:00+00:00,20260201_193430_47aa49ab_StateSignal_XLE,0.0,0.0,1.0,1.0,0.0,0.0,0.0,0.0
2022-03-01 00:00:00+00:00,20260201_193430_47aa49ab_StateSignal_XLE,0.0,0.0,1.0,1.0,0.0,0.0,0.0,0.0
2022-03-02 00:00:00+00:00,20260201_193430_47aa49ab_StateSignal_XLE,0.0,0.0,1.0,1.0,0.0,0.0,0.0,0.0
2022-03-03 00:00:00+00:00,20260201_193430_47aa49ab_StateSignal_XLE,0.0,0.0,1.0,1.0,0.0,0.0,0.0,-0.0
2022-03-04 00:00:00+00:00,20260201_193430_47aa49ab_StateSignal_XLE,0.0,0.0,1.0,1.0,0.0,0.0,0.0,0.0
2022-03-07 00:00:00+00:00,20260201_193430_47aa49ab_StateSignal_XLE,0.0,0.0,1.0,1.0,0.0,0.0,0.0,0.0
2022-03-08 00:00:00+00:00,20260201_193430_47aa49ab_StateSignal_XLE,0.0,0.0,1.0,1.0,0.0,0.0,0.0,0.0
2022-03-09 00:00:00+00:00,20260201_193430_47aa49ab_StateSignal_XLE,0.0,0.0,1.0,1.0,0.0,0.0,0.0,-0.0
2022-03-10 00:00:00+00:00,20260201_193430_47aa49ab_StateSignal_XLE,0.0,0.0,1.0,1.0,0.0,0.0,0.0,-0.0
2022-03-11 00:00:00+00:00,20260201_193430_47aa49ab_StateSignal_XLE,0.0,0.0,1.0,1.0,0.0,0.0,0.0,0.0
2022-03-14 00:00:00+00:00,20260201_193430_47aa49ab_StateSignal_XLE,0.0,0.0,1.0,1.0,0.0,0.0,0.0,-0.0
2022-03-15 00:00:00+00:00,20260201_193430_47aa49ab_StateSignal_XLE,0.0,0.0,1.0,1.0,0.0,0.0,0.0,-0.0
2022-03-16 00:00:00+00:00,20260201_193430_47aa49ab_StateSignal_XLE,0.0,0.0,1.0,1.0,0.0,0.0,0.0,0.0
2022-03-17 00:00:00+00:00,20260201_193430_47aa49ab_StateSignal_XLE,0.0,0.0,1.0,1.0,0.0,0.0,0.0,0.0
2022-03-18 00:00:00+00:00,20260201_193430_47aa49ab_StateSignal_XLE,0.0,0.0,1.0,1.0,0.0,0.0,0.0,0.0
2022-03-21 00:00:00+00:00,20260201_193430_47aa49ab_StateSignal_XLE,0.0,0.0,1.0,1.0,0.0,0.0,0.0,-0.0
2022-03-22 00:00:00+00:00,20260201_193430_47aa49ab_StateSignal_XLE,0.0,0.0,1.0,1.0,0.0,0.0,0.0,0.0
2022-03-23 00:00:00+00:00,20260201_193430_47aa49ab_StateSignal_XLE,0.0,0.0,1.0,1.0,0.0,0.0,0.0,0.0
2022-03-24 00:00:00+00:00,20260201_193430_47aa49ab_StateSignal_XLE,0.0,0.0,1.0,1.0,0.0,0.0,0.0,0.0
2022-03-25 00:00:00+00:00,20260201_193430_47aa49ab_StateSignal_XLE,0.0,0.0,1.0,1.0,0.0,0.0,0.0,-0.0
2022-03-28 00:00:00+00:00,20260201_193430_47aa49ab_StateSignal_XLE,0.0,0.0,1.0,1.0,0.0,0.0,0.0,0.0
2022-03-29 00:00:00+00:00,20260201_193430_47aa49ab_StateSignal_XLE,0.0,0.0,1.0,1.0,0.0,0.0,0.0,-0.0
2022-03-30 00:00:00+00:00,20260201_193430_47aa49ab_StateSignal_XLE,0.0,0.0,1.0,1.0,0.0,0.0,0.0,0.0
2022-03-31 00:00:00+00:00,20260201_193430_47aa49ab_StateSignal_XLE,0.0,0.0,1.0,1.0,0.0,0.0,0.0,-0.0
2022-04-01 00:00:00+00:00,20260201_193430_47aa49ab_StateSignal_XLE,0.0,0.0,1.0,1.0,0.0,0.0,0.0,-0.0
2022-04-04 00:00:00+00:00,20260201_193430_47aa49ab_StateSignal_XLE,0.0,0.0,1.0,1.0,0.0,0.0,0.0,0.0
2022-04-05 00:00:00+00:00,20260201_193430_47aa49ab_StateSignal_XLE,0.0,0.0,1.0,1.0,0.0,0.0,0.0,-0.0
2022-04-06 00:00:00+00:00,20260201_193430_47aa49ab_StateSignal_XLE,0.0,0.0,1.0,1.0,0.0,0.0,0.0,-0.0
2022-04-07 00:00:00+00:00,20260201_193430_47aa49ab_StateSignal_XLE,0.0,0.0,1.0,1.0,0.0,0.0,0.0,-0.0
2022-04-08 00:00:00+00:00,20260201_193430_47aa49ab_StateSignal_XLE,0.0,0.0,1.0,1.0,0.0,0.0,0.0,0.0
2022-04-11 00:00:00+00:00,20260201_193430_47aa49ab_StateSignal_XLE,0.0,0.0,1.0,1.0,0.0,0.0,0.0,0.0
2022-04-12 00:00:00+00:00,20260201_193430_47aa49ab_StateSignal_XLE,0.0,0.0,1.0,1.0,0.0,0.0,0.0,-0.0
2022-04-13 00:00:00+00:00,20260201_193430_47aa49ab_StateSignal_XLE,0.0,0.0,1.0,1.0,0.0,0.0,0.0,0.0
2022-04-14 00:00:00+00:00,20260201_193430_47aa49ab_StateSignal_XLE,0.0,0.0,1.0,1.0,0.0,0.0,0.0,-0.0
2022-04-18 00:00:00+00:00,20260201_193430_47aa49ab_StateSignal_XLE,0.0,0.0,1.0,1.0,0.0,0.0,0.0,0.0
2022-04-19 00:00:00+00:00,20260201_193430_47aa49ab_StateSignal_XLE,0.0,0.0,1.0,1.0,0.0,0.0,0.0,-0.0
2022-04-20 00:00:00+00:00,20260201_193430_47aa49ab_StateSignal_XLE,0.0,0.0,1.0,1.0,0.0,0.0,0.0,0.0
2022-04-21 00:00:00+00:00,20260201_193430_47aa49ab_StateSignal_XLE,0.0,0.0,1.0,1.0,0.0,0.0,0.0,0.0
2022-04-22 00:00:00+00:00,20260201_193430_47aa49ab_StateSignal_XLE,0.0,0.0,1.0,1.0,0.0,0.0,0.0,-0.0
2022-04-25 00:00:00+00:00,20260201_193430_47aa49ab_StateSignal_XLE,0.0,0.0,1.0,1.0,0.0,0.0,0.0,-0.0
2022-04-26 00:00:00+00:00,20260201_193430_47aa49ab_StateSignal_XLE,0.0,0.0,1.0,1.0,0.0,0.0,0.0,0.0
2022-04-27 00:00:00+00:00,20260201_193430_47aa49ab_StateSignal_XLE,0.0,0.0,1.0,1.0,0.0,0.0,0.0,0.0
2022-04-28 00:00:00+00:00,20260201_193430_47aa49ab_StateSignal_XLE,0.0,0.0,1.0,1.0,0.0,0.0,0.0,0.0
2022-04-29 00:00:00+00:00,20260201_193430_47aa49ab_StateSignal_XLE,0.0,0.0,1.0,1.0,0.0,0.0,0.0,0.0
2022-05-02 00:00:00+00:00,20260201_193430_47aa49ab_StateSignal_XLE,0.0,0.0,1.0,1.0,0.0,0.0,0.0,-0.0
2022-05-03 00:00:00+00:00,20260201_193430_47aa49ab_StateSignal_XLE,0.0,0.0,1.0,1.0,0.0,0.0,0.0,0.0
2022-05-04 00:00:00+00:00,20260201_193430_47aa49ab_StateSignal_XLE,0.0,0.0,1.0,1.0,0.0,0.0,0.0,0.0
2022-05-05 00:00:00+00:00,20260201_193430_47aa49ab_StateSignal_XLE,0.0,0.0,1.0,1.0,0.0,0.0,0.0,0.0
2022-05-06 00:00:00+00:00,20260201_193430_47aa49ab_StateSignal_XLE,0.0,0.0,1.0,1.0,0.0,0.0,0.0,-0.0
2022-05-09 00:00:00+00:00,20260201_193430_47aa49ab_StateSignal_XLE,0.0,0.0,1.0,1.0,0.0,0.0,0.0,0.0
2022-05-10 00:00:00+00:00,20260201_193430_47aa49ab_StateSignal_XLE,0.0,0.0,1.0,1.0,0.0,0.0,0.0,-0.0
2022-05-11 00:00:00+00:00,20260201_193430_47aa49ab_StateSignal_XLE,0.0,0.0,1.0,1.0,0.0,0.0,0.0,0.0
2022-05-12 00:00:00+00:00,20260201_193430_47aa49ab_StateSignal_XLE,0.0,0.0,1.0,1.0,0.0,0.0,0.0,-0.0
2022-05-13 00:00:00+00:00,20260201_193430_47aa49ab_StateSignal_XLE,0.0,0.0,1.0,1.0,0.0,0.0,0.0,0.0
2022-05-16 00:00:00+00:00,20260201_193430_47aa49ab_StateSignal_XLE,0.0,0.0,1.0,1.0,0.0,0.0,0.0,0.0
2022-05-17 00:00:00+00:00,20260201_193430_47aa49ab_StateSignal_XLE,0.0,0.0,1.0,1.0,0.0,0.0,0.0,0.0
2022-05-18 00:00:00+00:00,20260201_193430_47aa49ab_StateSignal_XLE,0.0,0.0,1.0,1.0,0.0,0.0,0.0,0.0
2022-05-19 00:00:00+00:00,20260201_193430_47aa49ab_StateSignal_XLE,0.0,0.0,1.0,1.0,0.0,0.0,0.0,-0.0
2022-05-20 00:00:00+00:00,20260201_193430_47aa49ab_StateSignal_XLE,0.0,0.0,1.0,1.0,0.0,0.0,0.0,0.0
2022-05-23 00:00:00+00:00,20260201_193430_47aa49ab_StateSignal_XLE,0.0,0.0,1.0,1.0,0.0,0.0,0.0,0.0
2022-05-24 00:00:00+00:00,20260201_193430_47aa49ab_StateSignal_XLE,0.0,0.0,1.0,1.0,0.0,0.0,0.0,0.0
2022-05-25 00:00:00+00:00,20260201_193430_47aa49ab_StateSignal_XLE,0.0,0.0,1.0,1.0,0.0,0.0,0.0,0.0
2022-05-26 00:00:00+00:00,20260201_193430_47aa49ab_StateSignal_XLE,0.0,0.0,1.0,1.0,0.0,0.0,0.0,0.0
2022-05-27 00:00:00+00:00,20260201_193430_47aa49ab_StateSignal_XLE,0.0,0.0,1.0,1.0,0.0,0.0,0.0,0.0
2022-05-31 00:00:00+00:00,20260201_193430_47aa49ab_StateSignal_XLE,0.0,0.0,1.0,1.0,0.0,0.0,0.0,0.0
2022-06-01 00:00:00+00:00,20260201_193430_47aa49ab_StateSignal_XLE,0.0,0.0,1.0,1.0,0.0,0.0,0.0,-0.0
2022-06-02 00:00:00+00:00,20260201_193430_47aa49ab_StateSignal_XLE,0.0,0.0,1.0,1.0,0.0,0.0,0.0,0.0
2022-06-03 00:00:00+00:00,20260201_193430_47aa49ab_StateSignal_XLE,0.0,0.0,1.0,1.0,0.0,0.0,0.0,0.0
2022-06-06 00:00:00+00:00,20260201_193430_47aa49ab_StateSignal_XLE,0.0,0.0,1.0,1.0,0.0,0.0,0.0,0.0
2022-06-07 00:00:00+00:00,20260201_193430_47aa49ab_StateSignal_XLE,0.0,0.0,1.0,1.0,0.0,0.0,0.0,-0.0
2022-06-08 00:00:00+00:00,20260201_193430_47aa49ab_StateSignal_XLE,0.0,0.0,1.0,1.0,0.0,0.0,0.0,0.0
2022-06-09 00:00:00+00:00,20260201_193430_47aa49ab_StateSignal_XLE,0.0,0.0,1.0,1.0,0.0,0.0,0.0,-0.0
2022-06-10 00:00:00+00:00,20260201_193430_47aa49ab_StateSignal_XLE,0.0,0.0,1.0,1.0,0.0,0.0,0.0,-0.0
2022-06-13 00:00:00+00:00,20260201_193430_47aa49ab_StateSignal_XLE,0.0,0.0,1.0,1.0,0.0,0.0,0.0,-0.0
2022-06-14 00:00:00+00:00,20260201_193430_47aa49ab_StateSignal_XLE,0.0,0.0,1.0,1.0,0.0,0.0,0.0,-0.0
2022-06-15 00:00:00+00:00,20260201_193430_47aa49ab_StateSignal_XLE,0.0,0.0,1.0,1.0,0.0,0.0,0.0,-0.0
2022-06-16 00:00:00+00:00,20260201_193430_47aa49ab_StateSignal_XLE,0.0,0.0,1.0,1.0,0.0,0.0,0.0,-0.0
2022-06-17 00:00:00+00:00,20260201_193430_47aa49ab_StateSignal_XLE,0.0,0.0,1.0,1.0,0.0,0.0,0.0,-0.0
2022-06-21 00:00:00+00:00,20260201_193430_47aa49ab_StateSignal_XLE,0.0,0.0,1.0,1.0,0.0,0.0,0.0,-0.0
2022-06-22 00:00:00+00:00,20260201_193430_47aa49ab_StateSignal_XLE,0.0,0.0,1.0,1.0,0.0,0.0,0.0,-0.0
2022-06-23 00:00:00+00:00,20260201_193430_47aa49ab_StateSignal_XLE,0.0,0.0,1.0,1.0,0.0,0.0,0.0,0.0
2022-06-24 00:00:00+00:00,20260201_193430_47aa49ab_StateSignal_XLE,0.0,0.0,1.0,1.0,0.0,0.0,0.0,-0.0
2022-06-27 00:00:00+00:00,20260201_193430_47aa49ab_StateSignal_XLE,0.0,0.0,1.0,1.0,0.0,0.0,0.0,0.0
2022-06-28 00:00:00+00:00,20260201_193430_47aa49ab_StateSignal_XLE,0.0,0.0,1.0,1.0,0.0,0.0,0.0,0.0
2022-06-29 00:00:00+00:00,20260201_193430_47aa49ab_StateSignal_XLE,0.0,0.0,1.0,1.0,0.0,0.0,0.0,0.0
2022-06-30 00:00:00+00:00,20260201_193430_47aa49ab_StateSignal_XLE,0.0,0.0,1.0,1.0,0.0,0.0,0.0,-0.0
2022-07-01 00:00:00+00:00,20260201_193430_47aa49ab_StateSignal_XLE,0.0,0.0,1.0,1.0,0.0,0.0,0.0,0.0
2022-07-05 00:00:00+00:00,20260201_193430_47aa49ab_StateSignal_XLE,0.0,0.0,1.0,1.0,0.0,0.0,0.0,-0.0
2022-07-06 00:00:00+00:00,20260201_193430_47aa49ab_StateSignal_XLE,0.0,0.0,1.0,1.0,0.0,0.0,0.0,-0.0
2022-07-07 00:00:00+00:00,20260201_193430_47aa49ab_StateSignal_XLE,0.0,0.0,1.0,1.0,0.0,0.0,0.0,0.0
2022-07-08 00:00:00+00:00,20260201_193430_47aa49ab_StateSignal_XLE,0.0,0.0,1.0,1.0,0.0,0.0,0.0,0.0
2022-07-11 00:00:00+00:00,20260201_193430_47aa49ab_StateSignal_XLE,0.0,0.0,1.0,1.0,0.0,0.0,0.0,-0.0
2022-07-12 00:00:00+00:00,20260201_193430_47aa49ab_StateSignal_XLE,0.0,0.0,1.0,1.0,0.0,0.0,0.0,-0.0
2022-07-13 00:00:00+00:00,20260201_193430_47aa49ab_StateSignal_XLE,0.0,0.0,1.0,1.0,0.0,0.0,0.0,-0.0
2022-07-14 00:00:00+00:00,20260201_193430_47aa49ab_StateSignal_XLE,0.0,0.0,1.0,1.0,0.0,0.0,0.0,-0.0
2022-07-15 00:00:00+00:00,20260201_193430_47aa49ab_StateSignal_XLE,0.0,0.0,1.0,1.0,0.0,0.0,0.0,0.0
2022-07-18 00:00:00+00:00,20260201_193430_47aa49ab_StateSignal_XLE,0.0,0.0,1.0,1.0,0.0,0.0,0.0,0.0
2022-07-19 00:00:00+00:00,20260201_193430_47aa49ab_StateSignal_XLE,0.0,0.0,1.0,1.0,0.0,0.0,0.0,-0.0
2022-07-20 00:00:00+00:00,20260201_193430_47aa49ab_StateSignal_XLE,0.0,0.0,1.0,1.0,0.0,0.0,0.0,0.0
2022-07-21 00:00:00+00:00,20260201_193430_47aa49ab_StateSignal_XLE,0.0,0.0,1.0,1.0,0.0,0.0,0.0,-0.0
2022-07-22 00:00:00+00:00,20260201_193430_47aa49ab_StateSignal_XLE,0.0,0.0,1.0,1.0,0.0,0.0,0.0,0.0
2022-07-25 00:00:00+00:00,20260201_193430_47aa49ab_StateSignal_XLE,0.0,0.0,1.0,1.0,0.0,0.0,0.0,0.0
2022-07-26 00:00:00+00:00,20260201_193430_47aa49ab_StateSignal_XLE,0.0,0.0,1.0,1.0,0.0,0.0,0.0,0.0
2022-07-27 00:00:00+00:00,20260201_193430_47aa49ab_StateSignal_XLE,0.0,0.0,1.0,1.0,0.0,0.0,0.0,-0.0
2022-07-28 00:00:00+00:00,20260201_193430_47aa49ab_StateSignal_XLE,0.0,0.0,1.0,1.0,0.0,0.0,0.0,0.0
2022-07-29 00:00:00+00:00,20260201_193430_47aa49ab_StateSignal_XLE,0.0,0.0,1.0,1.0,0.0,0.0,0.0,0.0
2022-08-01 00:00:00+00:00,20260201_193430_47aa49ab_StateSignal_XLE,0.0,0.0,1.0,1.0,0.0,0.0,0.0,0.0
2022-08-02 00:00:00+00:00,20260201_193430_47aa49ab_StateSignal_XLE,0.0,0.0,1.0,1.0,0.0,0.0,0.0,0.0
2022-08-03 00:00:00+00:00,20260201_193430_47aa49ab_StateSignal_XLE,0.0,0.0,1.0,1.0,0.0,0.0,0.0,0.0
2022-08-04 00:00:00+00:00,20260201_193430_47aa49ab_StateSignal_XLE,0.0,0.0,1.0,1.0,0.0,0.0,0.0,-0.0
2022-08-05 00:00:00+00:00,20260201_193430_47aa49ab_StateSignal_XLE,0.0,0.0,1.0,1.0,0.0,0.0,0.0,-0.0
2022-08-08 00:00:00+00:00,20260201_193430_47aa49ab_StateSignal_XLE,0.0,0.0,1.0,1.0,0.0,0.0,0.0,0.0
2022-08-09 00:00:00+00:00,20260201_193430_47aa49ab_StateSignal_XLE,0.0,0.0,1.0,1.0,0.0,0.0,0.0,0.0
2022-08-10 00:00:00+00:00,20260201_193430_47aa49ab_StateSignal_XLE,0.0,0.0,1.0,1.0,0.0,0.0,0.0,0.0
2022-08-11 00:00:00+00:00,20260201_193430_47aa49ab_StateSignal_XLE,0.0,0.0,1.0,1.0,0.0,0.0,0.0,0.0
2022-08-12 00:00:00+00:00,20260201_193430_47aa49ab_StateSignal_XLE,0.0,0.0,1.0,1.0,0.0,0.0,0.0,0.0
2022-08-15 00:00:00+00:00,20260201_193430_47aa49ab_StateSignal_XLE,0.0,0.0,1.0,1.0,0.0,0.0,0.0,-0.0
2022-08-16 00:00:00+00:00,20260201_193430_47aa49ab_StateSignal_XLE,0.0,0.0,1.0,1.0,0.0,0.0,0.0,0.0
2022-08-17 00:00:00+00:00,20260201_193430_47aa49ab_StateSignal_XLE,0.0,0.0,1.0,1.0,0.0,0.0,0.0,-0.0
2022-08-18 00:00:00+00:00,20260201_193430_47aa49ab_StateSignal_XLE,0.0,0.0,1.0,1.0,0.0,0.0,0.0,0.0
2022-08-19 00:00:00+00:00,20260201_193430_47aa49ab_StateSignal_XLE,0.0,0.0,1.0,1.0,0.0,0.0,0.0,0.0
2022-08-22 00:00:00+00:00,20260201_193430_47aa49ab_StateSignal_XLE,0.0,0.0,1.0,1.0,0.0,0.0,0.0,0.0
2022-08-23 00:00:00+00:00,20260201_193430_47aa49ab_StateSignal_XLE,0.0,0.0,1.0,1.0,0.0,0.0,0.0,0.0
2022-08-24 00:00:00+00:00,20260201_193430_47aa49ab_StateSignal_XLE,0.0,0.0,1.0,1.0,0.0,0.0,0.0,0.0
2022-08-25 00:00:00+00:00,20260201_193430_47aa49ab_StateSignal_XLE,0.0,0.0,1.0,1.0,0.0,0.0,0.0,0.0
2022-08-26 00:00:00+00:00,20260201_193430_47aa49ab_StateSignal_XLE,0.0,0.0,1.0,1.0,0.0,0.0,0.0,0.0
2022-08-29 00:00:00+00:00,20260201_193430_47aa49ab_StateSignal_XLE,0.0,0.0,1.0,1.0,0.0,0.0,0.0,-0.0
2022-08-30 00:00:00+00:00,20260201_193430_47aa49ab_StateSignal_XLE,0.0,0.0,1.0,1.0,0.0,0.0,0.0,-0.0
2022-08-31 00:00:00+00:00,20260201_193430_47aa49ab_StateSignal_XLE,0.0,0.0,1.0,1.0,0.0,0.0,0.0,-0.0
2022-09-01 00:00:00+00:00,20260201_193430_47aa49ab_StateSignal_XLE,0.0,0.0,1.0,1.0,0.0,0.0,0.0,-0.0
2022-09-02 00:00:00+00:00,20260201_193430_47aa49ab_StateSignal_XLE,0.0,0.0,1.0,1.0,0.0,0.0,0.0,0.0
2022-09-06 00:00:00+00:00,20260201_193430_47aa49ab_StateSignal_XLE,0.0,0.0,1.0,1.0,0.0,0.0,0.0,0.0
2022-09-07 00:00:00+00:00,20260201_193430_47aa49ab_StateSignal_XLE,0.0,0.0,1.0,1.0,0.0,0.0,0.0,-0.0
2022-09-08 00:00:00+00:00,20260201_193430_47aa49ab_StateSignal_XLE,0.0,0.0,1.0,1.0,0.0,0.0,0.0,0.0
2022-09-09 00:00:00+00:00,20260201_193430_47aa49ab_StateSignal_XLE,0.0,0.0,1.0,1.0,0.0,0.0,0.0,0.0
2022-09-12 00:00:00+00:00,20260201_193430_47aa49ab_StateSignal_XLE,0.0,0.0,1.0,1.0,0.0,0.0,0.0,0.0
2022-09-13 00:00:00+00:00,20260201_193430_47aa49ab_StateSignal_XLE,0.0,0.0,1.0,1.0,0.0,0.0,0.0,-0.0
2022-09-14 00:00:00+00:00,20260201_193430_47aa49ab_StateSignal_XLE,0.0,0.0,1.0,1.0,0.0,0.0,0.0,-0.0
2022-09-15 00:00:00+00:00,20260201_193430_47aa49ab_StateSignal_XLE,0.0,0.0,1.0,1.0,0.0,0.0,0.0,0.0
2022-09-16 00:00:00+00:00,20260201_193430_47aa49ab_StateSignal_XLE,0.0,0.0,1.0,1.0,0.0,0.0,0.0,-0.0
2022-09-19 00:00:00+00:00,20260201_193430_47aa49ab_StateSignal_XLE,0.0,0.0,1.0,1.0,0.0,0.0,0.0,-0.0
2022-09-20 00:00:00+00:00,20260201_193430_47aa49ab_StateSignal_XLE,0.0,0.0,1.0,1.0,0.0,0.0,0.0,0.0
2022-09-21 00:00:00+00:00,20260201_193430_47aa49ab_StateSignal_XLE,0.0,0.0,1.0,1.0,0.0,0.0,0.0,0.0
2022-09-22 00:00:00+00:00,20260201_193430_47aa49ab_StateSignal_XLE,0.0,0.0,1.0,1.0,0.0,0.0,0.0,-0.0
2022-09-23 00:00:00+00:00,20260201_193430_47aa49ab_StateSignal_XLE,0.0,0.0,1.0,1.0,0.0,0.0,0.0,-0.0
2022-09-26 00:00:00+00:00,20260201_193430_47aa49ab_StateSignal_XLE,0.0,0.0,1.0,1.0,0.0,0.0,0.0,-0.0
2022-09-27 00:00:00+00:00,20260201_193430_47aa49ab_StateSignal_XLE,0.0,0.0,1.0,1.0,0.0,0.0,0.0,-0.0
2022-09-28 00:00:00+00:00,20260201_193430_47aa49ab_StateSignal_XLE,0.0,0.0,1.0,1.0,0.0,0.0,0.0,0.0
2022-09-29 00:00:00+00:00,20260201_193430_47aa49ab_StateSignal_XLE,0.0,0.0,1.0,1.0,0.0,0.0,0.0,0.0
2022-09-30 00:00:00+00:00,20260201_193430_47aa49ab_StateSignal_XLE,0.0,0.0,1.0,1.0,0.0,0.0,0.0,-0.0
2022-10-03 00:00:00+00:00,20260201_193430_47aa49ab_StateSignal_XLE,0.0,0.0,1.0,1.0,0.0,0.0,0.0,0.0
2022-10-04 00:00:00+00:00,20260201_193430_47aa49ab_StateSignal_XLE,0.0,0.0,1.0,1.0,0.0,0.0,0.0,0.0
2022-10-05 00:00:00+00:00,20260201_193430_47aa49ab_StateSignal_XLE,0.0,0.0,1.0,1.0,0.0,0.0,0.0,0.0
2022-10-06 00:00:00+00:00,20260201_193430_47aa49ab_StateSignal_XLE,0.0,0.0,1.0,1.0,0.0,0.0,0.0,0.0
2022-10-07 00:00:00+00:00,20260201_193430_47aa49ab_StateSignal_XLE,0.0,0.0,1.0,1.0,0.0,0.0,0.0,0.0
2022-10-10 00:00:00+00:00,20260201_193430_47aa49ab_StateSignal_XLE,0.0,0.0,1.0,1.0,0.0,0.0,0.0,-0.0
2022-10-11 00:00:00+00:00,20260201_193430_47aa49ab_StateSignal_XLE,0.0,0.0,1.0,1.0,0.0,0.0,0.0,-0.0
2022-10-12 00:00:00+00:00,20260201_193430_47aa49ab_StateSignal_XLE,0.0,0.0,1.0,1.0,0.0,0.0,0.0,0.0
2022-10-13 00:00:00+00:00,20260201_193430_47aa49ab_StateSignal_XLE,0.0,0.0,1.0,1.0,0.0,0.0,0.0,0.0
2022-10-14 00:00:00+00:00,20260201_193430_47aa49ab_StateSignal_XLE,0.0,0.0,1.0,1.0,0.0,0.0,0.0,0.0
2022-10-17 00:00:00+00:00,20260201_193430_47aa49ab_StateSignal_XLE,0.0,0.0,1.0,1.0,0.0,0.0,0.0,-0.0
2022-10-18 00:00:00+00:00,20260201_193430_47aa49ab_StateSignal_XLE,0.0,0.0,1.0,1.0,0.0,0.0,0.0,0.0
2022-10-19 00:00:00+00:00,20260201_193430_47aa49ab_StateSignal_XLE,0.0,0.0,1.0,1.0,0.0,0.0,0.0,0.0
2022-10-20 00:00:00+00:00,20260201_193430_47aa49ab_StateSignal_XLE,0.0,0.0,1.0,1.0,0.0,0.0,0.0,0.0
2022-10-21 00:00:00+00:00,20260201_193430_47aa49ab_StateSignal_XLE,0.0,0.0,1.0,1.0,0.0,0.0,0.0,-0.0
2022-10-24 00:00:00+00:00,20260201_193430_47aa49ab_StateSignal_XLE,0.0,0.0,1.0,1.0,0.0,0.0,0.0,0.0
2022-10-25 00:00:00+00:00,20260201_193430_47aa49ab_StateSignal_XLE,0.0,0.0,1.0,1.0,0.0,0.0,0.0,0.0
2022-10-26 00:00:00+00:00,20260201_193430_47aa49ab_StateSignal_XLE,0.0,0.0,1.0,1.0,0.0,0.0,0.0,0.0
2022-10-27 00:00:00+00:00,20260201_193430_47aa49ab_StateSignal_XLE,0.0,0.0,1.0,1.0,0.0,0.0,0.0,0.0
2022-10-28 00:00:00+00:00,20260201_193430_47aa49ab_StateSignal_XLE,0.0,0.0,1.0,1.0,0.0,0.0,0.0,0.0
2022-10-31 00:00:00+00:00,20260201_193430_47aa49ab_StateSignal_XLE,0.0,0.0,1.0,1.0,0.0,0.0,0.0,-0.0
2022-11-01 00:00:00+00:00,20260201_193430_47aa49ab_StateSignal_XLE,0.0,0.0,1.0,1.0,0.0,0.0,0.0,0.0
2022-11-02 00:00:00+00:00,20260201_193430_47aa49ab_StateSignal_XLE,0.0,0.0,1.0,1.0,0.0,0.0,0.0,-0.0
2022-11-03 00:00:00+00:00,20260201_193430_47aa49ab_StateSignal_XLE,0.0,0.0,1.0,1.0,0.0,0.0,0.0,-0.0
2022-11-04 00:00:00+00:00,20260201_193430_47aa49ab_StateSignal_XLE,0.0,0.0,1.0,1.0,0.0,0.0,0.0,0.0
2022-11-07 00:00:00+00:00,20260201_193430_47aa49ab_StateSignal_XLE,0.0,0.0,1.0,1.0,0.0,0.0,0.0,-0.0
2022-11-08 00:00:00+00:00,20260201_193430_47aa49ab_StateSignal_XLE,0.0,0.0,1.0,1.0,0.0,0.0,0.0,0.0
2022-11-09 00:00:00+00:00,20260201_193430_47aa49ab_StateSignal_XLE,0.0,0.0,1.0,1.0,0.0,0.0,0.0,-0.0
2022-11-10 00:00:00+00:00,20260201_193430_47aa49ab_StateSignal_XLE,0.0,0.0,1.0,1.0,0.0,0.0,0.0,-0.0
2022-11-11 00:00:00+00:00,20260201_193430_47aa49ab_StateSignal_XLE,0.0,0.0,1.0,1.0,0.0,0.0,0.0,0.0
2022-11-14 00:00:00+00:00,20260201_193430_47aa49ab_StateSignal_XLE,0.0,0.0,1.0,1.0,0.0,0.0,0.0,0.0
2022-11-15 00:00:00+00:00,20260201_193430_47aa49ab_StateSignal_XLE,0.0,0.0,1.0,1.0,0.0,0.0,0.0,0.0
2022-11-16 00:00:00+00:00,20260201_193430_47aa49ab_StateSignal_XLE,0.0,0.0,1.0,1.0,0.0,0.0,0.0,-0.0
2022-11-17 00:00:00+00:00,20260201_193430_47aa49ab_StateSignal_XLE,0.0,0.0,1.0,1.0,0.0,0.0,0.0,-0.0
2022-11-18 00:00:00+00:00,20260201_193430_47aa49ab_StateSignal_XLE,0.0,0.0,1.0,1.0,0.0,0.0,0.0,-0.0
2022-11-21 00:00:00+00:00,20260201_193430_47aa49ab_StateSignal_XLE,0.0,0.0,1.0,1.0,0.0,0.0,0.0,-0.0
2022-11-22 00:00:00+00:00,20260201_193430_47aa49ab_StateSignal_XLE,0.0,0.0,1.0,1.0,0.0,0.0,0.0,0.0
2022-11-23 00:00:00+00:00,20260201_193430_47aa49ab_StateSignal_XLE,0.0,0.0,1.0,1.0,0.0,0.0,0.0,0.0
2022-11-25 00:00:00+00:00,20260201_193430_47aa49ab_StateSignal_XLE,0.0,0.0,1.0,1.0,0.0,0.0,0.0,0.0
2022-11-28 00:00:00+00:00,20260201_193430_47aa49ab_StateSignal_XLE,0.0,0.0,1.0,1.0,0.0,0.0,0.0,-0.0
2022-11-29 00:00:00+00:00,20260201_193430_47aa49ab_StateSignal_XLE,0.0,0.0,1.0,1.0,0.0,0.0,0.0,0.0
2022-11-30 00:00:00+00:00,20260201_193430_47aa49ab_StateSignal_XLE,0.0,0.0,1.0,1.0,0.0,0.0,0.0,0.0
2022-12-01 00:00:00+00:00,20260201_193430_47aa49ab_StateSignal_XLE,0.0,0.0,1.0,1.0,0.0,0.0,0.0,-0.0
2022-12-02 00:00:00+00:00,20260201_193430_47aa49ab_StateSignal_XLE,0.0,0.0,1.0,1.0,0.0,0.0,0.0,-0.0
2022-12-05 00:00:00+00:00,20260201_193430_47aa49ab_StateSignal_XLE,0.0,0.0,1.0,1.0,0.0,0.0,0.0,0.0
2022-12-06 00:00:00+00:00,20260201_193430_47aa49ab_StateSignal_XLE,0.0,0.0,1.0,1.0,0.0,0.0,0.0,-0.0
2022-12-07 00:00:00+00:00,20260201_193430_47aa49ab_StateSignal_XLE,0.0,0.0,1.0,1.0,0.0,0.0,0.0,-0.0
2022-12-08 00:00:00+00:00,20260201_193430_47aa49ab_StateSignal_XLE,0.0,0.0,1.0,1.0,0.0,0.0,0.0,0.0
2022-12-09 00:00:00+00:00,20260201_193430_47aa49ab_StateSignal_XLE,0.0,0.0,1.0,1.0,0.0,0.0,0.0,-0.0
2022-12-12 00:00:00+00:00,20260201_193430_47aa49ab_StateSignal_XLE,0.0,0.0,1.0,1.0,0.0,0.0,0.0,-0.0
2022-12-13 00:00:00+00:00,20260201_193430_47aa49ab_StateSignal_XLE,0.0,0.0,1.0,1.0,0.0,0.0,0.0,0.0
2022-12-14 00:00:00+00:00,20260201_193430_47aa49ab_StateSignal_XLE,0.0,0.0,1.0,1.0,0.0,0.0,0.0,0.0
2022-12-15 00:00:00+00:00,20260201_193430_47aa49ab_StateSignal_XLE,0.0,0.0,1.0,1.0,0.0,0.0,0.0,-0.0
2022-12-16 00:00:00+00:00,20260201_193430_47aa49ab_StateSignal_XLE,0.0,0.0,1.0,1.0,0.0,0.0,0.0,-0.0
2022-12-19 00:00:00+00:00,20260201_193430_47aa49ab_StateSignal_XLE,0.0,0.0,1.0,1.0,0.0,0.0,0.0,0.0
2022-12-20 00:00:00+00:00,20260201_193430_47aa49ab_StateSignal_XLE,0.0,0.0,1.0,1.0,0.0,0.0,0.0,-0.0
2022-12-21 00:00:00+00:00,20260201_193430_47aa49ab_StateSignal_XLE,0.0,0.0,1.0,1.0,0.0,0.0,0.0,0.0
2022-12-22 00:00:00+00:00,20260201_193430_47aa49ab_StateSignal_XLE,0.0,0.0,1.0,1.0,0.0,0.0,0.0,0.0
2022-12-23 00:00:00+00:00,20260201_193430_47aa49ab_StateSignal_XLE,0.0,0.0,1.0,1.0,0.0,0.0,0.0,-0.0
2022-12-27 00:00:00+00:00,20260201_193430_47aa49ab_StateSignal_XLE,0.0,0.0,1.0,1.0,0.0,0.0,0.0,0.0
2022-12-28 00:00:00+00:00,20260201_193430_47aa49ab_StateSignal_XLE,0.0,0.0,1.0,1.0,0.0,0.0,0.0,0.0
2022-12-29 00:00:00+00:00,20260201_193430_47aa49ab_StateSignal_XLE,0.0,0.0,1.0,1.0,0.0,0.0,0.0,-0.0
2022-12-30 00:00:00+00:00,20260201_193430_47aa49ab_StateSignal_XLE,0.0,0.0,1.0,1.0,0.0,0.0,0.0,0.0
2023-01-03 00:00:00+00:00,20260201_193430_47aa49ab_StateSignal_XLE,0.0,0.0,1.0,1.0,0.0,0.0,0.0,0.0
2023-01-04 00:00:00+00:00,20260201_193430_47aa49ab_StateSignal_XLE,0.0,0.0,1.0,1.0,0.0,0.0,0.0,-0.0
2023-01-05 00:00:00+00:00,20260201_193430_47aa49ab_StateSignal_XLE,0.0,0.0,1.0,1.0,0.0,0.0,0.0,-0.0
2023-01-06 00:00:00+00:00,20260201_193430_47aa49ab_StateSignal_XLE,0.0,0.0,1.0,1.0,0.0,0.0,0.0,0.0
2023-01-09 00:00:00+00:00,20260201_193430_47aa49ab_StateSignal_XLE,0.0,0.0,1.0,1.0,0.0,0.0,0.0,0.0
2023-01-10 00:00:00+00:00,20260201_193430_47aa49ab_StateSignal_XLE,0.0,0.0,1.0,1.0,0.0,0.0,0.0,-0.0
2023-01-11 00:00:00+00:00,20260201_193430_47aa49ab_StateSignal_XLE,0.0,0.0,1.0,1.0,0.0,0.0,0.0,0.0
2023-01-12 00:00:00+00:00,20260201_193430_47aa49ab_StateSignal_XLE,0.0,0.0,1.0,1.0,0.0,0.0,0.0,-0.0
2023-01-13 00:00:00+00:00,20260201_193430_47aa49ab_StateSignal_XLE,0.0,0.0,1.0,1.0,0.0,0.0,0.0,0.0
2023-01-17 00:00:00+00:00,20260201_193430_47aa49ab_StateSignal_XLE,0.0,0.0,1.0,1.0,0.0,0.0,0.0,0.0
2023-01-18 00:00:00+00:00,20260201_193430_47aa49ab_StateSignal_XLE,0.0,0.0,1.0,1.0,0.0,0.0,0.0,0.0
2023-01-19 00:00:00+00:00,20260201_193430_47aa49ab_StateSignal_XLE,0.0,0.0,1.0,1.0,0.0,0.0,0.0,-0.0
2023-01-20 00:00:00+00:00,20260201_193430_47aa49ab_StateSignal_XLE,0.0,0.0,1.0,1.0,0.0,0.0,0.0,0.0
2023-01-23 00:00:00+00:00,20260201_193430_47aa49ab_StateSignal_XLE,0.0,0.0,1.0,1.0,0.0,0.0,0.0,0.0
2023-01-24 00:00:00+00:00,20260201_193430_47aa49ab_StateSignal_XLE,0.0,0.0,1.0,1.0,0.0,0.0,0.0,-0.0
2023-01-25 00:00:00+00:00,20260201_193430_47aa49ab_StateSignal_XLE,0.0,0.0,1.0,1.0,0.0,0.0,0.0,-0.0
2023-01-26 00:00:00+00:00,20260201_193430_47aa49ab_StateSignal_XLE,0.0,0.0,1.0,1.0,0.0,0.0,0.0,0.0
2023-01-27 00:00:00+00:00,20260201_193430_47aa49ab_StateSignal_XLE,0.0,0.0,1.0,1.0,0.0,0.0,0.0,0.0
2023-01-30 00:00:00+00:00,20260201_193430_47aa49ab_StateSignal_XLE,0.0,0.0,1.0,1.0,0.0,0.0,0.0,-0.0
2023-01-31 00:00:00+00:00,20260201_193430_47aa49ab_StateSignal_XLE,-0.002156924268857286,-0.002156924268857286,0.9978430757311427,0.9978430757311427,0.0,0.0,0.10525681973968089,-0.002156924268857286
2023-02-01 00:00:00+00:00,20260201_193430_47aa49ab_StateSignal_XLE,0.008939716850085322,0.008939716850085322,1.0067635102889974,1.0067635102889974,0.0,0.0,1.0,0.008939716850085322
2023-02-02 00:00:00+00:00,20260201_193430_47aa49ab_StateSignal_XLE,-0.001890420237635945,-0.001890420237635945,1.0048603041746336,1.0048603041746336,0.0,0.0,0.10525681973968089,-0.001890420237635945
2023-02-03 00:00:00+00:00,20260201_193430_47aa49ab_StateSignal_XLE,-0.0020599908029874463,-0.0020599908029874463,1.0027903011897465,1.0027903011897465,0.0,0.0,0.10525681973968089,-0.0020599908029874463
2023-02-06 00:00:00+00:00,20260201_193430_47aa49ab_StateSignal_XLE,-0.00010812206368272266,-0.00010812206368272266,1.002681877432941,1.002681877432941,0.0,0.0,0.10525681973968089,-0.00010812206368272266
2023-02-07 00:00:00+00:00,20260201_193430_47aa49ab_StateSignal_XLE,0.001027221456530114,0.001027221456530114,1.003711853771514,1.003711853771514,0.0,0.0,1.0,0.001027221456530114
2023-02-08 00:00:00+00:00,20260201_193430_47aa49ab_StateSignal_XLE,0.0025094115373936205,0.0025094115373936205,1.0062305798775868,1.0062305798775868,0.0,0.0,0.10525681973968089,0.0025094115373936205
2023-02-09 00:00:00+00:00,20260201_193430_47aa49ab_StateSignal_XLE,-0.0011138391742699216,-0.0011138391742699216,1.0051098008393708,1.0051098008393708,0.0,0.0,0.10525681973968089,-0.0011138391742699216
2023-02-10 00:00:00+00:00,20260201_193430_47aa49ab_StateSignal_XLE,0.0011665862661979659,0.0011665862661979659,1.006282348129051,1.006282348129051,0.0,0.0,0.10525681973968089,0.0011665862661979659
2023-02-13 00:00:00+00:00,20260201_193430_47aa49ab_StateSignal_XLE,0.015658329118158676,0.015658329118158676,1.0220390483218493,1.0220390483218493,0.0,0.0,1.0,0.015658329118158676
2023-02-14 00:00:00+00:00,20260201_193430_47aa49ab_StateSignal_XLE,-0.005440171676144967,-0.005440171676144967,1.0164789804392547,1.0164789804392547,0.0,0.0,1.0,-0.005440171676144967
2023-02-15 00:00:00+00:00,20260201_193430_47aa49ab_StateSignal_XLE,-0.00023515248148686457,-0.00023515248148686457,1.016239952884625,1.016239952884625,0.0,0.0,0.10525681973968089,-0.00023515248148686457
2023-02-16 00:00:00+00:00,20260201_193430_47aa49ab_StateSignal_XLE,-0.010241128597930693,-0.010241128597930693,1.0058325088407787,1.0058325088407787,0.0,0.0,1.0,-0.010241128597930693
2023-02-17 00:00:00+00:00,20260201_193430_47aa49ab_StateSignal_XLE,-0.022084918419218447,-0.022084918419218447,0.9836187799396323,0.9836187799396323,0.0,0.0,1.0,-0.022084918419218447
2023-02-21 00:00:00+00:00,20260201_193430_47aa49ab_StateSignal_XLE,-0.0023494581712871975,-0.0023494581712871975,0.9813078087596716,0.9813078087596716,0.0,0.0,0.10525681973968089,-0.0023494581712871975
2023-02-22 00:00:00+00:00,20260201_193430_47aa49ab_StateSignal_XLE,-0.00473560474583401,-0.00473560474583401,0.9766607228433853,0.9766607228433853,0.0,0.0,1.0,-0.00473560474583401
2023-02-23 00:00:00+00:00,20260201_193430_47aa49ab_StateSignal_XLE,0.0011594102091221318,0.0011594102091221318,0.9777930732562986,0.9777930732562986,0.0,0.0,0.10525681973968089,0.0011594102091221318
2023-02-24 00:00:00+00:00,20260201_193430_47aa49ab_StateSignal_XLE,-0.013126993433821177,-0.013126993433821177,0.9649575900040274,0.9649575900040274,0.0,0.0,1.0,-0.013126993433821177
2023-02-27 00:00:00+00:00,20260201_193430_47aa49ab_StateSignal_XLE,0.001546297983757696,0.001546297983757696,0.9664497019798624,0.9664497019798624,0.0,0.0,0.10525681973968089,0.001546297983757696
2023-02-28 00:00:00+00:00,20260201_193430_47aa49ab_StateSignal_XLE,0.008557033932979685,0.008557033932979685,0.9747196448742221,0.9747196448742221,0.0,0.0,1.0,0.008557033932979685
2023-03-01 00:00:00+00:00,20260201_193430_47aa49ab_StateSignal_XLE,-0.002530466111920412,-0.002530466111920412,0.9722531498442448,0.9722531498442448,0.0,0.0,0.10525681973968089,-0.002530466111920412
2023-03-02 00:00:00+00:00,20260201_193430_47aa49ab_StateSignal_XLE,0.00013073155555399883,0.00013073155555399883,0.9723802540109163,0.9723802540109163,0.0,0.0,0.00766973410790511,0.00013073155555399883
2023-03-03 00:00:00+00:00,20260201_193430_47aa49ab_StateSignal_XLE,0.00025997660357024444,0.00025997660357024444,0.9726330501267328,0.9726330501267328,0.0,0.0,1.0,0.00025997660357024444
2023-03-06 00:00:00+00:00,20260201_193430_47aa49ab_StateSignal_XLE,0.0001422190776717539,0.0001422190776717539,0.9727713771020349,0.9727713771020349,0.0,0.0,0.00766973410790511,0.0001422190776717539
2023-03-07 00:00:00+00:00,20260201_193430_47aa49ab_StateSignal_XLE,0.001020148009921229,0.001020148009921229,0.9737637478864939,0.9737637478864939,0.0,0.0,1.0,0.001020148009921229
2023-03-08 00:00:00+00:00,20260201_193430_47aa49ab_StateSignal_XLE,-0.00011622523996512994,-0.00011622523996512994,0.9736505719612264,0.9736505719612264,0.0,0.0,0.00766973410790511,-0.00011622523996512994
2023-03-09 00:00:00+00:00,20260201_193430_47aa49ab_StateSignal_XLE,-1.9851777276361936e-06,-1.9851777276361936e-06,0.9736486390917964,0.9736486390917964,0.0,0.0,0.00766973410790511,-1.9851777276361936e-06
2023-03-10 00:00:00+00:00,20260201_193430_47aa49ab_StateSignal_XLE,-0.020926738033252068,-0.020926738033252068,0.95327334908509,0.95327334908509,0.0,0.0,1.0,-0.020926738033252068
2023-03-13 00:00:00+00:00,20260201_193430_47aa49ab_StateSignal_XLE,-0.00029765031639610745,-0.00029765031639610745,0.9529896069711229,0.9529896069711229,0.0,0.0,0.00766973410790511,-0.00029765031639610745
2023-03-14 00:00:00+00:00,20260201_193430_47aa49ab_StateSignal_XLE,5.251105071715492e-05,5.251105071715492e-05,0.9530396494567076,0.9530396494567076,0.0,0.0,0.00766973410790511,5.251105071715492e-05
2023-03-15 00:00:00+00:00,20260201_193430_47aa49ab_StateSignal_XLE,-0.00023594502568584328,-0.00023594502568584328,0.952814784492137,0.952814784492137,0.0,0.0,0.00766973410790511,-0.00023594502568584328
2023-03-16 00:00:00+00:00,20260201_193430_47aa49ab_StateSignal_XLE,-0.0002948568409372678,-0.0002948568409372678,0.9525338405347833,0.9525338405347833,0.0,0.0,0.00766973410790511,-0.0002948568409372678
2023-03-17 00:00:00+00:00,20260201_193430_47aa49ab_StateSignal_XLE,0.00024721858773571844,0.00024721858773571844,0.9527693246056108,0.9527693246056108,0.0,0.0,0.00766973410790511,0.00024721858773571844
2023-03-20 00:00:00+00:00,20260201_193430_47aa49ab_StateSignal_XLE,-0.00010497661376500709,-0.00010497661376500709,0.9526693061082145,0.9526693061082145,0.0,0.0,0.00766973410790511,-0.00010497661376500709
2023-03-21 00:00:00+00:00,20260201_193430_47aa49ab_StateSignal_XLE,0.00030648485227061643,0.00030648485227061643,0.95296128481976,0.95296128481976,0.0,0.0,0.00766973410790511,0.00030648485227061643
2023-03-22 00:00:00+00:00,20260201_193430_47aa49ab_StateSignal_XLE,0.013426698486295852,0.013426698486295852,0.965756408660148,0.965756408660148,0.0,0.0,1.0,0.013426698486295852
2023-03-23 00:00:00+00:00,20260201_193430_47aa49ab_StateSignal_XLE,-0.0001369067566412808,-0.0001369067566412808,0.9656241900825329,0.9656241900825329,0.0,0.0,0.00766973410790511,-0.0001369067566412808
2023-03-24 00:00:00+00:00,20260201_193430_47aa49ab_StateSignal_XLE,-0.0002857809857384065,-0.0002857809857384065,0.9653482330496382,0.9653482330496382,0.0,0.0,0.00766973410790511,-0.0002857809857384065
2023-03-27 00:00:00+00:00,20260201_193430_47aa49ab_StateSignal_XLE,0.0002602364688434801,0.0002602364688434801,0.9655994518650114,0.9655994518650114,0.0,0.0,0.00766973410790511,0.0002602364688434801
2023-03-28 00:00:00+00:00,20260201_193430_47aa49ab_StateSignal_XLE,5.1004238557035726e-05,5.1004238557035726e-05,0.9656487015298049,0.9656487015298049,0.0,0.0,0.00766973410790511,5.1004238557035726e-05
2023-03-29 00:00:00+00:00,20260201_193430_47aa49ab_StateSignal_XLE,0.029658002872219758,0.029658002872219758,0.9942879134933311,0.9942879134933311,0.0,0.0,1.0,0.029658002872219758
2023-03-30 00:00:00+00:00,20260201_193430_47aa49ab_StateSignal_XLE,0.011197131115487036,0.011197131115487036,1.00542108562726,1.00542108562726,0.0,0.0,1.0,0.011197131115487036
2023-03-31 00:00:00+00:00,20260201_193430_47aa49ab_StateSignal_XLE,-0.0021231430480779245,-0.0021231430480779245,1.0032864328389195,1.0032864328389195,0.0,0.0,1.0,-0.0021231430480779245
2023-04-03 00:00:00+00:00,20260201_193430_47aa49ab_StateSignal_XLE,0.045698501586709295,0.045698501586709295,1.0491351194819327,1.0491351194819327,0.0,0.0,1.0,0.045698501586709295
2023-04-04 00:00:00+00:00,20260201_193430_47aa49ab_StateSignal_XLE,0.0008229389435393613,0.0008229389435393613,1.0499984936287894,1.0499984936287894,0.0,0.0,0.16253009411680974,0.0008229389435393613
2023-04-05 00:00:00+00:00,20260201_193430_47aa49ab_StateSignal_XLE,-0.002940489601937818,-0.002940489601937818,1.0469109839762236,1.0469109839762236,0.0,0.0,0.16253009411680974,-0.002940489601937818
2023-04-06 00:00:00+00:00,20260201_193430_47aa49ab_StateSignal_XLE,0.002241257446649094,0.002241257446649094,1.049257381015039,1.049257381015039,0.0,0.0,0.16253009411680974,0.002241257446649094
2023-04-10 00:00:00+00:00,20260201_193430_47aa49ab_StateSignal_XLE,-0.0018655616720556355,-0.0018655616720556355,1.0472999266608958,1.0472999266608958,0.0,0.0,0.16253009411680974,-0.0018655616720556355
2023-04-11 00:00:00+00:00,20260201_193430_47aa49ab_StateSignal_XLE,0.008684601199551167,0.008684601199551167,1.056395308860265,1.056395308860265,0.0,0.0,1.0,0.008684601199551167
2023-04-12 00:00:00+00:00,20260201_193430_47aa49ab_StateSignal_XLE,0.0016450554823503388,0.0016450554823503388,1.0581331377546348,1.0581331377546348,0.0,0.0,0.16253009411680974,0.0016450554823503388
2023-04-13 00:00:00+00:00,20260201_193430_47aa49ab_StateSignal_XLE,-0.0011085839470345962,-0.0011085839470345962,1.0569601083442945,1.0569601083442945,0.0,0.0,0.16253009411680974,-0.0011085839470345962
2023-04-14 00:00:00+00:00,20260201_193430_47aa49ab_StateSignal_XLE,0.012344280695785859,0.012344280695785859,1.0700075206059447,1.0700075206059447,0.0,0.0,1.0,0.012344280695785859
2023-04-17 00:00:00+00:00,20260201_193430_47aa49ab_StateSignal_XLE,-0.004014054561843228,-0.004014054561843228,1.0657124520366499,1.0657124520366499,0.0,0.0,1.0,-0.004014054561843228
2023-04-18 00:00:00+00:00,20260201_193430_47aa49ab_StateSignal_XLE,-0.014177452657625711,-0.014177452657625711,1.050603364201258,1.050603364201258,0.0,0.0,1.0,-0.014177452657625711
2023-04-19 00:00:00+00:00,20260201_193430_47aa49ab_StateSignal_XLE,-8.290237064052312e-05,-8.290237064052312e-05,1.0505162666917627,1.0505162666917627,0.0,0.0,0.16253009411680974,-8.290237064052312e-05
2023-04-20 00:00:00+00:00,20260201_193430_47aa49ab_StateSignal_XLE,-0.0012904237123821706,-0.0012904237123821706,1.0491606555909805,1.0491606555909805,0.0,0.0,0.16253009411680974,-0.0012904237123821706
2023-04-21 00:00:00+00:00,20260201_193430_47aa49ab_StateSignal_XLE,0.0011244920041291657,0.0011244920041291657,1.0503404283592395,1.0503404283592395,0.0,0.0,0.16253009411680974,0.0011244920041291657
2023-04-24 00:00:00+00:00,20260201_193430_47aa49ab_StateSignal_XLE,-0.0017945474509412458,-0.0017945474509412458,1.0484555426209068,1.0484555426209068,0.0,0.0,0.16253009411680974,-0.0017945474509412458
2023-04-25 00:00:00+00:00,20260201_193430_47aa49ab_StateSignal_XLE,0.001004050106586198,0.001004050106586198,1.0495082445202262,1.0495082445202262,0.0,0.0,0.16253009411680974,0.001004050106586198
2023-04-26 00:00:00+00:00,20260201_193430_47aa49ab_StateSignal_XLE,-0.001887711047457988,-0.001887711047457988,1.0475270762126472,1.0475270762126472,0.0,0.0,0.16253009411680974,-0.001887711047457988
2023-04-27 00:00:00+00:00,20260201_193430_47aa49ab_StateSignal_XLE,-0.001867206996158164,-0.001867206996158164,1.0455711263272778,1.0455711263272778,0.0,0.0,0.16253009411680974,-0.001867206996158164
2023-04-28 00:00:00+00:00,20260201_193430_47aa49ab_StateSignal_XLE,0.000255885795364236,0.000255885795364236,1.0458386731265479,1.0458386731265479,0.0,0.0,0.16253009411680974,0.000255885795364236
2023-05-01 00:00:00+00:00,20260201_193430_47aa49ab_StateSignal_XLE,0.0009771803490520336,0.0009771803490520336,1.046860646126206,1.046860646126206,0.0,0.0,0.16253009411680974,0.0009771803490520336
2023-05-02 00:00:00+00:00,20260201_193430_47aa49ab_StateSignal_XLE,-0.009426621257703882,-0.009426621257703882,1.036992287305579,1.036992287305579,0.0,0.0,1.0,-0.009426621257703882
2023-05-03 00:00:00+00:00,20260201_193430_47aa49ab_StateSignal_XLE,-0.047134077674452435,-0.047134077674452435,0.9881146122879098,0.9881146122879098,0.0,0.0,1.0,-0.047134077674452435
2023-05-04 00:00:00+00:00,20260201_193430_47aa49ab_StateSignal_XLE,-0.004422339987869783,-0.004422339987869783,0.9837448335253904,0.9837448335253904,0.0,0.0,1.0,-0.004422339987869783
2023-05-05 00:00:00+00:00,20260201_193430_47aa49ab_StateSignal_XLE,0.013208777623884504,0.013208777623884504,0.9967389002700726,0.9967389002700726,0.0,0.0,1.0,0.013208777623884504
2023-05-08 00:00:00+00:00,20260201_193430_47aa49ab_StateSignal_XLE,0.01788180944614659,0.01788180944614659,1.0145623953522638,1.0145623953522638,0.0,0.0,1.0,0.01788180944614659
2023-05-09 00:00:00+00:00,20260201_193430_47aa49ab_StateSignal_XLE,-0.025290266982621823,-0.025290266982621823,0.9889038415032767,0.9889038415032767,0.0,0.0,1.0,-0.025290266982621823
2023-05-10 00:00:00+00:00,20260201_193430_47aa49ab_StateSignal_XLE,0.014219545030729641,0.014219545030729641,1.0029656042085942,1.0029656042085942,0.0,0.0,1.0,0.014219545030729641
2023-05-11 00:00:00+00:00,20260201_193430_47aa49ab_StateSignal_XLE,-0.02920317718604748,-0.02920317718604748,0.9736758219573795,0.9736758219573795,0.0,0.0,1.0,-0.02920317718604748
2023-05-12 00:00:00+00:00,20260201_193430_47aa49ab_StateSignal_XLE,0.008906265383770595,0.008906265383770595,0.9823476372254928,0.9823476372254928,0.0,0.0,1.0,0.008906265383770595
2023-05-15 00:00:00+00:00,20260201_193430_47aa49ab_StateSignal_XLE,-0.0072302873378347066,-0.0072302873378347066,0.9752449815427094,0.9752449815427094,0.0,0.0,1.0,-0.0072302873378347066
2023-05-16 00:00:00+00:00,20260201_193430_47aa49ab_StateSignal_XLE,0.0011157602273286216,0.0011157602273286216,0.9763331211050167,0.9763331211050167,0.0,0.0,1.0,0.0011157602273286216
2023-05-17 00:00:00+00:00,20260201_193430_47aa49ab_StateSignal_XLE,-0.010368595062820951,-0.010368595062820951,0.9662099183258587,0.9662099183258587,0.0,0.0,1.0,-0.010368595062820951
2023-05-18 00:00:00+00:00,20260201_193430_47aa49ab_StateSignal_XLE,0.00393590612123873,0.00393590612123873,0.970012829857799,0.970012829857799,0.0,0.0,1.0,0.00393590612123873
2023-05-19 00:00:00+00:00,20260201_193430_47aa49ab_StateSignal_XLE,0.021924008417863572,0.021924008417863572,0.9912793993050371,0.9912793993050371,0.0,0.0,1.0,0.021924008417863572
2023-05-22 00:00:00+00:00,20260201_193430_47aa49ab_StateSignal_XLE,-0.00495322971978851,-0.00495322971978851,0.9863693647237852,0.9863693647237852,0.0,0.0,1.0,-0.00495322971978851
2023-05-23 00:00:00+00:00,20260201_193430_47aa49ab_StateSignal_XLE,0.007146814366861598,0.007146814366861598,0.9934187634706253,0.9934187634706253,0.0,0.0,1.0,0.007146814366861598
2023-05-24 00:00:00+00:00,20260201_193430_47aa49ab_StateSignal_XLE,0.0032813811231777734,0.0032813811231777734,0.9966785490484884,0.9966785490484884,0.0,0.0,1.0,0.0032813811231777734
2023-05-25 00:00:00+00:00,20260201_193430_47aa49ab_StateSignal_XLE,-0.013467291626640954,-0.013467291626640954,0.983255988370435,0.983255988370435,0.0,0.0,1.0,-0.013467291626640954
2023-05-26 00:00:00+00:00,20260201_193430_47aa49ab_StateSignal_XLE,0.006618887925894157,0.006618887925894157,0.9897640495599233,0.9897640495599233,0.0,0.0,1.0,0.006618887925894157
2023-05-30 00:00:00+00:00,20260201_193430_47aa49ab_StateSignal_XLE,-0.028437935320533736,-0.028437935320533736,0.9616172035359486,0.9616172035359486,0.0,0.0,1.0,-0.028437935320533736
2023-05-31 00:00:00+00:00,20260201_193430_47aa49ab_StateSignal_XLE,-0.008520358276354223,-0.008520358276354223,0.9534238804371165,0.9534238804371165,0.0,0.0,1.0,-0.008520358276354223
2023-06-01 00:00:00+00:00,20260201_193430_47aa49ab_StateSignal_XLE,-0.0005706134248977257,-0.0005706134248977257,0.952879843971321,0.952879843971321,0.0,0.0,1.0,-0.0005706134248977257
2023-06-02 00:00:00+00:00,20260201_193430_47aa49ab_StateSignal_XLE,0.029248429126232267,0.029248429126232267,0.9807500825535315,0.9807500825535315,0.0,0.0,1.0,0.029248429126232267
2023-06-05 00:00:00+00:00,20260201_193430_47aa49ab_StateSignal_XLE,0.025719611950928645,0.025719611950928645,1.0059745940976494,1.0059745940976494,0.0,0.0,1.0,0.025719611950928645
2023-06-06 00:00:00+00:00,20260201_193430_47aa49ab_StateSignal_XLE,-0.03518779741406952,-0.03518779741406952,0.9705765638768405,0.9705765638768405,0.0,0.0,1.0,-0.03518779741406952
2023-06-07 00:00:00+00:00,20260201_193430_47aa49ab_StateSignal_XLE,0.02732335010029363,0.02732335010029363,0.9970959671307875,0.9970959671307875,0.0,0.0,1.0,0.02732335010029363
2023-06-08 00:00:00+00:00,20260201_193430_47aa49ab_StateSignal_XLE,0.02154675331535394,0.02154675331535394,1.0185801479662888,1.0185801479662888,0.0,0.0,1.0,0.02154675331535394
2023-06-09 00:00:00+00:00,20260201_193430_47aa49ab_StateSignal_XLE,-0.0037373241579072847,-0.0037373241579072847,1.0147733837725297,1.0147733837725297,0.0,0.0,1.0,-0.0037373241579072847
2023-06-12 00:00:00+00:00,20260201_193430_47aa49ab_StateSignal_XLE,-0.021355048581702007,-0.021355048581702007,0.9931028488626492,0.9931028488626492,0.0,0.0,1.0,-0.021355048581702007
2023-06-13 00:00:00+00:00,20260201_193430_47aa49ab_StateSignal_XLE,0.014377027781668161,0.014377027781668161,1.0073807161108013,1.0073807161108013,0.0,0.0,1.0,0.014377027781668161
2023-06-14 00:00:00+00:00,20260201_193430_47aa49ab_StateSignal_XLE,0.005104107790154355,0.005104107790154355,1.0125224958715537,1.0125224958715537,0.0,0.0,1.0,0.005104107790154355
2023-06-15 00:00:00+00:00,20260201_193430_47aa49ab_StateSignal_XLE,-0.02112182502928217,-0.02112182502928217,0.9911361728755427,0.9911361728755427,0.0,0.0,1.0,-0.02112182502928217
2023-06-16 00:00:00+00:00,20260201_193430_47aa49ab_StateSignal_XLE,0.01493984055163855,0.01493984055163855,1.0059435892632644,1.0059435892632644,0.0,0.0,1.0,0.01493984055163855
2023-06-20 00:00:00+00:00,20260201_193430_47aa49ab_StateSignal_XLE,-0.005135840455017693,-0.005135840455017693,1.0007772234820604,1.0007772234820604,0.0,0.0,1.0,-0.005135840455017693
2023-06-21 00:00:00+00:00,20260201_193430_47aa49ab_StateSignal_XLE,-0.02275005613103387,-0.02275005613103387,0.9780094854731833,0.9780094854731833,0.0,0.0,1.0,-0.02275005613103387
2023-06-22 00:00:00+00:00,20260201_193430_47aa49ab_StateSignal_XLE,-0.0005546311844897289,-0.0005546311844897289,0.9774670509138131,0.9774670509138131,0.0,0.0,1.0,-0.0005546311844897289
2023-06-23 00:00:00+00:00,20260201_193430_47aa49ab_StateSignal_XLE,-0.016219594945427573,-0.016219594945427573,0.9616129312754894,0.9616129312754894,0.0,0.0,1.0,-0.016219594945427573
2023-06-26 00:00:00+00:00,20260201_193430_47aa49ab_StateSignal_XLE,0.004781333817078348,0.004781333817078348,0.9662107237027368,0.9662107237027368,0.0,0.0,1.0,0.004781333817078348
2023-06-27 00:00:00+00:00,20260201_193430_47aa49ab_StateSignal_XLE,0.016418902304376815,0.016418902304376815,0.9820748431806532,0.9820748431806532,0.0,0.0,1.0,0.016418902304376815
2023-06-28 00:00:00+00:00,20260201_193430_47aa49ab_StateSignal_XLE,0.004131668182990822,0.004131668182990822,0.9861324505635384,0.9861324505635384,0.0,0.0,1.0,0.004131668182990822
2023-06-29 00:00:00+00:00,20260201_193430_47aa49ab_StateSignal_XLE,0.012293557366997554,0.012293557366997554,0.9982555264159991,0.9982555264159991,0.0,0.0,1.0,0.012293557366997554
2023-06-30 00:00:00+00:00,20260201_193430_47aa49ab_StateSignal_XLE,0.00918925385218694,0.00918925385218694,1.0074287498575842,1.0074287498575842,0.0,0.0,1.0,0.00918925385218694
2023-07-03 00:00:00+00:00,20260201_193430_47aa49ab_StateSignal_XLE,0.007237667300230122,0.007237667300230122,1.0147201839777402,1.0147201839777402,0.0,0.0,1.0,0.007237667300230122
2023-07-05 00:00:00+00:00,20260201_193430_47aa49ab_StateSignal_XLE,0.00532766310778765,0.00532766310778765,1.020126271266646,1.020126271266646,0.0,0.0,1.0,0.00532766310778765
2023-07-06 00:00:00+00:00,20260201_193430_47aa49ab_StateSignal_XLE,-0.020126803108594604,-0.020126803108594604,0.9995943906589574,0.9995943906589574,0.0,0.0,1.0,-0.020126803108594604
2023-07-07 00:00:00+00:00,20260201_193430_47aa49ab_StateSignal_XLE,-0.0011757144309435987,-0.0011757144309435987,0.9984191531087694,0.9984191531087694,0.0,0.0,0.07169737841202373,-0.0011757144309435987
2023-07-10 00:00:00+00:00,20260201_193430_47aa49ab_StateSignal_XLE,0.0016406544773987198,0.0016406544773987198,1.000057213962638,1.000057213962638,0.0,0.0,0.07169737841202373,0.0016406544773987198
2023-07-11 00:00:00+00:00,20260201_193430_47aa49ab_StateSignal_XLE,0.014438753514961267,0.014438753514961267,1.0144967935759035,1.0144967935759035,0.0,0.0,1.0,0.014438753514961267
2023-07-12 00:00:00+00:00,20260201_193430_47aa49ab_StateSignal_XLE,0.02542398764036724,0.02542398764036724,1.0402893475169694,1.0402893475169694,0.0,0.0,1.0,0.02542398764036724
2023-07-13 00:00:00+00:00,20260201_193430_47aa49ab_StateSignal_XLE,0.00025876568911398223,0.00025876568911398223,1.0405585387068577,1.0405585387068577,0.0,0.0,1.0,0.00025876568911398223
2023-07-14 00:00:00+00:00,20260201_193430_47aa49ab_StateSignal_XLE,-0.0007271412625791195,-0.0007271412625791195,1.039801905657235,1.039801905657235,0.0,0.0,0.07169737841202373,-0.0007271412625791195
2023-07-17 00:00:00+00:00,20260201_193430_47aa49ab_StateSignal_XLE,-0.0016491597982404745,-0.0016491597982404745,1.0380871061562913,1.0380871061562913,0.0,0.0,0.07169737841202373,-0.0016491597982404745
2023-07-18 00:00:00+00:00,20260201_193430_47aa49ab_StateSignal_XLE,-0.0016059960625298686,-0.0016059960625298686,1.0364199423512412,1.0364199423512412,0.0,0.0,1.0,-0.0016059960625298686
2023-07-19 00:00:00+00:00,20260201_193430_47aa49ab_StateSignal_XLE,0.0009160290065442888,0.0009160290065442888,1.0373693330813958,1.0373693330813958,0.0,0.0,0.07169737841202373,0.0009160290065442888
2023-07-20 00:00:00+00:00,20260201_193430_47aa49ab_StateSignal_XLE,0.014702286356019556,0.014702286356019556,1.0526210340733115,1.0526210340733115,0.0,0.0,1.0,0.014702286356019556
2023-07-21 00:00:00+00:00,20260201_193430_47aa49ab_StateSignal_XLE,0.006494372741506993,0.006494372741506993,1.059457147424134,1.059457147424134,0.0,0.0,1.0,0.006494372741506993
2023-07-24 00:00:00+00:00,20260201_193430_47aa49ab_StateSignal_XLE,0.011328648448164724,0.011328648448164724,1.0714593649931976,1.0714593649931976,0.0,0.0,1.0,0.011328648448164724
2023-07-25 00:00:00+00:00,20260201_193430_47aa49ab_StateSignal_XLE,0.00815914776244675,0.00815914776244675,1.0802015602736346,1.0802015602736346,0.0,0.0,1.0,0.00815914776244675
2023-07-26 00:00:00+00:00,20260201_193430_47aa49ab_StateSignal_XLE,-0.00010932258038589473,-0.00010932258038589473,1.0800834698517285,1.0800834698517285,0.0,0.0,0.07169737841202373,-0.00010932258038589473
2023-07-27 00:00:00+00:00,20260201_193430_47aa49ab_StateSignal_XLE,0.0010498667638405275,0.0010498667638405275,1.0812174135888994,1.0812174135888994,0.0,0.0,0.07169737841202373,0.0010498667638405275
2023-07-28 00:00:00+00:00,20260201_193430_47aa49ab_StateSignal_XLE,-0.0008495691954687469,-0.0008495691954687469,1.08029884458071,1.08029884458071,0.0,0.0,0.07169737841202373,-0.0008495691954687469
2023-07-31 00:00:00+00:00,20260201_193430_47aa49ab_StateSignal_XLE,0.0007956411158957701,0.0007956411158957701,1.081158374758913,1.081158374758913,0.0,0.0,0.07169737841202373,0.0007956411158957701
2023-08-01 00:00:00+00:00,20260201_193430_47aa49ab_StateSignal_XLE,0.00650002288556184,0.00650002288556184,1.088185928937763,1.088185928937763,0.0,0.0,1.0,0.00650002288556184
2023-08-02 00:00:00+00:00,20260201_193430_47aa49ab_StateSignal_XLE,-0.007503787085272329,-0.007503787085272329,1.0800204134178246,1.0800204134178246,0.0,0.0,1.0,-0.007503787085272329
2023-08-03 00:00:00+00:00,20260201_193430_47aa49ab_StateSignal_XLE,-0.00028527600805378734,-0.00028527600805378734,1.0797123095056682,1.0797123095056682,0.0,0.0,0.08101830257945061,-0.00028527600805378734
2023-08-04 00:00:00+00:00,20260201_193430_47aa49ab_StateSignal_XLE,0.010027659859441762,0.010027659859441762,1.0905392972914434,1.0905392972914434,0.0,0.0,1.0,0.010027659859441762
2023-08-07 00:00:00+00:00,20260201_193430_47aa49ab_StateSignal_XLE,0.0002421470372804411,0.0002421470372804411,1.0908033681513203,1.0908033681513203,0.0,0.0,0.08101830257945061,0.0002421470372804411
2023-08-08 00:00:00+00:00,20260201_193430_47aa49ab_StateSignal_XLE,-0.018828220314713207,-0.018828220314713207,1.070265482015736,1.070265482015736,0.0,0.0,1.0,-0.018828220314713207
2023-08-09 00:00:00+00:00,20260201_193430_47aa49ab_StateSignal_XLE,0.02897305555776919,0.02897305555776919,1.1012743432877405,1.1012743432877405,0.0,0.0,1.0,0.02897305555776919
2023-08-10 00:00:00+00:00,20260201_193430_47aa49ab_StateSignal_XLE,0.0005565557883136548,0.0005565557883136548,1.1018872638980186,1.1018872638980186,0.0,0.0,0.08101830257945061,0.0005565557883136548
2023-08-11 00:00:00+00:00,20260201_193430_47aa49ab_StateSignal_XLE,-0.0002579255107326766,-0.0002579255107326766,1.101603059062708,1.101603059062708,0.0,0.0,0.08101830257945061,-0.0002579255107326766
2023-08-14 00:00:00+00:00,20260201_193430_47aa49ab_StateSignal_XLE,0.014125904638538245,0.014125904638538245,1.1171641988245498,1.1171641988245498,0.0,0.0,1.0,0.014125904638538245
2023-08-15 00:00:00+00:00,20260201_193430_47aa49ab_StateSignal_XLE,-0.00898827865894658,-0.00898827865894658,1.107122815697716,1.107122815697716,0.0,0.0,1.0,-0.00898827865894658
2023-08-16 00:00:00+00:00,20260201_193430_47aa49ab_StateSignal_XLE,-0.012523183922979353,-0.012523183922979353,1.0932581130514067,1.0932581130514067,0.0,0.0,1.0,-0.012523183922979353
2023-08-17 00:00:00+00:00,20260201_193430_47aa49ab_StateSignal_XLE,0.003699597264464227,0.003699597264464227,1.097302727775805,1.097302727775805,0.0,0.0,1.0,0.003699597264464227
2023-08-18 00:00:00+00:00,20260201_193430_47aa49ab_StateSignal_XLE,-0.01064234769112904,-0.01064234769112904,1.0856248506243906,1.0856248506243906,0.0,0.0,1.0,-0.01064234769112904
2023-08-21 00:00:00+00:00,20260201_193430_47aa49ab_StateSignal_XLE,0.022389913041079623,0.022389913041079623,1.1099318966251057,1.1099318966251057,0.0,0.0,1.0,0.022389913041079623
2023-08-22 00:00:00+00:00,20260201_193430_47aa49ab_StateSignal_XLE,-0.008797710703529305,-0.008797710703529305,1.1001670368979783,1.1001670368979783,0.0,0.0,1.0,-0.008797710703529305
2023-08-23 00:00:00+00:00,20260201_193430_47aa49ab_StateSignal_XLE,-0.020082489723530106,-0.020082489723530106,1.078072943685308,1.078072943685308,0.0,0.0,1.0,-0.020082489723530106
2023-08-24 00:00:00+00:00,20260201_193430_47aa49ab_StateSignal_XLE,0.0057435543083439455,0.0057435543083439455,1.0842649141857208,1.0842649141857208,0.0,0.0,1.0,0.0057435543083439455
2023-08-25 00:00:00+00:00,20260201_193430_47aa49ab_StateSignal_XLE,0.0002014880485871957,0.0002014880485871957,1.0844833806074317,1.0844833806074317,0.0,0.0,0.08101830257945061,0.0002014880485871957
2023-08-28 00:00:00+00:00,20260201_193430_47aa49ab_StateSignal_XLE,0.00024112607851960695,0.00024112607851960695,1.084744877832217,1.084744877832217,0.0,0.0,0.08101830257945061,0.00024112607851960695
2023-08-29 00:00:00+00:00,20260201_193430_47aa49ab_StateSignal_XLE,0.00071910208102795,0.00071910208102795,1.0855249201312507,1.0855249201312507,0.0,0.0,0.08101830257945061,0.00071910208102795
2023-08-30 00:00:00+00:00,20260201_193430_47aa49ab_StateSignal_XLE,0.003675123577890904,0.003675123577890904,1.0895143583596132,1.0895143583596132,0.0,0.0,1.0,0.003675123577890904
2023-08-31 00:00:00+00:00,20260201_193430_47aa49ab_StateSignal_XLE,0.004879248518767643,0.004879248518767643,1.0948303696788153,1.0948303696788153,0.0,0.0,1.0,0.004879248518767643
2023-09-01 00:00:00+00:00,20260201_193430_47aa49ab_StateSignal_XLE,0.007999073072119778,0.007999073072119778,1.103587997807452,1.103587997807452,0.0,0.0,1.0,0.007999073072119778
2023-09-05 00:00:00+00:00,20260201_193430_47aa49ab_StateSignal_XLE,0.009610838033049518,0.009610838033049518,1.114194403309597,1.114194403309597,0.0,0.0,1.0,0.009610838033049518
2023-09-06 00:00:00+00:00,20260201_193430_47aa49ab_StateSignal_XLE,0.002865331473286048,0.002865331473286048,1.1173869396007592,1.1173869396007592,0.0,0.0,1.0,0.002865331473286048
2023-09-07 00:00:00+00:00,20260201_193430_47aa49ab_StateSignal_XLE,-0.00023846429110241374,-0.00023846429110241374,1.1171204827163201,1.1171204827163201,0.0,0.0,1.0,-0.00023846429110241374
2023-09-08 00:00:00+00:00,20260201_193430_47aa49ab_StateSignal_XLE,0.006892481237503301,0.006892481237503301,1.124820214683473,1.124820214683473,0.0,0.0,1.0,0.006892481237503301
2023-09-11 00:00:00+00:00,20260201_193430_47aa49ab_StateSignal_XLE,0.010836384013377831,0.010836384013377831,1.137009198475793,1.137009198475793,0.0,0.0,1.0,0.010836384013377831
2023-09-12 00:00:00+00:00,20260201_193430_47aa49ab_StateSignal_XLE,-0.010126072630369798,-0.010126072630369798,1.1254957607506286,1.1254957607506286,0.0,0.0,1.0,-0.010126072630369798
2023-09-13 00:00:00+00:00,20260201_193430_47aa49ab_StateSignal_XLE,0.015267472130788384,0.015267472130788384,1.1426792359112092,1.1426792359112092,0.0,0.0,1.0,0.015267472130788384
2023-09-14 00:00:00+00:00,20260201_193430_47aa49ab_StateSignal_XLE,0.0002330730694621863,0.0002330730694621863,1.1429455636681338,1.1429455636681338,0.0,0.0,1.0,0.0002330730694621863
2023-09-15 00:00:00+00:00,20260201_193430_47aa49ab_StateSignal_XLE,-0.0051401982335628205,-0.0051401982335628205,1.1370705969007084,1.1370705969007084,0.0,0.0,1.0,-0.0051401982335628205
2023-09-18 00:00:00+00:00,20260201_193430_47aa49ab_StateSignal_XLE,0.0023397296588552052,0.0023397296588552052,1.1397310347004892,1.1397310347004892,0.0,0.0,1.0,0.0023397296588552052
2023-09-19 00:00:00+00:00,20260201_193430_47aa49ab_StateSignal_XLE,0.0067544218594619565,0.0067544218594619565,1.1474292589151773,1.1474292589151773,0.0,0.0,1.0,0.0067544218594619565
2023-09-20 00:00:00+00:00,20260201_193430_47aa49ab_StateSignal_XLE,-0.021586948055080768,-0.021586948055080768,1.1226597631060955,1.1226597631060955,0.0,0.0,1.0,-0.021586948055080768
2023-09-21 00:00:00+00:00,20260201_193430_47aa49ab_StateSignal_XLE,0.0007113219031404938,0.0007113219031404938,1.1234583355853673,1.1234583355853673,0.0,0.0,1.0,0.0007113219031404938
2023-09-22 00:00:00+00:00,20260201_193430_47aa49ab_StateSignal_XLE,-0.012161828691136023,-0.012161828691136023,1.1097950277663493,1.1097950277663493,0.0,0.0,1.0,-0.012161828691136023
2023-09-25 00:00:00+00:00,20260201_193430_47aa49ab_StateSignal_XLE,-0.006016141355800642,-0.006016141355800642,1.1031183440033423,1.1031183440033423,0.0,0.0,1.0,-0.006016141355800642
2023-09-26 00:00:00+00:00,20260201_193430_47aa49ab_StateSignal_XLE,0.004094911177907168,0.004094911177907168,1.107635515640756,1.107635515640756,0.0,0.0,1.0,0.004094911177907168
2023-09-27 00:00:00+00:00,20260201_193430_47aa49ab_StateSignal_XLE,0.01384600778341083,0.01384600778341083,1.1229718456115,1.1229718456115,0.0,0.0,1.0,0.01384600778341083
2023-09-28 00:00:00+00:00,20260201_193430_47aa49ab_StateSignal_XLE,0.010612055726490155,0.010612055726490155,1.1348888854164088,1.1348888854164088,0.0,0.0,1.0,0.010612055726490155
2023-09-29 00:00:00+00:00,20260201_193430_47aa49ab_StateSignal_XLE,0.0032786914616984575,0.0032786914616984575,1.138609835915,1.138609835915,0.0,0.0,1.0,0.0032786914616984575
2023-10-02 00:00:00+00:00,20260201_193430_47aa49ab_StateSignal_XLE,-0.019120138710720713,-0.019120138710720713,1.1168394579149143,1.1168394579149143,0.0,0.0,1.0,-0.019120138710720713
2023-10-03 00:00:00+00:00,20260201_193430_47aa49ab_StateSignal_XLE,-0.023388649011850227,-0.023388649011850227,1.0907180918311574,1.0907180918311574,0.0,0.0,1.0,-0.023388649011850227
2023-10-04 00:00:00+00:00,20260201_193430_47aa49ab_StateSignal_XLE,-0.012520109537036195,-0.012520109537036195,1.0770621818474042,1.0770621818474042,0.0,0.0,1.0,-0.012520109537036195
2023-10-05 00:00:00+00:00,20260201_193430_47aa49ab_StateSignal_XLE,-0.02958350610399485,-0.02958350610399485,1.0451989062163396,1.0451989062163396,0.0,0.0,1.0,-0.02958350610399485
2023-10-06 00:00:00+00:00,20260201_193430_47aa49ab_StateSignal_XLE,0.009118604216434623,0.009118604216434623,1.0547296613695767,1.0547296613695767,0.0,0.0,1.0,0.009118604216434623
2023-10-09 00:00:00+00:00,20260201_193430_47aa49ab_StateSignal_XLE,0.032008687207428554,0.032008687207428554,1.0884901731887524,1.0884901731887524,0.0,0.0,1.0,0.032008687207428554
2023-10-10 00:00:00+00:00,20260201_193430_47aa49ab_StateSignal_XLE,0.0038995906107084366,0.0038995906107084366,1.0927348392479677,1.0927348392479677,0.0,0.0,1.0,0.0038995906107084366
2023-10-11 00:00:00+00:00,20260201_193430_47aa49ab_StateSignal_XLE,-0.011498597639560515,-0.011498597639560515,1.0801699210047255,1.0801699210047255,0.0,0.0,1.0,-0.011498597639560515
2023-10-12 00:00:00+00:00,20260201_193430_47aa49ab_StateSignal_XLE,0.01028160832056102,0.01028160832056102,1.0912758050521474,1.0912758050521474,0.0,0.0,1.0,0.01028160832056102
2023-10-13 00:00:00+00:00,20260201_193430_47aa49ab_StateSignal_XLE,0.006796142662834903,0.006796142662834903,1.0986922711077818,1.0986922711077818,0.0,0.0,1.0,0.006796142662834903
2023-10-16 00:00:00+00:00,20260201_193430_47aa49ab_StateSignal_XLE,0.005066967047834936,0.005066967047834936,1.1042593086411958,1.1042593086411958,0.0,0.0,1.0,0.005066967047834936
2023-10-17 00:00:00+00:00,20260201_193430_47aa49ab_StateSignal_XLE,0.006955298455210368,0.006955298455210368,1.1119397617047395,1.1119397617047395,0.0,0.0,1.0,0.006955298455210368
2023-10-18 00:00:00+00:00,20260201_193430_47aa49ab_StateSignal_XLE,0.015415934370052842,0.015415934370052842,1.129081352094632,1.129081352094632,0.0,0.0,1.0,0.015415934370052842
2023-10-19 00:00:00+00:00,20260201_193430_47aa49ab_StateSignal_XLE,0.0007057993470267476,0.0007057993470267476,1.1298782569756805,1.1298782569756805,0.0,0.0,1.0,0.0007057993470267476
2023-10-20 00:00:00+00:00,20260201_193430_47aa49ab_StateSignal_XLE,-0.0004704775433759245,-0.0004704775433759245,1.1293466746290246,1.1293466746290246,0.0,0.0,1.0,-0.0004704775433759245
2023-10-23 00:00:00+00:00,20260201_193430_47aa49ab_StateSignal_XLE,-0.02212532266582512,-0.02212532266582512,1.1043595150512808,1.1043595150512808,0.0,0.0,1.0,-0.02212532266582512
2023-10-24 00:00:00+00:00,20260201_193430_47aa49ab_StateSignal_XLE,-0.006032109013108133,-0.006032109013108133,1.0976978980668282,1.0976978980668282,0.0,0.0,1.0,-0.006032109013108133
2023-10-25 00:00:00+00:00,20260201_193430_47aa49ab_StateSignal_XLE,-0.018564284968510147,-0.018564284968510147,1.0773199214777809,1.0773199214777809,0.0,0.0,1.0,-0.018564284968510147
2023-10-26 00:00:00+00:00,20260201_193430_47aa49ab_StateSignal_XLE,-0.010159918890157105,-0.010159918890157105,1.0663744384568161,1.0663744384568161,0.0,0.0,1.0,-0.010159918890157105
2023-10-27 00:00:00+00:00,20260201_193430_47aa49ab_StateSignal_XLE,0.00024903499070294544,0.00024903499070294544,1.066640003005183,1.066640003005183,0.0,0.0,1.0,0.00024903499070294544
2023-10-30 00:00:00+00:00,20260201_193430_47aa49ab_StateSignal_XLE,-0.01758397478900431,-0.01758397478900431,1.0478842320833963,1.0478842320833963,0.0,0.0,1.0,-0.01758397478900431
2023-10-31 00:00:00+00:00,20260201_193430_47aa49ab_StateSignal_XLE,0.0,0.0,1.0478842320833963,1.0478842320833963,0.0,0.0,1.0,0.0
2023-11-01 00:00:00+00:00,20260201_193430_47aa49ab_StateSignal_XLE,0.006315544548690877,0.006315544548690877,1.0545021916329897,1.0545021916329897,0.0,0.0,1.0,0.006315544548690877
2023-11-02 00:00:00+00:00,20260201_193430_47aa49ab_StateSignal_XLE,-0.006315544548690877,-0.006315544548690877,1.0478424360650394,1.0478424360650394,0.0,0.0,1.0,-0.006315544548690877
2023-11-03 00:00:00+00:00,20260201_193430_47aa49ab_StateSignal_XLE,0.026014473518023884,0.026014473518023884,1.0751015053691149,1.0751015053691149,0.0,0.0,1.0,0.026014473518023884
2023-11-06 00:00:00+00:00,20260201_193430_47aa49ab_StateSignal_XLE,0.001973360285175474,0.001973360285175474,1.0772230679823427,1.0772230679823427,0.0,0.0,1.0,0.001973360285175474
2023-11-07 00:00:00+00:00,20260201_193430_47aa49ab_StateSignal_XLE,-0.03434351809342839,-0.03434351809342839,1.0402274380564327,1.0402274380564327,0.0,0.0,1.0,-0.03434351809342839
2023-11-08 00:00:00+00:00,20260201_193430_47aa49ab_StateSignal_XLE,-0.012833851714683764,-0.012833851714683764,1.0268773133668712,1.0268773133668712,0.0,0.0,1.0,-0.012833851714683764
2023-11-09 00:00:00+00:00,20260201_193430_47aa49ab_StateSignal_XLE,-0.0012924908093716603,-0.0012924908093716603,1.0255500838769922,1.0255500838769922,0.0,0.0,1.0,-0.0012924908093716603
2023-11-10 00:00:00+00:00,20260201_193430_47aa49ab_StateSignal_XLE,0.0007756949322366147,0.0007756949322366147,1.0263455978798104,1.0263455978798104,0.0,0.0,1.0,0.0007756949322366147
2023-11-13 00:00:00+00:00,20260201_193430_47aa49ab_StateSignal_XLE,0.0020655829704163686,0.0020655829704163686,1.0284655998685528,1.0284655998685528,0.0,0.0,1.0,0.0020655829704163686
2023-11-14 00:00:00+00:00,20260201_193430_47aa49ab_StateSignal_XLE,0.010264395994902031,0.010264395994902031,1.039022178052738,1.039022178052738,0.0,0.0,1.0,0.010264395994902031
2023-11-15 00:00:00+00:00,20260201_193430_47aa49ab_StateSignal_XLE,0.0022950411705751073,0.0022950411705751073,1.0414067767285096,1.0414067767285096,0.0,0.0,1.0,0.0022950411705751073
2023-11-16 00:00:00+00:00,20260201_193430_47aa49ab_StateSignal_XLE,-0.008697931530510683,-0.008697931530510683,1.0323486918891152,1.0323486918891152,0.0,0.0,1.0,-0.008697931530510683
2023-11-17 00:00:00+00:00,20260201_193430_47aa49ab_StateSignal_XLE,-0.002057613894680177,-0.002057613894680177,1.0302245168765292,1.0302245168765292,0.0,0.0,1.0,-0.002057613894680177
2023-11-20 00:00:00+00:00,20260201_193430_47aa49ab_StateSignal_XLE,0.016850028483951895,0.016850028483951895,1.0475838293307642,1.0475838293307642,0.0,0.0,1.0,0.016850028483951895
2023-11-21 00:00:00+00:00,20260201_193430_47aa49ab_StateSignal_XLE,-0.007113851138875749,-0.007113851138875749,1.0401314739134118,1.0401314739134118,0.0,0.0,1.0,-0.007113851138875749
2023-11-22 00:00:00+00:00,20260201_193430_47aa49ab_StateSignal_XLE,-0.019048194970694876,-0.019048194970694876,1.0203188468031528,1.0203188468031528,0.0,0.0,1.0,-0.019048194970694876
2023-11-24 00:00:00+00:00,20260201_193430_47aa49ab_StateSignal_XLE,0.019303134423955814,0.019303134423955814,1.0400141986582896,1.0400141986582896,0.0,0.0,1.0,0.019303134423955814
2023-11-27 00:00:00+00:00,20260201_193430_47aa49ab_StateSignal_XLE,0.0002548744757011612,0.0002548744757011612,1.0402792717318945,1.0402792717318945,0.0,0.0,1.0,0.0002548744757011612
2023-11-28 00:00:00+00:00,20260201_193430_47aa49ab_StateSignal_XLE,0.004069181606725536,0.004069181606725536,1.0445123570102837,1.0445123570102837,0.0,0.0,1.0,0.004069181606725536
2023-11-29 00:00:00+00:00,20260201_193430_47aa49ab_StateSignal_XLE,0.0037998779097749846,0.0037998779097749846,1.048481376442174,1.048481376442174,0.0,0.0,1.0,0.0037998779097749846
2023-11-30 00:00:00+00:00,20260201_193430_47aa49ab_StateSignal_XLE,-0.005323881252750073,-0.005323881252750073,1.042899386098276,1.042899386098276,0.0,0.0,1.0,-0.005323881252750073
2023-12-01 00:00:00+00:00,20260201_193430_47aa49ab_StateSignal_XLE,-0.004330665283172941,-0.004330665283172941,1.0383829379330578,1.0383829379330578,0.0,0.0,1.0,-0.004330665283172941
2023-12-04 00:00:00+00:00,20260201_193430_47aa49ab_StateSignal_XLE,-0.001277302511123235,-0.001277302511123235,1.0370566087989284,1.0370566087989284,0.0,0.0,1.0,-0.001277302511123235
2023-12-05 00:00:00+00:00,20260201_193430_47aa49ab_StateSignal_XLE,0.0035723436816983423,0.0035723436816983423,1.0407613314229347,1.0407613314229347,0.0,0.0,1.0,0.0035723436816983423
2023-12-06 00:00:00+00:00,20260201_193430_47aa49ab_StateSignal_XLE,-0.016953912377529967,-0.016953912377529967,1.023116355004069,1.023116355004069,0.0,0.0,1.0,-0.016953912377529967
2023-12-07 00:00:00+00:00,20260201_193430_47aa49ab_StateSignal_XLE,-0.009893337658658297,-0.009893337658658297,1.012994319439918,1.012994319439918,0.0,0.0,1.0,-0.009893337658658297
2023-12-08 00:00:00+00:00,20260201_193430_47aa49ab_StateSignal_XLE,-0.0068259650703996755,-0.0068259650703996755,1.0060796555989078,1.0060796555989078,0.0,0.0,1.0,-0.0068259650703996755
2023-12-11 00:00:00+00:00,20260201_193430_47aa49ab_StateSignal_XLE,0.005254872838358349,0.005254872838358349,1.0113664762543393,1.0113664762543393,0.0,0.0,1.0,0.005254872838358349
2023-12-12 00:00:00+00:00,20260201_193430_47aa49ab_StateSignal_XLE,-0.007892700798908692,-0.007892700798908692,1.0033840632592173,1.0033840632592173,0.0,0.0,1.0,-0.007892700798908692
2023-12-13 00:00:00+00:00,20260201_193430_47aa49ab_StateSignal_XLE,-0.003439611804957554,-0.003439611804957554,0.9999328115903245,0.9999328115903245,0.0,0.0,1.0,-0.003439611804957554
2023-12-14 00:00:00+00:00,20260201_193430_47aa49ab_StateSignal_XLE,0.013426554206981578,0.013426554206981578,1.0133584636884816,1.0133584636884816,0.0,0.0,1.0,0.013426554206981578
2023-12-15 00:00:00+00:00,20260201_193430_47aa49ab_StateSignal_XLE,0.01839668413355655,0.01839668413355655,1.0320008992590248,1.0320008992590248,0.0,0.0,1.0,0.01839668413355655
2023-12-18 00:00:00+00:00,20260201_193430_47aa49ab_StateSignal_XLE,0.019827797509750056,0.019827797509750056,1.0524632041194126,1.0524632041194126,0.0,0.0,1.0,0.019827797509750056
2023-12-19 00:00:00+00:00,20260201_193430_47aa49ab_StateSignal_XLE,-0.004540875612844442,-0.004540875612844442,1.0476840996224106,1.0476840996224106,0.0,0.0,1.0,-0.004540875612844442
2023-12-20 00:00:00+00:00,20260201_193430_47aa49ab_StateSignal_XLE,0.01206347879081937,0.01206347879081937,1.0603228145376842,1.0603228145376842,0.0,0.0,1.0,0.01206347879081937
2023-12-21 00:00:00+00:00,20260201_193430_47aa49ab_StateSignal_XLE,-0.009790463542695083,-0.009790463542695083,1.049941762678465,1.049941762678465,0.0,0.0,1.0,-0.009790463542695083
2023-12-22 00:00:00+00:00,20260201_193430_47aa49ab_StateSignal_XLE,0.008290463261444891,0.008290463261444891,1.0586462662886076,1.0586462662886076,0.0,0.0,1.0,0.008290463261444891
2023-12-26 00:00:00+00:00,20260201_193430_47aa49ab_StateSignal_XLE,0.00399501155559312,0.00399501155559312,1.062875570355716,1.062875570355716,0.0,0.0,1.0,0.00399501155559312
2023-12-27 00:00:00+00:00,20260201_193430_47aa49ab_StateSignal_XLE,-0.0017458540411530166,-0.0017458540411530166,1.0610199447459676,1.0610199447459676,0.0,0.0,1.0,-0.0017458540411530166
2023-12-28 00:00:00+00:00,20260201_193430_47aa49ab_StateSignal_XLE,-0.007265471018072844,-0.007265471018072844,1.0533111350878186,1.0533111350878186,0.0,0.0,1.0,-0.007265471018072844
2023-12-29 00:00:00+00:00,20260201_193430_47aa49ab_StateSignal_XLE,-0.008585911330063478,-0.008585911330063478,1.044267499078986,1.044267499078986,0.0,0.0,1.0,-0.008585911330063478
2024-01-02 00:00:00+00:00,20260201_193430_47aa49ab_StateSignal_XLE,0.0025329294190581386,0.0025329294190581386,1.0469125549487694,1.0469125549487694,0.0,0.0,1.0,0.0025329294190581386
2024-01-03 00:00:00+00:00,20260201_193430_47aa49ab_StateSignal_XLE,0.003787405108078179,0.003787405108078179,1.0508776369070936,1.0508776369070936,0.0,0.0,1.0,0.003787405108078179
2024-01-04 00:00:00+00:00,20260201_193430_47aa49ab_StateSignal_XLE,0.023413273735566342,0.023413273735566342,1.0754821226825844,1.0754821226825844,0.0,0.0,1.0,0.023413273735566342
2024-01-05 00:00:00+00:00,20260201_193430_47aa49ab_StateSignal_XLE,-0.01663188393995485,-0.01663188393995485,1.0575948288386314,1.0575948288386314,0.0,0.0,1.0,-0.01663188393995485
2024-01-08 00:00:00+00:00,20260201_193430_47aa49ab_StateSignal_XLE,-0.02483655286166586,-0.02483655286166586,1.0313278189659563,1.0313278189659563,0.0,0.0,1.0,-0.02483655286166586
2024-01-09 00:00:00+00:00,20260201_193430_47aa49ab_StateSignal_XLE,0.006904515346544571,0.006904515346544571,1.0384486377193252,1.0384486377193252,0.0,0.0,1.0,0.006904515346544571
2024-01-10 00:00:00+00:00,20260201_193430_47aa49ab_StateSignal_XLE,-0.016185324421017278,-0.016185324421017278,1.0216410096232744,1.0216410096232744,0.0,0.0,1.0,-0.016185324421017278
2024-01-11 00:00:00+00:00,20260201_193430_47aa49ab_StateSignal_XLE,-0.0064960602609076545,-0.0064960602609076545,1.0150043680597471,1.0150043680597471,0.0,0.0,1.0,-0.0064960602609076545
2024-01-12 00:00:00+00:00,20260201_193430_47aa49ab_StateSignal_XLE,0.01500674992881601,0.01500674992881601,1.0302362847878757,1.0302362847878757,0.0,0.0,1.0,0.01500674992881601
2024-01-16 00:00:00+00:00,20260201_193430_47aa49ab_StateSignal_XLE,-0.007992823265863702,-0.007992823265863702,1.0220017882414862,1.0220017882414862,0.0,0.0,1.0,-0.007992823265863702
2024-01-17 00:00:00+00:00,20260201_193430_47aa49ab_StateSignal_XLE,-0.03316093318079716,-0.03316093318079716,0.9881112552309551,0.9881112552309551,0.0,0.0,1.0,-0.03316093318079716
2024-01-18 00:00:00+00:00,20260201_193430_47aa49ab_StateSignal_XLE,0.0034726894789725016,0.0034726894789725016,0.99154265879105,0.99154265879105,0.0,0.0,1.0,0.0034726894789725016
2024-01-19 00:00:00+00:00,20260201_193430_47aa49ab_StateSignal_XLE,-0.0034726894789725016,-0.0034726894789725016,0.9880993390319138,0.9880993390319138,0.0,0.0,1.0,-0.0034726894789725016
2024-01-22 00:00:00+00:00,20260201_193430_47aa49ab_StateSignal_XLE,0.0029392138728288053,0.0029392138728288053,0.9910035743169294,0.9910035743169294,0.0,0.0,1.0,0.0029392138728288053
2024-01-23 00:00:00+00:00,20260201_193430_47aa49ab_StateSignal_XLE,0.002664536615097912,0.002664536615097912,0.9936441396263898,0.9936441396263898,0.0,0.0,1.0,0.002664536615097912
2024-01-24 00:00:00+00:00,20260201_193430_47aa49ab_StateSignal_XLE,0.01058771139882042,0.01058771139882042,1.0041645570098832,1.0041645570098832,0.0,0.0,1.0,0.01058771139882042
2024-01-25 00:00:00+00:00,20260201_193430_47aa49ab_StateSignal_XLE,0.016710571616228354,0.016710571616228354,1.020944720754275,1.020944720754275,0.0,0.0,1.0,0.016710571616228354
2024-01-26 00:00:00+00:00,20260201_193430_47aa49ab_StateSignal_XLE,0.013374684967562,0.013374684967562,1.034599534763659,1.034599534763659,0.0,0.0,1.0,0.013374684967562
2024-01-29 00:00:00+00:00,20260201_193430_47aa49ab_StateSignal_XLE,0.0073819859216057715,0.0073819859216057715,1.0422369339637843,1.0422369339637843,0.0,0.0,1.0,0.0073819859216057715
2024-01-30 00:00:00+00:00,20260201_193430_47aa49ab_StateSignal_XLE,-0.011734828538918052,-0.011734828538918052,1.0300064622467915,1.0300064622467915,0.0,0.0,1.0,-0.011734828538918052
2024-01-31 00:00:00+00:00,20260201_193430_47aa49ab_StateSignal_XLE,0.02283204204264555,0.02283204204264555,1.053523613097007,1.053523613097007,0.0,0.0,1.0,0.02283204204264555
2024-02-01 00:00:00+00:00,20260201_193430_47aa49ab_StateSignal_XLE,-0.014654127822895102,-0.014654127822895102,1.038085143406245,1.038085143406245,0.0,0.0,1.0,-0.014654127822895102
2024-02-02 00:00:00+00:00,20260201_193430_47aa49ab_StateSignal_XLE,0.0017800386136843649,0.0017800386136843649,1.0399329750458002,1.0399329750458002,0.0,0.0,1.0,0.0017800386136843649
2024-02-05 00:00:00+00:00,20260201_193430_47aa49ab_StateSignal_XLE,-0.012270092591814219,-0.012270092591814219,1.0271729011527073,1.0271729011527073,0.0,0.0,1.0,-0.012270092591814219
2024-02-06 00:00:00+00:00,20260201_193430_47aa49ab_StateSignal_XLE,0.007431168085501483,0.007431168085501483,1.0348059956340452,1.0348059956340452,0.0,0.0,1.0,0.007431168085501483
2024-02-07 00:00:00+00:00,20260201_193430_47aa49ab_StateSignal_XLE,0.0022950411705751073,0.0022950411705751073,1.0371809179975833,1.0371809179975833,0.0,0.0,1.0,0.0022950411705751073
2024-02-08 00:00:00+00:00,20260201_193430_47aa49ab_StateSignal_XLE,-0.0005095541511526136,-0.0005095541511526136,1.0366524181553214,1.0366524181553214,0.0,0.0,1.0,-0.0005095541511526136
2024-02-09 00:00:00+00:00,20260201_193430_47aa49ab_StateSignal_XLE,0.010394313383694342,0.010394313383694342,1.0474277082595924,1.0474277082595924,0.0,0.0,1.0,0.010394313383694342
2024-02-12 00:00:00+00:00,20260201_193430_47aa49ab_StateSignal_XLE,-0.01141420128444004,-0.01141420128444004,1.0354721575666177,1.0354721575666177,0.0,0.0,1.0,-0.01141420128444004
2024-02-13 00:00:00+00:00,20260201_193430_47aa49ab_StateSignal_XLE,0.008636070946054009,0.008636070946054009,1.0444145685820265,1.0444145685820265,0.0,0.0,1.0,0.008636070946054009
2024-02-14 00:00:00+00:00,20260201_193430_47aa49ab_StateSignal_XLE,-0.005833878308701745,-0.005833878308701745,1.0383215810850837,1.0383215810850837,0.0,0.0,1.0,-0.005833878308701745
2024-02-15 00:00:00+00:00,20260201_193430_47aa49ab_StateSignal_XLE,-0.006892177888877082,-0.006892177888877082,1.031165284042385,1.031165284042385,0.0,0.0,1.0,-0.006892177888877082
2024-02-16 00:00:00+00:00,20260201_193430_47aa49ab_StateSignal_XLE,0.0305232423196804,0.0305232423196804,1.0626397918788528,1.0626397918788528,0.0,0.0,1.0,0.0305232423196804
2024-02-20 00:00:00+00:00,20260201_193430_47aa49ab_StateSignal_XLE,-0.0029858195857470626,-0.0029858195857470626,1.0594669411756668,1.0594669411756668,0.0,0.0,1.0,-0.0029858195857470626
2024-02-21 00:00:00+00:00,20260201_193430_47aa49ab_StateSignal_XLE,-0.00650002288556184,-0.00650002288556184,1.0525803818115287,1.0525803818115287,0.0,0.0,1.0,-0.00650002288556184
2024-02-22 00:00:00+00:00,20260201_193430_47aa49ab_StateSignal_XLE,0.009485842471308903,0.009485842471308903,1.0625649935017831,1.0625649935017831,0.0,0.0,1.0,0.009485842471308903
2024-02-23 00:00:00+00:00,20260201_193430_47aa49ab_StateSignal_XLE,-0.0029858195857470626,-0.0029858195857470626,1.0593923661330562,1.0593923661330562,0.0,0.0,1.0,-0.0029858195857470626
2024-02-26 00:00:00+00:00,20260201_193430_47aa49ab_StateSignal_XLE,0.0014940241822842815,0.0014940241822842815,1.0609751239465863,1.0609751239465863,0.0,0.0,1.0,0.0014940241822842815
2024-02-27 00:00:00+00:00,20260201_193430_47aa49ab_StateSignal_XLE,0.007930648753489589,0.007930648753489589,1.0693893449907967,1.0693893449907967,0.0,0.0,1.0,0.007930648753489589
2024-02-28 00:00:00+00:00,20260201_193430_47aa49ab_StateSignal_XLE,-0.005445558011343277,-0.005445558011343277,1.063565923275937,1.063565923275937,0.0,0.0,1.0,-0.005445558011343277
2024-02-29 00:00:00+00:00,20260201_193430_47aa49ab_StateSignal_XLE,-0.0002482313528942015,-0.0002482313528942015,1.06330191286791,1.06330191286791,0.0,0.0,1.0,-0.0002482313528942015
2024-03-01 00:00:00+00:00,20260201_193430_47aa49ab_StateSignal_XLE,0.009143768143458075,0.009143768143458075,1.0730244990256697,1.0730244990256697,0.0,0.0,1.0,0.009143768143458075
2024-03-04 00:00:00+00:00,20260201_193430_47aa49ab_StateSignal_XLE,0.0034381173356474726,0.0034381173356474726,1.0767136831573443,1.0767136831573443,0.0,0.0,1.0,0.0034381173356474726
2024-03-05 00:00:00+00:00,20260201_193430_47aa49ab_StateSignal_XLE,-0.011341344444190327,-0.011341344444190327,1.064502302408884,1.064502302408884,0.0,0.0,1.0,-0.011341344444190327
2024-03-06 00:00:00+00:00,20260201_193430_47aa49ab_StateSignal_XLE,0.016964143758957828,0.016964143758957828,1.0825606724986898,1.0825606724986898,0.0,0.0,1.0,0.016964143758957828
2024-03-07 00:00:00+00:00,20260201_193430_47aa49ab_StateSignal_XLE,-0.003663455068048993,-0.003663455068048993,1.078594760116554,1.078594760116554,0.0,0.0,1.0,-0.003663455068048993
2024-03-08 00:00:00+00:00,20260201_193430_47aa49ab_StateSignal_XLE,0.004881630392281622,0.004881630392281622,1.0838600610784948,1.0838600610784948,0.0,0.0,1.0,0.004881630392281622
2024-03-11 00:00:00+00:00,20260201_193430_47aa49ab_StateSignal_XLE,0.004130731180291836,0.004130731180291836,1.0883371956278647,1.0883371956278647,0.0,0.0,1.0,0.004130731180291836
2024-03-12 00:00:00+00:00,20260201_193430_47aa49ab_StateSignal_XLE,0.011092469655996862,0.011092469655996862,1.1004095429458596,1.1004095429458596,0.0,0.0,1.0,0.011092469655996862
2024-03-13 00:00:00+00:00,20260201_193430_47aa49ab_StateSignal_XLE,0.009546611883579637,0.009546611883579637,1.1109147257653509,1.1109147257653509,0.0,0.0,1.0,0.009546611883579637
2024-03-14 00:00:00+00:00,20260201_193430_47aa49ab_StateSignal_XLE,0.008985636245347539,0.008985636245347539,1.1208970013906783,1.1208970013906783,0.0,0.0,1.0,0.008985636245347539
2024-03-15 00:00:00+00:00,20260201_193430_47aa49ab_StateSignal_XLE,0.004228336109521003,0.004228336109521003,1.1256365306567122,1.1256365306567122,0.0,0.0,1.0,0.004228336109521003
2024-03-18 00:00:00+00:00,20260201_193430_47aa49ab_StateSignal_XLE,0.010725213557537305,0.010725213557537305,1.137709222836171,1.137709222836171,0.0,0.0,1.0,0.010725213557537305
2024-03-19 00:00:00+00:00,20260201_193430_47aa49ab_StateSignal_XLE,-0.0009280743125539281,-0.0009280743125539281,1.136653344131301,1.136653344131301,0.0,0.0,1.0,-0.0009280743125539281
2024-03-20 00:00:00+00:00,20260201_193430_47aa49ab_StateSignal_XLE,0.005093782720256623,0.005093782720256623,1.142443209294559,1.142443209294559,0.0,0.0,1.0,0.005093782720256623
2024-03-21 00:00:00+00:00,20260201_193430_47aa49ab_StateSignal_XLE,0.0036883398198392925,0.0036883398198392925,1.146656928075305,1.146656928075305,0.0,0.0,1.0,0.0036883398198392925
2024-03-22 00:00:00+00:00,20260201_193430_47aa49ab_StateSignal_XLE,0.007107676374520366,0.007107676374520366,1.154806994432666,1.154806994432666,0.0,0.0,1.0,0.007107676374520366
2024-03-25 00:00:00+00:00,20260201_193430_47aa49ab_StateSignal_XLE,-0.0016005491012593964,-0.0016005491012593964,1.1529586691355986,1.1529586691355986,0.0,0.0,1.0,-0.0016005491012593964
2024-03-26 00:00:00+00:00,20260201_193430_47aa49ab_StateSignal_XLE,0.008658062743114314,0.008658062743114314,1.1629410576331922,1.1629410576331922,0.0,0.0,1.0,0.008658062743114314
2024-03-27 00:00:00+00:00,20260201_193430_47aa49ab_StateSignal_XLE,-0.01026117770914059,-0.01026117770914059,1.1510079127755621,1.1510079127755621,0.0,0.0,1.0,-0.01026117770914059
2024-03-28 00:00:00+00:00,20260201_193430_47aa49ab_StateSignal_XLE,0.01659317534664817,0.01659317534664817,1.1701067888976266,1.1701067888976266,0.0,0.0,1.0,0.01659317534664817
2024-04-01 00:00:00+00:00,20260201_193430_47aa49ab_StateSignal_XLE,0.007411600463193668,0.007411600463193668,1.1787791529162064,1.1787791529162064,0.0,0.0,1.0,0.007411600463193668
2024-04-02 00:00:00+00:00,20260201_193430_47aa49ab_StateSignal_XLE,0.011347323892825667,0.011347323892825667,1.1921551417624572,1.1921551417624572,0.0,0.0,1.0,0.011347323892825667
2024-04-03 00:00:00+00:00,20260201_193430_47aa49ab_StateSignal_XLE,0.011001211061973493,0.011001211061973493,1.2052702920956029,1.2052702920956029,0.0,0.0,1.0,0.011001211061973493
2024-04-04 00:00:00+00:00,20260201_193430_47aa49ab_StateSignal_XLE,0.005237899360793108,0.005237899360793108,1.2115833765881534,1.2115833765881534,0.0,0.0,1.0,0.005237899360793108
2024-04-05 00:00:00+00:00,20260201_193430_47aa49ab_StateSignal_XLE,0.0013051992281427616,0.0013051992281427616,1.213164734276107,1.213164734276107,0.0,0.0,1.0,0.0013051992281427616
2024-04-08 00:00:00+00:00,20260201_193430_47aa49ab_StateSignal_XLE,0.007364122515135296,0.007364122515135296,1.2220986280103578,1.2220986280103578,0.0,0.0,1.0,0.007364122515135296
2024-04-09 00:00:00+00:00,20260201_193430_47aa49ab_StateSignal_XLE,-0.002376581004096323,-0.002376581004096323,1.2191942116258963,1.2191942116258963,0.0,0.0,1.0,-0.002376581004096323
2024-04-10 00:00:00+00:00,20260201_193430_47aa49ab_StateSignal_XLE,-0.007163820933634657,-0.007163820933634657,1.2104601226104845,1.2104601226104845,0.0,0.0,1.0,-0.007163820933634657
2024-04-11 00:00:00+00:00,20260201_193430_47aa49ab_StateSignal_XLE,0.009324582362057576,0.009324582362057576,1.2217471577197523,1.2217471577197523,0.0,0.0,1.0,0.009324582362057576
2024-04-12 00:00:00+00:00,20260201_193430_47aa49ab_StateSignal_XLE,0.00366261316475347,0.00366261316475347,1.2262219449436167,1.2262219449436167,0.0,0.0,1.0,0.00366261316475347
2024-04-15 00:00:00+00:00,20260201_193430_47aa49ab_StateSignal_XLE,-0.017791747245555545,-0.017791747245555545,1.2044053140322264,1.2044053140322264,0.0,0.0,1.0,-0.017791747245555545
2024-04-16 00:00:00+00:00,20260201_193430_47aa49ab_StateSignal_XLE,-0.01700007824810834,-0.01700007824810834,1.183930329451241,1.183930329451241,0.0,0.0,1.0,-0.01700007824810834
2024-04-17 00:00:00+00:00,20260201_193430_47aa49ab_StateSignal_XLE,-0.008497367766035602,-0.008497367766035602,1.1738700380325302,1.1738700380325302,0.0,0.0,1.0,-0.008497367766035602
2024-04-18 00:00:00+00:00,20260201_193430_47aa49ab_StateSignal_XLE,0.001794929806562262,0.001794929806562262,1.1759770523528252,1.1759770523528252,0.0,0.0,1.0,0.001794929806562262
2024-04-19 00:00:00+00:00,20260201_193430_47aa49ab_StateSignal_XLE,-0.004493379836162603,-0.004493379836162603,1.1706929407779931,1.1706929407779931,0.0,0.0,1.0,-0.004493379836162603
2024-04-22 00:00:00+00:00,20260201_193430_47aa49ab_StateSignal_XLE,0.004269189722007738,0.004269189722007738,1.1756908510483894,1.1756908510483894,0.0,0.0,1.0,0.004269189722007738
2024-04-23 00:00:00+00:00,20260201_193430_47aa49ab_StateSignal_XLE,0.007371864056050281,0.007371864056050281,1.1843578841742601,1.1843578841742601,0.0,0.0,1.0,0.007371864056050281
2024-04-24 00:00:00+00:00,20260201_193430_47aa49ab_StateSignal_XLE,0.005770100341119466,0.005770100341119466,1.1911917480057415,1.1911917480057415,0.0,0.0,1.0,0.005770100341119466
2024-04-25 00:00:00+00:00,20260201_193430_47aa49ab_StateSignal_XLE,0.006836502533716704,0.006836502533716704,1.1993353334091252,1.1993353334091252,0.0,0.0,1.0,0.006836502533716704
2024-04-26 00:00:00+00:00,20260201_193430_47aa49ab_StateSignal_XLE,-0.007057814917047711,-0.007057814917047711,1.190870646602448,1.190870646602448,0.0,0.0,1.0,-0.007057814917047711
2024-04-29 00:00:00+00:00,20260201_193430_47aa49ab_StateSignal_XLE,-0.0008857396504673432,-0.0008857396504673432,1.1898158452521743,1.1898158452521743,0.0,0.0,1.0,-0.0008857396504673432
2024-04-30 00:00:00+00:00,20260201_193430_47aa49ab_StateSignal_XLE,0.0024338987565455383,0.0024338987565455383,1.1927117365584519,1.1927117365584519,0.0,0.0,1.0,0.0024338987565455383
2024-05-01 00:00:00+00:00,20260201_193430_47aa49ab_StateSignal_XLE,-0.02687731776374669,-0.02687731776374669,1.1606548442144202,1.1606548442144202,0.0,0.0,1.0,-0.02687731776374669
2024-05-02 00:00:00+00:00,20260201_193430_47aa49ab_StateSignal_XLE,-0.00797725028064411,-0.00797725028064411,1.1513960100326799,1.1513960100326799,0.0,0.0,1.0,-0.00797725028064411
2024-05-03 00:00:00+00:00,20260201_193430_47aa49ab_StateSignal_XLE,0.0016005491012593964,0.0016005491012593964,1.1532388758817314,1.1532388758817314,0.0,0.0,1.0,0.0016005491012593964
2024-05-06 00:00:00+00:00,20260201_193430_47aa49ab_StateSignal_XLE,0.0031934333708223406,0.0031934333708223406,1.1569216673925018,1.1569216673925018,0.0,0.0,1.0,0.0031934333708223406
2024-05-07 00:00:00+00:00,20260201_193430_47aa49ab_StateSignal_XLE,0.006356434569022351,0.006356434569022351,1.1642755642727665,1.1642755642727665,0.0,0.0,1.0,0.006356434569022351
2024-05-08 00:00:00+00:00,20260201_193430_47aa49ab_StateSignal_XLE,-0.009549867939844692,-0.009549867939844692,1.1531568863883734,1.1531568863883734,0.0,0.0,1.0,-0.009549867939844692
2024-05-09 00:00:00+00:00,20260201_193430_47aa49ab_StateSignal_XLE,0.00751113124999625,0.00751113124999625,1.1618183991138735,1.1618183991138735,0.0,0.0,1.0,0.00751113124999625
2024-05-10 00:00:00+00:00,20260201_193430_47aa49ab_StateSignal_XLE,0.01351371916672317,0.01351371916672317,1.1775188866822304,1.1775188866822304,0.0,0.0,1.0,0.01351371916672317
2024-05-13 00:00:00+00:00,20260201_193430_47aa49ab_StateSignal_XLE,-0.0038103822859123504,-0.0038103822859123504,1.1730320895750892,1.1730320895750892,0.0,0.0,1.0,-0.0038103822859123504
2024-05-14 00:00:00+00:00,20260201_193430_47aa49ab_StateSignal_XLE,-0.007890921341640045,-0.007890921341640045,1.1637757856250326,1.1637757856250326,0.0,0.0,1.0,-0.007890921341640045
2024-05-15 00:00:00+00:00,20260201_193430_47aa49ab_StateSignal_XLE,0.00022632115067766634,0.00022632115067766634,1.1640391726999662,1.1640391726999662,0.0,0.0,1.0,0.00022632115067766634
2024-05-16 00:00:00+00:00,20260201_193430_47aa49ab_StateSignal_XLE,0.0020345886977874983,0.0020345886977874983,1.1664075136445233,1.1664075136445233,0.0,0.0,1.0,0.0020345886977874983
2024-05-17 00:00:00+00:00,20260201_193430_47aa49ab_StateSignal_XLE,0.0013540963477294277,0.0013540963477294277,1.1679869417987137,1.1679869417987137,0.0,0.0,1.0,0.0013540963477294277
2024-05-20 00:00:00+00:00,20260201_193430_47aa49ab_StateSignal_XLE,0.012550590560043151,0.012550590560043151,1.1826458676847063,1.1826458676847063,0.0,0.0,1.0,0.012550590560043151
2024-05-21 00:00:00+00:00,20260201_193430_47aa49ab_StateSignal_XLE,-0.00872391172044562,-0.00872391172044562,1.172328569538475,1.172328569538475,0.0,0.0,1.0,-0.00872391172044562
2024-05-22 00:00:00+00:00,20260201_193430_47aa49ab_StateSignal_XLE,-0.008574059746307316,-0.008574059746307316,1.1622769543409492,1.1622769543409492,0.0,0.0,1.0,-0.008574059746307316
2024-05-23 00:00:00+00:00,20260201_193430_47aa49ab_StateSignal_XLE,-0.011394836145937504,-0.011394836145937504,1.1490329988900347,1.1490329988900347,0.0,0.0,1.0,-0.011394836145937504
2024-05-24 00:00:00+00:00,20260201_193430_47aa49ab_StateSignal_XLE,-0.004824822685372432,-0.004824822685372432,1.1434891184107485,1.1434891184107485,0.0,0.0,1.0,-0.004824822685372432
2024-05-28 00:00:00+00:00,20260201_193430_47aa49ab_StateSignal_XLE,-0.003229529911919826,-0.003229529911919826,1.139796186098886,1.139796186098886,0.0,0.0,1.0,-0.003229529911919826
2024-05-29 00:00:00+00:00,20260201_193430_47aa49ab_StateSignal_XLE,0.0039202171731753666,0.0039202171731753666,1.1442644346815507,1.1442644346815507,0.0,0.0,1.0,0.0039202171731753666
2024-05-30 00:00:00+00:00,20260201_193430_47aa49ab_StateSignal_XLE,-0.015540148057141767,-0.015540148057141767,1.1264823959500778,1.1264823959500778,0.0,0.0,1.0,-0.015540148057141767
2024-05-31 00:00:00+00:00,20260201_193430_47aa49ab_StateSignal_XLE,0.003733088796375572,0.003733088796375572,1.1306876547617133,1.1306876547617133,0.0,0.0,1.0,0.003733088796375572
2024-06-03 00:00:00+00:00,20260201_193430_47aa49ab_StateSignal_XLE,0.00037821675353513285,0.00037821675353513285,1.1311152997757594,1.1311152997757594,0.0,0.0,0.019522578005996532,0.00037821675353513285
2024-06-04 00:00:00+00:00,20260201_193430_47aa49ab_StateSignal_XLE,-0.0006437095964633943,-0.0006437095964633943,1.1303871900025872,1.1303871900025872,0.0,0.0,0.019522578005996532,-0.0006437095964633943
2024-06-05 00:00:00+00:00,20260201_193430_47aa49ab_StateSignal_XLE,4.143456385079036e-05,4.143456385079036e-05,1.1304340271027875,1.1304340271027875,0.0,0.0,0.019522578005996532,4.143456385079036e-05
2024-06-06 00:00:00+00:00,20260201_193430_47aa49ab_StateSignal_XLE,-8.757634379415336e-05,-8.757634379415336e-05,1.1303350278237934,1.1303350278237934,0.0,0.0,0.019522578005996532,-8.757634379415336e-05
2024-06-07 00:00:00+00:00,20260201_193430_47aa49ab_StateSignal_XLE,9.677209432027598e-05,9.677209432027598e-05,1.1304444127117195,1.1304444127117195,0.0,0.0,0.019522578005996532,9.677209432027598e-05
2024-06-10 00:00:00+00:00,20260201_193430_47aa49ab_StateSignal_XLE,6.883040861031146e-05,6.883040861031146e-05,1.1305222216625577,1.1305222216625577,0.0,0.0,0.019522578005996532,6.883040861031146e-05
2024-06-11 00:00:00+00:00,20260201_193430_47aa49ab_StateSignal_XLE,0.0,0.0,1.1305222216625577,1.1305222216625577,0.0,0.0,0.019522578005996532,0.0
2024-06-12 00:00:00+00:00,20260201_193430_47aa49ab_StateSignal_XLE,0.00020504705014471765,0.00020504705014471765,1.1307540319092326,1.1307540319092326,0.0,0.0,0.019522578005996532,0.00020504705014471765
2024-06-13 00:00:00+00:00,20260201_193430_47aa49ab_StateSignal_XLE,-0.00041227060450353806,-0.00041227060450353806,1.1302878552609525,1.1302878552609525,0.0,0.0,0.019522578005996532,-0.00041227060450353806
2024-06-14 00:00:00+00:00,20260201_193430_47aa49ab_StateSignal_XLE,-0.008573522389994537,-0.008573522389994537,1.1205973070267339,1.1205973070267339,0.0,0.0,1.0,-0.008573522389994537
2024-06-17 00:00:00+00:00,20260201_193430_47aa49ab_StateSignal_XLE,-0.006238024067016568,-0.006238024067016568,1.1136069940560671,1.1136069940560671,0.0,0.0,1.0,-0.006238024067016568
2024-06-18 00:00:00+00:00,20260201_193430_47aa49ab_StateSignal_XLE,0.00910403988121411,0.00910403988121411,1.1237453165419524,1.1237453165419524,0.0,0.0,1.0,0.00910403988121411
2024-06-20 00:00:00+00:00,20260201_193430_47aa49ab_StateSignal_XLE,-0.0009544262237279888,-0.0009544262237279888,1.1226727845430533,1.1226727845430533,0.0,0.0,1.0,-0.0009544262237279888
2024-06-21 00:00:00+00:00,20260201_193430_47aa49ab_StateSignal_XLE,0.0004241199091741413,0.0004241199091741413,1.123148932422466,1.123148932422466,0.0,0.0,0.019522578005996532,0.0004241199091741413
2024-06-24 00:00:00+00:00,20260201_193430_47aa49ab_StateSignal_XLE,-0.005387060691521395,-0.005387060691521395,1.1170984609578887,1.1170984609578887,0.0,0.0,1.0,-0.005387060691521395
2024-06-25 00:00:00+00:00,20260201_193430_47aa49ab_StateSignal_XLE,0.00033636938570023,0.00033636938570023,1.1174742186809676,1.1174742186809676,0.0,0.0,0.019522578005996532,0.00033636938570023
2024-06-26 00:00:00+00:00,20260201_193430_47aa49ab_StateSignal_XLE,0.004835933431416084,0.004835933431416084,1.1228782496138325,1.1228782496138325,0.0,0.0,1.0,0.004835933431416084
2024-06-27 00:00:00+00:00,20260201_193430_47aa49ab_StateSignal_XLE,-7.188989667789585e-05,-7.188989667789585e-05,1.1227975260124858,1.1227975260124858,0.0,0.0,0.019522578005996532,-7.188989667789585e-05
2024-06-28 00:00:00+00:00,20260201_193430_47aa49ab_StateSignal_XLE,0.005289192507714091,0.005289192507714091,1.128736218274751,1.128736218274751,0.0,0.0,1.0,0.005289192507714091
2024-07-01 00:00:00+00:00,20260201_193430_47aa49ab_StateSignal_XLE,2.6847464243932206e-05,2.6847464243932206e-05,1.1287665219800118,1.1287665219800118,0.0,0.0,0.019522578005996532,2.6847464243932206e-05
2024-07-02 00:00:00+00:00,20260201_193430_47aa49ab_StateSignal_XLE,0.0,0.0,1.1287665219800118,1.1287665219800118,0.0,0.0,0.019522578005996532,0.0
2024-07-03 00:00:00+00:00,20260201_193430_47aa49ab_StateSignal_XLE,0.0,0.0,1.1287665219800118,1.1287665219800118,0.0,0.0,0.0,-0.0
2024-07-05 00:00:00+00:00,20260201_193430_47aa49ab_StateSignal_XLE,-0.00046008742472514186,-0.00046008742472514186,1.128247190697798,1.128247190697798,0.0,0.0,1.0,-0.00046008742472514186
2024-07-08 00:00:00+00:00,20260201_193430_47aa49ab_StateSignal_XLE,0.0,0.0,1.128247190697798,1.128247190697798,0.0,0.0,0.0,-0.0
2024-07-09 00:00:00+00:00,20260201_193430_47aa49ab_StateSignal_XLE,0.0,0.0,1.128247190697798,1.128247190697798,0.0,0.0,0.0,-0.0
2024-07-10 00:00:00+00:00,20260201_193430_47aa49ab_StateSignal_XLE,0.0,0.0,1.128247190697798,1.128247190697798,0.0,0.0,0.0,-0.0
2024-07-11 00:00:00+00:00,20260201_193430_47aa49ab_StateSignal_XLE,0.0,0.0,1.128247190697798,1.128247190697798,0.0,0.0,0.0,0.0
2024-07-12 00:00:00+00:00,20260201_193430_47aa49ab_StateSignal_XLE,0.0,0.0,1.128247190697798,1.128247190697798,0.0,0.0,0.0,0.0
2024-07-15 00:00:00+00:00,20260201_193430_47aa49ab_StateSignal_XLE,0.0,0.0,1.128247190697798,1.128247190697798,0.0,0.0,0.0,0.0
2024-07-16 00:00:00+00:00,20260201_193430_47aa49ab_StateSignal_XLE,0.0,0.0,1.128247190697798,1.128247190697798,0.0,0.0,0.0,0.0
2024-07-17 00:00:00+00:00,20260201_193430_47aa49ab_StateSignal_XLE,0.0,0.0,1.128247190697798,1.128247190697798,0.0,0.0,0.0,0.0
2024-07-18 00:00:00+00:00,20260201_193430_47aa49ab_StateSignal_XLE,0.0,0.0,1.128247190697798,1.128247190697798,0.0,0.0,0.0,0.0
2024-07-19 00:00:00+00:00,20260201_193430_47aa49ab_StateSignal_XLE,0.0,0.0,1.128247190697798,1.128247190697798,0.0,0.0,0.0,0.0
2024-07-22 00:00:00+00:00,20260201_193430_47aa49ab_StateSignal_XLE,0.0,0.0,1.128247190697798,1.128247190697798,0.0,0.0,0.0,-0.0
2024-07-23 00:00:00+00:00,20260201_193430_47aa49ab_StateSignal_XLE,0.0,0.0,1.128247190697798,1.128247190697798,0.0,0.0,0.0,-0.0
2024-07-24 00:00:00+00:00,20260201_193430_47aa49ab_StateSignal_XLE,0.0,0.0,1.128247190697798,1.128247190697798,0.0,0.0,0.0,-0.0
2024-07-25 00:00:00+00:00,20260201_193430_47aa49ab_StateSignal_XLE,0.0,0.0,1.128247190697798,1.128247190697798,0.0,0.0,0.0,-0.0
2024-07-26 00:00:00+00:00,20260201_193430_47aa49ab_StateSignal_XLE,0.0,0.0,1.128247190697798,1.128247190697798,0.0,0.0,0.0,0.0
2024-07-29 00:00:00+00:00,20260201_193430_47aa49ab_StateSignal_XLE,0.0,0.0,1.128247190697798,1.128247190697798,0.0,0.0,0.0,0.0
2024-07-30 00:00:00+00:00,20260201_193430_47aa49ab_StateSignal_XLE,0.0,0.0,1.128247190697798,1.128247190697798,0.0,0.0,0.0,-0.0
2024-07-31 00:00:00+00:00,20260201_193430_47aa49ab_StateSignal_XLE,0.0,0.0,1.128247190697798,1.128247190697798,0.0,0.0,0.0,0.0
2024-08-01 00:00:00+00:00,20260201_193430_47aa49ab_StateSignal_XLE,0.0,0.0,1.128247190697798,1.128247190697798,0.0,0.0,0.0,-0.0
2024-08-02 00:00:00+00:00,20260201_193430_47aa49ab_StateSignal_XLE,-0.008540102361907956,-0.008540102361907956,1.1186118441997037,1.1186118441997037,0.0,0.0,0.2565622141704351,-0.008540102361907956
2024-08-05 00:00:00+00:00,20260201_193430_47aa49ab_StateSignal_XLE,-0.010513310055882318,-0.010513310055882318,1.10685153104945,1.10685153104945,0.0,0.0,0.2565622141704351,-0.010513310055882318
2024-08-06 00:00:00+00:00,20260201_193430_47aa49ab_StateSignal_XLE,0.000560928178625627,0.000560928178625627,1.1074723952627705,1.1074723952627705,0.0,0.0,0.2565622141704351,0.000560928178625627
2024-08-07 00:00:00+00:00,20260201_193430_47aa49ab_StateSignal_XLE,0.004566162815703044,0.004566162815703044,1.1125292945334369,1.1125292945334369,0.0,0.0,0.2565622141704351,0.004566162815703044
2024-08-08 00:00:00+00:00,20260201_193430_47aa49ab_StateSignal_XLE,-0.0015335503768363888,-0.0015335503768363888,1.1108231748145636,1.1108231748145636,0.0,0.0,0.2565622141704351,-0.0015335503768363888
2024-08-09 00:00:00+00:00,20260201_193430_47aa49ab_StateSignal_XLE,0.0041500026056671465,0.0041500026056671465,1.1154330938844794,1.1154330938844794,0.0,0.0,0.2565622141704351,0.0041500026056671465
2024-08-12 00:00:00+00:00,20260201_193430_47aa49ab_StateSignal_XLE,0.002410184133118144,0.002410184133118144,1.1181214930289147,1.1181214930289147,0.0,0.0,0.2565622141704351,0.002410184133118144
2024-08-13 00:00:00+00:00,20260201_193430_47aa49ab_StateSignal_XLE,-0.0013830880620215509,-0.0013830880620215509,1.1165750325400168,1.1165750325400168,0.0,0.0,0.2565622141704351,-0.0013830880620215509
2024-08-14 00:00:00+00:00,20260201_193430_47aa49ab_StateSignal_XLE,-0.0012087759187714713,-0.0012087759187714713,1.115225343529181,1.115225343529181,0.0,0.0,0.2565622141704351,-0.0012087759187714713
2024-08-15 00:00:00+00:00,20260201_193430_47aa49ab_StateSignal_XLE,0.0031310492177780095,0.0031310492177780095,1.1187171689686843,1.1187171689686843,0.0,0.0,0.2565622141704351,0.0031310492177780095
2024-08-16 00:00:00+00:00,20260201_193430_47aa49ab_StateSignal_XLE,-0.00029940744927961754,-0.00029940744927961754,1.1183822167146582,1.1183822167146582,0.0,0.0,0.2565622141704351,-0.00029940744927961754
2024-08-19 00:00:00+00:00,20260201_193430_47aa49ab_StateSignal_XLE,0.008372141925124588,0.008372141925124588,1.1277454713595287,1.1277454713595287,0.0,0.0,1.0,0.008372141925124588
2024-08-20 00:00:00+00:00,20260201_193430_47aa49ab_StateSignal_XLE,0.0005934821387333779,0.0005934821387333779,1.1284147681538181,1.1284147681538181,0.0,0.0,0.2565622141704351,0.0005934821387333779
2024-08-21 00:00:00+00:00,20260201_193430_47aa49ab_StateSignal_XLE,-0.004726358427558817,-0.004726358427558817,1.1230814755045724,1.1230814755045724,0.0,0.0,0.2565622141704351,-0.004726358427558817
2024-08-22 00:00:00+00:00,20260201_193430_47aa49ab_StateSignal_XLE,-0.0012711613823824686,-0.0012711613823824686,1.121653857703642,1.121653857703642,0.0,0.0,0.2565622141704351,-0.0012711613823824686
2024-08-23 00:00:00+00:00,20260201_193430_47aa49ab_StateSignal_XLE,0.0021752932266877103,0.0021752932266877103,1.1240937837429927,1.1240937837429927,0.0,0.0,0.2565622141704351,0.0021752932266877103
2024-08-26 00:00:00+00:00,20260201_193430_47aa49ab_StateSignal_XLE,0.0054767099760612515,0.0054767099760612515,1.1302501193824466,1.1302501193824466,0.0,0.0,0.2565622141704351,0.0054767099760612515
2024-08-27 00:00:00+00:00,20260201_193430_47aa49ab_StateSignal_XLE,-0.0012398612318794805,-0.0012398612318794805,1.1288487660770972,1.1288487660770972,0.0,0.0,0.2565622141704351,-0.0012398612318794805
2024-08-28 00:00:00+00:00,20260201_193430_47aa49ab_StateSignal_XLE,-0.003575837872418518,-0.003575837872418518,1.1248121859071258,1.1248121859071258,0.0,0.0,0.2565622141704351,-0.003575837872418518
2024-08-29 00:00:00+00:00,20260201_193430_47aa49ab_StateSignal_XLE,0.0013766348031191635,0.0013766348031191635,1.1263606415092182,1.1263606415092182,0.0,0.0,0.2565622141704351,0.0013766348031191635
2024-08-30 00:00:00+00:00,20260201_193430_47aa49ab_StateSignal_XLE,-0.0005976294669903614,-0.0005976294669903614,1.125687495199394,1.125687495199394,0.0,0.0,0.2565622141704351,-0.0005976294669903614
2024-09-03 00:00:00+00:00,20260201_193430_47aa49ab_StateSignal_XLE,-0.0003604107545427595,-0.0003604107545427595,1.12528178531987,1.12528178531987,0.0,0.0,0.09072798798907954,-0.0003604107545427595
2024-09-04 00:00:00+00:00,20260201_193430_47aa49ab_StateSignal_XLE,-0.0006609282259594912,-0.0006609282259594912,1.124538054825794,1.124538054825794,0.0,0.0,0.09072798798907954,-0.0006609282259594912
2024-09-05 00:00:00+00:00,20260201_193430_47aa49ab_StateSignal_XLE,-0.0006873365296614972,-0.0006873365296614972,1.1237651187417177,1.1237651187417177,0.0,0.0,0.09072798798907954,-0.0006873365296614972
2024-09-06 00:00:00+00:00,20260201_193430_47aa49ab_StateSignal_XLE,-0.001062680109118521,-0.001062680109118521,1.1225709159027097,1.1225709159027097,0.0,0.0,0.09072798798907954,-0.001062680109118521
2024-09-09 00:00:00+00:00,20260201_193430_47aa49ab_StateSignal_XLE,-0.0011415237388249287,-0.0011415237388249287,1.1212894745536923,1.1212894745536923,0.0,0.0,0.09072798798907954,-0.0011415237388249287
2024-09-10 00:00:00+00:00,20260201_193430_47aa49ab_StateSignal_XLE,0.000550602418030495,0.000550602418030495,1.1219068592496937,1.1219068592496937,0.0,0.0,0.09072798798907954,0.000550602418030495
2024-09-11 00:00:00+00:00,20260201_193430_47aa49ab_StateSignal_XLE,-0.0019531240884351757,-0.0019531240884351757,1.1197156359379126,1.1197156359379126,0.0,0.0,0.09072798798907954,-0.0019531240884351757
2024-09-12 00:00:00+00:00,20260201_193430_47aa49ab_StateSignal_XLE,-0.0004272735054581732,-0.0004272735054581732,1.119237211113029,1.119237211113029,0.0,0.0,0.09072798798907954,-0.0004272735054581732
2024-09-13 00:00:00+00:00,20260201_193430_47aa49ab_StateSignal_XLE,0.0008971938426483824,0.0008971938426483824,1.1202413838473027,1.1202413838473027,0.0,0.0,0.09072798798907954,0.0008971938426483824
2024-09-16 00:00:00+00:00,20260201_193430_47aa49ab_StateSignal_XLE,0.0011091579211408298,0.0011091579211408298,1.1214839084517867,1.1214839084517867,0.0,0.0,0.09072798798907954,0.0011091579211408298
2024-09-17 00:00:00+00:00,20260201_193430_47aa49ab_StateSignal_XLE,6.612024195647132e-05,6.612024195647132e-05,1.1215580612391638,1.1215580612391638,0.0,0.0,0.09072798798907954,6.612024195647132e-05
2024-09-18 00:00:00+00:00,20260201_193430_47aa49ab_StateSignal_XLE,0.001138493552747317,0.001138493552747317,1.1228349478609165,1.1228349478609165,0.0,0.0,0.09072798798907954,0.001138493552747317
2024-09-19 00:00:00+00:00,20260201_193430_47aa49ab_StateSignal_XLE,0.0017240991585699323,0.0017240991585699323,1.1247708266497363,1.1247708266497363,0.0,0.0,0.09072798798907954,0.0017240991585699323
2024-09-20 00:00:00+00:00,20260201_193430_47aa49ab_StateSignal_XLE,-0.0007072254077951858,-0.0007072254077951858,1.1239753601431828,1.1239753601431828,0.0,0.0,0.09072798798907954,-0.0007072254077951858
2024-09-23 00:00:00+00:00,20260201_193430_47aa49ab_StateSignal_XLE,0.00021489348745741204,0.00021489348745741204,1.1242168951281402,1.1242168951281402,0.0,0.0,0.09072798798907954,0.00021489348745741204
2024-09-24 00:00:00+00:00,20260201_193430_47aa49ab_StateSignal_XLE,0.0019745023761594963,0.0019745023761594963,1.1264366640588892,1.1264366640588892,0.0,0.0,0.09072798798907954,0.0019745023761594963
2024-09-25 00:00:00+00:00,20260201_193430_47aa49ab_StateSignal_XLE,-0.0014181497630636401,-0.0014181497630636401,1.124839208170648,1.124839208170648,0.0,0.0,0.09072798798907954,-0.0014181497630636401
2024-09-26 00:00:00+00:00,20260201_193430_47aa49ab_StateSignal_XLE,-0.0034126179106835322,-0.0034126179106835322,1.1210005617422059,1.1210005617422059,0.0,0.0,0.09072798798907954,-0.0034126179106835322
2024-09-27 00:00:00+00:00,20260201_193430_47aa49ab_StateSignal_XLE,0.0006181006056370053,0.0006181006056370053,1.121693452868338,1.121693452868338,0.0,0.0,0.09072798798907954,0.0006181006056370053
2024-09-30 00:00:00+00:00,20260201_193430_47aa49ab_StateSignal_XLE,0.001136847494867753,0.001136847494867753,1.1229686472602407,1.1229686472602407,0.0,0.0,0.09072798798907954,0.001136847494867753
2024-10-01 00:00:00+00:00,20260201_193430_47aa49ab_StateSignal_XLE,0.00013026274741493988,0.00013026274741493988,1.1231149282414936,1.1231149282414936,0.0,0.0,0.09072798798907954,0.00013026274741493988
2024-10-02 00:00:00+00:00,20260201_193430_47aa49ab_StateSignal_XLE,0.0,0.0,1.1231149282414936,1.1231149282414936,0.0,0.0,0.0,0.0
2024-10-03 00:00:00+00:00,20260201_193430_47aa49ab_StateSignal_XLE,0.0,0.0,1.1231149282414936,1.1231149282414936,0.0,0.0,0.0,0.0
2024-10-04 00:00:00+00:00,20260201_193430_47aa49ab_StateSignal_XLE,0.0,0.0,1.1231149282414936,1.1231149282414936,0.0,0.0,0.0,0.0
2024-10-07 00:00:00+00:00,20260201_193430_47aa49ab_StateSignal_XLE,0.0,0.0,1.1231149282414936,1.1231149282414936,0.0,0.0,0.0,0.0
2024-10-08 00:00:00+00:00,20260201_193430_47aa49ab_StateSignal_XLE,0.0,0.0,1.1231149282414936,1.1231149282414936,0.0,0.0,0.0,-0.0
2024-10-09 00:00:00+00:00,20260201_193430_47aa49ab_StateSignal_XLE,0.0,0.0,1.1231149282414936,1.1231149282414936,0.0,0.0,0.0,-0.0
2024-10-10 00:00:00+00:00,20260201_193430_47aa49ab_StateSignal_XLE,0.0,0.0,1.1231149282414936,1.1231149282414936,0.0,0.0,0.0,0.0
2024-10-11 00:00:00+00:00,20260201_193430_47aa49ab_StateSignal_XLE,0.0,0.0,1.1231149282414936,1.1231149282414936,0.0,0.0,0.0,0.0
2024-10-14 00:00:00+00:00,20260201_193430_47aa49ab_StateSignal_XLE,0.000677736386497596,0.000677736386497596,1.1238761040945815,1.1238761040945815,0.0,0.0,1.0,0.000677736386497596
2024-10-15 00:00:00+00:00,20260201_193430_47aa49ab_StateSignal_XLE,0.0,0.0,1.1238761040945815,1.1238761040945815,0.0,0.0,0.0,0.0
2024-10-16 00:00:00+00:00,20260201_193430_47aa49ab_StateSignal_XLE,0.0,0.0,1.1238761040945815,1.1238761040945815,0.0,0.0,0.0,-0.0
2024-10-17 00:00:00+00:00,20260201_193430_47aa49ab_StateSignal_XLE,0.0,0.0,1.1238761040945815,1.1238761040945815,0.0,0.0,0.0,0.0
2024-10-18 00:00:00+00:00,20260201_193430_47aa49ab_StateSignal_XLE,0.0,0.0,1.1238761040945815,1.1238761040945815,0.0,0.0,0.0,0.0
2024-10-21 00:00:00+00:00,20260201_193430_47aa49ab_StateSignal_XLE,0.0,0.0,1.1238761040945815,1.1238761040945815,0.0,0.0,0.0,-0.0
2024-10-22 00:00:00+00:00,20260201_193430_47aa49ab_StateSignal_XLE,0.0,0.0,1.1238761040945815,1.1238761040945815,0.0,0.0,0.0,0.0
2024-10-23 00:00:00+00:00,20260201_193430_47aa49ab_StateSignal_XLE,-0.0053062761487430166,-0.0053062761487430166,1.1179125071292821,1.1179125071292821,0.0,0.0,1.0,-0.0053062761487430166
2024-10-24 00:00:00+00:00,20260201_193430_47aa49ab_StateSignal_XLE,0.0,0.0,1.1179125071292821,1.1179125071292821,0.0,0.0,0.0,-0.0
2024-10-25 00:00:00+00:00,20260201_193430_47aa49ab_StateSignal_XLE,0.0,0.0,1.1179125071292821,1.1179125071292821,0.0,0.0,0.0,0.0
2024-10-28 00:00:00+00:00,20260201_193430_47aa49ab_StateSignal_XLE,0.0,0.0,1.1179125071292821,1.1179125071292821,0.0,0.0,0.0,-0.0
2024-10-29 00:00:00+00:00,20260201_193430_47aa49ab_StateSignal_XLE,0.0,0.0,1.1179125071292821,1.1179125071292821,0.0,0.0,0.0,0.0
2024-10-30 00:00:00+00:00,20260201_193430_47aa49ab_StateSignal_XLE,0.0,0.0,1.1179125071292821,1.1179125071292821,0.0,0.0,0.0,-0.0
2024-10-31 00:00:00+00:00,20260201_193430_47aa49ab_StateSignal_XLE,6.221718455070927e-05,6.221718455070927e-05,1.11798206049805,1.11798206049805,0.0,0.0,0.012563401518355216,6.221718455070927e-05
2024-11-01 00:00:00+00:00,20260201_193430_47aa49ab_StateSignal_XLE,0.00015858641658513176,0.00015858641658513176,1.118159357266831,1.118159357266831,0.0,0.0,0.012563401518355216,0.00015858641658513176
2024-11-04 00:00:00+00:00,20260201_193430_47aa49ab_StateSignal_XLE,-0.00013791563730022557,-0.00013791563730022557,1.1180051456064701,1.1180051456064701,0.0,0.0,0.012563401518355216,-0.00013791563730022557
2024-11-05 00:00:00+00:00,20260201_193430_47aa49ab_StateSignal_XLE,0.00017579673285298236,0.00017579673285298236,1.1182016872583806,1.1182016872583806,0.0,0.0,0.012563401518355216,0.00017579673285298236
2024-11-06 00:00:00+00:00,20260201_193430_47aa49ab_StateSignal_XLE,0.0003924144396102036,0.0003924144396102036,1.1186404857468573,1.1186404857468573,0.0,0.0,0.012563401518355216,0.0003924144396102036
2024-11-07 00:00:00+00:00,20260201_193430_47aa49ab_StateSignal_XLE,8.711933960550492e-05,8.711933960550492e-05,1.1187379409672316,1.1187379409672316,0.0,0.0,0.012563401518355216,8.711933960550492e-05
2024-11-08 00:00:00+00:00,20260201_193430_47aa49ab_StateSignal_XLE,-0.003125700245218521,-0.003125700245218521,1.115241101510815,1.115241101510815,0.0,0.0,1.0,-0.003125700245218521
2024-11-11 00:00:00+00:00,20260201_193430_47aa49ab_StateSignal_XLE,7.841649232305819e-05,7.841649232305819e-05,1.11532855480609,1.11532855480609,0.0,0.0,0.012563401518355216,7.841649232305819e-05
2024-11-12 00:00:00+00:00,20260201_193430_47aa49ab_StateSignal_XLE,0.00010287671874023101,0.00010287671874023101,1.115443296148126,1.115443296148126,0.0,0.0,0.012563401518355216,0.00010287671874023101
2024-11-13 00:00:00+00:00,20260201_193430_47aa49ab_StateSignal_XLE,-0.006856158671773915,-0.006856158671773915,1.107795639920368,1.107795639920368,0.0,0.0,1.0,-0.006856158671773915
2024-11-14 00:00:00+00:00,20260201_193430_47aa49ab_StateSignal_XLE,0.00016068075429669632,0.00016068075429669632,1.1079736413593968,1.1079736413593968,0.0,0.0,0.012563401518355216,0.00016068075429669632
2024-11-15 00:00:00+00:00,20260201_193430_47aa49ab_StateSignal_XLE,-0.004391750580978737,-0.004391750580978737,1.1031076974762475,1.1031076974762475,0.0,0.0,1.0,-0.004391750580978737
2024-11-18 00:00:00+00:00,20260201_193430_47aa49ab_StateSignal_XLE,0.00010462678432601445,0.00010462678432601445,1.1032231120873999,1.1032231120873999,0.0,0.0,0.012563401518355216,0.00010462678432601445
2024-11-19 00:00:00+00:00,20260201_193430_47aa49ab_StateSignal_XLE,-0.003279049828441849,-0.003279049828441849,1.0996055885309766,1.0996055885309766,0.0,0.0,1.0,-0.003279049828441849
2024-11-20 00:00:00+00:00,20260201_193430_47aa49ab_StateSignal_XLE,0.00545912481440336,0.00545912481440336,1.1056084726853825,1.1056084726853825,0.0,0.0,1.0,0.00545912481440336
2024-11-21 00:00:00+00:00,20260201_193430_47aa49ab_StateSignal_XLE,0.0001387633981980981,0.0001387633981980981,1.105761890674129,1.105761890674129,0.0,0.0,0.012563401518355216,0.0001387633981980981
2024-11-22 00:00:00+00:00,20260201_193430_47aa49ab_StateSignal_XLE,4.321965653299312e-05,4.321965653299312e-05,1.1058096813232512,1.1058096813232512,0.0,0.0,0.012563401518355216,4.321965653299312e-05
2024-11-25 00:00:00+00:00,20260201_193430_47aa49ab_StateSignal_XLE,2.424587729365202e-05,2.424587729365202e-05,1.1058364926490947,1.1058364926490947,0.0,0.0,0.012563401518355216,2.424587729365202e-05
2024-11-26 00:00:00+00:00,20260201_193430_47aa49ab_StateSignal_XLE,-0.00023361808941350034,-0.00023361808941350034,1.1055781492404784,1.1055781492404784,0.0,0.0,0.012563401518355216,-0.00023361808941350034
2024-11-27 00:00:00+00:00,20260201_193430_47aa49ab_StateSignal_XLE,-2.7448998287069527e-05,-2.7448998287069527e-05,1.1055478022277536,1.1055478022277536,0.0,0.0,0.012563401518355216,-2.7448998287069527e-05
2024-11-29 00:00:00+00:00,20260201_193430_47aa49ab_StateSignal_XLE,-0.0006563833514294792,-0.0006563833514294792,1.104822139056162,1.104822139056162,0.0,0.0,1.0,-0.0006563833514294792
2024-12-02 00:00:00+00:00,20260201_193430_47aa49ab_StateSignal_XLE,0.0028412214501694066,0.0028412214501694066,1.1079611834162704,1.1079611834162704,0.0,0.0,1.0,0.0028412214501694066
2024-12-03 00:00:00+00:00,20260201_193430_47aa49ab_StateSignal_XLE,0.0,0.0,1.1079611834162704,1.1079611834162704,0.0,0.0,0.0,-0.0
2024-12-04 00:00:00+00:00,20260201_193430_47aa49ab_StateSignal_XLE,0.0,0.0,1.1079611834162704,1.1079611834162704,0.0,0.0,0.0,-0.0
2024-12-05 00:00:00+00:00,20260201_193430_47aa49ab_StateSignal_XLE,0.0,0.0,1.1079611834162704,1.1079611834162704,0.0,0.0,0.0,-0.0
2024-12-06 00:00:00+00:00,20260201_193430_47aa49ab_StateSignal_XLE,0.0,0.0,1.1079611834162704,1.1079611834162704,0.0,0.0,0.0,-0.0
2024-12-09 00:00:00+00:00,20260201_193430_47aa49ab_StateSignal_XLE,0.0,0.0,1.1079611834162704,1.1079611834162704,0.0,0.0,0.0,-0.0
2024-12-10 00:00:00+00:00,20260201_193430_47aa49ab_StateSignal_XLE,0.0,0.0,1.1079611834162704,1.1079611834162704,0.0,0.0,0.0,-0.0
2024-12-11 00:00:00+00:00,20260201_193430_47aa49ab_StateSignal_XLE,0.0,0.0,1.1079611834162704,1.1079611834162704,0.0,0.0,0.0,-0.0
2024-12-12 00:00:00+00:00,20260201_193430_47aa49ab_StateSignal_XLE,0.0,0.0,1.1079611834162704,1.1079611834162704,0.0,0.0,0.0,-0.0
2024-12-13 00:00:00+00:00,20260201_193430_47aa49ab_StateSignal_XLE,0.0,0.0,1.1079611834162704,1.1079611834162704,0.0,0.0,0.0,-0.0
2024-12-16 00:00:00+00:00,20260201_193430_47aa49ab_StateSignal_XLE,0.0,0.0,1.1079611834162704,1.1079611834162704,0.0,0.0,0.0,-0.0
2024-12-17 00:00:00+00:00,20260201_193430_47aa49ab_StateSignal_XLE,0.0,0.0,1.1079611834162704,1.1079611834162704,0.0,0.0,0.0,-0.0
2024-12-18 00:00:00+00:00,20260201_193430_47aa49ab_StateSignal_XLE,0.0,0.0,1.1079611834162704,1.1079611834162704,0.0,0.0,0.0,-0.0
2024-12-19 00:00:00+00:00,20260201_193430_47aa49ab_StateSignal_XLE,0.0,0.0,1.1079611834162704,1.1079611834162704,0.0,0.0,0.0,-0.0
2024-12-20 00:00:00+00:00,20260201_193430_47aa49ab_StateSignal_XLE,0.0,0.0,1.1079611834162704,1.1079611834162704,0.0,0.0,0.0,-0.0
2024-12-23 00:00:00+00:00,20260201_193430_47aa49ab_StateSignal_XLE,0.0,0.0,1.1079611834162704,1.1079611834162704,0.0,0.0,0.0,0.0
2024-12-24 00:00:00+00:00,20260201_193430_47aa49ab_StateSignal_XLE,0.010122293562250473,0.010122293562250473,1.1191762917703882,1.1191762917703882,0.0,0.0,1.0,0.010122293562250473
2024-12-26 00:00:00+00:00,20260201_193430_47aa49ab_StateSignal_XLE,0.0,0.0,1.1191762917703882,1.1191762917703882,0.0,0.0,0.0,0.0
2024-12-27 00:00:00+00:00,20260201_193430_47aa49ab_StateSignal_XLE,0.0,0.0,1.1191762917703882,1.1191762917703882,0.0,0.0,0.0,-0.0
2024-12-30 00:00:00+00:00,20260201_193430_47aa49ab_StateSignal_XLE,0.0,0.0,1.1191762917703882,1.1191762917703882,0.0,0.0,0.0,0.0
2024-12-31 00:00:00+00:00,20260201_193430_47aa49ab_StateSignal_XLE,0.0,0.0,1.1191762917703882,1.1191762917703882,0.0,0.0,0.0,0.0
2025-01-02 00:00:00+00:00,20260201_193430_47aa49ab_StateSignal_XLE,0.0,0.0,1.1191762917703882,1.1191762917703882,0.0,0.0,0.0,0.0
2025-01-03 00:00:00+00:00,20260201_193430_47aa49ab_StateSignal_XLE,0.0,0.0,1.1191762917703882,1.1191762917703882,0.0,0.0,0.0,0.0
2025-01-06 00:00:00+00:00,20260201_193430_47aa49ab_StateSignal_XLE,0.0,0.0,1.1191762917703882,1.1191762917703882,0.0,0.0,0.0,0.0
2025-01-07 00:00:00+00:00,20260201_193430_47aa49ab_StateSignal_XLE,0.0,0.0,1.1191762917703882,1.1191762917703882,0.0,0.0,0.0,-0.0
2025-01-08 00:00:00+00:00,20260201_193430_47aa49ab_StateSignal_XLE,0.0,0.0,1.1191762917703882,1.1191762917703882,0.0,0.0,0.0,-0.0
2025-01-10 00:00:00+00:00,20260201_193430_47aa49ab_StateSignal_XLE,0.0,0.0,1.1191762917703882,1.1191762917703882,0.0,0.0,0.0,0.0
2025-01-13 00:00:00+00:00,20260201_193430_47aa49ab_StateSignal_XLE,0.0,0.0,1.1191762917703882,1.1191762917703882,0.0,0.0,0.0,-0.0
2025-01-14 00:00:00+00:00,20260201_193430_47aa49ab_StateSignal_XLE,0.0,0.0,1.1191762917703882,1.1191762917703882,0.0,0.0,0.0,0.0
2025-01-15 00:00:00+00:00,20260201_193430_47aa49ab_StateSignal_XLE,0.0,0.0,1.1191762917703882,1.1191762917703882,0.0,0.0,0.0,0.0
2025-01-16 00:00:00+00:00,20260201_193430_47aa49ab_StateSignal_XLE,0.0,0.0,1.1191762917703882,1.1191762917703882,0.0,0.0,0.0,0.0
2025-01-17 00:00:00+00:00,20260201_193430_47aa49ab_StateSignal_XLE,0.0,0.0,1.1191762917703882,1.1191762917703882,0.0,0.0,0.0,0.0
2025-01-21 00:00:00+00:00,20260201_193430_47aa49ab_StateSignal_XLE,0.005976774847611832,0.005976774847611832,1.125865356481085,1.125865356481085,0.0,0.0,1.0,0.005976774847611832
2025-01-22 00:00:00+00:00,20260201_193430_47aa49ab_StateSignal_XLE,0.0,0.0,1.125865356481085,1.125865356481085,0.0,0.0,0.0,-0.0
2025-01-23 00:00:00+00:00,20260201_193430_47aa49ab_StateSignal_XLE,0.0,0.0,1.125865356481085,1.125865356481085,0.0,0.0,0.0,-0.0
2025-01-24 00:00:00+00:00,20260201_193430_47aa49ab_StateSignal_XLE,0.0,0.0,1.125865356481085,1.125865356481085,0.0,0.0,0.0,-0.0
2025-01-27 00:00:00+00:00,20260201_193430_47aa49ab_StateSignal_XLE,0.0,0.0,1.125865356481085,1.125865356481085,0.0,0.0,0.0,-0.0
2025-01-28 00:00:00+00:00,20260201_193430_47aa49ab_StateSignal_XLE,0.0,0.0,1.125865356481085,1.125865356481085,0.0,0.0,0.0,-0.0
2025-01-29 00:00:00+00:00,20260201_193430_47aa49ab_StateSignal_XLE,0.0,0.0,1.125865356481085,1.125865356481085,0.0,0.0,0.0,-0.0
2025-01-30 00:00:00+00:00,20260201_193430_47aa49ab_StateSignal_XLE,0.0,0.0,1.125865356481085,1.125865356481085,0.0,0.0,0.0,0.0
2025-01-31 00:00:00+00:00,20260201_193430_47aa49ab_StateSignal_XLE,0.0,0.0,1.125865356481085,1.125865356481085,0.0,0.0,0.0,-0.0
2025-02-03 00:00:00+00:00,20260201_193430_47aa49ab_StateSignal_XLE,0.0,0.0,1.125865356481085,1.125865356481085,0.0,0.0,0.0,-0.0
2025-02-04 00:00:00+00:00,20260201_193430_47aa49ab_StateSignal_XLE,0.0,0.0,1.125865356481085,1.125865356481085,0.0,0.0,0.0,0.0
2025-02-05 00:00:00+00:00,20260201_193430_47aa49ab_StateSignal_XLE,0.0,0.0,1.125865356481085,1.125865356481085,0.0,0.0,0.0,0.0
2025-02-06 00:00:00+00:00,20260201_193430_47aa49ab_StateSignal_XLE,0.008460093902763699,0.008460093902763699,1.1353902831187834,1.1353902831187834,0.0,0.0,1.0,0.008460093902763699
2025-02-07 00:00:00+00:00,20260201_193430_47aa49ab_StateSignal_XLE,0.0,0.0,1.1353902831187834,1.1353902831187834,0.0,0.0,0.0,-0.0
2025-02-10 00:00:00+00:00,20260201_193430_47aa49ab_StateSignal_XLE,0.0,0.0,1.1353902831187834,1.1353902831187834,0.0,0.0,0.0,0.0
2025-02-11 00:00:00+00:00,20260201_193430_47aa49ab_StateSignal_XLE,0.01651034981483024,0.01651034981483024,1.1541359738694337,1.1541359738694337,0.0,0.0,1.0,0.01651034981483024
2025-02-12 00:00:00+00:00,20260201_193430_47aa49ab_StateSignal_XLE,0.0,0.0,1.1541359738694337,1.1541359738694337,0.0,0.0,0.0,-0.0
2025-02-13 00:00:00+00:00,20260201_193430_47aa49ab_StateSignal_XLE,0.0,0.0,1.1541359738694337,1.1541359738694337,0.0,0.0,0.0,-0.0
2025-02-14 00:00:00+00:00,20260201_193430_47aa49ab_StateSignal_XLE,0.0,0.0,1.1541359738694337,1.1541359738694337,0.0,0.0,0.0,0.0
2025-02-18 00:00:00+00:00,20260201_193430_47aa49ab_StateSignal_XLE,0.0,0.0,1.1541359738694337,1.1541359738694337,0.0,0.0,0.0,0.0
2025-02-19 00:00:00+00:00,20260201_193430_47aa49ab_StateSignal_XLE,0.0,0.0,1.1541359738694337,1.1541359738694337,0.0,0.0,0.0,0.0
2025-02-20 00:00:00+00:00,20260201_193430_47aa49ab_StateSignal_XLE,0.0,0.0,1.1541359738694337,1.1541359738694337,0.0,0.0,0.0,-0.0
2025-02-21 00:00:00+00:00,20260201_193430_47aa49ab_StateSignal_XLE,0.0,0.0,1.1541359738694337,1.1541359738694337,0.0,0.0,0.0,0.0
2025-02-24 00:00:00+00:00,20260201_193430_47aa49ab_StateSignal_XLE,0.0,0.0,1.1541359738694337,1.1541359738694337,0.0,0.0,0.0,-0.0
2025-02-25 00:00:00+00:00,20260201_193430_47aa49ab_StateSignal_XLE,0.0,0.0,1.1541359738694337,1.1541359738694337,0.0,0.0,0.0,-0.0
2025-02-26 00:00:00+00:00,20260201_193430_47aa49ab_StateSignal_XLE,0.0,0.0,1.1541359738694337,1.1541359738694337,0.0,0.0,0.0,-0.0
2025-02-27 00:00:00+00:00,20260201_193430_47aa49ab_StateSignal_XLE,0.0,0.0,1.1541359738694337,1.1541359738694337,0.0,0.0,0.0,0.0
2025-02-28 00:00:00+00:00,20260201_193430_47aa49ab_StateSignal_XLE,0.0,0.0,1.1541359738694337,1.1541359738694337,0.0,0.0,0.0,-0.0
2025-03-03 00:00:00+00:00,20260201_193430_47aa49ab_StateSignal_XLE,0.0,0.0,1.1541359738694337,1.1541359738694337,0.0,0.0,0.0,0.0
2025-03-04 00:00:00+00:00,20260201_193430_47aa49ab_StateSignal_XLE,0.0,0.0,1.1541359738694337,1.1541359738694337,0.0,0.0,0.0,-0.0
2025-03-05 00:00:00+00:00,20260201_193430_47aa49ab_StateSignal_XLE,0.0,0.0,1.1541359738694337,1.1541359738694337,0.0,0.0,0.0,-0.0
2025-03-06 00:00:00+00:00,20260201_193430_47aa49ab_StateSignal_XLE,0.0,0.0,1.1541359738694337,1.1541359738694337,0.0,0.0,0.0,-0.0
2025-03-07 00:00:00+00:00,20260201_193430_47aa49ab_StateSignal_XLE,0.0,0.0,1.1541359738694337,1.1541359738694337,0.0,0.0,0.0,0.0
2025-03-11 00:00:00+00:00,20260201_193430_47aa49ab_StateSignal_XLE,0.0,0.0,1.1541359738694337,1.1541359738694337,0.0,0.0,0.0,0.0
2025-03-12 00:00:00+00:00,20260201_193430_47aa49ab_StateSignal_XLE,0.0,0.0,1.1541359738694337,1.1541359738694337,0.0,0.0,0.0,-0.0
2025-03-13 00:00:00+00:00,20260201_193430_47aa49ab_StateSignal_XLE,0.0,0.0,1.1541359738694337,1.1541359738694337,0.0,0.0,0.0,0.0
2025-03-14 00:00:00+00:00,20260201_193430_47aa49ab_StateSignal_XLE,0.0,0.0,1.1541359738694337,1.1541359738694337,0.0,0.0,0.0,0.0
2025-03-17 00:00:00+00:00,20260201_193430_47aa49ab_StateSignal_XLE,0.0,0.0,1.1541359738694337,1.1541359738694337,0.0,0.0,0.0,0.0
2025-03-18 00:00:00+00:00,20260201_193430_47aa49ab_StateSignal_XLE,0.0,0.0,1.1541359738694337,1.1541359738694337,0.0,0.0,0.0,0.0
2025-03-19 00:00:00+00:00,20260201_193430_47aa49ab_StateSignal_XLE,0.0,0.0,1.1541359738694337,1.1541359738694337,0.0,0.0,0.0,-0.0
2025-03-20 00:00:00+00:00,20260201_193430_47aa49ab_StateSignal_XLE,0.0,0.0,1.1541359738694337,1.1541359738694337,0.0,0.0,0.0,0.0
2025-03-21 00:00:00+00:00,20260201_193430_47aa49ab_StateSignal_XLE,0.0,0.0,1.1541359738694337,1.1541359738694337,0.0,0.0,0.0,0.0
2025-03-24 00:00:00+00:00,20260201_193430_47aa49ab_StateSignal_XLE,0.0,0.0,1.1541359738694337,1.1541359738694337,0.0,0.0,0.0,0.0
2025-03-25 00:00:00+00:00,20260201_193430_47aa49ab_StateSignal_XLE,0.0,0.0,1.1541359738694337,1.1541359738694337,0.0,0.0,0.0,0.0
2025-03-26 00:00:00+00:00,20260201_193430_47aa49ab_StateSignal_XLE,0.010281179919360728,0.010281179919360728,1.166001853468192,1.166001853468192,0.0,0.0,1.0,0.010281179919360728
2025-03-27 00:00:00+00:00,20260201_193430_47aa49ab_StateSignal_XLE,0.0,0.0,1.166001853468192,1.166001853468192,0.0,0.0,0.0,-0.0
2025-03-28 00:00:00+00:00,20260201_193430_47aa49ab_StateSignal_XLE,0.0,0.0,1.166001853468192,1.166001853468192,0.0,0.0,0.0,-0.0
2025-03-31 00:00:00+00:00,20260201_193430_47aa49ab_StateSignal_XLE,0.0,0.0,1.166001853468192,1.166001853468192,0.0,0.0,0.0,-0.0
2025-04-01 00:00:00+00:00,20260201_193430_47aa49ab_StateSignal_XLE,0.0,0.0,1.166001853468192,1.166001853468192,0.0,0.0,0.0,0.0
2025-04-02 00:00:00+00:00,20260201_193430_47aa49ab_StateSignal_XLE,0.0,0.0,1.166001853468192,1.166001853468192,0.0,0.0,0.0,-0.0
2025-04-03 00:00:00+00:00,20260201_193430_47aa49ab_StateSignal_XLE,0.0,0.0,1.166001853468192,1.166001853468192,0.0,0.0,0.0,-0.0
2025-04-04 00:00:00+00:00,20260201_193430_47aa49ab_StateSignal_XLE,0.0,0.0,1.166001853468192,1.166001853468192,0.0,0.0,0.0,-0.0
2025-04-07 00:00:00+00:00,20260201_193430_47aa49ab_StateSignal_XLE,0.0,0.0,1.166001853468192,1.166001853468192,0.0,0.0,0.0,-0.0
2025-04-08 00:00:00+00:00,20260201_193430_47aa49ab_StateSignal_XLE,0.0,0.0,1.166001853468192,1.166001853468192,0.0,0.0,0.0,0.0
2025-04-09 00:00:00+00:00,20260201_193430_47aa49ab_StateSignal_XLE,0.0,0.0,1.166001853468192,1.166001853468192,0.0,0.0,0.0,-0.0
2025-04-10 00:00:00+00:00,20260201_193430_47aa49ab_StateSignal_XLE,0.0,0.0,1.166001853468192,1.166001853468192,0.0,0.0,0.0,0.0
2025-04-11 00:00:00+00:00,20260201_193430_47aa49ab_StateSignal_XLE,0.0,0.0,1.166001853468192,1.166001853468192,0.0,0.0,0.0,-0.0
2025-04-14 00:00:00+00:00,20260201_193430_47aa49ab_StateSignal_XLE,0.0,0.0,1.166001853468192,1.166001853468192,0.0,0.0,0.0,0.0
2025-04-15 00:00:00+00:00,20260201_193430_47aa49ab_StateSignal_XLE,0.0,0.0,1.166001853468192,1.166001853468192,0.0,0.0,0.0,-0.0
2025-04-16 00:00:00+00:00,20260201_193430_47aa49ab_StateSignal_XLE,0.0,0.0,1.166001853468192,1.166001853468192,0.0,0.0,0.0,0.0
2025-04-17 00:00:00+00:00,20260201_193430_47aa49ab_StateSignal_XLE,0.0,0.0,1.166001853468192,1.166001853468192,0.0,0.0,0.0,0.0
2025-04-21 00:00:00+00:00,20260201_193430_47aa49ab_StateSignal_XLE,0.0,0.0,1.166001853468192,1.166001853468192,0.0,0.0,0.0,0.0
2025-04-22 00:00:00+00:00,20260201_193430_47aa49ab_StateSignal_XLE,0.0,0.0,1.166001853468192,1.166001853468192,0.0,0.0,0.0,-0.0
2025-04-23 00:00:00+00:00,20260201_193430_47aa49ab_StateSignal_XLE,0.0,0.0,1.166001853468192,1.166001853468192,0.0,0.0,0.0,0.0
2025-04-24 00:00:00+00:00,20260201_193430_47aa49ab_StateSignal_XLE,0.0,0.0,1.166001853468192,1.166001853468192,0.0,0.0,0.0,-0.0
2025-04-25 00:00:00+00:00,20260201_193430_47aa49ab_StateSignal_XLE,0.0,0.0,1.166001853468192,1.166001853468192,0.0,0.0,0.0,0.0
2025-04-28 00:00:00+00:00,20260201_193430_47aa49ab_StateSignal_XLE,0.0,0.0,1.166001853468192,1.166001853468192,0.0,0.0,0.0,0.0
2025-04-29 00:00:00+00:00,20260201_193430_47aa49ab_StateSignal_XLE,0.0,0.0,1.166001853468192,1.166001853468192,0.0,0.0,0.0,-0.0
2025-04-30 00:00:00+00:00,20260201_193430_47aa49ab_StateSignal_XLE,0.0,0.0,1.166001853468192,1.166001853468192,0.0,0.0,0.0,-0.0
2025-05-01 00:00:00+00:00,20260201_193430_47aa49ab_StateSignal_XLE,0.0,0.0,1.166001853468192,1.166001853468192,0.0,0.0,0.0,-0.0
2025-05-02 00:00:00+00:00,20260201_193430_47aa49ab_StateSignal_XLE,0.0,0.0,1.166001853468192,1.166001853468192,0.0,0.0,0.0,0.0
2025-05-05 00:00:00+00:00,20260201_193430_47aa49ab_StateSignal_XLE,0.0,0.0,1.166001853468192,1.166001853468192,0.0,0.0,0.0,-0.0
2025-05-06 00:00:00+00:00,20260201_193430_47aa49ab_StateSignal_XLE,0.0,0.0,1.166001853468192,1.166001853468192,0.0,0.0,0.0,-0.0
2025-05-07 00:00:00+00:00,20260201_193430_47aa49ab_StateSignal_XLE,0.0,0.0,1.166001853468192,1.166001853468192,0.0,0.0,0.0,-0.0
2025-05-08 00:00:00+00:00,20260201_193430_47aa49ab_StateSignal_XLE,0.0,0.0,1.166001853468192,1.166001853468192,0.0,0.0,0.0,0.0
2025-05-09 00:00:00+00:00,20260201_193430_47aa49ab_StateSignal_XLE,0.0,0.0,1.166001853468192,1.166001853468192,0.0,0.0,0.0,0.0
2025-05-12 00:00:00+00:00,20260201_193430_47aa49ab_StateSignal_XLE,0.0,0.0,1.166001853468192,1.166001853468192,0.0,0.0,0.0,0.0
2025-05-13 00:00:00+00:00,20260201_193430_47aa49ab_StateSignal_XLE,0.0,0.0,1.166001853468192,1.166001853468192,0.0,0.0,0.0,-0.0
2025-05-14 00:00:00+00:00,20260201_193430_47aa49ab_StateSignal_XLE,0.0,0.0,1.166001853468192,1.166001853468192,0.0,0.0,0.0,0.0
2025-05-15 00:00:00+00:00,20260201_193430_47aa49ab_StateSignal_XLE,0.0,0.0,1.166001853468192,1.166001853468192,0.0,0.0,0.0,-0.0
2025-05-16 00:00:00+00:00,20260201_193430_47aa49ab_StateSignal_XLE,0.0,0.0,1.166001853468192,1.166001853468192,0.0,0.0,0.0,0.0
2025-05-19 00:00:00+00:00,20260201_193430_47aa49ab_StateSignal_XLE,0.0,0.0,1.166001853468192,1.166001853468192,0.0,0.0,0.0,-0.0
2025-05-20 00:00:00+00:00,20260201_193430_47aa49ab_StateSignal_XLE,0.0,0.0,1.166001853468192,1.166001853468192,0.0,0.0,0.0,-0.0
2025-05-21 00:00:00+00:00,20260201_193430_47aa49ab_StateSignal_XLE,0.0,0.0,1.166001853468192,1.166001853468192,0.0,0.0,0.0,-0.0
2025-05-22 00:00:00+00:00,20260201_193430_47aa49ab_StateSignal_XLE,0.0,0.0,1.166001853468192,1.166001853468192,0.0,0.0,0.0,-0.0
2025-05-23 00:00:00+00:00,20260201_193430_47aa49ab_StateSignal_XLE,0.0,0.0,1.166001853468192,1.166001853468192,0.0,0.0,0.0,-0.0
2025-05-27 00:00:00+00:00,20260201_193430_47aa49ab_StateSignal_XLE,0.0,0.0,1.166001853468192,1.166001853468192,0.0,0.0,0.0,0.0
2025-05-28 00:00:00+00:00,20260201_193430_47aa49ab_StateSignal_XLE,0.0,0.0,1.166001853468192,1.166001853468192,0.0,0.0,0.0,0.0
2025-05-29 00:00:00+00:00,20260201_193430_47aa49ab_StateSignal_XLE,0.0,0.0,1.166001853468192,1.166001853468192,0.0,0.0,0.0,-0.0
2025-05-30 00:00:00+00:00,20260201_193430_47aa49ab_StateSignal_XLE,0.0,0.0,1.166001853468192,1.166001853468192,0.0,0.0,0.0,-0.0
2025-06-02 00:00:00+00:00,20260201_193430_47aa49ab_StateSignal_XLE,0.0,0.0,1.166001853468192,1.166001853468192,0.0,0.0,0.0,0.0
2025-06-03 00:00:00+00:00,20260201_193430_47aa49ab_StateSignal_XLE,0.0,0.0,1.166001853468192,1.166001853468192,0.0,0.0,0.0,-0.0
2025-06-04 00:00:00+00:00,20260201_193430_47aa49ab_StateSignal_XLE,0.0,0.0,1.166001853468192,1.166001853468192,0.0,0.0,0.0,0.0
2025-06-05 00:00:00+00:00,20260201_193430_47aa49ab_StateSignal_XLE,0.0,0.0,1.166001853468192,1.166001853468192,0.0,0.0,0.0,-0.0
2025-06-06 00:00:00+00:00,20260201_193430_47aa49ab_StateSignal_XLE,0.0,0.0,1.166001853468192,1.166001853468192,0.0,0.0,0.0,0.0
2025-06-09 00:00:00+00:00,20260201_193430_47aa49ab_StateSignal_XLE,0.0,0.0,1.166001853468192,1.166001853468192,0.0,0.0,0.0,0.0
2025-06-10 00:00:00+00:00,20260201_193430_47aa49ab_StateSignal_XLE,0.0,0.0,1.166001853468192,1.166001853468192,0.0,0.0,0.0,0.0
2025-06-11 00:00:00+00:00,20260201_193430_47aa49ab_StateSignal_XLE,0.0,0.0,1.166001853468192,1.166001853468192,0.0,0.0,0.0,0.0
2025-06-12 00:00:00+00:00,20260201_193430_47aa49ab_StateSignal_XLE,0.0,0.0,1.166001853468192,1.166001853468192,0.0,0.0,0.0,0.0
2025-06-13 00:00:00+00:00,20260201_193430_47aa49ab_StateSignal_XLE,0.0,0.0,1.166001853468192,1.166001853468192,0.0,0.0,0.0,0.0
2025-06-16 00:00:00+00:00,20260201_193430_47aa49ab_StateSignal_XLE,0.0,0.0,1.166001853468192,1.166001853468192,0.0,0.0,0.0,-0.0
2025-06-17 00:00:00+00:00,20260201_193430_47aa49ab_StateSignal_XLE,0.0,0.0,1.166001853468192,1.166001853468192,0.0,0.0,0.0,0.0
2025-06-18 00:00:00+00:00,20260201_193430_47aa49ab_StateSignal_XLE,0.0,0.0,1.166001853468192,1.166001853468192,0.0,0.0,0.0,0.0
2025-06-20 00:00:00+00:00,20260201_193430_47aa49ab_StateSignal_XLE,0.0,0.0,1.166001853468192,1.166001853468192,0.0,0.0,0.0,-0.0
2025-06-23 00:00:00+00:00,20260201_193430_47aa49ab_StateSignal_XLE,0.019757132425718638,0.019757132425718638,1.1890387064957963,1.1890387064957963,0.0,0.0,1.0,0.019757132425718638
2025-06-24 00:00:00+00:00,20260201_193430_47aa49ab_StateSignal_XLE,0.0,0.0,1.1890387064957963,1.1890387064957963,0.0,0.0,0.0,-0.0
2025-06-25 00:00:00+00:00,20260201_193430_47aa49ab_StateSignal_XLE,0.0,0.0,1.1890387064957963,1.1890387064957963,0.0,0.0,0.0,-0.0
2025-06-26 00:00:00+00:00,20260201_193430_47aa49ab_StateSignal_XLE,0.0,0.0,1.1890387064957963,1.1890387064957963,0.0,0.0,0.0,-0.0
2025-06-27 00:00:00+00:00,20260201_193430_47aa49ab_StateSignal_XLE,0.0,0.0,1.1890387064957963,1.1890387064957963,0.0,0.0,0.0,0.0
2025-06-30 00:00:00+00:00,20260201_193430_47aa49ab_StateSignal_XLE,0.0,0.0,1.1890387064957963,1.1890387064957963,0.0,0.0,0.0,-0.0
2025-07-01 00:00:00+00:00,20260201_193430_47aa49ab_StateSignal_XLE,0.0021564642357141395,0.0021564642357141395,1.1916028259412343,1.1916028259412343,0.0,0.0,1.0,0.0021564642357141395
2025-07-02 00:00:00+00:00,20260201_193430_47aa49ab_StateSignal_XLE,0.0,0.0,1.1916028259412343,1.1916028259412343,0.0,0.0,0.0,0.0
2025-07-03 00:00:00+00:00,20260201_193430_47aa49ab_StateSignal_XLE,0.0,0.0,1.1916028259412343,1.1916028259412343,0.0,0.0,0.0,0.0
2025-07-07 00:00:00+00:00,20260201_193430_47aa49ab_StateSignal_XLE,0.0,0.0,1.1916028259412343,1.1916028259412343,0.0,0.0,0.0,-0.0
2025-07-08 00:00:00+00:00,20260201_193430_47aa49ab_StateSignal_XLE,0.0,0.0,1.1916028259412343,1.1916028259412343,0.0,0.0,0.0,-0.0
2025-07-09 00:00:00+00:00,20260201_193430_47aa49ab_StateSignal_XLE,0.0,0.0,1.1916028259412343,1.1916028259412343,0.0,0.0,0.0,0.0
2025-07-10 00:00:00+00:00,20260201_193430_47aa49ab_StateSignal_XLE,0.0,0.0,1.1916028259412343,1.1916028259412343,0.0,0.0,0.0,-0.0
2025-07-11 00:00:00+00:00,20260201_193430_47aa49ab_StateSignal_XLE,0.0,0.0,1.1916028259412343,1.1916028259412343,0.0,0.0,0.0,0.0
2025-07-14 00:00:00+00:00,20260201_193430_47aa49ab_StateSignal_XLE,0.0,0.0,1.1916028259412343,1.1916028259412343,0.0,0.0,0.0,0.0
2025-07-15 00:00:00+00:00,20260201_193430_47aa49ab_StateSignal_XLE,0.0,0.0,1.1916028259412343,1.1916028259412343,0.0,0.0,0.0,-0.0
2025-07-16 00:00:00+00:00,20260201_193430_47aa49ab_StateSignal_XLE,0.0,0.0,1.1916028259412343,1.1916028259412343,0.0,0.0,0.0,-0.0
2025-07-17 00:00:00+00:00,20260201_193430_47aa49ab_StateSignal_XLE,0.0,0.0,1.1916028259412343,1.1916028259412343,0.0,0.0,0.0,-0.0
2025-07-18 00:00:00+00:00,20260201_193430_47aa49ab_StateSignal_XLE,0.0,0.0,1.1916028259412343,1.1916028259412343,0.0,0.0,0.0,0.0
2025-07-21 00:00:00+00:00,20260201_193430_47aa49ab_StateSignal_XLE,0.0,0.0,1.1916028259412343,1.1916028259412343,0.0,0.0,0.0,-0.0
2025-07-22 00:00:00+00:00,20260201_193430_47aa49ab_StateSignal_XLE,0.0,0.0,1.1916028259412343,1.1916028259412343,0.0,0.0,0.0,-0.0
2025-07-23 00:00:00+00:00,20260201_193430_47aa49ab_StateSignal_XLE,0.0,0.0,1.1916028259412343,1.1916028259412343,0.0,0.0,0.0,0.0
2025-07-24 00:00:00+00:00,20260201_193430_47aa49ab_StateSignal_XLE,0.0,0.0,1.1916028259412343,1.1916028259412343,0.0,0.0,0.0,0.0
2025-07-25 00:00:00+00:00,20260201_193430_47aa49ab_StateSignal_XLE,0.0,0.0,1.1916028259412343,1.1916028259412343,0.0,0.0,0.0,0.0
2025-07-28 00:00:00+00:00,20260201_193430_47aa49ab_StateSignal_XLE,0.000928720754007184,0.000928720754007184,1.1927094922162196,1.1927094922162196,0.0,0.0,1.0,0.000928720754007184
2025-07-29 00:00:00+00:00,20260201_193430_47aa49ab_StateSignal_XLE,0.00624640550364397,0.00624640550364397,1.2001596393526475,1.2001596393526475,0.0,0.0,1.0,0.00624640550364397
2025-07-30 00:00:00+00:00,20260201_193430_47aa49ab_StateSignal_XLE,0.0,0.0,1.2001596393526475,1.2001596393526475,0.0,0.0,0.0,0.0
2025-07-31 00:00:00+00:00,20260201_193430_47aa49ab_StateSignal_XLE,0.0,0.0,1.2001596393526475,1.2001596393526475,0.0,0.0,0.0,-0.0
2025-08-01 00:00:00+00:00,20260201_193430_47aa49ab_StateSignal_XLE,0.0,0.0,1.2001596393526475,1.2001596393526475,0.0,0.0,0.0,0.0
2025-08-04 00:00:00+00:00,20260201_193430_47aa49ab_StateSignal_XLE,0.0,0.0,1.2001596393526475,1.2001596393526475,0.0,0.0,0.0,-0.0
2025-08-05 00:00:00+00:00,20260201_193430_47aa49ab_StateSignal_XLE,0.0,0.0,1.2001596393526475,1.2001596393526475,0.0,0.0,0.0,0.0
2025-08-06 00:00:00+00:00,20260201_193430_47aa49ab_StateSignal_XLE,0.0,0.0,1.2001596393526475,1.2001596393526475,0.0,0.0,0.0,0.0
2025-08-07 00:00:00+00:00,20260201_193430_47aa49ab_StateSignal_XLE,0.0,0.0,1.2001596393526475,1.2001596393526475,0.0,0.0,0.0,-0.0
2025-08-08 00:00:00+00:00,20260201_193430_47aa49ab_StateSignal_XLE,0.0,0.0,1.2001596393526475,1.2001596393526475,0.0,0.0,0.0,-0.0
2025-08-11 00:00:00+00:00,20260201_193430_47aa49ab_StateSignal_XLE,0.0,0.0,1.2001596393526475,1.2001596393526475,0.0,0.0,0.0,0.0
2025-08-12 00:00:00+00:00,20260201_193430_47aa49ab_StateSignal_XLE,0.0,0.0,1.2001596393526475,1.2001596393526475,0.0,0.0,0.0,-0.0
2025-08-13 00:00:00+00:00,20260201_193430_47aa49ab_StateSignal_XLE,0.0,0.0,1.2001596393526475,1.2001596393526475,0.0,0.0,0.0,0.0
2025-08-14 00:00:00+00:00,20260201_193430_47aa49ab_StateSignal_XLE,0.0,0.0,1.2001596393526475,1.2001596393526475,0.0,0.0,0.0,0.0
2025-08-15 00:00:00+00:00,20260201_193430_47aa49ab_StateSignal_XLE,0.0,0.0,1.2001596393526475,1.2001596393526475,0.0,0.0,0.0,0.0
2025-08-18 00:00:00+00:00,20260201_193430_47aa49ab_StateSignal_XLE,0.0,0.0,1.2001596393526475,1.2001596393526475,0.0,0.0,0.0,-0.0
2025-08-19 00:00:00+00:00,20260201_193430_47aa49ab_StateSignal_XLE,0.0,0.0,1.2001596393526475,1.2001596393526475,0.0,0.0,0.0,-0.0
2025-08-20 00:00:00+00:00,20260201_193430_47aa49ab_StateSignal_XLE,0.0,0.0,1.2001596393526475,1.2001596393526475,0.0,0.0,0.0,0.0
2025-08-21 00:00:00+00:00,20260201_193430_47aa49ab_StateSignal_XLE,0.0,0.0,1.2001596393526475,1.2001596393526475,0.0,0.0,0.0,0.0
2025-08-22 00:00:00+00:00,20260201_193430_47aa49ab_StateSignal_XLE,0.0,0.0,1.2001596393526475,1.2001596393526475,0.0,0.0,0.0,0.0
2025-08-25 00:00:00+00:00,20260201_193430_47aa49ab_StateSignal_XLE,0.0,0.0,1.2001596393526475,1.2001596393526475,0.0,0.0,0.0,0.0
2025-08-26 00:00:00+00:00,20260201_193430_47aa49ab_StateSignal_XLE,-0.0018471489897575744,-0.0018471489897575744,1.1979427656872694,1.1979427656872694,0.0,0.0,1.0,-0.0018471489897575744
2025-08-27 00:00:00+00:00,20260201_193430_47aa49ab_StateSignal_XLE,0.0,0.0,1.1979427656872694,1.1979427656872694,0.0,0.0,0.0,0.0
2025-08-28 00:00:00+00:00,20260201_193430_47aa49ab_StateSignal_XLE,0.013771160941328908,0.013771160941328908,1.2144398283120494,1.2144398283120494,0.0,0.0,1.0,0.013771160941328908
2025-08-29 00:00:00+00:00,20260201_193430_47aa49ab_StateSignal_XLE,0.0,0.0,1.2144398283120494,1.2144398283120494,0.0,0.0,0.0,0.0
2025-09-02 00:00:00+00:00,20260201_193430_47aa49ab_StateSignal_XLE,0.0,0.0,1.2144398283120494,1.2144398283120494,0.0,0.0,0.0,0.0
2025-09-03 00:00:00+00:00,20260201_193430_47aa49ab_StateSignal_XLE,0.0,0.0,1.2144398283120494,1.2144398283120494,0.0,0.0,0.0,-0.0
2025-09-04 00:00:00+00:00,20260201_193430_47aa49ab_StateSignal_XLE,0.0,0.0,1.2144398283120494,1.2144398283120494,0.0,0.0,0.0,-0.0
2025-09-05 00:00:00+00:00,20260201_193430_47aa49ab_StateSignal_XLE,-0.0046072415060534055,-0.0046072415060534055,1.2088446107284458,1.2088446107284458,0.0,0.0,1.0,-0.0046072415060534055
2025-09-08 00:00:00+00:00,20260201_193430_47aa49ab_StateSignal_XLE,0.0,0.0,1.2088446107284458,1.2088446107284458,0.0,0.0,0.0,-0.0
2025-09-09 00:00:00+00:00,20260201_193430_47aa49ab_StateSignal_XLE,0.0,0.0,1.2088446107284458,1.2088446107284458,0.0,0.0,0.0,-0.0
2025-09-10 00:00:00+00:00,20260201_193430_47aa49ab_StateSignal_XLE,0.0,0.0,1.2088446107284458,1.2088446107284458,0.0,0.0,0.0,0.0
2025-09-11 00:00:00+00:00,20260201_193430_47aa49ab_StateSignal_XLE,0.0,0.0,1.2088446107284458,1.2088446107284458,0.0,0.0,0.0,0.0
2025-09-12 00:00:00+00:00,20260201_193430_47aa49ab_StateSignal_XLE,0.012118588917560125,0.012118588917560125,1.2234941016310719,1.2234941016310719,0.0,0.0,1.0,0.012118588917560125
2025-09-15 00:00:00+00:00,20260201_193430_47aa49ab_StateSignal_XLE,-0.009132483563272231,-0.009132483563272231,1.2123205618581656,1.2123205618581656,0.0,0.0,1.0,-0.009132483563272231
2025-09-16 00:00:00+00:00,20260201_193430_47aa49ab_StateSignal_XLE,0.0,0.0,1.2123205618581656,1.2123205618581656,0.0,0.0,0.0,0.0
2025-09-17 00:00:00+00:00,20260201_193430_47aa49ab_StateSignal_XLE,0.0,0.0,1.2123205618581656,1.2123205618581656,0.0,0.0,0.0,0.0
2025-09-18 00:00:00+00:00,20260201_193430_47aa49ab_StateSignal_XLE,0.0,0.0,1.2123205618581656,1.2123205618581656,0.0,0.0,0.0,0.0
2025-09-19 00:00:00+00:00,20260201_193430_47aa49ab_StateSignal_XLE,0.0,0.0,1.2123205618581656,1.2123205618581656,0.0,0.0,0.0,-0.0
2025-09-22 00:00:00+00:00,20260201_193430_47aa49ab_StateSignal_XLE,-0.017857617400006465,-0.017857617400006465,1.1906714050983416,1.1906714050983416,0.0,0.0,1.0,-0.017857617400006465
2025-09-23 00:00:00+00:00,20260201_193430_47aa49ab_StateSignal_XLE,0.008510689667908355,0.008510689667908355,1.200804839923586,1.200804839923586,0.0,0.0,1.0,0.008510689667908355
2025-09-24 00:00:00+00:00,20260201_193430_47aa49ab_StateSignal_XLE,0.0,0.0,1.200804839923586,1.200804839923586,0.0,0.0,0.0,0.0
2025-09-25 00:00:00+00:00,20260201_193430_47aa49ab_StateSignal_XLE,0.004705891037412702,0.004705891037412702,1.2064556966574642,1.2064556966574642,0.0,0.0,1.0,0.004705891037412702
2025-09-26 00:00:00+00:00,20260201_193430_47aa49ab_StateSignal_XLE,0.0,0.0,1.2064556966574642,1.2064556966574642,0.0,0.0,0.0,0.0
2025-09-29 00:00:00+00:00,20260201_193430_47aa49ab_StateSignal_XLE,0.0,0.0,1.2064556966574642,1.2064556966574642,0.0,0.0,0.0,0.0
2025-09-30 00:00:00+00:00,20260201_193430_47aa49ab_StateSignal_XLE,0.0,0.0,1.2064556966574642,1.2064556966574642,0.0,0.0,0.0,-0.0
2025-10-01 00:00:00+00:00,20260201_193430_47aa49ab_StateSignal_XLE,0.0,0.0,1.2064556966574642,1.2064556966574642,0.0,0.0,0.0,-0.0
2025-10-02 00:00:00+00:00,20260201_193430_47aa49ab_StateSignal_XLE,0.0,0.0,1.2064556966574642,1.2064556966574642,0.0,0.0,0.0,0.0
2025-10-03 00:00:00+00:00,20260201_193430_47aa49ab_StateSignal_XLE,0.0,0.0,1.2064556966574642,1.2064556966574642,0.0,0.0,0.0,-0.0
2025-10-06 00:00:00+00:00,20260201_193430_47aa49ab_StateSignal_XLE,0.005661888072773458,0.005661888072773458,1.2132865137766986,1.2132865137766986,0.0,0.0,1.0,0.005661888072773458
2025-10-07 00:00:00+00:00,20260201_193430_47aa49ab_StateSignal_XLE,0.0,0.0,1.2132865137766986,1.2132865137766986,0.0,0.0,0.0,-0.0
2025-10-08 00:00:00+00:00,20260201_193430_47aa49ab_StateSignal_XLE,0.0,0.0,1.2132865137766986,1.2132865137766986,0.0,0.0,0.0,0.0
2025-10-09 00:00:00+00:00,20260201_193430_47aa49ab_StateSignal_XLE,0.0,0.0,1.2132865137766986,1.2132865137766986,0.0,0.0,0.0,0.0
2025-10-10 00:00:00+00:00,20260201_193430_47aa49ab_StateSignal_XLE,0.0,0.0,1.2132865137766986,1.2132865137766986,0.0,0.0,0.0,-0.0
2025-10-13 00:00:00+00:00,20260201_193430_47aa49ab_StateSignal_XLE,0.0,0.0,1.2132865137766986,1.2132865137766986,0.0,0.0,0.0,-0.0
2025-10-14 00:00:00+00:00,20260201_193430_47aa49ab_StateSignal_XLE,0.0,0.0,1.2132865137766986,1.2132865137766986,0.0,0.0,0.0,-0.0
2025-10-15 00:00:00+00:00,20260201_193430_47aa49ab_StateSignal_XLE,0.0,0.0,1.2132865137766986,1.2132865137766986,0.0,0.0,0.0,0.0
2025-10-16 00:00:00+00:00,20260201_193430_47aa49ab_StateSignal_XLE,0.0,0.0,1.2132865137766986,1.2132865137766986,0.0,0.0,0.0,-0.0
2025-10-17 00:00:00+00:00,20260201_193430_47aa49ab_StateSignal_XLE,0.0,0.0,1.2132865137766986,1.2132865137766986,0.0,0.0,0.0,-0.0
2025-10-20 00:00:00+00:00,20260201_193430_47aa49ab_StateSignal_XLE,0.0,0.0,1.2132865137766986,1.2132865137766986,0.0,0.0,0.0,0.0
2025-10-21 00:00:00+00:00,20260201_193430_47aa49ab_StateSignal_XLE,0.0,0.0,1.2132865137766986,1.2132865137766986,0.0,0.0,0.0,0.0
2025-10-22 00:00:00+00:00,20260201_193430_47aa49ab_StateSignal_XLE,0.0,0.0,1.2132865137766986,1.2132865137766986,0.0,0.0,0.0,0.0
2025-10-23 00:00:00+00:00,20260201_193430_47aa49ab_StateSignal_XLE,0.0,0.0,1.2132865137766986,1.2132865137766986,0.0,0.0,0.0,0.0
2025-10-24 00:00:00+00:00,20260201_193430_47aa49ab_StateSignal_XLE,0.0,0.0,1.2132865137766986,1.2132865137766986,0.0,0.0,0.0,0.0
2025-10-27 00:00:00+00:00,20260201_193430_47aa49ab_StateSignal_XLE,0.0,0.0,1.2132865137766986,1.2132865137766986,0.0,0.0,0.0,-0.0
2025-10-28 00:00:00+00:00,20260201_193430_47aa49ab_StateSignal_XLE,0.0,0.0,1.2132865137766986,1.2132865137766986,0.0,0.0,0.0,-0.0
2025-10-29 00:00:00+00:00,20260201_193430_47aa49ab_StateSignal_XLE,0.0,0.0,1.2132865137766986,1.2132865137766986,0.0,0.0,0.0,-0.0
2025-10-30 00:00:00+00:00,20260201_193430_47aa49ab_StateSignal_XLE,0.0,0.0,1.2132865137766986,1.2132865137766986,0.0,0.0,0.0,0.0
2025-10-31 00:00:00+00:00,20260201_193430_47aa49ab_StateSignal_XLE,0.0,0.0,1.2132865137766986,1.2132865137766986,0.0,0.0,0.0,-0.0
2025-11-03 00:00:00+00:00,20260201_193430_47aa49ab_StateSignal_XLE,0.0,0.0,1.2132865137766986,1.2132865137766986,0.0,0.0,0.0,0.0
2025-11-04 00:00:00+00:00,20260201_193430_47aa49ab_StateSignal_XLE,0.0,0.0,1.2132865137766986,1.2132865137766986,0.0,0.0,0.0,-0.0
2025-11-05 00:00:00+00:00,20260201_193430_47aa49ab_StateSignal_XLE,0.0,0.0,1.2132865137766986,1.2132865137766986,0.0,0.0,0.0,0.0
2025-11-06 00:00:00+00:00,20260201_193430_47aa49ab_StateSignal_XLE,0.0,0.0,1.2132865137766986,1.2132865137766986,0.0,0.0,0.0,0.0
2025-11-07 00:00:00+00:00,20260201_193430_47aa49ab_StateSignal_XLE,0.0,0.0,1.2132865137766986,1.2132865137766986,0.0,0.0,0.0,0.0
2025-11-10 00:00:00+00:00,20260201_193430_47aa49ab_StateSignal_XLE,0.0,0.0,1.2132865137766986,1.2132865137766986,0.0,0.0,0.0,0.0
2025-11-11 00:00:00+00:00,20260201_193430_47aa49ab_StateSignal_XLE,0.0,0.0,1.2132865137766986,1.2132865137766986,0.0,0.0,0.0,0.0
2025-11-12 00:00:00+00:00,20260201_193430_47aa49ab_StateSignal_XLE,0.0,0.0,1.2132865137766986,1.2132865137766986,0.0,0.0,0.0,0.0
2025-11-13 00:00:00+00:00,20260201_193430_47aa49ab_StateSignal_XLE,0.0,0.0,1.2132865137766986,1.2132865137766986,0.0,0.0,0.0,-0.0
2025-11-14 00:00:00+00:00,20260201_193430_47aa49ab_StateSignal_XLE,0.0,0.0,1.2132865137766986,1.2132865137766986,0.0,0.0,0.0,0.0
2025-11-17 00:00:00+00:00,20260201_193430_47aa49ab_StateSignal_XLE,0.0,0.0,1.2132865137766986,1.2132865137766986,0.0,0.0,0.0,0.0
2025-11-18 00:00:00+00:00,20260201_193430_47aa49ab_StateSignal_XLE,0.0,0.0,1.2132865137766986,1.2132865137766986,0.0,0.0,0.0,-0.0
2025-11-19 00:00:00+00:00,20260201_193430_47aa49ab_StateSignal_XLE,0.0,0.0,1.2132865137766986,1.2132865137766986,0.0,0.0,0.0,-0.0
2025-11-20 00:00:00+00:00,20260201_193430_47aa49ab_StateSignal_XLE,0.0,0.0,1.2132865137766986,1.2132865137766986,0.0,0.0,0.0,0.0
2025-11-21 00:00:00+00:00,20260201_193430_47aa49ab_StateSignal_XLE,0.0,0.0,1.2132865137766986,1.2132865137766986,0.0,0.0,0.0,-0.0
2025-11-24 00:00:00+00:00,20260201_193430_47aa49ab_StateSignal_XLE,0.0,0.0,1.2132865137766986,1.2132865137766986,0.0,0.0,0.0,0.0
2025-11-25 00:00:00+00:00,20260201_193430_47aa49ab_StateSignal_XLE,0.0,0.0,1.2132865137766986,1.2132865137766986,0.0,0.0,0.0,-0.0
2025-11-26 00:00:00+00:00,20260201_193430_47aa49ab_StateSignal_XLE,0.0,0.0,1.2132865137766986,1.2132865137766986,0.0,0.0,0.0,0.0
2025-11-28 00:00:00+00:00,20260201_193430_47aa49ab_StateSignal_XLE,0.0,0.0,1.2132865137766986,1.2132865137766986,0.0,0.0,0.0,0.0
2025-12-01 00:00:00+00:00,20260201_193430_47aa49ab_StateSignal_XLE,0.014127379259210482,0.014127379259210482,1.2304270725069073,1.2304270725069073,0.0,0.0,1.0,0.014127379259210482
2025-12-02 00:00:00+00:00,20260201_193430_47aa49ab_StateSignal_XLE,0.0,0.0,1.2304270725069073,1.2304270725069073,0.0,0.0,0.0,0.0
2025-12-03 00:00:00+00:00,20260201_193430_47aa49ab_StateSignal_XLE,0.0,0.0,1.2304270725069073,1.2304270725069073,0.0,0.0,0.0,-0.0
2025-12-04 00:00:00+00:00,20260201_193430_47aa49ab_StateSignal_XLE,0.0,0.0,1.2304270725069073,1.2304270725069073,0.0,0.0,0.0,0.0
2025-12-05 00:00:00+00:00,20260201_193430_47aa49ab_StateSignal_XLE,0.0,0.0,1.2304270725069073,1.2304270725069073,0.0,0.0,0.0,0.0
2025-12-08 00:00:00+00:00,20260201_193430_47aa49ab_StateSignal_XLE,0.0,0.0,1.2304270725069073,1.2304270725069073,0.0,0.0,0.0,-0.0
2025-12-09 00:00:00+00:00,20260201_193430_47aa49ab_StateSignal_XLE,0.0,0.0,1.2304270725069073,1.2304270725069073,0.0,0.0,0.0,-0.0
2025-12-10 00:00:00+00:00,20260201_193430_47aa49ab_StateSignal_XLE,0.0,0.0,1.2304270725069073,1.2304270725069073,0.0,0.0,0.0,0.0
2025-12-11 00:00:00+00:00,20260201_193430_47aa49ab_StateSignal_XLE,0.0,0.0,1.2304270725069073,1.2304270725069073,0.0,0.0,0.0,0.0
2025-12-12 00:00:00+00:00,20260201_193430_47aa49ab_StateSignal_XLE,0.0,0.0,1.2304270725069073,1.2304270725069073,0.0,0.0,0.0,0.0
2025-12-15 00:00:00+00:00,20260201_193430_47aa49ab_StateSignal_XLE,0.0,0.0,1.2304270725069073,1.2304270725069073,0.0,0.0,0.0,-0.0
2025-12-16 00:00:00+00:00,20260201_193430_47aa49ab_StateSignal_XLE,0.0,0.0,1.2304270725069073,1.2304270725069073,0.0,0.0,0.0,-0.0
2025-12-17 00:00:00+00:00,20260201_193430_47aa49ab_StateSignal_XLE,0.0,0.0,1.2304270725069073,1.2304270725069073,0.0,0.0,0.0,-0.0
2025-12-18 00:00:00+00:00,20260201_193430_47aa49ab_StateSignal_XLE,0.0,0.0,1.2304270725069073,1.2304270725069073,0.0,0.0,0.0,0.0
2025-12-19 00:00:00+00:00,20260201_193430_47aa49ab_StateSignal_XLE,0.0,0.0,1.2304270725069073,1.2304270725069073,0.0,0.0,0.0,-0.0
2025-12-22 00:00:00+00:00,20260201_193430_47aa49ab_StateSignal_XLE,0.0,0.0,1.2304270725069073,1.2304270725069073,0.0,0.0,0.0,0.0
2025-12-23 00:00:00+00:00,20260201_193430_47aa49ab_StateSignal_XLE,0.0,0.0,1.2304270725069073,1.2304270725069073,0.0,0.0,0.0,0.0
2025-12-24 00:00:00+00:00,20260201_193430_47aa49ab_StateSignal_XLE,0.0028161099996419914,0.0028161099996419914,1.2338920904896242,1.2338920904896242,0.0,0.0,1.0,0.0028161099996419914
2025-12-26 00:00:00+00:00,20260201_193430_47aa49ab_StateSignal_XLE,-0.0036060440248069092,-0.0036060440248069092,1.2294426212894576,1.2294426212894576,0.0,0.0,1.0,-0.0036060440248069092
2025-12-29 00:00:00+00:00,20260201_193430_47aa49ab_StateSignal_XLE,0.00439313576162359,0.00439313576162359,1.2348437296359085,1.2348437296359085,0.0,0.0,1.0,0.00439313576162359
2025-12-30 00:00:00+00:00,20260201_193430_47aa49ab_StateSignal_XLE,0.0,0.0,1.2348437296359085,1.2348437296359085,0.0,0.0,0.0,0.0
2025-12-31 00:00:00+00:00,20260201_193430_47aa49ab_StateSignal_XLE,0.0025608208616736405,0.0025608208616736405,1.238005943219667,1.238005943219667,0.0,0.0,1.0,0.0025608208616736405
2026-01-02 00:00:00+00:00,20260201_193430_47aa49ab_StateSignal_XLE,-0.005463580519635247,-0.005463580519635247,1.2312419980650995,1.2312419980650995,0.0,0.0,1.0,-0.005463580519635247
2026-01-05 00:00:00+00:00,20260201_193430_47aa49ab_StateSignal_XLE,0.0,0.0,1.2312419980650995,1.2312419980650995,0.0,0.0,0.0,0.0
2026-01-06 00:00:00+00:00,20260201_193430_47aa49ab_StateSignal_XLE,0.0,0.0,1.2312419980650995,1.2312419980650995,0.0,0.0,0.0,-0.0
2026-01-07 00:00:00+00:00,20260201_193430_47aa49ab_StateSignal_XLE,0.0,0.0,1.2312419980650995,1.2312419980650995,0.0,0.0,0.0,-0.0
2026-01-08 00:00:00+00:00,20260201_193430_47aa49ab_StateSignal_XLE,0.0,0.0,1.2312419980650995,1.2312419980650995,0.0,0.0,0.0,-0.0
2026-01-09 00:00:00+00:00,20260201_193430_47aa49ab_StateSignal_XLE,0.0,0.0,1.2312419980650995,1.2312419980650995,0.0,0.0,0.0,0.0
2026-01-12 00:00:00+00:00,20260201_193430_47aa49ab_StateSignal_XLE,0.0,0.0,1.2312419980650995,1.2312419980650995,0.0,0.0,0.0,0.0
2026-01-13 00:00:00+00:00,20260201_193430_47aa49ab_StateSignal_XLE,0.0,0.0,1.2312419980650995,1.2312419980650995,0.0,0.0,0.0,-0.0
2026-01-14 00:00:00+00:00,20260201_193430_47aa49ab_StateSignal_XLE,0.0,0.0,1.2312419980650995,1.2312419980650995,0.0,0.0,0.0,0.0
2026-01-15 00:00:00+00:00,20260201_193430_47aa49ab_StateSignal_XLE,0.0,0.0,1.2312419980650995,1.2312419980650995,0.0,0.0,0.0,0.0
2026-01-16 00:00:00+00:00,20260201_193430_47aa49ab_StateSignal_XLE,0.0,0.0,1.2312419980650995,1.2312419980650995,0.0,0.0,0.0,0.0
2026-01-20 00:00:00+00:00,20260201_193430_47aa49ab_StateSignal_XLE,0.0,0.0,1.2312419980650995,1.2312419980650995,0.0,0.0,0.0,0.0
2026-01-21 00:00:00+00:00,20260201_193430_47aa49ab_StateSignal_XLE,0.0,0.0,1.2312419980650995,1.2312419980650995,0.0,0.0,0.0,-0.0
2026-01-22 00:00:00+00:00,20260201_193430_47aa49ab_StateSignal_XLE,0.0,0.0,1.2312419980650995,1.2312419980650995,0.0,0.0,0.0,0.0
2026-01-23 00:00:00+00:00,20260201_193430_47aa49ab_StateSignal_XLE,0.0,0.0,1.2312419980650995,1.2312419980650995,0.0,0.0,0.0,0.0
2026-01-26 00:00:00+00:00,20260201_193430_47aa49ab_StateSignal_XLE,0.0,0.0,1.2312419980650995,1.2312419980650995,0.0,0.0,0.0,0.0
2026-01-27 00:00:00+00:00,20260201_193430_47aa49ab_StateSignal_XLE,0.0,0.0,1.2312419980650995,1.2312419980650995,0.0,0.0,0.0,-0.0
2026-01-28 00:00:00+00:00,20260201_193430_47aa49ab_StateSignal_XLE,0.0,0.0,1.2312419980650995,1.2312419980650995,0.0,0.0,0.0,0.0
2026-01-29 00:00:00+00:00,20260201_193430_47aa49ab_StateSignal_XLE,0.0,0.0,1.2312419980650995,1.2312419980650995,0.0,0.0,0.0,0.0
2026-01-30 00:00:00+00:00,20260201_193430_47aa49ab_StateSignal_XLE,0.0,0.0,1.2312419980650995,1.2312419980650995,0.0,0.0,0.0,-0.0
