timestamp,run_id,port_ret_gross,port_ret_net,equity_gross,equity_net,turnover,cost,weight_XLE,asset_ret_gross_XLE
2021-01-05 00:00:00+00:00,20260201_193429_467820e7_StateSignal_XLE,0.0,0.0,1.0,1.0,0.0,0.0,0.0,-0.0
2021-01-06 00:00:00+00:00,20260201_193429_467820e7_StateSignal_XLE,0.0,0.0,1.0,1.0,0.0,0.0,0.0,0.0
2021-01-07 00:00:00+00:00,20260201_193429_467820e7_StateSignal_XLE,0.0,0.0,1.0,1.0,0.0,0.0,0.0,0.0
2021-01-08 00:00:00+00:00,20260201_193429_467820e7_StateSignal_XLE,0.0,0.0,1.0,1.0,0.0,0.0,0.0,0.0
2021-01-11 00:00:00+00:00,20260201_193429_467820e7_StateSignal_XLE,0.0,0.0,1.0,1.0,0.0,0.0,0.0,0.0
2021-01-12 00:00:00+00:00,20260201_193429_467820e7_StateSignal_XLE,0.0,0.0,1.0,1.0,0.0,0.0,0.0,0.0
2021-01-13 00:00:00+00:00,20260201_193429_467820e7_StateSignal_XLE,0.0,0.0,1.0,1.0,0.0,0.0,0.0,0.0
2021-01-14 00:00:00+00:00,20260201_193429_467820e7_StateSignal_XLE,0.0,0.0,1.0,1.0,0.0,0.0,0.0,-0.0
2021-01-15 00:00:00+00:00,20260201_193429_467820e7_StateSignal_XLE,0.0,0.0,1.0,1.0,0.0,0.0,0.0,0.0
2021-01-19 00:00:00+00:00,20260201_193429_467820e7_StateSignal_XLE,0.0,0.0,1.0,1.0,0.0,0.0,0.0,-0.0
2021-01-20 00:00:00+00:00,20260201_193429_467820e7_StateSignal_XLE,0.0,0.0,1.0,1.0,0.0,0.0,0.0,0.0
2021-01-21 00:00:00+00:00,20260201_193429_467820e7_StateSignal_XLE,0.0,0.0,1.0,1.0,0.0,0.0,0.0,-0.0
2021-01-22 00:00:00+00:00,20260201_193429_467820e7_StateSignal_XLE,0.0,0.0,1.0,1.0,0.0,0.0,0.0,-0.0
2021-01-25 00:00:00+00:00,20260201_193429_467820e7_StateSignal_XLE,0.0,0.0,1.0,1.0,0.0,0.0,0.0,-0.0
2021-01-26 00:00:00+00:00,20260201_193429_467820e7_StateSignal_XLE,0.0,0.0,1.0,1.0,0.0,0.0,0.0,-0.0
2021-01-27 00:00:00+00:00,20260201_193429_467820e7_StateSignal_XLE,0.0,0.0,1.0,1.0,0.0,0.0,0.0,-0.0
2021-01-28 00:00:00+00:00,20260201_193429_467820e7_StateSignal_XLE,0.0,0.0,1.0,1.0,0.0,0.0,0.0,-0.0
2021-01-29 00:00:00+00:00,20260201_193429_467820e7_StateSignal_XLE,0.0,0.0,1.0,1.0,0.0,0.0,0.0,0.0
2021-02-01 00:00:00+00:00,20260201_193429_467820e7_StateSignal_XLE,0.0,0.0,1.0,1.0,0.0,0.0,0.0,-0.0
2021-02-02 00:00:00+00:00,20260201_193429_467820e7_StateSignal_XLE,0.0,0.0,1.0,1.0,0.0,0.0,0.0,0.0
2021-02-03 00:00:00+00:00,20260201_193429_467820e7_StateSignal_XLE,0.0,0.0,1.0,1.0,0.0,0.0,0.0,0.0
2021-02-04 00:00:00+00:00,20260201_193429_467820e7_StateSignal_XLE,0.0,0.0,1.0,1.0,0.0,0.0,0.0,0.0
2021-02-05 00:00:00+00:00,20260201_193429_467820e7_StateSignal_XLE,0.0,0.0,1.0,1.0,0.0,0.0,0.0,0.0
2021-02-08 00:00:00+00:00,20260201_193429_467820e7_StateSignal_XLE,0.0,0.0,1.0,1.0,0.0,0.0,0.0,0.0
2021-02-09 00:00:00+00:00,20260201_193429_467820e7_StateSignal_XLE,0.0,0.0,1.0,1.0,0.0,0.0,0.0,0.0
2021-02-10 00:00:00+00:00,20260201_193429_467820e7_StateSignal_XLE,0.0,0.0,1.0,1.0,0.0,0.0,0.0,-0.0
2021-02-11 00:00:00+00:00,20260201_193429_467820e7_StateSignal_XLE,0.0,0.0,1.0,1.0,0.0,0.0,0.0,0.0
2021-02-12 00:00:00+00:00,20260201_193429_467820e7_StateSignal_XLE,0.0,0.0,1.0,1.0,0.0,0.0,0.0,-0.0
2021-02-16 00:00:00+00:00,20260201_193429_467820e7_StateSignal_XLE,0.0,0.0,1.0,1.0,0.0,0.0,0.0,0.0
2021-02-17 00:00:00+00:00,20260201_193429_467820e7_StateSignal_XLE,0.0,0.0,1.0,1.0,0.0,0.0,0.0,0.0
2021-02-18 00:00:00+00:00,20260201_193429_467820e7_StateSignal_XLE,0.0,0.0,1.0,1.0,0.0,0.0,0.0,0.0
2021-02-19 00:00:00+00:00,20260201_193429_467820e7_StateSignal_XLE,0.0,0.0,1.0,1.0,0.0,0.0,0.0,-0.0
2021-02-22 00:00:00+00:00,20260201_193429_467820e7_StateSignal_XLE,0.0,0.0,1.0,1.0,0.0,0.0,0.0,0.0
2021-02-23 00:00:00+00:00,20260201_193429_467820e7_StateSignal_XLE,0.0,0.0,1.0,1.0,0.0,0.0,0.0,0.0
2021-02-24 00:00:00+00:00,20260201_193429_467820e7_StateSignal_XLE,0.0,0.0,1.0,1.0,0.0,0.0,0.0,0.0
2021-02-25 00:00:00+00:00,20260201_193429_467820e7_StateSignal_XLE,0.0,0.0,1.0,1.0,0.0,0.0,0.0,0.0
2021-02-26 00:00:00+00:00,20260201_193429_467820e7_StateSignal_XLE,0.0,0.0,1.0,1.0,0.0,0.0,0.0,-0.0
2021-03-01 00:00:00+00:00,20260201_193429_467820e7_StateSignal_XLE,0.0,0.0,1.0,1.0,0.0,0.0,0.0,-0.0
2021-03-02 00:00:00+00:00,20260201_193429_467820e7_StateSignal_XLE,0.0,0.0,1.0,1.0,0.0,0.0,0.0,0.0
2021-03-03 00:00:00+00:00,20260201_193429_467820e7_StateSignal_XLE,0.0,0.0,1.0,1.0,0.0,0.0,0.0,-0.0
2021-03-04 00:00:00+00:00,20260201_193429_467820e7_StateSignal_XLE,0.0,0.0,1.0,1.0,0.0,0.0,0.0,0.0
2021-03-05 00:00:00+00:00,20260201_193429_467820e7_StateSignal_XLE,0.0,0.0,1.0,1.0,0.0,0.0,0.0,0.0
2021-03-08 00:00:00+00:00,20260201_193429_467820e7_StateSignal_XLE,0.0,0.0,1.0,1.0,0.0,0.0,0.0,0.0
2021-03-09 00:00:00+00:00,20260201_193429_467820e7_StateSignal_XLE,0.0,0.0,1.0,1.0,0.0,0.0,0.0,0.0
2021-03-10 00:00:00+00:00,20260201_193429_467820e7_StateSignal_XLE,0.0,0.0,1.0,1.0,0.0,0.0,0.0,-0.0
2021-03-11 00:00:00+00:00,20260201_193429_467820e7_StateSignal_XLE,0.0,0.0,1.0,1.0,0.0,0.0,0.0,0.0
2021-03-12 00:00:00+00:00,20260201_193429_467820e7_StateSignal_XLE,0.0,0.0,1.0,1.0,0.0,0.0,0.0,0.0
2021-03-15 00:00:00+00:00,20260201_193429_467820e7_StateSignal_XLE,0.0,0.0,1.0,1.0,0.0,0.0,0.0,-0.0
2021-03-16 00:00:00+00:00,20260201_193429_467820e7_StateSignal_XLE,0.0,0.0,1.0,1.0,0.0,0.0,0.0,-0.0
2021-03-17 00:00:00+00:00,20260201_193429_467820e7_StateSignal_XLE,0.0,0.0,1.0,1.0,0.0,0.0,0.0,-0.0
2021-03-18 00:00:00+00:00,20260201_193429_467820e7_StateSignal_XLE,0.0,0.0,1.0,1.0,0.0,0.0,0.0,0.0
2021-03-19 00:00:00+00:00,20260201_193429_467820e7_StateSignal_XLE,0.0,0.0,1.0,1.0,0.0,0.0,0.0,-0.0
2021-03-22 00:00:00+00:00,20260201_193429_467820e7_StateSignal_XLE,0.0,0.0,1.0,1.0,0.0,0.0,0.0,-0.0
2021-03-23 00:00:00+00:00,20260201_193429_467820e7_StateSignal_XLE,0.0,0.0,1.0,1.0,0.0,0.0,0.0,-0.0
2021-03-24 00:00:00+00:00,20260201_193429_467820e7_StateSignal_XLE,0.0,0.0,1.0,1.0,0.0,0.0,0.0,-0.0
2021-03-25 00:00:00+00:00,20260201_193429_467820e7_StateSignal_XLE,0.0,0.0,1.0,1.0,0.0,0.0,0.0,0.0
2021-03-26 00:00:00+00:00,20260201_193429_467820e7_StateSignal_XLE,0.0,0.0,1.0,1.0,0.0,0.0,0.0,-0.0
2021-03-29 00:00:00+00:00,20260201_193429_467820e7_StateSignal_XLE,0.0,0.0,1.0,1.0,0.0,0.0,0.0,0.0
2021-03-30 00:00:00+00:00,20260201_193429_467820e7_StateSignal_XLE,0.0,0.0,1.0,1.0,0.0,0.0,0.0,0.0
2021-03-31 00:00:00+00:00,20260201_193429_467820e7_StateSignal_XLE,0.0,0.0,1.0,1.0,0.0,0.0,0.0,-0.0
2021-04-01 00:00:00+00:00,20260201_193429_467820e7_StateSignal_XLE,0.0,0.0,1.0,1.0,0.0,0.0,0.0,-0.0
2021-04-05 00:00:00+00:00,20260201_193429_467820e7_StateSignal_XLE,0.0,0.0,1.0,1.0,0.0,0.0,0.0,0.0
2021-04-06 00:00:00+00:00,20260201_193429_467820e7_StateSignal_XLE,0.0,0.0,1.0,1.0,0.0,0.0,0.0,-0.0
2021-04-07 00:00:00+00:00,20260201_193429_467820e7_StateSignal_XLE,0.0,0.0,1.0,1.0,0.0,0.0,0.0,0.0
2021-04-08 00:00:00+00:00,20260201_193429_467820e7_StateSignal_XLE,0.0,0.0,1.0,1.0,0.0,0.0,0.0,0.0
2021-04-09 00:00:00+00:00,20260201_193429_467820e7_StateSignal_XLE,0.0,0.0,1.0,1.0,0.0,0.0,0.0,-0.0
2021-04-12 00:00:00+00:00,20260201_193429_467820e7_StateSignal_XLE,0.0,0.0,1.0,1.0,0.0,0.0,0.0,-0.0
2021-04-13 00:00:00+00:00,20260201_193429_467820e7_StateSignal_XLE,0.0,0.0,1.0,1.0,0.0,0.0,0.0,-0.0
2021-04-14 00:00:00+00:00,20260201_193429_467820e7_StateSignal_XLE,0.0,0.0,1.0,1.0,0.0,0.0,0.0,0.0
2021-04-15 00:00:00+00:00,20260201_193429_467820e7_StateSignal_XLE,0.0,0.0,1.0,1.0,0.0,0.0,0.0,0.0
2021-04-16 00:00:00+00:00,20260201_193429_467820e7_StateSignal_XLE,0.0,0.0,1.0,1.0,0.0,0.0,0.0,-0.0
2021-04-19 00:00:00+00:00,20260201_193429_467820e7_StateSignal_XLE,0.0,0.0,1.0,1.0,0.0,0.0,0.0,-0.0
2021-04-20 00:00:00+00:00,20260201_193429_467820e7_StateSignal_XLE,0.0,0.0,1.0,1.0,0.0,0.0,0.0,-0.0
2021-04-21 00:00:00+00:00,20260201_193429_467820e7_StateSignal_XLE,0.0,0.0,1.0,1.0,0.0,0.0,0.0,-0.0
2021-04-22 00:00:00+00:00,20260201_193429_467820e7_StateSignal_XLE,0.0,0.0,1.0,1.0,0.0,0.0,0.0,0.0
2021-04-23 00:00:00+00:00,20260201_193429_467820e7_StateSignal_XLE,0.0,0.0,1.0,1.0,0.0,0.0,0.0,-0.0
2021-04-26 00:00:00+00:00,20260201_193429_467820e7_StateSignal_XLE,0.0,0.0,1.0,1.0,0.0,0.0,0.0,0.0
2021-04-27 00:00:00+00:00,20260201_193429_467820e7_StateSignal_XLE,0.0,0.0,1.0,1.0,0.0,0.0,0.0,0.0
2021-04-28 00:00:00+00:00,20260201_193429_467820e7_StateSignal_XLE,0.0,0.0,1.0,1.0,0.0,0.0,0.0,0.0
2021-04-29 00:00:00+00:00,20260201_193429_467820e7_StateSignal_XLE,0.0,0.0,1.0,1.0,0.0,0.0,0.0,0.0
2021-04-30 00:00:00+00:00,20260201_193429_467820e7_StateSignal_XLE,0.0,0.0,1.0,1.0,0.0,0.0,0.0,0.0
2021-05-03 00:00:00+00:00,20260201_193429_467820e7_StateSignal_XLE,0.0,0.0,1.0,1.0,0.0,0.0,0.0,-0.0
2021-05-04 00:00:00+00:00,20260201_193429_467820e7_StateSignal_XLE,0.0,0.0,1.0,1.0,0.0,0.0,0.0,0.0
2021-05-05 00:00:00+00:00,20260201_193429_467820e7_StateSignal_XLE,0.0,0.0,1.0,1.0,0.0,0.0,0.0,-0.0
2021-05-06 00:00:00+00:00,20260201_193429_467820e7_StateSignal_XLE,0.0,0.0,1.0,1.0,0.0,0.0,0.0,0.0
2021-05-07 00:00:00+00:00,20260201_193429_467820e7_StateSignal_XLE,0.0,0.0,1.0,1.0,0.0,0.0,0.0,0.0
2021-05-10 00:00:00+00:00,20260201_193429_467820e7_StateSignal_XLE,0.0,0.0,1.0,1.0,0.0,0.0,0.0,0.0
2021-05-11 00:00:00+00:00,20260201_193429_467820e7_StateSignal_XLE,0.0,0.0,1.0,1.0,0.0,0.0,0.0,0.0
2021-05-12 00:00:00+00:00,20260201_193429_467820e7_StateSignal_XLE,0.0,0.0,1.0,1.0,0.0,0.0,0.0,-0.0
2021-05-13 00:00:00+00:00,20260201_193429_467820e7_StateSignal_XLE,0.0,0.0,1.0,1.0,0.0,0.0,0.0,0.0
2021-05-14 00:00:00+00:00,20260201_193429_467820e7_StateSignal_XLE,0.0,0.0,1.0,1.0,0.0,0.0,0.0,-0.0
2021-05-17 00:00:00+00:00,20260201_193429_467820e7_StateSignal_XLE,0.0,0.0,1.0,1.0,0.0,0.0,0.0,0.0
2021-05-18 00:00:00+00:00,20260201_193429_467820e7_StateSignal_XLE,0.0,0.0,1.0,1.0,0.0,0.0,0.0,0.0
2021-05-19 00:00:00+00:00,20260201_193429_467820e7_StateSignal_XLE,0.0,0.0,1.0,1.0,0.0,0.0,0.0,-0.0
2021-05-20 00:00:00+00:00,20260201_193429_467820e7_StateSignal_XLE,0.0,0.0,1.0,1.0,0.0,0.0,0.0,-0.0
2021-05-21 00:00:00+00:00,20260201_193429_467820e7_StateSignal_XLE,0.0,0.0,1.0,1.0,0.0,0.0,0.0,0.0
2021-05-24 00:00:00+00:00,20260201_193429_467820e7_StateSignal_XLE,0.0,0.0,1.0,1.0,0.0,0.0,0.0,0.0
2021-05-25 00:00:00+00:00,20260201_193429_467820e7_StateSignal_XLE,0.0,0.0,1.0,1.0,0.0,0.0,0.0,0.0
2021-05-26 00:00:00+00:00,20260201_193429_467820e7_StateSignal_XLE,0.0,0.0,1.0,1.0,0.0,0.0,0.0,-0.0
2021-05-27 00:00:00+00:00,20260201_193429_467820e7_StateSignal_XLE,0.0,0.0,1.0,1.0,0.0,0.0,0.0,0.0
2021-05-28 00:00:00+00:00,20260201_193429_467820e7_StateSignal_XLE,0.0,0.0,1.0,1.0,0.0,0.0,0.0,0.0
2021-06-01 00:00:00+00:00,20260201_193429_467820e7_StateSignal_XLE,0.0,0.0,1.0,1.0,0.0,0.0,0.0,0.0
2021-06-02 00:00:00+00:00,20260201_193429_467820e7_StateSignal_XLE,0.0,0.0,1.0,1.0,0.0,0.0,0.0,0.0
2021-06-03 00:00:00+00:00,20260201_193429_467820e7_StateSignal_XLE,0.0,0.0,1.0,1.0,0.0,0.0,0.0,0.0
2021-06-04 00:00:00+00:00,20260201_193429_467820e7_StateSignal_XLE,0.0,0.0,1.0,1.0,0.0,0.0,0.0,0.0
2021-06-07 00:00:00+00:00,20260201_193429_467820e7_StateSignal_XLE,0.0,0.0,1.0,1.0,0.0,0.0,0.0,0.0
2021-06-08 00:00:00+00:00,20260201_193429_467820e7_StateSignal_XLE,0.0,0.0,1.0,1.0,0.0,0.0,0.0,-0.0
2021-06-09 00:00:00+00:00,20260201_193429_467820e7_StateSignal_XLE,0.0,0.0,1.0,1.0,0.0,0.0,0.0,0.0
2021-06-10 00:00:00+00:00,20260201_193429_467820e7_StateSignal_XLE,0.0,0.0,1.0,1.0,0.0,0.0,0.0,0.0
2021-06-11 00:00:00+00:00,20260201_193429_467820e7_StateSignal_XLE,0.0,0.0,1.0,1.0,0.0,0.0,0.0,-0.0
2021-06-14 00:00:00+00:00,20260201_193429_467820e7_StateSignal_XLE,0.0,0.0,1.0,1.0,0.0,0.0,0.0,-0.0
2021-06-15 00:00:00+00:00,20260201_193429_467820e7_StateSignal_XLE,0.0,0.0,1.0,1.0,0.0,0.0,0.0,-0.0
2021-06-16 00:00:00+00:00,20260201_193429_467820e7_StateSignal_XLE,0.0,0.0,1.0,1.0,0.0,0.0,0.0,0.0
2021-06-17 00:00:00+00:00,20260201_193429_467820e7_StateSignal_XLE,0.0,0.0,1.0,1.0,0.0,0.0,0.0,-0.0
2021-06-18 00:00:00+00:00,20260201_193429_467820e7_StateSignal_XLE,0.0,0.0,1.0,1.0,0.0,0.0,0.0,-0.0
2021-06-21 00:00:00+00:00,20260201_193429_467820e7_StateSignal_XLE,0.0,0.0,1.0,1.0,0.0,0.0,0.0,-0.0
2021-06-22 00:00:00+00:00,20260201_193429_467820e7_StateSignal_XLE,0.0,0.0,1.0,1.0,0.0,0.0,0.0,0.0
2021-06-23 00:00:00+00:00,20260201_193429_467820e7_StateSignal_XLE,0.0,0.0,1.0,1.0,0.0,0.0,0.0,0.0
2021-06-24 00:00:00+00:00,20260201_193429_467820e7_StateSignal_XLE,0.0,0.0,1.0,1.0,0.0,0.0,0.0,0.0
2021-06-25 00:00:00+00:00,20260201_193429_467820e7_StateSignal_XLE,0.0,0.0,1.0,1.0,0.0,0.0,0.0,0.0
2021-06-28 00:00:00+00:00,20260201_193429_467820e7_StateSignal_XLE,0.0,0.0,1.0,1.0,0.0,0.0,0.0,0.0
2021-06-29 00:00:00+00:00,20260201_193429_467820e7_StateSignal_XLE,0.0,0.0,1.0,1.0,0.0,0.0,0.0,-0.0
2021-06-30 00:00:00+00:00,20260201_193429_467820e7_StateSignal_XLE,0.0,0.0,1.0,1.0,0.0,0.0,0.0,-0.0
2021-07-01 00:00:00+00:00,20260201_193429_467820e7_StateSignal_XLE,0.0,0.0,1.0,1.0,0.0,0.0,0.0,0.0
2021-07-02 00:00:00+00:00,20260201_193429_467820e7_StateSignal_XLE,0.0,0.0,1.0,1.0,0.0,0.0,0.0,0.0
2021-07-06 00:00:00+00:00,20260201_193429_467820e7_StateSignal_XLE,0.0,0.0,1.0,1.0,0.0,0.0,0.0,-0.0
2021-07-07 00:00:00+00:00,20260201_193429_467820e7_StateSignal_XLE,0.0,0.0,1.0,1.0,0.0,0.0,0.0,-0.0
2021-07-08 00:00:00+00:00,20260201_193429_467820e7_StateSignal_XLE,0.0,0.0,1.0,1.0,0.0,0.0,0.0,-0.0
2021-07-09 00:00:00+00:00,20260201_193429_467820e7_StateSignal_XLE,0.0,0.0,1.0,1.0,0.0,0.0,0.0,-0.0
2021-07-12 00:00:00+00:00,20260201_193429_467820e7_StateSignal_XLE,0.0,0.0,1.0,1.0,0.0,0.0,0.0,0.0
2021-07-13 00:00:00+00:00,20260201_193429_467820e7_StateSignal_XLE,0.0,0.0,1.0,1.0,0.0,0.0,0.0,0.0
2021-07-14 00:00:00+00:00,20260201_193429_467820e7_StateSignal_XLE,0.0,0.0,1.0,1.0,0.0,0.0,0.0,-0.0
2021-07-15 00:00:00+00:00,20260201_193429_467820e7_StateSignal_XLE,0.0,0.0,1.0,1.0,0.0,0.0,0.0,-0.0
2021-07-16 00:00:00+00:00,20260201_193429_467820e7_StateSignal_XLE,0.0,0.0,1.0,1.0,0.0,0.0,0.0,-0.0
2021-07-19 00:00:00+00:00,20260201_193429_467820e7_StateSignal_XLE,0.0,0.0,1.0,1.0,0.0,0.0,0.0,-0.0
2021-07-20 00:00:00+00:00,20260201_193429_467820e7_StateSignal_XLE,0.0,0.0,1.0,1.0,0.0,0.0,0.0,-0.0
2021-07-21 00:00:00+00:00,20260201_193429_467820e7_StateSignal_XLE,0.0,0.0,1.0,1.0,0.0,0.0,0.0,0.0
2021-07-22 00:00:00+00:00,20260201_193429_467820e7_StateSignal_XLE,0.0,0.0,1.0,1.0,0.0,0.0,0.0,0.0
2021-07-23 00:00:00+00:00,20260201_193429_467820e7_StateSignal_XLE,0.0,0.0,1.0,1.0,0.0,0.0,0.0,-0.0
2021-07-26 00:00:00+00:00,20260201_193429_467820e7_StateSignal_XLE,0.0,0.0,1.0,1.0,0.0,0.0,0.0,-0.0
2021-07-27 00:00:00+00:00,20260201_193429_467820e7_StateSignal_XLE,0.0,0.0,1.0,1.0,0.0,0.0,0.0,0.0
2021-07-28 00:00:00+00:00,20260201_193429_467820e7_StateSignal_XLE,0.0,0.0,1.0,1.0,0.0,0.0,0.0,-0.0
2021-07-29 00:00:00+00:00,20260201_193429_467820e7_StateSignal_XLE,0.0,0.0,1.0,1.0,0.0,0.0,0.0,0.0
2021-07-30 00:00:00+00:00,20260201_193429_467820e7_StateSignal_XLE,0.0,0.0,1.0,1.0,0.0,0.0,0.0,0.0
2021-08-02 00:00:00+00:00,20260201_193429_467820e7_StateSignal_XLE,0.0,0.0,1.0,1.0,0.0,0.0,0.0,-0.0
2021-08-03 00:00:00+00:00,20260201_193429_467820e7_StateSignal_XLE,0.0,0.0,1.0,1.0,0.0,0.0,0.0,0.0
2021-08-04 00:00:00+00:00,20260201_193429_467820e7_StateSignal_XLE,0.0,0.0,1.0,1.0,0.0,0.0,0.0,0.0
2021-08-05 00:00:00+00:00,20260201_193429_467820e7_StateSignal_XLE,0.0,0.0,1.0,1.0,0.0,0.0,0.0,-0.0
2021-08-06 00:00:00+00:00,20260201_193429_467820e7_StateSignal_XLE,0.0,0.0,1.0,1.0,0.0,0.0,0.0,0.0
2021-08-09 00:00:00+00:00,20260201_193429_467820e7_StateSignal_XLE,0.0,0.0,1.0,1.0,0.0,0.0,0.0,0.0
2021-08-10 00:00:00+00:00,20260201_193429_467820e7_StateSignal_XLE,0.0,0.0,1.0,1.0,0.0,0.0,0.0,-0.0
2021-08-11 00:00:00+00:00,20260201_193429_467820e7_StateSignal_XLE,0.0,0.0,1.0,1.0,0.0,0.0,0.0,0.0
2021-08-12 00:00:00+00:00,20260201_193429_467820e7_StateSignal_XLE,0.0,0.0,1.0,1.0,0.0,0.0,0.0,0.0
2021-08-13 00:00:00+00:00,20260201_193429_467820e7_StateSignal_XLE,0.0,0.0,1.0,1.0,0.0,0.0,0.0,-0.0
2021-08-16 00:00:00+00:00,20260201_193429_467820e7_StateSignal_XLE,0.0,0.0,1.0,1.0,0.0,0.0,0.0,-0.0
2021-08-17 00:00:00+00:00,20260201_193429_467820e7_StateSignal_XLE,0.0,0.0,1.0,1.0,0.0,0.0,0.0,-0.0
2021-08-18 00:00:00+00:00,20260201_193429_467820e7_StateSignal_XLE,0.0,0.0,1.0,1.0,0.0,0.0,0.0,-0.0
2021-08-19 00:00:00+00:00,20260201_193429_467820e7_StateSignal_XLE,0.0,0.0,1.0,1.0,0.0,0.0,0.0,-0.0
2021-08-20 00:00:00+00:00,20260201_193429_467820e7_StateSignal_XLE,0.0,0.0,1.0,1.0,0.0,0.0,0.0,-0.0
2021-08-23 00:00:00+00:00,20260201_193429_467820e7_StateSignal_XLE,0.0,0.0,1.0,1.0,0.0,0.0,0.0,0.0
2021-08-24 00:00:00+00:00,20260201_193429_467820e7_StateSignal_XLE,0.0,0.0,1.0,1.0,0.0,0.0,0.0,0.0
2021-08-25 00:00:00+00:00,20260201_193429_467820e7_StateSignal_XLE,0.0,0.0,1.0,1.0,0.0,0.0,0.0,0.0
2021-08-26 00:00:00+00:00,20260201_193429_467820e7_StateSignal_XLE,0.0,0.0,1.0,1.0,0.0,0.0,0.0,0.0
2021-08-27 00:00:00+00:00,20260201_193429_467820e7_StateSignal_XLE,0.0,0.0,1.0,1.0,0.0,0.0,0.0,-0.0
2021-08-30 00:00:00+00:00,20260201_193429_467820e7_StateSignal_XLE,0.0,0.0,1.0,1.0,0.0,0.0,0.0,0.0
2021-08-31 00:00:00+00:00,20260201_193429_467820e7_StateSignal_XLE,0.0,0.0,1.0,1.0,0.0,0.0,0.0,-0.0
2021-09-01 00:00:00+00:00,20260201_193429_467820e7_StateSignal_XLE,0.0,0.0,1.0,1.0,0.0,0.0,0.0,-0.0
2021-09-02 00:00:00+00:00,20260201_193429_467820e7_StateSignal_XLE,0.0,0.0,1.0,1.0,0.0,0.0,0.0,-0.0
2021-09-03 00:00:00+00:00,20260201_193429_467820e7_StateSignal_XLE,0.0,0.0,1.0,1.0,0.0,0.0,0.0,0.0
2021-09-07 00:00:00+00:00,20260201_193429_467820e7_StateSignal_XLE,0.0,0.0,1.0,1.0,0.0,0.0,0.0,-0.0
2021-09-08 00:00:00+00:00,20260201_193429_467820e7_StateSignal_XLE,0.0,0.0,1.0,1.0,0.0,0.0,0.0,-0.0
2021-09-09 00:00:00+00:00,20260201_193429_467820e7_StateSignal_XLE,0.0,0.0,1.0,1.0,0.0,0.0,0.0,-0.0
2021-09-10 00:00:00+00:00,20260201_193429_467820e7_StateSignal_XLE,0.0,0.0,1.0,1.0,0.0,0.0,0.0,-0.0
2021-09-13 00:00:00+00:00,20260201_193429_467820e7_StateSignal_XLE,0.0,0.0,1.0,1.0,0.0,0.0,0.0,0.0
2021-09-14 00:00:00+00:00,20260201_193429_467820e7_StateSignal_XLE,0.0,0.0,1.0,1.0,0.0,0.0,0.0,0.0
2021-09-15 00:00:00+00:00,20260201_193429_467820e7_StateSignal_XLE,0.0,0.0,1.0,1.0,0.0,0.0,0.0,-0.0
2021-09-16 00:00:00+00:00,20260201_193429_467820e7_StateSignal_XLE,0.0,0.0,1.0,1.0,0.0,0.0,0.0,0.0
2021-09-17 00:00:00+00:00,20260201_193429_467820e7_StateSignal_XLE,0.0,0.0,1.0,1.0,0.0,0.0,0.0,-0.0
2021-09-20 00:00:00+00:00,20260201_193429_467820e7_StateSignal_XLE,0.0,0.0,1.0,1.0,0.0,0.0,0.0,-0.0
2021-09-21 00:00:00+00:00,20260201_193429_467820e7_StateSignal_XLE,0.0,0.0,1.0,1.0,0.0,0.0,0.0,-0.0
2021-09-22 00:00:00+00:00,20260201_193429_467820e7_StateSignal_XLE,0.0,0.0,1.0,1.0,0.0,0.0,0.0,0.0
2021-09-23 00:00:00+00:00,20260201_193429_467820e7_StateSignal_XLE,0.0,0.0,1.0,1.0,0.0,0.0,0.0,0.0
2021-09-24 00:00:00+00:00,20260201_193429_467820e7_StateSignal_XLE,0.0,0.0,1.0,1.0,0.0,0.0,0.0,0.0
2021-09-27 00:00:00+00:00,20260201_193429_467820e7_StateSignal_XLE,0.0,0.0,1.0,1.0,0.0,0.0,0.0,0.0
2021-09-28 00:00:00+00:00,20260201_193429_467820e7_StateSignal_XLE,0.0,0.0,1.0,1.0,0.0,0.0,0.0,0.0
2021-09-29 00:00:00+00:00,20260201_193429_467820e7_StateSignal_XLE,0.0,0.0,1.0,1.0,0.0,0.0,0.0,0.0
2021-09-30 00:00:00+00:00,20260201_193429_467820e7_StateSignal_XLE,0.0,0.0,1.0,1.0,0.0,0.0,0.0,-0.0
2021-10-01 00:00:00+00:00,20260201_193429_467820e7_StateSignal_XLE,0.0,0.0,1.0,1.0,0.0,0.0,0.0,-0.0
2021-10-04 00:00:00+00:00,20260201_193429_467820e7_StateSignal_XLE,0.0,0.0,1.0,1.0,0.0,0.0,0.0,0.0
2021-10-05 00:00:00+00:00,20260201_193429_467820e7_StateSignal_XLE,0.0,0.0,1.0,1.0,0.0,0.0,0.0,0.0
2021-10-06 00:00:00+00:00,20260201_193429_467820e7_StateSignal_XLE,0.0,0.0,1.0,1.0,0.0,0.0,0.0,0.0
2021-10-07 00:00:00+00:00,20260201_193429_467820e7_StateSignal_XLE,0.0,0.0,1.0,1.0,0.0,0.0,0.0,-0.0
2021-10-08 00:00:00+00:00,20260201_193429_467820e7_StateSignal_XLE,0.0,0.0,1.0,1.0,0.0,0.0,0.0,0.0
2021-10-11 00:00:00+00:00,20260201_193429_467820e7_StateSignal_XLE,0.0,0.0,1.0,1.0,0.0,0.0,0.0,0.0
2021-10-12 00:00:00+00:00,20260201_193429_467820e7_StateSignal_XLE,0.0,0.0,1.0,1.0,0.0,0.0,0.0,0.0
2021-10-13 00:00:00+00:00,20260201_193429_467820e7_StateSignal_XLE,0.0,0.0,1.0,1.0,0.0,0.0,0.0,0.0
2021-10-14 00:00:00+00:00,20260201_193429_467820e7_StateSignal_XLE,0.0,0.0,1.0,1.0,0.0,0.0,0.0,-0.0
2021-10-15 00:00:00+00:00,20260201_193429_467820e7_StateSignal_XLE,0.0,0.0,1.0,1.0,0.0,0.0,0.0,0.0
2021-10-18 00:00:00+00:00,20260201_193429_467820e7_StateSignal_XLE,0.0,0.0,1.0,1.0,0.0,0.0,0.0,0.0
2021-10-19 00:00:00+00:00,20260201_193429_467820e7_StateSignal_XLE,0.0,0.0,1.0,1.0,0.0,0.0,0.0,-0.0
2021-10-20 00:00:00+00:00,20260201_193429_467820e7_StateSignal_XLE,0.0,0.0,1.0,1.0,0.0,0.0,0.0,0.0
2021-10-21 00:00:00+00:00,20260201_193429_467820e7_StateSignal_XLE,0.0,0.0,1.0,1.0,0.0,0.0,0.0,0.0
2021-10-22 00:00:00+00:00,20260201_193429_467820e7_StateSignal_XLE,0.0,0.0,1.0,1.0,0.0,0.0,0.0,-0.0
2021-10-25 00:00:00+00:00,20260201_193429_467820e7_StateSignal_XLE,0.0,0.0,1.0,1.0,0.0,0.0,0.0,0.0
2021-10-26 00:00:00+00:00,20260201_193429_467820e7_StateSignal_XLE,0.0,0.0,1.0,1.0,0.0,0.0,0.0,0.0
2021-10-27 00:00:00+00:00,20260201_193429_467820e7_StateSignal_XLE,0.0,0.0,1.0,1.0,0.0,0.0,0.0,0.0
2021-10-28 00:00:00+00:00,20260201_193429_467820e7_StateSignal_XLE,0.0,0.0,1.0,1.0,0.0,0.0,0.0,-0.0
2021-10-29 00:00:00+00:00,20260201_193429_467820e7_StateSignal_XLE,0.0,0.0,1.0,1.0,0.0,0.0,0.0,0.0
2021-11-01 00:00:00+00:00,20260201_193429_467820e7_StateSignal_XLE,0.0,0.0,1.0,1.0,0.0,0.0,0.0,-0.0
2021-11-02 00:00:00+00:00,20260201_193429_467820e7_StateSignal_XLE,0.0,0.0,1.0,1.0,0.0,0.0,0.0,0.0
2021-11-03 00:00:00+00:00,20260201_193429_467820e7_StateSignal_XLE,0.0,0.0,1.0,1.0,0.0,0.0,0.0,-0.0
2021-11-04 00:00:00+00:00,20260201_193429_467820e7_StateSignal_XLE,0.0,0.0,1.0,1.0,0.0,0.0,0.0,-0.0
2021-11-05 00:00:00+00:00,20260201_193429_467820e7_StateSignal_XLE,0.0,0.0,1.0,1.0,0.0,0.0,0.0,-0.0
2021-11-08 00:00:00+00:00,20260201_193429_467820e7_StateSignal_XLE,0.0,0.0,1.0,1.0,0.0,0.0,0.0,0.0
2021-11-09 00:00:00+00:00,20260201_193429_467820e7_StateSignal_XLE,0.0,0.0,1.0,1.0,0.0,0.0,0.0,0.0
2021-11-10 00:00:00+00:00,20260201_193429_467820e7_StateSignal_XLE,0.0,0.0,1.0,1.0,0.0,0.0,0.0,0.0
2021-11-11 00:00:00+00:00,20260201_193429_467820e7_StateSignal_XLE,0.0,0.0,1.0,1.0,0.0,0.0,0.0,-0.0
2021-11-12 00:00:00+00:00,20260201_193429_467820e7_StateSignal_XLE,0.0,0.0,1.0,1.0,0.0,0.0,0.0,0.0
2021-11-15 00:00:00+00:00,20260201_193429_467820e7_StateSignal_XLE,0.0,0.0,1.0,1.0,0.0,0.0,0.0,-0.0
2021-11-16 00:00:00+00:00,20260201_193429_467820e7_StateSignal_XLE,0.0,0.0,1.0,1.0,0.0,0.0,0.0,0.0
2021-11-17 00:00:00+00:00,20260201_193429_467820e7_StateSignal_XLE,0.0,0.0,1.0,1.0,0.0,0.0,0.0,0.0
2021-11-18 00:00:00+00:00,20260201_193429_467820e7_StateSignal_XLE,0.0,0.0,1.0,1.0,0.0,0.0,0.0,-0.0
2021-11-19 00:00:00+00:00,20260201_193429_467820e7_StateSignal_XLE,0.0,0.0,1.0,1.0,0.0,0.0,0.0,-0.0
2021-11-22 00:00:00+00:00,20260201_193429_467820e7_StateSignal_XLE,0.0,0.0,1.0,1.0,0.0,0.0,0.0,-0.0
2021-11-23 00:00:00+00:00,20260201_193429_467820e7_StateSignal_XLE,0.0,0.0,1.0,1.0,0.0,0.0,0.0,0.0
2021-11-24 00:00:00+00:00,20260201_193429_467820e7_StateSignal_XLE,0.0,0.0,1.0,1.0,0.0,0.0,0.0,0.0
2021-11-26 00:00:00+00:00,20260201_193429_467820e7_StateSignal_XLE,0.0,0.0,1.0,1.0,0.0,0.0,0.0,0.0
2021-11-29 00:00:00+00:00,20260201_193429_467820e7_StateSignal_XLE,0.0,0.0,1.0,1.0,0.0,0.0,0.0,-0.0
2021-11-30 00:00:00+00:00,20260201_193429_467820e7_StateSignal_XLE,0.0,0.0,1.0,1.0,0.0,0.0,0.0,-0.0
2021-12-01 00:00:00+00:00,20260201_193429_467820e7_StateSignal_XLE,0.0,0.0,1.0,1.0,0.0,0.0,0.0,-0.0
2021-12-02 00:00:00+00:00,20260201_193429_467820e7_StateSignal_XLE,0.0,0.0,1.0,1.0,0.0,0.0,0.0,-0.0
2021-12-03 00:00:00+00:00,20260201_193429_467820e7_StateSignal_XLE,0.0,0.0,1.0,1.0,0.0,0.0,0.0,0.0
2021-12-06 00:00:00+00:00,20260201_193429_467820e7_StateSignal_XLE,0.0,0.0,1.0,1.0,0.0,0.0,0.0,-0.0
2021-12-07 00:00:00+00:00,20260201_193429_467820e7_StateSignal_XLE,0.0,0.0,1.0,1.0,0.0,0.0,0.0,0.0
2021-12-08 00:00:00+00:00,20260201_193429_467820e7_StateSignal_XLE,0.0,0.0,1.0,1.0,0.0,0.0,0.0,0.0
2021-12-09 00:00:00+00:00,20260201_193429_467820e7_StateSignal_XLE,0.0,0.0,1.0,1.0,0.0,0.0,0.0,-0.0
2021-12-10 00:00:00+00:00,20260201_193429_467820e7_StateSignal_XLE,0.0,0.0,1.0,1.0,0.0,0.0,0.0,-0.0
2021-12-13 00:00:00+00:00,20260201_193429_467820e7_StateSignal_XLE,0.0,0.0,1.0,1.0,0.0,0.0,0.0,0.0
2021-12-14 00:00:00+00:00,20260201_193429_467820e7_StateSignal_XLE,0.0,0.0,1.0,1.0,0.0,0.0,0.0,-0.0
2021-12-15 00:00:00+00:00,20260201_193429_467820e7_StateSignal_XLE,0.0,0.0,1.0,1.0,0.0,0.0,0.0,-0.0
2021-12-16 00:00:00+00:00,20260201_193429_467820e7_StateSignal_XLE,0.0,0.0,1.0,1.0,0.0,0.0,0.0,-0.0
2021-12-17 00:00:00+00:00,20260201_193429_467820e7_StateSignal_XLE,0.0,0.0,1.0,1.0,0.0,0.0,0.0,0.0
2021-12-20 00:00:00+00:00,20260201_193429_467820e7_StateSignal_XLE,0.0,0.0,1.0,1.0,0.0,0.0,0.0,-0.0
2021-12-21 00:00:00+00:00,20260201_193429_467820e7_StateSignal_XLE,0.0,0.0,1.0,1.0,0.0,0.0,0.0,-0.0
2021-12-22 00:00:00+00:00,20260201_193429_467820e7_StateSignal_XLE,0.0,0.0,1.0,1.0,0.0,0.0,0.0,0.0
2021-12-23 00:00:00+00:00,20260201_193429_467820e7_StateSignal_XLE,0.0,0.0,1.0,1.0,0.0,0.0,0.0,0.0
2021-12-27 00:00:00+00:00,20260201_193429_467820e7_StateSignal_XLE,0.0,0.0,1.0,1.0,0.0,0.0,0.0,0.0
2021-12-28 00:00:00+00:00,20260201_193429_467820e7_StateSignal_XLE,0.0,0.0,1.0,1.0,0.0,0.0,0.0,0.0
2021-12-29 00:00:00+00:00,20260201_193429_467820e7_StateSignal_XLE,0.0,0.0,1.0,1.0,0.0,0.0,0.0,0.0
2021-12-30 00:00:00+00:00,20260201_193429_467820e7_StateSignal_XLE,0.0,0.0,1.0,1.0,0.0,0.0,0.0,-0.0
2021-12-31 00:00:00+00:00,20260201_193429_467820e7_StateSignal_XLE,0.0,0.0,1.0,1.0,0.0,0.0,0.0,-0.0
2022-01-03 00:00:00+00:00,20260201_193429_467820e7_StateSignal_XLE,0.0,0.0,1.0,1.0,0.0,0.0,0.0,0.0
2022-01-04 00:00:00+00:00,20260201_193429_467820e7_StateSignal_XLE,0.0,0.0,1.0,1.0,0.0,0.0,0.0,0.0
2022-01-05 00:00:00+00:00,20260201_193429_467820e7_StateSignal_XLE,0.0,0.0,1.0,1.0,0.0,0.0,0.0,0.0
2022-01-06 00:00:00+00:00,20260201_193429_467820e7_StateSignal_XLE,0.0,0.0,1.0,1.0,0.0,0.0,0.0,0.0
2022-01-07 00:00:00+00:00,20260201_193429_467820e7_StateSignal_XLE,0.0,0.0,1.0,1.0,0.0,0.0,0.0,0.0
2022-01-10 00:00:00+00:00,20260201_193429_467820e7_StateSignal_XLE,0.0,0.0,1.0,1.0,0.0,0.0,0.0,0.0
2022-01-11 00:00:00+00:00,20260201_193429_467820e7_StateSignal_XLE,0.0,0.0,1.0,1.0,0.0,0.0,0.0,-0.0
2022-01-12 00:00:00+00:00,20260201_193429_467820e7_StateSignal_XLE,0.0,0.0,1.0,1.0,0.0,0.0,0.0,0.0
2022-01-13 00:00:00+00:00,20260201_193429_467820e7_StateSignal_XLE,0.0,0.0,1.0,1.0,0.0,0.0,0.0,0.0
2022-01-14 00:00:00+00:00,20260201_193429_467820e7_StateSignal_XLE,0.0,0.0,1.0,1.0,0.0,0.0,0.0,0.0
2022-01-18 00:00:00+00:00,20260201_193429_467820e7_StateSignal_XLE,0.0,0.0,1.0,1.0,0.0,0.0,0.0,0.0
2022-01-19 00:00:00+00:00,20260201_193429_467820e7_StateSignal_XLE,0.0,0.0,1.0,1.0,0.0,0.0,0.0,0.0
2022-01-20 00:00:00+00:00,20260201_193429_467820e7_StateSignal_XLE,0.0,0.0,1.0,1.0,0.0,0.0,0.0,-0.0
2022-01-21 00:00:00+00:00,20260201_193429_467820e7_StateSignal_XLE,0.0,0.0,1.0,1.0,0.0,0.0,0.0,0.0
2022-01-24 00:00:00+00:00,20260201_193429_467820e7_StateSignal_XLE,0.0,0.0,1.0,1.0,0.0,0.0,0.0,-0.0
2022-01-25 00:00:00+00:00,20260201_193429_467820e7_StateSignal_XLE,0.0,0.0,1.0,1.0,0.0,0.0,0.0,-0.0
2022-01-26 00:00:00+00:00,20260201_193429_467820e7_StateSignal_XLE,0.0,0.0,1.0,1.0,0.0,0.0,0.0,0.0
2022-01-27 00:00:00+00:00,20260201_193429_467820e7_StateSignal_XLE,0.0,0.0,1.0,1.0,0.0,0.0,0.0,0.0
2022-01-28 00:00:00+00:00,20260201_193429_467820e7_StateSignal_XLE,0.0,0.0,1.0,1.0,0.0,0.0,0.0,-0.0
2022-01-31 00:00:00+00:00,20260201_193429_467820e7_StateSignal_XLE,0.0,0.0,1.0,1.0,0.0,0.0,0.0,-0.0
2022-02-01 00:00:00+00:00,20260201_193429_467820e7_StateSignal_XLE,0.0,0.0,1.0,1.0,0.0,0.0,0.0,0.0
2022-02-02 00:00:00+00:00,20260201_193429_467820e7_StateSignal_XLE,0.0,0.0,1.0,1.0,0.0,0.0,0.0,0.0
2022-02-03 00:00:00+00:00,20260201_193429_467820e7_StateSignal_XLE,0.0,0.0,1.0,1.0,0.0,0.0,0.0,0.0
2022-02-04 00:00:00+00:00,20260201_193429_467820e7_StateSignal_XLE,0.0,0.0,1.0,1.0,0.0,0.0,0.0,-0.0
2022-02-07 00:00:00+00:00,20260201_193429_467820e7_StateSignal_XLE,0.0,0.0,1.0,1.0,0.0,0.0,0.0,0.0
2022-02-08 00:00:00+00:00,20260201_193429_467820e7_StateSignal_XLE,0.0,0.0,1.0,1.0,0.0,0.0,0.0,0.0
2022-02-09 00:00:00+00:00,20260201_193429_467820e7_StateSignal_XLE,0.0,0.0,1.0,1.0,0.0,0.0,0.0,-0.0
2022-02-10 00:00:00+00:00,20260201_193429_467820e7_StateSignal_XLE,0.0,0.0,1.0,1.0,0.0,0.0,0.0,0.0
2022-02-11 00:00:00+00:00,20260201_193429_467820e7_StateSignal_XLE,0.0,0.0,1.0,1.0,0.0,0.0,0.0,-0.0
2022-02-14 00:00:00+00:00,20260201_193429_467820e7_StateSignal_XLE,0.0,0.0,1.0,1.0,0.0,0.0,0.0,0.0
2022-02-15 00:00:00+00:00,20260201_193429_467820e7_StateSignal_XLE,0.0,0.0,1.0,1.0,0.0,0.0,0.0,-0.0
2022-02-16 00:00:00+00:00,20260201_193429_467820e7_StateSignal_XLE,0.0,0.0,1.0,1.0,0.0,0.0,0.0,-0.0
2022-02-17 00:00:00+00:00,20260201_193429_467820e7_StateSignal_XLE,0.0,0.0,1.0,1.0,0.0,0.0,0.0,0.0
2022-02-18 00:00:00+00:00,20260201_193429_467820e7_StateSignal_XLE,0.0,0.0,1.0,1.0,0.0,0.0,0.0,-0.0
2022-02-22 00:00:00+00:00,20260201_193429_467820e7_StateSignal_XLE,0.0,0.0,1.0,1.0,0.0,0.0,0.0,-0.0
2022-02-23 00:00:00+00:00,20260201_193429_467820e7_StateSignal_XLE,0.0,0.0,1.0,1.0,0.0,0.0,0.0,-0.0
2022-02-24 00:00:00+00:00,20260201_193429_467820e7_StateSignal_XLE,0.0,0.0,1.0,1.0,0.0,0.0,0.0,0.0
2022-02-25 00:00:00+00:00,20260201_193429_467820e7_StateSignal_XLE,0.0,0.0,1.0,1.0,0.0,0.0,0.0,-0.0
2022-02-28 00:00:00+00:00,20260201_193429_467820e7_StateSignal_XLE,0.0,0.0,1.0,1.0,0.0,0.0,0.0,0.0
2022-03-01 00:00:00+00:00,20260201_193429_467820e7_StateSignal_XLE,0.0,0.0,1.0,1.0,0.0,0.0,0.0,0.0
2022-03-02 00:00:00+00:00,20260201_193429_467820e7_StateSignal_XLE,0.0,0.0,1.0,1.0,0.0,0.0,0.0,0.0
2022-03-03 00:00:00+00:00,20260201_193429_467820e7_StateSignal_XLE,0.0,0.0,1.0,1.0,0.0,0.0,0.0,0.0
2022-03-04 00:00:00+00:00,20260201_193429_467820e7_StateSignal_XLE,0.0,0.0,1.0,1.0,0.0,0.0,0.0,-0.0
2022-03-07 00:00:00+00:00,20260201_193429_467820e7_StateSignal_XLE,0.0,0.0,1.0,1.0,0.0,0.0,0.0,0.0
2022-03-08 00:00:00+00:00,20260201_193429_467820e7_StateSignal_XLE,0.0,0.0,1.0,1.0,0.0,0.0,0.0,0.0
2022-03-09 00:00:00+00:00,20260201_193429_467820e7_StateSignal_XLE,0.0,0.0,1.0,1.0,0.0,0.0,0.0,0.0
2022-03-10 00:00:00+00:00,20260201_193429_467820e7_StateSignal_XLE,0.0,0.0,1.0,1.0,0.0,0.0,0.0,-0.0
2022-03-11 00:00:00+00:00,20260201_193429_467820e7_StateSignal_XLE,0.0,0.0,1.0,1.0,0.0,0.0,0.0,0.0
2022-03-14 00:00:00+00:00,20260201_193429_467820e7_StateSignal_XLE,0.0,0.0,1.0,1.0,0.0,0.0,0.0,0.0
2022-03-15 00:00:00+00:00,20260201_193429_467820e7_StateSignal_XLE,0.0,0.0,1.0,1.0,0.0,0.0,0.0,-0.0
2022-03-16 00:00:00+00:00,20260201_193429_467820e7_StateSignal_XLE,0.0,0.0,1.0,1.0,0.0,0.0,0.0,-0.0
2022-03-17 00:00:00+00:00,20260201_193429_467820e7_StateSignal_XLE,0.0,0.0,1.0,1.0,0.0,0.0,0.0,-0.0
2022-03-18 00:00:00+00:00,20260201_193429_467820e7_StateSignal_XLE,0.0,0.0,1.0,1.0,0.0,0.0,0.0,0.0
2022-03-21 00:00:00+00:00,20260201_193429_467820e7_StateSignal_XLE,0.0,0.0,1.0,1.0,0.0,0.0,0.0,-0.0
2022-03-22 00:00:00+00:00,20260201_193429_467820e7_StateSignal_XLE,0.0,0.0,1.0,1.0,0.0,0.0,0.0,0.0
2022-03-23 00:00:00+00:00,20260201_193429_467820e7_StateSignal_XLE,0.0,0.0,1.0,1.0,0.0,0.0,0.0,-0.0
2022-03-24 00:00:00+00:00,20260201_193429_467820e7_StateSignal_XLE,0.0,0.0,1.0,1.0,0.0,0.0,0.0,0.0
2022-03-25 00:00:00+00:00,20260201_193429_467820e7_StateSignal_XLE,0.0,0.0,1.0,1.0,0.0,0.0,0.0,-0.0
2022-03-28 00:00:00+00:00,20260201_193429_467820e7_StateSignal_XLE,0.0,0.0,1.0,1.0,0.0,0.0,0.0,0.0
2022-03-29 00:00:00+00:00,20260201_193429_467820e7_StateSignal_XLE,0.0,0.0,1.0,1.0,0.0,0.0,0.0,-0.0
2022-03-30 00:00:00+00:00,20260201_193429_467820e7_StateSignal_XLE,0.0,0.0,1.0,1.0,0.0,0.0,0.0,-0.0
2022-03-31 00:00:00+00:00,20260201_193429_467820e7_StateSignal_XLE,0.0,0.0,1.0,1.0,0.0,0.0,0.0,0.0
2022-04-01 00:00:00+00:00,20260201_193429_467820e7_StateSignal_XLE,0.0,0.0,1.0,1.0,0.0,0.0,0.0,-0.0
2022-04-04 00:00:00+00:00,20260201_193429_467820e7_StateSignal_XLE,0.0,0.0,1.0,1.0,0.0,0.0,0.0,-0.0
2022-04-05 00:00:00+00:00,20260201_193429_467820e7_StateSignal_XLE,0.0,0.0,1.0,1.0,0.0,0.0,0.0,0.0
2022-04-06 00:00:00+00:00,20260201_193429_467820e7_StateSignal_XLE,0.0,0.0,1.0,1.0,0.0,0.0,0.0,-0.0
2022-04-07 00:00:00+00:00,20260201_193429_467820e7_StateSignal_XLE,0.0,0.0,1.0,1.0,0.0,0.0,0.0,-0.0
2022-04-08 00:00:00+00:00,20260201_193429_467820e7_StateSignal_XLE,0.0,0.0,1.0,1.0,0.0,0.0,0.0,0.0
2022-04-11 00:00:00+00:00,20260201_193429_467820e7_StateSignal_XLE,0.0,0.0,1.0,1.0,0.0,0.0,0.0,0.0
2022-04-12 00:00:00+00:00,20260201_193429_467820e7_StateSignal_XLE,0.0,0.0,1.0,1.0,0.0,0.0,0.0,-0.0
2022-04-13 00:00:00+00:00,20260201_193429_467820e7_StateSignal_XLE,0.0,0.0,1.0,1.0,0.0,0.0,0.0,0.0
2022-04-14 00:00:00+00:00,20260201_193429_467820e7_StateSignal_XLE,0.0,0.0,1.0,1.0,0.0,0.0,0.0,0.0
2022-04-18 00:00:00+00:00,20260201_193429_467820e7_StateSignal_XLE,0.0,0.0,1.0,1.0,0.0,0.0,0.0,0.0
2022-04-19 00:00:00+00:00,20260201_193429_467820e7_StateSignal_XLE,0.0,0.0,1.0,1.0,0.0,0.0,0.0,0.0
2022-04-20 00:00:00+00:00,20260201_193429_467820e7_StateSignal_XLE,0.0,0.0,1.0,1.0,0.0,0.0,0.0,-0.0
2022-04-21 00:00:00+00:00,20260201_193429_467820e7_StateSignal_XLE,0.0,0.0,1.0,1.0,0.0,0.0,0.0,-0.0
2022-04-22 00:00:00+00:00,20260201_193429_467820e7_StateSignal_XLE,0.0,0.0,1.0,1.0,0.0,0.0,0.0,-0.0
2022-04-25 00:00:00+00:00,20260201_193429_467820e7_StateSignal_XLE,0.0,0.0,1.0,1.0,0.0,0.0,0.0,-0.0
2022-04-26 00:00:00+00:00,20260201_193429_467820e7_StateSignal_XLE,0.0,0.0,1.0,1.0,0.0,0.0,0.0,-0.0
2022-04-27 00:00:00+00:00,20260201_193429_467820e7_StateSignal_XLE,0.0,0.0,1.0,1.0,0.0,0.0,0.0,0.0
2022-04-28 00:00:00+00:00,20260201_193429_467820e7_StateSignal_XLE,0.0,0.0,1.0,1.0,0.0,0.0,0.0,0.0
2022-04-29 00:00:00+00:00,20260201_193429_467820e7_StateSignal_XLE,0.0,0.0,1.0,1.0,0.0,0.0,0.0,0.0
2022-05-02 00:00:00+00:00,20260201_193429_467820e7_StateSignal_XLE,0.0,0.0,1.0,1.0,0.0,0.0,0.0,-0.0
2022-05-03 00:00:00+00:00,20260201_193429_467820e7_StateSignal_XLE,0.0,0.0,1.0,1.0,0.0,0.0,0.0,-0.0
2022-05-04 00:00:00+00:00,20260201_193429_467820e7_StateSignal_XLE,0.0,0.0,1.0,1.0,0.0,0.0,0.0,0.0
2022-05-05 00:00:00+00:00,20260201_193429_467820e7_StateSignal_XLE,0.0,0.0,1.0,1.0,0.0,0.0,0.0,0.0
2022-05-06 00:00:00+00:00,20260201_193429_467820e7_StateSignal_XLE,0.0,0.0,1.0,1.0,0.0,0.0,0.0,-0.0
2022-05-09 00:00:00+00:00,20260201_193429_467820e7_StateSignal_XLE,0.0,0.0,1.0,1.0,0.0,0.0,0.0,0.0
2022-05-10 00:00:00+00:00,20260201_193429_467820e7_StateSignal_XLE,0.0,0.0,1.0,1.0,0.0,0.0,0.0,-0.0
2022-05-11 00:00:00+00:00,20260201_193429_467820e7_StateSignal_XLE,0.0,0.0,1.0,1.0,0.0,0.0,0.0,-0.0
2022-05-12 00:00:00+00:00,20260201_193429_467820e7_StateSignal_XLE,0.0,0.0,1.0,1.0,0.0,0.0,0.0,0.0
2022-05-13 00:00:00+00:00,20260201_193429_467820e7_StateSignal_XLE,0.0,0.0,1.0,1.0,0.0,0.0,0.0,-0.0
2022-05-16 00:00:00+00:00,20260201_193429_467820e7_StateSignal_XLE,0.0,0.0,1.0,1.0,0.0,0.0,0.0,0.0
2022-05-17 00:00:00+00:00,20260201_193429_467820e7_StateSignal_XLE,0.0,0.0,1.0,1.0,0.0,0.0,0.0,0.0
2022-05-18 00:00:00+00:00,20260201_193429_467820e7_StateSignal_XLE,0.0,0.0,1.0,1.0,0.0,0.0,0.0,0.0
2022-05-19 00:00:00+00:00,20260201_193429_467820e7_StateSignal_XLE,0.0,0.0,1.0,1.0,0.0,0.0,0.0,-0.0
2022-05-20 00:00:00+00:00,20260201_193429_467820e7_StateSignal_XLE,0.0,0.0,1.0,1.0,0.0,0.0,0.0,0.0
2022-05-23 00:00:00+00:00,20260201_193429_467820e7_StateSignal_XLE,0.0,0.0,1.0,1.0,0.0,0.0,0.0,-0.0
2022-05-24 00:00:00+00:00,20260201_193429_467820e7_StateSignal_XLE,0.0,0.0,1.0,1.0,0.0,0.0,0.0,0.0
2022-05-25 00:00:00+00:00,20260201_193429_467820e7_StateSignal_XLE,0.0,0.0,1.0,1.0,0.0,0.0,0.0,-0.0
2022-05-26 00:00:00+00:00,20260201_193429_467820e7_StateSignal_XLE,0.0,0.0,1.0,1.0,0.0,0.0,0.0,0.0
2022-05-27 00:00:00+00:00,20260201_193429_467820e7_StateSignal_XLE,0.0,0.0,1.0,1.0,0.0,0.0,0.0,0.0
2022-05-31 00:00:00+00:00,20260201_193429_467820e7_StateSignal_XLE,0.0,0.0,1.0,1.0,0.0,0.0,0.0,0.0
2022-06-01 00:00:00+00:00,20260201_193429_467820e7_StateSignal_XLE,0.0,0.0,1.0,1.0,0.0,0.0,0.0,-0.0
2022-06-02 00:00:00+00:00,20260201_193429_467820e7_StateSignal_XLE,0.0,0.0,1.0,1.0,0.0,0.0,0.0,0.0
2022-06-03 00:00:00+00:00,20260201_193429_467820e7_StateSignal_XLE,0.0,0.0,1.0,1.0,0.0,0.0,0.0,-0.0
2022-06-06 00:00:00+00:00,20260201_193429_467820e7_StateSignal_XLE,0.0,0.0,1.0,1.0,0.0,0.0,0.0,0.0
2022-06-07 00:00:00+00:00,20260201_193429_467820e7_StateSignal_XLE,0.0,0.0,1.0,1.0,0.0,0.0,0.0,-0.0
2022-06-08 00:00:00+00:00,20260201_193429_467820e7_StateSignal_XLE,0.0,0.0,1.0,1.0,0.0,0.0,0.0,0.0
2022-06-09 00:00:00+00:00,20260201_193429_467820e7_StateSignal_XLE,0.0,0.0,1.0,1.0,0.0,0.0,0.0,0.0
2022-06-10 00:00:00+00:00,20260201_193429_467820e7_StateSignal_XLE,0.0,0.0,1.0,1.0,0.0,0.0,0.0,-0.0
2022-06-13 00:00:00+00:00,20260201_193429_467820e7_StateSignal_XLE,0.0,0.0,1.0,1.0,0.0,0.0,0.0,-0.0
2022-06-14 00:00:00+00:00,20260201_193429_467820e7_StateSignal_XLE,0.0,0.0,1.0,1.0,0.0,0.0,0.0,-0.0
2022-06-15 00:00:00+00:00,20260201_193429_467820e7_StateSignal_XLE,0.0,0.0,1.0,1.0,0.0,0.0,0.0,-0.0
2022-06-16 00:00:00+00:00,20260201_193429_467820e7_StateSignal_XLE,0.0,0.0,1.0,1.0,0.0,0.0,0.0,-0.0
2022-06-17 00:00:00+00:00,20260201_193429_467820e7_StateSignal_XLE,0.0,0.0,1.0,1.0,0.0,0.0,0.0,-0.0
2022-06-21 00:00:00+00:00,20260201_193429_467820e7_StateSignal_XLE,0.0,0.0,1.0,1.0,0.0,0.0,0.0,-0.0
2022-06-22 00:00:00+00:00,20260201_193429_467820e7_StateSignal_XLE,0.0,0.0,1.0,1.0,0.0,0.0,0.0,0.0
2022-06-23 00:00:00+00:00,20260201_193429_467820e7_StateSignal_XLE,0.0,0.0,1.0,1.0,0.0,0.0,0.0,-0.0
2022-06-24 00:00:00+00:00,20260201_193429_467820e7_StateSignal_XLE,0.0,0.0,1.0,1.0,0.0,0.0,0.0,-0.0
2022-06-27 00:00:00+00:00,20260201_193429_467820e7_StateSignal_XLE,0.0,0.0,1.0,1.0,0.0,0.0,0.0,0.0
2022-06-28 00:00:00+00:00,20260201_193429_467820e7_StateSignal_XLE,0.0,0.0,1.0,1.0,0.0,0.0,0.0,0.0
2022-06-29 00:00:00+00:00,20260201_193429_467820e7_StateSignal_XLE,0.0,0.0,1.0,1.0,0.0,0.0,0.0,0.0
2022-06-30 00:00:00+00:00,20260201_193429_467820e7_StateSignal_XLE,0.0,0.0,1.0,1.0,0.0,0.0,0.0,-0.0
2022-07-01 00:00:00+00:00,20260201_193429_467820e7_StateSignal_XLE,0.0,0.0,1.0,1.0,0.0,0.0,0.0,-0.0
2022-07-05 00:00:00+00:00,20260201_193429_467820e7_StateSignal_XLE,0.0,0.0,1.0,1.0,0.0,0.0,0.0,0.0
2022-07-06 00:00:00+00:00,20260201_193429_467820e7_StateSignal_XLE,0.0,0.0,1.0,1.0,0.0,0.0,0.0,-0.0
2022-07-07 00:00:00+00:00,20260201_193429_467820e7_StateSignal_XLE,0.0,0.0,1.0,1.0,0.0,0.0,0.0,-0.0
2022-07-08 00:00:00+00:00,20260201_193429_467820e7_StateSignal_XLE,0.0,0.0,1.0,1.0,0.0,0.0,0.0,0.0
2022-07-11 00:00:00+00:00,20260201_193429_467820e7_StateSignal_XLE,0.0,0.0,1.0,1.0,0.0,0.0,0.0,-0.0
2022-07-12 00:00:00+00:00,20260201_193429_467820e7_StateSignal_XLE,0.0,0.0,1.0,1.0,0.0,0.0,0.0,-0.0
2022-07-13 00:00:00+00:00,20260201_193429_467820e7_StateSignal_XLE,0.0,0.0,1.0,1.0,0.0,0.0,0.0,-0.0
2022-07-14 00:00:00+00:00,20260201_193429_467820e7_StateSignal_XLE,0.0,0.0,1.0,1.0,0.0,0.0,0.0,0.0
2022-07-15 00:00:00+00:00,20260201_193429_467820e7_StateSignal_XLE,0.0,0.0,1.0,1.0,0.0,0.0,0.0,-0.0
2022-07-18 00:00:00+00:00,20260201_193429_467820e7_StateSignal_XLE,0.0,0.0,1.0,1.0,0.0,0.0,0.0,0.0
2022-07-19 00:00:00+00:00,20260201_193429_467820e7_StateSignal_XLE,0.0,0.0,1.0,1.0,0.0,0.0,0.0,0.0
2022-07-20 00:00:00+00:00,20260201_193429_467820e7_StateSignal_XLE,0.0,0.0,1.0,1.0,0.0,0.0,0.0,0.0
2022-07-21 00:00:00+00:00,20260201_193429_467820e7_StateSignal_XLE,0.0,0.0,1.0,1.0,0.0,0.0,0.0,0.0
2022-07-22 00:00:00+00:00,20260201_193429_467820e7_StateSignal_XLE,0.0,0.0,1.0,1.0,0.0,0.0,0.0,-0.0
2022-07-25 00:00:00+00:00,20260201_193429_467820e7_StateSignal_XLE,0.0,0.0,1.0,1.0,0.0,0.0,0.0,0.0
2022-07-26 00:00:00+00:00,20260201_193429_467820e7_StateSignal_XLE,0.0,0.0,1.0,1.0,0.0,0.0,0.0,0.0
2022-07-27 00:00:00+00:00,20260201_193429_467820e7_StateSignal_XLE,0.0,0.0,1.0,1.0,0.0,0.0,0.0,-0.0
2022-07-28 00:00:00+00:00,20260201_193429_467820e7_StateSignal_XLE,0.0,0.0,1.0,1.0,0.0,0.0,0.0,0.0
2022-07-29 00:00:00+00:00,20260201_193429_467820e7_StateSignal_XLE,0.0,0.0,1.0,1.0,0.0,0.0,0.0,0.0
2022-08-01 00:00:00+00:00,20260201_193429_467820e7_StateSignal_XLE,0.0,0.0,1.0,1.0,0.0,0.0,0.0,0.0
2022-08-02 00:00:00+00:00,20260201_193429_467820e7_StateSignal_XLE,0.0,0.0,1.0,1.0,0.0,0.0,0.0,-0.0
2022-08-03 00:00:00+00:00,20260201_193429_467820e7_StateSignal_XLE,0.0,0.0,1.0,1.0,0.0,0.0,0.0,0.0
2022-08-04 00:00:00+00:00,20260201_193429_467820e7_StateSignal_XLE,0.0,0.0,1.0,1.0,0.0,0.0,0.0,-0.0
2022-08-05 00:00:00+00:00,20260201_193429_467820e7_StateSignal_XLE,0.0,0.0,1.0,1.0,0.0,0.0,0.0,-0.0
2022-08-08 00:00:00+00:00,20260201_193429_467820e7_StateSignal_XLE,0.0,0.0,1.0,1.0,0.0,0.0,0.0,0.0
2022-08-09 00:00:00+00:00,20260201_193429_467820e7_StateSignal_XLE,0.0,0.0,1.0,1.0,0.0,0.0,0.0,0.0
2022-08-10 00:00:00+00:00,20260201_193429_467820e7_StateSignal_XLE,0.0,0.0,1.0,1.0,0.0,0.0,0.0,0.0
2022-08-11 00:00:00+00:00,20260201_193429_467820e7_StateSignal_XLE,0.0,0.0,1.0,1.0,0.0,0.0,0.0,0.0
2022-08-12 00:00:00+00:00,20260201_193429_467820e7_StateSignal_XLE,0.0,0.0,1.0,1.0,0.0,0.0,0.0,0.0
2022-08-15 00:00:00+00:00,20260201_193429_467820e7_StateSignal_XLE,0.0,0.0,1.0,1.0,0.0,0.0,0.0,0.0
2022-08-16 00:00:00+00:00,20260201_193429_467820e7_StateSignal_XLE,0.0,0.0,1.0,1.0,0.0,0.0,0.0,-0.0
2022-08-17 00:00:00+00:00,20260201_193429_467820e7_StateSignal_XLE,0.0,0.0,1.0,1.0,0.0,0.0,0.0,0.0
2022-08-18 00:00:00+00:00,20260201_193429_467820e7_StateSignal_XLE,0.0,0.0,1.0,1.0,0.0,0.0,0.0,0.0
2022-08-19 00:00:00+00:00,20260201_193429_467820e7_StateSignal_XLE,0.0,0.0,1.0,1.0,0.0,0.0,0.0,0.0
2022-08-22 00:00:00+00:00,20260201_193429_467820e7_StateSignal_XLE,0.0,0.0,1.0,1.0,0.0,0.0,0.0,0.0
2022-08-23 00:00:00+00:00,20260201_193429_467820e7_StateSignal_XLE,0.0,0.0,1.0,1.0,0.0,0.0,0.0,-0.0
2022-08-24 00:00:00+00:00,20260201_193429_467820e7_StateSignal_XLE,0.0,0.0,1.0,1.0,0.0,0.0,0.0,0.0
2022-08-25 00:00:00+00:00,20260201_193429_467820e7_StateSignal_XLE,0.0,0.0,1.0,1.0,0.0,0.0,0.0,0.0
2022-08-26 00:00:00+00:00,20260201_193429_467820e7_StateSignal_XLE,0.0,0.0,1.0,1.0,0.0,0.0,0.0,0.0
2022-08-29 00:00:00+00:00,20260201_193429_467820e7_StateSignal_XLE,0.0,0.0,1.0,1.0,0.0,0.0,0.0,-0.0
2022-08-30 00:00:00+00:00,20260201_193429_467820e7_StateSignal_XLE,0.0,0.0,1.0,1.0,0.0,0.0,0.0,0.0
2022-08-31 00:00:00+00:00,20260201_193429_467820e7_StateSignal_XLE,0.0,0.0,1.0,1.0,0.0,0.0,0.0,-0.0
2022-09-01 00:00:00+00:00,20260201_193429_467820e7_StateSignal_XLE,0.0,0.0,1.0,1.0,0.0,0.0,0.0,-0.0
2022-09-02 00:00:00+00:00,20260201_193429_467820e7_StateSignal_XLE,0.0,0.0,1.0,1.0,0.0,0.0,0.0,-0.0
2022-09-06 00:00:00+00:00,20260201_193429_467820e7_StateSignal_XLE,0.0,0.0,1.0,1.0,0.0,0.0,0.0,0.0
2022-09-07 00:00:00+00:00,20260201_193429_467820e7_StateSignal_XLE,0.0,0.0,1.0,1.0,0.0,0.0,0.0,-0.0
2022-09-08 00:00:00+00:00,20260201_193429_467820e7_StateSignal_XLE,0.0,0.0,1.0,1.0,0.0,0.0,0.0,-0.0
2022-09-09 00:00:00+00:00,20260201_193429_467820e7_StateSignal_XLE,0.0,0.0,1.0,1.0,0.0,0.0,0.0,0.0
2022-09-12 00:00:00+00:00,20260201_193429_467820e7_StateSignal_XLE,0.0,0.0,1.0,1.0,0.0,0.0,0.0,0.0
2022-09-13 00:00:00+00:00,20260201_193429_467820e7_StateSignal_XLE,0.0,0.0,1.0,1.0,0.0,0.0,0.0,0.0
2022-09-14 00:00:00+00:00,20260201_193429_467820e7_StateSignal_XLE,0.0,0.0,1.0,1.0,0.0,0.0,0.0,-0.0
2022-09-15 00:00:00+00:00,20260201_193429_467820e7_StateSignal_XLE,0.0,0.0,1.0,1.0,0.0,0.0,0.0,0.0
2022-09-16 00:00:00+00:00,20260201_193429_467820e7_StateSignal_XLE,0.0,0.0,1.0,1.0,0.0,0.0,0.0,-0.0
2022-09-19 00:00:00+00:00,20260201_193429_467820e7_StateSignal_XLE,0.0,0.0,1.0,1.0,0.0,0.0,0.0,-0.0
2022-09-20 00:00:00+00:00,20260201_193429_467820e7_StateSignal_XLE,0.0,0.0,1.0,1.0,0.0,0.0,0.0,-0.0
2022-09-21 00:00:00+00:00,20260201_193429_467820e7_StateSignal_XLE,0.0,0.0,1.0,1.0,0.0,0.0,0.0,-0.0
2022-09-22 00:00:00+00:00,20260201_193429_467820e7_StateSignal_XLE,0.0,0.0,1.0,1.0,0.0,0.0,0.0,0.0
2022-09-23 00:00:00+00:00,20260201_193429_467820e7_StateSignal_XLE,0.0,0.0,1.0,1.0,0.0,0.0,0.0,-0.0
2022-09-26 00:00:00+00:00,20260201_193429_467820e7_StateSignal_XLE,0.0,0.0,1.0,1.0,0.0,0.0,0.0,-0.0
2022-09-27 00:00:00+00:00,20260201_193429_467820e7_StateSignal_XLE,0.0,0.0,1.0,1.0,0.0,0.0,0.0,-0.0
2022-09-28 00:00:00+00:00,20260201_193429_467820e7_StateSignal_XLE,0.0,0.0,1.0,1.0,0.0,0.0,0.0,0.0
2022-09-29 00:00:00+00:00,20260201_193429_467820e7_StateSignal_XLE,0.0,0.0,1.0,1.0,0.0,0.0,0.0,0.0
2022-09-30 00:00:00+00:00,20260201_193429_467820e7_StateSignal_XLE,0.0,0.0,1.0,1.0,0.0,0.0,0.0,-0.0
2022-10-03 00:00:00+00:00,20260201_193429_467820e7_StateSignal_XLE,0.0,0.0,1.0,1.0,0.0,0.0,0.0,0.0
2022-10-04 00:00:00+00:00,20260201_193429_467820e7_StateSignal_XLE,0.0,0.0,1.0,1.0,0.0,0.0,0.0,0.0
2022-10-05 00:00:00+00:00,20260201_193429_467820e7_StateSignal_XLE,0.0,0.0,1.0,1.0,0.0,0.0,0.0,0.0
2022-10-06 00:00:00+00:00,20260201_193429_467820e7_StateSignal_XLE,0.0,0.0,1.0,1.0,0.0,0.0,0.0,0.0
2022-10-07 00:00:00+00:00,20260201_193429_467820e7_StateSignal_XLE,0.0,0.0,1.0,1.0,0.0,0.0,0.0,0.0
2022-10-10 00:00:00+00:00,20260201_193429_467820e7_StateSignal_XLE,0.0,0.0,1.0,1.0,0.0,0.0,0.0,0.0
2022-10-11 00:00:00+00:00,20260201_193429_467820e7_StateSignal_XLE,0.0,0.0,1.0,1.0,0.0,0.0,0.0,-0.0
2022-10-12 00:00:00+00:00,20260201_193429_467820e7_StateSignal_XLE,0.0,0.0,1.0,1.0,0.0,0.0,0.0,-0.0
2022-10-13 00:00:00+00:00,20260201_193429_467820e7_StateSignal_XLE,0.0,0.0,1.0,1.0,0.0,0.0,0.0,0.0
2022-10-14 00:00:00+00:00,20260201_193429_467820e7_StateSignal_XLE,0.0,0.0,1.0,1.0,0.0,0.0,0.0,0.0
2022-10-17 00:00:00+00:00,20260201_193429_467820e7_StateSignal_XLE,0.0,0.0,1.0,1.0,0.0,0.0,0.0,-0.0
2022-10-18 00:00:00+00:00,20260201_193429_467820e7_StateSignal_XLE,0.0,0.0,1.0,1.0,0.0,0.0,0.0,0.0
2022-10-19 00:00:00+00:00,20260201_193429_467820e7_StateSignal_XLE,0.0,0.0,1.0,1.0,0.0,0.0,0.0,0.0
2022-10-20 00:00:00+00:00,20260201_193429_467820e7_StateSignal_XLE,0.0,0.0,1.0,1.0,0.0,0.0,0.0,0.0
2022-10-21 00:00:00+00:00,20260201_193429_467820e7_StateSignal_XLE,0.0,0.0,1.0,1.0,0.0,0.0,0.0,0.0
2022-10-24 00:00:00+00:00,20260201_193429_467820e7_StateSignal_XLE,0.0,0.0,1.0,1.0,0.0,0.0,0.0,0.0
2022-10-25 00:00:00+00:00,20260201_193429_467820e7_StateSignal_XLE,0.0,0.0,1.0,1.0,0.0,0.0,0.0,0.0
2022-10-26 00:00:00+00:00,20260201_193429_467820e7_StateSignal_XLE,0.0,0.0,1.0,1.0,0.0,0.0,0.0,-0.0
2022-10-27 00:00:00+00:00,20260201_193429_467820e7_StateSignal_XLE,0.0,0.0,1.0,1.0,0.0,0.0,0.0,0.0
2022-10-28 00:00:00+00:00,20260201_193429_467820e7_StateSignal_XLE,0.0,0.0,1.0,1.0,0.0,0.0,0.0,0.0
2022-10-31 00:00:00+00:00,20260201_193429_467820e7_StateSignal_XLE,0.0,0.0,1.0,1.0,0.0,0.0,0.0,0.0
2022-11-01 00:00:00+00:00,20260201_193429_467820e7_StateSignal_XLE,0.0,0.0,1.0,1.0,0.0,0.0,0.0,0.0
2022-11-02 00:00:00+00:00,20260201_193429_467820e7_StateSignal_XLE,0.0,0.0,1.0,1.0,0.0,0.0,0.0,0.0
2022-11-03 00:00:00+00:00,20260201_193429_467820e7_StateSignal_XLE,0.0,0.0,1.0,1.0,0.0,0.0,0.0,-0.0
2022-11-04 00:00:00+00:00,20260201_193429_467820e7_StateSignal_XLE,0.0,0.0,1.0,1.0,0.0,0.0,0.0,0.0
2022-11-07 00:00:00+00:00,20260201_193429_467820e7_StateSignal_XLE,0.0,0.0,1.0,1.0,0.0,0.0,0.0,0.0
2022-11-08 00:00:00+00:00,20260201_193429_467820e7_StateSignal_XLE,0.0,0.0,1.0,1.0,0.0,0.0,0.0,0.0
2022-11-09 00:00:00+00:00,20260201_193429_467820e7_StateSignal_XLE,0.0,0.0,1.0,1.0,0.0,0.0,0.0,-0.0
2022-11-10 00:00:00+00:00,20260201_193429_467820e7_StateSignal_XLE,0.0,0.0,1.0,1.0,0.0,0.0,0.0,-0.0
2022-11-11 00:00:00+00:00,20260201_193429_467820e7_StateSignal_XLE,0.0,0.0,1.0,1.0,0.0,0.0,0.0,0.0
2022-11-14 00:00:00+00:00,20260201_193429_467820e7_StateSignal_XLE,0.0,0.0,1.0,1.0,0.0,0.0,0.0,0.0
2022-11-15 00:00:00+00:00,20260201_193429_467820e7_StateSignal_XLE,0.0,0.0,1.0,1.0,0.0,0.0,0.0,0.0
2022-11-16 00:00:00+00:00,20260201_193429_467820e7_StateSignal_XLE,0.0,0.0,1.0,1.0,0.0,0.0,0.0,-0.0
2022-11-17 00:00:00+00:00,20260201_193429_467820e7_StateSignal_XLE,0.0,0.0,1.0,1.0,0.0,0.0,0.0,-0.0
2022-11-18 00:00:00+00:00,20260201_193429_467820e7_StateSignal_XLE,0.0,0.0,1.0,1.0,0.0,0.0,0.0,-0.0
2022-11-21 00:00:00+00:00,20260201_193429_467820e7_StateSignal_XLE,0.0,0.0,1.0,1.0,0.0,0.0,0.0,-0.0
2022-11-22 00:00:00+00:00,20260201_193429_467820e7_StateSignal_XLE,0.0,0.0,1.0,1.0,0.0,0.0,0.0,-0.0
2022-11-23 00:00:00+00:00,20260201_193429_467820e7_StateSignal_XLE,0.0,0.0,1.0,1.0,0.0,0.0,0.0,0.0
2022-11-25 00:00:00+00:00,20260201_193429_467820e7_StateSignal_XLE,0.0,0.0,1.0,1.0,0.0,0.0,0.0,-0.0
2022-11-28 00:00:00+00:00,20260201_193429_467820e7_StateSignal_XLE,0.0,0.0,1.0,1.0,0.0,0.0,0.0,-0.0
2022-11-29 00:00:00+00:00,20260201_193429_467820e7_StateSignal_XLE,0.0,0.0,1.0,1.0,0.0,0.0,0.0,0.0
2022-11-30 00:00:00+00:00,20260201_193429_467820e7_StateSignal_XLE,0.0,0.0,1.0,1.0,0.0,0.0,0.0,0.0
2022-12-01 00:00:00+00:00,20260201_193429_467820e7_StateSignal_XLE,0.0,0.0,1.0,1.0,0.0,0.0,0.0,0.0
2022-12-02 00:00:00+00:00,20260201_193429_467820e7_StateSignal_XLE,0.0,0.0,1.0,1.0,0.0,0.0,0.0,-0.0
2022-12-05 00:00:00+00:00,20260201_193429_467820e7_StateSignal_XLE,0.0,0.0,1.0,1.0,0.0,0.0,0.0,-0.0
2022-12-06 00:00:00+00:00,20260201_193429_467820e7_StateSignal_XLE,0.0,0.0,1.0,1.0,0.0,0.0,0.0,-0.0
2022-12-07 00:00:00+00:00,20260201_193429_467820e7_StateSignal_XLE,0.0,0.0,1.0,1.0,0.0,0.0,0.0,-0.0
2022-12-08 00:00:00+00:00,20260201_193429_467820e7_StateSignal_XLE,0.0,0.0,1.0,1.0,0.0,0.0,0.0,-0.0
2022-12-09 00:00:00+00:00,20260201_193429_467820e7_StateSignal_XLE,0.0,0.0,1.0,1.0,0.0,0.0,0.0,-0.0
2022-12-12 00:00:00+00:00,20260201_193429_467820e7_StateSignal_XLE,0.0,0.0,1.0,1.0,0.0,0.0,0.0,-0.0
2022-12-13 00:00:00+00:00,20260201_193429_467820e7_StateSignal_XLE,0.0,0.0,1.0,1.0,0.0,0.0,0.0,0.0
2022-12-14 00:00:00+00:00,20260201_193429_467820e7_StateSignal_XLE,0.0,0.0,1.0,1.0,0.0,0.0,0.0,0.0
2022-12-15 00:00:00+00:00,20260201_193429_467820e7_StateSignal_XLE,0.0,0.0,1.0,1.0,0.0,0.0,0.0,-0.0
2022-12-16 00:00:00+00:00,20260201_193429_467820e7_StateSignal_XLE,0.0,0.0,1.0,1.0,0.0,0.0,0.0,-0.0
2022-12-19 00:00:00+00:00,20260201_193429_467820e7_StateSignal_XLE,0.0,0.0,1.0,1.0,0.0,0.0,0.0,-0.0
2022-12-20 00:00:00+00:00,20260201_193429_467820e7_StateSignal_XLE,0.0,0.0,1.0,1.0,0.0,0.0,0.0,-0.0
2022-12-21 00:00:00+00:00,20260201_193429_467820e7_StateSignal_XLE,0.0,0.0,1.0,1.0,0.0,0.0,0.0,0.0
2022-12-22 00:00:00+00:00,20260201_193429_467820e7_StateSignal_XLE,0.0,0.0,1.0,1.0,0.0,0.0,0.0,0.0
2022-12-23 00:00:00+00:00,20260201_193429_467820e7_StateSignal_XLE,0.0,0.0,1.0,1.0,0.0,0.0,0.0,-0.0
2022-12-27 00:00:00+00:00,20260201_193429_467820e7_StateSignal_XLE,0.0,0.0,1.0,1.0,0.0,0.0,0.0,0.0
2022-12-28 00:00:00+00:00,20260201_193429_467820e7_StateSignal_XLE,0.0,0.0,1.0,1.0,0.0,0.0,0.0,0.0
2022-12-29 00:00:00+00:00,20260201_193429_467820e7_StateSignal_XLE,0.0,0.0,1.0,1.0,0.0,0.0,0.0,-0.0
2022-12-30 00:00:00+00:00,20260201_193429_467820e7_StateSignal_XLE,0.0,0.0,1.0,1.0,0.0,0.0,0.0,0.0
2023-01-03 00:00:00+00:00,20260201_193429_467820e7_StateSignal_XLE,0.0,0.0,1.0,1.0,0.0,0.0,0.0,-0.0
2023-01-04 00:00:00+00:00,20260201_193429_467820e7_StateSignal_XLE,0.0,0.0,1.0,1.0,0.0,0.0,0.0,-0.0
2023-01-05 00:00:00+00:00,20260201_193429_467820e7_StateSignal_XLE,0.0,0.0,1.0,1.0,0.0,0.0,0.0,0.0
2023-01-06 00:00:00+00:00,20260201_193429_467820e7_StateSignal_XLE,0.0,0.0,1.0,1.0,0.0,0.0,0.0,0.0
2023-01-09 00:00:00+00:00,20260201_193429_467820e7_StateSignal_XLE,0.0,0.0,1.0,1.0,0.0,0.0,0.0,0.0
2023-01-10 00:00:00+00:00,20260201_193429_467820e7_StateSignal_XLE,0.0,0.0,1.0,1.0,0.0,0.0,0.0,-0.0
2023-01-11 00:00:00+00:00,20260201_193429_467820e7_StateSignal_XLE,0.0,0.0,1.0,1.0,0.0,0.0,0.0,0.0
2023-01-12 00:00:00+00:00,20260201_193429_467820e7_StateSignal_XLE,0.0,0.0,1.0,1.0,0.0,0.0,0.0,0.0
2023-01-13 00:00:00+00:00,20260201_193429_467820e7_StateSignal_XLE,0.0,0.0,1.0,1.0,0.0,0.0,0.0,0.0
2023-01-17 00:00:00+00:00,20260201_193429_467820e7_StateSignal_XLE,0.0,0.0,1.0,1.0,0.0,0.0,0.0,-0.0
2023-01-18 00:00:00+00:00,20260201_193429_467820e7_StateSignal_XLE,0.0,0.0,1.0,1.0,0.0,0.0,0.0,0.0
2023-01-19 00:00:00+00:00,20260201_193429_467820e7_StateSignal_XLE,0.0,0.0,1.0,1.0,0.0,0.0,0.0,-0.0
2023-01-20 00:00:00+00:00,20260201_193429_467820e7_StateSignal_XLE,0.0,0.0,1.0,1.0,0.0,0.0,0.0,0.0
2023-01-23 00:00:00+00:00,20260201_193429_467820e7_StateSignal_XLE,0.0,0.0,1.0,1.0,0.0,0.0,0.0,0.0
2023-01-24 00:00:00+00:00,20260201_193429_467820e7_StateSignal_XLE,0.0,0.0,1.0,1.0,0.0,0.0,0.0,0.0
2023-01-25 00:00:00+00:00,20260201_193429_467820e7_StateSignal_XLE,0.0,0.0,1.0,1.0,0.0,0.0,0.0,-0.0
2023-01-26 00:00:00+00:00,20260201_193429_467820e7_StateSignal_XLE,0.0,0.0,1.0,1.0,0.0,0.0,0.0,-0.0
2023-01-27 00:00:00+00:00,20260201_193429_467820e7_StateSignal_XLE,0.0,0.0,1.0,1.0,0.0,0.0,0.0,0.0
2023-01-30 00:00:00+00:00,20260201_193429_467820e7_StateSignal_XLE,0.0,0.0,1.0,1.0,0.0,0.0,0.0,-0.0
2023-01-31 00:00:00+00:00,20260201_193429_467820e7_StateSignal_XLE,-0.0113328333310345,-0.0113328333310345,0.9886671666689655,0.9886671666689655,0.0,0.0,0.42124691561859123,-0.0113328333310345
2023-02-01 00:00:00+00:00,20260201_193429_467820e7_StateSignal_XLE,0.0012512293821652816,0.0012512293821652816,0.9899042160770839,0.9899042160770839,0.0,0.0,0.42124691561859123,0.0012512293821652816
2023-02-02 00:00:00+00:00,20260201_193429_467820e7_StateSignal_XLE,-0.005976721090922339,-0.005976721090922339,0.9839878346708631,0.9839878346708631,0.0,0.0,0.42124691561859123,-0.005976721090922339
2023-02-03 00:00:00+00:00,20260201_193429_467820e7_StateSignal_XLE,-0.01319353433434776,-0.01319353433434776,0.9710055573895526,0.9710055573895526,0.0,0.0,0.42124691561859123,-0.01319353433434776
2023-02-06 00:00:00+00:00,20260201_193429_467820e7_StateSignal_XLE,0.003148103958028061,0.003148103958028061,0.974062383828038,0.974062383828038,0.0,0.0,0.42124691561859123,0.003148103958028061
2023-02-07 00:00:00+00:00,20260201_193429_467820e7_StateSignal_XLE,-0.007214666697551664,-0.007214666697551664,0.9670348483860961,0.9670348483860961,0.0,0.0,1.0,-0.007214666697551664
2023-02-08 00:00:00+00:00,20260201_193429_467820e7_StateSignal_XLE,0.01128551387836849,0.01128551387836849,0.9779483335884234,0.9779483335884234,0.0,0.0,0.42124691561859123,0.01128551387836849
2023-02-09 00:00:00+00:00,20260201_193429_467820e7_StateSignal_XLE,-0.0005306045740201763,-0.0005306045740201763,0.9774294297294659,0.9774294297294659,0.0,0.0,0.42124691561859123,-0.0005306045740201763
2023-02-10 00:00:00+00:00,20260201_193429_467820e7_StateSignal_XLE,-0.003197739917673215,-0.003197739917673215,0.9743038646253114,0.9743038646253114,0.0,0.0,0.42124691561859123,-0.003197739917673215
2023-02-13 00:00:00+00:00,20260201_193429_467820e7_StateSignal_XLE,0.014305889288732668,0.014305889288732668,0.9882421478462254,0.9882421478462254,0.0,0.0,0.42124691561859123,0.014305889288732668
2023-02-14 00:00:00+00:00,20260201_193429_467820e7_StateSignal_XLE,0.0003101584989439773,0.0003101584989439773,0.9885486595473946,0.9885486595473946,0.0,0.0,0.42124691561859123,0.0003101584989439773
2023-02-15 00:00:00+00:00,20260201_193429_467820e7_StateSignal_XLE,0.00041318974928152317,0.00041318974928152317,0.9889571177201857,0.9889571177201857,0.0,0.0,0.42124691561859123,0.00041318974928152317
2023-02-16 00:00:00+00:00,20260201_193429_467820e7_StateSignal_XLE,-0.009713077687679327,-0.009713077687679327,0.9793513004059861,0.9793513004059861,0.0,0.0,0.42124691561859123,-0.009713077687679327
2023-02-17 00:00:00+00:00,20260201_193429_467820e7_StateSignal_XLE,0.00025078370037423525,0.00025078370037423525,0.9795969057490682,0.9795969057490682,0.0,0.0,1.0,0.00025078370037423525
2023-02-21 00:00:00+00:00,20260201_193429_467820e7_StateSignal_XLE,-0.017138927666672042,-0.017138927666672042,0.9628076652389392,0.9628076652389392,0.0,0.0,0.42124691561859123,-0.017138927666672042
2023-02-22 00:00:00+00:00,20260201_193429_467820e7_StateSignal_XLE,-0.004712050603434381,-0.004712050603434381,0.9582708667989589,0.9582708667989589,0.0,0.0,1.0,-0.004712050603434381
2023-02-23 00:00:00+00:00,20260201_193429_467820e7_StateSignal_XLE,-0.005227421545695429,-0.005227421545695429,0.9532615810232418,0.9532615810232418,0.0,0.0,0.42124691561859123,-0.005227421545695429
2023-02-24 00:00:00+00:00,20260201_193429_467820e7_StateSignal_XLE,0.008201330281661517,0.008201330281661517,0.9610795940940322,0.9610795940940322,0.0,0.0,0.42124691561859123,0.008201330281661517
2023-02-27 00:00:00+00:00,20260201_193429_467820e7_StateSignal_XLE,-0.0023112233623519647,-0.0023112233623519647,0.9588583244830823,0.9588583244830823,0.0,0.0,0.42124691561859123,-0.0023112233623519647
2023-02-28 00:00:00+00:00,20260201_193429_467820e7_StateSignal_XLE,0.0025306799526858283,0.0025306799526858283,0.9612848880223176,0.9612848880223176,0.0,0.0,0.42124691561859123,0.0025306799526858283
2023-03-01 00:00:00+00:00,20260201_193429_467820e7_StateSignal_XLE,-0.0052987732068776675,-0.0052987732068776675,0.9561912574134885,0.9561912574134885,0.0,0.0,0.42124691561859123,-0.0052987732068776675
2023-03-02 00:00:00+00:00,20260201_193429_467820e7_StateSignal_XLE,0.006055522701919254,0.006055522701919254,0.9619814952801327,0.9619814952801327,0.0,0.0,0.3794548244650057,0.006055522701919254
2023-03-03 00:00:00+00:00,20260201_193429_467820e7_StateSignal_XLE,0.009557091986334143,0.009557091986334143,0.9711752409196761,0.9711752409196761,0.0,0.0,1.0,0.009557091986334143
2023-03-06 00:00:00+00:00,20260201_193429_467820e7_StateSignal_XLE,0.0062881142182953645,0.0062881142182953645,0.9772821017605595,0.9772821017605595,0.0,0.0,0.3794548244650057,0.0062881142182953645
2023-03-07 00:00:00+00:00,20260201_193429_467820e7_StateSignal_XLE,-0.001518218915105063,-0.001518218915105063,0.975798373588273,0.975798373588273,0.0,0.0,1.0,-0.001518218915105063
2023-03-08 00:00:00+00:00,20260201_193429_467820e7_StateSignal_XLE,-0.007962240858362918,-0.007962240858362918,0.9680288319085644,0.9680288319085644,0.0,0.0,0.3794548244650057,-0.007962240858362918
2023-03-09 00:00:00+00:00,20260201_193429_467820e7_StateSignal_XLE,-0.005435700542450099,-0.005435700542450099,0.9627669170618516,0.9627669170618516,0.0,0.0,0.3794548244650057,-0.005435700542450099
2023-03-10 00:00:00+00:00,20260201_193429_467820e7_StateSignal_XLE,-0.00029874413651623455,-0.00029874413651623455,0.9624792960905476,0.9624792960905476,0.0,0.0,0.3794548244650057,-0.00029874413651623455
2023-03-13 00:00:00+00:00,20260201_193429_467820e7_StateSignal_XLE,-0.006328579237255716,-0.006328579237255716,0.9563881696010205,0.9563881696010205,0.0,0.0,0.3794548244650057,-0.006328579237255716
2023-03-14 00:00:00+00:00,20260201_193429_467820e7_StateSignal_XLE,-0.006538963311213557,-0.006538963311213557,0.9501343824487207,0.9501343824487207,0.0,0.0,0.3794548244650057,-0.006538963311213557
2023-03-15 00:00:00+00:00,20260201_193429_467820e7_StateSignal_XLE,-0.0017560211047590985,-0.0017560211047590985,0.9484659264207835,0.9484659264207835,0.0,0.0,0.3794548244650057,-0.0017560211047590985
2023-03-16 00:00:00+00:00,20260201_193429_467820e7_StateSignal_XLE,-0.016938034199190308,-0.016938034199190308,0.9324007781223016,0.9324007781223016,0.0,0.0,0.3794548244650057,-0.016938034199190308
2023-03-17 00:00:00+00:00,20260201_193429_467820e7_StateSignal_XLE,0.002159065992639628,0.002159065992639628,0.9344138929338561,0.9344138929338561,0.0,0.0,0.3794548244650057,0.002159065992639628
2023-03-20 00:00:00+00:00,20260201_193429_467820e7_StateSignal_XLE,-0.004984344060783872,-0.004984344060783872,0.9297564525962974,0.9297564525962974,0.0,0.0,0.3794548244650057,-0.004984344060783872
2023-03-21 00:00:00+00:00,20260201_193429_467820e7_StateSignal_XLE,0.008200082158049599,0.008200082158049599,0.9373805318945638,0.9373805318945638,0.0,0.0,0.3794548244650057,0.008200082158049599
2023-03-22 00:00:00+00:00,20260201_193429_467820e7_StateSignal_XLE,0.01208055101349516,0.01208055101349516,0.9487046052291733,0.9487046052291733,0.0,0.0,0.3794548244650057,0.01208055101349516
2023-03-23 00:00:00+00:00,20260201_193429_467820e7_StateSignal_XLE,-0.0017617762130047435,-0.0017617762130047435,0.9470332000225125,0.9470332000225125,0.0,0.0,0.3794548244650057,-0.0017617762130047435
2023-03-24 00:00:00+00:00,20260201_193429_467820e7_StateSignal_XLE,-0.012889181408090184,-0.012889181408090184,0.9348267173079382,0.9348267173079382,0.0,0.0,0.3794548244650057,-0.012889181408090184
2023-03-27 00:00:00+00:00,20260201_193429_467820e7_StateSignal_XLE,0.0031037233847311827,0.0031037233847311827,0.9377281608511182,0.9377281608511182,0.0,0.0,0.3794548244650057,0.0031037233847311827
2023-03-28 00:00:00+00:00,20260201_193429_467820e7_StateSignal_XLE,0.009369730976061716,0.009369730976061716,0.9465144214469703,0.9465144214469703,0.0,0.0,0.3794548244650057,0.009369730976061716
2023-03-29 00:00:00+00:00,20260201_193429_467820e7_StateSignal_XLE,0.0035192461836742518,0.0035192461836742518,0.9498454387124401,0.9498454387124401,0.0,0.0,0.3794548244650057,0.0035192461836742518
2023-03-30 00:00:00+00:00,20260201_193429_467820e7_StateSignal_XLE,0.005523159645750175,0.005523159645750175,0.9550915867092364,0.9550915867092364,0.0,0.0,0.3794548244650057,0.005523159645750175
2023-03-31 00:00:00+00:00,20260201_193429_467820e7_StateSignal_XLE,0.0034726894789725016,0.0034726894789725016,0.9584083232138567,0.9584083232138567,0.0,0.0,1.0,0.0034726894789725016
2023-04-03 00:00:00+00:00,20260201_193429_467820e7_StateSignal_XLE,0.004788516731796921,0.004788516731796921,0.9629976775054597,0.9629976775054597,0.0,0.0,1.0,0.004788516731796921
2023-04-04 00:00:00+00:00,20260201_193429_467820e7_StateSignal_XLE,0.0,0.0,0.9629976775054597,0.9629976775054597,0.0,0.0,0.0,0.0
2023-04-05 00:00:00+00:00,20260201_193429_467820e7_StateSignal_XLE,-0.019383417374463363,-0.019383417374463363,0.9443314915917326,0.9443314915917326,0.0,0.0,1.0,-0.019383417374463363
2023-04-06 00:00:00+00:00,20260201_193429_467820e7_StateSignal_XLE,0.008462673918733898,0.008462673918733898,0.952323061076265,0.952323061076265,0.0,0.0,1.0,0.008462673918733898
2023-04-10 00:00:00+00:00,20260201_193429_467820e7_StateSignal_XLE,-0.006147560344505365,-0.006147560344505365,0.9464685975908346,0.9464685975908346,0.0,0.0,1.0,-0.006147560344505365
2023-04-11 00:00:00+00:00,20260201_193429_467820e7_StateSignal_XLE,0.005125587848812341,0.005125587848812341,0.9513198055339286,0.9513198055339286,0.0,0.0,1.0,0.005125587848812341
2023-04-12 00:00:00+00:00,20260201_193429_467820e7_StateSignal_XLE,0.011690095007802714,0.011690095007802714,0.9624408244434246,0.9624408244434246,0.0,0.0,1.0,0.011690095007802714
2023-04-13 00:00:00+00:00,20260201_193429_467820e7_StateSignal_XLE,0.0020191829172304665,0.0020191829172304665,0.964384168514986,0.964384168514986,0.0,0.0,1.0,0.0020191829172304665
2023-04-14 00:00:00+00:00,20260201_193429_467820e7_StateSignal_XLE,0.003272501347187262,0.003272501347187262,0.9675401170056573,0.9675401170056573,0.0,0.0,1.0,0.003272501347187262
2023-04-17 00:00:00+00:00,20260201_193429_467820e7_StateSignal_XLE,-0.0007542426504638655,-0.0007542426504638655,0.9668103569833769,0.9668103569833769,0.0,0.0,1.0,-0.0007542426504638655
2023-04-18 00:00:00+00:00,20260201_193429_467820e7_StateSignal_XLE,-0.009095565484485313,-0.009095565484485313,0.958016670070356,0.958016670070356,0.0,0.0,1.0,-0.009095565484485313
2023-04-19 00:00:00+00:00,20260201_193429_467820e7_StateSignal_XLE,-0.0005077430929083526,-0.0005077430929083526,0.9575302437232367,0.9575302437232367,0.0,0.0,1.0,-0.0005077430929083526
2023-04-20 00:00:00+00:00,20260201_193429_467820e7_StateSignal_XLE,-0.0027972046210611445,-0.0027972046210611445,0.9548518357006882,0.9548518357006882,0.0,0.0,1.0,-0.0027972046210611445
2023-04-21 00:00:00+00:00,20260201_193429_467820e7_StateSignal_XLE,-0.011010225166794285,-0.011010225166794285,0.9443387019886967,0.9443387019886967,0.0,0.0,1.0,-0.011010225166794285
2023-04-24 00:00:00+00:00,20260201_193429_467820e7_StateSignal_XLE,-0.0030943810147481265,-0.0030943810147481265,0.941416558237771,0.941416558237771,0.0,0.0,1.0,-0.0030943810147481265
2023-04-25 00:00:00+00:00,20260201_193429_467820e7_StateSignal_XLE,0.020956555334094684,0.020956555334094684,0.9611454064329139,0.9611454064329139,0.0,0.0,1.0,0.020956555334094684
2023-04-26 00:00:00+00:00,20260201_193429_467820e7_StateSignal_XLE,-0.024060541271685665,-0.024060541271685665,0.9380197277133437,0.9380197277133437,0.0,0.0,1.0,-0.024060541271685665
2023-04-27 00:00:00+00:00,20260201_193429_467820e7_StateSignal_XLE,-0.01408841460278154,-0.01408841460278154,0.9248045168837299,0.9248045168837299,0.0,0.0,1.0,-0.01408841460278154
2023-04-28 00:00:00+00:00,20260201_193429_467820e7_StateSignal_XLE,0.0068080912346561995,0.0068080912346561995,0.9311006704088964,0.9311006704088964,0.0,0.0,1.0,0.0068080912346561995
2023-05-01 00:00:00+00:00,20260201_193429_467820e7_StateSignal_XLE,0.013993490846634149,0.013993490846634149,0.9441300191175582,0.9441300191175582,0.0,0.0,1.0,0.013993490846634149
2023-05-02 00:00:00+00:00,20260201_193429_467820e7_StateSignal_XLE,-0.00982681815178843,-0.00982681815178843,0.9348522251080454,0.9348522251080454,0.0,0.0,1.0,-0.00982681815178843
2023-05-03 00:00:00+00:00,20260201_193429_467820e7_StateSignal_XLE,-0.005846279897574428,-0.005846279897574428,0.9293868173371935,0.9293868173371935,0.0,0.0,0.1359230974815724,-0.005846279897574428
2023-05-04 00:00:00+00:00,20260201_193429_467820e7_StateSignal_XLE,-0.0012223715621722691,-0.0012223715621722691,0.9282507613214227,0.9282507613214227,0.0,0.0,0.1359230974815724,-0.0012223715621722691
2023-05-05 00:00:00+00:00,20260201_193429_467820e7_StateSignal_XLE,-0.0025161231065330162,-0.0025161231065330162,0.925915168132205,0.925915168132205,0.0,0.0,0.1359230974815724,-0.0025161231065330162
2023-05-08 00:00:00+00:00,20260201_193429_467820e7_StateSignal_XLE,0.003590912572250354,0.003590912572250354,0.9292400485502883,0.9292400485502883,0.0,0.0,0.1359230974815724,0.003590912572250354
2023-05-09 00:00:00+00:00,20260201_193429_467820e7_StateSignal_XLE,0.0,0.0,0.9292400485502883,0.9292400485502883,0.0,0.0,0.1359230974815724,0.0
2023-05-10 00:00:00+00:00,20260201_193429_467820e7_StateSignal_XLE,0.002983053059539831,0.002983053059539831,0.9320120209201632,0.9320120209201632,0.0,0.0,1.0,0.002983053059539831
2023-05-11 00:00:00+00:00,20260201_193429_467820e7_StateSignal_XLE,-0.0025636112468014733,-0.0025636112468014733,0.9296227044211781,0.9296227044211781,0.0,0.0,0.1359230974815724,-0.0025636112468014733
2023-05-12 00:00:00+00:00,20260201_193429_467820e7_StateSignal_XLE,-0.001964459171677911,-0.001964459171677911,0.927796498573278,0.927796498573278,0.0,0.0,0.1359230974815724,-0.001964459171677911
2023-05-15 00:00:00+00:00,20260201_193429_467820e7_StateSignal_XLE,3.804705342734517e-05,3.804705342734517e-05,0.9278317984962289,0.9278317984962289,0.0,0.0,0.1359230974815724,3.804705342734517e-05
2023-05-16 00:00:00+00:00,20260201_193429_467820e7_StateSignal_XLE,0.008083667712491582,0.008083667712491582,0.9353320824483559,0.9353320824483559,0.0,0.0,1.0,0.008083667712491582
2023-05-17 00:00:00+00:00,20260201_193429_467820e7_StateSignal_XLE,-0.0030142778287101457,-0.0030142778287101457,0.9325127316897506,0.9325127316897506,0.0,0.0,0.1359230974815724,-0.0030142778287101457
2023-05-18 00:00:00+00:00,20260201_193429_467820e7_StateSignal_XLE,0.002181552265465621,0.002181552265465621,0.9345470569521438,0.9345470569521438,0.0,0.0,0.1359230974815724,0.002181552265465621
2023-05-19 00:00:00+00:00,20260201_193429_467820e7_StateSignal_XLE,0.0004548462609742108,0.0004548462609742108,0.9349721321867028,0.9349721321867028,0.0,0.0,0.1359230974815724,0.0004548462609742108
2023-05-22 00:00:00+00:00,20260201_193429_467820e7_StateSignal_XLE,0.001617479497256864,0.001617479497256864,0.9364844304410213,0.9364844304410213,0.0,0.0,0.1359230974815724,0.001617479497256864
2023-05-23 00:00:00+00:00,20260201_193429_467820e7_StateSignal_XLE,0.005486982216258873,0.005486982216258873,0.9416229038566545,0.9416229038566545,0.0,0.0,1.0,0.005486982216258873
2023-05-24 00:00:00+00:00,20260201_193429_467820e7_StateSignal_XLE,0.0002971809819682752,0.0002971809819682752,0.9419027362758664,0.9419027362758664,0.0,0.0,0.1359230974815724,0.0002971809819682752
2023-05-25 00:00:00+00:00,20260201_193429_467820e7_StateSignal_XLE,-0.00018566195685711768,-0.00018566195685711768,0.9417278607706804,0.9417278607706804,0.0,0.0,0.1359230974815724,-0.00018566195685711768
2023-05-26 00:00:00+00:00,20260201_193429_467820e7_StateSignal_XLE,-0.0019460687794522636,-0.0019460687794522636,0.9398951935820942,0.9398951935820942,0.0,0.0,0.1359230974815724,-0.0019460687794522636
2023-05-30 00:00:00+00:00,20260201_193429_467820e7_StateSignal_XLE,-0.0011098780273610664,-0.0011098780273610664,0.9388520245587151,0.9388520245587151,0.0,0.0,1.0,-0.0011098780273610664
2023-05-31 00:00:00+00:00,20260201_193429_467820e7_StateSignal_XLE,-0.002321576512187113,-0.002321576512187113,0.9366724077500802,0.9366724077500802,0.0,0.0,0.1359230974815724,-0.002321576512187113
2023-06-01 00:00:00+00:00,20260201_193429_467820e7_StateSignal_XLE,-0.000294904942076423,-0.000294904942076423,0.9363961784279281,0.9363961784279281,0.0,0.0,0.020327845903831104,-0.000294904942076423
2023-06-02 00:00:00+00:00,20260201_193429_467820e7_StateSignal_XLE,0.0004265142563469547,0.0004265142563469547,0.9367955647476164,0.9367955647476164,0.0,0.0,0.020327845903831104,0.0004265142563469547
2023-06-05 00:00:00+00:00,20260201_193429_467820e7_StateSignal_XLE,0.0005291956328485478,0.0005291956328485478,0.9372913128693527,0.9372913128693527,0.0,0.0,0.020327845903831104,0.0005291956328485478
2023-06-06 00:00:00+00:00,20260201_193429_467820e7_StateSignal_XLE,-0.00012262516206148615,-0.00012262516206148615,0.9371763773702133,0.9371763773702133,0.0,0.0,0.020327845903831104,-0.00012262516206148615
2023-06-07 00:00:00+00:00,20260201_193429_467820e7_StateSignal_XLE,0.0013741928780639512,0.0013741928780639512,0.9384642384734853,0.9384642384734853,0.0,0.0,1.0,0.0013741928780639512
2023-06-08 00:00:00+00:00,20260201_193429_467820e7_StateSignal_XLE,0.0005887756308368766,0.0005887756308368766,0.9390167833475104,0.9390167833475104,0.0,0.0,0.020327845903831104,0.0005887756308368766
2023-06-09 00:00:00+00:00,20260201_193429_467820e7_StateSignal_XLE,-4.3435584696772566e-05,-4.3435584696772566e-05,0.9389759966044856,0.9389759966044856,0.0,0.0,0.020327845903831104,-4.3435584696772566e-05
2023-06-12 00:00:00+00:00,20260201_193429_467820e7_StateSignal_XLE,-0.006706933256718006,-0.006706933256718006,0.9326783472655991,0.9326783472655991,0.0,0.0,1.0,-0.006706933256718006
2023-06-13 00:00:00+00:00,20260201_193429_467820e7_StateSignal_XLE,-0.00027544928101484387,-0.00027544928101484387,0.9324214416854266,0.9324214416854266,0.0,0.0,0.020327845903831104,-0.00027544928101484387
2023-06-14 00:00:00+00:00,20260201_193429_467820e7_StateSignal_XLE,0.0002535501720788669,0.0002535501720788669,0.932657857302416,0.932657857302416,0.0,0.0,0.020327845903831104,0.0002535501720788669
2023-06-15 00:00:00+00:00,20260201_193429_467820e7_StateSignal_XLE,-0.0003536327665515537,-0.0003536327665515537,0.9323280389240921,0.9323280389240921,0.0,0.0,0.020327845903831104,-0.0003536327665515537
2023-06-16 00:00:00+00:00,20260201_193429_467820e7_StateSignal_XLE,0.0003755318754875307,0.0003755318754875307,0.9326781578211188,0.9326781578211188,0.0,0.0,0.020327845903831104,0.0003755318754875307
2023-06-20 00:00:00+00:00,20260201_193429_467820e7_StateSignal_XLE,-6.57682296119993e-05,-6.57682296119993e-05,0.9326168172298811,0.9326168172298811,0.0,0.0,0.020327845903831104,-6.57682296119993e-05
2023-06-21 00:00:00+00:00,20260201_193429_467820e7_StateSignal_XLE,-0.0005395859427563154,-0.0005395859427563154,0.9321135903053258,0.9321135903053258,0.0,0.0,0.020327845903831104,-0.0005395859427563154
2023-06-22 00:00:00+00:00,20260201_193429_467820e7_StateSignal_XLE,0.014317425187548416,0.014317425187548416,0.9454590569008194,0.9454590569008194,0.0,0.0,1.0,0.014317425187548416
2023-06-23 00:00:00+00:00,20260201_193429_467820e7_StateSignal_XLE,-0.0003871019052197661,-0.0003871019052197661,0.9450930678985858,0.9450930678985858,0.0,0.0,0.020327845903831104,-0.0003871019052197661
2023-06-26 00:00:00+00:00,20260201_193429_467820e7_StateSignal_XLE,-0.010362787035546273,-0.010362787035546273,0.9352992697071817,0.9352992697071817,0.0,0.0,1.0,-0.010362787035546273
2023-06-27 00:00:00+00:00,20260201_193429_467820e7_StateSignal_XLE,0.0005142272750766483,0.0005142272750766483,0.9357802261020244,0.9357802261020244,0.0,0.0,0.020327845903831104,0.0005142272750766483
2023-06-28 00:00:00+00:00,20260201_193429_467820e7_StateSignal_XLE,-0.002748764787361857,-0.002748764787361857,0.9332079863678057,0.9332079863678057,0.0,0.0,1.0,-0.002748764787361857
2023-06-29 00:00:00+00:00,20260201_193429_467820e7_StateSignal_XLE,0.0002170550369902038,0.0002170550369902038,0.9334105438618063,0.9334105438618063,0.0,0.0,0.020327845903831104,0.0002170550369902038
2023-06-30 00:00:00+00:00,20260201_193429_467820e7_StateSignal_XLE,0.006785207196250642,0.006785207196250642,0.9397439278010736,0.9397439278010736,0.0,0.0,1.0,0.006785207196250642
2023-07-03 00:00:00+00:00,20260201_193429_467820e7_StateSignal_XLE,0.013596169553924259,0.013596169553924259,0.9525208455807277,0.9525208455807277,0.0,0.0,0.9206911503267107,0.013596169553924259
2023-07-05 00:00:00+00:00,20260201_193429_467820e7_StateSignal_XLE,0.0029399423075343388,0.0029399423075343388,0.9553212019134588,0.9553212019134588,0.0,0.0,0.9206911503267107,0.0029399423075343388
2023-07-06 00:00:00+00:00,20260201_193429_467820e7_StateSignal_XLE,-0.011816519210104176,-0.011816519210104176,0.9440326305792286,0.9440326305792286,0.0,0.0,0.9206911503267107,-0.011816519210104176
2023-07-07 00:00:00+00:00,20260201_193429_467820e7_StateSignal_XLE,-0.0175089168252801,-0.0175089168252801,0.9275036417700665,0.9275036417700665,0.0,0.0,0.9206911503267107,-0.0175089168252801
2023-07-10 00:00:00+00:00,20260201_193429_467820e7_StateSignal_XLE,0.02491199463980663,0.02491199463980663,0.9506096075222435,0.9506096075222435,0.0,0.0,0.9206911503267107,0.02491199463980663
2023-07-11 00:00:00+00:00,20260201_193429_467820e7_StateSignal_XLE,-0.0002458126166856895,-0.0002458126166856895,0.9503759356871719,0.9503759356871719,0.0,0.0,0.9206911503267107,-0.0002458126166856895
2023-07-12 00:00:00+00:00,20260201_193429_467820e7_StateSignal_XLE,0.021624298508765336,0.021624298508765336,0.9709271486160185,0.9709271486160185,0.0,0.0,0.9206911503267107,0.021624298508765336
2023-07-13 00:00:00+00:00,20260201_193429_467820e7_StateSignal_XLE,0.008128720450092474,0.008128720450092474,0.9788195439845234,0.9788195439845234,0.0,0.0,0.9206911503267107,0.008128720450092474
2023-07-14 00:00:00+00:00,20260201_193429_467820e7_StateSignal_XLE,-0.002383359214262152,-0.002383359214262152,0.9764866654052681,0.9764866654052681,0.0,0.0,0.9206911503267107,-0.002383359214262152
2023-07-17 00:00:00+00:00,20260201_193429_467820e7_StateSignal_XLE,-0.02565034803986666,-0.02565034803986666,0.9514394425813342,0.9514394425813342,0.0,0.0,0.9206911503267107,-0.02565034803986666
2023-07-18 00:00:00+00:00,20260201_193429_467820e7_StateSignal_XLE,0.0002453540721588051,0.0002453540721588051,0.951672882122984,0.951672882122984,0.0,0.0,0.9206911503267107,0.0002453540721588051
2023-07-19 00:00:00+00:00,20260201_193429_467820e7_StateSignal_XLE,0.008789481076815582,0.008789481076815582,0.9600375929117225,0.9600375929117225,0.0,0.0,0.9206911503267107,0.008789481076815582
2023-07-20 00:00:00+00:00,20260201_193429_467820e7_StateSignal_XLE,0.0029112787903956025,0.0029112787903956025,0.9628325299939489,0.9628325299939489,0.0,0.0,0.9206911503267107,0.0029112787903956025
2023-07-21 00:00:00+00:00,20260201_193429_467820e7_StateSignal_XLE,0.012510236850642032,0.012510236850642032,0.974877792991676,0.974877792991676,0.0,0.0,0.9206911503267107,0.012510236850642032
2023-07-24 00:00:00+00:00,20260201_193429_467820e7_StateSignal_XLE,0.007140866848708437,0.007140866848708437,0.9818392655051924,0.9818392655051924,0.0,0.0,0.9206911503267107,0.007140866848708437
2023-07-25 00:00:00+00:00,20260201_193429_467820e7_StateSignal_XLE,0.01691544462674006,0.01691544462674006,0.9984475132332047,0.9984475132332047,0.0,0.0,0.9206911503267107,0.01691544462674006
2023-07-26 00:00:00+00:00,20260201_193429_467820e7_StateSignal_XLE,0.005107225730367694,0.005107225730367694,1.003546810063211,1.003546810063211,0.0,0.0,0.9206911503267107,0.005107225730367694
2023-07-27 00:00:00+00:00,20260201_193429_467820e7_StateSignal_XLE,-0.0006947738855625408,-0.0006947738855625408,1.0028495719466395,1.0028495719466395,0.0,0.0,0.9206911503267107,-0.0006947738855625408
2023-07-28 00:00:00+00:00,20260201_193429_467820e7_StateSignal_XLE,-0.0032492285058324795,-0.0032492285058324795,0.9995910845304086,0.9995910845304086,0.0,0.0,0.9206911503267107,-0.0032492285058324795
2023-07-31 00:00:00+00:00,20260201_193429_467820e7_StateSignal_XLE,-0.0030274429590857756,-0.0030274429590857756,0.9965648795395821,0.9965648795395821,0.0,0.0,0.9206911503267107,-0.0030274429590857756
2023-08-01 00:00:00+00:00,20260201_193429_467820e7_StateSignal_XLE,0.018931628482283552,0.018931628482283552,1.0154314755975171,1.0154314755975171,0.0,0.0,0.9206911503267107,0.018931628482283552
2023-08-02 00:00:00+00:00,20260201_193429_467820e7_StateSignal_XLE,-0.005974625688887514,-0.005974625688887514,1.0093646526181073,1.0093646526181073,0.0,0.0,1.0,-0.005974625688887514
2023-08-03 00:00:00+00:00,20260201_193429_467820e7_StateSignal_XLE,-0.01256297930070538,-0.01256297930070538,0.9966840253804023,0.9966840253804023,0.0,0.0,1.0,-0.01256297930070538
2023-08-04 00:00:00+00:00,20260201_193429_467820e7_StateSignal_XLE,0.0145584900651623,0.0145584900651623,1.0111942398620088,1.0111942398620088,0.0,0.0,1.0,0.0145584900651623
2023-08-07 00:00:00+00:00,20260201_193429_467820e7_StateSignal_XLE,-0.00024922118509040914,-0.00024922118509040914,1.010942228835194,1.010942228835194,0.0,0.0,1.0,-0.00024922118509040914
2023-08-08 00:00:00+00:00,20260201_193429_467820e7_StateSignal_XLE,-0.0017462895793665112,-0.0017462895793665112,1.0091768309556375,1.0091768309556375,0.0,0.0,1.0,-0.0017462895793665112
2023-08-09 00:00:00+00:00,20260201_193429_467820e7_StateSignal_XLE,0.0037383221106073172,0.0037383221106073172,1.0129494590163115,1.0129494590163115,0.0,0.0,1.0,0.0037383221106073172
2023-08-10 00:00:00+00:00,20260201_193429_467820e7_StateSignal_XLE,0.019461138891270657,0.019461138891270657,1.0326626091280655,1.0326626091280655,0.0,0.0,1.0,0.019461138891270657
2023-08-11 00:00:00+00:00,20260201_193429_467820e7_StateSignal_XLE,-0.00464605310613031,-0.00464605310613031,1.0278648038053415,1.0278648038053415,0.0,0.0,1.0,-0.00464605310613031
2023-08-14 00:00:00+00:00,20260201_193429_467820e7_StateSignal_XLE,0.013632148790057474,0.013632148790057474,1.0418768097468791,1.0418768097468791,0.0,0.0,1.0,0.013632148790057474
2023-08-15 00:00:00+00:00,20260201_193429_467820e7_StateSignal_XLE,-0.004604394418360247,-0.004604394418360247,1.0370795979794616,1.0370795979794616,0.0,0.0,1.0,-0.004604394418360247
2023-08-16 00:00:00+00:00,20260201_193429_467820e7_StateSignal_XLE,-0.015914156401330537,-0.015914156401330537,1.0205753510565874,1.0205753510565874,0.0,0.0,1.0,-0.015914156401330537
2023-08-17 00:00:00+00:00,20260201_193429_467820e7_StateSignal_XLE,-0.005940611530121043,-0.005940611530121043,1.0145125093587433,1.0145125093587433,0.0,0.0,1.0,-0.005940611530121043
2023-08-18 00:00:00+00:00,20260201_193429_467820e7_StateSignal_XLE,0.007173809367994277,0.007173809367994277,1.0217904287023285,1.0217904287023285,0.0,0.0,1.0,0.007173809367994277
2023-08-21 00:00:00+00:00,20260201_193429_467820e7_StateSignal_XLE,0.004672331136168051,0.004672331136168051,1.026564571936993,1.026564571936993,0.0,0.0,1.0,0.004672331136168051
2023-08-22 00:00:00+00:00,20260201_193429_467820e7_StateSignal_XLE,-0.003933141746836899,-0.003933141746836899,1.0225269479632837,1.0225269479632837,0.0,0.0,1.0,-0.003933141746836899
2023-08-23 00:00:00+00:00,20260201_193429_467820e7_StateSignal_XLE,-0.004690787517304784,-0.004690787517304784,1.0177304913196699,1.0177304913196699,0.0,0.0,1.0,-0.004690787517304784
2023-08-24 00:00:00+00:00,20260201_193429_467820e7_StateSignal_XLE,-0.007700944777858876,-0.007700944777858876,1.0098930050072739,1.0098930050072739,0.0,0.0,1.0,-0.007700944777858876
2023-08-25 00:00:00+00:00,20260201_193429_467820e7_StateSignal_XLE,0.0017441140586673676,0.0017441140586673676,1.011654373595057,1.011654373595057,0.0,0.0,1.0,0.0017441140586673676
2023-08-28 00:00:00+00:00,20260201_193429_467820e7_StateSignal_XLE,0.00793458167287886,0.00793458167287886,1.019681427847072,1.019681427847072,0.0,0.0,1.0,0.00793458167287886
2023-08-29 00:00:00+00:00,20260201_193429_467820e7_StateSignal_XLE,0.0012341109797842087,0.0012341109797842087,1.0209398278930601,1.0209398278930601,0.0,0.0,1.0,0.0012341109797842087
2023-08-30 00:00:00+00:00,20260201_193429_467820e7_StateSignal_XLE,0.0032015788952795,0.0032015788952795,1.0242084472993929,1.0242084472993929,0.0,0.0,1.0,0.0032015788952795
2023-08-31 00:00:00+00:00,20260201_193429_467820e7_StateSignal_XLE,0.006372570585178039,0.006372570585178039,1.030735287923744,1.030735287923744,0.0,0.0,1.0,0.006372570585178039
2023-09-01 00:00:00+00:00,20260201_193429_467820e7_StateSignal_XLE,-0.0012223446088621692,-0.0012223446088621692,1.0294753742013862,1.0294753742013862,0.0,0.0,1.0,-0.0012223446088621692
2023-09-05 00:00:00+00:00,20260201_193429_467820e7_StateSignal_XLE,0.022733748105038476,0.022733748105038476,1.0528792080388207,1.0528792080388207,0.0,0.0,1.0,0.022733748105038476
2023-09-06 00:00:00+00:00,20260201_193429_467820e7_StateSignal_XLE,0.008097210232619112,0.008097210232619112,1.0614045923358646,1.0614045923358646,0.0,0.0,1.0,0.008097210232619112
2023-09-07 00:00:00+00:00,20260201_193429_467820e7_StateSignal_XLE,-0.0030882552160815813,-0.0030882552160815813,1.0581267040672104,1.0581267040672104,0.0,0.0,1.0,-0.0030882552160815813
2023-09-08 00:00:00+00:00,20260201_193429_467820e7_StateSignal_XLE,0.0009512485854044073,0.0009512485854044073,1.059133245597633,1.059133245597633,0.0,0.0,1.0,0.0009512485854044073
2023-09-11 00:00:00+00:00,20260201_193429_467820e7_StateSignal_XLE,0.008520761611803707,0.008520761611803707,1.0681578674985064,1.0681578674985064,0.0,0.0,1.0,0.008520761611803707
2023-09-12 00:00:00+00:00,20260201_193429_467820e7_StateSignal_XLE,-0.016395757565178748,-0.016395757565178748,1.0506446100616627,1.0506446100616627,0.0,0.0,1.0,-0.016395757565178748
2023-09-13 00:00:00+00:00,20260201_193429_467820e7_StateSignal_XLE,0.025078200938696504,0.025078200938696504,1.0769928867079475,1.0769928867079475,0.0,0.0,1.0,0.025078200938696504
2023-09-14 00:00:00+00:00,20260201_193429_467820e7_StateSignal_XLE,-0.010569681489687621,-0.010569681489687621,1.0656094149287851,1.0656094149287851,0.0,0.0,1.0,-0.010569681489687621
2023-09-15 00:00:00+00:00,20260201_193429_467820e7_StateSignal_XLE,0.015696702741520685,0.015696702741520685,1.082335969153488,1.082335969153488,0.0,0.0,1.0,0.015696702741520685
2023-09-18 00:00:00+00:00,20260201_193429_467820e7_StateSignal_XLE,-0.010515343999523363,-0.010515343999523363,1.0709548341147814,1.0709548341147814,0.0,0.0,1.0,-0.010515343999523363
2023-09-19 00:00:00+00:00,20260201_193429_467820e7_StateSignal_XLE,0.0025806465934916645,0.0025806465934916645,1.0737185900592232,1.0737185900592232,0.0,0.0,1.0,0.0025806465934916645
2023-09-20 00:00:00+00:00,20260201_193429_467820e7_StateSignal_XLE,-0.011073266639145096,-0.011073266639145096,1.0618290178160905,1.0618290178160905,0.0,0.0,1.0,-0.011073266639145096
2023-09-21 00:00:00+00:00,20260201_193429_467820e7_StateSignal_XLE,-0.00047393365816006394,-0.00047393365816006394,1.0613257813053365,1.0613257813053365,0.0,0.0,1.0,-0.00047393365816006394
2023-09-22 00:00:00+00:00,20260201_193429_467820e7_StateSignal_XLE,-0.015526407688281285,-0.015526407688281285,1.0448472045347061,1.0448472045347061,0.0,0.0,1.0,-0.015526407688281285
2023-09-25 00:00:00+00:00,20260201_193429_467820e7_StateSignal_XLE,-0.00024076080530388566,-0.00024076080530388566,1.0445956462803228,1.0445956462803228,0.0,0.0,1.0,-0.00024076080530388566
2023-09-26 00:00:00+00:00,20260201_193429_467820e7_StateSignal_XLE,0.00863107731628121,0.00863107731628121,1.053611632067619,1.053611632067619,0.0,0.0,1.0,0.00863107731628121
2023-09-27 00:00:00+00:00,20260201_193429_467820e7_StateSignal_XLE,-0.006706611964093501,-0.006706611964093501,1.0465454676904862,1.0465454676904862,0.0,0.0,1.0,-0.006706611964093501
2023-09-28 00:00:00+00:00,20260201_193429_467820e7_StateSignal_XLE,0.028898268632429502,0.028898268632429502,1.0767888197518574,1.0767888197518574,0.0,0.0,1.0,0.028898268632429502
2023-09-29 00:00:00+00:00,20260201_193429_467820e7_StateSignal_XLE,-0.0011680879730198157,-0.0011680879730198157,1.075531035682023,1.075531035682023,0.0,0.0,1.0,-0.0011680879730198157
2023-10-02 00:00:00+00:00,20260201_193429_467820e7_StateSignal_XLE,-0.0176870546372343,-0.0176870546372343,1.0565080594898737,1.0565080594898737,0.0,0.0,1.0,-0.0176870546372343
2023-10-03 00:00:00+00:00,20260201_193429_467820e7_StateSignal_XLE,-0.027253585968269434,-0.027253585968269434,1.027714426264397,1.027714426264397,0.0,0.0,1.0,-0.027253585968269434
2023-10-04 00:00:00+00:00,20260201_193429_467820e7_StateSignal_XLE,0.0012217472503226467,0.0012217472503226467,1.0289700335388023,1.0289700335388023,0.0,0.0,1.0,0.0012217472503226467
2023-10-05 00:00:00+00:00,20260201_193429_467820e7_StateSignal_XLE,0.0,0.0,1.0289700335388023,1.0289700335388023,0.0,0.0,0.0,-0.0
2023-10-06 00:00:00+00:00,20260201_193429_467820e7_StateSignal_XLE,0.0,0.0,1.0289700335388023,1.0289700335388023,0.0,0.0,1.0,0.0
2023-10-09 00:00:00+00:00,20260201_193429_467820e7_StateSignal_XLE,0.01207258123426902,0.01207258123426902,1.041392357856328,1.041392357856328,0.0,0.0,1.0,0.01207258123426902
2023-10-10 00:00:00+00:00,20260201_193429_467820e7_StateSignal_XLE,0.0,0.0,1.041392357856328,1.041392357856328,0.0,0.0,0.0,0.0
2023-10-11 00:00:00+00:00,20260201_193429_467820e7_StateSignal_XLE,0.0012116807492397186,0.0012116807492397186,1.0426541929287478,1.0426541929287478,0.0,0.0,1.0,0.0012116807492397186
2023-10-12 00:00:00+00:00,20260201_193429_467820e7_StateSignal_XLE,-0.016852273290311803,-0.016852273290311803,1.025083099522223,1.025083099522223,0.0,0.0,1.0,-0.016852273290311803
2023-10-13 00:00:00+00:00,20260201_193429_467820e7_StateSignal_XLE,0.0031968550526340067,0.0031968550526340067,1.0283601416083004,1.0283601416083004,0.0,0.0,1.0,0.0031968550526340067
2023-10-16 00:00:00+00:00,20260201_193429_467820e7_StateSignal_XLE,0.022816523774041197,0.022816523774041197,1.0518237452275825,1.0518237452275825,0.0,0.0,1.0,0.022816523774041197
2023-10-17 00:00:00+00:00,20260201_193429_467820e7_StateSignal_XLE,0.004788134596689808,0.004788134596689808,1.0568600188917265,1.0568600188917265,0.0,0.0,1.0,0.004788134596689808
2023-10-18 00:00:00+00:00,20260201_193429_467820e7_StateSignal_XLE,0.008798059366954103,0.008798059366954103,1.0661583360804963,1.0661583360804963,0.0,0.0,1.0,0.008798059366954103
2023-10-19 00:00:00+00:00,20260201_193429_467820e7_StateSignal_XLE,0.00872132811381432,0.00872132811381432,1.0754566527507325,1.0754566527507325,0.0,0.0,1.0,0.00872132811381432
2023-10-20 00:00:00+00:00,20260201_193429_467820e7_StateSignal_XLE,0.0,0.0,1.0754566527507325,1.0754566527507325,0.0,0.0,1.0,0.0
2023-10-23 00:00:00+00:00,20260201_193429_467820e7_StateSignal_XLE,-0.01465747281571872,-0.01465747281571872,1.0596931760985548,1.0596931760985548,0.0,0.0,1.0,-0.01465747281571872
2023-10-24 00:00:00+00:00,20260201_193429_467820e7_StateSignal_XLE,-0.01778038191541187,-0.01778038191541187,1.0408514267143667,1.0408514267143667,0.0,0.0,1.0,-0.01778038191541187
2023-10-25 00:00:00+00:00,20260201_193429_467820e7_StateSignal_XLE,-0.010723963362975653,-0.010723963362975653,1.029689374147981,1.029689374147981,0.0,0.0,1.0,-0.010723963362975653
2023-10-26 00:00:00+00:00,20260201_193429_467820e7_StateSignal_XLE,-0.00491280771950775,-0.00491280771950775,1.0246307082419717,1.0246307082419717,0.0,0.0,1.0,-0.00491280771950775
2023-10-27 00:00:00+00:00,20260201_193429_467820e7_StateSignal_XLE,-0.00840756683484356,-0.00840756683484356,1.016016057081394,1.016016057081394,0.0,0.0,1.0,-0.00840756683484356
2023-10-30 00:00:00+00:00,20260201_193429_467820e7_StateSignal_XLE,-0.026165014641901685,-0.026165014641901685,0.9894319820714522,0.9894319820714522,0.0,0.0,1.0,-0.026165014641901685
2023-10-31 00:00:00+00:00,20260201_193429_467820e7_StateSignal_XLE,0.0012737232648039054,0.0012737232648039054,0.9906922446059576,0.9906922446059576,0.0,0.0,1.0,0.0012737232648039054
2023-11-01 00:00:00+00:00,20260201_193429_467820e7_StateSignal_XLE,0.005078731079015686,0.005078731079015686,0.9957237040983777,0.9957237040983777,0.0,0.0,1.0,0.005078731079015686
2023-11-02 00:00:00+00:00,20260201_193429_467820e7_StateSignal_XLE,0.0015186031771898811,0.0015186031771898811,0.9972358132790248,0.9972358132790248,0.0,0.0,1.0,0.0015186031771898811
2023-11-03 00:00:00+00:00,20260201_193429_467820e7_StateSignal_XLE,0.02102179514222069,0.02102179514222069,1.0181995002542623,1.0181995002542623,0.0,0.0,1.0,0.02102179514222069
2023-11-06 00:00:00+00:00,20260201_193429_467820e7_StateSignal_XLE,-0.002976192673046274,-0.002976192673046274,1.0151691423619063,1.0151691423619063,0.0,0.0,1.0,-0.002976192673046274
2023-11-07 00:00:00+00:00,20260201_193429_467820e7_StateSignal_XLE,-0.011491507921253419,-0.011491507921253419,1.0035033181210424,1.0035033181210424,0.0,0.0,1.0,-0.011491507921253419
2023-11-08 00:00:00+00:00,20260201_193429_467820e7_StateSignal_XLE,-0.023386932698153284,-0.023386932698153284,0.9800344535577721,0.9800344535577721,0.0,0.0,1.0,-0.023386932698153284
2023-11-09 00:00:00+00:00,20260201_193429_467820e7_StateSignal_XLE,-0.0111212836405854,-0.0111212836405854,0.96913521242221,0.96913521242221,0.0,0.0,1.0,-0.0111212836405854
2023-11-10 00:00:00+00:00,20260201_193429_467820e7_StateSignal_XLE,-0.0031258165591894205,-0.0031258165591894205,0.9661058735271271,0.9661058735271271,0.0,0.0,1.0,-0.0031258165591894205
2023-11-13 00:00:00+00:00,20260201_193429_467820e7_StateSignal_XLE,0.007537397607904506,0.007537397607904506,0.9733877976272329,0.9733877976272329,0.0,0.0,1.0,0.007537397607904506
2023-11-14 00:00:00+00:00,20260201_193429_467820e7_StateSignal_XLE,0.008765201773966336,0.008765201773966336,0.9819197380777523,0.9819197380777523,0.0,0.0,1.0,0.008765201773966336
2023-11-15 00:00:00+00:00,20260201_193429_467820e7_StateSignal_XLE,0.009706334186578403,0.009706334186578403,0.9914505791999325,0.9914505791999325,0.0,0.0,1.0,0.009706334186578403
2023-11-16 00:00:00+00:00,20260201_193429_467820e7_StateSignal_XLE,-0.0005085176819470405,-0.0005085176819470405,0.9909464090496327,0.9909464090496327,0.0,0.0,1.0,-0.0005085176819470405
2023-11-17 00:00:00+00:00,20260201_193429_467820e7_StateSignal_XLE,-0.02471804526372834,-0.02471804526372834,0.9664521508568148,0.9664521508568148,0.0,0.0,1.0,-0.02471804526372834
2023-11-20 00:00:00+00:00,20260201_193429_467820e7_StateSignal_XLE,0.028018797276645913,0.028018797276645913,0.9935309777492503,0.9935309777492503,0.0,0.0,1.0,0.028018797276645913
2023-11-21 00:00:00+00:00,20260201_193429_467820e7_StateSignal_XLE,0.0010134280066744772,0.0010134280066744772,0.9945378498676001,0.9945378498676001,0.0,0.0,1.0,0.0010134280066744772
2023-11-22 00:00:00+00:00,20260201_193429_467820e7_StateSignal_XLE,-0.005586606708639419,-0.005586606708639419,0.9889817580435339,0.9889817580435339,0.0,0.0,1.0,-0.005586606708639419
2023-11-24 00:00:00+00:00,20260201_193429_467820e7_StateSignal_XLE,-0.003060446153106522,-0.003060446153106522,0.9859550326266371,0.9859550326266371,0.0,0.0,1.0,-0.003060446153106522
2023-11-27 00:00:00+00:00,20260201_193429_467820e7_StateSignal_XLE,0.002296212260350483,0.002296212260350483,0.9882189946607086,0.9882189946607086,0.0,0.0,1.0,0.002296212260350483
2023-11-28 00:00:00+00:00,20260201_193429_467820e7_StateSignal_XLE,-0.003318445929739511,-0.003318445929739511,0.9849396433601855,0.9849396433601855,0.0,0.0,1.0,-0.003318445929739511
2023-11-29 00:00:00+00:00,20260201_193429_467820e7_StateSignal_XLE,0.0061177860959893415,0.0061177860959893415,0.9909652934157231,0.9909652934157231,0.0,0.0,1.0,0.0061177860959893415
2023-11-30 00:00:00+00:00,20260201_193429_467820e7_StateSignal_XLE,-0.0032312427464590695,-0.0032312427464590695,0.987763243999381,0.987763243999381,0.0,0.0,0.9764558112100031,-0.0032312427464590695
2023-12-01 00:00:00+00:00,20260201_193429_467820e7_StateSignal_XLE,-0.0009963835672823311,-0.0009963835672823311,0.9867790529346945,0.9867790529346945,0.0,0.0,0.9764558112100031,-0.0009963835672823311
2023-12-04 00:00:00+00:00,20260201_193429_467820e7_StateSignal_XLE,0.008189917568392774,0.008189917568392774,0.9948606920364463,0.9948606920364463,0.0,0.0,0.9764558112100031,0.008189917568392774
2023-12-05 00:00:00+00:00,20260201_193429_467820e7_StateSignal_XLE,-0.004707014166975315,-0.004707014166975315,0.9901778686648639,0.9901778686648639,0.0,0.0,0.9764558112100031,-0.004707014166975315
2023-12-06 00:00:00+00:00,20260201_193429_467820e7_StateSignal_XLE,-0.013754887354302175,-0.013754887354302175,0.9765580836206557,0.9765580836206557,0.0,0.0,0.9764558112100031,-0.013754887354302175
2023-12-07 00:00:00+00:00,20260201_193429_467820e7_StateSignal_XLE,-0.018047725167649197,-0.018047725167649197,0.9589334317172239,0.9589334317172239,0.0,0.0,0.9764558112100031,-0.018047725167649197
2023-12-08 00:00:00+00:00,20260201_193429_467820e7_StateSignal_XLE,-0.009539050123417244,-0.009539050123417244,0.9497861176470528,0.9497861176470528,0.0,0.0,0.9764558112100031,-0.009539050123417244
2023-12-11 00:00:00+00:00,20260201_193429_467820e7_StateSignal_XLE,0.010564739095049186,0.010564739095049186,0.9598203601760936,0.9598203601760936,0.0,0.0,0.9764558112100031,0.010564739095049186
2023-12-12 00:00:00+00:00,20260201_193429_467820e7_StateSignal_XLE,0.003070618288930301,0.003070618288930301,0.9627676021281381,0.9627676021281381,0.0,0.0,0.9764558112100031,0.003070618288930301
2023-12-13 00:00:00+00:00,20260201_193429_467820e7_StateSignal_XLE,-0.01311734367888109,-0.01311734367888109,0.950138648608131,0.950138648608131,0.0,0.0,0.9764558112100031,-0.01311734367888109
2023-12-14 00:00:00+00:00,20260201_193429_467820e7_StateSignal_XLE,0.008507787622686145,0.008507787622686145,0.9582222264425951,0.9582222264425951,0.0,0.0,0.9764558112100031,0.008507787622686145
2023-12-15 00:00:00+00:00,20260201_193429_467820e7_StateSignal_XLE,0.03157056998674994,0.03157056998674994,0.9884738483053604,0.9884738483053604,0.0,0.0,0.9764558112100031,0.03157056998674994
2023-12-18 00:00:00+00:00,20260201_193429_467820e7_StateSignal_XLE,-0.007233962968188229,-0.007233962968188229,0.981323265091697,0.981323265091697,0.0,0.0,0.9764558112100031,-0.007233962968188229
2023-12-19 00:00:00+00:00,20260201_193429_467820e7_StateSignal_XLE,0.014414727806809554,0.014414727806809554,0.9954687728484835,0.9954687728484835,0.0,0.0,0.9764558112100031,0.014414727806809554
2023-12-20 00:00:00+00:00,20260201_193429_467820e7_StateSignal_XLE,0.008841209597196852,0.008841209597196852,1.0042699209167012,1.0042699209167012,0.0,0.0,0.9764558112100031,0.008841209597196852
2023-12-21 00:00:00+00:00,20260201_193429_467820e7_StateSignal_XLE,-0.005393442747358924,-0.005393442747358924,0.9988534485953422,0.9988534485953422,0.0,0.0,0.9764558112100031,-0.005393442747358924
2023-12-22 00:00:00+00:00,20260201_193429_467820e7_StateSignal_XLE,-0.005176226190649804,-0.005176226190649804,0.993683157214102,0.993683157214102,0.0,0.0,0.9764558112100031,-0.005176226190649804
2023-12-26 00:00:00+00:00,20260201_193429_467820e7_StateSignal_XLE,0.009835951324618068,0.009835951324618068,1.0034569763805528,1.0034569763805528,0.0,0.0,0.9764558112100031,0.009835951324618068
2023-12-27 00:00:00+00:00,20260201_193429_467820e7_StateSignal_XLE,0.0077980414342467665,0.0077980414342467665,1.011281975459852,1.011281975459852,0.0,0.0,0.9764558112100031,0.0077980414342467665
2023-12-28 00:00:00+00:00,20260201_193429_467820e7_StateSignal_XLE,-0.007553407633340242,-0.007553407633340242,1.0036433504669542,1.0036433504669542,0.0,0.0,0.9764558112100031,-0.007553407633340242
2023-12-29 00:00:00+00:00,20260201_193429_467820e7_StateSignal_XLE,-0.010574993141763163,-0.010574993141763163,0.9930298289189899,0.9930298289189899,0.0,0.0,0.9764558112100031,-0.010574993141763163
2024-01-02 00:00:00+00:00,20260201_193429_467820e7_StateSignal_XLE,-0.006350840601395458,-0.006350840601395458,0.9867232547630944,0.9867232547630944,0.0,0.0,1.0,-0.006350840601395458
2024-01-03 00:00:00+00:00,20260201_193429_467820e7_StateSignal_XLE,0.01442150231506334,0.01442150231506334,1.0009532864659871,1.0009532864659871,0.0,0.0,1.0,0.01442150231506334
2024-01-04 00:00:00+00:00,20260201_193429_467820e7_StateSignal_XLE,0.01545394664045352,0.01545394664045352,1.0164219651446191,1.0164219651446191,0.0,0.0,1.0,0.01545394664045352
2024-01-05 00:00:00+00:00,20260201_193429_467820e7_StateSignal_XLE,-0.016207810226853248,-0.016207810226853248,0.9999479908231499,0.9999479908231499,0.0,0.0,1.0,-0.016207810226853248
2024-01-08 00:00:00+00:00,20260201_193429_467820e7_StateSignal_XLE,-0.0060514556833553,-0.0060514556833553,0.9938968498710234,0.9938968498710234,0.0,0.0,1.0,-0.0060514556833553
2024-01-09 00:00:00+00:00,20260201_193429_467820e7_StateSignal_XLE,-0.011190350751150824,-0.011190350751150824,0.9827747955105028,0.9827747955105028,0.0,0.0,1.0,-0.011190350751150824
2024-01-10 00:00:00+00:00,20260201_193429_467820e7_StateSignal_XLE,-0.01183445764700286,-0.01183445764700286,0.9711441888164919,0.9711441888164919,0.0,0.0,1.0,-0.01183445764700286
2024-01-11 00:00:00+00:00,20260201_193429_467820e7_StateSignal_XLE,-0.010405921161116272,-0.010405921161116272,0.9610385389515913,0.9610385389515913,0.0,0.0,1.0,-0.010405921161116272
2024-01-12 00:00:00+00:00,20260201_193429_467820e7_StateSignal_XLE,0.0007842112544103053,0.0007842112544103053,0.9617921961897592,0.9617921961897592,0.0,0.0,1.0,0.0007842112544103053
2024-01-16 00:00:00+00:00,20260201_193429_467820e7_StateSignal_XLE,0.010656371147482524,0.010656371147482524,0.9720414107991096,0.9720414107991096,0.0,0.0,1.0,0.010656371147482524
2024-01-17 00:00:00+00:00,20260201_193429_467820e7_StateSignal_XLE,-0.019580314884286132,-0.019580314884286132,0.9530085338950972,0.9530085338950972,0.0,0.0,1.0,-0.019580314884286132
2024-01-18 00:00:00+00:00,20260201_193429_467820e7_StateSignal_XLE,-0.011401422724442334,-0.011401422724442334,0.9421428807401582,0.9421428807401582,0.0,0.0,1.0,-0.011401422724442334
2024-01-19 00:00:00+00:00,20260201_193429_467820e7_StateSignal_XLE,-0.002402884616310441,-0.002402884616310441,0.9398790201056613,0.9398790201056613,0.0,0.0,1.0,-0.002402884616310441
2024-01-22 00:00:00+00:00,20260201_193429_467820e7_StateSignal_XLE,0.002402884616310441,0.002402884616310441,0.9421374409442661,0.9421374409442661,0.0,0.0,1.0,0.002402884616310441
2024-01-23 00:00:00+00:00,20260201_193429_467820e7_StateSignal_XLE,0.00292903950587986,0.00292903950587986,0.9448969987287604,0.9448969987287604,0.0,0.0,1.0,0.00292903950587986
2024-01-24 00:00:00+00:00,20260201_193429_467820e7_StateSignal_XLE,0.0037155032127884624,0.0037155032127884624,0.9484077665632913,0.9484077665632913,0.0,0.0,1.0,0.0037155032127884624
2024-01-25 00:00:00+00:00,20260201_193429_467820e7_StateSignal_XLE,0.012111785763774918,0.012111785763774918,0.9598946782486061,0.9598946782486061,0.0,0.0,1.0,0.012111785763774918
2024-01-26 00:00:00+00:00,20260201_193429_467820e7_StateSignal_XLE,0.020207941535697493,0.020207941535697493,0.9792921737870811,0.9792921737870811,0.0,0.0,1.0,0.020207941535697493
2024-01-29 00:00:00+00:00,20260201_193429_467820e7_StateSignal_XLE,0.00944486918954679,0.00944486918954679,0.988541460266847,0.988541460266847,0.0,0.0,1.0,0.00944486918954679
2024-01-30 00:00:00+00:00,20260201_193429_467820e7_StateSignal_XLE,-0.0038182558798123267,-0.0038182558798123267,0.9847669560237449,0.9847669560237449,0.0,0.0,1.0,-0.0038182558798123267
2024-01-31 00:00:00+00:00,20260201_193429_467820e7_StateSignal_XLE,0.013678024796100363,0.013678024796100363,0.998236622866618,0.998236622866618,0.0,0.0,1.0,0.013678024796100363
2024-02-01 00:00:00+00:00,20260201_193429_467820e7_StateSignal_XLE,-0.010368028139427832,-0.010368028139427832,0.9878868774709295,0.9878868774709295,0.0,0.0,1.0,-0.010368028139427832
2024-02-02 00:00:00+00:00,20260201_193429_467820e7_StateSignal_XLE,-0.007142887512380014,-0.007142887512380014,0.9808305126301984,0.9808305126301984,0.0,0.0,1.0,-0.007142887512380014
2024-02-05 00:00:00+00:00,20260201_193429_467820e7_StateSignal_XLE,0.005616558037732311,0.005616558037732311,0.9863394041295647,0.9863394041295647,0.0,0.0,1.0,0.005616558037732311
2024-02-06 00:00:00+00:00,20260201_193429_467820e7_StateSignal_XLE,-0.0020387366898484416,-0.0020387366898484416,0.9843285177977225,0.9843285177977225,0.0,0.0,1.0,-0.0020387366898484416
2024-02-07 00:00:00+00:00,20260201_193429_467820e7_StateSignal_XLE,0.00025506950782361315,0.00025506950782361315,0.9845795899882939,0.9845795899882939,0.0,0.0,1.0,0.00025506950782361315
2024-02-08 00:00:00+00:00,20260201_193429_467820e7_StateSignal_XLE,-0.001531393867428399,-0.001531393867428399,0.9830718108421906,0.9830718108421906,0.0,0.0,1.0,-0.001531393867428399
2024-02-09 00:00:00+00:00,20260201_193429_467820e7_StateSignal_XLE,0.011681189197013442,0.011681189197013442,0.9945552586588888,0.9945552586588888,0.0,0.0,1.0,0.011681189197013442
2024-02-12 00:00:00+00:00,20260201_193429_467820e7_StateSignal_XLE,-0.014494850088933475,-0.014494850088933475,0.9801393292794678,0.9801393292794678,0.0,0.0,1.0,-0.014494850088933475
2024-02-13 00:00:00+00:00,20260201_193429_467820e7_StateSignal_XLE,0.01196704287840733,0.01196704287840733,0.9918686986597686,0.9918686986597686,0.0,0.0,1.0,0.01196704287840733
2024-02-14 00:00:00+00:00,20260201_193429_467820e7_StateSignal_XLE,-0.01633105955916747,-0.01633105955916747,0.9756704318670819,0.9756704318670819,0.0,0.0,1.0,-0.01633105955916747
2024-02-15 00:00:00+00:00,20260201_193429_467820e7_StateSignal_XLE,0.0033389012655145045,0.0033389012655145045,0.978928099106768,0.978928099106768,0.0,0.0,1.0,0.0033389012655145045
2024-02-16 00:00:00+00:00,20260201_193429_467820e7_StateSignal_XLE,0.03055407477953631,0.03055407477953631,1.0088383414506656,1.0088383414506656,0.0,0.0,1.0,0.03055407477953631
2024-02-20 00:00:00+00:00,20260201_193429_467820e7_StateSignal_XLE,0.0019875782940732556,0.0019875782940732556,1.010843486640362,1.010843486640362,0.0,0.0,1.0,0.0019875782940732556
2024-02-21 00:00:00+00:00,20260201_193429_467820e7_StateSignal_XLE,-0.011734000567205527,-0.011734000567205527,0.9989822485947679,0.9989822485947679,0.0,0.0,1.0,-0.011734000567205527
2024-02-22 00:00:00+00:00,20260201_193429_467820e7_StateSignal_XLE,0.012726310249226547,0.012726310249226547,1.011695606623855,1.011695606623855,0.0,0.0,1.0,0.012726310249226547
2024-02-23 00:00:00+00:00,20260201_193429_467820e7_StateSignal_XLE,0.004206365227216402,0.004206365227216402,1.0159511678440851,1.0159511678440851,0.0,0.0,1.0,0.004206365227216402
2024-02-26 00:00:00+00:00,20260201_193429_467820e7_StateSignal_XLE,-0.0034627786270848837,-0.0034627786270848837,1.0124331538539126,1.0124331538539126,0.0,0.0,1.0,-0.0034627786270848837
2024-02-27 00:00:00+00:00,20260201_193429_467820e7_StateSignal_XLE,0.0022274480190924706,0.0022274480190924706,1.0146882960769281,1.0146882960769281,0.0,0.0,1.0,0.0022274480190924706
2024-02-28 00:00:00+00:00,20260201_193429_467820e7_StateSignal_XLE,-0.007195168121027162,-0.007195168121027162,1.007387443196216,1.007387443196216,0.0,0.0,1.0,-0.007195168121027162
2024-02-29 00:00:00+00:00,20260201_193429_467820e7_StateSignal_XLE,0.0,0.0,1.007387443196216,1.007387443196216,0.0,0.0,1.0,0.0
2024-03-01 00:00:00+00:00,20260201_193429_467820e7_StateSignal_XLE,0.0024869448281714668,0.0024869448281714668,1.0098927601880376,1.0098927601880376,0.0,0.0,1.0,0.0024869448281714668
2024-03-04 00:00:00+00:00,20260201_193429_467820e7_StateSignal_XLE,0.011913910391685024,0.011913910391685024,1.0219245320381294,1.0219245320381294,0.0,0.0,0.8053656554904575,0.011913910391685024
2024-03-05 00:00:00+00:00,20260201_193429_467820e7_StateSignal_XLE,-0.006928345037028622,-0.006928345037028622,1.014844286278365,1.014844286278365,0.0,0.0,0.8053656554904575,-0.006928345037028622
2024-03-06 00:00:00+00:00,20260201_193429_467820e7_StateSignal_XLE,0.0035705924985660613,0.0035705924985660613,1.0184678816741632,1.0184678816741632,0.0,0.0,0.8053656554904575,0.0035705924985660613
2024-03-07 00:00:00+00:00,20260201_193429_467820e7_StateSignal_XLE,0.0023716306379958987,0.0023716306379958987,1.0208833113061566,1.0208833113061566,0.0,0.0,0.8053656554904575,0.0023716306379958987
2024-03-08 00:00:00+00:00,20260201_193429_467820e7_StateSignal_XLE,0.006290415424594226,0.006290415424594226,1.0273050914343076,1.0273050914343076,0.0,0.0,0.8053656554904575,0.006290415424594226
2024-03-11 00:00:00+00:00,20260201_193429_467820e7_StateSignal_XLE,0.001174002621144018,0.001174002621144018,1.028511150304366,1.028511150304366,0.0,0.0,0.8053656554904575,0.001174002621144018
2024-03-12 00:00:00+00:00,20260201_193429_467820e7_StateSignal_XLE,0.0075895839101088195,0.0075895839101088195,1.0363171219820835,1.0363171219820835,0.0,0.0,0.8053656554904575,0.0075895839101088195
2024-03-13 00:00:00+00:00,20260201_193429_467820e7_StateSignal_XLE,0.003286027874081442,0.003286027874081442,1.0397224889313044,1.0397224889313044,0.0,0.0,0.8053656554904575,0.003286027874081442
2024-03-14 00:00:00+00:00,20260201_193429_467820e7_StateSignal_XLE,0.012062043201757655,0.012062043201757655,1.0522636665106329,1.0522636665106329,0.0,0.0,0.8053656554904575,0.012062043201757655
2024-03-15 00:00:00+00:00,20260201_193429_467820e7_StateSignal_XLE,0.005492226813440841,0.005492226813440841,1.058042937234652,1.058042937234652,0.0,0.0,0.8053656554904575,0.005492226813440841
2024-03-18 00:00:00+00:00,20260201_193429_467820e7_StateSignal_XLE,0.004141674490159721,0.004141674490159721,1.0624250066772905,1.0624250066772905,0.0,0.0,0.8053656554904575,0.004141674490159721
2024-03-19 00:00:00+00:00,20260201_193429_467820e7_StateSignal_XLE,0.003185860150558188,0.003185860150558188,1.06580974416902,1.06580974416902,0.0,0.0,0.8053656554904575,0.003185860150558188
2024-03-20 00:00:00+00:00,20260201_193429_467820e7_StateSignal_XLE,0.0068906719932429,0.0068906719932429,1.0731538895232908,1.0731538895232908,0.0,0.0,0.8053656554904575,0.0068906719932429
2024-03-21 00:00:00+00:00,20260201_193429_467820e7_StateSignal_XLE,0.0024071183619812273,0.0024071183619812273,1.075737097955994,1.075737097955994,0.0,0.0,0.8053656554904575,0.0024071183619812273
2024-03-22 00:00:00+00:00,20260201_193429_467820e7_StateSignal_XLE,0.0023999452765739926,0.0023999452765739926,1.0783188081230688,1.0783188081230688,0.0,0.0,0.8053656554904575,0.0023999452765739926
2024-03-25 00:00:00+00:00,20260201_193429_467820e7_StateSignal_XLE,-0.0011067784455888634,-0.0011067784455888634,1.0771253481087653,1.0771253481087653,0.0,0.0,0.8053656554904575,-0.0011067784455888634
2024-03-26 00:00:00+00:00,20260201_193429_467820e7_StateSignal_XLE,0.008081273927153607,0.008081273927153607,1.0858298931007129,1.0858298931007129,0.0,0.0,0.8053656554904575,0.008081273927153607
2024-03-27 00:00:00+00:00,20260201_193429_467820e7_StateSignal_XLE,-0.0051332380369225,-0.0051332380369225,1.0802560697918209,1.0802560697918209,0.0,0.0,0.8053656554904575,-0.0051332380369225
2024-03-28 00:00:00+00:00,20260201_193429_467820e7_StateSignal_XLE,0.0025707087893560394,0.0025707087893560394,1.08303309356519,1.08303309356519,0.0,0.0,0.8053656554904575,0.0025707087893560394
2024-04-01 00:00:00+00:00,20260201_193429_467820e7_StateSignal_XLE,0.011648429490254384,0.011648429490254384,1.0956487281911962,1.0956487281911962,0.0,0.0,0.8053656554904575,0.011648429490254384
2024-04-02 00:00:00+00:00,20260201_193429_467820e7_StateSignal_XLE,0.007553730571580662,0.007553730571580662,1.1039249634850477,1.1039249634850477,0.0,0.0,0.8053656554904575,0.007553730571580662
2024-04-03 00:00:00+00:00,20260201_193429_467820e7_StateSignal_XLE,0.007453600089577463,0.007453600089577463,1.1121531786917667,1.1121531786917667,0.0,0.0,0.9352148164087214,0.007453600089577463
2024-04-04 00:00:00+00:00,20260201_193429_467820e7_StateSignal_XLE,0.01066250761506073,0.01066250761506073,1.1240115204286818,1.1240115204286818,0.0,0.0,0.9352148164087214,0.01066250761506073
2024-04-05 00:00:00+00:00,20260201_193429_467820e7_StateSignal_XLE,-0.0024498110050698465,-0.0024498110050698465,1.1212579046361104,1.1212579046361104,0.0,0.0,0.9352148164087214,-0.0024498110050698465
2024-04-08 00:00:00+00:00,20260201_193429_467820e7_StateSignal_XLE,0.009558655869968232,0.009558655869968232,1.1319756230880087,1.1319756230880087,0.0,0.0,0.9352148164087214,0.009558655869968232
2024-04-09 00:00:00+00:00,20260201_193429_467820e7_StateSignal_XLE,0.002021212838629954,0.002021212838629954,1.1342635867504103,1.1342635867504103,0.0,0.0,0.9352148164087214,0.002021212838629954
2024-04-10 00:00:00+00:00,20260201_193429_467820e7_StateSignal_XLE,-0.00994594854385501,-0.00994594854385501,1.1229822594814223,1.1229822594814223,0.0,0.0,0.9352148164087214,-0.00994594854385501
2024-04-11 00:00:00+00:00,20260201_193429_467820e7_StateSignal_XLE,0.005087678831857169,0.005087678831857169,1.1286956325515372,1.1286956325515372,0.0,0.0,0.9352148164087214,0.005087678831857169
2024-04-12 00:00:00+00:00,20260201_193429_467820e7_StateSignal_XLE,0.0,0.0,1.1286956325515372,1.1286956325515372,0.0,0.0,0.9352148164087214,0.0
2024-04-15 00:00:00+00:00,20260201_193429_467820e7_StateSignal_XLE,-0.015759545884194193,-0.015759545884194193,1.1109079019410517,1.1109079019410517,0.0,0.0,0.9352148164087214,-0.015759545884194193
2024-04-16 00:00:00+00:00,20260201_193429_467820e7_StateSignal_XLE,-0.006212698775617733,-0.006212698775617733,1.1040061657788385,1.1040061657788385,0.0,0.0,0.9352148164087214,-0.006212698775617733
2024-04-17 00:00:00+00:00,20260201_193429_467820e7_StateSignal_XLE,-0.006045096201088266,-0.006045096201088266,1.0973323423001107,1.0973323423001107,0.0,0.0,0.9352148164087214,-0.006045096201088266
2024-04-18 00:00:00+00:00,20260201_193429_467820e7_StateSignal_XLE,-0.004612142492920667,-0.004612142492920667,1.0922712891753321,1.0922712891753321,0.0,0.0,0.9352148164087214,-0.004612142492920667
2024-04-19 00:00:00+00:00,20260201_193429_467820e7_StateSignal_XLE,-0.00611460405596379,-0.00611460405596379,1.0855924827203278,1.0855924827203278,0.0,0.0,0.9352148164087214,-0.00611460405596379
2024-04-22 00:00:00+00:00,20260201_193429_467820e7_StateSignal_XLE,0.012398265879302995,0.012398265879302995,1.099051946957667,1.099051946957667,0.0,0.0,0.9352148164087214,0.012398265879302995
2024-04-23 00:00:00+00:00,20260201_193429_467820e7_StateSignal_XLE,0.011617724759784188,0.011617724759784188,1.1118204299741261,1.1118204299741261,0.0,0.0,0.9352148164087214,0.011617724759784188
2024-04-24 00:00:00+00:00,20260201_193429_467820e7_StateSignal_XLE,-0.0006187329477478949,-0.0006187329477478949,1.1111325100421219,1.1111325100421219,0.0,0.0,0.9352148164087214,-0.0006187329477478949
2024-04-25 00:00:00+00:00,20260201_193429_467820e7_StateSignal_XLE,-0.001651958594968033,-0.001651958594968033,1.1092969651420095,1.1092969651420095,0.0,0.0,0.9352148164087214,-0.001651958594968033
2024-04-26 00:00:00+00:00,20260201_193429_467820e7_StateSignal_XLE,0.008230766582521778,0.008230766582521778,1.1184273295327933,1.1184273295327933,0.0,0.0,0.9352148164087214,0.008230766582521778
2024-04-29 00:00:00+00:00,20260201_193429_467820e7_StateSignal_XLE,-0.006785143303649279,-0.006785143303649279,1.1108386398271954,1.1108386398271954,0.0,0.0,0.9352148164087214,-0.006785143303649279
2024-04-30 00:00:00+00:00,20260201_193429_467820e7_StateSignal_XLE,0.0014433921319271289,0.0014433921319271289,1.1124420155797627,1.1124420155797627,0.0,0.0,0.9352148164087214,0.0014433921319271289
2024-05-01 00:00:00+00:00,20260201_193429_467820e7_StateSignal_XLE,-0.01872989470120052,-0.01872989470120052,1.0916060937667624,1.0916060937667624,0.0,0.0,0.9352148164087214,-0.01872989470120052
2024-05-02 00:00:00+00:00,20260201_193429_467820e7_StateSignal_XLE,-0.01723007939312149,-0.01723007939312149,1.072797634105146,1.072797634105146,0.0,0.0,1.0,-0.01723007939312149
2024-05-03 00:00:00+00:00,20260201_193429_467820e7_StateSignal_XLE,0.002968377564913194,0.002968377564913194,1.0759821025339156,1.0759821025339156,0.0,0.0,1.0,0.002968377564913194
2024-05-06 00:00:00+00:00,20260201_193429_467820e7_StateSignal_XLE,-0.009161768161458639,-0.009161768161458639,1.066124203964621,1.066124203964621,0.0,0.0,1.0,-0.009161768161458639
2024-05-07 00:00:00+00:00,20260201_193429_467820e7_StateSignal_XLE,0.0,0.0,1.066124203964621,1.066124203964621,0.0,0.0,0.0,0.0
2024-05-08 00:00:00+00:00,20260201_193429_467820e7_StateSignal_XLE,-0.0011336584367969138,-0.0011336584367969138,1.0649155832661232,1.0649155832661232,0.0,0.0,1.0,-0.0011336584367969138
2024-05-09 00:00:00+00:00,20260201_193429_467820e7_StateSignal_XLE,-0.003408706856970589,-0.003408706856970589,1.061285598215349,1.061285598215349,0.0,0.0,1.0,-0.003408706856970589
2024-05-10 00:00:00+00:00,20260201_193429_467820e7_StateSignal_XLE,0.012666986830262239,0.012666986830262239,1.07472888891109,1.07472888891109,0.0,0.0,1.0,0.012666986830262239
2024-05-13 00:00:00+00:00,20260201_193429_467820e7_StateSignal_XLE,-0.005861152937715275,-0.005861152937715275,1.0684297385266013,1.0684297385266013,0.0,0.0,1.0,-0.005861152937715275
2024-05-14 00:00:00+00:00,20260201_193429_467820e7_StateSignal_XLE,0.00067804274266825,0.00067804274266825,1.0691541795568602,1.0691541795568602,0.0,0.0,1.0,0.00067804274266825
2024-05-15 00:00:00+00:00,20260201_193429_467820e7_StateSignal_XLE,-0.002261932654063603,-0.002261932654063603,1.066735824805892,1.066735824805892,0.0,0.0,1.0,-0.002261932654063603
2024-05-16 00:00:00+00:00,20260201_193429_467820e7_StateSignal_XLE,0.0018099552452395251,0.0018099552452395251,1.0686665689072843,1.0686665689072843,0.0,0.0,1.0,0.0018099552452395251
2024-05-17 00:00:00+00:00,20260201_193429_467820e7_StateSignal_XLE,0.0006778895299701659,0.0006778895299701659,1.0693910067853756,1.0693910067853756,0.0,0.0,1.0,0.0006778895299701659
2024-05-20 00:00:00+00:00,20260201_193429_467820e7_StateSignal_XLE,0.013907806049791471,0.013907806049791471,1.0842638894991379,1.0842638894991379,0.0,0.0,1.0,0.013907806049791471
2024-05-21 00:00:00+00:00,20260201_193429_467820e7_StateSignal_XLE,-0.00872586362164629,-0.00872586362164629,1.0748027506694926,1.0748027506694926,0.0,0.0,1.0,-0.00872586362164629
2024-05-22 00:00:00+00:00,20260201_193429_467820e7_StateSignal_XLE,-0.0029256237813766184,-0.0029256237813766184,1.071658282181845,1.071658282181845,0.0,0.0,1.0,-0.0029256237813766184
2024-05-23 00:00:00+00:00,20260201_193429_467820e7_StateSignal_XLE,0.0,0.0,1.071658282181845,1.071658282181845,0.0,0.0,0.0,-0.0
2024-05-24 00:00:00+00:00,20260201_193429_467820e7_StateSignal_XLE,-0.006018536685798548,-0.006018536685798548,1.0652084674958937,1.0652084674958937,0.0,0.0,1.0,-0.006018536685798548
2024-05-28 00:00:00+00:00,20260201_193429_467820e7_StateSignal_XLE,0.0004642525617275517,0.0004642525617275517,1.0657029932557025,1.0657029932557025,0.0,0.0,1.0,0.0004642525617275517
2024-05-29 00:00:00+00:00,20260201_193429_467820e7_StateSignal_XLE,0.010389104178654573,0.010389104178654573,1.07677469267614,1.07677469267614,0.0,0.0,1.0,0.010389104178654573
2024-05-30 00:00:00+00:00,20260201_193429_467820e7_StateSignal_XLE,-0.018778806150467897,-0.018778806150467897,1.056554149454645,1.056554149454645,0.0,0.0,1.0,-0.018778806150467897
2024-05-31 00:00:00+00:00,20260201_193429_467820e7_StateSignal_XLE,0.004436668106564401,0.004436668106564401,1.0612417295523888,1.0612417295523888,0.0,0.0,1.0,0.004436668106564401
2024-06-03 00:00:00+00:00,20260201_193429_467820e7_StateSignal_XLE,0.020067563050809145,0.020067563050809145,1.0825382648723312,1.0825382648723312,0.0,0.0,1.0,0.020067563050809145
2024-06-04 00:00:00+00:00,20260201_193429_467820e7_StateSignal_XLE,0.0,0.0,1.0825382648723312,1.0825382648723312,0.0,0.0,0.0,-0.0
2024-06-05 00:00:00+00:00,20260201_193429_467820e7_StateSignal_XLE,0.0,0.0,1.0825382648723312,1.0825382648723312,0.0,0.0,0.0,-0.0
2024-06-06 00:00:00+00:00,20260201_193429_467820e7_StateSignal_XLE,0.0049557623549847385,0.0049557623549847385,1.087903067253216,1.087903067253216,0.0,0.0,1.0,0.0049557623549847385
2024-06-07 00:00:00+00:00,20260201_193429_467820e7_StateSignal_XLE,0.003993897004004765,0.003993897004004765,1.092248040054166,1.092248040054166,0.0,0.0,1.0,0.003993897004004765
2024-06-10 00:00:00+00:00,20260201_193429_467820e7_StateSignal_XLE,0.0002344391055162376,0.0002344391055162376,1.0925041057076783,1.0925041057076783,0.0,0.0,1.0,0.0002344391055162376
2024-06-11 00:00:00+00:00,20260201_193429_467820e7_StateSignal_XLE,0.007938402650358167,0.007938402650358167,1.1011768431959552,1.1011768431959552,0.0,0.0,1.0,0.007938402650358167
2024-06-12 00:00:00+00:00,20260201_193429_467820e7_StateSignal_XLE,-0.008407335835973306,-0.008407335835973306,1.0919188796604098,1.0919188796604098,0.0,0.0,1.0,-0.008407335835973306
2024-06-13 00:00:00+00:00,20260201_193429_467820e7_StateSignal_XLE,-0.009898737437414429,-0.009898737437414429,1.0811102613676957,1.0811102613676957,0.0,0.0,1.0,-0.009898737437414429
2024-06-14 00:00:00+00:00,20260201_193429_467820e7_StateSignal_XLE,-0.005700728027687951,-0.005700728027687951,1.0749471457996957,1.0749471457996957,0.0,0.0,1.0,-0.005700728027687951
2024-06-17 00:00:00+00:00,20260201_193429_467820e7_StateSignal_XLE,-0.0117408800477099,-0.0117408800477099,1.0623263203032334,1.0623263203032334,0.0,0.0,1.0,-0.0117408800477099
2024-06-18 00:00:00+00:00,20260201_193429_467820e7_StateSignal_XLE,0.007204642115047122,0.007204642115047122,1.069980001250413,1.069980001250413,0.0,0.0,1.0,0.007204642115047122
2024-06-20 00:00:00+00:00,20260201_193429_467820e7_StateSignal_XLE,0.0,0.0,1.069980001250413,1.069980001250413,0.0,0.0,0.0,0.0
2024-06-21 00:00:00+00:00,20260201_193429_467820e7_StateSignal_XLE,0.022441003139001214,0.022441003139001214,1.0939914258171421,1.0939914258171421,0.0,0.0,1.0,0.022441003139001214
2024-06-24 00:00:00+00:00,20260201_193429_467820e7_StateSignal_XLE,-0.007267644226483405,-0.007267644226483405,1.0860406853474798,1.0860406853474798,0.0,0.0,1.0,-0.007267644226483405
2024-06-25 00:00:00+00:00,20260201_193429_467820e7_StateSignal_XLE,0.02279698632263738,0.02279698632263738,1.110799139997174,1.110799139997174,0.0,0.0,1.0,0.02279698632263738
2024-06-26 00:00:00+00:00,20260201_193429_467820e7_StateSignal_XLE,-0.0018416211466494303,-0.0018416211466494303,1.1087534688112752,1.1087534688112752,0.0,0.0,1.0,-0.0018416211466494303
2024-06-27 00:00:00+00:00,20260201_193429_467820e7_StateSignal_XLE,-0.0060088001453491025,-0.0060088001453491025,1.1020911908067257,1.1020911908067257,0.0,0.0,1.0,-0.0060088001453491025
2024-06-28 00:00:00+00:00,20260201_193429_467820e7_StateSignal_XLE,-0.0023207251074812696,-0.0023207251074812696,1.0995335401094866,1.0995335401094866,0.0,0.0,1.0,-0.0023207251074812696
2024-07-01 00:00:00+00:00,20260201_193429_467820e7_StateSignal_XLE,0.006484506279261115,0.006484506279261115,1.1066634722545847,1.1066634722545847,0.0,0.0,1.0,0.006484506279261115
2024-07-02 00:00:00+00:00,20260201_193429_467820e7_StateSignal_XLE,0.0016145776774694198,0.0016145776774694198,1.1084502663933578,1.1084502663933578,0.0,0.0,1.0,0.0016145776774694198
2024-07-03 00:00:00+00:00,20260201_193429_467820e7_StateSignal_XLE,-0.006242073209517862,-0.006242073209517862,1.1015312386814209,1.1015312386814209,0.0,0.0,1.0,-0.006242073209517862
2024-07-05 00:00:00+00:00,20260201_193429_467820e7_StateSignal_XLE,0.007854048227541988,0.007854048227541988,1.1101827181541688,1.1101827181541688,0.0,0.0,1.0,0.007854048227541988
2024-07-08 00:00:00+00:00,20260201_193429_467820e7_StateSignal_XLE,-0.014835691666746698,-0.014835691666746698,1.0937123896538827,1.0937123896538827,0.0,0.0,1.0,-0.014835691666746698
2024-07-09 00:00:00+00:00,20260201_193429_467820e7_StateSignal_XLE,-0.006325428142153644,-0.006325428142153644,1.0867941905249439,1.0867941905249439,0.0,0.0,1.0,-0.006325428142153644
2024-07-10 00:00:00+00:00,20260201_193429_467820e7_StateSignal_XLE,-0.0032956715328840147,-0.0032956715328840147,1.083212473849127,1.083212473849127,0.0,0.0,1.0,-0.0032956715328840147
2024-07-11 00:00:00+00:00,20260201_193429_467820e7_StateSignal_XLE,-0.0004716981219532457,-0.0004716981219532457,1.0827015245595362,1.0827015245595362,0.0,0.0,1.0,-0.0004716981219532457
2024-07-12 00:00:00+00:00,20260201_193429_467820e7_StateSignal_XLE,0.01312416306571862,0.01312416306571862,1.0969110759193577,1.0969110759193577,0.0,0.0,1.0,0.01312416306571862
2024-07-15 00:00:00+00:00,20260201_193429_467820e7_StateSignal_XLE,0.0032543031974823222,0.0032543031974823222,1.1004807571410757,1.1004807571410757,0.0,0.0,1.0,0.0032543031974823222
2024-07-16 00:00:00+00:00,20260201_193429_467820e7_StateSignal_XLE,0.02226138974645009,0.02226138974645009,1.1249789881842618,1.1249789881842618,0.0,0.0,1.0,0.02226138974645009
2024-07-17 00:00:00+00:00,20260201_193429_467820e7_StateSignal_XLE,-0.004321626196074568,-0.004321626196074568,1.1201172495188911,1.1201172495188911,0.0,0.0,1.0,-0.004321626196074568
2024-07-18 00:00:00+00:00,20260201_193429_467820e7_StateSignal_XLE,0.0,0.0,1.1201172495188911,1.1201172495188911,0.0,0.0,0.0,0.0
2024-07-19 00:00:00+00:00,20260201_193429_467820e7_StateSignal_XLE,0.004051322219178477,0.004051322219178477,1.1246552054199521,1.1246552054199521,0.0,0.0,1.0,0.004051322219178477
2024-07-22 00:00:00+00:00,20260201_193429_467820e7_StateSignal_XLE,-0.011294450309028203,-0.011294450309028203,1.1119528430875465,1.1119528430875465,0.0,0.0,1.0,-0.011294450309028203
2024-07-23 00:00:00+00:00,20260201_193429_467820e7_StateSignal_XLE,-0.006838412789977877,-0.006838412789977877,1.1043488505435244,1.1043488505435244,0.0,0.0,1.0,-0.006838412789977877
2024-07-24 00:00:00+00:00,20260201_193429_467820e7_StateSignal_XLE,-0.015211171372120802,-0.015211171372120802,1.0875504109233023,1.0875504109233023,0.0,0.0,1.0,-0.015211171372120802
2024-07-25 00:00:00+00:00,20260201_193429_467820e7_StateSignal_XLE,0.0018561490247930301,0.0018561490247930301,1.089569066557951,1.089569066557951,0.0,0.0,1.0,0.0018561490247930301
2024-07-26 00:00:00+00:00,20260201_193429_467820e7_StateSignal_XLE,0.01060650939397867,0.01060650939397867,1.1011255910977864,1.1011255910977864,0.0,0.0,1.0,0.01060650939397867
2024-07-29 00:00:00+00:00,20260201_193429_467820e7_StateSignal_XLE,0.006629353345153799,0.006629353345153799,1.108425341718565,1.108425341718565,0.0,0.0,1.0,0.006629353345153799
2024-07-30 00:00:00+00:00,20260201_193429_467820e7_StateSignal_XLE,-0.010996674388640493,-0.010996674388640493,1.0962363491515683,1.0962363491515683,0.0,0.0,1.0,-0.010996674388640493
2024-07-31 00:00:00+00:00,20260201_193429_467820e7_StateSignal_XLE,0.014635523070686496,0.014635523070686496,1.1122803415305011,1.1122803415305011,0.0,0.0,1.0,0.014635523070686496
2024-08-01 00:00:00+00:00,20260201_193429_467820e7_StateSignal_XLE,0.011959975575534187,0.011959975575534187,1.1255831872483528,1.1255831872483528,0.0,0.0,1.0,0.011959975575534187
2024-08-02 00:00:00+00:00,20260201_193429_467820e7_StateSignal_XLE,-0.03376233084802083,-0.03376233084802083,1.0875808752835041,1.0875808752835041,0.0,0.0,1.0,-0.03376233084802083
2024-08-05 00:00:00+00:00,20260201_193429_467820e7_StateSignal_XLE,0.0,0.0,1.0875808752835041,1.0875808752835041,0.0,0.0,0.0,-0.0
2024-08-06 00:00:00+00:00,20260201_193429_467820e7_StateSignal_XLE,0.0,0.0,1.0875808752835041,1.0875808752835041,0.0,0.0,0.0,-0.0
2024-08-07 00:00:00+00:00,20260201_193429_467820e7_StateSignal_XLE,0.008676844025689245,0.008676844025689245,1.0970176449036617,1.0970176449036617,0.0,0.0,1.0,0.008676844025689245
2024-08-08 00:00:00+00:00,20260201_193429_467820e7_StateSignal_XLE,0.0,0.0,1.0970176449036617,1.0970176449036617,0.0,0.0,0.0,0.0
2024-08-09 00:00:00+00:00,20260201_193429_467820e7_StateSignal_XLE,0.015209418663529206,0.015209418663529206,1.1137026455462804,1.1137026455462804,0.0,0.0,1.0,0.015209418663529206
2024-08-12 00:00:00+00:00,20260201_193429_467820e7_StateSignal_XLE,0.004705891037412702,0.004705891037412702,1.1189436088442994,1.1189436088442994,0.0,0.0,1.0,0.004705891037412702
2024-08-13 00:00:00+00:00,20260201_193429_467820e7_StateSignal_XLE,0.0023446669592539493,0.0023446669592539493,1.121567158953225,1.121567158953225,0.0,0.0,1.0,0.0023446669592539493
2024-08-14 00:00:00+00:00,20260201_193429_467820e7_StateSignal_XLE,-0.006814736748079753,-0.006814736748079753,1.1139239740196671,1.1139239740196671,0.0,0.0,1.0,-0.006814736748079753
2024-08-15 00:00:00+00:00,20260201_193429_467820e7_StateSignal_XLE,0.008218902670345418,0.008218902670345418,1.1230792067442992,1.1230792067442992,0.0,0.0,1.0,0.008218902670345418
2024-08-16 00:00:00+00:00,20260201_193429_467820e7_StateSignal_XLE,0.006991405779372517,0.006991405779372517,1.1309311092010244,1.1309311092010244,0.0,0.0,1.0,0.006991405779372517
2024-08-19 00:00:00+00:00,20260201_193429_467820e7_StateSignal_XLE,0.0,0.0,1.1309311092010244,1.1309311092010244,0.0,0.0,1.0,0.0
2024-08-20 00:00:00+00:00,20260201_193429_467820e7_StateSignal_XLE,0.006250743815600757,0.006250743815600757,1.1380002698377332,1.1380002698377332,0.0,0.0,1.0,0.006250743815600757
2024-08-21 00:00:00+00:00,20260201_193429_467820e7_StateSignal_XLE,-0.021461052265318692,-0.021461052265318692,1.113577586568799,1.113577586568799,0.0,0.0,1.0,-0.021461052265318692
2024-08-22 00:00:00+00:00,20260201_193429_467820e7_StateSignal_XLE,-0.0018881289536669676,-0.0018881289536669676,1.1114750084854437,1.1114750084854437,0.0,0.0,1.0,-0.0018881289536669676
2024-08-23 00:00:00+00:00,20260201_193429_467820e7_StateSignal_XLE,0.0021238946037041018,0.0021238946037041018,1.113835664258118,1.113835664258118,0.0,0.0,1.0,0.0021238946037041018
2024-08-26 00:00:00+00:00,20260201_193429_467820e7_StateSignal_XLE,0.01311494207782804,0.01311494207782804,1.1284435544790823,1.1284435544790823,0.0,0.0,1.0,0.01311494207782804
2024-08-27 00:00:00+00:00,20260201_193429_467820e7_StateSignal_XLE,0.0,0.0,1.1284435544790823,1.1284435544790823,0.0,0.0,0.0,0.0
2024-08-28 00:00:00+00:00,20260201_193429_467820e7_StateSignal_XLE,-0.010655648655724104,-0.010655648655724104,1.1164192564347368,1.1164192564347368,0.0,0.0,1.0,-0.010655648655724104
2024-08-29 00:00:00+00:00,20260201_193429_467820e7_StateSignal_XLE,-0.0056048722160562114,-0.0056048722160562114,1.1101618691628756,1.1101618691628756,0.0,0.0,1.0,-0.0056048722160562114
2024-08-30 00:00:00+00:00,20260201_193429_467820e7_StateSignal_XLE,0.012798313143309592,0.012798313143309592,1.124370068404184,1.124370068404184,0.0,0.0,1.0,0.012798313143309592
2024-09-03 00:00:00+00:00,20260201_193429_467820e7_StateSignal_XLE,-0.003706281750141649,-0.003706281750141649,1.120202836139252,1.120202836139252,0.0,0.0,1.0,-0.003706281750141649
2024-09-04 00:00:00+00:00,20260201_193429_467820e7_StateSignal_XLE,0.0,0.0,1.120202836139252,1.120202836139252,0.0,0.0,0.0,-0.0
2024-09-05 00:00:00+00:00,20260201_193429_467820e7_StateSignal_XLE,-0.012560895092438518,-0.012560895092438518,1.1061320858322548,1.1061320858322548,0.0,0.0,1.0,-0.012560895092438518
2024-09-06 00:00:00+00:00,20260201_193429_467820e7_StateSignal_XLE,-0.007901393915453525,-0.007901393915453525,1.097392100499572,1.097392100499572,0.0,0.0,1.0,-0.007901393915453525
2024-09-09 00:00:00+00:00,20260201_193429_467820e7_StateSignal_XLE,-0.01819334596120603,-0.01819334596120603,1.0774268663600886,1.0774268663600886,0.0,0.0,1.0,-0.01819334596120603
2024-09-10 00:00:00+00:00,20260201_193429_467820e7_StateSignal_XLE,0.014098434783298863,0.014098434783298863,1.0926168987692404,1.0926168987692404,0.0,0.0,1.0,0.014098434783298863
2024-09-11 00:00:00+00:00,20260201_193429_467820e7_StateSignal_XLE,0.0,0.0,1.0926168987692404,1.0926168987692404,0.0,0.0,0.0,-0.0
2024-09-12 00:00:00+00:00,20260201_193429_467820e7_StateSignal_XLE,0.0,0.0,1.0926168987692404,1.0926168987692404,0.0,0.0,0.0,-0.0
2024-09-13 00:00:00+00:00,20260201_193429_467820e7_StateSignal_XLE,0.007940488371407373,0.007940488371407373,1.1012928105483208,1.1012928105483208,0.0,0.0,1.0,0.007940488371407373
2024-09-16 00:00:00+00:00,20260201_193429_467820e7_StateSignal_XLE,0.00566853027399894,0.00566853027399894,1.1075355221854515,1.1075355221854515,0.0,0.0,1.0,0.00566853027399894
2024-09-17 00:00:00+00:00,20260201_193429_467820e7_StateSignal_XLE,0.010269038896188576,0.010269038896188576,1.1189088475416844,1.1189088475416844,0.0,0.0,1.0,0.010269038896188576
2024-09-18 00:00:00+00:00,20260201_193429_467820e7_StateSignal_XLE,0.014729229222784745,0.014729229222784745,1.1353895124365279,1.1353895124365279,0.0,0.0,1.0,0.014729229222784745
2024-09-19 00:00:00+00:00,20260201_193429_467820e7_StateSignal_XLE,0.005020931050099708,0.005020931050099708,1.141090224893478,1.141090224893478,0.0,0.0,1.0,0.005020931050099708
2024-09-20 00:00:00+00:00,20260201_193429_467820e7_StateSignal_XLE,0.015148218657389467,0.015148218657389467,1.158375709127974,1.158375709127974,0.0,0.0,1.0,0.015148218657389467
2024-09-23 00:00:00+00:00,20260201_193429_467820e7_StateSignal_XLE,-0.00967787560695399,-0.00967787560695399,1.1471650931089163,1.1471650931089163,0.0,0.0,1.0,-0.00967787560695399
2024-09-24 00:00:00+00:00,20260201_193429_467820e7_StateSignal_XLE,0.009442940800282074,0.009442940800282074,1.157997705171294,1.157997705171294,0.0,0.0,1.0,0.009442940800282074
2024-09-25 00:00:00+00:00,20260201_193429_467820e7_StateSignal_XLE,0.0028155814001635804,0.0028155814001635804,1.1612581419714063,1.1612581419714063,0.0,0.0,1.0,0.0028155814001635804
2024-09-26 00:00:00+00:00,20260201_193429_467820e7_StateSignal_XLE,-0.020355732433064766,-0.020355732433064766,1.1376198819477183,1.1376198819477183,0.0,0.0,1.0,-0.020355732433064766
2024-09-27 00:00:00+00:00,20260201_193429_467820e7_StateSignal_XLE,0.0,0.0,1.1376198819477183,1.1376198819477183,0.0,0.0,0.0,-0.0
2024-09-30 00:00:00+00:00,20260201_193429_467820e7_StateSignal_XLE,0.01594621854178424,0.01594621854178424,1.1557606172027355,1.1557606172027355,0.0,0.0,1.0,0.01594621854178424
2024-10-01 00:00:00+00:00,20260201_193429_467820e7_StateSignal_XLE,0.005736153395524912,0.005736153395524912,1.162390237391517,1.162390237391517,0.0,0.0,1.0,0.005736153395524912
2024-10-02 00:00:00+00:00,20260201_193429_467820e7_StateSignal_XLE,0.0,0.0,1.162390237391517,1.162390237391517,0.0,0.0,0.0,0.0
2024-10-03 00:00:00+00:00,20260201_193429_467820e7_StateSignal_XLE,0.0,0.0,1.162390237391517,1.162390237391517,0.0,0.0,0.0,0.0
2024-10-04 00:00:00+00:00,20260201_193429_467820e7_StateSignal_XLE,0.02261661220582356,0.02261661220582356,1.1886795666224361,1.1886795666224361,0.0,0.0,1.0,0.02261661220582356
2024-10-07 00:00:00+00:00,20260201_193429_467820e7_StateSignal_XLE,0.006304907172768548,0.006304907172768548,1.1961740809481574,1.1961740809481574,0.0,0.0,1.0,0.006304907172768548
2024-10-08 00:00:00+00:00,20260201_193429_467820e7_StateSignal_XLE,0.008048333182828493,0.008048333182828493,1.2058012884962919,1.2058012884962919,0.0,0.0,1.0,0.008048333182828493
2024-10-09 00:00:00+00:00,20260201_193429_467820e7_StateSignal_XLE,0.0,0.0,1.2058012884962919,1.2058012884962919,0.0,0.0,0.0,-0.0
2024-10-10 00:00:00+00:00,20260201_193429_467820e7_StateSignal_XLE,0.005475715255962577,0.005475715255962577,1.2124039130073703,1.2124039130073703,0.0,0.0,1.0,0.005475715255962577
2024-10-11 00:00:00+00:00,20260201_193429_467820e7_StateSignal_XLE,0.009510941259632144,0.009510941259632144,1.2239350154069315,1.2239350154069315,0.0,0.0,1.0,0.009510941259632144
2024-10-14 00:00:00+00:00,20260201_193429_467820e7_StateSignal_XLE,0.005842713250360454,0.005842713250360454,1.2310861167390297,1.2310861167390297,0.0,0.0,1.0,0.005842713250360454
2024-10-15 00:00:00+00:00,20260201_193429_467820e7_StateSignal_XLE,-0.004941609337167918,-0.004941609337167918,1.2250025700896943,1.2250025700896943,0.0,0.0,1.0,-0.004941609337167918
2024-10-16 00:00:00+00:00,20260201_193429_467820e7_StateSignal_XLE,0.0,0.0,1.2250025700896943,1.2250025700896943,0.0,0.0,0.0,-0.0
2024-10-17 00:00:00+00:00,20260201_193429_467820e7_StateSignal_XLE,0.00046136102317761996,0.00046136102317761996,1.2255677385288262,1.2255677385288262,0.0,0.0,1.0,0.00046136102317761996
2024-10-18 00:00:00+00:00,20260201_193429_467820e7_StateSignal_XLE,0.0023036176968926902,0.0023036176968926902,1.228390978060042,1.228390978060042,0.0,0.0,1.0,0.0023036176968926902
2024-10-21 00:00:00+00:00,20260201_193429_467820e7_StateSignal_XLE,-0.00276497872007031,-0.00276497872007031,1.2249945031457796,1.2249945031457796,0.0,0.0,1.0,-0.00276497872007031
2024-10-22 00:00:00+00:00,20260201_193429_467820e7_StateSignal_XLE,-0.0004615739754232351,-0.0004615739754232351,1.224429077563091,1.224429077563091,0.0,0.0,1.0,-0.0004615739754232351
2024-10-23 00:00:00+00:00,20260201_193429_467820e7_StateSignal_XLE,0.0006922810937610713,0.0006922810937610713,1.2252767266641393,1.2252767266641393,0.0,0.0,1.0,0.0006922810937610713
2024-10-24 00:00:00+00:00,20260201_193429_467820e7_StateSignal_XLE,-0.007874056430906329,-0.007874056430906329,1.2156288285749097,1.2156288285749097,0.0,0.0,1.0,-0.007874056430906329
2024-10-25 00:00:00+00:00,20260201_193429_467820e7_StateSignal_XLE,0.0,0.0,1.2156288285749097,1.2156288285749097,0.0,0.0,1.0,0.0
2024-10-28 00:00:00+00:00,20260201_193429_467820e7_StateSignal_XLE,0.003017994165365412,0.003017994165365412,1.2192975892867988,1.2192975892867988,0.0,0.0,1.0,0.003017994165365412
2024-10-29 00:00:00+00:00,20260201_193429_467820e7_StateSignal_XLE,0.0,0.0,1.2192975892867988,1.2192975892867988,0.0,0.0,0.0,-0.0
2024-10-30 00:00:00+00:00,20260201_193429_467820e7_StateSignal_XLE,-0.013656911106215919,-0.013656911106215919,1.2026457504978856,1.2026457504978856,0.0,0.0,1.0,-0.013656911106215919
2024-10-31 00:00:00+00:00,20260201_193429_467820e7_StateSignal_XLE,0.0023679859514080803,0.0023679859514080803,1.2054935987395852,1.2054935987395852,0.0,0.0,1.0,0.0023679859514080803
2024-11-01 00:00:00+00:00,20260201_193429_467820e7_StateSignal_XLE,0.010353033649902699,0.010353033649902699,1.2179741145320784,1.2179741145320784,0.0,0.0,1.0,0.010353033649902699
2024-11-04 00:00:00+00:00,20260201_193429_467820e7_StateSignal_XLE,0.0,0.0,1.2179741145320784,1.2179741145320784,0.0,0.0,0.0,-0.0
2024-11-05 00:00:00+00:00,20260201_193429_467820e7_StateSignal_XLE,0.0,0.0,1.2179741145320784,1.2179741145320784,0.0,0.0,0.0,0.0
2024-11-06 00:00:00+00:00,20260201_193429_467820e7_StateSignal_XLE,0.004651171175730884,0.004651171175730884,1.2236391206263764,1.2236391206263764,0.0,0.0,1.0,0.004651171175730884
2024-11-07 00:00:00+00:00,20260201_193429_467820e7_StateSignal_XLE,0.0,0.0,1.2236391206263764,1.2236391206263764,0.0,0.0,0.0,0.0
2024-11-08 00:00:00+00:00,20260201_193429_467820e7_StateSignal_XLE,-0.010229130776202133,-0.010229130776202133,1.2111223560386122,1.2111223560386122,0.0,0.0,1.0,-0.010229130776202133
2024-11-11 00:00:00+00:00,20260201_193429_467820e7_StateSignal_XLE,0.00534999046918605,0.00534999046918605,1.217601849100437,1.217601849100437,0.0,0.0,1.0,0.00534999046918605
2024-11-12 00:00:00+00:00,20260201_193429_467820e7_StateSignal_XLE,0.007309812147877182,0.007309812147877182,1.2265022898882691,1.2265022898882691,0.0,0.0,1.0,0.007309812147877182
2024-11-13 00:00:00+00:00,20260201_193429_467820e7_StateSignal_XLE,-0.0037589872896570675,-0.0037589872896570675,1.2218918833698438,1.2218918833698438,0.0,0.0,1.0,-0.0037589872896570675
2024-11-14 00:00:00+00:00,20260201_193429_467820e7_StateSignal_XLE,0.006403908381922285,0.006403908381922285,1.2297167670435587,1.2297167670435587,0.0,0.0,1.0,0.006403908381922285
2024-11-15 00:00:00+00:00,20260201_193429_467820e7_StateSignal_XLE,0.0006601386530853404,0.0006601386530853404,1.2305285506138313,1.2305285506138313,0.0,0.0,1.0,0.0006601386530853404
2024-11-18 00:00:00+00:00,20260201_193429_467820e7_StateSignal_XLE,-0.0019817247485249823,-0.0019817247485249823,1.2280899817313133,1.2280899817313133,0.0,0.0,1.0,-0.0019817247485249823
2024-11-19 00:00:00+00:00,20260201_193429_467820e7_StateSignal_XLE,0.015744913056544796,0.015744913056544796,1.2474261517192866,1.2474261517192866,0.0,0.0,1.0,0.015744913056544796
2024-11-20 00:00:00+00:00,20260201_193429_467820e7_StateSignal_XLE,-0.00937336563076796,-0.00937336563076796,1.23573357030184,1.23573357030184,0.0,0.0,1.0,-0.00937336563076796
2024-11-21 00:00:00+00:00,20260201_193429_467820e7_StateSignal_XLE,0.008070716727500926,0.008070716727500926,1.2457068258984094,1.2457068258984094,0.0,0.0,1.0,0.008070716727500926
2024-11-22 00:00:00+00:00,20260201_193429_467820e7_StateSignal_XLE,0.015092998883184716,0.015092998883184716,1.2645082776304697,1.2645082776304697,0.0,0.0,1.0,0.015092998883184716
2024-11-25 00:00:00+00:00,20260201_193429_467820e7_StateSignal_XLE,0.0010694044436982963,0.0010694044436982963,1.265860548401661,1.265860548401661,0.0,0.0,1.0,0.0010694044436982963
2024-11-26 00:00:00+00:00,20260201_193429_467820e7_StateSignal_XLE,-0.02051686263500052,-0.02051686263500052,1.2398890614150377,1.2398890614150377,0.0,0.0,1.0,-0.02051686263500052
2024-11-27 00:00:00+00:00,20260201_193429_467820e7_StateSignal_XLE,-0.004373503581721394,-0.004373503581721394,1.234466402164002,1.234466402164002,0.0,0.0,1.0,-0.004373503581721394
2024-11-29 00:00:00+00:00,20260201_193429_467820e7_StateSignal_XLE,0.002626396782218876,0.002626396782218876,1.2377086007504028,1.2377086007504028,0.0,0.0,1.0,0.002626396782218876
2024-12-02 00:00:00+00:00,20260201_193429_467820e7_StateSignal_XLE,0.0013340944319657898,0.0013340944319657898,1.23935982090306,1.23935982090306,0.0,0.0,0.872592880991706,0.0013340944319657898
2024-12-03 00:00:00+00:00,20260201_193429_467820e7_StateSignal_XLE,-0.009574299267800106,-0.009574299267800106,1.227493819077247,1.227493819077247,0.0,0.0,0.872592880991706,-0.009574299267800106
2024-12-04 00:00:00+00:00,20260201_193429_467820e7_StateSignal_XLE,0.0028833362978848407,0.0028833362978848407,1.2310330965612217,1.2310330965612217,0.0,0.0,0.872592880991706,0.0028833362978848407
2024-12-05 00:00:00+00:00,20260201_193429_467820e7_StateSignal_XLE,-0.026299577230007996,-0.026299577230007996,1.198657446565514,1.198657446565514,0.0,0.0,0.872592880991706,-0.026299577230007996
2024-12-06 00:00:00+00:00,20260201_193429_467820e7_StateSignal_XLE,0.009050649915989592,0.009050649915989592,1.2095060754835725,1.2095060754835725,0.0,0.0,0.872592880991706,0.009050649915989592
2024-12-09 00:00:00+00:00,20260201_193429_467820e7_StateSignal_XLE,-0.01799632107547134,-0.01799632107547134,1.187739415806437,1.187739415806437,0.0,0.0,0.872592880991706,-0.01799632107547134
2024-12-10 00:00:00+00:00,20260201_193429_467820e7_StateSignal_XLE,0.0017964860351974362,0.0017964860351974362,1.1898731730803866,1.1898731730803866,0.0,0.0,0.872592880991706,0.0017964860351974362
2024-12-11 00:00:00+00:00,20260201_193429_467820e7_StateSignal_XLE,-0.002196207929952765,-0.002196207929952765,1.1872599641820294,1.1872599641820294,0.0,0.0,0.872592880991706,-0.002196207929952765
2024-12-12 00:00:00+00:00,20260201_193429_467820e7_StateSignal_XLE,-0.003204384160115021,-0.003204384160115021,1.1834555271588658,1.1834555271588658,0.0,0.0,0.872592880991706,-0.003204384160115021
2024-12-13 00:00:00+00:00,20260201_193429_467820e7_StateSignal_XLE,-0.008467927129293886,-0.008467927129293886,1.1734341119941245,1.1734341119941245,0.0,0.0,0.872592880991706,-0.008467927129293886
2024-12-16 00:00:00+00:00,20260201_193429_467820e7_StateSignal_XLE,-0.00507972607554331,-0.00507972607554331,1.167473388137496,1.167473388137496,0.0,0.0,0.872592880991706,-0.00507972607554331
2024-12-17 00:00:00+00:00,20260201_193429_467820e7_StateSignal_XLE,-0.01811961603030033,-0.01811961603030033,1.1463192186188507,1.1463192186188507,0.0,0.0,0.872592880991706,-0.01811961603030033
2024-12-18 00:00:00+00:00,20260201_193429_467820e7_StateSignal_XLE,-0.012362550394664093,-0.012362550394664093,1.1321477895103031,1.1321477895103031,0.0,0.0,0.872592880991706,-0.012362550394664093
2024-12-19 00:00:00+00:00,20260201_193429_467820e7_StateSignal_XLE,-0.007417349054185286,-0.007417349054185286,1.123750254174581,1.123750254174581,0.0,0.0,0.872592880991706,-0.007417349054185286
2024-12-20 00:00:00+00:00,20260201_193429_467820e7_StateSignal_XLE,-0.01936783807346818,-0.01936783807346818,1.101985641216709,1.101985641216709,0.0,0.0,0.872592880991706,-0.01936783807346818
2024-12-23 00:00:00+00:00,20260201_193429_467820e7_StateSignal_XLE,0.005206934680603632,0.005206934680603632,1.1077236084694875,1.1077236084694875,0.0,0.0,0.872592880991706,0.005206934680603632
2024-12-24 00:00:00+00:00,20260201_193429_467820e7_StateSignal_XLE,0.007966973690062733,0.007966973690062733,1.1165488133140251,1.1165488133140251,0.0,0.0,0.872592880991706,0.007966973690062733
2024-12-26 00:00:00+00:00,20260201_193429_467820e7_StateSignal_XLE,0.004702863755476773,0.004702863755476773,1.1217997902593801,1.1217997902593801,0.0,0.0,0.872592880991706,0.004702863755476773
2024-12-27 00:00:00+00:00,20260201_193429_467820e7_StateSignal_XLE,-0.0034177488236458616,-0.0034177488236458616,1.117965760345855,1.117965760345855,0.0,0.0,0.872592880991706,-0.0034177488236458616
2024-12-30 00:00:00+00:00,20260201_193429_467820e7_StateSignal_XLE,0.0049088147709709035,0.0049088147709709035,1.1234536471836805,1.1234536471836805,0.0,0.0,0.872592880991706,0.0049088147709709035
2024-12-31 00:00:00+00:00,20260201_193429_467820e7_StateSignal_XLE,-0.0010647870521877849,-0.0010647870521877849,1.122257408286426,1.122257408286426,0.0,0.0,0.872592880991706,-0.0010647870521877849
2025-01-02 00:00:00+00:00,20260201_193429_467820e7_StateSignal_XLE,0.00923791270221767,0.00923791270221767,1.1326247242535932,1.1326247242535932,0.0,0.0,0.7051505844296776,0.00923791270221767
2025-01-03 00:00:00+00:00,20260201_193429_467820e7_StateSignal_XLE,0.005417750228598045,0.005417750228598045,1.138761002112334,1.138761002112334,0.0,0.0,0.7051505844296776,0.005417750228598045
2025-01-06 00:00:00+00:00,20260201_193429_467820e7_StateSignal_XLE,0.009881146004990567,0.009881146004990567,1.1500132658389954,1.1500132658389954,0.0,0.0,0.7051505844296776,0.009881146004990567
2025-01-07 00:00:00+00:00,20260201_193429_467820e7_StateSignal_XLE,-0.00400275767957907,-0.00400275767957907,1.1454100414075405,1.1454100414075405,0.0,0.0,0.7051505844296776,-0.00400275767957907
2025-01-08 00:00:00+00:00,20260201_193429_467820e7_StateSignal_XLE,0.007817529641688296,0.007817529641688296,1.1543643183581314,1.1543643183581314,0.0,0.0,0.7051505844296776,0.007817529641688296
2025-01-10 00:00:00+00:00,20260201_193429_467820e7_StateSignal_XLE,-0.004147468634678505,-0.004147468634678505,1.149576628554749,1.149576628554749,0.0,0.0,0.7051505844296776,-0.004147468634678505
2025-01-13 00:00:00+00:00,20260201_193429_467820e7_StateSignal_XLE,0.005634605743549345,0.005634605743549345,1.1560540396286536,1.1560540396286536,0.0,0.0,0.7051505844296776,0.005634605743549345
2025-01-14 00:00:00+00:00,20260201_193429_467820e7_StateSignal_XLE,0.0,0.0,1.1560540396286536,1.1560540396286536,0.0,0.0,0.0,0.0
2025-01-15 00:00:00+00:00,20260201_193429_467820e7_StateSignal_XLE,0.0040207121388423535,0.0040207121388423535,1.1607022001389462,1.1607022001389462,0.0,0.0,0.7051505844296776,0.0040207121388423535
2025-01-16 00:00:00+00:00,20260201_193429_467820e7_StateSignal_XLE,0.013973267726879308,0.013973267726879308,1.1769210027326655,1.1769210027326655,0.0,0.0,0.7051505844296776,0.013973267726879308
2025-01-17 00:00:00+00:00,20260201_193429_467820e7_StateSignal_XLE,0.004076026288080141,0.004076026288080141,1.1817181636787975,1.1817181636787975,0.0,0.0,0.7051505844296776,0.004076026288080141
2025-01-21 00:00:00+00:00,20260201_193429_467820e7_StateSignal_XLE,0.004829283896566077,0.004829283896566077,1.187425016176931,1.187425016176931,0.0,0.0,0.7051505844296776,0.004829283896566077
2025-01-22 00:00:00+00:00,20260201_193429_467820e7_StateSignal_XLE,-0.003111878768053078,-0.003111878768053078,1.183729893480435,1.183729893480435,0.0,0.0,0.7051505844296776,-0.003111878768053078
2025-01-23 00:00:00+00:00,20260201_193429_467820e7_StateSignal_XLE,-0.008155747141639816,-0.008155747141639816,1.1740756917852084,1.1740756917852084,0.0,0.0,0.7051505844296776,-0.008155747141639816
2025-01-24 00:00:00+00:00,20260201_193429_467820e7_StateSignal_XLE,-0.0014211974937039574,-0.0014211974937039574,1.1724070983546246,1.1724070983546246,0.0,0.0,0.7051505844296776,-0.0014211974937039574
2025-01-27 00:00:00+00:00,20260201_193429_467820e7_StateSignal_XLE,-0.003962866361322067,-0.003962866361322067,1.1677610057027799,1.1677610057027799,0.0,0.0,0.7051505844296776,-0.003962866361322067
2025-01-28 00:00:00+00:00,20260201_193429_467820e7_StateSignal_XLE,-0.01073162999308551,-0.01073162999308551,1.1552290266692242,1.1552290266692242,0.0,0.0,0.7051505844296776,-0.01073162999308551
2025-01-29 00:00:00+00:00,20260201_193429_467820e7_StateSignal_XLE,-0.006648588741330893,-0.006648588741330893,1.1475483839688525,1.1475483839688525,0.0,0.0,0.7051505844296776,-0.006648588741330893
2025-01-30 00:00:00+00:00,20260201_193429_467820e7_StateSignal_XLE,0.0011395717800509395,0.0011395717800509395,1.1488560977234663,1.1488560977234663,0.0,0.0,0.7051505844296776,0.0011395717800509395
2025-01-31 00:00:00+00:00,20260201_193429_467820e7_StateSignal_XLE,0.004863126754061669,0.004863126754061669,1.1544431305488723,1.1544431305488723,0.0,0.0,0.7051505844296776,0.004863126754061669
2025-02-03 00:00:00+00:00,20260201_193429_467820e7_StateSignal_XLE,0.0,0.0,1.1544431305488723,1.1544431305488723,0.0,0.0,0.0,-0.0
2025-02-04 00:00:00+00:00,20260201_193429_467820e7_StateSignal_XLE,0.007979389908477241,0.007979389908477241,1.1636548824146848,1.1636548824146848,0.0,0.0,1.0,0.007979389908477241
2025-02-05 00:00:00+00:00,20260201_193429_467820e7_StateSignal_XLE,0.0,0.0,1.1636548824146848,1.1636548824146848,0.0,0.0,0.0,0.0
2025-02-06 00:00:00+00:00,20260201_193429_467820e7_StateSignal_XLE,0.005279479725248226,0.005279479725248226,1.1697983747735792,1.1697983747735792,0.0,0.0,1.0,0.005279479725248226
2025-02-07 00:00:00+00:00,20260201_193429_467820e7_StateSignal_XLE,-0.02315990500309706,-0.02315990500309706,1.1427059555410457,1.1427059555410457,0.0,0.0,1.0,-0.02315990500309706
2025-02-10 00:00:00+00:00,20260201_193429_467820e7_StateSignal_XLE,0.009328425854635114,0.009328425854635114,1.1533656033209603,1.1533656033209603,0.0,0.0,1.0,0.009328425854635114
2025-02-11 00:00:00+00:00,20260201_193429_467820e7_StateSignal_XLE,0.016118239806529377,0.016118239806529377,1.17195582669989,1.17195582669989,0.0,0.0,1.0,0.016118239806529377
2025-02-12 00:00:00+00:00,20260201_193429_467820e7_StateSignal_XLE,0.008189308733873357,0.008189308733873357,1.1815533347871972,1.1815533347871972,0.0,0.0,1.0,0.008189308733873357
2025-02-13 00:00:00+00:00,20260201_193429_467820e7_StateSignal_XLE,-0.021063049749850293,-0.021063049749850293,1.156666218114473,1.156666218114473,0.0,0.0,1.0,-0.021063049749850293
2025-02-14 00:00:00+00:00,20260201_193429_467820e7_StateSignal_XLE,0.0050773245469399875,0.0050773245469399875,1.1625389878963217,1.1625389878963217,0.0,0.0,1.0,0.0050773245469399875
2025-02-18 00:00:00+00:00,20260201_193429_467820e7_StateSignal_XLE,0.0,0.0,1.1625389878963217,1.1625389878963217,0.0,0.0,0.0,0.0
2025-02-19 00:00:00+00:00,20260201_193429_467820e7_StateSignal_XLE,0.013170035953339099,0.013170035953339099,1.1778496681640747,1.1778496681640747,0.0,0.0,1.0,0.013170035953339099
2025-02-20 00:00:00+00:00,20260201_193429_467820e7_StateSignal_XLE,0.0033780011853643543,0.0033780011853643543,1.181828445739314,1.181828445739314,0.0,0.0,1.0,0.0033780011853643543
2025-02-21 00:00:00+00:00,20260201_193429_467820e7_StateSignal_XLE,0.0073916788557251145,0.0073916788557251145,1.1905641420727797,1.1905641420727797,0.0,0.0,1.0,0.0073916788557251145
2025-02-24 00:00:00+00:00,20260201_193429_467820e7_StateSignal_XLE,-0.016652049944156033,-0.016652049944156033,1.1707388085172625,1.1707388085172625,0.0,0.0,1.0,-0.016652049944156033
2025-02-25 00:00:00+00:00,20260201_193429_467820e7_StateSignal_XLE,-0.0004539264717071667,-0.0004539264717071667,1.1702073791806216,1.1702073791806216,0.0,0.0,1.0,-0.0004539264717071667
2025-02-26 00:00:00+00:00,20260201_193429_467820e7_StateSignal_XLE,-0.014635523070686496,-0.014635523070686496,1.153080782085136,1.153080782085136,0.0,0.0,1.0,-0.014635523070686496
2025-02-27 00:00:00+00:00,20260201_193429_467820e7_StateSignal_XLE,-0.010187631524598562,-0.010187631524598562,1.1413336199591568,1.1413336199591568,0.0,0.0,1.0,-0.010187631524598562
2025-02-28 00:00:00+00:00,20260201_193429_467820e7_StateSignal_XLE,0.01317785801949789,0.01317785801949789,1.1563739523558583,1.1563739523558583,0.0,0.0,1.0,0.01317785801949789
2025-03-03 00:00:00+00:00,20260201_193429_467820e7_StateSignal_XLE,0.005953761575999028,0.005953761575999028,1.1632587271608807,1.1632587271608807,0.0,0.0,1.0,0.005953761575999028
2025-03-04 00:00:00+00:00,20260201_193429_467820e7_StateSignal_XLE,0.0,0.0,1.1632587271608807,1.1632587271608807,0.0,0.0,0.0,-0.0
2025-03-05 00:00:00+00:00,20260201_193429_467820e7_StateSignal_XLE,0.0,0.0,1.1632587271608807,1.1632587271608807,0.0,0.0,0.0,-0.0
2025-03-06 00:00:00+00:00,20260201_193429_467820e7_StateSignal_XLE,0.0,0.0,1.1632587271608807,1.1632587271608807,0.0,0.0,0.0,-0.0
2025-03-07 00:00:00+00:00,20260201_193429_467820e7_StateSignal_XLE,-0.002536834763687777,-0.002536834763687777,1.1603077319826558,1.1603077319826558,0.0,0.0,0.9565014558983588,-0.002536834763687777
2025-03-10 00:00:00+00:00,20260201_193429_467820e7_StateSignal_XLE,0.0,0.0,1.1603077319826558,1.1603077319826558,0.0,0.0,0.0,0.0
2025-03-11 00:00:00+00:00,20260201_193429_467820e7_StateSignal_XLE,0.008989741511066716,0.008989741511066716,1.170738598566472,1.170738598566472,0.0,0.0,0.9565014558983588,0.008989741511066716
2025-03-12 00:00:00+00:00,20260201_193429_467820e7_StateSignal_XLE,-0.006509128069581999,-0.006509128069581999,1.1631181110923998,1.1631181110923998,0.0,0.0,0.9565014558983588,-0.006509128069581999
2025-03-13 00:00:00+00:00,20260201_193429_467820e7_StateSignal_XLE,0.0071799648867222135,0.0071799648867222135,1.1714692582891537,1.1714692582891537,0.0,0.0,0.9565014558983588,0.0071799648867222135
2025-03-14 00:00:00+00:00,20260201_193429_467820e7_StateSignal_XLE,-0.014641188878859335,-0.014641188878859335,1.154317555612765,1.154317555612765,0.0,0.0,0.9565014558983588,-0.014641188878859335
2025-03-17 00:00:00+00:00,20260201_193429_467820e7_StateSignal_XLE,0.026415713865893583,0.026415713865893583,1.1848096778722095,1.1848096778722095,0.0,0.0,0.9565014558983588,0.026415713865893583
2025-03-18 00:00:00+00:00,20260201_193429_467820e7_StateSignal_XLE,0.02139718139817118,0.02139718139817118,1.21016126547195,1.21016126547195,0.0,0.0,0.9565014558983588,0.02139718139817118
2025-03-19 00:00:00+00:00,20260201_193429_467820e7_StateSignal_XLE,-0.004544986620068948,-0.004544986620068948,1.2046610987122544,1.2046610987122544,0.0,0.0,0.9565014558983588,-0.004544986620068948
2025-03-20 00:00:00+00:00,20260201_193429_467820e7_StateSignal_XLE,0.019328257811406468,0.019328257811406468,1.227945099003537,1.227945099003537,0.0,0.0,0.9565014558983588,0.019328257811406468
2025-03-21 00:00:00+00:00,20260201_193429_467820e7_StateSignal_XLE,0.0004251117651745535,0.0004251117651745535,1.2284671129121119,1.2284671129121119,0.0,0.0,0.9565014558983588,0.0004251117651745535
2025-03-24 00:00:00+00:00,20260201_193429_467820e7_StateSignal_XLE,-0.008538342400782785,-0.008538342400782785,1.2179780400739673,1.2179780400739673,0.0,0.0,0.9565014558983588,-0.008538342400782785
2025-03-25 00:00:00+00:00,20260201_193429_467820e7_StateSignal_XLE,0.012567508687252378,0.012567508687252378,1.2332849896734794,1.2332849896734794,0.0,0.0,0.9565014558983588,0.012567508687252378
2025-03-26 00:00:00+00:00,20260201_193429_467820e7_StateSignal_XLE,0.003801512225483911,0.003801512225483911,1.237973337639229,1.237973337639229,0.0,0.0,0.9565014558983588,0.003801512225483911
2025-03-27 00:00:00+00:00,20260201_193429_467820e7_StateSignal_XLE,0.005674088771373069,0.005674088771373069,1.244997708253587,1.244997708253587,0.0,0.0,0.9565014558983588,0.005674088771373069
2025-03-28 00:00:00+00:00,20260201_193429_467820e7_StateSignal_XLE,-0.01095805677712182,-0.01095805677712182,1.2313549526791576,1.2313549526791576,0.0,0.0,0.9565014558983588,-0.01095805677712182
2025-03-31 00:00:00+00:00,20260201_193429_467820e7_StateSignal_XLE,-0.002121787595662859,-0.002121787595662859,1.228742279014705,1.228742279014705,0.0,0.0,0.9565014558983588,-0.002121787595662859
2025-04-01 00:00:00+00:00,20260201_193429_467820e7_StateSignal_XLE,0.010562181706045377,0.010562181706045377,1.2417204782355584,1.2417204782355584,0.0,0.0,0.9565014558983588,0.010562181706045377
2025-04-02 00:00:00+00:00,20260201_193429_467820e7_StateSignal_XLE,-0.001682130934128324,-0.001682130934128324,1.2396317418075777,1.2396317418075777,0.0,0.0,0.9565014558983588,-0.001682130934128324
2025-04-03 00:00:00+00:00,20260201_193429_467820e7_StateSignal_XLE,0.004199793600867627,0.004199793600867627,1.2448379392642535,1.2448379392642535,0.0,0.0,0.9565014558983588,0.004199793600867627
2025-04-04 00:00:00+00:00,20260201_193429_467820e7_StateSignal_XLE,0.0,0.0,1.2448379392642535,1.2448379392642535,0.0,0.0,0.0,-0.0
2025-04-07 00:00:00+00:00,20260201_193429_467820e7_StateSignal_XLE,0.0,0.0,1.2448379392642535,1.2448379392642535,0.0,0.0,0.0,-0.0
2025-04-08 00:00:00+00:00,20260201_193429_467820e7_StateSignal_XLE,0.0,0.0,1.2448379392642535,1.2448379392642535,0.0,0.0,0.0,-0.0
2025-04-09 00:00:00+00:00,20260201_193429_467820e7_StateSignal_XLE,0.0,0.0,1.2448379392642535,1.2448379392642535,0.0,0.0,0.0,-0.0
2025-04-10 00:00:00+00:00,20260201_193429_467820e7_StateSignal_XLE,0.0,0.0,1.2448379392642535,1.2448379392642535,0.0,0.0,0.0,0.0
2025-04-11 00:00:00+00:00,20260201_193429_467820e7_StateSignal_XLE,0.0,0.0,1.2448379392642535,1.2448379392642535,0.0,0.0,0.0,-0.0
2025-04-14 00:00:00+00:00,20260201_193429_467820e7_StateSignal_XLE,0.0,0.0,1.2448379392642535,1.2448379392642535,0.0,0.0,0.0,0.0
2025-04-15 00:00:00+00:00,20260201_193429_467820e7_StateSignal_XLE,0.0,0.0,1.2448379392642535,1.2448379392642535,0.0,0.0,0.0,0.0
2025-04-16 00:00:00+00:00,20260201_193429_467820e7_StateSignal_XLE,-0.0025839807659249203,-0.0025839807659249203,1.241621301972501,1.241621301972501,0.0,0.0,1.0,-0.0025839807659249203
2025-04-17 00:00:00+00:00,20260201_193429_467820e7_StateSignal_XLE,0.0,0.0,1.241621301972501,1.241621301972501,0.0,0.0,0.0,0.0
2025-04-21 00:00:00+00:00,20260201_193429_467820e7_StateSignal_XLE,0.0,0.0,1.241621301972501,1.241621301972501,0.0,0.0,0.0,0.0
2025-04-22 00:00:00+00:00,20260201_193429_467820e7_StateSignal_XLE,0.0,0.0,1.241621301972501,1.241621301972501,0.0,0.0,0.0,-0.0
2025-04-23 00:00:00+00:00,20260201_193429_467820e7_StateSignal_XLE,0.0,0.0,1.241621301972501,1.241621301972501,0.0,0.0,0.0,0.0
2025-04-24 00:00:00+00:00,20260201_193429_467820e7_StateSignal_XLE,-0.004542021434501109,-0.004542021434501109,1.2359818314054087,1.2359818314054087,0.0,0.0,1.0,-0.004542021434501109
2025-04-25 00:00:00+00:00,20260201_193429_467820e7_StateSignal_XLE,0.01630539071863879,0.01630539071863879,1.2561349980876126,1.2561349980876126,0.0,0.0,1.0,0.01630539071863879
2025-04-28 00:00:00+00:00,20260201_193429_467820e7_StateSignal_XLE,-0.002990283813056216,-0.002990283813056216,1.2523787979358179,1.2523787979358179,0.0,0.0,1.0,-0.002990283813056216
2025-04-29 00:00:00+00:00,20260201_193429_467820e7_StateSignal_XLE,0.0069634700679044315,0.0069634700679044315,1.2610997002089221,1.2610997002089221,0.0,0.0,1.0,0.0069634700679044315
2025-04-30 00:00:00+00:00,20260201_193429_467820e7_StateSignal_XLE,-0.0012399257633206595,-0.0012399257633206595,1.2595360302005172,1.2595360302005172,0.0,0.0,1.0,-0.0012399257633206595
2025-05-01 00:00:00+00:00,20260201_193429_467820e7_StateSignal_XLE,0.0,0.0,1.2595360302005172,1.2595360302005172,0.0,0.0,0.0,-0.0
2025-05-02 00:00:00+00:00,20260201_193429_467820e7_StateSignal_XLE,0.0,0.0,1.2595360302005172,1.2595360302005172,0.0,0.0,0.0,0.0
2025-05-05 00:00:00+00:00,20260201_193429_467820e7_StateSignal_XLE,0.006286956455527903,0.006286956455527903,1.2674546783765563,1.2674546783765563,0.0,0.0,1.0,0.006286956455527903
2025-05-06 00:00:00+00:00,20260201_193429_467820e7_StateSignal_XLE,0.0,0.0,1.2674546783765563,1.2674546783765563,0.0,0.0,0.0,-0.0
2025-05-07 00:00:00+00:00,20260201_193429_467820e7_StateSignal_XLE,0.000761131585647945,0.000761131585647945,1.268419378165646,1.268419378165646,0.0,0.0,1.0,0.000761131585647945
2025-05-08 00:00:00+00:00,20260201_193429_467820e7_StateSignal_XLE,-0.004066079299617442,-0.004066079299617442,1.2632618843888532,1.2632618843888532,0.0,0.0,1.0,-0.004066079299617442
2025-05-09 00:00:00+00:00,20260201_193429_467820e7_StateSignal_XLE,0.0,0.0,1.2632618843888532,1.2632618843888532,0.0,0.0,0.0,0.0
2025-05-12 00:00:00+00:00,20260201_193429_467820e7_StateSignal_XLE,0.006734032181344052,0.006734032181344052,1.271768730571793,1.271768730571793,0.0,0.0,1.0,0.006734032181344052
2025-05-13 00:00:00+00:00,20260201_193429_467820e7_StateSignal_XLE,0.0,0.0,1.271768730571793,1.271768730571793,0.0,0.0,0.0,0.0
2025-05-14 00:00:00+00:00,20260201_193429_467820e7_StateSignal_XLE,0.022110970479350733,0.022110970479350733,1.2998887714300273,1.2998887714300273,0.0,0.0,1.0,0.022110970479350733
2025-05-15 00:00:00+00:00,20260201_193429_467820e7_StateSignal_XLE,-0.012437376300972414,-0.012437376300972414,1.2837215656303433,1.2837215656303433,0.0,0.0,1.0,-0.012437376300972414
2025-05-16 00:00:00+00:00,20260201_193429_467820e7_StateSignal_XLE,0.0007217611284096037,0.0007217611284096037,1.2846481059561163,1.2846481059561163,0.0,0.0,1.0,0.0007217611284096037
2025-05-19 00:00:00+00:00,20260201_193429_467820e7_StateSignal_XLE,0.0007212405649830167,0.0007212405649830167,1.2855746462818605,1.2855746462818605,0.0,0.0,1.0,0.0007212405649830167
2025-05-20 00:00:00+00:00,20260201_193429_467820e7_StateSignal_XLE,0.0,0.0,1.2855746462818605,1.2855746462818605,0.0,0.0,0.0,-0.0
2025-05-21 00:00:00+00:00,20260201_193429_467820e7_StateSignal_XLE,-0.005132603226520427,-0.005132603226520427,1.2789763017044213,1.2789763017044213,0.0,0.0,1.0,-0.005132603226520427
2025-05-22 00:00:00+00:00,20260201_193429_467820e7_StateSignal_XLE,-0.014811428508531677,-0.014811428508531677,1.26003283564762,1.26003283564762,0.0,0.0,1.0,-0.014811428508531677
2025-05-23 00:00:00+00:00,20260201_193429_467820e7_StateSignal_XLE,-0.006236767128829701,-0.006236767128829701,1.2521743042770068,1.2521743042770068,0.0,0.0,1.0,-0.006236767128829701
2025-05-27 00:00:00+00:00,20260201_193429_467820e7_StateSignal_XLE,0.0012504690887906733,0.0012504690887906733,1.2537401095382832,1.2537401095382832,0.0,0.0,1.0,0.0012504690887906733
2025-05-28 00:00:00+00:00,20260201_193429_467820e7_StateSignal_XLE,0.007470154259930695,0.007470154259930695,1.2631057415583966,1.2631057415583966,0.0,0.0,1.0,0.007470154259930695
2025-05-29 00:00:00+00:00,20260201_193429_467820e7_StateSignal_XLE,-0.007720123015138025,-0.007720123015138025,1.2533544098524387,1.2533544098524387,0.0,0.0,1.0,-0.007720123015138025
2025-05-30 00:00:00+00:00,20260201_193429_467820e7_StateSignal_XLE,0.0,0.0,1.2533544098524387,1.2533544098524387,0.0,0.0,1.0,0.0
2025-06-02 00:00:00+00:00,20260201_193429_467820e7_StateSignal_XLE,-0.006018072325562951,-0.006018072325562951,1.2458116323643835,1.2458116323643835,0.0,0.0,1.0,-0.006018072325562951
2025-06-03 00:00:00+00:00,20260201_193429_467820e7_StateSignal_XLE,0.0102590665828175,0.0102590665828175,1.2585924968504583,1.2585924968504583,0.0,0.0,1.0,0.0102590665828175
2025-06-04 00:00:00+00:00,20260201_193429_467820e7_StateSignal_XLE,0.016541544925273932,0.016541544925273932,1.2794115611797228,1.2794115611797228,0.0,0.0,1.0,0.016541544925273932
2025-06-05 00:00:00+00:00,20260201_193429_467820e7_StateSignal_XLE,-0.020282664140877316,-0.020282664140877316,1.253461686186359,1.253461686186359,0.0,0.0,1.0,-0.020282664140877316
2025-06-06 00:00:00+00:00,20260201_193429_467820e7_StateSignal_XLE,0.00024984384889492617,0.00024984384889492617,1.253774855878478,1.253774855878478,0.0,0.0,1.0,0.00024984384889492617
2025-06-09 00:00:00+00:00,20260201_193429_467820e7_StateSignal_XLE,0.01684458951040524,0.01684458951040524,1.2748941786642185,1.2748941786642185,0.0,0.0,1.0,0.01684458951040524
2025-06-10 00:00:00+00:00,20260201_193429_467820e7_StateSignal_XLE,0.008317073383549367,0.008317073383549367,1.2854975671044286,1.2854975671044286,0.0,0.0,1.0,0.008317073383549367
2025-06-11 00:00:00+00:00,20260201_193429_467820e7_StateSignal_XLE,0.009938271109196428,0.009938271109196428,1.2982731904365248,1.2982731904365248,0.0,0.0,1.0,0.009938271109196428
2025-06-12 00:00:00+00:00,20260201_193429_467820e7_StateSignal_XLE,0.011510918466140385,0.011510918466140385,1.3132175072784156,1.3132175072784156,0.0,0.0,1.0,0.011510918466140385
2025-06-13 00:00:00+00:00,20260201_193429_467820e7_StateSignal_XLE,0.0035701573087054683,0.0035701573087054683,1.3179059003599456,1.3179059003599456,0.0,0.0,1.0,0.0035701573087054683
2025-06-16 00:00:00+00:00,20260201_193429_467820e7_StateSignal_XLE,0.021157347725710984,0.021157347725710984,1.345789293763627,1.345789293763627,0.0,0.0,1.0,0.021157347725710984
2025-06-17 00:00:00+00:00,20260201_193429_467820e7_StateSignal_XLE,-0.006534445654815091,-0.006534445654815091,1.3369953067606968,1.3369953067606968,0.0,0.0,1.0,-0.006534445654815091
2025-06-18 00:00:00+00:00,20260201_193429_467820e7_StateSignal_XLE,0.01671736169335558,0.01671736169335558,1.3593463408861342,1.3593463408861342,0.0,0.0,1.0,0.01671736169335558
2025-06-20 00:00:00+00:00,20260201_193429_467820e7_StateSignal_XLE,-0.01018291603854049,-0.01018291603854049,1.3455042312295935,1.3455042312295935,0.0,0.0,1.0,-0.01018291603854049
2025-06-23 00:00:00+00:00,20260201_193429_467820e7_StateSignal_XLE,0.003714887021246671,0.003714887021246671,1.3505026274352208,1.3505026274352208,0.0,0.0,1.0,0.003714887021246671
2025-06-24 00:00:00+00:00,20260201_193429_467820e7_StateSignal_XLE,-0.019895331477204792,-0.019895331477204792,1.323633930001561,1.323633930001561,0.0,0.0,1.0,-0.019895331477204792
2025-06-25 00:00:00+00:00,20260201_193429_467820e7_StateSignal_XLE,-0.015005640617869798,-0.015005640617869798,1.3037719549383389,1.3037719549383389,0.0,0.0,1.0,-0.015005640617869798
2025-06-26 00:00:00+00:00,20260201_193429_467820e7_StateSignal_XLE,-0.0004800768215105222,-0.0004800768215105222,1.3031460442422376,1.3031460442422376,0.0,0.0,1.0,-0.0004800768215105222
2025-06-27 00:00:00+00:00,20260201_193429_467820e7_StateSignal_XLE,0.008130126083250033,0.008130126083250033,1.3137407858868155,1.3137407858868155,0.0,0.0,1.0,0.008130126083250033
2025-06-30 00:00:00+00:00,20260201_193429_467820e7_StateSignal_XLE,-0.005971593047047197,-0.005971593047047197,1.3058956605441916,1.3058956605441916,0.0,0.0,1.0,-0.005971593047047197
2025-07-01 00:00:00+00:00,20260201_193429_467820e7_StateSignal_XLE,-0.00023960704559344848,-0.00023960704559344848,1.3055827587431152,1.3055827587431152,0.0,0.0,1.0,-0.00023960704559344848
2025-07-02 00:00:00+00:00,20260201_193429_467820e7_StateSignal_XLE,0.009777113772581725,0.009777113772581725,1.3183475899148678,1.3183475899148678,0.0,0.0,1.0,0.009777113772581725
2025-07-03 00:00:00+00:00,20260201_193429_467820e7_StateSignal_XLE,0.01226430466716133,0.01226430466716133,1.3345162064148015,1.3345162064148015,0.0,0.0,1.0,0.01226430466716133
2025-07-07 00:00:00+00:00,20260201_193429_467820e7_StateSignal_XLE,-0.0025818580238210487,-0.0025818580238210487,1.3310706750393502,1.3310706750393502,0.0,0.0,1.0,-0.0025818580238210487
2025-07-08 00:00:00+00:00,20260201_193429_467820e7_StateSignal_XLE,-0.009919779028457754,-0.009919779028457754,1.3178667480716997,1.3178667480716997,0.0,0.0,1.0,-0.009919779028457754
2025-07-09 00:00:00+00:00,20260201_193429_467820e7_StateSignal_XLE,0.03039037055580529,0.03039037055580529,1.3579172068887728,1.3579172068887728,0.0,0.0,1.0,0.03039037055580529
2025-07-10 00:00:00+00:00,20260201_193429_467820e7_StateSignal_XLE,-0.003459812008504759,-0.003459812008504759,1.3532190686298238,1.3532190686298238,0.0,0.0,1.0,-0.003459812008504759
2025-07-11 00:00:00+00:00,20260201_193429_467820e7_StateSignal_XLE,0.0043804104624749485,0.0043804104624749485,1.3591467235960704,1.3591467235960704,0.0,0.0,1.0,0.0043804104624749485
2025-07-14 00:00:00+00:00,20260201_193429_467820e7_StateSignal_XLE,0.01098157913048503,0.01098157913048503,1.3740723008911802,1.3740723008911802,0.0,0.0,1.0,0.01098157913048503
2025-07-15 00:00:00+00:00,20260201_193429_467820e7_StateSignal_XLE,-0.013284666283911228,-0.013284666283911228,1.3558182089238748,1.3558182089238748,0.0,0.0,1.0,-0.013284666283911228
2025-07-16 00:00:00+00:00,20260201_193429_467820e7_StateSignal_XLE,-0.015334872993899573,-0.015334872993899573,1.3350269088872109,1.3350269088872109,0.0,0.0,1.0,-0.015334872993899573
2025-07-17 00:00:00+00:00,20260201_193429_467820e7_StateSignal_XLE,-0.003518239819986224,-0.003518239819986224,1.3303299640556108,1.3303299640556108,0.0,0.0,1.0,-0.003518239819986224
2025-07-18 00:00:00+00:00,20260201_193429_467820e7_StateSignal_XLE,-0.000470035261297852,-0.000470035261297852,1.3297046620633435,1.3297046620633435,0.0,0.0,1.0,-0.000470035261297852
2025-07-21 00:00:00+00:00,20260201_193429_467820e7_StateSignal_XLE,-0.008735742013622705,-0.008735742013622705,1.3180887051812467,1.3180887051812467,0.0,0.0,1.0,-0.008735742013622705
2025-07-22 00:00:00+00:00,20260201_193429_467820e7_StateSignal_XLE,-0.006661932799524983,-0.006661932799524983,1.3093076868035163,1.3093076868035163,0.0,0.0,1.0,-0.006661932799524983
2025-07-23 00:00:00+00:00,20260201_193429_467820e7_StateSignal_XLE,0.004763047823535871,0.004763047823535871,1.3155439819314845,1.3155439819314845,0.0,0.0,1.0,0.004763047823535871
2025-07-24 00:00:00+00:00,20260201_193429_467820e7_StateSignal_XLE,0.012044070492845727,0.012044070492845727,1.3313884863863061,1.3313884863863061,0.0,0.0,1.0,0.012044070492845727
2025-07-25 00:00:00+00:00,20260201_193429_467820e7_StateSignal_XLE,0.006551263487221792,0.006551263487221792,1.3401107631644762,1.3401107631644762,0.0,0.0,1.0,0.006551263487221792
2025-07-28 00:00:00+00:00,20260201_193429_467820e7_StateSignal_XLE,0.0009324009999511773,0.0009324009999511773,1.3413602837800962,1.3413602837800962,0.0,0.0,1.0,0.0009324009999511773
2025-07-29 00:00:00+00:00,20260201_193429_467820e7_StateSignal_XLE,0.007890502762414542,0.007890502762414542,1.3519442908046562,1.3519442908046562,0.0,0.0,1.0,0.007890502762414542
2025-07-30 00:00:00+00:00,20260201_193429_467820e7_StateSignal_XLE,0.007599345725388673,0.007599345725388673,1.3622181828719462,1.3622181828719462,0.0,0.0,1.0,0.007599345725388673
2025-07-31 00:00:00+00:00,20260201_193429_467820e7_StateSignal_XLE,-0.011536814622554292,-0.011536814622554292,1.3465025242206798,1.3465025242206798,0.0,0.0,1.0,-0.011536814622554292
2025-08-01 00:00:00+00:00,20260201_193429_467820e7_StateSignal_XLE,-0.0027887538408433166,-0.0027887538408433166,1.3427474601345541,1.3427474601345541,0.0,0.0,1.0,-0.0027887538408433166
2025-08-04 00:00:00+00:00,20260201_193429_467820e7_StateSignal_XLE,-0.020454457098567858,-0.020454457098567858,1.3152822898170209,1.3152822898170209,0.0,0.0,1.0,-0.020454457098567858
2025-08-05 00:00:00+00:00,20260201_193429_467820e7_StateSignal_XLE,-0.004046179505664327,-0.004046179505664327,1.3099604215718,1.3099604215718,0.0,0.0,1.0,-0.004046179505664327
2025-08-06 00:00:00+00:00,20260201_193429_467820e7_StateSignal_XLE,0.0,0.0,1.3099604215718,1.3099604215718,0.0,0.0,1.0,0.0
2025-08-07 00:00:00+00:00,20260201_193429_467820e7_StateSignal_XLE,-0.005980163737560051,-0.005980163737560051,1.3021266437610775,1.3021266437610775,0.0,0.0,1.0,-0.005980163737560051
2025-08-08 00:00:00+00:00,20260201_193429_467820e7_StateSignal_XLE,0.0,0.0,1.3021266437610775,1.3021266437610775,0.0,0.0,0.0,0.0
2025-08-11 00:00:00+00:00,20260201_193429_467820e7_StateSignal_XLE,-0.000959232687460343,-0.000959232687460343,1.3008776013211687,1.3008776013211687,0.0,0.0,1.0,-0.000959232687460343
2025-08-12 00:00:00+00:00,20260201_193429_467820e7_StateSignal_XLE,-0.005533515863807459,-0.005533515863807459,1.2936791744773861,1.2936791744773861,0.0,0.0,1.0,-0.005533515863807459
2025-08-13 00:00:00+00:00,20260201_193429_467820e7_StateSignal_XLE,0.006972020067750773,0.006972020067750773,1.3026987316430738,1.3026987316430738,0.0,0.0,1.0,0.006972020067750773
2025-08-14 00:00:00+00:00,20260201_193429_467820e7_StateSignal_XLE,0.001197174810769308,0.001197174810769308,1.304258289750618,1.304258289750618,0.0,0.0,1.0,0.001197174810769308
2025-08-15 00:00:00+00:00,20260201_193429_467820e7_StateSignal_XLE,0.0035829490139498432,0.0035829490139498432,1.3089313807038159,1.3089313807038159,0.0,0.0,1.0,0.0035829490139498432
2025-08-18 00:00:00+00:00,20260201_193429_467820e7_StateSignal_XLE,0.006890843472078245,0.006890843472078245,1.3179510219639372,1.3179510219639372,0.0,0.0,1.0,0.006890843472078245
2025-08-19 00:00:00+00:00,20260201_193429_467820e7_StateSignal_XLE,-0.010473792486028088,-0.010473792486028088,1.3041470764531382,1.3041470764531382,0.0,0.0,1.0,-0.010473792486028088
2025-08-20 00:00:00+00:00,20260201_193429_467820e7_StateSignal_XLE,-0.0007181328854408697,-0.0007181328854408697,1.3032105255500857,1.3032105255500857,0.0,0.0,1.0,-0.0007181328854408697
2025-08-21 00:00:00+00:00,20260201_193429_467820e7_StateSignal_XLE,0.012375217427653684,0.012375217427653684,1.3193380391577747,1.3193380391577747,0.0,0.0,1.0,0.012375217427653684
2025-08-22 00:00:00+00:00,20260201_193429_467820e7_StateSignal_XLE,0.005189914928334538,0.005189914928334538,1.3261852913427192,1.3261852913427192,0.0,0.0,1.0,0.005189914928334538
2025-08-25 00:00:00+00:00,20260201_193429_467820e7_StateSignal_XLE,0.020033281201019548,0.020033281201019548,1.352753134208844,1.352753134208844,0.0,0.0,1.0,0.020033281201019548
2025-08-26 00:00:00+00:00,20260201_193429_467820e7_StateSignal_XLE,0.0013828073187549528,0.0013828073187549528,1.3546237311432967,1.3546237311432967,0.0,0.0,1.0,0.0013828073187549528
2025-08-27 00:00:00+00:00,20260201_193429_467820e7_StateSignal_XLE,-0.005079669200080961,-0.005079669200080961,1.3477426906985093,1.3477426906985093,0.0,0.0,1.0,-0.005079669200080961
2025-08-28 00:00:00+00:00,20260201_193429_467820e7_StateSignal_XLE,0.016984571706399443,0.016984571706399443,1.3706335230704538,1.3706335230704538,0.0,0.0,1.0,0.016984571706399443
2025-08-29 00:00:00+00:00,20260201_193429_467820e7_StateSignal_XLE,0.0031810978881945395,0.0031810978881945395,1.374993642476182,1.374993642476182,0.0,0.0,1.0,0.0031810978881945395
2025-09-02 00:00:00+00:00,20260201_193429_467820e7_StateSignal_XLE,0.0070080540012851245,0.0070080540012851245,1.3846296721740787,1.3846296721740787,0.0,0.0,1.0,0.0070080540012851245
2025-09-03 00:00:00+00:00,20260201_193429_467820e7_StateSignal_XLE,-0.0013525700889815973,-0.0013525700889815973,1.3827568634951797,1.3827568634951797,0.0,0.0,1.0,-0.0013525700889815973
2025-09-04 00:00:00+00:00,20260201_193429_467820e7_StateSignal_XLE,0.0,0.0,1.3827568634951797,1.3827568634951797,0.0,0.0,0.0,-0.0
2025-09-05 00:00:00+00:00,20260201_193429_467820e7_StateSignal_XLE,0.009861334357061047,0.009861334357061047,1.3963926912606266,1.3963926912606266,0.0,0.0,1.0,0.009861334357061047
2025-09-08 00:00:00+00:00,20260201_193429_467820e7_StateSignal_XLE,0.0,0.0,1.3963926912606266,1.3963926912606266,0.0,0.0,0.0,-0.0
2025-09-09 00:00:00+00:00,20260201_193429_467820e7_StateSignal_XLE,0.0,0.0,1.3963926912606266,1.3963926912606266,0.0,0.0,0.0,-0.0
2025-09-10 00:00:00+00:00,20260201_193429_467820e7_StateSignal_XLE,0.0,0.0,1.3963926912606266,1.3963926912606266,0.0,0.0,0.0,0.0
2025-09-11 00:00:00+00:00,20260201_193429_467820e7_StateSignal_XLE,0.0,0.0,1.3963926912606266,1.3963926912606266,0.0,0.0,0.0,0.0
2025-09-12 00:00:00+00:00,20260201_193429_467820e7_StateSignal_XLE,-0.00022859755500137524,-0.00022859755500137524,1.3960734793055827,1.3960734793055827,0.0,0.0,1.0,-0.00022859755500137524
2025-09-15 00:00:00+00:00,20260201_193429_467820e7_StateSignal_XLE,-0.003205864893633059,-0.003205864893633059,1.3915978563493447,1.3915978563493447,0.0,0.0,1.0,-0.003205864893633059
2025-09-16 00:00:00+00:00,20260201_193429_467820e7_StateSignal_XLE,0.0,0.0,1.3915978563493447,1.3915978563493447,0.0,0.0,0.0,-0.0
2025-09-17 00:00:00+00:00,20260201_193429_467820e7_StateSignal_XLE,0.0,0.0,1.3915978563493447,1.3915978563493447,0.0,0.0,0.0,0.0
2025-09-18 00:00:00+00:00,20260201_193429_467820e7_StateSignal_XLE,0.0,0.0,1.3915978563493447,1.3915978563493447,0.0,0.0,0.0,0.0
2025-09-19 00:00:00+00:00,20260201_193429_467820e7_StateSignal_XLE,0.0,0.0,1.3915978563493447,1.3915978563493447,0.0,0.0,0.0,-0.0
2025-09-22 00:00:00+00:00,20260201_193429_467820e7_StateSignal_XLE,0.0,0.0,1.3915978563493447,1.3915978563493447,0.0,0.0,0.0,-0.0
2025-09-23 00:00:00+00:00,20260201_193429_467820e7_StateSignal_XLE,0.0,0.0,1.3915978563493447,1.3915978563493447,0.0,0.0,0.0,0.0
2025-09-24 00:00:00+00:00,20260201_193429_467820e7_StateSignal_XLE,0.0,0.0,1.3915978563493447,1.3915978563493447,0.0,0.0,0.0,0.0
2025-09-25 00:00:00+00:00,20260201_193429_467820e7_StateSignal_XLE,0.0,0.0,1.3915978563493447,1.3915978563493447,0.0,0.0,0.0,0.0
2025-09-26 00:00:00+00:00,20260201_193429_467820e7_StateSignal_XLE,0.006888150776656055,0.006888150776656055,1.4011833922043504,1.4011833922043504,0.0,0.0,1.0,0.006888150776656055
2025-09-29 00:00:00+00:00,20260201_193429_467820e7_StateSignal_XLE,0.0,0.0,1.4011833922043504,1.4011833922043504,0.0,0.0,0.0,0.0
2025-09-30 00:00:00+00:00,20260201_193429_467820e7_StateSignal_XLE,0.0,0.0,1.4011833922043504,1.4011833922043504,0.0,0.0,0.0,-0.0
2025-10-01 00:00:00+00:00,20260201_193429_467820e7_StateSignal_XLE,0.0,0.0,1.4011833922043504,1.4011833922043504,0.0,0.0,0.0,-0.0
2025-10-02 00:00:00+00:00,20260201_193429_467820e7_StateSignal_XLE,0.0,0.0,1.4011833922043504,1.4011833922043504,0.0,0.0,0.0,0.0
2025-10-03 00:00:00+00:00,20260201_193429_467820e7_StateSignal_XLE,0.0,0.0,1.4011833922043504,1.4011833922043504,0.0,0.0,0.0,-0.0
2025-10-06 00:00:00+00:00,20260201_193429_467820e7_StateSignal_XLE,0.0,0.0,1.4011833922043504,1.4011833922043504,0.0,0.0,0.0,0.0
2025-10-07 00:00:00+00:00,20260201_193429_467820e7_StateSignal_XLE,0.0,0.0,1.4011833922043504,1.4011833922043504,0.0,0.0,0.0,0.0
2025-10-08 00:00:00+00:00,20260201_193429_467820e7_StateSignal_XLE,0.0,0.0,1.4011833922043504,1.4011833922043504,0.0,0.0,0.0,-0.0
2025-10-09 00:00:00+00:00,20260201_193429_467820e7_StateSignal_XLE,0.0,0.0,1.4011833922043504,1.4011833922043504,0.0,0.0,0.0,-0.0
2025-10-10 00:00:00+00:00,20260201_193429_467820e7_StateSignal_XLE,0.0,0.0,1.4011833922043504,1.4011833922043504,0.0,0.0,0.0,-0.0
2025-10-13 00:00:00+00:00,20260201_193429_467820e7_StateSignal_XLE,0.0,0.0,1.4011833922043504,1.4011833922043504,0.0,0.0,0.0,-0.0
2025-10-14 00:00:00+00:00,20260201_193429_467820e7_StateSignal_XLE,0.0,0.0,1.4011833922043504,1.4011833922043504,0.0,0.0,0.0,0.0
2025-10-15 00:00:00+00:00,20260201_193429_467820e7_StateSignal_XLE,0.0,0.0,1.4011833922043504,1.4011833922043504,0.0,0.0,0.0,0.0
2025-10-16 00:00:00+00:00,20260201_193429_467820e7_StateSignal_XLE,0.0,0.0,1.4011833922043504,1.4011833922043504,0.0,0.0,0.0,-0.0
2025-10-17 00:00:00+00:00,20260201_193429_467820e7_StateSignal_XLE,0.0,0.0,1.4011833922043504,1.4011833922043504,0.0,0.0,0.0,-0.0
2025-10-20 00:00:00+00:00,20260201_193429_467820e7_StateSignal_XLE,0.0,0.0,1.4011833922043504,1.4011833922043504,0.0,0.0,0.0,0.0
2025-10-21 00:00:00+00:00,20260201_193429_467820e7_StateSignal_XLE,0.0,0.0,1.4011833922043504,1.4011833922043504,0.0,0.0,0.0,0.0
2025-10-22 00:00:00+00:00,20260201_193429_467820e7_StateSignal_XLE,0.0,0.0,1.4011833922043504,1.4011833922043504,0.0,0.0,0.0,-0.0
2025-10-23 00:00:00+00:00,20260201_193429_467820e7_StateSignal_XLE,0.0,0.0,1.4011833922043504,1.4011833922043504,0.0,0.0,0.0,0.0
2025-10-24 00:00:00+00:00,20260201_193429_467820e7_StateSignal_XLE,0.0,0.0,1.4011833922043504,1.4011833922043504,0.0,0.0,0.0,0.0
2025-10-27 00:00:00+00:00,20260201_193429_467820e7_StateSignal_XLE,0.0,0.0,1.4011833922043504,1.4011833922043504,0.0,0.0,0.0,-0.0
2025-10-28 00:00:00+00:00,20260201_193429_467820e7_StateSignal_XLE,0.0,0.0,1.4011833922043504,1.4011833922043504,0.0,0.0,0.0,-0.0
2025-10-29 00:00:00+00:00,20260201_193429_467820e7_StateSignal_XLE,0.0,0.0,1.4011833922043504,1.4011833922043504,0.0,0.0,0.0,-0.0
2025-10-30 00:00:00+00:00,20260201_193429_467820e7_StateSignal_XLE,0.0,0.0,1.4011833922043504,1.4011833922043504,0.0,0.0,0.0,0.0
2025-10-31 00:00:00+00:00,20260201_193429_467820e7_StateSignal_XLE,0.0,0.0,1.4011833922043504,1.4011833922043504,0.0,0.0,0.0,-0.0
2025-11-03 00:00:00+00:00,20260201_193429_467820e7_StateSignal_XLE,0.0,0.0,1.4011833922043504,1.4011833922043504,0.0,0.0,0.0,0.0
2025-11-04 00:00:00+00:00,20260201_193429_467820e7_StateSignal_XLE,0.0,0.0,1.4011833922043504,1.4011833922043504,0.0,0.0,0.0,-0.0
2025-11-05 00:00:00+00:00,20260201_193429_467820e7_StateSignal_XLE,0.0,0.0,1.4011833922043504,1.4011833922043504,0.0,0.0,0.0,-0.0
2025-11-06 00:00:00+00:00,20260201_193429_467820e7_StateSignal_XLE,0.0,0.0,1.4011833922043504,1.4011833922043504,0.0,0.0,0.0,0.0
2025-11-07 00:00:00+00:00,20260201_193429_467820e7_StateSignal_XLE,0.0,0.0,1.4011833922043504,1.4011833922043504,0.0,0.0,0.0,0.0
2025-11-10 00:00:00+00:00,20260201_193429_467820e7_StateSignal_XLE,0.0,0.0,1.4011833922043504,1.4011833922043504,0.0,0.0,0.0,0.0
2025-11-11 00:00:00+00:00,20260201_193429_467820e7_StateSignal_XLE,0.0,0.0,1.4011833922043504,1.4011833922043504,0.0,0.0,0.0,0.0
2025-11-12 00:00:00+00:00,20260201_193429_467820e7_StateSignal_XLE,0.0,0.0,1.4011833922043504,1.4011833922043504,0.0,0.0,0.0,0.0
2025-11-13 00:00:00+00:00,20260201_193429_467820e7_StateSignal_XLE,0.0,0.0,1.4011833922043504,1.4011833922043504,0.0,0.0,0.0,-0.0
2025-11-14 00:00:00+00:00,20260201_193429_467820e7_StateSignal_XLE,0.0,0.0,1.4011833922043504,1.4011833922043504,0.0,0.0,0.0,0.0
2025-11-17 00:00:00+00:00,20260201_193429_467820e7_StateSignal_XLE,0.0,0.0,1.4011833922043504,1.4011833922043504,0.0,0.0,0.0,0.0
2025-11-18 00:00:00+00:00,20260201_193429_467820e7_StateSignal_XLE,0.0,0.0,1.4011833922043504,1.4011833922043504,0.0,0.0,0.0,-0.0
2025-11-19 00:00:00+00:00,20260201_193429_467820e7_StateSignal_XLE,0.0,0.0,1.4011833922043504,1.4011833922043504,0.0,0.0,0.0,0.0
2025-11-20 00:00:00+00:00,20260201_193429_467820e7_StateSignal_XLE,0.0,0.0,1.4011833922043504,1.4011833922043504,0.0,0.0,0.0,-0.0
2025-11-21 00:00:00+00:00,20260201_193429_467820e7_StateSignal_XLE,0.0,0.0,1.4011833922043504,1.4011833922043504,0.0,0.0,0.0,-0.0
2025-11-24 00:00:00+00:00,20260201_193429_467820e7_StateSignal_XLE,0.0,0.0,1.4011833922043504,1.4011833922043504,0.0,0.0,0.0,0.0
2025-11-25 00:00:00+00:00,20260201_193429_467820e7_StateSignal_XLE,0.0,0.0,1.4011833922043504,1.4011833922043504,0.0,0.0,0.0,-0.0
2025-11-26 00:00:00+00:00,20260201_193429_467820e7_StateSignal_XLE,0.0,0.0,1.4011833922043504,1.4011833922043504,0.0,0.0,0.0,-0.0
2025-11-28 00:00:00+00:00,20260201_193429_467820e7_StateSignal_XLE,0.0,0.0,1.4011833922043504,1.4011833922043504,0.0,0.0,0.0,0.0
2025-12-01 00:00:00+00:00,20260201_193429_467820e7_StateSignal_XLE,0.0,0.0,1.4011833922043504,1.4011833922043504,0.0,0.0,0.0,0.0
2025-12-02 00:00:00+00:00,20260201_193429_467820e7_StateSignal_XLE,0.009308577853111455,0.009308577853111455,1.4142264168971714,1.4142264168971714,0.0,0.0,1.0,0.009308577853111455
2025-12-03 00:00:00+00:00,20260201_193429_467820e7_StateSignal_XLE,0.0,0.0,1.4142264168971714,1.4142264168971714,0.0,0.0,0.0,-0.0
2025-12-04 00:00:00+00:00,20260201_193429_467820e7_StateSignal_XLE,0.0,0.0,1.4142264168971714,1.4142264168971714,0.0,0.0,0.0,0.0
2025-12-05 00:00:00+00:00,20260201_193429_467820e7_StateSignal_XLE,0.0,0.0,1.4142264168971714,1.4142264168971714,0.0,0.0,0.0,-0.0
2025-12-08 00:00:00+00:00,20260201_193429_467820e7_StateSignal_XLE,0.0,0.0,1.4142264168971714,1.4142264168971714,0.0,0.0,0.0,0.0
2025-12-09 00:00:00+00:00,20260201_193429_467820e7_StateSignal_XLE,0.0,0.0,1.4142264168971714,1.4142264168971714,0.0,0.0,0.0,-0.0
2025-12-10 00:00:00+00:00,20260201_193429_467820e7_StateSignal_XLE,0.0,0.0,1.4142264168971714,1.4142264168971714,0.0,0.0,0.0,0.0
2025-12-11 00:00:00+00:00,20260201_193429_467820e7_StateSignal_XLE,0.0,0.0,1.4142264168971714,1.4142264168971714,0.0,0.0,0.0,0.0
2025-12-12 00:00:00+00:00,20260201_193429_467820e7_StateSignal_XLE,0.0,0.0,1.4142264168971714,1.4142264168971714,0.0,0.0,0.0,-0.0
2025-12-15 00:00:00+00:00,20260201_193429_467820e7_StateSignal_XLE,0.0,0.0,1.4142264168971714,1.4142264168971714,0.0,0.0,0.0,-0.0
2025-12-16 00:00:00+00:00,20260201_193429_467820e7_StateSignal_XLE,0.0,0.0,1.4142264168971714,1.4142264168971714,0.0,0.0,0.0,-0.0
2025-12-17 00:00:00+00:00,20260201_193429_467820e7_StateSignal_XLE,0.0,0.0,1.4142264168971714,1.4142264168971714,0.0,0.0,0.0,-0.0
2025-12-18 00:00:00+00:00,20260201_193429_467820e7_StateSignal_XLE,0.0,0.0,1.4142264168971714,1.4142264168971714,0.0,0.0,0.0,0.0
2025-12-19 00:00:00+00:00,20260201_193429_467820e7_StateSignal_XLE,0.0,0.0,1.4142264168971714,1.4142264168971714,0.0,0.0,0.0,-0.0
2025-12-22 00:00:00+00:00,20260201_193429_467820e7_StateSignal_XLE,0.002742858862462505,0.002742858862462505,1.4181054403582865,1.4181054403582865,0.0,0.0,1.0,0.002742858862462505
2025-12-23 00:00:00+00:00,20260201_193429_467820e7_StateSignal_XLE,0.0,0.0,1.4181054403582865,1.4181054403582865,0.0,0.0,0.0,0.0
2025-12-24 00:00:00+00:00,20260201_193429_467820e7_StateSignal_XLE,0.005294295666845361,0.005294295666845361,1.425613309846305,1.425613309846305,0.0,0.0,1.0,0.005294295666845361
2025-12-26 00:00:00+00:00,20260201_193429_467820e7_StateSignal_XLE,-0.004842624475787982,-0.004842624475787982,1.4187095999390342,1.4187095999390342,0.0,0.0,1.0,-0.004842624475787982
2025-12-29 00:00:00+00:00,20260201_193429_467820e7_StateSignal_XLE,-0.005433565552918296,-0.005433565552918296,1.411000948327211,1.411000948327211,0.0,0.0,1.0,-0.005433565552918296
2025-12-30 00:00:00+00:00,20260201_193429_467820e7_StateSignal_XLE,0.0,0.0,1.411000948327211,1.411000948327211,0.0,0.0,0.0,0.0
2025-12-31 00:00:00+00:00,20260201_193429_467820e7_StateSignal_XLE,0.006803885485677785,0.006803885485677785,1.420601237199812,1.420601237199812,0.0,0.0,1.0,0.006803885485677785
2026-01-02 00:00:00+00:00,20260201_193429_467820e7_StateSignal_XLE,-0.0059089307330251195,-0.0059089307330251195,1.4122070028899485,1.4122070028899485,0.0,0.0,1.0,-0.0059089307330251195
2026-01-05 00:00:00+00:00,20260201_193429_467820e7_StateSignal_XLE,0.0,0.0,1.4122070028899485,1.4122070028899485,0.0,0.0,0.0,0.0
2026-01-06 00:00:00+00:00,20260201_193429_467820e7_StateSignal_XLE,0.0,0.0,1.4122070028899485,1.4122070028899485,0.0,0.0,0.0,0.0
2026-01-07 00:00:00+00:00,20260201_193429_467820e7_StateSignal_XLE,0.0,0.0,1.4122070028899485,1.4122070028899485,0.0,0.0,0.0,-0.0
2026-01-08 00:00:00+00:00,20260201_193429_467820e7_StateSignal_XLE,0.0,0.0,1.4122070028899485,1.4122070028899485,0.0,0.0,0.0,-0.0
2026-01-09 00:00:00+00:00,20260201_193429_467820e7_StateSignal_XLE,0.0,0.0,1.4122070028899485,1.4122070028899485,0.0,0.0,0.0,0.0
2026-01-12 00:00:00+00:00,20260201_193429_467820e7_StateSignal_XLE,0.0,0.0,1.4122070028899485,1.4122070028899485,0.0,0.0,0.0,-0.0
2026-01-13 00:00:00+00:00,20260201_193429_467820e7_StateSignal_XLE,0.0,0.0,1.4122070028899485,1.4122070028899485,0.0,0.0,0.0,-0.0
2026-01-14 00:00:00+00:00,20260201_193429_467820e7_StateSignal_XLE,0.0,0.0,1.4122070028899485,1.4122070028899485,0.0,0.0,0.0,0.0
2026-01-15 00:00:00+00:00,20260201_193429_467820e7_StateSignal_XLE,0.0,0.0,1.4122070028899485,1.4122070028899485,0.0,0.0,0.0,0.0
2026-01-16 00:00:00+00:00,20260201_193429_467820e7_StateSignal_XLE,0.0,0.0,1.4122070028899485,1.4122070028899485,0.0,0.0,0.0,-0.0
2026-01-20 00:00:00+00:00,20260201_193429_467820e7_StateSignal_XLE,0.0,0.0,1.4122070028899485,1.4122070028899485,0.0,0.0,0.0,-0.0
2026-01-21 00:00:00+00:00,20260201_193429_467820e7_StateSignal_XLE,0.0,0.0,1.4122070028899485,1.4122070028899485,0.0,0.0,0.0,-0.0
2026-01-22 00:00:00+00:00,20260201_193429_467820e7_StateSignal_XLE,0.0,0.0,1.4122070028899485,1.4122070028899485,0.0,0.0,0.0,0.0
2026-01-23 00:00:00+00:00,20260201_193429_467820e7_StateSignal_XLE,0.0,0.0,1.4122070028899485,1.4122070028899485,0.0,0.0,0.0,0.0
2026-01-26 00:00:00+00:00,20260201_193429_467820e7_StateSignal_XLE,0.0,0.0,1.4122070028899485,1.4122070028899485,0.0,0.0,0.0,0.0
2026-01-27 00:00:00+00:00,20260201_193429_467820e7_StateSignal_XLE,0.0,0.0,1.4122070028899485,1.4122070028899485,0.0,0.0,0.0,-0.0
2026-01-28 00:00:00+00:00,20260201_193429_467820e7_StateSignal_XLE,0.0,0.0,1.4122070028899485,1.4122070028899485,0.0,0.0,0.0,0.0
2026-01-29 00:00:00+00:00,20260201_193429_467820e7_StateSignal_XLE,0.0,0.0,1.4122070028899485,1.4122070028899485,0.0,0.0,0.0,0.0
2026-01-30 00:00:00+00:00,20260201_193429_467820e7_StateSignal_XLE,0.0,0.0,1.4122070028899485,1.4122070028899485,0.0,0.0,0.0,0.0
2026-02-02 00:00:00+00:00,20260201_193429_467820e7_StateSignal_XLE,0.0,0.0,1.4122070028899485,1.4122070028899485,0.0,0.0,0.0,0.0
