timestamp,run_id,port_ret_gross,port_ret_net,equity_gross,equity_net,turnover,cost,weight_ret_xle,asset_ret_gross_ret_xle
2021-01-06 21:00:00+00:00,20260124_212136_37b3f2b4_StateSignal_XLE,0.0,0.0,1.0,1.0,0.0,0.0,0.0,-0.0
2021-01-07 21:00:00+00:00,20260124_212136_37b3f2b4_StateSignal_XLE,0.0,0.0,1.0,1.0,0.0,0.0,0.0,0.0
2021-01-08 21:00:00+00:00,20260124_212136_37b3f2b4_StateSignal_XLE,0.0,0.0,1.0,1.0,0.0,0.0,0.0,-0.0
2021-01-11 21:00:00+00:00,20260124_212136_37b3f2b4_StateSignal_XLE,0.0,0.0,1.0,1.0,0.0,0.0,0.0,0.0
2021-01-12 21:00:00+00:00,20260124_212136_37b3f2b4_StateSignal_XLE,0.0,0.0,1.0,1.0,0.0,0.0,0.0,0.0
2021-01-13 21:00:00+00:00,20260124_212136_37b3f2b4_StateSignal_XLE,0.0,0.0,1.0,1.0,0.0,0.0,0.0,-0.0
2021-01-14 21:00:00+00:00,20260124_212136_37b3f2b4_StateSignal_XLE,0.0,0.0,1.0,1.0,0.0,0.0,0.0,0.0
2021-01-15 21:00:00+00:00,20260124_212136_37b3f2b4_StateSignal_XLE,0.0,0.0,1.0,1.0,0.0,0.0,0.0,-0.0
2021-01-19 21:00:00+00:00,20260124_212136_37b3f2b4_StateSignal_XLE,0.0,0.0,1.0,1.0,0.0,0.0,0.0,0.0
2021-01-20 21:00:00+00:00,20260124_212136_37b3f2b4_StateSignal_XLE,0.0,0.0,1.0,1.0,0.0,0.0,0.0,0.0
2021-01-21 21:00:00+00:00,20260124_212136_37b3f2b4_StateSignal_XLE,0.0,0.0,1.0,1.0,0.0,0.0,0.0,-0.0
2021-01-22 21:00:00+00:00,20260124_212136_37b3f2b4_StateSignal_XLE,0.0,0.0,1.0,1.0,0.0,0.0,0.0,0.0
2021-01-25 21:00:00+00:00,20260124_212136_37b3f2b4_StateSignal_XLE,0.0,0.0,1.0,1.0,0.0,0.0,0.0,0.0
2021-01-26 21:00:00+00:00,20260124_212136_37b3f2b4_StateSignal_XLE,0.0,0.0,1.0,1.0,0.0,0.0,0.0,-0.0
2021-01-27 21:00:00+00:00,20260124_212136_37b3f2b4_StateSignal_XLE,0.0,0.0,1.0,1.0,0.0,0.0,0.0,0.0
2021-01-28 21:00:00+00:00,20260124_212136_37b3f2b4_StateSignal_XLE,0.0,0.0,1.0,1.0,0.0,0.0,0.0,-0.0
2021-01-29 21:00:00+00:00,20260124_212136_37b3f2b4_StateSignal_XLE,0.0,0.0,1.0,1.0,0.0,0.0,0.0,-0.0
2021-02-01 21:00:00+00:00,20260124_212136_37b3f2b4_StateSignal_XLE,0.0,0.0,1.0,1.0,0.0,0.0,0.0,0.0
2021-02-02 21:00:00+00:00,20260124_212136_37b3f2b4_StateSignal_XLE,0.0,0.0,1.0,1.0,0.0,0.0,0.0,-0.0
2021-02-03 21:00:00+00:00,20260124_212136_37b3f2b4_StateSignal_XLE,0.0,0.0,1.0,1.0,0.0,0.0,0.0,0.0
2021-02-04 21:00:00+00:00,20260124_212136_37b3f2b4_StateSignal_XLE,0.0,0.0,1.0,1.0,0.0,0.0,0.0,0.0
2021-02-05 21:00:00+00:00,20260124_212136_37b3f2b4_StateSignal_XLE,0.0,0.0,1.0,1.0,0.0,0.0,0.0,-0.0
2021-02-08 21:00:00+00:00,20260124_212136_37b3f2b4_StateSignal_XLE,0.0,0.0,1.0,1.0,0.0,0.0,0.0,0.0
2021-02-09 21:00:00+00:00,20260124_212136_37b3f2b4_StateSignal_XLE,0.0,0.0,1.0,1.0,0.0,0.0,0.0,0.0
2021-02-10 21:00:00+00:00,20260124_212136_37b3f2b4_StateSignal_XLE,0.0,0.0,1.0,1.0,0.0,0.0,0.0,0.0
2021-02-11 21:00:00+00:00,20260124_212136_37b3f2b4_StateSignal_XLE,0.0,0.0,1.0,1.0,0.0,0.0,0.0,-0.0
2021-02-12 21:00:00+00:00,20260124_212136_37b3f2b4_StateSignal_XLE,0.0,0.0,1.0,1.0,0.0,0.0,0.0,0.0
2021-02-16 21:00:00+00:00,20260124_212136_37b3f2b4_StateSignal_XLE,0.0,0.0,1.0,1.0,0.0,0.0,0.0,-0.0
2021-02-17 21:00:00+00:00,20260124_212136_37b3f2b4_StateSignal_XLE,0.0,0.0,1.0,1.0,0.0,0.0,0.0,0.0
2021-02-18 21:00:00+00:00,20260124_212136_37b3f2b4_StateSignal_XLE,0.0,0.0,1.0,1.0,0.0,0.0,0.0,-0.0
2021-02-19 21:00:00+00:00,20260124_212136_37b3f2b4_StateSignal_XLE,0.0,0.0,1.0,1.0,0.0,0.0,0.0,0.0
2021-02-22 21:00:00+00:00,20260124_212136_37b3f2b4_StateSignal_XLE,0.0,0.0,1.0,1.0,0.0,0.0,0.0,0.0
2021-02-23 21:00:00+00:00,20260124_212136_37b3f2b4_StateSignal_XLE,0.0,0.0,1.0,1.0,0.0,0.0,0.0,0.0
2021-02-24 21:00:00+00:00,20260124_212136_37b3f2b4_StateSignal_XLE,0.0,0.0,1.0,1.0,0.0,0.0,0.0,0.0
2021-02-25 21:00:00+00:00,20260124_212136_37b3f2b4_StateSignal_XLE,0.0,0.0,1.0,1.0,0.0,0.0,0.0,-0.0
2021-02-26 21:00:00+00:00,20260124_212136_37b3f2b4_StateSignal_XLE,0.0,0.0,1.0,1.0,0.0,0.0,0.0,-0.0
2021-03-01 21:00:00+00:00,20260124_212136_37b3f2b4_StateSignal_XLE,0.0,0.0,1.0,1.0,0.0,0.0,0.0,-0.0
2021-03-02 21:00:00+00:00,20260124_212136_37b3f2b4_StateSignal_XLE,0.0,0.0,1.0,1.0,0.0,0.0,0.0,-0.0
2021-03-03 21:00:00+00:00,20260124_212136_37b3f2b4_StateSignal_XLE,0.0,0.0,1.0,1.0,0.0,0.0,0.0,0.0
2021-03-04 21:00:00+00:00,20260124_212136_37b3f2b4_StateSignal_XLE,0.0,0.0,1.0,1.0,0.0,0.0,0.0,0.0
2021-03-05 21:00:00+00:00,20260124_212136_37b3f2b4_StateSignal_XLE,0.0,0.0,1.0,1.0,0.0,0.0,0.0,0.0
2021-03-08 21:00:00+00:00,20260124_212136_37b3f2b4_StateSignal_XLE,0.0,0.0,1.0,1.0,0.0,0.0,0.0,-0.0
2021-03-09 21:00:00+00:00,20260124_212136_37b3f2b4_StateSignal_XLE,0.0,0.0,1.0,1.0,0.0,0.0,0.0,-0.0
2021-03-10 21:00:00+00:00,20260124_212136_37b3f2b4_StateSignal_XLE,0.0,0.0,1.0,1.0,0.0,0.0,0.0,0.0
2021-03-11 21:00:00+00:00,20260124_212136_37b3f2b4_StateSignal_XLE,0.0,0.0,1.0,1.0,0.0,0.0,0.0,-0.0
2021-03-12 21:00:00+00:00,20260124_212136_37b3f2b4_StateSignal_XLE,0.0,0.0,1.0,1.0,0.0,0.0,0.0,-0.0
2021-03-15 20:00:00+00:00,20260124_212136_37b3f2b4_StateSignal_XLE,0.0,0.0,1.0,1.0,0.0,0.0,0.0,-0.0
2021-03-16 20:00:00+00:00,20260124_212136_37b3f2b4_StateSignal_XLE,0.0,0.0,1.0,1.0,0.0,0.0,0.0,-0.0
2021-03-17 20:00:00+00:00,20260124_212136_37b3f2b4_StateSignal_XLE,0.0,0.0,1.0,1.0,0.0,0.0,0.0,0.0
2021-03-18 20:00:00+00:00,20260124_212136_37b3f2b4_StateSignal_XLE,0.0,0.0,1.0,1.0,0.0,0.0,0.0,-0.0
2021-03-19 20:00:00+00:00,20260124_212136_37b3f2b4_StateSignal_XLE,0.0,0.0,1.0,1.0,0.0,0.0,0.0,0.0
2021-03-22 20:00:00+00:00,20260124_212136_37b3f2b4_StateSignal_XLE,0.0,0.0,1.0,1.0,0.0,0.0,0.0,-0.0
2021-03-23 20:00:00+00:00,20260124_212136_37b3f2b4_StateSignal_XLE,0.0,0.0,1.0,1.0,0.0,0.0,0.0,-0.0
2021-03-24 20:00:00+00:00,20260124_212136_37b3f2b4_StateSignal_XLE,0.0,0.0,1.0,1.0,0.0,0.0,0.0,-0.0
2021-03-25 20:00:00+00:00,20260124_212136_37b3f2b4_StateSignal_XLE,0.0,0.0,1.0,1.0,0.0,0.0,0.0,0.0
2021-03-26 20:00:00+00:00,20260124_212136_37b3f2b4_StateSignal_XLE,0.0,0.0,1.0,1.0,0.0,0.0,0.0,0.0
2021-03-29 20:00:00+00:00,20260124_212136_37b3f2b4_StateSignal_XLE,0.0,0.0,1.0,1.0,0.0,0.0,0.0,-0.0
2021-03-30 20:00:00+00:00,20260124_212136_37b3f2b4_StateSignal_XLE,0.0,0.0,1.0,1.0,0.0,0.0,0.0,0.0
2021-03-31 20:00:00+00:00,20260124_212136_37b3f2b4_StateSignal_XLE,0.0,0.0,1.0,1.0,0.0,0.0,0.0,-0.0
2021-04-01 20:00:00+00:00,20260124_212136_37b3f2b4_StateSignal_XLE,0.0,0.0,1.0,1.0,0.0,0.0,0.0,0.0
2021-04-05 20:00:00+00:00,20260124_212136_37b3f2b4_StateSignal_XLE,0.0,0.0,1.0,1.0,0.0,0.0,0.0,-0.0
2021-04-06 20:00:00+00:00,20260124_212136_37b3f2b4_StateSignal_XLE,0.0,0.0,1.0,1.0,0.0,0.0,0.0,-0.0
2021-04-07 20:00:00+00:00,20260124_212136_37b3f2b4_StateSignal_XLE,0.0,0.0,1.0,1.0,0.0,0.0,0.0,0.0
2021-04-08 20:00:00+00:00,20260124_212136_37b3f2b4_StateSignal_XLE,0.0,0.0,1.0,1.0,0.0,0.0,0.0,0.0
2021-04-09 20:00:00+00:00,20260124_212136_37b3f2b4_StateSignal_XLE,0.0,0.0,1.0,1.0,0.0,0.0,0.0,-0.0
2021-04-12 20:00:00+00:00,20260124_212136_37b3f2b4_StateSignal_XLE,0.0,0.0,1.0,1.0,0.0,0.0,0.0,-0.0
2021-04-13 20:00:00+00:00,20260124_212136_37b3f2b4_StateSignal_XLE,0.0,0.0,1.0,1.0,0.0,0.0,0.0,0.0
2021-04-14 20:00:00+00:00,20260124_212136_37b3f2b4_StateSignal_XLE,0.0,0.0,1.0,1.0,0.0,0.0,0.0,0.0
2021-04-15 20:00:00+00:00,20260124_212136_37b3f2b4_StateSignal_XLE,0.0,0.0,1.0,1.0,0.0,0.0,0.0,0.0
2021-04-16 20:00:00+00:00,20260124_212136_37b3f2b4_StateSignal_XLE,0.0,0.0,1.0,1.0,0.0,0.0,0.0,-0.0
2021-04-19 20:00:00+00:00,20260124_212136_37b3f2b4_StateSignal_XLE,0.0,0.0,1.0,1.0,0.0,0.0,0.0,-0.0
2021-04-20 20:00:00+00:00,20260124_212136_37b3f2b4_StateSignal_XLE,0.0,0.0,1.0,1.0,0.0,0.0,0.0,-0.0
2021-04-21 20:00:00+00:00,20260124_212136_37b3f2b4_StateSignal_XLE,0.0,0.0,1.0,1.0,0.0,0.0,0.0,0.0
2021-04-22 20:00:00+00:00,20260124_212136_37b3f2b4_StateSignal_XLE,0.0,0.0,1.0,1.0,0.0,0.0,0.0,-0.0
2021-04-23 20:00:00+00:00,20260124_212136_37b3f2b4_StateSignal_XLE,0.0,0.0,1.0,1.0,0.0,0.0,0.0,0.0
2021-04-26 20:00:00+00:00,20260124_212136_37b3f2b4_StateSignal_XLE,0.0,0.0,1.0,1.0,0.0,0.0,0.0,-0.0
2021-04-27 20:00:00+00:00,20260124_212136_37b3f2b4_StateSignal_XLE,0.0,0.0,1.0,1.0,0.0,0.0,0.0,0.0
2021-04-28 20:00:00+00:00,20260124_212136_37b3f2b4_StateSignal_XLE,0.0,0.0,1.0,1.0,0.0,0.0,0.0,0.0
2021-04-29 20:00:00+00:00,20260124_212136_37b3f2b4_StateSignal_XLE,0.0,0.0,1.0,1.0,0.0,0.0,0.0,-0.0
2021-04-30 20:00:00+00:00,20260124_212136_37b3f2b4_StateSignal_XLE,0.0,0.0,1.0,1.0,0.0,0.0,0.0,-0.0
2021-05-03 20:00:00+00:00,20260124_212136_37b3f2b4_StateSignal_XLE,0.0,0.0,1.0,1.0,0.0,0.0,0.0,0.0
2021-05-04 20:00:00+00:00,20260124_212136_37b3f2b4_StateSignal_XLE,0.0,0.0,1.0,1.0,0.0,0.0,0.0,0.0
2021-05-05 20:00:00+00:00,20260124_212136_37b3f2b4_StateSignal_XLE,0.0,0.0,1.0,1.0,0.0,0.0,0.0,0.0
2021-05-06 20:00:00+00:00,20260124_212136_37b3f2b4_StateSignal_XLE,0.0,0.0,1.0,1.0,0.0,0.0,0.0,0.0
2021-05-07 20:00:00+00:00,20260124_212136_37b3f2b4_StateSignal_XLE,0.0,0.0,1.0,1.0,0.0,0.0,0.0,0.0
2021-05-10 20:00:00+00:00,20260124_212136_37b3f2b4_StateSignal_XLE,0.0,0.0,1.0,1.0,0.0,0.0,0.0,-0.0
2021-05-11 20:00:00+00:00,20260124_212136_37b3f2b4_StateSignal_XLE,0.0,0.0,1.0,1.0,0.0,0.0,0.0,-0.0
2021-05-12 20:00:00+00:00,20260124_212136_37b3f2b4_StateSignal_XLE,0.0,0.0,1.0,1.0,0.0,0.0,0.0,-0.0
2021-05-13 20:00:00+00:00,20260124_212136_37b3f2b4_StateSignal_XLE,0.0,0.0,1.0,1.0,0.0,0.0,0.0,-0.0
2021-05-14 20:00:00+00:00,20260124_212136_37b3f2b4_StateSignal_XLE,0.0,0.0,1.0,1.0,0.0,0.0,0.0,0.0
2021-05-17 20:00:00+00:00,20260124_212136_37b3f2b4_StateSignal_XLE,0.0,0.0,1.0,1.0,0.0,0.0,0.0,0.0
2021-05-18 20:00:00+00:00,20260124_212136_37b3f2b4_StateSignal_XLE,0.0,0.0,1.0,1.0,0.0,0.0,0.0,-0.0
2021-05-19 20:00:00+00:00,20260124_212136_37b3f2b4_StateSignal_XLE,0.0,0.0,1.0,1.0,0.0,0.0,0.0,0.0
2021-05-20 20:00:00+00:00,20260124_212136_37b3f2b4_StateSignal_XLE,0.0,0.0,1.0,1.0,0.0,0.0,0.0,0.0
2021-05-21 20:00:00+00:00,20260124_212136_37b3f2b4_StateSignal_XLE,0.0,0.0,1.0,1.0,0.0,0.0,0.0,-0.0
2021-05-24 20:00:00+00:00,20260124_212136_37b3f2b4_StateSignal_XLE,0.0,0.0,1.0,1.0,0.0,0.0,0.0,0.0
2021-05-25 20:00:00+00:00,20260124_212136_37b3f2b4_StateSignal_XLE,0.0,0.0,1.0,1.0,0.0,0.0,0.0,-0.0
2021-05-26 20:00:00+00:00,20260124_212136_37b3f2b4_StateSignal_XLE,0.0,0.0,1.0,1.0,0.0,0.0,0.0,0.0
2021-05-27 20:00:00+00:00,20260124_212136_37b3f2b4_StateSignal_XLE,0.0,0.0,1.0,1.0,0.0,0.0,0.0,-0.0
2021-05-28 20:00:00+00:00,20260124_212136_37b3f2b4_StateSignal_XLE,0.0,0.0,1.0,1.0,0.0,0.0,0.0,0.0
2021-06-01 20:00:00+00:00,20260124_212136_37b3f2b4_StateSignal_XLE,0.0,0.0,1.0,1.0,0.0,0.0,0.0,0.0
2021-06-02 20:00:00+00:00,20260124_212136_37b3f2b4_StateSignal_XLE,0.0,0.0,1.0,1.0,0.0,0.0,0.0,0.0
2021-06-03 20:00:00+00:00,20260124_212136_37b3f2b4_StateSignal_XLE,0.0,0.0,1.0,1.0,0.0,0.0,0.0,0.0
2021-06-04 20:00:00+00:00,20260124_212136_37b3f2b4_StateSignal_XLE,0.0,0.0,1.0,1.0,0.0,0.0,0.0,-0.0
2021-06-07 20:00:00+00:00,20260124_212136_37b3f2b4_StateSignal_XLE,0.0,0.0,1.0,1.0,0.0,0.0,0.0,-0.0
2021-06-08 20:00:00+00:00,20260124_212136_37b3f2b4_StateSignal_XLE,0.0,0.0,1.0,1.0,0.0,0.0,0.0,0.0
2021-06-09 20:00:00+00:00,20260124_212136_37b3f2b4_StateSignal_XLE,0.0,0.0,1.0,1.0,0.0,0.0,0.0,-0.0
2021-06-10 20:00:00+00:00,20260124_212136_37b3f2b4_StateSignal_XLE,0.0,0.0,1.0,1.0,0.0,0.0,0.0,-0.0
2021-06-11 20:00:00+00:00,20260124_212136_37b3f2b4_StateSignal_XLE,0.0,0.0,1.0,1.0,0.0,0.0,0.0,-0.0
2021-06-14 20:00:00+00:00,20260124_212136_37b3f2b4_StateSignal_XLE,0.0,0.0,1.0,1.0,0.0,0.0,0.0,-0.0
2021-06-15 20:00:00+00:00,20260124_212136_37b3f2b4_StateSignal_XLE,0.0,0.0,1.0,1.0,0.0,0.0,0.0,0.0
2021-06-16 20:00:00+00:00,20260124_212136_37b3f2b4_StateSignal_XLE,0.0,0.0,1.0,1.0,0.0,0.0,0.0,0.0
2021-06-17 20:00:00+00:00,20260124_212136_37b3f2b4_StateSignal_XLE,0.0,0.0,1.0,1.0,0.0,0.0,0.0,-0.0
2021-06-18 20:00:00+00:00,20260124_212136_37b3f2b4_StateSignal_XLE,0.0,0.0,1.0,1.0,0.0,0.0,0.0,-0.0
2021-06-21 20:00:00+00:00,20260124_212136_37b3f2b4_StateSignal_XLE,0.0,0.0,1.0,1.0,0.0,0.0,0.0,0.0
2021-06-22 20:00:00+00:00,20260124_212136_37b3f2b4_StateSignal_XLE,0.0,0.0,1.0,1.0,0.0,0.0,0.0,0.0
2021-06-23 20:00:00+00:00,20260124_212136_37b3f2b4_StateSignal_XLE,0.0,0.0,1.0,1.0,0.0,0.0,0.0,-0.0
2021-06-24 20:00:00+00:00,20260124_212136_37b3f2b4_StateSignal_XLE,0.0,0.0,1.0,1.0,0.0,0.0,0.0,0.0
2021-06-25 20:00:00+00:00,20260124_212136_37b3f2b4_StateSignal_XLE,0.0,0.0,1.0,1.0,0.0,0.0,0.0,0.0
2021-06-28 20:00:00+00:00,20260124_212136_37b3f2b4_StateSignal_XLE,0.0,0.0,1.0,1.0,0.0,0.0,0.0,-0.0
2021-06-29 20:00:00+00:00,20260124_212136_37b3f2b4_StateSignal_XLE,0.0,0.0,1.0,1.0,0.0,0.0,0.0,-0.0
2021-06-30 20:00:00+00:00,20260124_212136_37b3f2b4_StateSignal_XLE,0.0,0.0,1.0,1.0,0.0,0.0,0.0,0.0
2021-07-01 20:00:00+00:00,20260124_212136_37b3f2b4_StateSignal_XLE,0.0,0.0,1.0,1.0,0.0,0.0,0.0,-0.0
2021-07-02 20:00:00+00:00,20260124_212136_37b3f2b4_StateSignal_XLE,0.0,0.0,1.0,1.0,0.0,0.0,0.0,0.0
2021-07-06 20:00:00+00:00,20260124_212136_37b3f2b4_StateSignal_XLE,0.0,0.0,1.0,1.0,0.0,0.0,0.0,-0.0
2021-07-07 20:00:00+00:00,20260124_212136_37b3f2b4_StateSignal_XLE,0.0,0.0,1.0,1.0,0.0,0.0,0.0,-0.0
2021-07-08 20:00:00+00:00,20260124_212136_37b3f2b4_StateSignal_XLE,0.0,0.0,1.0,1.0,0.0,0.0,0.0,0.0
2021-07-09 20:00:00+00:00,20260124_212136_37b3f2b4_StateSignal_XLE,0.0,0.0,1.0,1.0,0.0,0.0,0.0,0.0
2021-07-12 20:00:00+00:00,20260124_212136_37b3f2b4_StateSignal_XLE,0.0,0.0,1.0,1.0,0.0,0.0,0.0,0.0
2021-07-13 20:00:00+00:00,20260124_212136_37b3f2b4_StateSignal_XLE,0.0,0.0,1.0,1.0,0.0,0.0,0.0,-0.0
2021-07-14 20:00:00+00:00,20260124_212136_37b3f2b4_StateSignal_XLE,0.0,0.0,1.0,1.0,0.0,0.0,0.0,-0.0
2021-07-15 20:00:00+00:00,20260124_212136_37b3f2b4_StateSignal_XLE,0.0,0.0,1.0,1.0,0.0,0.0,0.0,-0.0
2021-07-16 20:00:00+00:00,20260124_212136_37b3f2b4_StateSignal_XLE,0.0,0.0,1.0,1.0,0.0,0.0,0.0,-0.0
2021-07-19 20:00:00+00:00,20260124_212136_37b3f2b4_StateSignal_XLE,0.0,0.0,1.0,1.0,0.0,0.0,0.0,0.0
2021-07-20 20:00:00+00:00,20260124_212136_37b3f2b4_StateSignal_XLE,0.0,0.0,1.0,1.0,0.0,0.0,0.0,0.0
2021-07-21 20:00:00+00:00,20260124_212136_37b3f2b4_StateSignal_XLE,0.0,0.0,1.0,1.0,0.0,0.0,0.0,0.0
2021-07-22 20:00:00+00:00,20260124_212136_37b3f2b4_StateSignal_XLE,0.0,0.0,1.0,1.0,0.0,0.0,0.0,-0.0
2021-07-23 20:00:00+00:00,20260124_212136_37b3f2b4_StateSignal_XLE,0.0,0.0,1.0,1.0,0.0,0.0,0.0,-0.0
2021-07-26 20:00:00+00:00,20260124_212136_37b3f2b4_StateSignal_XLE,0.0,0.0,1.0,1.0,0.0,0.0,0.0,0.0
2021-07-27 20:00:00+00:00,20260124_212136_37b3f2b4_StateSignal_XLE,0.0,0.0,1.0,1.0,0.0,0.0,0.0,0.0
2021-07-28 20:00:00+00:00,20260124_212136_37b3f2b4_StateSignal_XLE,0.0,0.0,1.0,1.0,0.0,0.0,0.0,0.0
2021-07-29 20:00:00+00:00,20260124_212136_37b3f2b4_StateSignal_XLE,0.0,0.0,1.0,1.0,0.0,0.0,0.0,0.0
2021-07-30 20:00:00+00:00,20260124_212136_37b3f2b4_StateSignal_XLE,0.0,0.0,1.0,1.0,0.0,0.0,0.0,-0.0
2021-08-02 20:00:00+00:00,20260124_212136_37b3f2b4_StateSignal_XLE,0.0,0.0,1.0,1.0,0.0,0.0,0.0,-0.0
2021-08-03 20:00:00+00:00,20260124_212136_37b3f2b4_StateSignal_XLE,0.0,0.0,1.0,1.0,0.0,0.0,0.0,0.0
2021-08-04 20:00:00+00:00,20260124_212136_37b3f2b4_StateSignal_XLE,0.0,0.0,1.0,1.0,0.0,0.0,0.0,-0.0
2021-08-05 20:00:00+00:00,20260124_212136_37b3f2b4_StateSignal_XLE,0.0,0.0,1.0,1.0,0.0,0.0,0.0,0.0
2021-08-06 20:00:00+00:00,20260124_212136_37b3f2b4_StateSignal_XLE,0.0,0.0,1.0,1.0,0.0,0.0,0.0,-0.0
2021-08-09 20:00:00+00:00,20260124_212136_37b3f2b4_StateSignal_XLE,0.0,0.0,1.0,1.0,0.0,0.0,0.0,-0.0
2021-08-10 20:00:00+00:00,20260124_212136_37b3f2b4_StateSignal_XLE,0.0,0.0,1.0,1.0,0.0,0.0,0.0,0.0
2021-08-11 20:00:00+00:00,20260124_212136_37b3f2b4_StateSignal_XLE,0.0,0.0,1.0,1.0,0.0,0.0,0.0,0.0
2021-08-12 20:00:00+00:00,20260124_212136_37b3f2b4_StateSignal_XLE,0.0,0.0,1.0,1.0,0.0,0.0,0.0,-0.0
2021-08-13 20:00:00+00:00,20260124_212136_37b3f2b4_StateSignal_XLE,0.0,0.0,1.0,1.0,0.0,0.0,0.0,-0.0
2021-08-16 20:00:00+00:00,20260124_212136_37b3f2b4_StateSignal_XLE,0.0,0.0,1.0,1.0,0.0,0.0,0.0,0.0
2021-08-17 20:00:00+00:00,20260124_212136_37b3f2b4_StateSignal_XLE,0.0,0.0,1.0,1.0,0.0,0.0,0.0,-0.0
2021-08-18 20:00:00+00:00,20260124_212136_37b3f2b4_StateSignal_XLE,0.0,0.0,1.0,1.0,0.0,0.0,0.0,-0.0
2021-08-19 20:00:00+00:00,20260124_212136_37b3f2b4_StateSignal_XLE,0.0,0.0,1.0,1.0,0.0,0.0,0.0,-0.0
2021-08-20 20:00:00+00:00,20260124_212136_37b3f2b4_StateSignal_XLE,0.0,0.0,1.0,1.0,0.0,0.0,0.0,0.0
2021-08-23 20:00:00+00:00,20260124_212136_37b3f2b4_StateSignal_XLE,0.0,0.0,1.0,1.0,0.0,0.0,0.0,0.0
2021-08-24 20:00:00+00:00,20260124_212136_37b3f2b4_StateSignal_XLE,0.0,0.0,1.0,1.0,0.0,0.0,0.0,0.0
2021-08-25 20:00:00+00:00,20260124_212136_37b3f2b4_StateSignal_XLE,0.0,0.0,1.0,1.0,0.0,0.0,0.0,0.0
2021-08-26 20:00:00+00:00,20260124_212136_37b3f2b4_StateSignal_XLE,0.0,0.0,1.0,1.0,0.0,0.0,0.0,-0.0
2021-08-27 20:00:00+00:00,20260124_212136_37b3f2b4_StateSignal_XLE,0.0,0.0,1.0,1.0,0.0,0.0,0.0,0.0
2021-08-30 20:00:00+00:00,20260124_212136_37b3f2b4_StateSignal_XLE,0.0,0.0,1.0,1.0,0.0,0.0,0.0,-0.0
2021-08-31 20:00:00+00:00,20260124_212136_37b3f2b4_StateSignal_XLE,0.0,0.0,1.0,1.0,0.0,0.0,0.0,-0.0
2021-09-01 20:00:00+00:00,20260124_212136_37b3f2b4_StateSignal_XLE,0.0,0.0,1.0,1.0,0.0,0.0,0.0,-0.0
2021-09-02 20:00:00+00:00,20260124_212136_37b3f2b4_StateSignal_XLE,0.0,0.0,1.0,1.0,0.0,0.0,0.0,0.0
2021-09-03 20:00:00+00:00,20260124_212136_37b3f2b4_StateSignal_XLE,0.0,0.0,1.0,1.0,0.0,0.0,0.0,-0.0
2021-09-07 20:00:00+00:00,20260124_212136_37b3f2b4_StateSignal_XLE,0.0,0.0,1.0,1.0,0.0,0.0,0.0,-0.0
2021-09-08 20:00:00+00:00,20260124_212136_37b3f2b4_StateSignal_XLE,0.0,0.0,1.0,1.0,0.0,0.0,0.0,-0.0
2021-09-09 20:00:00+00:00,20260124_212136_37b3f2b4_StateSignal_XLE,0.0,0.0,1.0,1.0,0.0,0.0,0.0,0.0
2021-09-10 20:00:00+00:00,20260124_212136_37b3f2b4_StateSignal_XLE,0.0,0.0,1.0,1.0,0.0,0.0,0.0,-0.0
2021-09-13 20:00:00+00:00,20260124_212136_37b3f2b4_StateSignal_XLE,0.0,0.0,1.0,1.0,0.0,0.0,0.0,0.0
2021-09-14 20:00:00+00:00,20260124_212136_37b3f2b4_StateSignal_XLE,0.0,0.0,1.0,1.0,0.0,0.0,0.0,-0.0
2021-09-15 20:00:00+00:00,20260124_212136_37b3f2b4_StateSignal_XLE,0.0,0.0,1.0,1.0,0.0,0.0,0.0,0.0
2021-09-16 20:00:00+00:00,20260124_212136_37b3f2b4_StateSignal_XLE,0.0,0.0,1.0,1.0,0.0,0.0,0.0,-0.0
2021-09-17 20:00:00+00:00,20260124_212136_37b3f2b4_StateSignal_XLE,0.0,0.0,1.0,1.0,0.0,0.0,0.0,-0.0
2021-09-20 20:00:00+00:00,20260124_212136_37b3f2b4_StateSignal_XLE,0.0,0.0,1.0,1.0,0.0,0.0,0.0,-0.0
2021-09-21 20:00:00+00:00,20260124_212136_37b3f2b4_StateSignal_XLE,0.0,0.0,1.0,1.0,0.0,0.0,0.0,-0.0
2021-09-22 20:00:00+00:00,20260124_212136_37b3f2b4_StateSignal_XLE,0.0,0.0,1.0,1.0,0.0,0.0,0.0,0.0
2021-09-23 20:00:00+00:00,20260124_212136_37b3f2b4_StateSignal_XLE,0.0,0.0,1.0,1.0,0.0,0.0,0.0,0.0
2021-09-24 20:00:00+00:00,20260124_212136_37b3f2b4_StateSignal_XLE,0.0,0.0,1.0,1.0,0.0,0.0,0.0,0.0
2021-09-27 20:00:00+00:00,20260124_212136_37b3f2b4_StateSignal_XLE,0.0,0.0,1.0,1.0,0.0,0.0,0.0,0.0
2021-09-28 20:00:00+00:00,20260124_212136_37b3f2b4_StateSignal_XLE,0.0,0.0,1.0,1.0,0.0,0.0,0.0,0.0
2021-09-29 20:00:00+00:00,20260124_212136_37b3f2b4_StateSignal_XLE,0.0,0.0,1.0,1.0,0.0,0.0,0.0,0.0
2021-09-30 20:00:00+00:00,20260124_212136_37b3f2b4_StateSignal_XLE,0.0,0.0,1.0,1.0,0.0,0.0,0.0,-0.0
2021-10-01 20:00:00+00:00,20260124_212136_37b3f2b4_StateSignal_XLE,0.0,0.0,1.0,1.0,0.0,0.0,0.0,0.0
2021-10-04 20:00:00+00:00,20260124_212136_37b3f2b4_StateSignal_XLE,0.0,0.0,1.0,1.0,0.0,0.0,0.0,0.0
2021-10-05 20:00:00+00:00,20260124_212136_37b3f2b4_StateSignal_XLE,0.0,0.0,1.0,1.0,0.0,0.0,0.0,-0.0
2021-10-06 20:00:00+00:00,20260124_212136_37b3f2b4_StateSignal_XLE,0.0,0.0,1.0,1.0,0.0,0.0,0.0,0.0
2021-10-07 20:00:00+00:00,20260124_212136_37b3f2b4_StateSignal_XLE,0.0,0.0,1.0,1.0,0.0,0.0,0.0,0.0
2021-10-08 20:00:00+00:00,20260124_212136_37b3f2b4_StateSignal_XLE,0.0,0.0,1.0,1.0,0.0,0.0,0.0,0.0
2021-10-11 20:00:00+00:00,20260124_212136_37b3f2b4_StateSignal_XLE,0.0,0.0,1.0,1.0,0.0,0.0,0.0,-0.0
2021-10-12 20:00:00+00:00,20260124_212136_37b3f2b4_StateSignal_XLE,0.0,0.0,1.0,1.0,0.0,0.0,0.0,-0.0
2021-10-13 20:00:00+00:00,20260124_212136_37b3f2b4_StateSignal_XLE,0.0,0.0,1.0,1.0,0.0,0.0,0.0,0.0
2021-10-14 20:00:00+00:00,20260124_212136_37b3f2b4_StateSignal_XLE,0.0,0.0,1.0,1.0,0.0,0.0,0.0,0.0
2021-10-15 20:00:00+00:00,20260124_212136_37b3f2b4_StateSignal_XLE,0.0,0.0,1.0,1.0,0.0,0.0,0.0,-0.0
2021-10-18 20:00:00+00:00,20260124_212136_37b3f2b4_StateSignal_XLE,0.0,0.0,1.0,1.0,0.0,0.0,0.0,-0.0
2021-10-19 20:00:00+00:00,20260124_212136_37b3f2b4_StateSignal_XLE,0.0,0.0,1.0,1.0,0.0,0.0,0.0,0.0
2021-10-20 20:00:00+00:00,20260124_212136_37b3f2b4_StateSignal_XLE,0.0,0.0,1.0,1.0,0.0,0.0,0.0,0.0
2021-10-21 20:00:00+00:00,20260124_212136_37b3f2b4_StateSignal_XLE,0.0,0.0,1.0,1.0,0.0,0.0,0.0,-0.0
2021-10-22 20:00:00+00:00,20260124_212136_37b3f2b4_StateSignal_XLE,0.0,0.0,1.0,1.0,0.0,0.0,0.0,0.0
2021-10-25 20:00:00+00:00,20260124_212136_37b3f2b4_StateSignal_XLE,0.0,0.0,1.0,1.0,0.0,0.0,0.0,0.0
2021-10-26 20:00:00+00:00,20260124_212136_37b3f2b4_StateSignal_XLE,0.0,0.0,1.0,1.0,0.0,0.0,0.0,0.0
2021-10-27 20:00:00+00:00,20260124_212136_37b3f2b4_StateSignal_XLE,0.0,0.0,1.0,1.0,0.0,0.0,0.0,-0.0
2021-10-28 20:00:00+00:00,20260124_212136_37b3f2b4_StateSignal_XLE,0.0,0.0,1.0,1.0,0.0,0.0,0.0,0.0
2021-10-29 20:00:00+00:00,20260124_212136_37b3f2b4_StateSignal_XLE,0.0,0.0,1.0,1.0,0.0,0.0,0.0,-0.0
2021-11-01 20:00:00+00:00,20260124_212136_37b3f2b4_StateSignal_XLE,0.0,0.0,1.0,1.0,0.0,0.0,0.0,0.0
2021-11-02 20:00:00+00:00,20260124_212136_37b3f2b4_StateSignal_XLE,0.0,0.0,1.0,1.0,0.0,0.0,0.0,-0.0
2021-11-03 20:00:00+00:00,20260124_212136_37b3f2b4_StateSignal_XLE,0.0,0.0,1.0,1.0,0.0,0.0,0.0,0.0
2021-11-04 20:00:00+00:00,20260124_212136_37b3f2b4_StateSignal_XLE,0.0,0.0,1.0,1.0,0.0,0.0,0.0,-0.0
2021-11-05 20:00:00+00:00,20260124_212136_37b3f2b4_StateSignal_XLE,0.0,0.0,1.0,1.0,0.0,0.0,0.0,0.0
2021-11-08 21:00:00+00:00,20260124_212136_37b3f2b4_StateSignal_XLE,0.0,0.0,1.0,1.0,0.0,0.0,0.0,-0.0
2021-11-09 21:00:00+00:00,20260124_212136_37b3f2b4_StateSignal_XLE,0.0,0.0,1.0,1.0,0.0,0.0,0.0,0.0
2021-11-10 21:00:00+00:00,20260124_212136_37b3f2b4_StateSignal_XLE,0.0,0.0,1.0,1.0,0.0,0.0,0.0,-0.0
2021-11-11 21:00:00+00:00,20260124_212136_37b3f2b4_StateSignal_XLE,0.0,0.0,1.0,1.0,0.0,0.0,0.0,-0.0
2021-11-12 21:00:00+00:00,20260124_212136_37b3f2b4_StateSignal_XLE,0.0,0.0,1.0,1.0,0.0,0.0,0.0,-0.0
2021-11-15 21:00:00+00:00,20260124_212136_37b3f2b4_StateSignal_XLE,0.0,0.0,1.0,1.0,0.0,0.0,0.0,0.0
2021-11-16 21:00:00+00:00,20260124_212136_37b3f2b4_StateSignal_XLE,0.0,0.0,1.0,1.0,0.0,0.0,0.0,0.0
2021-11-17 21:00:00+00:00,20260124_212136_37b3f2b4_StateSignal_XLE,0.0,0.0,1.0,1.0,0.0,0.0,0.0,-0.0
2021-11-18 21:00:00+00:00,20260124_212136_37b3f2b4_StateSignal_XLE,0.0,0.0,1.0,1.0,0.0,0.0,0.0,-0.0
2021-11-19 21:00:00+00:00,20260124_212136_37b3f2b4_StateSignal_XLE,0.0,0.0,1.0,1.0,0.0,0.0,0.0,-0.0
2021-11-22 21:00:00+00:00,20260124_212136_37b3f2b4_StateSignal_XLE,0.0,0.0,1.0,1.0,0.0,0.0,0.0,0.0
2021-11-23 21:00:00+00:00,20260124_212136_37b3f2b4_StateSignal_XLE,0.0,0.0,1.0,1.0,0.0,0.0,0.0,0.0
2021-11-24 21:00:00+00:00,20260124_212136_37b3f2b4_StateSignal_XLE,0.0,0.0,1.0,1.0,0.0,0.0,0.0,0.0
2021-11-26 21:00:00+00:00,20260124_212136_37b3f2b4_StateSignal_XLE,0.0,0.0,1.0,1.0,0.0,0.0,0.0,0.0
2021-11-29 21:00:00+00:00,20260124_212136_37b3f2b4_StateSignal_XLE,0.0,0.0,1.0,1.0,0.0,0.0,0.0,-0.0
2021-11-30 21:00:00+00:00,20260124_212136_37b3f2b4_StateSignal_XLE,0.0,0.0,1.0,1.0,0.0,0.0,0.0,-0.0
2021-12-01 21:00:00+00:00,20260124_212136_37b3f2b4_StateSignal_XLE,0.0,0.0,1.0,1.0,0.0,0.0,0.0,-0.0
2021-12-02 21:00:00+00:00,20260124_212136_37b3f2b4_StateSignal_XLE,0.0,0.0,1.0,1.0,0.0,0.0,0.0,0.0
2021-12-03 21:00:00+00:00,20260124_212136_37b3f2b4_StateSignal_XLE,0.0,0.0,1.0,1.0,0.0,0.0,0.0,-0.0
2021-12-06 21:00:00+00:00,20260124_212136_37b3f2b4_StateSignal_XLE,0.0,0.0,1.0,1.0,0.0,0.0,0.0,0.0
2021-12-07 21:00:00+00:00,20260124_212136_37b3f2b4_StateSignal_XLE,0.0,0.0,1.0,1.0,0.0,0.0,0.0,0.0
2021-12-08 21:00:00+00:00,20260124_212136_37b3f2b4_StateSignal_XLE,0.0,0.0,1.0,1.0,0.0,0.0,0.0,-0.0
2021-12-09 21:00:00+00:00,20260124_212136_37b3f2b4_StateSignal_XLE,0.0,0.0,1.0,1.0,0.0,0.0,0.0,0.0
2021-12-10 21:00:00+00:00,20260124_212136_37b3f2b4_StateSignal_XLE,0.0,0.0,1.0,1.0,0.0,0.0,0.0,0.0
2021-12-13 21:00:00+00:00,20260124_212136_37b3f2b4_StateSignal_XLE,0.0,0.0,1.0,1.0,0.0,0.0,0.0,-0.0
2021-12-14 21:00:00+00:00,20260124_212136_37b3f2b4_StateSignal_XLE,0.0,0.0,1.0,1.0,0.0,0.0,0.0,-0.0
2021-12-15 21:00:00+00:00,20260124_212136_37b3f2b4_StateSignal_XLE,0.0,0.0,1.0,1.0,0.0,0.0,0.0,0.0
2021-12-16 21:00:00+00:00,20260124_212136_37b3f2b4_StateSignal_XLE,0.0,0.0,1.0,1.0,0.0,0.0,0.0,-0.0
2021-12-17 21:00:00+00:00,20260124_212136_37b3f2b4_StateSignal_XLE,0.0,0.0,1.0,1.0,0.0,0.0,0.0,-0.0
2021-12-20 21:00:00+00:00,20260124_212136_37b3f2b4_StateSignal_XLE,0.0,0.0,1.0,1.0,0.0,0.0,0.0,0.0
2021-12-21 21:00:00+00:00,20260124_212136_37b3f2b4_StateSignal_XLE,0.0,0.0,1.0,1.0,0.0,0.0,0.0,0.0
2021-12-22 21:00:00+00:00,20260124_212136_37b3f2b4_StateSignal_XLE,0.0,0.0,1.0,1.0,0.0,0.0,0.0,0.0
2021-12-23 21:00:00+00:00,20260124_212136_37b3f2b4_StateSignal_XLE,0.0,0.0,1.0,1.0,0.0,0.0,0.0,-0.0
2021-12-27 21:00:00+00:00,20260124_212136_37b3f2b4_StateSignal_XLE,0.0,0.0,1.0,1.0,0.0,0.0,0.0,0.0
2021-12-28 21:00:00+00:00,20260124_212136_37b3f2b4_StateSignal_XLE,0.0,0.0,1.0,1.0,0.0,0.0,0.0,-0.0
2021-12-29 21:00:00+00:00,20260124_212136_37b3f2b4_StateSignal_XLE,0.0,0.0,1.0,1.0,0.0,0.0,0.0,0.0
2021-12-30 21:00:00+00:00,20260124_212136_37b3f2b4_StateSignal_XLE,0.0,0.0,1.0,1.0,0.0,0.0,0.0,-0.0
2021-12-31 21:00:00+00:00,20260124_212136_37b3f2b4_StateSignal_XLE,0.0,0.0,1.0,1.0,0.0,0.0,0.0,0.0
2022-01-03 21:00:00+00:00,20260124_212136_37b3f2b4_StateSignal_XLE,0.0,0.0,1.0,1.0,0.0,0.0,0.0,0.0
2022-01-04 21:00:00+00:00,20260124_212136_37b3f2b4_StateSignal_XLE,0.0,0.0,1.0,1.0,0.0,0.0,0.0,0.0
2022-01-05 21:00:00+00:00,20260124_212136_37b3f2b4_StateSignal_XLE,0.0,0.0,1.0,1.0,0.0,0.0,0.0,-0.0
2022-01-06 21:00:00+00:00,20260124_212136_37b3f2b4_StateSignal_XLE,0.0,0.0,1.0,1.0,0.0,0.0,0.0,-0.0
2022-01-07 21:00:00+00:00,20260124_212136_37b3f2b4_StateSignal_XLE,0.0,0.0,1.0,1.0,0.0,0.0,0.0,0.0
2022-01-10 21:00:00+00:00,20260124_212136_37b3f2b4_StateSignal_XLE,0.0,0.0,1.0,1.0,0.0,0.0,0.0,-0.0
2022-01-11 21:00:00+00:00,20260124_212136_37b3f2b4_StateSignal_XLE,0.0,0.0,1.0,1.0,0.0,0.0,0.0,0.0
2022-01-12 21:00:00+00:00,20260124_212136_37b3f2b4_StateSignal_XLE,0.0,0.0,1.0,1.0,0.0,0.0,0.0,-0.0
2022-01-13 21:00:00+00:00,20260124_212136_37b3f2b4_StateSignal_XLE,0.0,0.0,1.0,1.0,0.0,0.0,0.0,-0.0
2022-01-14 21:00:00+00:00,20260124_212136_37b3f2b4_StateSignal_XLE,0.0,0.0,1.0,1.0,0.0,0.0,0.0,0.0
2022-01-18 21:00:00+00:00,20260124_212136_37b3f2b4_StateSignal_XLE,0.0,0.0,1.0,1.0,0.0,0.0,0.0,-0.0
2022-01-19 21:00:00+00:00,20260124_212136_37b3f2b4_StateSignal_XLE,0.0,0.0,1.0,1.0,0.0,0.0,0.0,-0.0
2022-01-20 21:00:00+00:00,20260124_212136_37b3f2b4_StateSignal_XLE,0.0,0.0,1.0,1.0,0.0,0.0,0.0,-0.0
2022-01-21 21:00:00+00:00,20260124_212136_37b3f2b4_StateSignal_XLE,0.0,0.0,1.0,1.0,0.0,0.0,0.0,-0.0
2022-01-24 21:00:00+00:00,20260124_212136_37b3f2b4_StateSignal_XLE,0.0,0.0,1.0,1.0,0.0,0.0,0.0,0.0
2022-01-25 21:00:00+00:00,20260124_212136_37b3f2b4_StateSignal_XLE,0.0,0.0,1.0,1.0,0.0,0.0,0.0,0.0
2022-01-26 21:00:00+00:00,20260124_212136_37b3f2b4_StateSignal_XLE,0.0,0.0,1.0,1.0,0.0,0.0,0.0,-0.0
2022-01-27 21:00:00+00:00,20260124_212136_37b3f2b4_StateSignal_XLE,0.0,0.0,1.0,1.0,0.0,0.0,0.0,-0.0
2022-01-28 21:00:00+00:00,20260124_212136_37b3f2b4_StateSignal_XLE,0.0,0.0,1.0,1.0,0.0,0.0,0.0,-0.0
2022-01-31 21:00:00+00:00,20260124_212136_37b3f2b4_StateSignal_XLE,0.0,0.0,1.0,1.0,0.0,0.0,0.0,0.0
2022-02-01 21:00:00+00:00,20260124_212136_37b3f2b4_StateSignal_XLE,0.0,0.0,1.0,1.0,0.0,0.0,0.0,0.0
2022-02-02 21:00:00+00:00,20260124_212136_37b3f2b4_StateSignal_XLE,0.0,0.0,1.0,1.0,0.0,0.0,0.0,0.0
2022-02-03 21:00:00+00:00,20260124_212136_37b3f2b4_StateSignal_XLE,0.0,0.0,1.0,1.0,0.0,0.0,0.0,-0.0
2022-02-04 21:00:00+00:00,20260124_212136_37b3f2b4_StateSignal_XLE,0.0,0.0,1.0,1.0,0.0,0.0,0.0,-0.0
2022-02-07 21:00:00+00:00,20260124_212136_37b3f2b4_StateSignal_XLE,0.0,0.0,1.0,1.0,0.0,0.0,0.0,0.0
2022-02-08 21:00:00+00:00,20260124_212136_37b3f2b4_StateSignal_XLE,0.0,0.0,1.0,1.0,0.0,0.0,0.0,-0.0
2022-02-09 21:00:00+00:00,20260124_212136_37b3f2b4_StateSignal_XLE,0.0,0.0,1.0,1.0,0.0,0.0,0.0,0.0
2022-02-10 21:00:00+00:00,20260124_212136_37b3f2b4_StateSignal_XLE,0.0,0.0,1.0,1.0,0.0,0.0,0.0,-0.0
2022-02-11 21:00:00+00:00,20260124_212136_37b3f2b4_StateSignal_XLE,0.0,0.0,1.0,1.0,0.0,0.0,0.0,0.0
2022-02-14 21:00:00+00:00,20260124_212136_37b3f2b4_StateSignal_XLE,0.0,0.0,1.0,1.0,0.0,0.0,0.0,-0.0
2022-02-15 21:00:00+00:00,20260124_212136_37b3f2b4_StateSignal_XLE,0.0,0.0,1.0,1.0,0.0,0.0,0.0,0.0
2022-02-16 21:00:00+00:00,20260124_212136_37b3f2b4_StateSignal_XLE,0.0,0.0,1.0,1.0,0.0,0.0,0.0,-0.0
2022-02-17 21:00:00+00:00,20260124_212136_37b3f2b4_StateSignal_XLE,0.0,0.0,1.0,1.0,0.0,0.0,0.0,-0.0
2022-02-18 21:00:00+00:00,20260124_212136_37b3f2b4_StateSignal_XLE,0.0,0.0,1.0,1.0,0.0,0.0,0.0,0.0
2022-02-22 21:00:00+00:00,20260124_212136_37b3f2b4_StateSignal_XLE,0.0,0.0,1.0,1.0,0.0,0.0,0.0,-0.0
2022-02-23 21:00:00+00:00,20260124_212136_37b3f2b4_StateSignal_XLE,0.0,0.0,1.0,1.0,0.0,0.0,0.0,-0.0
2022-02-24 21:00:00+00:00,20260124_212136_37b3f2b4_StateSignal_XLE,0.0,0.0,1.0,1.0,0.0,0.0,0.0,0.0
2022-02-25 21:00:00+00:00,20260124_212136_37b3f2b4_StateSignal_XLE,0.0,0.0,1.0,1.0,0.0,0.0,0.0,0.0
2022-02-28 21:00:00+00:00,20260124_212136_37b3f2b4_StateSignal_XLE,0.0,0.0,1.0,1.0,0.0,0.0,0.0,0.0
2022-03-01 21:00:00+00:00,20260124_212136_37b3f2b4_StateSignal_XLE,0.0,0.0,1.0,1.0,0.0,0.0,0.0,-0.0
2022-03-02 21:00:00+00:00,20260124_212136_37b3f2b4_StateSignal_XLE,0.0,0.0,1.0,1.0,0.0,0.0,0.0,0.0
2022-03-03 21:00:00+00:00,20260124_212136_37b3f2b4_StateSignal_XLE,0.0,0.0,1.0,1.0,0.0,0.0,0.0,0.0
2022-03-04 21:00:00+00:00,20260124_212136_37b3f2b4_StateSignal_XLE,0.0,0.0,1.0,1.0,0.0,0.0,0.0,0.0
2022-03-07 21:00:00+00:00,20260124_212136_37b3f2b4_StateSignal_XLE,0.0,0.0,1.0,1.0,0.0,0.0,0.0,0.0
2022-03-08 21:00:00+00:00,20260124_212136_37b3f2b4_StateSignal_XLE,0.0,0.0,1.0,1.0,0.0,0.0,0.0,-0.0
2022-03-09 21:00:00+00:00,20260124_212136_37b3f2b4_StateSignal_XLE,0.0,0.0,1.0,1.0,0.0,0.0,0.0,-0.0
2022-03-10 21:00:00+00:00,20260124_212136_37b3f2b4_StateSignal_XLE,0.0,0.0,1.0,1.0,0.0,0.0,0.0,0.0
2022-03-11 21:00:00+00:00,20260124_212136_37b3f2b4_StateSignal_XLE,0.0,0.0,1.0,1.0,0.0,0.0,0.0,-0.0
2022-03-14 20:00:00+00:00,20260124_212136_37b3f2b4_StateSignal_XLE,0.0,0.0,1.0,1.0,0.0,0.0,0.0,0.0
2022-03-15 20:00:00+00:00,20260124_212136_37b3f2b4_StateSignal_XLE,0.0,0.0,1.0,1.0,0.0,0.0,0.0,0.0
2022-03-16 20:00:00+00:00,20260124_212136_37b3f2b4_StateSignal_XLE,0.0,0.0,1.0,1.0,0.0,0.0,0.0,-0.0
2022-03-17 20:00:00+00:00,20260124_212136_37b3f2b4_StateSignal_XLE,0.0,0.0,1.0,1.0,0.0,0.0,0.0,0.0
2022-03-18 20:00:00+00:00,20260124_212136_37b3f2b4_StateSignal_XLE,0.0,0.0,1.0,1.0,0.0,0.0,0.0,-0.0
2022-03-21 20:00:00+00:00,20260124_212136_37b3f2b4_StateSignal_XLE,0.0,0.0,1.0,1.0,0.0,0.0,0.0,0.0
2022-03-22 20:00:00+00:00,20260124_212136_37b3f2b4_StateSignal_XLE,0.0,0.0,1.0,1.0,0.0,0.0,0.0,-0.0
2022-03-23 20:00:00+00:00,20260124_212136_37b3f2b4_StateSignal_XLE,0.0,0.0,1.0,1.0,0.0,0.0,0.0,-0.0
2022-03-24 20:00:00+00:00,20260124_212136_37b3f2b4_StateSignal_XLE,0.0,0.0,1.0,1.0,0.0,0.0,0.0,-0.0
2022-03-25 20:00:00+00:00,20260124_212136_37b3f2b4_StateSignal_XLE,0.0,0.0,1.0,1.0,0.0,0.0,0.0,0.0
2022-03-28 20:00:00+00:00,20260124_212136_37b3f2b4_StateSignal_XLE,0.0,0.0,1.0,1.0,0.0,0.0,0.0,-0.0
2022-03-29 20:00:00+00:00,20260124_212136_37b3f2b4_StateSignal_XLE,0.0,0.0,1.0,1.0,0.0,0.0,0.0,0.0
2022-03-30 20:00:00+00:00,20260124_212136_37b3f2b4_StateSignal_XLE,0.0,0.0,1.0,1.0,0.0,0.0,0.0,0.0
2022-03-31 20:00:00+00:00,20260124_212136_37b3f2b4_StateSignal_XLE,0.0,0.0,1.0,1.0,0.0,0.0,0.0,-0.0
2022-04-01 20:00:00+00:00,20260124_212136_37b3f2b4_StateSignal_XLE,0.0,0.0,1.0,1.0,0.0,0.0,0.0,-0.0
2022-04-04 20:00:00+00:00,20260124_212136_37b3f2b4_StateSignal_XLE,0.0,0.0,1.0,1.0,0.0,0.0,0.0,0.0
2022-04-05 20:00:00+00:00,20260124_212136_37b3f2b4_StateSignal_XLE,0.0,0.0,1.0,1.0,0.0,0.0,0.0,-0.0
2022-04-06 20:00:00+00:00,20260124_212136_37b3f2b4_StateSignal_XLE,0.0,0.0,1.0,1.0,0.0,0.0,0.0,0.0
2022-04-07 20:00:00+00:00,20260124_212136_37b3f2b4_StateSignal_XLE,0.0,0.0,1.0,1.0,0.0,0.0,0.0,0.0
2022-04-08 20:00:00+00:00,20260124_212136_37b3f2b4_StateSignal_XLE,0.0,0.0,1.0,1.0,0.0,0.0,0.0,0.0
2022-04-11 20:00:00+00:00,20260124_212136_37b3f2b4_StateSignal_XLE,0.0,0.0,1.0,1.0,0.0,0.0,0.0,-0.0
2022-04-12 20:00:00+00:00,20260124_212136_37b3f2b4_StateSignal_XLE,0.0,0.0,1.0,1.0,0.0,0.0,0.0,-0.0
2022-04-13 20:00:00+00:00,20260124_212136_37b3f2b4_StateSignal_XLE,0.0,0.0,1.0,1.0,0.0,0.0,0.0,0.0
2022-04-14 20:00:00+00:00,20260124_212136_37b3f2b4_StateSignal_XLE,0.0,0.0,1.0,1.0,0.0,0.0,0.0,0.0
2022-04-18 20:00:00+00:00,20260124_212136_37b3f2b4_StateSignal_XLE,0.0,0.0,1.0,1.0,0.0,0.0,0.0,0.0
2022-04-19 20:00:00+00:00,20260124_212136_37b3f2b4_StateSignal_XLE,0.0,0.0,1.0,1.0,0.0,0.0,0.0,-0.0
2022-04-20 20:00:00+00:00,20260124_212136_37b3f2b4_StateSignal_XLE,0.0,0.0,1.0,1.0,0.0,0.0,0.0,0.0
2022-04-21 20:00:00+00:00,20260124_212136_37b3f2b4_StateSignal_XLE,0.0,0.0,1.0,1.0,0.0,0.0,0.0,-0.0
2022-04-22 20:00:00+00:00,20260124_212136_37b3f2b4_StateSignal_XLE,0.0,0.0,1.0,1.0,0.0,0.0,0.0,-0.0
2022-04-25 20:00:00+00:00,20260124_212136_37b3f2b4_StateSignal_XLE,0.0,0.0,1.0,1.0,0.0,0.0,0.0,0.0
2022-04-26 20:00:00+00:00,20260124_212136_37b3f2b4_StateSignal_XLE,0.0,0.0,1.0,1.0,0.0,0.0,0.0,-0.0
2022-04-27 20:00:00+00:00,20260124_212136_37b3f2b4_StateSignal_XLE,0.0,0.0,1.0,1.0,0.0,0.0,0.0,0.0
2022-04-28 20:00:00+00:00,20260124_212136_37b3f2b4_StateSignal_XLE,0.0,0.0,1.0,1.0,0.0,0.0,0.0,0.0
2022-04-29 20:00:00+00:00,20260124_212136_37b3f2b4_StateSignal_XLE,0.0,0.0,1.0,1.0,0.0,0.0,0.0,-0.0
2022-05-02 20:00:00+00:00,20260124_212136_37b3f2b4_StateSignal_XLE,0.0,0.0,1.0,1.0,0.0,0.0,0.0,0.0
2022-05-03 20:00:00+00:00,20260124_212136_37b3f2b4_StateSignal_XLE,0.0,0.0,1.0,1.0,0.0,0.0,0.0,0.0
2022-05-04 20:00:00+00:00,20260124_212136_37b3f2b4_StateSignal_XLE,0.0,0.0,1.0,1.0,0.0,0.0,0.0,0.0
2022-05-05 20:00:00+00:00,20260124_212136_37b3f2b4_StateSignal_XLE,0.0,0.0,1.0,1.0,0.0,0.0,0.0,-0.0
2022-05-06 20:00:00+00:00,20260124_212136_37b3f2b4_StateSignal_XLE,0.0,0.0,1.0,1.0,0.0,0.0,0.0,0.0
2022-05-09 20:00:00+00:00,20260124_212136_37b3f2b4_StateSignal_XLE,0.0,0.0,1.0,1.0,0.0,0.0,0.0,-0.0
2022-05-10 20:00:00+00:00,20260124_212136_37b3f2b4_StateSignal_XLE,0.0,0.0,1.0,1.0,0.0,0.0,0.0,-0.0
2022-05-11 20:00:00+00:00,20260124_212136_37b3f2b4_StateSignal_XLE,0.0,0.0,1.0,1.0,0.0,0.0,0.0,-0.0
2022-05-12 20:00:00+00:00,20260124_212136_37b3f2b4_StateSignal_XLE,0.0,0.0,1.0,1.0,0.0,0.0,0.0,0.0
2022-05-13 20:00:00+00:00,20260124_212136_37b3f2b4_StateSignal_XLE,0.0,0.0,1.0,1.0,0.0,0.0,0.0,0.0
2022-05-16 20:00:00+00:00,20260124_212136_37b3f2b4_StateSignal_XLE,0.0,0.0,1.0,1.0,0.0,0.0,0.0,0.0
2022-05-17 20:00:00+00:00,20260124_212136_37b3f2b4_StateSignal_XLE,0.0,0.0,1.0,1.0,0.0,0.0,0.0,0.0
2022-05-18 20:00:00+00:00,20260124_212136_37b3f2b4_StateSignal_XLE,0.0,0.0,1.0,1.0,0.0,0.0,0.0,-0.0
2022-05-19 20:00:00+00:00,20260124_212136_37b3f2b4_StateSignal_XLE,0.0,0.0,1.0,1.0,0.0,0.0,0.0,0.0
2022-05-20 20:00:00+00:00,20260124_212136_37b3f2b4_StateSignal_XLE,0.0,0.0,1.0,1.0,0.0,0.0,0.0,-0.0
2022-05-23 20:00:00+00:00,20260124_212136_37b3f2b4_StateSignal_XLE,0.0,0.0,1.0,1.0,0.0,0.0,0.0,0.0
2022-05-24 20:00:00+00:00,20260124_212136_37b3f2b4_StateSignal_XLE,0.0,0.0,1.0,1.0,0.0,0.0,0.0,0.0
2022-05-25 20:00:00+00:00,20260124_212136_37b3f2b4_StateSignal_XLE,0.0,0.0,1.0,1.0,0.0,0.0,0.0,0.0
2022-05-26 20:00:00+00:00,20260124_212136_37b3f2b4_StateSignal_XLE,0.0,0.0,1.0,1.0,0.0,0.0,0.0,0.0
2022-05-27 20:00:00+00:00,20260124_212136_37b3f2b4_StateSignal_XLE,0.0,0.0,1.0,1.0,0.0,0.0,0.0,0.0
2022-05-31 20:00:00+00:00,20260124_212136_37b3f2b4_StateSignal_XLE,0.0,0.0,1.0,1.0,0.0,0.0,0.0,-0.0
2022-06-01 20:00:00+00:00,20260124_212136_37b3f2b4_StateSignal_XLE,0.0,0.0,1.0,1.0,0.0,0.0,0.0,0.0
2022-06-02 20:00:00+00:00,20260124_212136_37b3f2b4_StateSignal_XLE,0.0,0.0,1.0,1.0,0.0,0.0,0.0,0.0
2022-06-03 20:00:00+00:00,20260124_212136_37b3f2b4_StateSignal_XLE,0.0,0.0,1.0,1.0,0.0,0.0,0.0,0.0
2022-06-06 20:00:00+00:00,20260124_212136_37b3f2b4_StateSignal_XLE,0.0,0.0,1.0,1.0,0.0,0.0,0.0,-0.0
2022-06-07 20:00:00+00:00,20260124_212136_37b3f2b4_StateSignal_XLE,0.0,0.0,1.0,1.0,0.0,0.0,0.0,0.0
2022-06-08 20:00:00+00:00,20260124_212136_37b3f2b4_StateSignal_XLE,0.0,0.0,1.0,1.0,0.0,0.0,0.0,-0.0
2022-06-09 20:00:00+00:00,20260124_212136_37b3f2b4_StateSignal_XLE,0.0,0.0,1.0,1.0,0.0,0.0,0.0,-0.0
2022-06-10 20:00:00+00:00,20260124_212136_37b3f2b4_StateSignal_XLE,0.0,0.0,1.0,1.0,0.0,0.0,0.0,-0.0
2022-06-13 20:00:00+00:00,20260124_212136_37b3f2b4_StateSignal_XLE,0.0,0.0,1.0,1.0,0.0,0.0,0.0,-0.0
2022-06-14 20:00:00+00:00,20260124_212136_37b3f2b4_StateSignal_XLE,0.0,0.0,1.0,1.0,0.0,0.0,0.0,-0.0
2022-06-15 20:00:00+00:00,20260124_212136_37b3f2b4_StateSignal_XLE,0.0,0.0,1.0,1.0,0.0,0.0,0.0,-0.0
2022-06-16 20:00:00+00:00,20260124_212136_37b3f2b4_StateSignal_XLE,0.0,0.0,1.0,1.0,0.0,0.0,0.0,-0.0
2022-06-17 20:00:00+00:00,20260124_212136_37b3f2b4_StateSignal_XLE,0.0,0.0,1.0,1.0,0.0,0.0,0.0,-0.0
2022-06-21 20:00:00+00:00,20260124_212136_37b3f2b4_StateSignal_XLE,0.0,0.0,1.0,1.0,0.0,0.0,0.0,0.0
2022-06-22 20:00:00+00:00,20260124_212136_37b3f2b4_StateSignal_XLE,0.0,0.0,1.0,1.0,0.0,0.0,0.0,0.0
2022-06-23 20:00:00+00:00,20260124_212136_37b3f2b4_StateSignal_XLE,0.0,0.0,1.0,1.0,0.0,0.0,0.0,-0.0
2022-06-24 20:00:00+00:00,20260124_212136_37b3f2b4_StateSignal_XLE,0.0,0.0,1.0,1.0,0.0,0.0,0.0,0.0
2022-06-27 20:00:00+00:00,20260124_212136_37b3f2b4_StateSignal_XLE,0.0,0.0,1.0,1.0,0.0,0.0,0.0,0.0
2022-06-28 20:00:00+00:00,20260124_212136_37b3f2b4_StateSignal_XLE,0.0,0.0,1.0,1.0,0.0,0.0,0.0,0.0
2022-06-29 20:00:00+00:00,20260124_212136_37b3f2b4_StateSignal_XLE,0.0,0.0,1.0,1.0,0.0,0.0,0.0,-0.0
2022-06-30 20:00:00+00:00,20260124_212136_37b3f2b4_StateSignal_XLE,0.0,0.0,1.0,1.0,0.0,0.0,0.0,-0.0
2022-07-01 20:00:00+00:00,20260124_212136_37b3f2b4_StateSignal_XLE,0.0,0.0,1.0,1.0,0.0,0.0,0.0,0.0
2022-07-05 20:00:00+00:00,20260124_212136_37b3f2b4_StateSignal_XLE,0.0,0.0,1.0,1.0,0.0,0.0,0.0,-0.0
2022-07-06 20:00:00+00:00,20260124_212136_37b3f2b4_StateSignal_XLE,0.0,0.0,1.0,1.0,0.0,0.0,0.0,-0.0
2022-07-07 20:00:00+00:00,20260124_212136_37b3f2b4_StateSignal_XLE,0.0,0.0,1.0,1.0,0.0,0.0,0.0,0.0
2022-07-08 20:00:00+00:00,20260124_212136_37b3f2b4_StateSignal_XLE,0.0,0.0,1.0,1.0,0.0,0.0,0.0,-0.0
2022-07-11 20:00:00+00:00,20260124_212136_37b3f2b4_StateSignal_XLE,0.0,0.0,1.0,1.0,0.0,0.0,0.0,0.0
2022-07-12 20:00:00+00:00,20260124_212136_37b3f2b4_StateSignal_XLE,0.0,0.0,1.0,1.0,0.0,0.0,0.0,0.0
2022-07-13 20:00:00+00:00,20260124_212136_37b3f2b4_StateSignal_XLE,0.0,0.0,1.0,1.0,0.0,0.0,0.0,-0.0
2022-07-14 20:00:00+00:00,20260124_212136_37b3f2b4_StateSignal_XLE,0.0,0.0,1.0,1.0,0.0,0.0,0.0,0.0
2022-07-15 20:00:00+00:00,20260124_212136_37b3f2b4_StateSignal_XLE,0.0,0.0,1.0,1.0,0.0,0.0,0.0,0.0
2022-07-18 20:00:00+00:00,20260124_212136_37b3f2b4_StateSignal_XLE,0.0,0.0,1.0,1.0,0.0,0.0,0.0,-0.0
2022-07-19 20:00:00+00:00,20260124_212136_37b3f2b4_StateSignal_XLE,0.0,0.0,1.0,1.0,0.0,0.0,0.0,0.0
2022-07-20 20:00:00+00:00,20260124_212136_37b3f2b4_StateSignal_XLE,0.0,0.0,1.0,1.0,0.0,0.0,0.0,0.0
2022-07-21 20:00:00+00:00,20260124_212136_37b3f2b4_StateSignal_XLE,0.0,0.0,1.0,1.0,0.0,0.0,0.0,0.0
2022-07-22 20:00:00+00:00,20260124_212136_37b3f2b4_StateSignal_XLE,0.0,0.0,1.0,1.0,0.0,0.0,0.0,-0.0
2022-07-25 20:00:00+00:00,20260124_212136_37b3f2b4_StateSignal_XLE,0.0,0.0,1.0,1.0,0.0,0.0,0.0,0.0
2022-07-26 20:00:00+00:00,20260124_212136_37b3f2b4_StateSignal_XLE,0.0,0.0,1.0,1.0,0.0,0.0,0.0,-0.0
2022-07-27 20:00:00+00:00,20260124_212136_37b3f2b4_StateSignal_XLE,0.0,0.0,1.0,1.0,0.0,0.0,0.0,0.0
2022-07-28 20:00:00+00:00,20260124_212136_37b3f2b4_StateSignal_XLE,0.0,0.0,1.0,1.0,0.0,0.0,0.0,-0.0
2022-07-29 20:00:00+00:00,20260124_212136_37b3f2b4_StateSignal_XLE,0.0,0.0,1.0,1.0,0.0,0.0,0.0,0.0
2022-08-01 20:00:00+00:00,20260124_212136_37b3f2b4_StateSignal_XLE,0.0,0.0,1.0,1.0,0.0,0.0,0.0,-0.0
2022-08-02 20:00:00+00:00,20260124_212136_37b3f2b4_StateSignal_XLE,0.0,0.0,1.0,1.0,0.0,0.0,0.0,-0.0
2022-08-03 20:00:00+00:00,20260124_212136_37b3f2b4_StateSignal_XLE,0.0,0.0,1.0,1.0,0.0,0.0,0.0,-0.0
2022-08-04 20:00:00+00:00,20260124_212136_37b3f2b4_StateSignal_XLE,0.0,0.0,1.0,1.0,0.0,0.0,0.0,-0.0
2022-08-05 20:00:00+00:00,20260124_212136_37b3f2b4_StateSignal_XLE,0.0,0.0,1.0,1.0,0.0,0.0,0.0,0.0
2022-08-08 20:00:00+00:00,20260124_212136_37b3f2b4_StateSignal_XLE,0.0,0.0,1.0,1.0,0.0,0.0,0.0,0.0
2022-08-09 20:00:00+00:00,20260124_212136_37b3f2b4_StateSignal_XLE,0.0,0.0,1.0,1.0,0.0,0.0,0.0,-0.0
2022-08-10 20:00:00+00:00,20260124_212136_37b3f2b4_StateSignal_XLE,0.0,0.0,1.0,1.0,0.0,0.0,0.0,0.0
2022-08-11 20:00:00+00:00,20260124_212136_37b3f2b4_StateSignal_XLE,0.0,0.0,1.0,1.0,0.0,0.0,0.0,0.0
2022-08-12 20:00:00+00:00,20260124_212136_37b3f2b4_StateSignal_XLE,0.0,0.0,1.0,1.0,0.0,0.0,0.0,0.0
2022-08-15 20:00:00+00:00,20260124_212136_37b3f2b4_StateSignal_XLE,0.0,0.0,1.0,1.0,0.0,0.0,0.0,0.0
2022-08-16 20:00:00+00:00,20260124_212136_37b3f2b4_StateSignal_XLE,0.0,0.0,1.0,1.0,0.0,0.0,0.0,-0.0
2022-08-17 20:00:00+00:00,20260124_212136_37b3f2b4_StateSignal_XLE,0.0,0.0,1.0,1.0,0.0,0.0,0.0,0.0
2022-08-18 20:00:00+00:00,20260124_212136_37b3f2b4_StateSignal_XLE,0.0,0.0,1.0,1.0,0.0,0.0,0.0,0.0
2022-08-19 20:00:00+00:00,20260124_212136_37b3f2b4_StateSignal_XLE,0.0,0.0,1.0,1.0,0.0,0.0,0.0,0.0
2022-08-22 20:00:00+00:00,20260124_212136_37b3f2b4_StateSignal_XLE,0.0,0.0,1.0,1.0,0.0,0.0,0.0,0.0
2022-08-23 20:00:00+00:00,20260124_212136_37b3f2b4_StateSignal_XLE,0.0,0.0,1.0,1.0,0.0,0.0,0.0,0.0
2022-08-24 20:00:00+00:00,20260124_212136_37b3f2b4_StateSignal_XLE,0.0,0.0,1.0,1.0,0.0,0.0,0.0,0.0
2022-08-25 20:00:00+00:00,20260124_212136_37b3f2b4_StateSignal_XLE,0.0,0.0,1.0,1.0,0.0,0.0,0.0,-0.0
2022-08-26 20:00:00+00:00,20260124_212136_37b3f2b4_StateSignal_XLE,0.0,0.0,1.0,1.0,0.0,0.0,0.0,-0.0
2022-08-29 20:00:00+00:00,20260124_212136_37b3f2b4_StateSignal_XLE,0.0,0.0,1.0,1.0,0.0,0.0,0.0,0.0
2022-08-30 20:00:00+00:00,20260124_212136_37b3f2b4_StateSignal_XLE,0.0,0.0,1.0,1.0,0.0,0.0,0.0,-0.0
2022-08-31 20:00:00+00:00,20260124_212136_37b3f2b4_StateSignal_XLE,0.0,0.0,1.0,1.0,0.0,0.0,0.0,0.0
2022-09-01 20:00:00+00:00,20260124_212136_37b3f2b4_StateSignal_XLE,0.0,0.0,1.0,1.0,0.0,0.0,0.0,-0.0
2022-09-02 20:00:00+00:00,20260124_212136_37b3f2b4_StateSignal_XLE,0.0,0.0,1.0,1.0,0.0,0.0,0.0,-0.0
2022-09-06 20:00:00+00:00,20260124_212136_37b3f2b4_StateSignal_XLE,0.0,0.0,1.0,1.0,0.0,0.0,0.0,-0.0
2022-09-07 20:00:00+00:00,20260124_212136_37b3f2b4_StateSignal_XLE,0.0,0.0,1.0,1.0,0.0,0.0,0.0,0.0
2022-09-08 20:00:00+00:00,20260124_212136_37b3f2b4_StateSignal_XLE,0.0,0.0,1.0,1.0,0.0,0.0,0.0,0.0
2022-09-09 20:00:00+00:00,20260124_212136_37b3f2b4_StateSignal_XLE,0.0,0.0,1.0,1.0,0.0,0.0,0.0,0.0
2022-09-12 20:00:00+00:00,20260124_212136_37b3f2b4_StateSignal_XLE,0.0,0.0,1.0,1.0,0.0,0.0,0.0,0.0
2022-09-13 20:00:00+00:00,20260124_212136_37b3f2b4_StateSignal_XLE,0.0,0.0,1.0,1.0,0.0,0.0,0.0,-0.0
2022-09-14 20:00:00+00:00,20260124_212136_37b3f2b4_StateSignal_XLE,0.0,0.0,1.0,1.0,0.0,0.0,0.0,-0.0
2022-09-15 20:00:00+00:00,20260124_212136_37b3f2b4_StateSignal_XLE,0.0,0.0,1.0,1.0,0.0,0.0,0.0,-0.0
2022-09-16 20:00:00+00:00,20260124_212136_37b3f2b4_StateSignal_XLE,0.0,0.0,1.0,1.0,0.0,0.0,0.0,0.0
2022-09-19 20:00:00+00:00,20260124_212136_37b3f2b4_StateSignal_XLE,0.0,0.0,1.0,1.0,0.0,0.0,0.0,0.0
2022-09-20 20:00:00+00:00,20260124_212136_37b3f2b4_StateSignal_XLE,0.0,0.0,1.0,1.0,0.0,0.0,0.0,0.0
2022-09-21 20:00:00+00:00,20260124_212136_37b3f2b4_StateSignal_XLE,0.0,0.0,1.0,1.0,0.0,0.0,0.0,-0.0
2022-09-22 20:00:00+00:00,20260124_212136_37b3f2b4_StateSignal_XLE,0.0,0.0,1.0,1.0,0.0,0.0,0.0,-0.0
2022-09-23 20:00:00+00:00,20260124_212136_37b3f2b4_StateSignal_XLE,0.0,0.0,1.0,1.0,0.0,0.0,0.0,-0.0
2022-09-26 20:00:00+00:00,20260124_212136_37b3f2b4_StateSignal_XLE,0.0,0.0,1.0,1.0,0.0,0.0,0.0,-0.0
2022-09-27 20:00:00+00:00,20260124_212136_37b3f2b4_StateSignal_XLE,0.0,0.0,1.0,1.0,0.0,0.0,0.0,-0.0
2022-09-28 20:00:00+00:00,20260124_212136_37b3f2b4_StateSignal_XLE,0.0,0.0,1.0,1.0,0.0,0.0,0.0,0.0
2022-09-29 20:00:00+00:00,20260124_212136_37b3f2b4_StateSignal_XLE,0.0,0.0,1.0,1.0,0.0,0.0,0.0,0.0
2022-09-30 20:00:00+00:00,20260124_212136_37b3f2b4_StateSignal_XLE,0.0,0.0,1.0,1.0,0.0,0.0,0.0,0.0
2022-10-03 20:00:00+00:00,20260124_212136_37b3f2b4_StateSignal_XLE,0.0,0.0,1.0,1.0,0.0,0.0,0.0,0.0
2022-10-04 20:00:00+00:00,20260124_212136_37b3f2b4_StateSignal_XLE,0.0,0.0,1.0,1.0,0.0,0.0,0.0,0.0
2022-10-05 20:00:00+00:00,20260124_212136_37b3f2b4_StateSignal_XLE,0.0,0.0,1.0,1.0,0.0,0.0,0.0,0.0
2022-10-06 20:00:00+00:00,20260124_212136_37b3f2b4_StateSignal_XLE,0.0,0.0,1.0,1.0,0.0,0.0,0.0,0.0
2022-10-07 20:00:00+00:00,20260124_212136_37b3f2b4_StateSignal_XLE,0.0,0.0,1.0,1.0,0.0,0.0,0.0,-0.0
2022-10-10 20:00:00+00:00,20260124_212136_37b3f2b4_StateSignal_XLE,0.0,0.0,1.0,1.0,0.0,0.0,0.0,-0.0
2022-10-11 20:00:00+00:00,20260124_212136_37b3f2b4_StateSignal_XLE,0.0,0.0,1.0,1.0,0.0,0.0,0.0,0.0
2022-10-12 20:00:00+00:00,20260124_212136_37b3f2b4_StateSignal_XLE,0.0,0.0,1.0,1.0,0.0,0.0,0.0,0.0
2022-10-13 20:00:00+00:00,20260124_212136_37b3f2b4_StateSignal_XLE,0.0,0.0,1.0,1.0,0.0,0.0,0.0,0.0
2022-10-14 20:00:00+00:00,20260124_212136_37b3f2b4_StateSignal_XLE,0.0,0.0,1.0,1.0,0.0,0.0,0.0,-0.0
2022-10-17 20:00:00+00:00,20260124_212136_37b3f2b4_StateSignal_XLE,0.0,0.0,1.0,1.0,0.0,0.0,0.0,0.0
2022-10-18 20:00:00+00:00,20260124_212136_37b3f2b4_StateSignal_XLE,0.0,0.0,1.0,1.0,0.0,0.0,0.0,-0.0
2022-10-19 20:00:00+00:00,20260124_212136_37b3f2b4_StateSignal_XLE,0.0,0.0,1.0,1.0,0.0,0.0,0.0,0.0
2022-10-20 20:00:00+00:00,20260124_212136_37b3f2b4_StateSignal_XLE,0.0,0.0,1.0,1.0,0.0,0.0,0.0,-0.0
2022-10-21 20:00:00+00:00,20260124_212136_37b3f2b4_StateSignal_XLE,0.0,0.0,1.0,1.0,0.0,0.0,0.0,0.0
2022-10-24 20:00:00+00:00,20260124_212136_37b3f2b4_StateSignal_XLE,0.0,0.0,1.0,1.0,0.0,0.0,0.0,0.0
2022-10-25 20:00:00+00:00,20260124_212136_37b3f2b4_StateSignal_XLE,0.0,0.0,1.0,1.0,0.0,0.0,0.0,0.0
2022-10-26 20:00:00+00:00,20260124_212136_37b3f2b4_StateSignal_XLE,0.0,0.0,1.0,1.0,0.0,0.0,0.0,0.0
2022-10-27 20:00:00+00:00,20260124_212136_37b3f2b4_StateSignal_XLE,0.0,0.0,1.0,1.0,0.0,0.0,0.0,0.0
2022-10-28 20:00:00+00:00,20260124_212136_37b3f2b4_StateSignal_XLE,0.0,0.0,1.0,1.0,0.0,0.0,0.0,0.0
2022-10-31 20:00:00+00:00,20260124_212136_37b3f2b4_StateSignal_XLE,0.0,0.0,1.0,1.0,0.0,0.0,0.0,-0.0
2022-11-01 20:00:00+00:00,20260124_212136_37b3f2b4_StateSignal_XLE,0.0,0.0,1.0,1.0,0.0,0.0,0.0,-0.0
2022-11-02 20:00:00+00:00,20260124_212136_37b3f2b4_StateSignal_XLE,0.0,0.0,1.0,1.0,0.0,0.0,0.0,-0.0
2022-11-03 20:00:00+00:00,20260124_212136_37b3f2b4_StateSignal_XLE,0.0,0.0,1.0,1.0,0.0,0.0,0.0,0.0
2022-11-04 20:00:00+00:00,20260124_212136_37b3f2b4_StateSignal_XLE,0.0,0.0,1.0,1.0,0.0,0.0,0.0,-0.0
2022-11-07 21:00:00+00:00,20260124_212136_37b3f2b4_StateSignal_XLE,0.0,0.0,1.0,1.0,0.0,0.0,0.0,0.0
2022-11-08 21:00:00+00:00,20260124_212136_37b3f2b4_StateSignal_XLE,0.0,0.0,1.0,1.0,0.0,0.0,0.0,0.0
2022-11-09 21:00:00+00:00,20260124_212136_37b3f2b4_StateSignal_XLE,0.0,0.0,1.0,1.0,0.0,0.0,0.0,-0.0
2022-11-10 21:00:00+00:00,20260124_212136_37b3f2b4_StateSignal_XLE,0.0,0.0,1.0,1.0,0.0,0.0,0.0,0.0
2022-11-11 21:00:00+00:00,20260124_212136_37b3f2b4_StateSignal_XLE,0.0,0.0,1.0,1.0,0.0,0.0,0.0,0.0
2022-11-14 21:00:00+00:00,20260124_212136_37b3f2b4_StateSignal_XLE,0.0,0.0,1.0,1.0,0.0,0.0,0.0,-0.0
2022-11-15 21:00:00+00:00,20260124_212136_37b3f2b4_StateSignal_XLE,0.0,0.0,1.0,1.0,0.0,0.0,0.0,0.0
2022-11-16 21:00:00+00:00,20260124_212136_37b3f2b4_StateSignal_XLE,0.0,0.0,1.0,1.0,0.0,0.0,0.0,-0.0
2022-11-17 21:00:00+00:00,20260124_212136_37b3f2b4_StateSignal_XLE,0.0,0.0,1.0,1.0,0.0,0.0,0.0,0.0
2022-11-18 21:00:00+00:00,20260124_212136_37b3f2b4_StateSignal_XLE,0.0,0.0,1.0,1.0,0.0,0.0,0.0,-0.0
2022-11-21 21:00:00+00:00,20260124_212136_37b3f2b4_StateSignal_XLE,0.0,0.0,1.0,1.0,0.0,0.0,0.0,-0.0
2022-11-22 21:00:00+00:00,20260124_212136_37b3f2b4_StateSignal_XLE,0.0,0.0,1.0,1.0,0.0,0.0,0.0,0.0
2022-11-23 21:00:00+00:00,20260124_212136_37b3f2b4_StateSignal_XLE,0.0,0.0,1.0,1.0,0.0,0.0,0.0,-0.0
2022-11-25 21:00:00+00:00,20260124_212136_37b3f2b4_StateSignal_XLE,0.0,0.0,1.0,1.0,0.0,0.0,0.0,-0.0
2022-11-28 21:00:00+00:00,20260124_212136_37b3f2b4_StateSignal_XLE,0.0,0.0,1.0,1.0,0.0,0.0,0.0,-0.0
2022-11-29 21:00:00+00:00,20260124_212136_37b3f2b4_StateSignal_XLE,0.0,0.0,1.0,1.0,0.0,0.0,0.0,0.0
2022-11-30 21:00:00+00:00,20260124_212136_37b3f2b4_StateSignal_XLE,0.0,0.0,1.0,1.0,0.0,0.0,0.0,-0.0
2022-12-01 21:00:00+00:00,20260124_212136_37b3f2b4_StateSignal_XLE,0.0,0.0,1.0,1.0,0.0,0.0,0.0,-0.0
2022-12-02 21:00:00+00:00,20260124_212136_37b3f2b4_StateSignal_XLE,0.0,0.0,1.0,1.0,0.0,0.0,0.0,-0.0
2022-12-05 21:00:00+00:00,20260124_212136_37b3f2b4_StateSignal_XLE,0.0,0.0,1.0,1.0,0.0,0.0,0.0,-0.0
2022-12-06 21:00:00+00:00,20260124_212136_37b3f2b4_StateSignal_XLE,0.0,0.0,1.0,1.0,0.0,0.0,0.0,-0.0
2022-12-07 21:00:00+00:00,20260124_212136_37b3f2b4_StateSignal_XLE,0.0,0.0,1.0,1.0,0.0,0.0,0.0,-0.0
2022-12-08 21:00:00+00:00,20260124_212136_37b3f2b4_StateSignal_XLE,0.0,0.0,1.0,1.0,0.0,0.0,0.0,-0.0
2022-12-09 21:00:00+00:00,20260124_212136_37b3f2b4_StateSignal_XLE,0.0,0.0,1.0,1.0,0.0,0.0,0.0,-0.0
2022-12-12 21:00:00+00:00,20260124_212136_37b3f2b4_StateSignal_XLE,0.0,0.0,1.0,1.0,0.0,0.0,0.0,0.0
2022-12-13 21:00:00+00:00,20260124_212136_37b3f2b4_StateSignal_XLE,0.0,0.0,1.0,1.0,0.0,0.0,0.0,-0.0
2022-12-14 21:00:00+00:00,20260124_212136_37b3f2b4_StateSignal_XLE,0.0,0.0,1.0,1.0,0.0,0.0,0.0,-0.0
2022-12-15 21:00:00+00:00,20260124_212136_37b3f2b4_StateSignal_XLE,0.0,0.0,1.0,1.0,0.0,0.0,0.0,0.0
2022-12-16 21:00:00+00:00,20260124_212136_37b3f2b4_StateSignal_XLE,0.0,0.0,1.0,1.0,0.0,0.0,0.0,0.0
2022-12-19 21:00:00+00:00,20260124_212136_37b3f2b4_StateSignal_XLE,0.0,0.0,1.0,1.0,0.0,0.0,0.0,-0.0
2022-12-20 21:00:00+00:00,20260124_212136_37b3f2b4_StateSignal_XLE,0.0,0.0,1.0,1.0,0.0,0.0,0.0,0.0
2022-12-21 21:00:00+00:00,20260124_212136_37b3f2b4_StateSignal_XLE,0.0,0.0,1.0,1.0,0.0,0.0,0.0,0.0
2022-12-22 21:00:00+00:00,20260124_212136_37b3f2b4_StateSignal_XLE,0.0,0.0,1.0,1.0,0.0,0.0,0.0,-0.0
2022-12-23 21:00:00+00:00,20260124_212136_37b3f2b4_StateSignal_XLE,0.0,0.0,1.0,1.0,0.0,0.0,0.0,0.0
2022-12-27 21:00:00+00:00,20260124_212136_37b3f2b4_StateSignal_XLE,0.0,0.0,1.0,1.0,0.0,0.0,0.0,0.0
2022-12-28 21:00:00+00:00,20260124_212136_37b3f2b4_StateSignal_XLE,0.0,0.0,1.0,1.0,0.0,0.0,0.0,-0.0
2022-12-29 21:00:00+00:00,20260124_212136_37b3f2b4_StateSignal_XLE,0.0,0.0,1.0,1.0,0.0,0.0,0.0,0.0
2022-12-30 21:00:00+00:00,20260124_212136_37b3f2b4_StateSignal_XLE,0.0,0.0,1.0,1.0,0.0,0.0,0.0,0.0
2023-01-03 21:00:00+00:00,20260124_212136_37b3f2b4_StateSignal_XLE,0.0,0.0,1.0,1.0,0.0,0.0,0.0,-0.0
2023-01-04 21:00:00+00:00,20260124_212136_37b3f2b4_StateSignal_XLE,0.0,0.0,1.0,1.0,0.0,0.0,0.0,0.0
2023-01-05 21:00:00+00:00,20260124_212136_37b3f2b4_StateSignal_XLE,0.0,0.0,1.0,1.0,0.0,0.0,0.0,0.0
2023-01-06 21:00:00+00:00,20260124_212136_37b3f2b4_StateSignal_XLE,0.0,0.0,1.0,1.0,0.0,0.0,0.0,-0.0
2023-01-09 21:00:00+00:00,20260124_212136_37b3f2b4_StateSignal_XLE,0.0,0.0,1.0,1.0,0.0,0.0,0.0,-0.0
2023-01-10 21:00:00+00:00,20260124_212136_37b3f2b4_StateSignal_XLE,0.0,0.0,1.0,1.0,0.0,0.0,0.0,0.0
2023-01-11 21:00:00+00:00,20260124_212136_37b3f2b4_StateSignal_XLE,0.0,0.0,1.0,1.0,0.0,0.0,0.0,-0.0
2023-01-12 21:00:00+00:00,20260124_212136_37b3f2b4_StateSignal_XLE,0.0,0.0,1.0,1.0,0.0,0.0,0.0,0.0
2023-01-13 21:00:00+00:00,20260124_212136_37b3f2b4_StateSignal_XLE,0.0,0.0,1.0,1.0,0.0,0.0,0.0,0.0
2023-01-17 21:00:00+00:00,20260124_212136_37b3f2b4_StateSignal_XLE,0.0,0.0,1.0,1.0,0.0,0.0,0.0,-0.0
2023-01-18 21:00:00+00:00,20260124_212136_37b3f2b4_StateSignal_XLE,0.0,0.0,1.0,1.0,0.0,0.0,0.0,-0.0
2023-01-19 21:00:00+00:00,20260124_212136_37b3f2b4_StateSignal_XLE,0.0,0.0,1.0,1.0,0.0,0.0,0.0,0.0
2023-01-20 21:00:00+00:00,20260124_212136_37b3f2b4_StateSignal_XLE,0.0,0.0,1.0,1.0,0.0,0.0,0.0,0.0
2023-01-23 21:00:00+00:00,20260124_212136_37b3f2b4_StateSignal_XLE,0.0,0.0,1.0,1.0,0.0,0.0,0.0,-0.0
2023-01-24 21:00:00+00:00,20260124_212136_37b3f2b4_StateSignal_XLE,0.0,0.0,1.0,1.0,0.0,0.0,0.0,0.0
2023-01-25 21:00:00+00:00,20260124_212136_37b3f2b4_StateSignal_XLE,0.0,0.0,1.0,1.0,0.0,0.0,0.0,0.0
2023-01-26 21:00:00+00:00,20260124_212136_37b3f2b4_StateSignal_XLE,0.0,0.0,1.0,1.0,0.0,0.0,0.0,0.0
2023-01-27 21:00:00+00:00,20260124_212136_37b3f2b4_StateSignal_XLE,0.0,0.0,1.0,1.0,0.0,0.0,0.0,-0.0
2023-01-30 21:00:00+00:00,20260124_212136_37b3f2b4_StateSignal_XLE,0.0,0.0,1.0,1.0,0.0,0.0,0.0,-0.0
2023-01-31 21:00:00+00:00,20260124_212136_37b3f2b4_StateSignal_XLE,0.0,0.0,1.0,1.0,0.0,0.0,0.0,0.0
2023-02-01 21:00:00+00:00,20260124_212136_37b3f2b4_StateSignal_XLE,0.0,0.0,1.0,1.0,0.0,0.0,0.0,-0.0
2023-02-02 21:00:00+00:00,20260124_212136_37b3f2b4_StateSignal_XLE,0.0,0.0,1.0,1.0,0.0,0.0,0.0,-0.0
2023-02-03 21:00:00+00:00,20260124_212136_37b3f2b4_StateSignal_XLE,0.0,0.0,1.0,1.0,0.0,0.0,0.0,-0.0
2023-02-06 21:00:00+00:00,20260124_212136_37b3f2b4_StateSignal_XLE,0.0,0.0,1.0,1.0,0.0,0.0,0.0,-0.0
2023-02-07 21:00:00+00:00,20260124_212136_37b3f2b4_StateSignal_XLE,0.0,0.0,1.0,1.0,0.0,0.0,0.0,0.0
2023-02-08 21:00:00+00:00,20260124_212136_37b3f2b4_StateSignal_XLE,0.0,0.0,1.0,1.0,0.0,0.0,0.0,-0.0
2023-02-09 21:00:00+00:00,20260124_212136_37b3f2b4_StateSignal_XLE,0.0,0.0,1.0,1.0,0.0,0.0,0.0,-0.0
2023-02-10 21:00:00+00:00,20260124_212136_37b3f2b4_StateSignal_XLE,0.0,0.0,1.0,1.0,0.0,0.0,0.0,0.0
2023-02-13 21:00:00+00:00,20260124_212136_37b3f2b4_StateSignal_XLE,0.0,0.0,1.0,1.0,0.0,0.0,0.0,0.0
2023-02-14 21:00:00+00:00,20260124_212136_37b3f2b4_StateSignal_XLE,0.0,0.0,1.0,1.0,0.0,0.0,0.0,0.0
2023-02-15 21:00:00+00:00,20260124_212136_37b3f2b4_StateSignal_XLE,0.0,0.0,1.0,1.0,0.0,0.0,0.0,0.0
2023-02-16 21:00:00+00:00,20260124_212136_37b3f2b4_StateSignal_XLE,0.0,0.0,1.0,1.0,0.0,0.0,0.0,-0.0
2023-02-17 21:00:00+00:00,20260124_212136_37b3f2b4_StateSignal_XLE,0.0,0.0,1.0,1.0,0.0,0.0,0.0,-0.0
2023-02-21 21:00:00+00:00,20260124_212136_37b3f2b4_StateSignal_XLE,0.0,0.0,1.0,1.0,0.0,0.0,0.0,-0.0
2023-02-22 21:00:00+00:00,20260124_212136_37b3f2b4_StateSignal_XLE,0.0,0.0,1.0,1.0,0.0,0.0,0.0,-0.0
2023-02-23 21:00:00+00:00,20260124_212136_37b3f2b4_StateSignal_XLE,0.0,0.0,1.0,1.0,0.0,0.0,0.0,0.0
2023-02-24 21:00:00+00:00,20260124_212136_37b3f2b4_StateSignal_XLE,0.0,0.0,1.0,1.0,0.0,0.0,0.0,0.0
2023-02-27 21:00:00+00:00,20260124_212136_37b3f2b4_StateSignal_XLE,0.0,0.0,1.0,1.0,0.0,0.0,0.0,0.0
2023-02-28 21:00:00+00:00,20260124_212136_37b3f2b4_StateSignal_XLE,0.0,0.0,1.0,1.0,0.0,0.0,0.0,-0.0
2023-03-01 21:00:00+00:00,20260124_212136_37b3f2b4_StateSignal_XLE,0.0,0.0,1.0,1.0,0.0,0.0,0.0,0.0
2023-03-02 21:00:00+00:00,20260124_212136_37b3f2b4_StateSignal_XLE,0.0,0.0,1.0,1.0,0.0,0.0,0.0,0.0
2023-03-03 21:00:00+00:00,20260124_212136_37b3f2b4_StateSignal_XLE,0.0,0.0,1.0,1.0,0.0,0.0,0.0,0.0
2023-03-06 21:00:00+00:00,20260124_212136_37b3f2b4_StateSignal_XLE,0.0,0.0,1.0,1.0,0.0,0.0,0.0,0.0
2023-03-07 21:00:00+00:00,20260124_212136_37b3f2b4_StateSignal_XLE,0.0,0.0,1.0,1.0,0.0,0.0,0.0,-0.0
2023-03-08 21:00:00+00:00,20260124_212136_37b3f2b4_StateSignal_XLE,0.0,0.0,1.0,1.0,0.0,0.0,0.0,-0.0
2023-03-09 21:00:00+00:00,20260124_212136_37b3f2b4_StateSignal_XLE,0.0,0.0,1.0,1.0,0.0,0.0,0.0,-0.0
2023-03-10 21:00:00+00:00,20260124_212136_37b3f2b4_StateSignal_XLE,0.0,0.0,1.0,1.0,0.0,0.0,0.0,-0.0
2023-03-13 20:00:00+00:00,20260124_212136_37b3f2b4_StateSignal_XLE,0.0,0.0,1.0,1.0,0.0,0.0,0.0,0.0
2023-03-14 20:00:00+00:00,20260124_212136_37b3f2b4_StateSignal_XLE,0.0,0.0,1.0,1.0,0.0,0.0,0.0,-0.0
2023-03-15 20:00:00+00:00,20260124_212136_37b3f2b4_StateSignal_XLE,0.0,0.0,1.0,1.0,0.0,0.0,0.0,-0.0
2023-03-16 20:00:00+00:00,20260124_212136_37b3f2b4_StateSignal_XLE,0.0,0.0,1.0,1.0,0.0,0.0,0.0,0.0
2023-03-17 20:00:00+00:00,20260124_212136_37b3f2b4_StateSignal_XLE,0.0,0.0,1.0,1.0,0.0,0.0,0.0,-0.0
2023-03-20 20:00:00+00:00,20260124_212136_37b3f2b4_StateSignal_XLE,0.0,0.0,1.0,1.0,0.0,0.0,0.0,0.0
2023-03-21 20:00:00+00:00,20260124_212136_37b3f2b4_StateSignal_XLE,0.0,0.0,1.0,1.0,0.0,0.0,0.0,0.0
2023-03-22 20:00:00+00:00,20260124_212136_37b3f2b4_StateSignal_XLE,0.0,0.0,1.0,1.0,0.0,0.0,0.0,-0.0
2023-03-23 20:00:00+00:00,20260124_212136_37b3f2b4_StateSignal_XLE,0.0,0.0,1.0,1.0,0.0,0.0,0.0,-0.0
2023-03-24 20:00:00+00:00,20260124_212136_37b3f2b4_StateSignal_XLE,0.0,0.0,1.0,1.0,0.0,0.0,0.0,0.0
2023-03-27 20:00:00+00:00,20260124_212136_37b3f2b4_StateSignal_XLE,0.0,0.0,1.0,1.0,0.0,0.0,0.0,0.0
2023-03-28 20:00:00+00:00,20260124_212136_37b3f2b4_StateSignal_XLE,0.0,0.0,1.0,1.0,0.0,0.0,0.0,0.0
2023-03-29 20:00:00+00:00,20260124_212136_37b3f2b4_StateSignal_XLE,0.0,0.0,1.0,1.0,0.0,0.0,0.0,0.0
2023-03-30 20:00:00+00:00,20260124_212136_37b3f2b4_StateSignal_XLE,0.0,0.0,1.0,1.0,0.0,0.0,0.0,-0.0
2023-03-31 20:00:00+00:00,20260124_212136_37b3f2b4_StateSignal_XLE,0.0,0.0,1.0,1.0,0.0,0.0,0.0,0.0
2023-04-03 20:00:00+00:00,20260124_212136_37b3f2b4_StateSignal_XLE,0.0,0.0,1.0,1.0,0.0,0.0,0.0,-0.0
2023-04-04 20:00:00+00:00,20260124_212136_37b3f2b4_StateSignal_XLE,0.0,0.0,1.0,1.0,0.0,0.0,0.0,-0.0
2023-04-05 20:00:00+00:00,20260124_212136_37b3f2b4_StateSignal_XLE,0.0,0.0,1.0,1.0,0.0,0.0,0.0,0.0
2023-04-06 20:00:00+00:00,20260124_212136_37b3f2b4_StateSignal_XLE,0.0,0.0,1.0,1.0,0.0,0.0,0.0,-0.0
2023-04-10 20:00:00+00:00,20260124_212136_37b3f2b4_StateSignal_XLE,0.0,0.0,1.0,1.0,0.0,0.0,0.0,-0.0
2023-04-11 20:00:00+00:00,20260124_212136_37b3f2b4_StateSignal_XLE,0.0,0.0,1.0,1.0,0.0,0.0,0.0,0.0
2023-04-12 20:00:00+00:00,20260124_212136_37b3f2b4_StateSignal_XLE,0.0,0.0,1.0,1.0,0.0,0.0,0.0,-0.0
2023-04-13 20:00:00+00:00,20260124_212136_37b3f2b4_StateSignal_XLE,0.0,0.0,1.0,1.0,0.0,0.0,0.0,0.0
2023-04-14 20:00:00+00:00,20260124_212136_37b3f2b4_StateSignal_XLE,0.0,0.0,1.0,1.0,0.0,0.0,0.0,-0.0
2023-04-17 20:00:00+00:00,20260124_212136_37b3f2b4_StateSignal_XLE,0.0,0.0,1.0,1.0,0.0,0.0,0.0,-0.0
2023-04-18 20:00:00+00:00,20260124_212136_37b3f2b4_StateSignal_XLE,0.0,0.0,1.0,1.0,0.0,0.0,0.0,0.0
2023-04-19 20:00:00+00:00,20260124_212136_37b3f2b4_StateSignal_XLE,0.0,0.0,1.0,1.0,0.0,0.0,0.0,0.0
2023-04-20 20:00:00+00:00,20260124_212136_37b3f2b4_StateSignal_XLE,0.0,0.0,1.0,1.0,0.0,0.0,0.0,0.0
2023-04-21 20:00:00+00:00,20260124_212136_37b3f2b4_StateSignal_XLE,0.0,0.0,1.0,1.0,0.0,0.0,0.0,-0.0
2023-04-24 20:00:00+00:00,20260124_212136_37b3f2b4_StateSignal_XLE,0.0,0.0,1.0,1.0,0.0,0.0,0.0,0.0
2023-04-25 20:00:00+00:00,20260124_212136_37b3f2b4_StateSignal_XLE,0.0,0.0,1.0,1.0,0.0,0.0,0.0,-0.0
2023-04-26 20:00:00+00:00,20260124_212136_37b3f2b4_StateSignal_XLE,0.0,0.0,1.0,1.0,0.0,0.0,0.0,-0.0
2023-04-27 20:00:00+00:00,20260124_212136_37b3f2b4_StateSignal_XLE,0.0,0.0,1.0,1.0,0.0,0.0,0.0,0.0
2023-04-28 20:00:00+00:00,20260124_212136_37b3f2b4_StateSignal_XLE,0.0,0.0,1.0,1.0,0.0,0.0,0.0,0.0
2023-05-01 20:00:00+00:00,20260124_212136_37b3f2b4_StateSignal_XLE,0.0,0.0,1.0,1.0,0.0,0.0,0.0,-0.0
2023-05-02 20:00:00+00:00,20260124_212136_37b3f2b4_StateSignal_XLE,0.0,0.0,1.0,1.0,0.0,0.0,0.0,-0.0
2023-05-03 20:00:00+00:00,20260124_212136_37b3f2b4_StateSignal_XLE,0.0,0.0,1.0,1.0,0.0,0.0,0.0,-0.0
2023-05-04 20:00:00+00:00,20260124_212136_37b3f2b4_StateSignal_XLE,0.0,0.0,1.0,1.0,0.0,0.0,0.0,-0.0
2023-05-05 20:00:00+00:00,20260124_212136_37b3f2b4_StateSignal_XLE,0.0,0.0,1.0,1.0,0.0,0.0,0.0,-0.0
2023-05-08 20:00:00+00:00,20260124_212136_37b3f2b4_StateSignal_XLE,0.0,0.0,1.0,1.0,0.0,0.0,0.0,-0.0
2023-05-09 20:00:00+00:00,20260124_212136_37b3f2b4_StateSignal_XLE,0.0,0.0,1.0,1.0,0.0,0.0,0.0,-0.0
2023-05-10 20:00:00+00:00,20260124_212136_37b3f2b4_StateSignal_XLE,0.0,0.0,1.0,1.0,0.0,0.0,0.0,-0.0
2023-05-11 20:00:00+00:00,20260124_212136_37b3f2b4_StateSignal_XLE,0.0,0.0,1.0,1.0,0.0,0.0,0.0,-0.0
2023-05-12 20:00:00+00:00,20260124_212136_37b3f2b4_StateSignal_XLE,0.0,0.0,1.0,1.0,0.0,0.0,0.0,-0.0
2023-05-15 20:00:00+00:00,20260124_212136_37b3f2b4_StateSignal_XLE,0.0,0.0,1.0,1.0,0.0,0.0,0.0,0.0
2023-05-16 20:00:00+00:00,20260124_212136_37b3f2b4_StateSignal_XLE,0.0,0.0,1.0,1.0,0.0,0.0,0.0,-0.0
2023-05-17 20:00:00+00:00,20260124_212136_37b3f2b4_StateSignal_XLE,0.0,0.0,1.0,1.0,0.0,0.0,0.0,0.0
2023-05-18 20:00:00+00:00,20260124_212136_37b3f2b4_StateSignal_XLE,0.0,0.0,1.0,1.0,0.0,0.0,0.0,0.0
2023-05-19 20:00:00+00:00,20260124_212136_37b3f2b4_StateSignal_XLE,0.0,0.0,1.0,1.0,0.0,0.0,0.0,-0.0
2023-05-22 20:00:00+00:00,20260124_212136_37b3f2b4_StateSignal_XLE,0.0,0.0,1.0,1.0,0.0,0.0,0.0,-0.0
2023-05-23 20:00:00+00:00,20260124_212136_37b3f2b4_StateSignal_XLE,0.0,0.0,1.0,1.0,0.0,0.0,0.0,0.0
2023-05-24 20:00:00+00:00,20260124_212136_37b3f2b4_StateSignal_XLE,0.0,0.0,1.0,1.0,0.0,0.0,0.0,-0.0
2023-05-25 20:00:00+00:00,20260124_212136_37b3f2b4_StateSignal_XLE,0.0,0.0,1.0,1.0,0.0,0.0,0.0,0.0
2023-05-26 20:00:00+00:00,20260124_212136_37b3f2b4_StateSignal_XLE,0.0,0.0,1.0,1.0,0.0,0.0,0.0,-0.0
2023-05-30 20:00:00+00:00,20260124_212136_37b3f2b4_StateSignal_XLE,0.0,0.0,1.0,1.0,0.0,0.0,0.0,0.0
2023-05-31 20:00:00+00:00,20260124_212136_37b3f2b4_StateSignal_XLE,0.0,0.0,1.0,1.0,0.0,0.0,0.0,-0.0
2023-06-01 20:00:00+00:00,20260124_212136_37b3f2b4_StateSignal_XLE,0.0,0.0,1.0,1.0,0.0,0.0,0.0,0.0
2023-06-02 20:00:00+00:00,20260124_212136_37b3f2b4_StateSignal_XLE,0.0,0.0,1.0,1.0,0.0,0.0,0.0,0.0
2023-06-05 20:00:00+00:00,20260124_212136_37b3f2b4_StateSignal_XLE,0.0,0.0,1.0,1.0,0.0,0.0,0.0,-0.0
2023-06-06 20:00:00+00:00,20260124_212136_37b3f2b4_StateSignal_XLE,0.0,0.0,1.0,1.0,0.0,0.0,0.0,0.0
2023-06-07 20:00:00+00:00,20260124_212136_37b3f2b4_StateSignal_XLE,0.0,0.0,1.0,1.0,0.0,0.0,0.0,0.0
2023-06-08 20:00:00+00:00,20260124_212136_37b3f2b4_StateSignal_XLE,0.0,0.0,1.0,1.0,0.0,0.0,0.0,-0.0
2023-06-09 20:00:00+00:00,20260124_212136_37b3f2b4_StateSignal_XLE,0.0,0.0,1.0,1.0,0.0,0.0,0.0,-0.0
2023-06-12 20:00:00+00:00,20260124_212136_37b3f2b4_StateSignal_XLE,0.0,0.0,1.0,1.0,0.0,0.0,0.0,-0.0
2023-06-13 20:00:00+00:00,20260124_212136_37b3f2b4_StateSignal_XLE,0.0,0.0,1.0,1.0,0.0,0.0,0.0,-0.0
2023-06-14 20:00:00+00:00,20260124_212136_37b3f2b4_StateSignal_XLE,0.0,0.0,1.0,1.0,0.0,0.0,0.0,-0.0
2023-06-15 20:00:00+00:00,20260124_212136_37b3f2b4_StateSignal_XLE,0.0,0.0,1.0,1.0,0.0,0.0,0.0,-0.0
2023-06-16 20:00:00+00:00,20260124_212136_37b3f2b4_StateSignal_XLE,0.0,0.0,1.0,1.0,0.0,0.0,0.0,-0.0
2023-06-20 20:00:00+00:00,20260124_212136_37b3f2b4_StateSignal_XLE,0.0,0.0,1.0,1.0,0.0,0.0,0.0,-0.0
2023-06-21 20:00:00+00:00,20260124_212136_37b3f2b4_StateSignal_XLE,0.0,0.0,1.0,1.0,0.0,0.0,0.0,0.0
2023-06-22 20:00:00+00:00,20260124_212136_37b3f2b4_StateSignal_XLE,0.0,0.0,1.0,1.0,0.0,0.0,0.0,0.0
2023-06-23 20:00:00+00:00,20260124_212136_37b3f2b4_StateSignal_XLE,0.0,0.0,1.0,1.0,0.0,0.0,0.0,0.0
2023-06-26 20:00:00+00:00,20260124_212136_37b3f2b4_StateSignal_XLE,0.0,0.0,1.0,1.0,0.0,0.0,0.0,0.0
2023-06-27 20:00:00+00:00,20260124_212136_37b3f2b4_StateSignal_XLE,0.0,0.0,1.0,1.0,0.0,0.0,0.0,0.0
2023-06-28 20:00:00+00:00,20260124_212136_37b3f2b4_StateSignal_XLE,0.0,0.0,1.0,1.0,0.0,0.0,0.0,0.0
2023-06-29 20:00:00+00:00,20260124_212136_37b3f2b4_StateSignal_XLE,0.0,0.0,1.0,1.0,0.0,0.0,0.0,0.0
2023-06-30 20:00:00+00:00,20260124_212136_37b3f2b4_StateSignal_XLE,0.0,0.0,1.0,1.0,0.0,0.0,0.0,0.0
2023-07-03 20:00:00+00:00,20260124_212136_37b3f2b4_StateSignal_XLE,0.0,0.0,1.0,1.0,0.0,0.0,0.0,-0.0
2023-07-05 20:00:00+00:00,20260124_212136_37b3f2b4_StateSignal_XLE,0.0,0.0,1.0,1.0,0.0,0.0,0.0,-0.0
2023-07-06 20:00:00+00:00,20260124_212136_37b3f2b4_StateSignal_XLE,0.0,0.0,1.0,1.0,0.0,0.0,0.0,-0.0
2023-07-07 20:00:00+00:00,20260124_212136_37b3f2b4_StateSignal_XLE,0.0,0.0,1.0,1.0,0.0,0.0,0.0,0.0
2023-07-10 20:00:00+00:00,20260124_212136_37b3f2b4_StateSignal_XLE,0.0,0.0,1.0,1.0,0.0,0.0,0.0,0.0
2023-07-11 20:00:00+00:00,20260124_212136_37b3f2b4_StateSignal_XLE,0.0,0.0,1.0,1.0,0.0,0.0,0.0,0.0
2023-07-12 20:00:00+00:00,20260124_212136_37b3f2b4_StateSignal_XLE,0.0,0.0,1.0,1.0,0.0,0.0,0.0,-0.0
2023-07-13 20:00:00+00:00,20260124_212136_37b3f2b4_StateSignal_XLE,0.0,0.0,1.0,1.0,0.0,0.0,0.0,-0.0
2023-07-14 20:00:00+00:00,20260124_212136_37b3f2b4_StateSignal_XLE,0.0,0.0,1.0,1.0,0.0,0.0,0.0,-0.0
2023-07-17 20:00:00+00:00,20260124_212136_37b3f2b4_StateSignal_XLE,0.0,0.0,1.0,1.0,0.0,0.0,0.0,0.0
2023-07-18 20:00:00+00:00,20260124_212136_37b3f2b4_StateSignal_XLE,0.0,0.0,1.0,1.0,0.0,0.0,0.0,0.0
2023-07-19 20:00:00+00:00,20260124_212136_37b3f2b4_StateSignal_XLE,0.0,0.0,1.0,1.0,0.0,0.0,0.0,-0.0
2023-07-20 20:00:00+00:00,20260124_212136_37b3f2b4_StateSignal_XLE,0.0,0.0,1.0,1.0,0.0,0.0,0.0,0.0
2023-07-21 20:00:00+00:00,20260124_212136_37b3f2b4_StateSignal_XLE,0.0,0.0,1.0,1.0,0.0,0.0,0.0,0.0
2023-07-24 20:00:00+00:00,20260124_212136_37b3f2b4_StateSignal_XLE,0.0,0.0,1.0,1.0,0.0,0.0,0.0,0.0
2023-07-25 20:00:00+00:00,20260124_212136_37b3f2b4_StateSignal_XLE,0.0,0.0,1.0,1.0,0.0,0.0,0.0,0.0
2023-07-26 20:00:00+00:00,20260124_212136_37b3f2b4_StateSignal_XLE,0.0,0.0,1.0,1.0,0.0,0.0,0.0,0.0
2023-07-27 20:00:00+00:00,20260124_212136_37b3f2b4_StateSignal_XLE,0.0,0.0,1.0,1.0,0.0,0.0,0.0,-0.0
2023-07-28 20:00:00+00:00,20260124_212136_37b3f2b4_StateSignal_XLE,0.0,0.0,1.0,1.0,0.0,0.0,0.0,0.0
2023-07-31 20:00:00+00:00,20260124_212136_37b3f2b4_StateSignal_XLE,0.0,0.0,1.0,1.0,0.0,0.0,0.0,0.0
2023-08-01 20:00:00+00:00,20260124_212136_37b3f2b4_StateSignal_XLE,0.0,0.0,1.0,1.0,0.0,0.0,0.0,0.0
2023-08-02 20:00:00+00:00,20260124_212136_37b3f2b4_StateSignal_XLE,0.0,0.0,1.0,1.0,0.0,0.0,0.0,-0.0
2023-08-03 20:00:00+00:00,20260124_212136_37b3f2b4_StateSignal_XLE,0.0,0.0,1.0,1.0,0.0,0.0,0.0,0.0
2023-08-04 20:00:00+00:00,20260124_212136_37b3f2b4_StateSignal_XLE,0.0,0.0,1.0,1.0,0.0,0.0,0.0,-0.0
2023-08-07 20:00:00+00:00,20260124_212136_37b3f2b4_StateSignal_XLE,0.0,0.0,1.0,1.0,0.0,0.0,0.0,-0.0
2023-08-08 20:00:00+00:00,20260124_212136_37b3f2b4_StateSignal_XLE,0.0,0.0,1.0,1.0,0.0,0.0,0.0,0.0
2023-08-09 20:00:00+00:00,20260124_212136_37b3f2b4_StateSignal_XLE,0.0,0.0,1.0,1.0,0.0,0.0,0.0,0.0
2023-08-10 20:00:00+00:00,20260124_212136_37b3f2b4_StateSignal_XLE,0.0,0.0,1.0,1.0,0.0,0.0,0.0,-0.0
2023-08-11 20:00:00+00:00,20260124_212136_37b3f2b4_StateSignal_XLE,0.0,0.0,1.0,1.0,0.0,0.0,0.0,0.0
2023-08-14 20:00:00+00:00,20260124_212136_37b3f2b4_StateSignal_XLE,0.0,0.0,1.0,1.0,0.0,0.0,0.0,0.0
2023-08-15 20:00:00+00:00,20260124_212136_37b3f2b4_StateSignal_XLE,0.0,0.0,1.0,1.0,0.0,0.0,0.0,-0.0
2023-08-16 20:00:00+00:00,20260124_212136_37b3f2b4_StateSignal_XLE,0.0,0.0,1.0,1.0,0.0,0.0,0.0,-0.0
2023-08-17 20:00:00+00:00,20260124_212136_37b3f2b4_StateSignal_XLE,0.0,0.0,1.0,1.0,0.0,0.0,0.0,-0.0
2023-08-18 20:00:00+00:00,20260124_212136_37b3f2b4_StateSignal_XLE,0.0,0.0,1.0,1.0,0.0,0.0,0.0,0.0
2023-08-21 20:00:00+00:00,20260124_212136_37b3f2b4_StateSignal_XLE,0.0,0.0,1.0,1.0,0.0,0.0,0.0,-0.0
2023-08-22 20:00:00+00:00,20260124_212136_37b3f2b4_StateSignal_XLE,0.0,0.0,1.0,1.0,0.0,0.0,0.0,-0.0
2023-08-23 20:00:00+00:00,20260124_212136_37b3f2b4_StateSignal_XLE,0.0,0.0,1.0,1.0,0.0,0.0,0.0,-0.0
2023-08-24 20:00:00+00:00,20260124_212136_37b3f2b4_StateSignal_XLE,0.0,0.0,1.0,1.0,0.0,0.0,0.0,0.0
2023-08-25 20:00:00+00:00,20260124_212136_37b3f2b4_StateSignal_XLE,0.0,0.0,1.0,1.0,0.0,0.0,0.0,0.0
2023-08-28 20:00:00+00:00,20260124_212136_37b3f2b4_StateSignal_XLE,0.0,0.0,1.0,1.0,0.0,0.0,0.0,0.0
2023-08-29 20:00:00+00:00,20260124_212136_37b3f2b4_StateSignal_XLE,0.0,0.0,1.0,1.0,0.0,0.0,0.0,0.0
2023-08-30 20:00:00+00:00,20260124_212136_37b3f2b4_StateSignal_XLE,0.0,0.0,1.0,1.0,0.0,0.0,0.0,0.0
2023-08-31 20:00:00+00:00,20260124_212136_37b3f2b4_StateSignal_XLE,0.0,0.0,1.0,1.0,0.0,0.0,0.0,0.0
2023-09-01 20:00:00+00:00,20260124_212136_37b3f2b4_StateSignal_XLE,0.0,0.0,1.0,1.0,0.0,0.0,0.0,0.0
2023-09-05 20:00:00+00:00,20260124_212136_37b3f2b4_StateSignal_XLE,0.0,0.0,1.0,1.0,0.0,0.0,0.0,0.0
2023-09-06 20:00:00+00:00,20260124_212136_37b3f2b4_StateSignal_XLE,0.0,0.0,1.0,1.0,0.0,0.0,0.0,-0.0
2023-09-07 20:00:00+00:00,20260124_212136_37b3f2b4_StateSignal_XLE,0.0,0.0,1.0,1.0,0.0,0.0,0.0,-0.0
2023-09-08 20:00:00+00:00,20260124_212136_37b3f2b4_StateSignal_XLE,0.0,0.0,1.0,1.0,0.0,0.0,0.0,0.0
2023-09-11 20:00:00+00:00,20260124_212136_37b3f2b4_StateSignal_XLE,0.0,0.0,1.0,1.0,0.0,0.0,0.0,-0.0
2023-09-12 20:00:00+00:00,20260124_212136_37b3f2b4_StateSignal_XLE,0.0,0.0,1.0,1.0,0.0,0.0,0.0,0.0
2023-09-13 20:00:00+00:00,20260124_212136_37b3f2b4_StateSignal_XLE,0.0,0.0,1.0,1.0,0.0,0.0,0.0,-0.0
2023-09-14 20:00:00+00:00,20260124_212136_37b3f2b4_StateSignal_XLE,0.0,0.0,1.0,1.0,0.0,0.0,0.0,0.0
2023-09-15 20:00:00+00:00,20260124_212136_37b3f2b4_StateSignal_XLE,0.0,0.0,1.0,1.0,0.0,0.0,0.0,-0.0
2023-09-18 20:00:00+00:00,20260124_212136_37b3f2b4_StateSignal_XLE,0.0,0.0,1.0,1.0,0.0,0.0,0.0,0.0
2023-09-19 20:00:00+00:00,20260124_212136_37b3f2b4_StateSignal_XLE,0.0,0.0,1.0,1.0,0.0,0.0,0.0,-0.0
2023-09-20 20:00:00+00:00,20260124_212136_37b3f2b4_StateSignal_XLE,0.0,0.0,1.0,1.0,0.0,0.0,0.0,-0.0
2023-09-21 20:00:00+00:00,20260124_212136_37b3f2b4_StateSignal_XLE,0.0,0.0,1.0,1.0,0.0,0.0,0.0,-0.0
2023-09-22 20:00:00+00:00,20260124_212136_37b3f2b4_StateSignal_XLE,0.0,0.0,1.0,1.0,0.0,0.0,0.0,0.0
2023-09-25 20:00:00+00:00,20260124_212136_37b3f2b4_StateSignal_XLE,0.0,0.0,1.0,1.0,0.0,0.0,0.0,0.0
2023-09-26 20:00:00+00:00,20260124_212136_37b3f2b4_StateSignal_XLE,0.0,0.0,1.0,1.0,0.0,0.0,0.0,-0.0
2023-09-27 20:00:00+00:00,20260124_212136_37b3f2b4_StateSignal_XLE,0.0,0.0,1.0,1.0,0.0,0.0,0.0,0.0
2023-09-28 20:00:00+00:00,20260124_212136_37b3f2b4_StateSignal_XLE,0.0,0.0,1.0,1.0,0.0,0.0,0.0,0.0
2023-09-29 20:00:00+00:00,20260124_212136_37b3f2b4_StateSignal_XLE,0.0,0.0,1.0,1.0,0.0,0.0,0.0,-0.0
2023-10-02 20:00:00+00:00,20260124_212136_37b3f2b4_StateSignal_XLE,0.0,0.0,1.0,1.0,0.0,0.0,0.0,-0.0
2023-10-03 20:00:00+00:00,20260124_212136_37b3f2b4_StateSignal_XLE,0.0,0.0,1.0,1.0,0.0,0.0,0.0,-0.0
2023-10-04 20:00:00+00:00,20260124_212136_37b3f2b4_StateSignal_XLE,0.0,0.0,1.0,1.0,0.0,0.0,0.0,-0.0
2023-10-05 20:00:00+00:00,20260124_212136_37b3f2b4_StateSignal_XLE,0.0,0.0,1.0,1.0,0.0,0.0,0.0,0.0
2023-10-06 20:00:00+00:00,20260124_212136_37b3f2b4_StateSignal_XLE,0.0,0.0,1.0,1.0,0.0,0.0,0.0,0.0
2023-10-09 20:00:00+00:00,20260124_212136_37b3f2b4_StateSignal_XLE,0.0,0.0,1.0,1.0,0.0,0.0,0.0,0.0
2023-10-10 20:00:00+00:00,20260124_212136_37b3f2b4_StateSignal_XLE,0.0,0.0,1.0,1.0,0.0,0.0,0.0,0.0
2023-10-11 20:00:00+00:00,20260124_212136_37b3f2b4_StateSignal_XLE,0.0,0.0,1.0,1.0,0.0,0.0,0.0,0.0
2023-10-12 20:00:00+00:00,20260124_212136_37b3f2b4_StateSignal_XLE,0.0,0.0,1.0,1.0,0.0,0.0,0.0,-0.0
2023-10-13 20:00:00+00:00,20260124_212136_37b3f2b4_StateSignal_XLE,0.0,0.0,1.0,1.0,0.0,0.0,0.0,0.0
2023-10-16 20:00:00+00:00,20260124_212136_37b3f2b4_StateSignal_XLE,0.0,0.0,1.0,1.0,0.0,0.0,0.0,0.0
2023-10-17 20:00:00+00:00,20260124_212136_37b3f2b4_StateSignal_XLE,0.0,0.0,1.0,1.0,0.0,0.0,0.0,0.0
2023-10-18 20:00:00+00:00,20260124_212136_37b3f2b4_StateSignal_XLE,0.0,0.0,1.0,1.0,0.0,0.0,0.0,-0.0
2023-10-19 20:00:00+00:00,20260124_212136_37b3f2b4_StateSignal_XLE,0.0,0.0,1.0,1.0,0.0,0.0,0.0,-0.0
2023-10-20 20:00:00+00:00,20260124_212136_37b3f2b4_StateSignal_XLE,0.0,0.0,1.0,1.0,0.0,0.0,0.0,-0.0
2023-10-23 20:00:00+00:00,20260124_212136_37b3f2b4_StateSignal_XLE,0.0,0.0,1.0,1.0,0.0,0.0,0.0,-0.0
2023-10-24 20:00:00+00:00,20260124_212136_37b3f2b4_StateSignal_XLE,0.0,0.0,1.0,1.0,0.0,0.0,0.0,-0.0
2023-10-25 20:00:00+00:00,20260124_212136_37b3f2b4_StateSignal_XLE,0.0,0.0,1.0,1.0,0.0,0.0,0.0,-0.0
2023-10-26 20:00:00+00:00,20260124_212136_37b3f2b4_StateSignal_XLE,0.0,0.0,1.0,1.0,0.0,0.0,0.0,0.0
2023-10-27 20:00:00+00:00,20260124_212136_37b3f2b4_StateSignal_XLE,0.0,0.0,1.0,1.0,0.0,0.0,0.0,-0.0
2023-10-30 20:00:00+00:00,20260124_212136_37b3f2b4_StateSignal_XLE,0.0,0.0,1.0,1.0,0.0,0.0,0.0,-0.0
2023-10-31 20:00:00+00:00,20260124_212136_37b3f2b4_StateSignal_XLE,0.0,0.0,1.0,1.0,0.0,0.0,0.0,0.0
2023-11-01 20:00:00+00:00,20260124_212136_37b3f2b4_StateSignal_XLE,0.0,0.0,1.0,1.0,0.0,0.0,0.0,-0.0
2023-11-02 20:00:00+00:00,20260124_212136_37b3f2b4_StateSignal_XLE,0.0,0.0,1.0,1.0,0.0,0.0,0.0,0.0
2023-11-03 20:00:00+00:00,20260124_212136_37b3f2b4_StateSignal_XLE,0.0,0.0,1.0,1.0,0.0,0.0,0.0,-0.0
2023-11-06 21:00:00+00:00,20260124_212136_37b3f2b4_StateSignal_XLE,0.0,0.0,1.0,1.0,0.0,0.0,0.0,-0.0
2023-11-07 21:00:00+00:00,20260124_212136_37b3f2b4_StateSignal_XLE,0.0,0.0,1.0,1.0,0.0,0.0,0.0,0.0
2023-11-08 21:00:00+00:00,20260124_212136_37b3f2b4_StateSignal_XLE,0.0,0.0,1.0,1.0,0.0,0.0,0.0,-0.0
2023-11-09 21:00:00+00:00,20260124_212136_37b3f2b4_StateSignal_XLE,0.0,0.0,1.0,1.0,0.0,0.0,0.0,-0.0
2023-11-10 21:00:00+00:00,20260124_212136_37b3f2b4_StateSignal_XLE,0.0,0.0,1.0,1.0,0.0,0.0,0.0,0.0
2023-11-13 21:00:00+00:00,20260124_212136_37b3f2b4_StateSignal_XLE,0.0,0.0,1.0,1.0,0.0,0.0,0.0,0.0
2023-11-14 21:00:00+00:00,20260124_212136_37b3f2b4_StateSignal_XLE,0.0,0.0,1.0,1.0,0.0,0.0,0.0,0.0
2023-11-15 21:00:00+00:00,20260124_212136_37b3f2b4_StateSignal_XLE,0.0,0.0,1.0,1.0,0.0,0.0,0.0,-0.0
2023-11-16 21:00:00+00:00,20260124_212136_37b3f2b4_StateSignal_XLE,0.0,0.0,1.0,1.0,0.0,0.0,0.0,-0.0
2023-11-17 21:00:00+00:00,20260124_212136_37b3f2b4_StateSignal_XLE,0.0,0.0,1.0,1.0,0.0,0.0,0.0,0.0
2023-11-20 21:00:00+00:00,20260124_212136_37b3f2b4_StateSignal_XLE,0.0,0.0,1.0,1.0,0.0,0.0,0.0,-0.0
2023-11-21 21:00:00+00:00,20260124_212136_37b3f2b4_StateSignal_XLE,0.0,0.0,1.0,1.0,0.0,0.0,0.0,0.0
2023-11-22 21:00:00+00:00,20260124_212136_37b3f2b4_StateSignal_XLE,0.0,0.0,1.0,1.0,0.0,0.0,0.0,0.0
2023-11-24 21:00:00+00:00,20260124_212136_37b3f2b4_StateSignal_XLE,0.0,0.0,1.0,1.0,0.0,0.0,0.0,-0.0
2023-11-27 21:00:00+00:00,20260124_212136_37b3f2b4_StateSignal_XLE,0.0,0.0,1.0,1.0,0.0,0.0,0.0,0.0
2023-11-28 21:00:00+00:00,20260124_212136_37b3f2b4_StateSignal_XLE,0.0,0.0,1.0,1.0,0.0,0.0,0.0,-0.0
2023-11-29 21:00:00+00:00,20260124_212136_37b3f2b4_StateSignal_XLE,0.0,0.0,1.0,1.0,0.0,0.0,0.0,-0.0
2023-11-30 21:00:00+00:00,20260124_212136_37b3f2b4_StateSignal_XLE,0.0,0.0,1.0,1.0,0.0,0.0,0.0,0.0
2023-12-01 21:00:00+00:00,20260124_212136_37b3f2b4_StateSignal_XLE,0.0,0.0,1.0,1.0,0.0,0.0,0.0,0.0
2023-12-04 21:00:00+00:00,20260124_212136_37b3f2b4_StateSignal_XLE,0.0,0.0,1.0,1.0,0.0,0.0,0.0,-0.0
2023-12-05 21:00:00+00:00,20260124_212136_37b3f2b4_StateSignal_XLE,0.0,0.0,1.0,1.0,0.0,0.0,0.0,-0.0
2023-12-06 21:00:00+00:00,20260124_212136_37b3f2b4_StateSignal_XLE,0.0,0.0,1.0,1.0,0.0,0.0,0.0,-0.0
2023-12-07 21:00:00+00:00,20260124_212136_37b3f2b4_StateSignal_XLE,0.0,0.0,1.0,1.0,0.0,0.0,0.0,-0.0
2023-12-08 21:00:00+00:00,20260124_212136_37b3f2b4_StateSignal_XLE,0.0,0.0,1.0,1.0,0.0,0.0,0.0,0.0
2023-12-11 21:00:00+00:00,20260124_212136_37b3f2b4_StateSignal_XLE,0.0,0.0,1.0,1.0,0.0,0.0,0.0,0.0
2023-12-12 21:00:00+00:00,20260124_212136_37b3f2b4_StateSignal_XLE,0.0,0.0,1.0,1.0,0.0,0.0,0.0,0.0
2023-12-13 21:00:00+00:00,20260124_212136_37b3f2b4_StateSignal_XLE,0.0,0.0,1.0,1.0,0.0,0.0,0.0,0.0
2023-12-14 21:00:00+00:00,20260124_212136_37b3f2b4_StateSignal_XLE,0.0,0.0,1.0,1.0,0.0,0.0,0.0,0.0
2023-12-15 21:00:00+00:00,20260124_212136_37b3f2b4_StateSignal_XLE,0.0,0.0,1.0,1.0,0.0,0.0,0.0,0.0
2023-12-18 21:00:00+00:00,20260124_212136_37b3f2b4_StateSignal_XLE,0.0,0.0,1.0,1.0,0.0,0.0,0.0,-0.0
2023-12-19 21:00:00+00:00,20260124_212136_37b3f2b4_StateSignal_XLE,0.0,0.0,1.0,1.0,0.0,0.0,0.0,0.0
2023-12-20 21:00:00+00:00,20260124_212136_37b3f2b4_StateSignal_XLE,0.0,0.0,1.0,1.0,0.0,0.0,0.0,-0.0
2023-12-21 21:00:00+00:00,20260124_212136_37b3f2b4_StateSignal_XLE,0.0,0.0,1.0,1.0,0.0,0.0,0.0,0.0
2023-12-22 21:00:00+00:00,20260124_212136_37b3f2b4_StateSignal_XLE,0.0,0.0,1.0,1.0,0.0,0.0,0.0,-0.0
2023-12-26 21:00:00+00:00,20260124_212136_37b3f2b4_StateSignal_XLE,0.0,0.0,1.0,1.0,0.0,0.0,0.0,0.0
2023-12-27 21:00:00+00:00,20260124_212136_37b3f2b4_StateSignal_XLE,0.0,0.0,1.0,1.0,0.0,0.0,0.0,-0.0
2023-12-28 21:00:00+00:00,20260124_212136_37b3f2b4_StateSignal_XLE,0.0,0.0,1.0,1.0,0.0,0.0,0.0,-0.0
2023-12-29 21:00:00+00:00,20260124_212136_37b3f2b4_StateSignal_XLE,0.0,0.0,1.0,1.0,0.0,0.0,0.0,-0.0
2024-01-02 21:00:00+00:00,20260124_212136_37b3f2b4_StateSignal_XLE,0.0,0.0,1.0,1.0,0.0,0.0,0.0,0.0
2024-01-03 21:00:00+00:00,20260124_212136_37b3f2b4_StateSignal_XLE,0.0,0.0,1.0,1.0,0.0,0.0,0.0,0.0
2024-01-04 21:00:00+00:00,20260124_212136_37b3f2b4_StateSignal_XLE,0.0,0.0,1.0,1.0,0.0,0.0,0.0,-0.0
2024-01-05 21:00:00+00:00,20260124_212136_37b3f2b4_StateSignal_XLE,0.0,0.0,1.0,1.0,0.0,0.0,0.0,-0.0
2024-01-08 21:00:00+00:00,20260124_212136_37b3f2b4_StateSignal_XLE,0.0,0.0,1.0,1.0,0.0,0.0,0.0,0.0
2024-01-09 21:00:00+00:00,20260124_212136_37b3f2b4_StateSignal_XLE,0.0,0.0,1.0,1.0,0.0,0.0,0.0,-0.0
2024-01-10 21:00:00+00:00,20260124_212136_37b3f2b4_StateSignal_XLE,0.0,0.0,1.0,1.0,0.0,0.0,0.0,-0.0
2024-01-11 21:00:00+00:00,20260124_212136_37b3f2b4_StateSignal_XLE,0.0,0.0,1.0,1.0,0.0,0.0,0.0,-0.0
2024-01-12 21:00:00+00:00,20260124_212136_37b3f2b4_StateSignal_XLE,0.0,0.0,1.0,1.0,0.0,0.0,0.0,-0.0
2024-01-16 21:00:00+00:00,20260124_212136_37b3f2b4_StateSignal_XLE,0.0,0.0,1.0,1.0,0.0,0.0,0.0,-0.0
2024-01-17 21:00:00+00:00,20260124_212136_37b3f2b4_StateSignal_XLE,0.0,0.0,1.0,1.0,0.0,0.0,0.0,-0.0
2024-01-18 21:00:00+00:00,20260124_212136_37b3f2b4_StateSignal_XLE,0.004553376020375018,0.004553376020375018,1.004553376020375,1.004553376020375,0.0,0.0,1.0,0.004553376020375018
2024-01-19 21:00:00+00:00,20260124_212136_37b3f2b4_StateSignal_XLE,0.0,0.0,1.004553376020375,1.004553376020375,0.0,0.0,0.0,0.0
2024-01-22 21:00:00+00:00,20260124_212136_37b3f2b4_StateSignal_XLE,0.0,0.0,1.004553376020375,1.004553376020375,0.0,0.0,0.0,0.0
2024-01-23 21:00:00+00:00,20260124_212136_37b3f2b4_StateSignal_XLE,0.0,0.0,1.004553376020375,1.004553376020375,0.0,0.0,0.0,-0.0
2024-01-24 21:00:00+00:00,20260124_212136_37b3f2b4_StateSignal_XLE,0.0,0.0,1.004553376020375,1.004553376020375,0.0,0.0,0.0,0.0
2024-01-25 21:00:00+00:00,20260124_212136_37b3f2b4_StateSignal_XLE,0.0,0.0,1.004553376020375,1.004553376020375,0.0,0.0,0.0,0.0
2024-01-26 21:00:00+00:00,20260124_212136_37b3f2b4_StateSignal_XLE,0.007885072012446252,0.007885072012446252,1.0124743517306416,1.0124743517306416,0.0,0.0,1.0,0.007885072012446252
2024-01-29 21:00:00+00:00,20260124_212136_37b3f2b4_StateSignal_XLE,0.0,0.0,1.0124743517306416,1.0124743517306416,0.0,0.0,0.0,0.0
2024-01-30 21:00:00+00:00,20260124_212136_37b3f2b4_StateSignal_XLE,0.0,0.0,1.0124743517306416,1.0124743517306416,0.0,0.0,0.0,0.0
2024-01-31 21:00:00+00:00,20260124_212136_37b3f2b4_StateSignal_XLE,0.0,0.0,1.0124743517306416,1.0124743517306416,0.0,0.0,0.0,-0.0
2024-02-01 21:00:00+00:00,20260124_212136_37b3f2b4_StateSignal_XLE,0.0,0.0,1.0124743517306416,1.0124743517306416,0.0,0.0,0.0,0.0
2024-02-02 21:00:00+00:00,20260124_212136_37b3f2b4_StateSignal_XLE,0.001278936099637078,0.001278936099637078,1.0137692417290265,1.0137692417290265,0.0,0.0,1.0,0.001278936099637078
2024-02-05 21:00:00+00:00,20260124_212136_37b3f2b4_StateSignal_XLE,-0.0025595099716510823,-0.0025595099716510823,1.0111744892458678,1.0111744892458678,0.0,0.0,1.0,-0.0025595099716510823
2024-02-06 21:00:00+00:00,20260124_212136_37b3f2b4_StateSignal_XLE,0.0005107252409279642,0.0005107252409279642,1.011690921580508,1.011690921580508,0.0,0.0,1.0,0.0005107252409279642
2024-02-07 21:00:00+00:00,20260124_212136_37b3f2b4_StateSignal_XLE,-0.0007644286268536752,-0.0007644286268536752,1.010917556078524,1.010917556078524,0.0,0.0,1.0,-0.0007644286268536752
2024-02-08 21:00:00+00:00,20260124_212136_37b3f2b4_StateSignal_XLE,0.006325131776969071,0.006325131776969071,1.017311742836372,1.017311742836372,0.0,0.0,1.0,0.006325131776969071
2024-02-09 21:00:00+00:00,20260124_212136_37b3f2b4_StateSignal_XLE,0.0,0.0,1.017311742836372,1.017311742836372,0.0,0.0,0.0,-0.0
2024-02-12 21:00:00+00:00,20260124_212136_37b3f2b4_StateSignal_XLE,0.0,0.0,1.017311742836372,1.017311742836372,0.0,0.0,0.0,0.0
2024-02-13 21:00:00+00:00,20260124_212136_37b3f2b4_StateSignal_XLE,0.0,0.0,1.017311742836372,1.017311742836372,0.0,0.0,0.0,-0.0
2024-02-14 21:00:00+00:00,20260124_212136_37b3f2b4_StateSignal_XLE,0.0,0.0,1.017311742836372,1.017311742836372,0.0,0.0,0.0,-0.0
2024-02-15 21:00:00+00:00,20260124_212136_37b3f2b4_StateSignal_XLE,0.016342287020640136,0.016342287020640136,1.0339369433272718,1.0339369433272718,0.0,0.0,1.0,0.016342287020640136
2024-02-16 21:00:00+00:00,20260124_212136_37b3f2b4_StateSignal_XLE,-0.00024940765810794877,-0.00024940765810794877,1.0336790715356052,1.0336790715356052,0.0,0.0,1.0,-0.00024940765810794877
2024-02-20 21:00:00+00:00,20260124_212136_37b3f2b4_StateSignal_XLE,0.0,0.0,1.0336790715356052,1.0336790715356052,0.0,0.0,0.0,-0.0
2024-02-21 21:00:00+00:00,20260124_212136_37b3f2b4_StateSignal_XLE,0.0182072619130919,0.0182072619130919,1.0524995371251358,1.0524995371251358,0.0,0.0,1.0,0.0182072619130919
2024-02-22 21:00:00+00:00,20260124_212136_37b3f2b4_StateSignal_XLE,0.0012350254749993524,0.0012350254749993524,1.0537994008659104,1.0537994008659104,0.0,0.0,1.0,0.0012350254749993524
2024-02-23 21:00:00+00:00,20260124_212136_37b3f2b4_StateSignal_XLE,0.008226395638077783,0.008226395638077783,1.0624683716606027,1.0624683716606027,0.0,0.0,1.0,0.008226395638077783
2024-02-26 21:00:00+00:00,20260124_212136_37b3f2b4_StateSignal_XLE,0.002477701961307505,0.002477701961307505,1.0651008516288936,1.0651008516288936,0.0,0.0,1.0,0.002477701961307505
2024-02-27 21:00:00+00:00,20260124_212136_37b3f2b4_StateSignal_XLE,0.0,0.0,1.0651008516288936,1.0651008516288936,0.0,0.0,0.0,-0.0
2024-02-28 21:00:00+00:00,20260124_212136_37b3f2b4_StateSignal_XLE,0.0,0.0,1.0651008516288936,1.0651008516288936,0.0,0.0,0.0,-0.0
2024-02-29 21:00:00+00:00,20260124_212136_37b3f2b4_StateSignal_XLE,0.0,0.0,1.0651008516288936,1.0651008516288936,0.0,0.0,0.0,-0.0
2024-03-01 21:00:00+00:00,20260124_212136_37b3f2b4_StateSignal_XLE,0.0,0.0,1.0651008516288936,1.0651008516288936,0.0,0.0,0.0,0.0
2024-03-04 21:00:00+00:00,20260124_212136_37b3f2b4_StateSignal_XLE,-0.009854723754146252,-0.009854723754146252,1.054604576965785,1.054604576965785,0.0,0.0,1.0,-0.009854723754146252
2024-03-05 21:00:00+00:00,20260124_212136_37b3f2b4_StateSignal_XLE,0.0,0.0,1.054604576965785,1.054604576965785,0.0,0.0,0.0,0.0
2024-03-06 21:00:00+00:00,20260124_212136_37b3f2b4_StateSignal_XLE,0.0,0.0,1.054604576965785,1.054604576965785,0.0,0.0,0.0,-0.0
2024-03-07 21:00:00+00:00,20260124_212136_37b3f2b4_StateSignal_XLE,-0.0012146242231780033,-0.0012146242231780033,1.053323628700728,1.053323628700728,0.0,0.0,1.0,-0.0012146242231780033
2024-03-08 21:00:00+00:00,20260124_212136_37b3f2b4_StateSignal_XLE,0.004123717183862068,0.004123717183862068,1.0576672374485692,1.0576672374485692,0.0,0.0,1.0,0.004123717183862068
2024-03-11 20:00:00+00:00,20260124_212136_37b3f2b4_StateSignal_XLE,0.0,0.0,1.0576672374485692,1.0576672374485692,0.0,0.0,0.0,0.0
2024-03-12 20:00:00+00:00,20260124_212136_37b3f2b4_StateSignal_XLE,-0.0016788587706353746,-0.0016788587706353746,1.055891563530565,1.055891563530565,0.0,0.0,1.0,-0.0016788587706353746
2024-03-13 20:00:00+00:00,20260124_212136_37b3f2b4_StateSignal_XLE,0.00023632281806748167,0.00023632281806748167,1.0561410948004322,1.0561410948004322,0.0,0.0,1.0,0.00023632281806748167
2024-03-14 20:00:00+00:00,20260124_212136_37b3f2b4_StateSignal_XLE,0.006803545305133483,0.006803545305133483,1.06332659858752,1.06332659858752,0.0,0.0,1.0,0.006803545305133483
2024-03-15 20:00:00+00:00,20260124_212136_37b3f2b4_StateSignal_XLE,0.0,0.0,1.06332659858752,1.06332659858752,0.0,0.0,0.0,-0.0
2024-03-18 20:00:00+00:00,20260124_212136_37b3f2b4_StateSignal_XLE,0.0046565858299506225,0.0046565858299506225,1.0682780701591121,1.0682780701591121,0.0,0.0,1.0,0.0046565858299506225
2024-03-19 20:00:00+00:00,20260124_212136_37b3f2b4_StateSignal_XLE,0.0,0.0,1.0682780701591121,1.0682780701591121,0.0,0.0,0.0,0.0
2024-03-20 20:00:00+00:00,20260124_212136_37b3f2b4_StateSignal_XLE,0.0,0.0,1.0682780701591121,1.0682780701591121,0.0,0.0,0.0,0.0
2024-03-21 20:00:00+00:00,20260124_212136_37b3f2b4_StateSignal_XLE,0.0,0.0,1.0682780701591121,1.0682780701591121,0.0,0.0,0.0,0.0
2024-03-22 20:00:00+00:00,20260124_212136_37b3f2b4_StateSignal_XLE,-0.0020611481017401615,-0.0020611481017401615,1.066076190842673,1.066076190842673,0.0,0.0,1.0,-0.0020611481017401615
2024-03-25 20:00:00+00:00,20260124_212136_37b3f2b4_StateSignal_XLE,0.0,0.0,1.066076190842673,1.066076190842673,0.0,0.0,0.0,-0.0
2024-03-26 20:00:00+00:00,20260124_212136_37b3f2b4_StateSignal_XLE,0.0,0.0,1.066076190842673,1.066076190842673,0.0,0.0,0.0,-0.0
2024-03-27 20:00:00+00:00,20260124_212136_37b3f2b4_StateSignal_XLE,0.0,0.0,1.066076190842673,1.066076190842673,0.0,0.0,0.0,0.0
2024-03-28 20:00:00+00:00,20260124_212136_37b3f2b4_StateSignal_XLE,0.0,0.0,1.066076190842673,1.066076190842673,0.0,0.0,0.0,0.0
2024-04-01 20:00:00+00:00,20260124_212136_37b3f2b4_StateSignal_XLE,0.008046534251213648,0.008046534251213648,1.074654409426692,1.074654409426692,0.0,0.0,1.0,0.008046534251213648
2024-04-02 20:00:00+00:00,20260124_212136_37b3f2b4_StateSignal_XLE,0.0,0.0,1.074654409426692,1.074654409426692,0.0,0.0,0.0,0.0
2024-04-03 20:00:00+00:00,20260124_212136_37b3f2b4_StateSignal_XLE,0.0,0.0,1.074654409426692,1.074654409426692,0.0,0.0,0.0,0.0
2024-04-04 20:00:00+00:00,20260124_212136_37b3f2b4_StateSignal_XLE,0.0,0.0,1.074654409426692,1.074654409426692,0.0,0.0,0.0,-0.0
2024-04-05 20:00:00+00:00,20260124_212136_37b3f2b4_StateSignal_XLE,0.010637243467311328,0.010637243467311328,1.0860857700229836,1.0860857700229836,0.0,0.0,1.0,0.010637243467311328
2024-04-08 20:00:00+00:00,20260124_212136_37b3f2b4_StateSignal_XLE,-0.006281835885440781,-0.006281835885440781,1.0792631574581866,1.0792631574581866,0.0,0.0,1.0,-0.006281835885440781
2024-04-09 20:00:00+00:00,20260124_212136_37b3f2b4_StateSignal_XLE,-0.0019529137160472331,-0.0019529137160472331,1.077155449634762,1.077155449634762,0.0,0.0,1.0,-0.0019529137160472331
2024-04-10 20:00:00+00:00,20260124_212136_37b3f2b4_StateSignal_XLE,0.0,0.0,1.077155449634762,1.077155449634762,0.0,0.0,0.0,0.0
2024-04-11 20:00:00+00:00,20260124_212136_37b3f2b4_StateSignal_XLE,0.0017364883894638932,0.0017364883894638932,1.0790259175667005,1.0790259175667005,0.0,0.0,1.0,0.0017364883894638932
2024-04-12 20:00:00+00:00,20260124_212136_37b3f2b4_StateSignal_XLE,-0.02759545012490935,-0.02759545012490935,1.0492497116750041,1.0492497116750041,0.0,0.0,1.0,-0.02759545012490935
2024-04-15 20:00:00+00:00,20260124_212136_37b3f2b4_StateSignal_XLE,-0.016536591138794316,-0.016536591138794316,1.0318986981905367,1.0318986981905367,0.0,0.0,1.0,-0.016536591138794316
2024-04-16 20:00:00+00:00,20260124_212136_37b3f2b4_StateSignal_XLE,-0.006036910452677253,-0.006036910452677253,1.0256692181533262,1.0256692181533262,0.0,0.0,1.0,-0.006036910452677253
2024-04-17 20:00:00+00:00,20260124_212136_37b3f2b4_StateSignal_XLE,-0.006729500496939378,-0.006729500496939378,1.018766976640068,1.018766976640068,0.0,0.0,1.0,-0.006729500496939378
2024-04-18 20:00:00+00:00,20260124_212136_37b3f2b4_StateSignal_XLE,-0.0009019166338558076,-0.0009019166338558076,1.0178481337578134,1.0178481337578134,0.0,0.0,1.0,-0.0009019166338558076
2024-04-19 20:00:00+00:00,20260124_212136_37b3f2b4_StateSignal_XLE,0.002009153483094718,0.002009153483094718,1.0198931468810144,1.0198931468810144,0.0,0.0,1.0,0.002009153483094718
2024-04-22 20:00:00+00:00,20260124_212136_37b3f2b4_StateSignal_XLE,0.014957305302859308,0.014957305302859308,1.0351480000552076,1.0351480000552076,0.0,0.0,1.0,0.014957305302859308
2024-04-23 20:00:00+00:00,20260124_212136_37b3f2b4_StateSignal_XLE,0.011976191046715275,0.011976191046715275,1.0475451302654941,1.0475451302654941,0.0,0.0,1.0,0.011976191046715275
2024-04-24 20:00:00+00:00,20260124_212136_37b3f2b4_StateSignal_XLE,0.007955843068755077,0.007955843068755077,1.0558792349293251,1.0558792349293251,0.0,0.0,1.0,0.007955843068755077
2024-04-25 20:00:00+00:00,20260124_212136_37b3f2b4_StateSignal_XLE,0.0,0.0,1.0558792349293251,1.0558792349293251,0.0,0.0,0.0,0.0
2024-04-26 20:00:00+00:00,20260124_212136_37b3f2b4_StateSignal_XLE,0.0008851516400013748,0.0008851516400013748,1.0568138481657663,1.0568138481657663,0.0,0.0,1.0,0.0008851516400013748
2024-04-29 20:00:00+00:00,20260124_212136_37b3f2b4_StateSignal_XLE,0.0039621447386927015,0.0039621447386927015,1.0610010975940538,1.0610010975940538,0.0,0.0,1.0,0.0039621447386927015
2024-04-30 20:00:00+00:00,20260124_212136_37b3f2b4_StateSignal_XLE,0.0,0.0,1.0610010975940538,1.0610010975940538,0.0,0.0,0.0,-0.0
2024-05-01 20:00:00+00:00,20260124_212136_37b3f2b4_StateSignal_XLE,0.0,0.0,1.0610010975940538,1.0610010975940538,0.0,0.0,0.0,-0.0
2024-05-02 20:00:00+00:00,20260124_212136_37b3f2b4_StateSignal_XLE,0.005734618307637515,0.005734618307637515,1.06708553391274,1.06708553391274,0.0,0.0,1.0,0.005734618307637515
2024-05-03 20:00:00+00:00,20260124_212136_37b3f2b4_StateSignal_XLE,0.0034376108104631816,0.0034376108104631816,1.0707537586798075,1.0707537586798075,0.0,0.0,1.0,0.0034376108104631816
2024-05-06 20:00:00+00:00,20260124_212136_37b3f2b4_StateSignal_XLE,0.00820236997867241,0.00820236997867241,1.0795364771645535,1.0795364771645535,0.0,0.0,1.0,0.00820236997867241
2024-05-07 20:00:00+00:00,20260124_212136_37b3f2b4_StateSignal_XLE,-0.0052101148552411635,-0.0052101148552411635,1.0739119681281037,1.0739119681281037,0.0,0.0,1.0,-0.0052101148552411635
2024-05-08 20:00:00+00:00,20260124_212136_37b3f2b4_StateSignal_XLE,-0.0015910902322418474,-0.0015910902322418474,1.0722032772853276,1.0722032772853276,0.0,0.0,1.0,-0.0015910902322418474
2024-05-09 20:00:00+00:00,20260124_212136_37b3f2b4_StateSignal_XLE,0.0,0.0,1.0722032772853276,1.0722032772853276,0.0,0.0,0.0,0.0
2024-05-10 20:00:00+00:00,20260124_212136_37b3f2b4_StateSignal_XLE,0.0,0.0,1.0722032772853276,1.0722032772853276,0.0,0.0,0.0,-0.0
2024-05-13 20:00:00+00:00,20260124_212136_37b3f2b4_StateSignal_XLE,0.0,0.0,1.0722032772853276,1.0722032772853276,0.0,0.0,0.0,-0.0
2024-05-14 20:00:00+00:00,20260124_212136_37b3f2b4_StateSignal_XLE,0.0,0.0,1.0722032772853276,1.0722032772853276,0.0,0.0,0.0,0.0
2024-05-15 20:00:00+00:00,20260124_212136_37b3f2b4_StateSignal_XLE,0.0,0.0,1.0722032772853276,1.0722032772853276,0.0,0.0,0.0,0.0
2024-05-16 20:00:00+00:00,20260124_212136_37b3f2b4_StateSignal_XLE,0.0,0.0,1.0722032772853276,1.0722032772853276,0.0,0.0,0.0,-0.0
2024-05-17 20:00:00+00:00,20260124_212136_37b3f2b4_StateSignal_XLE,0.0,0.0,1.0722032772853276,1.0722032772853276,0.0,0.0,0.0,0.0
2024-05-20 20:00:00+00:00,20260124_212136_37b3f2b4_StateSignal_XLE,0.0,0.0,1.0722032772853276,1.0722032772853276,0.0,0.0,0.0,-0.0
2024-05-21 20:00:00+00:00,20260124_212136_37b3f2b4_StateSignal_XLE,0.0,0.0,1.0722032772853276,1.0722032772853276,0.0,0.0,0.0,-0.0
2024-05-22 20:00:00+00:00,20260124_212136_37b3f2b4_StateSignal_XLE,0.0,0.0,1.0722032772853276,1.0722032772853276,0.0,0.0,0.0,-0.0
2024-05-23 20:00:00+00:00,20260124_212136_37b3f2b4_StateSignal_XLE,0.0,0.0,1.0722032772853276,1.0722032772853276,0.0,0.0,0.0,-0.0
2024-05-24 20:00:00+00:00,20260124_212136_37b3f2b4_StateSignal_XLE,-0.007616886219612992,-0.007616886219612992,1.0640364269179492,1.0640364269179492,0.0,0.0,1.0,-0.007616886219612992
2024-05-28 20:00:00+00:00,20260124_212136_37b3f2b4_StateSignal_XLE,0.0039058062289952468,0.0039058062289952468,1.068192347022083,1.068192347022083,0.0,0.0,1.0,0.0039058062289952468
2024-05-29 20:00:00+00:00,20260124_212136_37b3f2b4_StateSignal_XLE,0.0,0.0,1.068192347022083,1.068192347022083,0.0,0.0,0.0,-0.0
2024-05-30 20:00:00+00:00,20260124_212136_37b3f2b4_StateSignal_XLE,0.0,0.0,1.068192347022083,1.068192347022083,0.0,0.0,0.0,0.0
2024-05-31 20:00:00+00:00,20260124_212136_37b3f2b4_StateSignal_XLE,0.0,0.0,1.068192347022083,1.068192347022083,0.0,0.0,0.0,0.0
2024-06-03 20:00:00+00:00,20260124_212136_37b3f2b4_StateSignal_XLE,0.0,0.0,1.068192347022083,1.068192347022083,0.0,0.0,0.0,-0.0
2024-06-04 20:00:00+00:00,20260124_212136_37b3f2b4_StateSignal_XLE,0.009467526338398959,0.009467526338398959,1.078305486201991,1.078305486201991,0.0,0.0,1.0,0.009467526338398959
2024-06-05 20:00:00+00:00,20260124_212136_37b3f2b4_StateSignal_XLE,-5.287437154777308e-17,-5.287437154777308e-17,1.078305486201991,1.078305486201991,0.0,0.0,1.0,-5.287437154777308e-17
2024-06-06 20:00:00+00:00,20260124_212136_37b3f2b4_StateSignal_XLE,0.005874767219318928,0.005874767219318928,1.084640279924742,1.084640279924742,0.0,0.0,1.0,0.005874767219318928
2024-06-07 20:00:00+00:00,20260124_212136_37b3f2b4_StateSignal_XLE,-0.003991084062854475,-0.003991084062854475,1.0803113893896046,1.0803113893896046,0.0,0.0,1.0,-0.003991084062854475
2024-06-10 20:00:00+00:00,20260124_212136_37b3f2b4_StateSignal_XLE,0.0,0.0,1.0803113893896046,1.0803113893896046,0.0,0.0,0.0,0.0
2024-06-11 20:00:00+00:00,20260124_212136_37b3f2b4_StateSignal_XLE,-0.0021035417362781656,-0.0021035417362781656,1.078038909293847,1.078038909293847,0.0,0.0,1.0,-0.0021035417362781656
2024-06-12 20:00:00+00:00,20260124_212136_37b3f2b4_StateSignal_XLE,0.0,0.0,1.078038909293847,1.078038909293847,0.0,0.0,0.0,-0.0
2024-06-13 20:00:00+00:00,20260124_212136_37b3f2b4_StateSignal_XLE,0.0023906298739162207,0.0023906298739162207,1.080616101315649,1.080616101315649,0.0,0.0,1.0,0.0023906298739162207
2024-06-14 20:00:00+00:00,20260124_212136_37b3f2b4_StateSignal_XLE,-0.002881846374889123,-0.002881846374889123,1.0775019317214258,1.0775019317214258,0.0,0.0,1.0,-0.002881846374889123
2024-06-17 20:00:00+00:00,20260124_212136_37b3f2b4_StateSignal_XLE,0.0,0.0,1.0775019317214258,1.0775019317214258,0.0,0.0,0.0,0.0
2024-06-18 20:00:00+00:00,20260124_212136_37b3f2b4_StateSignal_XLE,0.0,0.0,1.0775019317214258,1.0775019317214258,0.0,0.0,0.0,0.0
2024-06-20 20:00:00+00:00,20260124_212136_37b3f2b4_StateSignal_XLE,0.0,0.0,1.0775019317214258,1.0775019317214258,0.0,0.0,0.0,0.0
2024-06-21 20:00:00+00:00,20260124_212136_37b3f2b4_StateSignal_XLE,0.0,0.0,1.0775019317214258,1.0775019317214258,0.0,0.0,0.0,-0.0
2024-06-24 20:00:00+00:00,20260124_212136_37b3f2b4_StateSignal_XLE,0.0,0.0,1.0775019317214258,1.0775019317214258,0.0,0.0,0.0,0.0
2024-06-25 20:00:00+00:00,20260124_212136_37b3f2b4_StateSignal_XLE,0.0,0.0,1.0775019317214258,1.0775019317214258,0.0,0.0,0.0,0.0
2024-06-26 20:00:00+00:00,20260124_212136_37b3f2b4_StateSignal_XLE,-0.00923367594694558,-0.00923367594694558,1.0675526280517023,1.0675526280517023,0.0,0.0,1.0,-0.00923367594694558
2024-06-27 20:00:00+00:00,20260124_212136_37b3f2b4_StateSignal_XLE,0.0,0.0,1.0675526280517023,1.0675526280517023,0.0,0.0,0.0,-0.0
2024-06-28 20:00:00+00:00,20260124_212136_37b3f2b4_StateSignal_XLE,0.0,0.0,1.0675526280517023,1.0675526280517023,0.0,0.0,0.0,0.0
2024-07-01 20:00:00+00:00,20260124_212136_37b3f2b4_StateSignal_XLE,0.0,0.0,1.0675526280517023,1.0675526280517023,0.0,0.0,0.0,0.0
2024-07-02 20:00:00+00:00,20260124_212136_37b3f2b4_StateSignal_XLE,-0.005749124723284215,-0.005749124723284215,1.0614151348443632,1.0614151348443632,0.0,0.0,1.0,-0.005749124723284215
2024-07-03 20:00:00+00:00,20260124_212136_37b3f2b4_StateSignal_XLE,0.0011487652038733997,0.0011487652038733997,1.062634451618137,1.062634451618137,0.0,0.0,1.0,0.0011487652038733997
2024-07-05 20:00:00+00:00,20260124_212136_37b3f2b4_StateSignal_XLE,0.0,0.0,1.062634451618137,1.062634451618137,0.0,0.0,0.0,-0.0
2024-07-08 20:00:00+00:00,20260124_212136_37b3f2b4_StateSignal_XLE,0.0,0.0,1.062634451618137,1.062634451618137,0.0,0.0,0.0,-0.0
2024-07-09 20:00:00+00:00,20260124_212136_37b3f2b4_StateSignal_XLE,0.0,0.0,1.062634451618137,1.062634451618137,0.0,0.0,0.0,-0.0
2024-07-10 20:00:00+00:00,20260124_212136_37b3f2b4_StateSignal_XLE,0.0,0.0,1.062634451618137,1.062634451618137,0.0,0.0,0.0,0.0
2024-07-11 20:00:00+00:00,20260124_212136_37b3f2b4_StateSignal_XLE,0.0,0.0,1.062634451618137,1.062634451618137,0.0,0.0,0.0,0.0
2024-07-12 20:00:00+00:00,20260124_212136_37b3f2b4_StateSignal_XLE,0.0,0.0,1.062634451618137,1.062634451618137,0.0,0.0,0.0,0.0
2024-07-15 20:00:00+00:00,20260124_212136_37b3f2b4_StateSignal_XLE,0.01497206362087502,0.01497206362087502,1.0785442822334974,1.0785442822334974,0.0,0.0,1.0,0.01497206362087502
2024-07-16 20:00:00+00:00,20260124_212136_37b3f2b4_StateSignal_XLE,0.009385441447133682,0.009385441447133682,1.0886668964425408,1.0886668964425408,0.0,0.0,1.0,0.009385441447133682
2024-07-17 20:00:00+00:00,20260124_212136_37b3f2b4_StateSignal_XLE,0.010651658782023267,0.010651658782023267,1.1002630047507311,1.1002630047507311,0.0,0.0,1.0,0.010651658782023267
2024-07-18 20:00:00+00:00,20260124_212136_37b3f2b4_StateSignal_XLE,0.0,0.0,1.1002630047507311,1.1002630047507311,0.0,0.0,0.0,0.0
2024-07-19 20:00:00+00:00,20260124_212136_37b3f2b4_StateSignal_XLE,-0.005670878302731388,-0.005670878302731388,1.094023547149792,1.094023547149792,0.0,0.0,1.0,-0.005670878302731388
2024-07-22 20:00:00+00:00,20260124_212136_37b3f2b4_StateSignal_XLE,-0.0025151493766576083,-0.0025151493766576083,1.0912719145071295,1.0912719145071295,0.0,0.0,1.0,-0.0025151493766576083
2024-07-23 20:00:00+00:00,20260124_212136_37b3f2b4_StateSignal_XLE,-0.01592280092845913,-0.01592280092845913,1.073895809053614,1.073895809053614,0.0,0.0,1.0,-0.01592280092845913
2024-07-24 20:00:00+00:00,20260124_212136_37b3f2b4_StateSignal_XLE,0.00046511628745430673,0.00046511628745430673,1.0743952954854337,1.0743952954854337,0.0,0.0,1.0,0.00046511628745430673
2024-07-25 20:00:00+00:00,20260124_212136_37b3f2b4_StateSignal_XLE,0.015457684641004148,0.015457684641004148,1.091002959142826,1.091002959142826,0.0,0.0,1.0,0.015457684641004148
2024-07-26 20:00:00+00:00,20260124_212136_37b3f2b4_StateSignal_XLE,0.003882613076577948,0.003882613076577948,1.0952389014985793,1.0952389014985793,0.0,0.0,1.0,0.003882613076577948
2024-07-29 20:00:00+00:00,20260124_212136_37b3f2b4_StateSignal_XLE,-0.008699688568575413,-0.008699688568575413,1.085710664147353,1.085710664147353,0.0,0.0,1.0,-0.008699688568575413
2024-07-30 20:00:00+00:00,20260124_212136_37b3f2b4_StateSignal_XLE,0.01551479899888782,0.01551479899888782,1.1025552468725481,1.1025552468725481,0.0,0.0,1.0,0.01551479899888782
2024-07-31 20:00:00+00:00,20260124_212136_37b3f2b4_StateSignal_XLE,0.004292336873731527,0.004292336873731527,1.1072877854140253,1.1072877854140253,0.0,0.0,1.0,0.004292336873731527
2024-08-01 20:00:00+00:00,20260124_212136_37b3f2b4_StateSignal_XLE,-0.025149930962497073,-0.025149930962497073,1.0794395740552463,1.0794395740552463,0.0,0.0,1.0,-0.025149930962497073
2024-08-02 20:00:00+00:00,20260124_212136_37b3f2b4_StateSignal_XLE,-0.02627408937017969,-0.02627408937017969,1.05107828221681,1.05107828221681,0.0,0.0,1.0,-0.02627408937017969
2024-08-05 20:00:00+00:00,20260124_212136_37b3f2b4_StateSignal_XLE,-0.020653952251703682,-0.020653952251703682,1.0293693615631014,1.0293693615631014,0.0,0.0,1.0,-0.020653952251703682
2024-08-06 20:00:00+00:00,20260124_212136_37b3f2b4_StateSignal_XLE,-0.001447876700814308,-0.001447876700814308,1.0278789616479622,1.0278789616479622,0.0,0.0,1.0,-0.001447876700814308
2024-08-07 20:00:00+00:00,20260124_212136_37b3f2b4_StateSignal_XLE,-0.011953285999587384,-0.011953285999587384,1.0155924304464252,1.0155924304464252,0.0,0.0,1.0,-0.011953285999587384
2024-08-08 20:00:00+00:00,20260124_212136_37b3f2b4_StateSignal_XLE,0.013276629347018445,0.013276629347018445,1.0290760747130998,1.0290760747130998,0.0,0.0,1.0,0.013276629347018445
2024-08-09 20:00:00+00:00,20260124_212136_37b3f2b4_StateSignal_XLE,0.0058927689671506465,0.0058927689671506465,1.0351401822710062,1.0351401822710062,0.0,0.0,1.0,0.0058927689671506465
2024-08-12 20:00:00+00:00,20260124_212136_37b3f2b4_StateSignal_XLE,0.005390848634876723,0.005390848634876723,1.040720466309508,1.040720466309508,0.0,0.0,1.0,0.005390848634876723
2024-08-13 20:00:00+00:00,20260124_212136_37b3f2b4_StateSignal_XLE,-0.0016515280384731374,-0.0016515280384731374,1.039001687279185,1.039001687279185,0.0,0.0,1.0,-0.0016515280384731374
2024-08-14 20:00:00+00:00,20260124_212136_37b3f2b4_StateSignal_XLE,0.005651062837058769,0.005651062837058769,1.0448731511018097,1.0448731511018097,0.0,0.0,1.0,0.005651062837058769
2024-08-15 20:00:00+00:00,20260124_212136_37b3f2b4_StateSignal_XLE,0.0,0.0,1.0448731511018097,1.0448731511018097,0.0,0.0,0.0,0.0
2024-08-16 20:00:00+00:00,20260124_212136_37b3f2b4_StateSignal_XLE,-0.0011602275347223881,-0.0011602275347223881,1.0436608605016093,1.0436608605016093,0.0,0.0,1.0,-0.0011602275347223881
2024-08-19 20:00:00+00:00,20260124_212136_37b3f2b4_StateSignal_XLE,0.006249297042193885,0.006249297042193885,1.0501830072301956,1.0501830072301956,0.0,0.0,1.0,0.006249297042193885
2024-08-20 20:00:00+00:00,20260124_212136_37b3f2b4_StateSignal_XLE,-0.020628954689527995,-0.020628954689527995,1.0285188295583316,1.0285188295583316,0.0,0.0,1.0,-0.020628954689527995
2024-08-21 20:00:00+00:00,20260124_212136_37b3f2b4_StateSignal_XLE,0.0009469697677357118,0.0009469697677357118,1.0294928057954704,1.0294928057954704,0.0,0.0,1.0,0.0009469697677357118
2024-08-22 20:00:00+00:00,20260124_212136_37b3f2b4_StateSignal_XLE,-0.0009431738496874512,-0.0009431738496874512,1.0285218151026028,1.0285218151026028,0.0,0.0,1.0,-0.0009431738496874512
2024-08-23 20:00:00+00:00,20260124_212136_37b3f2b4_StateSignal_XLE,0.00653292104162312,0.00653292104162312,1.035241066910255,1.035241066910255,0.0,0.0,1.0,0.00653292104162312
2024-08-26 20:00:00+00:00,20260124_212136_37b3f2b4_StateSignal_XLE,-0.005053996514724587,-0.005053996514724587,1.0300089621661908,1.0300089621661908,0.0,0.0,1.0,-0.005053996514724587
2024-08-27 20:00:00+00:00,20260124_212136_37b3f2b4_StateSignal_XLE,-0.009255040610561828,-0.009255040610561828,1.0204761873921,1.0204761873921,0.0,0.0,1.0,-0.009255040610561828
2024-08-28 20:00:00+00:00,20260124_212136_37b3f2b4_StateSignal_XLE,-0.0067638741836503246,-0.0067638741836503246,1.0135738148531688,1.0135738148531688,0.0,0.0,1.0,-0.0067638741836503246
2024-08-29 20:00:00+00:00,20260124_212136_37b3f2b4_StateSignal_XLE,0.012327170868978814,0.012327170868978814,1.0260683124571863,1.0260683124571863,0.0,0.0,1.0,0.012327170868978814
2024-08-30 20:00:00+00:00,20260124_212136_37b3f2b4_StateSignal_XLE,0.006472514505617552,0.006472514505617552,1.0327095544933198,1.0327095544933198,0.0,0.0,1.0,0.006472514505617552
2024-09-03 20:00:00+00:00,20260124_212136_37b3f2b4_StateSignal_XLE,-0.003298777732230605,-0.003298777732230605,1.0293028752110953,1.0293028752110953,0.0,0.0,1.0,-0.003298777732230605
2024-09-04 20:00:00+00:00,20260124_212136_37b3f2b4_StateSignal_XLE,-0.015205804977415487,-0.015205804977415487,1.0136514964279424,1.0136514964279424,0.0,0.0,1.0,-0.015205804977415487
2024-09-05 20:00:00+00:00,20260124_212136_37b3f2b4_StateSignal_XLE,-0.00720810425079437,-0.00720810425079437,1.0063449907677162,1.0063449907677162,0.0,0.0,1.0,-0.00720810425079437
2024-09-06 20:00:00+00:00,20260124_212136_37b3f2b4_StateSignal_XLE,-0.012618463959211816,-0.012618463959211816,0.9936464627711804,0.9936464627711804,0.0,0.0,1.0,-0.012618463959211816
2024-09-09 20:00:00+00:00,20260124_212136_37b3f2b4_StateSignal_XLE,0.0024295444409393784,0.0024295444409393784,0.9960605710110653,0.9960605710110653,0.0,0.0,1.0,0.0024295444409393784
2024-09-10 20:00:00+00:00,20260124_212136_37b3f2b4_StateSignal_XLE,-0.01713208813612664,-0.01713208813612664,0.978995973519583,0.978995973519583,0.0,0.0,1.0,-0.01713208813612664
2024-09-11 20:00:00+00:00,20260124_212136_37b3f2b4_StateSignal_XLE,-0.0004982561139451913,-0.0004982561139451913,0.9785081827902492,0.9785081827902492,0.0,0.0,1.0,-0.0004982561139451913
2024-09-12 20:00:00+00:00,20260124_212136_37b3f2b4_StateSignal_XLE,0.005692380177226723,0.005692380177226723,0.9840782233732185,0.9840782233732185,0.0,0.0,1.0,0.005692380177226723
2024-09-13 20:00:00+00:00,20260124_212136_37b3f2b4_StateSignal_XLE,0.005169242279838466,0.005169242279838466,0.9891651621321476,0.9891651621321476,0.0,0.0,1.0,0.005169242279838466
2024-09-16 20:00:00+00:00,20260124_212136_37b3f2b4_StateSignal_XLE,0.0038901094522886537,0.0038901094522886537,0.9930131228792325,0.9930131228792325,0.0,0.0,1.0,0.0038901094522886537
2024-09-17 20:00:00+00:00,20260124_212136_37b3f2b4_StateSignal_XLE,0.008414522541645769,0.008414522541645769,1.0013688541858499,1.0013688541858499,0.0,0.0,1.0,0.008414522541645769
2024-09-18 20:00:00+00:00,20260124_212136_37b3f2b4_StateSignal_XLE,0.0019134184264001993,0.0019134184264001993,1.0032848918030723,1.0032848918030723,0.0,0.0,1.0,0.0019134184264001993
2024-09-19 20:00:00+00:00,20260124_212136_37b3f2b4_StateSignal_XLE,0.011876624162578793,0.011876624162578793,1.015200529391011,1.015200529391011,0.0,0.0,1.0,0.011876624162578793
2024-09-20 20:00:00+00:00,20260124_212136_37b3f2b4_StateSignal_XLE,0.008081812469914247,0.008081812469914247,1.0234051896889067,1.0234051896889067,0.0,0.0,1.0,0.008081812469914247
2024-09-23 20:00:00+00:00,20260124_212136_37b3f2b4_StateSignal_XLE,0.0025764155251802347,0.0025764155251802347,1.0260419067081712,1.0260419067081712,0.0,0.0,1.0,0.0025764155251802347
2024-09-24 20:00:00+00:00,20260124_212136_37b3f2b4_StateSignal_XLE,-0.010263677690059085,-0.010263677690059085,1.0155109432812248,1.0155109432812248,0.0,0.0,1.0,-0.010263677690059085
2024-09-25 20:00:00+00:00,20260124_212136_37b3f2b4_StateSignal_XLE,0.0,0.0,1.0155109432812248,1.0155109432812248,0.0,0.0,0.0,-0.0
2024-09-26 20:00:00+00:00,20260124_212136_37b3f2b4_StateSignal_XLE,-0.007292205381752728,-0.007292205381752728,1.0081056289154007,1.0081056289154007,0.0,0.0,1.0,-0.007292205381752728
2024-09-27 20:00:00+00:00,20260124_212136_37b3f2b4_StateSignal_XLE,0.01106312389877338,0.01106312389877338,1.0192584263911426,1.0192584263911426,0.0,0.0,1.0,0.01106312389877338
2024-09-30 20:00:00+00:00,20260124_212136_37b3f2b4_StateSignal_XLE,0.013381322726379024,0.013381322726379024,1.0328974523362637,1.0328974523362637,0.0,0.0,1.0,0.013381322726379024
2024-10-01 20:00:00+00:00,20260124_212136_37b3f2b4_StateSignal_XLE,0.01898568687810888,0.01898568687810888,1.0525077199435164,1.0525077199435164,0.0,0.0,1.0,0.01898568687810888
2024-10-02 20:00:00+00:00,20260124_212136_37b3f2b4_StateSignal_XLE,0.002990914457847379,0.002990914457847379,1.0556556805000914,1.0556556805000914,0.0,0.0,1.0,0.002990914457847379
2024-10-03 20:00:00+00:00,20260124_212136_37b3f2b4_StateSignal_XLE,0.01799797984046819,0.01799797984046819,1.0746553501562077,1.0746553501562077,0.0,0.0,1.0,0.01799797984046819
2024-10-04 20:00:00+00:00,20260124_212136_37b3f2b4_StateSignal_XLE,0.004931639674649016,0.004931639674649016,1.0799551631176119,1.0799551631176119,0.0,0.0,1.0,0.004931639674649016
2024-10-07 20:00:00+00:00,20260124_212136_37b3f2b4_StateSignal_XLE,-0.0028924260904008734,-0.0028924260904008734,1.0768314726273474,1.0768314726273474,0.0,0.0,1.0,-0.0028924260904008734
2024-10-08 20:00:00+00:00,20260124_212136_37b3f2b4_StateSignal_XLE,-0.026873018251096316,-0.026873018251096316,1.0478937608100778,1.0478937608100778,0.0,0.0,1.0,-0.026873018251096316
2024-10-09 20:00:00+00:00,20260124_212136_37b3f2b4_StateSignal_XLE,0.005933381167841745,0.005933381167841745,1.0541113139163671,1.0541113139163671,0.0,0.0,1.0,0.005933381167841745
2024-10-10 20:00:00+00:00,20260124_212136_37b3f2b4_StateSignal_XLE,0.008844597853981407,0.008844597853981407,1.0634345045812894,1.0634345045812894,0.0,0.0,1.0,0.008844597853981407
2024-10-11 20:00:00+00:00,20260124_212136_37b3f2b4_StateSignal_XLE,0.003150317636945319,0.003150317636945319,1.0667846610568081,1.0667846610568081,0.0,0.0,1.0,0.003150317636945319
2024-10-14 20:00:00+00:00,20260124_212136_37b3f2b4_StateSignal_XLE,0.002026343145232501,0.002026343145232501,1.0689463328421798,1.0689463328421798,0.0,0.0,1.0,0.002026343145232501
2024-10-15 20:00:00+00:00,20260124_212136_37b3f2b4_StateSignal_XLE,-0.002777779563902191,-0.002777779563902191,1.0659770355639024,1.0659770355639024,0.0,0.0,1.0,-0.002777779563902191
2024-10-16 20:00:00+00:00,20260124_212136_37b3f2b4_StateSignal_XLE,0.0,0.0,1.0659770355639024,1.0659770355639024,0.0,0.0,0.0,0.0
2024-10-17 20:00:00+00:00,20260124_212136_37b3f2b4_StateSignal_XLE,-0.0018365478073014,-0.0018365478073014,1.064019317776604,1.064019317776604,0.0,0.0,1.0,-0.0018365478073014
2024-10-18 20:00:00+00:00,20260124_212136_37b3f2b4_StateSignal_XLE,-0.003683245416296253,-0.003683245416296253,1.0601002735015526,1.0601002735015526,0.0,0.0,1.0,-0.003683245416296253
2024-10-21 20:00:00+00:00,20260124_212136_37b3f2b4_StateSignal_XLE,-0.008974861760698238,-0.008974861760698238,1.0505860200943977,1.0505860200943977,0.0,0.0,1.0,-0.008974861760698238
2024-10-22 20:00:00+00:00,20260124_212136_37b3f2b4_StateSignal_XLE,0.00161681522690591,0.00161681522690591,1.0522846235688608,1.0522846235688608,0.0,0.0,1.0,0.00161681522690591
2024-10-23 20:00:00+00:00,20260124_212136_37b3f2b4_StateSignal_XLE,-0.005322238642115942,-0.005322238642115942,1.0466841136827982,1.0466841136827982,0.0,0.0,1.0,-0.005322238642115942
2024-10-24 20:00:00+00:00,20260124_212136_37b3f2b4_StateSignal_XLE,-0.0011607662359621172,-0.0011607662359621172,1.0454691581039173,1.0454691581039173,0.0,0.0,1.0,-0.0011607662359621172
2024-10-25 20:00:00+00:00,20260124_212136_37b3f2b4_StateSignal_XLE,0.0009287207540067624,0.0009287207540067624,1.0464401070087224,1.0464401070087224,0.0,0.0,1.0,0.0009287207540067624
2024-10-28 20:00:00+00:00,20260124_212136_37b3f2b4_StateSignal_XLE,-0.00675284903999535,-0.00675284903999535,1.0393736549366959,1.0393736549366959,0.0,0.0,1.0,-0.00675284903999535
2024-10-29 20:00:00+00:00,20260124_212136_37b3f2b4_StateSignal_XLE,-0.0054392944794431205,-0.0054392944794431205,1.03372019555332,1.03372019555332,0.0,0.0,1.0,-0.0054392944794431205
2024-10-30 20:00:00+00:00,20260124_212136_37b3f2b4_StateSignal_XLE,-0.004017493292059942,-0.004017493292059942,1.0295672316018176,1.0295672316018176,0.0,0.0,1.0,-0.004017493292059942
2024-10-31 20:00:00+00:00,20260124_212136_37b3f2b4_StateSignal_XLE,-0.0032879315669894302,-0.0032879315669894302,1.026182085000696,1.026182085000696,0.0,0.0,1.0,-0.0032879315669894302
2024-11-01 20:00:00+00:00,20260124_212136_37b3f2b4_StateSignal_XLE,-0.020396909207572457,-0.020396909207572457,1.0052511421824994,1.0052511421824994,0.0,0.0,1.0,-0.020396909207572457
2024-11-04 21:00:00+00:00,20260124_212136_37b3f2b4_StateSignal_XLE,0.017608155366728984,0.017608155366728984,1.0229517604766305,1.0229517604766305,0.0,0.0,1.0,0.017608155366728984
2024-11-05 21:00:00+00:00,20260124_212136_37b3f2b4_StateSignal_XLE,0.0020826109575260744,0.0020826109575260744,1.0250821710220197,1.0250821710220197,0.0,0.0,1.0,0.0020826109575260744
2024-11-06 21:00:00+00:00,20260124_212136_37b3f2b4_StateSignal_XLE,0.013001752309179902,0.013001752309179902,1.0384100355062045,1.0384100355062045,0.0,0.0,1.0,0.013001752309179902
2024-11-07 21:00:00+00:00,20260124_212136_37b3f2b4_StateSignal_XLE,0.005832228285975509,0.005832228285975509,1.0444662798877247,1.0444662798877247,0.0,0.0,1.0,0.005832228285975509
2024-11-08 21:00:00+00:00,20260124_212136_37b3f2b4_StateSignal_XLE,0.00736363920866141,0.00736363920866141,1.0521573527384305,1.0521573527384305,0.0,0.0,1.0,0.00736363920866141
2024-11-11 21:00:00+00:00,20260124_212136_37b3f2b4_StateSignal_XLE,0.005763704716750049,0.005763704716750049,1.0582216770351722,1.0582216770351722,0.0,0.0,1.0,0.005763704716750049
2024-11-12 21:00:00+00:00,20260124_212136_37b3f2b4_StateSignal_XLE,0.0,0.0,1.0582216770351722,1.0582216770351722,0.0,0.0,0.0,-0.0
2024-11-13 21:00:00+00:00,20260124_212136_37b3f2b4_StateSignal_XLE,0.0,0.0,1.0582216770351722,1.0582216770351722,0.0,0.0,0.0,0.0
2024-11-14 21:00:00+00:00,20260124_212136_37b3f2b4_StateSignal_XLE,0.004180884074447798,0.004180884074447798,1.0626459791919238,1.0626459791919238,0.0,0.0,1.0,0.004180884074447798
2024-11-15 21:00:00+00:00,20260124_212136_37b3f2b4_StateSignal_XLE,-0.008766218749720705,-0.008766218749720705,1.0533305920848162,1.0533305920848162,0.0,0.0,1.0,-0.008766218749720705
2024-11-18 21:00:00+00:00,20260124_212136_37b3f2b4_StateSignal_XLE,0.0060989080357650004,0.0060989080357650004,1.0597547584971994,1.0597547584971994,0.0,0.0,1.0,0.0060989080357650004
2024-11-19 21:00:00+00:00,20260124_212136_37b3f2b4_StateSignal_XLE,-0.0032718973457602986,-0.0032718973457602986,1.0562873497157155,1.0562873497157155,0.0,0.0,1.0,-0.0032718973457602986
2024-11-20 21:00:00+00:00,20260124_212136_37b3f2b4_StateSignal_XLE,0.01021636969857183,0.01021636969857183,1.0670787717883359,1.0670787717883359,0.0,0.0,1.0,0.01021636969857183
2024-11-21 21:00:00+00:00,20260124_212136_37b3f2b4_StateSignal_XLE,0.007969886020527095,0.007969886020527095,1.0755832679744128,1.0755832679744128,0.0,0.0,1.0,0.007969886020527095
2024-11-22 21:00:00+00:00,20260124_212136_37b3f2b4_StateSignal_XLE,-0.0034224632337258435,-0.0034224632337258435,1.0719021237849597,1.0719021237849597,0.0,0.0,1.0,-0.0034224632337258435
2024-11-25 21:00:00+00:00,20260124_212136_37b3f2b4_StateSignal_XLE,-0.02078446761807159,-0.02078446761807159,1.049623208803409,1.049623208803409,0.0,0.0,1.0,-0.02078446761807159
2024-11-26 21:00:00+00:00,20260124_212136_37b3f2b4_StateSignal_XLE,-0.002405687327513298,-0.002405687327513298,1.0470981435513267,1.0470981435513267,0.0,0.0,1.0,-0.002405687327513298
2024-11-27 21:00:00+00:00,20260124_212136_37b3f2b4_StateSignal_XLE,-0.006986927986680239,-0.006986927986680239,1.039782144227347,1.039782144227347,0.0,0.0,1.0,-0.006986927986680239
2024-11-29 21:00:00+00:00,20260124_212136_37b3f2b4_StateSignal_XLE,0.0,0.0,1.039782144227347,1.039782144227347,0.0,0.0,0.0,-0.0
2024-12-02 21:00:00+00:00,20260124_212136_37b3f2b4_StateSignal_XLE,0.0,0.0,1.039782144227347,1.039782144227347,0.0,0.0,0.0,-0.0
2024-12-03 21:00:00+00:00,20260124_212136_37b3f2b4_StateSignal_XLE,0.0,0.0,1.039782144227347,1.039782144227347,0.0,0.0,0.0,-0.0
2024-12-04 21:00:00+00:00,20260124_212136_37b3f2b4_StateSignal_XLE,0.0,0.0,1.039782144227347,1.039782144227347,0.0,0.0,0.0,-0.0
2024-12-05 21:00:00+00:00,20260124_212136_37b3f2b4_StateSignal_XLE,0.0,0.0,1.039782144227347,1.039782144227347,0.0,0.0,0.0,-0.0
2024-12-06 21:00:00+00:00,20260124_212136_37b3f2b4_StateSignal_XLE,0.0,0.0,1.039782144227347,1.039782144227347,0.0,0.0,0.0,-0.0
2024-12-09 21:00:00+00:00,20260124_212136_37b3f2b4_StateSignal_XLE,0.0,0.0,1.039782144227347,1.039782144227347,0.0,0.0,0.0,-0.0
2024-12-10 21:00:00+00:00,20260124_212136_37b3f2b4_StateSignal_XLE,-0.0032258092488826008,-0.0032258092488826008,1.0364280053696753,1.0364280053696753,0.0,0.0,1.0,-0.0032258092488826008
2024-12-11 21:00:00+00:00,20260124_212136_37b3f2b4_StateSignal_XLE,0.0,0.0,1.0364280053696753,1.0364280053696753,0.0,0.0,0.0,0.0
2024-12-12 21:00:00+00:00,20260124_212136_37b3f2b4_StateSignal_XLE,0.0,0.0,1.0364280053696753,1.0364280053696753,0.0,0.0,0.0,-0.0
2024-12-13 21:00:00+00:00,20260124_212136_37b3f2b4_StateSignal_XLE,0.0,0.0,1.0364280053696753,1.0364280053696753,0.0,0.0,0.0,0.0
2024-12-16 21:00:00+00:00,20260124_212136_37b3f2b4_StateSignal_XLE,-0.012811563134200255,-0.012811563134200255,1.0231497425448284,1.0231497425448284,0.0,0.0,1.0,-0.012811563134200255
2024-12-17 21:00:00+00:00,20260124_212136_37b3f2b4_StateSignal_XLE,0.007973945839144056,0.007973945839144056,1.0313082831772151,1.0313082831772151,0.0,0.0,1.0,0.007973945839144056
2024-12-18 21:00:00+00:00,20260124_212136_37b3f2b4_StateSignal_XLE,0.0,0.0,1.0313082831772151,1.0313082831772151,0.0,0.0,0.0,-0.0
2024-12-19 21:00:00+00:00,20260124_212136_37b3f2b4_StateSignal_XLE,-0.016857117066422903,-0.016857117066422903,1.0139233987161251,1.0139233987161251,0.0,0.0,1.0,-0.016857117066422903
2024-12-20 21:00:00+00:00,20260124_212136_37b3f2b4_StateSignal_XLE,0.007954304927268395,0.007954304927268395,1.0219884546024054,1.0219884546024054,0.0,0.0,1.0,0.007954304927268395
2024-12-23 21:00:00+00:00,20260124_212136_37b3f2b4_StateSignal_XLE,0.0030788103842601146,0.0030788103842601146,1.0251349632690292,1.0251349632690292,0.0,0.0,1.0,0.0030788103842601146
2024-12-24 21:00:00+00:00,20260124_212136_37b3f2b4_StateSignal_XLE,0.010060200169830431,0.010060200169830431,1.0354480262006074,1.0354480262006074,0.0,0.0,1.0,0.010060200169830431
2024-12-26 21:00:00+00:00,20260124_212136_37b3f2b4_StateSignal_XLE,0.004655159699039889,0.004655159699039889,1.0402682021226268,1.0402682021226268,0.0,0.0,1.0,0.004655159699039889
2024-12-27 21:00:00+00:00,20260124_212136_37b3f2b4_StateSignal_XLE,-0.005361943141385094,-0.005361943141385094,1.0346903431710543,1.0346903431710543,0.0,0.0,1.0,-0.005361943141385094
2024-12-30 21:00:00+00:00,20260124_212136_37b3f2b4_StateSignal_XLE,0.0044106908064885965,0.0044106908064885965,1.0392540423552417,1.0392540423552417,0.0,0.0,1.0,0.0044106908064885965
2024-12-31 21:00:00+00:00,20260124_212136_37b3f2b4_StateSignal_XLE,0.007022670828148872,0.007022670828148872,1.0465523814015256,1.0465523814015256,0.0,0.0,1.0,0.007022670828148872
2025-01-02 21:00:00+00:00,20260124_212136_37b3f2b4_StateSignal_XLE,0.011754963231443654,0.011754963231443654,1.0588545661646804,1.0588545661646804,0.0,0.0,1.0,0.011754963231443654
2025-01-03 21:00:00+00:00,20260124_212136_37b3f2b4_StateSignal_XLE,0.009258226367372583,0.009258226367372583,1.0686576814283593,1.0686576814283593,0.0,0.0,1.0,0.009258226367372583
2025-01-06 21:00:00+00:00,20260124_212136_37b3f2b4_StateSignal_XLE,-0.0042623791740006725,-0.0042623791740006725,1.0641026571829033,1.0641026571829033,0.0,0.0,1.0,-0.0042623791740006725
2025-01-07 21:00:00+00:00,20260124_212136_37b3f2b4_StateSignal_XLE,0.010387251089290233,0.010387251089290233,1.075155758667843,1.075155758667843,0.0,0.0,1.0,0.010387251089290233
2025-01-08 21:00:00+00:00,20260124_212136_37b3f2b4_StateSignal_XLE,0.005177700435171929,0.005177700435171929,1.0807225931073752,1.0807225931073752,0.0,0.0,1.0,0.005177700435171929
2025-01-10 21:00:00+00:00,20260124_212136_37b3f2b4_StateSignal_XLE,0.0037488328815194682,0.0037488328815194682,1.084774041500217,1.084774041500217,0.0,0.0,1.0,0.0037488328815194682
2025-01-13 21:00:00+00:00,20260124_212136_37b3f2b4_StateSignal_XLE,0.007117467768864579,0.007117467768864579,1.0924948857770957,1.0924948857770957,0.0,0.0,1.0,0.007117467768864579
2025-01-14 21:00:00+00:00,20260124_212136_37b3f2b4_StateSignal_XLE,0.010016018174745709,0.010016018174745709,1.103437334408856,1.103437334408856,0.0,0.0,1.0,0.010016018174745709
2025-01-15 21:00:00+00:00,20260124_212136_37b3f2b4_StateSignal_XLE,0.013945345202905229,0.013945345202905229,1.118825148946961,1.118825148946961,0.0,0.0,1.0,0.013945345202905229
2025-01-16 21:00:00+00:00,20260124_212136_37b3f2b4_StateSignal_XLE,0.0031090409231969906,0.0031090409231969906,1.122303622120939,1.122303622120939,0.0,0.0,1.0,0.0031090409231969906
2025-01-17 21:00:00+00:00,20260124_212136_37b3f2b4_StateSignal_XLE,0.0017613390727011225,0.0017613390727011225,1.1242803793420146,1.1242803793420146,0.0,0.0,1.0,0.0017613390727011225
2025-01-21 21:00:00+00:00,20260124_212136_37b3f2b4_StateSignal_XLE,0.001549872999276033,0.001549872999276033,1.1260228711455726,1.1260228711455726,0.0,0.0,1.0,0.001549872999276033
2025-01-22 21:00:00+00:00,20260124_212136_37b3f2b4_StateSignal_XLE,0.0,0.0,1.1260228711455726,1.1260228711455726,0.0,0.0,0.0,-0.0
2025-01-23 21:00:00+00:00,20260124_212136_37b3f2b4_StateSignal_XLE,-0.00044843050078822696,-0.00044843050078822696,1.1255179281455658,1.1255179281455658,0.0,0.0,1.0,-0.00044843050078822696
2025-01-24 21:00:00+00:00,20260124_212136_37b3f2b4_StateSignal_XLE,0.0,0.0,1.1255179281455658,1.1255179281455658,0.0,0.0,0.0,-0.0
2025-01-27 21:00:00+00:00,20260124_212136_37b3f2b4_StateSignal_XLE,0.0025180281131040477,0.0025180281131040477,1.128352013930439,1.128352013930439,0.0,0.0,1.0,0.0025180281131040477
2025-01-28 21:00:00+00:00,20260124_212136_37b3f2b4_StateSignal_XLE,0.0,0.0,1.128352013930439,1.128352013930439,0.0,0.0,0.0,-0.0
2025-01-29 21:00:00+00:00,20260124_212136_37b3f2b4_StateSignal_XLE,0.0016149501721928513,0.0016149501721928513,1.1301742462096303,1.1301742462096303,0.0,0.0,1.0,0.0016149501721928513
2025-01-30 21:00:00+00:00,20260124_212136_37b3f2b4_StateSignal_XLE,-0.0011458692671224209,-0.0011458692671224209,1.1288792142744053,1.1288792142744053,0.0,0.0,1.0,-0.0011458692671224209
2025-01-31 21:00:00+00:00,20260124_212136_37b3f2b4_StateSignal_XLE,-0.01404517470304773,-0.01404517470304773,1.1130239084912819,1.1130239084912819,0.0,0.0,1.0,-0.01404517470304773
2025-02-03 21:00:00+00:00,20260124_212136_37b3f2b4_StateSignal_XLE,0.008476622453291111,0.008476622453291111,1.122458591945049,1.122458591945049,0.0,0.0,1.0,0.008476622453291111
2025-02-04 21:00:00+00:00,20260124_212136_37b3f2b4_StateSignal_XLE,0.01084834643701306,0.01084834643701306,1.1346354116116706,1.1346354116116706,0.0,0.0,1.0,0.01084834643701306
2025-02-05 21:00:00+00:00,20260124_212136_37b3f2b4_StateSignal_XLE,0.003673098711861077,0.003673098711861077,1.1388030394804936,1.1388030394804936,0.0,0.0,1.0,0.003673098711861077
2025-02-06 21:00:00+00:00,20260124_212136_37b3f2b4_StateSignal_XLE,-0.017568644202323524,-0.017568644202323524,1.1187958140633363,1.1187958140633363,0.0,0.0,1.0,-0.017568644202323524
2025-02-07 21:00:00+00:00,20260124_212136_37b3f2b4_StateSignal_XLE,-0.0034944706497739837,-0.0034944706497739837,1.114886214928002,1.114886214928002,0.0,0.0,1.0,-0.0034944706497739837
2025-02-10 21:00:00+00:00,20260124_212136_37b3f2b4_StateSignal_XLE,0.009176481003047852,0.009176481003047852,1.125116947099849,1.125116947099849,0.0,0.0,1.0,0.009176481003047852
2025-02-11 21:00:00+00:00,20260124_212136_37b3f2b4_StateSignal_XLE,0.007734342468148891,0.007734342468148891,1.1338189868854374,1.1338189868854374,0.0,0.0,1.0,0.007734342468148891
2025-02-12 21:00:00+00:00,20260124_212136_37b3f2b4_StateSignal_XLE,0.0,0.0,1.1338189868854374,1.1338189868854374,0.0,0.0,0.0,-0.0
2025-02-13 21:00:00+00:00,20260124_212136_37b3f2b4_StateSignal_XLE,0.009257182515856886,0.009257182515856886,1.1443149561869799,1.1443149561869799,0.0,0.0,1.0,0.009257182515856886
2025-02-14 21:00:00+00:00,20260124_212136_37b3f2b4_StateSignal_XLE,-0.013450561839488848,-0.013450561839488848,1.128923277104935,1.128923277104935,0.0,0.0,1.0,-0.013450561839488848
2025-02-18 21:00:00+00:00,20260124_212136_37b3f2b4_StateSignal_XLE,0.01344749609196142,0.01344749609196142,1.144104468461928,1.144104468461928,0.0,0.0,1.0,0.01344749609196142
2025-02-19 21:00:00+00:00,20260124_212136_37b3f2b4_StateSignal_XLE,0.0,0.0,1.144104468461928,1.144104468461928,0.0,0.0,0.0,-0.0
2025-02-20 21:00:00+00:00,20260124_212136_37b3f2b4_StateSignal_XLE,0.008721960692302128,0.008721960692302128,1.15408330266374,1.15408330266374,0.0,0.0,1.0,0.008721960692302128
2025-02-21 21:00:00+00:00,20260124_212136_37b3f2b4_StateSignal_XLE,-0.012198027910960151,-0.012198027910960151,1.1400057623262747,1.1400057623262747,0.0,0.0,1.0,-0.012198027910960151
2025-02-24 21:00:00+00:00,20260124_212136_37b3f2b4_StateSignal_XLE,0.0006815858494014671,0.0006815858494014671,1.1407827741221124,1.1407827741221124,0.0,0.0,1.0,0.0006815858494014671
2025-02-25 21:00:00+00:00,20260124_212136_37b3f2b4_StateSignal_XLE,-0.01421390276115283,-0.01421390276115283,1.1245677986991425,1.1245677986991425,0.0,0.0,1.0,-0.01421390276115283
2025-02-26 21:00:00+00:00,20260124_212136_37b3f2b4_StateSignal_XLE,-0.003701137697098416,-0.003701137697098416,1.1204056184264342,1.1204056184264342,0.0,0.0,1.0,-0.003701137697098416
2025-02-27 21:00:00+00:00,20260124_212136_37b3f2b4_StateSignal_XLE,-0.0013831260849509446,-0.0013831260849509446,1.118855956189863,1.118855956189863,0.0,0.0,1.0,-0.0013831260849509446
2025-02-28 21:00:00+00:00,20260124_212136_37b3f2b4_StateSignal_XLE,0.01418139045616053,0.01418139045616053,1.1347228893687922,1.1347228893687922,0.0,0.0,1.0,0.01418139045616053
2025-03-03 21:00:00+00:00,20260124_212136_37b3f2b4_StateSignal_XLE,-0.0360565982554678,-0.0360565982554678,1.093808642015538,1.093808642015538,0.0,0.0,1.0,-0.0360565982554678
2025-03-04 21:00:00+00:00,20260124_212136_37b3f2b4_StateSignal_XLE,0.01243142951793314,0.01243142951793314,1.1074062470548602,1.1074062470548602,0.0,0.0,1.0,0.01243142951793314
2025-03-05 21:00:00+00:00,20260124_212136_37b3f2b4_StateSignal_XLE,-0.0004822763536930208,-0.0004822763536930208,1.1068721712079737,1.1068721712079737,0.0,0.0,1.0,-0.0004822763536930208
2025-03-06 21:00:00+00:00,20260124_212136_37b3f2b4_StateSignal_XLE,0.0033710602595840543,0.0033710602595840543,1.1106035039967723,1.1106035039967723,0.0,0.0,1.0,0.0033710602595840543
2025-03-07 21:00:00+00:00,20260124_212136_37b3f2b4_StateSignal_XLE,0.002840911001603721,0.002840911001603721,1.1137586297096964,1.1137586297096964,0.0,0.0,1.0,0.002840911001603721
2025-03-10 20:00:00+00:00,20260124_212136_37b3f2b4_StateSignal_XLE,0.00033714947069807597,0.00033714947069807597,1.1141341328421885,1.1141341328421885,0.0,0.0,1.0,0.00033714947069807597
2025-03-11 20:00:00+00:00,20260124_212136_37b3f2b4_StateSignal_XLE,-0.015489631448598093,-0.015489631448598093,1.0968766057401595,1.0968766057401595,0.0,0.0,1.0,-0.015489631448598093
2025-03-12 20:00:00+00:00,20260124_212136_37b3f2b4_StateSignal_XLE,0.003774479593203327,0.003774479593203327,1.101016744104788,1.101016744104788,0.0,0.0,1.0,0.003774479593203327
2025-03-13 20:00:00+00:00,20260124_212136_37b3f2b4_StateSignal_XLE,-0.00661471818893254,-0.00661471818893254,1.0937338286212388,1.0937338286212388,0.0,0.0,1.0,-0.00661471818893254
2025-03-14 20:00:00+00:00,20260124_212136_37b3f2b4_StateSignal_XLE,0.02142606417267567,0.02142606417267567,1.1171682398211036,1.1171682398211036,0.0,0.0,1.0,0.02142606417267567
2025-03-17 20:00:00+00:00,20260124_212136_37b3f2b4_StateSignal_XLE,0.016227073010489382,0.016227073010489382,1.1352966104136806,1.1352966104136806,0.0,0.0,1.0,0.016227073010489382
2025-03-18 20:00:00+00:00,20260124_212136_37b3f2b4_StateSignal_XLE,-0.0029368596733094486,-0.0029368596733094486,1.1319624035813116,1.1319624035813116,0.0,0.0,1.0,-0.0029368596733094486
2025-03-19 20:00:00+00:00,20260124_212136_37b3f2b4_StateSignal_XLE,0.008272825270425424,0.008272825270425424,1.1413269307588305,1.1413269307588305,0.0,0.0,1.0,0.008272825270425424
2025-03-20 20:00:00+00:00,20260124_212136_37b3f2b4_StateSignal_XLE,0.004221759408986374,0.004221759408986374,1.1461453384674911,1.1461453384674911,0.0,0.0,1.0,0.004221759408986374
2025-03-21 20:00:00+00:00,20260124_212136_37b3f2b4_StateSignal_XLE,-0.003346350027344695,-0.003346350027344695,1.1423099349827694,1.1423099349827694,0.0,0.0,1.0,-0.003346350027344695
2025-03-24 20:00:00+00:00,20260124_212136_37b3f2b4_StateSignal_XLE,0.011332195484526962,0.011332195484526962,1.1552548144699115,1.1552548144699115,0.0,0.0,1.0,0.011332195484526962
2025-03-25 20:00:00+00:00,20260124_212136_37b3f2b4_StateSignal_XLE,-0.00570176983304459,-0.00570176983304459,1.1486678174192875,1.1486678174192875,0.0,0.0,1.0,-0.00570176983304459
2025-03-26 20:00:00+00:00,20260124_212136_37b3f2b4_StateSignal_XLE,0.005045530063240133,0.005045530063240133,1.154463455424753,1.154463455424753,0.0,0.0,1.0,0.005045530063240133
2025-03-27 20:00:00+00:00,20260124_212136_37b3f2b4_StateSignal_XLE,-0.00044159859406110865,-0.00044159859406110865,1.1539536459859425,1.1539536459859425,0.0,0.0,1.0,-0.00044159859406110865
2025-03-28 20:00:00+00:00,20260124_212136_37b3f2b4_StateSignal_XLE,-0.003102151834087136,-0.003102151834087136,1.1503739065665957,1.1503739065665957,0.0,0.0,1.0,-0.003102151834087136
2025-03-31 20:00:00+00:00,20260124_212136_37b3f2b4_StateSignal_XLE,0.009704531389177951,0.009704531389177951,1.1615377462521623,1.1615377462521623,0.0,0.0,1.0,0.009704531389177951
2025-04-01 20:00:00+00:00,20260124_212136_37b3f2b4_StateSignal_XLE,0.010526412986987716,0.010526412986987716,1.1737645722691876,1.1737645722691876,0.0,0.0,1.0,0.010526412986987716
2025-04-02 20:00:00+00:00,20260124_212136_37b3f2b4_StateSignal_XLE,0.0006542362025960831,0.0006542362025960831,1.1745324915456907,1.1745324915456907,0.0,0.0,1.0,0.0006542362025960831
2025-04-03 20:00:00+00:00,20260124_212136_37b3f2b4_StateSignal_XLE,-0.03802915939921021,-0.03802915939921021,1.1298660082051482,1.1298660082051482,0.0,0.0,1.0,-0.03802915939921021
2025-04-04 20:00:00+00:00,20260124_212136_37b3f2b4_StateSignal_XLE,-0.038671824638715074,-0.038671824638715074,1.0861720280705935,1.0861720280705935,0.0,0.0,1.0,-0.038671824638715074
2025-04-07 20:00:00+00:00,20260124_212136_37b3f2b4_StateSignal_XLE,0.03787119234212565,0.03787119234212565,1.1273066578622917,1.1273066578622917,0.0,0.0,1.0,0.03787119234212565
2025-04-08 20:00:00+00:00,20260124_212136_37b3f2b4_StateSignal_XLE,-0.04459170426202469,-0.04459170426202469,1.0770381327622849,1.0770381327622849,0.0,0.0,1.0,-0.04459170426202469
2025-04-09 20:00:00+00:00,20260124_212136_37b3f2b4_StateSignal_XLE,0.03445934333905347,0.03445934333905347,1.1141521595683934,1.1141521595683934,0.0,0.0,1.0,0.03445934333905347
2025-04-10 20:00:00+00:00,20260124_212136_37b3f2b4_StateSignal_XLE,-0.024978293486755274,-0.024978293486755274,1.0863225399377918,1.0863225399377918,0.0,0.0,1.0,-0.024978293486755274
2025-04-11 20:00:00+00:00,20260124_212136_37b3f2b4_StateSignal_XLE,0.024725089085511152,0.024725089085511152,1.1131819615133525,1.1131819615133525,0.0,0.0,1.0,0.024725089085511152
2025-04-14 20:00:00+00:00,20260124_212136_37b3f2b4_StateSignal_XLE,0.002594708253872624,0.002594708253872624,1.1160703439369533,1.1160703439369533,0.0,0.0,1.0,0.002594708253872624
2025-04-15 20:00:00+00:00,20260124_212136_37b3f2b4_StateSignal_XLE,-0.012630661535553056,-0.012630661535553056,1.1019736371728173,1.1019736371728173,0.0,0.0,1.0,-0.012630661535553056
2025-04-16 20:00:00+00:00,20260124_212136_37b3f2b4_StateSignal_XLE,0.008266644854793219,0.008266644854793219,1.1110832618706696,1.1110832618706696,0.0,0.0,1.0,0.008266644854793219
2025-04-17 20:00:00+00:00,20260124_212136_37b3f2b4_StateSignal_XLE,0.022135492259538977,0.022135492259538977,1.135677636813511,1.135677636813511,0.0,0.0,1.0,0.022135492259538977
2025-04-21 20:00:00+00:00,20260124_212136_37b3f2b4_StateSignal_XLE,-0.010797020055001199,-0.010797020055001199,1.1234157025928193,1.1234157025928193,0.0,0.0,1.0,-0.010797020055001199
2025-04-22 20:00:00+00:00,20260124_212136_37b3f2b4_StateSignal_XLE,0.009617892414178923,0.009617892414178923,1.1342205939567565,1.1342205939567565,0.0,0.0,1.0,0.009617892414178923
2025-04-23 20:00:00+00:00,20260124_212136_37b3f2b4_StateSignal_XLE,-0.01079734281319476,-0.01079734281319476,1.12197402537802,1.12197402537802,0.0,0.0,1.0,-0.01079734281319476
2025-04-24 20:00:00+00:00,20260124_212136_37b3f2b4_StateSignal_XLE,0.014785383991149975,0.014785383991149975,1.1385628421713303,1.1385628421713303,0.0,0.0,1.0,0.014785383991149975
2025-04-25 20:00:00+00:00,20260124_212136_37b3f2b4_StateSignal_XLE,0.002992520936454165,0.002992520936454165,1.1419700153139967,1.1419700153139967,0.0,0.0,1.0,0.002992520936454165
2025-04-28 20:00:00+00:00,20260124_212136_37b3f2b4_StateSignal_XLE,0.0017328881672714028,0.0017328881672714028,1.1439489216409129,1.1439489216409129,0.0,0.0,1.0,0.0017328881672714028
2025-04-29 20:00:00+00:00,20260124_212136_37b3f2b4_StateSignal_XLE,-0.0034687844494233006,-0.0034687844494233006,1.1399808094105903,1.1399808094105903,0.0,0.0,1.0,-0.0034687844494233006
2025-04-30 20:00:00+00:00,20260124_212136_37b3f2b4_StateSignal_XLE,0.0020418588002698735,0.0020418588002698735,1.1423084892584243,1.1423084892584243,0.0,0.0,1.0,0.0020418588002698735
2025-05-01 20:00:00+00:00,20260124_212136_37b3f2b4_StateSignal_XLE,0.004578995535687815,0.004578995535687815,1.147539114731117,1.147539114731117,0.0,0.0,1.0,0.004578995535687815
2025-05-02 20:00:00+00:00,20260124_212136_37b3f2b4_StateSignal_XLE,0.011066511329783164,0.011066511329783164,1.1602383693456582,1.1602383693456582,0.0,0.0,1.0,0.011066511329783164
2025-05-05 20:00:00+00:00,20260124_212136_37b3f2b4_StateSignal_XLE,0.0017850317120228865,0.0017850317120228865,1.162309431628446,1.162309431628446,0.0,0.0,1.0,0.0017850317120228865
2025-05-06 20:00:00+00:00,20260124_212136_37b3f2b4_StateSignal_XLE,-0.001018848789102683,-0.001018848789102683,1.1611252140714687,1.1611252140714687,0.0,0.0,1.0,-0.001018848789102683
2025-05-07 20:00:00+00:00,20260124_212136_37b3f2b4_StateSignal_XLE,0.0005095541511526969,0.0005095541511526969,1.1617168702443068,1.1617168702443068,0.0,0.0,1.0,0.0005095541511526969
2025-05-08 20:00:00+00:00,20260124_212136_37b3f2b4_StateSignal_XLE,-0.0035122966362925645,-0.0035122966362925645,1.1576365759886234,1.1576365759886234,0.0,0.0,1.0,-0.0035122966362925645
2025-05-09 20:00:00+00:00,20260124_212136_37b3f2b4_StateSignal_XLE,0.01000258402227246,0.01000258402227246,1.1692159331072052,1.1692159331072052,0.0,0.0,1.0,0.01000258402227246
2025-05-12 20:00:00+00:00,20260124_212136_37b3f2b4_StateSignal_XLE,-0.010375289114017427,-0.010375289114017427,1.1570849797645022,1.1570849797645022,0.0,0.0,1.0,-0.010375289114017427
2025-05-13 20:00:00+00:00,20260124_212136_37b3f2b4_StateSignal_XLE,0.008408457949406251,0.008408457949406251,1.1668142801607415,1.1668142801607415,0.0,0.0,1.0,0.008408457949406251
2025-05-14 20:00:00+00:00,20260124_212136_37b3f2b4_StateSignal_XLE,0.0007221085883645904,0.0007221085883645904,1.167656846773472,1.167656846773472,0.0,0.0,1.0,0.0007221085883645904
2025-05-15 20:00:00+00:00,20260124_212136_37b3f2b4_StateSignal_XLE,0.0043217354180282615,0.0043217354180282615,1.1727031507242762,1.1727031507242762,0.0,0.0,1.0,0.0043217354180282615
2025-05-16 20:00:00+00:00,20260124_212136_37b3f2b4_StateSignal_XLE,0.0009606148673375366,0.0009606148673375366,1.1738296668058357,1.1738296668058357,0.0,0.0,1.0,0.0009606148673375366
2025-05-19 20:00:00+00:00,20260124_212136_37b3f2b4_StateSignal_XLE,0.006584586648625372,0.006584586648625372,1.1815588499576457,1.1815588499576457,0.0,0.0,1.0,0.006584586648625372
2025-05-20 20:00:00+00:00,20260124_212136_37b3f2b4_StateSignal_XLE,-0.004161063401981337,-0.004161063401981337,1.1766423086698,1.1766423086698,0.0,0.0,1.0,-0.004161063401981337
2025-05-21 20:00:00+00:00,20260124_212136_37b3f2b4_StateSignal_XLE,-0.01881709396201833,-0.01881709396201833,1.1545013197878742,1.1545013197878742,0.0,0.0,1.0,-0.01881709396201833
2025-05-22 20:00:00+00:00,20260124_212136_37b3f2b4_StateSignal_XLE,0.007560519884958757,0.007560519884958757,1.1632299499733414,1.1632299499733414,0.0,0.0,1.0,0.007560519884958757
2025-05-23 20:00:00+00:00,20260124_212136_37b3f2b4_StateSignal_XLE,0.005772383953845206,0.005772383953845206,1.1699445598711997,1.1699445598711997,0.0,0.0,1.0,0.005772383953845206
2025-05-27 20:00:00+00:00,20260124_212136_37b3f2b4_StateSignal_XLE,0.004971424606451202,0.004971424606451202,1.1757608510443271,1.1757608510443271,0.0,0.0,1.0,0.004971424606451202
2025-05-28 20:00:00+00:00,20260124_212136_37b3f2b4_StateSignal_XLE,-0.010991866852346514,-0.010991866852346514,1.1628370443194462,1.1628370443194462,0.0,0.0,1.0,-0.010991866852346514
2025-05-29 20:00:00+00:00,20260124_212136_37b3f2b4_StateSignal_XLE,0.007008789642189689,0.007008789642189689,1.1709871245512269,1.1709871245512269,0.0,0.0,1.0,0.007008789642189689
2025-05-30 20:00:00+00:00,20260124_212136_37b3f2b4_StateSignal_XLE,-0.0007542426504643201,-0.0007542426504643201,1.1701039161187459,1.1701039161187459,0.0,0.0,1.0,-0.0007542426504643201
2025-06-02 20:00:00+00:00,20260124_212136_37b3f2b4_StateSignal_XLE,0.0057278204163433,0.0057278204163433,1.176806061218734,1.176806061218734,0.0,0.0,1.0,0.0057278204163433
2025-06-03 20:00:00+00:00,20260124_212136_37b3f2b4_StateSignal_XLE,0.01160363593529725,0.01160363593529725,1.1904612903195675,1.1904612903195675,0.0,0.0,1.0,0.01160363593529725
2025-06-04 20:00:00+00:00,20260124_212136_37b3f2b4_StateSignal_XLE,-0.022761992115095962,-0.022761992115095962,1.1633640198159865,1.1633640198159865,0.0,0.0,1.0,-0.022761992115095962
2025-06-05 20:00:00+00:00,20260124_212136_37b3f2b4_StateSignal_XLE,-0.0025012519293526716,-0.0025012519293526716,1.1604541533168822,1.1604541533168822,0.0,0.0,1.0,-0.0025012519293526716
2025-06-06 20:00:00+00:00,20260124_212136_37b3f2b4_StateSignal_XLE,0.0024618427007770407,0.0024618427007770407,1.1633110089038117,1.1633110089038117,0.0,0.0,1.0,0.0024618427007770407
2025-06-09 20:00:00+00:00,20260124_212136_37b3f2b4_StateSignal_XLE,-0.001471670611456041,-0.001471670611456041,1.1615989982800248,1.1615989982800248,0.0,0.0,1.0,-0.001471670611456041
2025-06-10 20:00:00+00:00,20260124_212136_37b3f2b4_StateSignal_XLE,0.017759863459629936,0.017759863459629936,1.1822288378843209,1.1822288378843209,0.0,0.0,1.0,0.017759863459629936
2025-06-11 20:00:00+00:00,20260124_212136_37b3f2b4_StateSignal_XLE,0.0,0.0,1.1822288378843209,1.1822288378843209,0.0,0.0,0.0,0.0
2025-06-12 20:00:00+00:00,20260124_212136_37b3f2b4_StateSignal_XLE,0.008324462389123148,0.008324462389123148,1.1920702573806257,1.1920702573806257,0.0,0.0,1.0,0.008324462389123148
2025-06-13 20:00:00+00:00,20260124_212136_37b3f2b4_StateSignal_XLE,0.008182395154939681,0.008182395154939681,1.2018242472789644,1.2018242472789644,0.0,0.0,1.0,0.008182395154939681
2025-06-16 20:00:00+00:00,20260124_212136_37b3f2b4_StateSignal_XLE,-0.003031365268727469,-0.003031365268727469,1.1981810789966485,1.1981810789966485,0.0,0.0,1.0,-0.003031365268727469
2025-06-17 20:00:00+00:00,20260124_212136_37b3f2b4_StateSignal_XLE,-0.003232512627721053,-0.003232512627721053,1.1943079435284953,1.1943079435284953,0.0,0.0,1.0,-0.003232512627721053
2025-06-18 20:00:00+00:00,20260124_212136_37b3f2b4_StateSignal_XLE,-0.006729344340743192,-0.006729344340743192,1.1862710341276073,1.1862710341276073,0.0,0.0,1.0,-0.006729344340743192
2025-06-20 20:00:00+00:00,20260124_212136_37b3f2b4_StateSignal_XLE,0.009731309417010297,0.009731309417010297,1.19781500461314,1.19781500461314,0.0,0.0,1.0,0.009731309417010297
2025-06-23 20:00:00+00:00,20260124_212136_37b3f2b4_StateSignal_XLE,-0.02545379684523822,-0.02545379684523822,1.167326064827539,1.167326064827539,0.0,0.0,1.0,-0.02545379684523822
2025-06-24 20:00:00+00:00,20260124_212136_37b3f2b4_StateSignal_XLE,-0.007161644359695331,-0.007161644359695331,1.1589660906994415,1.1589660906994415,0.0,0.0,1.0,-0.007161644359695331
2025-06-25 20:00:00+00:00,20260124_212136_37b3f2b4_StateSignal_XLE,0.0014447389943743852,0.0014447389943743852,1.1606404942038326,1.1606404942038326,0.0,0.0,1.0,0.0014447389943743852
2025-06-26 20:00:00+00:00,20260124_212136_37b3f2b4_StateSignal_XLE,0.007859990447376376,0.007859990447376376,1.169763117401113,1.169763117401113,0.0,0.0,1.0,0.007859990447376376
2025-06-27 20:00:00+00:00,20260124_212136_37b3f2b4_StateSignal_XLE,0.0,0.0,1.169763117401113,1.169763117401113,0.0,0.0,0.0,-0.0
2025-06-30 20:00:00+00:00,20260124_212136_37b3f2b4_StateSignal_XLE,0.0,0.0,1.169763117401113,1.169763117401113,0.0,0.0,0.0,-0.0
2025-07-01 20:00:00+00:00,20260124_212136_37b3f2b4_StateSignal_XLE,0.008126239746928606,0.008126239746928606,1.179268892940229,1.179268892940229,0.0,0.0,1.0,0.008126239746928606
2025-07-02 20:00:00+00:00,20260124_212136_37b3f2b4_StateSignal_XLE,0.016279703647183494,0.016279703647183494,1.1984670410376383,1.1984670410376383,0.0,0.0,1.0,0.016279703647183494
2025-07-03 20:00:00+00:00,20260124_212136_37b3f2b4_StateSignal_XLE,0.00023372677446618752,0.00023372677446618752,1.198747154873444,1.198747154873444,0.0,0.0,1.0,0.00023372677446618752
2025-07-07 20:00:00+00:00,20260124_212136_37b3f2b4_StateSignal_XLE,0.0,0.0,1.198747154873444,1.198747154873444,0.0,0.0,0.0,-0.0
2025-07-08 20:00:00+00:00,20260124_212136_37b3f2b4_StateSignal_XLE,0.0,0.0,1.198747154873444,1.198747154873444,0.0,0.0,0.0,0.0
2025-07-09 20:00:00+00:00,20260124_212136_37b3f2b4_StateSignal_XLE,-0.0032295299119195725,-0.0032295299119195725,1.1948757650799517,1.1948757650799517,0.0,0.0,1.0,-0.0032295299119195725
2025-07-10 20:00:00+00:00,20260124_212136_37b3f2b4_StateSignal_XLE,0.01617784301098503,0.01617784301098503,1.214206277625046,1.214206277625046,0.0,0.0,1.0,0.01617784301098503
2025-07-11 20:00:00+00:00,20260124_212136_37b3f2b4_StateSignal_XLE,0.004573527295199732,0.004573527295199732,1.219759483177767,1.219759483177767,0.0,0.0,1.0,0.004573527295199732
2025-07-14 20:00:00+00:00,20260124_212136_37b3f2b4_StateSignal_XLE,0.0,0.0,1.219759483177767,1.219759483177767,0.0,0.0,0.0,-0.0
2025-07-15 20:00:00+00:00,20260124_212136_37b3f2b4_StateSignal_XLE,-0.012795335671537735,-0.012795335671537735,1.204152251151966,1.204152251151966,0.0,0.0,1.0,-0.012795335671537735
2025-07-16 20:00:00+00:00,20260124_212136_37b3f2b4_StateSignal_XLE,0.0,0.0,1.204152251151966,1.204152251151966,0.0,0.0,0.0,-0.0
2025-07-17 20:00:00+00:00,20260124_212136_37b3f2b4_StateSignal_XLE,0.005178919296654323,0.005178919296654323,1.2103884584815665,1.2103884584815665,0.0,0.0,1.0,0.005178919296654323
2025-07-18 20:00:00+00:00,20260124_212136_37b3f2b4_StateSignal_XLE,-0.007778471747211753,-0.007778471747211753,1.2009734860541164,1.2009734860541164,0.0,0.0,1.0,-0.007778471747211753
2025-07-21 20:00:00+00:00,20260124_212136_37b3f2b4_StateSignal_XLE,0.0,0.0,1.2009734860541164,1.2009734860541164,0.0,0.0,0.0,-0.0
2025-07-22 20:00:00+00:00,20260124_212136_37b3f2b4_StateSignal_XLE,0.0,0.0,1.2009734860541164,1.2009734860541164,0.0,0.0,0.0,-0.0
2025-07-23 20:00:00+00:00,20260124_212136_37b3f2b4_StateSignal_XLE,0.0,0.0,1.2009734860541164,1.2009734860541164,0.0,0.0,0.0,0.0
2025-07-24 20:00:00+00:00,20260124_212136_37b3f2b4_StateSignal_XLE,0.0,0.0,1.2009734860541164,1.2009734860541164,0.0,0.0,0.0,0.0
2025-07-25 20:00:00+00:00,20260124_212136_37b3f2b4_StateSignal_XLE,0.0,0.0,1.2009734860541164,1.2009734860541164,0.0,0.0,0.0,-0.0
2025-07-28 20:00:00+00:00,20260124_212136_37b3f2b4_StateSignal_XLE,0.0,0.0,1.2009734860541164,1.2009734860541164,0.0,0.0,0.0,0.0
2025-07-29 20:00:00+00:00,20260124_212136_37b3f2b4_StateSignal_XLE,0.0,0.0,1.2009734860541164,1.2009734860541164,0.0,0.0,0.0,0.0
2025-07-30 20:00:00+00:00,20260124_212136_37b3f2b4_StateSignal_XLE,0.0,0.0,1.2009734860541164,1.2009734860541164,0.0,0.0,0.0,-0.0
2025-07-31 20:00:00+00:00,20260124_212136_37b3f2b4_StateSignal_XLE,0.0,0.0,1.2009734860541164,1.2009734860541164,0.0,0.0,0.0,-0.0
2025-08-01 20:00:00+00:00,20260124_212136_37b3f2b4_StateSignal_XLE,0.0,0.0,1.2009734860541164,1.2009734860541164,0.0,0.0,0.0,-0.0
2025-08-04 20:00:00+00:00,20260124_212136_37b3f2b4_StateSignal_XLE,0.0,0.0,1.2009734860541164,1.2009734860541164,0.0,0.0,0.0,-0.0
2025-08-05 20:00:00+00:00,20260124_212136_37b3f2b4_StateSignal_XLE,0.0,0.0,1.2009734860541164,1.2009734860541164,0.0,0.0,0.0,0.0
2025-08-06 20:00:00+00:00,20260124_212136_37b3f2b4_StateSignal_XLE,0.0,0.0,1.2009734860541164,1.2009734860541164,0.0,0.0,0.0,-0.0
2025-08-07 20:00:00+00:00,20260124_212136_37b3f2b4_StateSignal_XLE,0.0,0.0,1.2009734860541164,1.2009734860541164,0.0,0.0,0.0,-0.0
2025-08-08 20:00:00+00:00,20260124_212136_37b3f2b4_StateSignal_XLE,0.0,0.0,1.2009734860541164,1.2009734860541164,0.0,0.0,0.0,0.0
2025-08-11 20:00:00+00:00,20260124_212136_37b3f2b4_StateSignal_XLE,0.0,0.0,1.2009734860541164,1.2009734860541164,0.0,0.0,0.0,-0.0
2025-08-12 20:00:00+00:00,20260124_212136_37b3f2b4_StateSignal_XLE,0.0,0.0,1.2009734860541164,1.2009734860541164,0.0,0.0,0.0,0.0
2025-08-13 20:00:00+00:00,20260124_212136_37b3f2b4_StateSignal_XLE,0.0,0.0,1.2009734860541164,1.2009734860541164,0.0,0.0,0.0,0.0
2025-08-14 20:00:00+00:00,20260124_212136_37b3f2b4_StateSignal_XLE,0.0,0.0,1.2009734860541164,1.2009734860541164,0.0,0.0,0.0,0.0
2025-08-15 20:00:00+00:00,20260124_212136_37b3f2b4_StateSignal_XLE,0.0,0.0,1.2009734860541164,1.2009734860541164,0.0,0.0,0.0,-0.0
2025-08-18 20:00:00+00:00,20260124_212136_37b3f2b4_StateSignal_XLE,0.0,0.0,1.2009734860541164,1.2009734860541164,0.0,0.0,0.0,0.0
2025-08-19 20:00:00+00:00,20260124_212136_37b3f2b4_StateSignal_XLE,0.0,0.0,1.2009734860541164,1.2009734860541164,0.0,0.0,0.0,-0.0
2025-08-20 20:00:00+00:00,20260124_212136_37b3f2b4_StateSignal_XLE,0.0,0.0,1.2009734860541164,1.2009734860541164,0.0,0.0,0.0,0.0
2025-08-21 20:00:00+00:00,20260124_212136_37b3f2b4_StateSignal_XLE,0.0,0.0,1.2009734860541164,1.2009734860541164,0.0,0.0,0.0,0.0
2025-08-22 20:00:00+00:00,20260124_212136_37b3f2b4_StateSignal_XLE,0.0,0.0,1.2009734860541164,1.2009734860541164,0.0,0.0,0.0,0.0
2025-08-25 20:00:00+00:00,20260124_212136_37b3f2b4_StateSignal_XLE,0.0,0.0,1.2009734860541164,1.2009734860541164,0.0,0.0,0.0,0.0
2025-08-26 20:00:00+00:00,20260124_212136_37b3f2b4_StateSignal_XLE,0.0,0.0,1.2009734860541164,1.2009734860541164,0.0,0.0,0.0,0.0
2025-08-27 20:00:00+00:00,20260124_212136_37b3f2b4_StateSignal_XLE,0.0,0.0,1.2009734860541164,1.2009734860541164,0.0,0.0,0.0,0.0
2025-08-28 20:00:00+00:00,20260124_212136_37b3f2b4_StateSignal_XLE,0.0,0.0,1.2009734860541164,1.2009734860541164,0.0,0.0,0.0,0.0
2025-08-29 20:00:00+00:00,20260124_212136_37b3f2b4_StateSignal_XLE,0.0,0.0,1.2009734860541164,1.2009734860541164,0.0,0.0,0.0,-0.0
2025-09-02 20:00:00+00:00,20260124_212136_37b3f2b4_StateSignal_XLE,0.0,0.0,1.2009734860541164,1.2009734860541164,0.0,0.0,0.0,0.0
2025-09-03 20:00:00+00:00,20260124_212136_37b3f2b4_StateSignal_XLE,0.0,0.0,1.2009734860541164,1.2009734860541164,0.0,0.0,0.0,-0.0
2025-09-04 20:00:00+00:00,20260124_212136_37b3f2b4_StateSignal_XLE,0.0,0.0,1.2009734860541164,1.2009734860541164,0.0,0.0,0.0,0.0
2025-09-05 20:00:00+00:00,20260124_212136_37b3f2b4_StateSignal_XLE,0.0,0.0,1.2009734860541164,1.2009734860541164,0.0,0.0,0.0,-0.0
2025-09-08 20:00:00+00:00,20260124_212136_37b3f2b4_StateSignal_XLE,0.0,0.0,1.2009734860541164,1.2009734860541164,0.0,0.0,0.0,-0.0
2025-09-09 20:00:00+00:00,20260124_212136_37b3f2b4_StateSignal_XLE,0.0,0.0,1.2009734860541164,1.2009734860541164,0.0,0.0,0.0,-0.0
2025-09-10 20:00:00+00:00,20260124_212136_37b3f2b4_StateSignal_XLE,0.0,0.0,1.2009734860541164,1.2009734860541164,0.0,0.0,0.0,0.0
2025-09-11 20:00:00+00:00,20260124_212136_37b3f2b4_StateSignal_XLE,0.0,0.0,1.2009734860541164,1.2009734860541164,0.0,0.0,0.0,0.0
2025-09-12 20:00:00+00:00,20260124_212136_37b3f2b4_StateSignal_XLE,0.0,0.0,1.2009734860541164,1.2009734860541164,0.0,0.0,0.0,-0.0
2025-09-15 20:00:00+00:00,20260124_212136_37b3f2b4_StateSignal_XLE,0.0,0.0,1.2009734860541164,1.2009734860541164,0.0,0.0,0.0,0.0
2025-09-16 20:00:00+00:00,20260124_212136_37b3f2b4_StateSignal_XLE,0.0,0.0,1.2009734860541164,1.2009734860541164,0.0,0.0,0.0,0.0
2025-09-17 20:00:00+00:00,20260124_212136_37b3f2b4_StateSignal_XLE,0.0,0.0,1.2009734860541164,1.2009734860541164,0.0,0.0,0.0,-0.0
2025-09-18 20:00:00+00:00,20260124_212136_37b3f2b4_StateSignal_XLE,0.0,0.0,1.2009734860541164,1.2009734860541164,0.0,0.0,0.0,-0.0
2025-09-19 20:00:00+00:00,20260124_212136_37b3f2b4_StateSignal_XLE,0.0,0.0,1.2009734860541164,1.2009734860541164,0.0,0.0,0.0,-0.0
2025-09-22 20:00:00+00:00,20260124_212136_37b3f2b4_StateSignal_XLE,0.0,0.0,1.2009734860541164,1.2009734860541164,0.0,0.0,0.0,0.0
2025-09-23 20:00:00+00:00,20260124_212136_37b3f2b4_StateSignal_XLE,0.0,0.0,1.2009734860541164,1.2009734860541164,0.0,0.0,0.0,0.0
2025-09-24 20:00:00+00:00,20260124_212136_37b3f2b4_StateSignal_XLE,0.0,0.0,1.2009734860541164,1.2009734860541164,0.0,0.0,0.0,-0.0
2025-09-25 20:00:00+00:00,20260124_212136_37b3f2b4_StateSignal_XLE,0.0,0.0,1.2009734860541164,1.2009734860541164,0.0,0.0,0.0,0.0
2025-09-26 20:00:00+00:00,20260124_212136_37b3f2b4_StateSignal_XLE,0.0,0.0,1.2009734860541164,1.2009734860541164,0.0,0.0,0.0,-0.0
2025-09-29 20:00:00+00:00,20260124_212136_37b3f2b4_StateSignal_XLE,0.0,0.0,1.2009734860541164,1.2009734860541164,0.0,0.0,0.0,-0.0
2025-09-30 20:00:00+00:00,20260124_212136_37b3f2b4_StateSignal_XLE,0.0,0.0,1.2009734860541164,1.2009734860541164,0.0,0.0,0.0,-0.0
2025-10-01 20:00:00+00:00,20260124_212136_37b3f2b4_StateSignal_XLE,0.0,0.0,1.2009734860541164,1.2009734860541164,0.0,0.0,0.0,0.0
2025-10-02 20:00:00+00:00,20260124_212136_37b3f2b4_StateSignal_XLE,0.0,0.0,1.2009734860541164,1.2009734860541164,0.0,0.0,0.0,-0.0
2025-10-03 20:00:00+00:00,20260124_212136_37b3f2b4_StateSignal_XLE,0.0,0.0,1.2009734860541164,1.2009734860541164,0.0,0.0,0.0,-0.0
2025-10-06 20:00:00+00:00,20260124_212136_37b3f2b4_StateSignal_XLE,0.0,0.0,1.2009734860541164,1.2009734860541164,0.0,0.0,0.0,0.0
2025-10-07 20:00:00+00:00,20260124_212136_37b3f2b4_StateSignal_XLE,0.0,0.0,1.2009734860541164,1.2009734860541164,0.0,0.0,0.0,0.0
2025-10-08 20:00:00+00:00,20260124_212136_37b3f2b4_StateSignal_XLE,0.0,0.0,1.2009734860541164,1.2009734860541164,0.0,0.0,0.0,0.0
2025-10-09 20:00:00+00:00,20260124_212136_37b3f2b4_StateSignal_XLE,0.0,0.0,1.2009734860541164,1.2009734860541164,0.0,0.0,0.0,-0.0
2025-10-10 20:00:00+00:00,20260124_212136_37b3f2b4_StateSignal_XLE,0.0,0.0,1.2009734860541164,1.2009734860541164,0.0,0.0,0.0,-0.0
2025-10-13 20:00:00+00:00,20260124_212136_37b3f2b4_StateSignal_XLE,0.0,0.0,1.2009734860541164,1.2009734860541164,0.0,0.0,0.0,0.0
2025-10-14 20:00:00+00:00,20260124_212136_37b3f2b4_StateSignal_XLE,0.0,0.0,1.2009734860541164,1.2009734860541164,0.0,0.0,0.0,0.0
2025-10-15 20:00:00+00:00,20260124_212136_37b3f2b4_StateSignal_XLE,0.0,0.0,1.2009734860541164,1.2009734860541164,0.0,0.0,0.0,-0.0
2025-10-16 20:00:00+00:00,20260124_212136_37b3f2b4_StateSignal_XLE,0.0,0.0,1.2009734860541164,1.2009734860541164,0.0,0.0,0.0,-0.0
2025-10-17 20:00:00+00:00,20260124_212136_37b3f2b4_StateSignal_XLE,0.0,0.0,1.2009734860541164,1.2009734860541164,0.0,0.0,0.0,0.0
2025-10-20 20:00:00+00:00,20260124_212136_37b3f2b4_StateSignal_XLE,0.0,0.0,1.2009734860541164,1.2009734860541164,0.0,0.0,0.0,0.0
2025-10-21 20:00:00+00:00,20260124_212136_37b3f2b4_StateSignal_XLE,0.0,0.0,1.2009734860541164,1.2009734860541164,0.0,0.0,0.0,-0.0
2025-10-22 20:00:00+00:00,20260124_212136_37b3f2b4_StateSignal_XLE,0.0,0.0,1.2009734860541164,1.2009734860541164,0.0,0.0,0.0,0.0
2025-10-23 20:00:00+00:00,20260124_212136_37b3f2b4_StateSignal_XLE,0.0,0.0,1.2009734860541164,1.2009734860541164,0.0,0.0,0.0,0.0
2025-10-24 20:00:00+00:00,20260124_212136_37b3f2b4_StateSignal_XLE,0.0,0.0,1.2009734860541164,1.2009734860541164,0.0,0.0,0.0,-0.0
2025-10-27 20:00:00+00:00,20260124_212136_37b3f2b4_StateSignal_XLE,0.0,0.0,1.2009734860541164,1.2009734860541164,0.0,0.0,0.0,-0.0
2025-10-28 20:00:00+00:00,20260124_212136_37b3f2b4_StateSignal_XLE,0.0,0.0,1.2009734860541164,1.2009734860541164,0.0,0.0,0.0,-0.0
2025-10-29 20:00:00+00:00,20260124_212136_37b3f2b4_StateSignal_XLE,0.0,0.0,1.2009734860541164,1.2009734860541164,0.0,0.0,0.0,0.0
2025-10-30 20:00:00+00:00,20260124_212136_37b3f2b4_StateSignal_XLE,0.0,0.0,1.2009734860541164,1.2009734860541164,0.0,0.0,0.0,-0.0
2025-10-31 20:00:00+00:00,20260124_212136_37b3f2b4_StateSignal_XLE,0.0,0.0,1.2009734860541164,1.2009734860541164,0.0,0.0,0.0,0.0
2025-11-03 21:00:00+00:00,20260124_212136_37b3f2b4_StateSignal_XLE,0.0,0.0,1.2009734860541164,1.2009734860541164,0.0,0.0,0.0,0.0
2025-11-04 21:00:00+00:00,20260124_212136_37b3f2b4_StateSignal_XLE,0.0,0.0,1.2009734860541164,1.2009734860541164,0.0,0.0,0.0,0.0
2025-11-05 21:00:00+00:00,20260124_212136_37b3f2b4_StateSignal_XLE,0.0,0.0,1.2009734860541164,1.2009734860541164,0.0,0.0,0.0,-0.0
2025-11-06 21:00:00+00:00,20260124_212136_37b3f2b4_StateSignal_XLE,0.0,0.0,1.2009734860541164,1.2009734860541164,0.0,0.0,0.0,-0.0
2025-11-07 21:00:00+00:00,20260124_212136_37b3f2b4_StateSignal_XLE,0.0,0.0,1.2009734860541164,1.2009734860541164,0.0,0.0,0.0,0.0
2025-11-10 21:00:00+00:00,20260124_212136_37b3f2b4_StateSignal_XLE,0.0,0.0,1.2009734860541164,1.2009734860541164,0.0,0.0,0.0,0.0
2025-11-11 21:00:00+00:00,20260124_212136_37b3f2b4_StateSignal_XLE,0.0,0.0,1.2009734860541164,1.2009734860541164,0.0,0.0,0.0,0.0
2025-11-12 21:00:00+00:00,20260124_212136_37b3f2b4_StateSignal_XLE,0.0,0.0,1.2009734860541164,1.2009734860541164,0.0,0.0,0.0,-0.0
2025-11-13 21:00:00+00:00,20260124_212136_37b3f2b4_StateSignal_XLE,0.0,0.0,1.2009734860541164,1.2009734860541164,0.0,0.0,0.0,-0.0
2025-11-14 21:00:00+00:00,20260124_212136_37b3f2b4_StateSignal_XLE,0.0,0.0,1.2009734860541164,1.2009734860541164,0.0,0.0,0.0,0.0
2025-11-17 21:00:00+00:00,20260124_212136_37b3f2b4_StateSignal_XLE,0.0,0.0,1.2009734860541164,1.2009734860541164,0.0,0.0,0.0,-0.0
2025-11-18 21:00:00+00:00,20260124_212136_37b3f2b4_StateSignal_XLE,0.0,0.0,1.2009734860541164,1.2009734860541164,0.0,0.0,0.0,0.0
2025-11-19 21:00:00+00:00,20260124_212136_37b3f2b4_StateSignal_XLE,0.0,0.0,1.2009734860541164,1.2009734860541164,0.0,0.0,0.0,0.0
2025-11-20 21:00:00+00:00,20260124_212136_37b3f2b4_StateSignal_XLE,0.0,0.0,1.2009734860541164,1.2009734860541164,0.0,0.0,0.0,-0.0
2025-11-21 21:00:00+00:00,20260124_212136_37b3f2b4_StateSignal_XLE,0.0,0.0,1.2009734860541164,1.2009734860541164,0.0,0.0,0.0,0.0
2025-11-24 21:00:00+00:00,20260124_212136_37b3f2b4_StateSignal_XLE,0.0,0.0,1.2009734860541164,1.2009734860541164,0.0,0.0,0.0,0.0
2025-11-25 21:00:00+00:00,20260124_212136_37b3f2b4_StateSignal_XLE,0.0,0.0,1.2009734860541164,1.2009734860541164,0.0,0.0,0.0,-0.0
2025-11-26 21:00:00+00:00,20260124_212136_37b3f2b4_StateSignal_XLE,0.0,0.0,1.2009734860541164,1.2009734860541164,0.0,0.0,0.0,0.0
2025-11-28 21:00:00+00:00,20260124_212136_37b3f2b4_StateSignal_XLE,0.0,0.0,1.2009734860541164,1.2009734860541164,0.0,0.0,0.0,0.0
2025-12-01 21:00:00+00:00,20260124_212136_37b3f2b4_StateSignal_XLE,0.0,0.0,1.2009734860541164,1.2009734860541164,0.0,0.0,0.0,-0.0
2025-12-02 21:00:00+00:00,20260124_212136_37b3f2b4_StateSignal_XLE,0.0,0.0,1.2009734860541164,1.2009734860541164,0.0,0.0,0.0,0.0
2025-12-03 21:00:00+00:00,20260124_212136_37b3f2b4_StateSignal_XLE,0.0,0.0,1.2009734860541164,1.2009734860541164,0.0,0.0,0.0,0.0
2025-12-04 21:00:00+00:00,20260124_212136_37b3f2b4_StateSignal_XLE,0.0,0.0,1.2009734860541164,1.2009734860541164,0.0,0.0,0.0,0.0
2025-12-05 21:00:00+00:00,20260124_212136_37b3f2b4_StateSignal_XLE,0.0,0.0,1.2009734860541164,1.2009734860541164,0.0,0.0,0.0,-0.0
2025-12-08 21:00:00+00:00,20260124_212136_37b3f2b4_StateSignal_XLE,0.0,0.0,1.2009734860541164,1.2009734860541164,0.0,0.0,0.0,-0.0
2025-12-09 21:00:00+00:00,20260124_212136_37b3f2b4_StateSignal_XLE,0.0,0.0,1.2009734860541164,1.2009734860541164,0.0,0.0,0.0,-0.0
2025-12-10 21:00:00+00:00,20260124_212136_37b3f2b4_StateSignal_XLE,0.0,0.0,1.2009734860541164,1.2009734860541164,0.0,0.0,0.0,0.0
2025-12-11 21:00:00+00:00,20260124_212136_37b3f2b4_StateSignal_XLE,0.0,0.0,1.2009734860541164,1.2009734860541164,0.0,0.0,0.0,-0.0
2025-12-12 21:00:00+00:00,20260124_212136_37b3f2b4_StateSignal_XLE,0.0,0.0,1.2009734860541164,1.2009734860541164,0.0,0.0,0.0,-0.0
2025-12-15 21:00:00+00:00,20260124_212136_37b3f2b4_StateSignal_XLE,0.0,0.0,1.2009734860541164,1.2009734860541164,0.0,0.0,0.0,0.0
2025-12-16 21:00:00+00:00,20260124_212136_37b3f2b4_StateSignal_XLE,0.0,0.0,1.2009734860541164,1.2009734860541164,0.0,0.0,0.0,-0.0
2025-12-17 21:00:00+00:00,20260124_212136_37b3f2b4_StateSignal_XLE,0.0,0.0,1.2009734860541164,1.2009734860541164,0.0,0.0,0.0,0.0
2025-12-18 21:00:00+00:00,20260124_212136_37b3f2b4_StateSignal_XLE,0.0,0.0,1.2009734860541164,1.2009734860541164,0.0,0.0,0.0,-0.0
2025-12-19 21:00:00+00:00,20260124_212136_37b3f2b4_StateSignal_XLE,0.0,0.0,1.2009734860541164,1.2009734860541164,0.0,0.0,0.0,-0.0
2025-12-22 21:00:00+00:00,20260124_212136_37b3f2b4_StateSignal_XLE,0.0,0.0,1.2009734860541164,1.2009734860541164,0.0,0.0,0.0,-0.0
2025-12-23 21:00:00+00:00,20260124_212136_37b3f2b4_StateSignal_XLE,0.0,0.0,1.2009734860541164,1.2009734860541164,0.0,0.0,0.0,0.0
2025-12-24 21:00:00+00:00,20260124_212136_37b3f2b4_StateSignal_XLE,0.0,0.0,1.2009734860541164,1.2009734860541164,0.0,0.0,0.0,-0.0
2025-12-26 21:00:00+00:00,20260124_212136_37b3f2b4_StateSignal_XLE,0.0,0.0,1.2009734860541164,1.2009734860541164,0.0,0.0,0.0,-0.0
2025-12-29 21:00:00+00:00,20260124_212136_37b3f2b4_StateSignal_XLE,0.0,0.0,1.2009734860541164,1.2009734860541164,0.0,0.0,0.0,0.0
2025-12-30 21:00:00+00:00,20260124_212136_37b3f2b4_StateSignal_XLE,0.0,0.0,1.2009734860541164,1.2009734860541164,0.0,0.0,0.0,0.0
2025-12-31 21:00:00+00:00,20260124_212136_37b3f2b4_StateSignal_XLE,0.0,0.0,1.2009734860541164,1.2009734860541164,0.0,0.0,0.0,-0.0
2026-01-02 21:00:00+00:00,20260124_212136_37b3f2b4_StateSignal_XLE,0.0,0.0,1.2009734860541164,1.2009734860541164,0.0,0.0,0.0,0.0
2026-01-05 21:00:00+00:00,20260124_212136_37b3f2b4_StateSignal_XLE,0.0,0.0,1.2009734860541164,1.2009734860541164,0.0,0.0,0.0,0.0
2026-01-06 21:00:00+00:00,20260124_212136_37b3f2b4_StateSignal_XLE,0.0,0.0,1.2009734860541164,1.2009734860541164,0.0,0.0,0.0,-0.0
2026-01-07 21:00:00+00:00,20260124_212136_37b3f2b4_StateSignal_XLE,0.0,0.0,1.2009734860541164,1.2009734860541164,0.0,0.0,0.0,-0.0
2026-01-08 21:00:00+00:00,20260124_212136_37b3f2b4_StateSignal_XLE,0.0,0.0,1.2009734860541164,1.2009734860541164,0.0,0.0,0.0,0.0
2026-01-09 21:00:00+00:00,20260124_212136_37b3f2b4_StateSignal_XLE,0.0,0.0,1.2009734860541164,1.2009734860541164,0.0,0.0,0.0,0.0
2026-01-12 21:00:00+00:00,20260124_212136_37b3f2b4_StateSignal_XLE,0.0,0.0,1.2009734860541164,1.2009734860541164,0.0,0.0,0.0,-0.0
2026-01-13 21:00:00+00:00,20260124_212136_37b3f2b4_StateSignal_XLE,0.0,0.0,1.2009734860541164,1.2009734860541164,0.0,0.0,0.0,0.0
2026-01-14 21:00:00+00:00,20260124_212136_37b3f2b4_StateSignal_XLE,0.0,0.0,1.2009734860541164,1.2009734860541164,0.0,0.0,0.0,0.0
2026-01-15 21:00:00+00:00,20260124_212136_37b3f2b4_StateSignal_XLE,0.0,0.0,1.2009734860541164,1.2009734860541164,0.0,0.0,0.0,-0.0
2026-01-16 21:00:00+00:00,20260124_212136_37b3f2b4_StateSignal_XLE,0.0,0.0,1.2009734860541164,1.2009734860541164,0.0,0.0,0.0,0.0
