timestamp,run_id,port_ret_gross,port_ret_net,equity_gross,equity_net,turnover,cost,weight_ret_xle,asset_ret_gross_ret_xle
2021-01-06 21:00:00+00:00,20260126_001632_3acccb11_StateSignal_XLE,0.0,0.0,1.0,1.0,0.0,0.0,0.0,-0.0
2021-01-07 21:00:00+00:00,20260126_001632_3acccb11_StateSignal_XLE,0.0,0.0,1.0,1.0,0.0,0.0,0.0,0.0
2021-01-08 21:00:00+00:00,20260126_001632_3acccb11_StateSignal_XLE,0.0,0.0,1.0,1.0,0.0,0.0,0.0,-0.0
2021-01-11 21:00:00+00:00,20260126_001632_3acccb11_StateSignal_XLE,0.0,0.0,1.0,1.0,0.0,0.0,0.0,0.0
2021-01-12 21:00:00+00:00,20260126_001632_3acccb11_StateSignal_XLE,0.0,0.0,1.0,1.0,0.0,0.0,0.0,0.0
2021-01-13 21:00:00+00:00,20260126_001632_3acccb11_StateSignal_XLE,0.0,0.0,1.0,1.0,0.0,0.0,0.0,-0.0
2021-01-14 21:00:00+00:00,20260126_001632_3acccb11_StateSignal_XLE,0.0,0.0,1.0,1.0,0.0,0.0,0.0,0.0
2021-01-15 21:00:00+00:00,20260126_001632_3acccb11_StateSignal_XLE,0.0,0.0,1.0,1.0,0.0,0.0,0.0,-0.0
2021-01-19 21:00:00+00:00,20260126_001632_3acccb11_StateSignal_XLE,0.0,0.0,1.0,1.0,0.0,0.0,0.0,0.0
2021-01-20 21:00:00+00:00,20260126_001632_3acccb11_StateSignal_XLE,0.0,0.0,1.0,1.0,0.0,0.0,0.0,0.0
2021-01-21 21:00:00+00:00,20260126_001632_3acccb11_StateSignal_XLE,0.0,0.0,1.0,1.0,0.0,0.0,0.0,-0.0
2021-01-22 21:00:00+00:00,20260126_001632_3acccb11_StateSignal_XLE,0.0,0.0,1.0,1.0,0.0,0.0,0.0,0.0
2021-01-25 21:00:00+00:00,20260126_001632_3acccb11_StateSignal_XLE,0.0,0.0,1.0,1.0,0.0,0.0,0.0,0.0
2021-01-26 21:00:00+00:00,20260126_001632_3acccb11_StateSignal_XLE,0.0,0.0,1.0,1.0,0.0,0.0,0.0,-0.0
2021-01-27 21:00:00+00:00,20260126_001632_3acccb11_StateSignal_XLE,0.0,0.0,1.0,1.0,0.0,0.0,0.0,0.0
2021-01-28 21:00:00+00:00,20260126_001632_3acccb11_StateSignal_XLE,0.0,0.0,1.0,1.0,0.0,0.0,0.0,-0.0
2021-01-29 21:00:00+00:00,20260126_001632_3acccb11_StateSignal_XLE,0.0,0.0,1.0,1.0,0.0,0.0,0.0,-0.0
2021-02-01 21:00:00+00:00,20260126_001632_3acccb11_StateSignal_XLE,0.0,0.0,1.0,1.0,0.0,0.0,0.0,0.0
2021-02-02 21:00:00+00:00,20260126_001632_3acccb11_StateSignal_XLE,0.0,0.0,1.0,1.0,0.0,0.0,0.0,-0.0
2021-02-03 21:00:00+00:00,20260126_001632_3acccb11_StateSignal_XLE,0.0,0.0,1.0,1.0,0.0,0.0,0.0,0.0
2021-02-04 21:00:00+00:00,20260126_001632_3acccb11_StateSignal_XLE,0.0,0.0,1.0,1.0,0.0,0.0,0.0,0.0
2021-02-05 21:00:00+00:00,20260126_001632_3acccb11_StateSignal_XLE,0.0,0.0,1.0,1.0,0.0,0.0,0.0,-0.0
2021-02-08 21:00:00+00:00,20260126_001632_3acccb11_StateSignal_XLE,0.0,0.0,1.0,1.0,0.0,0.0,0.0,0.0
2021-02-09 21:00:00+00:00,20260126_001632_3acccb11_StateSignal_XLE,0.0,0.0,1.0,1.0,0.0,0.0,0.0,0.0
2021-02-10 21:00:00+00:00,20260126_001632_3acccb11_StateSignal_XLE,0.0,0.0,1.0,1.0,0.0,0.0,0.0,0.0
2021-02-11 21:00:00+00:00,20260126_001632_3acccb11_StateSignal_XLE,0.0,0.0,1.0,1.0,0.0,0.0,0.0,-0.0
2021-02-12 21:00:00+00:00,20260126_001632_3acccb11_StateSignal_XLE,0.0,0.0,1.0,1.0,0.0,0.0,0.0,0.0
2021-02-16 21:00:00+00:00,20260126_001632_3acccb11_StateSignal_XLE,0.0,0.0,1.0,1.0,0.0,0.0,0.0,-0.0
2021-02-17 21:00:00+00:00,20260126_001632_3acccb11_StateSignal_XLE,0.0,0.0,1.0,1.0,0.0,0.0,0.0,0.0
2021-02-18 21:00:00+00:00,20260126_001632_3acccb11_StateSignal_XLE,0.0,0.0,1.0,1.0,0.0,0.0,0.0,-0.0
2021-02-19 21:00:00+00:00,20260126_001632_3acccb11_StateSignal_XLE,0.0,0.0,1.0,1.0,0.0,0.0,0.0,0.0
2021-02-22 21:00:00+00:00,20260126_001632_3acccb11_StateSignal_XLE,0.0,0.0,1.0,1.0,0.0,0.0,0.0,0.0
2021-02-23 21:00:00+00:00,20260126_001632_3acccb11_StateSignal_XLE,0.0,0.0,1.0,1.0,0.0,0.0,0.0,0.0
2021-02-24 21:00:00+00:00,20260126_001632_3acccb11_StateSignal_XLE,0.0,0.0,1.0,1.0,0.0,0.0,0.0,0.0
2021-02-25 21:00:00+00:00,20260126_001632_3acccb11_StateSignal_XLE,0.0,0.0,1.0,1.0,0.0,0.0,0.0,-0.0
2021-02-26 21:00:00+00:00,20260126_001632_3acccb11_StateSignal_XLE,0.0,0.0,1.0,1.0,0.0,0.0,0.0,-0.0
2021-03-01 21:00:00+00:00,20260126_001632_3acccb11_StateSignal_XLE,0.0,0.0,1.0,1.0,0.0,0.0,0.0,-0.0
2021-03-02 21:00:00+00:00,20260126_001632_3acccb11_StateSignal_XLE,0.0,0.0,1.0,1.0,0.0,0.0,0.0,-0.0
2021-03-03 21:00:00+00:00,20260126_001632_3acccb11_StateSignal_XLE,0.0,0.0,1.0,1.0,0.0,0.0,0.0,0.0
2021-03-04 21:00:00+00:00,20260126_001632_3acccb11_StateSignal_XLE,0.0,0.0,1.0,1.0,0.0,0.0,0.0,0.0
2021-03-05 21:00:00+00:00,20260126_001632_3acccb11_StateSignal_XLE,0.0,0.0,1.0,1.0,0.0,0.0,0.0,0.0
2021-03-08 21:00:00+00:00,20260126_001632_3acccb11_StateSignal_XLE,0.0,0.0,1.0,1.0,0.0,0.0,0.0,-0.0
2021-03-09 21:00:00+00:00,20260126_001632_3acccb11_StateSignal_XLE,0.0,0.0,1.0,1.0,0.0,0.0,0.0,-0.0
2021-03-10 21:00:00+00:00,20260126_001632_3acccb11_StateSignal_XLE,0.0,0.0,1.0,1.0,0.0,0.0,0.0,0.0
2021-03-11 21:00:00+00:00,20260126_001632_3acccb11_StateSignal_XLE,0.0,0.0,1.0,1.0,0.0,0.0,0.0,-0.0
2021-03-12 21:00:00+00:00,20260126_001632_3acccb11_StateSignal_XLE,0.0,0.0,1.0,1.0,0.0,0.0,0.0,-0.0
2021-03-15 20:00:00+00:00,20260126_001632_3acccb11_StateSignal_XLE,0.0,0.0,1.0,1.0,0.0,0.0,0.0,-0.0
2021-03-16 20:00:00+00:00,20260126_001632_3acccb11_StateSignal_XLE,0.0,0.0,1.0,1.0,0.0,0.0,0.0,-0.0
2021-03-17 20:00:00+00:00,20260126_001632_3acccb11_StateSignal_XLE,0.0,0.0,1.0,1.0,0.0,0.0,0.0,0.0
2021-03-18 20:00:00+00:00,20260126_001632_3acccb11_StateSignal_XLE,0.0,0.0,1.0,1.0,0.0,0.0,0.0,-0.0
2021-03-19 20:00:00+00:00,20260126_001632_3acccb11_StateSignal_XLE,0.0,0.0,1.0,1.0,0.0,0.0,0.0,0.0
2021-03-22 20:00:00+00:00,20260126_001632_3acccb11_StateSignal_XLE,0.0,0.0,1.0,1.0,0.0,0.0,0.0,-0.0
2021-03-23 20:00:00+00:00,20260126_001632_3acccb11_StateSignal_XLE,0.0,0.0,1.0,1.0,0.0,0.0,0.0,-0.0
2021-03-24 20:00:00+00:00,20260126_001632_3acccb11_StateSignal_XLE,0.0,0.0,1.0,1.0,0.0,0.0,0.0,-0.0
2021-03-25 20:00:00+00:00,20260126_001632_3acccb11_StateSignal_XLE,0.0,0.0,1.0,1.0,0.0,0.0,0.0,0.0
2021-03-26 20:00:00+00:00,20260126_001632_3acccb11_StateSignal_XLE,0.0,0.0,1.0,1.0,0.0,0.0,0.0,0.0
2021-03-29 20:00:00+00:00,20260126_001632_3acccb11_StateSignal_XLE,0.0,0.0,1.0,1.0,0.0,0.0,0.0,-0.0
2021-03-30 20:00:00+00:00,20260126_001632_3acccb11_StateSignal_XLE,0.0,0.0,1.0,1.0,0.0,0.0,0.0,0.0
2021-03-31 20:00:00+00:00,20260126_001632_3acccb11_StateSignal_XLE,0.0,0.0,1.0,1.0,0.0,0.0,0.0,-0.0
2021-04-01 20:00:00+00:00,20260126_001632_3acccb11_StateSignal_XLE,0.0,0.0,1.0,1.0,0.0,0.0,0.0,0.0
2021-04-05 20:00:00+00:00,20260126_001632_3acccb11_StateSignal_XLE,0.0,0.0,1.0,1.0,0.0,0.0,0.0,-0.0
2021-04-06 20:00:00+00:00,20260126_001632_3acccb11_StateSignal_XLE,0.0,0.0,1.0,1.0,0.0,0.0,0.0,-0.0
2021-04-07 20:00:00+00:00,20260126_001632_3acccb11_StateSignal_XLE,0.0,0.0,1.0,1.0,0.0,0.0,0.0,0.0
2021-04-08 20:00:00+00:00,20260126_001632_3acccb11_StateSignal_XLE,0.0,0.0,1.0,1.0,0.0,0.0,0.0,0.0
2021-04-09 20:00:00+00:00,20260126_001632_3acccb11_StateSignal_XLE,0.0,0.0,1.0,1.0,0.0,0.0,0.0,-0.0
2021-04-12 20:00:00+00:00,20260126_001632_3acccb11_StateSignal_XLE,0.0,0.0,1.0,1.0,0.0,0.0,0.0,-0.0
2021-04-13 20:00:00+00:00,20260126_001632_3acccb11_StateSignal_XLE,0.0,0.0,1.0,1.0,0.0,0.0,0.0,0.0
2021-04-14 20:00:00+00:00,20260126_001632_3acccb11_StateSignal_XLE,0.0,0.0,1.0,1.0,0.0,0.0,0.0,0.0
2021-04-15 20:00:00+00:00,20260126_001632_3acccb11_StateSignal_XLE,0.0,0.0,1.0,1.0,0.0,0.0,0.0,0.0
2021-04-16 20:00:00+00:00,20260126_001632_3acccb11_StateSignal_XLE,0.0,0.0,1.0,1.0,0.0,0.0,0.0,-0.0
2021-04-19 20:00:00+00:00,20260126_001632_3acccb11_StateSignal_XLE,0.0,0.0,1.0,1.0,0.0,0.0,0.0,-0.0
2021-04-20 20:00:00+00:00,20260126_001632_3acccb11_StateSignal_XLE,0.0,0.0,1.0,1.0,0.0,0.0,0.0,-0.0
2021-04-21 20:00:00+00:00,20260126_001632_3acccb11_StateSignal_XLE,0.0,0.0,1.0,1.0,0.0,0.0,0.0,0.0
2021-04-22 20:00:00+00:00,20260126_001632_3acccb11_StateSignal_XLE,0.0,0.0,1.0,1.0,0.0,0.0,0.0,-0.0
2021-04-23 20:00:00+00:00,20260126_001632_3acccb11_StateSignal_XLE,0.0,0.0,1.0,1.0,0.0,0.0,0.0,0.0
2021-04-26 20:00:00+00:00,20260126_001632_3acccb11_StateSignal_XLE,0.0,0.0,1.0,1.0,0.0,0.0,0.0,-0.0
2021-04-27 20:00:00+00:00,20260126_001632_3acccb11_StateSignal_XLE,0.0,0.0,1.0,1.0,0.0,0.0,0.0,0.0
2021-04-28 20:00:00+00:00,20260126_001632_3acccb11_StateSignal_XLE,0.0,0.0,1.0,1.0,0.0,0.0,0.0,0.0
2021-04-29 20:00:00+00:00,20260126_001632_3acccb11_StateSignal_XLE,0.0,0.0,1.0,1.0,0.0,0.0,0.0,-0.0
2021-04-30 20:00:00+00:00,20260126_001632_3acccb11_StateSignal_XLE,0.0,0.0,1.0,1.0,0.0,0.0,0.0,-0.0
2021-05-03 20:00:00+00:00,20260126_001632_3acccb11_StateSignal_XLE,0.0,0.0,1.0,1.0,0.0,0.0,0.0,0.0
2021-05-04 20:00:00+00:00,20260126_001632_3acccb11_StateSignal_XLE,0.0,0.0,1.0,1.0,0.0,0.0,0.0,0.0
2021-05-05 20:00:00+00:00,20260126_001632_3acccb11_StateSignal_XLE,0.0,0.0,1.0,1.0,0.0,0.0,0.0,0.0
2021-05-06 20:00:00+00:00,20260126_001632_3acccb11_StateSignal_XLE,0.0,0.0,1.0,1.0,0.0,0.0,0.0,0.0
2021-05-07 20:00:00+00:00,20260126_001632_3acccb11_StateSignal_XLE,0.0,0.0,1.0,1.0,0.0,0.0,0.0,0.0
2021-05-10 20:00:00+00:00,20260126_001632_3acccb11_StateSignal_XLE,0.0,0.0,1.0,1.0,0.0,0.0,0.0,-0.0
2021-05-11 20:00:00+00:00,20260126_001632_3acccb11_StateSignal_XLE,0.0,0.0,1.0,1.0,0.0,0.0,0.0,-0.0
2021-05-12 20:00:00+00:00,20260126_001632_3acccb11_StateSignal_XLE,0.0,0.0,1.0,1.0,0.0,0.0,0.0,-0.0
2021-05-13 20:00:00+00:00,20260126_001632_3acccb11_StateSignal_XLE,0.0,0.0,1.0,1.0,0.0,0.0,0.0,-0.0
2021-05-14 20:00:00+00:00,20260126_001632_3acccb11_StateSignal_XLE,0.0,0.0,1.0,1.0,0.0,0.0,0.0,0.0
2021-05-17 20:00:00+00:00,20260126_001632_3acccb11_StateSignal_XLE,0.0,0.0,1.0,1.0,0.0,0.0,0.0,0.0
2021-05-18 20:00:00+00:00,20260126_001632_3acccb11_StateSignal_XLE,0.0,0.0,1.0,1.0,0.0,0.0,0.0,-0.0
2021-05-19 20:00:00+00:00,20260126_001632_3acccb11_StateSignal_XLE,0.0,0.0,1.0,1.0,0.0,0.0,0.0,0.0
2021-05-20 20:00:00+00:00,20260126_001632_3acccb11_StateSignal_XLE,0.0,0.0,1.0,1.0,0.0,0.0,0.0,0.0
2021-05-21 20:00:00+00:00,20260126_001632_3acccb11_StateSignal_XLE,0.0,0.0,1.0,1.0,0.0,0.0,0.0,-0.0
2021-05-24 20:00:00+00:00,20260126_001632_3acccb11_StateSignal_XLE,0.0,0.0,1.0,1.0,0.0,0.0,0.0,0.0
2021-05-25 20:00:00+00:00,20260126_001632_3acccb11_StateSignal_XLE,0.0,0.0,1.0,1.0,0.0,0.0,0.0,-0.0
2021-05-26 20:00:00+00:00,20260126_001632_3acccb11_StateSignal_XLE,0.0,0.0,1.0,1.0,0.0,0.0,0.0,0.0
2021-05-27 20:00:00+00:00,20260126_001632_3acccb11_StateSignal_XLE,0.0,0.0,1.0,1.0,0.0,0.0,0.0,-0.0
2021-05-28 20:00:00+00:00,20260126_001632_3acccb11_StateSignal_XLE,0.0,0.0,1.0,1.0,0.0,0.0,0.0,0.0
2021-06-01 20:00:00+00:00,20260126_001632_3acccb11_StateSignal_XLE,0.0,0.0,1.0,1.0,0.0,0.0,0.0,0.0
2021-06-02 20:00:00+00:00,20260126_001632_3acccb11_StateSignal_XLE,0.0,0.0,1.0,1.0,0.0,0.0,0.0,0.0
2021-06-03 20:00:00+00:00,20260126_001632_3acccb11_StateSignal_XLE,0.0,0.0,1.0,1.0,0.0,0.0,0.0,0.0
2021-06-04 20:00:00+00:00,20260126_001632_3acccb11_StateSignal_XLE,0.0,0.0,1.0,1.0,0.0,0.0,0.0,-0.0
2021-06-07 20:00:00+00:00,20260126_001632_3acccb11_StateSignal_XLE,0.0,0.0,1.0,1.0,0.0,0.0,0.0,-0.0
2021-06-08 20:00:00+00:00,20260126_001632_3acccb11_StateSignal_XLE,0.0,0.0,1.0,1.0,0.0,0.0,0.0,0.0
2021-06-09 20:00:00+00:00,20260126_001632_3acccb11_StateSignal_XLE,0.0,0.0,1.0,1.0,0.0,0.0,0.0,-0.0
2021-06-10 20:00:00+00:00,20260126_001632_3acccb11_StateSignal_XLE,0.0,0.0,1.0,1.0,0.0,0.0,0.0,-0.0
2021-06-11 20:00:00+00:00,20260126_001632_3acccb11_StateSignal_XLE,0.0,0.0,1.0,1.0,0.0,0.0,0.0,-0.0
2021-06-14 20:00:00+00:00,20260126_001632_3acccb11_StateSignal_XLE,0.0,0.0,1.0,1.0,0.0,0.0,0.0,-0.0
2021-06-15 20:00:00+00:00,20260126_001632_3acccb11_StateSignal_XLE,0.0,0.0,1.0,1.0,0.0,0.0,0.0,0.0
2021-06-16 20:00:00+00:00,20260126_001632_3acccb11_StateSignal_XLE,0.0,0.0,1.0,1.0,0.0,0.0,0.0,0.0
2021-06-17 20:00:00+00:00,20260126_001632_3acccb11_StateSignal_XLE,0.0,0.0,1.0,1.0,0.0,0.0,0.0,-0.0
2021-06-18 20:00:00+00:00,20260126_001632_3acccb11_StateSignal_XLE,0.0,0.0,1.0,1.0,0.0,0.0,0.0,-0.0
2021-06-21 20:00:00+00:00,20260126_001632_3acccb11_StateSignal_XLE,0.0,0.0,1.0,1.0,0.0,0.0,0.0,0.0
2021-06-22 20:00:00+00:00,20260126_001632_3acccb11_StateSignal_XLE,0.0,0.0,1.0,1.0,0.0,0.0,0.0,0.0
2021-06-23 20:00:00+00:00,20260126_001632_3acccb11_StateSignal_XLE,0.0,0.0,1.0,1.0,0.0,0.0,0.0,-0.0
2021-06-24 20:00:00+00:00,20260126_001632_3acccb11_StateSignal_XLE,0.0,0.0,1.0,1.0,0.0,0.0,0.0,0.0
2021-06-25 20:00:00+00:00,20260126_001632_3acccb11_StateSignal_XLE,0.0,0.0,1.0,1.0,0.0,0.0,0.0,0.0
2021-06-28 20:00:00+00:00,20260126_001632_3acccb11_StateSignal_XLE,0.0,0.0,1.0,1.0,0.0,0.0,0.0,-0.0
2021-06-29 20:00:00+00:00,20260126_001632_3acccb11_StateSignal_XLE,0.0,0.0,1.0,1.0,0.0,0.0,0.0,-0.0
2021-06-30 20:00:00+00:00,20260126_001632_3acccb11_StateSignal_XLE,0.0,0.0,1.0,1.0,0.0,0.0,0.0,0.0
2021-07-01 20:00:00+00:00,20260126_001632_3acccb11_StateSignal_XLE,0.0,0.0,1.0,1.0,0.0,0.0,0.0,-0.0
2021-07-02 20:00:00+00:00,20260126_001632_3acccb11_StateSignal_XLE,0.0,0.0,1.0,1.0,0.0,0.0,0.0,0.0
2021-07-06 20:00:00+00:00,20260126_001632_3acccb11_StateSignal_XLE,0.0,0.0,1.0,1.0,0.0,0.0,0.0,-0.0
2021-07-07 20:00:00+00:00,20260126_001632_3acccb11_StateSignal_XLE,0.0,0.0,1.0,1.0,0.0,0.0,0.0,-0.0
2021-07-08 20:00:00+00:00,20260126_001632_3acccb11_StateSignal_XLE,0.0,0.0,1.0,1.0,0.0,0.0,0.0,0.0
2021-07-09 20:00:00+00:00,20260126_001632_3acccb11_StateSignal_XLE,0.0,0.0,1.0,1.0,0.0,0.0,0.0,0.0
2021-07-12 20:00:00+00:00,20260126_001632_3acccb11_StateSignal_XLE,0.0,0.0,1.0,1.0,0.0,0.0,0.0,0.0
2021-07-13 20:00:00+00:00,20260126_001632_3acccb11_StateSignal_XLE,0.0,0.0,1.0,1.0,0.0,0.0,0.0,-0.0
2021-07-14 20:00:00+00:00,20260126_001632_3acccb11_StateSignal_XLE,0.0,0.0,1.0,1.0,0.0,0.0,0.0,-0.0
2021-07-15 20:00:00+00:00,20260126_001632_3acccb11_StateSignal_XLE,0.0,0.0,1.0,1.0,0.0,0.0,0.0,-0.0
2021-07-16 20:00:00+00:00,20260126_001632_3acccb11_StateSignal_XLE,0.0,0.0,1.0,1.0,0.0,0.0,0.0,-0.0
2021-07-19 20:00:00+00:00,20260126_001632_3acccb11_StateSignal_XLE,0.0,0.0,1.0,1.0,0.0,0.0,0.0,0.0
2021-07-20 20:00:00+00:00,20260126_001632_3acccb11_StateSignal_XLE,0.0,0.0,1.0,1.0,0.0,0.0,0.0,0.0
2021-07-21 20:00:00+00:00,20260126_001632_3acccb11_StateSignal_XLE,0.0,0.0,1.0,1.0,0.0,0.0,0.0,0.0
2021-07-22 20:00:00+00:00,20260126_001632_3acccb11_StateSignal_XLE,0.0,0.0,1.0,1.0,0.0,0.0,0.0,-0.0
2021-07-23 20:00:00+00:00,20260126_001632_3acccb11_StateSignal_XLE,0.0,0.0,1.0,1.0,0.0,0.0,0.0,-0.0
2021-07-26 20:00:00+00:00,20260126_001632_3acccb11_StateSignal_XLE,0.0,0.0,1.0,1.0,0.0,0.0,0.0,0.0
2021-07-27 20:00:00+00:00,20260126_001632_3acccb11_StateSignal_XLE,0.0,0.0,1.0,1.0,0.0,0.0,0.0,0.0
2021-07-28 20:00:00+00:00,20260126_001632_3acccb11_StateSignal_XLE,0.0,0.0,1.0,1.0,0.0,0.0,0.0,0.0
2021-07-29 20:00:00+00:00,20260126_001632_3acccb11_StateSignal_XLE,0.0,0.0,1.0,1.0,0.0,0.0,0.0,0.0
2021-07-30 20:00:00+00:00,20260126_001632_3acccb11_StateSignal_XLE,0.0,0.0,1.0,1.0,0.0,0.0,0.0,-0.0
2021-08-02 20:00:00+00:00,20260126_001632_3acccb11_StateSignal_XLE,0.0,0.0,1.0,1.0,0.0,0.0,0.0,-0.0
2021-08-03 20:00:00+00:00,20260126_001632_3acccb11_StateSignal_XLE,0.0,0.0,1.0,1.0,0.0,0.0,0.0,0.0
2021-08-04 20:00:00+00:00,20260126_001632_3acccb11_StateSignal_XLE,0.0,0.0,1.0,1.0,0.0,0.0,0.0,-0.0
2021-08-05 20:00:00+00:00,20260126_001632_3acccb11_StateSignal_XLE,0.0,0.0,1.0,1.0,0.0,0.0,0.0,0.0
2021-08-06 20:00:00+00:00,20260126_001632_3acccb11_StateSignal_XLE,0.0,0.0,1.0,1.0,0.0,0.0,0.0,-0.0
2021-08-09 20:00:00+00:00,20260126_001632_3acccb11_StateSignal_XLE,0.0,0.0,1.0,1.0,0.0,0.0,0.0,-0.0
2021-08-10 20:00:00+00:00,20260126_001632_3acccb11_StateSignal_XLE,0.0,0.0,1.0,1.0,0.0,0.0,0.0,0.0
2021-08-11 20:00:00+00:00,20260126_001632_3acccb11_StateSignal_XLE,0.0,0.0,1.0,1.0,0.0,0.0,0.0,0.0
2021-08-12 20:00:00+00:00,20260126_001632_3acccb11_StateSignal_XLE,0.0,0.0,1.0,1.0,0.0,0.0,0.0,-0.0
2021-08-13 20:00:00+00:00,20260126_001632_3acccb11_StateSignal_XLE,0.0,0.0,1.0,1.0,0.0,0.0,0.0,-0.0
2021-08-16 20:00:00+00:00,20260126_001632_3acccb11_StateSignal_XLE,0.0,0.0,1.0,1.0,0.0,0.0,0.0,0.0
2021-08-17 20:00:00+00:00,20260126_001632_3acccb11_StateSignal_XLE,0.0,0.0,1.0,1.0,0.0,0.0,0.0,-0.0
2021-08-18 20:00:00+00:00,20260126_001632_3acccb11_StateSignal_XLE,0.0,0.0,1.0,1.0,0.0,0.0,0.0,-0.0
2021-08-19 20:00:00+00:00,20260126_001632_3acccb11_StateSignal_XLE,0.0,0.0,1.0,1.0,0.0,0.0,0.0,-0.0
2021-08-20 20:00:00+00:00,20260126_001632_3acccb11_StateSignal_XLE,0.0,0.0,1.0,1.0,0.0,0.0,0.0,0.0
2021-08-23 20:00:00+00:00,20260126_001632_3acccb11_StateSignal_XLE,0.0,0.0,1.0,1.0,0.0,0.0,0.0,0.0
2021-08-24 20:00:00+00:00,20260126_001632_3acccb11_StateSignal_XLE,0.0,0.0,1.0,1.0,0.0,0.0,0.0,0.0
2021-08-25 20:00:00+00:00,20260126_001632_3acccb11_StateSignal_XLE,0.0,0.0,1.0,1.0,0.0,0.0,0.0,0.0
2021-08-26 20:00:00+00:00,20260126_001632_3acccb11_StateSignal_XLE,0.0,0.0,1.0,1.0,0.0,0.0,0.0,-0.0
2021-08-27 20:00:00+00:00,20260126_001632_3acccb11_StateSignal_XLE,0.0,0.0,1.0,1.0,0.0,0.0,0.0,0.0
2021-08-30 20:00:00+00:00,20260126_001632_3acccb11_StateSignal_XLE,0.0,0.0,1.0,1.0,0.0,0.0,0.0,-0.0
2021-08-31 20:00:00+00:00,20260126_001632_3acccb11_StateSignal_XLE,0.0,0.0,1.0,1.0,0.0,0.0,0.0,-0.0
2021-09-01 20:00:00+00:00,20260126_001632_3acccb11_StateSignal_XLE,0.0,0.0,1.0,1.0,0.0,0.0,0.0,-0.0
2021-09-02 20:00:00+00:00,20260126_001632_3acccb11_StateSignal_XLE,0.0,0.0,1.0,1.0,0.0,0.0,0.0,0.0
2021-09-03 20:00:00+00:00,20260126_001632_3acccb11_StateSignal_XLE,0.0,0.0,1.0,1.0,0.0,0.0,0.0,-0.0
2021-09-07 20:00:00+00:00,20260126_001632_3acccb11_StateSignal_XLE,0.0,0.0,1.0,1.0,0.0,0.0,0.0,-0.0
2021-09-08 20:00:00+00:00,20260126_001632_3acccb11_StateSignal_XLE,0.0,0.0,1.0,1.0,0.0,0.0,0.0,-0.0
2021-09-09 20:00:00+00:00,20260126_001632_3acccb11_StateSignal_XLE,0.0,0.0,1.0,1.0,0.0,0.0,0.0,0.0
2021-09-10 20:00:00+00:00,20260126_001632_3acccb11_StateSignal_XLE,0.0,0.0,1.0,1.0,0.0,0.0,0.0,-0.0
2021-09-13 20:00:00+00:00,20260126_001632_3acccb11_StateSignal_XLE,0.0,0.0,1.0,1.0,0.0,0.0,0.0,0.0
2021-09-14 20:00:00+00:00,20260126_001632_3acccb11_StateSignal_XLE,0.0,0.0,1.0,1.0,0.0,0.0,0.0,-0.0
2021-09-15 20:00:00+00:00,20260126_001632_3acccb11_StateSignal_XLE,0.0,0.0,1.0,1.0,0.0,0.0,0.0,0.0
2021-09-16 20:00:00+00:00,20260126_001632_3acccb11_StateSignal_XLE,0.0,0.0,1.0,1.0,0.0,0.0,0.0,-0.0
2021-09-17 20:00:00+00:00,20260126_001632_3acccb11_StateSignal_XLE,0.0,0.0,1.0,1.0,0.0,0.0,0.0,-0.0
2021-09-20 20:00:00+00:00,20260126_001632_3acccb11_StateSignal_XLE,0.0,0.0,1.0,1.0,0.0,0.0,0.0,-0.0
2021-09-21 20:00:00+00:00,20260126_001632_3acccb11_StateSignal_XLE,0.0,0.0,1.0,1.0,0.0,0.0,0.0,-0.0
2021-09-22 20:00:00+00:00,20260126_001632_3acccb11_StateSignal_XLE,0.0,0.0,1.0,1.0,0.0,0.0,0.0,0.0
2021-09-23 20:00:00+00:00,20260126_001632_3acccb11_StateSignal_XLE,0.0,0.0,1.0,1.0,0.0,0.0,0.0,0.0
2021-09-24 20:00:00+00:00,20260126_001632_3acccb11_StateSignal_XLE,0.0,0.0,1.0,1.0,0.0,0.0,0.0,0.0
2021-09-27 20:00:00+00:00,20260126_001632_3acccb11_StateSignal_XLE,0.0,0.0,1.0,1.0,0.0,0.0,0.0,0.0
2021-09-28 20:00:00+00:00,20260126_001632_3acccb11_StateSignal_XLE,0.0,0.0,1.0,1.0,0.0,0.0,0.0,0.0
2021-09-29 20:00:00+00:00,20260126_001632_3acccb11_StateSignal_XLE,0.0,0.0,1.0,1.0,0.0,0.0,0.0,0.0
2021-09-30 20:00:00+00:00,20260126_001632_3acccb11_StateSignal_XLE,0.0,0.0,1.0,1.0,0.0,0.0,0.0,-0.0
2021-10-01 20:00:00+00:00,20260126_001632_3acccb11_StateSignal_XLE,0.0,0.0,1.0,1.0,0.0,0.0,0.0,0.0
2021-10-04 20:00:00+00:00,20260126_001632_3acccb11_StateSignal_XLE,0.0,0.0,1.0,1.0,0.0,0.0,0.0,0.0
2021-10-05 20:00:00+00:00,20260126_001632_3acccb11_StateSignal_XLE,0.0,0.0,1.0,1.0,0.0,0.0,0.0,-0.0
2021-10-06 20:00:00+00:00,20260126_001632_3acccb11_StateSignal_XLE,0.0,0.0,1.0,1.0,0.0,0.0,0.0,0.0
2021-10-07 20:00:00+00:00,20260126_001632_3acccb11_StateSignal_XLE,0.0,0.0,1.0,1.0,0.0,0.0,0.0,0.0
2021-10-08 20:00:00+00:00,20260126_001632_3acccb11_StateSignal_XLE,0.0,0.0,1.0,1.0,0.0,0.0,0.0,0.0
2021-10-11 20:00:00+00:00,20260126_001632_3acccb11_StateSignal_XLE,0.0,0.0,1.0,1.0,0.0,0.0,0.0,-0.0
2021-10-12 20:00:00+00:00,20260126_001632_3acccb11_StateSignal_XLE,0.0,0.0,1.0,1.0,0.0,0.0,0.0,-0.0
2021-10-13 20:00:00+00:00,20260126_001632_3acccb11_StateSignal_XLE,0.0,0.0,1.0,1.0,0.0,0.0,0.0,0.0
2021-10-14 20:00:00+00:00,20260126_001632_3acccb11_StateSignal_XLE,0.0,0.0,1.0,1.0,0.0,0.0,0.0,0.0
2021-10-15 20:00:00+00:00,20260126_001632_3acccb11_StateSignal_XLE,0.0,0.0,1.0,1.0,0.0,0.0,0.0,-0.0
2021-10-18 20:00:00+00:00,20260126_001632_3acccb11_StateSignal_XLE,0.0,0.0,1.0,1.0,0.0,0.0,0.0,-0.0
2021-10-19 20:00:00+00:00,20260126_001632_3acccb11_StateSignal_XLE,0.0,0.0,1.0,1.0,0.0,0.0,0.0,0.0
2021-10-20 20:00:00+00:00,20260126_001632_3acccb11_StateSignal_XLE,0.0,0.0,1.0,1.0,0.0,0.0,0.0,0.0
2021-10-21 20:00:00+00:00,20260126_001632_3acccb11_StateSignal_XLE,0.0,0.0,1.0,1.0,0.0,0.0,0.0,-0.0
2021-10-22 20:00:00+00:00,20260126_001632_3acccb11_StateSignal_XLE,0.0,0.0,1.0,1.0,0.0,0.0,0.0,0.0
2021-10-25 20:00:00+00:00,20260126_001632_3acccb11_StateSignal_XLE,0.0,0.0,1.0,1.0,0.0,0.0,0.0,0.0
2021-10-26 20:00:00+00:00,20260126_001632_3acccb11_StateSignal_XLE,0.0,0.0,1.0,1.0,0.0,0.0,0.0,0.0
2021-10-27 20:00:00+00:00,20260126_001632_3acccb11_StateSignal_XLE,0.0,0.0,1.0,1.0,0.0,0.0,0.0,-0.0
2021-10-28 20:00:00+00:00,20260126_001632_3acccb11_StateSignal_XLE,0.0,0.0,1.0,1.0,0.0,0.0,0.0,0.0
2021-10-29 20:00:00+00:00,20260126_001632_3acccb11_StateSignal_XLE,0.0,0.0,1.0,1.0,0.0,0.0,0.0,-0.0
2021-11-01 20:00:00+00:00,20260126_001632_3acccb11_StateSignal_XLE,0.0,0.0,1.0,1.0,0.0,0.0,0.0,0.0
2021-11-02 20:00:00+00:00,20260126_001632_3acccb11_StateSignal_XLE,0.0,0.0,1.0,1.0,0.0,0.0,0.0,-0.0
2021-11-03 20:00:00+00:00,20260126_001632_3acccb11_StateSignal_XLE,0.0,0.0,1.0,1.0,0.0,0.0,0.0,0.0
2021-11-04 20:00:00+00:00,20260126_001632_3acccb11_StateSignal_XLE,0.0,0.0,1.0,1.0,0.0,0.0,0.0,-0.0
2021-11-05 20:00:00+00:00,20260126_001632_3acccb11_StateSignal_XLE,0.0,0.0,1.0,1.0,0.0,0.0,0.0,0.0
2021-11-08 21:00:00+00:00,20260126_001632_3acccb11_StateSignal_XLE,0.0,0.0,1.0,1.0,0.0,0.0,0.0,-0.0
2021-11-09 21:00:00+00:00,20260126_001632_3acccb11_StateSignal_XLE,0.0,0.0,1.0,1.0,0.0,0.0,0.0,0.0
2021-11-10 21:00:00+00:00,20260126_001632_3acccb11_StateSignal_XLE,0.0,0.0,1.0,1.0,0.0,0.0,0.0,-0.0
2021-11-11 21:00:00+00:00,20260126_001632_3acccb11_StateSignal_XLE,0.0,0.0,1.0,1.0,0.0,0.0,0.0,-0.0
2021-11-12 21:00:00+00:00,20260126_001632_3acccb11_StateSignal_XLE,0.0,0.0,1.0,1.0,0.0,0.0,0.0,-0.0
2021-11-15 21:00:00+00:00,20260126_001632_3acccb11_StateSignal_XLE,0.0,0.0,1.0,1.0,0.0,0.0,0.0,0.0
2021-11-16 21:00:00+00:00,20260126_001632_3acccb11_StateSignal_XLE,0.0,0.0,1.0,1.0,0.0,0.0,0.0,0.0
2021-11-17 21:00:00+00:00,20260126_001632_3acccb11_StateSignal_XLE,0.0,0.0,1.0,1.0,0.0,0.0,0.0,-0.0
2021-11-18 21:00:00+00:00,20260126_001632_3acccb11_StateSignal_XLE,0.0,0.0,1.0,1.0,0.0,0.0,0.0,-0.0
2021-11-19 21:00:00+00:00,20260126_001632_3acccb11_StateSignal_XLE,0.0,0.0,1.0,1.0,0.0,0.0,0.0,-0.0
2021-11-22 21:00:00+00:00,20260126_001632_3acccb11_StateSignal_XLE,0.0,0.0,1.0,1.0,0.0,0.0,0.0,0.0
2021-11-23 21:00:00+00:00,20260126_001632_3acccb11_StateSignal_XLE,0.0,0.0,1.0,1.0,0.0,0.0,0.0,0.0
2021-11-24 21:00:00+00:00,20260126_001632_3acccb11_StateSignal_XLE,0.0,0.0,1.0,1.0,0.0,0.0,0.0,0.0
2021-11-26 21:00:00+00:00,20260126_001632_3acccb11_StateSignal_XLE,0.0,0.0,1.0,1.0,0.0,0.0,0.0,0.0
2021-11-29 21:00:00+00:00,20260126_001632_3acccb11_StateSignal_XLE,0.0,0.0,1.0,1.0,0.0,0.0,0.0,-0.0
2021-11-30 21:00:00+00:00,20260126_001632_3acccb11_StateSignal_XLE,0.0,0.0,1.0,1.0,0.0,0.0,0.0,-0.0
2021-12-01 21:00:00+00:00,20260126_001632_3acccb11_StateSignal_XLE,0.0,0.0,1.0,1.0,0.0,0.0,0.0,-0.0
2021-12-02 21:00:00+00:00,20260126_001632_3acccb11_StateSignal_XLE,0.0,0.0,1.0,1.0,0.0,0.0,0.0,0.0
2021-12-03 21:00:00+00:00,20260126_001632_3acccb11_StateSignal_XLE,0.0,0.0,1.0,1.0,0.0,0.0,0.0,-0.0
2021-12-06 21:00:00+00:00,20260126_001632_3acccb11_StateSignal_XLE,0.0,0.0,1.0,1.0,0.0,0.0,0.0,0.0
2021-12-07 21:00:00+00:00,20260126_001632_3acccb11_StateSignal_XLE,0.0,0.0,1.0,1.0,0.0,0.0,0.0,0.0
2021-12-08 21:00:00+00:00,20260126_001632_3acccb11_StateSignal_XLE,0.0,0.0,1.0,1.0,0.0,0.0,0.0,-0.0
2021-12-09 21:00:00+00:00,20260126_001632_3acccb11_StateSignal_XLE,0.0,0.0,1.0,1.0,0.0,0.0,0.0,0.0
2021-12-10 21:00:00+00:00,20260126_001632_3acccb11_StateSignal_XLE,0.0,0.0,1.0,1.0,0.0,0.0,0.0,0.0
2021-12-13 21:00:00+00:00,20260126_001632_3acccb11_StateSignal_XLE,0.0,0.0,1.0,1.0,0.0,0.0,0.0,-0.0
2021-12-14 21:00:00+00:00,20260126_001632_3acccb11_StateSignal_XLE,0.0,0.0,1.0,1.0,0.0,0.0,0.0,-0.0
2021-12-15 21:00:00+00:00,20260126_001632_3acccb11_StateSignal_XLE,0.0,0.0,1.0,1.0,0.0,0.0,0.0,0.0
2021-12-16 21:00:00+00:00,20260126_001632_3acccb11_StateSignal_XLE,0.0,0.0,1.0,1.0,0.0,0.0,0.0,-0.0
2021-12-17 21:00:00+00:00,20260126_001632_3acccb11_StateSignal_XLE,0.0,0.0,1.0,1.0,0.0,0.0,0.0,-0.0
2021-12-20 21:00:00+00:00,20260126_001632_3acccb11_StateSignal_XLE,0.0,0.0,1.0,1.0,0.0,0.0,0.0,0.0
2021-12-21 21:00:00+00:00,20260126_001632_3acccb11_StateSignal_XLE,0.0,0.0,1.0,1.0,0.0,0.0,0.0,0.0
2021-12-22 21:00:00+00:00,20260126_001632_3acccb11_StateSignal_XLE,0.0,0.0,1.0,1.0,0.0,0.0,0.0,0.0
2021-12-23 21:00:00+00:00,20260126_001632_3acccb11_StateSignal_XLE,0.0,0.0,1.0,1.0,0.0,0.0,0.0,-0.0
2021-12-27 21:00:00+00:00,20260126_001632_3acccb11_StateSignal_XLE,0.0,0.0,1.0,1.0,0.0,0.0,0.0,0.0
2021-12-28 21:00:00+00:00,20260126_001632_3acccb11_StateSignal_XLE,0.0,0.0,1.0,1.0,0.0,0.0,0.0,-0.0
2021-12-29 21:00:00+00:00,20260126_001632_3acccb11_StateSignal_XLE,0.0,0.0,1.0,1.0,0.0,0.0,0.0,0.0
2021-12-30 21:00:00+00:00,20260126_001632_3acccb11_StateSignal_XLE,0.0,0.0,1.0,1.0,0.0,0.0,0.0,-0.0
2021-12-31 21:00:00+00:00,20260126_001632_3acccb11_StateSignal_XLE,0.0,0.0,1.0,1.0,0.0,0.0,0.0,0.0
2022-01-03 21:00:00+00:00,20260126_001632_3acccb11_StateSignal_XLE,0.0,0.0,1.0,1.0,0.0,0.0,0.0,0.0
2022-01-04 21:00:00+00:00,20260126_001632_3acccb11_StateSignal_XLE,0.0,0.0,1.0,1.0,0.0,0.0,0.0,0.0
2022-01-05 21:00:00+00:00,20260126_001632_3acccb11_StateSignal_XLE,0.0,0.0,1.0,1.0,0.0,0.0,0.0,-0.0
2022-01-06 21:00:00+00:00,20260126_001632_3acccb11_StateSignal_XLE,0.0,0.0,1.0,1.0,0.0,0.0,0.0,-0.0
2022-01-07 21:00:00+00:00,20260126_001632_3acccb11_StateSignal_XLE,0.0,0.0,1.0,1.0,0.0,0.0,0.0,0.0
2022-01-10 21:00:00+00:00,20260126_001632_3acccb11_StateSignal_XLE,0.0,0.0,1.0,1.0,0.0,0.0,0.0,-0.0
2022-01-11 21:00:00+00:00,20260126_001632_3acccb11_StateSignal_XLE,0.0,0.0,1.0,1.0,0.0,0.0,0.0,0.0
2022-01-12 21:00:00+00:00,20260126_001632_3acccb11_StateSignal_XLE,0.0,0.0,1.0,1.0,0.0,0.0,0.0,-0.0
2022-01-13 21:00:00+00:00,20260126_001632_3acccb11_StateSignal_XLE,0.0,0.0,1.0,1.0,0.0,0.0,0.0,-0.0
2022-01-14 21:00:00+00:00,20260126_001632_3acccb11_StateSignal_XLE,0.0,0.0,1.0,1.0,0.0,0.0,0.0,0.0
2022-01-18 21:00:00+00:00,20260126_001632_3acccb11_StateSignal_XLE,0.0,0.0,1.0,1.0,0.0,0.0,0.0,-0.0
2022-01-19 21:00:00+00:00,20260126_001632_3acccb11_StateSignal_XLE,0.0,0.0,1.0,1.0,0.0,0.0,0.0,-0.0
2022-01-20 21:00:00+00:00,20260126_001632_3acccb11_StateSignal_XLE,0.0,0.0,1.0,1.0,0.0,0.0,0.0,-0.0
2022-01-21 21:00:00+00:00,20260126_001632_3acccb11_StateSignal_XLE,0.0,0.0,1.0,1.0,0.0,0.0,0.0,-0.0
2022-01-24 21:00:00+00:00,20260126_001632_3acccb11_StateSignal_XLE,0.0,0.0,1.0,1.0,0.0,0.0,0.0,0.0
2022-01-25 21:00:00+00:00,20260126_001632_3acccb11_StateSignal_XLE,0.0,0.0,1.0,1.0,0.0,0.0,0.0,0.0
2022-01-26 21:00:00+00:00,20260126_001632_3acccb11_StateSignal_XLE,0.0,0.0,1.0,1.0,0.0,0.0,0.0,-0.0
2022-01-27 21:00:00+00:00,20260126_001632_3acccb11_StateSignal_XLE,0.0,0.0,1.0,1.0,0.0,0.0,0.0,-0.0
2022-01-28 21:00:00+00:00,20260126_001632_3acccb11_StateSignal_XLE,0.0,0.0,1.0,1.0,0.0,0.0,0.0,-0.0
2022-01-31 21:00:00+00:00,20260126_001632_3acccb11_StateSignal_XLE,0.0,0.0,1.0,1.0,0.0,0.0,0.0,0.0
2022-02-01 21:00:00+00:00,20260126_001632_3acccb11_StateSignal_XLE,0.0,0.0,1.0,1.0,0.0,0.0,0.0,0.0
2022-02-02 21:00:00+00:00,20260126_001632_3acccb11_StateSignal_XLE,0.0,0.0,1.0,1.0,0.0,0.0,0.0,0.0
2022-02-03 21:00:00+00:00,20260126_001632_3acccb11_StateSignal_XLE,0.0,0.0,1.0,1.0,0.0,0.0,0.0,-0.0
2022-02-04 21:00:00+00:00,20260126_001632_3acccb11_StateSignal_XLE,0.0,0.0,1.0,1.0,0.0,0.0,0.0,-0.0
2022-02-07 21:00:00+00:00,20260126_001632_3acccb11_StateSignal_XLE,0.0,0.0,1.0,1.0,0.0,0.0,0.0,0.0
2022-02-08 21:00:00+00:00,20260126_001632_3acccb11_StateSignal_XLE,0.0,0.0,1.0,1.0,0.0,0.0,0.0,-0.0
2022-02-09 21:00:00+00:00,20260126_001632_3acccb11_StateSignal_XLE,0.0,0.0,1.0,1.0,0.0,0.0,0.0,0.0
2022-02-10 21:00:00+00:00,20260126_001632_3acccb11_StateSignal_XLE,0.0,0.0,1.0,1.0,0.0,0.0,0.0,-0.0
2022-02-11 21:00:00+00:00,20260126_001632_3acccb11_StateSignal_XLE,0.0,0.0,1.0,1.0,0.0,0.0,0.0,0.0
2022-02-14 21:00:00+00:00,20260126_001632_3acccb11_StateSignal_XLE,0.0,0.0,1.0,1.0,0.0,0.0,0.0,-0.0
2022-02-15 21:00:00+00:00,20260126_001632_3acccb11_StateSignal_XLE,0.0,0.0,1.0,1.0,0.0,0.0,0.0,0.0
2022-02-16 21:00:00+00:00,20260126_001632_3acccb11_StateSignal_XLE,0.0,0.0,1.0,1.0,0.0,0.0,0.0,-0.0
2022-02-17 21:00:00+00:00,20260126_001632_3acccb11_StateSignal_XLE,0.0,0.0,1.0,1.0,0.0,0.0,0.0,-0.0
2022-02-18 21:00:00+00:00,20260126_001632_3acccb11_StateSignal_XLE,0.0,0.0,1.0,1.0,0.0,0.0,0.0,0.0
2022-02-22 21:00:00+00:00,20260126_001632_3acccb11_StateSignal_XLE,0.0,0.0,1.0,1.0,0.0,0.0,0.0,-0.0
2022-02-23 21:00:00+00:00,20260126_001632_3acccb11_StateSignal_XLE,0.0,0.0,1.0,1.0,0.0,0.0,0.0,-0.0
2022-02-24 21:00:00+00:00,20260126_001632_3acccb11_StateSignal_XLE,0.0,0.0,1.0,1.0,0.0,0.0,0.0,0.0
2022-02-25 21:00:00+00:00,20260126_001632_3acccb11_StateSignal_XLE,0.0,0.0,1.0,1.0,0.0,0.0,0.0,0.0
2022-02-28 21:00:00+00:00,20260126_001632_3acccb11_StateSignal_XLE,0.0,0.0,1.0,1.0,0.0,0.0,0.0,0.0
2022-03-01 21:00:00+00:00,20260126_001632_3acccb11_StateSignal_XLE,0.0,0.0,1.0,1.0,0.0,0.0,0.0,-0.0
2022-03-02 21:00:00+00:00,20260126_001632_3acccb11_StateSignal_XLE,0.0,0.0,1.0,1.0,0.0,0.0,0.0,0.0
2022-03-03 21:00:00+00:00,20260126_001632_3acccb11_StateSignal_XLE,0.0,0.0,1.0,1.0,0.0,0.0,0.0,0.0
2022-03-04 21:00:00+00:00,20260126_001632_3acccb11_StateSignal_XLE,0.0,0.0,1.0,1.0,0.0,0.0,0.0,0.0
2022-03-07 21:00:00+00:00,20260126_001632_3acccb11_StateSignal_XLE,0.0,0.0,1.0,1.0,0.0,0.0,0.0,0.0
2022-03-08 21:00:00+00:00,20260126_001632_3acccb11_StateSignal_XLE,0.0,0.0,1.0,1.0,0.0,0.0,0.0,-0.0
2022-03-09 21:00:00+00:00,20260126_001632_3acccb11_StateSignal_XLE,0.0,0.0,1.0,1.0,0.0,0.0,0.0,-0.0
2022-03-10 21:00:00+00:00,20260126_001632_3acccb11_StateSignal_XLE,0.0,0.0,1.0,1.0,0.0,0.0,0.0,0.0
2022-03-11 21:00:00+00:00,20260126_001632_3acccb11_StateSignal_XLE,0.0,0.0,1.0,1.0,0.0,0.0,0.0,-0.0
2022-03-14 20:00:00+00:00,20260126_001632_3acccb11_StateSignal_XLE,0.0,0.0,1.0,1.0,0.0,0.0,0.0,0.0
2022-03-15 20:00:00+00:00,20260126_001632_3acccb11_StateSignal_XLE,0.0,0.0,1.0,1.0,0.0,0.0,0.0,0.0
2022-03-16 20:00:00+00:00,20260126_001632_3acccb11_StateSignal_XLE,0.0,0.0,1.0,1.0,0.0,0.0,0.0,-0.0
2022-03-17 20:00:00+00:00,20260126_001632_3acccb11_StateSignal_XLE,0.0,0.0,1.0,1.0,0.0,0.0,0.0,0.0
2022-03-18 20:00:00+00:00,20260126_001632_3acccb11_StateSignal_XLE,0.0,0.0,1.0,1.0,0.0,0.0,0.0,-0.0
2022-03-21 20:00:00+00:00,20260126_001632_3acccb11_StateSignal_XLE,0.0,0.0,1.0,1.0,0.0,0.0,0.0,0.0
2022-03-22 20:00:00+00:00,20260126_001632_3acccb11_StateSignal_XLE,0.0,0.0,1.0,1.0,0.0,0.0,0.0,-0.0
2022-03-23 20:00:00+00:00,20260126_001632_3acccb11_StateSignal_XLE,0.0,0.0,1.0,1.0,0.0,0.0,0.0,-0.0
2022-03-24 20:00:00+00:00,20260126_001632_3acccb11_StateSignal_XLE,0.0,0.0,1.0,1.0,0.0,0.0,0.0,-0.0
2022-03-25 20:00:00+00:00,20260126_001632_3acccb11_StateSignal_XLE,0.0,0.0,1.0,1.0,0.0,0.0,0.0,0.0
2022-03-28 20:00:00+00:00,20260126_001632_3acccb11_StateSignal_XLE,0.0,0.0,1.0,1.0,0.0,0.0,0.0,-0.0
2022-03-29 20:00:00+00:00,20260126_001632_3acccb11_StateSignal_XLE,0.0,0.0,1.0,1.0,0.0,0.0,0.0,0.0
2022-03-30 20:00:00+00:00,20260126_001632_3acccb11_StateSignal_XLE,0.0,0.0,1.0,1.0,0.0,0.0,0.0,0.0
2022-03-31 20:00:00+00:00,20260126_001632_3acccb11_StateSignal_XLE,0.0,0.0,1.0,1.0,0.0,0.0,0.0,-0.0
2022-04-01 20:00:00+00:00,20260126_001632_3acccb11_StateSignal_XLE,0.0,0.0,1.0,1.0,0.0,0.0,0.0,-0.0
2022-04-04 20:00:00+00:00,20260126_001632_3acccb11_StateSignal_XLE,0.0,0.0,1.0,1.0,0.0,0.0,0.0,0.0
2022-04-05 20:00:00+00:00,20260126_001632_3acccb11_StateSignal_XLE,0.0,0.0,1.0,1.0,0.0,0.0,0.0,-0.0
2022-04-06 20:00:00+00:00,20260126_001632_3acccb11_StateSignal_XLE,0.0,0.0,1.0,1.0,0.0,0.0,0.0,0.0
2022-04-07 20:00:00+00:00,20260126_001632_3acccb11_StateSignal_XLE,0.0,0.0,1.0,1.0,0.0,0.0,0.0,0.0
2022-04-08 20:00:00+00:00,20260126_001632_3acccb11_StateSignal_XLE,0.0,0.0,1.0,1.0,0.0,0.0,0.0,0.0
2022-04-11 20:00:00+00:00,20260126_001632_3acccb11_StateSignal_XLE,0.0,0.0,1.0,1.0,0.0,0.0,0.0,-0.0
2022-04-12 20:00:00+00:00,20260126_001632_3acccb11_StateSignal_XLE,0.0,0.0,1.0,1.0,0.0,0.0,0.0,-0.0
2022-04-13 20:00:00+00:00,20260126_001632_3acccb11_StateSignal_XLE,0.0,0.0,1.0,1.0,0.0,0.0,0.0,0.0
2022-04-14 20:00:00+00:00,20260126_001632_3acccb11_StateSignal_XLE,0.0,0.0,1.0,1.0,0.0,0.0,0.0,0.0
2022-04-18 20:00:00+00:00,20260126_001632_3acccb11_StateSignal_XLE,0.0,0.0,1.0,1.0,0.0,0.0,0.0,0.0
2022-04-19 20:00:00+00:00,20260126_001632_3acccb11_StateSignal_XLE,0.0,0.0,1.0,1.0,0.0,0.0,0.0,-0.0
2022-04-20 20:00:00+00:00,20260126_001632_3acccb11_StateSignal_XLE,0.0,0.0,1.0,1.0,0.0,0.0,0.0,0.0
2022-04-21 20:00:00+00:00,20260126_001632_3acccb11_StateSignal_XLE,0.0,0.0,1.0,1.0,0.0,0.0,0.0,-0.0
2022-04-22 20:00:00+00:00,20260126_001632_3acccb11_StateSignal_XLE,0.0,0.0,1.0,1.0,0.0,0.0,0.0,-0.0
2022-04-25 20:00:00+00:00,20260126_001632_3acccb11_StateSignal_XLE,0.0,0.0,1.0,1.0,0.0,0.0,0.0,0.0
2022-04-26 20:00:00+00:00,20260126_001632_3acccb11_StateSignal_XLE,0.0,0.0,1.0,1.0,0.0,0.0,0.0,-0.0
2022-04-27 20:00:00+00:00,20260126_001632_3acccb11_StateSignal_XLE,0.0,0.0,1.0,1.0,0.0,0.0,0.0,0.0
2022-04-28 20:00:00+00:00,20260126_001632_3acccb11_StateSignal_XLE,0.0,0.0,1.0,1.0,0.0,0.0,0.0,0.0
2022-04-29 20:00:00+00:00,20260126_001632_3acccb11_StateSignal_XLE,0.0,0.0,1.0,1.0,0.0,0.0,0.0,-0.0
2022-05-02 20:00:00+00:00,20260126_001632_3acccb11_StateSignal_XLE,0.0,0.0,1.0,1.0,0.0,0.0,0.0,0.0
2022-05-03 20:00:00+00:00,20260126_001632_3acccb11_StateSignal_XLE,0.0,0.0,1.0,1.0,0.0,0.0,0.0,0.0
2022-05-04 20:00:00+00:00,20260126_001632_3acccb11_StateSignal_XLE,0.0,0.0,1.0,1.0,0.0,0.0,0.0,0.0
2022-05-05 20:00:00+00:00,20260126_001632_3acccb11_StateSignal_XLE,0.0,0.0,1.0,1.0,0.0,0.0,0.0,-0.0
2022-05-06 20:00:00+00:00,20260126_001632_3acccb11_StateSignal_XLE,0.0,0.0,1.0,1.0,0.0,0.0,0.0,0.0
2022-05-09 20:00:00+00:00,20260126_001632_3acccb11_StateSignal_XLE,0.0,0.0,1.0,1.0,0.0,0.0,0.0,-0.0
2022-05-10 20:00:00+00:00,20260126_001632_3acccb11_StateSignal_XLE,0.0,0.0,1.0,1.0,0.0,0.0,0.0,-0.0
2022-05-11 20:00:00+00:00,20260126_001632_3acccb11_StateSignal_XLE,0.0,0.0,1.0,1.0,0.0,0.0,0.0,-0.0
2022-05-12 20:00:00+00:00,20260126_001632_3acccb11_StateSignal_XLE,0.0,0.0,1.0,1.0,0.0,0.0,0.0,0.0
2022-05-13 20:00:00+00:00,20260126_001632_3acccb11_StateSignal_XLE,0.0,0.0,1.0,1.0,0.0,0.0,0.0,0.0
2022-05-16 20:00:00+00:00,20260126_001632_3acccb11_StateSignal_XLE,0.0,0.0,1.0,1.0,0.0,0.0,0.0,0.0
2022-05-17 20:00:00+00:00,20260126_001632_3acccb11_StateSignal_XLE,0.0,0.0,1.0,1.0,0.0,0.0,0.0,0.0
2022-05-18 20:00:00+00:00,20260126_001632_3acccb11_StateSignal_XLE,0.0,0.0,1.0,1.0,0.0,0.0,0.0,-0.0
2022-05-19 20:00:00+00:00,20260126_001632_3acccb11_StateSignal_XLE,0.0,0.0,1.0,1.0,0.0,0.0,0.0,0.0
2022-05-20 20:00:00+00:00,20260126_001632_3acccb11_StateSignal_XLE,0.0,0.0,1.0,1.0,0.0,0.0,0.0,-0.0
2022-05-23 20:00:00+00:00,20260126_001632_3acccb11_StateSignal_XLE,0.0,0.0,1.0,1.0,0.0,0.0,0.0,0.0
2022-05-24 20:00:00+00:00,20260126_001632_3acccb11_StateSignal_XLE,0.0,0.0,1.0,1.0,0.0,0.0,0.0,0.0
2022-05-25 20:00:00+00:00,20260126_001632_3acccb11_StateSignal_XLE,0.0,0.0,1.0,1.0,0.0,0.0,0.0,0.0
2022-05-26 20:00:00+00:00,20260126_001632_3acccb11_StateSignal_XLE,0.0,0.0,1.0,1.0,0.0,0.0,0.0,0.0
2022-05-27 20:00:00+00:00,20260126_001632_3acccb11_StateSignal_XLE,0.0,0.0,1.0,1.0,0.0,0.0,0.0,0.0
2022-05-31 20:00:00+00:00,20260126_001632_3acccb11_StateSignal_XLE,0.0,0.0,1.0,1.0,0.0,0.0,0.0,-0.0
2022-06-01 20:00:00+00:00,20260126_001632_3acccb11_StateSignal_XLE,0.0,0.0,1.0,1.0,0.0,0.0,0.0,0.0
2022-06-02 20:00:00+00:00,20260126_001632_3acccb11_StateSignal_XLE,0.0,0.0,1.0,1.0,0.0,0.0,0.0,0.0
2022-06-03 20:00:00+00:00,20260126_001632_3acccb11_StateSignal_XLE,0.0,0.0,1.0,1.0,0.0,0.0,0.0,0.0
2022-06-06 20:00:00+00:00,20260126_001632_3acccb11_StateSignal_XLE,0.0,0.0,1.0,1.0,0.0,0.0,0.0,-0.0
2022-06-07 20:00:00+00:00,20260126_001632_3acccb11_StateSignal_XLE,0.0,0.0,1.0,1.0,0.0,0.0,0.0,0.0
2022-06-08 20:00:00+00:00,20260126_001632_3acccb11_StateSignal_XLE,0.0,0.0,1.0,1.0,0.0,0.0,0.0,-0.0
2022-06-09 20:00:00+00:00,20260126_001632_3acccb11_StateSignal_XLE,0.0,0.0,1.0,1.0,0.0,0.0,0.0,-0.0
2022-06-10 20:00:00+00:00,20260126_001632_3acccb11_StateSignal_XLE,0.0,0.0,1.0,1.0,0.0,0.0,0.0,-0.0
2022-06-13 20:00:00+00:00,20260126_001632_3acccb11_StateSignal_XLE,0.0,0.0,1.0,1.0,0.0,0.0,0.0,-0.0
2022-06-14 20:00:00+00:00,20260126_001632_3acccb11_StateSignal_XLE,0.0,0.0,1.0,1.0,0.0,0.0,0.0,-0.0
2022-06-15 20:00:00+00:00,20260126_001632_3acccb11_StateSignal_XLE,0.0,0.0,1.0,1.0,0.0,0.0,0.0,-0.0
2022-06-16 20:00:00+00:00,20260126_001632_3acccb11_StateSignal_XLE,0.0,0.0,1.0,1.0,0.0,0.0,0.0,-0.0
2022-06-17 20:00:00+00:00,20260126_001632_3acccb11_StateSignal_XLE,0.0,0.0,1.0,1.0,0.0,0.0,0.0,-0.0
2022-06-21 20:00:00+00:00,20260126_001632_3acccb11_StateSignal_XLE,0.0,0.0,1.0,1.0,0.0,0.0,0.0,0.0
2022-06-22 20:00:00+00:00,20260126_001632_3acccb11_StateSignal_XLE,0.0,0.0,1.0,1.0,0.0,0.0,0.0,0.0
2022-06-23 20:00:00+00:00,20260126_001632_3acccb11_StateSignal_XLE,0.0,0.0,1.0,1.0,0.0,0.0,0.0,-0.0
2022-06-24 20:00:00+00:00,20260126_001632_3acccb11_StateSignal_XLE,0.0,0.0,1.0,1.0,0.0,0.0,0.0,0.0
2022-06-27 20:00:00+00:00,20260126_001632_3acccb11_StateSignal_XLE,0.0,0.0,1.0,1.0,0.0,0.0,0.0,0.0
2022-06-28 20:00:00+00:00,20260126_001632_3acccb11_StateSignal_XLE,0.0,0.0,1.0,1.0,0.0,0.0,0.0,0.0
2022-06-29 20:00:00+00:00,20260126_001632_3acccb11_StateSignal_XLE,0.0,0.0,1.0,1.0,0.0,0.0,0.0,-0.0
2022-06-30 20:00:00+00:00,20260126_001632_3acccb11_StateSignal_XLE,0.0,0.0,1.0,1.0,0.0,0.0,0.0,-0.0
2022-07-01 20:00:00+00:00,20260126_001632_3acccb11_StateSignal_XLE,0.0,0.0,1.0,1.0,0.0,0.0,0.0,0.0
2022-07-05 20:00:00+00:00,20260126_001632_3acccb11_StateSignal_XLE,0.0,0.0,1.0,1.0,0.0,0.0,0.0,-0.0
2022-07-06 20:00:00+00:00,20260126_001632_3acccb11_StateSignal_XLE,0.0,0.0,1.0,1.0,0.0,0.0,0.0,-0.0
2022-07-07 20:00:00+00:00,20260126_001632_3acccb11_StateSignal_XLE,0.0,0.0,1.0,1.0,0.0,0.0,0.0,0.0
2022-07-08 20:00:00+00:00,20260126_001632_3acccb11_StateSignal_XLE,0.0,0.0,1.0,1.0,0.0,0.0,0.0,-0.0
2022-07-11 20:00:00+00:00,20260126_001632_3acccb11_StateSignal_XLE,0.0,0.0,1.0,1.0,0.0,0.0,0.0,0.0
2022-07-12 20:00:00+00:00,20260126_001632_3acccb11_StateSignal_XLE,0.0,0.0,1.0,1.0,0.0,0.0,0.0,0.0
2022-07-13 20:00:00+00:00,20260126_001632_3acccb11_StateSignal_XLE,0.0,0.0,1.0,1.0,0.0,0.0,0.0,-0.0
2022-07-14 20:00:00+00:00,20260126_001632_3acccb11_StateSignal_XLE,0.0,0.0,1.0,1.0,0.0,0.0,0.0,0.0
2022-07-15 20:00:00+00:00,20260126_001632_3acccb11_StateSignal_XLE,0.0,0.0,1.0,1.0,0.0,0.0,0.0,0.0
2022-07-18 20:00:00+00:00,20260126_001632_3acccb11_StateSignal_XLE,0.0,0.0,1.0,1.0,0.0,0.0,0.0,-0.0
2022-07-19 20:00:00+00:00,20260126_001632_3acccb11_StateSignal_XLE,0.0,0.0,1.0,1.0,0.0,0.0,0.0,0.0
2022-07-20 20:00:00+00:00,20260126_001632_3acccb11_StateSignal_XLE,0.0,0.0,1.0,1.0,0.0,0.0,0.0,0.0
2022-07-21 20:00:00+00:00,20260126_001632_3acccb11_StateSignal_XLE,0.0,0.0,1.0,1.0,0.0,0.0,0.0,0.0
2022-07-22 20:00:00+00:00,20260126_001632_3acccb11_StateSignal_XLE,0.0,0.0,1.0,1.0,0.0,0.0,0.0,-0.0
2022-07-25 20:00:00+00:00,20260126_001632_3acccb11_StateSignal_XLE,0.0,0.0,1.0,1.0,0.0,0.0,0.0,0.0
2022-07-26 20:00:00+00:00,20260126_001632_3acccb11_StateSignal_XLE,0.0,0.0,1.0,1.0,0.0,0.0,0.0,-0.0
2022-07-27 20:00:00+00:00,20260126_001632_3acccb11_StateSignal_XLE,0.0,0.0,1.0,1.0,0.0,0.0,0.0,0.0
2022-07-28 20:00:00+00:00,20260126_001632_3acccb11_StateSignal_XLE,0.0,0.0,1.0,1.0,0.0,0.0,0.0,-0.0
2022-07-29 20:00:00+00:00,20260126_001632_3acccb11_StateSignal_XLE,0.0,0.0,1.0,1.0,0.0,0.0,0.0,0.0
2022-08-01 20:00:00+00:00,20260126_001632_3acccb11_StateSignal_XLE,0.0,0.0,1.0,1.0,0.0,0.0,0.0,-0.0
2022-08-02 20:00:00+00:00,20260126_001632_3acccb11_StateSignal_XLE,0.0,0.0,1.0,1.0,0.0,0.0,0.0,-0.0
2022-08-03 20:00:00+00:00,20260126_001632_3acccb11_StateSignal_XLE,0.0,0.0,1.0,1.0,0.0,0.0,0.0,-0.0
2022-08-04 20:00:00+00:00,20260126_001632_3acccb11_StateSignal_XLE,0.0,0.0,1.0,1.0,0.0,0.0,0.0,-0.0
2022-08-05 20:00:00+00:00,20260126_001632_3acccb11_StateSignal_XLE,0.0,0.0,1.0,1.0,0.0,0.0,0.0,0.0
2022-08-08 20:00:00+00:00,20260126_001632_3acccb11_StateSignal_XLE,0.0,0.0,1.0,1.0,0.0,0.0,0.0,0.0
2022-08-09 20:00:00+00:00,20260126_001632_3acccb11_StateSignal_XLE,0.0,0.0,1.0,1.0,0.0,0.0,0.0,-0.0
2022-08-10 20:00:00+00:00,20260126_001632_3acccb11_StateSignal_XLE,0.0,0.0,1.0,1.0,0.0,0.0,0.0,0.0
2022-08-11 20:00:00+00:00,20260126_001632_3acccb11_StateSignal_XLE,0.0,0.0,1.0,1.0,0.0,0.0,0.0,0.0
2022-08-12 20:00:00+00:00,20260126_001632_3acccb11_StateSignal_XLE,0.0,0.0,1.0,1.0,0.0,0.0,0.0,0.0
2022-08-15 20:00:00+00:00,20260126_001632_3acccb11_StateSignal_XLE,0.0,0.0,1.0,1.0,0.0,0.0,0.0,0.0
2022-08-16 20:00:00+00:00,20260126_001632_3acccb11_StateSignal_XLE,0.0,0.0,1.0,1.0,0.0,0.0,0.0,-0.0
2022-08-17 20:00:00+00:00,20260126_001632_3acccb11_StateSignal_XLE,0.0,0.0,1.0,1.0,0.0,0.0,0.0,0.0
2022-08-18 20:00:00+00:00,20260126_001632_3acccb11_StateSignal_XLE,0.0,0.0,1.0,1.0,0.0,0.0,0.0,0.0
2022-08-19 20:00:00+00:00,20260126_001632_3acccb11_StateSignal_XLE,0.0,0.0,1.0,1.0,0.0,0.0,0.0,0.0
2022-08-22 20:00:00+00:00,20260126_001632_3acccb11_StateSignal_XLE,0.0,0.0,1.0,1.0,0.0,0.0,0.0,0.0
2022-08-23 20:00:00+00:00,20260126_001632_3acccb11_StateSignal_XLE,0.0,0.0,1.0,1.0,0.0,0.0,0.0,0.0
2022-08-24 20:00:00+00:00,20260126_001632_3acccb11_StateSignal_XLE,0.0,0.0,1.0,1.0,0.0,0.0,0.0,0.0
2022-08-25 20:00:00+00:00,20260126_001632_3acccb11_StateSignal_XLE,0.0,0.0,1.0,1.0,0.0,0.0,0.0,-0.0
2022-08-26 20:00:00+00:00,20260126_001632_3acccb11_StateSignal_XLE,0.0,0.0,1.0,1.0,0.0,0.0,0.0,-0.0
2022-08-29 20:00:00+00:00,20260126_001632_3acccb11_StateSignal_XLE,0.0,0.0,1.0,1.0,0.0,0.0,0.0,0.0
2022-08-30 20:00:00+00:00,20260126_001632_3acccb11_StateSignal_XLE,0.0,0.0,1.0,1.0,0.0,0.0,0.0,-0.0
2022-08-31 20:00:00+00:00,20260126_001632_3acccb11_StateSignal_XLE,0.0,0.0,1.0,1.0,0.0,0.0,0.0,0.0
2022-09-01 20:00:00+00:00,20260126_001632_3acccb11_StateSignal_XLE,0.0,0.0,1.0,1.0,0.0,0.0,0.0,-0.0
2022-09-02 20:00:00+00:00,20260126_001632_3acccb11_StateSignal_XLE,0.0,0.0,1.0,1.0,0.0,0.0,0.0,-0.0
2022-09-06 20:00:00+00:00,20260126_001632_3acccb11_StateSignal_XLE,0.0,0.0,1.0,1.0,0.0,0.0,0.0,-0.0
2022-09-07 20:00:00+00:00,20260126_001632_3acccb11_StateSignal_XLE,0.0,0.0,1.0,1.0,0.0,0.0,0.0,0.0
2022-09-08 20:00:00+00:00,20260126_001632_3acccb11_StateSignal_XLE,0.0,0.0,1.0,1.0,0.0,0.0,0.0,0.0
2022-09-09 20:00:00+00:00,20260126_001632_3acccb11_StateSignal_XLE,0.0,0.0,1.0,1.0,0.0,0.0,0.0,0.0
2022-09-12 20:00:00+00:00,20260126_001632_3acccb11_StateSignal_XLE,0.0,0.0,1.0,1.0,0.0,0.0,0.0,0.0
2022-09-13 20:00:00+00:00,20260126_001632_3acccb11_StateSignal_XLE,0.0,0.0,1.0,1.0,0.0,0.0,0.0,-0.0
2022-09-14 20:00:00+00:00,20260126_001632_3acccb11_StateSignal_XLE,0.0,0.0,1.0,1.0,0.0,0.0,0.0,-0.0
2022-09-15 20:00:00+00:00,20260126_001632_3acccb11_StateSignal_XLE,0.0,0.0,1.0,1.0,0.0,0.0,0.0,-0.0
2022-09-16 20:00:00+00:00,20260126_001632_3acccb11_StateSignal_XLE,0.0,0.0,1.0,1.0,0.0,0.0,0.0,0.0
2022-09-19 20:00:00+00:00,20260126_001632_3acccb11_StateSignal_XLE,0.0,0.0,1.0,1.0,0.0,0.0,0.0,0.0
2022-09-20 20:00:00+00:00,20260126_001632_3acccb11_StateSignal_XLE,0.0,0.0,1.0,1.0,0.0,0.0,0.0,0.0
2022-09-21 20:00:00+00:00,20260126_001632_3acccb11_StateSignal_XLE,0.0,0.0,1.0,1.0,0.0,0.0,0.0,-0.0
2022-09-22 20:00:00+00:00,20260126_001632_3acccb11_StateSignal_XLE,0.0,0.0,1.0,1.0,0.0,0.0,0.0,-0.0
2022-09-23 20:00:00+00:00,20260126_001632_3acccb11_StateSignal_XLE,0.0,0.0,1.0,1.0,0.0,0.0,0.0,-0.0
2022-09-26 20:00:00+00:00,20260126_001632_3acccb11_StateSignal_XLE,0.0,0.0,1.0,1.0,0.0,0.0,0.0,-0.0
2022-09-27 20:00:00+00:00,20260126_001632_3acccb11_StateSignal_XLE,0.0,0.0,1.0,1.0,0.0,0.0,0.0,-0.0
2022-09-28 20:00:00+00:00,20260126_001632_3acccb11_StateSignal_XLE,0.0,0.0,1.0,1.0,0.0,0.0,0.0,0.0
2022-09-29 20:00:00+00:00,20260126_001632_3acccb11_StateSignal_XLE,0.0,0.0,1.0,1.0,0.0,0.0,0.0,0.0
2022-09-30 20:00:00+00:00,20260126_001632_3acccb11_StateSignal_XLE,0.0,0.0,1.0,1.0,0.0,0.0,0.0,0.0
2022-10-03 20:00:00+00:00,20260126_001632_3acccb11_StateSignal_XLE,0.0,0.0,1.0,1.0,0.0,0.0,0.0,0.0
2022-10-04 20:00:00+00:00,20260126_001632_3acccb11_StateSignal_XLE,0.0,0.0,1.0,1.0,0.0,0.0,0.0,0.0
2022-10-05 20:00:00+00:00,20260126_001632_3acccb11_StateSignal_XLE,0.0,0.0,1.0,1.0,0.0,0.0,0.0,0.0
2022-10-06 20:00:00+00:00,20260126_001632_3acccb11_StateSignal_XLE,0.0,0.0,1.0,1.0,0.0,0.0,0.0,0.0
2022-10-07 20:00:00+00:00,20260126_001632_3acccb11_StateSignal_XLE,0.0,0.0,1.0,1.0,0.0,0.0,0.0,-0.0
2022-10-10 20:00:00+00:00,20260126_001632_3acccb11_StateSignal_XLE,0.0,0.0,1.0,1.0,0.0,0.0,0.0,-0.0
2022-10-11 20:00:00+00:00,20260126_001632_3acccb11_StateSignal_XLE,0.0,0.0,1.0,1.0,0.0,0.0,0.0,0.0
2022-10-12 20:00:00+00:00,20260126_001632_3acccb11_StateSignal_XLE,0.0,0.0,1.0,1.0,0.0,0.0,0.0,0.0
2022-10-13 20:00:00+00:00,20260126_001632_3acccb11_StateSignal_XLE,0.0,0.0,1.0,1.0,0.0,0.0,0.0,0.0
2022-10-14 20:00:00+00:00,20260126_001632_3acccb11_StateSignal_XLE,0.0,0.0,1.0,1.0,0.0,0.0,0.0,-0.0
2022-10-17 20:00:00+00:00,20260126_001632_3acccb11_StateSignal_XLE,0.0,0.0,1.0,1.0,0.0,0.0,0.0,0.0
2022-10-18 20:00:00+00:00,20260126_001632_3acccb11_StateSignal_XLE,0.0,0.0,1.0,1.0,0.0,0.0,0.0,-0.0
2022-10-19 20:00:00+00:00,20260126_001632_3acccb11_StateSignal_XLE,0.0,0.0,1.0,1.0,0.0,0.0,0.0,0.0
2022-10-20 20:00:00+00:00,20260126_001632_3acccb11_StateSignal_XLE,0.0,0.0,1.0,1.0,0.0,0.0,0.0,-0.0
2022-10-21 20:00:00+00:00,20260126_001632_3acccb11_StateSignal_XLE,0.0,0.0,1.0,1.0,0.0,0.0,0.0,0.0
2022-10-24 20:00:00+00:00,20260126_001632_3acccb11_StateSignal_XLE,0.0,0.0,1.0,1.0,0.0,0.0,0.0,0.0
2022-10-25 20:00:00+00:00,20260126_001632_3acccb11_StateSignal_XLE,0.0,0.0,1.0,1.0,0.0,0.0,0.0,0.0
2022-10-26 20:00:00+00:00,20260126_001632_3acccb11_StateSignal_XLE,0.0,0.0,1.0,1.0,0.0,0.0,0.0,0.0
2022-10-27 20:00:00+00:00,20260126_001632_3acccb11_StateSignal_XLE,0.0,0.0,1.0,1.0,0.0,0.0,0.0,0.0
2022-10-28 20:00:00+00:00,20260126_001632_3acccb11_StateSignal_XLE,0.0,0.0,1.0,1.0,0.0,0.0,0.0,0.0
2022-10-31 20:00:00+00:00,20260126_001632_3acccb11_StateSignal_XLE,0.0,0.0,1.0,1.0,0.0,0.0,0.0,-0.0
2022-11-01 20:00:00+00:00,20260126_001632_3acccb11_StateSignal_XLE,0.0,0.0,1.0,1.0,0.0,0.0,0.0,-0.0
2022-11-02 20:00:00+00:00,20260126_001632_3acccb11_StateSignal_XLE,0.0,0.0,1.0,1.0,0.0,0.0,0.0,-0.0
2022-11-03 20:00:00+00:00,20260126_001632_3acccb11_StateSignal_XLE,0.0,0.0,1.0,1.0,0.0,0.0,0.0,0.0
2022-11-04 20:00:00+00:00,20260126_001632_3acccb11_StateSignal_XLE,0.0,0.0,1.0,1.0,0.0,0.0,0.0,-0.0
2022-11-07 21:00:00+00:00,20260126_001632_3acccb11_StateSignal_XLE,0.0,0.0,1.0,1.0,0.0,0.0,0.0,0.0
2022-11-08 21:00:00+00:00,20260126_001632_3acccb11_StateSignal_XLE,0.0,0.0,1.0,1.0,0.0,0.0,0.0,0.0
2022-11-09 21:00:00+00:00,20260126_001632_3acccb11_StateSignal_XLE,0.0,0.0,1.0,1.0,0.0,0.0,0.0,-0.0
2022-11-10 21:00:00+00:00,20260126_001632_3acccb11_StateSignal_XLE,0.0,0.0,1.0,1.0,0.0,0.0,0.0,0.0
2022-11-11 21:00:00+00:00,20260126_001632_3acccb11_StateSignal_XLE,0.0,0.0,1.0,1.0,0.0,0.0,0.0,0.0
2022-11-14 21:00:00+00:00,20260126_001632_3acccb11_StateSignal_XLE,0.0,0.0,1.0,1.0,0.0,0.0,0.0,-0.0
2022-11-15 21:00:00+00:00,20260126_001632_3acccb11_StateSignal_XLE,0.0,0.0,1.0,1.0,0.0,0.0,0.0,0.0
2022-11-16 21:00:00+00:00,20260126_001632_3acccb11_StateSignal_XLE,0.0,0.0,1.0,1.0,0.0,0.0,0.0,-0.0
2022-11-17 21:00:00+00:00,20260126_001632_3acccb11_StateSignal_XLE,0.0,0.0,1.0,1.0,0.0,0.0,0.0,0.0
2022-11-18 21:00:00+00:00,20260126_001632_3acccb11_StateSignal_XLE,0.0,0.0,1.0,1.0,0.0,0.0,0.0,-0.0
2022-11-21 21:00:00+00:00,20260126_001632_3acccb11_StateSignal_XLE,0.0,0.0,1.0,1.0,0.0,0.0,0.0,-0.0
2022-11-22 21:00:00+00:00,20260126_001632_3acccb11_StateSignal_XLE,0.0,0.0,1.0,1.0,0.0,0.0,0.0,0.0
2022-11-23 21:00:00+00:00,20260126_001632_3acccb11_StateSignal_XLE,0.0,0.0,1.0,1.0,0.0,0.0,0.0,-0.0
2022-11-25 21:00:00+00:00,20260126_001632_3acccb11_StateSignal_XLE,0.0,0.0,1.0,1.0,0.0,0.0,0.0,-0.0
2022-11-28 21:00:00+00:00,20260126_001632_3acccb11_StateSignal_XLE,0.0,0.0,1.0,1.0,0.0,0.0,0.0,-0.0
2022-11-29 21:00:00+00:00,20260126_001632_3acccb11_StateSignal_XLE,0.0,0.0,1.0,1.0,0.0,0.0,0.0,0.0
2022-11-30 21:00:00+00:00,20260126_001632_3acccb11_StateSignal_XLE,0.0,0.0,1.0,1.0,0.0,0.0,0.0,-0.0
2022-12-01 21:00:00+00:00,20260126_001632_3acccb11_StateSignal_XLE,0.0,0.0,1.0,1.0,0.0,0.0,0.0,-0.0
2022-12-02 21:00:00+00:00,20260126_001632_3acccb11_StateSignal_XLE,0.0,0.0,1.0,1.0,0.0,0.0,0.0,-0.0
2022-12-05 21:00:00+00:00,20260126_001632_3acccb11_StateSignal_XLE,0.0,0.0,1.0,1.0,0.0,0.0,0.0,-0.0
2022-12-06 21:00:00+00:00,20260126_001632_3acccb11_StateSignal_XLE,0.0,0.0,1.0,1.0,0.0,0.0,0.0,-0.0
2022-12-07 21:00:00+00:00,20260126_001632_3acccb11_StateSignal_XLE,0.0,0.0,1.0,1.0,0.0,0.0,0.0,-0.0
2022-12-08 21:00:00+00:00,20260126_001632_3acccb11_StateSignal_XLE,0.0,0.0,1.0,1.0,0.0,0.0,0.0,-0.0
2022-12-09 21:00:00+00:00,20260126_001632_3acccb11_StateSignal_XLE,0.0,0.0,1.0,1.0,0.0,0.0,0.0,-0.0
2022-12-12 21:00:00+00:00,20260126_001632_3acccb11_StateSignal_XLE,0.0,0.0,1.0,1.0,0.0,0.0,0.0,0.0
2022-12-13 21:00:00+00:00,20260126_001632_3acccb11_StateSignal_XLE,0.0,0.0,1.0,1.0,0.0,0.0,0.0,-0.0
2022-12-14 21:00:00+00:00,20260126_001632_3acccb11_StateSignal_XLE,0.0,0.0,1.0,1.0,0.0,0.0,0.0,-0.0
2022-12-15 21:00:00+00:00,20260126_001632_3acccb11_StateSignal_XLE,0.0,0.0,1.0,1.0,0.0,0.0,0.0,0.0
2022-12-16 21:00:00+00:00,20260126_001632_3acccb11_StateSignal_XLE,0.0,0.0,1.0,1.0,0.0,0.0,0.0,0.0
2022-12-19 21:00:00+00:00,20260126_001632_3acccb11_StateSignal_XLE,0.0,0.0,1.0,1.0,0.0,0.0,0.0,-0.0
2022-12-20 21:00:00+00:00,20260126_001632_3acccb11_StateSignal_XLE,0.0,0.0,1.0,1.0,0.0,0.0,0.0,0.0
2022-12-21 21:00:00+00:00,20260126_001632_3acccb11_StateSignal_XLE,0.0,0.0,1.0,1.0,0.0,0.0,0.0,0.0
2022-12-22 21:00:00+00:00,20260126_001632_3acccb11_StateSignal_XLE,0.0,0.0,1.0,1.0,0.0,0.0,0.0,-0.0
2022-12-23 21:00:00+00:00,20260126_001632_3acccb11_StateSignal_XLE,0.0,0.0,1.0,1.0,0.0,0.0,0.0,0.0
2022-12-27 21:00:00+00:00,20260126_001632_3acccb11_StateSignal_XLE,0.0,0.0,1.0,1.0,0.0,0.0,0.0,0.0
2022-12-28 21:00:00+00:00,20260126_001632_3acccb11_StateSignal_XLE,0.0,0.0,1.0,1.0,0.0,0.0,0.0,-0.0
2022-12-29 21:00:00+00:00,20260126_001632_3acccb11_StateSignal_XLE,0.0,0.0,1.0,1.0,0.0,0.0,0.0,0.0
2022-12-30 21:00:00+00:00,20260126_001632_3acccb11_StateSignal_XLE,0.0,0.0,1.0,1.0,0.0,0.0,0.0,0.0
2023-01-03 21:00:00+00:00,20260126_001632_3acccb11_StateSignal_XLE,0.0,0.0,1.0,1.0,0.0,0.0,0.0,-0.0
2023-01-04 21:00:00+00:00,20260126_001632_3acccb11_StateSignal_XLE,0.0,0.0,1.0,1.0,0.0,0.0,0.0,0.0
2023-01-05 21:00:00+00:00,20260126_001632_3acccb11_StateSignal_XLE,0.0,0.0,1.0,1.0,0.0,0.0,0.0,0.0
2023-01-06 21:00:00+00:00,20260126_001632_3acccb11_StateSignal_XLE,0.0,0.0,1.0,1.0,0.0,0.0,0.0,-0.0
2023-01-09 21:00:00+00:00,20260126_001632_3acccb11_StateSignal_XLE,0.0,0.0,1.0,1.0,0.0,0.0,0.0,-0.0
2023-01-10 21:00:00+00:00,20260126_001632_3acccb11_StateSignal_XLE,0.0,0.0,1.0,1.0,0.0,0.0,0.0,0.0
2023-01-11 21:00:00+00:00,20260126_001632_3acccb11_StateSignal_XLE,0.0,0.0,1.0,1.0,0.0,0.0,0.0,-0.0
2023-01-12 21:00:00+00:00,20260126_001632_3acccb11_StateSignal_XLE,0.0,0.0,1.0,1.0,0.0,0.0,0.0,0.0
2023-01-13 21:00:00+00:00,20260126_001632_3acccb11_StateSignal_XLE,0.0,0.0,1.0,1.0,0.0,0.0,0.0,0.0
2023-01-17 21:00:00+00:00,20260126_001632_3acccb11_StateSignal_XLE,0.0,0.0,1.0,1.0,0.0,0.0,0.0,-0.0
2023-01-18 21:00:00+00:00,20260126_001632_3acccb11_StateSignal_XLE,0.0,0.0,1.0,1.0,0.0,0.0,0.0,-0.0
2023-01-19 21:00:00+00:00,20260126_001632_3acccb11_StateSignal_XLE,0.0,0.0,1.0,1.0,0.0,0.0,0.0,0.0
2023-01-20 21:00:00+00:00,20260126_001632_3acccb11_StateSignal_XLE,0.0,0.0,1.0,1.0,0.0,0.0,0.0,0.0
2023-01-23 21:00:00+00:00,20260126_001632_3acccb11_StateSignal_XLE,0.0,0.0,1.0,1.0,0.0,0.0,0.0,-0.0
2023-01-24 21:00:00+00:00,20260126_001632_3acccb11_StateSignal_XLE,0.0,0.0,1.0,1.0,0.0,0.0,0.0,0.0
2023-01-25 21:00:00+00:00,20260126_001632_3acccb11_StateSignal_XLE,0.0,0.0,1.0,1.0,0.0,0.0,0.0,0.0
2023-01-26 21:00:00+00:00,20260126_001632_3acccb11_StateSignal_XLE,0.0,0.0,1.0,1.0,0.0,0.0,0.0,0.0
2023-01-27 21:00:00+00:00,20260126_001632_3acccb11_StateSignal_XLE,0.0,0.0,1.0,1.0,0.0,0.0,0.0,-0.0
2023-01-30 21:00:00+00:00,20260126_001632_3acccb11_StateSignal_XLE,0.0,0.0,1.0,1.0,0.0,0.0,0.0,-0.0
2023-01-31 21:00:00+00:00,20260126_001632_3acccb11_StateSignal_XLE,0.0,0.0,1.0,1.0,0.0,0.0,0.0,0.0
2023-02-01 21:00:00+00:00,20260126_001632_3acccb11_StateSignal_XLE,0.0,0.0,1.0,1.0,0.0,0.0,0.0,-0.0
2023-02-02 21:00:00+00:00,20260126_001632_3acccb11_StateSignal_XLE,0.0,0.0,1.0,1.0,0.0,0.0,0.0,-0.0
2023-02-03 21:00:00+00:00,20260126_001632_3acccb11_StateSignal_XLE,0.0,0.0,1.0,1.0,0.0,0.0,0.0,-0.0
2023-02-06 21:00:00+00:00,20260126_001632_3acccb11_StateSignal_XLE,0.0,0.0,1.0,1.0,0.0,0.0,0.0,-0.0
2023-02-07 21:00:00+00:00,20260126_001632_3acccb11_StateSignal_XLE,0.0,0.0,1.0,1.0,0.0,0.0,0.0,0.0
2023-02-08 21:00:00+00:00,20260126_001632_3acccb11_StateSignal_XLE,0.0,0.0,1.0,1.0,0.0,0.0,0.0,-0.0
2023-02-09 21:00:00+00:00,20260126_001632_3acccb11_StateSignal_XLE,0.0,0.0,1.0,1.0,0.0,0.0,0.0,-0.0
2023-02-10 21:00:00+00:00,20260126_001632_3acccb11_StateSignal_XLE,0.0,0.0,1.0,1.0,0.0,0.0,0.0,0.0
2023-02-13 21:00:00+00:00,20260126_001632_3acccb11_StateSignal_XLE,0.0,0.0,1.0,1.0,0.0,0.0,0.0,0.0
2023-02-14 21:00:00+00:00,20260126_001632_3acccb11_StateSignal_XLE,0.0,0.0,1.0,1.0,0.0,0.0,0.0,0.0
2023-02-15 21:00:00+00:00,20260126_001632_3acccb11_StateSignal_XLE,0.0,0.0,1.0,1.0,0.0,0.0,0.0,0.0
2023-02-16 21:00:00+00:00,20260126_001632_3acccb11_StateSignal_XLE,0.0,0.0,1.0,1.0,0.0,0.0,0.0,-0.0
2023-02-17 21:00:00+00:00,20260126_001632_3acccb11_StateSignal_XLE,0.0,0.0,1.0,1.0,0.0,0.0,0.0,-0.0
2023-02-21 21:00:00+00:00,20260126_001632_3acccb11_StateSignal_XLE,0.0,0.0,1.0,1.0,0.0,0.0,0.0,-0.0
2023-02-22 21:00:00+00:00,20260126_001632_3acccb11_StateSignal_XLE,0.0,0.0,1.0,1.0,0.0,0.0,0.0,-0.0
2023-02-23 21:00:00+00:00,20260126_001632_3acccb11_StateSignal_XLE,0.0,0.0,1.0,1.0,0.0,0.0,0.0,0.0
2023-02-24 21:00:00+00:00,20260126_001632_3acccb11_StateSignal_XLE,0.0,0.0,1.0,1.0,0.0,0.0,0.0,0.0
2023-02-27 21:00:00+00:00,20260126_001632_3acccb11_StateSignal_XLE,0.0,0.0,1.0,1.0,0.0,0.0,0.0,0.0
2023-02-28 21:00:00+00:00,20260126_001632_3acccb11_StateSignal_XLE,0.0,0.0,1.0,1.0,0.0,0.0,0.0,-0.0
2023-03-01 21:00:00+00:00,20260126_001632_3acccb11_StateSignal_XLE,0.0,0.0,1.0,1.0,0.0,0.0,0.0,0.0
2023-03-02 21:00:00+00:00,20260126_001632_3acccb11_StateSignal_XLE,0.0,0.0,1.0,1.0,0.0,0.0,0.0,0.0
2023-03-03 21:00:00+00:00,20260126_001632_3acccb11_StateSignal_XLE,0.0,0.0,1.0,1.0,0.0,0.0,0.0,0.0
2023-03-06 21:00:00+00:00,20260126_001632_3acccb11_StateSignal_XLE,0.0,0.0,1.0,1.0,0.0,0.0,0.0,0.0
2023-03-07 21:00:00+00:00,20260126_001632_3acccb11_StateSignal_XLE,0.0,0.0,1.0,1.0,0.0,0.0,0.0,-0.0
2023-03-08 21:00:00+00:00,20260126_001632_3acccb11_StateSignal_XLE,0.0,0.0,1.0,1.0,0.0,0.0,0.0,-0.0
2023-03-09 21:00:00+00:00,20260126_001632_3acccb11_StateSignal_XLE,0.0,0.0,1.0,1.0,0.0,0.0,0.0,-0.0
2023-03-10 21:00:00+00:00,20260126_001632_3acccb11_StateSignal_XLE,0.0,0.0,1.0,1.0,0.0,0.0,0.0,-0.0
2023-03-13 20:00:00+00:00,20260126_001632_3acccb11_StateSignal_XLE,0.0,0.0,1.0,1.0,0.0,0.0,0.0,0.0
2023-03-14 20:00:00+00:00,20260126_001632_3acccb11_StateSignal_XLE,0.0,0.0,1.0,1.0,0.0,0.0,0.0,-0.0
2023-03-15 20:00:00+00:00,20260126_001632_3acccb11_StateSignal_XLE,0.0,0.0,1.0,1.0,0.0,0.0,0.0,-0.0
2023-03-16 20:00:00+00:00,20260126_001632_3acccb11_StateSignal_XLE,0.0,0.0,1.0,1.0,0.0,0.0,0.0,0.0
2023-03-17 20:00:00+00:00,20260126_001632_3acccb11_StateSignal_XLE,0.0,0.0,1.0,1.0,0.0,0.0,0.0,-0.0
2023-03-20 20:00:00+00:00,20260126_001632_3acccb11_StateSignal_XLE,0.0,0.0,1.0,1.0,0.0,0.0,0.0,0.0
2023-03-21 20:00:00+00:00,20260126_001632_3acccb11_StateSignal_XLE,0.0,0.0,1.0,1.0,0.0,0.0,0.0,0.0
2023-03-22 20:00:00+00:00,20260126_001632_3acccb11_StateSignal_XLE,0.0,0.0,1.0,1.0,0.0,0.0,0.0,-0.0
2023-03-23 20:00:00+00:00,20260126_001632_3acccb11_StateSignal_XLE,0.0,0.0,1.0,1.0,0.0,0.0,0.0,-0.0
2023-03-24 20:00:00+00:00,20260126_001632_3acccb11_StateSignal_XLE,0.0,0.0,1.0,1.0,0.0,0.0,0.0,0.0
2023-03-27 20:00:00+00:00,20260126_001632_3acccb11_StateSignal_XLE,0.0,0.0,1.0,1.0,0.0,0.0,0.0,0.0
2023-03-28 20:00:00+00:00,20260126_001632_3acccb11_StateSignal_XLE,0.0,0.0,1.0,1.0,0.0,0.0,0.0,0.0
2023-03-29 20:00:00+00:00,20260126_001632_3acccb11_StateSignal_XLE,0.0,0.0,1.0,1.0,0.0,0.0,0.0,0.0
2023-03-30 20:00:00+00:00,20260126_001632_3acccb11_StateSignal_XLE,0.0,0.0,1.0,1.0,0.0,0.0,0.0,-0.0
2023-03-31 20:00:00+00:00,20260126_001632_3acccb11_StateSignal_XLE,0.0,0.0,1.0,1.0,0.0,0.0,0.0,0.0
2023-04-03 20:00:00+00:00,20260126_001632_3acccb11_StateSignal_XLE,0.0,0.0,1.0,1.0,0.0,0.0,0.0,-0.0
2023-04-04 20:00:00+00:00,20260126_001632_3acccb11_StateSignal_XLE,0.0,0.0,1.0,1.0,0.0,0.0,0.0,-0.0
2023-04-05 20:00:00+00:00,20260126_001632_3acccb11_StateSignal_XLE,0.0,0.0,1.0,1.0,0.0,0.0,0.0,0.0
2023-04-06 20:00:00+00:00,20260126_001632_3acccb11_StateSignal_XLE,0.0,0.0,1.0,1.0,0.0,0.0,0.0,-0.0
2023-04-10 20:00:00+00:00,20260126_001632_3acccb11_StateSignal_XLE,0.0,0.0,1.0,1.0,0.0,0.0,0.0,-0.0
2023-04-11 20:00:00+00:00,20260126_001632_3acccb11_StateSignal_XLE,0.0,0.0,1.0,1.0,0.0,0.0,0.0,0.0
2023-04-12 20:00:00+00:00,20260126_001632_3acccb11_StateSignal_XLE,0.0,0.0,1.0,1.0,0.0,0.0,0.0,-0.0
2023-04-13 20:00:00+00:00,20260126_001632_3acccb11_StateSignal_XLE,0.0,0.0,1.0,1.0,0.0,0.0,0.0,0.0
2023-04-14 20:00:00+00:00,20260126_001632_3acccb11_StateSignal_XLE,0.0,0.0,1.0,1.0,0.0,0.0,0.0,-0.0
2023-04-17 20:00:00+00:00,20260126_001632_3acccb11_StateSignal_XLE,0.0,0.0,1.0,1.0,0.0,0.0,0.0,-0.0
2023-04-18 20:00:00+00:00,20260126_001632_3acccb11_StateSignal_XLE,0.0,0.0,1.0,1.0,0.0,0.0,0.0,0.0
2023-04-19 20:00:00+00:00,20260126_001632_3acccb11_StateSignal_XLE,0.0,0.0,1.0,1.0,0.0,0.0,0.0,0.0
2023-04-20 20:00:00+00:00,20260126_001632_3acccb11_StateSignal_XLE,0.0,0.0,1.0,1.0,0.0,0.0,0.0,0.0
2023-04-21 20:00:00+00:00,20260126_001632_3acccb11_StateSignal_XLE,0.0,0.0,1.0,1.0,0.0,0.0,0.0,-0.0
2023-04-24 20:00:00+00:00,20260126_001632_3acccb11_StateSignal_XLE,0.0,0.0,1.0,1.0,0.0,0.0,0.0,0.0
2023-04-25 20:00:00+00:00,20260126_001632_3acccb11_StateSignal_XLE,0.0,0.0,1.0,1.0,0.0,0.0,0.0,-0.0
2023-04-26 20:00:00+00:00,20260126_001632_3acccb11_StateSignal_XLE,0.0,0.0,1.0,1.0,0.0,0.0,0.0,-0.0
2023-04-27 20:00:00+00:00,20260126_001632_3acccb11_StateSignal_XLE,0.0,0.0,1.0,1.0,0.0,0.0,0.0,0.0
2023-04-28 20:00:00+00:00,20260126_001632_3acccb11_StateSignal_XLE,0.0,0.0,1.0,1.0,0.0,0.0,0.0,0.0
2023-05-01 20:00:00+00:00,20260126_001632_3acccb11_StateSignal_XLE,0.0,0.0,1.0,1.0,0.0,0.0,0.0,-0.0
2023-05-02 20:00:00+00:00,20260126_001632_3acccb11_StateSignal_XLE,0.0,0.0,1.0,1.0,0.0,0.0,0.0,-0.0
2023-05-03 20:00:00+00:00,20260126_001632_3acccb11_StateSignal_XLE,0.0,0.0,1.0,1.0,0.0,0.0,0.0,-0.0
2023-05-04 20:00:00+00:00,20260126_001632_3acccb11_StateSignal_XLE,0.0,0.0,1.0,1.0,0.0,0.0,0.0,-0.0
2023-05-05 20:00:00+00:00,20260126_001632_3acccb11_StateSignal_XLE,0.0,0.0,1.0,1.0,0.0,0.0,0.0,-0.0
2023-05-08 20:00:00+00:00,20260126_001632_3acccb11_StateSignal_XLE,0.0,0.0,1.0,1.0,0.0,0.0,0.0,-0.0
2023-05-09 20:00:00+00:00,20260126_001632_3acccb11_StateSignal_XLE,0.0,0.0,1.0,1.0,0.0,0.0,0.0,-0.0
2023-05-10 20:00:00+00:00,20260126_001632_3acccb11_StateSignal_XLE,0.0,0.0,1.0,1.0,0.0,0.0,0.0,-0.0
2023-05-11 20:00:00+00:00,20260126_001632_3acccb11_StateSignal_XLE,0.0,0.0,1.0,1.0,0.0,0.0,0.0,-0.0
2023-05-12 20:00:00+00:00,20260126_001632_3acccb11_StateSignal_XLE,0.0,0.0,1.0,1.0,0.0,0.0,0.0,-0.0
2023-05-15 20:00:00+00:00,20260126_001632_3acccb11_StateSignal_XLE,0.0,0.0,1.0,1.0,0.0,0.0,0.0,0.0
2023-05-16 20:00:00+00:00,20260126_001632_3acccb11_StateSignal_XLE,0.0,0.0,1.0,1.0,0.0,0.0,0.0,-0.0
2023-05-17 20:00:00+00:00,20260126_001632_3acccb11_StateSignal_XLE,0.0,0.0,1.0,1.0,0.0,0.0,0.0,0.0
2023-05-18 20:00:00+00:00,20260126_001632_3acccb11_StateSignal_XLE,0.0,0.0,1.0,1.0,0.0,0.0,0.0,0.0
2023-05-19 20:00:00+00:00,20260126_001632_3acccb11_StateSignal_XLE,0.0,0.0,1.0,1.0,0.0,0.0,0.0,-0.0
2023-05-22 20:00:00+00:00,20260126_001632_3acccb11_StateSignal_XLE,0.0,0.0,1.0,1.0,0.0,0.0,0.0,-0.0
2023-05-23 20:00:00+00:00,20260126_001632_3acccb11_StateSignal_XLE,0.0,0.0,1.0,1.0,0.0,0.0,0.0,0.0
2023-05-24 20:00:00+00:00,20260126_001632_3acccb11_StateSignal_XLE,0.0,0.0,1.0,1.0,0.0,0.0,0.0,-0.0
2023-05-25 20:00:00+00:00,20260126_001632_3acccb11_StateSignal_XLE,0.0,0.0,1.0,1.0,0.0,0.0,0.0,0.0
2023-05-26 20:00:00+00:00,20260126_001632_3acccb11_StateSignal_XLE,0.0,0.0,1.0,1.0,0.0,0.0,0.0,-0.0
2023-05-30 20:00:00+00:00,20260126_001632_3acccb11_StateSignal_XLE,0.0,0.0,1.0,1.0,0.0,0.0,0.0,0.0
2023-05-31 20:00:00+00:00,20260126_001632_3acccb11_StateSignal_XLE,0.0,0.0,1.0,1.0,0.0,0.0,0.0,-0.0
2023-06-01 20:00:00+00:00,20260126_001632_3acccb11_StateSignal_XLE,0.0,0.0,1.0,1.0,0.0,0.0,0.0,0.0
2023-06-02 20:00:00+00:00,20260126_001632_3acccb11_StateSignal_XLE,0.0,0.0,1.0,1.0,0.0,0.0,0.0,0.0
2023-06-05 20:00:00+00:00,20260126_001632_3acccb11_StateSignal_XLE,0.0,0.0,1.0,1.0,0.0,0.0,0.0,-0.0
2023-06-06 20:00:00+00:00,20260126_001632_3acccb11_StateSignal_XLE,0.0,0.0,1.0,1.0,0.0,0.0,0.0,0.0
2023-06-07 20:00:00+00:00,20260126_001632_3acccb11_StateSignal_XLE,0.0,0.0,1.0,1.0,0.0,0.0,0.0,0.0
2023-06-08 20:00:00+00:00,20260126_001632_3acccb11_StateSignal_XLE,0.0,0.0,1.0,1.0,0.0,0.0,0.0,-0.0
2023-06-09 20:00:00+00:00,20260126_001632_3acccb11_StateSignal_XLE,0.0,0.0,1.0,1.0,0.0,0.0,0.0,-0.0
2023-06-12 20:00:00+00:00,20260126_001632_3acccb11_StateSignal_XLE,0.0,0.0,1.0,1.0,0.0,0.0,0.0,-0.0
2023-06-13 20:00:00+00:00,20260126_001632_3acccb11_StateSignal_XLE,0.0,0.0,1.0,1.0,0.0,0.0,0.0,-0.0
2023-06-14 20:00:00+00:00,20260126_001632_3acccb11_StateSignal_XLE,0.0,0.0,1.0,1.0,0.0,0.0,0.0,-0.0
2023-06-15 20:00:00+00:00,20260126_001632_3acccb11_StateSignal_XLE,0.0,0.0,1.0,1.0,0.0,0.0,0.0,-0.0
2023-06-16 20:00:00+00:00,20260126_001632_3acccb11_StateSignal_XLE,0.0,0.0,1.0,1.0,0.0,0.0,0.0,-0.0
2023-06-20 20:00:00+00:00,20260126_001632_3acccb11_StateSignal_XLE,0.0,0.0,1.0,1.0,0.0,0.0,0.0,-0.0
2023-06-21 20:00:00+00:00,20260126_001632_3acccb11_StateSignal_XLE,0.0,0.0,1.0,1.0,0.0,0.0,0.0,0.0
2023-06-22 20:00:00+00:00,20260126_001632_3acccb11_StateSignal_XLE,0.0,0.0,1.0,1.0,0.0,0.0,0.0,0.0
2023-06-23 20:00:00+00:00,20260126_001632_3acccb11_StateSignal_XLE,0.0,0.0,1.0,1.0,0.0,0.0,0.0,0.0
2023-06-26 20:00:00+00:00,20260126_001632_3acccb11_StateSignal_XLE,0.0,0.0,1.0,1.0,0.0,0.0,0.0,0.0
2023-06-27 20:00:00+00:00,20260126_001632_3acccb11_StateSignal_XLE,0.0,0.0,1.0,1.0,0.0,0.0,0.0,0.0
2023-06-28 20:00:00+00:00,20260126_001632_3acccb11_StateSignal_XLE,0.0,0.0,1.0,1.0,0.0,0.0,0.0,0.0
2023-06-29 20:00:00+00:00,20260126_001632_3acccb11_StateSignal_XLE,0.0,0.0,1.0,1.0,0.0,0.0,0.0,0.0
2023-06-30 20:00:00+00:00,20260126_001632_3acccb11_StateSignal_XLE,0.0,0.0,1.0,1.0,0.0,0.0,0.0,0.0
2023-07-03 20:00:00+00:00,20260126_001632_3acccb11_StateSignal_XLE,0.0,0.0,1.0,1.0,0.0,0.0,0.0,-0.0
2023-07-05 20:00:00+00:00,20260126_001632_3acccb11_StateSignal_XLE,0.0,0.0,1.0,1.0,0.0,0.0,0.0,-0.0
2023-07-06 20:00:00+00:00,20260126_001632_3acccb11_StateSignal_XLE,0.0,0.0,1.0,1.0,0.0,0.0,0.0,-0.0
2023-07-07 20:00:00+00:00,20260126_001632_3acccb11_StateSignal_XLE,0.0,0.0,1.0,1.0,0.0,0.0,0.0,0.0
2023-07-10 20:00:00+00:00,20260126_001632_3acccb11_StateSignal_XLE,0.0,0.0,1.0,1.0,0.0,0.0,0.0,0.0
2023-07-11 20:00:00+00:00,20260126_001632_3acccb11_StateSignal_XLE,0.0,0.0,1.0,1.0,0.0,0.0,0.0,0.0
2023-07-12 20:00:00+00:00,20260126_001632_3acccb11_StateSignal_XLE,0.0,0.0,1.0,1.0,0.0,0.0,0.0,-0.0
2023-07-13 20:00:00+00:00,20260126_001632_3acccb11_StateSignal_XLE,0.0,0.0,1.0,1.0,0.0,0.0,0.0,-0.0
2023-07-14 20:00:00+00:00,20260126_001632_3acccb11_StateSignal_XLE,0.0,0.0,1.0,1.0,0.0,0.0,0.0,-0.0
2023-07-17 20:00:00+00:00,20260126_001632_3acccb11_StateSignal_XLE,0.0,0.0,1.0,1.0,0.0,0.0,0.0,0.0
2023-07-18 20:00:00+00:00,20260126_001632_3acccb11_StateSignal_XLE,0.0,0.0,1.0,1.0,0.0,0.0,0.0,0.0
2023-07-19 20:00:00+00:00,20260126_001632_3acccb11_StateSignal_XLE,0.0,0.0,1.0,1.0,0.0,0.0,0.0,-0.0
2023-07-20 20:00:00+00:00,20260126_001632_3acccb11_StateSignal_XLE,0.0,0.0,1.0,1.0,0.0,0.0,0.0,0.0
2023-07-21 20:00:00+00:00,20260126_001632_3acccb11_StateSignal_XLE,0.0,0.0,1.0,1.0,0.0,0.0,0.0,0.0
2023-07-24 20:00:00+00:00,20260126_001632_3acccb11_StateSignal_XLE,0.0,0.0,1.0,1.0,0.0,0.0,0.0,0.0
2023-07-25 20:00:00+00:00,20260126_001632_3acccb11_StateSignal_XLE,0.0,0.0,1.0,1.0,0.0,0.0,0.0,0.0
2023-07-26 20:00:00+00:00,20260126_001632_3acccb11_StateSignal_XLE,0.0,0.0,1.0,1.0,0.0,0.0,0.0,0.0
2023-07-27 20:00:00+00:00,20260126_001632_3acccb11_StateSignal_XLE,0.0,0.0,1.0,1.0,0.0,0.0,0.0,-0.0
2023-07-28 20:00:00+00:00,20260126_001632_3acccb11_StateSignal_XLE,0.0,0.0,1.0,1.0,0.0,0.0,0.0,0.0
2023-07-31 20:00:00+00:00,20260126_001632_3acccb11_StateSignal_XLE,0.0,0.0,1.0,1.0,0.0,0.0,0.0,0.0
2023-08-01 20:00:00+00:00,20260126_001632_3acccb11_StateSignal_XLE,0.0,0.0,1.0,1.0,0.0,0.0,0.0,0.0
2023-08-02 20:00:00+00:00,20260126_001632_3acccb11_StateSignal_XLE,0.0,0.0,1.0,1.0,0.0,0.0,0.0,-0.0
2023-08-03 20:00:00+00:00,20260126_001632_3acccb11_StateSignal_XLE,0.0,0.0,1.0,1.0,0.0,0.0,0.0,0.0
2023-08-04 20:00:00+00:00,20260126_001632_3acccb11_StateSignal_XLE,0.0,0.0,1.0,1.0,0.0,0.0,0.0,-0.0
2023-08-07 20:00:00+00:00,20260126_001632_3acccb11_StateSignal_XLE,0.0,0.0,1.0,1.0,0.0,0.0,0.0,-0.0
2023-08-08 20:00:00+00:00,20260126_001632_3acccb11_StateSignal_XLE,0.0,0.0,1.0,1.0,0.0,0.0,0.0,0.0
2023-08-09 20:00:00+00:00,20260126_001632_3acccb11_StateSignal_XLE,0.0,0.0,1.0,1.0,0.0,0.0,0.0,0.0
2023-08-10 20:00:00+00:00,20260126_001632_3acccb11_StateSignal_XLE,0.0,0.0,1.0,1.0,0.0,0.0,0.0,-0.0
2023-08-11 20:00:00+00:00,20260126_001632_3acccb11_StateSignal_XLE,0.0,0.0,1.0,1.0,0.0,0.0,0.0,0.0
2023-08-14 20:00:00+00:00,20260126_001632_3acccb11_StateSignal_XLE,0.0,0.0,1.0,1.0,0.0,0.0,0.0,0.0
2023-08-15 20:00:00+00:00,20260126_001632_3acccb11_StateSignal_XLE,0.0,0.0,1.0,1.0,0.0,0.0,0.0,-0.0
2023-08-16 20:00:00+00:00,20260126_001632_3acccb11_StateSignal_XLE,0.0,0.0,1.0,1.0,0.0,0.0,0.0,-0.0
2023-08-17 20:00:00+00:00,20260126_001632_3acccb11_StateSignal_XLE,0.0,0.0,1.0,1.0,0.0,0.0,0.0,-0.0
2023-08-18 20:00:00+00:00,20260126_001632_3acccb11_StateSignal_XLE,0.0,0.0,1.0,1.0,0.0,0.0,0.0,0.0
2023-08-21 20:00:00+00:00,20260126_001632_3acccb11_StateSignal_XLE,0.0,0.0,1.0,1.0,0.0,0.0,0.0,-0.0
2023-08-22 20:00:00+00:00,20260126_001632_3acccb11_StateSignal_XLE,0.0,0.0,1.0,1.0,0.0,0.0,0.0,-0.0
2023-08-23 20:00:00+00:00,20260126_001632_3acccb11_StateSignal_XLE,0.0,0.0,1.0,1.0,0.0,0.0,0.0,-0.0
2023-08-24 20:00:00+00:00,20260126_001632_3acccb11_StateSignal_XLE,0.0,0.0,1.0,1.0,0.0,0.0,0.0,0.0
2023-08-25 20:00:00+00:00,20260126_001632_3acccb11_StateSignal_XLE,0.0,0.0,1.0,1.0,0.0,0.0,0.0,0.0
2023-08-28 20:00:00+00:00,20260126_001632_3acccb11_StateSignal_XLE,0.0,0.0,1.0,1.0,0.0,0.0,0.0,0.0
2023-08-29 20:00:00+00:00,20260126_001632_3acccb11_StateSignal_XLE,0.0,0.0,1.0,1.0,0.0,0.0,0.0,0.0
2023-08-30 20:00:00+00:00,20260126_001632_3acccb11_StateSignal_XLE,0.0,0.0,1.0,1.0,0.0,0.0,0.0,0.0
2023-08-31 20:00:00+00:00,20260126_001632_3acccb11_StateSignal_XLE,0.0,0.0,1.0,1.0,0.0,0.0,0.0,0.0
2023-09-01 20:00:00+00:00,20260126_001632_3acccb11_StateSignal_XLE,0.0,0.0,1.0,1.0,0.0,0.0,0.0,0.0
2023-09-05 20:00:00+00:00,20260126_001632_3acccb11_StateSignal_XLE,0.0,0.0,1.0,1.0,0.0,0.0,0.0,0.0
2023-09-06 20:00:00+00:00,20260126_001632_3acccb11_StateSignal_XLE,0.0,0.0,1.0,1.0,0.0,0.0,0.0,-0.0
2023-09-07 20:00:00+00:00,20260126_001632_3acccb11_StateSignal_XLE,0.0,0.0,1.0,1.0,0.0,0.0,0.0,-0.0
2023-09-08 20:00:00+00:00,20260126_001632_3acccb11_StateSignal_XLE,0.0,0.0,1.0,1.0,0.0,0.0,0.0,0.0
2023-09-11 20:00:00+00:00,20260126_001632_3acccb11_StateSignal_XLE,0.0,0.0,1.0,1.0,0.0,0.0,0.0,-0.0
2023-09-12 20:00:00+00:00,20260126_001632_3acccb11_StateSignal_XLE,0.0,0.0,1.0,1.0,0.0,0.0,0.0,0.0
2023-09-13 20:00:00+00:00,20260126_001632_3acccb11_StateSignal_XLE,0.0,0.0,1.0,1.0,0.0,0.0,0.0,-0.0
2023-09-14 20:00:00+00:00,20260126_001632_3acccb11_StateSignal_XLE,0.0,0.0,1.0,1.0,0.0,0.0,0.0,0.0
2023-09-15 20:00:00+00:00,20260126_001632_3acccb11_StateSignal_XLE,0.0,0.0,1.0,1.0,0.0,0.0,0.0,-0.0
2023-09-18 20:00:00+00:00,20260126_001632_3acccb11_StateSignal_XLE,0.0,0.0,1.0,1.0,0.0,0.0,0.0,0.0
2023-09-19 20:00:00+00:00,20260126_001632_3acccb11_StateSignal_XLE,0.0,0.0,1.0,1.0,0.0,0.0,0.0,-0.0
2023-09-20 20:00:00+00:00,20260126_001632_3acccb11_StateSignal_XLE,0.0,0.0,1.0,1.0,0.0,0.0,0.0,-0.0
2023-09-21 20:00:00+00:00,20260126_001632_3acccb11_StateSignal_XLE,0.0,0.0,1.0,1.0,0.0,0.0,0.0,-0.0
2023-09-22 20:00:00+00:00,20260126_001632_3acccb11_StateSignal_XLE,0.0,0.0,1.0,1.0,0.0,0.0,0.0,0.0
2023-09-25 20:00:00+00:00,20260126_001632_3acccb11_StateSignal_XLE,0.0,0.0,1.0,1.0,0.0,0.0,0.0,0.0
2023-09-26 20:00:00+00:00,20260126_001632_3acccb11_StateSignal_XLE,0.0,0.0,1.0,1.0,0.0,0.0,0.0,-0.0
2023-09-27 20:00:00+00:00,20260126_001632_3acccb11_StateSignal_XLE,0.0,0.0,1.0,1.0,0.0,0.0,0.0,0.0
2023-09-28 20:00:00+00:00,20260126_001632_3acccb11_StateSignal_XLE,0.0,0.0,1.0,1.0,0.0,0.0,0.0,0.0
2023-09-29 20:00:00+00:00,20260126_001632_3acccb11_StateSignal_XLE,0.0,0.0,1.0,1.0,0.0,0.0,0.0,-0.0
2023-10-02 20:00:00+00:00,20260126_001632_3acccb11_StateSignal_XLE,0.0,0.0,1.0,1.0,0.0,0.0,0.0,-0.0
2023-10-03 20:00:00+00:00,20260126_001632_3acccb11_StateSignal_XLE,0.0,0.0,1.0,1.0,0.0,0.0,0.0,-0.0
2023-10-04 20:00:00+00:00,20260126_001632_3acccb11_StateSignal_XLE,0.0,0.0,1.0,1.0,0.0,0.0,0.0,-0.0
2023-10-05 20:00:00+00:00,20260126_001632_3acccb11_StateSignal_XLE,0.0,0.0,1.0,1.0,0.0,0.0,0.0,0.0
2023-10-06 20:00:00+00:00,20260126_001632_3acccb11_StateSignal_XLE,0.0,0.0,1.0,1.0,0.0,0.0,0.0,0.0
2023-10-09 20:00:00+00:00,20260126_001632_3acccb11_StateSignal_XLE,0.0,0.0,1.0,1.0,0.0,0.0,0.0,0.0
2023-10-10 20:00:00+00:00,20260126_001632_3acccb11_StateSignal_XLE,0.0,0.0,1.0,1.0,0.0,0.0,0.0,0.0
2023-10-11 20:00:00+00:00,20260126_001632_3acccb11_StateSignal_XLE,0.0,0.0,1.0,1.0,0.0,0.0,0.0,0.0
2023-10-12 20:00:00+00:00,20260126_001632_3acccb11_StateSignal_XLE,0.0,0.0,1.0,1.0,0.0,0.0,0.0,-0.0
2023-10-13 20:00:00+00:00,20260126_001632_3acccb11_StateSignal_XLE,0.0,0.0,1.0,1.0,0.0,0.0,0.0,0.0
2023-10-16 20:00:00+00:00,20260126_001632_3acccb11_StateSignal_XLE,0.0,0.0,1.0,1.0,0.0,0.0,0.0,0.0
2023-10-17 20:00:00+00:00,20260126_001632_3acccb11_StateSignal_XLE,0.0,0.0,1.0,1.0,0.0,0.0,0.0,0.0
2023-10-18 20:00:00+00:00,20260126_001632_3acccb11_StateSignal_XLE,0.0,0.0,1.0,1.0,0.0,0.0,0.0,-0.0
2023-10-19 20:00:00+00:00,20260126_001632_3acccb11_StateSignal_XLE,0.0,0.0,1.0,1.0,0.0,0.0,0.0,-0.0
2023-10-20 20:00:00+00:00,20260126_001632_3acccb11_StateSignal_XLE,0.0,0.0,1.0,1.0,0.0,0.0,0.0,-0.0
2023-10-23 20:00:00+00:00,20260126_001632_3acccb11_StateSignal_XLE,0.0,0.0,1.0,1.0,0.0,0.0,0.0,-0.0
2023-10-24 20:00:00+00:00,20260126_001632_3acccb11_StateSignal_XLE,0.0,0.0,1.0,1.0,0.0,0.0,0.0,-0.0
2023-10-25 20:00:00+00:00,20260126_001632_3acccb11_StateSignal_XLE,0.0,0.0,1.0,1.0,0.0,0.0,0.0,-0.0
2023-10-26 20:00:00+00:00,20260126_001632_3acccb11_StateSignal_XLE,0.0,0.0,1.0,1.0,0.0,0.0,0.0,0.0
2023-10-27 20:00:00+00:00,20260126_001632_3acccb11_StateSignal_XLE,0.0,0.0,1.0,1.0,0.0,0.0,0.0,-0.0
2023-10-30 20:00:00+00:00,20260126_001632_3acccb11_StateSignal_XLE,0.0,0.0,1.0,1.0,0.0,0.0,0.0,-0.0
2023-10-31 20:00:00+00:00,20260126_001632_3acccb11_StateSignal_XLE,0.0,0.0,1.0,1.0,0.0,0.0,0.0,0.0
2023-11-01 20:00:00+00:00,20260126_001632_3acccb11_StateSignal_XLE,0.0,0.0,1.0,1.0,0.0,0.0,0.0,-0.0
2023-11-02 20:00:00+00:00,20260126_001632_3acccb11_StateSignal_XLE,0.0,0.0,1.0,1.0,0.0,0.0,0.0,0.0
2023-11-03 20:00:00+00:00,20260126_001632_3acccb11_StateSignal_XLE,0.0,0.0,1.0,1.0,0.0,0.0,0.0,-0.0
2023-11-06 21:00:00+00:00,20260126_001632_3acccb11_StateSignal_XLE,0.0,0.0,1.0,1.0,0.0,0.0,0.0,-0.0
2023-11-07 21:00:00+00:00,20260126_001632_3acccb11_StateSignal_XLE,0.0,0.0,1.0,1.0,0.0,0.0,0.0,0.0
2023-11-08 21:00:00+00:00,20260126_001632_3acccb11_StateSignal_XLE,0.0,0.0,1.0,1.0,0.0,0.0,0.0,-0.0
2023-11-09 21:00:00+00:00,20260126_001632_3acccb11_StateSignal_XLE,0.0,0.0,1.0,1.0,0.0,0.0,0.0,-0.0
2023-11-10 21:00:00+00:00,20260126_001632_3acccb11_StateSignal_XLE,0.0,0.0,1.0,1.0,0.0,0.0,0.0,0.0
2023-11-13 21:00:00+00:00,20260126_001632_3acccb11_StateSignal_XLE,0.0,0.0,1.0,1.0,0.0,0.0,0.0,0.0
2023-11-14 21:00:00+00:00,20260126_001632_3acccb11_StateSignal_XLE,0.0,0.0,1.0,1.0,0.0,0.0,0.0,0.0
2023-11-15 21:00:00+00:00,20260126_001632_3acccb11_StateSignal_XLE,0.0,0.0,1.0,1.0,0.0,0.0,0.0,-0.0
2023-11-16 21:00:00+00:00,20260126_001632_3acccb11_StateSignal_XLE,0.0,0.0,1.0,1.0,0.0,0.0,0.0,-0.0
2023-11-17 21:00:00+00:00,20260126_001632_3acccb11_StateSignal_XLE,0.0,0.0,1.0,1.0,0.0,0.0,0.0,0.0
2023-11-20 21:00:00+00:00,20260126_001632_3acccb11_StateSignal_XLE,0.0,0.0,1.0,1.0,0.0,0.0,0.0,-0.0
2023-11-21 21:00:00+00:00,20260126_001632_3acccb11_StateSignal_XLE,0.0,0.0,1.0,1.0,0.0,0.0,0.0,0.0
2023-11-22 21:00:00+00:00,20260126_001632_3acccb11_StateSignal_XLE,0.0,0.0,1.0,1.0,0.0,0.0,0.0,0.0
2023-11-24 21:00:00+00:00,20260126_001632_3acccb11_StateSignal_XLE,0.0,0.0,1.0,1.0,0.0,0.0,0.0,-0.0
2023-11-27 21:00:00+00:00,20260126_001632_3acccb11_StateSignal_XLE,0.0,0.0,1.0,1.0,0.0,0.0,0.0,0.0
2023-11-28 21:00:00+00:00,20260126_001632_3acccb11_StateSignal_XLE,0.0,0.0,1.0,1.0,0.0,0.0,0.0,-0.0
2023-11-29 21:00:00+00:00,20260126_001632_3acccb11_StateSignal_XLE,0.0,0.0,1.0,1.0,0.0,0.0,0.0,-0.0
2023-11-30 21:00:00+00:00,20260126_001632_3acccb11_StateSignal_XLE,0.0,0.0,1.0,1.0,0.0,0.0,0.0,0.0
2023-12-01 21:00:00+00:00,20260126_001632_3acccb11_StateSignal_XLE,0.0,0.0,1.0,1.0,0.0,0.0,0.0,0.0
2023-12-04 21:00:00+00:00,20260126_001632_3acccb11_StateSignal_XLE,0.0,0.0,1.0,1.0,0.0,0.0,0.0,-0.0
2023-12-05 21:00:00+00:00,20260126_001632_3acccb11_StateSignal_XLE,0.0,0.0,1.0,1.0,0.0,0.0,0.0,-0.0
2023-12-06 21:00:00+00:00,20260126_001632_3acccb11_StateSignal_XLE,0.0,0.0,1.0,1.0,0.0,0.0,0.0,-0.0
2023-12-07 21:00:00+00:00,20260126_001632_3acccb11_StateSignal_XLE,0.0,0.0,1.0,1.0,0.0,0.0,0.0,-0.0
2023-12-08 21:00:00+00:00,20260126_001632_3acccb11_StateSignal_XLE,0.0,0.0,1.0,1.0,0.0,0.0,0.0,0.0
2023-12-11 21:00:00+00:00,20260126_001632_3acccb11_StateSignal_XLE,0.0,0.0,1.0,1.0,0.0,0.0,0.0,0.0
2023-12-12 21:00:00+00:00,20260126_001632_3acccb11_StateSignal_XLE,0.0,0.0,1.0,1.0,0.0,0.0,0.0,0.0
2023-12-13 21:00:00+00:00,20260126_001632_3acccb11_StateSignal_XLE,0.0,0.0,1.0,1.0,0.0,0.0,0.0,0.0
2023-12-14 21:00:00+00:00,20260126_001632_3acccb11_StateSignal_XLE,0.0,0.0,1.0,1.0,0.0,0.0,0.0,0.0
2023-12-15 21:00:00+00:00,20260126_001632_3acccb11_StateSignal_XLE,0.0,0.0,1.0,1.0,0.0,0.0,0.0,0.0
2023-12-18 21:00:00+00:00,20260126_001632_3acccb11_StateSignal_XLE,0.0,0.0,1.0,1.0,0.0,0.0,0.0,-0.0
2023-12-19 21:00:00+00:00,20260126_001632_3acccb11_StateSignal_XLE,0.0,0.0,1.0,1.0,0.0,0.0,0.0,0.0
2023-12-20 21:00:00+00:00,20260126_001632_3acccb11_StateSignal_XLE,0.0,0.0,1.0,1.0,0.0,0.0,0.0,-0.0
2023-12-21 21:00:00+00:00,20260126_001632_3acccb11_StateSignal_XLE,0.0,0.0,1.0,1.0,0.0,0.0,0.0,0.0
2023-12-22 21:00:00+00:00,20260126_001632_3acccb11_StateSignal_XLE,0.0,0.0,1.0,1.0,0.0,0.0,0.0,-0.0
2023-12-26 21:00:00+00:00,20260126_001632_3acccb11_StateSignal_XLE,0.0,0.0,1.0,1.0,0.0,0.0,0.0,0.0
2023-12-27 21:00:00+00:00,20260126_001632_3acccb11_StateSignal_XLE,0.0,0.0,1.0,1.0,0.0,0.0,0.0,-0.0
2023-12-28 21:00:00+00:00,20260126_001632_3acccb11_StateSignal_XLE,0.0,0.0,1.0,1.0,0.0,0.0,0.0,-0.0
2023-12-29 21:00:00+00:00,20260126_001632_3acccb11_StateSignal_XLE,0.0,0.0,1.0,1.0,0.0,0.0,0.0,-0.0
2024-01-02 21:00:00+00:00,20260126_001632_3acccb11_StateSignal_XLE,0.0,0.0,1.0,1.0,0.0,0.0,0.0,0.0
2024-01-03 21:00:00+00:00,20260126_001632_3acccb11_StateSignal_XLE,0.0,0.0,1.0,1.0,0.0,0.0,0.0,0.0
2024-01-04 21:00:00+00:00,20260126_001632_3acccb11_StateSignal_XLE,0.0,0.0,1.0,1.0,0.0,0.0,0.0,-0.0
2024-01-05 21:00:00+00:00,20260126_001632_3acccb11_StateSignal_XLE,0.0,0.0,1.0,1.0,0.0,0.0,0.0,-0.0
2024-01-08 21:00:00+00:00,20260126_001632_3acccb11_StateSignal_XLE,0.0,0.0,1.0,1.0,0.0,0.0,0.0,0.0
2024-01-09 21:00:00+00:00,20260126_001632_3acccb11_StateSignal_XLE,0.0,0.0,1.0,1.0,0.0,0.0,0.0,-0.0
2024-01-10 21:00:00+00:00,20260126_001632_3acccb11_StateSignal_XLE,0.0,0.0,1.0,1.0,0.0,0.0,0.0,-0.0
2024-01-11 21:00:00+00:00,20260126_001632_3acccb11_StateSignal_XLE,0.0,0.0,1.0,1.0,0.0,0.0,0.0,-0.0
2024-01-12 21:00:00+00:00,20260126_001632_3acccb11_StateSignal_XLE,0.0,0.0,1.0,1.0,0.0,0.0,0.0,-0.0
2024-01-16 21:00:00+00:00,20260126_001632_3acccb11_StateSignal_XLE,0.0,0.0,1.0,1.0,0.0,0.0,0.0,-0.0
2024-01-17 21:00:00+00:00,20260126_001632_3acccb11_StateSignal_XLE,-0.005319161477599775,-0.005319161477599775,0.9946808385224002,0.9946808385224002,0.0,0.0,1.0,-0.005319161477599775
2024-01-18 21:00:00+00:00,20260126_001632_3acccb11_StateSignal_XLE,0.004553376020375018,0.004553376020375018,0.9992099944004547,0.9992099944004547,0.0,0.0,1.0,0.004553376020375018
2024-01-19 21:00:00+00:00,20260126_001632_3acccb11_StateSignal_XLE,0.005339040979420641,0.005339040979420641,1.0045448175076055,1.0045448175076055,0.0,0.0,1.0,0.005339040979420641
2024-01-22 21:00:00+00:00,20260126_001632_3acccb11_StateSignal_XLE,0.003456990545586924,0.003456990545586924,1.0080175194443477,1.0080175194443477,0.0,0.0,1.0,0.003456990545586924
2024-01-23 21:00:00+00:00,20260126_001632_3acccb11_StateSignal_XLE,-0.0023793798403399526,-0.0023793798403399526,1.0056190628798722,1.0056190628798722,0.0,0.0,1.0,-0.0023793798403399526
2024-01-24 21:00:00+00:00,20260126_001632_3acccb11_StateSignal_XLE,0.014192091029296115,0.014192091029296115,1.0198909001610588,1.0198909001610588,0.0,0.0,1.0,0.014192091029296115
2024-01-25 21:00:00+00:00,20260126_001632_3acccb11_StateSignal_XLE,0.018547672355760964,0.018547672355760964,1.0388075024158683,1.0388075024158683,0.0,0.0,1.0,0.018547672355760964
2024-01-26 21:00:00+00:00,20260126_001632_3acccb11_StateSignal_XLE,0.0,0.0,1.0388075024158683,1.0388075024158683,0.0,0.0,0.0,0.0
2024-01-29 21:00:00+00:00,20260126_001632_3acccb11_StateSignal_XLE,0.010201567688347003,0.010201567688347003,1.0494049674669264,1.0494049674669264,0.0,0.0,1.0,0.010201567688347003
2024-01-30 21:00:00+00:00,20260126_001632_3acccb11_StateSignal_XLE,0.017484291845609498,0.017484291845609498,1.0677530701823505,1.0677530701823505,0.0,0.0,1.0,0.017484291845609498
2024-01-31 21:00:00+00:00,20260126_001632_3acccb11_StateSignal_XLE,-0.015244197643116493,-0.015244197643116493,1.0514760313464464,1.0514760313464464,0.0,0.0,1.0,-0.015244197643116493
2024-02-01 21:00:00+00:00,20260126_001632_3acccb11_StateSignal_XLE,2.547961841514734e-16,2.547961841514734e-16,1.0514760313464466,1.0514760313464466,0.0,0.0,1.0,2.547961841514734e-16
2024-02-02 21:00:00+00:00,20260126_001632_3acccb11_StateSignal_XLE,0.001278936099637078,0.001278936099637078,1.0528208020008387,1.0528208020008387,0.0,0.0,1.0,0.001278936099637078
2024-02-05 21:00:00+00:00,20260126_001632_3acccb11_StateSignal_XLE,-0.0025595099716510823,-0.0025595099716510823,1.0501260966597559,1.0501260966597559,0.0,0.0,1.0,-0.0025595099716510823
2024-02-06 21:00:00+00:00,20260126_001632_3acccb11_StateSignal_XLE,0.0005107252409279642,0.0005107252409279642,1.050662422563477,1.050662422563477,0.0,0.0,1.0,0.0005107252409279642
2024-02-07 21:00:00+00:00,20260126_001632_3acccb11_StateSignal_XLE,-0.0007644286268536752,-0.0007644286268536752,1.0498592661305102,1.0498592661305102,0.0,0.0,1.0,-0.0007644286268536752
2024-02-08 21:00:00+00:00,20260126_001632_3acccb11_StateSignal_XLE,0.0,0.0,1.0498592661305102,1.0498592661305102,0.0,0.0,0.0,0.0
2024-02-09 21:00:00+00:00,20260126_001632_3acccb11_StateSignal_XLE,0.0,0.0,1.0498592661305102,1.0498592661305102,0.0,0.0,0.0,-0.0
2024-02-12 21:00:00+00:00,20260126_001632_3acccb11_StateSignal_XLE,0.0,0.0,1.0498592661305102,1.0498592661305102,0.0,0.0,0.0,0.0
2024-02-13 21:00:00+00:00,20260126_001632_3acccb11_StateSignal_XLE,0.0,0.0,1.0498592661305102,1.0498592661305102,0.0,0.0,0.0,-0.0
2024-02-14 21:00:00+00:00,20260126_001632_3acccb11_StateSignal_XLE,0.0,0.0,1.0498592661305102,1.0498592661305102,0.0,0.0,0.0,-0.0
2024-02-15 21:00:00+00:00,20260126_001632_3acccb11_StateSignal_XLE,0.0,0.0,1.0498592661305102,1.0498592661305102,0.0,0.0,0.0,0.0
2024-02-16 21:00:00+00:00,20260126_001632_3acccb11_StateSignal_XLE,0.0,0.0,1.0498592661305102,1.0498592661305102,0.0,0.0,0.0,-0.0
2024-02-20 21:00:00+00:00,20260126_001632_3acccb11_StateSignal_XLE,0.0,0.0,1.0498592661305102,1.0498592661305102,0.0,0.0,0.0,-0.0
2024-02-21 21:00:00+00:00,20260126_001632_3acccb11_StateSignal_XLE,0.0,0.0,1.0498592661305102,1.0498592661305102,0.0,0.0,0.0,0.0
2024-02-22 21:00:00+00:00,20260126_001632_3acccb11_StateSignal_XLE,0.0,0.0,1.0498592661305102,1.0498592661305102,0.0,0.0,0.0,0.0
2024-02-23 21:00:00+00:00,20260126_001632_3acccb11_StateSignal_XLE,0.0,0.0,1.0498592661305102,1.0498592661305102,0.0,0.0,0.0,0.0
2024-02-26 21:00:00+00:00,20260126_001632_3acccb11_StateSignal_XLE,0.0,0.0,1.0498592661305102,1.0498592661305102,0.0,0.0,0.0,0.0
2024-02-27 21:00:00+00:00,20260126_001632_3acccb11_StateSignal_XLE,0.0,0.0,1.0498592661305102,1.0498592661305102,0.0,0.0,0.0,-0.0
2024-02-28 21:00:00+00:00,20260126_001632_3acccb11_StateSignal_XLE,0.0,0.0,1.0498592661305102,1.0498592661305102,0.0,0.0,0.0,-0.0
2024-02-29 21:00:00+00:00,20260126_001632_3acccb11_StateSignal_XLE,0.0,0.0,1.0498592661305102,1.0498592661305102,0.0,0.0,0.0,-0.0
2024-03-01 21:00:00+00:00,20260126_001632_3acccb11_StateSignal_XLE,0.0,0.0,1.0498592661305102,1.0498592661305102,0.0,0.0,0.0,0.0
2024-03-04 21:00:00+00:00,20260126_001632_3acccb11_StateSignal_XLE,0.0,0.0,1.0498592661305102,1.0498592661305102,0.0,0.0,0.0,-0.0
2024-03-05 21:00:00+00:00,20260126_001632_3acccb11_StateSignal_XLE,0.0,0.0,1.0498592661305102,1.0498592661305102,0.0,0.0,0.0,0.0
2024-03-06 21:00:00+00:00,20260126_001632_3acccb11_StateSignal_XLE,0.0,0.0,1.0498592661305102,1.0498592661305102,0.0,0.0,0.0,-0.0
2024-03-07 21:00:00+00:00,20260126_001632_3acccb11_StateSignal_XLE,0.0,0.0,1.0498592661305102,1.0498592661305102,0.0,0.0,0.0,-0.0
2024-03-08 21:00:00+00:00,20260126_001632_3acccb11_StateSignal_XLE,0.0,0.0,1.0498592661305102,1.0498592661305102,0.0,0.0,0.0,0.0
2024-03-11 20:00:00+00:00,20260126_001632_3acccb11_StateSignal_XLE,0.0,0.0,1.0498592661305102,1.0498592661305102,0.0,0.0,0.0,0.0
2024-03-12 20:00:00+00:00,20260126_001632_3acccb11_StateSignal_XLE,0.0,0.0,1.0498592661305102,1.0498592661305102,0.0,0.0,0.0,-0.0
2024-03-13 20:00:00+00:00,20260126_001632_3acccb11_StateSignal_XLE,0.0,0.0,1.0498592661305102,1.0498592661305102,0.0,0.0,0.0,0.0
2024-03-14 20:00:00+00:00,20260126_001632_3acccb11_StateSignal_XLE,0.0,0.0,1.0498592661305102,1.0498592661305102,0.0,0.0,0.0,0.0
2024-03-15 20:00:00+00:00,20260126_001632_3acccb11_StateSignal_XLE,0.0,0.0,1.0498592661305102,1.0498592661305102,0.0,0.0,0.0,-0.0
2024-03-18 20:00:00+00:00,20260126_001632_3acccb11_StateSignal_XLE,0.0,0.0,1.0498592661305102,1.0498592661305102,0.0,0.0,0.0,0.0
2024-03-19 20:00:00+00:00,20260126_001632_3acccb11_StateSignal_XLE,0.0,0.0,1.0498592661305102,1.0498592661305102,0.0,0.0,0.0,0.0
2024-03-20 20:00:00+00:00,20260126_001632_3acccb11_StateSignal_XLE,0.0,0.0,1.0498592661305102,1.0498592661305102,0.0,0.0,0.0,0.0
2024-03-21 20:00:00+00:00,20260126_001632_3acccb11_StateSignal_XLE,0.0,0.0,1.0498592661305102,1.0498592661305102,0.0,0.0,0.0,0.0
2024-03-22 20:00:00+00:00,20260126_001632_3acccb11_StateSignal_XLE,0.0,0.0,1.0498592661305102,1.0498592661305102,0.0,0.0,0.0,-0.0
2024-03-25 20:00:00+00:00,20260126_001632_3acccb11_StateSignal_XLE,0.0,0.0,1.0498592661305102,1.0498592661305102,0.0,0.0,0.0,-0.0
2024-03-26 20:00:00+00:00,20260126_001632_3acccb11_StateSignal_XLE,0.0,0.0,1.0498592661305102,1.0498592661305102,0.0,0.0,0.0,-0.0
2024-03-27 20:00:00+00:00,20260126_001632_3acccb11_StateSignal_XLE,0.0,0.0,1.0498592661305102,1.0498592661305102,0.0,0.0,0.0,0.0
2024-03-28 20:00:00+00:00,20260126_001632_3acccb11_StateSignal_XLE,0.0,0.0,1.0498592661305102,1.0498592661305102,0.0,0.0,0.0,0.0
2024-04-01 20:00:00+00:00,20260126_001632_3acccb11_StateSignal_XLE,0.0,0.0,1.0498592661305102,1.0498592661305102,0.0,0.0,0.0,0.0
2024-04-02 20:00:00+00:00,20260126_001632_3acccb11_StateSignal_XLE,0.0,0.0,1.0498592661305102,1.0498592661305102,0.0,0.0,0.0,0.0
2024-04-03 20:00:00+00:00,20260126_001632_3acccb11_StateSignal_XLE,0.0,0.0,1.0498592661305102,1.0498592661305102,0.0,0.0,0.0,0.0
2024-04-04 20:00:00+00:00,20260126_001632_3acccb11_StateSignal_XLE,0.0,0.0,1.0498592661305102,1.0498592661305102,0.0,0.0,0.0,-0.0
2024-04-05 20:00:00+00:00,20260126_001632_3acccb11_StateSignal_XLE,0.0,0.0,1.0498592661305102,1.0498592661305102,0.0,0.0,0.0,0.0
2024-04-08 20:00:00+00:00,20260126_001632_3acccb11_StateSignal_XLE,0.0,0.0,1.0498592661305102,1.0498592661305102,0.0,0.0,0.0,-0.0
2024-04-09 20:00:00+00:00,20260126_001632_3acccb11_StateSignal_XLE,0.0,0.0,1.0498592661305102,1.0498592661305102,0.0,0.0,0.0,-0.0
2024-04-10 20:00:00+00:00,20260126_001632_3acccb11_StateSignal_XLE,0.0,0.0,1.0498592661305102,1.0498592661305102,0.0,0.0,0.0,0.0
2024-04-11 20:00:00+00:00,20260126_001632_3acccb11_StateSignal_XLE,0.0,0.0,1.0498592661305102,1.0498592661305102,0.0,0.0,0.0,0.0
2024-04-12 20:00:00+00:00,20260126_001632_3acccb11_StateSignal_XLE,0.0,0.0,1.0498592661305102,1.0498592661305102,0.0,0.0,0.0,-0.0
2024-04-15 20:00:00+00:00,20260126_001632_3acccb11_StateSignal_XLE,0.0,0.0,1.0498592661305102,1.0498592661305102,0.0,0.0,0.0,-0.0
2024-04-16 20:00:00+00:00,20260126_001632_3acccb11_StateSignal_XLE,0.0,0.0,1.0498592661305102,1.0498592661305102,0.0,0.0,0.0,-0.0
2024-04-17 20:00:00+00:00,20260126_001632_3acccb11_StateSignal_XLE,-0.006729500496939378,-0.006729500496939378,1.0427942376773685,1.0427942376773685,0.0,0.0,1.0,-0.006729500496939378
2024-04-18 20:00:00+00:00,20260126_001632_3acccb11_StateSignal_XLE,0.0,0.0,1.0427942376773685,1.0427942376773685,0.0,0.0,0.0,-0.0
2024-04-19 20:00:00+00:00,20260126_001632_3acccb11_StateSignal_XLE,0.0,0.0,1.0427942376773685,1.0427942376773685,0.0,0.0,0.0,0.0
2024-04-22 20:00:00+00:00,20260126_001632_3acccb11_StateSignal_XLE,0.0,0.0,1.0427942376773685,1.0427942376773685,0.0,0.0,0.0,0.0
2024-04-23 20:00:00+00:00,20260126_001632_3acccb11_StateSignal_XLE,0.0,0.0,1.0427942376773685,1.0427942376773685,0.0,0.0,0.0,0.0
2024-04-24 20:00:00+00:00,20260126_001632_3acccb11_StateSignal_XLE,0.0,0.0,1.0427942376773685,1.0427942376773685,0.0,0.0,0.0,0.0
2024-04-25 20:00:00+00:00,20260126_001632_3acccb11_StateSignal_XLE,0.0,0.0,1.0427942376773685,1.0427942376773685,0.0,0.0,0.0,0.0
2024-04-26 20:00:00+00:00,20260126_001632_3acccb11_StateSignal_XLE,0.0,0.0,1.0427942376773685,1.0427942376773685,0.0,0.0,0.0,0.0
2024-04-29 20:00:00+00:00,20260126_001632_3acccb11_StateSignal_XLE,0.0,0.0,1.0427942376773685,1.0427942376773685,0.0,0.0,0.0,0.0
2024-04-30 20:00:00+00:00,20260126_001632_3acccb11_StateSignal_XLE,0.0,0.0,1.0427942376773685,1.0427942376773685,0.0,0.0,0.0,-0.0
2024-05-01 20:00:00+00:00,20260126_001632_3acccb11_StateSignal_XLE,0.0,0.0,1.0427942376773685,1.0427942376773685,0.0,0.0,0.0,-0.0
2024-05-02 20:00:00+00:00,20260126_001632_3acccb11_StateSignal_XLE,0.0,0.0,1.0427942376773685,1.0427942376773685,0.0,0.0,0.0,0.0
2024-05-03 20:00:00+00:00,20260126_001632_3acccb11_StateSignal_XLE,0.0,0.0,1.0427942376773685,1.0427942376773685,0.0,0.0,0.0,0.0
2024-05-06 20:00:00+00:00,20260126_001632_3acccb11_StateSignal_XLE,0.0,0.0,1.0427942376773685,1.0427942376773685,0.0,0.0,0.0,0.0
2024-05-07 20:00:00+00:00,20260126_001632_3acccb11_StateSignal_XLE,0.0,0.0,1.0427942376773685,1.0427942376773685,0.0,0.0,0.0,-0.0
2024-05-08 20:00:00+00:00,20260126_001632_3acccb11_StateSignal_XLE,0.0,0.0,1.0427942376773685,1.0427942376773685,0.0,0.0,0.0,-0.0
2024-05-09 20:00:00+00:00,20260126_001632_3acccb11_StateSignal_XLE,0.0,0.0,1.0427942376773685,1.0427942376773685,0.0,0.0,0.0,0.0
2024-05-10 20:00:00+00:00,20260126_001632_3acccb11_StateSignal_XLE,0.0,0.0,1.0427942376773685,1.0427942376773685,0.0,0.0,0.0,-0.0
2024-05-13 20:00:00+00:00,20260126_001632_3acccb11_StateSignal_XLE,0.0,0.0,1.0427942376773685,1.0427942376773685,0.0,0.0,0.0,-0.0
2024-05-14 20:00:00+00:00,20260126_001632_3acccb11_StateSignal_XLE,0.0,0.0,1.0427942376773685,1.0427942376773685,0.0,0.0,0.0,0.0
2024-05-15 20:00:00+00:00,20260126_001632_3acccb11_StateSignal_XLE,0.0,0.0,1.0427942376773685,1.0427942376773685,0.0,0.0,0.0,0.0
2024-05-16 20:00:00+00:00,20260126_001632_3acccb11_StateSignal_XLE,0.0,0.0,1.0427942376773685,1.0427942376773685,0.0,0.0,0.0,-0.0
2024-05-17 20:00:00+00:00,20260126_001632_3acccb11_StateSignal_XLE,0.0,0.0,1.0427942376773685,1.0427942376773685,0.0,0.0,0.0,0.0
2024-05-20 20:00:00+00:00,20260126_001632_3acccb11_StateSignal_XLE,0.0,0.0,1.0427942376773685,1.0427942376773685,0.0,0.0,0.0,-0.0
2024-05-21 20:00:00+00:00,20260126_001632_3acccb11_StateSignal_XLE,0.0,0.0,1.0427942376773685,1.0427942376773685,0.0,0.0,0.0,-0.0
2024-05-22 20:00:00+00:00,20260126_001632_3acccb11_StateSignal_XLE,0.0,0.0,1.0427942376773685,1.0427942376773685,0.0,0.0,0.0,-0.0
2024-05-23 20:00:00+00:00,20260126_001632_3acccb11_StateSignal_XLE,0.0,0.0,1.0427942376773685,1.0427942376773685,0.0,0.0,0.0,-0.0
2024-05-24 20:00:00+00:00,20260126_001632_3acccb11_StateSignal_XLE,0.0,0.0,1.0427942376773685,1.0427942376773685,0.0,0.0,0.0,-0.0
2024-05-28 20:00:00+00:00,20260126_001632_3acccb11_StateSignal_XLE,0.0,0.0,1.0427942376773685,1.0427942376773685,0.0,0.0,0.0,0.0
2024-05-29 20:00:00+00:00,20260126_001632_3acccb11_StateSignal_XLE,0.0,0.0,1.0427942376773685,1.0427942376773685,0.0,0.0,0.0,-0.0
2024-05-30 20:00:00+00:00,20260126_001632_3acccb11_StateSignal_XLE,0.0,0.0,1.0427942376773685,1.0427942376773685,0.0,0.0,0.0,0.0
2024-05-31 20:00:00+00:00,20260126_001632_3acccb11_StateSignal_XLE,0.0,0.0,1.0427942376773685,1.0427942376773685,0.0,0.0,0.0,0.0
2024-06-03 20:00:00+00:00,20260126_001632_3acccb11_StateSignal_XLE,0.0,0.0,1.0427942376773685,1.0427942376773685,0.0,0.0,0.0,-0.0
2024-06-04 20:00:00+00:00,20260126_001632_3acccb11_StateSignal_XLE,0.0,0.0,1.0427942376773685,1.0427942376773685,0.0,0.0,0.0,0.0
2024-06-05 20:00:00+00:00,20260126_001632_3acccb11_StateSignal_XLE,0.0,0.0,1.0427942376773685,1.0427942376773685,0.0,0.0,0.0,-0.0
2024-06-06 20:00:00+00:00,20260126_001632_3acccb11_StateSignal_XLE,0.0,0.0,1.0427942376773685,1.0427942376773685,0.0,0.0,0.0,0.0
2024-06-07 20:00:00+00:00,20260126_001632_3acccb11_StateSignal_XLE,0.0,0.0,1.0427942376773685,1.0427942376773685,0.0,0.0,0.0,-0.0
2024-06-10 20:00:00+00:00,20260126_001632_3acccb11_StateSignal_XLE,0.0,0.0,1.0427942376773685,1.0427942376773685,0.0,0.0,0.0,0.0
2024-06-11 20:00:00+00:00,20260126_001632_3acccb11_StateSignal_XLE,0.0,0.0,1.0427942376773685,1.0427942376773685,0.0,0.0,0.0,-0.0
2024-06-12 20:00:00+00:00,20260126_001632_3acccb11_StateSignal_XLE,0.0,0.0,1.0427942376773685,1.0427942376773685,0.0,0.0,0.0,-0.0
2024-06-13 20:00:00+00:00,20260126_001632_3acccb11_StateSignal_XLE,0.0,0.0,1.0427942376773685,1.0427942376773685,0.0,0.0,0.0,0.0
2024-06-14 20:00:00+00:00,20260126_001632_3acccb11_StateSignal_XLE,0.0,0.0,1.0427942376773685,1.0427942376773685,0.0,0.0,0.0,-0.0
2024-06-17 20:00:00+00:00,20260126_001632_3acccb11_StateSignal_XLE,0.0,0.0,1.0427942376773685,1.0427942376773685,0.0,0.0,0.0,0.0
2024-06-18 20:00:00+00:00,20260126_001632_3acccb11_StateSignal_XLE,0.0,0.0,1.0427942376773685,1.0427942376773685,0.0,0.0,0.0,0.0
2024-06-20 20:00:00+00:00,20260126_001632_3acccb11_StateSignal_XLE,0.0,0.0,1.0427942376773685,1.0427942376773685,0.0,0.0,0.0,0.0
2024-06-21 20:00:00+00:00,20260126_001632_3acccb11_StateSignal_XLE,0.0,0.0,1.0427942376773685,1.0427942376773685,0.0,0.0,0.0,-0.0
2024-06-24 20:00:00+00:00,20260126_001632_3acccb11_StateSignal_XLE,0.0,0.0,1.0427942376773685,1.0427942376773685,0.0,0.0,0.0,0.0
2024-06-25 20:00:00+00:00,20260126_001632_3acccb11_StateSignal_XLE,0.0,0.0,1.0427942376773685,1.0427942376773685,0.0,0.0,0.0,0.0
2024-06-26 20:00:00+00:00,20260126_001632_3acccb11_StateSignal_XLE,0.0,0.0,1.0427942376773685,1.0427942376773685,0.0,0.0,0.0,-0.0
2024-06-27 20:00:00+00:00,20260126_001632_3acccb11_StateSignal_XLE,0.0,0.0,1.0427942376773685,1.0427942376773685,0.0,0.0,0.0,-0.0
2024-06-28 20:00:00+00:00,20260126_001632_3acccb11_StateSignal_XLE,0.0,0.0,1.0427942376773685,1.0427942376773685,0.0,0.0,0.0,0.0
2024-07-01 20:00:00+00:00,20260126_001632_3acccb11_StateSignal_XLE,0.0,0.0,1.0427942376773685,1.0427942376773685,0.0,0.0,0.0,0.0
2024-07-02 20:00:00+00:00,20260126_001632_3acccb11_StateSignal_XLE,0.0,0.0,1.0427942376773685,1.0427942376773685,0.0,0.0,0.0,-0.0
2024-07-03 20:00:00+00:00,20260126_001632_3acccb11_StateSignal_XLE,0.0,0.0,1.0427942376773685,1.0427942376773685,0.0,0.0,0.0,0.0
2024-07-05 20:00:00+00:00,20260126_001632_3acccb11_StateSignal_XLE,0.0,0.0,1.0427942376773685,1.0427942376773685,0.0,0.0,0.0,-0.0
2024-07-08 20:00:00+00:00,20260126_001632_3acccb11_StateSignal_XLE,0.0,0.0,1.0427942376773685,1.0427942376773685,0.0,0.0,0.0,-0.0
2024-07-09 20:00:00+00:00,20260126_001632_3acccb11_StateSignal_XLE,0.0,0.0,1.0427942376773685,1.0427942376773685,0.0,0.0,0.0,-0.0
2024-07-10 20:00:00+00:00,20260126_001632_3acccb11_StateSignal_XLE,0.0,0.0,1.0427942376773685,1.0427942376773685,0.0,0.0,0.0,0.0
2024-07-11 20:00:00+00:00,20260126_001632_3acccb11_StateSignal_XLE,0.0,0.0,1.0427942376773685,1.0427942376773685,0.0,0.0,0.0,0.0
2024-07-12 20:00:00+00:00,20260126_001632_3acccb11_StateSignal_XLE,0.0,0.0,1.0427942376773685,1.0427942376773685,0.0,0.0,0.0,0.0
2024-07-15 20:00:00+00:00,20260126_001632_3acccb11_StateSignal_XLE,0.0,0.0,1.0427942376773685,1.0427942376773685,0.0,0.0,0.0,0.0
2024-07-16 20:00:00+00:00,20260126_001632_3acccb11_StateSignal_XLE,0.0,0.0,1.0427942376773685,1.0427942376773685,0.0,0.0,0.0,0.0
2024-07-17 20:00:00+00:00,20260126_001632_3acccb11_StateSignal_XLE,0.0,0.0,1.0427942376773685,1.0427942376773685,0.0,0.0,0.0,0.0
2024-07-18 20:00:00+00:00,20260126_001632_3acccb11_StateSignal_XLE,0.0,0.0,1.0427942376773685,1.0427942376773685,0.0,0.0,0.0,0.0
2024-07-19 20:00:00+00:00,20260126_001632_3acccb11_StateSignal_XLE,0.0,0.0,1.0427942376773685,1.0427942376773685,0.0,0.0,0.0,-0.0
2024-07-22 20:00:00+00:00,20260126_001632_3acccb11_StateSignal_XLE,0.0,0.0,1.0427942376773685,1.0427942376773685,0.0,0.0,0.0,-0.0
2024-07-23 20:00:00+00:00,20260126_001632_3acccb11_StateSignal_XLE,0.0,0.0,1.0427942376773685,1.0427942376773685,0.0,0.0,0.0,-0.0
2024-07-24 20:00:00+00:00,20260126_001632_3acccb11_StateSignal_XLE,0.0,0.0,1.0427942376773685,1.0427942376773685,0.0,0.0,0.0,0.0
2024-07-25 20:00:00+00:00,20260126_001632_3acccb11_StateSignal_XLE,0.0,0.0,1.0427942376773685,1.0427942376773685,0.0,0.0,0.0,0.0
2024-07-26 20:00:00+00:00,20260126_001632_3acccb11_StateSignal_XLE,0.0,0.0,1.0427942376773685,1.0427942376773685,0.0,0.0,0.0,0.0
2024-07-29 20:00:00+00:00,20260126_001632_3acccb11_StateSignal_XLE,0.0,0.0,1.0427942376773685,1.0427942376773685,0.0,0.0,0.0,-0.0
2024-07-30 20:00:00+00:00,20260126_001632_3acccb11_StateSignal_XLE,0.0,0.0,1.0427942376773685,1.0427942376773685,0.0,0.0,0.0,0.0
2024-07-31 20:00:00+00:00,20260126_001632_3acccb11_StateSignal_XLE,0.0,0.0,1.0427942376773685,1.0427942376773685,0.0,0.0,0.0,0.0
2024-08-01 20:00:00+00:00,20260126_001632_3acccb11_StateSignal_XLE,0.0,0.0,1.0427942376773685,1.0427942376773685,0.0,0.0,0.0,-0.0
2024-08-02 20:00:00+00:00,20260126_001632_3acccb11_StateSignal_XLE,0.0,0.0,1.0427942376773685,1.0427942376773685,0.0,0.0,0.0,-0.0
2024-08-05 20:00:00+00:00,20260126_001632_3acccb11_StateSignal_XLE,0.0,0.0,1.0427942376773685,1.0427942376773685,0.0,0.0,0.0,-0.0
2024-08-06 20:00:00+00:00,20260126_001632_3acccb11_StateSignal_XLE,0.0,0.0,1.0427942376773685,1.0427942376773685,0.0,0.0,0.0,-0.0
2024-08-07 20:00:00+00:00,20260126_001632_3acccb11_StateSignal_XLE,0.0,0.0,1.0427942376773685,1.0427942376773685,0.0,0.0,0.0,-0.0
2024-08-08 20:00:00+00:00,20260126_001632_3acccb11_StateSignal_XLE,0.0,0.0,1.0427942376773685,1.0427942376773685,0.0,0.0,0.0,0.0
2024-08-09 20:00:00+00:00,20260126_001632_3acccb11_StateSignal_XLE,0.0,0.0,1.0427942376773685,1.0427942376773685,0.0,0.0,0.0,0.0
2024-08-12 20:00:00+00:00,20260126_001632_3acccb11_StateSignal_XLE,0.0,0.0,1.0427942376773685,1.0427942376773685,0.0,0.0,0.0,0.0
2024-08-13 20:00:00+00:00,20260126_001632_3acccb11_StateSignal_XLE,0.0,0.0,1.0427942376773685,1.0427942376773685,0.0,0.0,0.0,-0.0
2024-08-14 20:00:00+00:00,20260126_001632_3acccb11_StateSignal_XLE,0.0,0.0,1.0427942376773685,1.0427942376773685,0.0,0.0,0.0,0.0
2024-08-15 20:00:00+00:00,20260126_001632_3acccb11_StateSignal_XLE,0.0,0.0,1.0427942376773685,1.0427942376773685,0.0,0.0,0.0,0.0
2024-08-16 20:00:00+00:00,20260126_001632_3acccb11_StateSignal_XLE,0.0,0.0,1.0427942376773685,1.0427942376773685,0.0,0.0,0.0,-0.0
2024-08-19 20:00:00+00:00,20260126_001632_3acccb11_StateSignal_XLE,0.0,0.0,1.0427942376773685,1.0427942376773685,0.0,0.0,0.0,0.0
2024-08-20 20:00:00+00:00,20260126_001632_3acccb11_StateSignal_XLE,0.0,0.0,1.0427942376773685,1.0427942376773685,0.0,0.0,0.0,-0.0
2024-08-21 20:00:00+00:00,20260126_001632_3acccb11_StateSignal_XLE,0.0,0.0,1.0427942376773685,1.0427942376773685,0.0,0.0,0.0,0.0
2024-08-22 20:00:00+00:00,20260126_001632_3acccb11_StateSignal_XLE,0.0,0.0,1.0427942376773685,1.0427942376773685,0.0,0.0,0.0,-0.0
2024-08-23 20:00:00+00:00,20260126_001632_3acccb11_StateSignal_XLE,0.0,0.0,1.0427942376773685,1.0427942376773685,0.0,0.0,0.0,0.0
2024-08-26 20:00:00+00:00,20260126_001632_3acccb11_StateSignal_XLE,0.0,0.0,1.0427942376773685,1.0427942376773685,0.0,0.0,0.0,-0.0
2024-08-27 20:00:00+00:00,20260126_001632_3acccb11_StateSignal_XLE,0.0,0.0,1.0427942376773685,1.0427942376773685,0.0,0.0,0.0,-0.0
2024-08-28 20:00:00+00:00,20260126_001632_3acccb11_StateSignal_XLE,0.0,0.0,1.0427942376773685,1.0427942376773685,0.0,0.0,0.0,-0.0
2024-08-29 20:00:00+00:00,20260126_001632_3acccb11_StateSignal_XLE,0.0,0.0,1.0427942376773685,1.0427942376773685,0.0,0.0,0.0,0.0
2024-08-30 20:00:00+00:00,20260126_001632_3acccb11_StateSignal_XLE,0.0,0.0,1.0427942376773685,1.0427942376773685,0.0,0.0,0.0,0.0
2024-09-03 20:00:00+00:00,20260126_001632_3acccb11_StateSignal_XLE,0.0,0.0,1.0427942376773685,1.0427942376773685,0.0,0.0,0.0,-0.0
2024-09-04 20:00:00+00:00,20260126_001632_3acccb11_StateSignal_XLE,0.0,0.0,1.0427942376773685,1.0427942376773685,0.0,0.0,0.0,-0.0
2024-09-05 20:00:00+00:00,20260126_001632_3acccb11_StateSignal_XLE,0.0,0.0,1.0427942376773685,1.0427942376773685,0.0,0.0,0.0,-0.0
2024-09-06 20:00:00+00:00,20260126_001632_3acccb11_StateSignal_XLE,0.0,0.0,1.0427942376773685,1.0427942376773685,0.0,0.0,0.0,-0.0
2024-09-09 20:00:00+00:00,20260126_001632_3acccb11_StateSignal_XLE,0.0,0.0,1.0427942376773685,1.0427942376773685,0.0,0.0,0.0,0.0
2024-09-10 20:00:00+00:00,20260126_001632_3acccb11_StateSignal_XLE,0.0,0.0,1.0427942376773685,1.0427942376773685,0.0,0.0,0.0,-0.0
2024-09-11 20:00:00+00:00,20260126_001632_3acccb11_StateSignal_XLE,0.0,0.0,1.0427942376773685,1.0427942376773685,0.0,0.0,0.0,-0.0
2024-09-12 20:00:00+00:00,20260126_001632_3acccb11_StateSignal_XLE,0.0,0.0,1.0427942376773685,1.0427942376773685,0.0,0.0,0.0,0.0
2024-09-13 20:00:00+00:00,20260126_001632_3acccb11_StateSignal_XLE,0.0,0.0,1.0427942376773685,1.0427942376773685,0.0,0.0,0.0,0.0
2024-09-16 20:00:00+00:00,20260126_001632_3acccb11_StateSignal_XLE,0.0,0.0,1.0427942376773685,1.0427942376773685,0.0,0.0,0.0,0.0
2024-09-17 20:00:00+00:00,20260126_001632_3acccb11_StateSignal_XLE,0.0,0.0,1.0427942376773685,1.0427942376773685,0.0,0.0,0.0,0.0
2024-09-18 20:00:00+00:00,20260126_001632_3acccb11_StateSignal_XLE,0.0,0.0,1.0427942376773685,1.0427942376773685,0.0,0.0,0.0,0.0
2024-09-19 20:00:00+00:00,20260126_001632_3acccb11_StateSignal_XLE,0.0,0.0,1.0427942376773685,1.0427942376773685,0.0,0.0,0.0,0.0
2024-09-20 20:00:00+00:00,20260126_001632_3acccb11_StateSignal_XLE,0.0,0.0,1.0427942376773685,1.0427942376773685,0.0,0.0,0.0,0.0
2024-09-23 20:00:00+00:00,20260126_001632_3acccb11_StateSignal_XLE,0.0,0.0,1.0427942376773685,1.0427942376773685,0.0,0.0,0.0,0.0
2024-09-24 20:00:00+00:00,20260126_001632_3acccb11_StateSignal_XLE,0.0,0.0,1.0427942376773685,1.0427942376773685,0.0,0.0,0.0,-0.0
2024-09-25 20:00:00+00:00,20260126_001632_3acccb11_StateSignal_XLE,0.0,0.0,1.0427942376773685,1.0427942376773685,0.0,0.0,0.0,-0.0
2024-09-26 20:00:00+00:00,20260126_001632_3acccb11_StateSignal_XLE,0.0,0.0,1.0427942376773685,1.0427942376773685,0.0,0.0,0.0,-0.0
2024-09-27 20:00:00+00:00,20260126_001632_3acccb11_StateSignal_XLE,0.0,0.0,1.0427942376773685,1.0427942376773685,0.0,0.0,0.0,0.0
2024-09-30 20:00:00+00:00,20260126_001632_3acccb11_StateSignal_XLE,0.0,0.0,1.0427942376773685,1.0427942376773685,0.0,0.0,0.0,0.0
2024-10-01 20:00:00+00:00,20260126_001632_3acccb11_StateSignal_XLE,0.0,0.0,1.0427942376773685,1.0427942376773685,0.0,0.0,0.0,0.0
2024-10-02 20:00:00+00:00,20260126_001632_3acccb11_StateSignal_XLE,0.0,0.0,1.0427942376773685,1.0427942376773685,0.0,0.0,0.0,0.0
2024-10-03 20:00:00+00:00,20260126_001632_3acccb11_StateSignal_XLE,0.0,0.0,1.0427942376773685,1.0427942376773685,0.0,0.0,0.0,0.0
2024-10-04 20:00:00+00:00,20260126_001632_3acccb11_StateSignal_XLE,0.0,0.0,1.0427942376773685,1.0427942376773685,0.0,0.0,0.0,0.0
2024-10-07 20:00:00+00:00,20260126_001632_3acccb11_StateSignal_XLE,-0.0028924260904008734,-0.0028924260904008734,1.0397780324173909,1.0397780324173909,0.0,0.0,1.0,-0.0028924260904008734
2024-10-08 20:00:00+00:00,20260126_001632_3acccb11_StateSignal_XLE,0.0,0.0,1.0397780324173909,1.0397780324173909,0.0,0.0,0.0,-0.0
2024-10-09 20:00:00+00:00,20260126_001632_3acccb11_StateSignal_XLE,0.005933381167841745,0.005933381167841745,1.0459474318136717,1.0459474318136717,0.0,0.0,1.0,0.005933381167841745
2024-10-10 20:00:00+00:00,20260126_001632_3acccb11_StateSignal_XLE,0.008844597853981407,0.008844597853981407,1.0551984162244683,1.0551984162244683,0.0,0.0,1.0,0.008844597853981407
2024-10-11 20:00:00+00:00,20260126_001632_3acccb11_StateSignal_XLE,0.003150317636945319,0.003150317636945319,1.0585226264055771,1.0585226264055771,0.0,0.0,1.0,0.003150317636945319
2024-10-14 20:00:00+00:00,20260126_001632_3acccb11_StateSignal_XLE,0.002026343145232501,0.002026343145232501,1.0606675564736676,1.0606675564736676,0.0,0.0,1.0,0.002026343145232501
2024-10-15 20:00:00+00:00,20260126_001632_3acccb11_StateSignal_XLE,-0.002777779563902191,-0.002777779563902191,1.057721255811201,1.057721255811201,0.0,0.0,1.0,-0.002777779563902191
2024-10-16 20:00:00+00:00,20260126_001632_3acccb11_StateSignal_XLE,0.0032399935772159582,0.0032399935772159582,1.0611482658865141,1.0611482658865141,0.0,0.0,1.0,0.0032399935772159582
2024-10-17 20:00:00+00:00,20260126_001632_3acccb11_StateSignal_XLE,-0.0018365478073014,-0.0018365478073014,1.0591994163655787,1.0591994163655787,0.0,0.0,1.0,-0.0018365478073014
2024-10-18 20:00:00+00:00,20260126_001632_3acccb11_StateSignal_XLE,-0.003683245416296253,-0.003683245416296253,1.0552981249703064,1.0552981249703064,0.0,0.0,1.0,-0.003683245416296253
2024-10-21 20:00:00+00:00,20260126_001632_3acccb11_StateSignal_XLE,0.0,0.0,1.0552981249703064,1.0552981249703064,0.0,0.0,0.0,-0.0
2024-10-22 20:00:00+00:00,20260126_001632_3acccb11_StateSignal_XLE,0.0,0.0,1.0552981249703064,1.0552981249703064,0.0,0.0,0.0,0.0
2024-10-23 20:00:00+00:00,20260126_001632_3acccb11_StateSignal_XLE,0.0,0.0,1.0552981249703064,1.0552981249703064,0.0,0.0,0.0,-0.0
2024-10-24 20:00:00+00:00,20260126_001632_3acccb11_StateSignal_XLE,-0.0011607662359621172,-0.0011607662359621172,1.054073170537967,1.054073170537967,0.0,0.0,1.0,-0.0011607662359621172
2024-10-25 20:00:00+00:00,20260126_001632_3acccb11_StateSignal_XLE,0.0009287207540067624,0.0009287207540067624,1.0550521101676873,1.0550521101676873,0.0,0.0,1.0,0.0009287207540067624
2024-10-28 20:00:00+00:00,20260126_001632_3acccb11_StateSignal_XLE,0.0,0.0,1.0550521101676873,1.0550521101676873,0.0,0.0,0.0,-0.0
2024-10-29 20:00:00+00:00,20260126_001632_3acccb11_StateSignal_XLE,-0.0054392944794431205,-0.0054392944794431205,1.0493133710493274,1.0493133710493274,0.0,0.0,1.0,-0.0054392944794431205
2024-10-30 20:00:00+00:00,20260126_001632_3acccb11_StateSignal_XLE,0.0,0.0,1.0493133710493274,1.0493133710493274,0.0,0.0,0.0,-0.0
2024-10-31 20:00:00+00:00,20260126_001632_3acccb11_StateSignal_XLE,0.0,0.0,1.0493133710493274,1.0493133710493274,0.0,0.0,0.0,-0.0
2024-11-01 20:00:00+00:00,20260126_001632_3acccb11_StateSignal_XLE,0.0,0.0,1.0493133710493274,1.0493133710493274,0.0,0.0,0.0,-0.0
2024-11-04 21:00:00+00:00,20260126_001632_3acccb11_StateSignal_XLE,0.017608155366728984,0.017608155366728984,1.06778984391515,1.06778984391515,0.0,0.0,1.0,0.017608155366728984
2024-11-05 21:00:00+00:00,20260126_001632_3acccb11_StateSignal_XLE,0.0,0.0,1.06778984391515,1.06778984391515,0.0,0.0,0.0,0.0
2024-11-06 21:00:00+00:00,20260126_001632_3acccb11_StateSignal_XLE,0.0,0.0,1.06778984391515,1.06778984391515,0.0,0.0,0.0,0.0
2024-11-07 21:00:00+00:00,20260126_001632_3acccb11_StateSignal_XLE,0.0,0.0,1.06778984391515,1.06778984391515,0.0,0.0,0.0,0.0
2024-11-08 21:00:00+00:00,20260126_001632_3acccb11_StateSignal_XLE,0.0,0.0,1.06778984391515,1.06778984391515,0.0,0.0,0.0,0.0
2024-11-11 21:00:00+00:00,20260126_001632_3acccb11_StateSignal_XLE,0.0,0.0,1.06778984391515,1.06778984391515,0.0,0.0,0.0,0.0
2024-11-12 21:00:00+00:00,20260126_001632_3acccb11_StateSignal_XLE,0.0,0.0,1.06778984391515,1.06778984391515,0.0,0.0,0.0,-0.0
2024-11-13 21:00:00+00:00,20260126_001632_3acccb11_StateSignal_XLE,0.0,0.0,1.06778984391515,1.06778984391515,0.0,0.0,0.0,0.0
2024-11-14 21:00:00+00:00,20260126_001632_3acccb11_StateSignal_XLE,0.0,0.0,1.06778984391515,1.06778984391515,0.0,0.0,0.0,0.0
2024-11-15 21:00:00+00:00,20260126_001632_3acccb11_StateSignal_XLE,0.0,0.0,1.06778984391515,1.06778984391515,0.0,0.0,0.0,-0.0
2024-11-18 21:00:00+00:00,20260126_001632_3acccb11_StateSignal_XLE,0.0,0.0,1.06778984391515,1.06778984391515,0.0,0.0,0.0,0.0
2024-11-19 21:00:00+00:00,20260126_001632_3acccb11_StateSignal_XLE,0.0,0.0,1.06778984391515,1.06778984391515,0.0,0.0,0.0,-0.0
2024-11-20 21:00:00+00:00,20260126_001632_3acccb11_StateSignal_XLE,0.0,0.0,1.06778984391515,1.06778984391515,0.0,0.0,0.0,0.0
2024-11-21 21:00:00+00:00,20260126_001632_3acccb11_StateSignal_XLE,0.0,0.0,1.06778984391515,1.06778984391515,0.0,0.0,0.0,0.0
2024-11-22 21:00:00+00:00,20260126_001632_3acccb11_StateSignal_XLE,0.0,0.0,1.06778984391515,1.06778984391515,0.0,0.0,0.0,-0.0
2024-11-25 21:00:00+00:00,20260126_001632_3acccb11_StateSignal_XLE,0.0,0.0,1.06778984391515,1.06778984391515,0.0,0.0,0.0,-0.0
2024-11-26 21:00:00+00:00,20260126_001632_3acccb11_StateSignal_XLE,0.0,0.0,1.06778984391515,1.06778984391515,0.0,0.0,0.0,-0.0
2024-11-27 21:00:00+00:00,20260126_001632_3acccb11_StateSignal_XLE,0.0,0.0,1.06778984391515,1.06778984391515,0.0,0.0,0.0,-0.0
2024-11-29 21:00:00+00:00,20260126_001632_3acccb11_StateSignal_XLE,0.0,0.0,1.06778984391515,1.06778984391515,0.0,0.0,0.0,-0.0
2024-12-02 21:00:00+00:00,20260126_001632_3acccb11_StateSignal_XLE,0.0,0.0,1.06778984391515,1.06778984391515,0.0,0.0,0.0,-0.0
2024-12-03 21:00:00+00:00,20260126_001632_3acccb11_StateSignal_XLE,0.0,0.0,1.06778984391515,1.06778984391515,0.0,0.0,0.0,-0.0
2024-12-04 21:00:00+00:00,20260126_001632_3acccb11_StateSignal_XLE,0.0,0.0,1.06778984391515,1.06778984391515,0.0,0.0,0.0,-0.0
2024-12-05 21:00:00+00:00,20260126_001632_3acccb11_StateSignal_XLE,0.0,0.0,1.06778984391515,1.06778984391515,0.0,0.0,0.0,-0.0
2024-12-06 21:00:00+00:00,20260126_001632_3acccb11_StateSignal_XLE,0.0,0.0,1.06778984391515,1.06778984391515,0.0,0.0,0.0,-0.0
2024-12-09 21:00:00+00:00,20260126_001632_3acccb11_StateSignal_XLE,0.0,0.0,1.06778984391515,1.06778984391515,0.0,0.0,0.0,-0.0
2024-12-10 21:00:00+00:00,20260126_001632_3acccb11_StateSignal_XLE,0.0,0.0,1.06778984391515,1.06778984391515,0.0,0.0,0.0,-0.0
2024-12-11 21:00:00+00:00,20260126_001632_3acccb11_StateSignal_XLE,0.0,0.0,1.06778984391515,1.06778984391515,0.0,0.0,0.0,0.0
2024-12-12 21:00:00+00:00,20260126_001632_3acccb11_StateSignal_XLE,0.0,0.0,1.06778984391515,1.06778984391515,0.0,0.0,0.0,-0.0
2024-12-13 21:00:00+00:00,20260126_001632_3acccb11_StateSignal_XLE,0.0,0.0,1.06778984391515,1.06778984391515,0.0,0.0,0.0,0.0
2024-12-16 21:00:00+00:00,20260126_001632_3acccb11_StateSignal_XLE,0.0,0.0,1.06778984391515,1.06778984391515,0.0,0.0,0.0,-0.0
2024-12-17 21:00:00+00:00,20260126_001632_3acccb11_StateSignal_XLE,0.0,0.0,1.06778984391515,1.06778984391515,0.0,0.0,0.0,0.0
2024-12-18 21:00:00+00:00,20260126_001632_3acccb11_StateSignal_XLE,0.0,0.0,1.06778984391515,1.06778984391515,0.0,0.0,0.0,-0.0
2024-12-19 21:00:00+00:00,20260126_001632_3acccb11_StateSignal_XLE,0.0,0.0,1.06778984391515,1.06778984391515,0.0,0.0,0.0,-0.0
2024-12-20 21:00:00+00:00,20260126_001632_3acccb11_StateSignal_XLE,0.0,0.0,1.06778984391515,1.06778984391515,0.0,0.0,0.0,0.0
2024-12-23 21:00:00+00:00,20260126_001632_3acccb11_StateSignal_XLE,0.0,0.0,1.06778984391515,1.06778984391515,0.0,0.0,0.0,0.0
2024-12-24 21:00:00+00:00,20260126_001632_3acccb11_StateSignal_XLE,0.0,0.0,1.06778984391515,1.06778984391515,0.0,0.0,0.0,0.0
2024-12-26 21:00:00+00:00,20260126_001632_3acccb11_StateSignal_XLE,0.0,0.0,1.06778984391515,1.06778984391515,0.0,0.0,0.0,0.0
2024-12-27 21:00:00+00:00,20260126_001632_3acccb11_StateSignal_XLE,0.0,0.0,1.06778984391515,1.06778984391515,0.0,0.0,0.0,-0.0
2024-12-30 21:00:00+00:00,20260126_001632_3acccb11_StateSignal_XLE,0.0,0.0,1.06778984391515,1.06778984391515,0.0,0.0,0.0,0.0
2024-12-31 21:00:00+00:00,20260126_001632_3acccb11_StateSignal_XLE,0.0,0.0,1.06778984391515,1.06778984391515,0.0,0.0,0.0,0.0
2025-01-02 21:00:00+00:00,20260126_001632_3acccb11_StateSignal_XLE,0.0,0.0,1.06778984391515,1.06778984391515,0.0,0.0,0.0,0.0
2025-01-03 21:00:00+00:00,20260126_001632_3acccb11_StateSignal_XLE,0.0,0.0,1.06778984391515,1.06778984391515,0.0,0.0,0.0,0.0
2025-01-06 21:00:00+00:00,20260126_001632_3acccb11_StateSignal_XLE,0.0,0.0,1.06778984391515,1.06778984391515,0.0,0.0,0.0,-0.0
2025-01-07 21:00:00+00:00,20260126_001632_3acccb11_StateSignal_XLE,0.0,0.0,1.06778984391515,1.06778984391515,0.0,0.0,0.0,0.0
2025-01-08 21:00:00+00:00,20260126_001632_3acccb11_StateSignal_XLE,0.0,0.0,1.06778984391515,1.06778984391515,0.0,0.0,0.0,0.0
2025-01-10 21:00:00+00:00,20260126_001632_3acccb11_StateSignal_XLE,0.0,0.0,1.06778984391515,1.06778984391515,0.0,0.0,0.0,0.0
2025-01-13 21:00:00+00:00,20260126_001632_3acccb11_StateSignal_XLE,0.0,0.0,1.06778984391515,1.06778984391515,0.0,0.0,0.0,0.0
2025-01-14 21:00:00+00:00,20260126_001632_3acccb11_StateSignal_XLE,0.0,0.0,1.06778984391515,1.06778984391515,0.0,0.0,0.0,0.0
2025-01-15 21:00:00+00:00,20260126_001632_3acccb11_StateSignal_XLE,0.0,0.0,1.06778984391515,1.06778984391515,0.0,0.0,0.0,0.0
2025-01-16 21:00:00+00:00,20260126_001632_3acccb11_StateSignal_XLE,0.0,0.0,1.06778984391515,1.06778984391515,0.0,0.0,0.0,0.0
2025-01-17 21:00:00+00:00,20260126_001632_3acccb11_StateSignal_XLE,0.0,0.0,1.06778984391515,1.06778984391515,0.0,0.0,0.0,0.0
2025-01-21 21:00:00+00:00,20260126_001632_3acccb11_StateSignal_XLE,0.0,0.0,1.06778984391515,1.06778984391515,0.0,0.0,0.0,0.0
2025-01-22 21:00:00+00:00,20260126_001632_3acccb11_StateSignal_XLE,0.0,0.0,1.06778984391515,1.06778984391515,0.0,0.0,0.0,-0.0
2025-01-23 21:00:00+00:00,20260126_001632_3acccb11_StateSignal_XLE,0.0,0.0,1.06778984391515,1.06778984391515,0.0,0.0,0.0,-0.0
2025-01-24 21:00:00+00:00,20260126_001632_3acccb11_StateSignal_XLE,0.0,0.0,1.06778984391515,1.06778984391515,0.0,0.0,0.0,-0.0
2025-01-27 21:00:00+00:00,20260126_001632_3acccb11_StateSignal_XLE,0.0,0.0,1.06778984391515,1.06778984391515,0.0,0.0,0.0,0.0
2025-01-28 21:00:00+00:00,20260126_001632_3acccb11_StateSignal_XLE,0.0,0.0,1.06778984391515,1.06778984391515,0.0,0.0,0.0,-0.0
2025-01-29 21:00:00+00:00,20260126_001632_3acccb11_StateSignal_XLE,0.0,0.0,1.06778984391515,1.06778984391515,0.0,0.0,0.0,0.0
2025-01-30 21:00:00+00:00,20260126_001632_3acccb11_StateSignal_XLE,0.0,0.0,1.06778984391515,1.06778984391515,0.0,0.0,0.0,-0.0
2025-01-31 21:00:00+00:00,20260126_001632_3acccb11_StateSignal_XLE,0.0,0.0,1.06778984391515,1.06778984391515,0.0,0.0,0.0,-0.0
2025-02-03 21:00:00+00:00,20260126_001632_3acccb11_StateSignal_XLE,0.0,0.0,1.06778984391515,1.06778984391515,0.0,0.0,0.0,0.0
2025-02-04 21:00:00+00:00,20260126_001632_3acccb11_StateSignal_XLE,0.0,0.0,1.06778984391515,1.06778984391515,0.0,0.0,0.0,0.0
2025-02-05 21:00:00+00:00,20260126_001632_3acccb11_StateSignal_XLE,0.0,0.0,1.06778984391515,1.06778984391515,0.0,0.0,0.0,0.0
2025-02-06 21:00:00+00:00,20260126_001632_3acccb11_StateSignal_XLE,0.0,0.0,1.06778984391515,1.06778984391515,0.0,0.0,0.0,-0.0
2025-02-07 21:00:00+00:00,20260126_001632_3acccb11_StateSignal_XLE,0.0,0.0,1.06778984391515,1.06778984391515,0.0,0.0,0.0,-0.0
2025-02-10 21:00:00+00:00,20260126_001632_3acccb11_StateSignal_XLE,0.0,0.0,1.06778984391515,1.06778984391515,0.0,0.0,0.0,0.0
2025-02-11 21:00:00+00:00,20260126_001632_3acccb11_StateSignal_XLE,0.0,0.0,1.06778984391515,1.06778984391515,0.0,0.0,0.0,0.0
2025-02-12 21:00:00+00:00,20260126_001632_3acccb11_StateSignal_XLE,0.0,0.0,1.06778984391515,1.06778984391515,0.0,0.0,0.0,-0.0
2025-02-13 21:00:00+00:00,20260126_001632_3acccb11_StateSignal_XLE,0.0,0.0,1.06778984391515,1.06778984391515,0.0,0.0,0.0,0.0
2025-02-14 21:00:00+00:00,20260126_001632_3acccb11_StateSignal_XLE,0.0,0.0,1.06778984391515,1.06778984391515,0.0,0.0,0.0,-0.0
2025-02-18 21:00:00+00:00,20260126_001632_3acccb11_StateSignal_XLE,0.0,0.0,1.06778984391515,1.06778984391515,0.0,0.0,0.0,0.0
2025-02-19 21:00:00+00:00,20260126_001632_3acccb11_StateSignal_XLE,0.0,0.0,1.06778984391515,1.06778984391515,0.0,0.0,0.0,-0.0
2025-02-20 21:00:00+00:00,20260126_001632_3acccb11_StateSignal_XLE,0.0,0.0,1.06778984391515,1.06778984391515,0.0,0.0,0.0,0.0
2025-02-21 21:00:00+00:00,20260126_001632_3acccb11_StateSignal_XLE,0.0,0.0,1.06778984391515,1.06778984391515,0.0,0.0,0.0,-0.0
2025-02-24 21:00:00+00:00,20260126_001632_3acccb11_StateSignal_XLE,0.0,0.0,1.06778984391515,1.06778984391515,0.0,0.0,0.0,0.0
2025-02-25 21:00:00+00:00,20260126_001632_3acccb11_StateSignal_XLE,0.0,0.0,1.06778984391515,1.06778984391515,0.0,0.0,0.0,-0.0
2025-02-26 21:00:00+00:00,20260126_001632_3acccb11_StateSignal_XLE,0.0,0.0,1.06778984391515,1.06778984391515,0.0,0.0,0.0,-0.0
2025-02-27 21:00:00+00:00,20260126_001632_3acccb11_StateSignal_XLE,0.0,0.0,1.06778984391515,1.06778984391515,0.0,0.0,0.0,-0.0
2025-02-28 21:00:00+00:00,20260126_001632_3acccb11_StateSignal_XLE,0.0,0.0,1.06778984391515,1.06778984391515,0.0,0.0,0.0,0.0
2025-03-03 21:00:00+00:00,20260126_001632_3acccb11_StateSignal_XLE,0.0,0.0,1.06778984391515,1.06778984391515,0.0,0.0,0.0,-0.0
2025-03-04 21:00:00+00:00,20260126_001632_3acccb11_StateSignal_XLE,0.0,0.0,1.06778984391515,1.06778984391515,0.0,0.0,0.0,0.0
2025-03-05 21:00:00+00:00,20260126_001632_3acccb11_StateSignal_XLE,0.0,0.0,1.06778984391515,1.06778984391515,0.0,0.0,0.0,-0.0
2025-03-06 21:00:00+00:00,20260126_001632_3acccb11_StateSignal_XLE,0.0,0.0,1.06778984391515,1.06778984391515,0.0,0.0,0.0,0.0
2025-03-07 21:00:00+00:00,20260126_001632_3acccb11_StateSignal_XLE,0.0,0.0,1.06778984391515,1.06778984391515,0.0,0.0,0.0,0.0
2025-03-10 20:00:00+00:00,20260126_001632_3acccb11_StateSignal_XLE,0.0,0.0,1.06778984391515,1.06778984391515,0.0,0.0,0.0,0.0
2025-03-11 20:00:00+00:00,20260126_001632_3acccb11_StateSignal_XLE,0.0,0.0,1.06778984391515,1.06778984391515,0.0,0.0,0.0,-0.0
2025-03-12 20:00:00+00:00,20260126_001632_3acccb11_StateSignal_XLE,0.0,0.0,1.06778984391515,1.06778984391515,0.0,0.0,0.0,0.0
2025-03-13 20:00:00+00:00,20260126_001632_3acccb11_StateSignal_XLE,0.0,0.0,1.06778984391515,1.06778984391515,0.0,0.0,0.0,-0.0
2025-03-14 20:00:00+00:00,20260126_001632_3acccb11_StateSignal_XLE,0.0,0.0,1.06778984391515,1.06778984391515,0.0,0.0,0.0,0.0
2025-03-17 20:00:00+00:00,20260126_001632_3acccb11_StateSignal_XLE,0.0,0.0,1.06778984391515,1.06778984391515,0.0,0.0,0.0,0.0
2025-03-18 20:00:00+00:00,20260126_001632_3acccb11_StateSignal_XLE,0.0,0.0,1.06778984391515,1.06778984391515,0.0,0.0,0.0,-0.0
2025-03-19 20:00:00+00:00,20260126_001632_3acccb11_StateSignal_XLE,0.0,0.0,1.06778984391515,1.06778984391515,0.0,0.0,0.0,0.0
2025-03-20 20:00:00+00:00,20260126_001632_3acccb11_StateSignal_XLE,0.0,0.0,1.06778984391515,1.06778984391515,0.0,0.0,0.0,0.0
2025-03-21 20:00:00+00:00,20260126_001632_3acccb11_StateSignal_XLE,0.0,0.0,1.06778984391515,1.06778984391515,0.0,0.0,0.0,-0.0
2025-03-24 20:00:00+00:00,20260126_001632_3acccb11_StateSignal_XLE,0.0,0.0,1.06778984391515,1.06778984391515,0.0,0.0,0.0,0.0
2025-03-25 20:00:00+00:00,20260126_001632_3acccb11_StateSignal_XLE,0.0,0.0,1.06778984391515,1.06778984391515,0.0,0.0,0.0,-0.0
2025-03-26 20:00:00+00:00,20260126_001632_3acccb11_StateSignal_XLE,0.0,0.0,1.06778984391515,1.06778984391515,0.0,0.0,0.0,0.0
2025-03-27 20:00:00+00:00,20260126_001632_3acccb11_StateSignal_XLE,0.0,0.0,1.06778984391515,1.06778984391515,0.0,0.0,0.0,-0.0
2025-03-28 20:00:00+00:00,20260126_001632_3acccb11_StateSignal_XLE,0.0,0.0,1.06778984391515,1.06778984391515,0.0,0.0,0.0,-0.0
2025-03-31 20:00:00+00:00,20260126_001632_3acccb11_StateSignal_XLE,0.0,0.0,1.06778984391515,1.06778984391515,0.0,0.0,0.0,0.0
2025-04-01 20:00:00+00:00,20260126_001632_3acccb11_StateSignal_XLE,0.0,0.0,1.06778984391515,1.06778984391515,0.0,0.0,0.0,0.0
2025-04-02 20:00:00+00:00,20260126_001632_3acccb11_StateSignal_XLE,0.0,0.0,1.06778984391515,1.06778984391515,0.0,0.0,0.0,0.0
2025-04-03 20:00:00+00:00,20260126_001632_3acccb11_StateSignal_XLE,0.0,0.0,1.06778984391515,1.06778984391515,0.0,0.0,0.0,-0.0
2025-04-04 20:00:00+00:00,20260126_001632_3acccb11_StateSignal_XLE,0.0,0.0,1.06778984391515,1.06778984391515,0.0,0.0,0.0,-0.0
2025-04-07 20:00:00+00:00,20260126_001632_3acccb11_StateSignal_XLE,0.0,0.0,1.06778984391515,1.06778984391515,0.0,0.0,0.0,0.0
2025-04-08 20:00:00+00:00,20260126_001632_3acccb11_StateSignal_XLE,0.0,0.0,1.06778984391515,1.06778984391515,0.0,0.0,0.0,-0.0
2025-04-09 20:00:00+00:00,20260126_001632_3acccb11_StateSignal_XLE,0.03445934333905347,0.03445934333905347,1.1045851807605764,1.1045851807605764,0.0,0.0,1.0,0.03445934333905347
2025-04-10 20:00:00+00:00,20260126_001632_3acccb11_StateSignal_XLE,-0.024978293486755274,-0.024978293486755274,1.0769945279344182,1.0769945279344182,0.0,0.0,1.0,-0.024978293486755274
2025-04-11 20:00:00+00:00,20260126_001632_3acccb11_StateSignal_XLE,0.0,0.0,1.0769945279344182,1.0769945279344182,0.0,0.0,0.0,0.0
2025-04-14 20:00:00+00:00,20260126_001632_3acccb11_StateSignal_XLE,0.002594708253872624,0.002594708253872624,1.0797890145254252,1.0797890145254252,0.0,0.0,1.0,0.002594708253872624
2025-04-15 20:00:00+00:00,20260126_001632_3acccb11_StateSignal_XLE,-0.012630661535553056,-0.012630661535553056,1.0661505649531462,1.0661505649531462,0.0,0.0,1.0,-0.012630661535553056
2025-04-16 20:00:00+00:00,20260126_001632_3acccb11_StateSignal_XLE,0.008266644854793219,0.008266644854793219,1.074964053035351,1.074964053035351,0.0,0.0,1.0,0.008266644854793219
2025-04-17 20:00:00+00:00,20260126_001632_3acccb11_StateSignal_XLE,0.0,0.0,1.074964053035351,1.074964053035351,0.0,0.0,0.0,0.0
2025-04-21 20:00:00+00:00,20260126_001632_3acccb11_StateSignal_XLE,0.0,0.0,1.074964053035351,1.074964053035351,0.0,0.0,0.0,-0.0
2025-04-22 20:00:00+00:00,20260126_001632_3acccb11_StateSignal_XLE,0.0,0.0,1.074964053035351,1.074964053035351,0.0,0.0,0.0,0.0
2025-04-23 20:00:00+00:00,20260126_001632_3acccb11_StateSignal_XLE,0.0,0.0,1.074964053035351,1.074964053035351,0.0,0.0,0.0,-0.0
2025-04-24 20:00:00+00:00,20260126_001632_3acccb11_StateSignal_XLE,0.0,0.0,1.074964053035351,1.074964053035351,0.0,0.0,0.0,0.0
2025-04-25 20:00:00+00:00,20260126_001632_3acccb11_StateSignal_XLE,0.0,0.0,1.074964053035351,1.074964053035351,0.0,0.0,0.0,0.0
2025-04-28 20:00:00+00:00,20260126_001632_3acccb11_StateSignal_XLE,0.0,0.0,1.074964053035351,1.074964053035351,0.0,0.0,0.0,0.0
2025-04-29 20:00:00+00:00,20260126_001632_3acccb11_StateSignal_XLE,0.0,0.0,1.074964053035351,1.074964053035351,0.0,0.0,0.0,-0.0
2025-04-30 20:00:00+00:00,20260126_001632_3acccb11_StateSignal_XLE,0.0,0.0,1.074964053035351,1.074964053035351,0.0,0.0,0.0,0.0
2025-05-01 20:00:00+00:00,20260126_001632_3acccb11_StateSignal_XLE,0.004578995535687815,0.004578995535687815,1.0798863086352248,1.0798863086352248,0.0,0.0,1.0,0.004578995535687815
2025-05-02 20:00:00+00:00,20260126_001632_3acccb11_StateSignal_XLE,0.011066511329783164,0.011066511329783164,1.0918368827046143,1.0918368827046143,0.0,0.0,1.0,0.011066511329783164
2025-05-05 20:00:00+00:00,20260126_001632_3acccb11_StateSignal_XLE,0.0017850317120228865,0.0017850317120228865,1.0937858461645984,1.0937858461645984,0.0,0.0,1.0,0.0017850317120228865
2025-05-06 20:00:00+00:00,20260126_001632_3acccb11_StateSignal_XLE,-0.001018848789102683,-0.001018848789102683,1.092671443779696,1.092671443779696,0.0,0.0,1.0,-0.001018848789102683
2025-05-07 20:00:00+00:00,20260126_001632_3acccb11_StateSignal_XLE,0.0,0.0,1.092671443779696,1.092671443779696,0.0,0.0,0.0,0.0
2025-05-08 20:00:00+00:00,20260126_001632_3acccb11_StateSignal_XLE,0.0,0.0,1.092671443779696,1.092671443779696,0.0,0.0,0.0,-0.0
2025-05-09 20:00:00+00:00,20260126_001632_3acccb11_StateSignal_XLE,0.0,0.0,1.092671443779696,1.092671443779696,0.0,0.0,0.0,0.0
2025-05-12 20:00:00+00:00,20260126_001632_3acccb11_StateSignal_XLE,0.0,0.0,1.092671443779696,1.092671443779696,0.0,0.0,0.0,-0.0
2025-05-13 20:00:00+00:00,20260126_001632_3acccb11_StateSignal_XLE,0.0,0.0,1.092671443779696,1.092671443779696,0.0,0.0,0.0,0.0
2025-05-14 20:00:00+00:00,20260126_001632_3acccb11_StateSignal_XLE,0.0,0.0,1.092671443779696,1.092671443779696,0.0,0.0,0.0,0.0
2025-05-15 20:00:00+00:00,20260126_001632_3acccb11_StateSignal_XLE,0.0,0.0,1.092671443779696,1.092671443779696,0.0,0.0,0.0,0.0
2025-05-16 20:00:00+00:00,20260126_001632_3acccb11_StateSignal_XLE,0.0,0.0,1.092671443779696,1.092671443779696,0.0,0.0,0.0,0.0
2025-05-19 20:00:00+00:00,20260126_001632_3acccb11_StateSignal_XLE,0.0,0.0,1.092671443779696,1.092671443779696,0.0,0.0,0.0,0.0
2025-05-20 20:00:00+00:00,20260126_001632_3acccb11_StateSignal_XLE,0.0,0.0,1.092671443779696,1.092671443779696,0.0,0.0,0.0,-0.0
2025-05-21 20:00:00+00:00,20260126_001632_3acccb11_StateSignal_XLE,0.0,0.0,1.092671443779696,1.092671443779696,0.0,0.0,0.0,-0.0
2025-05-22 20:00:00+00:00,20260126_001632_3acccb11_StateSignal_XLE,0.0,0.0,1.092671443779696,1.092671443779696,0.0,0.0,0.0,0.0
2025-05-23 20:00:00+00:00,20260126_001632_3acccb11_StateSignal_XLE,0.0,0.0,1.092671443779696,1.092671443779696,0.0,0.0,0.0,0.0
2025-05-27 20:00:00+00:00,20260126_001632_3acccb11_StateSignal_XLE,0.0,0.0,1.092671443779696,1.092671443779696,0.0,0.0,0.0,0.0
2025-05-28 20:00:00+00:00,20260126_001632_3acccb11_StateSignal_XLE,0.0,0.0,1.092671443779696,1.092671443779696,0.0,0.0,0.0,-0.0
2025-05-29 20:00:00+00:00,20260126_001632_3acccb11_StateSignal_XLE,0.0,0.0,1.092671443779696,1.092671443779696,0.0,0.0,0.0,0.0
2025-05-30 20:00:00+00:00,20260126_001632_3acccb11_StateSignal_XLE,0.0,0.0,1.092671443779696,1.092671443779696,0.0,0.0,0.0,-0.0
2025-06-02 20:00:00+00:00,20260126_001632_3acccb11_StateSignal_XLE,0.0,0.0,1.092671443779696,1.092671443779696,0.0,0.0,0.0,0.0
2025-06-03 20:00:00+00:00,20260126_001632_3acccb11_StateSignal_XLE,0.0,0.0,1.092671443779696,1.092671443779696,0.0,0.0,0.0,0.0
2025-06-04 20:00:00+00:00,20260126_001632_3acccb11_StateSignal_XLE,0.0,0.0,1.092671443779696,1.092671443779696,0.0,0.0,0.0,-0.0
2025-06-05 20:00:00+00:00,20260126_001632_3acccb11_StateSignal_XLE,0.0,0.0,1.092671443779696,1.092671443779696,0.0,0.0,0.0,-0.0
2025-06-06 20:00:00+00:00,20260126_001632_3acccb11_StateSignal_XLE,0.0,0.0,1.092671443779696,1.092671443779696,0.0,0.0,0.0,0.0
2025-06-09 20:00:00+00:00,20260126_001632_3acccb11_StateSignal_XLE,0.0,0.0,1.092671443779696,1.092671443779696,0.0,0.0,0.0,-0.0
2025-06-10 20:00:00+00:00,20260126_001632_3acccb11_StateSignal_XLE,0.0,0.0,1.092671443779696,1.092671443779696,0.0,0.0,0.0,0.0
2025-06-11 20:00:00+00:00,20260126_001632_3acccb11_StateSignal_XLE,0.0,0.0,1.092671443779696,1.092671443779696,0.0,0.0,0.0,0.0
2025-06-12 20:00:00+00:00,20260126_001632_3acccb11_StateSignal_XLE,0.0,0.0,1.092671443779696,1.092671443779696,0.0,0.0,0.0,0.0
2025-06-13 20:00:00+00:00,20260126_001632_3acccb11_StateSignal_XLE,0.0,0.0,1.092671443779696,1.092671443779696,0.0,0.0,0.0,0.0
2025-06-16 20:00:00+00:00,20260126_001632_3acccb11_StateSignal_XLE,0.0,0.0,1.092671443779696,1.092671443779696,0.0,0.0,0.0,-0.0
2025-06-17 20:00:00+00:00,20260126_001632_3acccb11_StateSignal_XLE,-0.003232512627721053,-0.003232512627721053,1.089139369539728,1.089139369539728,0.0,0.0,1.0,-0.003232512627721053
2025-06-18 20:00:00+00:00,20260126_001632_3acccb11_StateSignal_XLE,-0.006729344340743192,-0.006729344340743192,1.081810175687035,1.081810175687035,0.0,0.0,1.0,-0.006729344340743192
2025-06-20 20:00:00+00:00,20260126_001632_3acccb11_StateSignal_XLE,0.009731309417010297,0.009731309417010297,1.092337605237116,1.092337605237116,0.0,0.0,1.0,0.009731309417010297
2025-06-23 20:00:00+00:00,20260126_001632_3acccb11_StateSignal_XLE,-0.02545379684523822,-0.02545379684523822,1.0645334657469965,1.0645334657469965,0.0,0.0,1.0,-0.02545379684523822
2025-06-24 20:00:00+00:00,20260126_001632_3acccb11_StateSignal_XLE,-0.007161644359695331,-0.007161644359695331,1.0569096556563224,1.0569096556563224,0.0,0.0,1.0,-0.007161644359695331
2025-06-25 20:00:00+00:00,20260126_001632_3acccb11_StateSignal_XLE,0.0014447389943743852,0.0014447389943743852,1.05843661424938,1.05843661424938,0.0,0.0,1.0,0.0014447389943743852
2025-06-26 20:00:00+00:00,20260126_001632_3acccb11_StateSignal_XLE,0.007859990447376376,0.007859990447376376,1.0667559159265334,1.0667559159265334,0.0,0.0,1.0,0.007859990447376376
2025-06-27 20:00:00+00:00,20260126_001632_3acccb11_StateSignal_XLE,0.0,0.0,1.0667559159265334,1.0667559159265334,0.0,0.0,0.0,-0.0
2025-06-30 20:00:00+00:00,20260126_001632_3acccb11_StateSignal_XLE,0.0,0.0,1.0667559159265334,1.0667559159265334,0.0,0.0,0.0,-0.0
2025-07-01 20:00:00+00:00,20260126_001632_3acccb11_StateSignal_XLE,0.0,0.0,1.0667559159265334,1.0667559159265334,0.0,0.0,0.0,0.0
2025-07-02 20:00:00+00:00,20260126_001632_3acccb11_StateSignal_XLE,0.0,0.0,1.0667559159265334,1.0667559159265334,0.0,0.0,0.0,0.0
2025-07-03 20:00:00+00:00,20260126_001632_3acccb11_StateSignal_XLE,0.0,0.0,1.0667559159265334,1.0667559159265334,0.0,0.0,0.0,0.0
2025-07-07 20:00:00+00:00,20260126_001632_3acccb11_StateSignal_XLE,0.0,0.0,1.0667559159265334,1.0667559159265334,0.0,0.0,0.0,-0.0
2025-07-08 20:00:00+00:00,20260126_001632_3acccb11_StateSignal_XLE,0.0,0.0,1.0667559159265334,1.0667559159265334,0.0,0.0,0.0,0.0
2025-07-09 20:00:00+00:00,20260126_001632_3acccb11_StateSignal_XLE,0.0,0.0,1.0667559159265334,1.0667559159265334,0.0,0.0,0.0,-0.0
2025-07-10 20:00:00+00:00,20260126_001632_3acccb11_StateSignal_XLE,0.0,0.0,1.0667559159265334,1.0667559159265334,0.0,0.0,0.0,0.0
2025-07-11 20:00:00+00:00,20260126_001632_3acccb11_StateSignal_XLE,0.0,0.0,1.0667559159265334,1.0667559159265334,0.0,0.0,0.0,0.0
2025-07-14 20:00:00+00:00,20260126_001632_3acccb11_StateSignal_XLE,0.0,0.0,1.0667559159265334,1.0667559159265334,0.0,0.0,0.0,-0.0
2025-07-15 20:00:00+00:00,20260126_001632_3acccb11_StateSignal_XLE,0.0,0.0,1.0667559159265334,1.0667559159265334,0.0,0.0,0.0,-0.0
2025-07-16 20:00:00+00:00,20260126_001632_3acccb11_StateSignal_XLE,0.0,0.0,1.0667559159265334,1.0667559159265334,0.0,0.0,0.0,-0.0
2025-07-17 20:00:00+00:00,20260126_001632_3acccb11_StateSignal_XLE,0.0,0.0,1.0667559159265334,1.0667559159265334,0.0,0.0,0.0,0.0
2025-07-18 20:00:00+00:00,20260126_001632_3acccb11_StateSignal_XLE,0.0,0.0,1.0667559159265334,1.0667559159265334,0.0,0.0,0.0,-0.0
2025-07-21 20:00:00+00:00,20260126_001632_3acccb11_StateSignal_XLE,0.0,0.0,1.0667559159265334,1.0667559159265334,0.0,0.0,0.0,-0.0
2025-07-22 20:00:00+00:00,20260126_001632_3acccb11_StateSignal_XLE,0.0,0.0,1.0667559159265334,1.0667559159265334,0.0,0.0,0.0,-0.0
2025-07-23 20:00:00+00:00,20260126_001632_3acccb11_StateSignal_XLE,0.0,0.0,1.0667559159265334,1.0667559159265334,0.0,0.0,0.0,0.0
2025-07-24 20:00:00+00:00,20260126_001632_3acccb11_StateSignal_XLE,0.0,0.0,1.0667559159265334,1.0667559159265334,0.0,0.0,0.0,0.0
2025-07-25 20:00:00+00:00,20260126_001632_3acccb11_StateSignal_XLE,0.0,0.0,1.0667559159265334,1.0667559159265334,0.0,0.0,0.0,-0.0
2025-07-28 20:00:00+00:00,20260126_001632_3acccb11_StateSignal_XLE,0.0,0.0,1.0667559159265334,1.0667559159265334,0.0,0.0,0.0,0.0
2025-07-29 20:00:00+00:00,20260126_001632_3acccb11_StateSignal_XLE,0.0,0.0,1.0667559159265334,1.0667559159265334,0.0,0.0,0.0,0.0
2025-07-30 20:00:00+00:00,20260126_001632_3acccb11_StateSignal_XLE,0.0,0.0,1.0667559159265334,1.0667559159265334,0.0,0.0,0.0,-0.0
2025-07-31 20:00:00+00:00,20260126_001632_3acccb11_StateSignal_XLE,0.0,0.0,1.0667559159265334,1.0667559159265334,0.0,0.0,0.0,-0.0
2025-08-01 20:00:00+00:00,20260126_001632_3acccb11_StateSignal_XLE,0.0,0.0,1.0667559159265334,1.0667559159265334,0.0,0.0,0.0,-0.0
2025-08-04 20:00:00+00:00,20260126_001632_3acccb11_StateSignal_XLE,0.0,0.0,1.0667559159265334,1.0667559159265334,0.0,0.0,0.0,-0.0
2025-08-05 20:00:00+00:00,20260126_001632_3acccb11_StateSignal_XLE,0.0,0.0,1.0667559159265334,1.0667559159265334,0.0,0.0,0.0,0.0
2025-08-06 20:00:00+00:00,20260126_001632_3acccb11_StateSignal_XLE,0.0,0.0,1.0667559159265334,1.0667559159265334,0.0,0.0,0.0,-0.0
2025-08-07 20:00:00+00:00,20260126_001632_3acccb11_StateSignal_XLE,0.0,0.0,1.0667559159265334,1.0667559159265334,0.0,0.0,0.0,-0.0
2025-08-08 20:00:00+00:00,20260126_001632_3acccb11_StateSignal_XLE,0.0,0.0,1.0667559159265334,1.0667559159265334,0.0,0.0,0.0,0.0
2025-08-11 20:00:00+00:00,20260126_001632_3acccb11_StateSignal_XLE,0.0,0.0,1.0667559159265334,1.0667559159265334,0.0,0.0,0.0,-0.0
2025-08-12 20:00:00+00:00,20260126_001632_3acccb11_StateSignal_XLE,0.0,0.0,1.0667559159265334,1.0667559159265334,0.0,0.0,0.0,0.0
2025-08-13 20:00:00+00:00,20260126_001632_3acccb11_StateSignal_XLE,0.0,0.0,1.0667559159265334,1.0667559159265334,0.0,0.0,0.0,0.0
2025-08-14 20:00:00+00:00,20260126_001632_3acccb11_StateSignal_XLE,0.0,0.0,1.0667559159265334,1.0667559159265334,0.0,0.0,0.0,0.0
2025-08-15 20:00:00+00:00,20260126_001632_3acccb11_StateSignal_XLE,0.0,0.0,1.0667559159265334,1.0667559159265334,0.0,0.0,0.0,-0.0
2025-08-18 20:00:00+00:00,20260126_001632_3acccb11_StateSignal_XLE,0.0,0.0,1.0667559159265334,1.0667559159265334,0.0,0.0,0.0,0.0
2025-08-19 20:00:00+00:00,20260126_001632_3acccb11_StateSignal_XLE,0.0,0.0,1.0667559159265334,1.0667559159265334,0.0,0.0,0.0,-0.0
2025-08-20 20:00:00+00:00,20260126_001632_3acccb11_StateSignal_XLE,0.0,0.0,1.0667559159265334,1.0667559159265334,0.0,0.0,0.0,0.0
2025-08-21 20:00:00+00:00,20260126_001632_3acccb11_StateSignal_XLE,0.0,0.0,1.0667559159265334,1.0667559159265334,0.0,0.0,0.0,0.0
2025-08-22 20:00:00+00:00,20260126_001632_3acccb11_StateSignal_XLE,0.0,0.0,1.0667559159265334,1.0667559159265334,0.0,0.0,0.0,0.0
2025-08-25 20:00:00+00:00,20260126_001632_3acccb11_StateSignal_XLE,0.0,0.0,1.0667559159265334,1.0667559159265334,0.0,0.0,0.0,0.0
2025-08-26 20:00:00+00:00,20260126_001632_3acccb11_StateSignal_XLE,0.0,0.0,1.0667559159265334,1.0667559159265334,0.0,0.0,0.0,0.0
2025-08-27 20:00:00+00:00,20260126_001632_3acccb11_StateSignal_XLE,0.0,0.0,1.0667559159265334,1.0667559159265334,0.0,0.0,0.0,0.0
2025-08-28 20:00:00+00:00,20260126_001632_3acccb11_StateSignal_XLE,0.0,0.0,1.0667559159265334,1.0667559159265334,0.0,0.0,0.0,0.0
2025-08-29 20:00:00+00:00,20260126_001632_3acccb11_StateSignal_XLE,0.0,0.0,1.0667559159265334,1.0667559159265334,0.0,0.0,0.0,-0.0
2025-09-02 20:00:00+00:00,20260126_001632_3acccb11_StateSignal_XLE,0.0,0.0,1.0667559159265334,1.0667559159265334,0.0,0.0,0.0,0.0
2025-09-03 20:00:00+00:00,20260126_001632_3acccb11_StateSignal_XLE,0.0,0.0,1.0667559159265334,1.0667559159265334,0.0,0.0,0.0,-0.0
2025-09-04 20:00:00+00:00,20260126_001632_3acccb11_StateSignal_XLE,0.0,0.0,1.0667559159265334,1.0667559159265334,0.0,0.0,0.0,0.0
2025-09-05 20:00:00+00:00,20260126_001632_3acccb11_StateSignal_XLE,0.0,0.0,1.0667559159265334,1.0667559159265334,0.0,0.0,0.0,-0.0
2025-09-08 20:00:00+00:00,20260126_001632_3acccb11_StateSignal_XLE,0.0,0.0,1.0667559159265334,1.0667559159265334,0.0,0.0,0.0,-0.0
2025-09-09 20:00:00+00:00,20260126_001632_3acccb11_StateSignal_XLE,0.0,0.0,1.0667559159265334,1.0667559159265334,0.0,0.0,0.0,-0.0
2025-09-10 20:00:00+00:00,20260126_001632_3acccb11_StateSignal_XLE,0.0,0.0,1.0667559159265334,1.0667559159265334,0.0,0.0,0.0,0.0
2025-09-11 20:00:00+00:00,20260126_001632_3acccb11_StateSignal_XLE,0.0,0.0,1.0667559159265334,1.0667559159265334,0.0,0.0,0.0,0.0
2025-09-12 20:00:00+00:00,20260126_001632_3acccb11_StateSignal_XLE,0.0,0.0,1.0667559159265334,1.0667559159265334,0.0,0.0,0.0,-0.0
2025-09-15 20:00:00+00:00,20260126_001632_3acccb11_StateSignal_XLE,0.0,0.0,1.0667559159265334,1.0667559159265334,0.0,0.0,0.0,0.0
2025-09-16 20:00:00+00:00,20260126_001632_3acccb11_StateSignal_XLE,0.0,0.0,1.0667559159265334,1.0667559159265334,0.0,0.0,0.0,0.0
2025-09-17 20:00:00+00:00,20260126_001632_3acccb11_StateSignal_XLE,0.0,0.0,1.0667559159265334,1.0667559159265334,0.0,0.0,0.0,-0.0
2025-09-18 20:00:00+00:00,20260126_001632_3acccb11_StateSignal_XLE,0.0,0.0,1.0667559159265334,1.0667559159265334,0.0,0.0,0.0,-0.0
2025-09-19 20:00:00+00:00,20260126_001632_3acccb11_StateSignal_XLE,0.0,0.0,1.0667559159265334,1.0667559159265334,0.0,0.0,0.0,-0.0
2025-09-22 20:00:00+00:00,20260126_001632_3acccb11_StateSignal_XLE,0.0,0.0,1.0667559159265334,1.0667559159265334,0.0,0.0,0.0,0.0
2025-09-23 20:00:00+00:00,20260126_001632_3acccb11_StateSignal_XLE,0.0,0.0,1.0667559159265334,1.0667559159265334,0.0,0.0,0.0,0.0
2025-09-24 20:00:00+00:00,20260126_001632_3acccb11_StateSignal_XLE,0.0,0.0,1.0667559159265334,1.0667559159265334,0.0,0.0,0.0,-0.0
2025-09-25 20:00:00+00:00,20260126_001632_3acccb11_StateSignal_XLE,0.0,0.0,1.0667559159265334,1.0667559159265334,0.0,0.0,0.0,0.0
2025-09-26 20:00:00+00:00,20260126_001632_3acccb11_StateSignal_XLE,0.0,0.0,1.0667559159265334,1.0667559159265334,0.0,0.0,0.0,-0.0
2025-09-29 20:00:00+00:00,20260126_001632_3acccb11_StateSignal_XLE,0.0,0.0,1.0667559159265334,1.0667559159265334,0.0,0.0,0.0,-0.0
2025-09-30 20:00:00+00:00,20260126_001632_3acccb11_StateSignal_XLE,0.0,0.0,1.0667559159265334,1.0667559159265334,0.0,0.0,0.0,-0.0
2025-10-01 20:00:00+00:00,20260126_001632_3acccb11_StateSignal_XLE,0.0,0.0,1.0667559159265334,1.0667559159265334,0.0,0.0,0.0,0.0
2025-10-02 20:00:00+00:00,20260126_001632_3acccb11_StateSignal_XLE,0.0,0.0,1.0667559159265334,1.0667559159265334,0.0,0.0,0.0,-0.0
2025-10-03 20:00:00+00:00,20260126_001632_3acccb11_StateSignal_XLE,0.0,0.0,1.0667559159265334,1.0667559159265334,0.0,0.0,0.0,-0.0
2025-10-06 20:00:00+00:00,20260126_001632_3acccb11_StateSignal_XLE,0.0,0.0,1.0667559159265334,1.0667559159265334,0.0,0.0,0.0,0.0
2025-10-07 20:00:00+00:00,20260126_001632_3acccb11_StateSignal_XLE,0.0,0.0,1.0667559159265334,1.0667559159265334,0.0,0.0,0.0,0.0
2025-10-08 20:00:00+00:00,20260126_001632_3acccb11_StateSignal_XLE,0.0,0.0,1.0667559159265334,1.0667559159265334,0.0,0.0,0.0,0.0
2025-10-09 20:00:00+00:00,20260126_001632_3acccb11_StateSignal_XLE,0.0,0.0,1.0667559159265334,1.0667559159265334,0.0,0.0,0.0,-0.0
2025-10-10 20:00:00+00:00,20260126_001632_3acccb11_StateSignal_XLE,0.0,0.0,1.0667559159265334,1.0667559159265334,0.0,0.0,0.0,-0.0
2025-10-13 20:00:00+00:00,20260126_001632_3acccb11_StateSignal_XLE,0.0,0.0,1.0667559159265334,1.0667559159265334,0.0,0.0,0.0,0.0
2025-10-14 20:00:00+00:00,20260126_001632_3acccb11_StateSignal_XLE,0.0,0.0,1.0667559159265334,1.0667559159265334,0.0,0.0,0.0,0.0
2025-10-15 20:00:00+00:00,20260126_001632_3acccb11_StateSignal_XLE,0.0,0.0,1.0667559159265334,1.0667559159265334,0.0,0.0,0.0,-0.0
2025-10-16 20:00:00+00:00,20260126_001632_3acccb11_StateSignal_XLE,0.0,0.0,1.0667559159265334,1.0667559159265334,0.0,0.0,0.0,-0.0
2025-10-17 20:00:00+00:00,20260126_001632_3acccb11_StateSignal_XLE,0.0,0.0,1.0667559159265334,1.0667559159265334,0.0,0.0,0.0,0.0
2025-10-20 20:00:00+00:00,20260126_001632_3acccb11_StateSignal_XLE,0.0,0.0,1.0667559159265334,1.0667559159265334,0.0,0.0,0.0,0.0
2025-10-21 20:00:00+00:00,20260126_001632_3acccb11_StateSignal_XLE,0.0,0.0,1.0667559159265334,1.0667559159265334,0.0,0.0,0.0,-0.0
2025-10-22 20:00:00+00:00,20260126_001632_3acccb11_StateSignal_XLE,0.0,0.0,1.0667559159265334,1.0667559159265334,0.0,0.0,0.0,0.0
2025-10-23 20:00:00+00:00,20260126_001632_3acccb11_StateSignal_XLE,0.0,0.0,1.0667559159265334,1.0667559159265334,0.0,0.0,0.0,0.0
2025-10-24 20:00:00+00:00,20260126_001632_3acccb11_StateSignal_XLE,0.0,0.0,1.0667559159265334,1.0667559159265334,0.0,0.0,0.0,-0.0
2025-10-27 20:00:00+00:00,20260126_001632_3acccb11_StateSignal_XLE,0.0,0.0,1.0667559159265334,1.0667559159265334,0.0,0.0,0.0,-0.0
2025-10-28 20:00:00+00:00,20260126_001632_3acccb11_StateSignal_XLE,0.0,0.0,1.0667559159265334,1.0667559159265334,0.0,0.0,0.0,-0.0
2025-10-29 20:00:00+00:00,20260126_001632_3acccb11_StateSignal_XLE,0.0,0.0,1.0667559159265334,1.0667559159265334,0.0,0.0,0.0,0.0
2025-10-30 20:00:00+00:00,20260126_001632_3acccb11_StateSignal_XLE,0.0,0.0,1.0667559159265334,1.0667559159265334,0.0,0.0,0.0,-0.0
2025-10-31 20:00:00+00:00,20260126_001632_3acccb11_StateSignal_XLE,0.0,0.0,1.0667559159265334,1.0667559159265334,0.0,0.0,0.0,0.0
2025-11-03 21:00:00+00:00,20260126_001632_3acccb11_StateSignal_XLE,0.0,0.0,1.0667559159265334,1.0667559159265334,0.0,0.0,0.0,0.0
2025-11-04 21:00:00+00:00,20260126_001632_3acccb11_StateSignal_XLE,0.0,0.0,1.0667559159265334,1.0667559159265334,0.0,0.0,0.0,0.0
2025-11-05 21:00:00+00:00,20260126_001632_3acccb11_StateSignal_XLE,0.0,0.0,1.0667559159265334,1.0667559159265334,0.0,0.0,0.0,-0.0
2025-11-06 21:00:00+00:00,20260126_001632_3acccb11_StateSignal_XLE,0.0,0.0,1.0667559159265334,1.0667559159265334,0.0,0.0,0.0,-0.0
2025-11-07 21:00:00+00:00,20260126_001632_3acccb11_StateSignal_XLE,0.0,0.0,1.0667559159265334,1.0667559159265334,0.0,0.0,0.0,0.0
2025-11-10 21:00:00+00:00,20260126_001632_3acccb11_StateSignal_XLE,0.0,0.0,1.0667559159265334,1.0667559159265334,0.0,0.0,0.0,0.0
2025-11-11 21:00:00+00:00,20260126_001632_3acccb11_StateSignal_XLE,0.0,0.0,1.0667559159265334,1.0667559159265334,0.0,0.0,0.0,0.0
2025-11-12 21:00:00+00:00,20260126_001632_3acccb11_StateSignal_XLE,0.0,0.0,1.0667559159265334,1.0667559159265334,0.0,0.0,0.0,-0.0
2025-11-13 21:00:00+00:00,20260126_001632_3acccb11_StateSignal_XLE,0.0,0.0,1.0667559159265334,1.0667559159265334,0.0,0.0,0.0,-0.0
2025-11-14 21:00:00+00:00,20260126_001632_3acccb11_StateSignal_XLE,0.0,0.0,1.0667559159265334,1.0667559159265334,0.0,0.0,0.0,0.0
2025-11-17 21:00:00+00:00,20260126_001632_3acccb11_StateSignal_XLE,0.0,0.0,1.0667559159265334,1.0667559159265334,0.0,0.0,0.0,-0.0
2025-11-18 21:00:00+00:00,20260126_001632_3acccb11_StateSignal_XLE,0.0,0.0,1.0667559159265334,1.0667559159265334,0.0,0.0,0.0,0.0
2025-11-19 21:00:00+00:00,20260126_001632_3acccb11_StateSignal_XLE,0.0,0.0,1.0667559159265334,1.0667559159265334,0.0,0.0,0.0,0.0
2025-11-20 21:00:00+00:00,20260126_001632_3acccb11_StateSignal_XLE,0.0,0.0,1.0667559159265334,1.0667559159265334,0.0,0.0,0.0,-0.0
2025-11-21 21:00:00+00:00,20260126_001632_3acccb11_StateSignal_XLE,0.0,0.0,1.0667559159265334,1.0667559159265334,0.0,0.0,0.0,0.0
2025-11-24 21:00:00+00:00,20260126_001632_3acccb11_StateSignal_XLE,0.0,0.0,1.0667559159265334,1.0667559159265334,0.0,0.0,0.0,0.0
2025-11-25 21:00:00+00:00,20260126_001632_3acccb11_StateSignal_XLE,0.0,0.0,1.0667559159265334,1.0667559159265334,0.0,0.0,0.0,-0.0
2025-11-26 21:00:00+00:00,20260126_001632_3acccb11_StateSignal_XLE,0.0,0.0,1.0667559159265334,1.0667559159265334,0.0,0.0,0.0,0.0
2025-11-28 21:00:00+00:00,20260126_001632_3acccb11_StateSignal_XLE,0.0,0.0,1.0667559159265334,1.0667559159265334,0.0,0.0,0.0,0.0
2025-12-01 21:00:00+00:00,20260126_001632_3acccb11_StateSignal_XLE,0.0,0.0,1.0667559159265334,1.0667559159265334,0.0,0.0,0.0,-0.0
2025-12-02 21:00:00+00:00,20260126_001632_3acccb11_StateSignal_XLE,0.0,0.0,1.0667559159265334,1.0667559159265334,0.0,0.0,0.0,0.0
2025-12-03 21:00:00+00:00,20260126_001632_3acccb11_StateSignal_XLE,0.0,0.0,1.0667559159265334,1.0667559159265334,0.0,0.0,0.0,0.0
2025-12-04 21:00:00+00:00,20260126_001632_3acccb11_StateSignal_XLE,0.0,0.0,1.0667559159265334,1.0667559159265334,0.0,0.0,0.0,0.0
2025-12-05 21:00:00+00:00,20260126_001632_3acccb11_StateSignal_XLE,0.0,0.0,1.0667559159265334,1.0667559159265334,0.0,0.0,0.0,-0.0
2025-12-08 21:00:00+00:00,20260126_001632_3acccb11_StateSignal_XLE,0.0,0.0,1.0667559159265334,1.0667559159265334,0.0,0.0,0.0,-0.0
2025-12-09 21:00:00+00:00,20260126_001632_3acccb11_StateSignal_XLE,0.0,0.0,1.0667559159265334,1.0667559159265334,0.0,0.0,0.0,-0.0
2025-12-10 21:00:00+00:00,20260126_001632_3acccb11_StateSignal_XLE,0.0,0.0,1.0667559159265334,1.0667559159265334,0.0,0.0,0.0,0.0
2025-12-11 21:00:00+00:00,20260126_001632_3acccb11_StateSignal_XLE,0.0,0.0,1.0667559159265334,1.0667559159265334,0.0,0.0,0.0,-0.0
2025-12-12 21:00:00+00:00,20260126_001632_3acccb11_StateSignal_XLE,0.0,0.0,1.0667559159265334,1.0667559159265334,0.0,0.0,0.0,-0.0
2025-12-15 21:00:00+00:00,20260126_001632_3acccb11_StateSignal_XLE,0.0,0.0,1.0667559159265334,1.0667559159265334,0.0,0.0,0.0,0.0
2025-12-16 21:00:00+00:00,20260126_001632_3acccb11_StateSignal_XLE,0.0,0.0,1.0667559159265334,1.0667559159265334,0.0,0.0,0.0,-0.0
2025-12-17 21:00:00+00:00,20260126_001632_3acccb11_StateSignal_XLE,0.0,0.0,1.0667559159265334,1.0667559159265334,0.0,0.0,0.0,0.0
2025-12-18 21:00:00+00:00,20260126_001632_3acccb11_StateSignal_XLE,0.0,0.0,1.0667559159265334,1.0667559159265334,0.0,0.0,0.0,-0.0
2025-12-19 21:00:00+00:00,20260126_001632_3acccb11_StateSignal_XLE,0.0,0.0,1.0667559159265334,1.0667559159265334,0.0,0.0,0.0,-0.0
2025-12-22 21:00:00+00:00,20260126_001632_3acccb11_StateSignal_XLE,0.0,0.0,1.0667559159265334,1.0667559159265334,0.0,0.0,0.0,-0.0
2025-12-23 21:00:00+00:00,20260126_001632_3acccb11_StateSignal_XLE,0.0,0.0,1.0667559159265334,1.0667559159265334,0.0,0.0,0.0,0.0
2025-12-24 21:00:00+00:00,20260126_001632_3acccb11_StateSignal_XLE,0.0,0.0,1.0667559159265334,1.0667559159265334,0.0,0.0,0.0,-0.0
2025-12-26 21:00:00+00:00,20260126_001632_3acccb11_StateSignal_XLE,0.0,0.0,1.0667559159265334,1.0667559159265334,0.0,0.0,0.0,-0.0
2025-12-29 21:00:00+00:00,20260126_001632_3acccb11_StateSignal_XLE,0.0,0.0,1.0667559159265334,1.0667559159265334,0.0,0.0,0.0,0.0
2025-12-30 21:00:00+00:00,20260126_001632_3acccb11_StateSignal_XLE,0.0,0.0,1.0667559159265334,1.0667559159265334,0.0,0.0,0.0,0.0
2025-12-31 21:00:00+00:00,20260126_001632_3acccb11_StateSignal_XLE,0.0,0.0,1.0667559159265334,1.0667559159265334,0.0,0.0,0.0,-0.0
2026-01-02 21:00:00+00:00,20260126_001632_3acccb11_StateSignal_XLE,0.0,0.0,1.0667559159265334,1.0667559159265334,0.0,0.0,0.0,0.0
2026-01-05 21:00:00+00:00,20260126_001632_3acccb11_StateSignal_XLE,0.0,0.0,1.0667559159265334,1.0667559159265334,0.0,0.0,0.0,0.0
2026-01-06 21:00:00+00:00,20260126_001632_3acccb11_StateSignal_XLE,0.0,0.0,1.0667559159265334,1.0667559159265334,0.0,0.0,0.0,-0.0
2026-01-07 21:00:00+00:00,20260126_001632_3acccb11_StateSignal_XLE,0.0,0.0,1.0667559159265334,1.0667559159265334,0.0,0.0,0.0,-0.0
2026-01-08 21:00:00+00:00,20260126_001632_3acccb11_StateSignal_XLE,0.0,0.0,1.0667559159265334,1.0667559159265334,0.0,0.0,0.0,0.0
2026-01-09 21:00:00+00:00,20260126_001632_3acccb11_StateSignal_XLE,0.0,0.0,1.0667559159265334,1.0667559159265334,0.0,0.0,0.0,0.0
2026-01-12 21:00:00+00:00,20260126_001632_3acccb11_StateSignal_XLE,0.0,0.0,1.0667559159265334,1.0667559159265334,0.0,0.0,0.0,-0.0
2026-01-13 21:00:00+00:00,20260126_001632_3acccb11_StateSignal_XLE,0.0,0.0,1.0667559159265334,1.0667559159265334,0.0,0.0,0.0,0.0
2026-01-14 21:00:00+00:00,20260126_001632_3acccb11_StateSignal_XLE,0.0,0.0,1.0667559159265334,1.0667559159265334,0.0,0.0,0.0,0.0
2026-01-15 21:00:00+00:00,20260126_001632_3acccb11_StateSignal_XLE,0.0,0.0,1.0667559159265334,1.0667559159265334,0.0,0.0,0.0,-0.0
2026-01-16 21:00:00+00:00,20260126_001632_3acccb11_StateSignal_XLE,0.0,0.0,1.0667559159265334,1.0667559159265334,0.0,0.0,0.0,0.0
