timestamp,run_id,port_ret_gross,port_ret_net,equity_gross,equity_net,turnover,cost,weight_XLE,asset_ret_gross_XLE
2021-01-05 00:00:00+00:00,20260201_193430_d8da53d6_StateSignal_XLE,0.0,0.0,1.0,1.0,0.0,0.0,0.0,-0.0
2021-01-06 00:00:00+00:00,20260201_193430_d8da53d6_StateSignal_XLE,0.0,0.0,1.0,1.0,0.0,0.0,0.0,0.0
2021-01-07 00:00:00+00:00,20260201_193430_d8da53d6_StateSignal_XLE,0.0,0.0,1.0,1.0,0.0,0.0,0.0,0.0
2021-01-08 00:00:00+00:00,20260201_193430_d8da53d6_StateSignal_XLE,0.0,0.0,1.0,1.0,0.0,0.0,0.0,0.0
2021-01-11 00:00:00+00:00,20260201_193430_d8da53d6_StateSignal_XLE,0.0,0.0,1.0,1.0,0.0,0.0,0.0,0.0
2021-01-12 00:00:00+00:00,20260201_193430_d8da53d6_StateSignal_XLE,0.0,0.0,1.0,1.0,0.0,0.0,0.0,0.0
2021-01-13 00:00:00+00:00,20260201_193430_d8da53d6_StateSignal_XLE,0.0,0.0,1.0,1.0,0.0,0.0,0.0,0.0
2021-01-14 00:00:00+00:00,20260201_193430_d8da53d6_StateSignal_XLE,0.0,0.0,1.0,1.0,0.0,0.0,0.0,-0.0
2021-01-15 00:00:00+00:00,20260201_193430_d8da53d6_StateSignal_XLE,0.0,0.0,1.0,1.0,0.0,0.0,0.0,0.0
2021-01-19 00:00:00+00:00,20260201_193430_d8da53d6_StateSignal_XLE,0.0,0.0,1.0,1.0,0.0,0.0,0.0,-0.0
2021-01-20 00:00:00+00:00,20260201_193430_d8da53d6_StateSignal_XLE,0.0,0.0,1.0,1.0,0.0,0.0,0.0,0.0
2021-01-21 00:00:00+00:00,20260201_193430_d8da53d6_StateSignal_XLE,0.0,0.0,1.0,1.0,0.0,0.0,0.0,-0.0
2021-01-22 00:00:00+00:00,20260201_193430_d8da53d6_StateSignal_XLE,0.0,0.0,1.0,1.0,0.0,0.0,0.0,-0.0
2021-01-25 00:00:00+00:00,20260201_193430_d8da53d6_StateSignal_XLE,0.0,0.0,1.0,1.0,0.0,0.0,0.0,-0.0
2021-01-26 00:00:00+00:00,20260201_193430_d8da53d6_StateSignal_XLE,0.0,0.0,1.0,1.0,0.0,0.0,0.0,-0.0
2021-01-27 00:00:00+00:00,20260201_193430_d8da53d6_StateSignal_XLE,0.0,0.0,1.0,1.0,0.0,0.0,0.0,-0.0
2021-01-28 00:00:00+00:00,20260201_193430_d8da53d6_StateSignal_XLE,0.0,0.0,1.0,1.0,0.0,0.0,0.0,-0.0
2021-01-29 00:00:00+00:00,20260201_193430_d8da53d6_StateSignal_XLE,0.0,0.0,1.0,1.0,0.0,0.0,0.0,0.0
2021-02-01 00:00:00+00:00,20260201_193430_d8da53d6_StateSignal_XLE,0.0,0.0,1.0,1.0,0.0,0.0,0.0,-0.0
2021-02-02 00:00:00+00:00,20260201_193430_d8da53d6_StateSignal_XLE,0.0,0.0,1.0,1.0,0.0,0.0,0.0,0.0
2021-02-03 00:00:00+00:00,20260201_193430_d8da53d6_StateSignal_XLE,0.0,0.0,1.0,1.0,0.0,0.0,0.0,0.0
2021-02-04 00:00:00+00:00,20260201_193430_d8da53d6_StateSignal_XLE,0.0,0.0,1.0,1.0,0.0,0.0,0.0,0.0
2021-02-05 00:00:00+00:00,20260201_193430_d8da53d6_StateSignal_XLE,0.0,0.0,1.0,1.0,0.0,0.0,0.0,0.0
2021-02-08 00:00:00+00:00,20260201_193430_d8da53d6_StateSignal_XLE,0.0,0.0,1.0,1.0,0.0,0.0,0.0,0.0
2021-02-09 00:00:00+00:00,20260201_193430_d8da53d6_StateSignal_XLE,0.0,0.0,1.0,1.0,0.0,0.0,0.0,0.0
2021-02-10 00:00:00+00:00,20260201_193430_d8da53d6_StateSignal_XLE,0.0,0.0,1.0,1.0,0.0,0.0,0.0,-0.0
2021-02-11 00:00:00+00:00,20260201_193430_d8da53d6_StateSignal_XLE,0.0,0.0,1.0,1.0,0.0,0.0,0.0,0.0
2021-02-12 00:00:00+00:00,20260201_193430_d8da53d6_StateSignal_XLE,0.0,0.0,1.0,1.0,0.0,0.0,0.0,-0.0
2021-02-16 00:00:00+00:00,20260201_193430_d8da53d6_StateSignal_XLE,0.0,0.0,1.0,1.0,0.0,0.0,0.0,0.0
2021-02-17 00:00:00+00:00,20260201_193430_d8da53d6_StateSignal_XLE,0.0,0.0,1.0,1.0,0.0,0.0,0.0,0.0
2021-02-18 00:00:00+00:00,20260201_193430_d8da53d6_StateSignal_XLE,0.0,0.0,1.0,1.0,0.0,0.0,0.0,0.0
2021-02-19 00:00:00+00:00,20260201_193430_d8da53d6_StateSignal_XLE,0.0,0.0,1.0,1.0,0.0,0.0,0.0,-0.0
2021-02-22 00:00:00+00:00,20260201_193430_d8da53d6_StateSignal_XLE,0.0,0.0,1.0,1.0,0.0,0.0,0.0,0.0
2021-02-23 00:00:00+00:00,20260201_193430_d8da53d6_StateSignal_XLE,0.0,0.0,1.0,1.0,0.0,0.0,0.0,0.0
2021-02-24 00:00:00+00:00,20260201_193430_d8da53d6_StateSignal_XLE,0.0,0.0,1.0,1.0,0.0,0.0,0.0,0.0
2021-02-25 00:00:00+00:00,20260201_193430_d8da53d6_StateSignal_XLE,0.0,0.0,1.0,1.0,0.0,0.0,0.0,0.0
2021-02-26 00:00:00+00:00,20260201_193430_d8da53d6_StateSignal_XLE,0.0,0.0,1.0,1.0,0.0,0.0,0.0,-0.0
2021-03-01 00:00:00+00:00,20260201_193430_d8da53d6_StateSignal_XLE,0.0,0.0,1.0,1.0,0.0,0.0,0.0,-0.0
2021-03-02 00:00:00+00:00,20260201_193430_d8da53d6_StateSignal_XLE,0.0,0.0,1.0,1.0,0.0,0.0,0.0,0.0
2021-03-03 00:00:00+00:00,20260201_193430_d8da53d6_StateSignal_XLE,0.0,0.0,1.0,1.0,0.0,0.0,0.0,-0.0
2021-03-04 00:00:00+00:00,20260201_193430_d8da53d6_StateSignal_XLE,0.0,0.0,1.0,1.0,0.0,0.0,0.0,0.0
2021-03-05 00:00:00+00:00,20260201_193430_d8da53d6_StateSignal_XLE,0.0,0.0,1.0,1.0,0.0,0.0,0.0,0.0
2021-03-08 00:00:00+00:00,20260201_193430_d8da53d6_StateSignal_XLE,0.0,0.0,1.0,1.0,0.0,0.0,0.0,0.0
2021-03-09 00:00:00+00:00,20260201_193430_d8da53d6_StateSignal_XLE,0.0,0.0,1.0,1.0,0.0,0.0,0.0,0.0
2021-03-10 00:00:00+00:00,20260201_193430_d8da53d6_StateSignal_XLE,0.0,0.0,1.0,1.0,0.0,0.0,0.0,-0.0
2021-03-11 00:00:00+00:00,20260201_193430_d8da53d6_StateSignal_XLE,0.0,0.0,1.0,1.0,0.0,0.0,0.0,0.0
2021-03-12 00:00:00+00:00,20260201_193430_d8da53d6_StateSignal_XLE,0.0,0.0,1.0,1.0,0.0,0.0,0.0,0.0
2021-03-15 00:00:00+00:00,20260201_193430_d8da53d6_StateSignal_XLE,0.0,0.0,1.0,1.0,0.0,0.0,0.0,-0.0
2021-03-16 00:00:00+00:00,20260201_193430_d8da53d6_StateSignal_XLE,0.0,0.0,1.0,1.0,0.0,0.0,0.0,-0.0
2021-03-17 00:00:00+00:00,20260201_193430_d8da53d6_StateSignal_XLE,0.0,0.0,1.0,1.0,0.0,0.0,0.0,-0.0
2021-03-18 00:00:00+00:00,20260201_193430_d8da53d6_StateSignal_XLE,0.0,0.0,1.0,1.0,0.0,0.0,0.0,0.0
2021-03-19 00:00:00+00:00,20260201_193430_d8da53d6_StateSignal_XLE,0.0,0.0,1.0,1.0,0.0,0.0,0.0,-0.0
2021-03-22 00:00:00+00:00,20260201_193430_d8da53d6_StateSignal_XLE,0.0,0.0,1.0,1.0,0.0,0.0,0.0,-0.0
2021-03-23 00:00:00+00:00,20260201_193430_d8da53d6_StateSignal_XLE,0.0,0.0,1.0,1.0,0.0,0.0,0.0,-0.0
2021-03-24 00:00:00+00:00,20260201_193430_d8da53d6_StateSignal_XLE,0.0,0.0,1.0,1.0,0.0,0.0,0.0,-0.0
2021-03-25 00:00:00+00:00,20260201_193430_d8da53d6_StateSignal_XLE,0.0,0.0,1.0,1.0,0.0,0.0,0.0,0.0
2021-03-26 00:00:00+00:00,20260201_193430_d8da53d6_StateSignal_XLE,0.0,0.0,1.0,1.0,0.0,0.0,0.0,-0.0
2021-03-29 00:00:00+00:00,20260201_193430_d8da53d6_StateSignal_XLE,0.0,0.0,1.0,1.0,0.0,0.0,0.0,0.0
2021-03-30 00:00:00+00:00,20260201_193430_d8da53d6_StateSignal_XLE,0.0,0.0,1.0,1.0,0.0,0.0,0.0,0.0
2021-03-31 00:00:00+00:00,20260201_193430_d8da53d6_StateSignal_XLE,0.0,0.0,1.0,1.0,0.0,0.0,0.0,-0.0
2021-04-01 00:00:00+00:00,20260201_193430_d8da53d6_StateSignal_XLE,0.0,0.0,1.0,1.0,0.0,0.0,0.0,-0.0
2021-04-05 00:00:00+00:00,20260201_193430_d8da53d6_StateSignal_XLE,0.0,0.0,1.0,1.0,0.0,0.0,0.0,0.0
2021-04-06 00:00:00+00:00,20260201_193430_d8da53d6_StateSignal_XLE,0.0,0.0,1.0,1.0,0.0,0.0,0.0,-0.0
2021-04-07 00:00:00+00:00,20260201_193430_d8da53d6_StateSignal_XLE,0.0,0.0,1.0,1.0,0.0,0.0,0.0,0.0
2021-04-08 00:00:00+00:00,20260201_193430_d8da53d6_StateSignal_XLE,0.0,0.0,1.0,1.0,0.0,0.0,0.0,0.0
2021-04-09 00:00:00+00:00,20260201_193430_d8da53d6_StateSignal_XLE,0.0,0.0,1.0,1.0,0.0,0.0,0.0,-0.0
2021-04-12 00:00:00+00:00,20260201_193430_d8da53d6_StateSignal_XLE,0.0,0.0,1.0,1.0,0.0,0.0,0.0,-0.0
2021-04-13 00:00:00+00:00,20260201_193430_d8da53d6_StateSignal_XLE,0.0,0.0,1.0,1.0,0.0,0.0,0.0,-0.0
2021-04-14 00:00:00+00:00,20260201_193430_d8da53d6_StateSignal_XLE,0.0,0.0,1.0,1.0,0.0,0.0,0.0,0.0
2021-04-15 00:00:00+00:00,20260201_193430_d8da53d6_StateSignal_XLE,0.0,0.0,1.0,1.0,0.0,0.0,0.0,0.0
2021-04-16 00:00:00+00:00,20260201_193430_d8da53d6_StateSignal_XLE,0.0,0.0,1.0,1.0,0.0,0.0,0.0,-0.0
2021-04-19 00:00:00+00:00,20260201_193430_d8da53d6_StateSignal_XLE,0.0,0.0,1.0,1.0,0.0,0.0,0.0,-0.0
2021-04-20 00:00:00+00:00,20260201_193430_d8da53d6_StateSignal_XLE,0.0,0.0,1.0,1.0,0.0,0.0,0.0,-0.0
2021-04-21 00:00:00+00:00,20260201_193430_d8da53d6_StateSignal_XLE,0.0,0.0,1.0,1.0,0.0,0.0,0.0,-0.0
2021-04-22 00:00:00+00:00,20260201_193430_d8da53d6_StateSignal_XLE,0.0,0.0,1.0,1.0,0.0,0.0,0.0,0.0
2021-04-23 00:00:00+00:00,20260201_193430_d8da53d6_StateSignal_XLE,0.0,0.0,1.0,1.0,0.0,0.0,0.0,-0.0
2021-04-26 00:00:00+00:00,20260201_193430_d8da53d6_StateSignal_XLE,0.0,0.0,1.0,1.0,0.0,0.0,0.0,0.0
2021-04-27 00:00:00+00:00,20260201_193430_d8da53d6_StateSignal_XLE,0.0,0.0,1.0,1.0,0.0,0.0,0.0,0.0
2021-04-28 00:00:00+00:00,20260201_193430_d8da53d6_StateSignal_XLE,0.0,0.0,1.0,1.0,0.0,0.0,0.0,0.0
2021-04-29 00:00:00+00:00,20260201_193430_d8da53d6_StateSignal_XLE,0.0,0.0,1.0,1.0,0.0,0.0,0.0,0.0
2021-04-30 00:00:00+00:00,20260201_193430_d8da53d6_StateSignal_XLE,0.0,0.0,1.0,1.0,0.0,0.0,0.0,0.0
2021-05-03 00:00:00+00:00,20260201_193430_d8da53d6_StateSignal_XLE,0.0,0.0,1.0,1.0,0.0,0.0,0.0,-0.0
2021-05-04 00:00:00+00:00,20260201_193430_d8da53d6_StateSignal_XLE,0.0,0.0,1.0,1.0,0.0,0.0,0.0,0.0
2021-05-05 00:00:00+00:00,20260201_193430_d8da53d6_StateSignal_XLE,0.0,0.0,1.0,1.0,0.0,0.0,0.0,-0.0
2021-05-06 00:00:00+00:00,20260201_193430_d8da53d6_StateSignal_XLE,0.0,0.0,1.0,1.0,0.0,0.0,0.0,0.0
2021-05-07 00:00:00+00:00,20260201_193430_d8da53d6_StateSignal_XLE,0.0,0.0,1.0,1.0,0.0,0.0,0.0,0.0
2021-05-10 00:00:00+00:00,20260201_193430_d8da53d6_StateSignal_XLE,0.0,0.0,1.0,1.0,0.0,0.0,0.0,0.0
2021-05-11 00:00:00+00:00,20260201_193430_d8da53d6_StateSignal_XLE,0.0,0.0,1.0,1.0,0.0,0.0,0.0,0.0
2021-05-12 00:00:00+00:00,20260201_193430_d8da53d6_StateSignal_XLE,0.0,0.0,1.0,1.0,0.0,0.0,0.0,-0.0
2021-05-13 00:00:00+00:00,20260201_193430_d8da53d6_StateSignal_XLE,0.0,0.0,1.0,1.0,0.0,0.0,0.0,0.0
2021-05-14 00:00:00+00:00,20260201_193430_d8da53d6_StateSignal_XLE,0.0,0.0,1.0,1.0,0.0,0.0,0.0,-0.0
2021-05-17 00:00:00+00:00,20260201_193430_d8da53d6_StateSignal_XLE,0.0,0.0,1.0,1.0,0.0,0.0,0.0,0.0
2021-05-18 00:00:00+00:00,20260201_193430_d8da53d6_StateSignal_XLE,0.0,0.0,1.0,1.0,0.0,0.0,0.0,0.0
2021-05-19 00:00:00+00:00,20260201_193430_d8da53d6_StateSignal_XLE,0.0,0.0,1.0,1.0,0.0,0.0,0.0,-0.0
2021-05-20 00:00:00+00:00,20260201_193430_d8da53d6_StateSignal_XLE,0.0,0.0,1.0,1.0,0.0,0.0,0.0,-0.0
2021-05-21 00:00:00+00:00,20260201_193430_d8da53d6_StateSignal_XLE,0.0,0.0,1.0,1.0,0.0,0.0,0.0,0.0
2021-05-24 00:00:00+00:00,20260201_193430_d8da53d6_StateSignal_XLE,0.0,0.0,1.0,1.0,0.0,0.0,0.0,0.0
2021-05-25 00:00:00+00:00,20260201_193430_d8da53d6_StateSignal_XLE,0.0,0.0,1.0,1.0,0.0,0.0,0.0,0.0
2021-05-26 00:00:00+00:00,20260201_193430_d8da53d6_StateSignal_XLE,0.0,0.0,1.0,1.0,0.0,0.0,0.0,-0.0
2021-05-27 00:00:00+00:00,20260201_193430_d8da53d6_StateSignal_XLE,0.0,0.0,1.0,1.0,0.0,0.0,0.0,0.0
2021-05-28 00:00:00+00:00,20260201_193430_d8da53d6_StateSignal_XLE,0.0,0.0,1.0,1.0,0.0,0.0,0.0,0.0
2021-06-01 00:00:00+00:00,20260201_193430_d8da53d6_StateSignal_XLE,0.0,0.0,1.0,1.0,0.0,0.0,0.0,0.0
2021-06-02 00:00:00+00:00,20260201_193430_d8da53d6_StateSignal_XLE,0.0,0.0,1.0,1.0,0.0,0.0,0.0,0.0
2021-06-03 00:00:00+00:00,20260201_193430_d8da53d6_StateSignal_XLE,0.0,0.0,1.0,1.0,0.0,0.0,0.0,0.0
2021-06-04 00:00:00+00:00,20260201_193430_d8da53d6_StateSignal_XLE,0.0,0.0,1.0,1.0,0.0,0.0,0.0,0.0
2021-06-07 00:00:00+00:00,20260201_193430_d8da53d6_StateSignal_XLE,0.0,0.0,1.0,1.0,0.0,0.0,0.0,0.0
2021-06-08 00:00:00+00:00,20260201_193430_d8da53d6_StateSignal_XLE,0.0,0.0,1.0,1.0,0.0,0.0,0.0,-0.0
2021-06-09 00:00:00+00:00,20260201_193430_d8da53d6_StateSignal_XLE,0.0,0.0,1.0,1.0,0.0,0.0,0.0,0.0
2021-06-10 00:00:00+00:00,20260201_193430_d8da53d6_StateSignal_XLE,0.0,0.0,1.0,1.0,0.0,0.0,0.0,0.0
2021-06-11 00:00:00+00:00,20260201_193430_d8da53d6_StateSignal_XLE,0.0,0.0,1.0,1.0,0.0,0.0,0.0,-0.0
2021-06-14 00:00:00+00:00,20260201_193430_d8da53d6_StateSignal_XLE,0.0,0.0,1.0,1.0,0.0,0.0,0.0,-0.0
2021-06-15 00:00:00+00:00,20260201_193430_d8da53d6_StateSignal_XLE,0.0,0.0,1.0,1.0,0.0,0.0,0.0,-0.0
2021-06-16 00:00:00+00:00,20260201_193430_d8da53d6_StateSignal_XLE,0.0,0.0,1.0,1.0,0.0,0.0,0.0,0.0
2021-06-17 00:00:00+00:00,20260201_193430_d8da53d6_StateSignal_XLE,0.0,0.0,1.0,1.0,0.0,0.0,0.0,-0.0
2021-06-18 00:00:00+00:00,20260201_193430_d8da53d6_StateSignal_XLE,0.0,0.0,1.0,1.0,0.0,0.0,0.0,-0.0
2021-06-21 00:00:00+00:00,20260201_193430_d8da53d6_StateSignal_XLE,0.0,0.0,1.0,1.0,0.0,0.0,0.0,-0.0
2021-06-22 00:00:00+00:00,20260201_193430_d8da53d6_StateSignal_XLE,0.0,0.0,1.0,1.0,0.0,0.0,0.0,0.0
2021-06-23 00:00:00+00:00,20260201_193430_d8da53d6_StateSignal_XLE,0.0,0.0,1.0,1.0,0.0,0.0,0.0,0.0
2021-06-24 00:00:00+00:00,20260201_193430_d8da53d6_StateSignal_XLE,0.0,0.0,1.0,1.0,0.0,0.0,0.0,0.0
2021-06-25 00:00:00+00:00,20260201_193430_d8da53d6_StateSignal_XLE,0.0,0.0,1.0,1.0,0.0,0.0,0.0,0.0
2021-06-28 00:00:00+00:00,20260201_193430_d8da53d6_StateSignal_XLE,0.0,0.0,1.0,1.0,0.0,0.0,0.0,0.0
2021-06-29 00:00:00+00:00,20260201_193430_d8da53d6_StateSignal_XLE,0.0,0.0,1.0,1.0,0.0,0.0,0.0,-0.0
2021-06-30 00:00:00+00:00,20260201_193430_d8da53d6_StateSignal_XLE,0.0,0.0,1.0,1.0,0.0,0.0,0.0,-0.0
2021-07-01 00:00:00+00:00,20260201_193430_d8da53d6_StateSignal_XLE,0.0,0.0,1.0,1.0,0.0,0.0,0.0,0.0
2021-07-02 00:00:00+00:00,20260201_193430_d8da53d6_StateSignal_XLE,0.0,0.0,1.0,1.0,0.0,0.0,0.0,0.0
2021-07-06 00:00:00+00:00,20260201_193430_d8da53d6_StateSignal_XLE,0.0,0.0,1.0,1.0,0.0,0.0,0.0,-0.0
2021-07-07 00:00:00+00:00,20260201_193430_d8da53d6_StateSignal_XLE,0.0,0.0,1.0,1.0,0.0,0.0,0.0,-0.0
2021-07-08 00:00:00+00:00,20260201_193430_d8da53d6_StateSignal_XLE,0.0,0.0,1.0,1.0,0.0,0.0,0.0,-0.0
2021-07-09 00:00:00+00:00,20260201_193430_d8da53d6_StateSignal_XLE,0.0,0.0,1.0,1.0,0.0,0.0,0.0,-0.0
2021-07-12 00:00:00+00:00,20260201_193430_d8da53d6_StateSignal_XLE,0.0,0.0,1.0,1.0,0.0,0.0,0.0,0.0
2021-07-13 00:00:00+00:00,20260201_193430_d8da53d6_StateSignal_XLE,0.0,0.0,1.0,1.0,0.0,0.0,0.0,0.0
2021-07-14 00:00:00+00:00,20260201_193430_d8da53d6_StateSignal_XLE,0.0,0.0,1.0,1.0,0.0,0.0,0.0,-0.0
2021-07-15 00:00:00+00:00,20260201_193430_d8da53d6_StateSignal_XLE,0.0,0.0,1.0,1.0,0.0,0.0,0.0,-0.0
2021-07-16 00:00:00+00:00,20260201_193430_d8da53d6_StateSignal_XLE,0.0,0.0,1.0,1.0,0.0,0.0,0.0,-0.0
2021-07-19 00:00:00+00:00,20260201_193430_d8da53d6_StateSignal_XLE,0.0,0.0,1.0,1.0,0.0,0.0,0.0,-0.0
2021-07-20 00:00:00+00:00,20260201_193430_d8da53d6_StateSignal_XLE,0.0,0.0,1.0,1.0,0.0,0.0,0.0,-0.0
2021-07-21 00:00:00+00:00,20260201_193430_d8da53d6_StateSignal_XLE,0.0,0.0,1.0,1.0,0.0,0.0,0.0,0.0
2021-07-22 00:00:00+00:00,20260201_193430_d8da53d6_StateSignal_XLE,0.0,0.0,1.0,1.0,0.0,0.0,0.0,0.0
2021-07-23 00:00:00+00:00,20260201_193430_d8da53d6_StateSignal_XLE,0.0,0.0,1.0,1.0,0.0,0.0,0.0,-0.0
2021-07-26 00:00:00+00:00,20260201_193430_d8da53d6_StateSignal_XLE,0.0,0.0,1.0,1.0,0.0,0.0,0.0,-0.0
2021-07-27 00:00:00+00:00,20260201_193430_d8da53d6_StateSignal_XLE,0.0,0.0,1.0,1.0,0.0,0.0,0.0,0.0
2021-07-28 00:00:00+00:00,20260201_193430_d8da53d6_StateSignal_XLE,0.0,0.0,1.0,1.0,0.0,0.0,0.0,-0.0
2021-07-29 00:00:00+00:00,20260201_193430_d8da53d6_StateSignal_XLE,0.0,0.0,1.0,1.0,0.0,0.0,0.0,0.0
2021-07-30 00:00:00+00:00,20260201_193430_d8da53d6_StateSignal_XLE,0.0,0.0,1.0,1.0,0.0,0.0,0.0,0.0
2021-08-02 00:00:00+00:00,20260201_193430_d8da53d6_StateSignal_XLE,0.0,0.0,1.0,1.0,0.0,0.0,0.0,-0.0
2021-08-03 00:00:00+00:00,20260201_193430_d8da53d6_StateSignal_XLE,0.0,0.0,1.0,1.0,0.0,0.0,0.0,0.0
2021-08-04 00:00:00+00:00,20260201_193430_d8da53d6_StateSignal_XLE,0.0,0.0,1.0,1.0,0.0,0.0,0.0,0.0
2021-08-05 00:00:00+00:00,20260201_193430_d8da53d6_StateSignal_XLE,0.0,0.0,1.0,1.0,0.0,0.0,0.0,-0.0
2021-08-06 00:00:00+00:00,20260201_193430_d8da53d6_StateSignal_XLE,0.0,0.0,1.0,1.0,0.0,0.0,0.0,0.0
2021-08-09 00:00:00+00:00,20260201_193430_d8da53d6_StateSignal_XLE,0.0,0.0,1.0,1.0,0.0,0.0,0.0,0.0
2021-08-10 00:00:00+00:00,20260201_193430_d8da53d6_StateSignal_XLE,0.0,0.0,1.0,1.0,0.0,0.0,0.0,-0.0
2021-08-11 00:00:00+00:00,20260201_193430_d8da53d6_StateSignal_XLE,0.0,0.0,1.0,1.0,0.0,0.0,0.0,0.0
2021-08-12 00:00:00+00:00,20260201_193430_d8da53d6_StateSignal_XLE,0.0,0.0,1.0,1.0,0.0,0.0,0.0,0.0
2021-08-13 00:00:00+00:00,20260201_193430_d8da53d6_StateSignal_XLE,0.0,0.0,1.0,1.0,0.0,0.0,0.0,-0.0
2021-08-16 00:00:00+00:00,20260201_193430_d8da53d6_StateSignal_XLE,0.0,0.0,1.0,1.0,0.0,0.0,0.0,-0.0
2021-08-17 00:00:00+00:00,20260201_193430_d8da53d6_StateSignal_XLE,0.0,0.0,1.0,1.0,0.0,0.0,0.0,-0.0
2021-08-18 00:00:00+00:00,20260201_193430_d8da53d6_StateSignal_XLE,0.0,0.0,1.0,1.0,0.0,0.0,0.0,-0.0
2021-08-19 00:00:00+00:00,20260201_193430_d8da53d6_StateSignal_XLE,0.0,0.0,1.0,1.0,0.0,0.0,0.0,-0.0
2021-08-20 00:00:00+00:00,20260201_193430_d8da53d6_StateSignal_XLE,0.0,0.0,1.0,1.0,0.0,0.0,0.0,-0.0
2021-08-23 00:00:00+00:00,20260201_193430_d8da53d6_StateSignal_XLE,0.0,0.0,1.0,1.0,0.0,0.0,0.0,0.0
2021-08-24 00:00:00+00:00,20260201_193430_d8da53d6_StateSignal_XLE,0.0,0.0,1.0,1.0,0.0,0.0,0.0,0.0
2021-08-25 00:00:00+00:00,20260201_193430_d8da53d6_StateSignal_XLE,0.0,0.0,1.0,1.0,0.0,0.0,0.0,0.0
2021-08-26 00:00:00+00:00,20260201_193430_d8da53d6_StateSignal_XLE,0.0,0.0,1.0,1.0,0.0,0.0,0.0,0.0
2021-08-27 00:00:00+00:00,20260201_193430_d8da53d6_StateSignal_XLE,0.0,0.0,1.0,1.0,0.0,0.0,0.0,-0.0
2021-08-30 00:00:00+00:00,20260201_193430_d8da53d6_StateSignal_XLE,0.0,0.0,1.0,1.0,0.0,0.0,0.0,0.0
2021-08-31 00:00:00+00:00,20260201_193430_d8da53d6_StateSignal_XLE,0.0,0.0,1.0,1.0,0.0,0.0,0.0,-0.0
2021-09-01 00:00:00+00:00,20260201_193430_d8da53d6_StateSignal_XLE,0.0,0.0,1.0,1.0,0.0,0.0,0.0,-0.0
2021-09-02 00:00:00+00:00,20260201_193430_d8da53d6_StateSignal_XLE,0.0,0.0,1.0,1.0,0.0,0.0,0.0,-0.0
2021-09-03 00:00:00+00:00,20260201_193430_d8da53d6_StateSignal_XLE,0.0,0.0,1.0,1.0,0.0,0.0,0.0,0.0
2021-09-07 00:00:00+00:00,20260201_193430_d8da53d6_StateSignal_XLE,0.0,0.0,1.0,1.0,0.0,0.0,0.0,-0.0
2021-09-08 00:00:00+00:00,20260201_193430_d8da53d6_StateSignal_XLE,0.0,0.0,1.0,1.0,0.0,0.0,0.0,-0.0
2021-09-09 00:00:00+00:00,20260201_193430_d8da53d6_StateSignal_XLE,0.0,0.0,1.0,1.0,0.0,0.0,0.0,-0.0
2021-09-10 00:00:00+00:00,20260201_193430_d8da53d6_StateSignal_XLE,0.0,0.0,1.0,1.0,0.0,0.0,0.0,-0.0
2021-09-13 00:00:00+00:00,20260201_193430_d8da53d6_StateSignal_XLE,0.0,0.0,1.0,1.0,0.0,0.0,0.0,0.0
2021-09-14 00:00:00+00:00,20260201_193430_d8da53d6_StateSignal_XLE,0.0,0.0,1.0,1.0,0.0,0.0,0.0,0.0
2021-09-15 00:00:00+00:00,20260201_193430_d8da53d6_StateSignal_XLE,0.0,0.0,1.0,1.0,0.0,0.0,0.0,-0.0
2021-09-16 00:00:00+00:00,20260201_193430_d8da53d6_StateSignal_XLE,0.0,0.0,1.0,1.0,0.0,0.0,0.0,0.0
2021-09-17 00:00:00+00:00,20260201_193430_d8da53d6_StateSignal_XLE,0.0,0.0,1.0,1.0,0.0,0.0,0.0,-0.0
2021-09-20 00:00:00+00:00,20260201_193430_d8da53d6_StateSignal_XLE,0.0,0.0,1.0,1.0,0.0,0.0,0.0,-0.0
2021-09-21 00:00:00+00:00,20260201_193430_d8da53d6_StateSignal_XLE,0.0,0.0,1.0,1.0,0.0,0.0,0.0,-0.0
2021-09-22 00:00:00+00:00,20260201_193430_d8da53d6_StateSignal_XLE,0.0,0.0,1.0,1.0,0.0,0.0,0.0,0.0
2021-09-23 00:00:00+00:00,20260201_193430_d8da53d6_StateSignal_XLE,0.0,0.0,1.0,1.0,0.0,0.0,0.0,0.0
2021-09-24 00:00:00+00:00,20260201_193430_d8da53d6_StateSignal_XLE,0.0,0.0,1.0,1.0,0.0,0.0,0.0,0.0
2021-09-27 00:00:00+00:00,20260201_193430_d8da53d6_StateSignal_XLE,0.0,0.0,1.0,1.0,0.0,0.0,0.0,0.0
2021-09-28 00:00:00+00:00,20260201_193430_d8da53d6_StateSignal_XLE,0.0,0.0,1.0,1.0,0.0,0.0,0.0,0.0
2021-09-29 00:00:00+00:00,20260201_193430_d8da53d6_StateSignal_XLE,0.0,0.0,1.0,1.0,0.0,0.0,0.0,0.0
2021-09-30 00:00:00+00:00,20260201_193430_d8da53d6_StateSignal_XLE,0.0,0.0,1.0,1.0,0.0,0.0,0.0,-0.0
2021-10-01 00:00:00+00:00,20260201_193430_d8da53d6_StateSignal_XLE,0.0,0.0,1.0,1.0,0.0,0.0,0.0,-0.0
2021-10-04 00:00:00+00:00,20260201_193430_d8da53d6_StateSignal_XLE,0.0,0.0,1.0,1.0,0.0,0.0,0.0,0.0
2021-10-05 00:00:00+00:00,20260201_193430_d8da53d6_StateSignal_XLE,0.0,0.0,1.0,1.0,0.0,0.0,0.0,0.0
2021-10-06 00:00:00+00:00,20260201_193430_d8da53d6_StateSignal_XLE,0.0,0.0,1.0,1.0,0.0,0.0,0.0,0.0
2021-10-07 00:00:00+00:00,20260201_193430_d8da53d6_StateSignal_XLE,0.0,0.0,1.0,1.0,0.0,0.0,0.0,-0.0
2021-10-08 00:00:00+00:00,20260201_193430_d8da53d6_StateSignal_XLE,0.0,0.0,1.0,1.0,0.0,0.0,0.0,0.0
2021-10-11 00:00:00+00:00,20260201_193430_d8da53d6_StateSignal_XLE,0.0,0.0,1.0,1.0,0.0,0.0,0.0,0.0
2021-10-12 00:00:00+00:00,20260201_193430_d8da53d6_StateSignal_XLE,0.0,0.0,1.0,1.0,0.0,0.0,0.0,0.0
2021-10-13 00:00:00+00:00,20260201_193430_d8da53d6_StateSignal_XLE,0.0,0.0,1.0,1.0,0.0,0.0,0.0,0.0
2021-10-14 00:00:00+00:00,20260201_193430_d8da53d6_StateSignal_XLE,0.0,0.0,1.0,1.0,0.0,0.0,0.0,-0.0
2021-10-15 00:00:00+00:00,20260201_193430_d8da53d6_StateSignal_XLE,0.0,0.0,1.0,1.0,0.0,0.0,0.0,0.0
2021-10-18 00:00:00+00:00,20260201_193430_d8da53d6_StateSignal_XLE,0.0,0.0,1.0,1.0,0.0,0.0,0.0,0.0
2021-10-19 00:00:00+00:00,20260201_193430_d8da53d6_StateSignal_XLE,0.0,0.0,1.0,1.0,0.0,0.0,0.0,-0.0
2021-10-20 00:00:00+00:00,20260201_193430_d8da53d6_StateSignal_XLE,0.0,0.0,1.0,1.0,0.0,0.0,0.0,0.0
2021-10-21 00:00:00+00:00,20260201_193430_d8da53d6_StateSignal_XLE,0.0,0.0,1.0,1.0,0.0,0.0,0.0,0.0
2021-10-22 00:00:00+00:00,20260201_193430_d8da53d6_StateSignal_XLE,0.0,0.0,1.0,1.0,0.0,0.0,0.0,-0.0
2021-10-25 00:00:00+00:00,20260201_193430_d8da53d6_StateSignal_XLE,0.0,0.0,1.0,1.0,0.0,0.0,0.0,0.0
2021-10-26 00:00:00+00:00,20260201_193430_d8da53d6_StateSignal_XLE,0.0,0.0,1.0,1.0,0.0,0.0,0.0,0.0
2021-10-27 00:00:00+00:00,20260201_193430_d8da53d6_StateSignal_XLE,0.0,0.0,1.0,1.0,0.0,0.0,0.0,0.0
2021-10-28 00:00:00+00:00,20260201_193430_d8da53d6_StateSignal_XLE,0.0,0.0,1.0,1.0,0.0,0.0,0.0,-0.0
2021-10-29 00:00:00+00:00,20260201_193430_d8da53d6_StateSignal_XLE,0.0,0.0,1.0,1.0,0.0,0.0,0.0,0.0
2021-11-01 00:00:00+00:00,20260201_193430_d8da53d6_StateSignal_XLE,0.0,0.0,1.0,1.0,0.0,0.0,0.0,-0.0
2021-11-02 00:00:00+00:00,20260201_193430_d8da53d6_StateSignal_XLE,0.0,0.0,1.0,1.0,0.0,0.0,0.0,0.0
2021-11-03 00:00:00+00:00,20260201_193430_d8da53d6_StateSignal_XLE,0.0,0.0,1.0,1.0,0.0,0.0,0.0,-0.0
2021-11-04 00:00:00+00:00,20260201_193430_d8da53d6_StateSignal_XLE,0.0,0.0,1.0,1.0,0.0,0.0,0.0,-0.0
2021-11-05 00:00:00+00:00,20260201_193430_d8da53d6_StateSignal_XLE,0.0,0.0,1.0,1.0,0.0,0.0,0.0,-0.0
2021-11-08 00:00:00+00:00,20260201_193430_d8da53d6_StateSignal_XLE,0.0,0.0,1.0,1.0,0.0,0.0,0.0,0.0
2021-11-09 00:00:00+00:00,20260201_193430_d8da53d6_StateSignal_XLE,0.0,0.0,1.0,1.0,0.0,0.0,0.0,0.0
2021-11-10 00:00:00+00:00,20260201_193430_d8da53d6_StateSignal_XLE,0.0,0.0,1.0,1.0,0.0,0.0,0.0,0.0
2021-11-11 00:00:00+00:00,20260201_193430_d8da53d6_StateSignal_XLE,0.0,0.0,1.0,1.0,0.0,0.0,0.0,-0.0
2021-11-12 00:00:00+00:00,20260201_193430_d8da53d6_StateSignal_XLE,0.0,0.0,1.0,1.0,0.0,0.0,0.0,0.0
2021-11-15 00:00:00+00:00,20260201_193430_d8da53d6_StateSignal_XLE,0.0,0.0,1.0,1.0,0.0,0.0,0.0,-0.0
2021-11-16 00:00:00+00:00,20260201_193430_d8da53d6_StateSignal_XLE,0.0,0.0,1.0,1.0,0.0,0.0,0.0,0.0
2021-11-17 00:00:00+00:00,20260201_193430_d8da53d6_StateSignal_XLE,0.0,0.0,1.0,1.0,0.0,0.0,0.0,0.0
2021-11-18 00:00:00+00:00,20260201_193430_d8da53d6_StateSignal_XLE,0.0,0.0,1.0,1.0,0.0,0.0,0.0,-0.0
2021-11-19 00:00:00+00:00,20260201_193430_d8da53d6_StateSignal_XLE,0.0,0.0,1.0,1.0,0.0,0.0,0.0,-0.0
2021-11-22 00:00:00+00:00,20260201_193430_d8da53d6_StateSignal_XLE,0.0,0.0,1.0,1.0,0.0,0.0,0.0,-0.0
2021-11-23 00:00:00+00:00,20260201_193430_d8da53d6_StateSignal_XLE,0.0,0.0,1.0,1.0,0.0,0.0,0.0,0.0
2021-11-24 00:00:00+00:00,20260201_193430_d8da53d6_StateSignal_XLE,0.0,0.0,1.0,1.0,0.0,0.0,0.0,0.0
2021-11-26 00:00:00+00:00,20260201_193430_d8da53d6_StateSignal_XLE,0.0,0.0,1.0,1.0,0.0,0.0,0.0,0.0
2021-11-29 00:00:00+00:00,20260201_193430_d8da53d6_StateSignal_XLE,0.0,0.0,1.0,1.0,0.0,0.0,0.0,-0.0
2021-11-30 00:00:00+00:00,20260201_193430_d8da53d6_StateSignal_XLE,0.0,0.0,1.0,1.0,0.0,0.0,0.0,-0.0
2021-12-01 00:00:00+00:00,20260201_193430_d8da53d6_StateSignal_XLE,0.0,0.0,1.0,1.0,0.0,0.0,0.0,-0.0
2021-12-02 00:00:00+00:00,20260201_193430_d8da53d6_StateSignal_XLE,0.0,0.0,1.0,1.0,0.0,0.0,0.0,-0.0
2021-12-03 00:00:00+00:00,20260201_193430_d8da53d6_StateSignal_XLE,0.0,0.0,1.0,1.0,0.0,0.0,0.0,0.0
2021-12-06 00:00:00+00:00,20260201_193430_d8da53d6_StateSignal_XLE,0.0,0.0,1.0,1.0,0.0,0.0,0.0,-0.0
2021-12-07 00:00:00+00:00,20260201_193430_d8da53d6_StateSignal_XLE,0.0,0.0,1.0,1.0,0.0,0.0,0.0,0.0
2021-12-08 00:00:00+00:00,20260201_193430_d8da53d6_StateSignal_XLE,0.0,0.0,1.0,1.0,0.0,0.0,0.0,0.0
2021-12-09 00:00:00+00:00,20260201_193430_d8da53d6_StateSignal_XLE,0.0,0.0,1.0,1.0,0.0,0.0,0.0,-0.0
2021-12-10 00:00:00+00:00,20260201_193430_d8da53d6_StateSignal_XLE,0.0,0.0,1.0,1.0,0.0,0.0,0.0,-0.0
2021-12-13 00:00:00+00:00,20260201_193430_d8da53d6_StateSignal_XLE,0.0,0.0,1.0,1.0,0.0,0.0,0.0,0.0
2021-12-14 00:00:00+00:00,20260201_193430_d8da53d6_StateSignal_XLE,0.0,0.0,1.0,1.0,0.0,0.0,0.0,-0.0
2021-12-15 00:00:00+00:00,20260201_193430_d8da53d6_StateSignal_XLE,0.0,0.0,1.0,1.0,0.0,0.0,0.0,-0.0
2021-12-16 00:00:00+00:00,20260201_193430_d8da53d6_StateSignal_XLE,0.0,0.0,1.0,1.0,0.0,0.0,0.0,-0.0
2021-12-17 00:00:00+00:00,20260201_193430_d8da53d6_StateSignal_XLE,0.0,0.0,1.0,1.0,0.0,0.0,0.0,0.0
2021-12-20 00:00:00+00:00,20260201_193430_d8da53d6_StateSignal_XLE,0.0,0.0,1.0,1.0,0.0,0.0,0.0,-0.0
2021-12-21 00:00:00+00:00,20260201_193430_d8da53d6_StateSignal_XLE,0.0,0.0,1.0,1.0,0.0,0.0,0.0,-0.0
2021-12-22 00:00:00+00:00,20260201_193430_d8da53d6_StateSignal_XLE,0.0,0.0,1.0,1.0,0.0,0.0,0.0,0.0
2021-12-23 00:00:00+00:00,20260201_193430_d8da53d6_StateSignal_XLE,0.0,0.0,1.0,1.0,0.0,0.0,0.0,0.0
2021-12-27 00:00:00+00:00,20260201_193430_d8da53d6_StateSignal_XLE,0.0,0.0,1.0,1.0,0.0,0.0,0.0,0.0
2021-12-28 00:00:00+00:00,20260201_193430_d8da53d6_StateSignal_XLE,0.0,0.0,1.0,1.0,0.0,0.0,0.0,0.0
2021-12-29 00:00:00+00:00,20260201_193430_d8da53d6_StateSignal_XLE,0.0,0.0,1.0,1.0,0.0,0.0,0.0,0.0
2021-12-30 00:00:00+00:00,20260201_193430_d8da53d6_StateSignal_XLE,0.0,0.0,1.0,1.0,0.0,0.0,0.0,-0.0
2021-12-31 00:00:00+00:00,20260201_193430_d8da53d6_StateSignal_XLE,0.0,0.0,1.0,1.0,0.0,0.0,0.0,-0.0
2022-01-03 00:00:00+00:00,20260201_193430_d8da53d6_StateSignal_XLE,0.0,0.0,1.0,1.0,0.0,0.0,0.0,0.0
2022-01-04 00:00:00+00:00,20260201_193430_d8da53d6_StateSignal_XLE,0.0,0.0,1.0,1.0,0.0,0.0,0.0,0.0
2022-01-05 00:00:00+00:00,20260201_193430_d8da53d6_StateSignal_XLE,0.0,0.0,1.0,1.0,0.0,0.0,0.0,0.0
2022-01-06 00:00:00+00:00,20260201_193430_d8da53d6_StateSignal_XLE,0.0,0.0,1.0,1.0,0.0,0.0,0.0,0.0
2022-01-07 00:00:00+00:00,20260201_193430_d8da53d6_StateSignal_XLE,0.0,0.0,1.0,1.0,0.0,0.0,0.0,0.0
2022-01-10 00:00:00+00:00,20260201_193430_d8da53d6_StateSignal_XLE,0.0,0.0,1.0,1.0,0.0,0.0,0.0,0.0
2022-01-11 00:00:00+00:00,20260201_193430_d8da53d6_StateSignal_XLE,0.0,0.0,1.0,1.0,0.0,0.0,0.0,-0.0
2022-01-12 00:00:00+00:00,20260201_193430_d8da53d6_StateSignal_XLE,0.0,0.0,1.0,1.0,0.0,0.0,0.0,0.0
2022-01-13 00:00:00+00:00,20260201_193430_d8da53d6_StateSignal_XLE,0.0,0.0,1.0,1.0,0.0,0.0,0.0,0.0
2022-01-14 00:00:00+00:00,20260201_193430_d8da53d6_StateSignal_XLE,0.0,0.0,1.0,1.0,0.0,0.0,0.0,0.0
2022-01-18 00:00:00+00:00,20260201_193430_d8da53d6_StateSignal_XLE,0.0,0.0,1.0,1.0,0.0,0.0,0.0,0.0
2022-01-19 00:00:00+00:00,20260201_193430_d8da53d6_StateSignal_XLE,0.0,0.0,1.0,1.0,0.0,0.0,0.0,0.0
2022-01-20 00:00:00+00:00,20260201_193430_d8da53d6_StateSignal_XLE,0.0,0.0,1.0,1.0,0.0,0.0,0.0,-0.0
2022-01-21 00:00:00+00:00,20260201_193430_d8da53d6_StateSignal_XLE,0.0,0.0,1.0,1.0,0.0,0.0,0.0,0.0
2022-01-24 00:00:00+00:00,20260201_193430_d8da53d6_StateSignal_XLE,0.0,0.0,1.0,1.0,0.0,0.0,0.0,-0.0
2022-01-25 00:00:00+00:00,20260201_193430_d8da53d6_StateSignal_XLE,0.0,0.0,1.0,1.0,0.0,0.0,0.0,-0.0
2022-01-26 00:00:00+00:00,20260201_193430_d8da53d6_StateSignal_XLE,0.0,0.0,1.0,1.0,0.0,0.0,0.0,0.0
2022-01-27 00:00:00+00:00,20260201_193430_d8da53d6_StateSignal_XLE,0.0,0.0,1.0,1.0,0.0,0.0,0.0,0.0
2022-01-28 00:00:00+00:00,20260201_193430_d8da53d6_StateSignal_XLE,0.0,0.0,1.0,1.0,0.0,0.0,0.0,-0.0
2022-01-31 00:00:00+00:00,20260201_193430_d8da53d6_StateSignal_XLE,0.0,0.0,1.0,1.0,0.0,0.0,0.0,-0.0
2022-02-01 00:00:00+00:00,20260201_193430_d8da53d6_StateSignal_XLE,0.0,0.0,1.0,1.0,0.0,0.0,0.0,0.0
2022-02-02 00:00:00+00:00,20260201_193430_d8da53d6_StateSignal_XLE,0.0,0.0,1.0,1.0,0.0,0.0,0.0,0.0
2022-02-03 00:00:00+00:00,20260201_193430_d8da53d6_StateSignal_XLE,0.0,0.0,1.0,1.0,0.0,0.0,0.0,0.0
2022-02-04 00:00:00+00:00,20260201_193430_d8da53d6_StateSignal_XLE,0.0,0.0,1.0,1.0,0.0,0.0,0.0,-0.0
2022-02-07 00:00:00+00:00,20260201_193430_d8da53d6_StateSignal_XLE,0.0,0.0,1.0,1.0,0.0,0.0,0.0,0.0
2022-02-08 00:00:00+00:00,20260201_193430_d8da53d6_StateSignal_XLE,0.0,0.0,1.0,1.0,0.0,0.0,0.0,0.0
2022-02-09 00:00:00+00:00,20260201_193430_d8da53d6_StateSignal_XLE,0.0,0.0,1.0,1.0,0.0,0.0,0.0,-0.0
2022-02-10 00:00:00+00:00,20260201_193430_d8da53d6_StateSignal_XLE,0.0,0.0,1.0,1.0,0.0,0.0,0.0,0.0
2022-02-11 00:00:00+00:00,20260201_193430_d8da53d6_StateSignal_XLE,0.0,0.0,1.0,1.0,0.0,0.0,0.0,-0.0
2022-02-14 00:00:00+00:00,20260201_193430_d8da53d6_StateSignal_XLE,0.0,0.0,1.0,1.0,0.0,0.0,0.0,0.0
2022-02-15 00:00:00+00:00,20260201_193430_d8da53d6_StateSignal_XLE,0.0,0.0,1.0,1.0,0.0,0.0,0.0,-0.0
2022-02-16 00:00:00+00:00,20260201_193430_d8da53d6_StateSignal_XLE,0.0,0.0,1.0,1.0,0.0,0.0,0.0,-0.0
2022-02-17 00:00:00+00:00,20260201_193430_d8da53d6_StateSignal_XLE,0.0,0.0,1.0,1.0,0.0,0.0,0.0,0.0
2022-02-18 00:00:00+00:00,20260201_193430_d8da53d6_StateSignal_XLE,0.0,0.0,1.0,1.0,0.0,0.0,0.0,-0.0
2022-02-22 00:00:00+00:00,20260201_193430_d8da53d6_StateSignal_XLE,0.0,0.0,1.0,1.0,0.0,0.0,0.0,-0.0
2022-02-23 00:00:00+00:00,20260201_193430_d8da53d6_StateSignal_XLE,0.0,0.0,1.0,1.0,0.0,0.0,0.0,-0.0
2022-02-24 00:00:00+00:00,20260201_193430_d8da53d6_StateSignal_XLE,0.0,0.0,1.0,1.0,0.0,0.0,0.0,0.0
2022-02-25 00:00:00+00:00,20260201_193430_d8da53d6_StateSignal_XLE,0.0,0.0,1.0,1.0,0.0,0.0,0.0,-0.0
2022-02-28 00:00:00+00:00,20260201_193430_d8da53d6_StateSignal_XLE,0.0,0.0,1.0,1.0,0.0,0.0,0.0,0.0
2022-03-01 00:00:00+00:00,20260201_193430_d8da53d6_StateSignal_XLE,0.0,0.0,1.0,1.0,0.0,0.0,0.0,0.0
2022-03-02 00:00:00+00:00,20260201_193430_d8da53d6_StateSignal_XLE,0.0,0.0,1.0,1.0,0.0,0.0,0.0,0.0
2022-03-03 00:00:00+00:00,20260201_193430_d8da53d6_StateSignal_XLE,0.0,0.0,1.0,1.0,0.0,0.0,0.0,0.0
2022-03-04 00:00:00+00:00,20260201_193430_d8da53d6_StateSignal_XLE,0.0,0.0,1.0,1.0,0.0,0.0,0.0,-0.0
2022-03-07 00:00:00+00:00,20260201_193430_d8da53d6_StateSignal_XLE,0.0,0.0,1.0,1.0,0.0,0.0,0.0,0.0
2022-03-08 00:00:00+00:00,20260201_193430_d8da53d6_StateSignal_XLE,0.0,0.0,1.0,1.0,0.0,0.0,0.0,0.0
2022-03-09 00:00:00+00:00,20260201_193430_d8da53d6_StateSignal_XLE,0.0,0.0,1.0,1.0,0.0,0.0,0.0,0.0
2022-03-10 00:00:00+00:00,20260201_193430_d8da53d6_StateSignal_XLE,0.0,0.0,1.0,1.0,0.0,0.0,0.0,-0.0
2022-03-11 00:00:00+00:00,20260201_193430_d8da53d6_StateSignal_XLE,0.0,0.0,1.0,1.0,0.0,0.0,0.0,0.0
2022-03-14 00:00:00+00:00,20260201_193430_d8da53d6_StateSignal_XLE,0.0,0.0,1.0,1.0,0.0,0.0,0.0,0.0
2022-03-15 00:00:00+00:00,20260201_193430_d8da53d6_StateSignal_XLE,0.0,0.0,1.0,1.0,0.0,0.0,0.0,-0.0
2022-03-16 00:00:00+00:00,20260201_193430_d8da53d6_StateSignal_XLE,0.0,0.0,1.0,1.0,0.0,0.0,0.0,-0.0
2022-03-17 00:00:00+00:00,20260201_193430_d8da53d6_StateSignal_XLE,0.0,0.0,1.0,1.0,0.0,0.0,0.0,-0.0
2022-03-18 00:00:00+00:00,20260201_193430_d8da53d6_StateSignal_XLE,0.0,0.0,1.0,1.0,0.0,0.0,0.0,0.0
2022-03-21 00:00:00+00:00,20260201_193430_d8da53d6_StateSignal_XLE,0.0,0.0,1.0,1.0,0.0,0.0,0.0,-0.0
2022-03-22 00:00:00+00:00,20260201_193430_d8da53d6_StateSignal_XLE,0.0,0.0,1.0,1.0,0.0,0.0,0.0,0.0
2022-03-23 00:00:00+00:00,20260201_193430_d8da53d6_StateSignal_XLE,0.0,0.0,1.0,1.0,0.0,0.0,0.0,-0.0
2022-03-24 00:00:00+00:00,20260201_193430_d8da53d6_StateSignal_XLE,0.0,0.0,1.0,1.0,0.0,0.0,0.0,0.0
2022-03-25 00:00:00+00:00,20260201_193430_d8da53d6_StateSignal_XLE,0.0,0.0,1.0,1.0,0.0,0.0,0.0,-0.0
2022-03-28 00:00:00+00:00,20260201_193430_d8da53d6_StateSignal_XLE,0.0,0.0,1.0,1.0,0.0,0.0,0.0,0.0
2022-03-29 00:00:00+00:00,20260201_193430_d8da53d6_StateSignal_XLE,0.0,0.0,1.0,1.0,0.0,0.0,0.0,-0.0
2022-03-30 00:00:00+00:00,20260201_193430_d8da53d6_StateSignal_XLE,0.0,0.0,1.0,1.0,0.0,0.0,0.0,-0.0
2022-03-31 00:00:00+00:00,20260201_193430_d8da53d6_StateSignal_XLE,0.0,0.0,1.0,1.0,0.0,0.0,0.0,0.0
2022-04-01 00:00:00+00:00,20260201_193430_d8da53d6_StateSignal_XLE,0.0,0.0,1.0,1.0,0.0,0.0,0.0,-0.0
2022-04-04 00:00:00+00:00,20260201_193430_d8da53d6_StateSignal_XLE,0.0,0.0,1.0,1.0,0.0,0.0,0.0,-0.0
2022-04-05 00:00:00+00:00,20260201_193430_d8da53d6_StateSignal_XLE,0.0,0.0,1.0,1.0,0.0,0.0,0.0,0.0
2022-04-06 00:00:00+00:00,20260201_193430_d8da53d6_StateSignal_XLE,0.0,0.0,1.0,1.0,0.0,0.0,0.0,-0.0
2022-04-07 00:00:00+00:00,20260201_193430_d8da53d6_StateSignal_XLE,0.0,0.0,1.0,1.0,0.0,0.0,0.0,-0.0
2022-04-08 00:00:00+00:00,20260201_193430_d8da53d6_StateSignal_XLE,0.0,0.0,1.0,1.0,0.0,0.0,0.0,0.0
2022-04-11 00:00:00+00:00,20260201_193430_d8da53d6_StateSignal_XLE,0.0,0.0,1.0,1.0,0.0,0.0,0.0,0.0
2022-04-12 00:00:00+00:00,20260201_193430_d8da53d6_StateSignal_XLE,0.0,0.0,1.0,1.0,0.0,0.0,0.0,-0.0
2022-04-13 00:00:00+00:00,20260201_193430_d8da53d6_StateSignal_XLE,0.0,0.0,1.0,1.0,0.0,0.0,0.0,0.0
2022-04-14 00:00:00+00:00,20260201_193430_d8da53d6_StateSignal_XLE,0.0,0.0,1.0,1.0,0.0,0.0,0.0,0.0
2022-04-18 00:00:00+00:00,20260201_193430_d8da53d6_StateSignal_XLE,0.0,0.0,1.0,1.0,0.0,0.0,0.0,0.0
2022-04-19 00:00:00+00:00,20260201_193430_d8da53d6_StateSignal_XLE,0.0,0.0,1.0,1.0,0.0,0.0,0.0,0.0
2022-04-20 00:00:00+00:00,20260201_193430_d8da53d6_StateSignal_XLE,0.0,0.0,1.0,1.0,0.0,0.0,0.0,-0.0
2022-04-21 00:00:00+00:00,20260201_193430_d8da53d6_StateSignal_XLE,0.0,0.0,1.0,1.0,0.0,0.0,0.0,-0.0
2022-04-22 00:00:00+00:00,20260201_193430_d8da53d6_StateSignal_XLE,0.0,0.0,1.0,1.0,0.0,0.0,0.0,-0.0
2022-04-25 00:00:00+00:00,20260201_193430_d8da53d6_StateSignal_XLE,0.0,0.0,1.0,1.0,0.0,0.0,0.0,-0.0
2022-04-26 00:00:00+00:00,20260201_193430_d8da53d6_StateSignal_XLE,0.0,0.0,1.0,1.0,0.0,0.0,0.0,-0.0
2022-04-27 00:00:00+00:00,20260201_193430_d8da53d6_StateSignal_XLE,0.0,0.0,1.0,1.0,0.0,0.0,0.0,0.0
2022-04-28 00:00:00+00:00,20260201_193430_d8da53d6_StateSignal_XLE,0.0,0.0,1.0,1.0,0.0,0.0,0.0,0.0
2022-04-29 00:00:00+00:00,20260201_193430_d8da53d6_StateSignal_XLE,0.0,0.0,1.0,1.0,0.0,0.0,0.0,0.0
2022-05-02 00:00:00+00:00,20260201_193430_d8da53d6_StateSignal_XLE,0.0,0.0,1.0,1.0,0.0,0.0,0.0,-0.0
2022-05-03 00:00:00+00:00,20260201_193430_d8da53d6_StateSignal_XLE,0.0,0.0,1.0,1.0,0.0,0.0,0.0,-0.0
2022-05-04 00:00:00+00:00,20260201_193430_d8da53d6_StateSignal_XLE,0.0,0.0,1.0,1.0,0.0,0.0,0.0,0.0
2022-05-05 00:00:00+00:00,20260201_193430_d8da53d6_StateSignal_XLE,0.0,0.0,1.0,1.0,0.0,0.0,0.0,0.0
2022-05-06 00:00:00+00:00,20260201_193430_d8da53d6_StateSignal_XLE,0.0,0.0,1.0,1.0,0.0,0.0,0.0,-0.0
2022-05-09 00:00:00+00:00,20260201_193430_d8da53d6_StateSignal_XLE,0.0,0.0,1.0,1.0,0.0,0.0,0.0,0.0
2022-05-10 00:00:00+00:00,20260201_193430_d8da53d6_StateSignal_XLE,0.0,0.0,1.0,1.0,0.0,0.0,0.0,-0.0
2022-05-11 00:00:00+00:00,20260201_193430_d8da53d6_StateSignal_XLE,0.0,0.0,1.0,1.0,0.0,0.0,0.0,-0.0
2022-05-12 00:00:00+00:00,20260201_193430_d8da53d6_StateSignal_XLE,0.0,0.0,1.0,1.0,0.0,0.0,0.0,0.0
2022-05-13 00:00:00+00:00,20260201_193430_d8da53d6_StateSignal_XLE,0.0,0.0,1.0,1.0,0.0,0.0,0.0,-0.0
2022-05-16 00:00:00+00:00,20260201_193430_d8da53d6_StateSignal_XLE,0.0,0.0,1.0,1.0,0.0,0.0,0.0,0.0
2022-05-17 00:00:00+00:00,20260201_193430_d8da53d6_StateSignal_XLE,0.0,0.0,1.0,1.0,0.0,0.0,0.0,0.0
2022-05-18 00:00:00+00:00,20260201_193430_d8da53d6_StateSignal_XLE,0.0,0.0,1.0,1.0,0.0,0.0,0.0,0.0
2022-05-19 00:00:00+00:00,20260201_193430_d8da53d6_StateSignal_XLE,0.0,0.0,1.0,1.0,0.0,0.0,0.0,-0.0
2022-05-20 00:00:00+00:00,20260201_193430_d8da53d6_StateSignal_XLE,0.0,0.0,1.0,1.0,0.0,0.0,0.0,0.0
2022-05-23 00:00:00+00:00,20260201_193430_d8da53d6_StateSignal_XLE,0.0,0.0,1.0,1.0,0.0,0.0,0.0,-0.0
2022-05-24 00:00:00+00:00,20260201_193430_d8da53d6_StateSignal_XLE,0.0,0.0,1.0,1.0,0.0,0.0,0.0,0.0
2022-05-25 00:00:00+00:00,20260201_193430_d8da53d6_StateSignal_XLE,0.0,0.0,1.0,1.0,0.0,0.0,0.0,-0.0
2022-05-26 00:00:00+00:00,20260201_193430_d8da53d6_StateSignal_XLE,0.0,0.0,1.0,1.0,0.0,0.0,0.0,0.0
2022-05-27 00:00:00+00:00,20260201_193430_d8da53d6_StateSignal_XLE,0.0,0.0,1.0,1.0,0.0,0.0,0.0,0.0
2022-05-31 00:00:00+00:00,20260201_193430_d8da53d6_StateSignal_XLE,0.0,0.0,1.0,1.0,0.0,0.0,0.0,0.0
2022-06-01 00:00:00+00:00,20260201_193430_d8da53d6_StateSignal_XLE,0.0,0.0,1.0,1.0,0.0,0.0,0.0,-0.0
2022-06-02 00:00:00+00:00,20260201_193430_d8da53d6_StateSignal_XLE,0.0,0.0,1.0,1.0,0.0,0.0,0.0,0.0
2022-06-03 00:00:00+00:00,20260201_193430_d8da53d6_StateSignal_XLE,0.0,0.0,1.0,1.0,0.0,0.0,0.0,-0.0
2022-06-06 00:00:00+00:00,20260201_193430_d8da53d6_StateSignal_XLE,0.0,0.0,1.0,1.0,0.0,0.0,0.0,0.0
2022-06-07 00:00:00+00:00,20260201_193430_d8da53d6_StateSignal_XLE,0.0,0.0,1.0,1.0,0.0,0.0,0.0,-0.0
2022-06-08 00:00:00+00:00,20260201_193430_d8da53d6_StateSignal_XLE,0.0,0.0,1.0,1.0,0.0,0.0,0.0,0.0
2022-06-09 00:00:00+00:00,20260201_193430_d8da53d6_StateSignal_XLE,0.0,0.0,1.0,1.0,0.0,0.0,0.0,0.0
2022-06-10 00:00:00+00:00,20260201_193430_d8da53d6_StateSignal_XLE,0.0,0.0,1.0,1.0,0.0,0.0,0.0,-0.0
2022-06-13 00:00:00+00:00,20260201_193430_d8da53d6_StateSignal_XLE,0.0,0.0,1.0,1.0,0.0,0.0,0.0,-0.0
2022-06-14 00:00:00+00:00,20260201_193430_d8da53d6_StateSignal_XLE,0.0,0.0,1.0,1.0,0.0,0.0,0.0,-0.0
2022-06-15 00:00:00+00:00,20260201_193430_d8da53d6_StateSignal_XLE,0.0,0.0,1.0,1.0,0.0,0.0,0.0,-0.0
2022-06-16 00:00:00+00:00,20260201_193430_d8da53d6_StateSignal_XLE,0.0,0.0,1.0,1.0,0.0,0.0,0.0,-0.0
2022-06-17 00:00:00+00:00,20260201_193430_d8da53d6_StateSignal_XLE,0.0,0.0,1.0,1.0,0.0,0.0,0.0,-0.0
2022-06-21 00:00:00+00:00,20260201_193430_d8da53d6_StateSignal_XLE,0.0,0.0,1.0,1.0,0.0,0.0,0.0,-0.0
2022-06-22 00:00:00+00:00,20260201_193430_d8da53d6_StateSignal_XLE,0.0,0.0,1.0,1.0,0.0,0.0,0.0,0.0
2022-06-23 00:00:00+00:00,20260201_193430_d8da53d6_StateSignal_XLE,0.0,0.0,1.0,1.0,0.0,0.0,0.0,-0.0
2022-06-24 00:00:00+00:00,20260201_193430_d8da53d6_StateSignal_XLE,0.0,0.0,1.0,1.0,0.0,0.0,0.0,-0.0
2022-06-27 00:00:00+00:00,20260201_193430_d8da53d6_StateSignal_XLE,0.0,0.0,1.0,1.0,0.0,0.0,0.0,0.0
2022-06-28 00:00:00+00:00,20260201_193430_d8da53d6_StateSignal_XLE,0.0,0.0,1.0,1.0,0.0,0.0,0.0,0.0
2022-06-29 00:00:00+00:00,20260201_193430_d8da53d6_StateSignal_XLE,0.0,0.0,1.0,1.0,0.0,0.0,0.0,0.0
2022-06-30 00:00:00+00:00,20260201_193430_d8da53d6_StateSignal_XLE,0.0,0.0,1.0,1.0,0.0,0.0,0.0,-0.0
2022-07-01 00:00:00+00:00,20260201_193430_d8da53d6_StateSignal_XLE,0.0,0.0,1.0,1.0,0.0,0.0,0.0,-0.0
2022-07-05 00:00:00+00:00,20260201_193430_d8da53d6_StateSignal_XLE,0.0,0.0,1.0,1.0,0.0,0.0,0.0,0.0
2022-07-06 00:00:00+00:00,20260201_193430_d8da53d6_StateSignal_XLE,0.0,0.0,1.0,1.0,0.0,0.0,0.0,-0.0
2022-07-07 00:00:00+00:00,20260201_193430_d8da53d6_StateSignal_XLE,0.0,0.0,1.0,1.0,0.0,0.0,0.0,-0.0
2022-07-08 00:00:00+00:00,20260201_193430_d8da53d6_StateSignal_XLE,0.0,0.0,1.0,1.0,0.0,0.0,0.0,0.0
2022-07-11 00:00:00+00:00,20260201_193430_d8da53d6_StateSignal_XLE,0.0,0.0,1.0,1.0,0.0,0.0,0.0,-0.0
2022-07-12 00:00:00+00:00,20260201_193430_d8da53d6_StateSignal_XLE,0.0,0.0,1.0,1.0,0.0,0.0,0.0,-0.0
2022-07-13 00:00:00+00:00,20260201_193430_d8da53d6_StateSignal_XLE,0.0,0.0,1.0,1.0,0.0,0.0,0.0,-0.0
2022-07-14 00:00:00+00:00,20260201_193430_d8da53d6_StateSignal_XLE,0.0,0.0,1.0,1.0,0.0,0.0,0.0,0.0
2022-07-15 00:00:00+00:00,20260201_193430_d8da53d6_StateSignal_XLE,0.0,0.0,1.0,1.0,0.0,0.0,0.0,-0.0
2022-07-18 00:00:00+00:00,20260201_193430_d8da53d6_StateSignal_XLE,0.0,0.0,1.0,1.0,0.0,0.0,0.0,0.0
2022-07-19 00:00:00+00:00,20260201_193430_d8da53d6_StateSignal_XLE,0.0,0.0,1.0,1.0,0.0,0.0,0.0,0.0
2022-07-20 00:00:00+00:00,20260201_193430_d8da53d6_StateSignal_XLE,0.0,0.0,1.0,1.0,0.0,0.0,0.0,0.0
2022-07-21 00:00:00+00:00,20260201_193430_d8da53d6_StateSignal_XLE,0.0,0.0,1.0,1.0,0.0,0.0,0.0,0.0
2022-07-22 00:00:00+00:00,20260201_193430_d8da53d6_StateSignal_XLE,0.0,0.0,1.0,1.0,0.0,0.0,0.0,-0.0
2022-07-25 00:00:00+00:00,20260201_193430_d8da53d6_StateSignal_XLE,0.0,0.0,1.0,1.0,0.0,0.0,0.0,0.0
2022-07-26 00:00:00+00:00,20260201_193430_d8da53d6_StateSignal_XLE,0.0,0.0,1.0,1.0,0.0,0.0,0.0,0.0
2022-07-27 00:00:00+00:00,20260201_193430_d8da53d6_StateSignal_XLE,0.0,0.0,1.0,1.0,0.0,0.0,0.0,-0.0
2022-07-28 00:00:00+00:00,20260201_193430_d8da53d6_StateSignal_XLE,0.0,0.0,1.0,1.0,0.0,0.0,0.0,0.0
2022-07-29 00:00:00+00:00,20260201_193430_d8da53d6_StateSignal_XLE,0.0,0.0,1.0,1.0,0.0,0.0,0.0,0.0
2022-08-01 00:00:00+00:00,20260201_193430_d8da53d6_StateSignal_XLE,0.0,0.0,1.0,1.0,0.0,0.0,0.0,0.0
2022-08-02 00:00:00+00:00,20260201_193430_d8da53d6_StateSignal_XLE,0.0,0.0,1.0,1.0,0.0,0.0,0.0,-0.0
2022-08-03 00:00:00+00:00,20260201_193430_d8da53d6_StateSignal_XLE,0.0,0.0,1.0,1.0,0.0,0.0,0.0,0.0
2022-08-04 00:00:00+00:00,20260201_193430_d8da53d6_StateSignal_XLE,0.0,0.0,1.0,1.0,0.0,0.0,0.0,-0.0
2022-08-05 00:00:00+00:00,20260201_193430_d8da53d6_StateSignal_XLE,0.0,0.0,1.0,1.0,0.0,0.0,0.0,-0.0
2022-08-08 00:00:00+00:00,20260201_193430_d8da53d6_StateSignal_XLE,0.0,0.0,1.0,1.0,0.0,0.0,0.0,0.0
2022-08-09 00:00:00+00:00,20260201_193430_d8da53d6_StateSignal_XLE,0.0,0.0,1.0,1.0,0.0,0.0,0.0,0.0
2022-08-10 00:00:00+00:00,20260201_193430_d8da53d6_StateSignal_XLE,0.0,0.0,1.0,1.0,0.0,0.0,0.0,0.0
2022-08-11 00:00:00+00:00,20260201_193430_d8da53d6_StateSignal_XLE,0.0,0.0,1.0,1.0,0.0,0.0,0.0,0.0
2022-08-12 00:00:00+00:00,20260201_193430_d8da53d6_StateSignal_XLE,0.0,0.0,1.0,1.0,0.0,0.0,0.0,0.0
2022-08-15 00:00:00+00:00,20260201_193430_d8da53d6_StateSignal_XLE,0.0,0.0,1.0,1.0,0.0,0.0,0.0,0.0
2022-08-16 00:00:00+00:00,20260201_193430_d8da53d6_StateSignal_XLE,0.0,0.0,1.0,1.0,0.0,0.0,0.0,-0.0
2022-08-17 00:00:00+00:00,20260201_193430_d8da53d6_StateSignal_XLE,0.0,0.0,1.0,1.0,0.0,0.0,0.0,0.0
2022-08-18 00:00:00+00:00,20260201_193430_d8da53d6_StateSignal_XLE,0.0,0.0,1.0,1.0,0.0,0.0,0.0,0.0
2022-08-19 00:00:00+00:00,20260201_193430_d8da53d6_StateSignal_XLE,0.0,0.0,1.0,1.0,0.0,0.0,0.0,0.0
2022-08-22 00:00:00+00:00,20260201_193430_d8da53d6_StateSignal_XLE,0.0,0.0,1.0,1.0,0.0,0.0,0.0,0.0
2022-08-23 00:00:00+00:00,20260201_193430_d8da53d6_StateSignal_XLE,0.0,0.0,1.0,1.0,0.0,0.0,0.0,-0.0
2022-08-24 00:00:00+00:00,20260201_193430_d8da53d6_StateSignal_XLE,0.0,0.0,1.0,1.0,0.0,0.0,0.0,0.0
2022-08-25 00:00:00+00:00,20260201_193430_d8da53d6_StateSignal_XLE,0.0,0.0,1.0,1.0,0.0,0.0,0.0,0.0
2022-08-26 00:00:00+00:00,20260201_193430_d8da53d6_StateSignal_XLE,0.0,0.0,1.0,1.0,0.0,0.0,0.0,0.0
2022-08-29 00:00:00+00:00,20260201_193430_d8da53d6_StateSignal_XLE,0.0,0.0,1.0,1.0,0.0,0.0,0.0,-0.0
2022-08-30 00:00:00+00:00,20260201_193430_d8da53d6_StateSignal_XLE,0.0,0.0,1.0,1.0,0.0,0.0,0.0,0.0
2022-08-31 00:00:00+00:00,20260201_193430_d8da53d6_StateSignal_XLE,0.0,0.0,1.0,1.0,0.0,0.0,0.0,-0.0
2022-09-01 00:00:00+00:00,20260201_193430_d8da53d6_StateSignal_XLE,0.0,0.0,1.0,1.0,0.0,0.0,0.0,-0.0
2022-09-02 00:00:00+00:00,20260201_193430_d8da53d6_StateSignal_XLE,0.0,0.0,1.0,1.0,0.0,0.0,0.0,-0.0
2022-09-06 00:00:00+00:00,20260201_193430_d8da53d6_StateSignal_XLE,0.0,0.0,1.0,1.0,0.0,0.0,0.0,0.0
2022-09-07 00:00:00+00:00,20260201_193430_d8da53d6_StateSignal_XLE,0.0,0.0,1.0,1.0,0.0,0.0,0.0,-0.0
2022-09-08 00:00:00+00:00,20260201_193430_d8da53d6_StateSignal_XLE,0.0,0.0,1.0,1.0,0.0,0.0,0.0,-0.0
2022-09-09 00:00:00+00:00,20260201_193430_d8da53d6_StateSignal_XLE,0.0,0.0,1.0,1.0,0.0,0.0,0.0,0.0
2022-09-12 00:00:00+00:00,20260201_193430_d8da53d6_StateSignal_XLE,0.0,0.0,1.0,1.0,0.0,0.0,0.0,0.0
2022-09-13 00:00:00+00:00,20260201_193430_d8da53d6_StateSignal_XLE,0.0,0.0,1.0,1.0,0.0,0.0,0.0,0.0
2022-09-14 00:00:00+00:00,20260201_193430_d8da53d6_StateSignal_XLE,0.0,0.0,1.0,1.0,0.0,0.0,0.0,-0.0
2022-09-15 00:00:00+00:00,20260201_193430_d8da53d6_StateSignal_XLE,0.0,0.0,1.0,1.0,0.0,0.0,0.0,0.0
2022-09-16 00:00:00+00:00,20260201_193430_d8da53d6_StateSignal_XLE,0.0,0.0,1.0,1.0,0.0,0.0,0.0,-0.0
2022-09-19 00:00:00+00:00,20260201_193430_d8da53d6_StateSignal_XLE,0.0,0.0,1.0,1.0,0.0,0.0,0.0,-0.0
2022-09-20 00:00:00+00:00,20260201_193430_d8da53d6_StateSignal_XLE,0.0,0.0,1.0,1.0,0.0,0.0,0.0,-0.0
2022-09-21 00:00:00+00:00,20260201_193430_d8da53d6_StateSignal_XLE,0.0,0.0,1.0,1.0,0.0,0.0,0.0,-0.0
2022-09-22 00:00:00+00:00,20260201_193430_d8da53d6_StateSignal_XLE,0.0,0.0,1.0,1.0,0.0,0.0,0.0,0.0
2022-09-23 00:00:00+00:00,20260201_193430_d8da53d6_StateSignal_XLE,0.0,0.0,1.0,1.0,0.0,0.0,0.0,-0.0
2022-09-26 00:00:00+00:00,20260201_193430_d8da53d6_StateSignal_XLE,0.0,0.0,1.0,1.0,0.0,0.0,0.0,-0.0
2022-09-27 00:00:00+00:00,20260201_193430_d8da53d6_StateSignal_XLE,0.0,0.0,1.0,1.0,0.0,0.0,0.0,-0.0
2022-09-28 00:00:00+00:00,20260201_193430_d8da53d6_StateSignal_XLE,0.0,0.0,1.0,1.0,0.0,0.0,0.0,0.0
2022-09-29 00:00:00+00:00,20260201_193430_d8da53d6_StateSignal_XLE,0.0,0.0,1.0,1.0,0.0,0.0,0.0,0.0
2022-09-30 00:00:00+00:00,20260201_193430_d8da53d6_StateSignal_XLE,0.0,0.0,1.0,1.0,0.0,0.0,0.0,-0.0
2022-10-03 00:00:00+00:00,20260201_193430_d8da53d6_StateSignal_XLE,0.0,0.0,1.0,1.0,0.0,0.0,0.0,0.0
2022-10-04 00:00:00+00:00,20260201_193430_d8da53d6_StateSignal_XLE,0.0,0.0,1.0,1.0,0.0,0.0,0.0,0.0
2022-10-05 00:00:00+00:00,20260201_193430_d8da53d6_StateSignal_XLE,0.0,0.0,1.0,1.0,0.0,0.0,0.0,0.0
2022-10-06 00:00:00+00:00,20260201_193430_d8da53d6_StateSignal_XLE,0.0,0.0,1.0,1.0,0.0,0.0,0.0,0.0
2022-10-07 00:00:00+00:00,20260201_193430_d8da53d6_StateSignal_XLE,0.0,0.0,1.0,1.0,0.0,0.0,0.0,0.0
2022-10-10 00:00:00+00:00,20260201_193430_d8da53d6_StateSignal_XLE,0.0,0.0,1.0,1.0,0.0,0.0,0.0,0.0
2022-10-11 00:00:00+00:00,20260201_193430_d8da53d6_StateSignal_XLE,0.0,0.0,1.0,1.0,0.0,0.0,0.0,-0.0
2022-10-12 00:00:00+00:00,20260201_193430_d8da53d6_StateSignal_XLE,0.0,0.0,1.0,1.0,0.0,0.0,0.0,-0.0
2022-10-13 00:00:00+00:00,20260201_193430_d8da53d6_StateSignal_XLE,0.0,0.0,1.0,1.0,0.0,0.0,0.0,0.0
2022-10-14 00:00:00+00:00,20260201_193430_d8da53d6_StateSignal_XLE,0.0,0.0,1.0,1.0,0.0,0.0,0.0,0.0
2022-10-17 00:00:00+00:00,20260201_193430_d8da53d6_StateSignal_XLE,0.0,0.0,1.0,1.0,0.0,0.0,0.0,-0.0
2022-10-18 00:00:00+00:00,20260201_193430_d8da53d6_StateSignal_XLE,0.0,0.0,1.0,1.0,0.0,0.0,0.0,0.0
2022-10-19 00:00:00+00:00,20260201_193430_d8da53d6_StateSignal_XLE,0.0,0.0,1.0,1.0,0.0,0.0,0.0,0.0
2022-10-20 00:00:00+00:00,20260201_193430_d8da53d6_StateSignal_XLE,0.0,0.0,1.0,1.0,0.0,0.0,0.0,0.0
2022-10-21 00:00:00+00:00,20260201_193430_d8da53d6_StateSignal_XLE,0.0,0.0,1.0,1.0,0.0,0.0,0.0,0.0
2022-10-24 00:00:00+00:00,20260201_193430_d8da53d6_StateSignal_XLE,0.0,0.0,1.0,1.0,0.0,0.0,0.0,0.0
2022-10-25 00:00:00+00:00,20260201_193430_d8da53d6_StateSignal_XLE,0.0,0.0,1.0,1.0,0.0,0.0,0.0,0.0
2022-10-26 00:00:00+00:00,20260201_193430_d8da53d6_StateSignal_XLE,0.0,0.0,1.0,1.0,0.0,0.0,0.0,-0.0
2022-10-27 00:00:00+00:00,20260201_193430_d8da53d6_StateSignal_XLE,0.0,0.0,1.0,1.0,0.0,0.0,0.0,0.0
2022-10-28 00:00:00+00:00,20260201_193430_d8da53d6_StateSignal_XLE,0.0,0.0,1.0,1.0,0.0,0.0,0.0,0.0
2022-10-31 00:00:00+00:00,20260201_193430_d8da53d6_StateSignal_XLE,0.0,0.0,1.0,1.0,0.0,0.0,0.0,0.0
2022-11-01 00:00:00+00:00,20260201_193430_d8da53d6_StateSignal_XLE,0.0,0.0,1.0,1.0,0.0,0.0,0.0,0.0
2022-11-02 00:00:00+00:00,20260201_193430_d8da53d6_StateSignal_XLE,0.0,0.0,1.0,1.0,0.0,0.0,0.0,0.0
2022-11-03 00:00:00+00:00,20260201_193430_d8da53d6_StateSignal_XLE,0.0,0.0,1.0,1.0,0.0,0.0,0.0,-0.0
2022-11-04 00:00:00+00:00,20260201_193430_d8da53d6_StateSignal_XLE,0.0,0.0,1.0,1.0,0.0,0.0,0.0,0.0
2022-11-07 00:00:00+00:00,20260201_193430_d8da53d6_StateSignal_XLE,0.0,0.0,1.0,1.0,0.0,0.0,0.0,0.0
2022-11-08 00:00:00+00:00,20260201_193430_d8da53d6_StateSignal_XLE,0.0,0.0,1.0,1.0,0.0,0.0,0.0,0.0
2022-11-09 00:00:00+00:00,20260201_193430_d8da53d6_StateSignal_XLE,0.0,0.0,1.0,1.0,0.0,0.0,0.0,-0.0
2022-11-10 00:00:00+00:00,20260201_193430_d8da53d6_StateSignal_XLE,0.0,0.0,1.0,1.0,0.0,0.0,0.0,-0.0
2022-11-11 00:00:00+00:00,20260201_193430_d8da53d6_StateSignal_XLE,0.0,0.0,1.0,1.0,0.0,0.0,0.0,0.0
2022-11-14 00:00:00+00:00,20260201_193430_d8da53d6_StateSignal_XLE,0.0,0.0,1.0,1.0,0.0,0.0,0.0,0.0
2022-11-15 00:00:00+00:00,20260201_193430_d8da53d6_StateSignal_XLE,0.0,0.0,1.0,1.0,0.0,0.0,0.0,0.0
2022-11-16 00:00:00+00:00,20260201_193430_d8da53d6_StateSignal_XLE,0.0,0.0,1.0,1.0,0.0,0.0,0.0,-0.0
2022-11-17 00:00:00+00:00,20260201_193430_d8da53d6_StateSignal_XLE,0.0,0.0,1.0,1.0,0.0,0.0,0.0,-0.0
2022-11-18 00:00:00+00:00,20260201_193430_d8da53d6_StateSignal_XLE,0.0,0.0,1.0,1.0,0.0,0.0,0.0,-0.0
2022-11-21 00:00:00+00:00,20260201_193430_d8da53d6_StateSignal_XLE,0.0,0.0,1.0,1.0,0.0,0.0,0.0,-0.0
2022-11-22 00:00:00+00:00,20260201_193430_d8da53d6_StateSignal_XLE,0.0,0.0,1.0,1.0,0.0,0.0,0.0,-0.0
2022-11-23 00:00:00+00:00,20260201_193430_d8da53d6_StateSignal_XLE,0.0,0.0,1.0,1.0,0.0,0.0,0.0,0.0
2022-11-25 00:00:00+00:00,20260201_193430_d8da53d6_StateSignal_XLE,0.0,0.0,1.0,1.0,0.0,0.0,0.0,-0.0
2022-11-28 00:00:00+00:00,20260201_193430_d8da53d6_StateSignal_XLE,0.0,0.0,1.0,1.0,0.0,0.0,0.0,-0.0
2022-11-29 00:00:00+00:00,20260201_193430_d8da53d6_StateSignal_XLE,0.0,0.0,1.0,1.0,0.0,0.0,0.0,0.0
2022-11-30 00:00:00+00:00,20260201_193430_d8da53d6_StateSignal_XLE,0.0,0.0,1.0,1.0,0.0,0.0,0.0,0.0
2022-12-01 00:00:00+00:00,20260201_193430_d8da53d6_StateSignal_XLE,0.0,0.0,1.0,1.0,0.0,0.0,0.0,0.0
2022-12-02 00:00:00+00:00,20260201_193430_d8da53d6_StateSignal_XLE,0.0,0.0,1.0,1.0,0.0,0.0,0.0,-0.0
2022-12-05 00:00:00+00:00,20260201_193430_d8da53d6_StateSignal_XLE,0.0,0.0,1.0,1.0,0.0,0.0,0.0,-0.0
2022-12-06 00:00:00+00:00,20260201_193430_d8da53d6_StateSignal_XLE,0.0,0.0,1.0,1.0,0.0,0.0,0.0,-0.0
2022-12-07 00:00:00+00:00,20260201_193430_d8da53d6_StateSignal_XLE,0.0,0.0,1.0,1.0,0.0,0.0,0.0,-0.0
2022-12-08 00:00:00+00:00,20260201_193430_d8da53d6_StateSignal_XLE,0.0,0.0,1.0,1.0,0.0,0.0,0.0,-0.0
2022-12-09 00:00:00+00:00,20260201_193430_d8da53d6_StateSignal_XLE,0.0,0.0,1.0,1.0,0.0,0.0,0.0,-0.0
2022-12-12 00:00:00+00:00,20260201_193430_d8da53d6_StateSignal_XLE,0.0,0.0,1.0,1.0,0.0,0.0,0.0,-0.0
2022-12-13 00:00:00+00:00,20260201_193430_d8da53d6_StateSignal_XLE,0.0,0.0,1.0,1.0,0.0,0.0,0.0,0.0
2022-12-14 00:00:00+00:00,20260201_193430_d8da53d6_StateSignal_XLE,0.0,0.0,1.0,1.0,0.0,0.0,0.0,0.0
2022-12-15 00:00:00+00:00,20260201_193430_d8da53d6_StateSignal_XLE,0.0,0.0,1.0,1.0,0.0,0.0,0.0,-0.0
2022-12-16 00:00:00+00:00,20260201_193430_d8da53d6_StateSignal_XLE,0.0,0.0,1.0,1.0,0.0,0.0,0.0,-0.0
2022-12-19 00:00:00+00:00,20260201_193430_d8da53d6_StateSignal_XLE,0.0,0.0,1.0,1.0,0.0,0.0,0.0,-0.0
2022-12-20 00:00:00+00:00,20260201_193430_d8da53d6_StateSignal_XLE,0.0,0.0,1.0,1.0,0.0,0.0,0.0,-0.0
2022-12-21 00:00:00+00:00,20260201_193430_d8da53d6_StateSignal_XLE,0.0,0.0,1.0,1.0,0.0,0.0,0.0,0.0
2022-12-22 00:00:00+00:00,20260201_193430_d8da53d6_StateSignal_XLE,0.0,0.0,1.0,1.0,0.0,0.0,0.0,0.0
2022-12-23 00:00:00+00:00,20260201_193430_d8da53d6_StateSignal_XLE,0.0,0.0,1.0,1.0,0.0,0.0,0.0,-0.0
2022-12-27 00:00:00+00:00,20260201_193430_d8da53d6_StateSignal_XLE,0.0,0.0,1.0,1.0,0.0,0.0,0.0,0.0
2022-12-28 00:00:00+00:00,20260201_193430_d8da53d6_StateSignal_XLE,0.0,0.0,1.0,1.0,0.0,0.0,0.0,0.0
2022-12-29 00:00:00+00:00,20260201_193430_d8da53d6_StateSignal_XLE,0.0,0.0,1.0,1.0,0.0,0.0,0.0,-0.0
2022-12-30 00:00:00+00:00,20260201_193430_d8da53d6_StateSignal_XLE,0.0,0.0,1.0,1.0,0.0,0.0,0.0,0.0
2023-01-03 00:00:00+00:00,20260201_193430_d8da53d6_StateSignal_XLE,0.0,0.0,1.0,1.0,0.0,0.0,0.0,-0.0
2023-01-04 00:00:00+00:00,20260201_193430_d8da53d6_StateSignal_XLE,0.0,0.0,1.0,1.0,0.0,0.0,0.0,-0.0
2023-01-05 00:00:00+00:00,20260201_193430_d8da53d6_StateSignal_XLE,0.0,0.0,1.0,1.0,0.0,0.0,0.0,0.0
2023-01-06 00:00:00+00:00,20260201_193430_d8da53d6_StateSignal_XLE,0.0,0.0,1.0,1.0,0.0,0.0,0.0,0.0
2023-01-09 00:00:00+00:00,20260201_193430_d8da53d6_StateSignal_XLE,0.0,0.0,1.0,1.0,0.0,0.0,0.0,0.0
2023-01-10 00:00:00+00:00,20260201_193430_d8da53d6_StateSignal_XLE,0.0,0.0,1.0,1.0,0.0,0.0,0.0,-0.0
2023-01-11 00:00:00+00:00,20260201_193430_d8da53d6_StateSignal_XLE,0.0,0.0,1.0,1.0,0.0,0.0,0.0,0.0
2023-01-12 00:00:00+00:00,20260201_193430_d8da53d6_StateSignal_XLE,0.0,0.0,1.0,1.0,0.0,0.0,0.0,0.0
2023-01-13 00:00:00+00:00,20260201_193430_d8da53d6_StateSignal_XLE,0.0,0.0,1.0,1.0,0.0,0.0,0.0,0.0
2023-01-17 00:00:00+00:00,20260201_193430_d8da53d6_StateSignal_XLE,0.0,0.0,1.0,1.0,0.0,0.0,0.0,-0.0
2023-01-18 00:00:00+00:00,20260201_193430_d8da53d6_StateSignal_XLE,0.0,0.0,1.0,1.0,0.0,0.0,0.0,0.0
2023-01-19 00:00:00+00:00,20260201_193430_d8da53d6_StateSignal_XLE,0.0,0.0,1.0,1.0,0.0,0.0,0.0,-0.0
2023-01-20 00:00:00+00:00,20260201_193430_d8da53d6_StateSignal_XLE,0.0,0.0,1.0,1.0,0.0,0.0,0.0,0.0
2023-01-23 00:00:00+00:00,20260201_193430_d8da53d6_StateSignal_XLE,0.0,0.0,1.0,1.0,0.0,0.0,0.0,0.0
2023-01-24 00:00:00+00:00,20260201_193430_d8da53d6_StateSignal_XLE,0.0,0.0,1.0,1.0,0.0,0.0,0.0,0.0
2023-01-25 00:00:00+00:00,20260201_193430_d8da53d6_StateSignal_XLE,0.0,0.0,1.0,1.0,0.0,0.0,0.0,-0.0
2023-01-26 00:00:00+00:00,20260201_193430_d8da53d6_StateSignal_XLE,0.0,0.0,1.0,1.0,0.0,0.0,0.0,-0.0
2023-01-27 00:00:00+00:00,20260201_193430_d8da53d6_StateSignal_XLE,0.0,0.0,1.0,1.0,0.0,0.0,0.0,0.0
2023-01-30 00:00:00+00:00,20260201_193430_d8da53d6_StateSignal_XLE,0.0,0.0,1.0,1.0,0.0,0.0,0.0,-0.0
2023-01-31 00:00:00+00:00,20260201_193430_d8da53d6_StateSignal_XLE,0.0,0.0,1.0,1.0,0.0,0.0,0.0,-0.0
2023-02-01 00:00:00+00:00,20260201_193430_d8da53d6_StateSignal_XLE,0.0,0.0,1.0,1.0,0.0,0.0,0.0,0.0
2023-02-02 00:00:00+00:00,20260201_193430_d8da53d6_StateSignal_XLE,0.0,0.0,1.0,1.0,0.0,0.0,0.0,-0.0
2023-02-03 00:00:00+00:00,20260201_193430_d8da53d6_StateSignal_XLE,-0.02933541232468355,-0.02933541232468355,0.9706645876753165,0.9706645876753165,0.0,0.0,0.9366293858046386,-0.02933541232468355
2023-02-06 00:00:00+00:00,20260201_193430_d8da53d6_StateSignal_XLE,0.0,0.0,0.9706645876753165,0.9706645876753165,0.0,0.0,0.0,0.0
2023-02-07 00:00:00+00:00,20260201_193430_d8da53d6_StateSignal_XLE,0.0,0.0,0.9706645876753165,0.9706645876753165,0.0,0.0,0.0,-0.0
2023-02-08 00:00:00+00:00,20260201_193430_d8da53d6_StateSignal_XLE,0.025092988317466255,0.025092988317466255,0.9950214628340314,0.9950214628340314,0.0,0.0,0.9366293858046386,0.025092988317466255
2023-02-09 00:00:00+00:00,20260201_193430_d8da53d6_StateSignal_XLE,0.0,0.0,0.9950214628340314,0.9950214628340314,0.0,0.0,0.0,-0.0
2023-02-10 00:00:00+00:00,20260201_193430_d8da53d6_StateSignal_XLE,0.0,0.0,0.9950214628340314,0.9950214628340314,0.0,0.0,0.0,-0.0
2023-02-13 00:00:00+00:00,20260201_193430_d8da53d6_StateSignal_XLE,0.03180869889152365,0.03180869889152365,1.0266718009359224,1.0266718009359224,0.0,0.0,0.9366293858046386,0.03180869889152365
2023-02-14 00:00:00+00:00,20260201_193430_d8da53d6_StateSignal_XLE,0.0006896277541673828,0.0006896277541673828,1.027379822304269,1.027379822304269,0.0,0.0,0.9366293858046386,0.0006896277541673828
2023-02-15 00:00:00+00:00,20260201_193430_d8da53d6_StateSignal_XLE,0.0,0.0,1.027379822304269,1.027379822304269,0.0,0.0,0.0,0.0
2023-02-16 00:00:00+00:00,20260201_193430_d8da53d6_StateSignal_XLE,-0.021596725463317118,-0.021596725463317118,1.0051917823354122,1.0051917823354122,0.0,0.0,0.9366293858046386,-0.021596725463317118
2023-02-17 00:00:00+00:00,20260201_193430_d8da53d6_StateSignal_XLE,0.0,0.0,1.0051917823354122,1.0051917823354122,0.0,0.0,0.0,0.0
2023-02-21 00:00:00+00:00,20260201_193430_d8da53d6_StateSignal_XLE,-0.03810787141363864,-0.03810787141363864,0.966886063148128,0.966886063148128,0.0,0.0,0.9366293858046386,-0.03810787141363864
2023-02-22 00:00:00+00:00,20260201_193430_d8da53d6_StateSignal_XLE,-0.0044134450625751215,-0.0044134450625751215,0.9626187646266542,0.9626187646266542,0.0,0.0,0.9366293858046386,-0.0044134450625751215
2023-02-23 00:00:00+00:00,20260201_193430_d8da53d6_StateSignal_XLE,-0.011623008858110578,-0.011623008858110578,0.9514302381984151,0.9514302381984151,0.0,0.0,0.9366293858046386,-0.011623008858110578
2023-02-24 00:00:00+00:00,20260201_193430_d8da53d6_StateSignal_XLE,0.018235402230099063,0.018235402230099063,0.9687799512858422,0.9687799512858422,0.0,0.0,0.9366293858046386,0.018235402230099063
2023-02-27 00:00:00+00:00,20260201_193430_d8da53d6_StateSignal_XLE,-0.005138933100930018,-0.005138933100930018,0.9638014559266619,0.9638014559266619,0.0,0.0,0.9366293858046386,-0.005138933100930018
2023-02-28 00:00:00+00:00,20260201_193430_d8da53d6_StateSignal_XLE,0.005626887988655052,0.005626887988655052,0.9692246587624638,0.9692246587624638,0.0,0.0,0.9366293858046386,0.005626887988655052
2023-03-01 00:00:00+00:00,20260201_193430_d8da53d6_StateSignal_XLE,0.0,0.0,0.9692246587624638,0.9692246587624638,0.0,0.0,0.0,-0.0
2023-03-02 00:00:00+00:00,20260201_193430_d8da53d6_StateSignal_XLE,0.0,0.0,0.9692246587624638,0.9692246587624638,0.0,0.0,0.0,0.0
2023-03-03 00:00:00+00:00,20260201_193430_d8da53d6_StateSignal_XLE,0.0,0.0,0.9692246587624638,0.9692246587624638,0.0,0.0,0.0,0.0
2023-03-06 00:00:00+00:00,20260201_193430_d8da53d6_StateSignal_XLE,0.0,0.0,0.9692246587624638,0.9692246587624638,0.0,0.0,0.0,0.0
2023-03-07 00:00:00+00:00,20260201_193430_d8da53d6_StateSignal_XLE,0.0,0.0,0.9692246587624638,0.9692246587624638,0.0,0.0,0.0,-0.0
2023-03-08 00:00:00+00:00,20260201_193430_d8da53d6_StateSignal_XLE,0.0,0.0,0.9692246587624638,0.9692246587624638,0.0,0.0,0.0,-0.0
2023-03-09 00:00:00+00:00,20260201_193430_d8da53d6_StateSignal_XLE,0.0,0.0,0.9692246587624638,0.9692246587624638,0.0,0.0,0.0,-0.0
2023-03-10 00:00:00+00:00,20260201_193430_d8da53d6_StateSignal_XLE,0.0,0.0,0.9692246587624638,0.9692246587624638,0.0,0.0,0.0,-0.0
2023-03-13 00:00:00+00:00,20260201_193430_d8da53d6_StateSignal_XLE,0.0,0.0,0.9692246587624638,0.9692246587624638,0.0,0.0,0.0,-0.0
2023-03-14 00:00:00+00:00,20260201_193430_d8da53d6_StateSignal_XLE,0.0,0.0,0.9692246587624638,0.9692246587624638,0.0,0.0,0.0,-0.0
2023-03-15 00:00:00+00:00,20260201_193430_d8da53d6_StateSignal_XLE,0.0,0.0,0.9692246587624638,0.9692246587624638,0.0,0.0,0.0,-0.0
2023-03-16 00:00:00+00:00,20260201_193430_d8da53d6_StateSignal_XLE,-0.0386737907675991,-0.0386737907675991,0.9317410671026866,0.9317410671026866,0.0,0.0,0.8663907697043844,-0.0386737907675991
2023-03-17 00:00:00+00:00,20260201_193430_d8da53d6_StateSignal_XLE,0.00492969051017592,0.00492969051017592,0.9363342621991239,0.9363342621991239,0.0,0.0,0.8663907697043844,0.00492969051017592
2023-03-20 00:00:00+00:00,20260201_193430_d8da53d6_StateSignal_XLE,-0.011380510692893479,-0.011380510692893479,0.9256783001160442,0.9256783001160442,0.0,0.0,0.8663907697043844,-0.011380510692893479
2023-03-21 00:00:00+00:00,20260201_193430_d8da53d6_StateSignal_XLE,0.01872284929455937,0.01872284929455937,0.9430096354243609,0.9430096354243609,0.0,0.0,0.8663907697043844,0.01872284929455937
2023-03-22 00:00:00+00:00,20260201_193430_d8da53d6_StateSignal_XLE,0.027582935348870224,0.027582935348870224,0.9690206092316326,0.9690206092316326,0.0,0.0,0.8663907697043844,0.027582935348870224
2023-03-23 00:00:00+00:00,20260201_193430_d8da53d6_StateSignal_XLE,-0.0040225780536170845,-0.0040225780536170845,0.9651226481954348,0.9651226481954348,0.0,0.0,0.8663907697043844,-0.0040225780536170845
2023-03-24 00:00:00+00:00,20260201_193430_d8da53d6_StateSignal_XLE,-0.029429241851804552,-0.029429241851804552,0.9367198203650373,0.9367198203650373,0.0,0.0,0.8663907697043844,-0.029429241851804552
2023-03-27 00:00:00+00:00,20260201_193430_d8da53d6_StateSignal_XLE,0.00708658084934887,0.00708658084934887,0.9433579611052416,0.9433579611052416,0.0,0.0,0.8663907697043844,0.00708658084934887
2023-03-28 00:00:00+00:00,20260201_193430_d8da53d6_StateSignal_XLE,0.021393451628183926,0.021393451628183926,0.9635396440142089,0.9635396440142089,0.0,0.0,0.8663907697043844,0.021393451628183926
2023-03-29 00:00:00+00:00,20260201_193430_d8da53d6_StateSignal_XLE,0.008035323873274255,0.008035323873274255,0.9712819971186024,0.9712819971186024,0.0,0.0,0.8663907697043844,0.008035323873274255
2023-03-30 00:00:00+00:00,20260201_193430_d8da53d6_StateSignal_XLE,0.012610762146530553,0.012610762146530553,0.9835306033614722,0.9835306033614722,0.0,0.0,0.8663907697043844,0.012610762146530553
2023-03-31 00:00:00+00:00,20260201_193430_d8da53d6_StateSignal_XLE,0.0022984223076120383,0.0022984223076120383,0.9857911720404575,0.9857911720404575,0.0,0.0,0.6618565585921881,0.0022984223076120383
2023-04-03 00:00:00+00:00,20260201_193430_d8da53d6_StateSignal_XLE,0.003169311204868222,0.003169311204868222,0.9889154510476655,0.9889154510476655,0.0,0.0,0.6618565585921881,0.003169311204868222
2023-04-04 00:00:00+00:00,20260201_193430_d8da53d6_StateSignal_XLE,0.032726894990065786,0.032726894990065786,1.021279583168156,1.021279583168156,0.0,0.0,0.6618565585921881,0.032726894990065786
2023-04-05 00:00:00+00:00,20260201_193430_d8da53d6_StateSignal_XLE,-0.012829041917218348,-0.012829041917218348,1.0081775445864924,1.0081775445864924,0.0,0.0,0.6618565585921881,-0.012829041917218348
2023-04-06 00:00:00+00:00,20260201_193430_d8da53d6_StateSignal_XLE,0.005601076236341084,0.005601076236341084,1.0138244238734884,1.0138244238734884,0.0,0.0,0.6618565585921881,0.005601076236341084
2023-04-10 00:00:00+00:00,20260201_193430_d8da53d6_StateSignal_XLE,-0.004068803133352127,-0.004068803133352127,1.009699371880963,1.009699371880963,0.0,0.0,0.6618565585921881,-0.004068803133352127
2023-04-11 00:00:00+00:00,20260201_193430_d8da53d6_StateSignal_XLE,0.0033924039343768723,0.0033924039343768723,1.0131246800026699,1.0131246800026699,0.0,0.0,0.6618565585921881,0.0033924039343768723
2023-04-12 00:00:00+00:00,20260201_193430_d8da53d6_StateSignal_XLE,0.007737166051480023,0.007737166051480023,1.020963393882703,1.020963393882703,0.0,0.0,0.6618565585921881,0.007737166051480023
2023-04-13 00:00:00+00:00,20260201_193430_d8da53d6_StateSignal_XLE,0.0013364094567662914,0.0013364094567662914,1.0223278190173,1.0223278190173,0.0,0.0,0.6618565585921881,0.0013364094567662914
2023-04-14 00:00:00+00:00,20260201_193430_d8da53d6_StateSignal_XLE,0.0021659264796376606,0.0021659264796376606,1.0245421059113797,1.0245421059113797,0.0,0.0,0.6618565585921881,0.0021659264796376606
2023-04-17 00:00:00+00:00,20260201_193430_d8da53d6_StateSignal_XLE,-0.0004992004449794646,-0.0004992004449794646,1.0240306540362085,1.0240306540362085,0.0,0.0,0.6618565585921881,-0.0004992004449794646
2023-04-18 00:00:00+00:00,20260201_193430_d8da53d6_StateSignal_XLE,-0.006019959670011337,-0.006019959670011337,1.0178660307980552,1.0178660307980552,0.0,0.0,0.6618565585921881,-0.006019959670011337
2023-04-19 00:00:00+00:00,20260201_193430_d8da53d6_StateSignal_XLE,0.0,0.0,1.0178660307980552,1.0178660307980552,0.0,0.0,0.0,-0.0
2023-04-20 00:00:00+00:00,20260201_193430_d8da53d6_StateSignal_XLE,0.0,0.0,1.0178660307980552,1.0178660307980552,0.0,0.0,0.0,-0.0
2023-04-21 00:00:00+00:00,20260201_193430_d8da53d6_StateSignal_XLE,0.0,0.0,1.0178660307980552,1.0178660307980552,0.0,0.0,0.0,-0.0
2023-04-24 00:00:00+00:00,20260201_193430_d8da53d6_StateSignal_XLE,0.0,0.0,1.0178660307980552,1.0178660307980552,0.0,0.0,0.0,-0.0
2023-04-25 00:00:00+00:00,20260201_193430_d8da53d6_StateSignal_XLE,0.0,0.0,1.0178660307980552,1.0178660307980552,0.0,0.0,0.0,0.0
2023-04-26 00:00:00+00:00,20260201_193430_d8da53d6_StateSignal_XLE,0.0,0.0,1.0178660307980552,1.0178660307980552,0.0,0.0,0.0,-0.0
2023-04-27 00:00:00+00:00,20260201_193430_d8da53d6_StateSignal_XLE,0.0,0.0,1.0178660307980552,1.0178660307980552,0.0,0.0,0.0,-0.0
2023-04-28 00:00:00+00:00,20260201_193430_d8da53d6_StateSignal_XLE,0.0,0.0,1.0178660307980552,1.0178660307980552,0.0,0.0,0.0,0.0
2023-05-01 00:00:00+00:00,20260201_193430_d8da53d6_StateSignal_XLE,0.0,0.0,1.0178660307980552,1.0178660307980552,0.0,0.0,0.0,0.0
2023-05-02 00:00:00+00:00,20260201_193430_d8da53d6_StateSignal_XLE,0.0,0.0,1.0178660307980552,1.0178660307980552,0.0,0.0,0.0,-0.0
2023-05-03 00:00:00+00:00,20260201_193430_d8da53d6_StateSignal_XLE,-0.0314887387367203,-0.0314887387367203,0.9858147132852727,0.9858147132852727,0.0,0.0,0.7320975012945846,-0.0314887387367203
2023-05-04 00:00:00+00:00,20260201_193430_d8da53d6_StateSignal_XLE,-0.006583834410050877,-0.006583834410050877,0.9793242724540108,0.9793242724540108,0.0,0.0,0.7320975012945846,-0.006583834410050877
2023-05-05 00:00:00+00:00,20260201_193430_d8da53d6_StateSignal_XLE,-0.013552129648105777,-0.013552129648105777,0.9660523429461771,0.9660523429461771,0.0,0.0,0.7320975012945846,-0.013552129648105777
2023-05-08 00:00:00+00:00,20260201_193430_d8da53d6_StateSignal_XLE,0.01934106984185085,0.01934106984185085,0.9847368287819828,0.9847368287819828,0.0,0.0,0.7320975012945846,0.01934106984185085
2023-05-09 00:00:00+00:00,20260201_193430_d8da53d6_StateSignal_XLE,0.0,0.0,0.9847368287819828,0.9847368287819828,0.0,0.0,0.7320975012945846,0.0
2023-05-10 00:00:00+00:00,20260201_193430_d8da53d6_StateSignal_XLE,0.002183885691118276,0.002183885691118276,0.9868873814518769,0.9868873814518769,0.0,0.0,0.7320975012945846,0.002183885691118276
2023-05-11 00:00:00+00:00,20260201_193430_d8da53d6_StateSignal_XLE,-0.0138079062561718,-0.0138079062561718,0.9732605330033905,0.9732605330033905,0.0,0.0,0.7320975012945846,-0.0138079062561718
2023-05-12 00:00:00+00:00,20260201_193430_d8da53d6_StateSignal_XLE,-0.01058080398127777,-0.01058080398127777,0.9629626540809677,0.9629626540809677,0.0,0.0,0.7320975012945846,-0.01058080398127777
2023-05-15 00:00:00+00:00,20260201_193430_d8da53d6_StateSignal_XLE,0.0002049258239539255,0.0002049258239539255,0.963159989996292,0.963159989996292,0.0,0.0,0.7320975012945846,0.0002049258239539255
2023-05-16 00:00:00+00:00,20260201_193430_d8da53d6_StateSignal_XLE,0.0,0.0,0.963159989996292,0.963159989996292,0.0,0.0,0.0,0.0
2023-05-17 00:00:00+00:00,20260201_193430_d8da53d6_StateSignal_XLE,-0.016235248515474275,-0.016235248515474275,0.9475228481985405,0.9475228481985405,0.0,0.0,0.7320975012945846,-0.016235248515474275
2023-05-18 00:00:00+00:00,20260201_193430_d8da53d6_StateSignal_XLE,0.01175009245729886,0.01175009245729886,0.9586563292702764,0.9586563292702764,0.0,0.0,0.7320975012945846,0.01175009245729886
2023-05-19 00:00:00+00:00,20260201_193430_d8da53d6_StateSignal_XLE,0.0,0.0,0.9586563292702764,0.9586563292702764,0.0,0.0,0.0,0.0
2023-05-22 00:00:00+00:00,20260201_193430_d8da53d6_StateSignal_XLE,0.0,0.0,0.9586563292702764,0.9586563292702764,0.0,0.0,0.0,0.0
2023-05-23 00:00:00+00:00,20260201_193430_d8da53d6_StateSignal_XLE,0.0,0.0,0.9586563292702764,0.9586563292702764,0.0,0.0,0.0,0.0
2023-05-24 00:00:00+00:00,20260201_193430_d8da53d6_StateSignal_XLE,0.0,0.0,0.9586563292702764,0.9586563292702764,0.0,0.0,0.0,0.0
2023-05-25 00:00:00+00:00,20260201_193430_d8da53d6_StateSignal_XLE,0.0,0.0,0.9586563292702764,0.9586563292702764,0.0,0.0,0.0,-0.0
2023-05-26 00:00:00+00:00,20260201_193430_d8da53d6_StateSignal_XLE,0.0,0.0,0.9586563292702764,0.9586563292702764,0.0,0.0,0.0,-0.0
2023-05-30 00:00:00+00:00,20260201_193430_d8da53d6_StateSignal_XLE,0.0,0.0,0.9586563292702764,0.9586563292702764,0.0,0.0,0.0,-0.0
2023-05-31 00:00:00+00:00,20260201_193430_d8da53d6_StateSignal_XLE,0.0,0.0,0.9586563292702764,0.9586563292702764,0.0,0.0,0.0,-0.0
2023-06-01 00:00:00+00:00,20260201_193430_d8da53d6_StateSignal_XLE,0.0,0.0,0.9586563292702764,0.9586563292702764,0.0,0.0,0.0,-0.0
2023-06-02 00:00:00+00:00,20260201_193430_d8da53d6_StateSignal_XLE,0.0,0.0,0.9586563292702764,0.9586563292702764,0.0,0.0,0.0,0.0
2023-06-05 00:00:00+00:00,20260201_193430_d8da53d6_StateSignal_XLE,0.0,0.0,0.9586563292702764,0.9586563292702764,0.0,0.0,0.0,0.0
2023-06-06 00:00:00+00:00,20260201_193430_d8da53d6_StateSignal_XLE,0.0,0.0,0.9586563292702764,0.9586563292702764,0.0,0.0,0.0,-0.0
2023-06-07 00:00:00+00:00,20260201_193430_d8da53d6_StateSignal_XLE,0.0,0.0,0.9586563292702764,0.9586563292702764,0.0,0.0,0.0,0.0
2023-06-08 00:00:00+00:00,20260201_193430_d8da53d6_StateSignal_XLE,0.0,0.0,0.9586563292702764,0.9586563292702764,0.0,0.0,0.0,0.0
2023-06-09 00:00:00+00:00,20260201_193430_d8da53d6_StateSignal_XLE,0.0,0.0,0.9586563292702764,0.9586563292702764,0.0,0.0,0.0,-0.0
2023-06-12 00:00:00+00:00,20260201_193430_d8da53d6_StateSignal_XLE,0.0,0.0,0.9586563292702764,0.9586563292702764,0.0,0.0,0.0,-0.0
2023-06-13 00:00:00+00:00,20260201_193430_d8da53d6_StateSignal_XLE,0.0,0.0,0.9586563292702764,0.9586563292702764,0.0,0.0,0.0,-0.0
2023-06-14 00:00:00+00:00,20260201_193430_d8da53d6_StateSignal_XLE,0.0,0.0,0.9586563292702764,0.9586563292702764,0.0,0.0,0.0,0.0
2023-06-15 00:00:00+00:00,20260201_193430_d8da53d6_StateSignal_XLE,0.0,0.0,0.9586563292702764,0.9586563292702764,0.0,0.0,0.0,-0.0
2023-06-16 00:00:00+00:00,20260201_193430_d8da53d6_StateSignal_XLE,0.0,0.0,0.9586563292702764,0.9586563292702764,0.0,0.0,0.0,0.0
2023-06-20 00:00:00+00:00,20260201_193430_d8da53d6_StateSignal_XLE,0.0,0.0,0.9586563292702764,0.9586563292702764,0.0,0.0,0.0,-0.0
2023-06-21 00:00:00+00:00,20260201_193430_d8da53d6_StateSignal_XLE,0.0,0.0,0.9586563292702764,0.9586563292702764,0.0,0.0,0.0,-0.0
2023-06-22 00:00:00+00:00,20260201_193430_d8da53d6_StateSignal_XLE,0.0,0.0,0.9586563292702764,0.9586563292702764,0.0,0.0,0.0,0.0
2023-06-23 00:00:00+00:00,20260201_193430_d8da53d6_StateSignal_XLE,0.0,0.0,0.9586563292702764,0.9586563292702764,0.0,0.0,0.0,-0.0
2023-06-26 00:00:00+00:00,20260201_193430_d8da53d6_StateSignal_XLE,0.0,0.0,0.9586563292702764,0.9586563292702764,0.0,0.0,0.0,-0.0
2023-06-27 00:00:00+00:00,20260201_193430_d8da53d6_StateSignal_XLE,0.0,0.0,0.9586563292702764,0.9586563292702764,0.0,0.0,0.0,0.0
2023-06-28 00:00:00+00:00,20260201_193430_d8da53d6_StateSignal_XLE,0.0,0.0,0.9586563292702764,0.9586563292702764,0.0,0.0,0.0,-0.0
2023-06-29 00:00:00+00:00,20260201_193430_d8da53d6_StateSignal_XLE,0.0,0.0,0.9586563292702764,0.9586563292702764,0.0,0.0,0.0,0.0
2023-06-30 00:00:00+00:00,20260201_193430_d8da53d6_StateSignal_XLE,0.0,0.0,0.9586563292702764,0.9586563292702764,0.0,0.0,0.0,0.0
2023-07-03 00:00:00+00:00,20260201_193430_d8da53d6_StateSignal_XLE,0.0,0.0,0.9586563292702764,0.9586563292702764,0.0,0.0,0.0,0.0
2023-07-05 00:00:00+00:00,20260201_193430_d8da53d6_StateSignal_XLE,0.0,0.0,0.9586563292702764,0.9586563292702764,0.0,0.0,0.0,0.0
2023-07-06 00:00:00+00:00,20260201_193430_d8da53d6_StateSignal_XLE,0.0,0.0,0.9586563292702764,0.9586563292702764,0.0,0.0,0.0,-0.0
2023-07-07 00:00:00+00:00,20260201_193430_d8da53d6_StateSignal_XLE,0.0,0.0,0.9586563292702764,0.9586563292702764,0.0,0.0,0.0,-0.0
2023-07-10 00:00:00+00:00,20260201_193430_d8da53d6_StateSignal_XLE,0.0,0.0,0.9586563292702764,0.9586563292702764,0.0,0.0,0.0,0.0
2023-07-11 00:00:00+00:00,20260201_193430_d8da53d6_StateSignal_XLE,0.0,0.0,0.9586563292702764,0.9586563292702764,0.0,0.0,0.0,-0.0
2023-07-12 00:00:00+00:00,20260201_193430_d8da53d6_StateSignal_XLE,0.0,0.0,0.9586563292702764,0.9586563292702764,0.0,0.0,0.0,0.0
2023-07-13 00:00:00+00:00,20260201_193430_d8da53d6_StateSignal_XLE,0.0,0.0,0.9586563292702764,0.9586563292702764,0.0,0.0,0.0,0.0
2023-07-14 00:00:00+00:00,20260201_193430_d8da53d6_StateSignal_XLE,0.0,0.0,0.9586563292702764,0.9586563292702764,0.0,0.0,0.0,-0.0
2023-07-17 00:00:00+00:00,20260201_193430_d8da53d6_StateSignal_XLE,0.0,0.0,0.9586563292702764,0.9586563292702764,0.0,0.0,0.0,-0.0
2023-07-18 00:00:00+00:00,20260201_193430_d8da53d6_StateSignal_XLE,0.0,0.0,0.9586563292702764,0.9586563292702764,0.0,0.0,0.0,0.0
2023-07-19 00:00:00+00:00,20260201_193430_d8da53d6_StateSignal_XLE,0.0,0.0,0.9586563292702764,0.9586563292702764,0.0,0.0,0.0,0.0
2023-07-20 00:00:00+00:00,20260201_193430_d8da53d6_StateSignal_XLE,0.0,0.0,0.9586563292702764,0.9586563292702764,0.0,0.0,0.0,0.0
2023-07-21 00:00:00+00:00,20260201_193430_d8da53d6_StateSignal_XLE,0.0,0.0,0.9586563292702764,0.9586563292702764,0.0,0.0,0.0,0.0
2023-07-24 00:00:00+00:00,20260201_193430_d8da53d6_StateSignal_XLE,0.0,0.0,0.9586563292702764,0.9586563292702764,0.0,0.0,0.0,0.0
2023-07-25 00:00:00+00:00,20260201_193430_d8da53d6_StateSignal_XLE,0.0,0.0,0.9586563292702764,0.9586563292702764,0.0,0.0,0.0,0.0
2023-07-26 00:00:00+00:00,20260201_193430_d8da53d6_StateSignal_XLE,0.0,0.0,0.9586563292702764,0.9586563292702764,0.0,0.0,0.0,0.0
2023-07-27 00:00:00+00:00,20260201_193430_d8da53d6_StateSignal_XLE,0.0,0.0,0.9586563292702764,0.9586563292702764,0.0,0.0,0.0,-0.0
2023-07-28 00:00:00+00:00,20260201_193430_d8da53d6_StateSignal_XLE,0.0,0.0,0.9586563292702764,0.9586563292702764,0.0,0.0,0.0,-0.0
2023-07-31 00:00:00+00:00,20260201_193430_d8da53d6_StateSignal_XLE,0.0,0.0,0.9586563292702764,0.9586563292702764,0.0,0.0,0.0,-0.0
2023-08-01 00:00:00+00:00,20260201_193430_d8da53d6_StateSignal_XLE,0.0,0.0,0.9586563292702764,0.9586563292702764,0.0,0.0,0.0,0.0
2023-08-02 00:00:00+00:00,20260201_193430_d8da53d6_StateSignal_XLE,0.0,0.0,0.9586563292702764,0.9586563292702764,0.0,0.0,0.0,-0.0
2023-08-03 00:00:00+00:00,20260201_193430_d8da53d6_StateSignal_XLE,0.0,0.0,0.9586563292702764,0.9586563292702764,0.0,0.0,0.0,-0.0
2023-08-04 00:00:00+00:00,20260201_193430_d8da53d6_StateSignal_XLE,0.0,0.0,0.9586563292702764,0.9586563292702764,0.0,0.0,0.0,0.0
2023-08-07 00:00:00+00:00,20260201_193430_d8da53d6_StateSignal_XLE,0.0,0.0,0.9586563292702764,0.9586563292702764,0.0,0.0,0.0,-0.0
2023-08-08 00:00:00+00:00,20260201_193430_d8da53d6_StateSignal_XLE,0.0,0.0,0.9586563292702764,0.9586563292702764,0.0,0.0,0.0,-0.0
2023-08-09 00:00:00+00:00,20260201_193430_d8da53d6_StateSignal_XLE,0.0,0.0,0.9586563292702764,0.9586563292702764,0.0,0.0,0.0,0.0
2023-08-10 00:00:00+00:00,20260201_193430_d8da53d6_StateSignal_XLE,0.0,0.0,0.9586563292702764,0.9586563292702764,0.0,0.0,0.0,0.0
2023-08-11 00:00:00+00:00,20260201_193430_d8da53d6_StateSignal_XLE,0.0,0.0,0.9586563292702764,0.9586563292702764,0.0,0.0,0.0,-0.0
2023-08-14 00:00:00+00:00,20260201_193430_d8da53d6_StateSignal_XLE,0.0,0.0,0.9586563292702764,0.9586563292702764,0.0,0.0,0.0,0.0
2023-08-15 00:00:00+00:00,20260201_193430_d8da53d6_StateSignal_XLE,0.0,0.0,0.9586563292702764,0.9586563292702764,0.0,0.0,0.0,-0.0
2023-08-16 00:00:00+00:00,20260201_193430_d8da53d6_StateSignal_XLE,0.0,0.0,0.9586563292702764,0.9586563292702764,0.0,0.0,0.0,-0.0
2023-08-17 00:00:00+00:00,20260201_193430_d8da53d6_StateSignal_XLE,0.0,0.0,0.9586563292702764,0.9586563292702764,0.0,0.0,0.0,-0.0
2023-08-18 00:00:00+00:00,20260201_193430_d8da53d6_StateSignal_XLE,0.0,0.0,0.9586563292702764,0.9586563292702764,0.0,0.0,0.0,0.0
2023-08-21 00:00:00+00:00,20260201_193430_d8da53d6_StateSignal_XLE,0.0,0.0,0.9586563292702764,0.9586563292702764,0.0,0.0,0.0,0.0
2023-08-22 00:00:00+00:00,20260201_193430_d8da53d6_StateSignal_XLE,0.0,0.0,0.9586563292702764,0.9586563292702764,0.0,0.0,0.0,-0.0
2023-08-23 00:00:00+00:00,20260201_193430_d8da53d6_StateSignal_XLE,0.0,0.0,0.9586563292702764,0.9586563292702764,0.0,0.0,0.0,-0.0
2023-08-24 00:00:00+00:00,20260201_193430_d8da53d6_StateSignal_XLE,0.0,0.0,0.9586563292702764,0.9586563292702764,0.0,0.0,0.0,-0.0
2023-08-25 00:00:00+00:00,20260201_193430_d8da53d6_StateSignal_XLE,0.0,0.0,0.9586563292702764,0.9586563292702764,0.0,0.0,0.0,0.0
2023-08-28 00:00:00+00:00,20260201_193430_d8da53d6_StateSignal_XLE,0.0,0.0,0.9586563292702764,0.9586563292702764,0.0,0.0,0.0,0.0
2023-08-29 00:00:00+00:00,20260201_193430_d8da53d6_StateSignal_XLE,0.0,0.0,0.9586563292702764,0.9586563292702764,0.0,0.0,0.0,0.0
2023-08-30 00:00:00+00:00,20260201_193430_d8da53d6_StateSignal_XLE,0.0,0.0,0.9586563292702764,0.9586563292702764,0.0,0.0,0.0,0.0
2023-08-31 00:00:00+00:00,20260201_193430_d8da53d6_StateSignal_XLE,0.0,0.0,0.9586563292702764,0.9586563292702764,0.0,0.0,0.0,0.0
2023-09-01 00:00:00+00:00,20260201_193430_d8da53d6_StateSignal_XLE,0.0,0.0,0.9586563292702764,0.9586563292702764,0.0,0.0,0.0,-0.0
2023-09-05 00:00:00+00:00,20260201_193430_d8da53d6_StateSignal_XLE,0.0,0.0,0.9586563292702764,0.9586563292702764,0.0,0.0,0.0,0.0
2023-09-06 00:00:00+00:00,20260201_193430_d8da53d6_StateSignal_XLE,0.0,0.0,0.9586563292702764,0.9586563292702764,0.0,0.0,0.0,0.0
2023-09-07 00:00:00+00:00,20260201_193430_d8da53d6_StateSignal_XLE,0.0,0.0,0.9586563292702764,0.9586563292702764,0.0,0.0,0.0,-0.0
2023-09-08 00:00:00+00:00,20260201_193430_d8da53d6_StateSignal_XLE,0.0,0.0,0.9586563292702764,0.9586563292702764,0.0,0.0,0.0,0.0
2023-09-11 00:00:00+00:00,20260201_193430_d8da53d6_StateSignal_XLE,0.0,0.0,0.9586563292702764,0.9586563292702764,0.0,0.0,0.0,0.0
2023-09-12 00:00:00+00:00,20260201_193430_d8da53d6_StateSignal_XLE,0.0,0.0,0.9586563292702764,0.9586563292702764,0.0,0.0,0.0,-0.0
2023-09-13 00:00:00+00:00,20260201_193430_d8da53d6_StateSignal_XLE,0.0,0.0,0.9586563292702764,0.9586563292702764,0.0,0.0,0.0,0.0
2023-09-14 00:00:00+00:00,20260201_193430_d8da53d6_StateSignal_XLE,0.0,0.0,0.9586563292702764,0.9586563292702764,0.0,0.0,0.0,-0.0
2023-09-15 00:00:00+00:00,20260201_193430_d8da53d6_StateSignal_XLE,0.0,0.0,0.9586563292702764,0.9586563292702764,0.0,0.0,0.0,0.0
2023-09-18 00:00:00+00:00,20260201_193430_d8da53d6_StateSignal_XLE,0.0,0.0,0.9586563292702764,0.9586563292702764,0.0,0.0,0.0,-0.0
2023-09-19 00:00:00+00:00,20260201_193430_d8da53d6_StateSignal_XLE,0.0,0.0,0.9586563292702764,0.9586563292702764,0.0,0.0,0.0,0.0
2023-09-20 00:00:00+00:00,20260201_193430_d8da53d6_StateSignal_XLE,0.0,0.0,0.9586563292702764,0.9586563292702764,0.0,0.0,0.0,-0.0
2023-09-21 00:00:00+00:00,20260201_193430_d8da53d6_StateSignal_XLE,0.0,0.0,0.9586563292702764,0.9586563292702764,0.0,0.0,0.0,-0.0
2023-09-22 00:00:00+00:00,20260201_193430_d8da53d6_StateSignal_XLE,0.0,0.0,0.9586563292702764,0.9586563292702764,0.0,0.0,0.0,-0.0
2023-09-25 00:00:00+00:00,20260201_193430_d8da53d6_StateSignal_XLE,0.0,0.0,0.9586563292702764,0.9586563292702764,0.0,0.0,0.0,-0.0
2023-09-26 00:00:00+00:00,20260201_193430_d8da53d6_StateSignal_XLE,0.0,0.0,0.9586563292702764,0.9586563292702764,0.0,0.0,0.0,0.0
2023-09-27 00:00:00+00:00,20260201_193430_d8da53d6_StateSignal_XLE,0.0,0.0,0.9586563292702764,0.9586563292702764,0.0,0.0,0.0,-0.0
2023-09-28 00:00:00+00:00,20260201_193430_d8da53d6_StateSignal_XLE,0.0,0.0,0.9586563292702764,0.9586563292702764,0.0,0.0,0.0,0.0
2023-09-29 00:00:00+00:00,20260201_193430_d8da53d6_StateSignal_XLE,0.0,0.0,0.9586563292702764,0.9586563292702764,0.0,0.0,0.0,-0.0
2023-10-02 00:00:00+00:00,20260201_193430_d8da53d6_StateSignal_XLE,0.0,0.0,0.9586563292702764,0.9586563292702764,0.0,0.0,0.0,-0.0
2023-10-03 00:00:00+00:00,20260201_193430_d8da53d6_StateSignal_XLE,0.0,0.0,0.9586563292702764,0.9586563292702764,0.0,0.0,0.0,-0.0
2023-10-04 00:00:00+00:00,20260201_193430_d8da53d6_StateSignal_XLE,0.0,0.0,0.9586563292702764,0.9586563292702764,0.0,0.0,0.0,0.0
2023-10-05 00:00:00+00:00,20260201_193430_d8da53d6_StateSignal_XLE,0.0,0.0,0.9586563292702764,0.9586563292702764,0.0,0.0,0.0,-0.0
2023-10-06 00:00:00+00:00,20260201_193430_d8da53d6_StateSignal_XLE,0.0,0.0,0.9586563292702764,0.9586563292702764,0.0,0.0,0.0,0.0
2023-10-09 00:00:00+00:00,20260201_193430_d8da53d6_StateSignal_XLE,0.0,0.0,0.9586563292702764,0.9586563292702764,0.0,0.0,0.0,0.0
2023-10-10 00:00:00+00:00,20260201_193430_d8da53d6_StateSignal_XLE,0.0,0.0,0.9586563292702764,0.9586563292702764,0.0,0.0,0.0,0.0
2023-10-11 00:00:00+00:00,20260201_193430_d8da53d6_StateSignal_XLE,0.0,0.0,0.9586563292702764,0.9586563292702764,0.0,0.0,0.0,0.0
2023-10-12 00:00:00+00:00,20260201_193430_d8da53d6_StateSignal_XLE,0.0,0.0,0.9586563292702764,0.9586563292702764,0.0,0.0,0.0,-0.0
2023-10-13 00:00:00+00:00,20260201_193430_d8da53d6_StateSignal_XLE,0.0,0.0,0.9586563292702764,0.9586563292702764,0.0,0.0,0.0,0.0
2023-10-16 00:00:00+00:00,20260201_193430_d8da53d6_StateSignal_XLE,0.0,0.0,0.9586563292702764,0.9586563292702764,0.0,0.0,0.0,0.0
2023-10-17 00:00:00+00:00,20260201_193430_d8da53d6_StateSignal_XLE,0.0,0.0,0.9586563292702764,0.9586563292702764,0.0,0.0,0.0,0.0
2023-10-18 00:00:00+00:00,20260201_193430_d8da53d6_StateSignal_XLE,0.0,0.0,0.9586563292702764,0.9586563292702764,0.0,0.0,0.0,0.0
2023-10-19 00:00:00+00:00,20260201_193430_d8da53d6_StateSignal_XLE,0.0,0.0,0.9586563292702764,0.9586563292702764,0.0,0.0,0.0,0.0
2023-10-20 00:00:00+00:00,20260201_193430_d8da53d6_StateSignal_XLE,0.0,0.0,0.9586563292702764,0.9586563292702764,0.0,0.0,0.0,0.0
2023-10-23 00:00:00+00:00,20260201_193430_d8da53d6_StateSignal_XLE,0.0,0.0,0.9586563292702764,0.9586563292702764,0.0,0.0,0.0,-0.0
2023-10-24 00:00:00+00:00,20260201_193430_d8da53d6_StateSignal_XLE,0.0,0.0,0.9586563292702764,0.9586563292702764,0.0,0.0,0.0,-0.0
2023-10-25 00:00:00+00:00,20260201_193430_d8da53d6_StateSignal_XLE,0.0,0.0,0.9586563292702764,0.9586563292702764,0.0,0.0,0.0,-0.0
2023-10-26 00:00:00+00:00,20260201_193430_d8da53d6_StateSignal_XLE,0.0,0.0,0.9586563292702764,0.9586563292702764,0.0,0.0,0.0,-0.0
2023-10-27 00:00:00+00:00,20260201_193430_d8da53d6_StateSignal_XLE,0.0,0.0,0.9586563292702764,0.9586563292702764,0.0,0.0,0.0,-0.0
2023-10-30 00:00:00+00:00,20260201_193430_d8da53d6_StateSignal_XLE,0.0,0.0,0.9586563292702764,0.9586563292702764,0.0,0.0,0.0,-0.0
2023-10-31 00:00:00+00:00,20260201_193430_d8da53d6_StateSignal_XLE,0.0,0.0,0.9586563292702764,0.9586563292702764,0.0,0.0,0.0,0.0
2023-11-01 00:00:00+00:00,20260201_193430_d8da53d6_StateSignal_XLE,0.0,0.0,0.9586563292702764,0.9586563292702764,0.0,0.0,0.0,0.0
2023-11-02 00:00:00+00:00,20260201_193430_d8da53d6_StateSignal_XLE,0.0,0.0,0.9586563292702764,0.9586563292702764,0.0,0.0,0.0,0.0
2023-11-03 00:00:00+00:00,20260201_193430_d8da53d6_StateSignal_XLE,0.0,0.0,0.9586563292702764,0.9586563292702764,0.0,0.0,0.0,0.0
2023-11-06 00:00:00+00:00,20260201_193430_d8da53d6_StateSignal_XLE,0.0,0.0,0.9586563292702764,0.9586563292702764,0.0,0.0,0.0,-0.0
2023-11-07 00:00:00+00:00,20260201_193430_d8da53d6_StateSignal_XLE,0.0,0.0,0.9586563292702764,0.9586563292702764,0.0,0.0,0.0,-0.0
2023-11-08 00:00:00+00:00,20260201_193430_d8da53d6_StateSignal_XLE,0.0,0.0,0.9586563292702764,0.9586563292702764,0.0,0.0,0.0,-0.0
2023-11-09 00:00:00+00:00,20260201_193430_d8da53d6_StateSignal_XLE,0.0,0.0,0.9586563292702764,0.9586563292702764,0.0,0.0,0.0,-0.0
2023-11-10 00:00:00+00:00,20260201_193430_d8da53d6_StateSignal_XLE,0.0,0.0,0.9586563292702764,0.9586563292702764,0.0,0.0,0.0,-0.0
2023-11-13 00:00:00+00:00,20260201_193430_d8da53d6_StateSignal_XLE,0.0,0.0,0.9586563292702764,0.9586563292702764,0.0,0.0,0.0,0.0
2023-11-14 00:00:00+00:00,20260201_193430_d8da53d6_StateSignal_XLE,0.0,0.0,0.9586563292702764,0.9586563292702764,0.0,0.0,0.0,0.0
2023-11-15 00:00:00+00:00,20260201_193430_d8da53d6_StateSignal_XLE,0.0,0.0,0.9586563292702764,0.9586563292702764,0.0,0.0,0.0,0.0
2023-11-16 00:00:00+00:00,20260201_193430_d8da53d6_StateSignal_XLE,0.0,0.0,0.9586563292702764,0.9586563292702764,0.0,0.0,0.0,-0.0
2023-11-17 00:00:00+00:00,20260201_193430_d8da53d6_StateSignal_XLE,0.0,0.0,0.9586563292702764,0.9586563292702764,0.0,0.0,0.0,-0.0
2023-11-20 00:00:00+00:00,20260201_193430_d8da53d6_StateSignal_XLE,0.0,0.0,0.9586563292702764,0.9586563292702764,0.0,0.0,0.0,0.0
2023-11-21 00:00:00+00:00,20260201_193430_d8da53d6_StateSignal_XLE,0.0,0.0,0.9586563292702764,0.9586563292702764,0.0,0.0,0.0,0.0
2023-11-22 00:00:00+00:00,20260201_193430_d8da53d6_StateSignal_XLE,0.0,0.0,0.9586563292702764,0.9586563292702764,0.0,0.0,0.0,-0.0
2023-11-24 00:00:00+00:00,20260201_193430_d8da53d6_StateSignal_XLE,0.0,0.0,0.9586563292702764,0.9586563292702764,0.0,0.0,0.0,-0.0
2023-11-27 00:00:00+00:00,20260201_193430_d8da53d6_StateSignal_XLE,0.0,0.0,0.9586563292702764,0.9586563292702764,0.0,0.0,0.0,0.0
2023-11-28 00:00:00+00:00,20260201_193430_d8da53d6_StateSignal_XLE,0.0,0.0,0.9586563292702764,0.9586563292702764,0.0,0.0,0.0,-0.0
2023-11-29 00:00:00+00:00,20260201_193430_d8da53d6_StateSignal_XLE,0.0,0.0,0.9586563292702764,0.9586563292702764,0.0,0.0,0.0,0.0
2023-11-30 00:00:00+00:00,20260201_193430_d8da53d6_StateSignal_XLE,0.0,0.0,0.9586563292702764,0.9586563292702764,0.0,0.0,0.0,-0.0
2023-12-01 00:00:00+00:00,20260201_193430_d8da53d6_StateSignal_XLE,0.0,0.0,0.9586563292702764,0.9586563292702764,0.0,0.0,0.0,-0.0
2023-12-04 00:00:00+00:00,20260201_193430_d8da53d6_StateSignal_XLE,0.0,0.0,0.9586563292702764,0.9586563292702764,0.0,0.0,0.0,0.0
2023-12-05 00:00:00+00:00,20260201_193430_d8da53d6_StateSignal_XLE,0.0,0.0,0.9586563292702764,0.9586563292702764,0.0,0.0,0.0,-0.0
2023-12-06 00:00:00+00:00,20260201_193430_d8da53d6_StateSignal_XLE,0.0,0.0,0.9586563292702764,0.9586563292702764,0.0,0.0,0.0,-0.0
2023-12-07 00:00:00+00:00,20260201_193430_d8da53d6_StateSignal_XLE,0.0,0.0,0.9586563292702764,0.9586563292702764,0.0,0.0,0.0,-0.0
2023-12-08 00:00:00+00:00,20260201_193430_d8da53d6_StateSignal_XLE,0.0,0.0,0.9586563292702764,0.9586563292702764,0.0,0.0,0.0,-0.0
2023-12-11 00:00:00+00:00,20260201_193430_d8da53d6_StateSignal_XLE,0.0,0.0,0.9586563292702764,0.9586563292702764,0.0,0.0,0.0,0.0
2023-12-12 00:00:00+00:00,20260201_193430_d8da53d6_StateSignal_XLE,0.0,0.0,0.9586563292702764,0.9586563292702764,0.0,0.0,0.0,0.0
2023-12-13 00:00:00+00:00,20260201_193430_d8da53d6_StateSignal_XLE,0.0,0.0,0.9586563292702764,0.9586563292702764,0.0,0.0,0.0,-0.0
2023-12-14 00:00:00+00:00,20260201_193430_d8da53d6_StateSignal_XLE,0.0,0.0,0.9586563292702764,0.9586563292702764,0.0,0.0,0.0,0.0
2023-12-15 00:00:00+00:00,20260201_193430_d8da53d6_StateSignal_XLE,0.0,0.0,0.9586563292702764,0.9586563292702764,0.0,0.0,0.0,0.0
2023-12-18 00:00:00+00:00,20260201_193430_d8da53d6_StateSignal_XLE,0.0,0.0,0.9586563292702764,0.9586563292702764,0.0,0.0,0.0,-0.0
2023-12-19 00:00:00+00:00,20260201_193430_d8da53d6_StateSignal_XLE,0.0,0.0,0.9586563292702764,0.9586563292702764,0.0,0.0,0.0,0.0
2023-12-20 00:00:00+00:00,20260201_193430_d8da53d6_StateSignal_XLE,0.0,0.0,0.9586563292702764,0.9586563292702764,0.0,0.0,0.0,0.0
2023-12-21 00:00:00+00:00,20260201_193430_d8da53d6_StateSignal_XLE,0.0,0.0,0.9586563292702764,0.9586563292702764,0.0,0.0,0.0,-0.0
2023-12-22 00:00:00+00:00,20260201_193430_d8da53d6_StateSignal_XLE,0.0,0.0,0.9586563292702764,0.9586563292702764,0.0,0.0,0.0,-0.0
2023-12-26 00:00:00+00:00,20260201_193430_d8da53d6_StateSignal_XLE,0.0,0.0,0.9586563292702764,0.9586563292702764,0.0,0.0,0.0,0.0
2023-12-27 00:00:00+00:00,20260201_193430_d8da53d6_StateSignal_XLE,0.0,0.0,0.9586563292702764,0.9586563292702764,0.0,0.0,0.0,0.0
2023-12-28 00:00:00+00:00,20260201_193430_d8da53d6_StateSignal_XLE,0.0,0.0,0.9586563292702764,0.9586563292702764,0.0,0.0,0.0,-0.0
2023-12-29 00:00:00+00:00,20260201_193430_d8da53d6_StateSignal_XLE,0.0,0.0,0.9586563292702764,0.9586563292702764,0.0,0.0,0.0,-0.0
2024-01-02 00:00:00+00:00,20260201_193430_d8da53d6_StateSignal_XLE,0.0,0.0,0.9586563292702764,0.9586563292702764,0.0,0.0,0.0,-0.0
2024-01-03 00:00:00+00:00,20260201_193430_d8da53d6_StateSignal_XLE,0.0,0.0,0.9586563292702764,0.9586563292702764,0.0,0.0,0.0,0.0
2024-01-04 00:00:00+00:00,20260201_193430_d8da53d6_StateSignal_XLE,0.0,0.0,0.9586563292702764,0.9586563292702764,0.0,0.0,0.0,0.0
2024-01-05 00:00:00+00:00,20260201_193430_d8da53d6_StateSignal_XLE,0.0,0.0,0.9586563292702764,0.9586563292702764,0.0,0.0,0.0,-0.0
2024-01-08 00:00:00+00:00,20260201_193430_d8da53d6_StateSignal_XLE,0.0,0.0,0.9586563292702764,0.9586563292702764,0.0,0.0,0.0,-0.0
2024-01-09 00:00:00+00:00,20260201_193430_d8da53d6_StateSignal_XLE,0.0,0.0,0.9586563292702764,0.9586563292702764,0.0,0.0,0.0,-0.0
2024-01-10 00:00:00+00:00,20260201_193430_d8da53d6_StateSignal_XLE,0.0,0.0,0.9586563292702764,0.9586563292702764,0.0,0.0,0.0,-0.0
2024-01-11 00:00:00+00:00,20260201_193430_d8da53d6_StateSignal_XLE,0.0,0.0,0.9586563292702764,0.9586563292702764,0.0,0.0,0.0,-0.0
2024-01-12 00:00:00+00:00,20260201_193430_d8da53d6_StateSignal_XLE,0.0,0.0,0.9586563292702764,0.9586563292702764,0.0,0.0,0.0,0.0
2024-01-16 00:00:00+00:00,20260201_193430_d8da53d6_StateSignal_XLE,0.0,0.0,0.9586563292702764,0.9586563292702764,0.0,0.0,0.0,0.0
2024-01-17 00:00:00+00:00,20260201_193430_d8da53d6_StateSignal_XLE,0.0,0.0,0.9586563292702764,0.9586563292702764,0.0,0.0,0.0,-0.0
2024-01-18 00:00:00+00:00,20260201_193430_d8da53d6_StateSignal_XLE,0.0,0.0,0.9586563292702764,0.9586563292702764,0.0,0.0,0.0,-0.0
2024-01-19 00:00:00+00:00,20260201_193430_d8da53d6_StateSignal_XLE,0.0,0.0,0.9586563292702764,0.9586563292702764,0.0,0.0,0.0,-0.0
2024-01-22 00:00:00+00:00,20260201_193430_d8da53d6_StateSignal_XLE,0.0,0.0,0.9586563292702764,0.9586563292702764,0.0,0.0,0.0,0.0
2024-01-23 00:00:00+00:00,20260201_193430_d8da53d6_StateSignal_XLE,0.0,0.0,0.9586563292702764,0.9586563292702764,0.0,0.0,0.0,0.0
2024-01-24 00:00:00+00:00,20260201_193430_d8da53d6_StateSignal_XLE,0.0,0.0,0.9586563292702764,0.9586563292702764,0.0,0.0,0.0,0.0
2024-01-25 00:00:00+00:00,20260201_193430_d8da53d6_StateSignal_XLE,0.0,0.0,0.9586563292702764,0.9586563292702764,0.0,0.0,0.0,0.0
2024-01-26 00:00:00+00:00,20260201_193430_d8da53d6_StateSignal_XLE,0.0,0.0,0.9586563292702764,0.9586563292702764,0.0,0.0,0.0,0.0
2024-01-29 00:00:00+00:00,20260201_193430_d8da53d6_StateSignal_XLE,0.0,0.0,0.9586563292702764,0.9586563292702764,0.0,0.0,0.0,0.0
2024-01-30 00:00:00+00:00,20260201_193430_d8da53d6_StateSignal_XLE,0.0,0.0,0.9586563292702764,0.9586563292702764,0.0,0.0,0.0,-0.0
2024-01-31 00:00:00+00:00,20260201_193430_d8da53d6_StateSignal_XLE,0.0,0.0,0.9586563292702764,0.9586563292702764,0.0,0.0,0.0,0.0
2024-02-01 00:00:00+00:00,20260201_193430_d8da53d6_StateSignal_XLE,0.0,0.0,0.9586563292702764,0.9586563292702764,0.0,0.0,0.0,-0.0
2024-02-02 00:00:00+00:00,20260201_193430_d8da53d6_StateSignal_XLE,0.0,0.0,0.9586563292702764,0.9586563292702764,0.0,0.0,0.0,-0.0
2024-02-05 00:00:00+00:00,20260201_193430_d8da53d6_StateSignal_XLE,0.0,0.0,0.9586563292702764,0.9586563292702764,0.0,0.0,0.0,0.0
2024-02-06 00:00:00+00:00,20260201_193430_d8da53d6_StateSignal_XLE,0.0,0.0,0.9586563292702764,0.9586563292702764,0.0,0.0,0.0,-0.0
2024-02-07 00:00:00+00:00,20260201_193430_d8da53d6_StateSignal_XLE,0.0,0.0,0.9586563292702764,0.9586563292702764,0.0,0.0,0.0,0.0
2024-02-08 00:00:00+00:00,20260201_193430_d8da53d6_StateSignal_XLE,0.0,0.0,0.9586563292702764,0.9586563292702764,0.0,0.0,0.0,-0.0
2024-02-09 00:00:00+00:00,20260201_193430_d8da53d6_StateSignal_XLE,0.0,0.0,0.9586563292702764,0.9586563292702764,0.0,0.0,0.0,0.0
2024-02-12 00:00:00+00:00,20260201_193430_d8da53d6_StateSignal_XLE,0.0,0.0,0.9586563292702764,0.9586563292702764,0.0,0.0,0.0,-0.0
2024-02-13 00:00:00+00:00,20260201_193430_d8da53d6_StateSignal_XLE,0.0,0.0,0.9586563292702764,0.9586563292702764,0.0,0.0,0.0,0.0
2024-02-14 00:00:00+00:00,20260201_193430_d8da53d6_StateSignal_XLE,0.0,0.0,0.9586563292702764,0.9586563292702764,0.0,0.0,0.0,-0.0
2024-02-15 00:00:00+00:00,20260201_193430_d8da53d6_StateSignal_XLE,0.0,0.0,0.9586563292702764,0.9586563292702764,0.0,0.0,0.0,0.0
2024-02-16 00:00:00+00:00,20260201_193430_d8da53d6_StateSignal_XLE,0.017753009385440294,0.017753009385440294,0.9756753640812235,0.9756753640812235,0.0,0.0,0.5810357379019845,0.017753009385440294
2024-02-20 00:00:00+00:00,20260201_193430_d8da53d6_StateSignal_XLE,0.0011548540207348215,0.0011548540207348215,0.9768021266983646,0.9768021266983646,0.0,0.0,0.5810357379019845,0.0011548540207348215
2024-02-21 00:00:00+00:00,20260201_193430_d8da53d6_StateSignal_XLE,-0.006817873678108568,-0.006817873678108568,0.9701424131900274,0.9701424131900274,0.0,0.0,0.5810357379019845,-0.006817873678108568
2024-02-22 00:00:00+00:00,20260201_193430_d8da53d6_StateSignal_XLE,0.007394441066428934,0.007394441066428934,0.9773160740904041,0.9773160740904041,0.0,0.0,0.5810357379019845,0.007394441066428934
2024-02-23 00:00:00+00:00,20260201_193430_d8da53d6_StateSignal_XLE,0.0,0.0,0.9773160740904041,0.9773160740904041,0.0,0.0,0.0,0.0
2024-02-26 00:00:00+00:00,20260201_193430_d8da53d6_StateSignal_XLE,0.0,0.0,0.9773160740904041,0.9773160740904041,0.0,0.0,0.0,-0.0
2024-02-27 00:00:00+00:00,20260201_193430_d8da53d6_StateSignal_XLE,0.0,0.0,0.9773160740904041,0.9773160740904041,0.0,0.0,0.0,0.0
2024-02-28 00:00:00+00:00,20260201_193430_d8da53d6_StateSignal_XLE,0.0,0.0,0.9773160740904041,0.9773160740904041,0.0,0.0,0.0,-0.0
2024-02-29 00:00:00+00:00,20260201_193430_d8da53d6_StateSignal_XLE,0.0,0.0,0.9773160740904041,0.9773160740904041,0.0,0.0,0.0,0.0
2024-03-01 00:00:00+00:00,20260201_193430_d8da53d6_StateSignal_XLE,0.0,0.0,0.9773160740904041,0.9773160740904041,0.0,0.0,0.0,0.0
2024-03-04 00:00:00+00:00,20260201_193430_d8da53d6_StateSignal_XLE,0.014793169177830912,0.014793169177830912,0.991773676114637,0.991773676114637,0.0,0.0,1.0,0.014793169177830912
2024-03-05 00:00:00+00:00,20260201_193430_d8da53d6_StateSignal_XLE,-0.008602732174876948,-0.008602732174876948,0.9832417128009295,0.9832417128009295,0.0,0.0,1.0,-0.008602732174876948
2024-03-06 00:00:00+00:00,20260201_193430_d8da53d6_StateSignal_XLE,0.004433504798999177,0.004433504798999177,0.9876009196532086,0.9876009196532086,0.0,0.0,1.0,0.004433504798999177
2024-03-07 00:00:00+00:00,20260201_193430_d8da53d6_StateSignal_XLE,0.002944787404115967,0.002944787404115967,0.9905091944016967,0.9905091944016967,0.0,0.0,1.0,0.002944787404115967
2024-03-08 00:00:00+00:00,20260201_193430_d8da53d6_StateSignal_XLE,0.00781063282461858,0.00781063282461858,0.9982456980285771,0.9982456980285771,0.0,0.0,1.0,0.00781063282461858
2024-03-11 00:00:00+00:00,20260201_193430_d8da53d6_StateSignal_XLE,0.0014577262056563178,0.0014577262056563178,0.999700866942277,0.999700866942277,0.0,0.0,1.0,0.0014577262056563178
2024-03-12 00:00:00+00:00,20260201_193430_d8da53d6_StateSignal_XLE,0.009423773981877659,0.009423773981877659,1.009121821961828,1.009121821961828,0.0,0.0,1.0,0.009423773981877659
2024-03-13 00:00:00+00:00,20260201_193430_d8da53d6_StateSignal_XLE,0.004080168866997802,0.004080168866997802,1.0132392094028049,1.0132392094028049,0.0,0.0,1.0,0.004080168866997802
2024-03-14 00:00:00+00:00,20260201_193430_d8da53d6_StateSignal_XLE,0.014977101543288462,0.014977101543288462,1.028414595929672,1.028414595929672,0.0,0.0,1.0,0.014977101543288462
2024-03-15 00:00:00+00:00,20260201_193430_d8da53d6_StateSignal_XLE,0.006819544359755625,0.006819544359755625,1.0354279148868346,1.0354279148868346,0.0,0.0,1.0,0.006819544359755625
2024-03-18 00:00:00+00:00,20260201_193430_d8da53d6_StateSignal_XLE,0.005142601328880225,0.005142601328880225,1.0407527078578913,1.0407527078578913,0.0,0.0,1.0,0.005142601328880225
2024-03-19 00:00:00+00:00,20260201_193430_d8da53d6_StateSignal_XLE,0.003955793407428132,0.003955793407428132,1.0448697105583986,1.0448697105583986,0.0,0.0,1.0,0.003955793407428132
2024-03-20 00:00:00+00:00,20260201_193430_d8da53d6_StateSignal_XLE,0.008555954610513616,0.008555954610513616,1.0538095683758368,1.0538095683758368,0.0,0.0,1.0,0.008555954610513616
2024-03-21 00:00:00+00:00,20260201_193430_d8da53d6_StateSignal_XLE,0.0029888515180291897,0.0029888515180291897,1.0569592487039907,1.0569592487039907,0.0,0.0,1.0,0.0029888515180291897
2024-03-22 00:00:00+00:00,20260201_193430_d8da53d6_StateSignal_XLE,0.0029799448985845522,0.0029799448985845522,1.060108929025178,1.060108929025178,0.0,0.0,1.0,0.0029799448985845522
2024-03-25 00:00:00+00:00,20260201_193430_d8da53d6_StateSignal_XLE,-0.001374255827826243,-0.001374255827826243,1.0586520681513345,1.0586520681513345,0.0,0.0,1.0,-0.001374255827826243
2024-03-26 00:00:00+00:00,20260201_193430_d8da53d6_StateSignal_XLE,0.010034291718377553,0.010034291718377553,1.0692748918314288,1.0692748918314288,0.0,0.0,1.0,0.010034291718377553
2024-03-27 00:00:00+00:00,20260201_193430_d8da53d6_StateSignal_XLE,-0.006373798040588685,-0.006373798040588685,1.062459549621023,1.062459549621023,0.0,0.0,1.0,-0.006373798040588685
2024-03-28 00:00:00+00:00,20260201_193430_d8da53d6_StateSignal_XLE,0.003191977174381133,0.003191977174381133,1.0658508962521165,1.0658508962521165,0.0,0.0,1.0,0.003191977174381133
2024-04-01 00:00:00+00:00,20260201_193430_d8da53d6_StateSignal_XLE,0.014463528970776185,0.014463528970776185,1.0812668615685868,1.0812668615685868,0.0,0.0,1.0,0.014463528970776185
2024-04-02 00:00:00+00:00,20260201_193430_d8da53d6_StateSignal_XLE,0.009379255894616634,0.009379255894616634,1.0914083401536077,1.0914083401536077,0.0,0.0,1.0,0.009379255894616634
2024-04-03 00:00:00+00:00,20260201_193430_d8da53d6_StateSignal_XLE,0.007969933708064758,0.007969933708064758,1.100106792273061,1.100106792273061,0.0,0.0,1.0,0.007969933708064758
2024-04-04 00:00:00+00:00,20260201_193430_d8da53d6_StateSignal_XLE,0.011401132047934581,0.011401132047934581,1.1126492550785958,1.1126492550785958,0.0,0.0,1.0,0.011401132047934581
2024-04-05 00:00:00+00:00,20260201_193430_d8da53d6_StateSignal_XLE,-0.002619516887550244,-0.002619516887550244,1.1097346515649973,1.1097346515649973,0.0,0.0,1.0,-0.002619516887550244
2024-04-08 00:00:00+00:00,20260201_193430_d8da53d6_StateSignal_XLE,0.010220813124704353,0.010220813124704353,1.121077042056652,1.121077042056652,0.0,0.0,1.0,0.010220813124704353
2024-04-09 00:00:00+00:00,20260201_193430_d8da53d6_StateSignal_XLE,0.002161228418505523,0.002161228418505523,1.123499945619279,1.123499945619279,0.0,0.0,1.0,0.002161228418505523
2024-04-10 00:00:00+00:00,20260201_193430_d8da53d6_StateSignal_XLE,-0.010634934743707358,-0.010634934743707358,1.1115515970130592,1.1115515970130592,0.0,0.0,1.0,-0.010634934743707358
2024-04-11 00:00:00+00:00,20260201_193430_d8da53d6_StateSignal_XLE,0.005440117866603256,0.005440117866603256,1.1175985687156214,1.1175985687156214,0.0,0.0,1.0,0.005440117866603256
2024-04-12 00:00:00+00:00,20260201_193430_d8da53d6_StateSignal_XLE,0.0,0.0,1.1175985687156214,1.1175985687156214,0.0,0.0,1.0,0.0
2024-04-15 00:00:00+00:00,20260201_193430_d8da53d6_StateSignal_XLE,-0.016851257708589085,-0.016851257708589085,1.0987656272194442,1.0987656272194442,0.0,0.0,1.0,-0.016851257708589085
2024-04-16 00:00:00+00:00,20260201_193430_d8da53d6_StateSignal_XLE,-0.006643071374205611,-0.006643071374205611,1.0914664487343015,1.0914664487343015,0.0,0.0,1.0,-0.006643071374205611
2024-04-17 00:00:00+00:00,20260201_193430_d8da53d6_StateSignal_XLE,-0.006463858457997684,-0.006463858457997684,1.0844113640980297,1.0844113640980297,0.0,0.0,1.0,-0.006463858457997684
2024-04-18 00:00:00+00:00,20260201_193430_d8da53d6_StateSignal_XLE,-0.0049316396746488245,-0.0049316396746488245,1.0790634379912039,1.0790634379912039,0.0,0.0,1.0,-0.0049316396746488245
2024-04-19 00:00:00+00:00,20260201_193430_d8da53d6_StateSignal_XLE,-0.006538181334042825,-0.006538181334042825,1.0720083255626818,1.0720083255626818,0.0,0.0,1.0,-0.006538181334042825
2024-04-22 00:00:00+00:00,20260201_193430_d8da53d6_StateSignal_XLE,0.013257131582787629,0.013257131582787629,1.08622008099251,1.08622008099251,0.0,0.0,1.0,0.013257131582787629
2024-04-23 00:00:00+00:00,20260201_193430_d8da53d6_StateSignal_XLE,0.012422519998557036,0.012422519998557036,1.0997136716714737,1.0997136716714737,0.0,0.0,1.0,0.012422519998557036
2024-04-24 00:00:00+00:00,20260201_193430_d8da53d6_StateSignal_XLE,-0.0006615944667385243,-0.0006615944667385243,1.0989861071912992,1.0989861071912992,0.0,0.0,1.0,-0.0006615944667385243
2024-04-25 00:00:00+00:00,20260201_193430_d8da53d6_StateSignal_XLE,-0.0017663948068227242,-0.0017663948068227242,1.0970448638387862,1.0970448638387862,0.0,0.0,1.0,-0.0017663948068227242
2024-04-26 00:00:00+00:00,20260201_193430_d8da53d6_StateSignal_XLE,0.008800936895042355,0.008800936895042355,1.1066998864564617,1.1066998864564617,0.0,0.0,1.0,0.008800936895042355
2024-04-29 00:00:00+00:00,20260201_193430_d8da53d6_StateSignal_XLE,-0.007255170881172113,-0.007255170881172113,1.0986705896660462,1.0986705896660462,0.0,0.0,1.0,-0.007255170881172113
2024-04-30 00:00:00+00:00,20260201_193430_d8da53d6_StateSignal_XLE,0.0015433803085689313,0.0015433803085689313,1.1003662562197407,1.1003662562197407,0.0,0.0,1.0,0.0015433803085689313
2024-05-01 00:00:00+00:00,20260201_193430_d8da53d6_StateSignal_XLE,-0.02002737165042401,-0.02002737165042401,1.0783288122548422,1.0783288122548422,0.0,0.0,1.0,-0.02002737165042401
2024-05-02 00:00:00+00:00,20260201_193430_d8da53d6_StateSignal_XLE,-0.01723007939312149,-0.01723007939312149,1.059749121207801,1.059749121207801,0.0,0.0,1.0,-0.01723007939312149
2024-05-03 00:00:00+00:00,20260201_193430_d8da53d6_StateSignal_XLE,0.002968377564913194,0.002968377564913194,1.0628948567236307,1.0628948567236307,0.0,0.0,1.0,0.002968377564913194
2024-05-06 00:00:00+00:00,20260201_193430_d8da53d6_StateSignal_XLE,-0.009161768161458639,-0.009161768161458639,1.053156860466322,1.053156860466322,0.0,0.0,1.0,-0.009161768161458639
2024-05-07 00:00:00+00:00,20260201_193430_d8da53d6_StateSignal_XLE,0.015298848453172198,0.015298848453172198,1.0692689476720147,1.0692689476720147,0.0,0.0,1.0,0.015298848453172198
2024-05-08 00:00:00+00:00,20260201_193430_d8da53d6_StateSignal_XLE,-0.0011336584367969138,-0.0011336584367969138,1.0680567619082815,1.0680567619082815,0.0,0.0,1.0,-0.0011336584367969138
2024-05-09 00:00:00+00:00,20260201_193430_d8da53d6_StateSignal_XLE,-0.003408706856970589,-0.003408706856970589,1.0644160695003309,1.0644160695003309,0.0,0.0,1.0,-0.003408706856970589
2024-05-10 00:00:00+00:00,20260201_193430_d8da53d6_StateSignal_XLE,0.012666986830262239,0.012666986830262239,1.077899013834611,1.077899013834611,0.0,0.0,1.0,0.012666986830262239
2024-05-13 00:00:00+00:00,20260201_193430_d8da53d6_StateSignal_XLE,-0.005861152937715275,-0.005861152937715275,1.0715812828631137,1.0715812828631137,0.0,0.0,1.0,-0.005861152937715275
2024-05-14 00:00:00+00:00,20260201_193430_d8da53d6_StateSignal_XLE,0.00067804274266825,0.00067804274266825,1.0723078607751382,1.0723078607751382,0.0,0.0,1.0,0.00067804274266825
2024-05-15 00:00:00+00:00,20260201_193430_d8da53d6_StateSignal_XLE,-0.002261932654063603,-0.002261932654063603,1.0698823726096418,1.0698823726096418,0.0,0.0,1.0,-0.002261932654063603
2024-05-16 00:00:00+00:00,20260201_193430_d8da53d6_StateSignal_XLE,0.0018099552452395251,0.0018099552452395251,1.071818811821736,1.071818811821736,0.0,0.0,1.0,0.0018099552452395251
2024-05-17 00:00:00+00:00,20260201_193430_d8da53d6_StateSignal_XLE,0.0006778895299701659,0.0006778895299701659,1.072545386572295,1.072545386572295,0.0,0.0,1.0,0.0006778895299701659
2024-05-20 00:00:00+00:00,20260201_193430_d8da53d6_StateSignal_XLE,0.013907806049791471,0.013907806049791471,1.087462139788341,1.087462139788341,0.0,0.0,1.0,0.013907806049791471
2024-05-21 00:00:00+00:00,20260201_193430_d8da53d6_StateSignal_XLE,-0.00872586362164629,-0.00872586362164629,1.0779730934628444,1.0779730934628444,0.0,0.0,1.0,-0.00872586362164629
2024-05-22 00:00:00+00:00,20260201_193430_d8da53d6_StateSignal_XLE,-0.0029256237813766184,-0.0029256237813766184,1.0748193497449254,1.0748193497449254,0.0,0.0,1.0,-0.0029256237813766184
2024-05-23 00:00:00+00:00,20260201_193430_d8da53d6_StateSignal_XLE,-0.023718329639000224,-0.023718329639000224,1.0493264301052994,1.0493264301052994,0.0,0.0,1.0,-0.023718329639000224
2024-05-24 00:00:00+00:00,20260201_193430_d8da53d6_StateSignal_XLE,-0.006018536685798548,-0.006018536685798548,1.0430110204903327,1.0430110204903327,0.0,0.0,1.0,-0.006018536685798548
2024-05-28 00:00:00+00:00,20260201_193430_d8da53d6_StateSignal_XLE,0.0004642525617275517,0.0004642525617275517,1.0434952410285054,1.0434952410285054,0.0,0.0,1.0,0.0004642525617275517
2024-05-29 00:00:00+00:00,20260201_193430_d8da53d6_StateSignal_XLE,0.010389104178654573,0.010389104178654573,1.0543362217974808,1.0543362217974808,0.0,0.0,1.0,0.010389104178654573
2024-05-30 00:00:00+00:00,20260201_193430_d8da53d6_StateSignal_XLE,-0.018778806150467897,-0.018778806150467897,1.0345370462709291,1.0345370462709291,0.0,0.0,1.0,-0.018778806150467897
2024-05-31 00:00:00+00:00,20260201_193430_d8da53d6_StateSignal_XLE,0.004436668106564401,0.004436668106564401,1.0391269437891788,1.0391269437891788,0.0,0.0,1.0,0.004436668106564401
2024-06-03 00:00:00+00:00,20260201_193430_d8da53d6_StateSignal_XLE,0.0025278237483040236,0.0025278237483040236,1.0417536735551916,1.0417536735551916,0.0,0.0,0.12596565621365266,0.0025278237483040236
2024-06-04 00:00:00+00:00,20260201_193430_d8da53d6_StateSignal_XLE,-0.002939380517438775,-0.002939380517438775,1.038691563103173,1.038691563103173,0.0,0.0,0.12596565621365266,-0.002939380517438775
2024-06-05 00:00:00+00:00,20260201_193430_d8da53d6_StateSignal_XLE,-0.0015107173354318392,-0.0015107173354318392,1.0371223937526262,1.0371223937526262,0.0,0.0,0.12596565621365266,-0.0015107173354318392
2024-06-06 00:00:00+00:00,20260201_193430_d8da53d6_StateSignal_XLE,0.0006242558570845692,0.0006242558570845692,1.0377698234814399,1.0377698234814399,0.0,0.0,0.12596565621365266,0.0006242558570845692
2024-06-07 00:00:00+00:00,20260201_193430_d8da53d6_StateSignal_XLE,0.0005030938569592015,0.0005030938569592015,1.038291919104571,1.038291919104571,0.0,0.0,0.12596565621365266,0.0005030938569592015
2024-06-10 00:00:00+00:00,20260201_193430_d8da53d6_StateSignal_XLE,2.9531275768494624e-05,2.9531275768494624e-05,1.0383225811895622,1.0383225811895622,0.0,0.0,0.12596565621365266,2.9531275768494624e-05
2024-06-11 00:00:00+00:00,20260201_193430_d8da53d6_StateSignal_XLE,0.0009999660991405661,0.0009999660991405661,1.039360868570724,1.039360868570724,0.0,0.0,0.12596565621365266,0.0009999660991405661
2024-06-12 00:00:00+00:00,20260201_193430_d8da53d6_StateSignal_XLE,-0.0010590355755869356,-0.0010590355755869356,1.0382601484350347,1.0382601484350347,0.0,0.0,0.12596565621365266,-0.0010590355755869356
2024-06-13 00:00:00+00:00,20260201_193430_d8da53d6_StateSignal_XLE,-0.001246900956990559,-0.001246900956990559,1.036965540862346,1.036965540862346,0.0,0.0,0.12596565621365266,-0.001246900956990559
2024-06-14 00:00:00+00:00,20260201_193430_d8da53d6_StateSignal_XLE,-0.0007180959469032746,-0.0007180959469032746,1.0362209001103744,1.0362209001103744,0.0,0.0,0.12596565621365266,-0.0007180959469032746
2024-06-17 00:00:00+00:00,20260201_193430_d8da53d6_StateSignal_XLE,-0.0014789476597355591,-0.0014789476597355591,1.034688383635187,1.034688383635187,0.0,0.0,0.12596565621365266,-0.0014789476597355591
2024-06-18 00:00:00+00:00,20260201_193430_d8da53d6_StateSignal_XLE,0.0009075374718064291,0.0009075374718064291,1.0356274021149787,1.0356274021149787,0.0,0.0,0.12596565621365266,0.0009075374718064291
2024-06-20 00:00:00+00:00,20260201_193430_d8da53d6_StateSignal_XLE,0.00021082123115797525,0.00021082123115797525,1.0358457343589136,1.0358457343589136,0.0,0.0,0.12596565621365266,0.00021082123115797525
2024-06-21 00:00:00+00:00,20260201_193430_d8da53d6_StateSignal_XLE,0.002826795686496927,0.002826795686496927,1.0387738586126756,1.0387738586126756,0.0,0.0,0.12596565621365266,0.002826795686496927
2024-06-24 00:00:00+00:00,20260201_193430_d8da53d6_StateSignal_XLE,-0.0009154735741163462,-0.0009154735741163462,1.0378228885956329,1.0378228885956329,0.0,0.0,0.12596565621365266,-0.0009154735741163462
2024-06-25 00:00:00+00:00,20260201_193430_d8da53d6_StateSignal_XLE,0.002871637341824682,0.002871637341824682,1.0408031395567245,1.0408031395567245,0.0,0.0,0.12596565621365266,0.002871637341824682
2024-06-26 00:00:00+00:00,20260201_193430_d8da53d6_StateSignal_XLE,-0.00023198101623463495,-0.00023198101623463495,1.0405616929867099,1.0405616929867099,0.0,0.0,0.12596565621365266,-0.00023198101623463495
2024-06-27 00:00:00+00:00,20260201_193430_d8da53d6_StateSignal_XLE,-0.0007569024533655912,-0.0007569024533655912,1.03977408928841,1.03977408928841,0.0,0.0,0.12596565621365266,-0.0007569024533655912
2024-06-28 00:00:00+00:00,20260201_193430_d8da53d6_StateSignal_XLE,-0.0002923316610553777,-0.0002923316610553777,1.039470130401766,1.039470130401766,0.0,0.0,0.12596565621365266,-0.0002923316610553777
2024-07-01 00:00:00+00:00,20260201_193430_d8da53d6_StateSignal_XLE,0.0008168250886886776,0.0008168250886886776,1.0403191956832205,1.0403191956832205,0.0,0.0,0.12596565621365266,0.0008168250886886776
2024-07-02 00:00:00+00:00,20260201_193430_d8da53d6_StateSignal_XLE,0.0002033813366503507,0.0002033813366503507,1.0405307771917818,1.0405307771917818,0.0,0.0,0.12596565621365266,0.0002033813366503507
2024-07-03 00:00:00+00:00,20260201_193430_d8da53d6_StateSignal_XLE,-5.1128697600523784e-05,-5.1128697600523784e-05,1.0404775762083307,1.0404775762083307,0.0,0.0,0.008190980125411404,-5.1128697600523784e-05
2024-07-05 00:00:00+00:00,20260201_193430_d8da53d6_StateSignal_XLE,6.433235293581909e-05,6.433235293581909e-05,1.0405445125789852,1.0405445125789852,0.0,0.0,0.008190980125411404,6.433235293581909e-05
2024-07-08 00:00:00+00:00,20260201_193430_d8da53d6_StateSignal_XLE,-0.00012151885558905379,-0.00012151885558905379,1.040418066800627,1.040418066800627,0.0,0.0,0.008190980125411404,-0.00012151885558905379
2024-07-09 00:00:00+00:00,20260201_193430_d8da53d6_StateSignal_XLE,-5.181145619709848e-05,-5.181145619709848e-05,1.0403641612255323,1.0403641612255323,0.0,0.0,0.008190980125411404,-5.181145619709848e-05
2024-07-10 00:00:00+00:00,20260201_193430_d8da53d6_StateSignal_XLE,-2.69947800257371e-05,-2.69947800257371e-05,1.0403360768238534,1.0403360768238534,0.0,0.0,0.008190980125411404,-2.69947800257371e-05
2024-07-11 00:00:00+00:00,20260201_193430_d8da53d6_StateSignal_XLE,-3.86366994211292e-06,-3.86366994211292e-06,1.0403320573086237,1.0403320573086237,0.0,0.0,0.008190980125411404,-3.86366994211292e-06
2024-07-12 00:00:00+00:00,20260201_193430_d8da53d6_StateSignal_XLE,0.00010749975883395961,0.00010749975883395961,1.0404438927538915,1.0404438927538915,0.0,0.0,0.008190980125411404,0.00010749975883395961
2024-07-15 00:00:00+00:00,20260201_193430_d8da53d6_StateSignal_XLE,2.6655932812640483e-05,2.6655932812640483e-05,1.040471626756392,1.040471626756392,0.0,0.0,0.008190980125411404,2.6655932812640483e-05
2024-07-16 00:00:00+00:00,20260201_193430_d8da53d6_StateSignal_XLE,0.0001823426009772099,0.0001823426009772099,1.040661349059058,1.040661349059058,0.0,0.0,0.008190980125411404,0.0001823426009772099
2024-07-17 00:00:00+00:00,20260201_193430_d8da53d6_StateSignal_XLE,-3.539835428150408e-05,-3.539835428150408e-05,1.0406245113599368,1.0406245113599368,0.0,0.0,0.008190980125411404,-3.539835428150408e-05
2024-07-18 00:00:00+00:00,20260201_193430_d8da53d6_StateSignal_XLE,8.728708968792827e-05,8.728708968792827e-05,1.0407153444449915,1.0407153444449915,0.0,0.0,0.008190980125411404,8.728708968792827e-05
2024-07-19 00:00:00+00:00,20260201_193430_d8da53d6_StateSignal_XLE,3.318429977892853e-05,3.318429977892853e-05,1.0407498798549661,1.0407498798549661,0.0,0.0,0.008190980125411404,3.318429977892853e-05
2024-07-22 00:00:00+00:00,20260201_193430_d8da53d6_StateSignal_XLE,-9.25126180086967e-05,-9.25126180086967e-05,1.0406535973588886,1.0406535973588886,0.0,0.0,0.008190980125411404,-9.25126180086967e-05
2024-07-23 00:00:00+00:00,20260201_193430_d8da53d6_StateSignal_XLE,-5.601330325206794e-05,-5.601330325206794e-05,1.0405953069133593,1.0405953069133593,0.0,0.0,0.008190980125411404,-5.601330325206794e-05
2024-07-24 00:00:00+00:00,20260201_193430_d8da53d6_StateSignal_XLE,-0.0001245944023932684,-0.0001245944023932684,1.0404656545629611,1.0404656545629611,0.0,0.0,0.008190980125411404,-0.0001245944023932684
2024-07-25 00:00:00+00:00,20260201_193430_d8da53d6_StateSignal_XLE,1.520367977188147e-05,1.520367977188147e-05,1.0404814734695866,1.0404814734695866,0.0,0.0,0.008190980125411404,1.520367977188147e-05
2024-07-26 00:00:00+00:00,20260201_193430_d8da53d6_StateSignal_XLE,8.687770764606863e-05,8.687770764606863e-05,1.04057186811485,1.04057186811485,0.0,0.0,0.008190980125411404,8.687770764606863e-05
2024-07-29 00:00:00+00:00,20260201_193430_d8da53d6_StateSignal_XLE,5.4300901494484373e-05,5.4300901494484373e-05,1.0406283721053582,1.0406283721053582,0.0,0.0,0.008190980125411404,5.4300901494484373e-05
2024-07-30 00:00:00+00:00,20260201_193430_d8da53d6_StateSignal_XLE,-9.007354136297488e-05,-9.007354136297488e-05,1.04053463902264,1.04053463902264,0.0,0.0,0.008190980125411404,-9.007354136297488e-05
2024-07-31 00:00:00+00:00,20260201_193430_d8da53d6_StateSignal_XLE,0.00011987927859699317,0.00011987927859699317,1.0406593775645212,1.0406593775645212,0.0,0.0,0.008190980125411404,0.00011987927859699317
2024-08-01 00:00:00+00:00,20260201_193430_d8da53d6_StateSignal_XLE,9.796392223960635e-05,9.796392223960635e-05,1.040761324638863,1.040761324638863,0.0,0.0,0.008190980125411404,9.796392223960635e-05
2024-08-02 00:00:00+00:00,20260201_193430_d8da53d6_StateSignal_XLE,-0.013011369027114514,-0.013011369027114514,1.0272195949748382,1.0272195949748382,0.0,0.0,0.38538124295044784,-0.013011369027114514
2024-08-05 00:00:00+00:00,20260201_193430_d8da53d6_StateSignal_XLE,-0.011066072519395426,-0.011066072519395426,1.0158523084435027,1.0158523084435027,0.0,0.0,0.38538124295044784,-0.011066072519395426
2024-08-06 00:00:00+00:00,20260201_193430_d8da53d6_StateSignal_XLE,-0.005281181539831025,-0.005281181539831025,1.0104874079849562,1.0104874079849562,0.0,0.0,0.38538124295044784,-0.005281181539831025
2024-08-07 00:00:00+00:00,20260201_193430_d8da53d6_StateSignal_XLE,0.003343892935507289,0.003343892935507289,1.013866369689936,1.013866369689936,0.0,0.0,0.38538124295044784,0.003343892935507289
2024-08-08 00:00:00+00:00,20260201_193430_d8da53d6_StateSignal_XLE,0.000831459314864477,0.000831459314864477,1.0147093583270423,1.0147093583270423,0.0,0.0,0.38538124295044784,0.000831459314864477
2024-08-09 00:00:00+00:00,20260201_193430_d8da53d6_StateSignal_XLE,0.005861424669104625,0.005861424669104625,1.0206570007919118,1.0206570007919118,0.0,0.0,0.38538124295044784,0.005861424669104625
2024-08-12 00:00:00+00:00,20260201_193430_d8da53d6_StateSignal_XLE,0.0018135621371874794,0.0018135621371874794,1.0225080256836034,1.0225080256836034,0.0,0.0,0.38538124295044784,0.0018135621371874794
2024-08-13 00:00:00+00:00,20260201_193430_d8da53d6_StateSignal_XLE,0.0009035906670621341,0.0009035906670621341,1.0234319543926071,1.0234319543926071,0.0,0.0,0.38538124295044784,0.0009035906670621341
2024-08-14 00:00:00+00:00,20260201_193430_d8da53d6_StateSignal_XLE,-0.002626271718355068,-0.002626271718355068,1.020744143995125,1.020744143995125,0.0,0.0,0.38538124295044784,-0.002626271718355068
2024-08-15 00:00:00+00:00,20260201_193430_d8da53d6_StateSignal_XLE,0.003167410926786472,0.003167410926786472,1.0239772601502686,1.0239772601502686,0.0,0.0,0.38538124295044784,0.003167410926786472
2024-08-16 00:00:00+00:00,20260201_193430_d8da53d6_StateSignal_XLE,0.002694356649225525,0.002694356649225525,1.02673622008981,1.02673622008981,0.0,0.0,0.38538124295044784,0.002694356649225525
2024-08-19 00:00:00+00:00,20260201_193430_d8da53d6_StateSignal_XLE,0.0,0.0,1.02673622008981,1.02673622008981,0.0,0.0,0.38538124295044784,0.0
2024-08-20 00:00:00+00:00,20260201_193430_d8da53d6_StateSignal_XLE,0.0024089194210210447,0.0024089194210210447,1.0292095449106502,1.0292095449106502,0.0,0.0,0.38538124295044784,0.0024089194210210447
2024-08-21 00:00:00+00:00,20260201_193430_d8da53d6_StateSignal_XLE,-0.008270686997033042,-0.008270686997033042,1.0206972749103354,1.0206972749103354,0.0,0.0,0.38538124295044784,-0.008270686997033042
2024-08-22 00:00:00+00:00,20260201_193430_d8da53d6_StateSignal_XLE,-0.0007276494830149046,-0.0007276494830149046,1.019954565065932,1.019954565065932,0.0,0.0,0.38538124295044784,-0.0007276494830149046
2024-08-23 00:00:00+00:00,20260201_193430_d8da53d6_StateSignal_XLE,0.0008185091422712356,0.0008185091422712356,1.0207894072021397,1.0207894072021397,0.0,0.0,0.38538124295044784,0.0008185091422712356
2024-08-26 00:00:00+00:00,20260201_193430_d8da53d6_StateSignal_XLE,0.005054252679176499,0.005054252679176499,1.0259487347983662,1.0259487347983662,0.0,0.0,0.38538124295044784,0.005054252679176499
2024-08-27 00:00:00+00:00,20260201_193430_d8da53d6_StateSignal_XLE,0.0037476591245106353,0.0037476591245106353,1.0297936409356134,1.0297936409356134,0.0,0.0,0.38538124295044784,0.0037476591245106353
2024-08-28 00:00:00+00:00,20260201_193430_d8da53d6_StateSignal_XLE,-0.004106487123386224,-0.004106487123386224,1.0255648066093663,1.0255648066093663,0.0,0.0,0.38538124295044784,-0.004106487123386224
2024-08-29 00:00:00+00:00,20260201_193430_d8da53d6_StateSignal_XLE,-0.0021600126212021737,-0.0021600126212021737,1.0233495736832294,1.0233495736832294,0.0,0.0,0.38538124295044784,-0.0021600126212021737
2024-08-30 00:00:00+00:00,20260201_193430_d8da53d6_StateSignal_XLE,0.004932229826837704,0.004932229826837704,1.0283969689738315,1.0283969689738315,0.0,0.0,0.38538124295044784,0.004932229826837704
2024-09-03 00:00:00+00:00,20260201_193430_d8da53d6_StateSignal_XLE,-0.0007939710602925972,-0.0007939710602925972,1.0275804515419737,1.0275804515419737,0.0,0.0,0.21422307148188416,-0.0007939710602925972
2024-09-04 00:00:00+00:00,20260201_193430_d8da53d6_StateSignal_XLE,-0.0031551835127485513,-0.0031551835127485513,1.0243382466432458,1.0243382466432458,0.0,0.0,0.21422307148188416,-0.0031551835127485513
2024-09-05 00:00:00+00:00,20260201_193430_d8da53d6_StateSignal_XLE,-0.0026908335272639045,-0.0026908335272639045,1.0215819229459193,1.0215819229459193,0.0,0.0,0.21422307148188416,-0.0026908335272639045
2024-09-06 00:00:00+00:00,20260201_193430_d8da53d6_StateSignal_XLE,-0.0016926608735567251,-0.0016926608735567251,1.0198527311958159,1.0198527311958159,0.0,0.0,0.21422307148188416,-0.0016926608735567251
2024-09-09 00:00:00+00:00,20260201_193430_d8da53d6_StateSignal_XLE,-0.0038974344523420882,-0.0038974344523420882,1.015877922024938,1.015877922024938,0.0,0.0,0.21422307148188416,-0.0038974344523420882
2024-09-10 00:00:00+00:00,20260201_193430_d8da53d6_StateSignal_XLE,0.0030202100023653143,0.0030202100023653143,1.0189460866862199,1.0189460866862199,0.0,0.0,0.21422307148188416,0.0030202100023653143
2024-09-11 00:00:00+00:00,20260201_193430_d8da53d6_StateSignal_XLE,-0.005287141965910042,-0.005287141965910042,1.0135587740703014,1.0135587740703014,0.0,0.0,0.21422307148188416,-0.005287141965910042
2024-09-12 00:00:00+00:00,20260201_193430_d8da53d6_StateSignal_XLE,-0.0014891435340548792,-0.0014891435340548792,1.01204943957551,1.01204943957551,0.0,0.0,0.21422307148188416,-0.0014891435340548792
2024-09-13 00:00:00+00:00,20260201_193430_d8da53d6_StateSignal_XLE,0.0017010358079890715,0.0017010358079890715,1.013770971911683,1.013770971911683,0.0,0.0,0.21422307148188416,0.0017010358079890715
2024-09-16 00:00:00+00:00,20260201_193430_d8da53d6_StateSignal_XLE,0.0012143299660840993,0.0012143299660840993,1.0150020243816216,1.0150020243816216,0.0,0.0,0.21422307148188416,0.0012143299660840993
2024-09-17 00:00:00+00:00,20260201_193430_d8da53d6_StateSignal_XLE,0.0021998650535084542,0.0021998650535084542,1.017234891864299,1.017234891864299,0.0,0.0,0.21422307148188416,0.0021998650535084542
2024-09-18 00:00:00+00:00,20260201_193430_d8da53d6_StateSignal_XLE,0.0031553407246656734,0.0031553407246656734,1.0204446145451493,1.0204446145451493,0.0,0.0,0.21422307148188416,0.0031553407246656734
2024-09-19 00:00:00+00:00,20260201_193430_d8da53d6_StateSignal_XLE,0.0010755992712511216,0.0010755992712511216,1.0215422040289064,1.0215422040289064,0.0,0.0,0.21422307148188416,0.0010755992712511216
2024-09-20 00:00:00+00:00,20260201_193430_d8da53d6_StateSignal_XLE,0.003245097928265155,0.003245097928265155,1.024857208518836,1.024857208518836,0.0,0.0,0.21422307148188416,0.003245097928265155
2024-09-23 00:00:00+00:00,20260201_193430_d8da53d6_StateSignal_XLE,-0.0020732242379412876,-0.0020732242379412876,1.022732449713706,1.022732449713706,0.0,0.0,0.21422307148188416,-0.0020732242379412876
2024-09-24 00:00:00+00:00,20260201_193430_d8da53d6_StateSignal_XLE,0.002022895782058027,0.002022895782058027,1.0248013308724058,1.0248013308724058,0.0,0.0,0.21422307148188416,0.002022895782058027
2024-09-25 00:00:00+00:00,20260201_193430_d8da53d6_StateSignal_XLE,0.0006031624955503062,0.0006031624955503062,1.025419452600578,1.025419452600578,0.0,0.0,0.21422307148188416,0.0006031624955503062
2024-09-26 00:00:00+00:00,20260201_193430_d8da53d6_StateSignal_XLE,-0.004360667524074541,-0.004360667524074541,1.0209479392950684,1.0209479392950684,0.0,0.0,0.21422307148188416,-0.004360667524074541
2024-09-27 00:00:00+00:00,20260201_193430_d8da53d6_StateSignal_XLE,-0.003928911629651173,-0.003928911629651173,1.0169367250631036,1.0169367250631036,0.0,0.0,0.21422307148188416,-0.003928911629651173
2024-09-30 00:00:00+00:00,20260201_193430_d8da53d6_StateSignal_XLE,0.003416047914542392,0.003416047914542392,1.020410629641977,1.020410629641977,0.0,0.0,0.21422307148188416,0.003416047914542392
2024-10-01 00:00:00+00:00,20260201_193430_d8da53d6_StateSignal_XLE,0.0012288163988805859,0.0012288163988805859,1.021664526957273,1.021664526957273,0.0,0.0,0.21422307148188416,0.0012288163988805859
2024-10-02 00:00:00+00:00,20260201_193430_d8da53d6_StateSignal_XLE,0.0021353217550196045,0.0021353217550196045,1.0238461094480167,1.0238461094480167,0.0,0.0,0.0953774674501714,0.0021353217550196045
2024-10-03 00:00:00+00:00,20260201_193430_d8da53d6_StateSignal_XLE,0.00081888571150547,0.00081888571150547,1.024684522397824,1.024684522397824,0.0,0.0,0.0953774674501714,0.00081888571150547
2024-10-04 00:00:00+00:00,20260201_193430_d8da53d6_StateSignal_XLE,0.0021571151944940856,0.0021571151944940856,1.0268948849506514,1.0268948849506514,0.0,0.0,0.0953774674501714,0.0021571151944940856
2024-10-07 00:00:00+00:00,20260201_193430_d8da53d6_StateSignal_XLE,0.0006013460786470843,0.0006013460786470843,1.0275124041628994,1.0275124041628994,0.0,0.0,0.0953774674501714,0.0006013460786470843
2024-10-08 00:00:00+00:00,20260201_193430_d8da53d6_StateSignal_XLE,0.0007676296361733589,0.0007676296361733589,1.0283011531358706,1.0283011531358706,0.0,0.0,0.0953774674501714,0.0007676296361733589
2024-10-09 00:00:00+00:00,20260201_193430_d8da53d6_StateSignal_XLE,-0.0025831631005340944,-0.0025831631005340944,1.0256448835408534,1.0256448835408534,0.0,0.0,0.0953774674501714,-0.0025831631005340944
2024-10-10 00:00:00+00:00,20260201_193430_d8da53d6_StateSignal_XLE,0.0005222598535919776,0.0005222598535919776,1.0261805366875687,1.0261805366875687,0.0,0.0,0.0953774674501714,0.0005222598535919776
2024-10-11 00:00:00+00:00,20260201_193430_d8da53d6_StateSignal_XLE,0.0009071294904110569,0.0009071294904110569,1.027111415314884,1.027111415314884,0.0,0.0,0.0953774674501714,0.0009071294904110569
2024-10-14 00:00:00+00:00,20260201_193430_d8da53d6_StateSignal_XLE,0.0005572631928569393,0.0005572631928569393,1.0276837867016022,1.0276837867016022,0.0,0.0,0.0953774674501714,0.0005572631928569393
2024-10-15 00:00:00+00:00,20260201_193430_d8da53d6_StateSignal_XLE,-0.00047131818370719613,-0.00047131818370719613,1.0271994206458288,1.0271994206458288,0.0,0.0,0.0953774674501714,-0.00047131818370719613
2024-10-16 00:00:00+00:00,20260201_193430_d8da53d6_StateSignal_XLE,-0.0023261298838850347,-0.0023261298838850347,1.0248100213767553,1.0248100213767553,0.0,0.0,0.0953774674501714,-0.0023261298838850347
2024-10-17 00:00:00+00:00,20260201_193430_d8da53d6_StateSignal_XLE,4.400344597090122e-05,4.400344597090122e-05,1.0248551165491615,1.0248551165491615,0.0,0.0,0.0953774674501714,4.400344597090122e-05
2024-10-18 00:00:00+00:00,20260201_193430_d8da53d6_StateSignal_XLE,0.00021971322190302136,0.00021971322190302136,1.0250802907688024,1.0250802907688024,0.0,0.0,0.0953774674501714,0.00021971322190302136
2024-10-21 00:00:00+00:00,20260201_193430_d8da53d6_StateSignal_XLE,-0.00026371666787392256,-0.00026371666787392256,1.0248099600102176,1.0248099600102176,0.0,0.0,0.0953774674501714,-0.00026371666787392256
2024-10-22 00:00:00+00:00,20260201_193430_d8da53d6_StateSignal_XLE,-4.4023756816775816e-05,-4.4023756816775816e-05,1.0247648440257546,1.0247648440257546,0.0,0.0,0.0953774674501714,-4.4023756816775816e-05
2024-10-23 00:00:00+00:00,20260201_193430_d8da53d6_StateSignal_XLE,6.602801748656562e-05,6.602801748656562e-05,1.0248325072167956,1.0248325072167956,0.0,0.0,0.0953774674501714,6.602801748656562e-05
2024-10-24 00:00:00+00:00,20260201_193430_d8da53d6_StateSignal_XLE,-0.0007510075609395811,-0.0007510075609395811,1.0240628502551792,1.0240628502551792,0.0,0.0,0.0953774674501714,-0.0007510075609395811
2024-10-25 00:00:00+00:00,20260201_193430_d8da53d6_StateSignal_XLE,0.0,0.0,1.0240628502551792,1.0240628502551792,0.0,0.0,0.0953774674501714,0.0
2024-10-28 00:00:00+00:00,20260201_193430_d8da53d6_StateSignal_XLE,0.00028784864027194673,0.00028784864027194673,1.0243576253541782,1.0243576253541782,0.0,0.0,0.0953774674501714,0.00028784864027194673
2024-10-29 00:00:00+00:00,20260201_193430_d8da53d6_StateSignal_XLE,-0.000843857370347907,-0.000843857370347907,1.023493213622151,1.023493213622151,0.0,0.0,0.0953774674501714,-0.000843857370347907
2024-10-30 00:00:00+00:00,20260201_193430_d8da53d6_StateSignal_XLE,-0.001302561594502993,-0.001302561594502993,1.0221600506698523,1.0221600506698523,0.0,0.0,0.0953774674501714,-0.001302561594502993
2024-10-31 00:00:00+00:00,20260201_193430_d8da53d6_StateSignal_XLE,0.00046816804158294735,0.00046816804158294735,1.0226385933389588,1.0226385933389588,0.0,0.0,0.1977072715758975,0.00046816804158294735
2024-11-01 00:00:00+00:00,20260201_193430_d8da53d6_StateSignal_XLE,0.002046870035455718,0.002046870035455718,1.024731801632765,1.024731801632765,0.0,0.0,0.1977072715758975,0.002046870035455718
2024-11-04 00:00:00+00:00,20260201_193430_d8da53d6_StateSignal_XLE,-0.001813201090188945,-0.001813201090188945,1.0228737568128932,1.0228737568128932,0.0,0.0,0.1977072715758975,-0.001813201090188945
2024-11-05 00:00:00+00:00,20260201_193430_d8da53d6_StateSignal_XLE,0.0026444872689420874,0.0026444872689420874,1.02557873344052,1.02557873344052,0.0,0.0,0.1977072715758975,0.0026444872689420874
2024-11-06 00:00:00+00:00,20260201_193430_d8da53d6_StateSignal_XLE,0.0009195703627862123,0.0009195703627862123,1.0265218252484958,1.0265218252484958,0.0,0.0,0.1977072715758975,0.0009195703627862123
2024-11-07 00:00:00+00:00,20260201_193430_d8da53d6_StateSignal_XLE,0.009405743477925454,0.009405743477925454,1.036177026211275,1.036177026211275,0.0,0.0,0.1977072715758975,0.009405743477925454
2024-11-08 00:00:00+00:00,20260201_193430_d8da53d6_StateSignal_XLE,-0.002022373536355966,-0.002022373536355966,1.0340814892144854,1.0340814892144854,0.0,0.0,0.1977072715758975,-0.002022373536355966
2024-11-11 00:00:00+00:00,20260201_193430_d8da53d6_StateSignal_XLE,0.0010577320186198297,0.0010577320186198297,1.0351752703154895,1.0351752703154895,0.0,0.0,0.1977072715758975,0.0010577320186198297
2024-11-12 00:00:00+00:00,20260201_193430_d8da53d6_StateSignal_XLE,0.0014452030154891485,0.0014452030154891485,1.0366713087377093,1.0366713087377093,0.0,0.0,0.1977072715758975,0.0014452030154891485
2024-11-13 00:00:00+00:00,20260201_193430_d8da53d6_StateSignal_XLE,-0.0007431791209265766,-0.0007431791209265766,1.0359008762657917,1.0359008762657917,0.0,0.0,0.1977072715758975,-0.0007431791209265766
2024-11-14 00:00:00+00:00,20260201_193430_d8da53d6_StateSignal_XLE,0.0012660992536118756,0.0012660992536118756,1.037212429592048,1.037212429592048,0.0,0.0,0.1977072715758975,0.0012660992536118756
2024-11-15 00:00:00+00:00,20260201_193430_d8da53d6_StateSignal_XLE,0.00013051421196329057,0.00013051421196329057,1.0373478005549346,1.0373478005549346,0.0,0.0,0.1977072715758975,0.00013051421196329057
2024-11-18 00:00:00+00:00,20260201_193430_d8da53d6_StateSignal_XLE,-0.00039180139304530583,-0.00039180139304530583,1.0369413662416047,1.0369413662416047,0.0,0.0,0.1977072715758975,-0.00039180139304530583
2024-11-19 00:00:00+00:00,20260201_193430_d8da53d6_StateSignal_XLE,0.003112883801609196,0.003112883801609196,1.0401692442237966,1.0401692442237966,0.0,0.0,0.1977072715758975,0.003112883801609196
2024-11-20 00:00:00+00:00,20260201_193430_d8da53d6_StateSignal_XLE,-0.0018531825443424247,-0.0018531825443424247,1.0382416207372394,1.0382416207372394,0.0,0.0,0.1977072715758975,-0.0018531825443424247
2024-11-21 00:00:00+00:00,20260201_193430_d8da53d6_StateSignal_XLE,0.0015956393838561643,0.0015956393838561643,1.0398982799572463,1.0398982799572463,0.0,0.0,0.1977072715758975,0.0015956393838561643
2024-11-22 00:00:00+00:00,20260201_193430_d8da53d6_StateSignal_XLE,0.0029839956290925182,0.0029839956290925182,1.0430013318793394,1.0430013318793394,0.0,0.0,0.1977072715758975,0.0029839956290925182
2024-11-25 00:00:00+00:00,20260201_193430_d8da53d6_StateSignal_XLE,0.00021142903477473066,0.00021142903477473066,1.0432218526442074,1.0432218526442074,0.0,0.0,0.1977072715758975,0.00021142903477473066
2024-11-26 00:00:00+00:00,20260201_193430_d8da53d6_StateSignal_XLE,-0.004056332932863432,-0.004056332932863432,1.038990197487044,1.038990197487044,0.0,0.0,0.1977072715758975,-0.004056332932863432
2024-11-27 00:00:00+00:00,20260201_193430_d8da53d6_StateSignal_XLE,-0.000864673460369552,-0.000864673460369552,1.0380918102376928,1.0380918102376928,0.0,0.0,0.1977072715758975,-0.000864673460369552
2024-11-29 00:00:00+00:00,20260201_193430_d8da53d6_StateSignal_XLE,0.0005192577418882107,0.0005192577418882107,1.0386308474469494,1.0386308474469494,0.0,0.0,0.1977072715758975,0.0005192577418882107
2024-12-02 00:00:00+00:00,20260201_193430_d8da53d6_StateSignal_XLE,0.0,0.0,1.0386308474469494,1.0386308474469494,0.0,0.0,0.0,0.0
2024-12-03 00:00:00+00:00,20260201_193430_d8da53d6_StateSignal_XLE,0.0,0.0,1.0386308474469494,1.0386308474469494,0.0,0.0,0.0,-0.0
2024-12-04 00:00:00+00:00,20260201_193430_d8da53d6_StateSignal_XLE,0.0,0.0,1.0386308474469494,1.0386308474469494,0.0,0.0,0.0,0.0
2024-12-05 00:00:00+00:00,20260201_193430_d8da53d6_StateSignal_XLE,0.0,0.0,1.0386308474469494,1.0386308474469494,0.0,0.0,0.0,-0.0
2024-12-06 00:00:00+00:00,20260201_193430_d8da53d6_StateSignal_XLE,0.0,0.0,1.0386308474469494,1.0386308474469494,0.0,0.0,0.0,0.0
2024-12-09 00:00:00+00:00,20260201_193430_d8da53d6_StateSignal_XLE,0.0,0.0,1.0386308474469494,1.0386308474469494,0.0,0.0,0.0,-0.0
2024-12-10 00:00:00+00:00,20260201_193430_d8da53d6_StateSignal_XLE,0.0,0.0,1.0386308474469494,1.0386308474469494,0.0,0.0,0.0,0.0
2024-12-11 00:00:00+00:00,20260201_193430_d8da53d6_StateSignal_XLE,0.0,0.0,1.0386308474469494,1.0386308474469494,0.0,0.0,0.0,-0.0
2024-12-12 00:00:00+00:00,20260201_193430_d8da53d6_StateSignal_XLE,0.0,0.0,1.0386308474469494,1.0386308474469494,0.0,0.0,0.0,-0.0
2024-12-13 00:00:00+00:00,20260201_193430_d8da53d6_StateSignal_XLE,0.0,0.0,1.0386308474469494,1.0386308474469494,0.0,0.0,0.0,-0.0
2024-12-16 00:00:00+00:00,20260201_193430_d8da53d6_StateSignal_XLE,0.0,0.0,1.0386308474469494,1.0386308474469494,0.0,0.0,0.0,-0.0
2024-12-17 00:00:00+00:00,20260201_193430_d8da53d6_StateSignal_XLE,0.0,0.0,1.0386308474469494,1.0386308474469494,0.0,0.0,0.0,-0.0
2024-12-18 00:00:00+00:00,20260201_193430_d8da53d6_StateSignal_XLE,0.0,0.0,1.0386308474469494,1.0386308474469494,0.0,0.0,0.0,-0.0
2024-12-19 00:00:00+00:00,20260201_193430_d8da53d6_StateSignal_XLE,0.0,0.0,1.0386308474469494,1.0386308474469494,0.0,0.0,0.0,-0.0
2024-12-20 00:00:00+00:00,20260201_193430_d8da53d6_StateSignal_XLE,0.0,0.0,1.0386308474469494,1.0386308474469494,0.0,0.0,0.0,-0.0
2024-12-23 00:00:00+00:00,20260201_193430_d8da53d6_StateSignal_XLE,0.0,0.0,1.0386308474469494,1.0386308474469494,0.0,0.0,0.0,0.0
2024-12-24 00:00:00+00:00,20260201_193430_d8da53d6_StateSignal_XLE,0.0,0.0,1.0386308474469494,1.0386308474469494,0.0,0.0,0.0,0.0
2024-12-26 00:00:00+00:00,20260201_193430_d8da53d6_StateSignal_XLE,0.0,0.0,1.0386308474469494,1.0386308474469494,0.0,0.0,0.0,0.0
2024-12-27 00:00:00+00:00,20260201_193430_d8da53d6_StateSignal_XLE,0.0,0.0,1.0386308474469494,1.0386308474469494,0.0,0.0,0.0,-0.0
2024-12-30 00:00:00+00:00,20260201_193430_d8da53d6_StateSignal_XLE,0.0,0.0,1.0386308474469494,1.0386308474469494,0.0,0.0,0.0,0.0
2024-12-31 00:00:00+00:00,20260201_193430_d8da53d6_StateSignal_XLE,0.0,0.0,1.0386308474469494,1.0386308474469494,0.0,0.0,0.0,-0.0
2025-01-02 00:00:00+00:00,20260201_193430_d8da53d6_StateSignal_XLE,0.0,0.0,1.0386308474469494,1.0386308474469494,0.0,0.0,0.0,0.0
2025-01-03 00:00:00+00:00,20260201_193430_d8da53d6_StateSignal_XLE,0.0,0.0,1.0386308474469494,1.0386308474469494,0.0,0.0,0.0,0.0
2025-01-06 00:00:00+00:00,20260201_193430_d8da53d6_StateSignal_XLE,0.0,0.0,1.0386308474469494,1.0386308474469494,0.0,0.0,0.0,0.0
2025-01-07 00:00:00+00:00,20260201_193430_d8da53d6_StateSignal_XLE,0.0,0.0,1.0386308474469494,1.0386308474469494,0.0,0.0,0.0,-0.0
2025-01-08 00:00:00+00:00,20260201_193430_d8da53d6_StateSignal_XLE,0.0,0.0,1.0386308474469494,1.0386308474469494,0.0,0.0,0.0,0.0
2025-01-10 00:00:00+00:00,20260201_193430_d8da53d6_StateSignal_XLE,0.0,0.0,1.0386308474469494,1.0386308474469494,0.0,0.0,0.0,-0.0
2025-01-13 00:00:00+00:00,20260201_193430_d8da53d6_StateSignal_XLE,0.0,0.0,1.0386308474469494,1.0386308474469494,0.0,0.0,0.0,0.0
2025-01-14 00:00:00+00:00,20260201_193430_d8da53d6_StateSignal_XLE,0.0,0.0,1.0386308474469494,1.0386308474469494,0.0,0.0,0.0,0.0
2025-01-15 00:00:00+00:00,20260201_193430_d8da53d6_StateSignal_XLE,0.0,0.0,1.0386308474469494,1.0386308474469494,0.0,0.0,0.0,0.0
2025-01-16 00:00:00+00:00,20260201_193430_d8da53d6_StateSignal_XLE,0.0,0.0,1.0386308474469494,1.0386308474469494,0.0,0.0,0.0,0.0
2025-01-17 00:00:00+00:00,20260201_193430_d8da53d6_StateSignal_XLE,0.0,0.0,1.0386308474469494,1.0386308474469494,0.0,0.0,0.0,0.0
2025-01-21 00:00:00+00:00,20260201_193430_d8da53d6_StateSignal_XLE,0.0,0.0,1.0386308474469494,1.0386308474469494,0.0,0.0,0.0,0.0
2025-01-22 00:00:00+00:00,20260201_193430_d8da53d6_StateSignal_XLE,0.0,0.0,1.0386308474469494,1.0386308474469494,0.0,0.0,0.0,-0.0
2025-01-23 00:00:00+00:00,20260201_193430_d8da53d6_StateSignal_XLE,0.0,0.0,1.0386308474469494,1.0386308474469494,0.0,0.0,0.0,-0.0
2025-01-24 00:00:00+00:00,20260201_193430_d8da53d6_StateSignal_XLE,0.0,0.0,1.0386308474469494,1.0386308474469494,0.0,0.0,0.0,-0.0
2025-01-27 00:00:00+00:00,20260201_193430_d8da53d6_StateSignal_XLE,0.0,0.0,1.0386308474469494,1.0386308474469494,0.0,0.0,0.0,-0.0
2025-01-28 00:00:00+00:00,20260201_193430_d8da53d6_StateSignal_XLE,0.0,0.0,1.0386308474469494,1.0386308474469494,0.0,0.0,0.0,-0.0
2025-01-29 00:00:00+00:00,20260201_193430_d8da53d6_StateSignal_XLE,0.0,0.0,1.0386308474469494,1.0386308474469494,0.0,0.0,0.0,-0.0
2025-01-30 00:00:00+00:00,20260201_193430_d8da53d6_StateSignal_XLE,0.0,0.0,1.0386308474469494,1.0386308474469494,0.0,0.0,0.0,0.0
2025-01-31 00:00:00+00:00,20260201_193430_d8da53d6_StateSignal_XLE,0.0,0.0,1.0386308474469494,1.0386308474469494,0.0,0.0,0.0,0.0
2025-02-03 00:00:00+00:00,20260201_193430_d8da53d6_StateSignal_XLE,0.0,0.0,1.0386308474469494,1.0386308474469494,0.0,0.0,0.0,-0.0
2025-02-04 00:00:00+00:00,20260201_193430_d8da53d6_StateSignal_XLE,0.00024072161056251212,0.00024072161056251212,1.0388808683373267,1.0388808683373267,0.0,0.0,0.03016792177391549,0.00024072161056251212
2025-02-05 00:00:00+00:00,20260201_193430_d8da53d6_StateSignal_XLE,0.00046881397094291765,0.00046881397094291765,1.0393679102025486,1.0393679102025486,0.0,0.0,0.03016792177391549,0.00046881397094291765
2025-02-06 00:00:00+00:00,20260201_193430_d8da53d6_StateSignal_XLE,0.00015927093135826133,0.00015927093135826133,1.0395334512976304,1.0395334512976304,0.0,0.0,0.03016792177391549,0.00015927093135826133
2025-02-07 00:00:00+00:00,20260201_193430_d8da53d6_StateSignal_XLE,-0.000698686202424746,-0.000698686202424746,1.0388071436182498,1.0388071436182498,0.0,0.0,0.03016792177391549,-0.000698686202424746
2025-02-10 00:00:00+00:00,20260201_193430_d8da53d6_StateSignal_XLE,0.0002814192214564029,0.0002814192214564029,1.0390994839158503,1.0390994839158503,0.0,0.0,0.03016792177391549,0.0002814192214564029
2025-02-11 00:00:00+00:00,20260201_193430_d8da53d6_StateSignal_XLE,0.000486253797616589,0.000486253797616589,1.039604749986006,1.039604749986006,0.0,0.0,0.03016792177391549,0.000486253797616589
2025-02-12 00:00:00+00:00,20260201_193430_d8da53d6_StateSignal_XLE,0.00024705442526593436,0.00024705442526593436,1.0398615889400176,1.0398615889400176,0.0,0.0,0.03016792177391549,0.00024705442526593436
2025-02-13 00:00:00+00:00,20260201_193430_d8da53d6_StateSignal_XLE,-0.0006354284371735739,-0.0006354284371735739,1.0392008313156806,1.0392008313156806,0.0,0.0,0.03016792177391549,-0.0006354284371735739
2025-02-14 00:00:00+00:00,20260201_193430_d8da53d6_StateSignal_XLE,0.00015317232975286645,0.00015317232975286645,1.0393600081280943,1.0393600081280943,0.0,0.0,0.03016792177391549,0.00015317232975286645
2025-02-18 00:00:00+00:00,20260201_193430_d8da53d6_StateSignal_XLE,0.00021452219652341782,0.00021452219652341782,1.0395829739200166,1.0395829739200166,0.0,0.0,0.03016792177391549,0.00021452219652341782
2025-02-19 00:00:00+00:00,20260201_193430_d8da53d6_StateSignal_XLE,0.00039731261439998844,0.00039731261439998844,1.0399960133492705,1.0399960133492705,0.0,0.0,0.03016792177391549,0.00039731261439998844
2025-02-20 00:00:00+00:00,20260201_193430_d8da53d6_StateSignal_XLE,0.00010190727551226564,0.00010190727551226564,1.0401019965095344,1.0401019965095344,0.0,0.0,0.03016792177391549,0.00010190727551226564
2025-02-21 00:00:00+00:00,20260201_193430_d8da53d6_StateSignal_XLE,0.00022299158949742043,0.00022299158949742043,1.0403339305069754,1.0403339305069754,0.0,0.0,0.03016792177391549,0.00022299158949742043
2025-02-24 00:00:00+00:00,20260201_193430_d8da53d6_StateSignal_XLE,-0.000502357740090633,-0.000502357740090633,1.0398113107047062,1.0398113107047062,0.0,0.0,0.03016792177391549,-0.000502357740090633
2025-02-25 00:00:00+00:00,20260201_193430_d8da53d6_StateSignal_XLE,-1.3694018289571268e-05,-1.3694018289571268e-05,1.0397970715095997,1.0397970715095997,0.0,0.0,0.03016792177391549,-1.3694018289571268e-05
2025-02-26 00:00:00+00:00,20260201_193430_d8da53d6_StateSignal_XLE,-0.0004415233151168056,-0.0004415233151168056,1.0393379768595379,1.0393379768595379,0.0,0.0,0.03016792177391549,-0.0004415233151168056
2025-02-27 00:00:00+00:00,20260201_193430_d8da53d6_StateSignal_XLE,-0.0003073396708955648,-0.0003073396708955648,1.0390185470677806,1.0390185470677806,0.0,0.0,0.03016792177391549,-0.0003073396708955648
2025-02-28 00:00:00+00:00,20260201_193430_d8da53d6_StateSignal_XLE,0.0003975485898799773,0.0003975485898799773,1.0394316074260266,1.0394316074260266,0.0,0.0,0.03016792177391549,0.0003975485898799773
2025-03-03 00:00:00+00:00,20260201_193430_d8da53d6_StateSignal_XLE,0.0001796126134852825,0.0001796126134852825,1.0396183024535754,1.0396183024535754,0.0,0.0,0.03016792177391549,0.0001796126134852825
2025-03-04 00:00:00+00:00,20260201_193430_d8da53d6_StateSignal_XLE,-0.0008876641919366115,-0.0008876641919366115,1.0386954705132054,1.0386954705132054,0.0,0.0,0.03016792177391549,-0.0008876641919366115
2025-03-05 00:00:00+00:00,20260201_193430_d8da53d6_StateSignal_XLE,-3.548750176764951e-05,-3.548750176764951e-05,1.0386586098058597,1.0386586098058597,0.0,0.0,0.03016792177391549,-3.548750176764951e-05
2025-03-06 00:00:00+00:00,20260201_193430_d8da53d6_StateSignal_XLE,0.0,0.0,1.0386586098058597,1.0386586098058597,0.0,0.0,0.0,-0.0
2025-03-07 00:00:00+00:00,20260201_193430_d8da53d6_StateSignal_XLE,0.0,0.0,1.0386586098058597,1.0386586098058597,0.0,0.0,0.0,-0.0
2025-03-10 00:00:00+00:00,20260201_193430_d8da53d6_StateSignal_XLE,0.0,0.0,1.0386586098058597,1.0386586098058597,0.0,0.0,0.0,0.0
2025-03-11 00:00:00+00:00,20260201_193430_d8da53d6_StateSignal_XLE,0.0,0.0,1.0386586098058597,1.0386586098058597,0.0,0.0,0.0,0.0
2025-03-12 00:00:00+00:00,20260201_193430_d8da53d6_StateSignal_XLE,0.0,0.0,1.0386586098058597,1.0386586098058597,0.0,0.0,0.0,-0.0
2025-03-13 00:00:00+00:00,20260201_193430_d8da53d6_StateSignal_XLE,0.0,0.0,1.0386586098058597,1.0386586098058597,0.0,0.0,0.0,0.0
2025-03-14 00:00:00+00:00,20260201_193430_d8da53d6_StateSignal_XLE,0.0,0.0,1.0386586098058597,1.0386586098058597,0.0,0.0,0.0,-0.0
2025-03-17 00:00:00+00:00,20260201_193430_d8da53d6_StateSignal_XLE,0.0,0.0,1.0386586098058597,1.0386586098058597,0.0,0.0,0.0,0.0
2025-03-18 00:00:00+00:00,20260201_193430_d8da53d6_StateSignal_XLE,0.0,0.0,1.0386586098058597,1.0386586098058597,0.0,0.0,0.0,0.0
2025-03-19 00:00:00+00:00,20260201_193430_d8da53d6_StateSignal_XLE,0.0,0.0,1.0386586098058597,1.0386586098058597,0.0,0.0,0.0,-0.0
2025-03-20 00:00:00+00:00,20260201_193430_d8da53d6_StateSignal_XLE,0.0,0.0,1.0386586098058597,1.0386586098058597,0.0,0.0,0.0,0.0
2025-03-21 00:00:00+00:00,20260201_193430_d8da53d6_StateSignal_XLE,0.0,0.0,1.0386586098058597,1.0386586098058597,0.0,0.0,0.0,0.0
2025-03-24 00:00:00+00:00,20260201_193430_d8da53d6_StateSignal_XLE,0.0,0.0,1.0386586098058597,1.0386586098058597,0.0,0.0,0.0,-0.0
2025-03-25 00:00:00+00:00,20260201_193430_d8da53d6_StateSignal_XLE,0.0,0.0,1.0386586098058597,1.0386586098058597,0.0,0.0,0.0,0.0
2025-03-26 00:00:00+00:00,20260201_193430_d8da53d6_StateSignal_XLE,0.0,0.0,1.0386586098058597,1.0386586098058597,0.0,0.0,0.0,0.0
2025-03-27 00:00:00+00:00,20260201_193430_d8da53d6_StateSignal_XLE,0.0,0.0,1.0386586098058597,1.0386586098058597,0.0,0.0,0.0,0.0
2025-03-28 00:00:00+00:00,20260201_193430_d8da53d6_StateSignal_XLE,0.0,0.0,1.0386586098058597,1.0386586098058597,0.0,0.0,0.0,-0.0
2025-03-31 00:00:00+00:00,20260201_193430_d8da53d6_StateSignal_XLE,0.0,0.0,1.0386586098058597,1.0386586098058597,0.0,0.0,0.0,-0.0
2025-04-01 00:00:00+00:00,20260201_193430_d8da53d6_StateSignal_XLE,0.0,0.0,1.0386586098058597,1.0386586098058597,0.0,0.0,0.0,0.0
2025-04-02 00:00:00+00:00,20260201_193430_d8da53d6_StateSignal_XLE,0.0,0.0,1.0386586098058597,1.0386586098058597,0.0,0.0,0.0,-0.0
2025-04-03 00:00:00+00:00,20260201_193430_d8da53d6_StateSignal_XLE,0.0,0.0,1.0386586098058597,1.0386586098058597,0.0,0.0,0.0,0.0
2025-04-04 00:00:00+00:00,20260201_193430_d8da53d6_StateSignal_XLE,-0.0019391172485481911,-0.0019391172485481911,1.036644528980232,1.036644528980232,0.0,0.0,0.028625081675630847,-0.0019391172485481911
2025-04-07 00:00:00+00:00,20260201_193430_d8da53d6_StateSignal_XLE,-0.002885034412897286,-0.002885034412897286,1.0336537738401823,1.0336537738401823,0.0,0.0,0.028625081675630847,-0.002885034412897286
2025-04-08 00:00:00+00:00,20260201_193430_d8da53d6_StateSignal_XLE,-0.00041865582343933845,-0.00041865582343933845,1.033221028668344,1.033221028668344,0.0,0.0,0.028625081675630847,-0.00041865582343933845
2025-04-09 00:00:00+00:00,20260201_193430_d8da53d6_StateSignal_XLE,-0.00034091409315027574,-0.00034091409315027574,1.032868789058332,1.032868789058332,0.0,0.0,0.028625081675630847,-0.00034091409315027574
2025-04-10 00:00:00+00:00,20260201_193430_d8da53d6_StateSignal_XLE,0.001614986540204129,0.001614986540204129,1.0345368582504582,1.0345368582504582,0.0,0.0,0.028625081675630847,0.001614986540204129
2025-04-11 00:00:00+00:00,20260201_193430_d8da53d6_StateSignal_XLE,-0.0016378591596197453,-0.0016378591596197453,1.0328424325812084,1.0328424325812084,0.0,0.0,0.028625081675630847,-0.0016378591596197453
2025-04-14 00:00:00+00:00,20260201_193430_d8da53d6_StateSignal_XLE,0.0006559966012861464,0.0006559966012861464,1.0335199737066458,1.0335199737066458,0.0,0.0,0.028625081675630847,0.0006559966012861464
2025-04-15 00:00:00+00:00,20260201_193430_d8da53d6_StateSignal_XLE,0.0002597238449546379,0.0002597238449546379,1.0337884034880545,1.0337884034880545,0.0,0.0,0.028625081675630847,0.0002597238449546379
2025-04-16 00:00:00+00:00,20260201_193430_d8da53d6_StateSignal_XLE,-7.396666047286e-05,-7.396666047286e-05,1.0337119376122128,1.0337119376122128,0.0,0.0,0.028625081675630847,-7.396666047286e-05
2025-04-17 00:00:00+00:00,20260201_193430_d8da53d6_StateSignal_XLE,0.0002433681270908829,0.0002433681270908829,1.033963510150421,1.033963510150421,0.0,0.0,0.028625081675630847,0.0002433681270908829
2025-04-21 00:00:00+00:00,20260201_193430_d8da53d6_StateSignal_XLE,0.0007751666230999522,0.0007751666230999522,1.0347650041529928,1.0347650041529928,0.0,0.0,0.028625081675630847,0.0007751666230999522
2025-04-22 00:00:00+00:00,20260201_193430_d8da53d6_StateSignal_XLE,-0.0012266640199658555,-0.0012266640199658555,1.0334956951532785,1.0334956951532785,0.0,0.0,0.028625081675630847,-0.0012266640199658555
2025-04-23 00:00:00+00:00,20260201_193430_d8da53d6_StateSignal_XLE,0.0009898248362872424,0.0009898248362872424,1.034518674860537,1.034518674860537,0.0,0.0,0.028625081675630847,0.0009898248362872424
2025-04-24 00:00:00+00:00,20260201_193430_d8da53d6_StateSignal_XLE,-0.00013001573453506023,-0.00013001573453506023,1.0343841711551347,1.0343841711551347,0.0,0.0,0.028625081675630847,-0.00013001573453506023
2025-04-25 00:00:00+00:00,20260201_193430_d8da53d6_StateSignal_XLE,0.0004667431410741085,0.0004667431410741085,1.0348669628722569,1.0348669628722569,0.0,0.0,0.028625081675630847,0.0004667431410741085
2025-04-28 00:00:00+00:00,20260201_193430_d8da53d6_StateSignal_XLE,-8.559711838205103e-05,-8.559711838205103e-05,1.0347783812423261,1.0347783812423261,0.0,0.0,0.028625081675630847,-8.559711838205103e-05
2025-04-29 00:00:00+00:00,20260201_193430_d8da53d6_StateSignal_XLE,0.00019932989943957503,0.00019932989943957503,1.0349846435130015,1.0349846435130015,0.0,0.0,0.028625081675630847,0.00019932989943957503
2025-04-30 00:00:00+00:00,20260201_193430_d8da53d6_StateSignal_XLE,-3.54929762467728e-05,-3.54929762467728e-05,1.0349479088276334,1.0349479088276334,0.0,0.0,0.028625081675630847,-3.54929762467728e-05
2025-05-01 00:00:00+00:00,20260201_193430_d8da53d6_StateSignal_XLE,-0.0008799533816581444,-0.0008799533816581444,1.0340372029154206,1.0340372029154206,0.0,0.0,0.028625081675630847,-0.0008799533816581444
2025-05-02 00:00:00+00:00,20260201_193430_d8da53d6_StateSignal_XLE,0.000407274292542519,0.000407274292542519,1.0344583396857006,1.0344583396857006,0.0,0.0,0.028625081675630847,0.000407274292542519
2025-05-05 00:00:00+00:00,20260201_193430_d8da53d6_StateSignal_XLE,0.00017996464203062085,0.00017996464203062085,1.0346445056104976,1.0346445056104976,0.0,0.0,0.028625081675630847,0.00017996464203062085
2025-05-06 00:00:00+00:00,20260201_193430_d8da53d6_StateSignal_XLE,0.0,0.0,1.0346445056104976,1.0346445056104976,0.0,0.0,0.0,-0.0
2025-05-07 00:00:00+00:00,20260201_193430_d8da53d6_StateSignal_XLE,0.0,0.0,1.0346445056104976,1.0346445056104976,0.0,0.0,0.0,0.0
2025-05-08 00:00:00+00:00,20260201_193430_d8da53d6_StateSignal_XLE,0.0,0.0,1.0346445056104976,1.0346445056104976,0.0,0.0,0.0,-0.0
2025-05-09 00:00:00+00:00,20260201_193430_d8da53d6_StateSignal_XLE,0.0,0.0,1.0346445056104976,1.0346445056104976,0.0,0.0,0.0,0.0
2025-05-12 00:00:00+00:00,20260201_193430_d8da53d6_StateSignal_XLE,0.0,0.0,1.0346445056104976,1.0346445056104976,0.0,0.0,0.0,0.0
2025-05-13 00:00:00+00:00,20260201_193430_d8da53d6_StateSignal_XLE,0.0,0.0,1.0346445056104976,1.0346445056104976,0.0,0.0,0.0,0.0
2025-05-14 00:00:00+00:00,20260201_193430_d8da53d6_StateSignal_XLE,0.0,0.0,1.0346445056104976,1.0346445056104976,0.0,0.0,0.0,0.0
2025-05-15 00:00:00+00:00,20260201_193430_d8da53d6_StateSignal_XLE,0.0,0.0,1.0346445056104976,1.0346445056104976,0.0,0.0,0.0,-0.0
2025-05-16 00:00:00+00:00,20260201_193430_d8da53d6_StateSignal_XLE,0.0,0.0,1.0346445056104976,1.0346445056104976,0.0,0.0,0.0,0.0
2025-05-19 00:00:00+00:00,20260201_193430_d8da53d6_StateSignal_XLE,0.0,0.0,1.0346445056104976,1.0346445056104976,0.0,0.0,0.0,0.0
2025-05-20 00:00:00+00:00,20260201_193430_d8da53d6_StateSignal_XLE,0.0,0.0,1.0346445056104976,1.0346445056104976,0.0,0.0,0.0,-0.0
2025-05-21 00:00:00+00:00,20260201_193430_d8da53d6_StateSignal_XLE,0.0,0.0,1.0346445056104976,1.0346445056104976,0.0,0.0,0.0,-0.0
2025-05-22 00:00:00+00:00,20260201_193430_d8da53d6_StateSignal_XLE,0.0,0.0,1.0346445056104976,1.0346445056104976,0.0,0.0,0.0,-0.0
2025-05-23 00:00:00+00:00,20260201_193430_d8da53d6_StateSignal_XLE,0.0,0.0,1.0346445056104976,1.0346445056104976,0.0,0.0,0.0,-0.0
2025-05-27 00:00:00+00:00,20260201_193430_d8da53d6_StateSignal_XLE,0.0,0.0,1.0346445056104976,1.0346445056104976,0.0,0.0,0.0,0.0
2025-05-28 00:00:00+00:00,20260201_193430_d8da53d6_StateSignal_XLE,0.0,0.0,1.0346445056104976,1.0346445056104976,0.0,0.0,0.0,0.0
2025-05-29 00:00:00+00:00,20260201_193430_d8da53d6_StateSignal_XLE,0.0,0.0,1.0346445056104976,1.0346445056104976,0.0,0.0,0.0,-0.0
2025-05-30 00:00:00+00:00,20260201_193430_d8da53d6_StateSignal_XLE,0.0,0.0,1.0346445056104976,1.0346445056104976,0.0,0.0,0.0,0.0
2025-06-02 00:00:00+00:00,20260201_193430_d8da53d6_StateSignal_XLE,0.0,0.0,1.0346445056104976,1.0346445056104976,0.0,0.0,0.0,-0.0
2025-06-03 00:00:00+00:00,20260201_193430_d8da53d6_StateSignal_XLE,0.0,0.0,1.0346445056104976,1.0346445056104976,0.0,0.0,0.0,0.0
2025-06-04 00:00:00+00:00,20260201_193430_d8da53d6_StateSignal_XLE,0.0,0.0,1.0346445056104976,1.0346445056104976,0.0,0.0,0.0,0.0
2025-06-05 00:00:00+00:00,20260201_193430_d8da53d6_StateSignal_XLE,0.0,0.0,1.0346445056104976,1.0346445056104976,0.0,0.0,0.0,-0.0
2025-06-06 00:00:00+00:00,20260201_193430_d8da53d6_StateSignal_XLE,0.0,0.0,1.0346445056104976,1.0346445056104976,0.0,0.0,0.0,0.0
2025-06-09 00:00:00+00:00,20260201_193430_d8da53d6_StateSignal_XLE,0.0,0.0,1.0346445056104976,1.0346445056104976,0.0,0.0,0.0,0.0
2025-06-10 00:00:00+00:00,20260201_193430_d8da53d6_StateSignal_XLE,0.0,0.0,1.0346445056104976,1.0346445056104976,0.0,0.0,0.0,0.0
2025-06-11 00:00:00+00:00,20260201_193430_d8da53d6_StateSignal_XLE,0.0,0.0,1.0346445056104976,1.0346445056104976,0.0,0.0,0.0,0.0
2025-06-12 00:00:00+00:00,20260201_193430_d8da53d6_StateSignal_XLE,0.0,0.0,1.0346445056104976,1.0346445056104976,0.0,0.0,0.0,0.0
2025-06-13 00:00:00+00:00,20260201_193430_d8da53d6_StateSignal_XLE,0.0,0.0,1.0346445056104976,1.0346445056104976,0.0,0.0,0.0,0.0
2025-06-16 00:00:00+00:00,20260201_193430_d8da53d6_StateSignal_XLE,0.0,0.0,1.0346445056104976,1.0346445056104976,0.0,0.0,0.0,0.0
2025-06-17 00:00:00+00:00,20260201_193430_d8da53d6_StateSignal_XLE,0.0,0.0,1.0346445056104976,1.0346445056104976,0.0,0.0,0.0,-0.0
2025-06-18 00:00:00+00:00,20260201_193430_d8da53d6_StateSignal_XLE,0.0,0.0,1.0346445056104976,1.0346445056104976,0.0,0.0,0.0,0.0
2025-06-20 00:00:00+00:00,20260201_193430_d8da53d6_StateSignal_XLE,0.0,0.0,1.0346445056104976,1.0346445056104976,0.0,0.0,0.0,-0.0
2025-06-23 00:00:00+00:00,20260201_193430_d8da53d6_StateSignal_XLE,0.0,0.0,1.0346445056104976,1.0346445056104976,0.0,0.0,0.0,0.0
2025-06-24 00:00:00+00:00,20260201_193430_d8da53d6_StateSignal_XLE,0.0,0.0,1.0346445056104976,1.0346445056104976,0.0,0.0,0.0,-0.0
2025-06-25 00:00:00+00:00,20260201_193430_d8da53d6_StateSignal_XLE,0.0,0.0,1.0346445056104976,1.0346445056104976,0.0,0.0,0.0,-0.0
2025-06-26 00:00:00+00:00,20260201_193430_d8da53d6_StateSignal_XLE,0.0,0.0,1.0346445056104976,1.0346445056104976,0.0,0.0,0.0,-0.0
2025-06-27 00:00:00+00:00,20260201_193430_d8da53d6_StateSignal_XLE,0.0,0.0,1.0346445056104976,1.0346445056104976,0.0,0.0,0.0,0.0
2025-06-30 00:00:00+00:00,20260201_193430_d8da53d6_StateSignal_XLE,0.0,0.0,1.0346445056104976,1.0346445056104976,0.0,0.0,0.0,-0.0
2025-07-01 00:00:00+00:00,20260201_193430_d8da53d6_StateSignal_XLE,0.0,0.0,1.0346445056104976,1.0346445056104976,0.0,0.0,0.0,-0.0
2025-07-02 00:00:00+00:00,20260201_193430_d8da53d6_StateSignal_XLE,0.0,0.0,1.0346445056104976,1.0346445056104976,0.0,0.0,0.0,0.0
2025-07-03 00:00:00+00:00,20260201_193430_d8da53d6_StateSignal_XLE,0.0,0.0,1.0346445056104976,1.0346445056104976,0.0,0.0,0.0,0.0
2025-07-07 00:00:00+00:00,20260201_193430_d8da53d6_StateSignal_XLE,0.0,0.0,1.0346445056104976,1.0346445056104976,0.0,0.0,0.0,-0.0
2025-07-08 00:00:00+00:00,20260201_193430_d8da53d6_StateSignal_XLE,-0.0006316094111103237,-0.0006316094111103237,1.0339910144036004,1.0339910144036004,0.0,0.0,0.06367172184968733,-0.0006316094111103237
2025-07-09 00:00:00+00:00,20260201_193430_d8da53d6_StateSignal_XLE,0.0019350072209381624,0.0019350072209381624,1.0359917944828565,1.0359917944828565,0.0,0.0,0.06367172184968733,0.0019350072209381624
2025-07-10 00:00:00+00:00,20260201_193430_d8da53d6_StateSignal_XLE,-0.00022029218785772308,-0.00022029218785772308,1.0357635735838473,1.0357635735838473,0.0,0.0,0.06367172184968733,-0.00022029218785772308
2025-07-11 00:00:00+00:00,20260201_193430_d8da53d6_StateSignal_XLE,0.00027890827655416517,0.00027890827655416517,1.0360524566170732,1.0360524566170732,0.0,0.0,0.06367172184968733,0.00027890827655416517
2025-07-14 00:00:00+00:00,20260201_193430_d8da53d6_StateSignal_XLE,0.0006992160518665742,0.0006992160518665742,1.0367768811253157,1.0367768811253157,0.0,0.0,0.06367172184968733,0.0006992160518665742
2025-07-15 00:00:00+00:00,20260201_193430_d8da53d6_StateSignal_XLE,-0.0008458575764951152,-0.0008458575764951152,1.0358999155452808,1.0358999155452808,0.0,0.0,0.06367172184968733,-0.0008458575764951152
2025-07-16 00:00:00+00:00,20260201_193430_d8da53d6_StateSignal_XLE,-0.0009763977678678557,-0.0009763977678678557,1.0348884651800079,1.0348884651800079,0.0,0.0,0.06367172184968733,-0.0009763977678678557
2025-07-17 00:00:00+00:00,20260201_193430_d8da53d6_StateSignal_XLE,-0.0002240123872186569,-0.0002240123872186569,1.0346566373444177,1.0346566373444177,0.0,0.0,0.06367172184968733,-0.0002240123872186569
2025-07-18 00:00:00+00:00,20260201_193430_d8da53d6_StateSignal_XLE,-2.992795441690194e-05,-2.992795441690194e-05,1.034625672187738,1.034625672187738,0.0,0.0,0.06367172184968733,-2.992795441690194e-05
2025-07-21 00:00:00+00:00,20260201_193430_d8da53d6_StateSignal_XLE,-0.0005562197356420124,-0.0005562197356420124,1.0340501929698653,1.0340501929698653,0.0,0.0,0.06367172184968733,-0.0005562197356420124
2025-07-22 00:00:00+00:00,20260201_193430_d8da53d6_StateSignal_XLE,-0.0004241767321926636,-0.0004241767321926636,1.0336115729380881,1.0336115729380881,0.0,0.0,0.06367172184968733,-0.0004241767321926636
2025-07-23 00:00:00+00:00,20260201_193430_d8da53d6_StateSignal_XLE,0.00030327145617693464,0.00030327145617693464,1.0339250378249345,1.0339250378249345,0.0,0.0,0.06367172184968733,0.00030327145617693464
2025-07-24 00:00:00+00:00,20260201_193430_d8da53d6_StateSignal_XLE,0.0007668667063584997,0.0007668667063584997,1.0347179205133128,1.0347179205133128,0.0,0.0,0.06367172184968733,0.0007668667063584997
2025-07-25 00:00:00+00:00,20260201_193430_d8da53d6_StateSignal_XLE,0.00041713022652239864,0.00041713022652239864,1.0351495326338833,1.0351495326338833,0.0,0.0,0.06367172184968733,0.00041713022652239864
2025-07-28 00:00:00+00:00,20260201_193430_d8da53d6_StateSignal_XLE,5.93675771212617e-05,5.93675771212617e-05,1.035210986953594,1.035210986953594,0.0,0.0,0.06367172184968733,5.93675771212617e-05
2025-07-29 00:00:00+00:00,20260201_193430_d8da53d6_StateSignal_XLE,0.0005024018971426482,0.0005024018971426482,1.0357310789173824,1.0357310789173824,0.0,0.0,0.06367172184968733,0.0005024018971426482
2025-07-30 00:00:00+00:00,20260201_193430_d8da53d6_StateSignal_XLE,0.00048386342726655803,0.00048386342726655803,1.0362322313069539,1.0362322313069539,0.0,0.0,0.06367172184968733,0.00048386342726655803
2025-07-31 00:00:00+00:00,20260201_193430_d8da53d6_StateSignal_XLE,-0.0007345688516786824,-0.0007345688516786824,1.0354710473867303,1.0354710473867303,0.0,0.0,0.06367172184968733,-0.0007345688516786824
2025-08-01 00:00:00+00:00,20260201_193430_d8da53d6_StateSignal_XLE,-0.00017756475886142287,-0.00017756475886142287,1.0352871842198932,1.0352871842198932,0.0,0.0,0.06367172184968733,-0.00017756475886142287
2025-08-04 00:00:00+00:00,20260201_193430_d8da53d6_StateSignal_XLE,-0.0013023705029663753,-0.0013023705029663753,1.0339388567290662,1.0339388567290662,0.0,0.0,0.06367172184968733,-0.0013023705029663753
2025-08-05 00:00:00+00:00,20260201_193430_d8da53d6_StateSignal_XLE,-0.00025762721603856444,-0.00025762721603856444,1.033672485939853,1.033672485939853,0.0,0.0,0.06367172184968733,-0.00025762721603856444
2025-08-06 00:00:00+00:00,20260201_193430_d8da53d6_StateSignal_XLE,0.0,0.0,1.033672485939853,1.033672485939853,0.0,0.0,0.03170943623518932,0.0
2025-08-07 00:00:00+00:00,20260201_193430_d8da53d6_StateSignal_XLE,-0.0001896276207121519,-0.0001896276207121519,1.0334764730857486,1.0334764730857486,0.0,0.0,0.03170943623518932,-0.0001896276207121519
2025-08-08 00:00:00+00:00,20260201_193430_d8da53d6_StateSignal_XLE,3.0416727737733032e-05,3.0416727737733032e-05,1.0335079080582537,1.0335079080582537,0.0,0.0,0.03170943623518932,3.0416727737733032e-05
2025-08-11 00:00:00+00:00,20260201_193430_d8da53d6_StateSignal_XLE,-3.0416727737733032e-05,-3.0416727737733032e-05,1.0334764721295995,1.0334764721295995,0.0,0.0,0.03170943623518932,-3.0416727737733032e-05
2025-08-12 00:00:00+00:00,20260201_193430_d8da53d6_StateSignal_XLE,-0.005533515863807459,-0.005533515863807459,1.0277577136761986,1.0277577136761986,0.0,0.0,1.0,-0.005533515863807459
2025-08-13 00:00:00+00:00,20260201_193430_d8da53d6_StateSignal_XLE,0.006972020067750773,0.006972020067750773,1.0349232610807346,1.0349232610807346,0.0,0.0,1.0,0.006972020067750773
2025-08-14 00:00:00+00:00,20260201_193430_d8da53d6_StateSignal_XLE,0.001197174810769308,0.001197174810769308,1.0361622451399797,1.0361622451399797,0.0,0.0,1.0,0.001197174810769308
2025-08-15 00:00:00+00:00,20260201_193430_d8da53d6_StateSignal_XLE,0.0035829490139498432,0.0035829490139498432,1.039874761634496,1.039874761634496,0.0,0.0,1.0,0.0035829490139498432
2025-08-18 00:00:00+00:00,20260201_193430_d8da53d6_StateSignal_XLE,0.006890843472078245,0.006890843472078245,1.047040375847484,1.047040375847484,0.0,0.0,1.0,0.006890843472078245
2025-08-19 00:00:00+00:00,20260201_193430_d8da53d6_StateSignal_XLE,-0.010473792486028088,-0.010473792486028088,1.0360738922263646,1.0360738922263646,0.0,0.0,1.0,-0.010473792486028088
2025-08-20 00:00:00+00:00,20260201_193430_d8da53d6_StateSignal_XLE,-0.0007181328854408697,-0.0007181328854408697,1.03532985349261,1.03532985349261,0.0,0.0,1.0,-0.0007181328854408697
2025-08-21 00:00:00+00:00,20260201_193430_d8da53d6_StateSignal_XLE,0.012375217427653684,0.012375217427653684,1.048142285538922,1.048142285538922,0.0,0.0,1.0,0.012375217427653684
2025-08-22 00:00:00+00:00,20260201_193430_d8da53d6_StateSignal_XLE,0.005189914928334538,0.005189914928334538,1.0535820548336592,1.0535820548336592,0.0,0.0,1.0,0.005189914928334538
2025-08-25 00:00:00+00:00,20260201_193430_d8da53d6_StateSignal_XLE,0.020033281201019548,0.020033281201019548,1.0746887604064899,1.0746887604064899,0.0,0.0,1.0,0.020033281201019548
2025-08-26 00:00:00+00:00,20260201_193430_d8da53d6_StateSignal_XLE,0.0013828073187549528,0.0013828073187549528,1.0761748478897637,1.0761748478897637,0.0,0.0,1.0,0.0013828073187549528
2025-08-27 00:00:00+00:00,20260201_193430_d8da53d6_StateSignal_XLE,-0.005079669200080961,-0.005079669200080961,1.0707082356610362,1.0707082356610362,0.0,0.0,1.0,-0.005079669200080961
2025-08-28 00:00:00+00:00,20260201_193430_d8da53d6_StateSignal_XLE,0.0005385711935060737,0.0005385711935060737,1.071284888273413,1.071284888273413,0.0,0.0,0.03170943623518932,0.0005385711935060737
2025-08-29 00:00:00+00:00,20260201_193430_d8da53d6_StateSignal_XLE,0.0031810978881945395,0.0031810978881945395,1.0746927503691541,1.0746927503691541,0.0,0.0,1.0,0.0031810978881945395
2025-09-02 00:00:00+00:00,20260201_193430_d8da53d6_StateSignal_XLE,0.0070080540012851245,0.0070080540012851245,1.0822242551985308,1.0822242551985308,0.0,0.0,1.0,0.0070080540012851245
2025-09-03 00:00:00+00:00,20260201_193430_d8da53d6_StateSignal_XLE,-0.0013525700889815973,-0.0013525700889815973,1.080760471041379,1.080760471041379,0.0,0.0,1.0,-0.0013525700889815973
2025-09-04 00:00:00+00:00,20260201_193430_d8da53d6_StateSignal_XLE,-0.0006796172151266743,-0.0006796172151266743,1.080025967619831,1.080025967619831,0.0,0.0,0.03170943623518932,-0.0006796172151266743
2025-09-05 00:00:00+00:00,20260201_193430_d8da53d6_StateSignal_XLE,0.0,0.0,1.080025967619831,1.080025967619831,0.0,0.0,0.0,0.0
2025-09-08 00:00:00+00:00,20260201_193430_d8da53d6_StateSignal_XLE,0.0,0.0,1.080025967619831,1.080025967619831,0.0,0.0,0.0,-0.0
2025-09-09 00:00:00+00:00,20260201_193430_d8da53d6_StateSignal_XLE,0.0,0.0,1.080025967619831,1.080025967619831,0.0,0.0,0.0,-0.0
2025-09-10 00:00:00+00:00,20260201_193430_d8da53d6_StateSignal_XLE,0.0,0.0,1.080025967619831,1.080025967619831,0.0,0.0,0.0,0.0
2025-09-11 00:00:00+00:00,20260201_193430_d8da53d6_StateSignal_XLE,0.0,0.0,1.080025967619831,1.080025967619831,0.0,0.0,0.0,0.0
2025-09-12 00:00:00+00:00,20260201_193430_d8da53d6_StateSignal_XLE,0.0,0.0,1.080025967619831,1.080025967619831,0.0,0.0,0.0,-0.0
2025-09-15 00:00:00+00:00,20260201_193430_d8da53d6_StateSignal_XLE,0.0,0.0,1.080025967619831,1.080025967619831,0.0,0.0,0.0,-0.0
2025-09-16 00:00:00+00:00,20260201_193430_d8da53d6_StateSignal_XLE,0.0,0.0,1.080025967619831,1.080025967619831,0.0,0.0,0.0,-0.0
2025-09-17 00:00:00+00:00,20260201_193430_d8da53d6_StateSignal_XLE,0.0,0.0,1.080025967619831,1.080025967619831,0.0,0.0,0.0,0.0
2025-09-18 00:00:00+00:00,20260201_193430_d8da53d6_StateSignal_XLE,0.0,0.0,1.080025967619831,1.080025967619831,0.0,0.0,0.0,0.0
2025-09-19 00:00:00+00:00,20260201_193430_d8da53d6_StateSignal_XLE,0.0,0.0,1.080025967619831,1.080025967619831,0.0,0.0,0.0,-0.0
2025-09-22 00:00:00+00:00,20260201_193430_d8da53d6_StateSignal_XLE,0.0,0.0,1.080025967619831,1.080025967619831,0.0,0.0,0.0,-0.0
2025-09-23 00:00:00+00:00,20260201_193430_d8da53d6_StateSignal_XLE,0.0,0.0,1.080025967619831,1.080025967619831,0.0,0.0,0.0,0.0
2025-09-24 00:00:00+00:00,20260201_193430_d8da53d6_StateSignal_XLE,0.0,0.0,1.080025967619831,1.080025967619831,0.0,0.0,0.0,0.0
2025-09-25 00:00:00+00:00,20260201_193430_d8da53d6_StateSignal_XLE,0.0,0.0,1.080025967619831,1.080025967619831,0.0,0.0,0.0,0.0
2025-09-26 00:00:00+00:00,20260201_193430_d8da53d6_StateSignal_XLE,0.0,0.0,1.080025967619831,1.080025967619831,0.0,0.0,0.0,0.0
2025-09-29 00:00:00+00:00,20260201_193430_d8da53d6_StateSignal_XLE,0.0,0.0,1.080025967619831,1.080025967619831,0.0,0.0,0.0,0.0
2025-09-30 00:00:00+00:00,20260201_193430_d8da53d6_StateSignal_XLE,0.0,0.0,1.080025967619831,1.080025967619831,0.0,0.0,0.0,-0.0
2025-10-01 00:00:00+00:00,20260201_193430_d8da53d6_StateSignal_XLE,0.0,0.0,1.080025967619831,1.080025967619831,0.0,0.0,0.0,-0.0
2025-10-02 00:00:00+00:00,20260201_193430_d8da53d6_StateSignal_XLE,0.0,0.0,1.080025967619831,1.080025967619831,0.0,0.0,0.0,0.0
2025-10-03 00:00:00+00:00,20260201_193430_d8da53d6_StateSignal_XLE,0.0,0.0,1.080025967619831,1.080025967619831,0.0,0.0,0.0,-0.0
2025-10-06 00:00:00+00:00,20260201_193430_d8da53d6_StateSignal_XLE,0.0,0.0,1.080025967619831,1.080025967619831,0.0,0.0,0.0,0.0
2025-10-07 00:00:00+00:00,20260201_193430_d8da53d6_StateSignal_XLE,0.0,0.0,1.080025967619831,1.080025967619831,0.0,0.0,0.0,0.0
2025-10-08 00:00:00+00:00,20260201_193430_d8da53d6_StateSignal_XLE,0.0,0.0,1.080025967619831,1.080025967619831,0.0,0.0,0.0,-0.0
2025-10-09 00:00:00+00:00,20260201_193430_d8da53d6_StateSignal_XLE,0.0,0.0,1.080025967619831,1.080025967619831,0.0,0.0,0.0,-0.0
2025-10-10 00:00:00+00:00,20260201_193430_d8da53d6_StateSignal_XLE,0.0,0.0,1.080025967619831,1.080025967619831,0.0,0.0,0.0,-0.0
2025-10-13 00:00:00+00:00,20260201_193430_d8da53d6_StateSignal_XLE,0.0,0.0,1.080025967619831,1.080025967619831,0.0,0.0,0.0,-0.0
2025-10-14 00:00:00+00:00,20260201_193430_d8da53d6_StateSignal_XLE,0.0,0.0,1.080025967619831,1.080025967619831,0.0,0.0,0.0,0.0
2025-10-15 00:00:00+00:00,20260201_193430_d8da53d6_StateSignal_XLE,0.0,0.0,1.080025967619831,1.080025967619831,0.0,0.0,0.0,0.0
2025-10-16 00:00:00+00:00,20260201_193430_d8da53d6_StateSignal_XLE,0.0,0.0,1.080025967619831,1.080025967619831,0.0,0.0,0.0,-0.0
2025-10-17 00:00:00+00:00,20260201_193430_d8da53d6_StateSignal_XLE,0.0,0.0,1.080025967619831,1.080025967619831,0.0,0.0,0.0,-0.0
2025-10-20 00:00:00+00:00,20260201_193430_d8da53d6_StateSignal_XLE,0.0,0.0,1.080025967619831,1.080025967619831,0.0,0.0,0.0,0.0
2025-10-21 00:00:00+00:00,20260201_193430_d8da53d6_StateSignal_XLE,0.0,0.0,1.080025967619831,1.080025967619831,0.0,0.0,0.0,0.0
2025-10-22 00:00:00+00:00,20260201_193430_d8da53d6_StateSignal_XLE,0.0,0.0,1.080025967619831,1.080025967619831,0.0,0.0,0.0,-0.0
2025-10-23 00:00:00+00:00,20260201_193430_d8da53d6_StateSignal_XLE,0.0,0.0,1.080025967619831,1.080025967619831,0.0,0.0,0.0,0.0
2025-10-24 00:00:00+00:00,20260201_193430_d8da53d6_StateSignal_XLE,0.0,0.0,1.080025967619831,1.080025967619831,0.0,0.0,0.0,0.0
2025-10-27 00:00:00+00:00,20260201_193430_d8da53d6_StateSignal_XLE,0.0,0.0,1.080025967619831,1.080025967619831,0.0,0.0,0.0,-0.0
2025-10-28 00:00:00+00:00,20260201_193430_d8da53d6_StateSignal_XLE,0.0,0.0,1.080025967619831,1.080025967619831,0.0,0.0,0.0,-0.0
2025-10-29 00:00:00+00:00,20260201_193430_d8da53d6_StateSignal_XLE,0.0,0.0,1.080025967619831,1.080025967619831,0.0,0.0,0.0,-0.0
2025-10-30 00:00:00+00:00,20260201_193430_d8da53d6_StateSignal_XLE,0.0,0.0,1.080025967619831,1.080025967619831,0.0,0.0,0.0,0.0
2025-10-31 00:00:00+00:00,20260201_193430_d8da53d6_StateSignal_XLE,0.0,0.0,1.080025967619831,1.080025967619831,0.0,0.0,0.0,-0.0
2025-11-03 00:00:00+00:00,20260201_193430_d8da53d6_StateSignal_XLE,0.0,0.0,1.080025967619831,1.080025967619831,0.0,0.0,0.0,0.0
2025-11-04 00:00:00+00:00,20260201_193430_d8da53d6_StateSignal_XLE,0.0,0.0,1.080025967619831,1.080025967619831,0.0,0.0,0.0,-0.0
2025-11-05 00:00:00+00:00,20260201_193430_d8da53d6_StateSignal_XLE,0.0,0.0,1.080025967619831,1.080025967619831,0.0,0.0,0.0,-0.0
2025-11-06 00:00:00+00:00,20260201_193430_d8da53d6_StateSignal_XLE,0.0,0.0,1.080025967619831,1.080025967619831,0.0,0.0,0.0,0.0
2025-11-07 00:00:00+00:00,20260201_193430_d8da53d6_StateSignal_XLE,0.0,0.0,1.080025967619831,1.080025967619831,0.0,0.0,0.0,0.0
2025-11-10 00:00:00+00:00,20260201_193430_d8da53d6_StateSignal_XLE,0.0,0.0,1.080025967619831,1.080025967619831,0.0,0.0,0.0,0.0
2025-11-11 00:00:00+00:00,20260201_193430_d8da53d6_StateSignal_XLE,0.0,0.0,1.080025967619831,1.080025967619831,0.0,0.0,0.0,0.0
2025-11-12 00:00:00+00:00,20260201_193430_d8da53d6_StateSignal_XLE,0.0,0.0,1.080025967619831,1.080025967619831,0.0,0.0,0.0,0.0
2025-11-13 00:00:00+00:00,20260201_193430_d8da53d6_StateSignal_XLE,0.0,0.0,1.080025967619831,1.080025967619831,0.0,0.0,0.0,-0.0
2025-11-14 00:00:00+00:00,20260201_193430_d8da53d6_StateSignal_XLE,0.0,0.0,1.080025967619831,1.080025967619831,0.0,0.0,0.0,0.0
2025-11-17 00:00:00+00:00,20260201_193430_d8da53d6_StateSignal_XLE,0.0,0.0,1.080025967619831,1.080025967619831,0.0,0.0,0.0,0.0
2025-11-18 00:00:00+00:00,20260201_193430_d8da53d6_StateSignal_XLE,0.0,0.0,1.080025967619831,1.080025967619831,0.0,0.0,0.0,-0.0
2025-11-19 00:00:00+00:00,20260201_193430_d8da53d6_StateSignal_XLE,0.0,0.0,1.080025967619831,1.080025967619831,0.0,0.0,0.0,0.0
2025-11-20 00:00:00+00:00,20260201_193430_d8da53d6_StateSignal_XLE,0.0,0.0,1.080025967619831,1.080025967619831,0.0,0.0,0.0,-0.0
2025-11-21 00:00:00+00:00,20260201_193430_d8da53d6_StateSignal_XLE,0.0,0.0,1.080025967619831,1.080025967619831,0.0,0.0,0.0,-0.0
2025-11-24 00:00:00+00:00,20260201_193430_d8da53d6_StateSignal_XLE,0.0,0.0,1.080025967619831,1.080025967619831,0.0,0.0,0.0,0.0
2025-11-25 00:00:00+00:00,20260201_193430_d8da53d6_StateSignal_XLE,0.0,0.0,1.080025967619831,1.080025967619831,0.0,0.0,0.0,-0.0
2025-11-26 00:00:00+00:00,20260201_193430_d8da53d6_StateSignal_XLE,0.0,0.0,1.080025967619831,1.080025967619831,0.0,0.0,0.0,-0.0
2025-11-28 00:00:00+00:00,20260201_193430_d8da53d6_StateSignal_XLE,0.0,0.0,1.080025967619831,1.080025967619831,0.0,0.0,0.0,0.0
2025-12-01 00:00:00+00:00,20260201_193430_d8da53d6_StateSignal_XLE,0.0,0.0,1.080025967619831,1.080025967619831,0.0,0.0,0.0,0.0
2025-12-02 00:00:00+00:00,20260201_193430_d8da53d6_StateSignal_XLE,0.0,0.0,1.080025967619831,1.080025967619831,0.0,0.0,0.0,0.0
2025-12-03 00:00:00+00:00,20260201_193430_d8da53d6_StateSignal_XLE,0.0,0.0,1.080025967619831,1.080025967619831,0.0,0.0,0.0,-0.0
2025-12-04 00:00:00+00:00,20260201_193430_d8da53d6_StateSignal_XLE,0.0,0.0,1.080025967619831,1.080025967619831,0.0,0.0,0.0,0.0
2025-12-05 00:00:00+00:00,20260201_193430_d8da53d6_StateSignal_XLE,0.0,0.0,1.080025967619831,1.080025967619831,0.0,0.0,0.0,-0.0
2025-12-08 00:00:00+00:00,20260201_193430_d8da53d6_StateSignal_XLE,0.0,0.0,1.080025967619831,1.080025967619831,0.0,0.0,0.0,0.0
2025-12-09 00:00:00+00:00,20260201_193430_d8da53d6_StateSignal_XLE,0.0,0.0,1.080025967619831,1.080025967619831,0.0,0.0,0.0,-0.0
2025-12-10 00:00:00+00:00,20260201_193430_d8da53d6_StateSignal_XLE,0.0,0.0,1.080025967619831,1.080025967619831,0.0,0.0,0.0,0.0
2025-12-11 00:00:00+00:00,20260201_193430_d8da53d6_StateSignal_XLE,0.0,0.0,1.080025967619831,1.080025967619831,0.0,0.0,0.0,0.0
2025-12-12 00:00:00+00:00,20260201_193430_d8da53d6_StateSignal_XLE,0.0,0.0,1.080025967619831,1.080025967619831,0.0,0.0,0.0,-0.0
2025-12-15 00:00:00+00:00,20260201_193430_d8da53d6_StateSignal_XLE,0.0,0.0,1.080025967619831,1.080025967619831,0.0,0.0,0.0,-0.0
2025-12-16 00:00:00+00:00,20260201_193430_d8da53d6_StateSignal_XLE,0.0,0.0,1.080025967619831,1.080025967619831,0.0,0.0,0.0,-0.0
2025-12-17 00:00:00+00:00,20260201_193430_d8da53d6_StateSignal_XLE,0.0,0.0,1.080025967619831,1.080025967619831,0.0,0.0,0.0,-0.0
2025-12-18 00:00:00+00:00,20260201_193430_d8da53d6_StateSignal_XLE,0.0,0.0,1.080025967619831,1.080025967619831,0.0,0.0,0.0,0.0
2025-12-19 00:00:00+00:00,20260201_193430_d8da53d6_StateSignal_XLE,0.0,0.0,1.080025967619831,1.080025967619831,0.0,0.0,0.0,-0.0
2025-12-22 00:00:00+00:00,20260201_193430_d8da53d6_StateSignal_XLE,0.0,0.0,1.080025967619831,1.080025967619831,0.0,0.0,0.0,0.0
2025-12-23 00:00:00+00:00,20260201_193430_d8da53d6_StateSignal_XLE,0.0,0.0,1.080025967619831,1.080025967619831,0.0,0.0,0.0,0.0
2025-12-24 00:00:00+00:00,20260201_193430_d8da53d6_StateSignal_XLE,0.0,0.0,1.080025967619831,1.080025967619831,0.0,0.0,0.0,0.0
2025-12-26 00:00:00+00:00,20260201_193430_d8da53d6_StateSignal_XLE,0.0,0.0,1.080025967619831,1.080025967619831,0.0,0.0,0.0,-0.0
2025-12-29 00:00:00+00:00,20260201_193430_d8da53d6_StateSignal_XLE,0.0,0.0,1.080025967619831,1.080025967619831,0.0,0.0,0.0,-0.0
2025-12-30 00:00:00+00:00,20260201_193430_d8da53d6_StateSignal_XLE,0.0,0.0,1.080025967619831,1.080025967619831,0.0,0.0,0.0,0.0
2025-12-31 00:00:00+00:00,20260201_193430_d8da53d6_StateSignal_XLE,0.0,0.0,1.080025967619831,1.080025967619831,0.0,0.0,0.0,0.0
2026-01-02 00:00:00+00:00,20260201_193430_d8da53d6_StateSignal_XLE,0.0,0.0,1.080025967619831,1.080025967619831,0.0,0.0,0.0,-0.0
2026-01-05 00:00:00+00:00,20260201_193430_d8da53d6_StateSignal_XLE,0.0,0.0,1.080025967619831,1.080025967619831,0.0,0.0,0.0,0.0
2026-01-06 00:00:00+00:00,20260201_193430_d8da53d6_StateSignal_XLE,0.0,0.0,1.080025967619831,1.080025967619831,0.0,0.0,0.0,0.0
2026-01-07 00:00:00+00:00,20260201_193430_d8da53d6_StateSignal_XLE,0.0,0.0,1.080025967619831,1.080025967619831,0.0,0.0,0.0,-0.0
2026-01-08 00:00:00+00:00,20260201_193430_d8da53d6_StateSignal_XLE,0.0,0.0,1.080025967619831,1.080025967619831,0.0,0.0,0.0,-0.0
2026-01-09 00:00:00+00:00,20260201_193430_d8da53d6_StateSignal_XLE,0.0,0.0,1.080025967619831,1.080025967619831,0.0,0.0,0.0,0.0
2026-01-12 00:00:00+00:00,20260201_193430_d8da53d6_StateSignal_XLE,0.0,0.0,1.080025967619831,1.080025967619831,0.0,0.0,0.0,-0.0
2026-01-13 00:00:00+00:00,20260201_193430_d8da53d6_StateSignal_XLE,0.0,0.0,1.080025967619831,1.080025967619831,0.0,0.0,0.0,-0.0
2026-01-14 00:00:00+00:00,20260201_193430_d8da53d6_StateSignal_XLE,0.0,0.0,1.080025967619831,1.080025967619831,0.0,0.0,0.0,0.0
2026-01-15 00:00:00+00:00,20260201_193430_d8da53d6_StateSignal_XLE,0.0,0.0,1.080025967619831,1.080025967619831,0.0,0.0,0.0,0.0
2026-01-16 00:00:00+00:00,20260201_193430_d8da53d6_StateSignal_XLE,0.0,0.0,1.080025967619831,1.080025967619831,0.0,0.0,0.0,-0.0
2026-01-20 00:00:00+00:00,20260201_193430_d8da53d6_StateSignal_XLE,0.0,0.0,1.080025967619831,1.080025967619831,0.0,0.0,0.0,-0.0
2026-01-21 00:00:00+00:00,20260201_193430_d8da53d6_StateSignal_XLE,0.0,0.0,1.080025967619831,1.080025967619831,0.0,0.0,0.0,-0.0
2026-01-22 00:00:00+00:00,20260201_193430_d8da53d6_StateSignal_XLE,0.0,0.0,1.080025967619831,1.080025967619831,0.0,0.0,0.0,0.0
2026-01-23 00:00:00+00:00,20260201_193430_d8da53d6_StateSignal_XLE,0.0,0.0,1.080025967619831,1.080025967619831,0.0,0.0,0.0,0.0
2026-01-26 00:00:00+00:00,20260201_193430_d8da53d6_StateSignal_XLE,0.0,0.0,1.080025967619831,1.080025967619831,0.0,0.0,0.0,0.0
2026-01-27 00:00:00+00:00,20260201_193430_d8da53d6_StateSignal_XLE,0.0,0.0,1.080025967619831,1.080025967619831,0.0,0.0,0.0,-0.0
2026-01-28 00:00:00+00:00,20260201_193430_d8da53d6_StateSignal_XLE,0.0,0.0,1.080025967619831,1.080025967619831,0.0,0.0,0.0,0.0
2026-01-29 00:00:00+00:00,20260201_193430_d8da53d6_StateSignal_XLE,0.0,0.0,1.080025967619831,1.080025967619831,0.0,0.0,0.0,0.0
2026-01-30 00:00:00+00:00,20260201_193430_d8da53d6_StateSignal_XLE,0.0,0.0,1.080025967619831,1.080025967619831,0.0,0.0,0.0,0.0
2026-02-02 00:00:00+00:00,20260201_193430_d8da53d6_StateSignal_XLE,0.0,0.0,1.080025967619831,1.080025967619831,0.0,0.0,0.0,0.0
