timestamp,run_id,port_ret_gross,port_ret_net,equity_gross,equity_net,turnover,cost,weight_ret_xle,asset_ret_gross_ret_xle
2021-01-06 21:00:00+00:00,20260126_001633_4be2625c_StateSignal_XLE,0.0,0.0,1.0,1.0,0.0,0.0,0.0,-0.0
2021-01-07 21:00:00+00:00,20260126_001633_4be2625c_StateSignal_XLE,0.0,0.0,1.0,1.0,0.0,0.0,0.0,0.0
2021-01-08 21:00:00+00:00,20260126_001633_4be2625c_StateSignal_XLE,0.0,0.0,1.0,1.0,0.0,0.0,0.0,-0.0
2021-01-11 21:00:00+00:00,20260126_001633_4be2625c_StateSignal_XLE,0.0,0.0,1.0,1.0,0.0,0.0,0.0,0.0
2021-01-12 21:00:00+00:00,20260126_001633_4be2625c_StateSignal_XLE,0.0,0.0,1.0,1.0,0.0,0.0,0.0,0.0
2021-01-13 21:00:00+00:00,20260126_001633_4be2625c_StateSignal_XLE,0.0,0.0,1.0,1.0,0.0,0.0,0.0,-0.0
2021-01-14 21:00:00+00:00,20260126_001633_4be2625c_StateSignal_XLE,0.0,0.0,1.0,1.0,0.0,0.0,0.0,0.0
2021-01-15 21:00:00+00:00,20260126_001633_4be2625c_StateSignal_XLE,0.0,0.0,1.0,1.0,0.0,0.0,0.0,-0.0
2021-01-19 21:00:00+00:00,20260126_001633_4be2625c_StateSignal_XLE,0.0,0.0,1.0,1.0,0.0,0.0,0.0,0.0
2021-01-20 21:00:00+00:00,20260126_001633_4be2625c_StateSignal_XLE,0.0,0.0,1.0,1.0,0.0,0.0,0.0,0.0
2021-01-21 21:00:00+00:00,20260126_001633_4be2625c_StateSignal_XLE,0.0,0.0,1.0,1.0,0.0,0.0,0.0,-0.0
2021-01-22 21:00:00+00:00,20260126_001633_4be2625c_StateSignal_XLE,0.0,0.0,1.0,1.0,0.0,0.0,0.0,0.0
2021-01-25 21:00:00+00:00,20260126_001633_4be2625c_StateSignal_XLE,0.0,0.0,1.0,1.0,0.0,0.0,0.0,0.0
2021-01-26 21:00:00+00:00,20260126_001633_4be2625c_StateSignal_XLE,0.0,0.0,1.0,1.0,0.0,0.0,0.0,-0.0
2021-01-27 21:00:00+00:00,20260126_001633_4be2625c_StateSignal_XLE,0.0,0.0,1.0,1.0,0.0,0.0,0.0,0.0
2021-01-28 21:00:00+00:00,20260126_001633_4be2625c_StateSignal_XLE,0.0,0.0,1.0,1.0,0.0,0.0,0.0,-0.0
2021-01-29 21:00:00+00:00,20260126_001633_4be2625c_StateSignal_XLE,0.0,0.0,1.0,1.0,0.0,0.0,0.0,-0.0
2021-02-01 21:00:00+00:00,20260126_001633_4be2625c_StateSignal_XLE,0.0,0.0,1.0,1.0,0.0,0.0,0.0,0.0
2021-02-02 21:00:00+00:00,20260126_001633_4be2625c_StateSignal_XLE,0.0,0.0,1.0,1.0,0.0,0.0,0.0,-0.0
2021-02-03 21:00:00+00:00,20260126_001633_4be2625c_StateSignal_XLE,0.0,0.0,1.0,1.0,0.0,0.0,0.0,0.0
2021-02-04 21:00:00+00:00,20260126_001633_4be2625c_StateSignal_XLE,0.0,0.0,1.0,1.0,0.0,0.0,0.0,0.0
2021-02-05 21:00:00+00:00,20260126_001633_4be2625c_StateSignal_XLE,0.0,0.0,1.0,1.0,0.0,0.0,0.0,-0.0
2021-02-08 21:00:00+00:00,20260126_001633_4be2625c_StateSignal_XLE,0.0,0.0,1.0,1.0,0.0,0.0,0.0,0.0
2021-02-09 21:00:00+00:00,20260126_001633_4be2625c_StateSignal_XLE,0.0,0.0,1.0,1.0,0.0,0.0,0.0,0.0
2021-02-10 21:00:00+00:00,20260126_001633_4be2625c_StateSignal_XLE,0.0,0.0,1.0,1.0,0.0,0.0,0.0,0.0
2021-02-11 21:00:00+00:00,20260126_001633_4be2625c_StateSignal_XLE,0.0,0.0,1.0,1.0,0.0,0.0,0.0,-0.0
2021-02-12 21:00:00+00:00,20260126_001633_4be2625c_StateSignal_XLE,0.0,0.0,1.0,1.0,0.0,0.0,0.0,0.0
2021-02-16 21:00:00+00:00,20260126_001633_4be2625c_StateSignal_XLE,0.0,0.0,1.0,1.0,0.0,0.0,0.0,-0.0
2021-02-17 21:00:00+00:00,20260126_001633_4be2625c_StateSignal_XLE,0.0,0.0,1.0,1.0,0.0,0.0,0.0,0.0
2021-02-18 21:00:00+00:00,20260126_001633_4be2625c_StateSignal_XLE,0.0,0.0,1.0,1.0,0.0,0.0,0.0,-0.0
2021-02-19 21:00:00+00:00,20260126_001633_4be2625c_StateSignal_XLE,0.0,0.0,1.0,1.0,0.0,0.0,0.0,0.0
2021-02-22 21:00:00+00:00,20260126_001633_4be2625c_StateSignal_XLE,0.0,0.0,1.0,1.0,0.0,0.0,0.0,0.0
2021-02-23 21:00:00+00:00,20260126_001633_4be2625c_StateSignal_XLE,0.0,0.0,1.0,1.0,0.0,0.0,0.0,0.0
2021-02-24 21:00:00+00:00,20260126_001633_4be2625c_StateSignal_XLE,0.0,0.0,1.0,1.0,0.0,0.0,0.0,0.0
2021-02-25 21:00:00+00:00,20260126_001633_4be2625c_StateSignal_XLE,0.0,0.0,1.0,1.0,0.0,0.0,0.0,-0.0
2021-02-26 21:00:00+00:00,20260126_001633_4be2625c_StateSignal_XLE,0.0,0.0,1.0,1.0,0.0,0.0,0.0,-0.0
2021-03-01 21:00:00+00:00,20260126_001633_4be2625c_StateSignal_XLE,0.0,0.0,1.0,1.0,0.0,0.0,0.0,-0.0
2021-03-02 21:00:00+00:00,20260126_001633_4be2625c_StateSignal_XLE,0.0,0.0,1.0,1.0,0.0,0.0,0.0,-0.0
2021-03-03 21:00:00+00:00,20260126_001633_4be2625c_StateSignal_XLE,0.0,0.0,1.0,1.0,0.0,0.0,0.0,0.0
2021-03-04 21:00:00+00:00,20260126_001633_4be2625c_StateSignal_XLE,0.0,0.0,1.0,1.0,0.0,0.0,0.0,0.0
2021-03-05 21:00:00+00:00,20260126_001633_4be2625c_StateSignal_XLE,0.0,0.0,1.0,1.0,0.0,0.0,0.0,0.0
2021-03-08 21:00:00+00:00,20260126_001633_4be2625c_StateSignal_XLE,0.0,0.0,1.0,1.0,0.0,0.0,0.0,-0.0
2021-03-09 21:00:00+00:00,20260126_001633_4be2625c_StateSignal_XLE,0.0,0.0,1.0,1.0,0.0,0.0,0.0,-0.0
2021-03-10 21:00:00+00:00,20260126_001633_4be2625c_StateSignal_XLE,0.0,0.0,1.0,1.0,0.0,0.0,0.0,0.0
2021-03-11 21:00:00+00:00,20260126_001633_4be2625c_StateSignal_XLE,0.0,0.0,1.0,1.0,0.0,0.0,0.0,-0.0
2021-03-12 21:00:00+00:00,20260126_001633_4be2625c_StateSignal_XLE,0.0,0.0,1.0,1.0,0.0,0.0,0.0,-0.0
2021-03-15 20:00:00+00:00,20260126_001633_4be2625c_StateSignal_XLE,0.0,0.0,1.0,1.0,0.0,0.0,0.0,-0.0
2021-03-16 20:00:00+00:00,20260126_001633_4be2625c_StateSignal_XLE,0.0,0.0,1.0,1.0,0.0,0.0,0.0,-0.0
2021-03-17 20:00:00+00:00,20260126_001633_4be2625c_StateSignal_XLE,0.0,0.0,1.0,1.0,0.0,0.0,0.0,0.0
2021-03-18 20:00:00+00:00,20260126_001633_4be2625c_StateSignal_XLE,0.0,0.0,1.0,1.0,0.0,0.0,0.0,-0.0
2021-03-19 20:00:00+00:00,20260126_001633_4be2625c_StateSignal_XLE,0.0,0.0,1.0,1.0,0.0,0.0,0.0,0.0
2021-03-22 20:00:00+00:00,20260126_001633_4be2625c_StateSignal_XLE,0.0,0.0,1.0,1.0,0.0,0.0,0.0,-0.0
2021-03-23 20:00:00+00:00,20260126_001633_4be2625c_StateSignal_XLE,0.0,0.0,1.0,1.0,0.0,0.0,0.0,-0.0
2021-03-24 20:00:00+00:00,20260126_001633_4be2625c_StateSignal_XLE,0.0,0.0,1.0,1.0,0.0,0.0,0.0,-0.0
2021-03-25 20:00:00+00:00,20260126_001633_4be2625c_StateSignal_XLE,0.0,0.0,1.0,1.0,0.0,0.0,0.0,0.0
2021-03-26 20:00:00+00:00,20260126_001633_4be2625c_StateSignal_XLE,0.0,0.0,1.0,1.0,0.0,0.0,0.0,0.0
2021-03-29 20:00:00+00:00,20260126_001633_4be2625c_StateSignal_XLE,0.0,0.0,1.0,1.0,0.0,0.0,0.0,-0.0
2021-03-30 20:00:00+00:00,20260126_001633_4be2625c_StateSignal_XLE,0.0,0.0,1.0,1.0,0.0,0.0,0.0,0.0
2021-03-31 20:00:00+00:00,20260126_001633_4be2625c_StateSignal_XLE,0.0,0.0,1.0,1.0,0.0,0.0,0.0,-0.0
2021-04-01 20:00:00+00:00,20260126_001633_4be2625c_StateSignal_XLE,0.0,0.0,1.0,1.0,0.0,0.0,0.0,0.0
2021-04-05 20:00:00+00:00,20260126_001633_4be2625c_StateSignal_XLE,0.0,0.0,1.0,1.0,0.0,0.0,0.0,-0.0
2021-04-06 20:00:00+00:00,20260126_001633_4be2625c_StateSignal_XLE,0.0,0.0,1.0,1.0,0.0,0.0,0.0,-0.0
2021-04-07 20:00:00+00:00,20260126_001633_4be2625c_StateSignal_XLE,0.0,0.0,1.0,1.0,0.0,0.0,0.0,0.0
2021-04-08 20:00:00+00:00,20260126_001633_4be2625c_StateSignal_XLE,0.0,0.0,1.0,1.0,0.0,0.0,0.0,0.0
2021-04-09 20:00:00+00:00,20260126_001633_4be2625c_StateSignal_XLE,0.0,0.0,1.0,1.0,0.0,0.0,0.0,-0.0
2021-04-12 20:00:00+00:00,20260126_001633_4be2625c_StateSignal_XLE,0.0,0.0,1.0,1.0,0.0,0.0,0.0,-0.0
2021-04-13 20:00:00+00:00,20260126_001633_4be2625c_StateSignal_XLE,0.0,0.0,1.0,1.0,0.0,0.0,0.0,0.0
2021-04-14 20:00:00+00:00,20260126_001633_4be2625c_StateSignal_XLE,0.0,0.0,1.0,1.0,0.0,0.0,0.0,0.0
2021-04-15 20:00:00+00:00,20260126_001633_4be2625c_StateSignal_XLE,0.0,0.0,1.0,1.0,0.0,0.0,0.0,0.0
2021-04-16 20:00:00+00:00,20260126_001633_4be2625c_StateSignal_XLE,0.0,0.0,1.0,1.0,0.0,0.0,0.0,-0.0
2021-04-19 20:00:00+00:00,20260126_001633_4be2625c_StateSignal_XLE,0.0,0.0,1.0,1.0,0.0,0.0,0.0,-0.0
2021-04-20 20:00:00+00:00,20260126_001633_4be2625c_StateSignal_XLE,0.0,0.0,1.0,1.0,0.0,0.0,0.0,-0.0
2021-04-21 20:00:00+00:00,20260126_001633_4be2625c_StateSignal_XLE,0.0,0.0,1.0,1.0,0.0,0.0,0.0,0.0
2021-04-22 20:00:00+00:00,20260126_001633_4be2625c_StateSignal_XLE,0.0,0.0,1.0,1.0,0.0,0.0,0.0,-0.0
2021-04-23 20:00:00+00:00,20260126_001633_4be2625c_StateSignal_XLE,0.0,0.0,1.0,1.0,0.0,0.0,0.0,0.0
2021-04-26 20:00:00+00:00,20260126_001633_4be2625c_StateSignal_XLE,0.0,0.0,1.0,1.0,0.0,0.0,0.0,-0.0
2021-04-27 20:00:00+00:00,20260126_001633_4be2625c_StateSignal_XLE,0.0,0.0,1.0,1.0,0.0,0.0,0.0,0.0
2021-04-28 20:00:00+00:00,20260126_001633_4be2625c_StateSignal_XLE,0.0,0.0,1.0,1.0,0.0,0.0,0.0,0.0
2021-04-29 20:00:00+00:00,20260126_001633_4be2625c_StateSignal_XLE,0.0,0.0,1.0,1.0,0.0,0.0,0.0,-0.0
2021-04-30 20:00:00+00:00,20260126_001633_4be2625c_StateSignal_XLE,0.0,0.0,1.0,1.0,0.0,0.0,0.0,-0.0
2021-05-03 20:00:00+00:00,20260126_001633_4be2625c_StateSignal_XLE,0.0,0.0,1.0,1.0,0.0,0.0,0.0,0.0
2021-05-04 20:00:00+00:00,20260126_001633_4be2625c_StateSignal_XLE,0.0,0.0,1.0,1.0,0.0,0.0,0.0,0.0
2021-05-05 20:00:00+00:00,20260126_001633_4be2625c_StateSignal_XLE,0.0,0.0,1.0,1.0,0.0,0.0,0.0,0.0
2021-05-06 20:00:00+00:00,20260126_001633_4be2625c_StateSignal_XLE,0.0,0.0,1.0,1.0,0.0,0.0,0.0,0.0
2021-05-07 20:00:00+00:00,20260126_001633_4be2625c_StateSignal_XLE,0.0,0.0,1.0,1.0,0.0,0.0,0.0,0.0
2021-05-10 20:00:00+00:00,20260126_001633_4be2625c_StateSignal_XLE,0.0,0.0,1.0,1.0,0.0,0.0,0.0,-0.0
2021-05-11 20:00:00+00:00,20260126_001633_4be2625c_StateSignal_XLE,0.0,0.0,1.0,1.0,0.0,0.0,0.0,-0.0
2021-05-12 20:00:00+00:00,20260126_001633_4be2625c_StateSignal_XLE,0.0,0.0,1.0,1.0,0.0,0.0,0.0,-0.0
2021-05-13 20:00:00+00:00,20260126_001633_4be2625c_StateSignal_XLE,0.0,0.0,1.0,1.0,0.0,0.0,0.0,-0.0
2021-05-14 20:00:00+00:00,20260126_001633_4be2625c_StateSignal_XLE,0.0,0.0,1.0,1.0,0.0,0.0,0.0,0.0
2021-05-17 20:00:00+00:00,20260126_001633_4be2625c_StateSignal_XLE,0.0,0.0,1.0,1.0,0.0,0.0,0.0,0.0
2021-05-18 20:00:00+00:00,20260126_001633_4be2625c_StateSignal_XLE,0.0,0.0,1.0,1.0,0.0,0.0,0.0,-0.0
2021-05-19 20:00:00+00:00,20260126_001633_4be2625c_StateSignal_XLE,0.0,0.0,1.0,1.0,0.0,0.0,0.0,0.0
2021-05-20 20:00:00+00:00,20260126_001633_4be2625c_StateSignal_XLE,0.0,0.0,1.0,1.0,0.0,0.0,0.0,0.0
2021-05-21 20:00:00+00:00,20260126_001633_4be2625c_StateSignal_XLE,0.0,0.0,1.0,1.0,0.0,0.0,0.0,-0.0
2021-05-24 20:00:00+00:00,20260126_001633_4be2625c_StateSignal_XLE,0.0,0.0,1.0,1.0,0.0,0.0,0.0,0.0
2021-05-25 20:00:00+00:00,20260126_001633_4be2625c_StateSignal_XLE,0.0,0.0,1.0,1.0,0.0,0.0,0.0,-0.0
2021-05-26 20:00:00+00:00,20260126_001633_4be2625c_StateSignal_XLE,0.0,0.0,1.0,1.0,0.0,0.0,0.0,0.0
2021-05-27 20:00:00+00:00,20260126_001633_4be2625c_StateSignal_XLE,0.0,0.0,1.0,1.0,0.0,0.0,0.0,-0.0
2021-05-28 20:00:00+00:00,20260126_001633_4be2625c_StateSignal_XLE,0.0,0.0,1.0,1.0,0.0,0.0,0.0,0.0
2021-06-01 20:00:00+00:00,20260126_001633_4be2625c_StateSignal_XLE,0.0,0.0,1.0,1.0,0.0,0.0,0.0,0.0
2021-06-02 20:00:00+00:00,20260126_001633_4be2625c_StateSignal_XLE,0.0,0.0,1.0,1.0,0.0,0.0,0.0,0.0
2021-06-03 20:00:00+00:00,20260126_001633_4be2625c_StateSignal_XLE,0.0,0.0,1.0,1.0,0.0,0.0,0.0,0.0
2021-06-04 20:00:00+00:00,20260126_001633_4be2625c_StateSignal_XLE,0.0,0.0,1.0,1.0,0.0,0.0,0.0,-0.0
2021-06-07 20:00:00+00:00,20260126_001633_4be2625c_StateSignal_XLE,0.0,0.0,1.0,1.0,0.0,0.0,0.0,-0.0
2021-06-08 20:00:00+00:00,20260126_001633_4be2625c_StateSignal_XLE,0.0,0.0,1.0,1.0,0.0,0.0,0.0,0.0
2021-06-09 20:00:00+00:00,20260126_001633_4be2625c_StateSignal_XLE,0.0,0.0,1.0,1.0,0.0,0.0,0.0,-0.0
2021-06-10 20:00:00+00:00,20260126_001633_4be2625c_StateSignal_XLE,0.0,0.0,1.0,1.0,0.0,0.0,0.0,-0.0
2021-06-11 20:00:00+00:00,20260126_001633_4be2625c_StateSignal_XLE,0.0,0.0,1.0,1.0,0.0,0.0,0.0,-0.0
2021-06-14 20:00:00+00:00,20260126_001633_4be2625c_StateSignal_XLE,0.0,0.0,1.0,1.0,0.0,0.0,0.0,-0.0
2021-06-15 20:00:00+00:00,20260126_001633_4be2625c_StateSignal_XLE,0.0,0.0,1.0,1.0,0.0,0.0,0.0,0.0
2021-06-16 20:00:00+00:00,20260126_001633_4be2625c_StateSignal_XLE,0.0,0.0,1.0,1.0,0.0,0.0,0.0,0.0
2021-06-17 20:00:00+00:00,20260126_001633_4be2625c_StateSignal_XLE,0.0,0.0,1.0,1.0,0.0,0.0,0.0,-0.0
2021-06-18 20:00:00+00:00,20260126_001633_4be2625c_StateSignal_XLE,0.0,0.0,1.0,1.0,0.0,0.0,0.0,-0.0
2021-06-21 20:00:00+00:00,20260126_001633_4be2625c_StateSignal_XLE,0.0,0.0,1.0,1.0,0.0,0.0,0.0,0.0
2021-06-22 20:00:00+00:00,20260126_001633_4be2625c_StateSignal_XLE,0.0,0.0,1.0,1.0,0.0,0.0,0.0,0.0
2021-06-23 20:00:00+00:00,20260126_001633_4be2625c_StateSignal_XLE,0.0,0.0,1.0,1.0,0.0,0.0,0.0,-0.0
2021-06-24 20:00:00+00:00,20260126_001633_4be2625c_StateSignal_XLE,0.0,0.0,1.0,1.0,0.0,0.0,0.0,0.0
2021-06-25 20:00:00+00:00,20260126_001633_4be2625c_StateSignal_XLE,0.0,0.0,1.0,1.0,0.0,0.0,0.0,0.0
2021-06-28 20:00:00+00:00,20260126_001633_4be2625c_StateSignal_XLE,0.0,0.0,1.0,1.0,0.0,0.0,0.0,-0.0
2021-06-29 20:00:00+00:00,20260126_001633_4be2625c_StateSignal_XLE,0.0,0.0,1.0,1.0,0.0,0.0,0.0,-0.0
2021-06-30 20:00:00+00:00,20260126_001633_4be2625c_StateSignal_XLE,0.0,0.0,1.0,1.0,0.0,0.0,0.0,0.0
2021-07-01 20:00:00+00:00,20260126_001633_4be2625c_StateSignal_XLE,0.0,0.0,1.0,1.0,0.0,0.0,0.0,-0.0
2021-07-02 20:00:00+00:00,20260126_001633_4be2625c_StateSignal_XLE,0.0,0.0,1.0,1.0,0.0,0.0,0.0,0.0
2021-07-06 20:00:00+00:00,20260126_001633_4be2625c_StateSignal_XLE,0.0,0.0,1.0,1.0,0.0,0.0,0.0,-0.0
2021-07-07 20:00:00+00:00,20260126_001633_4be2625c_StateSignal_XLE,0.0,0.0,1.0,1.0,0.0,0.0,0.0,-0.0
2021-07-08 20:00:00+00:00,20260126_001633_4be2625c_StateSignal_XLE,0.0,0.0,1.0,1.0,0.0,0.0,0.0,0.0
2021-07-09 20:00:00+00:00,20260126_001633_4be2625c_StateSignal_XLE,0.0,0.0,1.0,1.0,0.0,0.0,0.0,0.0
2021-07-12 20:00:00+00:00,20260126_001633_4be2625c_StateSignal_XLE,0.0,0.0,1.0,1.0,0.0,0.0,0.0,0.0
2021-07-13 20:00:00+00:00,20260126_001633_4be2625c_StateSignal_XLE,0.0,0.0,1.0,1.0,0.0,0.0,0.0,-0.0
2021-07-14 20:00:00+00:00,20260126_001633_4be2625c_StateSignal_XLE,0.0,0.0,1.0,1.0,0.0,0.0,0.0,-0.0
2021-07-15 20:00:00+00:00,20260126_001633_4be2625c_StateSignal_XLE,0.0,0.0,1.0,1.0,0.0,0.0,0.0,-0.0
2021-07-16 20:00:00+00:00,20260126_001633_4be2625c_StateSignal_XLE,0.0,0.0,1.0,1.0,0.0,0.0,0.0,-0.0
2021-07-19 20:00:00+00:00,20260126_001633_4be2625c_StateSignal_XLE,0.0,0.0,1.0,1.0,0.0,0.0,0.0,0.0
2021-07-20 20:00:00+00:00,20260126_001633_4be2625c_StateSignal_XLE,0.0,0.0,1.0,1.0,0.0,0.0,0.0,0.0
2021-07-21 20:00:00+00:00,20260126_001633_4be2625c_StateSignal_XLE,0.0,0.0,1.0,1.0,0.0,0.0,0.0,0.0
2021-07-22 20:00:00+00:00,20260126_001633_4be2625c_StateSignal_XLE,0.0,0.0,1.0,1.0,0.0,0.0,0.0,-0.0
2021-07-23 20:00:00+00:00,20260126_001633_4be2625c_StateSignal_XLE,0.0,0.0,1.0,1.0,0.0,0.0,0.0,-0.0
2021-07-26 20:00:00+00:00,20260126_001633_4be2625c_StateSignal_XLE,0.0,0.0,1.0,1.0,0.0,0.0,0.0,0.0
2021-07-27 20:00:00+00:00,20260126_001633_4be2625c_StateSignal_XLE,0.0,0.0,1.0,1.0,0.0,0.0,0.0,0.0
2021-07-28 20:00:00+00:00,20260126_001633_4be2625c_StateSignal_XLE,0.0,0.0,1.0,1.0,0.0,0.0,0.0,0.0
2021-07-29 20:00:00+00:00,20260126_001633_4be2625c_StateSignal_XLE,0.0,0.0,1.0,1.0,0.0,0.0,0.0,0.0
2021-07-30 20:00:00+00:00,20260126_001633_4be2625c_StateSignal_XLE,0.0,0.0,1.0,1.0,0.0,0.0,0.0,-0.0
2021-08-02 20:00:00+00:00,20260126_001633_4be2625c_StateSignal_XLE,0.0,0.0,1.0,1.0,0.0,0.0,0.0,-0.0
2021-08-03 20:00:00+00:00,20260126_001633_4be2625c_StateSignal_XLE,0.0,0.0,1.0,1.0,0.0,0.0,0.0,0.0
2021-08-04 20:00:00+00:00,20260126_001633_4be2625c_StateSignal_XLE,0.0,0.0,1.0,1.0,0.0,0.0,0.0,-0.0
2021-08-05 20:00:00+00:00,20260126_001633_4be2625c_StateSignal_XLE,0.0,0.0,1.0,1.0,0.0,0.0,0.0,0.0
2021-08-06 20:00:00+00:00,20260126_001633_4be2625c_StateSignal_XLE,0.0,0.0,1.0,1.0,0.0,0.0,0.0,-0.0
2021-08-09 20:00:00+00:00,20260126_001633_4be2625c_StateSignal_XLE,0.0,0.0,1.0,1.0,0.0,0.0,0.0,-0.0
2021-08-10 20:00:00+00:00,20260126_001633_4be2625c_StateSignal_XLE,0.0,0.0,1.0,1.0,0.0,0.0,0.0,0.0
2021-08-11 20:00:00+00:00,20260126_001633_4be2625c_StateSignal_XLE,0.0,0.0,1.0,1.0,0.0,0.0,0.0,0.0
2021-08-12 20:00:00+00:00,20260126_001633_4be2625c_StateSignal_XLE,0.0,0.0,1.0,1.0,0.0,0.0,0.0,-0.0
2021-08-13 20:00:00+00:00,20260126_001633_4be2625c_StateSignal_XLE,0.0,0.0,1.0,1.0,0.0,0.0,0.0,-0.0
2021-08-16 20:00:00+00:00,20260126_001633_4be2625c_StateSignal_XLE,0.0,0.0,1.0,1.0,0.0,0.0,0.0,0.0
2021-08-17 20:00:00+00:00,20260126_001633_4be2625c_StateSignal_XLE,0.0,0.0,1.0,1.0,0.0,0.0,0.0,-0.0
2021-08-18 20:00:00+00:00,20260126_001633_4be2625c_StateSignal_XLE,0.0,0.0,1.0,1.0,0.0,0.0,0.0,-0.0
2021-08-19 20:00:00+00:00,20260126_001633_4be2625c_StateSignal_XLE,0.0,0.0,1.0,1.0,0.0,0.0,0.0,-0.0
2021-08-20 20:00:00+00:00,20260126_001633_4be2625c_StateSignal_XLE,0.0,0.0,1.0,1.0,0.0,0.0,0.0,0.0
2021-08-23 20:00:00+00:00,20260126_001633_4be2625c_StateSignal_XLE,0.0,0.0,1.0,1.0,0.0,0.0,0.0,0.0
2021-08-24 20:00:00+00:00,20260126_001633_4be2625c_StateSignal_XLE,0.0,0.0,1.0,1.0,0.0,0.0,0.0,0.0
2021-08-25 20:00:00+00:00,20260126_001633_4be2625c_StateSignal_XLE,0.0,0.0,1.0,1.0,0.0,0.0,0.0,0.0
2021-08-26 20:00:00+00:00,20260126_001633_4be2625c_StateSignal_XLE,0.0,0.0,1.0,1.0,0.0,0.0,0.0,-0.0
2021-08-27 20:00:00+00:00,20260126_001633_4be2625c_StateSignal_XLE,0.0,0.0,1.0,1.0,0.0,0.0,0.0,0.0
2021-08-30 20:00:00+00:00,20260126_001633_4be2625c_StateSignal_XLE,0.0,0.0,1.0,1.0,0.0,0.0,0.0,-0.0
2021-08-31 20:00:00+00:00,20260126_001633_4be2625c_StateSignal_XLE,0.0,0.0,1.0,1.0,0.0,0.0,0.0,-0.0
2021-09-01 20:00:00+00:00,20260126_001633_4be2625c_StateSignal_XLE,0.0,0.0,1.0,1.0,0.0,0.0,0.0,-0.0
2021-09-02 20:00:00+00:00,20260126_001633_4be2625c_StateSignal_XLE,0.0,0.0,1.0,1.0,0.0,0.0,0.0,0.0
2021-09-03 20:00:00+00:00,20260126_001633_4be2625c_StateSignal_XLE,0.0,0.0,1.0,1.0,0.0,0.0,0.0,-0.0
2021-09-07 20:00:00+00:00,20260126_001633_4be2625c_StateSignal_XLE,0.0,0.0,1.0,1.0,0.0,0.0,0.0,-0.0
2021-09-08 20:00:00+00:00,20260126_001633_4be2625c_StateSignal_XLE,0.0,0.0,1.0,1.0,0.0,0.0,0.0,-0.0
2021-09-09 20:00:00+00:00,20260126_001633_4be2625c_StateSignal_XLE,0.0,0.0,1.0,1.0,0.0,0.0,0.0,0.0
2021-09-10 20:00:00+00:00,20260126_001633_4be2625c_StateSignal_XLE,0.0,0.0,1.0,1.0,0.0,0.0,0.0,-0.0
2021-09-13 20:00:00+00:00,20260126_001633_4be2625c_StateSignal_XLE,0.0,0.0,1.0,1.0,0.0,0.0,0.0,0.0
2021-09-14 20:00:00+00:00,20260126_001633_4be2625c_StateSignal_XLE,0.0,0.0,1.0,1.0,0.0,0.0,0.0,-0.0
2021-09-15 20:00:00+00:00,20260126_001633_4be2625c_StateSignal_XLE,0.0,0.0,1.0,1.0,0.0,0.0,0.0,0.0
2021-09-16 20:00:00+00:00,20260126_001633_4be2625c_StateSignal_XLE,0.0,0.0,1.0,1.0,0.0,0.0,0.0,-0.0
2021-09-17 20:00:00+00:00,20260126_001633_4be2625c_StateSignal_XLE,0.0,0.0,1.0,1.0,0.0,0.0,0.0,-0.0
2021-09-20 20:00:00+00:00,20260126_001633_4be2625c_StateSignal_XLE,0.0,0.0,1.0,1.0,0.0,0.0,0.0,-0.0
2021-09-21 20:00:00+00:00,20260126_001633_4be2625c_StateSignal_XLE,0.0,0.0,1.0,1.0,0.0,0.0,0.0,-0.0
2021-09-22 20:00:00+00:00,20260126_001633_4be2625c_StateSignal_XLE,0.0,0.0,1.0,1.0,0.0,0.0,0.0,0.0
2021-09-23 20:00:00+00:00,20260126_001633_4be2625c_StateSignal_XLE,0.0,0.0,1.0,1.0,0.0,0.0,0.0,0.0
2021-09-24 20:00:00+00:00,20260126_001633_4be2625c_StateSignal_XLE,0.0,0.0,1.0,1.0,0.0,0.0,0.0,0.0
2021-09-27 20:00:00+00:00,20260126_001633_4be2625c_StateSignal_XLE,0.0,0.0,1.0,1.0,0.0,0.0,0.0,0.0
2021-09-28 20:00:00+00:00,20260126_001633_4be2625c_StateSignal_XLE,0.0,0.0,1.0,1.0,0.0,0.0,0.0,0.0
2021-09-29 20:00:00+00:00,20260126_001633_4be2625c_StateSignal_XLE,0.0,0.0,1.0,1.0,0.0,0.0,0.0,0.0
2021-09-30 20:00:00+00:00,20260126_001633_4be2625c_StateSignal_XLE,0.0,0.0,1.0,1.0,0.0,0.0,0.0,-0.0
2021-10-01 20:00:00+00:00,20260126_001633_4be2625c_StateSignal_XLE,0.0,0.0,1.0,1.0,0.0,0.0,0.0,0.0
2021-10-04 20:00:00+00:00,20260126_001633_4be2625c_StateSignal_XLE,0.0,0.0,1.0,1.0,0.0,0.0,0.0,0.0
2021-10-05 20:00:00+00:00,20260126_001633_4be2625c_StateSignal_XLE,0.0,0.0,1.0,1.0,0.0,0.0,0.0,-0.0
2021-10-06 20:00:00+00:00,20260126_001633_4be2625c_StateSignal_XLE,0.0,0.0,1.0,1.0,0.0,0.0,0.0,0.0
2021-10-07 20:00:00+00:00,20260126_001633_4be2625c_StateSignal_XLE,0.0,0.0,1.0,1.0,0.0,0.0,0.0,0.0
2021-10-08 20:00:00+00:00,20260126_001633_4be2625c_StateSignal_XLE,0.0,0.0,1.0,1.0,0.0,0.0,0.0,0.0
2021-10-11 20:00:00+00:00,20260126_001633_4be2625c_StateSignal_XLE,0.0,0.0,1.0,1.0,0.0,0.0,0.0,-0.0
2021-10-12 20:00:00+00:00,20260126_001633_4be2625c_StateSignal_XLE,0.0,0.0,1.0,1.0,0.0,0.0,0.0,-0.0
2021-10-13 20:00:00+00:00,20260126_001633_4be2625c_StateSignal_XLE,0.0,0.0,1.0,1.0,0.0,0.0,0.0,0.0
2021-10-14 20:00:00+00:00,20260126_001633_4be2625c_StateSignal_XLE,0.0,0.0,1.0,1.0,0.0,0.0,0.0,0.0
2021-10-15 20:00:00+00:00,20260126_001633_4be2625c_StateSignal_XLE,0.0,0.0,1.0,1.0,0.0,0.0,0.0,-0.0
2021-10-18 20:00:00+00:00,20260126_001633_4be2625c_StateSignal_XLE,0.0,0.0,1.0,1.0,0.0,0.0,0.0,-0.0
2021-10-19 20:00:00+00:00,20260126_001633_4be2625c_StateSignal_XLE,0.0,0.0,1.0,1.0,0.0,0.0,0.0,0.0
2021-10-20 20:00:00+00:00,20260126_001633_4be2625c_StateSignal_XLE,0.0,0.0,1.0,1.0,0.0,0.0,0.0,0.0
2021-10-21 20:00:00+00:00,20260126_001633_4be2625c_StateSignal_XLE,0.0,0.0,1.0,1.0,0.0,0.0,0.0,-0.0
2021-10-22 20:00:00+00:00,20260126_001633_4be2625c_StateSignal_XLE,0.0,0.0,1.0,1.0,0.0,0.0,0.0,0.0
2021-10-25 20:00:00+00:00,20260126_001633_4be2625c_StateSignal_XLE,0.0,0.0,1.0,1.0,0.0,0.0,0.0,0.0
2021-10-26 20:00:00+00:00,20260126_001633_4be2625c_StateSignal_XLE,0.0,0.0,1.0,1.0,0.0,0.0,0.0,0.0
2021-10-27 20:00:00+00:00,20260126_001633_4be2625c_StateSignal_XLE,0.0,0.0,1.0,1.0,0.0,0.0,0.0,-0.0
2021-10-28 20:00:00+00:00,20260126_001633_4be2625c_StateSignal_XLE,0.0,0.0,1.0,1.0,0.0,0.0,0.0,0.0
2021-10-29 20:00:00+00:00,20260126_001633_4be2625c_StateSignal_XLE,0.0,0.0,1.0,1.0,0.0,0.0,0.0,-0.0
2021-11-01 20:00:00+00:00,20260126_001633_4be2625c_StateSignal_XLE,0.0,0.0,1.0,1.0,0.0,0.0,0.0,0.0
2021-11-02 20:00:00+00:00,20260126_001633_4be2625c_StateSignal_XLE,0.0,0.0,1.0,1.0,0.0,0.0,0.0,-0.0
2021-11-03 20:00:00+00:00,20260126_001633_4be2625c_StateSignal_XLE,0.0,0.0,1.0,1.0,0.0,0.0,0.0,0.0
2021-11-04 20:00:00+00:00,20260126_001633_4be2625c_StateSignal_XLE,0.0,0.0,1.0,1.0,0.0,0.0,0.0,-0.0
2021-11-05 20:00:00+00:00,20260126_001633_4be2625c_StateSignal_XLE,0.0,0.0,1.0,1.0,0.0,0.0,0.0,0.0
2021-11-08 21:00:00+00:00,20260126_001633_4be2625c_StateSignal_XLE,0.0,0.0,1.0,1.0,0.0,0.0,0.0,-0.0
2021-11-09 21:00:00+00:00,20260126_001633_4be2625c_StateSignal_XLE,0.0,0.0,1.0,1.0,0.0,0.0,0.0,0.0
2021-11-10 21:00:00+00:00,20260126_001633_4be2625c_StateSignal_XLE,0.0,0.0,1.0,1.0,0.0,0.0,0.0,-0.0
2021-11-11 21:00:00+00:00,20260126_001633_4be2625c_StateSignal_XLE,0.0,0.0,1.0,1.0,0.0,0.0,0.0,-0.0
2021-11-12 21:00:00+00:00,20260126_001633_4be2625c_StateSignal_XLE,0.0,0.0,1.0,1.0,0.0,0.0,0.0,-0.0
2021-11-15 21:00:00+00:00,20260126_001633_4be2625c_StateSignal_XLE,0.0,0.0,1.0,1.0,0.0,0.0,0.0,0.0
2021-11-16 21:00:00+00:00,20260126_001633_4be2625c_StateSignal_XLE,0.0,0.0,1.0,1.0,0.0,0.0,0.0,0.0
2021-11-17 21:00:00+00:00,20260126_001633_4be2625c_StateSignal_XLE,0.0,0.0,1.0,1.0,0.0,0.0,0.0,-0.0
2021-11-18 21:00:00+00:00,20260126_001633_4be2625c_StateSignal_XLE,0.0,0.0,1.0,1.0,0.0,0.0,0.0,-0.0
2021-11-19 21:00:00+00:00,20260126_001633_4be2625c_StateSignal_XLE,0.0,0.0,1.0,1.0,0.0,0.0,0.0,-0.0
2021-11-22 21:00:00+00:00,20260126_001633_4be2625c_StateSignal_XLE,0.0,0.0,1.0,1.0,0.0,0.0,0.0,0.0
2021-11-23 21:00:00+00:00,20260126_001633_4be2625c_StateSignal_XLE,0.0,0.0,1.0,1.0,0.0,0.0,0.0,0.0
2021-11-24 21:00:00+00:00,20260126_001633_4be2625c_StateSignal_XLE,0.0,0.0,1.0,1.0,0.0,0.0,0.0,0.0
2021-11-26 21:00:00+00:00,20260126_001633_4be2625c_StateSignal_XLE,0.0,0.0,1.0,1.0,0.0,0.0,0.0,0.0
2021-11-29 21:00:00+00:00,20260126_001633_4be2625c_StateSignal_XLE,0.0,0.0,1.0,1.0,0.0,0.0,0.0,-0.0
2021-11-30 21:00:00+00:00,20260126_001633_4be2625c_StateSignal_XLE,0.0,0.0,1.0,1.0,0.0,0.0,0.0,-0.0
2021-12-01 21:00:00+00:00,20260126_001633_4be2625c_StateSignal_XLE,0.0,0.0,1.0,1.0,0.0,0.0,0.0,-0.0
2021-12-02 21:00:00+00:00,20260126_001633_4be2625c_StateSignal_XLE,0.0,0.0,1.0,1.0,0.0,0.0,0.0,0.0
2021-12-03 21:00:00+00:00,20260126_001633_4be2625c_StateSignal_XLE,0.0,0.0,1.0,1.0,0.0,0.0,0.0,-0.0
2021-12-06 21:00:00+00:00,20260126_001633_4be2625c_StateSignal_XLE,0.0,0.0,1.0,1.0,0.0,0.0,0.0,0.0
2021-12-07 21:00:00+00:00,20260126_001633_4be2625c_StateSignal_XLE,0.0,0.0,1.0,1.0,0.0,0.0,0.0,0.0
2021-12-08 21:00:00+00:00,20260126_001633_4be2625c_StateSignal_XLE,0.0,0.0,1.0,1.0,0.0,0.0,0.0,-0.0
2021-12-09 21:00:00+00:00,20260126_001633_4be2625c_StateSignal_XLE,0.0,0.0,1.0,1.0,0.0,0.0,0.0,0.0
2021-12-10 21:00:00+00:00,20260126_001633_4be2625c_StateSignal_XLE,0.0,0.0,1.0,1.0,0.0,0.0,0.0,0.0
2021-12-13 21:00:00+00:00,20260126_001633_4be2625c_StateSignal_XLE,0.0,0.0,1.0,1.0,0.0,0.0,0.0,-0.0
2021-12-14 21:00:00+00:00,20260126_001633_4be2625c_StateSignal_XLE,0.0,0.0,1.0,1.0,0.0,0.0,0.0,-0.0
2021-12-15 21:00:00+00:00,20260126_001633_4be2625c_StateSignal_XLE,0.0,0.0,1.0,1.0,0.0,0.0,0.0,0.0
2021-12-16 21:00:00+00:00,20260126_001633_4be2625c_StateSignal_XLE,0.0,0.0,1.0,1.0,0.0,0.0,0.0,-0.0
2021-12-17 21:00:00+00:00,20260126_001633_4be2625c_StateSignal_XLE,0.0,0.0,1.0,1.0,0.0,0.0,0.0,-0.0
2021-12-20 21:00:00+00:00,20260126_001633_4be2625c_StateSignal_XLE,0.0,0.0,1.0,1.0,0.0,0.0,0.0,0.0
2021-12-21 21:00:00+00:00,20260126_001633_4be2625c_StateSignal_XLE,0.0,0.0,1.0,1.0,0.0,0.0,0.0,0.0
2021-12-22 21:00:00+00:00,20260126_001633_4be2625c_StateSignal_XLE,0.0,0.0,1.0,1.0,0.0,0.0,0.0,0.0
2021-12-23 21:00:00+00:00,20260126_001633_4be2625c_StateSignal_XLE,0.0,0.0,1.0,1.0,0.0,0.0,0.0,-0.0
2021-12-27 21:00:00+00:00,20260126_001633_4be2625c_StateSignal_XLE,0.0,0.0,1.0,1.0,0.0,0.0,0.0,0.0
2021-12-28 21:00:00+00:00,20260126_001633_4be2625c_StateSignal_XLE,0.0,0.0,1.0,1.0,0.0,0.0,0.0,-0.0
2021-12-29 21:00:00+00:00,20260126_001633_4be2625c_StateSignal_XLE,0.0,0.0,1.0,1.0,0.0,0.0,0.0,0.0
2021-12-30 21:00:00+00:00,20260126_001633_4be2625c_StateSignal_XLE,0.0,0.0,1.0,1.0,0.0,0.0,0.0,-0.0
2021-12-31 21:00:00+00:00,20260126_001633_4be2625c_StateSignal_XLE,0.0,0.0,1.0,1.0,0.0,0.0,0.0,0.0
2022-01-03 21:00:00+00:00,20260126_001633_4be2625c_StateSignal_XLE,0.0,0.0,1.0,1.0,0.0,0.0,0.0,0.0
2022-01-04 21:00:00+00:00,20260126_001633_4be2625c_StateSignal_XLE,0.0,0.0,1.0,1.0,0.0,0.0,0.0,0.0
2022-01-05 21:00:00+00:00,20260126_001633_4be2625c_StateSignal_XLE,0.0,0.0,1.0,1.0,0.0,0.0,0.0,-0.0
2022-01-06 21:00:00+00:00,20260126_001633_4be2625c_StateSignal_XLE,0.0,0.0,1.0,1.0,0.0,0.0,0.0,-0.0
2022-01-07 21:00:00+00:00,20260126_001633_4be2625c_StateSignal_XLE,0.0,0.0,1.0,1.0,0.0,0.0,0.0,0.0
2022-01-10 21:00:00+00:00,20260126_001633_4be2625c_StateSignal_XLE,0.0,0.0,1.0,1.0,0.0,0.0,0.0,-0.0
2022-01-11 21:00:00+00:00,20260126_001633_4be2625c_StateSignal_XLE,0.0,0.0,1.0,1.0,0.0,0.0,0.0,0.0
2022-01-12 21:00:00+00:00,20260126_001633_4be2625c_StateSignal_XLE,0.0,0.0,1.0,1.0,0.0,0.0,0.0,-0.0
2022-01-13 21:00:00+00:00,20260126_001633_4be2625c_StateSignal_XLE,0.0,0.0,1.0,1.0,0.0,0.0,0.0,-0.0
2022-01-14 21:00:00+00:00,20260126_001633_4be2625c_StateSignal_XLE,0.0,0.0,1.0,1.0,0.0,0.0,0.0,0.0
2022-01-18 21:00:00+00:00,20260126_001633_4be2625c_StateSignal_XLE,0.0,0.0,1.0,1.0,0.0,0.0,0.0,-0.0
2022-01-19 21:00:00+00:00,20260126_001633_4be2625c_StateSignal_XLE,0.0,0.0,1.0,1.0,0.0,0.0,0.0,-0.0
2022-01-20 21:00:00+00:00,20260126_001633_4be2625c_StateSignal_XLE,0.0,0.0,1.0,1.0,0.0,0.0,0.0,-0.0
2022-01-21 21:00:00+00:00,20260126_001633_4be2625c_StateSignal_XLE,0.0,0.0,1.0,1.0,0.0,0.0,0.0,-0.0
2022-01-24 21:00:00+00:00,20260126_001633_4be2625c_StateSignal_XLE,0.0,0.0,1.0,1.0,0.0,0.0,0.0,0.0
2022-01-25 21:00:00+00:00,20260126_001633_4be2625c_StateSignal_XLE,0.0,0.0,1.0,1.0,0.0,0.0,0.0,0.0
2022-01-26 21:00:00+00:00,20260126_001633_4be2625c_StateSignal_XLE,0.0,0.0,1.0,1.0,0.0,0.0,0.0,-0.0
2022-01-27 21:00:00+00:00,20260126_001633_4be2625c_StateSignal_XLE,0.0,0.0,1.0,1.0,0.0,0.0,0.0,-0.0
2022-01-28 21:00:00+00:00,20260126_001633_4be2625c_StateSignal_XLE,0.0,0.0,1.0,1.0,0.0,0.0,0.0,-0.0
2022-01-31 21:00:00+00:00,20260126_001633_4be2625c_StateSignal_XLE,0.0,0.0,1.0,1.0,0.0,0.0,0.0,0.0
2022-02-01 21:00:00+00:00,20260126_001633_4be2625c_StateSignal_XLE,0.0,0.0,1.0,1.0,0.0,0.0,0.0,0.0
2022-02-02 21:00:00+00:00,20260126_001633_4be2625c_StateSignal_XLE,0.0,0.0,1.0,1.0,0.0,0.0,0.0,0.0
2022-02-03 21:00:00+00:00,20260126_001633_4be2625c_StateSignal_XLE,0.0,0.0,1.0,1.0,0.0,0.0,0.0,-0.0
2022-02-04 21:00:00+00:00,20260126_001633_4be2625c_StateSignal_XLE,0.0,0.0,1.0,1.0,0.0,0.0,0.0,-0.0
2022-02-07 21:00:00+00:00,20260126_001633_4be2625c_StateSignal_XLE,0.0,0.0,1.0,1.0,0.0,0.0,0.0,0.0
2022-02-08 21:00:00+00:00,20260126_001633_4be2625c_StateSignal_XLE,0.0,0.0,1.0,1.0,0.0,0.0,0.0,-0.0
2022-02-09 21:00:00+00:00,20260126_001633_4be2625c_StateSignal_XLE,0.0,0.0,1.0,1.0,0.0,0.0,0.0,0.0
2022-02-10 21:00:00+00:00,20260126_001633_4be2625c_StateSignal_XLE,0.0,0.0,1.0,1.0,0.0,0.0,0.0,-0.0
2022-02-11 21:00:00+00:00,20260126_001633_4be2625c_StateSignal_XLE,0.0,0.0,1.0,1.0,0.0,0.0,0.0,0.0
2022-02-14 21:00:00+00:00,20260126_001633_4be2625c_StateSignal_XLE,0.0,0.0,1.0,1.0,0.0,0.0,0.0,-0.0
2022-02-15 21:00:00+00:00,20260126_001633_4be2625c_StateSignal_XLE,0.0,0.0,1.0,1.0,0.0,0.0,0.0,0.0
2022-02-16 21:00:00+00:00,20260126_001633_4be2625c_StateSignal_XLE,0.0,0.0,1.0,1.0,0.0,0.0,0.0,-0.0
2022-02-17 21:00:00+00:00,20260126_001633_4be2625c_StateSignal_XLE,0.0,0.0,1.0,1.0,0.0,0.0,0.0,-0.0
2022-02-18 21:00:00+00:00,20260126_001633_4be2625c_StateSignal_XLE,0.0,0.0,1.0,1.0,0.0,0.0,0.0,0.0
2022-02-22 21:00:00+00:00,20260126_001633_4be2625c_StateSignal_XLE,0.0,0.0,1.0,1.0,0.0,0.0,0.0,-0.0
2022-02-23 21:00:00+00:00,20260126_001633_4be2625c_StateSignal_XLE,0.0,0.0,1.0,1.0,0.0,0.0,0.0,-0.0
2022-02-24 21:00:00+00:00,20260126_001633_4be2625c_StateSignal_XLE,0.0,0.0,1.0,1.0,0.0,0.0,0.0,0.0
2022-02-25 21:00:00+00:00,20260126_001633_4be2625c_StateSignal_XLE,0.0,0.0,1.0,1.0,0.0,0.0,0.0,0.0
2022-02-28 21:00:00+00:00,20260126_001633_4be2625c_StateSignal_XLE,0.0,0.0,1.0,1.0,0.0,0.0,0.0,0.0
2022-03-01 21:00:00+00:00,20260126_001633_4be2625c_StateSignal_XLE,0.0,0.0,1.0,1.0,0.0,0.0,0.0,-0.0
2022-03-02 21:00:00+00:00,20260126_001633_4be2625c_StateSignal_XLE,0.0,0.0,1.0,1.0,0.0,0.0,0.0,0.0
2022-03-03 21:00:00+00:00,20260126_001633_4be2625c_StateSignal_XLE,0.0,0.0,1.0,1.0,0.0,0.0,0.0,0.0
2022-03-04 21:00:00+00:00,20260126_001633_4be2625c_StateSignal_XLE,0.0,0.0,1.0,1.0,0.0,0.0,0.0,0.0
2022-03-07 21:00:00+00:00,20260126_001633_4be2625c_StateSignal_XLE,0.0,0.0,1.0,1.0,0.0,0.0,0.0,0.0
2022-03-08 21:00:00+00:00,20260126_001633_4be2625c_StateSignal_XLE,0.0,0.0,1.0,1.0,0.0,0.0,0.0,-0.0
2022-03-09 21:00:00+00:00,20260126_001633_4be2625c_StateSignal_XLE,0.0,0.0,1.0,1.0,0.0,0.0,0.0,-0.0
2022-03-10 21:00:00+00:00,20260126_001633_4be2625c_StateSignal_XLE,0.0,0.0,1.0,1.0,0.0,0.0,0.0,0.0
2022-03-11 21:00:00+00:00,20260126_001633_4be2625c_StateSignal_XLE,0.0,0.0,1.0,1.0,0.0,0.0,0.0,-0.0
2022-03-14 20:00:00+00:00,20260126_001633_4be2625c_StateSignal_XLE,0.0,0.0,1.0,1.0,0.0,0.0,0.0,0.0
2022-03-15 20:00:00+00:00,20260126_001633_4be2625c_StateSignal_XLE,0.0,0.0,1.0,1.0,0.0,0.0,0.0,0.0
2022-03-16 20:00:00+00:00,20260126_001633_4be2625c_StateSignal_XLE,0.0,0.0,1.0,1.0,0.0,0.0,0.0,-0.0
2022-03-17 20:00:00+00:00,20260126_001633_4be2625c_StateSignal_XLE,0.0,0.0,1.0,1.0,0.0,0.0,0.0,0.0
2022-03-18 20:00:00+00:00,20260126_001633_4be2625c_StateSignal_XLE,0.0,0.0,1.0,1.0,0.0,0.0,0.0,-0.0
2022-03-21 20:00:00+00:00,20260126_001633_4be2625c_StateSignal_XLE,0.0,0.0,1.0,1.0,0.0,0.0,0.0,0.0
2022-03-22 20:00:00+00:00,20260126_001633_4be2625c_StateSignal_XLE,0.0,0.0,1.0,1.0,0.0,0.0,0.0,-0.0
2022-03-23 20:00:00+00:00,20260126_001633_4be2625c_StateSignal_XLE,0.0,0.0,1.0,1.0,0.0,0.0,0.0,-0.0
2022-03-24 20:00:00+00:00,20260126_001633_4be2625c_StateSignal_XLE,0.0,0.0,1.0,1.0,0.0,0.0,0.0,-0.0
2022-03-25 20:00:00+00:00,20260126_001633_4be2625c_StateSignal_XLE,0.0,0.0,1.0,1.0,0.0,0.0,0.0,0.0
2022-03-28 20:00:00+00:00,20260126_001633_4be2625c_StateSignal_XLE,0.0,0.0,1.0,1.0,0.0,0.0,0.0,-0.0
2022-03-29 20:00:00+00:00,20260126_001633_4be2625c_StateSignal_XLE,0.0,0.0,1.0,1.0,0.0,0.0,0.0,0.0
2022-03-30 20:00:00+00:00,20260126_001633_4be2625c_StateSignal_XLE,0.0,0.0,1.0,1.0,0.0,0.0,0.0,0.0
2022-03-31 20:00:00+00:00,20260126_001633_4be2625c_StateSignal_XLE,0.0,0.0,1.0,1.0,0.0,0.0,0.0,-0.0
2022-04-01 20:00:00+00:00,20260126_001633_4be2625c_StateSignal_XLE,0.0,0.0,1.0,1.0,0.0,0.0,0.0,-0.0
2022-04-04 20:00:00+00:00,20260126_001633_4be2625c_StateSignal_XLE,0.0,0.0,1.0,1.0,0.0,0.0,0.0,0.0
2022-04-05 20:00:00+00:00,20260126_001633_4be2625c_StateSignal_XLE,0.0,0.0,1.0,1.0,0.0,0.0,0.0,-0.0
2022-04-06 20:00:00+00:00,20260126_001633_4be2625c_StateSignal_XLE,0.0,0.0,1.0,1.0,0.0,0.0,0.0,0.0
2022-04-07 20:00:00+00:00,20260126_001633_4be2625c_StateSignal_XLE,0.0,0.0,1.0,1.0,0.0,0.0,0.0,0.0
2022-04-08 20:00:00+00:00,20260126_001633_4be2625c_StateSignal_XLE,0.0,0.0,1.0,1.0,0.0,0.0,0.0,0.0
2022-04-11 20:00:00+00:00,20260126_001633_4be2625c_StateSignal_XLE,0.0,0.0,1.0,1.0,0.0,0.0,0.0,-0.0
2022-04-12 20:00:00+00:00,20260126_001633_4be2625c_StateSignal_XLE,0.0,0.0,1.0,1.0,0.0,0.0,0.0,-0.0
2022-04-13 20:00:00+00:00,20260126_001633_4be2625c_StateSignal_XLE,0.0,0.0,1.0,1.0,0.0,0.0,0.0,0.0
2022-04-14 20:00:00+00:00,20260126_001633_4be2625c_StateSignal_XLE,0.0,0.0,1.0,1.0,0.0,0.0,0.0,0.0
2022-04-18 20:00:00+00:00,20260126_001633_4be2625c_StateSignal_XLE,0.0,0.0,1.0,1.0,0.0,0.0,0.0,0.0
2022-04-19 20:00:00+00:00,20260126_001633_4be2625c_StateSignal_XLE,0.0,0.0,1.0,1.0,0.0,0.0,0.0,-0.0
2022-04-20 20:00:00+00:00,20260126_001633_4be2625c_StateSignal_XLE,0.0,0.0,1.0,1.0,0.0,0.0,0.0,0.0
2022-04-21 20:00:00+00:00,20260126_001633_4be2625c_StateSignal_XLE,0.0,0.0,1.0,1.0,0.0,0.0,0.0,-0.0
2022-04-22 20:00:00+00:00,20260126_001633_4be2625c_StateSignal_XLE,0.0,0.0,1.0,1.0,0.0,0.0,0.0,-0.0
2022-04-25 20:00:00+00:00,20260126_001633_4be2625c_StateSignal_XLE,0.0,0.0,1.0,1.0,0.0,0.0,0.0,0.0
2022-04-26 20:00:00+00:00,20260126_001633_4be2625c_StateSignal_XLE,0.0,0.0,1.0,1.0,0.0,0.0,0.0,-0.0
2022-04-27 20:00:00+00:00,20260126_001633_4be2625c_StateSignal_XLE,0.0,0.0,1.0,1.0,0.0,0.0,0.0,0.0
2022-04-28 20:00:00+00:00,20260126_001633_4be2625c_StateSignal_XLE,0.0,0.0,1.0,1.0,0.0,0.0,0.0,0.0
2022-04-29 20:00:00+00:00,20260126_001633_4be2625c_StateSignal_XLE,0.0,0.0,1.0,1.0,0.0,0.0,0.0,-0.0
2022-05-02 20:00:00+00:00,20260126_001633_4be2625c_StateSignal_XLE,0.0,0.0,1.0,1.0,0.0,0.0,0.0,0.0
2022-05-03 20:00:00+00:00,20260126_001633_4be2625c_StateSignal_XLE,0.0,0.0,1.0,1.0,0.0,0.0,0.0,0.0
2022-05-04 20:00:00+00:00,20260126_001633_4be2625c_StateSignal_XLE,0.0,0.0,1.0,1.0,0.0,0.0,0.0,0.0
2022-05-05 20:00:00+00:00,20260126_001633_4be2625c_StateSignal_XLE,0.0,0.0,1.0,1.0,0.0,0.0,0.0,-0.0
2022-05-06 20:00:00+00:00,20260126_001633_4be2625c_StateSignal_XLE,0.0,0.0,1.0,1.0,0.0,0.0,0.0,0.0
2022-05-09 20:00:00+00:00,20260126_001633_4be2625c_StateSignal_XLE,0.0,0.0,1.0,1.0,0.0,0.0,0.0,-0.0
2022-05-10 20:00:00+00:00,20260126_001633_4be2625c_StateSignal_XLE,0.0,0.0,1.0,1.0,0.0,0.0,0.0,-0.0
2022-05-11 20:00:00+00:00,20260126_001633_4be2625c_StateSignal_XLE,0.0,0.0,1.0,1.0,0.0,0.0,0.0,-0.0
2022-05-12 20:00:00+00:00,20260126_001633_4be2625c_StateSignal_XLE,0.0,0.0,1.0,1.0,0.0,0.0,0.0,0.0
2022-05-13 20:00:00+00:00,20260126_001633_4be2625c_StateSignal_XLE,0.0,0.0,1.0,1.0,0.0,0.0,0.0,0.0
2022-05-16 20:00:00+00:00,20260126_001633_4be2625c_StateSignal_XLE,0.0,0.0,1.0,1.0,0.0,0.0,0.0,0.0
2022-05-17 20:00:00+00:00,20260126_001633_4be2625c_StateSignal_XLE,0.0,0.0,1.0,1.0,0.0,0.0,0.0,0.0
2022-05-18 20:00:00+00:00,20260126_001633_4be2625c_StateSignal_XLE,0.0,0.0,1.0,1.0,0.0,0.0,0.0,-0.0
2022-05-19 20:00:00+00:00,20260126_001633_4be2625c_StateSignal_XLE,0.0,0.0,1.0,1.0,0.0,0.0,0.0,0.0
2022-05-20 20:00:00+00:00,20260126_001633_4be2625c_StateSignal_XLE,0.0,0.0,1.0,1.0,0.0,0.0,0.0,-0.0
2022-05-23 20:00:00+00:00,20260126_001633_4be2625c_StateSignal_XLE,0.0,0.0,1.0,1.0,0.0,0.0,0.0,0.0
2022-05-24 20:00:00+00:00,20260126_001633_4be2625c_StateSignal_XLE,0.0,0.0,1.0,1.0,0.0,0.0,0.0,0.0
2022-05-25 20:00:00+00:00,20260126_001633_4be2625c_StateSignal_XLE,0.0,0.0,1.0,1.0,0.0,0.0,0.0,0.0
2022-05-26 20:00:00+00:00,20260126_001633_4be2625c_StateSignal_XLE,0.0,0.0,1.0,1.0,0.0,0.0,0.0,0.0
2022-05-27 20:00:00+00:00,20260126_001633_4be2625c_StateSignal_XLE,0.0,0.0,1.0,1.0,0.0,0.0,0.0,0.0
2022-05-31 20:00:00+00:00,20260126_001633_4be2625c_StateSignal_XLE,0.0,0.0,1.0,1.0,0.0,0.0,0.0,-0.0
2022-06-01 20:00:00+00:00,20260126_001633_4be2625c_StateSignal_XLE,0.0,0.0,1.0,1.0,0.0,0.0,0.0,0.0
2022-06-02 20:00:00+00:00,20260126_001633_4be2625c_StateSignal_XLE,0.0,0.0,1.0,1.0,0.0,0.0,0.0,0.0
2022-06-03 20:00:00+00:00,20260126_001633_4be2625c_StateSignal_XLE,0.0,0.0,1.0,1.0,0.0,0.0,0.0,0.0
2022-06-06 20:00:00+00:00,20260126_001633_4be2625c_StateSignal_XLE,0.0,0.0,1.0,1.0,0.0,0.0,0.0,-0.0
2022-06-07 20:00:00+00:00,20260126_001633_4be2625c_StateSignal_XLE,0.0,0.0,1.0,1.0,0.0,0.0,0.0,0.0
2022-06-08 20:00:00+00:00,20260126_001633_4be2625c_StateSignal_XLE,0.0,0.0,1.0,1.0,0.0,0.0,0.0,-0.0
2022-06-09 20:00:00+00:00,20260126_001633_4be2625c_StateSignal_XLE,0.0,0.0,1.0,1.0,0.0,0.0,0.0,-0.0
2022-06-10 20:00:00+00:00,20260126_001633_4be2625c_StateSignal_XLE,0.0,0.0,1.0,1.0,0.0,0.0,0.0,-0.0
2022-06-13 20:00:00+00:00,20260126_001633_4be2625c_StateSignal_XLE,0.0,0.0,1.0,1.0,0.0,0.0,0.0,-0.0
2022-06-14 20:00:00+00:00,20260126_001633_4be2625c_StateSignal_XLE,0.0,0.0,1.0,1.0,0.0,0.0,0.0,-0.0
2022-06-15 20:00:00+00:00,20260126_001633_4be2625c_StateSignal_XLE,0.0,0.0,1.0,1.0,0.0,0.0,0.0,-0.0
2022-06-16 20:00:00+00:00,20260126_001633_4be2625c_StateSignal_XLE,0.0,0.0,1.0,1.0,0.0,0.0,0.0,-0.0
2022-06-17 20:00:00+00:00,20260126_001633_4be2625c_StateSignal_XLE,0.0,0.0,1.0,1.0,0.0,0.0,0.0,-0.0
2022-06-21 20:00:00+00:00,20260126_001633_4be2625c_StateSignal_XLE,0.0,0.0,1.0,1.0,0.0,0.0,0.0,0.0
2022-06-22 20:00:00+00:00,20260126_001633_4be2625c_StateSignal_XLE,0.0,0.0,1.0,1.0,0.0,0.0,0.0,0.0
2022-06-23 20:00:00+00:00,20260126_001633_4be2625c_StateSignal_XLE,0.0,0.0,1.0,1.0,0.0,0.0,0.0,-0.0
2022-06-24 20:00:00+00:00,20260126_001633_4be2625c_StateSignal_XLE,0.0,0.0,1.0,1.0,0.0,0.0,0.0,0.0
2022-06-27 20:00:00+00:00,20260126_001633_4be2625c_StateSignal_XLE,0.0,0.0,1.0,1.0,0.0,0.0,0.0,0.0
2022-06-28 20:00:00+00:00,20260126_001633_4be2625c_StateSignal_XLE,0.0,0.0,1.0,1.0,0.0,0.0,0.0,0.0
2022-06-29 20:00:00+00:00,20260126_001633_4be2625c_StateSignal_XLE,0.0,0.0,1.0,1.0,0.0,0.0,0.0,-0.0
2022-06-30 20:00:00+00:00,20260126_001633_4be2625c_StateSignal_XLE,0.0,0.0,1.0,1.0,0.0,0.0,0.0,-0.0
2022-07-01 20:00:00+00:00,20260126_001633_4be2625c_StateSignal_XLE,0.0,0.0,1.0,1.0,0.0,0.0,0.0,0.0
2022-07-05 20:00:00+00:00,20260126_001633_4be2625c_StateSignal_XLE,0.0,0.0,1.0,1.0,0.0,0.0,0.0,-0.0
2022-07-06 20:00:00+00:00,20260126_001633_4be2625c_StateSignal_XLE,0.0,0.0,1.0,1.0,0.0,0.0,0.0,-0.0
2022-07-07 20:00:00+00:00,20260126_001633_4be2625c_StateSignal_XLE,0.0,0.0,1.0,1.0,0.0,0.0,0.0,0.0
2022-07-08 20:00:00+00:00,20260126_001633_4be2625c_StateSignal_XLE,0.0,0.0,1.0,1.0,0.0,0.0,0.0,-0.0
2022-07-11 20:00:00+00:00,20260126_001633_4be2625c_StateSignal_XLE,0.0,0.0,1.0,1.0,0.0,0.0,0.0,0.0
2022-07-12 20:00:00+00:00,20260126_001633_4be2625c_StateSignal_XLE,0.0,0.0,1.0,1.0,0.0,0.0,0.0,0.0
2022-07-13 20:00:00+00:00,20260126_001633_4be2625c_StateSignal_XLE,0.0,0.0,1.0,1.0,0.0,0.0,0.0,-0.0
2022-07-14 20:00:00+00:00,20260126_001633_4be2625c_StateSignal_XLE,0.0,0.0,1.0,1.0,0.0,0.0,0.0,0.0
2022-07-15 20:00:00+00:00,20260126_001633_4be2625c_StateSignal_XLE,0.0,0.0,1.0,1.0,0.0,0.0,0.0,0.0
2022-07-18 20:00:00+00:00,20260126_001633_4be2625c_StateSignal_XLE,0.0,0.0,1.0,1.0,0.0,0.0,0.0,-0.0
2022-07-19 20:00:00+00:00,20260126_001633_4be2625c_StateSignal_XLE,0.0,0.0,1.0,1.0,0.0,0.0,0.0,0.0
2022-07-20 20:00:00+00:00,20260126_001633_4be2625c_StateSignal_XLE,0.0,0.0,1.0,1.0,0.0,0.0,0.0,0.0
2022-07-21 20:00:00+00:00,20260126_001633_4be2625c_StateSignal_XLE,0.0,0.0,1.0,1.0,0.0,0.0,0.0,0.0
2022-07-22 20:00:00+00:00,20260126_001633_4be2625c_StateSignal_XLE,0.0,0.0,1.0,1.0,0.0,0.0,0.0,-0.0
2022-07-25 20:00:00+00:00,20260126_001633_4be2625c_StateSignal_XLE,0.0,0.0,1.0,1.0,0.0,0.0,0.0,0.0
2022-07-26 20:00:00+00:00,20260126_001633_4be2625c_StateSignal_XLE,0.0,0.0,1.0,1.0,0.0,0.0,0.0,-0.0
2022-07-27 20:00:00+00:00,20260126_001633_4be2625c_StateSignal_XLE,0.0,0.0,1.0,1.0,0.0,0.0,0.0,0.0
2022-07-28 20:00:00+00:00,20260126_001633_4be2625c_StateSignal_XLE,0.0,0.0,1.0,1.0,0.0,0.0,0.0,-0.0
2022-07-29 20:00:00+00:00,20260126_001633_4be2625c_StateSignal_XLE,0.0,0.0,1.0,1.0,0.0,0.0,0.0,0.0
2022-08-01 20:00:00+00:00,20260126_001633_4be2625c_StateSignal_XLE,0.0,0.0,1.0,1.0,0.0,0.0,0.0,-0.0
2022-08-02 20:00:00+00:00,20260126_001633_4be2625c_StateSignal_XLE,0.0,0.0,1.0,1.0,0.0,0.0,0.0,-0.0
2022-08-03 20:00:00+00:00,20260126_001633_4be2625c_StateSignal_XLE,0.0,0.0,1.0,1.0,0.0,0.0,0.0,-0.0
2022-08-04 20:00:00+00:00,20260126_001633_4be2625c_StateSignal_XLE,0.0,0.0,1.0,1.0,0.0,0.0,0.0,-0.0
2022-08-05 20:00:00+00:00,20260126_001633_4be2625c_StateSignal_XLE,0.0,0.0,1.0,1.0,0.0,0.0,0.0,0.0
2022-08-08 20:00:00+00:00,20260126_001633_4be2625c_StateSignal_XLE,0.0,0.0,1.0,1.0,0.0,0.0,0.0,0.0
2022-08-09 20:00:00+00:00,20260126_001633_4be2625c_StateSignal_XLE,0.0,0.0,1.0,1.0,0.0,0.0,0.0,-0.0
2022-08-10 20:00:00+00:00,20260126_001633_4be2625c_StateSignal_XLE,0.0,0.0,1.0,1.0,0.0,0.0,0.0,0.0
2022-08-11 20:00:00+00:00,20260126_001633_4be2625c_StateSignal_XLE,0.0,0.0,1.0,1.0,0.0,0.0,0.0,0.0
2022-08-12 20:00:00+00:00,20260126_001633_4be2625c_StateSignal_XLE,0.0,0.0,1.0,1.0,0.0,0.0,0.0,0.0
2022-08-15 20:00:00+00:00,20260126_001633_4be2625c_StateSignal_XLE,0.0,0.0,1.0,1.0,0.0,0.0,0.0,0.0
2022-08-16 20:00:00+00:00,20260126_001633_4be2625c_StateSignal_XLE,0.0,0.0,1.0,1.0,0.0,0.0,0.0,-0.0
2022-08-17 20:00:00+00:00,20260126_001633_4be2625c_StateSignal_XLE,0.0,0.0,1.0,1.0,0.0,0.0,0.0,0.0
2022-08-18 20:00:00+00:00,20260126_001633_4be2625c_StateSignal_XLE,0.0,0.0,1.0,1.0,0.0,0.0,0.0,0.0
2022-08-19 20:00:00+00:00,20260126_001633_4be2625c_StateSignal_XLE,0.0,0.0,1.0,1.0,0.0,0.0,0.0,0.0
2022-08-22 20:00:00+00:00,20260126_001633_4be2625c_StateSignal_XLE,0.0,0.0,1.0,1.0,0.0,0.0,0.0,0.0
2022-08-23 20:00:00+00:00,20260126_001633_4be2625c_StateSignal_XLE,0.0,0.0,1.0,1.0,0.0,0.0,0.0,0.0
2022-08-24 20:00:00+00:00,20260126_001633_4be2625c_StateSignal_XLE,0.0,0.0,1.0,1.0,0.0,0.0,0.0,0.0
2022-08-25 20:00:00+00:00,20260126_001633_4be2625c_StateSignal_XLE,0.0,0.0,1.0,1.0,0.0,0.0,0.0,-0.0
2022-08-26 20:00:00+00:00,20260126_001633_4be2625c_StateSignal_XLE,0.0,0.0,1.0,1.0,0.0,0.0,0.0,-0.0
2022-08-29 20:00:00+00:00,20260126_001633_4be2625c_StateSignal_XLE,0.0,0.0,1.0,1.0,0.0,0.0,0.0,0.0
2022-08-30 20:00:00+00:00,20260126_001633_4be2625c_StateSignal_XLE,0.0,0.0,1.0,1.0,0.0,0.0,0.0,-0.0
2022-08-31 20:00:00+00:00,20260126_001633_4be2625c_StateSignal_XLE,0.0,0.0,1.0,1.0,0.0,0.0,0.0,0.0
2022-09-01 20:00:00+00:00,20260126_001633_4be2625c_StateSignal_XLE,0.0,0.0,1.0,1.0,0.0,0.0,0.0,-0.0
2022-09-02 20:00:00+00:00,20260126_001633_4be2625c_StateSignal_XLE,0.0,0.0,1.0,1.0,0.0,0.0,0.0,-0.0
2022-09-06 20:00:00+00:00,20260126_001633_4be2625c_StateSignal_XLE,0.0,0.0,1.0,1.0,0.0,0.0,0.0,-0.0
2022-09-07 20:00:00+00:00,20260126_001633_4be2625c_StateSignal_XLE,0.0,0.0,1.0,1.0,0.0,0.0,0.0,0.0
2022-09-08 20:00:00+00:00,20260126_001633_4be2625c_StateSignal_XLE,0.0,0.0,1.0,1.0,0.0,0.0,0.0,0.0
2022-09-09 20:00:00+00:00,20260126_001633_4be2625c_StateSignal_XLE,0.0,0.0,1.0,1.0,0.0,0.0,0.0,0.0
2022-09-12 20:00:00+00:00,20260126_001633_4be2625c_StateSignal_XLE,0.0,0.0,1.0,1.0,0.0,0.0,0.0,0.0
2022-09-13 20:00:00+00:00,20260126_001633_4be2625c_StateSignal_XLE,0.0,0.0,1.0,1.0,0.0,0.0,0.0,-0.0
2022-09-14 20:00:00+00:00,20260126_001633_4be2625c_StateSignal_XLE,0.0,0.0,1.0,1.0,0.0,0.0,0.0,-0.0
2022-09-15 20:00:00+00:00,20260126_001633_4be2625c_StateSignal_XLE,0.0,0.0,1.0,1.0,0.0,0.0,0.0,-0.0
2022-09-16 20:00:00+00:00,20260126_001633_4be2625c_StateSignal_XLE,0.0,0.0,1.0,1.0,0.0,0.0,0.0,0.0
2022-09-19 20:00:00+00:00,20260126_001633_4be2625c_StateSignal_XLE,0.0,0.0,1.0,1.0,0.0,0.0,0.0,0.0
2022-09-20 20:00:00+00:00,20260126_001633_4be2625c_StateSignal_XLE,0.0,0.0,1.0,1.0,0.0,0.0,0.0,0.0
2022-09-21 20:00:00+00:00,20260126_001633_4be2625c_StateSignal_XLE,0.0,0.0,1.0,1.0,0.0,0.0,0.0,-0.0
2022-09-22 20:00:00+00:00,20260126_001633_4be2625c_StateSignal_XLE,0.0,0.0,1.0,1.0,0.0,0.0,0.0,-0.0
2022-09-23 20:00:00+00:00,20260126_001633_4be2625c_StateSignal_XLE,0.0,0.0,1.0,1.0,0.0,0.0,0.0,-0.0
2022-09-26 20:00:00+00:00,20260126_001633_4be2625c_StateSignal_XLE,0.0,0.0,1.0,1.0,0.0,0.0,0.0,-0.0
2022-09-27 20:00:00+00:00,20260126_001633_4be2625c_StateSignal_XLE,0.0,0.0,1.0,1.0,0.0,0.0,0.0,-0.0
2022-09-28 20:00:00+00:00,20260126_001633_4be2625c_StateSignal_XLE,0.0,0.0,1.0,1.0,0.0,0.0,0.0,0.0
2022-09-29 20:00:00+00:00,20260126_001633_4be2625c_StateSignal_XLE,0.0,0.0,1.0,1.0,0.0,0.0,0.0,0.0
2022-09-30 20:00:00+00:00,20260126_001633_4be2625c_StateSignal_XLE,0.0,0.0,1.0,1.0,0.0,0.0,0.0,0.0
2022-10-03 20:00:00+00:00,20260126_001633_4be2625c_StateSignal_XLE,0.0,0.0,1.0,1.0,0.0,0.0,0.0,0.0
2022-10-04 20:00:00+00:00,20260126_001633_4be2625c_StateSignal_XLE,0.0,0.0,1.0,1.0,0.0,0.0,0.0,0.0
2022-10-05 20:00:00+00:00,20260126_001633_4be2625c_StateSignal_XLE,0.0,0.0,1.0,1.0,0.0,0.0,0.0,0.0
2022-10-06 20:00:00+00:00,20260126_001633_4be2625c_StateSignal_XLE,0.0,0.0,1.0,1.0,0.0,0.0,0.0,0.0
2022-10-07 20:00:00+00:00,20260126_001633_4be2625c_StateSignal_XLE,0.0,0.0,1.0,1.0,0.0,0.0,0.0,-0.0
2022-10-10 20:00:00+00:00,20260126_001633_4be2625c_StateSignal_XLE,0.0,0.0,1.0,1.0,0.0,0.0,0.0,-0.0
2022-10-11 20:00:00+00:00,20260126_001633_4be2625c_StateSignal_XLE,0.0,0.0,1.0,1.0,0.0,0.0,0.0,0.0
2022-10-12 20:00:00+00:00,20260126_001633_4be2625c_StateSignal_XLE,0.0,0.0,1.0,1.0,0.0,0.0,0.0,0.0
2022-10-13 20:00:00+00:00,20260126_001633_4be2625c_StateSignal_XLE,0.0,0.0,1.0,1.0,0.0,0.0,0.0,0.0
2022-10-14 20:00:00+00:00,20260126_001633_4be2625c_StateSignal_XLE,0.0,0.0,1.0,1.0,0.0,0.0,0.0,-0.0
2022-10-17 20:00:00+00:00,20260126_001633_4be2625c_StateSignal_XLE,0.0,0.0,1.0,1.0,0.0,0.0,0.0,0.0
2022-10-18 20:00:00+00:00,20260126_001633_4be2625c_StateSignal_XLE,0.0,0.0,1.0,1.0,0.0,0.0,0.0,-0.0
2022-10-19 20:00:00+00:00,20260126_001633_4be2625c_StateSignal_XLE,0.0,0.0,1.0,1.0,0.0,0.0,0.0,0.0
2022-10-20 20:00:00+00:00,20260126_001633_4be2625c_StateSignal_XLE,0.0,0.0,1.0,1.0,0.0,0.0,0.0,-0.0
2022-10-21 20:00:00+00:00,20260126_001633_4be2625c_StateSignal_XLE,0.0,0.0,1.0,1.0,0.0,0.0,0.0,0.0
2022-10-24 20:00:00+00:00,20260126_001633_4be2625c_StateSignal_XLE,0.0,0.0,1.0,1.0,0.0,0.0,0.0,0.0
2022-10-25 20:00:00+00:00,20260126_001633_4be2625c_StateSignal_XLE,0.0,0.0,1.0,1.0,0.0,0.0,0.0,0.0
2022-10-26 20:00:00+00:00,20260126_001633_4be2625c_StateSignal_XLE,0.0,0.0,1.0,1.0,0.0,0.0,0.0,0.0
2022-10-27 20:00:00+00:00,20260126_001633_4be2625c_StateSignal_XLE,0.0,0.0,1.0,1.0,0.0,0.0,0.0,0.0
2022-10-28 20:00:00+00:00,20260126_001633_4be2625c_StateSignal_XLE,0.0,0.0,1.0,1.0,0.0,0.0,0.0,0.0
2022-10-31 20:00:00+00:00,20260126_001633_4be2625c_StateSignal_XLE,0.0,0.0,1.0,1.0,0.0,0.0,0.0,-0.0
2022-11-01 20:00:00+00:00,20260126_001633_4be2625c_StateSignal_XLE,0.0,0.0,1.0,1.0,0.0,0.0,0.0,-0.0
2022-11-02 20:00:00+00:00,20260126_001633_4be2625c_StateSignal_XLE,0.0,0.0,1.0,1.0,0.0,0.0,0.0,-0.0
2022-11-03 20:00:00+00:00,20260126_001633_4be2625c_StateSignal_XLE,0.0,0.0,1.0,1.0,0.0,0.0,0.0,0.0
2022-11-04 20:00:00+00:00,20260126_001633_4be2625c_StateSignal_XLE,0.0,0.0,1.0,1.0,0.0,0.0,0.0,-0.0
2022-11-07 21:00:00+00:00,20260126_001633_4be2625c_StateSignal_XLE,0.0,0.0,1.0,1.0,0.0,0.0,0.0,0.0
2022-11-08 21:00:00+00:00,20260126_001633_4be2625c_StateSignal_XLE,0.0,0.0,1.0,1.0,0.0,0.0,0.0,0.0
2022-11-09 21:00:00+00:00,20260126_001633_4be2625c_StateSignal_XLE,0.0,0.0,1.0,1.0,0.0,0.0,0.0,-0.0
2022-11-10 21:00:00+00:00,20260126_001633_4be2625c_StateSignal_XLE,0.0,0.0,1.0,1.0,0.0,0.0,0.0,0.0
2022-11-11 21:00:00+00:00,20260126_001633_4be2625c_StateSignal_XLE,0.0,0.0,1.0,1.0,0.0,0.0,0.0,0.0
2022-11-14 21:00:00+00:00,20260126_001633_4be2625c_StateSignal_XLE,0.0,0.0,1.0,1.0,0.0,0.0,0.0,-0.0
2022-11-15 21:00:00+00:00,20260126_001633_4be2625c_StateSignal_XLE,0.0,0.0,1.0,1.0,0.0,0.0,0.0,0.0
2022-11-16 21:00:00+00:00,20260126_001633_4be2625c_StateSignal_XLE,0.0,0.0,1.0,1.0,0.0,0.0,0.0,-0.0
2022-11-17 21:00:00+00:00,20260126_001633_4be2625c_StateSignal_XLE,0.0,0.0,1.0,1.0,0.0,0.0,0.0,0.0
2022-11-18 21:00:00+00:00,20260126_001633_4be2625c_StateSignal_XLE,0.0,0.0,1.0,1.0,0.0,0.0,0.0,-0.0
2022-11-21 21:00:00+00:00,20260126_001633_4be2625c_StateSignal_XLE,0.0,0.0,1.0,1.0,0.0,0.0,0.0,-0.0
2022-11-22 21:00:00+00:00,20260126_001633_4be2625c_StateSignal_XLE,0.0,0.0,1.0,1.0,0.0,0.0,0.0,0.0
2022-11-23 21:00:00+00:00,20260126_001633_4be2625c_StateSignal_XLE,0.0,0.0,1.0,1.0,0.0,0.0,0.0,-0.0
2022-11-25 21:00:00+00:00,20260126_001633_4be2625c_StateSignal_XLE,0.0,0.0,1.0,1.0,0.0,0.0,0.0,-0.0
2022-11-28 21:00:00+00:00,20260126_001633_4be2625c_StateSignal_XLE,0.0,0.0,1.0,1.0,0.0,0.0,0.0,-0.0
2022-11-29 21:00:00+00:00,20260126_001633_4be2625c_StateSignal_XLE,0.0,0.0,1.0,1.0,0.0,0.0,0.0,0.0
2022-11-30 21:00:00+00:00,20260126_001633_4be2625c_StateSignal_XLE,0.0,0.0,1.0,1.0,0.0,0.0,0.0,-0.0
2022-12-01 21:00:00+00:00,20260126_001633_4be2625c_StateSignal_XLE,0.0,0.0,1.0,1.0,0.0,0.0,0.0,-0.0
2022-12-02 21:00:00+00:00,20260126_001633_4be2625c_StateSignal_XLE,0.0,0.0,1.0,1.0,0.0,0.0,0.0,-0.0
2022-12-05 21:00:00+00:00,20260126_001633_4be2625c_StateSignal_XLE,0.0,0.0,1.0,1.0,0.0,0.0,0.0,-0.0
2022-12-06 21:00:00+00:00,20260126_001633_4be2625c_StateSignal_XLE,0.0,0.0,1.0,1.0,0.0,0.0,0.0,-0.0
2022-12-07 21:00:00+00:00,20260126_001633_4be2625c_StateSignal_XLE,0.0,0.0,1.0,1.0,0.0,0.0,0.0,-0.0
2022-12-08 21:00:00+00:00,20260126_001633_4be2625c_StateSignal_XLE,0.0,0.0,1.0,1.0,0.0,0.0,0.0,-0.0
2022-12-09 21:00:00+00:00,20260126_001633_4be2625c_StateSignal_XLE,0.0,0.0,1.0,1.0,0.0,0.0,0.0,-0.0
2022-12-12 21:00:00+00:00,20260126_001633_4be2625c_StateSignal_XLE,0.0,0.0,1.0,1.0,0.0,0.0,0.0,0.0
2022-12-13 21:00:00+00:00,20260126_001633_4be2625c_StateSignal_XLE,0.0,0.0,1.0,1.0,0.0,0.0,0.0,-0.0
2022-12-14 21:00:00+00:00,20260126_001633_4be2625c_StateSignal_XLE,0.0,0.0,1.0,1.0,0.0,0.0,0.0,-0.0
2022-12-15 21:00:00+00:00,20260126_001633_4be2625c_StateSignal_XLE,0.0,0.0,1.0,1.0,0.0,0.0,0.0,0.0
2022-12-16 21:00:00+00:00,20260126_001633_4be2625c_StateSignal_XLE,0.0,0.0,1.0,1.0,0.0,0.0,0.0,0.0
2022-12-19 21:00:00+00:00,20260126_001633_4be2625c_StateSignal_XLE,0.0,0.0,1.0,1.0,0.0,0.0,0.0,-0.0
2022-12-20 21:00:00+00:00,20260126_001633_4be2625c_StateSignal_XLE,0.0,0.0,1.0,1.0,0.0,0.0,0.0,0.0
2022-12-21 21:00:00+00:00,20260126_001633_4be2625c_StateSignal_XLE,0.0,0.0,1.0,1.0,0.0,0.0,0.0,0.0
2022-12-22 21:00:00+00:00,20260126_001633_4be2625c_StateSignal_XLE,0.0,0.0,1.0,1.0,0.0,0.0,0.0,-0.0
2022-12-23 21:00:00+00:00,20260126_001633_4be2625c_StateSignal_XLE,0.0,0.0,1.0,1.0,0.0,0.0,0.0,0.0
2022-12-27 21:00:00+00:00,20260126_001633_4be2625c_StateSignal_XLE,0.0,0.0,1.0,1.0,0.0,0.0,0.0,0.0
2022-12-28 21:00:00+00:00,20260126_001633_4be2625c_StateSignal_XLE,0.0,0.0,1.0,1.0,0.0,0.0,0.0,-0.0
2022-12-29 21:00:00+00:00,20260126_001633_4be2625c_StateSignal_XLE,0.0,0.0,1.0,1.0,0.0,0.0,0.0,0.0
2022-12-30 21:00:00+00:00,20260126_001633_4be2625c_StateSignal_XLE,0.0,0.0,1.0,1.0,0.0,0.0,0.0,0.0
2023-01-03 21:00:00+00:00,20260126_001633_4be2625c_StateSignal_XLE,0.0,0.0,1.0,1.0,0.0,0.0,0.0,-0.0
2023-01-04 21:00:00+00:00,20260126_001633_4be2625c_StateSignal_XLE,0.0,0.0,1.0,1.0,0.0,0.0,0.0,0.0
2023-01-05 21:00:00+00:00,20260126_001633_4be2625c_StateSignal_XLE,0.0,0.0,1.0,1.0,0.0,0.0,0.0,0.0
2023-01-06 21:00:00+00:00,20260126_001633_4be2625c_StateSignal_XLE,0.0,0.0,1.0,1.0,0.0,0.0,0.0,-0.0
2023-01-09 21:00:00+00:00,20260126_001633_4be2625c_StateSignal_XLE,0.0,0.0,1.0,1.0,0.0,0.0,0.0,-0.0
2023-01-10 21:00:00+00:00,20260126_001633_4be2625c_StateSignal_XLE,0.0,0.0,1.0,1.0,0.0,0.0,0.0,0.0
2023-01-11 21:00:00+00:00,20260126_001633_4be2625c_StateSignal_XLE,0.0,0.0,1.0,1.0,0.0,0.0,0.0,-0.0
2023-01-12 21:00:00+00:00,20260126_001633_4be2625c_StateSignal_XLE,0.0,0.0,1.0,1.0,0.0,0.0,0.0,0.0
2023-01-13 21:00:00+00:00,20260126_001633_4be2625c_StateSignal_XLE,0.0,0.0,1.0,1.0,0.0,0.0,0.0,0.0
2023-01-17 21:00:00+00:00,20260126_001633_4be2625c_StateSignal_XLE,0.0,0.0,1.0,1.0,0.0,0.0,0.0,-0.0
2023-01-18 21:00:00+00:00,20260126_001633_4be2625c_StateSignal_XLE,0.0,0.0,1.0,1.0,0.0,0.0,0.0,-0.0
2023-01-19 21:00:00+00:00,20260126_001633_4be2625c_StateSignal_XLE,0.0,0.0,1.0,1.0,0.0,0.0,0.0,0.0
2023-01-20 21:00:00+00:00,20260126_001633_4be2625c_StateSignal_XLE,0.0,0.0,1.0,1.0,0.0,0.0,0.0,0.0
2023-01-23 21:00:00+00:00,20260126_001633_4be2625c_StateSignal_XLE,0.0,0.0,1.0,1.0,0.0,0.0,0.0,-0.0
2023-01-24 21:00:00+00:00,20260126_001633_4be2625c_StateSignal_XLE,0.0,0.0,1.0,1.0,0.0,0.0,0.0,0.0
2023-01-25 21:00:00+00:00,20260126_001633_4be2625c_StateSignal_XLE,0.0,0.0,1.0,1.0,0.0,0.0,0.0,0.0
2023-01-26 21:00:00+00:00,20260126_001633_4be2625c_StateSignal_XLE,0.0,0.0,1.0,1.0,0.0,0.0,0.0,0.0
2023-01-27 21:00:00+00:00,20260126_001633_4be2625c_StateSignal_XLE,0.0,0.0,1.0,1.0,0.0,0.0,0.0,-0.0
2023-01-30 21:00:00+00:00,20260126_001633_4be2625c_StateSignal_XLE,0.0,0.0,1.0,1.0,0.0,0.0,0.0,-0.0
2023-01-31 21:00:00+00:00,20260126_001633_4be2625c_StateSignal_XLE,0.0,0.0,1.0,1.0,0.0,0.0,0.0,0.0
2023-02-01 21:00:00+00:00,20260126_001633_4be2625c_StateSignal_XLE,0.0,0.0,1.0,1.0,0.0,0.0,0.0,-0.0
2023-02-02 21:00:00+00:00,20260126_001633_4be2625c_StateSignal_XLE,0.0,0.0,1.0,1.0,0.0,0.0,0.0,-0.0
2023-02-03 21:00:00+00:00,20260126_001633_4be2625c_StateSignal_XLE,0.0,0.0,1.0,1.0,0.0,0.0,0.0,-0.0
2023-02-06 21:00:00+00:00,20260126_001633_4be2625c_StateSignal_XLE,0.0,0.0,1.0,1.0,0.0,0.0,0.0,-0.0
2023-02-07 21:00:00+00:00,20260126_001633_4be2625c_StateSignal_XLE,0.0,0.0,1.0,1.0,0.0,0.0,0.0,0.0
2023-02-08 21:00:00+00:00,20260126_001633_4be2625c_StateSignal_XLE,0.0,0.0,1.0,1.0,0.0,0.0,0.0,-0.0
2023-02-09 21:00:00+00:00,20260126_001633_4be2625c_StateSignal_XLE,0.0,0.0,1.0,1.0,0.0,0.0,0.0,-0.0
2023-02-10 21:00:00+00:00,20260126_001633_4be2625c_StateSignal_XLE,0.0,0.0,1.0,1.0,0.0,0.0,0.0,0.0
2023-02-13 21:00:00+00:00,20260126_001633_4be2625c_StateSignal_XLE,0.0,0.0,1.0,1.0,0.0,0.0,0.0,0.0
2023-02-14 21:00:00+00:00,20260126_001633_4be2625c_StateSignal_XLE,0.0,0.0,1.0,1.0,0.0,0.0,0.0,0.0
2023-02-15 21:00:00+00:00,20260126_001633_4be2625c_StateSignal_XLE,0.0,0.0,1.0,1.0,0.0,0.0,0.0,0.0
2023-02-16 21:00:00+00:00,20260126_001633_4be2625c_StateSignal_XLE,0.0,0.0,1.0,1.0,0.0,0.0,0.0,-0.0
2023-02-17 21:00:00+00:00,20260126_001633_4be2625c_StateSignal_XLE,0.0,0.0,1.0,1.0,0.0,0.0,0.0,-0.0
2023-02-21 21:00:00+00:00,20260126_001633_4be2625c_StateSignal_XLE,0.0,0.0,1.0,1.0,0.0,0.0,0.0,-0.0
2023-02-22 21:00:00+00:00,20260126_001633_4be2625c_StateSignal_XLE,0.0,0.0,1.0,1.0,0.0,0.0,0.0,-0.0
2023-02-23 21:00:00+00:00,20260126_001633_4be2625c_StateSignal_XLE,0.0,0.0,1.0,1.0,0.0,0.0,0.0,0.0
2023-02-24 21:00:00+00:00,20260126_001633_4be2625c_StateSignal_XLE,0.0,0.0,1.0,1.0,0.0,0.0,0.0,0.0
2023-02-27 21:00:00+00:00,20260126_001633_4be2625c_StateSignal_XLE,0.0,0.0,1.0,1.0,0.0,0.0,0.0,0.0
2023-02-28 21:00:00+00:00,20260126_001633_4be2625c_StateSignal_XLE,0.0,0.0,1.0,1.0,0.0,0.0,0.0,-0.0
2023-03-01 21:00:00+00:00,20260126_001633_4be2625c_StateSignal_XLE,0.0,0.0,1.0,1.0,0.0,0.0,0.0,0.0
2023-03-02 21:00:00+00:00,20260126_001633_4be2625c_StateSignal_XLE,0.0,0.0,1.0,1.0,0.0,0.0,0.0,0.0
2023-03-03 21:00:00+00:00,20260126_001633_4be2625c_StateSignal_XLE,0.0,0.0,1.0,1.0,0.0,0.0,0.0,0.0
2023-03-06 21:00:00+00:00,20260126_001633_4be2625c_StateSignal_XLE,0.0,0.0,1.0,1.0,0.0,0.0,0.0,0.0
2023-03-07 21:00:00+00:00,20260126_001633_4be2625c_StateSignal_XLE,0.0,0.0,1.0,1.0,0.0,0.0,0.0,-0.0
2023-03-08 21:00:00+00:00,20260126_001633_4be2625c_StateSignal_XLE,0.0,0.0,1.0,1.0,0.0,0.0,0.0,-0.0
2023-03-09 21:00:00+00:00,20260126_001633_4be2625c_StateSignal_XLE,0.0,0.0,1.0,1.0,0.0,0.0,0.0,-0.0
2023-03-10 21:00:00+00:00,20260126_001633_4be2625c_StateSignal_XLE,0.0,0.0,1.0,1.0,0.0,0.0,0.0,-0.0
2023-03-13 20:00:00+00:00,20260126_001633_4be2625c_StateSignal_XLE,0.0,0.0,1.0,1.0,0.0,0.0,0.0,0.0
2023-03-14 20:00:00+00:00,20260126_001633_4be2625c_StateSignal_XLE,0.0,0.0,1.0,1.0,0.0,0.0,0.0,-0.0
2023-03-15 20:00:00+00:00,20260126_001633_4be2625c_StateSignal_XLE,0.0,0.0,1.0,1.0,0.0,0.0,0.0,-0.0
2023-03-16 20:00:00+00:00,20260126_001633_4be2625c_StateSignal_XLE,0.0,0.0,1.0,1.0,0.0,0.0,0.0,0.0
2023-03-17 20:00:00+00:00,20260126_001633_4be2625c_StateSignal_XLE,0.0,0.0,1.0,1.0,0.0,0.0,0.0,-0.0
2023-03-20 20:00:00+00:00,20260126_001633_4be2625c_StateSignal_XLE,0.0,0.0,1.0,1.0,0.0,0.0,0.0,0.0
2023-03-21 20:00:00+00:00,20260126_001633_4be2625c_StateSignal_XLE,0.0,0.0,1.0,1.0,0.0,0.0,0.0,0.0
2023-03-22 20:00:00+00:00,20260126_001633_4be2625c_StateSignal_XLE,0.0,0.0,1.0,1.0,0.0,0.0,0.0,-0.0
2023-03-23 20:00:00+00:00,20260126_001633_4be2625c_StateSignal_XLE,0.0,0.0,1.0,1.0,0.0,0.0,0.0,-0.0
2023-03-24 20:00:00+00:00,20260126_001633_4be2625c_StateSignal_XLE,0.0,0.0,1.0,1.0,0.0,0.0,0.0,0.0
2023-03-27 20:00:00+00:00,20260126_001633_4be2625c_StateSignal_XLE,0.0,0.0,1.0,1.0,0.0,0.0,0.0,0.0
2023-03-28 20:00:00+00:00,20260126_001633_4be2625c_StateSignal_XLE,0.0,0.0,1.0,1.0,0.0,0.0,0.0,0.0
2023-03-29 20:00:00+00:00,20260126_001633_4be2625c_StateSignal_XLE,0.0,0.0,1.0,1.0,0.0,0.0,0.0,0.0
2023-03-30 20:00:00+00:00,20260126_001633_4be2625c_StateSignal_XLE,0.0,0.0,1.0,1.0,0.0,0.0,0.0,-0.0
2023-03-31 20:00:00+00:00,20260126_001633_4be2625c_StateSignal_XLE,0.0,0.0,1.0,1.0,0.0,0.0,0.0,0.0
2023-04-03 20:00:00+00:00,20260126_001633_4be2625c_StateSignal_XLE,0.0,0.0,1.0,1.0,0.0,0.0,0.0,-0.0
2023-04-04 20:00:00+00:00,20260126_001633_4be2625c_StateSignal_XLE,0.0,0.0,1.0,1.0,0.0,0.0,0.0,-0.0
2023-04-05 20:00:00+00:00,20260126_001633_4be2625c_StateSignal_XLE,0.0,0.0,1.0,1.0,0.0,0.0,0.0,0.0
2023-04-06 20:00:00+00:00,20260126_001633_4be2625c_StateSignal_XLE,0.0,0.0,1.0,1.0,0.0,0.0,0.0,-0.0
2023-04-10 20:00:00+00:00,20260126_001633_4be2625c_StateSignal_XLE,0.0,0.0,1.0,1.0,0.0,0.0,0.0,-0.0
2023-04-11 20:00:00+00:00,20260126_001633_4be2625c_StateSignal_XLE,0.0,0.0,1.0,1.0,0.0,0.0,0.0,0.0
2023-04-12 20:00:00+00:00,20260126_001633_4be2625c_StateSignal_XLE,0.0,0.0,1.0,1.0,0.0,0.0,0.0,-0.0
2023-04-13 20:00:00+00:00,20260126_001633_4be2625c_StateSignal_XLE,0.0,0.0,1.0,1.0,0.0,0.0,0.0,0.0
2023-04-14 20:00:00+00:00,20260126_001633_4be2625c_StateSignal_XLE,0.0,0.0,1.0,1.0,0.0,0.0,0.0,-0.0
2023-04-17 20:00:00+00:00,20260126_001633_4be2625c_StateSignal_XLE,0.0,0.0,1.0,1.0,0.0,0.0,0.0,-0.0
2023-04-18 20:00:00+00:00,20260126_001633_4be2625c_StateSignal_XLE,0.0,0.0,1.0,1.0,0.0,0.0,0.0,0.0
2023-04-19 20:00:00+00:00,20260126_001633_4be2625c_StateSignal_XLE,0.0,0.0,1.0,1.0,0.0,0.0,0.0,0.0
2023-04-20 20:00:00+00:00,20260126_001633_4be2625c_StateSignal_XLE,0.0,0.0,1.0,1.0,0.0,0.0,0.0,0.0
2023-04-21 20:00:00+00:00,20260126_001633_4be2625c_StateSignal_XLE,0.0,0.0,1.0,1.0,0.0,0.0,0.0,-0.0
2023-04-24 20:00:00+00:00,20260126_001633_4be2625c_StateSignal_XLE,0.0,0.0,1.0,1.0,0.0,0.0,0.0,0.0
2023-04-25 20:00:00+00:00,20260126_001633_4be2625c_StateSignal_XLE,0.0,0.0,1.0,1.0,0.0,0.0,0.0,-0.0
2023-04-26 20:00:00+00:00,20260126_001633_4be2625c_StateSignal_XLE,0.0,0.0,1.0,1.0,0.0,0.0,0.0,-0.0
2023-04-27 20:00:00+00:00,20260126_001633_4be2625c_StateSignal_XLE,0.0,0.0,1.0,1.0,0.0,0.0,0.0,0.0
2023-04-28 20:00:00+00:00,20260126_001633_4be2625c_StateSignal_XLE,0.0,0.0,1.0,1.0,0.0,0.0,0.0,0.0
2023-05-01 20:00:00+00:00,20260126_001633_4be2625c_StateSignal_XLE,0.0,0.0,1.0,1.0,0.0,0.0,0.0,-0.0
2023-05-02 20:00:00+00:00,20260126_001633_4be2625c_StateSignal_XLE,0.0,0.0,1.0,1.0,0.0,0.0,0.0,-0.0
2023-05-03 20:00:00+00:00,20260126_001633_4be2625c_StateSignal_XLE,0.0,0.0,1.0,1.0,0.0,0.0,0.0,-0.0
2023-05-04 20:00:00+00:00,20260126_001633_4be2625c_StateSignal_XLE,0.0,0.0,1.0,1.0,0.0,0.0,0.0,-0.0
2023-05-05 20:00:00+00:00,20260126_001633_4be2625c_StateSignal_XLE,0.0,0.0,1.0,1.0,0.0,0.0,0.0,-0.0
2023-05-08 20:00:00+00:00,20260126_001633_4be2625c_StateSignal_XLE,0.0,0.0,1.0,1.0,0.0,0.0,0.0,-0.0
2023-05-09 20:00:00+00:00,20260126_001633_4be2625c_StateSignal_XLE,0.0,0.0,1.0,1.0,0.0,0.0,0.0,-0.0
2023-05-10 20:00:00+00:00,20260126_001633_4be2625c_StateSignal_XLE,0.0,0.0,1.0,1.0,0.0,0.0,0.0,-0.0
2023-05-11 20:00:00+00:00,20260126_001633_4be2625c_StateSignal_XLE,0.0,0.0,1.0,1.0,0.0,0.0,0.0,-0.0
2023-05-12 20:00:00+00:00,20260126_001633_4be2625c_StateSignal_XLE,0.0,0.0,1.0,1.0,0.0,0.0,0.0,-0.0
2023-05-15 20:00:00+00:00,20260126_001633_4be2625c_StateSignal_XLE,0.0,0.0,1.0,1.0,0.0,0.0,0.0,0.0
2023-05-16 20:00:00+00:00,20260126_001633_4be2625c_StateSignal_XLE,0.0,0.0,1.0,1.0,0.0,0.0,0.0,-0.0
2023-05-17 20:00:00+00:00,20260126_001633_4be2625c_StateSignal_XLE,0.0,0.0,1.0,1.0,0.0,0.0,0.0,0.0
2023-05-18 20:00:00+00:00,20260126_001633_4be2625c_StateSignal_XLE,0.0,0.0,1.0,1.0,0.0,0.0,0.0,0.0
2023-05-19 20:00:00+00:00,20260126_001633_4be2625c_StateSignal_XLE,0.0,0.0,1.0,1.0,0.0,0.0,0.0,-0.0
2023-05-22 20:00:00+00:00,20260126_001633_4be2625c_StateSignal_XLE,0.0,0.0,1.0,1.0,0.0,0.0,0.0,-0.0
2023-05-23 20:00:00+00:00,20260126_001633_4be2625c_StateSignal_XLE,0.0,0.0,1.0,1.0,0.0,0.0,0.0,0.0
2023-05-24 20:00:00+00:00,20260126_001633_4be2625c_StateSignal_XLE,0.0,0.0,1.0,1.0,0.0,0.0,0.0,-0.0
2023-05-25 20:00:00+00:00,20260126_001633_4be2625c_StateSignal_XLE,0.0,0.0,1.0,1.0,0.0,0.0,0.0,0.0
2023-05-26 20:00:00+00:00,20260126_001633_4be2625c_StateSignal_XLE,0.0,0.0,1.0,1.0,0.0,0.0,0.0,-0.0
2023-05-30 20:00:00+00:00,20260126_001633_4be2625c_StateSignal_XLE,0.0,0.0,1.0,1.0,0.0,0.0,0.0,0.0
2023-05-31 20:00:00+00:00,20260126_001633_4be2625c_StateSignal_XLE,0.0,0.0,1.0,1.0,0.0,0.0,0.0,-0.0
2023-06-01 20:00:00+00:00,20260126_001633_4be2625c_StateSignal_XLE,0.0,0.0,1.0,1.0,0.0,0.0,0.0,0.0
2023-06-02 20:00:00+00:00,20260126_001633_4be2625c_StateSignal_XLE,0.0,0.0,1.0,1.0,0.0,0.0,0.0,0.0
2023-06-05 20:00:00+00:00,20260126_001633_4be2625c_StateSignal_XLE,0.0,0.0,1.0,1.0,0.0,0.0,0.0,-0.0
2023-06-06 20:00:00+00:00,20260126_001633_4be2625c_StateSignal_XLE,0.0,0.0,1.0,1.0,0.0,0.0,0.0,0.0
2023-06-07 20:00:00+00:00,20260126_001633_4be2625c_StateSignal_XLE,0.0,0.0,1.0,1.0,0.0,0.0,0.0,0.0
2023-06-08 20:00:00+00:00,20260126_001633_4be2625c_StateSignal_XLE,0.0,0.0,1.0,1.0,0.0,0.0,0.0,-0.0
2023-06-09 20:00:00+00:00,20260126_001633_4be2625c_StateSignal_XLE,0.0,0.0,1.0,1.0,0.0,0.0,0.0,-0.0
2023-06-12 20:00:00+00:00,20260126_001633_4be2625c_StateSignal_XLE,0.0,0.0,1.0,1.0,0.0,0.0,0.0,-0.0
2023-06-13 20:00:00+00:00,20260126_001633_4be2625c_StateSignal_XLE,0.0,0.0,1.0,1.0,0.0,0.0,0.0,-0.0
2023-06-14 20:00:00+00:00,20260126_001633_4be2625c_StateSignal_XLE,0.0,0.0,1.0,1.0,0.0,0.0,0.0,-0.0
2023-06-15 20:00:00+00:00,20260126_001633_4be2625c_StateSignal_XLE,0.0,0.0,1.0,1.0,0.0,0.0,0.0,-0.0
2023-06-16 20:00:00+00:00,20260126_001633_4be2625c_StateSignal_XLE,0.0,0.0,1.0,1.0,0.0,0.0,0.0,-0.0
2023-06-20 20:00:00+00:00,20260126_001633_4be2625c_StateSignal_XLE,0.0,0.0,1.0,1.0,0.0,0.0,0.0,-0.0
2023-06-21 20:00:00+00:00,20260126_001633_4be2625c_StateSignal_XLE,0.0,0.0,1.0,1.0,0.0,0.0,0.0,0.0
2023-06-22 20:00:00+00:00,20260126_001633_4be2625c_StateSignal_XLE,0.0,0.0,1.0,1.0,0.0,0.0,0.0,0.0
2023-06-23 20:00:00+00:00,20260126_001633_4be2625c_StateSignal_XLE,0.0,0.0,1.0,1.0,0.0,0.0,0.0,0.0
2023-06-26 20:00:00+00:00,20260126_001633_4be2625c_StateSignal_XLE,0.0,0.0,1.0,1.0,0.0,0.0,0.0,0.0
2023-06-27 20:00:00+00:00,20260126_001633_4be2625c_StateSignal_XLE,0.0,0.0,1.0,1.0,0.0,0.0,0.0,0.0
2023-06-28 20:00:00+00:00,20260126_001633_4be2625c_StateSignal_XLE,0.0,0.0,1.0,1.0,0.0,0.0,0.0,0.0
2023-06-29 20:00:00+00:00,20260126_001633_4be2625c_StateSignal_XLE,0.0,0.0,1.0,1.0,0.0,0.0,0.0,0.0
2023-06-30 20:00:00+00:00,20260126_001633_4be2625c_StateSignal_XLE,0.0,0.0,1.0,1.0,0.0,0.0,0.0,0.0
2023-07-03 20:00:00+00:00,20260126_001633_4be2625c_StateSignal_XLE,0.0,0.0,1.0,1.0,0.0,0.0,0.0,-0.0
2023-07-05 20:00:00+00:00,20260126_001633_4be2625c_StateSignal_XLE,0.0,0.0,1.0,1.0,0.0,0.0,0.0,-0.0
2023-07-06 20:00:00+00:00,20260126_001633_4be2625c_StateSignal_XLE,0.0,0.0,1.0,1.0,0.0,0.0,0.0,-0.0
2023-07-07 20:00:00+00:00,20260126_001633_4be2625c_StateSignal_XLE,0.0,0.0,1.0,1.0,0.0,0.0,0.0,0.0
2023-07-10 20:00:00+00:00,20260126_001633_4be2625c_StateSignal_XLE,0.0,0.0,1.0,1.0,0.0,0.0,0.0,0.0
2023-07-11 20:00:00+00:00,20260126_001633_4be2625c_StateSignal_XLE,0.0,0.0,1.0,1.0,0.0,0.0,0.0,0.0
2023-07-12 20:00:00+00:00,20260126_001633_4be2625c_StateSignal_XLE,0.0,0.0,1.0,1.0,0.0,0.0,0.0,-0.0
2023-07-13 20:00:00+00:00,20260126_001633_4be2625c_StateSignal_XLE,0.0,0.0,1.0,1.0,0.0,0.0,0.0,-0.0
2023-07-14 20:00:00+00:00,20260126_001633_4be2625c_StateSignal_XLE,0.0,0.0,1.0,1.0,0.0,0.0,0.0,-0.0
2023-07-17 20:00:00+00:00,20260126_001633_4be2625c_StateSignal_XLE,0.0,0.0,1.0,1.0,0.0,0.0,0.0,0.0
2023-07-18 20:00:00+00:00,20260126_001633_4be2625c_StateSignal_XLE,0.0,0.0,1.0,1.0,0.0,0.0,0.0,0.0
2023-07-19 20:00:00+00:00,20260126_001633_4be2625c_StateSignal_XLE,0.0,0.0,1.0,1.0,0.0,0.0,0.0,-0.0
2023-07-20 20:00:00+00:00,20260126_001633_4be2625c_StateSignal_XLE,0.0,0.0,1.0,1.0,0.0,0.0,0.0,0.0
2023-07-21 20:00:00+00:00,20260126_001633_4be2625c_StateSignal_XLE,0.0,0.0,1.0,1.0,0.0,0.0,0.0,0.0
2023-07-24 20:00:00+00:00,20260126_001633_4be2625c_StateSignal_XLE,0.0,0.0,1.0,1.0,0.0,0.0,0.0,0.0
2023-07-25 20:00:00+00:00,20260126_001633_4be2625c_StateSignal_XLE,0.0,0.0,1.0,1.0,0.0,0.0,0.0,0.0
2023-07-26 20:00:00+00:00,20260126_001633_4be2625c_StateSignal_XLE,0.0,0.0,1.0,1.0,0.0,0.0,0.0,0.0
2023-07-27 20:00:00+00:00,20260126_001633_4be2625c_StateSignal_XLE,0.0,0.0,1.0,1.0,0.0,0.0,0.0,-0.0
2023-07-28 20:00:00+00:00,20260126_001633_4be2625c_StateSignal_XLE,0.0,0.0,1.0,1.0,0.0,0.0,0.0,0.0
2023-07-31 20:00:00+00:00,20260126_001633_4be2625c_StateSignal_XLE,0.0,0.0,1.0,1.0,0.0,0.0,0.0,0.0
2023-08-01 20:00:00+00:00,20260126_001633_4be2625c_StateSignal_XLE,0.0,0.0,1.0,1.0,0.0,0.0,0.0,0.0
2023-08-02 20:00:00+00:00,20260126_001633_4be2625c_StateSignal_XLE,0.0,0.0,1.0,1.0,0.0,0.0,0.0,-0.0
2023-08-03 20:00:00+00:00,20260126_001633_4be2625c_StateSignal_XLE,0.0,0.0,1.0,1.0,0.0,0.0,0.0,0.0
2023-08-04 20:00:00+00:00,20260126_001633_4be2625c_StateSignal_XLE,0.0,0.0,1.0,1.0,0.0,0.0,0.0,-0.0
2023-08-07 20:00:00+00:00,20260126_001633_4be2625c_StateSignal_XLE,0.0,0.0,1.0,1.0,0.0,0.0,0.0,-0.0
2023-08-08 20:00:00+00:00,20260126_001633_4be2625c_StateSignal_XLE,0.0,0.0,1.0,1.0,0.0,0.0,0.0,0.0
2023-08-09 20:00:00+00:00,20260126_001633_4be2625c_StateSignal_XLE,0.0,0.0,1.0,1.0,0.0,0.0,0.0,0.0
2023-08-10 20:00:00+00:00,20260126_001633_4be2625c_StateSignal_XLE,0.0,0.0,1.0,1.0,0.0,0.0,0.0,-0.0
2023-08-11 20:00:00+00:00,20260126_001633_4be2625c_StateSignal_XLE,0.0,0.0,1.0,1.0,0.0,0.0,0.0,0.0
2023-08-14 20:00:00+00:00,20260126_001633_4be2625c_StateSignal_XLE,0.0,0.0,1.0,1.0,0.0,0.0,0.0,0.0
2023-08-15 20:00:00+00:00,20260126_001633_4be2625c_StateSignal_XLE,0.0,0.0,1.0,1.0,0.0,0.0,0.0,-0.0
2023-08-16 20:00:00+00:00,20260126_001633_4be2625c_StateSignal_XLE,0.0,0.0,1.0,1.0,0.0,0.0,0.0,-0.0
2023-08-17 20:00:00+00:00,20260126_001633_4be2625c_StateSignal_XLE,0.0,0.0,1.0,1.0,0.0,0.0,0.0,-0.0
2023-08-18 20:00:00+00:00,20260126_001633_4be2625c_StateSignal_XLE,0.0,0.0,1.0,1.0,0.0,0.0,0.0,0.0
2023-08-21 20:00:00+00:00,20260126_001633_4be2625c_StateSignal_XLE,0.0,0.0,1.0,1.0,0.0,0.0,0.0,-0.0
2023-08-22 20:00:00+00:00,20260126_001633_4be2625c_StateSignal_XLE,0.0,0.0,1.0,1.0,0.0,0.0,0.0,-0.0
2023-08-23 20:00:00+00:00,20260126_001633_4be2625c_StateSignal_XLE,0.0,0.0,1.0,1.0,0.0,0.0,0.0,-0.0
2023-08-24 20:00:00+00:00,20260126_001633_4be2625c_StateSignal_XLE,0.0,0.0,1.0,1.0,0.0,0.0,0.0,0.0
2023-08-25 20:00:00+00:00,20260126_001633_4be2625c_StateSignal_XLE,0.0,0.0,1.0,1.0,0.0,0.0,0.0,0.0
2023-08-28 20:00:00+00:00,20260126_001633_4be2625c_StateSignal_XLE,0.0,0.0,1.0,1.0,0.0,0.0,0.0,0.0
2023-08-29 20:00:00+00:00,20260126_001633_4be2625c_StateSignal_XLE,0.0,0.0,1.0,1.0,0.0,0.0,0.0,0.0
2023-08-30 20:00:00+00:00,20260126_001633_4be2625c_StateSignal_XLE,0.0,0.0,1.0,1.0,0.0,0.0,0.0,0.0
2023-08-31 20:00:00+00:00,20260126_001633_4be2625c_StateSignal_XLE,0.0,0.0,1.0,1.0,0.0,0.0,0.0,0.0
2023-09-01 20:00:00+00:00,20260126_001633_4be2625c_StateSignal_XLE,0.0,0.0,1.0,1.0,0.0,0.0,0.0,0.0
2023-09-05 20:00:00+00:00,20260126_001633_4be2625c_StateSignal_XLE,0.0,0.0,1.0,1.0,0.0,0.0,0.0,0.0
2023-09-06 20:00:00+00:00,20260126_001633_4be2625c_StateSignal_XLE,0.0,0.0,1.0,1.0,0.0,0.0,0.0,-0.0
2023-09-07 20:00:00+00:00,20260126_001633_4be2625c_StateSignal_XLE,0.0,0.0,1.0,1.0,0.0,0.0,0.0,-0.0
2023-09-08 20:00:00+00:00,20260126_001633_4be2625c_StateSignal_XLE,0.0,0.0,1.0,1.0,0.0,0.0,0.0,0.0
2023-09-11 20:00:00+00:00,20260126_001633_4be2625c_StateSignal_XLE,0.0,0.0,1.0,1.0,0.0,0.0,0.0,-0.0
2023-09-12 20:00:00+00:00,20260126_001633_4be2625c_StateSignal_XLE,0.0,0.0,1.0,1.0,0.0,0.0,0.0,0.0
2023-09-13 20:00:00+00:00,20260126_001633_4be2625c_StateSignal_XLE,0.0,0.0,1.0,1.0,0.0,0.0,0.0,-0.0
2023-09-14 20:00:00+00:00,20260126_001633_4be2625c_StateSignal_XLE,0.0,0.0,1.0,1.0,0.0,0.0,0.0,0.0
2023-09-15 20:00:00+00:00,20260126_001633_4be2625c_StateSignal_XLE,0.0,0.0,1.0,1.0,0.0,0.0,0.0,-0.0
2023-09-18 20:00:00+00:00,20260126_001633_4be2625c_StateSignal_XLE,0.0,0.0,1.0,1.0,0.0,0.0,0.0,0.0
2023-09-19 20:00:00+00:00,20260126_001633_4be2625c_StateSignal_XLE,0.0,0.0,1.0,1.0,0.0,0.0,0.0,-0.0
2023-09-20 20:00:00+00:00,20260126_001633_4be2625c_StateSignal_XLE,0.0,0.0,1.0,1.0,0.0,0.0,0.0,-0.0
2023-09-21 20:00:00+00:00,20260126_001633_4be2625c_StateSignal_XLE,0.0,0.0,1.0,1.0,0.0,0.0,0.0,-0.0
2023-09-22 20:00:00+00:00,20260126_001633_4be2625c_StateSignal_XLE,0.0,0.0,1.0,1.0,0.0,0.0,0.0,0.0
2023-09-25 20:00:00+00:00,20260126_001633_4be2625c_StateSignal_XLE,0.0,0.0,1.0,1.0,0.0,0.0,0.0,0.0
2023-09-26 20:00:00+00:00,20260126_001633_4be2625c_StateSignal_XLE,0.0,0.0,1.0,1.0,0.0,0.0,0.0,-0.0
2023-09-27 20:00:00+00:00,20260126_001633_4be2625c_StateSignal_XLE,0.0,0.0,1.0,1.0,0.0,0.0,0.0,0.0
2023-09-28 20:00:00+00:00,20260126_001633_4be2625c_StateSignal_XLE,0.0,0.0,1.0,1.0,0.0,0.0,0.0,0.0
2023-09-29 20:00:00+00:00,20260126_001633_4be2625c_StateSignal_XLE,0.0,0.0,1.0,1.0,0.0,0.0,0.0,-0.0
2023-10-02 20:00:00+00:00,20260126_001633_4be2625c_StateSignal_XLE,0.0,0.0,1.0,1.0,0.0,0.0,0.0,-0.0
2023-10-03 20:00:00+00:00,20260126_001633_4be2625c_StateSignal_XLE,0.0,0.0,1.0,1.0,0.0,0.0,0.0,-0.0
2023-10-04 20:00:00+00:00,20260126_001633_4be2625c_StateSignal_XLE,0.0,0.0,1.0,1.0,0.0,0.0,0.0,-0.0
2023-10-05 20:00:00+00:00,20260126_001633_4be2625c_StateSignal_XLE,0.0,0.0,1.0,1.0,0.0,0.0,0.0,0.0
2023-10-06 20:00:00+00:00,20260126_001633_4be2625c_StateSignal_XLE,0.0,0.0,1.0,1.0,0.0,0.0,0.0,0.0
2023-10-09 20:00:00+00:00,20260126_001633_4be2625c_StateSignal_XLE,0.0,0.0,1.0,1.0,0.0,0.0,0.0,0.0
2023-10-10 20:00:00+00:00,20260126_001633_4be2625c_StateSignal_XLE,0.0,0.0,1.0,1.0,0.0,0.0,0.0,0.0
2023-10-11 20:00:00+00:00,20260126_001633_4be2625c_StateSignal_XLE,0.0,0.0,1.0,1.0,0.0,0.0,0.0,0.0
2023-10-12 20:00:00+00:00,20260126_001633_4be2625c_StateSignal_XLE,0.0,0.0,1.0,1.0,0.0,0.0,0.0,-0.0
2023-10-13 20:00:00+00:00,20260126_001633_4be2625c_StateSignal_XLE,0.0,0.0,1.0,1.0,0.0,0.0,0.0,0.0
2023-10-16 20:00:00+00:00,20260126_001633_4be2625c_StateSignal_XLE,0.0,0.0,1.0,1.0,0.0,0.0,0.0,0.0
2023-10-17 20:00:00+00:00,20260126_001633_4be2625c_StateSignal_XLE,0.0,0.0,1.0,1.0,0.0,0.0,0.0,0.0
2023-10-18 20:00:00+00:00,20260126_001633_4be2625c_StateSignal_XLE,0.0,0.0,1.0,1.0,0.0,0.0,0.0,-0.0
2023-10-19 20:00:00+00:00,20260126_001633_4be2625c_StateSignal_XLE,0.0,0.0,1.0,1.0,0.0,0.0,0.0,-0.0
2023-10-20 20:00:00+00:00,20260126_001633_4be2625c_StateSignal_XLE,0.0,0.0,1.0,1.0,0.0,0.0,0.0,-0.0
2023-10-23 20:00:00+00:00,20260126_001633_4be2625c_StateSignal_XLE,0.0,0.0,1.0,1.0,0.0,0.0,0.0,-0.0
2023-10-24 20:00:00+00:00,20260126_001633_4be2625c_StateSignal_XLE,0.0,0.0,1.0,1.0,0.0,0.0,0.0,-0.0
2023-10-25 20:00:00+00:00,20260126_001633_4be2625c_StateSignal_XLE,0.0,0.0,1.0,1.0,0.0,0.0,0.0,-0.0
2023-10-26 20:00:00+00:00,20260126_001633_4be2625c_StateSignal_XLE,0.0,0.0,1.0,1.0,0.0,0.0,0.0,0.0
2023-10-27 20:00:00+00:00,20260126_001633_4be2625c_StateSignal_XLE,0.0,0.0,1.0,1.0,0.0,0.0,0.0,-0.0
2023-10-30 20:00:00+00:00,20260126_001633_4be2625c_StateSignal_XLE,0.0,0.0,1.0,1.0,0.0,0.0,0.0,-0.0
2023-10-31 20:00:00+00:00,20260126_001633_4be2625c_StateSignal_XLE,0.0,0.0,1.0,1.0,0.0,0.0,0.0,0.0
2023-11-01 20:00:00+00:00,20260126_001633_4be2625c_StateSignal_XLE,0.0,0.0,1.0,1.0,0.0,0.0,0.0,-0.0
2023-11-02 20:00:00+00:00,20260126_001633_4be2625c_StateSignal_XLE,0.0,0.0,1.0,1.0,0.0,0.0,0.0,0.0
2023-11-03 20:00:00+00:00,20260126_001633_4be2625c_StateSignal_XLE,0.0,0.0,1.0,1.0,0.0,0.0,0.0,-0.0
2023-11-06 21:00:00+00:00,20260126_001633_4be2625c_StateSignal_XLE,0.0,0.0,1.0,1.0,0.0,0.0,0.0,-0.0
2023-11-07 21:00:00+00:00,20260126_001633_4be2625c_StateSignal_XLE,0.0,0.0,1.0,1.0,0.0,0.0,0.0,0.0
2023-11-08 21:00:00+00:00,20260126_001633_4be2625c_StateSignal_XLE,0.0,0.0,1.0,1.0,0.0,0.0,0.0,-0.0
2023-11-09 21:00:00+00:00,20260126_001633_4be2625c_StateSignal_XLE,0.0,0.0,1.0,1.0,0.0,0.0,0.0,-0.0
2023-11-10 21:00:00+00:00,20260126_001633_4be2625c_StateSignal_XLE,0.0,0.0,1.0,1.0,0.0,0.0,0.0,0.0
2023-11-13 21:00:00+00:00,20260126_001633_4be2625c_StateSignal_XLE,0.0,0.0,1.0,1.0,0.0,0.0,0.0,0.0
2023-11-14 21:00:00+00:00,20260126_001633_4be2625c_StateSignal_XLE,0.0,0.0,1.0,1.0,0.0,0.0,0.0,0.0
2023-11-15 21:00:00+00:00,20260126_001633_4be2625c_StateSignal_XLE,0.0,0.0,1.0,1.0,0.0,0.0,0.0,-0.0
2023-11-16 21:00:00+00:00,20260126_001633_4be2625c_StateSignal_XLE,0.0,0.0,1.0,1.0,0.0,0.0,0.0,-0.0
2023-11-17 21:00:00+00:00,20260126_001633_4be2625c_StateSignal_XLE,0.0,0.0,1.0,1.0,0.0,0.0,0.0,0.0
2023-11-20 21:00:00+00:00,20260126_001633_4be2625c_StateSignal_XLE,0.0,0.0,1.0,1.0,0.0,0.0,0.0,-0.0
2023-11-21 21:00:00+00:00,20260126_001633_4be2625c_StateSignal_XLE,0.0,0.0,1.0,1.0,0.0,0.0,0.0,0.0
2023-11-22 21:00:00+00:00,20260126_001633_4be2625c_StateSignal_XLE,0.0,0.0,1.0,1.0,0.0,0.0,0.0,0.0
2023-11-24 21:00:00+00:00,20260126_001633_4be2625c_StateSignal_XLE,0.0,0.0,1.0,1.0,0.0,0.0,0.0,-0.0
2023-11-27 21:00:00+00:00,20260126_001633_4be2625c_StateSignal_XLE,0.0,0.0,1.0,1.0,0.0,0.0,0.0,0.0
2023-11-28 21:00:00+00:00,20260126_001633_4be2625c_StateSignal_XLE,0.0,0.0,1.0,1.0,0.0,0.0,0.0,-0.0
2023-11-29 21:00:00+00:00,20260126_001633_4be2625c_StateSignal_XLE,0.0,0.0,1.0,1.0,0.0,0.0,0.0,-0.0
2023-11-30 21:00:00+00:00,20260126_001633_4be2625c_StateSignal_XLE,0.0,0.0,1.0,1.0,0.0,0.0,0.0,0.0
2023-12-01 21:00:00+00:00,20260126_001633_4be2625c_StateSignal_XLE,0.0,0.0,1.0,1.0,0.0,0.0,0.0,0.0
2023-12-04 21:00:00+00:00,20260126_001633_4be2625c_StateSignal_XLE,0.0,0.0,1.0,1.0,0.0,0.0,0.0,-0.0
2023-12-05 21:00:00+00:00,20260126_001633_4be2625c_StateSignal_XLE,0.0,0.0,1.0,1.0,0.0,0.0,0.0,-0.0
2023-12-06 21:00:00+00:00,20260126_001633_4be2625c_StateSignal_XLE,0.0,0.0,1.0,1.0,0.0,0.0,0.0,-0.0
2023-12-07 21:00:00+00:00,20260126_001633_4be2625c_StateSignal_XLE,0.0,0.0,1.0,1.0,0.0,0.0,0.0,-0.0
2023-12-08 21:00:00+00:00,20260126_001633_4be2625c_StateSignal_XLE,0.0,0.0,1.0,1.0,0.0,0.0,0.0,0.0
2023-12-11 21:00:00+00:00,20260126_001633_4be2625c_StateSignal_XLE,0.0,0.0,1.0,1.0,0.0,0.0,0.0,0.0
2023-12-12 21:00:00+00:00,20260126_001633_4be2625c_StateSignal_XLE,0.0,0.0,1.0,1.0,0.0,0.0,0.0,0.0
2023-12-13 21:00:00+00:00,20260126_001633_4be2625c_StateSignal_XLE,0.0,0.0,1.0,1.0,0.0,0.0,0.0,0.0
2023-12-14 21:00:00+00:00,20260126_001633_4be2625c_StateSignal_XLE,0.0,0.0,1.0,1.0,0.0,0.0,0.0,0.0
2023-12-15 21:00:00+00:00,20260126_001633_4be2625c_StateSignal_XLE,0.0,0.0,1.0,1.0,0.0,0.0,0.0,0.0
2023-12-18 21:00:00+00:00,20260126_001633_4be2625c_StateSignal_XLE,0.0,0.0,1.0,1.0,0.0,0.0,0.0,-0.0
2023-12-19 21:00:00+00:00,20260126_001633_4be2625c_StateSignal_XLE,0.0,0.0,1.0,1.0,0.0,0.0,0.0,0.0
2023-12-20 21:00:00+00:00,20260126_001633_4be2625c_StateSignal_XLE,0.0,0.0,1.0,1.0,0.0,0.0,0.0,-0.0
2023-12-21 21:00:00+00:00,20260126_001633_4be2625c_StateSignal_XLE,0.0,0.0,1.0,1.0,0.0,0.0,0.0,0.0
2023-12-22 21:00:00+00:00,20260126_001633_4be2625c_StateSignal_XLE,0.0,0.0,1.0,1.0,0.0,0.0,0.0,-0.0
2023-12-26 21:00:00+00:00,20260126_001633_4be2625c_StateSignal_XLE,0.0,0.0,1.0,1.0,0.0,0.0,0.0,0.0
2023-12-27 21:00:00+00:00,20260126_001633_4be2625c_StateSignal_XLE,0.0,0.0,1.0,1.0,0.0,0.0,0.0,-0.0
2023-12-28 21:00:00+00:00,20260126_001633_4be2625c_StateSignal_XLE,0.0,0.0,1.0,1.0,0.0,0.0,0.0,-0.0
2023-12-29 21:00:00+00:00,20260126_001633_4be2625c_StateSignal_XLE,0.0,0.0,1.0,1.0,0.0,0.0,0.0,-0.0
2024-01-02 21:00:00+00:00,20260126_001633_4be2625c_StateSignal_XLE,0.0,0.0,1.0,1.0,0.0,0.0,0.0,0.0
2024-01-03 21:00:00+00:00,20260126_001633_4be2625c_StateSignal_XLE,0.0,0.0,1.0,1.0,0.0,0.0,0.0,0.0
2024-01-04 21:00:00+00:00,20260126_001633_4be2625c_StateSignal_XLE,0.0,0.0,1.0,1.0,0.0,0.0,0.0,-0.0
2024-01-05 21:00:00+00:00,20260126_001633_4be2625c_StateSignal_XLE,0.0,0.0,1.0,1.0,0.0,0.0,0.0,-0.0
2024-01-08 21:00:00+00:00,20260126_001633_4be2625c_StateSignal_XLE,0.0,0.0,1.0,1.0,0.0,0.0,0.0,0.0
2024-01-09 21:00:00+00:00,20260126_001633_4be2625c_StateSignal_XLE,0.0,0.0,1.0,1.0,0.0,0.0,0.0,-0.0
2024-01-10 21:00:00+00:00,20260126_001633_4be2625c_StateSignal_XLE,0.0,0.0,1.0,1.0,0.0,0.0,0.0,-0.0
2024-01-11 21:00:00+00:00,20260126_001633_4be2625c_StateSignal_XLE,0.0,0.0,1.0,1.0,0.0,0.0,0.0,-0.0
2024-01-12 21:00:00+00:00,20260126_001633_4be2625c_StateSignal_XLE,0.0,0.0,1.0,1.0,0.0,0.0,0.0,-0.0
2024-01-16 21:00:00+00:00,20260126_001633_4be2625c_StateSignal_XLE,0.0,0.0,1.0,1.0,0.0,0.0,0.0,-0.0
2024-01-17 21:00:00+00:00,20260126_001633_4be2625c_StateSignal_XLE,0.0,0.0,1.0,1.0,0.0,0.0,0.0,-0.0
2024-01-18 21:00:00+00:00,20260126_001633_4be2625c_StateSignal_XLE,0.004553376020375018,0.004553376020375018,1.004553376020375,1.004553376020375,0.0,0.0,1.0,0.004553376020375018
2024-01-19 21:00:00+00:00,20260126_001633_4be2625c_StateSignal_XLE,0.0,0.0,1.004553376020375,1.004553376020375,0.0,0.0,0.0,0.0
2024-01-22 21:00:00+00:00,20260126_001633_4be2625c_StateSignal_XLE,0.0,0.0,1.004553376020375,1.004553376020375,0.0,0.0,0.0,0.0
2024-01-23 21:00:00+00:00,20260126_001633_4be2625c_StateSignal_XLE,0.0,0.0,1.004553376020375,1.004553376020375,0.0,0.0,0.0,-0.0
2024-01-24 21:00:00+00:00,20260126_001633_4be2625c_StateSignal_XLE,0.0,0.0,1.004553376020375,1.004553376020375,0.0,0.0,0.0,0.0
2024-01-25 21:00:00+00:00,20260126_001633_4be2625c_StateSignal_XLE,0.0,0.0,1.004553376020375,1.004553376020375,0.0,0.0,0.0,0.0
2024-01-26 21:00:00+00:00,20260126_001633_4be2625c_StateSignal_XLE,0.007885072012446252,0.007885072012446252,1.0124743517306416,1.0124743517306416,0.0,0.0,1.0,0.007885072012446252
2024-01-29 21:00:00+00:00,20260126_001633_4be2625c_StateSignal_XLE,0.010201567688347003,0.010201567688347003,1.0228031773625368,1.0228031773625368,0.0,0.0,1.0,0.010201567688347003
2024-01-30 21:00:00+00:00,20260126_001633_4be2625c_StateSignal_XLE,0.017484291845609498,0.017484291845609498,1.04068616661616,1.04068616661616,0.0,0.0,1.0,0.017484291845609498
2024-01-31 21:00:00+00:00,20260126_001633_4be2625c_StateSignal_XLE,0.0,0.0,1.04068616661616,1.04068616661616,0.0,0.0,0.0,-0.0
2024-02-01 21:00:00+00:00,20260126_001633_4be2625c_StateSignal_XLE,0.0,0.0,1.04068616661616,1.04068616661616,0.0,0.0,0.0,0.0
2024-02-02 21:00:00+00:00,20260126_001633_4be2625c_StateSignal_XLE,0.0,0.0,1.04068616661616,1.04068616661616,0.0,0.0,0.0,0.0
2024-02-05 21:00:00+00:00,20260126_001633_4be2625c_StateSignal_XLE,0.0,0.0,1.04068616661616,1.04068616661616,0.0,0.0,0.0,-0.0
2024-02-06 21:00:00+00:00,20260126_001633_4be2625c_StateSignal_XLE,0.0,0.0,1.04068616661616,1.04068616661616,0.0,0.0,0.0,0.0
2024-02-07 21:00:00+00:00,20260126_001633_4be2625c_StateSignal_XLE,0.0,0.0,1.04068616661616,1.04068616661616,0.0,0.0,0.0,-0.0
2024-02-08 21:00:00+00:00,20260126_001633_4be2625c_StateSignal_XLE,0.0,0.0,1.04068616661616,1.04068616661616,0.0,0.0,0.0,0.0
2024-02-09 21:00:00+00:00,20260126_001633_4be2625c_StateSignal_XLE,0.0,0.0,1.04068616661616,1.04068616661616,0.0,0.0,0.0,-0.0
2024-02-12 21:00:00+00:00,20260126_001633_4be2625c_StateSignal_XLE,0.0,0.0,1.04068616661616,1.04068616661616,0.0,0.0,0.0,0.0
2024-02-13 21:00:00+00:00,20260126_001633_4be2625c_StateSignal_XLE,0.0,0.0,1.04068616661616,1.04068616661616,0.0,0.0,0.0,-0.0
2024-02-14 21:00:00+00:00,20260126_001633_4be2625c_StateSignal_XLE,0.0,0.0,1.04068616661616,1.04068616661616,0.0,0.0,0.0,-0.0
2024-02-15 21:00:00+00:00,20260126_001633_4be2625c_StateSignal_XLE,0.0,0.0,1.04068616661616,1.04068616661616,0.0,0.0,0.0,0.0
2024-02-16 21:00:00+00:00,20260126_001633_4be2625c_StateSignal_XLE,0.0,0.0,1.04068616661616,1.04068616661616,0.0,0.0,0.0,-0.0
2024-02-20 21:00:00+00:00,20260126_001633_4be2625c_StateSignal_XLE,0.0,0.0,1.04068616661616,1.04068616661616,0.0,0.0,0.0,-0.0
2024-02-21 21:00:00+00:00,20260126_001633_4be2625c_StateSignal_XLE,0.0,0.0,1.04068616661616,1.04068616661616,0.0,0.0,0.0,0.0
2024-02-22 21:00:00+00:00,20260126_001633_4be2625c_StateSignal_XLE,0.0,0.0,1.04068616661616,1.04068616661616,0.0,0.0,0.0,0.0
2024-02-23 21:00:00+00:00,20260126_001633_4be2625c_StateSignal_XLE,0.0,0.0,1.04068616661616,1.04068616661616,0.0,0.0,0.0,0.0
2024-02-26 21:00:00+00:00,20260126_001633_4be2625c_StateSignal_XLE,0.0,0.0,1.04068616661616,1.04068616661616,0.0,0.0,0.0,0.0
2024-02-27 21:00:00+00:00,20260126_001633_4be2625c_StateSignal_XLE,0.0,0.0,1.04068616661616,1.04068616661616,0.0,0.0,0.0,-0.0
2024-02-28 21:00:00+00:00,20260126_001633_4be2625c_StateSignal_XLE,0.0,0.0,1.04068616661616,1.04068616661616,0.0,0.0,0.0,-0.0
2024-02-29 21:00:00+00:00,20260126_001633_4be2625c_StateSignal_XLE,0.0,0.0,1.04068616661616,1.04068616661616,0.0,0.0,0.0,-0.0
2024-03-01 21:00:00+00:00,20260126_001633_4be2625c_StateSignal_XLE,0.0009811136425952806,0.0009811136425952806,1.0417071980118873,1.0417071980118873,0.0,0.0,1.0,0.0009811136425952806
2024-03-04 21:00:00+00:00,20260126_001633_4be2625c_StateSignal_XLE,-0.009854723754146252,-0.009854723754146252,1.0314414613427745,1.0314414613427745,0.0,0.0,1.0,-0.009854723754146252
2024-03-05 21:00:00+00:00,20260126_001633_4be2625c_StateSignal_XLE,0.0,0.0,1.0314414613427745,1.0314414613427745,0.0,0.0,0.0,0.0
2024-03-06 21:00:00+00:00,20260126_001633_4be2625c_StateSignal_XLE,0.0,0.0,1.0314414613427745,1.0314414613427745,0.0,0.0,0.0,-0.0
2024-03-07 21:00:00+00:00,20260126_001633_4be2625c_StateSignal_XLE,0.0,0.0,1.0314414613427745,1.0314414613427745,0.0,0.0,0.0,-0.0
2024-03-08 21:00:00+00:00,20260126_001633_4be2625c_StateSignal_XLE,0.0,0.0,1.0314414613427745,1.0314414613427745,0.0,0.0,0.0,0.0
2024-03-11 20:00:00+00:00,20260126_001633_4be2625c_StateSignal_XLE,0.0,0.0,1.0314414613427745,1.0314414613427745,0.0,0.0,0.0,0.0
2024-03-12 20:00:00+00:00,20260126_001633_4be2625c_StateSignal_XLE,0.0,0.0,1.0314414613427745,1.0314414613427745,0.0,0.0,0.0,-0.0
2024-03-13 20:00:00+00:00,20260126_001633_4be2625c_StateSignal_XLE,0.0,0.0,1.0314414613427745,1.0314414613427745,0.0,0.0,0.0,0.0
2024-03-14 20:00:00+00:00,20260126_001633_4be2625c_StateSignal_XLE,0.0,0.0,1.0314414613427745,1.0314414613427745,0.0,0.0,0.0,0.0
2024-03-15 20:00:00+00:00,20260126_001633_4be2625c_StateSignal_XLE,0.0,0.0,1.0314414613427745,1.0314414613427745,0.0,0.0,0.0,-0.0
2024-03-18 20:00:00+00:00,20260126_001633_4be2625c_StateSignal_XLE,0.0,0.0,1.0314414613427745,1.0314414613427745,0.0,0.0,0.0,0.0
2024-03-19 20:00:00+00:00,20260126_001633_4be2625c_StateSignal_XLE,0.0,0.0,1.0314414613427745,1.0314414613427745,0.0,0.0,0.0,0.0
2024-03-20 20:00:00+00:00,20260126_001633_4be2625c_StateSignal_XLE,0.0,0.0,1.0314414613427745,1.0314414613427745,0.0,0.0,0.0,0.0
2024-03-21 20:00:00+00:00,20260126_001633_4be2625c_StateSignal_XLE,0.0,0.0,1.0314414613427745,1.0314414613427745,0.0,0.0,0.0,0.0
2024-03-22 20:00:00+00:00,20260126_001633_4be2625c_StateSignal_XLE,0.0,0.0,1.0314414613427745,1.0314414613427745,0.0,0.0,0.0,-0.0
2024-03-25 20:00:00+00:00,20260126_001633_4be2625c_StateSignal_XLE,0.0,0.0,1.0314414613427745,1.0314414613427745,0.0,0.0,0.0,-0.0
2024-03-26 20:00:00+00:00,20260126_001633_4be2625c_StateSignal_XLE,0.0,0.0,1.0314414613427745,1.0314414613427745,0.0,0.0,0.0,-0.0
2024-03-27 20:00:00+00:00,20260126_001633_4be2625c_StateSignal_XLE,0.0,0.0,1.0314414613427745,1.0314414613427745,0.0,0.0,0.0,0.0
2024-03-28 20:00:00+00:00,20260126_001633_4be2625c_StateSignal_XLE,0.0,0.0,1.0314414613427745,1.0314414613427745,0.0,0.0,0.0,0.0
2024-04-01 20:00:00+00:00,20260126_001633_4be2625c_StateSignal_XLE,0.0,0.0,1.0314414613427745,1.0314414613427745,0.0,0.0,0.0,0.0
2024-04-02 20:00:00+00:00,20260126_001633_4be2625c_StateSignal_XLE,0.0,0.0,1.0314414613427745,1.0314414613427745,0.0,0.0,0.0,0.0
2024-04-03 20:00:00+00:00,20260126_001633_4be2625c_StateSignal_XLE,0.0,0.0,1.0314414613427745,1.0314414613427745,0.0,0.0,0.0,0.0
2024-04-04 20:00:00+00:00,20260126_001633_4be2625c_StateSignal_XLE,0.0,0.0,1.0314414613427745,1.0314414613427745,0.0,0.0,0.0,-0.0
2024-04-05 20:00:00+00:00,20260126_001633_4be2625c_StateSignal_XLE,0.010637243467311328,0.010637243467311328,1.042413155289357,1.042413155289357,0.0,0.0,1.0,0.010637243467311328
2024-04-08 20:00:00+00:00,20260126_001633_4be2625c_StateSignal_XLE,-0.006281835885440781,-0.006281835885440781,1.0358648869230047,1.0358648869230047,0.0,0.0,1.0,-0.006281835885440781
2024-04-09 20:00:00+00:00,20260126_001633_4be2625c_StateSignal_XLE,0.0,0.0,1.0358648869230047,1.0358648869230047,0.0,0.0,0.0,-0.0
2024-04-10 20:00:00+00:00,20260126_001633_4be2625c_StateSignal_XLE,0.0,0.0,1.0358648869230047,1.0358648869230047,0.0,0.0,0.0,0.0
2024-04-11 20:00:00+00:00,20260126_001633_4be2625c_StateSignal_XLE,0.0,0.0,1.0358648869230047,1.0358648869230047,0.0,0.0,0.0,0.0
2024-04-12 20:00:00+00:00,20260126_001633_4be2625c_StateSignal_XLE,0.0,0.0,1.0358648869230047,1.0358648869230047,0.0,0.0,0.0,-0.0
2024-04-15 20:00:00+00:00,20260126_001633_4be2625c_StateSignal_XLE,0.0,0.0,1.0358648869230047,1.0358648869230047,0.0,0.0,0.0,-0.0
2024-04-16 20:00:00+00:00,20260126_001633_4be2625c_StateSignal_XLE,-0.006036910452677253,-0.006036910452677253,1.0296114633595779,1.0296114633595779,0.0,0.0,1.0,-0.006036910452677253
2024-04-17 20:00:00+00:00,20260126_001633_4be2625c_StateSignal_XLE,0.0,0.0,1.0296114633595779,1.0296114633595779,0.0,0.0,0.0,-0.0
2024-04-18 20:00:00+00:00,20260126_001633_4be2625c_StateSignal_XLE,0.0,0.0,1.0296114633595779,1.0296114633595779,0.0,0.0,0.0,-0.0
2024-04-19 20:00:00+00:00,20260126_001633_4be2625c_StateSignal_XLE,0.0,0.0,1.0296114633595779,1.0296114633595779,0.0,0.0,0.0,0.0
2024-04-22 20:00:00+00:00,20260126_001633_4be2625c_StateSignal_XLE,0.0,0.0,1.0296114633595779,1.0296114633595779,0.0,0.0,0.0,0.0
2024-04-23 20:00:00+00:00,20260126_001633_4be2625c_StateSignal_XLE,0.0,0.0,1.0296114633595779,1.0296114633595779,0.0,0.0,0.0,0.0
2024-04-24 20:00:00+00:00,20260126_001633_4be2625c_StateSignal_XLE,0.0,0.0,1.0296114633595779,1.0296114633595779,0.0,0.0,0.0,0.0
2024-04-25 20:00:00+00:00,20260126_001633_4be2625c_StateSignal_XLE,0.0,0.0,1.0296114633595779,1.0296114633595779,0.0,0.0,0.0,0.0
2024-04-26 20:00:00+00:00,20260126_001633_4be2625c_StateSignal_XLE,0.0,0.0,1.0296114633595779,1.0296114633595779,0.0,0.0,0.0,0.0
2024-04-29 20:00:00+00:00,20260126_001633_4be2625c_StateSignal_XLE,0.0,0.0,1.0296114633595779,1.0296114633595779,0.0,0.0,0.0,0.0
2024-04-30 20:00:00+00:00,20260126_001633_4be2625c_StateSignal_XLE,0.0,0.0,1.0296114633595779,1.0296114633595779,0.0,0.0,0.0,-0.0
2024-05-01 20:00:00+00:00,20260126_001633_4be2625c_StateSignal_XLE,0.0,0.0,1.0296114633595779,1.0296114633595779,0.0,0.0,0.0,-0.0
2024-05-02 20:00:00+00:00,20260126_001633_4be2625c_StateSignal_XLE,0.0,0.0,1.0296114633595779,1.0296114633595779,0.0,0.0,0.0,0.0
2024-05-03 20:00:00+00:00,20260126_001633_4be2625c_StateSignal_XLE,0.0,0.0,1.0296114633595779,1.0296114633595779,0.0,0.0,0.0,0.0
2024-05-06 20:00:00+00:00,20260126_001633_4be2625c_StateSignal_XLE,0.0,0.0,1.0296114633595779,1.0296114633595779,0.0,0.0,0.0,0.0
2024-05-07 20:00:00+00:00,20260126_001633_4be2625c_StateSignal_XLE,0.0,0.0,1.0296114633595779,1.0296114633595779,0.0,0.0,0.0,-0.0
2024-05-08 20:00:00+00:00,20260126_001633_4be2625c_StateSignal_XLE,-0.0015910902322418474,-0.0015910902322418474,1.0279732586172223,1.0279732586172223,0.0,0.0,1.0,-0.0015910902322418474
2024-05-09 20:00:00+00:00,20260126_001633_4be2625c_StateSignal_XLE,0.0,0.0,1.0279732586172223,1.0279732586172223,0.0,0.0,0.0,0.0
2024-05-10 20:00:00+00:00,20260126_001633_4be2625c_StateSignal_XLE,-0.006524941588295419,-0.006524941588295419,1.0212657931504152,1.0212657931504152,0.0,0.0,1.0,-0.006524941588295419
2024-05-13 20:00:00+00:00,20260126_001633_4be2625c_StateSignal_XLE,0.0,0.0,1.0212657931504152,1.0212657931504152,0.0,0.0,0.0,-0.0
2024-05-14 20:00:00+00:00,20260126_001633_4be2625c_StateSignal_XLE,0.0,0.0,1.0212657931504152,1.0212657931504152,0.0,0.0,0.0,0.0
2024-05-15 20:00:00+00:00,20260126_001633_4be2625c_StateSignal_XLE,0.0,0.0,1.0212657931504152,1.0212657931504152,0.0,0.0,0.0,0.0
2024-05-16 20:00:00+00:00,20260126_001633_4be2625c_StateSignal_XLE,0.0,0.0,1.0212657931504152,1.0212657931504152,0.0,0.0,0.0,-0.0
2024-05-17 20:00:00+00:00,20260126_001633_4be2625c_StateSignal_XLE,0.0,0.0,1.0212657931504152,1.0212657931504152,0.0,0.0,0.0,0.0
2024-05-20 20:00:00+00:00,20260126_001633_4be2625c_StateSignal_XLE,0.0,0.0,1.0212657931504152,1.0212657931504152,0.0,0.0,0.0,-0.0
2024-05-21 20:00:00+00:00,20260126_001633_4be2625c_StateSignal_XLE,0.0,0.0,1.0212657931504152,1.0212657931504152,0.0,0.0,0.0,-0.0
2024-05-22 20:00:00+00:00,20260126_001633_4be2625c_StateSignal_XLE,0.0,0.0,1.0212657931504152,1.0212657931504152,0.0,0.0,0.0,-0.0
2024-05-23 20:00:00+00:00,20260126_001633_4be2625c_StateSignal_XLE,0.0,0.0,1.0212657931504152,1.0212657931504152,0.0,0.0,0.0,-0.0
2024-05-24 20:00:00+00:00,20260126_001633_4be2625c_StateSignal_XLE,0.0,0.0,1.0212657931504152,1.0212657931504152,0.0,0.0,0.0,-0.0
2024-05-28 20:00:00+00:00,20260126_001633_4be2625c_StateSignal_XLE,0.0,0.0,1.0212657931504152,1.0212657931504152,0.0,0.0,0.0,0.0
2024-05-29 20:00:00+00:00,20260126_001633_4be2625c_StateSignal_XLE,0.0,0.0,1.0212657931504152,1.0212657931504152,0.0,0.0,0.0,-0.0
2024-05-30 20:00:00+00:00,20260126_001633_4be2625c_StateSignal_XLE,0.0,0.0,1.0212657931504152,1.0212657931504152,0.0,0.0,0.0,0.0
2024-05-31 20:00:00+00:00,20260126_001633_4be2625c_StateSignal_XLE,0.0,0.0,1.0212657931504152,1.0212657931504152,0.0,0.0,0.0,0.0
2024-06-03 20:00:00+00:00,20260126_001633_4be2625c_StateSignal_XLE,0.0,0.0,1.0212657931504152,1.0212657931504152,0.0,0.0,0.0,-0.0
2024-06-04 20:00:00+00:00,20260126_001633_4be2625c_StateSignal_XLE,0.0,0.0,1.0212657931504152,1.0212657931504152,0.0,0.0,0.0,0.0
2024-06-05 20:00:00+00:00,20260126_001633_4be2625c_StateSignal_XLE,0.0,0.0,1.0212657931504152,1.0212657931504152,0.0,0.0,0.0,-0.0
2024-06-06 20:00:00+00:00,20260126_001633_4be2625c_StateSignal_XLE,0.0,0.0,1.0212657931504152,1.0212657931504152,0.0,0.0,0.0,0.0
2024-06-07 20:00:00+00:00,20260126_001633_4be2625c_StateSignal_XLE,0.0,0.0,1.0212657931504152,1.0212657931504152,0.0,0.0,0.0,-0.0
2024-06-10 20:00:00+00:00,20260126_001633_4be2625c_StateSignal_XLE,0.0,0.0,1.0212657931504152,1.0212657931504152,0.0,0.0,0.0,0.0
2024-06-11 20:00:00+00:00,20260126_001633_4be2625c_StateSignal_XLE,0.0,0.0,1.0212657931504152,1.0212657931504152,0.0,0.0,0.0,-0.0
2024-06-12 20:00:00+00:00,20260126_001633_4be2625c_StateSignal_XLE,0.0,0.0,1.0212657931504152,1.0212657931504152,0.0,0.0,0.0,-0.0
2024-06-13 20:00:00+00:00,20260126_001633_4be2625c_StateSignal_XLE,0.0,0.0,1.0212657931504152,1.0212657931504152,0.0,0.0,0.0,0.0
2024-06-14 20:00:00+00:00,20260126_001633_4be2625c_StateSignal_XLE,0.0,0.0,1.0212657931504152,1.0212657931504152,0.0,0.0,0.0,-0.0
2024-06-17 20:00:00+00:00,20260126_001633_4be2625c_StateSignal_XLE,0.0,0.0,1.0212657931504152,1.0212657931504152,0.0,0.0,0.0,0.0
2024-06-18 20:00:00+00:00,20260126_001633_4be2625c_StateSignal_XLE,0.0,0.0,1.0212657931504152,1.0212657931504152,0.0,0.0,0.0,0.0
2024-06-20 20:00:00+00:00,20260126_001633_4be2625c_StateSignal_XLE,0.0,0.0,1.0212657931504152,1.0212657931504152,0.0,0.0,0.0,0.0
2024-06-21 20:00:00+00:00,20260126_001633_4be2625c_StateSignal_XLE,-0.004711433921319536,-0.004711433921319536,1.016454166849883,1.016454166849883,0.0,0.0,1.0,-0.004711433921319536
2024-06-24 20:00:00+00:00,20260126_001633_4be2625c_StateSignal_XLE,0.0,0.0,1.016454166849883,1.016454166849883,0.0,0.0,0.0,0.0
2024-06-25 20:00:00+00:00,20260126_001633_4be2625c_StateSignal_XLE,0.0,0.0,1.016454166849883,1.016454166849883,0.0,0.0,0.0,0.0
2024-06-26 20:00:00+00:00,20260126_001633_4be2625c_StateSignal_XLE,-0.00923367594694558,-0.00923367594694558,1.0070685584582686,1.0070685584582686,0.0,0.0,1.0,-0.00923367594694558
2024-06-27 20:00:00+00:00,20260126_001633_4be2625c_StateSignal_XLE,-0.0034654071875490065,-0.0034654071875490065,1.0035786558374327,1.0035786558374327,0.0,0.0,1.0,-0.0034654071875490065
2024-06-28 20:00:00+00:00,20260126_001633_4be2625c_StateSignal_XLE,0.0,0.0,1.0035786558374327,1.0035786558374327,0.0,0.0,0.0,0.0
2024-07-01 20:00:00+00:00,20260126_001633_4be2625c_StateSignal_XLE,0.0,0.0,1.0035786558374327,1.0035786558374327,0.0,0.0,0.0,0.0
2024-07-02 20:00:00+00:00,20260126_001633_4be2625c_StateSignal_XLE,0.0,0.0,1.0035786558374327,1.0035786558374327,0.0,0.0,0.0,-0.0
2024-07-03 20:00:00+00:00,20260126_001633_4be2625c_StateSignal_XLE,0.0011487652038733997,0.0011487652038733997,1.0047315320766086,1.0047315320766086,0.0,0.0,1.0,0.0011487652038733997
2024-07-05 20:00:00+00:00,20260126_001633_4be2625c_StateSignal_XLE,-0.012978165936844746,-0.012978165936844746,0.9916919595313382,0.9916919595313382,0.0,0.0,1.0,-0.012978165936844746
2024-07-08 20:00:00+00:00,20260126_001633_4be2625c_StateSignal_XLE,0.0,0.0,0.9916919595313382,0.9916919595313382,0.0,0.0,0.0,-0.0
2024-07-09 20:00:00+00:00,20260126_001633_4be2625c_StateSignal_XLE,0.0,0.0,0.9916919595313382,0.9916919595313382,0.0,0.0,0.0,-0.0
2024-07-10 20:00:00+00:00,20260126_001633_4be2625c_StateSignal_XLE,0.0,0.0,0.9916919595313382,0.9916919595313382,0.0,0.0,0.0,0.0
2024-07-11 20:00:00+00:00,20260126_001633_4be2625c_StateSignal_XLE,0.0,0.0,0.9916919595313382,0.9916919595313382,0.0,0.0,0.0,0.0
2024-07-12 20:00:00+00:00,20260126_001633_4be2625c_StateSignal_XLE,0.0,0.0,0.9916919595313382,0.9916919595313382,0.0,0.0,0.0,0.0
2024-07-15 20:00:00+00:00,20260126_001633_4be2625c_StateSignal_XLE,0.0,0.0,0.9916919595313382,0.9916919595313382,0.0,0.0,0.0,0.0
2024-07-16 20:00:00+00:00,20260126_001633_4be2625c_StateSignal_XLE,0.0,0.0,0.9916919595313382,0.9916919595313382,0.0,0.0,0.0,0.0
2024-07-17 20:00:00+00:00,20260126_001633_4be2625c_StateSignal_XLE,0.010651658782023267,0.010651658782023267,1.0022551239011421,1.0022551239011421,0.0,0.0,1.0,0.010651658782023267
2024-07-18 20:00:00+00:00,20260126_001633_4be2625c_StateSignal_XLE,0.0,0.0,1.0022551239011421,1.0022551239011421,0.0,0.0,0.0,0.0
2024-07-19 20:00:00+00:00,20260126_001633_4be2625c_StateSignal_XLE,0.0,0.0,1.0022551239011421,1.0022551239011421,0.0,0.0,0.0,-0.0
2024-07-22 20:00:00+00:00,20260126_001633_4be2625c_StateSignal_XLE,0.0,0.0,1.0022551239011421,1.0022551239011421,0.0,0.0,0.0,-0.0
2024-07-23 20:00:00+00:00,20260126_001633_4be2625c_StateSignal_XLE,0.0,0.0,1.0022551239011421,1.0022551239011421,0.0,0.0,0.0,-0.0
2024-07-24 20:00:00+00:00,20260126_001633_4be2625c_StateSignal_XLE,0.0,0.0,1.0022551239011421,1.0022551239011421,0.0,0.0,0.0,0.0
2024-07-25 20:00:00+00:00,20260126_001633_4be2625c_StateSignal_XLE,0.0,0.0,1.0022551239011421,1.0022551239011421,0.0,0.0,0.0,0.0
2024-07-26 20:00:00+00:00,20260126_001633_4be2625c_StateSignal_XLE,0.0,0.0,1.0022551239011421,1.0022551239011421,0.0,0.0,0.0,0.0
2024-07-29 20:00:00+00:00,20260126_001633_4be2625c_StateSignal_XLE,0.0,0.0,1.0022551239011421,1.0022551239011421,0.0,0.0,0.0,-0.0
2024-07-30 20:00:00+00:00,20260126_001633_4be2625c_StateSignal_XLE,0.0,0.0,1.0022551239011421,1.0022551239011421,0.0,0.0,0.0,0.0
2024-07-31 20:00:00+00:00,20260126_001633_4be2625c_StateSignal_XLE,0.0,0.0,1.0022551239011421,1.0022551239011421,0.0,0.0,0.0,0.0
2024-08-01 20:00:00+00:00,20260126_001633_4be2625c_StateSignal_XLE,0.0,0.0,1.0022551239011421,1.0022551239011421,0.0,0.0,0.0,-0.0
2024-08-02 20:00:00+00:00,20260126_001633_4be2625c_StateSignal_XLE,0.0,0.0,1.0022551239011421,1.0022551239011421,0.0,0.0,0.0,-0.0
2024-08-05 20:00:00+00:00,20260126_001633_4be2625c_StateSignal_XLE,0.0,0.0,1.0022551239011421,1.0022551239011421,0.0,0.0,0.0,-0.0
2024-08-06 20:00:00+00:00,20260126_001633_4be2625c_StateSignal_XLE,0.0,0.0,1.0022551239011421,1.0022551239011421,0.0,0.0,0.0,-0.0
2024-08-07 20:00:00+00:00,20260126_001633_4be2625c_StateSignal_XLE,0.0,0.0,1.0022551239011421,1.0022551239011421,0.0,0.0,0.0,-0.0
2024-08-08 20:00:00+00:00,20260126_001633_4be2625c_StateSignal_XLE,0.0,0.0,1.0022551239011421,1.0022551239011421,0.0,0.0,0.0,0.0
2024-08-09 20:00:00+00:00,20260126_001633_4be2625c_StateSignal_XLE,0.0,0.0,1.0022551239011421,1.0022551239011421,0.0,0.0,0.0,0.0
2024-08-12 20:00:00+00:00,20260126_001633_4be2625c_StateSignal_XLE,0.0,0.0,1.0022551239011421,1.0022551239011421,0.0,0.0,0.0,0.0
2024-08-13 20:00:00+00:00,20260126_001633_4be2625c_StateSignal_XLE,-0.0016515280384731374,-0.0016515280384731374,1.000599871462316,1.000599871462316,0.0,0.0,1.0,-0.0016515280384731374
2024-08-14 20:00:00+00:00,20260126_001633_4be2625c_StateSignal_XLE,0.0,0.0,1.000599871462316,1.000599871462316,0.0,0.0,0.0,0.0
2024-08-15 20:00:00+00:00,20260126_001633_4be2625c_StateSignal_XLE,0.0,0.0,1.000599871462316,1.000599871462316,0.0,0.0,0.0,0.0
2024-08-16 20:00:00+00:00,20260126_001633_4be2625c_StateSignal_XLE,0.0,0.0,1.000599871462316,1.000599871462316,0.0,0.0,0.0,-0.0
2024-08-19 20:00:00+00:00,20260126_001633_4be2625c_StateSignal_XLE,0.0,0.0,1.000599871462316,1.000599871462316,0.0,0.0,0.0,0.0
2024-08-20 20:00:00+00:00,20260126_001633_4be2625c_StateSignal_XLE,0.0,0.0,1.000599871462316,1.000599871462316,0.0,0.0,0.0,-0.0
2024-08-21 20:00:00+00:00,20260126_001633_4be2625c_StateSignal_XLE,0.0,0.0,1.000599871462316,1.000599871462316,0.0,0.0,0.0,0.0
2024-08-22 20:00:00+00:00,20260126_001633_4be2625c_StateSignal_XLE,0.0,0.0,1.000599871462316,1.000599871462316,0.0,0.0,0.0,-0.0
2024-08-23 20:00:00+00:00,20260126_001633_4be2625c_StateSignal_XLE,0.00653292104162312,0.00653292104162312,1.0071367114168377,1.0071367114168377,0.0,0.0,1.0,0.00653292104162312
2024-08-26 20:00:00+00:00,20260126_001633_4be2625c_StateSignal_XLE,-0.005053996514724587,-0.005053996514724587,1.0020466459874857,1.0020466459874857,0.0,0.0,1.0,-0.005053996514724587
2024-08-27 20:00:00+00:00,20260126_001633_4be2625c_StateSignal_XLE,0.0,0.0,1.0020466459874857,1.0020466459874857,0.0,0.0,0.0,-0.0
2024-08-28 20:00:00+00:00,20260126_001633_4be2625c_StateSignal_XLE,0.0,0.0,1.0020466459874857,1.0020466459874857,0.0,0.0,0.0,-0.0
2024-08-29 20:00:00+00:00,20260126_001633_4be2625c_StateSignal_XLE,0.0,0.0,1.0020466459874857,1.0020466459874857,0.0,0.0,0.0,0.0
2024-08-30 20:00:00+00:00,20260126_001633_4be2625c_StateSignal_XLE,0.0,0.0,1.0020466459874857,1.0020466459874857,0.0,0.0,0.0,0.0
2024-09-03 20:00:00+00:00,20260126_001633_4be2625c_StateSignal_XLE,0.0,0.0,1.0020466459874857,1.0020466459874857,0.0,0.0,0.0,-0.0
2024-09-04 20:00:00+00:00,20260126_001633_4be2625c_StateSignal_XLE,0.0,0.0,1.0020466459874857,1.0020466459874857,0.0,0.0,0.0,-0.0
2024-09-05 20:00:00+00:00,20260126_001633_4be2625c_StateSignal_XLE,0.0,0.0,1.0020466459874857,1.0020466459874857,0.0,0.0,0.0,-0.0
2024-09-06 20:00:00+00:00,20260126_001633_4be2625c_StateSignal_XLE,0.0,0.0,1.0020466459874857,1.0020466459874857,0.0,0.0,0.0,-0.0
2024-09-09 20:00:00+00:00,20260126_001633_4be2625c_StateSignal_XLE,0.0,0.0,1.0020466459874857,1.0020466459874857,0.0,0.0,0.0,0.0
2024-09-10 20:00:00+00:00,20260126_001633_4be2625c_StateSignal_XLE,0.0,0.0,1.0020466459874857,1.0020466459874857,0.0,0.0,0.0,-0.0
2024-09-11 20:00:00+00:00,20260126_001633_4be2625c_StateSignal_XLE,0.0,0.0,1.0020466459874857,1.0020466459874857,0.0,0.0,0.0,-0.0
2024-09-12 20:00:00+00:00,20260126_001633_4be2625c_StateSignal_XLE,0.0,0.0,1.0020466459874857,1.0020466459874857,0.0,0.0,0.0,0.0
2024-09-13 20:00:00+00:00,20260126_001633_4be2625c_StateSignal_XLE,0.0,0.0,1.0020466459874857,1.0020466459874857,0.0,0.0,0.0,0.0
2024-09-16 20:00:00+00:00,20260126_001633_4be2625c_StateSignal_XLE,0.0,0.0,1.0020466459874857,1.0020466459874857,0.0,0.0,0.0,0.0
2024-09-17 20:00:00+00:00,20260126_001633_4be2625c_StateSignal_XLE,0.0,0.0,1.0020466459874857,1.0020466459874857,0.0,0.0,0.0,0.0
2024-09-18 20:00:00+00:00,20260126_001633_4be2625c_StateSignal_XLE,0.0,0.0,1.0020466459874857,1.0020466459874857,0.0,0.0,0.0,0.0
2024-09-19 20:00:00+00:00,20260126_001633_4be2625c_StateSignal_XLE,0.0,0.0,1.0020466459874857,1.0020466459874857,0.0,0.0,0.0,0.0
2024-09-20 20:00:00+00:00,20260126_001633_4be2625c_StateSignal_XLE,0.0,0.0,1.0020466459874857,1.0020466459874857,0.0,0.0,0.0,0.0
2024-09-23 20:00:00+00:00,20260126_001633_4be2625c_StateSignal_XLE,0.0,0.0,1.0020466459874857,1.0020466459874857,0.0,0.0,0.0,0.0
2024-09-24 20:00:00+00:00,20260126_001633_4be2625c_StateSignal_XLE,0.0,0.0,1.0020466459874857,1.0020466459874857,0.0,0.0,0.0,-0.0
2024-09-25 20:00:00+00:00,20260126_001633_4be2625c_StateSignal_XLE,0.0,0.0,1.0020466459874857,1.0020466459874857,0.0,0.0,0.0,-0.0
2024-09-26 20:00:00+00:00,20260126_001633_4be2625c_StateSignal_XLE,0.0,0.0,1.0020466459874857,1.0020466459874857,0.0,0.0,0.0,-0.0
2024-09-27 20:00:00+00:00,20260126_001633_4be2625c_StateSignal_XLE,0.0,0.0,1.0020466459874857,1.0020466459874857,0.0,0.0,0.0,0.0
2024-09-30 20:00:00+00:00,20260126_001633_4be2625c_StateSignal_XLE,0.0,0.0,1.0020466459874857,1.0020466459874857,0.0,0.0,0.0,0.0
2024-10-01 20:00:00+00:00,20260126_001633_4be2625c_StateSignal_XLE,0.01898568687810888,0.01898568687810888,1.0210711898454634,1.0210711898454634,0.0,0.0,1.0,0.01898568687810888
2024-10-02 20:00:00+00:00,20260126_001633_4be2625c_StateSignal_XLE,0.0,0.0,1.0210711898454634,1.0210711898454634,0.0,0.0,0.0,0.0
2024-10-03 20:00:00+00:00,20260126_001633_4be2625c_StateSignal_XLE,0.0,0.0,1.0210711898454634,1.0210711898454634,0.0,0.0,0.0,0.0
2024-10-04 20:00:00+00:00,20260126_001633_4be2625c_StateSignal_XLE,0.0,0.0,1.0210711898454634,1.0210711898454634,0.0,0.0,0.0,0.0
2024-10-07 20:00:00+00:00,20260126_001633_4be2625c_StateSignal_XLE,0.0,0.0,1.0210711898454634,1.0210711898454634,0.0,0.0,0.0,-0.0
2024-10-08 20:00:00+00:00,20260126_001633_4be2625c_StateSignal_XLE,0.0,0.0,1.0210711898454634,1.0210711898454634,0.0,0.0,0.0,-0.0
2024-10-09 20:00:00+00:00,20260126_001633_4be2625c_StateSignal_XLE,0.0,0.0,1.0210711898454634,1.0210711898454634,0.0,0.0,0.0,0.0
2024-10-10 20:00:00+00:00,20260126_001633_4be2625c_StateSignal_XLE,0.0,0.0,1.0210711898454634,1.0210711898454634,0.0,0.0,0.0,0.0
2024-10-11 20:00:00+00:00,20260126_001633_4be2625c_StateSignal_XLE,0.0,0.0,1.0210711898454634,1.0210711898454634,0.0,0.0,0.0,0.0
2024-10-14 20:00:00+00:00,20260126_001633_4be2625c_StateSignal_XLE,0.0,0.0,1.0210711898454634,1.0210711898454634,0.0,0.0,0.0,0.0
2024-10-15 20:00:00+00:00,20260126_001633_4be2625c_StateSignal_XLE,0.0,0.0,1.0210711898454634,1.0210711898454634,0.0,0.0,0.0,-0.0
2024-10-16 20:00:00+00:00,20260126_001633_4be2625c_StateSignal_XLE,0.0,0.0,1.0210711898454634,1.0210711898454634,0.0,0.0,0.0,0.0
2024-10-17 20:00:00+00:00,20260126_001633_4be2625c_StateSignal_XLE,0.0,0.0,1.0210711898454634,1.0210711898454634,0.0,0.0,0.0,-0.0
2024-10-18 20:00:00+00:00,20260126_001633_4be2625c_StateSignal_XLE,0.0,0.0,1.0210711898454634,1.0210711898454634,0.0,0.0,0.0,-0.0
2024-10-21 20:00:00+00:00,20260126_001633_4be2625c_StateSignal_XLE,0.0,0.0,1.0210711898454634,1.0210711898454634,0.0,0.0,0.0,-0.0
2024-10-22 20:00:00+00:00,20260126_001633_4be2625c_StateSignal_XLE,0.0,0.0,1.0210711898454634,1.0210711898454634,0.0,0.0,0.0,0.0
2024-10-23 20:00:00+00:00,20260126_001633_4be2625c_StateSignal_XLE,0.0,0.0,1.0210711898454634,1.0210711898454634,0.0,0.0,0.0,-0.0
2024-10-24 20:00:00+00:00,20260126_001633_4be2625c_StateSignal_XLE,0.0,0.0,1.0210711898454634,1.0210711898454634,0.0,0.0,0.0,-0.0
2024-10-25 20:00:00+00:00,20260126_001633_4be2625c_StateSignal_XLE,0.0,0.0,1.0210711898454634,1.0210711898454634,0.0,0.0,0.0,0.0
2024-10-28 20:00:00+00:00,20260126_001633_4be2625c_StateSignal_XLE,0.0,0.0,1.0210711898454634,1.0210711898454634,0.0,0.0,0.0,-0.0
2024-10-29 20:00:00+00:00,20260126_001633_4be2625c_StateSignal_XLE,0.0,0.0,1.0210711898454634,1.0210711898454634,0.0,0.0,0.0,-0.0
2024-10-30 20:00:00+00:00,20260126_001633_4be2625c_StateSignal_XLE,0.0,0.0,1.0210711898454634,1.0210711898454634,0.0,0.0,0.0,-0.0
2024-10-31 20:00:00+00:00,20260126_001633_4be2625c_StateSignal_XLE,-0.0032879315669894302,-0.0032879315669894302,1.017713977648227,1.017713977648227,0.0,0.0,1.0,-0.0032879315669894302
2024-11-01 20:00:00+00:00,20260126_001633_4be2625c_StateSignal_XLE,0.0,0.0,1.017713977648227,1.017713977648227,0.0,0.0,0.0,-0.0
2024-11-04 21:00:00+00:00,20260126_001633_4be2625c_StateSignal_XLE,0.017608155366728984,0.017608155366728984,1.0356340434855484,1.0356340434855484,0.0,0.0,1.0,0.017608155366728984
2024-11-05 21:00:00+00:00,20260126_001633_4be2625c_StateSignal_XLE,0.0,0.0,1.0356340434855484,1.0356340434855484,0.0,0.0,0.0,0.0
2024-11-06 21:00:00+00:00,20260126_001633_4be2625c_StateSignal_XLE,0.0,0.0,1.0356340434855484,1.0356340434855484,0.0,0.0,0.0,0.0
2024-11-07 21:00:00+00:00,20260126_001633_4be2625c_StateSignal_XLE,0.0,0.0,1.0356340434855484,1.0356340434855484,0.0,0.0,0.0,0.0
2024-11-08 21:00:00+00:00,20260126_001633_4be2625c_StateSignal_XLE,0.0,0.0,1.0356340434855484,1.0356340434855484,0.0,0.0,0.0,0.0
2024-11-11 21:00:00+00:00,20260126_001633_4be2625c_StateSignal_XLE,0.0,0.0,1.0356340434855484,1.0356340434855484,0.0,0.0,0.0,0.0
2024-11-12 21:00:00+00:00,20260126_001633_4be2625c_StateSignal_XLE,0.0,0.0,1.0356340434855484,1.0356340434855484,0.0,0.0,0.0,-0.0
2024-11-13 21:00:00+00:00,20260126_001633_4be2625c_StateSignal_XLE,0.0,0.0,1.0356340434855484,1.0356340434855484,0.0,0.0,0.0,0.0
2024-11-14 21:00:00+00:00,20260126_001633_4be2625c_StateSignal_XLE,0.0,0.0,1.0356340434855484,1.0356340434855484,0.0,0.0,0.0,0.0
2024-11-15 21:00:00+00:00,20260126_001633_4be2625c_StateSignal_XLE,0.0,0.0,1.0356340434855484,1.0356340434855484,0.0,0.0,0.0,-0.0
2024-11-18 21:00:00+00:00,20260126_001633_4be2625c_StateSignal_XLE,0.0,0.0,1.0356340434855484,1.0356340434855484,0.0,0.0,0.0,0.0
2024-11-19 21:00:00+00:00,20260126_001633_4be2625c_StateSignal_XLE,0.0,0.0,1.0356340434855484,1.0356340434855484,0.0,0.0,0.0,-0.0
2024-11-20 21:00:00+00:00,20260126_001633_4be2625c_StateSignal_XLE,0.0,0.0,1.0356340434855484,1.0356340434855484,0.0,0.0,0.0,0.0
2024-11-21 21:00:00+00:00,20260126_001633_4be2625c_StateSignal_XLE,0.0,0.0,1.0356340434855484,1.0356340434855484,0.0,0.0,0.0,0.0
2024-11-22 21:00:00+00:00,20260126_001633_4be2625c_StateSignal_XLE,0.0,0.0,1.0356340434855484,1.0356340434855484,0.0,0.0,0.0,-0.0
2024-11-25 21:00:00+00:00,20260126_001633_4be2625c_StateSignal_XLE,0.0,0.0,1.0356340434855484,1.0356340434855484,0.0,0.0,0.0,-0.0
2024-11-26 21:00:00+00:00,20260126_001633_4be2625c_StateSignal_XLE,0.0,0.0,1.0356340434855484,1.0356340434855484,0.0,0.0,0.0,-0.0
2024-11-27 21:00:00+00:00,20260126_001633_4be2625c_StateSignal_XLE,0.0,0.0,1.0356340434855484,1.0356340434855484,0.0,0.0,0.0,-0.0
2024-11-29 21:00:00+00:00,20260126_001633_4be2625c_StateSignal_XLE,0.0,0.0,1.0356340434855484,1.0356340434855484,0.0,0.0,0.0,-0.0
2024-12-02 21:00:00+00:00,20260126_001633_4be2625c_StateSignal_XLE,-0.0008814456278060719,-0.0008814456278060719,1.0347211883859109,1.0347211883859109,0.0,0.0,1.0,-0.0008814456278060719
2024-12-03 21:00:00+00:00,20260126_001633_4be2625c_StateSignal_XLE,0.0,0.0,1.0347211883859109,1.0347211883859109,0.0,0.0,0.0,-0.0
2024-12-04 21:00:00+00:00,20260126_001633_4be2625c_StateSignal_XLE,-0.017021687569430493,-0.017021687569430493,1.0171084875957361,1.0171084875957361,0.0,0.0,1.0,-0.017021687569430493
2024-12-05 21:00:00+00:00,20260126_001633_4be2625c_StateSignal_XLE,0.0,0.0,1.0171084875957361,1.0171084875957361,0.0,0.0,0.0,-0.0
2024-12-06 21:00:00+00:00,20260126_001633_4be2625c_StateSignal_XLE,0.0,0.0,1.0171084875957361,1.0171084875957361,0.0,0.0,0.0,-0.0
2024-12-09 21:00:00+00:00,20260126_001633_4be2625c_StateSignal_XLE,-0.006626323800142885,-0.006626323800142885,1.0103687974170532,1.0103687974170532,0.0,0.0,1.0,-0.006626323800142885
2024-12-10 21:00:00+00:00,20260126_001633_4be2625c_StateSignal_XLE,-0.0032258092488826008,-0.0032258092488826008,1.0071095404055628,1.0071095404055628,0.0,0.0,1.0,-0.0032258092488826008
2024-12-11 21:00:00+00:00,20260126_001633_4be2625c_StateSignal_XLE,0.0,0.0,1.0071095404055628,1.0071095404055628,0.0,0.0,0.0,0.0
2024-12-12 21:00:00+00:00,20260126_001633_4be2625c_StateSignal_XLE,0.0,0.0,1.0071095404055628,1.0071095404055628,0.0,0.0,0.0,-0.0
2024-12-13 21:00:00+00:00,20260126_001633_4be2625c_StateSignal_XLE,0.00046718057378565786,0.00046718057378565786,1.0075800424185144,1.0075800424185144,0.0,0.0,1.0,0.00046718057378565786
2024-12-16 21:00:00+00:00,20260126_001633_4be2625c_StateSignal_XLE,-0.012811563134200255,-0.012811563134200255,0.9946713670923094,0.9946713670923094,0.0,0.0,1.0,-0.012811563134200255
2024-12-17 21:00:00+00:00,20260126_001633_4be2625c_StateSignal_XLE,0.0,0.0,0.9946713670923094,0.9946713670923094,0.0,0.0,0.0,0.0
2024-12-18 21:00:00+00:00,20260126_001633_4be2625c_StateSignal_XLE,0.0,0.0,0.9946713670923094,0.9946713670923094,0.0,0.0,0.0,-0.0
2024-12-19 21:00:00+00:00,20260126_001633_4be2625c_StateSignal_XLE,0.0,0.0,0.9946713670923094,0.9946713670923094,0.0,0.0,0.0,-0.0
2024-12-20 21:00:00+00:00,20260126_001633_4be2625c_StateSignal_XLE,0.0,0.0,0.9946713670923094,0.9946713670923094,0.0,0.0,0.0,0.0
2024-12-23 21:00:00+00:00,20260126_001633_4be2625c_StateSignal_XLE,0.0,0.0,0.9946713670923094,0.9946713670923094,0.0,0.0,0.0,0.0
2024-12-24 21:00:00+00:00,20260126_001633_4be2625c_StateSignal_XLE,0.0,0.0,0.9946713670923094,0.9946713670923094,0.0,0.0,0.0,0.0
2024-12-26 21:00:00+00:00,20260126_001633_4be2625c_StateSignal_XLE,0.0,0.0,0.9946713670923094,0.9946713670923094,0.0,0.0,0.0,0.0
2024-12-27 21:00:00+00:00,20260126_001633_4be2625c_StateSignal_XLE,0.0,0.0,0.9946713670923094,0.9946713670923094,0.0,0.0,0.0,-0.0
2024-12-30 21:00:00+00:00,20260126_001633_4be2625c_StateSignal_XLE,0.0,0.0,0.9946713670923094,0.9946713670923094,0.0,0.0,0.0,0.0
2024-12-31 21:00:00+00:00,20260126_001633_4be2625c_StateSignal_XLE,0.0,0.0,0.9946713670923094,0.9946713670923094,0.0,0.0,0.0,0.0
2025-01-02 21:00:00+00:00,20260126_001633_4be2625c_StateSignal_XLE,0.0,0.0,0.9946713670923094,0.9946713670923094,0.0,0.0,0.0,0.0
2025-01-03 21:00:00+00:00,20260126_001633_4be2625c_StateSignal_XLE,0.0,0.0,0.9946713670923094,0.9946713670923094,0.0,0.0,0.0,0.0
2025-01-06 21:00:00+00:00,20260126_001633_4be2625c_StateSignal_XLE,0.0,0.0,0.9946713670923094,0.9946713670923094,0.0,0.0,0.0,-0.0
2025-01-07 21:00:00+00:00,20260126_001633_4be2625c_StateSignal_XLE,0.0,0.0,0.9946713670923094,0.9946713670923094,0.0,0.0,0.0,0.0
2025-01-08 21:00:00+00:00,20260126_001633_4be2625c_StateSignal_XLE,0.0,0.0,0.9946713670923094,0.9946713670923094,0.0,0.0,0.0,0.0
2025-01-10 21:00:00+00:00,20260126_001633_4be2625c_StateSignal_XLE,0.0,0.0,0.9946713670923094,0.9946713670923094,0.0,0.0,0.0,0.0
2025-01-13 21:00:00+00:00,20260126_001633_4be2625c_StateSignal_XLE,0.0,0.0,0.9946713670923094,0.9946713670923094,0.0,0.0,0.0,0.0
2025-01-14 21:00:00+00:00,20260126_001633_4be2625c_StateSignal_XLE,0.0,0.0,0.9946713670923094,0.9946713670923094,0.0,0.0,0.0,0.0
2025-01-15 21:00:00+00:00,20260126_001633_4be2625c_StateSignal_XLE,0.0,0.0,0.9946713670923094,0.9946713670923094,0.0,0.0,0.0,0.0
2025-01-16 21:00:00+00:00,20260126_001633_4be2625c_StateSignal_XLE,0.0,0.0,0.9946713670923094,0.9946713670923094,0.0,0.0,0.0,0.0
2025-01-17 21:00:00+00:00,20260126_001633_4be2625c_StateSignal_XLE,0.0,0.0,0.9946713670923094,0.9946713670923094,0.0,0.0,0.0,0.0
2025-01-21 21:00:00+00:00,20260126_001633_4be2625c_StateSignal_XLE,0.0,0.0,0.9946713670923094,0.9946713670923094,0.0,0.0,0.0,0.0
2025-01-22 21:00:00+00:00,20260126_001633_4be2625c_StateSignal_XLE,0.0,0.0,0.9946713670923094,0.9946713670923094,0.0,0.0,0.0,-0.0
2025-01-23 21:00:00+00:00,20260126_001633_4be2625c_StateSignal_XLE,-0.00044843050078822696,-0.00044843050078822696,0.9942253261130445,0.9942253261130445,0.0,0.0,1.0,-0.00044843050078822696
2025-01-24 21:00:00+00:00,20260126_001633_4be2625c_StateSignal_XLE,-0.012595758070012614,-0.012595758070012614,0.9817023044382452,0.9817023044382452,0.0,0.0,1.0,-0.012595758070012614
2025-01-27 21:00:00+00:00,20260126_001633_4be2625c_StateSignal_XLE,0.0025180281131040477,0.0025180281131040477,0.9841742584395198,0.9841742584395198,0.0,0.0,1.0,0.0025180281131040477
2025-01-28 21:00:00+00:00,20260126_001633_4be2625c_StateSignal_XLE,0.0,0.0,0.9841742584395198,0.9841742584395198,0.0,0.0,0.0,-0.0
2025-01-29 21:00:00+00:00,20260126_001633_4be2625c_StateSignal_XLE,0.0,0.0,0.9841742584395198,0.9841742584395198,0.0,0.0,0.0,0.0
2025-01-30 21:00:00+00:00,20260126_001633_4be2625c_StateSignal_XLE,0.0,0.0,0.9841742584395198,0.9841742584395198,0.0,0.0,0.0,-0.0
2025-01-31 21:00:00+00:00,20260126_001633_4be2625c_StateSignal_XLE,0.0,0.0,0.9841742584395198,0.9841742584395198,0.0,0.0,0.0,-0.0
2025-02-03 21:00:00+00:00,20260126_001633_4be2625c_StateSignal_XLE,0.0,0.0,0.9841742584395198,0.9841742584395198,0.0,0.0,0.0,0.0
2025-02-04 21:00:00+00:00,20260126_001633_4be2625c_StateSignal_XLE,0.01084834643701306,0.01084834643701306,0.9948509217494621,0.9948509217494621,0.0,0.0,1.0,0.01084834643701306
2025-02-05 21:00:00+00:00,20260126_001633_4be2625c_StateSignal_XLE,0.0,0.0,0.9948509217494621,0.9948509217494621,0.0,0.0,0.0,0.0
2025-02-06 21:00:00+00:00,20260126_001633_4be2625c_StateSignal_XLE,0.0,0.0,0.9948509217494621,0.9948509217494621,0.0,0.0,0.0,-0.0
2025-02-07 21:00:00+00:00,20260126_001633_4be2625c_StateSignal_XLE,0.0,0.0,0.9948509217494621,0.9948509217494621,0.0,0.0,0.0,-0.0
2025-02-10 21:00:00+00:00,20260126_001633_4be2625c_StateSignal_XLE,0.0,0.0,0.9948509217494621,0.9948509217494621,0.0,0.0,0.0,0.0
2025-02-11 21:00:00+00:00,20260126_001633_4be2625c_StateSignal_XLE,0.0,0.0,0.9948509217494621,0.9948509217494621,0.0,0.0,0.0,0.0
2025-02-12 21:00:00+00:00,20260126_001633_4be2625c_StateSignal_XLE,0.0,0.0,0.9948509217494621,0.9948509217494621,0.0,0.0,0.0,-0.0
2025-02-13 21:00:00+00:00,20260126_001633_4be2625c_StateSignal_XLE,0.0,0.0,0.9948509217494621,0.9948509217494621,0.0,0.0,0.0,0.0
2025-02-14 21:00:00+00:00,20260126_001633_4be2625c_StateSignal_XLE,-0.013450561839488848,-0.013450561839488848,0.9814696179053984,0.9814696179053984,0.0,0.0,1.0,-0.013450561839488848
2025-02-18 21:00:00+00:00,20260126_001633_4be2625c_StateSignal_XLE,0.0,0.0,0.9814696179053984,0.9814696179053984,0.0,0.0,0.0,0.0
2025-02-19 21:00:00+00:00,20260126_001633_4be2625c_StateSignal_XLE,0.0,0.0,0.9814696179053984,0.9814696179053984,0.0,0.0,0.0,-0.0
2025-02-20 21:00:00+00:00,20260126_001633_4be2625c_StateSignal_XLE,0.0,0.0,0.9814696179053984,0.9814696179053984,0.0,0.0,0.0,0.0
2025-02-21 21:00:00+00:00,20260126_001633_4be2625c_StateSignal_XLE,0.0,0.0,0.9814696179053984,0.9814696179053984,0.0,0.0,0.0,-0.0
2025-02-24 21:00:00+00:00,20260126_001633_4be2625c_StateSignal_XLE,0.0,0.0,0.9814696179053984,0.9814696179053984,0.0,0.0,0.0,0.0
2025-02-25 21:00:00+00:00,20260126_001633_4be2625c_StateSignal_XLE,0.0,0.0,0.9814696179053984,0.9814696179053984,0.0,0.0,0.0,-0.0
2025-02-26 21:00:00+00:00,20260126_001633_4be2625c_StateSignal_XLE,0.0,0.0,0.9814696179053984,0.9814696179053984,0.0,0.0,0.0,-0.0
2025-02-27 21:00:00+00:00,20260126_001633_4be2625c_StateSignal_XLE,0.0,0.0,0.9814696179053984,0.9814696179053984,0.0,0.0,0.0,-0.0
2025-02-28 21:00:00+00:00,20260126_001633_4be2625c_StateSignal_XLE,0.0,0.0,0.9814696179053984,0.9814696179053984,0.0,0.0,0.0,0.0
2025-03-03 21:00:00+00:00,20260126_001633_4be2625c_StateSignal_XLE,0.0,0.0,0.9814696179053984,0.9814696179053984,0.0,0.0,0.0,-0.0
2025-03-04 21:00:00+00:00,20260126_001633_4be2625c_StateSignal_XLE,0.0,0.0,0.9814696179053984,0.9814696179053984,0.0,0.0,0.0,0.0
2025-03-05 21:00:00+00:00,20260126_001633_4be2625c_StateSignal_XLE,0.0,0.0,0.9814696179053984,0.9814696179053984,0.0,0.0,0.0,-0.0
2025-03-06 21:00:00+00:00,20260126_001633_4be2625c_StateSignal_XLE,0.0,0.0,0.9814696179053984,0.9814696179053984,0.0,0.0,0.0,0.0
2025-03-07 21:00:00+00:00,20260126_001633_4be2625c_StateSignal_XLE,0.002840911001603721,0.002840911001603721,0.9842578857406457,0.9842578857406457,0.0,0.0,1.0,0.002840911001603721
2025-03-10 20:00:00+00:00,20260126_001633_4be2625c_StateSignal_XLE,0.0,0.0,0.9842578857406457,0.9842578857406457,0.0,0.0,0.0,0.0
2025-03-11 20:00:00+00:00,20260126_001633_4be2625c_StateSignal_XLE,0.0,0.0,0.9842578857406457,0.9842578857406457,0.0,0.0,0.0,-0.0
2025-03-12 20:00:00+00:00,20260126_001633_4be2625c_StateSignal_XLE,0.0,0.0,0.9842578857406457,0.9842578857406457,0.0,0.0,0.0,0.0
2025-03-13 20:00:00+00:00,20260126_001633_4be2625c_StateSignal_XLE,-0.00661471818893254,-0.00661471818893254,0.9777472972012367,0.9777472972012367,0.0,0.0,1.0,-0.00661471818893254
2025-03-14 20:00:00+00:00,20260126_001633_4be2625c_StateSignal_XLE,0.0,0.0,0.9777472972012367,0.9777472972012367,0.0,0.0,0.0,0.0
2025-03-17 20:00:00+00:00,20260126_001633_4be2625c_StateSignal_XLE,0.0,0.0,0.9777472972012367,0.9777472972012367,0.0,0.0,0.0,0.0
2025-03-18 20:00:00+00:00,20260126_001633_4be2625c_StateSignal_XLE,0.0,0.0,0.9777472972012367,0.9777472972012367,0.0,0.0,0.0,-0.0
2025-03-19 20:00:00+00:00,20260126_001633_4be2625c_StateSignal_XLE,0.0,0.0,0.9777472972012367,0.9777472972012367,0.0,0.0,0.0,0.0
2025-03-20 20:00:00+00:00,20260126_001633_4be2625c_StateSignal_XLE,0.0,0.0,0.9777472972012367,0.9777472972012367,0.0,0.0,0.0,0.0
2025-03-21 20:00:00+00:00,20260126_001633_4be2625c_StateSignal_XLE,0.0,0.0,0.9777472972012367,0.9777472972012367,0.0,0.0,0.0,-0.0
2025-03-24 20:00:00+00:00,20260126_001633_4be2625c_StateSignal_XLE,0.0,0.0,0.9777472972012367,0.9777472972012367,0.0,0.0,0.0,0.0
2025-03-25 20:00:00+00:00,20260126_001633_4be2625c_StateSignal_XLE,0.0,0.0,0.9777472972012367,0.9777472972012367,0.0,0.0,0.0,-0.0
2025-03-26 20:00:00+00:00,20260126_001633_4be2625c_StateSignal_XLE,0.0,0.0,0.9777472972012367,0.9777472972012367,0.0,0.0,0.0,0.0
2025-03-27 20:00:00+00:00,20260126_001633_4be2625c_StateSignal_XLE,0.0,0.0,0.9777472972012367,0.9777472972012367,0.0,0.0,0.0,-0.0
2025-03-28 20:00:00+00:00,20260126_001633_4be2625c_StateSignal_XLE,0.0,0.0,0.9777472972012367,0.9777472972012367,0.0,0.0,0.0,-0.0
2025-03-31 20:00:00+00:00,20260126_001633_4be2625c_StateSignal_XLE,0.0,0.0,0.9777472972012367,0.9777472972012367,0.0,0.0,0.0,0.0
2025-04-01 20:00:00+00:00,20260126_001633_4be2625c_StateSignal_XLE,0.0,0.0,0.9777472972012367,0.9777472972012367,0.0,0.0,0.0,0.0
2025-04-02 20:00:00+00:00,20260126_001633_4be2625c_StateSignal_XLE,0.0,0.0,0.9777472972012367,0.9777472972012367,0.0,0.0,0.0,0.0
2025-04-03 20:00:00+00:00,20260126_001633_4be2625c_StateSignal_XLE,0.0,0.0,0.9777472972012367,0.9777472972012367,0.0,0.0,0.0,-0.0
2025-04-04 20:00:00+00:00,20260126_001633_4be2625c_StateSignal_XLE,0.0,0.0,0.9777472972012367,0.9777472972012367,0.0,0.0,0.0,-0.0
2025-04-07 20:00:00+00:00,20260126_001633_4be2625c_StateSignal_XLE,0.0,0.0,0.9777472972012367,0.9777472972012367,0.0,0.0,0.0,0.0
2025-04-08 20:00:00+00:00,20260126_001633_4be2625c_StateSignal_XLE,0.0,0.0,0.9777472972012367,0.9777472972012367,0.0,0.0,0.0,-0.0
2025-04-09 20:00:00+00:00,20260126_001633_4be2625c_StateSignal_XLE,0.0,0.0,0.9777472972012367,0.9777472972012367,0.0,0.0,0.0,0.0
2025-04-10 20:00:00+00:00,20260126_001633_4be2625c_StateSignal_XLE,0.0,0.0,0.9777472972012367,0.9777472972012367,0.0,0.0,0.0,-0.0
2025-04-11 20:00:00+00:00,20260126_001633_4be2625c_StateSignal_XLE,0.024725089085511152,0.024725089085511152,1.0019221862276548,1.0019221862276548,0.0,0.0,1.0,0.024725089085511152
2025-04-14 20:00:00+00:00,20260126_001633_4be2625c_StateSignal_XLE,0.0,0.0,1.0019221862276548,1.0019221862276548,0.0,0.0,0.0,0.0
2025-04-15 20:00:00+00:00,20260126_001633_4be2625c_StateSignal_XLE,0.0,0.0,1.0019221862276548,1.0019221862276548,0.0,0.0,0.0,-0.0
2025-04-16 20:00:00+00:00,20260126_001633_4be2625c_StateSignal_XLE,0.0,0.0,1.0019221862276548,1.0019221862276548,0.0,0.0,0.0,0.0
2025-04-17 20:00:00+00:00,20260126_001633_4be2625c_StateSignal_XLE,0.0,0.0,1.0019221862276548,1.0019221862276548,0.0,0.0,0.0,0.0
2025-04-21 20:00:00+00:00,20260126_001633_4be2625c_StateSignal_XLE,0.0,0.0,1.0019221862276548,1.0019221862276548,0.0,0.0,0.0,-0.0
2025-04-22 20:00:00+00:00,20260126_001633_4be2625c_StateSignal_XLE,0.0,0.0,1.0019221862276548,1.0019221862276548,0.0,0.0,0.0,0.0
2025-04-23 20:00:00+00:00,20260126_001633_4be2625c_StateSignal_XLE,0.0,0.0,1.0019221862276548,1.0019221862276548,0.0,0.0,0.0,-0.0
2025-04-24 20:00:00+00:00,20260126_001633_4be2625c_StateSignal_XLE,0.0,0.0,1.0019221862276548,1.0019221862276548,0.0,0.0,0.0,0.0
2025-04-25 20:00:00+00:00,20260126_001633_4be2625c_StateSignal_XLE,0.002992520936454165,0.002992520936454165,1.004920459346639,1.004920459346639,0.0,0.0,1.0,0.002992520936454165
2025-04-28 20:00:00+00:00,20260126_001633_4be2625c_StateSignal_XLE,0.0017328881672714028,0.0017328881672714028,1.0066618741196898,1.0066618741196898,0.0,0.0,1.0,0.0017328881672714028
2025-04-29 20:00:00+00:00,20260126_001633_4be2625c_StateSignal_XLE,-0.0034687844494233006,-0.0034687844494233006,1.003169981064916,1.003169981064916,0.0,0.0,1.0,-0.0034687844494233006
2025-04-30 20:00:00+00:00,20260126_001633_4be2625c_StateSignal_XLE,0.0,0.0,1.003169981064916,1.003169981064916,0.0,0.0,0.0,0.0
2025-05-01 20:00:00+00:00,20260126_001633_4be2625c_StateSignal_XLE,0.0,0.0,1.003169981064916,1.003169981064916,0.0,0.0,0.0,0.0
2025-05-02 20:00:00+00:00,20260126_001633_4be2625c_StateSignal_XLE,0.0,0.0,1.003169981064916,1.003169981064916,0.0,0.0,0.0,0.0
2025-05-05 20:00:00+00:00,20260126_001633_4be2625c_StateSignal_XLE,0.0,0.0,1.003169981064916,1.003169981064916,0.0,0.0,0.0,0.0
2025-05-06 20:00:00+00:00,20260126_001633_4be2625c_StateSignal_XLE,0.0,0.0,1.003169981064916,1.003169981064916,0.0,0.0,0.0,-0.0
2025-05-07 20:00:00+00:00,20260126_001633_4be2625c_StateSignal_XLE,0.0,0.0,1.003169981064916,1.003169981064916,0.0,0.0,0.0,0.0
2025-05-08 20:00:00+00:00,20260126_001633_4be2625c_StateSignal_XLE,-0.0035122966362925645,-0.0035122966362925645,0.9996465505147919,0.9996465505147919,0.0,0.0,1.0,-0.0035122966362925645
2025-05-09 20:00:00+00:00,20260126_001633_4be2625c_StateSignal_XLE,0.01000258402227246,0.01000258402227246,1.0096455991288908,1.0096455991288908,0.0,0.0,1.0,0.01000258402227246
2025-05-12 20:00:00+00:00,20260126_001633_4be2625c_StateSignal_XLE,0.0,0.0,1.0096455991288908,1.0096455991288908,0.0,0.0,0.0,-0.0
2025-05-13 20:00:00+00:00,20260126_001633_4be2625c_StateSignal_XLE,0.0,0.0,1.0096455991288908,1.0096455991288908,0.0,0.0,0.0,0.0
2025-05-14 20:00:00+00:00,20260126_001633_4be2625c_StateSignal_XLE,0.0,0.0,1.0096455991288908,1.0096455991288908,0.0,0.0,0.0,0.0
2025-05-15 20:00:00+00:00,20260126_001633_4be2625c_StateSignal_XLE,0.0,0.0,1.0096455991288908,1.0096455991288908,0.0,0.0,0.0,0.0
2025-05-16 20:00:00+00:00,20260126_001633_4be2625c_StateSignal_XLE,0.0,0.0,1.0096455991288908,1.0096455991288908,0.0,0.0,0.0,0.0
2025-05-19 20:00:00+00:00,20260126_001633_4be2625c_StateSignal_XLE,0.0,0.0,1.0096455991288908,1.0096455991288908,0.0,0.0,0.0,0.0
2025-05-20 20:00:00+00:00,20260126_001633_4be2625c_StateSignal_XLE,0.0,0.0,1.0096455991288908,1.0096455991288908,0.0,0.0,0.0,-0.0
2025-05-21 20:00:00+00:00,20260126_001633_4be2625c_StateSignal_XLE,0.0,0.0,1.0096455991288908,1.0096455991288908,0.0,0.0,0.0,-0.0
2025-05-22 20:00:00+00:00,20260126_001633_4be2625c_StateSignal_XLE,0.0,0.0,1.0096455991288908,1.0096455991288908,0.0,0.0,0.0,0.0
2025-05-23 20:00:00+00:00,20260126_001633_4be2625c_StateSignal_XLE,0.0,0.0,1.0096455991288908,1.0096455991288908,0.0,0.0,0.0,0.0
2025-05-27 20:00:00+00:00,20260126_001633_4be2625c_StateSignal_XLE,0.0,0.0,1.0096455991288908,1.0096455991288908,0.0,0.0,0.0,0.0
2025-05-28 20:00:00+00:00,20260126_001633_4be2625c_StateSignal_XLE,0.0,0.0,1.0096455991288908,1.0096455991288908,0.0,0.0,0.0,-0.0
2025-05-29 20:00:00+00:00,20260126_001633_4be2625c_StateSignal_XLE,0.0,0.0,1.0096455991288908,1.0096455991288908,0.0,0.0,0.0,0.0
2025-05-30 20:00:00+00:00,20260126_001633_4be2625c_StateSignal_XLE,0.0,0.0,1.0096455991288908,1.0096455991288908,0.0,0.0,0.0,-0.0
2025-06-02 20:00:00+00:00,20260126_001633_4be2625c_StateSignal_XLE,0.0057278204163433,0.0057278204163433,1.0154286678048525,1.0154286678048525,0.0,0.0,1.0,0.0057278204163433
2025-06-03 20:00:00+00:00,20260126_001633_4be2625c_StateSignal_XLE,0.01160363593529725,0.01160363593529725,1.027211332384324,1.027211332384324,0.0,0.0,1.0,0.01160363593529725
2025-06-04 20:00:00+00:00,20260126_001633_4be2625c_StateSignal_XLE,0.0,0.0,1.027211332384324,1.027211332384324,0.0,0.0,0.0,-0.0
2025-06-05 20:00:00+00:00,20260126_001633_4be2625c_StateSignal_XLE,0.0,0.0,1.027211332384324,1.027211332384324,0.0,0.0,0.0,-0.0
2025-06-06 20:00:00+00:00,20260126_001633_4be2625c_StateSignal_XLE,0.0,0.0,1.027211332384324,1.027211332384324,0.0,0.0,0.0,0.0
2025-06-09 20:00:00+00:00,20260126_001633_4be2625c_StateSignal_XLE,0.0,0.0,1.027211332384324,1.027211332384324,0.0,0.0,0.0,-0.0
2025-06-10 20:00:00+00:00,20260126_001633_4be2625c_StateSignal_XLE,0.0,0.0,1.027211332384324,1.027211332384324,0.0,0.0,0.0,0.0
2025-06-11 20:00:00+00:00,20260126_001633_4be2625c_StateSignal_XLE,0.0,0.0,1.027211332384324,1.027211332384324,0.0,0.0,0.0,0.0
2025-06-12 20:00:00+00:00,20260126_001633_4be2625c_StateSignal_XLE,0.0,0.0,1.027211332384324,1.027211332384324,0.0,0.0,0.0,0.0
2025-06-13 20:00:00+00:00,20260126_001633_4be2625c_StateSignal_XLE,0.0,0.0,1.027211332384324,1.027211332384324,0.0,0.0,0.0,0.0
2025-06-16 20:00:00+00:00,20260126_001633_4be2625c_StateSignal_XLE,0.0,0.0,1.027211332384324,1.027211332384324,0.0,0.0,0.0,-0.0
2025-06-17 20:00:00+00:00,20260126_001633_4be2625c_StateSignal_XLE,0.0,0.0,1.027211332384324,1.027211332384324,0.0,0.0,0.0,-0.0
2025-06-18 20:00:00+00:00,20260126_001633_4be2625c_StateSignal_XLE,0.0,0.0,1.027211332384324,1.027211332384324,0.0,0.0,0.0,-0.0
2025-06-20 20:00:00+00:00,20260126_001633_4be2625c_StateSignal_XLE,0.0,0.0,1.027211332384324,1.027211332384324,0.0,0.0,0.0,0.0
2025-06-23 20:00:00+00:00,20260126_001633_4be2625c_StateSignal_XLE,0.0,0.0,1.027211332384324,1.027211332384324,0.0,0.0,0.0,-0.0
2025-06-24 20:00:00+00:00,20260126_001633_4be2625c_StateSignal_XLE,0.0,0.0,1.027211332384324,1.027211332384324,0.0,0.0,0.0,-0.0
2025-06-25 20:00:00+00:00,20260126_001633_4be2625c_StateSignal_XLE,0.0014447389943743852,0.0014447389943743852,1.0286953846516829,1.0286953846516829,0.0,0.0,1.0,0.0014447389943743852
2025-06-26 20:00:00+00:00,20260126_001633_4be2625c_StateSignal_XLE,0.0,0.0,1.0286953846516829,1.0286953846516829,0.0,0.0,0.0,0.0
2025-06-27 20:00:00+00:00,20260126_001633_4be2625c_StateSignal_XLE,0.0,0.0,1.0286953846516829,1.0286953846516829,0.0,0.0,0.0,-0.0
2025-06-30 20:00:00+00:00,20260126_001633_4be2625c_StateSignal_XLE,0.0,0.0,1.0286953846516829,1.0286953846516829,0.0,0.0,0.0,-0.0
2025-07-01 20:00:00+00:00,20260126_001633_4be2625c_StateSignal_XLE,0.0,0.0,1.0286953846516829,1.0286953846516829,0.0,0.0,0.0,0.0
2025-07-02 20:00:00+00:00,20260126_001633_4be2625c_StateSignal_XLE,0.0,0.0,1.0286953846516829,1.0286953846516829,0.0,0.0,0.0,0.0
2025-07-03 20:00:00+00:00,20260126_001633_4be2625c_StateSignal_XLE,0.0,0.0,1.0286953846516829,1.0286953846516829,0.0,0.0,0.0,0.0
2025-07-07 20:00:00+00:00,20260126_001633_4be2625c_StateSignal_XLE,0.0,0.0,1.0286953846516829,1.0286953846516829,0.0,0.0,0.0,-0.0
2025-07-08 20:00:00+00:00,20260126_001633_4be2625c_StateSignal_XLE,0.0,0.0,1.0286953846516829,1.0286953846516829,0.0,0.0,0.0,0.0
2025-07-09 20:00:00+00:00,20260126_001633_4be2625c_StateSignal_XLE,0.0,0.0,1.0286953846516829,1.0286953846516829,0.0,0.0,0.0,-0.0
2025-07-10 20:00:00+00:00,20260126_001633_4be2625c_StateSignal_XLE,0.0,0.0,1.0286953846516829,1.0286953846516829,0.0,0.0,0.0,0.0
2025-07-11 20:00:00+00:00,20260126_001633_4be2625c_StateSignal_XLE,0.0,0.0,1.0286953846516829,1.0286953846516829,0.0,0.0,0.0,0.0
2025-07-14 20:00:00+00:00,20260126_001633_4be2625c_StateSignal_XLE,0.0,0.0,1.0286953846516829,1.0286953846516829,0.0,0.0,0.0,-0.0
2025-07-15 20:00:00+00:00,20260126_001633_4be2625c_StateSignal_XLE,0.0,0.0,1.0286953846516829,1.0286953846516829,0.0,0.0,0.0,-0.0
2025-07-16 20:00:00+00:00,20260126_001633_4be2625c_StateSignal_XLE,0.0,0.0,1.0286953846516829,1.0286953846516829,0.0,0.0,0.0,-0.0
2025-07-17 20:00:00+00:00,20260126_001633_4be2625c_StateSignal_XLE,0.0,0.0,1.0286953846516829,1.0286953846516829,0.0,0.0,0.0,0.0
2025-07-18 20:00:00+00:00,20260126_001633_4be2625c_StateSignal_XLE,0.0,0.0,1.0286953846516829,1.0286953846516829,0.0,0.0,0.0,-0.0
2025-07-21 20:00:00+00:00,20260126_001633_4be2625c_StateSignal_XLE,0.0,0.0,1.0286953846516829,1.0286953846516829,0.0,0.0,0.0,-0.0
2025-07-22 20:00:00+00:00,20260126_001633_4be2625c_StateSignal_XLE,0.0,0.0,1.0286953846516829,1.0286953846516829,0.0,0.0,0.0,-0.0
2025-07-23 20:00:00+00:00,20260126_001633_4be2625c_StateSignal_XLE,0.0,0.0,1.0286953846516829,1.0286953846516829,0.0,0.0,0.0,0.0
2025-07-24 20:00:00+00:00,20260126_001633_4be2625c_StateSignal_XLE,0.0,0.0,1.0286953846516829,1.0286953846516829,0.0,0.0,0.0,0.0
2025-07-25 20:00:00+00:00,20260126_001633_4be2625c_StateSignal_XLE,0.0,0.0,1.0286953846516829,1.0286953846516829,0.0,0.0,0.0,-0.0
2025-07-28 20:00:00+00:00,20260126_001633_4be2625c_StateSignal_XLE,0.0,0.0,1.0286953846516829,1.0286953846516829,0.0,0.0,0.0,0.0
2025-07-29 20:00:00+00:00,20260126_001633_4be2625c_StateSignal_XLE,0.0,0.0,1.0286953846516829,1.0286953846516829,0.0,0.0,0.0,0.0
2025-07-30 20:00:00+00:00,20260126_001633_4be2625c_StateSignal_XLE,0.0,0.0,1.0286953846516829,1.0286953846516829,0.0,0.0,0.0,-0.0
2025-07-31 20:00:00+00:00,20260126_001633_4be2625c_StateSignal_XLE,0.0,0.0,1.0286953846516829,1.0286953846516829,0.0,0.0,0.0,-0.0
2025-08-01 20:00:00+00:00,20260126_001633_4be2625c_StateSignal_XLE,0.0,0.0,1.0286953846516829,1.0286953846516829,0.0,0.0,0.0,-0.0
2025-08-04 20:00:00+00:00,20260126_001633_4be2625c_StateSignal_XLE,0.0,0.0,1.0286953846516829,1.0286953846516829,0.0,0.0,0.0,-0.0
2025-08-05 20:00:00+00:00,20260126_001633_4be2625c_StateSignal_XLE,0.0,0.0,1.0286953846516829,1.0286953846516829,0.0,0.0,0.0,0.0
2025-08-06 20:00:00+00:00,20260126_001633_4be2625c_StateSignal_XLE,0.0,0.0,1.0286953846516829,1.0286953846516829,0.0,0.0,0.0,-0.0
2025-08-07 20:00:00+00:00,20260126_001633_4be2625c_StateSignal_XLE,0.0,0.0,1.0286953846516829,1.0286953846516829,0.0,0.0,0.0,-0.0
2025-08-08 20:00:00+00:00,20260126_001633_4be2625c_StateSignal_XLE,0.0,0.0,1.0286953846516829,1.0286953846516829,0.0,0.0,0.0,0.0
2025-08-11 20:00:00+00:00,20260126_001633_4be2625c_StateSignal_XLE,0.0,0.0,1.0286953846516829,1.0286953846516829,0.0,0.0,0.0,-0.0
2025-08-12 20:00:00+00:00,20260126_001633_4be2625c_StateSignal_XLE,0.0,0.0,1.0286953846516829,1.0286953846516829,0.0,0.0,0.0,0.0
2025-08-13 20:00:00+00:00,20260126_001633_4be2625c_StateSignal_XLE,0.0,0.0,1.0286953846516829,1.0286953846516829,0.0,0.0,0.0,0.0
2025-08-14 20:00:00+00:00,20260126_001633_4be2625c_StateSignal_XLE,0.0,0.0,1.0286953846516829,1.0286953846516829,0.0,0.0,0.0,0.0
2025-08-15 20:00:00+00:00,20260126_001633_4be2625c_StateSignal_XLE,0.0,0.0,1.0286953846516829,1.0286953846516829,0.0,0.0,0.0,-0.0
2025-08-18 20:00:00+00:00,20260126_001633_4be2625c_StateSignal_XLE,0.0,0.0,1.0286953846516829,1.0286953846516829,0.0,0.0,0.0,0.0
2025-08-19 20:00:00+00:00,20260126_001633_4be2625c_StateSignal_XLE,0.0,0.0,1.0286953846516829,1.0286953846516829,0.0,0.0,0.0,-0.0
2025-08-20 20:00:00+00:00,20260126_001633_4be2625c_StateSignal_XLE,0.0,0.0,1.0286953846516829,1.0286953846516829,0.0,0.0,0.0,0.0
2025-08-21 20:00:00+00:00,20260126_001633_4be2625c_StateSignal_XLE,0.0,0.0,1.0286953846516829,1.0286953846516829,0.0,0.0,0.0,0.0
2025-08-22 20:00:00+00:00,20260126_001633_4be2625c_StateSignal_XLE,0.0,0.0,1.0286953846516829,1.0286953846516829,0.0,0.0,0.0,0.0
2025-08-25 20:00:00+00:00,20260126_001633_4be2625c_StateSignal_XLE,0.0,0.0,1.0286953846516829,1.0286953846516829,0.0,0.0,0.0,0.0
2025-08-26 20:00:00+00:00,20260126_001633_4be2625c_StateSignal_XLE,0.0,0.0,1.0286953846516829,1.0286953846516829,0.0,0.0,0.0,0.0
2025-08-27 20:00:00+00:00,20260126_001633_4be2625c_StateSignal_XLE,0.0,0.0,1.0286953846516829,1.0286953846516829,0.0,0.0,0.0,0.0
2025-08-28 20:00:00+00:00,20260126_001633_4be2625c_StateSignal_XLE,0.0,0.0,1.0286953846516829,1.0286953846516829,0.0,0.0,0.0,0.0
2025-08-29 20:00:00+00:00,20260126_001633_4be2625c_StateSignal_XLE,0.0,0.0,1.0286953846516829,1.0286953846516829,0.0,0.0,0.0,-0.0
2025-09-02 20:00:00+00:00,20260126_001633_4be2625c_StateSignal_XLE,0.0,0.0,1.0286953846516829,1.0286953846516829,0.0,0.0,0.0,0.0
2025-09-03 20:00:00+00:00,20260126_001633_4be2625c_StateSignal_XLE,0.0,0.0,1.0286953846516829,1.0286953846516829,0.0,0.0,0.0,-0.0
2025-09-04 20:00:00+00:00,20260126_001633_4be2625c_StateSignal_XLE,0.0,0.0,1.0286953846516829,1.0286953846516829,0.0,0.0,0.0,0.0
2025-09-05 20:00:00+00:00,20260126_001633_4be2625c_StateSignal_XLE,0.0,0.0,1.0286953846516829,1.0286953846516829,0.0,0.0,0.0,-0.0
2025-09-08 20:00:00+00:00,20260126_001633_4be2625c_StateSignal_XLE,0.0,0.0,1.0286953846516829,1.0286953846516829,0.0,0.0,0.0,-0.0
2025-09-09 20:00:00+00:00,20260126_001633_4be2625c_StateSignal_XLE,0.0,0.0,1.0286953846516829,1.0286953846516829,0.0,0.0,0.0,-0.0
2025-09-10 20:00:00+00:00,20260126_001633_4be2625c_StateSignal_XLE,0.0,0.0,1.0286953846516829,1.0286953846516829,0.0,0.0,0.0,0.0
2025-09-11 20:00:00+00:00,20260126_001633_4be2625c_StateSignal_XLE,0.0,0.0,1.0286953846516829,1.0286953846516829,0.0,0.0,0.0,0.0
2025-09-12 20:00:00+00:00,20260126_001633_4be2625c_StateSignal_XLE,0.0,0.0,1.0286953846516829,1.0286953846516829,0.0,0.0,0.0,-0.0
2025-09-15 20:00:00+00:00,20260126_001633_4be2625c_StateSignal_XLE,0.0,0.0,1.0286953846516829,1.0286953846516829,0.0,0.0,0.0,0.0
2025-09-16 20:00:00+00:00,20260126_001633_4be2625c_StateSignal_XLE,0.0,0.0,1.0286953846516829,1.0286953846516829,0.0,0.0,0.0,0.0
2025-09-17 20:00:00+00:00,20260126_001633_4be2625c_StateSignal_XLE,0.0,0.0,1.0286953846516829,1.0286953846516829,0.0,0.0,0.0,-0.0
2025-09-18 20:00:00+00:00,20260126_001633_4be2625c_StateSignal_XLE,0.0,0.0,1.0286953846516829,1.0286953846516829,0.0,0.0,0.0,-0.0
2025-09-19 20:00:00+00:00,20260126_001633_4be2625c_StateSignal_XLE,0.0,0.0,1.0286953846516829,1.0286953846516829,0.0,0.0,0.0,-0.0
2025-09-22 20:00:00+00:00,20260126_001633_4be2625c_StateSignal_XLE,0.0,0.0,1.0286953846516829,1.0286953846516829,0.0,0.0,0.0,0.0
2025-09-23 20:00:00+00:00,20260126_001633_4be2625c_StateSignal_XLE,0.0,0.0,1.0286953846516829,1.0286953846516829,0.0,0.0,0.0,0.0
2025-09-24 20:00:00+00:00,20260126_001633_4be2625c_StateSignal_XLE,0.0,0.0,1.0286953846516829,1.0286953846516829,0.0,0.0,0.0,-0.0
2025-09-25 20:00:00+00:00,20260126_001633_4be2625c_StateSignal_XLE,0.0,0.0,1.0286953846516829,1.0286953846516829,0.0,0.0,0.0,0.0
2025-09-26 20:00:00+00:00,20260126_001633_4be2625c_StateSignal_XLE,0.0,0.0,1.0286953846516829,1.0286953846516829,0.0,0.0,0.0,-0.0
2025-09-29 20:00:00+00:00,20260126_001633_4be2625c_StateSignal_XLE,0.0,0.0,1.0286953846516829,1.0286953846516829,0.0,0.0,0.0,-0.0
2025-09-30 20:00:00+00:00,20260126_001633_4be2625c_StateSignal_XLE,0.0,0.0,1.0286953846516829,1.0286953846516829,0.0,0.0,0.0,-0.0
2025-10-01 20:00:00+00:00,20260126_001633_4be2625c_StateSignal_XLE,0.0,0.0,1.0286953846516829,1.0286953846516829,0.0,0.0,0.0,0.0
2025-10-02 20:00:00+00:00,20260126_001633_4be2625c_StateSignal_XLE,0.0,0.0,1.0286953846516829,1.0286953846516829,0.0,0.0,0.0,-0.0
2025-10-03 20:00:00+00:00,20260126_001633_4be2625c_StateSignal_XLE,0.0,0.0,1.0286953846516829,1.0286953846516829,0.0,0.0,0.0,-0.0
2025-10-06 20:00:00+00:00,20260126_001633_4be2625c_StateSignal_XLE,0.0,0.0,1.0286953846516829,1.0286953846516829,0.0,0.0,0.0,0.0
2025-10-07 20:00:00+00:00,20260126_001633_4be2625c_StateSignal_XLE,0.0,0.0,1.0286953846516829,1.0286953846516829,0.0,0.0,0.0,0.0
2025-10-08 20:00:00+00:00,20260126_001633_4be2625c_StateSignal_XLE,0.0,0.0,1.0286953846516829,1.0286953846516829,0.0,0.0,0.0,0.0
2025-10-09 20:00:00+00:00,20260126_001633_4be2625c_StateSignal_XLE,0.0,0.0,1.0286953846516829,1.0286953846516829,0.0,0.0,0.0,-0.0
2025-10-10 20:00:00+00:00,20260126_001633_4be2625c_StateSignal_XLE,0.0,0.0,1.0286953846516829,1.0286953846516829,0.0,0.0,0.0,-0.0
2025-10-13 20:00:00+00:00,20260126_001633_4be2625c_StateSignal_XLE,0.0,0.0,1.0286953846516829,1.0286953846516829,0.0,0.0,0.0,0.0
2025-10-14 20:00:00+00:00,20260126_001633_4be2625c_StateSignal_XLE,0.0,0.0,1.0286953846516829,1.0286953846516829,0.0,0.0,0.0,0.0
2025-10-15 20:00:00+00:00,20260126_001633_4be2625c_StateSignal_XLE,0.0,0.0,1.0286953846516829,1.0286953846516829,0.0,0.0,0.0,-0.0
2025-10-16 20:00:00+00:00,20260126_001633_4be2625c_StateSignal_XLE,0.0,0.0,1.0286953846516829,1.0286953846516829,0.0,0.0,0.0,-0.0
2025-10-17 20:00:00+00:00,20260126_001633_4be2625c_StateSignal_XLE,0.0,0.0,1.0286953846516829,1.0286953846516829,0.0,0.0,0.0,0.0
2025-10-20 20:00:00+00:00,20260126_001633_4be2625c_StateSignal_XLE,0.0,0.0,1.0286953846516829,1.0286953846516829,0.0,0.0,0.0,0.0
2025-10-21 20:00:00+00:00,20260126_001633_4be2625c_StateSignal_XLE,0.0,0.0,1.0286953846516829,1.0286953846516829,0.0,0.0,0.0,-0.0
2025-10-22 20:00:00+00:00,20260126_001633_4be2625c_StateSignal_XLE,0.0,0.0,1.0286953846516829,1.0286953846516829,0.0,0.0,0.0,0.0
2025-10-23 20:00:00+00:00,20260126_001633_4be2625c_StateSignal_XLE,0.0,0.0,1.0286953846516829,1.0286953846516829,0.0,0.0,0.0,0.0
2025-10-24 20:00:00+00:00,20260126_001633_4be2625c_StateSignal_XLE,0.0,0.0,1.0286953846516829,1.0286953846516829,0.0,0.0,0.0,-0.0
2025-10-27 20:00:00+00:00,20260126_001633_4be2625c_StateSignal_XLE,0.0,0.0,1.0286953846516829,1.0286953846516829,0.0,0.0,0.0,-0.0
2025-10-28 20:00:00+00:00,20260126_001633_4be2625c_StateSignal_XLE,0.0,0.0,1.0286953846516829,1.0286953846516829,0.0,0.0,0.0,-0.0
2025-10-29 20:00:00+00:00,20260126_001633_4be2625c_StateSignal_XLE,0.0,0.0,1.0286953846516829,1.0286953846516829,0.0,0.0,0.0,0.0
2025-10-30 20:00:00+00:00,20260126_001633_4be2625c_StateSignal_XLE,0.0,0.0,1.0286953846516829,1.0286953846516829,0.0,0.0,0.0,-0.0
2025-10-31 20:00:00+00:00,20260126_001633_4be2625c_StateSignal_XLE,0.0,0.0,1.0286953846516829,1.0286953846516829,0.0,0.0,0.0,0.0
2025-11-03 21:00:00+00:00,20260126_001633_4be2625c_StateSignal_XLE,0.0,0.0,1.0286953846516829,1.0286953846516829,0.0,0.0,0.0,0.0
2025-11-04 21:00:00+00:00,20260126_001633_4be2625c_StateSignal_XLE,0.0,0.0,1.0286953846516829,1.0286953846516829,0.0,0.0,0.0,0.0
2025-11-05 21:00:00+00:00,20260126_001633_4be2625c_StateSignal_XLE,0.0,0.0,1.0286953846516829,1.0286953846516829,0.0,0.0,0.0,-0.0
2025-11-06 21:00:00+00:00,20260126_001633_4be2625c_StateSignal_XLE,0.0,0.0,1.0286953846516829,1.0286953846516829,0.0,0.0,0.0,-0.0
2025-11-07 21:00:00+00:00,20260126_001633_4be2625c_StateSignal_XLE,0.0,0.0,1.0286953846516829,1.0286953846516829,0.0,0.0,0.0,0.0
2025-11-10 21:00:00+00:00,20260126_001633_4be2625c_StateSignal_XLE,0.0,0.0,1.0286953846516829,1.0286953846516829,0.0,0.0,0.0,0.0
2025-11-11 21:00:00+00:00,20260126_001633_4be2625c_StateSignal_XLE,0.0,0.0,1.0286953846516829,1.0286953846516829,0.0,0.0,0.0,0.0
2025-11-12 21:00:00+00:00,20260126_001633_4be2625c_StateSignal_XLE,0.0,0.0,1.0286953846516829,1.0286953846516829,0.0,0.0,0.0,-0.0
2025-11-13 21:00:00+00:00,20260126_001633_4be2625c_StateSignal_XLE,0.0,0.0,1.0286953846516829,1.0286953846516829,0.0,0.0,0.0,-0.0
2025-11-14 21:00:00+00:00,20260126_001633_4be2625c_StateSignal_XLE,0.0,0.0,1.0286953846516829,1.0286953846516829,0.0,0.0,0.0,0.0
2025-11-17 21:00:00+00:00,20260126_001633_4be2625c_StateSignal_XLE,0.0,0.0,1.0286953846516829,1.0286953846516829,0.0,0.0,0.0,-0.0
2025-11-18 21:00:00+00:00,20260126_001633_4be2625c_StateSignal_XLE,0.0,0.0,1.0286953846516829,1.0286953846516829,0.0,0.0,0.0,0.0
2025-11-19 21:00:00+00:00,20260126_001633_4be2625c_StateSignal_XLE,0.0,0.0,1.0286953846516829,1.0286953846516829,0.0,0.0,0.0,0.0
2025-11-20 21:00:00+00:00,20260126_001633_4be2625c_StateSignal_XLE,0.0,0.0,1.0286953846516829,1.0286953846516829,0.0,0.0,0.0,-0.0
2025-11-21 21:00:00+00:00,20260126_001633_4be2625c_StateSignal_XLE,0.0,0.0,1.0286953846516829,1.0286953846516829,0.0,0.0,0.0,0.0
2025-11-24 21:00:00+00:00,20260126_001633_4be2625c_StateSignal_XLE,0.0,0.0,1.0286953846516829,1.0286953846516829,0.0,0.0,0.0,0.0
2025-11-25 21:00:00+00:00,20260126_001633_4be2625c_StateSignal_XLE,0.0,0.0,1.0286953846516829,1.0286953846516829,0.0,0.0,0.0,-0.0
2025-11-26 21:00:00+00:00,20260126_001633_4be2625c_StateSignal_XLE,0.0,0.0,1.0286953846516829,1.0286953846516829,0.0,0.0,0.0,0.0
2025-11-28 21:00:00+00:00,20260126_001633_4be2625c_StateSignal_XLE,0.0,0.0,1.0286953846516829,1.0286953846516829,0.0,0.0,0.0,0.0
2025-12-01 21:00:00+00:00,20260126_001633_4be2625c_StateSignal_XLE,0.0,0.0,1.0286953846516829,1.0286953846516829,0.0,0.0,0.0,-0.0
2025-12-02 21:00:00+00:00,20260126_001633_4be2625c_StateSignal_XLE,0.0,0.0,1.0286953846516829,1.0286953846516829,0.0,0.0,0.0,0.0
2025-12-03 21:00:00+00:00,20260126_001633_4be2625c_StateSignal_XLE,0.0,0.0,1.0286953846516829,1.0286953846516829,0.0,0.0,0.0,0.0
2025-12-04 21:00:00+00:00,20260126_001633_4be2625c_StateSignal_XLE,0.0,0.0,1.0286953846516829,1.0286953846516829,0.0,0.0,0.0,0.0
2025-12-05 21:00:00+00:00,20260126_001633_4be2625c_StateSignal_XLE,0.0,0.0,1.0286953846516829,1.0286953846516829,0.0,0.0,0.0,-0.0
2025-12-08 21:00:00+00:00,20260126_001633_4be2625c_StateSignal_XLE,0.0,0.0,1.0286953846516829,1.0286953846516829,0.0,0.0,0.0,-0.0
2025-12-09 21:00:00+00:00,20260126_001633_4be2625c_StateSignal_XLE,0.0,0.0,1.0286953846516829,1.0286953846516829,0.0,0.0,0.0,-0.0
2025-12-10 21:00:00+00:00,20260126_001633_4be2625c_StateSignal_XLE,0.0,0.0,1.0286953846516829,1.0286953846516829,0.0,0.0,0.0,0.0
2025-12-11 21:00:00+00:00,20260126_001633_4be2625c_StateSignal_XLE,0.0,0.0,1.0286953846516829,1.0286953846516829,0.0,0.0,0.0,-0.0
2025-12-12 21:00:00+00:00,20260126_001633_4be2625c_StateSignal_XLE,0.0,0.0,1.0286953846516829,1.0286953846516829,0.0,0.0,0.0,-0.0
2025-12-15 21:00:00+00:00,20260126_001633_4be2625c_StateSignal_XLE,0.0,0.0,1.0286953846516829,1.0286953846516829,0.0,0.0,0.0,0.0
2025-12-16 21:00:00+00:00,20260126_001633_4be2625c_StateSignal_XLE,0.0,0.0,1.0286953846516829,1.0286953846516829,0.0,0.0,0.0,-0.0
2025-12-17 21:00:00+00:00,20260126_001633_4be2625c_StateSignal_XLE,0.0,0.0,1.0286953846516829,1.0286953846516829,0.0,0.0,0.0,0.0
2025-12-18 21:00:00+00:00,20260126_001633_4be2625c_StateSignal_XLE,0.0,0.0,1.0286953846516829,1.0286953846516829,0.0,0.0,0.0,-0.0
2025-12-19 21:00:00+00:00,20260126_001633_4be2625c_StateSignal_XLE,0.0,0.0,1.0286953846516829,1.0286953846516829,0.0,0.0,0.0,-0.0
2025-12-22 21:00:00+00:00,20260126_001633_4be2625c_StateSignal_XLE,0.0,0.0,1.0286953846516829,1.0286953846516829,0.0,0.0,0.0,-0.0
2025-12-23 21:00:00+00:00,20260126_001633_4be2625c_StateSignal_XLE,0.0,0.0,1.0286953846516829,1.0286953846516829,0.0,0.0,0.0,0.0
2025-12-24 21:00:00+00:00,20260126_001633_4be2625c_StateSignal_XLE,0.0,0.0,1.0286953846516829,1.0286953846516829,0.0,0.0,0.0,-0.0
2025-12-26 21:00:00+00:00,20260126_001633_4be2625c_StateSignal_XLE,0.0,0.0,1.0286953846516829,1.0286953846516829,0.0,0.0,0.0,-0.0
2025-12-29 21:00:00+00:00,20260126_001633_4be2625c_StateSignal_XLE,0.0,0.0,1.0286953846516829,1.0286953846516829,0.0,0.0,0.0,0.0
2025-12-30 21:00:00+00:00,20260126_001633_4be2625c_StateSignal_XLE,0.0,0.0,1.0286953846516829,1.0286953846516829,0.0,0.0,0.0,0.0
2025-12-31 21:00:00+00:00,20260126_001633_4be2625c_StateSignal_XLE,0.0,0.0,1.0286953846516829,1.0286953846516829,0.0,0.0,0.0,-0.0
2026-01-02 21:00:00+00:00,20260126_001633_4be2625c_StateSignal_XLE,0.0,0.0,1.0286953846516829,1.0286953846516829,0.0,0.0,0.0,0.0
2026-01-05 21:00:00+00:00,20260126_001633_4be2625c_StateSignal_XLE,0.0,0.0,1.0286953846516829,1.0286953846516829,0.0,0.0,0.0,0.0
2026-01-06 21:00:00+00:00,20260126_001633_4be2625c_StateSignal_XLE,0.0,0.0,1.0286953846516829,1.0286953846516829,0.0,0.0,0.0,-0.0
2026-01-07 21:00:00+00:00,20260126_001633_4be2625c_StateSignal_XLE,0.0,0.0,1.0286953846516829,1.0286953846516829,0.0,0.0,0.0,-0.0
2026-01-08 21:00:00+00:00,20260126_001633_4be2625c_StateSignal_XLE,0.0,0.0,1.0286953846516829,1.0286953846516829,0.0,0.0,0.0,0.0
2026-01-09 21:00:00+00:00,20260126_001633_4be2625c_StateSignal_XLE,0.0,0.0,1.0286953846516829,1.0286953846516829,0.0,0.0,0.0,0.0
2026-01-12 21:00:00+00:00,20260126_001633_4be2625c_StateSignal_XLE,0.0,0.0,1.0286953846516829,1.0286953846516829,0.0,0.0,0.0,-0.0
2026-01-13 21:00:00+00:00,20260126_001633_4be2625c_StateSignal_XLE,0.0,0.0,1.0286953846516829,1.0286953846516829,0.0,0.0,0.0,0.0
2026-01-14 21:00:00+00:00,20260126_001633_4be2625c_StateSignal_XLE,0.0,0.0,1.0286953846516829,1.0286953846516829,0.0,0.0,0.0,0.0
2026-01-15 21:00:00+00:00,20260126_001633_4be2625c_StateSignal_XLE,0.0,0.0,1.0286953846516829,1.0286953846516829,0.0,0.0,0.0,-0.0
2026-01-16 21:00:00+00:00,20260126_001633_4be2625c_StateSignal_XLE,0.0,0.0,1.0286953846516829,1.0286953846516829,0.0,0.0,0.0,0.0
