timestamp,run_id,port_ret_gross,port_ret_net,equity_gross,equity_net,turnover,cost,weight_ret_spy,asset_ret_gross_ret_spy
2021-01-06 21:00:00+00:00,20260126_001632_d34452d3_BuyHold_SPY,0.0,0.0,1.0,1.0,0.0,0.0,0.0,-0.0
2021-01-07 21:00:00+00:00,20260126_001632_d34452d3_BuyHold_SPY,0.0,0.0,1.0,1.0,0.0,0.0,0.0,0.0
2021-01-08 21:00:00+00:00,20260126_001632_d34452d3_BuyHold_SPY,0.0,0.0,1.0,1.0,0.0,0.0,0.0,0.0
2021-01-11 21:00:00+00:00,20260126_001632_d34452d3_BuyHold_SPY,0.0,0.0,1.0,1.0,0.0,0.0,0.0,0.0
2021-01-12 21:00:00+00:00,20260126_001632_d34452d3_BuyHold_SPY,0.0,0.0,1.0,1.0,0.0,0.0,0.0,-0.0
2021-01-13 21:00:00+00:00,20260126_001632_d34452d3_BuyHold_SPY,0.0,0.0,1.0,1.0,0.0,0.0,0.0,0.0
2021-01-14 21:00:00+00:00,20260126_001632_d34452d3_BuyHold_SPY,0.0,0.0,1.0,1.0,0.0,0.0,0.0,-0.0
2021-01-15 21:00:00+00:00,20260126_001632_d34452d3_BuyHold_SPY,0.0,0.0,1.0,1.0,0.0,0.0,0.0,-0.0
2021-01-19 21:00:00+00:00,20260126_001632_d34452d3_BuyHold_SPY,0.0,0.0,1.0,1.0,0.0,0.0,0.0,0.0
2021-01-20 21:00:00+00:00,20260126_001632_d34452d3_BuyHold_SPY,0.0,0.0,1.0,1.0,0.0,0.0,0.0,0.0
2021-01-21 21:00:00+00:00,20260126_001632_d34452d3_BuyHold_SPY,0.0,0.0,1.0,1.0,0.0,0.0,0.0,0.0
2021-01-22 21:00:00+00:00,20260126_001632_d34452d3_BuyHold_SPY,0.0,0.0,1.0,1.0,0.0,0.0,0.0,0.0
2021-01-25 21:00:00+00:00,20260126_001632_d34452d3_BuyHold_SPY,0.0,0.0,1.0,1.0,0.0,0.0,0.0,0.0
2021-01-26 21:00:00+00:00,20260126_001632_d34452d3_BuyHold_SPY,0.0,0.0,1.0,1.0,0.0,0.0,0.0,-0.0
2021-01-27 21:00:00+00:00,20260126_001632_d34452d3_BuyHold_SPY,0.0,0.0,1.0,1.0,0.0,0.0,0.0,-0.0
2021-01-28 21:00:00+00:00,20260126_001632_d34452d3_BuyHold_SPY,0.0,0.0,1.0,1.0,0.0,0.0,0.0,-0.0
2021-01-29 21:00:00+00:00,20260126_001632_d34452d3_BuyHold_SPY,0.0,0.0,1.0,1.0,0.0,0.0,0.0,-0.0
2021-02-01 21:00:00+00:00,20260126_001632_d34452d3_BuyHold_SPY,0.0,0.0,1.0,1.0,0.0,0.0,0.0,0.0
2021-02-02 21:00:00+00:00,20260126_001632_d34452d3_BuyHold_SPY,0.0,0.0,1.0,1.0,0.0,0.0,0.0,0.0
2021-02-03 21:00:00+00:00,20260126_001632_d34452d3_BuyHold_SPY,0.0,0.0,1.0,1.0,0.0,0.0,0.0,-0.0
2021-02-04 21:00:00+00:00,20260126_001632_d34452d3_BuyHold_SPY,0.0,0.0,1.0,1.0,0.0,0.0,0.0,0.0
2021-02-05 21:00:00+00:00,20260126_001632_d34452d3_BuyHold_SPY,0.0,0.0,1.0,1.0,0.0,0.0,0.0,-0.0
2021-02-08 21:00:00+00:00,20260126_001632_d34452d3_BuyHold_SPY,0.0,0.0,1.0,1.0,0.0,0.0,0.0,0.0
2021-02-09 21:00:00+00:00,20260126_001632_d34452d3_BuyHold_SPY,0.0,0.0,1.0,1.0,0.0,0.0,0.0,0.0
2021-02-10 21:00:00+00:00,20260126_001632_d34452d3_BuyHold_SPY,0.0,0.0,1.0,1.0,0.0,0.0,0.0,-0.0
2021-02-11 21:00:00+00:00,20260126_001632_d34452d3_BuyHold_SPY,0.0,0.0,1.0,1.0,0.0,0.0,0.0,-0.0
2021-02-12 21:00:00+00:00,20260126_001632_d34452d3_BuyHold_SPY,0.0,0.0,1.0,1.0,0.0,0.0,0.0,0.0
2021-02-16 21:00:00+00:00,20260126_001632_d34452d3_BuyHold_SPY,0.0,0.0,1.0,1.0,0.0,0.0,0.0,-0.0
2021-02-17 21:00:00+00:00,20260126_001632_d34452d3_BuyHold_SPY,0.0,0.0,1.0,1.0,0.0,0.0,0.0,0.0
2021-02-18 21:00:00+00:00,20260126_001632_d34452d3_BuyHold_SPY,0.0,0.0,1.0,1.0,0.0,0.0,0.0,0.0
2021-02-19 21:00:00+00:00,20260126_001632_d34452d3_BuyHold_SPY,0.0,0.0,1.0,1.0,0.0,0.0,0.0,-0.0
2021-02-22 21:00:00+00:00,20260126_001632_d34452d3_BuyHold_SPY,0.0,0.0,1.0,1.0,0.0,0.0,0.0,-0.0
2021-02-23 21:00:00+00:00,20260126_001632_d34452d3_BuyHold_SPY,0.0,0.0,1.0,1.0,0.0,0.0,0.0,0.0
2021-02-24 21:00:00+00:00,20260126_001632_d34452d3_BuyHold_SPY,0.0,0.0,1.0,1.0,0.0,0.0,0.0,0.0
2021-02-25 21:00:00+00:00,20260126_001632_d34452d3_BuyHold_SPY,0.0,0.0,1.0,1.0,0.0,0.0,0.0,-0.0
2021-02-26 21:00:00+00:00,20260126_001632_d34452d3_BuyHold_SPY,0.0,0.0,1.0,1.0,0.0,0.0,0.0,-0.0
2021-03-01 21:00:00+00:00,20260126_001632_d34452d3_BuyHold_SPY,0.0,0.0,1.0,1.0,0.0,0.0,0.0,0.0
2021-03-02 21:00:00+00:00,20260126_001632_d34452d3_BuyHold_SPY,0.0,0.0,1.0,1.0,0.0,0.0,0.0,-0.0
2021-03-03 21:00:00+00:00,20260126_001632_d34452d3_BuyHold_SPY,0.0,0.0,1.0,1.0,0.0,0.0,0.0,-0.0
2021-03-04 21:00:00+00:00,20260126_001632_d34452d3_BuyHold_SPY,0.0,0.0,1.0,1.0,0.0,0.0,0.0,-0.0
2021-03-05 21:00:00+00:00,20260126_001632_d34452d3_BuyHold_SPY,0.0,0.0,1.0,1.0,0.0,0.0,0.0,0.0
2021-03-08 21:00:00+00:00,20260126_001632_d34452d3_BuyHold_SPY,0.0,0.0,1.0,1.0,0.0,0.0,0.0,-0.0
2021-03-09 21:00:00+00:00,20260126_001632_d34452d3_BuyHold_SPY,0.0,0.0,1.0,1.0,0.0,0.0,0.0,0.0
2021-03-10 21:00:00+00:00,20260126_001632_d34452d3_BuyHold_SPY,0.0,0.0,1.0,1.0,0.0,0.0,0.0,-0.0
2021-03-11 21:00:00+00:00,20260126_001632_d34452d3_BuyHold_SPY,0.0,0.0,1.0,1.0,0.0,0.0,0.0,0.0
2021-03-12 21:00:00+00:00,20260126_001632_d34452d3_BuyHold_SPY,0.0,0.0,1.0,1.0,0.0,0.0,0.0,0.0
2021-03-15 20:00:00+00:00,20260126_001632_d34452d3_BuyHold_SPY,0.0,0.0,1.0,1.0,0.0,0.0,0.0,0.0
2021-03-16 20:00:00+00:00,20260126_001632_d34452d3_BuyHold_SPY,0.0,0.0,1.0,1.0,0.0,0.0,0.0,-0.0
2021-03-17 20:00:00+00:00,20260126_001632_d34452d3_BuyHold_SPY,0.0,0.0,1.0,1.0,0.0,0.0,0.0,0.0
2021-03-18 20:00:00+00:00,20260126_001632_d34452d3_BuyHold_SPY,0.0,0.0,1.0,1.0,0.0,0.0,0.0,-0.0
2021-03-19 20:00:00+00:00,20260126_001632_d34452d3_BuyHold_SPY,0.0,0.0,1.0,1.0,0.0,0.0,0.0,0.0
2021-03-22 20:00:00+00:00,20260126_001632_d34452d3_BuyHold_SPY,0.0,0.0,1.0,1.0,0.0,0.0,0.0,0.0
2021-03-23 20:00:00+00:00,20260126_001632_d34452d3_BuyHold_SPY,0.0,0.0,1.0,1.0,0.0,0.0,0.0,-0.0
2021-03-24 20:00:00+00:00,20260126_001632_d34452d3_BuyHold_SPY,0.0,0.0,1.0,1.0,0.0,0.0,0.0,-0.0
2021-03-25 20:00:00+00:00,20260126_001632_d34452d3_BuyHold_SPY,0.0,0.0,1.0,1.0,0.0,0.0,0.0,0.0
2021-03-26 20:00:00+00:00,20260126_001632_d34452d3_BuyHold_SPY,0.0,0.0,1.0,1.0,0.0,0.0,0.0,0.0
2021-03-29 20:00:00+00:00,20260126_001632_d34452d3_BuyHold_SPY,0.0,0.0,1.0,1.0,0.0,0.0,0.0,0.0
2021-03-30 20:00:00+00:00,20260126_001632_d34452d3_BuyHold_SPY,0.0,0.0,1.0,1.0,0.0,0.0,0.0,0.0
2021-03-31 20:00:00+00:00,20260126_001632_d34452d3_BuyHold_SPY,0.0,0.0,1.0,1.0,0.0,0.0,0.0,0.0
2021-04-01 20:00:00+00:00,20260126_001632_d34452d3_BuyHold_SPY,0.0,0.0,1.0,1.0,0.0,0.0,0.0,0.0
2021-04-05 20:00:00+00:00,20260126_001632_d34452d3_BuyHold_SPY,0.0,0.0,1.0,1.0,0.0,0.0,0.0,0.0
2021-04-06 20:00:00+00:00,20260126_001632_d34452d3_BuyHold_SPY,0.0,0.0,1.0,1.0,0.0,0.0,0.0,-0.0
2021-04-07 20:00:00+00:00,20260126_001632_d34452d3_BuyHold_SPY,0.0,0.0,1.0,1.0,0.0,0.0,0.0,0.0
2021-04-08 20:00:00+00:00,20260126_001632_d34452d3_BuyHold_SPY,0.0,0.0,1.0,1.0,0.0,0.0,0.0,0.0
2021-04-09 20:00:00+00:00,20260126_001632_d34452d3_BuyHold_SPY,0.0,0.0,1.0,1.0,0.0,0.0,0.0,0.0
2021-04-12 20:00:00+00:00,20260126_001632_d34452d3_BuyHold_SPY,0.0,0.0,1.0,1.0,0.0,0.0,0.0,0.0
2021-04-13 20:00:00+00:00,20260126_001632_d34452d3_BuyHold_SPY,0.0,0.0,1.0,1.0,0.0,0.0,0.0,0.0
2021-04-14 20:00:00+00:00,20260126_001632_d34452d3_BuyHold_SPY,0.0,0.0,1.0,1.0,0.0,0.0,0.0,-0.0
2021-04-15 20:00:00+00:00,20260126_001632_d34452d3_BuyHold_SPY,0.0,0.0,1.0,1.0,0.0,0.0,0.0,0.0
2021-04-16 20:00:00+00:00,20260126_001632_d34452d3_BuyHold_SPY,0.0,0.0,1.0,1.0,0.0,0.0,0.0,0.0
2021-04-19 20:00:00+00:00,20260126_001632_d34452d3_BuyHold_SPY,0.0,0.0,1.0,1.0,0.0,0.0,0.0,-0.0
2021-04-20 20:00:00+00:00,20260126_001632_d34452d3_BuyHold_SPY,0.0,0.0,1.0,1.0,0.0,0.0,0.0,-0.0
2021-04-21 20:00:00+00:00,20260126_001632_d34452d3_BuyHold_SPY,0.0,0.0,1.0,1.0,0.0,0.0,0.0,0.0
2021-04-22 20:00:00+00:00,20260126_001632_d34452d3_BuyHold_SPY,0.0,0.0,1.0,1.0,0.0,0.0,0.0,-0.0
2021-04-23 20:00:00+00:00,20260126_001632_d34452d3_BuyHold_SPY,0.0,0.0,1.0,1.0,0.0,0.0,0.0,0.0
2021-04-26 20:00:00+00:00,20260126_001632_d34452d3_BuyHold_SPY,0.0,0.0,1.0,1.0,0.0,0.0,0.0,-0.0
2021-04-27 20:00:00+00:00,20260126_001632_d34452d3_BuyHold_SPY,0.0,0.0,1.0,1.0,0.0,0.0,0.0,0.0
2021-04-28 20:00:00+00:00,20260126_001632_d34452d3_BuyHold_SPY,0.0,0.0,1.0,1.0,0.0,0.0,0.0,-0.0
2021-04-29 20:00:00+00:00,20260126_001632_d34452d3_BuyHold_SPY,0.0,0.0,1.0,1.0,0.0,0.0,0.0,-0.0
2021-04-30 20:00:00+00:00,20260126_001632_d34452d3_BuyHold_SPY,0.0,0.0,1.0,1.0,0.0,0.0,0.0,-0.0
2021-05-03 20:00:00+00:00,20260126_001632_d34452d3_BuyHold_SPY,0.0,0.0,1.0,1.0,0.0,0.0,0.0,-0.0
2021-05-04 20:00:00+00:00,20260126_001632_d34452d3_BuyHold_SPY,0.0,0.0,1.0,1.0,0.0,0.0,0.0,0.0
2021-05-05 20:00:00+00:00,20260126_001632_d34452d3_BuyHold_SPY,0.0,0.0,1.0,1.0,0.0,0.0,0.0,-0.0
2021-05-06 20:00:00+00:00,20260126_001632_d34452d3_BuyHold_SPY,0.0,0.0,1.0,1.0,0.0,0.0,0.0,0.0
2021-05-07 20:00:00+00:00,20260126_001632_d34452d3_BuyHold_SPY,0.0,0.0,1.0,1.0,0.0,0.0,0.0,0.0
2021-05-10 20:00:00+00:00,20260126_001632_d34452d3_BuyHold_SPY,0.0,0.0,1.0,1.0,0.0,0.0,0.0,-0.0
2021-05-11 20:00:00+00:00,20260126_001632_d34452d3_BuyHold_SPY,0.0,0.0,1.0,1.0,0.0,0.0,0.0,0.0
2021-05-12 20:00:00+00:00,20260126_001632_d34452d3_BuyHold_SPY,0.0,0.0,1.0,1.0,0.0,0.0,0.0,-0.0
2021-05-13 20:00:00+00:00,20260126_001632_d34452d3_BuyHold_SPY,0.0,0.0,1.0,1.0,0.0,0.0,0.0,0.0
2021-05-14 20:00:00+00:00,20260126_001632_d34452d3_BuyHold_SPY,0.0,0.0,1.0,1.0,0.0,0.0,0.0,0.0
2021-05-17 20:00:00+00:00,20260126_001632_d34452d3_BuyHold_SPY,0.0,0.0,1.0,1.0,0.0,0.0,0.0,-0.0
2021-05-18 20:00:00+00:00,20260126_001632_d34452d3_BuyHold_SPY,0.0,0.0,1.0,1.0,0.0,0.0,0.0,-0.0
2021-05-19 20:00:00+00:00,20260126_001632_d34452d3_BuyHold_SPY,0.0,0.0,1.0,1.0,0.0,0.0,0.0,0.0
2021-05-20 20:00:00+00:00,20260126_001632_d34452d3_BuyHold_SPY,0.0,0.0,1.0,1.0,0.0,0.0,0.0,0.0
2021-05-21 20:00:00+00:00,20260126_001632_d34452d3_BuyHold_SPY,0.0,0.0,1.0,1.0,0.0,0.0,0.0,-0.0
2021-05-24 20:00:00+00:00,20260126_001632_d34452d3_BuyHold_SPY,0.0,0.0,1.0,1.0,0.0,0.0,0.0,0.0
2021-05-25 20:00:00+00:00,20260126_001632_d34452d3_BuyHold_SPY,0.0,0.0,1.0,1.0,0.0,0.0,0.0,-0.0
2021-05-26 20:00:00+00:00,20260126_001632_d34452d3_BuyHold_SPY,0.0,0.0,1.0,1.0,0.0,0.0,0.0,0.0
2021-05-27 20:00:00+00:00,20260126_001632_d34452d3_BuyHold_SPY,0.0,0.0,1.0,1.0,0.0,0.0,0.0,-0.0
2021-05-28 20:00:00+00:00,20260126_001632_d34452d3_BuyHold_SPY,0.0,0.0,1.0,1.0,0.0,0.0,0.0,-0.0
2021-06-01 20:00:00+00:00,20260126_001632_d34452d3_BuyHold_SPY,0.0,0.0,1.0,1.0,0.0,0.0,0.0,-0.0
2021-06-02 20:00:00+00:00,20260126_001632_d34452d3_BuyHold_SPY,0.0,0.0,1.0,1.0,0.0,0.0,0.0,0.0
2021-06-03 20:00:00+00:00,20260126_001632_d34452d3_BuyHold_SPY,0.0,0.0,1.0,1.0,0.0,0.0,0.0,0.0
2021-06-04 20:00:00+00:00,20260126_001632_d34452d3_BuyHold_SPY,0.0,0.0,1.0,1.0,0.0,0.0,0.0,0.0
2021-06-07 20:00:00+00:00,20260126_001632_d34452d3_BuyHold_SPY,0.0,0.0,1.0,1.0,0.0,0.0,0.0,-0.0
2021-06-08 20:00:00+00:00,20260126_001632_d34452d3_BuyHold_SPY,0.0,0.0,1.0,1.0,0.0,0.0,0.0,-0.0
2021-06-09 20:00:00+00:00,20260126_001632_d34452d3_BuyHold_SPY,0.0,0.0,1.0,1.0,0.0,0.0,0.0,-0.0
2021-06-10 20:00:00+00:00,20260126_001632_d34452d3_BuyHold_SPY,0.0,0.0,1.0,1.0,0.0,0.0,0.0,-0.0
2021-06-11 20:00:00+00:00,20260126_001632_d34452d3_BuyHold_SPY,0.0,0.0,1.0,1.0,0.0,0.0,0.0,0.0
2021-06-14 20:00:00+00:00,20260126_001632_d34452d3_BuyHold_SPY,0.0,0.0,1.0,1.0,0.0,0.0,0.0,0.0
2021-06-15 20:00:00+00:00,20260126_001632_d34452d3_BuyHold_SPY,0.0,0.0,1.0,1.0,0.0,0.0,0.0,-0.0
2021-06-16 20:00:00+00:00,20260126_001632_d34452d3_BuyHold_SPY,0.0,0.0,1.0,1.0,0.0,0.0,0.0,-0.0
2021-06-17 20:00:00+00:00,20260126_001632_d34452d3_BuyHold_SPY,0.0,0.0,1.0,1.0,0.0,0.0,0.0,0.0
2021-06-18 20:00:00+00:00,20260126_001632_d34452d3_BuyHold_SPY,0.0,0.0,1.0,1.0,0.0,0.0,0.0,-0.0
2021-06-21 20:00:00+00:00,20260126_001632_d34452d3_BuyHold_SPY,0.0,0.0,1.0,1.0,0.0,0.0,0.0,0.0
2021-06-22 20:00:00+00:00,20260126_001632_d34452d3_BuyHold_SPY,0.0,0.0,1.0,1.0,0.0,0.0,0.0,0.0
2021-06-23 20:00:00+00:00,20260126_001632_d34452d3_BuyHold_SPY,0.0,0.0,1.0,1.0,0.0,0.0,0.0,-0.0
2021-06-24 20:00:00+00:00,20260126_001632_d34452d3_BuyHold_SPY,0.0,0.0,1.0,1.0,0.0,0.0,0.0,0.0
2021-06-25 20:00:00+00:00,20260126_001632_d34452d3_BuyHold_SPY,0.0,0.0,1.0,1.0,0.0,0.0,0.0,0.0
2021-06-28 20:00:00+00:00,20260126_001632_d34452d3_BuyHold_SPY,0.0,0.0,1.0,1.0,0.0,0.0,0.0,0.0
2021-06-29 20:00:00+00:00,20260126_001632_d34452d3_BuyHold_SPY,0.0,0.0,1.0,1.0,0.0,0.0,0.0,-0.0
2021-06-30 20:00:00+00:00,20260126_001632_d34452d3_BuyHold_SPY,0.0,0.0,1.0,1.0,0.0,0.0,0.0,0.0
2021-07-01 20:00:00+00:00,20260126_001632_d34452d3_BuyHold_SPY,0.0,0.0,1.0,1.0,0.0,0.0,0.0,0.0
2021-07-02 20:00:00+00:00,20260126_001632_d34452d3_BuyHold_SPY,0.0,0.0,1.0,1.0,0.0,0.0,0.0,0.0
2021-07-06 20:00:00+00:00,20260126_001632_d34452d3_BuyHold_SPY,0.0,0.0,1.0,1.0,0.0,0.0,0.0,-0.0
2021-07-07 20:00:00+00:00,20260126_001632_d34452d3_BuyHold_SPY,0.0,0.0,1.0,1.0,0.0,0.0,0.0,0.0
2021-07-08 20:00:00+00:00,20260126_001632_d34452d3_BuyHold_SPY,0.0,0.0,1.0,1.0,0.0,0.0,0.0,0.0
2021-07-09 20:00:00+00:00,20260126_001632_d34452d3_BuyHold_SPY,0.0,0.0,1.0,1.0,0.0,0.0,0.0,0.0
2021-07-12 20:00:00+00:00,20260126_001632_d34452d3_BuyHold_SPY,0.0,0.0,1.0,1.0,0.0,0.0,0.0,0.0
2021-07-13 20:00:00+00:00,20260126_001632_d34452d3_BuyHold_SPY,0.0,0.0,1.0,1.0,0.0,0.0,0.0,-0.0
2021-07-14 20:00:00+00:00,20260126_001632_d34452d3_BuyHold_SPY,0.0,0.0,1.0,1.0,0.0,0.0,0.0,-0.0
2021-07-15 20:00:00+00:00,20260126_001632_d34452d3_BuyHold_SPY,0.0,0.0,1.0,1.0,0.0,0.0,0.0,0.0
2021-07-16 20:00:00+00:00,20260126_001632_d34452d3_BuyHold_SPY,0.0,0.0,1.0,1.0,0.0,0.0,0.0,-0.0
2021-07-19 20:00:00+00:00,20260126_001632_d34452d3_BuyHold_SPY,0.0,0.0,1.0,1.0,0.0,0.0,0.0,-0.0
2021-07-20 20:00:00+00:00,20260126_001632_d34452d3_BuyHold_SPY,0.0,0.0,1.0,1.0,0.0,0.0,0.0,0.0
2021-07-21 20:00:00+00:00,20260126_001632_d34452d3_BuyHold_SPY,0.0,0.0,1.0,1.0,0.0,0.0,0.0,0.0
2021-07-22 20:00:00+00:00,20260126_001632_d34452d3_BuyHold_SPY,0.0,0.0,1.0,1.0,0.0,0.0,0.0,0.0
2021-07-23 20:00:00+00:00,20260126_001632_d34452d3_BuyHold_SPY,0.0,0.0,1.0,1.0,0.0,0.0,0.0,0.0
2021-07-26 20:00:00+00:00,20260126_001632_d34452d3_BuyHold_SPY,0.0,0.0,1.0,1.0,0.0,0.0,0.0,0.0
2021-07-27 20:00:00+00:00,20260126_001632_d34452d3_BuyHold_SPY,0.0,0.0,1.0,1.0,0.0,0.0,0.0,0.0
2021-07-28 20:00:00+00:00,20260126_001632_d34452d3_BuyHold_SPY,0.0,0.0,1.0,1.0,0.0,0.0,0.0,0.0
2021-07-29 20:00:00+00:00,20260126_001632_d34452d3_BuyHold_SPY,0.0,0.0,1.0,1.0,0.0,0.0,0.0,0.0
2021-07-30 20:00:00+00:00,20260126_001632_d34452d3_BuyHold_SPY,0.0,0.0,1.0,1.0,0.0,0.0,0.0,-0.0
2021-08-02 20:00:00+00:00,20260126_001632_d34452d3_BuyHold_SPY,0.0,0.0,1.0,1.0,0.0,0.0,0.0,-0.0
2021-08-03 20:00:00+00:00,20260126_001632_d34452d3_BuyHold_SPY,0.0,0.0,1.0,1.0,0.0,0.0,0.0,0.0
2021-08-04 20:00:00+00:00,20260126_001632_d34452d3_BuyHold_SPY,0.0,0.0,1.0,1.0,0.0,0.0,0.0,-0.0
2021-08-05 20:00:00+00:00,20260126_001632_d34452d3_BuyHold_SPY,0.0,0.0,1.0,1.0,0.0,0.0,0.0,0.0
2021-08-06 20:00:00+00:00,20260126_001632_d34452d3_BuyHold_SPY,0.0,0.0,1.0,1.0,0.0,0.0,0.0,-0.0
2021-08-09 20:00:00+00:00,20260126_001632_d34452d3_BuyHold_SPY,0.0,0.0,1.0,1.0,0.0,0.0,0.0,0.0
2021-08-10 20:00:00+00:00,20260126_001632_d34452d3_BuyHold_SPY,0.0,0.0,1.0,1.0,0.0,0.0,0.0,0.0
2021-08-11 20:00:00+00:00,20260126_001632_d34452d3_BuyHold_SPY,0.0,0.0,1.0,1.0,0.0,0.0,0.0,0.0
2021-08-12 20:00:00+00:00,20260126_001632_d34452d3_BuyHold_SPY,0.0,0.0,1.0,1.0,0.0,0.0,0.0,0.0
2021-08-13 20:00:00+00:00,20260126_001632_d34452d3_BuyHold_SPY,0.0,0.0,1.0,1.0,0.0,0.0,0.0,0.0
2021-08-16 20:00:00+00:00,20260126_001632_d34452d3_BuyHold_SPY,0.0,0.0,1.0,1.0,0.0,0.0,0.0,0.0
2021-08-17 20:00:00+00:00,20260126_001632_d34452d3_BuyHold_SPY,0.0,0.0,1.0,1.0,0.0,0.0,0.0,-0.0
2021-08-18 20:00:00+00:00,20260126_001632_d34452d3_BuyHold_SPY,0.0,0.0,1.0,1.0,0.0,0.0,0.0,-0.0
2021-08-19 20:00:00+00:00,20260126_001632_d34452d3_BuyHold_SPY,0.0,0.0,1.0,1.0,0.0,0.0,0.0,0.0
2021-08-20 20:00:00+00:00,20260126_001632_d34452d3_BuyHold_SPY,0.0,0.0,1.0,1.0,0.0,0.0,0.0,0.0
2021-08-23 20:00:00+00:00,20260126_001632_d34452d3_BuyHold_SPY,0.0,0.0,1.0,1.0,0.0,0.0,0.0,0.0
2021-08-24 20:00:00+00:00,20260126_001632_d34452d3_BuyHold_SPY,0.0,0.0,1.0,1.0,0.0,0.0,0.0,-0.0
2021-08-25 20:00:00+00:00,20260126_001632_d34452d3_BuyHold_SPY,0.0,0.0,1.0,1.0,0.0,0.0,0.0,0.0
2021-08-26 20:00:00+00:00,20260126_001632_d34452d3_BuyHold_SPY,0.0,0.0,1.0,1.0,0.0,0.0,0.0,-0.0
2021-08-27 20:00:00+00:00,20260126_001632_d34452d3_BuyHold_SPY,0.0,0.0,1.0,1.0,0.0,0.0,0.0,0.0
2021-08-30 20:00:00+00:00,20260126_001632_d34452d3_BuyHold_SPY,0.0,0.0,1.0,1.0,0.0,0.0,0.0,0.0
2021-08-31 20:00:00+00:00,20260126_001632_d34452d3_BuyHold_SPY,0.0,0.0,1.0,1.0,0.0,0.0,0.0,0.0
2021-09-01 20:00:00+00:00,20260126_001632_d34452d3_BuyHold_SPY,0.0,0.0,1.0,1.0,0.0,0.0,0.0,-0.0
2021-09-02 20:00:00+00:00,20260126_001632_d34452d3_BuyHold_SPY,0.0,0.0,1.0,1.0,0.0,0.0,0.0,-0.0
2021-09-03 20:00:00+00:00,20260126_001632_d34452d3_BuyHold_SPY,0.0,0.0,1.0,1.0,0.0,0.0,0.0,0.0
2021-09-07 20:00:00+00:00,20260126_001632_d34452d3_BuyHold_SPY,0.0,0.0,1.0,1.0,0.0,0.0,0.0,-0.0
2021-09-08 20:00:00+00:00,20260126_001632_d34452d3_BuyHold_SPY,0.0,0.0,1.0,1.0,0.0,0.0,0.0,-0.0
2021-09-09 20:00:00+00:00,20260126_001632_d34452d3_BuyHold_SPY,0.0,0.0,1.0,1.0,0.0,0.0,0.0,-0.0
2021-09-10 20:00:00+00:00,20260126_001632_d34452d3_BuyHold_SPY,0.0,0.0,1.0,1.0,0.0,0.0,0.0,-0.0
2021-09-13 20:00:00+00:00,20260126_001632_d34452d3_BuyHold_SPY,0.0,0.0,1.0,1.0,0.0,0.0,0.0,-0.0
2021-09-14 20:00:00+00:00,20260126_001632_d34452d3_BuyHold_SPY,0.0,0.0,1.0,1.0,0.0,0.0,0.0,-0.0
2021-09-15 20:00:00+00:00,20260126_001632_d34452d3_BuyHold_SPY,0.0,0.0,1.0,1.0,0.0,0.0,0.0,0.0
2021-09-16 20:00:00+00:00,20260126_001632_d34452d3_BuyHold_SPY,0.0,0.0,1.0,1.0,0.0,0.0,0.0,0.0
2021-09-17 20:00:00+00:00,20260126_001632_d34452d3_BuyHold_SPY,0.0,0.0,1.0,1.0,0.0,0.0,0.0,-0.0
2021-09-20 20:00:00+00:00,20260126_001632_d34452d3_BuyHold_SPY,0.0,0.0,1.0,1.0,0.0,0.0,0.0,-0.0
2021-09-21 20:00:00+00:00,20260126_001632_d34452d3_BuyHold_SPY,0.0,0.0,1.0,1.0,0.0,0.0,0.0,-0.0
2021-09-22 20:00:00+00:00,20260126_001632_d34452d3_BuyHold_SPY,0.0,0.0,1.0,1.0,0.0,0.0,0.0,0.0
2021-09-23 20:00:00+00:00,20260126_001632_d34452d3_BuyHold_SPY,0.0,0.0,1.0,1.0,0.0,0.0,0.0,0.0
2021-09-24 20:00:00+00:00,20260126_001632_d34452d3_BuyHold_SPY,0.0,0.0,1.0,1.0,0.0,0.0,0.0,0.0
2021-09-27 20:00:00+00:00,20260126_001632_d34452d3_BuyHold_SPY,0.0,0.0,1.0,1.0,0.0,0.0,0.0,-0.0
2021-09-28 20:00:00+00:00,20260126_001632_d34452d3_BuyHold_SPY,0.0,0.0,1.0,1.0,0.0,0.0,0.0,-0.0
2021-09-29 20:00:00+00:00,20260126_001632_d34452d3_BuyHold_SPY,0.0,0.0,1.0,1.0,0.0,0.0,0.0,0.0
2021-09-30 20:00:00+00:00,20260126_001632_d34452d3_BuyHold_SPY,0.0,0.0,1.0,1.0,0.0,0.0,0.0,-0.0
2021-10-01 20:00:00+00:00,20260126_001632_d34452d3_BuyHold_SPY,0.0,0.0,1.0,1.0,0.0,0.0,0.0,0.0
2021-10-04 20:00:00+00:00,20260126_001632_d34452d3_BuyHold_SPY,0.0,0.0,1.0,1.0,0.0,0.0,0.0,-0.0
2021-10-05 20:00:00+00:00,20260126_001632_d34452d3_BuyHold_SPY,0.0,0.0,1.0,1.0,0.0,0.0,0.0,0.0
2021-10-06 20:00:00+00:00,20260126_001632_d34452d3_BuyHold_SPY,0.0,0.0,1.0,1.0,0.0,0.0,0.0,0.0
2021-10-07 20:00:00+00:00,20260126_001632_d34452d3_BuyHold_SPY,0.0,0.0,1.0,1.0,0.0,0.0,0.0,-0.0
2021-10-08 20:00:00+00:00,20260126_001632_d34452d3_BuyHold_SPY,0.0,0.0,1.0,1.0,0.0,0.0,0.0,-0.0
2021-10-11 20:00:00+00:00,20260126_001632_d34452d3_BuyHold_SPY,0.0,0.0,1.0,1.0,0.0,0.0,0.0,-0.0
2021-10-12 20:00:00+00:00,20260126_001632_d34452d3_BuyHold_SPY,0.0,0.0,1.0,1.0,0.0,0.0,0.0,-0.0
2021-10-13 20:00:00+00:00,20260126_001632_d34452d3_BuyHold_SPY,0.0,0.0,1.0,1.0,0.0,0.0,0.0,0.0
2021-10-14 20:00:00+00:00,20260126_001632_d34452d3_BuyHold_SPY,0.0,0.0,1.0,1.0,0.0,0.0,0.0,0.0
2021-10-15 20:00:00+00:00,20260126_001632_d34452d3_BuyHold_SPY,0.0,0.0,1.0,1.0,0.0,0.0,0.0,0.0
2021-10-18 20:00:00+00:00,20260126_001632_d34452d3_BuyHold_SPY,0.0,0.0,1.0,1.0,0.0,0.0,0.0,0.0
2021-10-19 20:00:00+00:00,20260126_001632_d34452d3_BuyHold_SPY,0.0,0.0,1.0,1.0,0.0,0.0,0.0,0.0
2021-10-20 20:00:00+00:00,20260126_001632_d34452d3_BuyHold_SPY,0.0,0.0,1.0,1.0,0.0,0.0,0.0,0.0
2021-10-21 20:00:00+00:00,20260126_001632_d34452d3_BuyHold_SPY,0.0,0.0,1.0,1.0,0.0,0.0,0.0,0.0
2021-10-22 20:00:00+00:00,20260126_001632_d34452d3_BuyHold_SPY,0.0,0.0,1.0,1.0,0.0,0.0,0.0,-0.0
2021-10-25 20:00:00+00:00,20260126_001632_d34452d3_BuyHold_SPY,0.0,0.0,1.0,1.0,0.0,0.0,0.0,0.0
2021-10-26 20:00:00+00:00,20260126_001632_d34452d3_BuyHold_SPY,0.0,0.0,1.0,1.0,0.0,0.0,0.0,-0.0
2021-10-27 20:00:00+00:00,20260126_001632_d34452d3_BuyHold_SPY,0.0,0.0,1.0,1.0,0.0,0.0,0.0,-0.0
2021-10-28 20:00:00+00:00,20260126_001632_d34452d3_BuyHold_SPY,0.0,0.0,1.0,1.0,0.0,0.0,0.0,0.0
2021-10-29 20:00:00+00:00,20260126_001632_d34452d3_BuyHold_SPY,0.0,0.0,1.0,1.0,0.0,0.0,0.0,0.0
2021-11-01 20:00:00+00:00,20260126_001632_d34452d3_BuyHold_SPY,0.0,0.0,1.0,1.0,0.0,0.0,0.0,0.0
2021-11-02 20:00:00+00:00,20260126_001632_d34452d3_BuyHold_SPY,0.0,0.0,1.0,1.0,0.0,0.0,0.0,0.0
2021-11-03 20:00:00+00:00,20260126_001632_d34452d3_BuyHold_SPY,0.0,0.0,1.0,1.0,0.0,0.0,0.0,0.0
2021-11-04 20:00:00+00:00,20260126_001632_d34452d3_BuyHold_SPY,0.0,0.0,1.0,1.0,0.0,0.0,0.0,0.0
2021-11-05 20:00:00+00:00,20260126_001632_d34452d3_BuyHold_SPY,0.0,0.0,1.0,1.0,0.0,0.0,0.0,-0.0
2021-11-08 21:00:00+00:00,20260126_001632_d34452d3_BuyHold_SPY,0.0,0.0,1.0,1.0,0.0,0.0,0.0,-0.0
2021-11-09 21:00:00+00:00,20260126_001632_d34452d3_BuyHold_SPY,0.0,0.0,1.0,1.0,0.0,0.0,0.0,-0.0
2021-11-10 21:00:00+00:00,20260126_001632_d34452d3_BuyHold_SPY,0.0,0.0,1.0,1.0,0.0,0.0,0.0,-0.0
2021-11-11 21:00:00+00:00,20260126_001632_d34452d3_BuyHold_SPY,0.0,0.0,1.0,1.0,0.0,0.0,0.0,-0.0
2021-11-12 21:00:00+00:00,20260126_001632_d34452d3_BuyHold_SPY,0.0,0.0,1.0,1.0,0.0,0.0,0.0,0.0
2021-11-15 21:00:00+00:00,20260126_001632_d34452d3_BuyHold_SPY,0.0,0.0,1.0,1.0,0.0,0.0,0.0,-0.0
2021-11-16 21:00:00+00:00,20260126_001632_d34452d3_BuyHold_SPY,0.0,0.0,1.0,1.0,0.0,0.0,0.0,0.0
2021-11-17 21:00:00+00:00,20260126_001632_d34452d3_BuyHold_SPY,0.0,0.0,1.0,1.0,0.0,0.0,0.0,-0.0
2021-11-18 21:00:00+00:00,20260126_001632_d34452d3_BuyHold_SPY,0.0,0.0,1.0,1.0,0.0,0.0,0.0,0.0
2021-11-19 21:00:00+00:00,20260126_001632_d34452d3_BuyHold_SPY,0.0,0.0,1.0,1.0,0.0,0.0,0.0,-0.0
2021-11-22 21:00:00+00:00,20260126_001632_d34452d3_BuyHold_SPY,0.0,0.0,1.0,1.0,0.0,0.0,0.0,-0.0
2021-11-23 21:00:00+00:00,20260126_001632_d34452d3_BuyHold_SPY,0.0,0.0,1.0,1.0,0.0,0.0,0.0,0.0
2021-11-24 21:00:00+00:00,20260126_001632_d34452d3_BuyHold_SPY,0.0,0.0,1.0,1.0,0.0,0.0,0.0,0.0
2021-11-26 21:00:00+00:00,20260126_001632_d34452d3_BuyHold_SPY,0.0,0.0,1.0,1.0,0.0,0.0,0.0,-0.0
2021-11-29 21:00:00+00:00,20260126_001632_d34452d3_BuyHold_SPY,0.0,0.0,1.0,1.0,0.0,0.0,0.0,0.0
2021-11-30 21:00:00+00:00,20260126_001632_d34452d3_BuyHold_SPY,0.0,0.0,1.0,1.0,0.0,0.0,0.0,-0.0
2021-12-01 21:00:00+00:00,20260126_001632_d34452d3_BuyHold_SPY,0.0,0.0,1.0,1.0,0.0,0.0,0.0,-0.0
2021-12-02 21:00:00+00:00,20260126_001632_d34452d3_BuyHold_SPY,0.0,0.0,1.0,1.0,0.0,0.0,0.0,0.0
2021-12-03 21:00:00+00:00,20260126_001632_d34452d3_BuyHold_SPY,0.0,0.0,1.0,1.0,0.0,0.0,0.0,-0.0
2021-12-06 21:00:00+00:00,20260126_001632_d34452d3_BuyHold_SPY,0.0,0.0,1.0,1.0,0.0,0.0,0.0,0.0
2021-12-07 21:00:00+00:00,20260126_001632_d34452d3_BuyHold_SPY,0.0,0.0,1.0,1.0,0.0,0.0,0.0,0.0
2021-12-08 21:00:00+00:00,20260126_001632_d34452d3_BuyHold_SPY,0.0,0.0,1.0,1.0,0.0,0.0,0.0,0.0
2021-12-09 21:00:00+00:00,20260126_001632_d34452d3_BuyHold_SPY,0.0,0.0,1.0,1.0,0.0,0.0,0.0,-0.0
2021-12-10 21:00:00+00:00,20260126_001632_d34452d3_BuyHold_SPY,0.0,0.0,1.0,1.0,0.0,0.0,0.0,0.0
2021-12-13 21:00:00+00:00,20260126_001632_d34452d3_BuyHold_SPY,0.0,0.0,1.0,1.0,0.0,0.0,0.0,-0.0
2021-12-14 21:00:00+00:00,20260126_001632_d34452d3_BuyHold_SPY,0.0,0.0,1.0,1.0,0.0,0.0,0.0,-0.0
2021-12-15 21:00:00+00:00,20260126_001632_d34452d3_BuyHold_SPY,0.0,0.0,1.0,1.0,0.0,0.0,0.0,0.0
2021-12-16 21:00:00+00:00,20260126_001632_d34452d3_BuyHold_SPY,0.0,0.0,1.0,1.0,0.0,0.0,0.0,-0.0
2021-12-17 21:00:00+00:00,20260126_001632_d34452d3_BuyHold_SPY,0.0,0.0,1.0,1.0,0.0,0.0,0.0,0.0
2021-12-20 21:00:00+00:00,20260126_001632_d34452d3_BuyHold_SPY,0.0,0.0,1.0,1.0,0.0,0.0,0.0,0.0
2021-12-21 21:00:00+00:00,20260126_001632_d34452d3_BuyHold_SPY,0.0,0.0,1.0,1.0,0.0,0.0,0.0,0.0
2021-12-22 21:00:00+00:00,20260126_001632_d34452d3_BuyHold_SPY,0.0,0.0,1.0,1.0,0.0,0.0,0.0,0.0
2021-12-23 21:00:00+00:00,20260126_001632_d34452d3_BuyHold_SPY,0.0,0.0,1.0,1.0,0.0,0.0,0.0,0.0
2021-12-27 21:00:00+00:00,20260126_001632_d34452d3_BuyHold_SPY,0.0,0.0,1.0,1.0,0.0,0.0,0.0,0.0
2021-12-28 21:00:00+00:00,20260126_001632_d34452d3_BuyHold_SPY,0.0,0.0,1.0,1.0,0.0,0.0,0.0,-0.0
2021-12-29 21:00:00+00:00,20260126_001632_d34452d3_BuyHold_SPY,0.0,0.0,1.0,1.0,0.0,0.0,0.0,0.0
2021-12-30 21:00:00+00:00,20260126_001632_d34452d3_BuyHold_SPY,0.0,0.0,1.0,1.0,0.0,0.0,0.0,-0.0
2021-12-31 21:00:00+00:00,20260126_001632_d34452d3_BuyHold_SPY,0.0,0.0,1.0,1.0,0.0,0.0,0.0,-0.0
2022-01-03 21:00:00+00:00,20260126_001632_d34452d3_BuyHold_SPY,0.0,0.0,1.0,1.0,0.0,0.0,0.0,0.0
2022-01-04 21:00:00+00:00,20260126_001632_d34452d3_BuyHold_SPY,0.0,0.0,1.0,1.0,0.0,0.0,0.0,-0.0
2022-01-05 21:00:00+00:00,20260126_001632_d34452d3_BuyHold_SPY,0.0,0.0,1.0,1.0,0.0,0.0,0.0,-0.0
2022-01-06 21:00:00+00:00,20260126_001632_d34452d3_BuyHold_SPY,0.0,0.0,1.0,1.0,0.0,0.0,0.0,-0.0
2022-01-07 21:00:00+00:00,20260126_001632_d34452d3_BuyHold_SPY,0.0,0.0,1.0,1.0,0.0,0.0,0.0,-0.0
2022-01-10 21:00:00+00:00,20260126_001632_d34452d3_BuyHold_SPY,0.0,0.0,1.0,1.0,0.0,0.0,0.0,0.0
2022-01-11 21:00:00+00:00,20260126_001632_d34452d3_BuyHold_SPY,0.0,0.0,1.0,1.0,0.0,0.0,0.0,0.0
2022-01-12 21:00:00+00:00,20260126_001632_d34452d3_BuyHold_SPY,0.0,0.0,1.0,1.0,0.0,0.0,0.0,-0.0
2022-01-13 21:00:00+00:00,20260126_001632_d34452d3_BuyHold_SPY,0.0,0.0,1.0,1.0,0.0,0.0,0.0,-0.0
2022-01-14 21:00:00+00:00,20260126_001632_d34452d3_BuyHold_SPY,0.0,0.0,1.0,1.0,0.0,0.0,0.0,-0.0
2022-01-18 21:00:00+00:00,20260126_001632_d34452d3_BuyHold_SPY,0.0,0.0,1.0,1.0,0.0,0.0,0.0,-0.0
2022-01-19 21:00:00+00:00,20260126_001632_d34452d3_BuyHold_SPY,0.0,0.0,1.0,1.0,0.0,0.0,0.0,-0.0
2022-01-20 21:00:00+00:00,20260126_001632_d34452d3_BuyHold_SPY,0.0,0.0,1.0,1.0,0.0,0.0,0.0,-0.0
2022-01-21 21:00:00+00:00,20260126_001632_d34452d3_BuyHold_SPY,0.0,0.0,1.0,1.0,0.0,0.0,0.0,-0.0
2022-01-24 21:00:00+00:00,20260126_001632_d34452d3_BuyHold_SPY,0.0,0.0,1.0,1.0,0.0,0.0,0.0,0.0
2022-01-25 21:00:00+00:00,20260126_001632_d34452d3_BuyHold_SPY,0.0,0.0,1.0,1.0,0.0,0.0,0.0,0.0
2022-01-26 21:00:00+00:00,20260126_001632_d34452d3_BuyHold_SPY,0.0,0.0,1.0,1.0,0.0,0.0,0.0,-0.0
2022-01-27 21:00:00+00:00,20260126_001632_d34452d3_BuyHold_SPY,0.0,0.0,1.0,1.0,0.0,0.0,0.0,-0.0
2022-01-28 21:00:00+00:00,20260126_001632_d34452d3_BuyHold_SPY,0.0,0.0,1.0,1.0,0.0,0.0,0.0,0.0
2022-01-31 21:00:00+00:00,20260126_001632_d34452d3_BuyHold_SPY,0.0,0.0,1.0,1.0,0.0,0.0,0.0,0.0
2022-02-01 21:00:00+00:00,20260126_001632_d34452d3_BuyHold_SPY,0.0,0.0,1.0,1.0,0.0,0.0,0.0,0.0
2022-02-02 21:00:00+00:00,20260126_001632_d34452d3_BuyHold_SPY,0.0,0.0,1.0,1.0,0.0,0.0,0.0,0.0
2022-02-03 21:00:00+00:00,20260126_001632_d34452d3_BuyHold_SPY,0.0,0.0,1.0,1.0,0.0,0.0,0.0,-0.0
2022-02-04 21:00:00+00:00,20260126_001632_d34452d3_BuyHold_SPY,0.0,0.0,1.0,1.0,0.0,0.0,0.0,0.0
2022-02-07 21:00:00+00:00,20260126_001632_d34452d3_BuyHold_SPY,0.0,0.0,1.0,1.0,0.0,0.0,0.0,-0.0
2022-02-08 21:00:00+00:00,20260126_001632_d34452d3_BuyHold_SPY,0.0,0.0,1.0,1.0,0.0,0.0,0.0,0.0
2022-02-09 21:00:00+00:00,20260126_001632_d34452d3_BuyHold_SPY,0.0,0.0,1.0,1.0,0.0,0.0,0.0,0.0
2022-02-10 21:00:00+00:00,20260126_001632_d34452d3_BuyHold_SPY,0.0,0.0,1.0,1.0,0.0,0.0,0.0,-0.0
2022-02-11 21:00:00+00:00,20260126_001632_d34452d3_BuyHold_SPY,0.0,0.0,1.0,1.0,0.0,0.0,0.0,-0.0
2022-02-14 21:00:00+00:00,20260126_001632_d34452d3_BuyHold_SPY,0.0,0.0,1.0,1.0,0.0,0.0,0.0,-0.0
2022-02-15 21:00:00+00:00,20260126_001632_d34452d3_BuyHold_SPY,0.0,0.0,1.0,1.0,0.0,0.0,0.0,0.0
2022-02-16 21:00:00+00:00,20260126_001632_d34452d3_BuyHold_SPY,0.0,0.0,1.0,1.0,0.0,0.0,0.0,0.0
2022-02-17 21:00:00+00:00,20260126_001632_d34452d3_BuyHold_SPY,0.0,0.0,1.0,1.0,0.0,0.0,0.0,-0.0
2022-02-18 21:00:00+00:00,20260126_001632_d34452d3_BuyHold_SPY,0.0,0.0,1.0,1.0,0.0,0.0,0.0,-0.0
2022-02-22 21:00:00+00:00,20260126_001632_d34452d3_BuyHold_SPY,0.0,0.0,1.0,1.0,0.0,0.0,0.0,-0.0
2022-02-23 21:00:00+00:00,20260126_001632_d34452d3_BuyHold_SPY,0.0,0.0,1.0,1.0,0.0,0.0,0.0,-0.0
2022-02-24 21:00:00+00:00,20260126_001632_d34452d3_BuyHold_SPY,0.0,0.0,1.0,1.0,0.0,0.0,0.0,0.0
2022-02-25 21:00:00+00:00,20260126_001632_d34452d3_BuyHold_SPY,0.0,0.0,1.0,1.0,0.0,0.0,0.0,0.0
2022-02-28 21:00:00+00:00,20260126_001632_d34452d3_BuyHold_SPY,0.0,0.0,1.0,1.0,0.0,0.0,0.0,0.0
2022-03-01 21:00:00+00:00,20260126_001632_d34452d3_BuyHold_SPY,0.0,0.0,1.0,1.0,0.0,0.0,0.0,-0.0
2022-03-02 21:00:00+00:00,20260126_001632_d34452d3_BuyHold_SPY,0.0,0.0,1.0,1.0,0.0,0.0,0.0,0.0
2022-03-03 21:00:00+00:00,20260126_001632_d34452d3_BuyHold_SPY,0.0,0.0,1.0,1.0,0.0,0.0,0.0,-0.0
2022-03-04 21:00:00+00:00,20260126_001632_d34452d3_BuyHold_SPY,0.0,0.0,1.0,1.0,0.0,0.0,0.0,0.0
2022-03-07 21:00:00+00:00,20260126_001632_d34452d3_BuyHold_SPY,0.0,0.0,1.0,1.0,0.0,0.0,0.0,-0.0
2022-03-08 21:00:00+00:00,20260126_001632_d34452d3_BuyHold_SPY,0.0,0.0,1.0,1.0,0.0,0.0,0.0,-0.0
2022-03-09 21:00:00+00:00,20260126_001632_d34452d3_BuyHold_SPY,0.0,0.0,1.0,1.0,0.0,0.0,0.0,0.0
2022-03-10 21:00:00+00:00,20260126_001632_d34452d3_BuyHold_SPY,0.0,0.0,1.0,1.0,0.0,0.0,0.0,0.0
2022-03-11 21:00:00+00:00,20260126_001632_d34452d3_BuyHold_SPY,0.0,0.0,1.0,1.0,0.0,0.0,0.0,-0.0
2022-03-14 20:00:00+00:00,20260126_001632_d34452d3_BuyHold_SPY,0.0,0.0,1.0,1.0,0.0,0.0,0.0,-0.0
2022-03-15 20:00:00+00:00,20260126_001632_d34452d3_BuyHold_SPY,0.0,0.0,1.0,1.0,0.0,0.0,0.0,0.0
2022-03-16 20:00:00+00:00,20260126_001632_d34452d3_BuyHold_SPY,0.0,0.0,1.0,1.0,0.0,0.0,0.0,0.0
2022-03-17 20:00:00+00:00,20260126_001632_d34452d3_BuyHold_SPY,0.0,0.0,1.0,1.0,0.0,0.0,0.0,0.0
2022-03-18 20:00:00+00:00,20260126_001632_d34452d3_BuyHold_SPY,0.0,0.0,1.0,1.0,0.0,0.0,0.0,0.0
2022-03-21 20:00:00+00:00,20260126_001632_d34452d3_BuyHold_SPY,0.0,0.0,1.0,1.0,0.0,0.0,0.0,-0.0
2022-03-22 20:00:00+00:00,20260126_001632_d34452d3_BuyHold_SPY,0.0,0.0,1.0,1.0,0.0,0.0,0.0,0.0
2022-03-23 20:00:00+00:00,20260126_001632_d34452d3_BuyHold_SPY,0.0,0.0,1.0,1.0,0.0,0.0,0.0,-0.0
2022-03-24 20:00:00+00:00,20260126_001632_d34452d3_BuyHold_SPY,0.0,0.0,1.0,1.0,0.0,0.0,0.0,0.0
2022-03-25 20:00:00+00:00,20260126_001632_d34452d3_BuyHold_SPY,0.0,0.0,1.0,1.0,0.0,0.0,0.0,0.0
2022-03-28 20:00:00+00:00,20260126_001632_d34452d3_BuyHold_SPY,0.0,0.0,1.0,1.0,0.0,0.0,0.0,0.0
2022-03-29 20:00:00+00:00,20260126_001632_d34452d3_BuyHold_SPY,0.0,0.0,1.0,1.0,0.0,0.0,0.0,0.0
2022-03-30 20:00:00+00:00,20260126_001632_d34452d3_BuyHold_SPY,0.0,0.0,1.0,1.0,0.0,0.0,0.0,-0.0
2022-03-31 20:00:00+00:00,20260126_001632_d34452d3_BuyHold_SPY,0.0,0.0,1.0,1.0,0.0,0.0,0.0,-0.0
2022-04-01 20:00:00+00:00,20260126_001632_d34452d3_BuyHold_SPY,0.0,0.0,1.0,1.0,0.0,0.0,0.0,0.0
2022-04-04 20:00:00+00:00,20260126_001632_d34452d3_BuyHold_SPY,0.0,0.0,1.0,1.0,0.0,0.0,0.0,0.0
2022-04-05 20:00:00+00:00,20260126_001632_d34452d3_BuyHold_SPY,0.0,0.0,1.0,1.0,0.0,0.0,0.0,-0.0
2022-04-06 20:00:00+00:00,20260126_001632_d34452d3_BuyHold_SPY,0.0,0.0,1.0,1.0,0.0,0.0,0.0,0.0
2022-04-07 20:00:00+00:00,20260126_001632_d34452d3_BuyHold_SPY,0.0,0.0,1.0,1.0,0.0,0.0,0.0,0.0
2022-04-08 20:00:00+00:00,20260126_001632_d34452d3_BuyHold_SPY,0.0,0.0,1.0,1.0,0.0,0.0,0.0,-0.0
2022-04-11 20:00:00+00:00,20260126_001632_d34452d3_BuyHold_SPY,0.0,0.0,1.0,1.0,0.0,0.0,0.0,-0.0
2022-04-12 20:00:00+00:00,20260126_001632_d34452d3_BuyHold_SPY,0.0,0.0,1.0,1.0,0.0,0.0,0.0,-0.0
2022-04-13 20:00:00+00:00,20260126_001632_d34452d3_BuyHold_SPY,0.0,0.0,1.0,1.0,0.0,0.0,0.0,0.0
2022-04-14 20:00:00+00:00,20260126_001632_d34452d3_BuyHold_SPY,0.0,0.0,1.0,1.0,0.0,0.0,0.0,-0.0
2022-04-18 20:00:00+00:00,20260126_001632_d34452d3_BuyHold_SPY,0.0,0.0,1.0,1.0,0.0,0.0,0.0,-0.0
2022-04-19 20:00:00+00:00,20260126_001632_d34452d3_BuyHold_SPY,0.0,0.0,1.0,1.0,0.0,0.0,0.0,0.0
2022-04-20 20:00:00+00:00,20260126_001632_d34452d3_BuyHold_SPY,0.0,0.0,1.0,1.0,0.0,0.0,0.0,-0.0
2022-04-21 20:00:00+00:00,20260126_001632_d34452d3_BuyHold_SPY,0.0,0.0,1.0,1.0,0.0,0.0,0.0,-0.0
2022-04-22 20:00:00+00:00,20260126_001632_d34452d3_BuyHold_SPY,0.0,0.0,1.0,1.0,0.0,0.0,0.0,-0.0
2022-04-25 20:00:00+00:00,20260126_001632_d34452d3_BuyHold_SPY,0.0,0.0,1.0,1.0,0.0,0.0,0.0,0.0
2022-04-26 20:00:00+00:00,20260126_001632_d34452d3_BuyHold_SPY,0.0,0.0,1.0,1.0,0.0,0.0,0.0,-0.0
2022-04-27 20:00:00+00:00,20260126_001632_d34452d3_BuyHold_SPY,0.0,0.0,1.0,1.0,0.0,0.0,0.0,-0.0
2022-04-28 20:00:00+00:00,20260126_001632_d34452d3_BuyHold_SPY,0.0,0.0,1.0,1.0,0.0,0.0,0.0,0.0
2022-04-29 20:00:00+00:00,20260126_001632_d34452d3_BuyHold_SPY,0.0,0.0,1.0,1.0,0.0,0.0,0.0,-0.0
2022-05-02 20:00:00+00:00,20260126_001632_d34452d3_BuyHold_SPY,0.0,0.0,1.0,1.0,0.0,0.0,0.0,0.0
2022-05-03 20:00:00+00:00,20260126_001632_d34452d3_BuyHold_SPY,0.0,0.0,1.0,1.0,0.0,0.0,0.0,0.0
2022-05-04 20:00:00+00:00,20260126_001632_d34452d3_BuyHold_SPY,0.0,0.0,1.0,1.0,0.0,0.0,0.0,0.0
2022-05-05 20:00:00+00:00,20260126_001632_d34452d3_BuyHold_SPY,0.0,0.0,1.0,1.0,0.0,0.0,0.0,-0.0
2022-05-06 20:00:00+00:00,20260126_001632_d34452d3_BuyHold_SPY,0.0,0.0,1.0,1.0,0.0,0.0,0.0,0.0
2022-05-09 20:00:00+00:00,20260126_001632_d34452d3_BuyHold_SPY,0.0,0.0,1.0,1.0,0.0,0.0,0.0,-0.0
2022-05-10 20:00:00+00:00,20260126_001632_d34452d3_BuyHold_SPY,0.0,0.0,1.0,1.0,0.0,0.0,0.0,-0.0
2022-05-11 20:00:00+00:00,20260126_001632_d34452d3_BuyHold_SPY,0.0,0.0,1.0,1.0,0.0,0.0,0.0,-0.0
2022-05-12 20:00:00+00:00,20260126_001632_d34452d3_BuyHold_SPY,0.0,0.0,1.0,1.0,0.0,0.0,0.0,0.0
2022-05-13 20:00:00+00:00,20260126_001632_d34452d3_BuyHold_SPY,0.0,0.0,1.0,1.0,0.0,0.0,0.0,0.0
2022-05-16 20:00:00+00:00,20260126_001632_d34452d3_BuyHold_SPY,0.0,0.0,1.0,1.0,0.0,0.0,0.0,0.0
2022-05-17 20:00:00+00:00,20260126_001632_d34452d3_BuyHold_SPY,0.0,0.0,1.0,1.0,0.0,0.0,0.0,0.0
2022-05-18 20:00:00+00:00,20260126_001632_d34452d3_BuyHold_SPY,0.0,0.0,1.0,1.0,0.0,0.0,0.0,-0.0
2022-05-19 20:00:00+00:00,20260126_001632_d34452d3_BuyHold_SPY,0.0,0.0,1.0,1.0,0.0,0.0,0.0,0.0
2022-05-20 20:00:00+00:00,20260126_001632_d34452d3_BuyHold_SPY,0.0,0.0,1.0,1.0,0.0,0.0,0.0,-0.0
2022-05-23 20:00:00+00:00,20260126_001632_d34452d3_BuyHold_SPY,0.0,0.0,1.0,1.0,0.0,0.0,0.0,0.0
2022-05-24 20:00:00+00:00,20260126_001632_d34452d3_BuyHold_SPY,0.0,0.0,1.0,1.0,0.0,0.0,0.0,0.0
2022-05-25 20:00:00+00:00,20260126_001632_d34452d3_BuyHold_SPY,0.0,0.0,1.0,1.0,0.0,0.0,0.0,0.0
2022-05-26 20:00:00+00:00,20260126_001632_d34452d3_BuyHold_SPY,0.0,0.0,1.0,1.0,0.0,0.0,0.0,0.0
2022-05-27 20:00:00+00:00,20260126_001632_d34452d3_BuyHold_SPY,0.0,0.0,1.0,1.0,0.0,0.0,0.0,0.0
2022-05-31 20:00:00+00:00,20260126_001632_d34452d3_BuyHold_SPY,0.0,0.0,1.0,1.0,0.0,0.0,0.0,0.0
2022-06-01 20:00:00+00:00,20260126_001632_d34452d3_BuyHold_SPY,0.0,0.0,1.0,1.0,0.0,0.0,0.0,-0.0
2022-06-02 20:00:00+00:00,20260126_001632_d34452d3_BuyHold_SPY,0.0,0.0,1.0,1.0,0.0,0.0,0.0,0.0
2022-06-03 20:00:00+00:00,20260126_001632_d34452d3_BuyHold_SPY,0.0,0.0,1.0,1.0,0.0,0.0,0.0,-0.0
2022-06-06 20:00:00+00:00,20260126_001632_d34452d3_BuyHold_SPY,0.0,0.0,1.0,1.0,0.0,0.0,0.0,-0.0
2022-06-07 20:00:00+00:00,20260126_001632_d34452d3_BuyHold_SPY,0.0,0.0,1.0,1.0,0.0,0.0,0.0,0.0
2022-06-08 20:00:00+00:00,20260126_001632_d34452d3_BuyHold_SPY,0.0,0.0,1.0,1.0,0.0,0.0,0.0,-0.0
2022-06-09 20:00:00+00:00,20260126_001632_d34452d3_BuyHold_SPY,0.0,0.0,1.0,1.0,0.0,0.0,0.0,-0.0
2022-06-10 20:00:00+00:00,20260126_001632_d34452d3_BuyHold_SPY,0.0,0.0,1.0,1.0,0.0,0.0,0.0,-0.0
2022-06-13 20:00:00+00:00,20260126_001632_d34452d3_BuyHold_SPY,0.0,0.0,1.0,1.0,0.0,0.0,0.0,-0.0
2022-06-14 20:00:00+00:00,20260126_001632_d34452d3_BuyHold_SPY,0.0,0.0,1.0,1.0,0.0,0.0,0.0,-0.0
2022-06-15 20:00:00+00:00,20260126_001632_d34452d3_BuyHold_SPY,0.0,0.0,1.0,1.0,0.0,0.0,0.0,0.0
2022-06-16 20:00:00+00:00,20260126_001632_d34452d3_BuyHold_SPY,0.0,0.0,1.0,1.0,0.0,0.0,0.0,-0.0
2022-06-17 20:00:00+00:00,20260126_001632_d34452d3_BuyHold_SPY,0.0,0.0,1.0,1.0,0.0,0.0,0.0,-0.0
2022-06-21 20:00:00+00:00,20260126_001632_d34452d3_BuyHold_SPY,0.0,0.0,1.0,1.0,0.0,0.0,0.0,0.0
2022-06-22 20:00:00+00:00,20260126_001632_d34452d3_BuyHold_SPY,0.0,0.0,1.0,1.0,0.0,0.0,0.0,0.0
2022-06-23 20:00:00+00:00,20260126_001632_d34452d3_BuyHold_SPY,0.0,0.0,1.0,1.0,0.0,0.0,0.0,0.0
2022-06-24 20:00:00+00:00,20260126_001632_d34452d3_BuyHold_SPY,0.0,0.0,1.0,1.0,0.0,0.0,0.0,0.0
2022-06-27 20:00:00+00:00,20260126_001632_d34452d3_BuyHold_SPY,0.0,0.0,1.0,1.0,0.0,0.0,0.0,0.0
2022-06-28 20:00:00+00:00,20260126_001632_d34452d3_BuyHold_SPY,0.0,0.0,1.0,1.0,0.0,0.0,0.0,-0.0
2022-06-29 20:00:00+00:00,20260126_001632_d34452d3_BuyHold_SPY,0.0,0.0,1.0,1.0,0.0,0.0,0.0,0.0
2022-06-30 20:00:00+00:00,20260126_001632_d34452d3_BuyHold_SPY,0.0,0.0,1.0,1.0,0.0,0.0,0.0,0.0
2022-07-01 20:00:00+00:00,20260126_001632_d34452d3_BuyHold_SPY,0.0,0.0,1.0,1.0,0.0,0.0,0.0,0.0
2022-07-05 20:00:00+00:00,20260126_001632_d34452d3_BuyHold_SPY,0.0,0.0,1.0,1.0,0.0,0.0,0.0,0.0
2022-07-06 20:00:00+00:00,20260126_001632_d34452d3_BuyHold_SPY,0.0,0.0,1.0,1.0,0.0,0.0,0.0,0.0
2022-07-07 20:00:00+00:00,20260126_001632_d34452d3_BuyHold_SPY,0.0,0.0,1.0,1.0,0.0,0.0,0.0,0.0
2022-07-08 20:00:00+00:00,20260126_001632_d34452d3_BuyHold_SPY,0.0,0.0,1.0,1.0,0.0,0.0,0.0,0.0
2022-07-11 20:00:00+00:00,20260126_001632_d34452d3_BuyHold_SPY,0.0,0.0,1.0,1.0,0.0,0.0,0.0,-0.0
2022-07-12 20:00:00+00:00,20260126_001632_d34452d3_BuyHold_SPY,0.0,0.0,1.0,1.0,0.0,0.0,0.0,-0.0
2022-07-13 20:00:00+00:00,20260126_001632_d34452d3_BuyHold_SPY,0.0,0.0,1.0,1.0,0.0,0.0,0.0,0.0
2022-07-14 20:00:00+00:00,20260126_001632_d34452d3_BuyHold_SPY,0.0,0.0,1.0,1.0,0.0,0.0,0.0,0.0
2022-07-15 20:00:00+00:00,20260126_001632_d34452d3_BuyHold_SPY,0.0,0.0,1.0,1.0,0.0,0.0,0.0,0.0
2022-07-18 20:00:00+00:00,20260126_001632_d34452d3_BuyHold_SPY,0.0,0.0,1.0,1.0,0.0,0.0,0.0,-0.0
2022-07-19 20:00:00+00:00,20260126_001632_d34452d3_BuyHold_SPY,0.0,0.0,1.0,1.0,0.0,0.0,0.0,0.0
2022-07-20 20:00:00+00:00,20260126_001632_d34452d3_BuyHold_SPY,0.0,0.0,1.0,1.0,0.0,0.0,0.0,0.0
2022-07-21 20:00:00+00:00,20260126_001632_d34452d3_BuyHold_SPY,0.0,0.0,1.0,1.0,0.0,0.0,0.0,0.0
2022-07-22 20:00:00+00:00,20260126_001632_d34452d3_BuyHold_SPY,0.0,0.0,1.0,1.0,0.0,0.0,0.0,-0.0
2022-07-25 20:00:00+00:00,20260126_001632_d34452d3_BuyHold_SPY,0.0,0.0,1.0,1.0,0.0,0.0,0.0,0.0
2022-07-26 20:00:00+00:00,20260126_001632_d34452d3_BuyHold_SPY,0.0,0.0,1.0,1.0,0.0,0.0,0.0,-0.0
2022-07-27 20:00:00+00:00,20260126_001632_d34452d3_BuyHold_SPY,0.0,0.0,1.0,1.0,0.0,0.0,0.0,0.0
2022-07-28 20:00:00+00:00,20260126_001632_d34452d3_BuyHold_SPY,0.0,0.0,1.0,1.0,0.0,0.0,0.0,0.0
2022-07-29 20:00:00+00:00,20260126_001632_d34452d3_BuyHold_SPY,0.0,0.0,1.0,1.0,0.0,0.0,0.0,0.0
2022-08-01 20:00:00+00:00,20260126_001632_d34452d3_BuyHold_SPY,0.0,0.0,1.0,1.0,0.0,0.0,0.0,0.0
2022-08-02 20:00:00+00:00,20260126_001632_d34452d3_BuyHold_SPY,0.0,0.0,1.0,1.0,0.0,0.0,0.0,-0.0
2022-08-03 20:00:00+00:00,20260126_001632_d34452d3_BuyHold_SPY,0.0,0.0,1.0,1.0,0.0,0.0,0.0,0.0
2022-08-04 20:00:00+00:00,20260126_001632_d34452d3_BuyHold_SPY,0.0,0.0,1.0,1.0,0.0,0.0,0.0,-0.0
2022-08-05 20:00:00+00:00,20260126_001632_d34452d3_BuyHold_SPY,0.0,0.0,1.0,1.0,0.0,0.0,0.0,-0.0
2022-08-08 20:00:00+00:00,20260126_001632_d34452d3_BuyHold_SPY,0.0,0.0,1.0,1.0,0.0,0.0,0.0,-0.0
2022-08-09 20:00:00+00:00,20260126_001632_d34452d3_BuyHold_SPY,0.0,0.0,1.0,1.0,0.0,0.0,0.0,-0.0
2022-08-10 20:00:00+00:00,20260126_001632_d34452d3_BuyHold_SPY,0.0,0.0,1.0,1.0,0.0,0.0,0.0,0.0
2022-08-11 20:00:00+00:00,20260126_001632_d34452d3_BuyHold_SPY,0.0,0.0,1.0,1.0,0.0,0.0,0.0,-0.0
2022-08-12 20:00:00+00:00,20260126_001632_d34452d3_BuyHold_SPY,0.0,0.0,1.0,1.0,0.0,0.0,0.0,0.0
2022-08-15 20:00:00+00:00,20260126_001632_d34452d3_BuyHold_SPY,0.0,0.0,1.0,1.0,0.0,0.0,0.0,0.0
2022-08-16 20:00:00+00:00,20260126_001632_d34452d3_BuyHold_SPY,0.0,0.0,1.0,1.0,0.0,0.0,0.0,0.0
2022-08-17 20:00:00+00:00,20260126_001632_d34452d3_BuyHold_SPY,0.0,0.0,1.0,1.0,0.0,0.0,0.0,0.0
2022-08-18 20:00:00+00:00,20260126_001632_d34452d3_BuyHold_SPY,0.0,0.0,1.0,1.0,0.0,0.0,0.0,0.0
2022-08-19 20:00:00+00:00,20260126_001632_d34452d3_BuyHold_SPY,0.0,0.0,1.0,1.0,0.0,0.0,0.0,-0.0
2022-08-22 20:00:00+00:00,20260126_001632_d34452d3_BuyHold_SPY,0.0,0.0,1.0,1.0,0.0,0.0,0.0,-0.0
2022-08-23 20:00:00+00:00,20260126_001632_d34452d3_BuyHold_SPY,0.0,0.0,1.0,1.0,0.0,0.0,0.0,-0.0
2022-08-24 20:00:00+00:00,20260126_001632_d34452d3_BuyHold_SPY,0.0,0.0,1.0,1.0,0.0,0.0,0.0,0.0
2022-08-25 20:00:00+00:00,20260126_001632_d34452d3_BuyHold_SPY,0.0,0.0,1.0,1.0,0.0,0.0,0.0,0.0
2022-08-26 20:00:00+00:00,20260126_001632_d34452d3_BuyHold_SPY,0.0,0.0,1.0,1.0,0.0,0.0,0.0,-0.0
2022-08-29 20:00:00+00:00,20260126_001632_d34452d3_BuyHold_SPY,0.0,0.0,1.0,1.0,0.0,0.0,0.0,-0.0
2022-08-30 20:00:00+00:00,20260126_001632_d34452d3_BuyHold_SPY,0.0,0.0,1.0,1.0,0.0,0.0,0.0,-0.0
2022-08-31 20:00:00+00:00,20260126_001632_d34452d3_BuyHold_SPY,0.0,0.0,1.0,1.0,0.0,0.0,0.0,-0.0
2022-09-01 20:00:00+00:00,20260126_001632_d34452d3_BuyHold_SPY,0.0,0.0,1.0,1.0,0.0,0.0,0.0,0.0
2022-09-02 20:00:00+00:00,20260126_001632_d34452d3_BuyHold_SPY,0.0,0.0,1.0,1.0,0.0,0.0,0.0,-0.0
2022-09-06 20:00:00+00:00,20260126_001632_d34452d3_BuyHold_SPY,0.0,0.0,1.0,1.0,0.0,0.0,0.0,-0.0
2022-09-07 20:00:00+00:00,20260126_001632_d34452d3_BuyHold_SPY,0.0,0.0,1.0,1.0,0.0,0.0,0.0,0.0
2022-09-08 20:00:00+00:00,20260126_001632_d34452d3_BuyHold_SPY,0.0,0.0,1.0,1.0,0.0,0.0,0.0,0.0
2022-09-09 20:00:00+00:00,20260126_001632_d34452d3_BuyHold_SPY,0.0,0.0,1.0,1.0,0.0,0.0,0.0,0.0
2022-09-12 20:00:00+00:00,20260126_001632_d34452d3_BuyHold_SPY,0.0,0.0,1.0,1.0,0.0,0.0,0.0,0.0
2022-09-13 20:00:00+00:00,20260126_001632_d34452d3_BuyHold_SPY,0.0,0.0,1.0,1.0,0.0,0.0,0.0,-0.0
2022-09-14 20:00:00+00:00,20260126_001632_d34452d3_BuyHold_SPY,0.0,0.0,1.0,1.0,0.0,0.0,0.0,-0.0
2022-09-15 20:00:00+00:00,20260126_001632_d34452d3_BuyHold_SPY,0.0,0.0,1.0,1.0,0.0,0.0,0.0,-0.0
2022-09-16 20:00:00+00:00,20260126_001632_d34452d3_BuyHold_SPY,0.0,0.0,1.0,1.0,0.0,0.0,0.0,0.0
2022-09-19 20:00:00+00:00,20260126_001632_d34452d3_BuyHold_SPY,0.0,0.0,1.0,1.0,0.0,0.0,0.0,0.0
2022-09-20 20:00:00+00:00,20260126_001632_d34452d3_BuyHold_SPY,0.0,0.0,1.0,1.0,0.0,0.0,0.0,0.0
2022-09-21 20:00:00+00:00,20260126_001632_d34452d3_BuyHold_SPY,0.0,0.0,1.0,1.0,0.0,0.0,0.0,-0.0
2022-09-22 20:00:00+00:00,20260126_001632_d34452d3_BuyHold_SPY,0.0,0.0,1.0,1.0,0.0,0.0,0.0,-0.0
2022-09-23 20:00:00+00:00,20260126_001632_d34452d3_BuyHold_SPY,0.0,0.0,1.0,1.0,0.0,0.0,0.0,-0.0
2022-09-26 20:00:00+00:00,20260126_001632_d34452d3_BuyHold_SPY,0.0,0.0,1.0,1.0,0.0,0.0,0.0,-0.0
2022-09-27 20:00:00+00:00,20260126_001632_d34452d3_BuyHold_SPY,0.0,0.0,1.0,1.0,0.0,0.0,0.0,-0.0
2022-09-28 20:00:00+00:00,20260126_001632_d34452d3_BuyHold_SPY,0.0,0.0,1.0,1.0,0.0,0.0,0.0,0.0
2022-09-29 20:00:00+00:00,20260126_001632_d34452d3_BuyHold_SPY,0.0,0.0,1.0,1.0,0.0,0.0,0.0,-0.0
2022-09-30 20:00:00+00:00,20260126_001632_d34452d3_BuyHold_SPY,0.0,0.0,1.0,1.0,0.0,0.0,0.0,-0.0
2022-10-03 20:00:00+00:00,20260126_001632_d34452d3_BuyHold_SPY,0.0,0.0,1.0,1.0,0.0,0.0,0.0,0.0
2022-10-04 20:00:00+00:00,20260126_001632_d34452d3_BuyHold_SPY,0.0,0.0,1.0,1.0,0.0,0.0,0.0,0.0
2022-10-05 20:00:00+00:00,20260126_001632_d34452d3_BuyHold_SPY,0.0,0.0,1.0,1.0,0.0,0.0,0.0,0.0
2022-10-06 20:00:00+00:00,20260126_001632_d34452d3_BuyHold_SPY,0.0,0.0,1.0,1.0,0.0,0.0,0.0,-0.0
2022-10-07 20:00:00+00:00,20260126_001632_d34452d3_BuyHold_SPY,0.0,0.0,1.0,1.0,0.0,0.0,0.0,-0.0
2022-10-10 20:00:00+00:00,20260126_001632_d34452d3_BuyHold_SPY,0.0,0.0,1.0,1.0,0.0,0.0,0.0,-0.0
2022-10-11 20:00:00+00:00,20260126_001632_d34452d3_BuyHold_SPY,0.0,0.0,1.0,1.0,0.0,0.0,0.0,0.0
2022-10-12 20:00:00+00:00,20260126_001632_d34452d3_BuyHold_SPY,0.0,0.0,1.0,1.0,0.0,0.0,0.0,-0.0
2022-10-13 20:00:00+00:00,20260126_001632_d34452d3_BuyHold_SPY,0.0,0.0,1.0,1.0,0.0,0.0,0.0,0.0
2022-10-14 20:00:00+00:00,20260126_001632_d34452d3_BuyHold_SPY,0.0,0.0,1.0,1.0,0.0,0.0,0.0,-0.0
2022-10-17 20:00:00+00:00,20260126_001632_d34452d3_BuyHold_SPY,0.0,0.0,1.0,1.0,0.0,0.0,0.0,0.0
2022-10-18 20:00:00+00:00,20260126_001632_d34452d3_BuyHold_SPY,0.0,0.0,1.0,1.0,0.0,0.0,0.0,-0.0
2022-10-19 20:00:00+00:00,20260126_001632_d34452d3_BuyHold_SPY,0.0,0.0,1.0,1.0,0.0,0.0,0.0,-0.0
2022-10-20 20:00:00+00:00,20260126_001632_d34452d3_BuyHold_SPY,0.0,0.0,1.0,1.0,0.0,0.0,0.0,-0.0
2022-10-21 20:00:00+00:00,20260126_001632_d34452d3_BuyHold_SPY,0.0,0.0,1.0,1.0,0.0,0.0,0.0,0.0
2022-10-24 20:00:00+00:00,20260126_001632_d34452d3_BuyHold_SPY,0.0,0.0,1.0,1.0,0.0,0.0,0.0,0.0
2022-10-25 20:00:00+00:00,20260126_001632_d34452d3_BuyHold_SPY,0.0,0.0,1.0,1.0,0.0,0.0,0.0,0.0
2022-10-26 20:00:00+00:00,20260126_001632_d34452d3_BuyHold_SPY,0.0,0.0,1.0,1.0,0.0,0.0,0.0,0.0
2022-10-27 20:00:00+00:00,20260126_001632_d34452d3_BuyHold_SPY,0.0,0.0,1.0,1.0,0.0,0.0,0.0,-0.0
2022-10-28 20:00:00+00:00,20260126_001632_d34452d3_BuyHold_SPY,0.0,0.0,1.0,1.0,0.0,0.0,0.0,0.0
2022-10-31 20:00:00+00:00,20260126_001632_d34452d3_BuyHold_SPY,0.0,0.0,1.0,1.0,0.0,0.0,0.0,-0.0
2022-11-01 20:00:00+00:00,20260126_001632_d34452d3_BuyHold_SPY,0.0,0.0,1.0,1.0,0.0,0.0,0.0,-0.0
2022-11-02 20:00:00+00:00,20260126_001632_d34452d3_BuyHold_SPY,0.0,0.0,1.0,1.0,0.0,0.0,0.0,-0.0
2022-11-03 20:00:00+00:00,20260126_001632_d34452d3_BuyHold_SPY,0.0,0.0,1.0,1.0,0.0,0.0,0.0,-0.0
2022-11-04 20:00:00+00:00,20260126_001632_d34452d3_BuyHold_SPY,0.0,0.0,1.0,1.0,0.0,0.0,0.0,0.0
2022-11-07 21:00:00+00:00,20260126_001632_d34452d3_BuyHold_SPY,0.0,0.0,1.0,1.0,0.0,0.0,0.0,0.0
2022-11-08 21:00:00+00:00,20260126_001632_d34452d3_BuyHold_SPY,0.0,0.0,1.0,1.0,0.0,0.0,0.0,0.0
2022-11-09 21:00:00+00:00,20260126_001632_d34452d3_BuyHold_SPY,0.0,0.0,1.0,1.0,0.0,0.0,0.0,-0.0
2022-11-10 21:00:00+00:00,20260126_001632_d34452d3_BuyHold_SPY,0.0,0.0,1.0,1.0,0.0,0.0,0.0,0.0
2022-11-11 21:00:00+00:00,20260126_001632_d34452d3_BuyHold_SPY,0.0,0.0,1.0,1.0,0.0,0.0,0.0,0.0
2022-11-14 21:00:00+00:00,20260126_001632_d34452d3_BuyHold_SPY,0.0,0.0,1.0,1.0,0.0,0.0,0.0,-0.0
2022-11-15 21:00:00+00:00,20260126_001632_d34452d3_BuyHold_SPY,0.0,0.0,1.0,1.0,0.0,0.0,0.0,-0.0
2022-11-16 21:00:00+00:00,20260126_001632_d34452d3_BuyHold_SPY,0.0,0.0,1.0,1.0,0.0,0.0,0.0,-0.0
2022-11-17 21:00:00+00:00,20260126_001632_d34452d3_BuyHold_SPY,0.0,0.0,1.0,1.0,0.0,0.0,0.0,0.0
2022-11-18 21:00:00+00:00,20260126_001632_d34452d3_BuyHold_SPY,0.0,0.0,1.0,1.0,0.0,0.0,0.0,0.0
2022-11-21 21:00:00+00:00,20260126_001632_d34452d3_BuyHold_SPY,0.0,0.0,1.0,1.0,0.0,0.0,0.0,-0.0
2022-11-22 21:00:00+00:00,20260126_001632_d34452d3_BuyHold_SPY,0.0,0.0,1.0,1.0,0.0,0.0,0.0,0.0
2022-11-23 21:00:00+00:00,20260126_001632_d34452d3_BuyHold_SPY,0.0,0.0,1.0,1.0,0.0,0.0,0.0,0.0
2022-11-25 21:00:00+00:00,20260126_001632_d34452d3_BuyHold_SPY,0.0,0.0,1.0,1.0,0.0,0.0,0.0,0.0
2022-11-28 21:00:00+00:00,20260126_001632_d34452d3_BuyHold_SPY,0.0,0.0,1.0,1.0,0.0,0.0,0.0,-0.0
2022-11-29 21:00:00+00:00,20260126_001632_d34452d3_BuyHold_SPY,0.0,0.0,1.0,1.0,0.0,0.0,0.0,-0.0
2022-11-30 21:00:00+00:00,20260126_001632_d34452d3_BuyHold_SPY,0.0,0.0,1.0,1.0,0.0,0.0,0.0,0.0
2022-12-01 21:00:00+00:00,20260126_001632_d34452d3_BuyHold_SPY,0.0,0.0,1.0,1.0,0.0,0.0,0.0,-0.0
2022-12-02 21:00:00+00:00,20260126_001632_d34452d3_BuyHold_SPY,0.0,0.0,1.0,1.0,0.0,0.0,0.0,0.0
2022-12-05 21:00:00+00:00,20260126_001632_d34452d3_BuyHold_SPY,0.0,0.0,1.0,1.0,0.0,0.0,0.0,-0.0
2022-12-06 21:00:00+00:00,20260126_001632_d34452d3_BuyHold_SPY,0.0,0.0,1.0,1.0,0.0,0.0,0.0,-0.0
2022-12-07 21:00:00+00:00,20260126_001632_d34452d3_BuyHold_SPY,0.0,0.0,1.0,1.0,0.0,0.0,0.0,-0.0
2022-12-08 21:00:00+00:00,20260126_001632_d34452d3_BuyHold_SPY,0.0,0.0,1.0,1.0,0.0,0.0,0.0,0.0
2022-12-09 21:00:00+00:00,20260126_001632_d34452d3_BuyHold_SPY,0.0,0.0,1.0,1.0,0.0,0.0,0.0,-0.0
2022-12-12 21:00:00+00:00,20260126_001632_d34452d3_BuyHold_SPY,0.0,0.0,1.0,1.0,0.0,0.0,0.0,0.0
2022-12-13 21:00:00+00:00,20260126_001632_d34452d3_BuyHold_SPY,0.0,0.0,1.0,1.0,0.0,0.0,0.0,-0.0
2022-12-14 21:00:00+00:00,20260126_001632_d34452d3_BuyHold_SPY,0.0,0.0,1.0,1.0,0.0,0.0,0.0,-0.0
2022-12-15 21:00:00+00:00,20260126_001632_d34452d3_BuyHold_SPY,0.0,0.0,1.0,1.0,0.0,0.0,0.0,-0.0
2022-12-16 21:00:00+00:00,20260126_001632_d34452d3_BuyHold_SPY,0.0,0.0,1.0,1.0,0.0,0.0,0.0,-0.0
2022-12-19 21:00:00+00:00,20260126_001632_d34452d3_BuyHold_SPY,0.0,0.0,1.0,1.0,0.0,0.0,0.0,-0.0
2022-12-20 21:00:00+00:00,20260126_001632_d34452d3_BuyHold_SPY,0.0,0.0,1.0,1.0,0.0,0.0,0.0,0.0
2022-12-21 21:00:00+00:00,20260126_001632_d34452d3_BuyHold_SPY,0.0,0.0,1.0,1.0,0.0,0.0,0.0,0.0
2022-12-22 21:00:00+00:00,20260126_001632_d34452d3_BuyHold_SPY,0.0,0.0,1.0,1.0,0.0,0.0,0.0,-0.0
2022-12-23 21:00:00+00:00,20260126_001632_d34452d3_BuyHold_SPY,0.0,0.0,1.0,1.0,0.0,0.0,0.0,0.0
2022-12-27 21:00:00+00:00,20260126_001632_d34452d3_BuyHold_SPY,0.0,0.0,1.0,1.0,0.0,0.0,0.0,-0.0
2022-12-28 21:00:00+00:00,20260126_001632_d34452d3_BuyHold_SPY,0.0,0.0,1.0,1.0,0.0,0.0,0.0,-0.0
2022-12-29 21:00:00+00:00,20260126_001632_d34452d3_BuyHold_SPY,0.0,0.0,1.0,1.0,0.0,0.0,0.0,0.0
2022-12-30 21:00:00+00:00,20260126_001632_d34452d3_BuyHold_SPY,0.0,0.0,1.0,1.0,0.0,0.0,0.0,0.0
2023-01-03 21:00:00+00:00,20260126_001632_d34452d3_BuyHold_SPY,0.0,0.0,1.0,1.0,0.0,0.0,0.0,-0.0
2023-01-04 21:00:00+00:00,20260126_001632_d34452d3_BuyHold_SPY,0.0,0.0,1.0,1.0,0.0,0.0,0.0,0.0
2023-01-05 21:00:00+00:00,20260126_001632_d34452d3_BuyHold_SPY,0.0,0.0,1.0,1.0,0.0,0.0,0.0,-0.0
2023-01-06 21:00:00+00:00,20260126_001632_d34452d3_BuyHold_SPY,0.0,0.0,1.0,1.0,0.0,0.0,0.0,0.0
2023-01-09 21:00:00+00:00,20260126_001632_d34452d3_BuyHold_SPY,0.0,0.0,1.0,1.0,0.0,0.0,0.0,-0.0
2023-01-10 21:00:00+00:00,20260126_001632_d34452d3_BuyHold_SPY,0.0,0.0,1.0,1.0,0.0,0.0,0.0,0.0
2023-01-11 21:00:00+00:00,20260126_001632_d34452d3_BuyHold_SPY,0.0,0.0,1.0,1.0,0.0,0.0,0.0,0.0
2023-01-12 21:00:00+00:00,20260126_001632_d34452d3_BuyHold_SPY,0.0,0.0,1.0,1.0,0.0,0.0,0.0,0.0
2023-01-13 21:00:00+00:00,20260126_001632_d34452d3_BuyHold_SPY,0.0,0.0,1.0,1.0,0.0,0.0,0.0,0.0
2023-01-17 21:00:00+00:00,20260126_001632_d34452d3_BuyHold_SPY,0.0,0.0,1.0,1.0,0.0,0.0,0.0,-0.0
2023-01-18 21:00:00+00:00,20260126_001632_d34452d3_BuyHold_SPY,0.0,0.0,1.0,1.0,0.0,0.0,0.0,-0.0
2023-01-19 21:00:00+00:00,20260126_001632_d34452d3_BuyHold_SPY,0.0,0.0,1.0,1.0,0.0,0.0,0.0,-0.0
2023-01-20 21:00:00+00:00,20260126_001632_d34452d3_BuyHold_SPY,0.0,0.0,1.0,1.0,0.0,0.0,0.0,0.0
2023-01-23 21:00:00+00:00,20260126_001632_d34452d3_BuyHold_SPY,0.0,0.0,1.0,1.0,0.0,0.0,0.0,0.0
2023-01-24 21:00:00+00:00,20260126_001632_d34452d3_BuyHold_SPY,0.0,0.0,1.0,1.0,0.0,0.0,0.0,0.0
2023-01-25 21:00:00+00:00,20260126_001632_d34452d3_BuyHold_SPY,0.0,0.0,1.0,1.0,0.0,0.0,0.0,0.0
2023-01-26 21:00:00+00:00,20260126_001632_d34452d3_BuyHold_SPY,0.0,0.0,1.0,1.0,0.0,0.0,0.0,0.0
2023-01-27 21:00:00+00:00,20260126_001632_d34452d3_BuyHold_SPY,0.0,0.0,1.0,1.0,0.0,0.0,0.0,0.0
2023-01-30 21:00:00+00:00,20260126_001632_d34452d3_BuyHold_SPY,0.0,0.0,1.0,1.0,0.0,0.0,0.0,-0.0
2023-01-31 21:00:00+00:00,20260126_001632_d34452d3_BuyHold_SPY,0.0,0.0,1.0,1.0,0.0,0.0,0.0,0.0
2023-02-01 21:00:00+00:00,20260126_001632_d34452d3_BuyHold_SPY,0.0,0.0,1.0,1.0,0.0,0.0,0.0,0.0
2023-02-02 21:00:00+00:00,20260126_001632_d34452d3_BuyHold_SPY,0.0,0.0,1.0,1.0,0.0,0.0,0.0,0.0
2023-02-03 21:00:00+00:00,20260126_001632_d34452d3_BuyHold_SPY,0.0,0.0,1.0,1.0,0.0,0.0,0.0,-0.0
2023-02-06 21:00:00+00:00,20260126_001632_d34452d3_BuyHold_SPY,0.0,0.0,1.0,1.0,0.0,0.0,0.0,0.0
2023-02-07 21:00:00+00:00,20260126_001632_d34452d3_BuyHold_SPY,0.0,0.0,1.0,1.0,0.0,0.0,0.0,0.0
2023-02-08 21:00:00+00:00,20260126_001632_d34452d3_BuyHold_SPY,0.0,0.0,1.0,1.0,0.0,0.0,0.0,-0.0
2023-02-09 21:00:00+00:00,20260126_001632_d34452d3_BuyHold_SPY,0.0,0.0,1.0,1.0,0.0,0.0,0.0,-0.0
2023-02-10 21:00:00+00:00,20260126_001632_d34452d3_BuyHold_SPY,0.0,0.0,1.0,1.0,0.0,0.0,0.0,0.0
2023-02-13 21:00:00+00:00,20260126_001632_d34452d3_BuyHold_SPY,0.0,0.0,1.0,1.0,0.0,0.0,0.0,0.0
2023-02-14 21:00:00+00:00,20260126_001632_d34452d3_BuyHold_SPY,0.0,0.0,1.0,1.0,0.0,0.0,0.0,0.0
2023-02-15 21:00:00+00:00,20260126_001632_d34452d3_BuyHold_SPY,0.0,0.0,1.0,1.0,0.0,0.0,0.0,0.0
2023-02-16 21:00:00+00:00,20260126_001632_d34452d3_BuyHold_SPY,0.0,0.0,1.0,1.0,0.0,0.0,0.0,-0.0
2023-02-17 21:00:00+00:00,20260126_001632_d34452d3_BuyHold_SPY,0.0,0.0,1.0,1.0,0.0,0.0,0.0,0.0
2023-02-21 21:00:00+00:00,20260126_001632_d34452d3_BuyHold_SPY,0.0,0.0,1.0,1.0,0.0,0.0,0.0,-0.0
2023-02-22 21:00:00+00:00,20260126_001632_d34452d3_BuyHold_SPY,0.0,0.0,1.0,1.0,0.0,0.0,0.0,-0.0
2023-02-23 21:00:00+00:00,20260126_001632_d34452d3_BuyHold_SPY,0.0,0.0,1.0,1.0,0.0,0.0,0.0,-0.0
2023-02-24 21:00:00+00:00,20260126_001632_d34452d3_BuyHold_SPY,0.0,0.0,1.0,1.0,0.0,0.0,0.0,0.0
2023-02-27 21:00:00+00:00,20260126_001632_d34452d3_BuyHold_SPY,0.0,0.0,1.0,1.0,0.0,0.0,0.0,-0.0
2023-02-28 21:00:00+00:00,20260126_001632_d34452d3_BuyHold_SPY,0.0,0.0,1.0,1.0,0.0,0.0,0.0,-0.0
2023-03-01 21:00:00+00:00,20260126_001632_d34452d3_BuyHold_SPY,0.0,0.0,1.0,1.0,0.0,0.0,0.0,-0.0
2023-03-02 21:00:00+00:00,20260126_001632_d34452d3_BuyHold_SPY,0.0,0.0,1.0,1.0,0.0,0.0,0.0,0.0
2023-03-03 21:00:00+00:00,20260126_001632_d34452d3_BuyHold_SPY,0.0,0.0,1.0,1.0,0.0,0.0,0.0,0.0
2023-03-06 21:00:00+00:00,20260126_001632_d34452d3_BuyHold_SPY,0.0,0.0,1.0,1.0,0.0,0.0,0.0,-0.0
2023-03-07 21:00:00+00:00,20260126_001632_d34452d3_BuyHold_SPY,0.0,0.0,1.0,1.0,0.0,0.0,0.0,-0.0
2023-03-08 21:00:00+00:00,20260126_001632_d34452d3_BuyHold_SPY,0.0,0.0,1.0,1.0,0.0,0.0,0.0,0.0
2023-03-09 21:00:00+00:00,20260126_001632_d34452d3_BuyHold_SPY,0.0,0.0,1.0,1.0,0.0,0.0,0.0,-0.0
2023-03-10 21:00:00+00:00,20260126_001632_d34452d3_BuyHold_SPY,0.0,0.0,1.0,1.0,0.0,0.0,0.0,-0.0
2023-03-13 20:00:00+00:00,20260126_001632_d34452d3_BuyHold_SPY,0.0,0.0,1.0,1.0,0.0,0.0,0.0,0.0
2023-03-14 20:00:00+00:00,20260126_001632_d34452d3_BuyHold_SPY,0.0,0.0,1.0,1.0,0.0,0.0,0.0,0.0
2023-03-15 20:00:00+00:00,20260126_001632_d34452d3_BuyHold_SPY,0.0,0.0,1.0,1.0,0.0,0.0,0.0,0.0
2023-03-16 20:00:00+00:00,20260126_001632_d34452d3_BuyHold_SPY,0.0,0.0,1.0,1.0,0.0,0.0,0.0,0.0
2023-03-17 20:00:00+00:00,20260126_001632_d34452d3_BuyHold_SPY,0.0,0.0,1.0,1.0,0.0,0.0,0.0,-0.0
2023-03-20 20:00:00+00:00,20260126_001632_d34452d3_BuyHold_SPY,0.0,0.0,1.0,1.0,0.0,0.0,0.0,0.0
2023-03-21 20:00:00+00:00,20260126_001632_d34452d3_BuyHold_SPY,0.0,0.0,1.0,1.0,0.0,0.0,0.0,0.0
2023-03-22 20:00:00+00:00,20260126_001632_d34452d3_BuyHold_SPY,0.0,0.0,1.0,1.0,0.0,0.0,0.0,-0.0
2023-03-23 20:00:00+00:00,20260126_001632_d34452d3_BuyHold_SPY,0.0,0.0,1.0,1.0,0.0,0.0,0.0,-0.0
2023-03-24 20:00:00+00:00,20260126_001632_d34452d3_BuyHold_SPY,0.0,0.0,1.0,1.0,0.0,0.0,0.0,0.0
2023-03-27 20:00:00+00:00,20260126_001632_d34452d3_BuyHold_SPY,0.0,0.0,1.0,1.0,0.0,0.0,0.0,-0.0
2023-03-28 20:00:00+00:00,20260126_001632_d34452d3_BuyHold_SPY,0.0,0.0,1.0,1.0,0.0,0.0,0.0,0.0
2023-03-29 20:00:00+00:00,20260126_001632_d34452d3_BuyHold_SPY,0.0,0.0,1.0,1.0,0.0,0.0,0.0,0.0
2023-03-30 20:00:00+00:00,20260126_001632_d34452d3_BuyHold_SPY,0.0,0.0,1.0,1.0,0.0,0.0,0.0,-0.0
2023-03-31 20:00:00+00:00,20260126_001632_d34452d3_BuyHold_SPY,0.0,0.0,1.0,1.0,0.0,0.0,0.0,0.0
2023-04-03 20:00:00+00:00,20260126_001632_d34452d3_BuyHold_SPY,0.0,0.0,1.0,1.0,0.0,0.0,0.0,0.0
2023-04-04 20:00:00+00:00,20260126_001632_d34452d3_BuyHold_SPY,0.0,0.0,1.0,1.0,0.0,0.0,0.0,-0.0
2023-04-05 20:00:00+00:00,20260126_001632_d34452d3_BuyHold_SPY,0.0,0.0,1.0,1.0,0.0,0.0,0.0,-0.0
2023-04-06 20:00:00+00:00,20260126_001632_d34452d3_BuyHold_SPY,0.0,0.0,1.0,1.0,0.0,0.0,0.0,0.0
2023-04-10 20:00:00+00:00,20260126_001632_d34452d3_BuyHold_SPY,0.0,0.0,1.0,1.0,0.0,0.0,0.0,0.0
2023-04-11 20:00:00+00:00,20260126_001632_d34452d3_BuyHold_SPY,0.0,0.0,1.0,1.0,0.0,0.0,0.0,-0.0
2023-04-12 20:00:00+00:00,20260126_001632_d34452d3_BuyHold_SPY,0.0,0.0,1.0,1.0,0.0,0.0,0.0,-0.0
2023-04-13 20:00:00+00:00,20260126_001632_d34452d3_BuyHold_SPY,0.0,0.0,1.0,1.0,0.0,0.0,0.0,0.0
2023-04-14 20:00:00+00:00,20260126_001632_d34452d3_BuyHold_SPY,0.0,0.0,1.0,1.0,0.0,0.0,0.0,-0.0
2023-04-17 20:00:00+00:00,20260126_001632_d34452d3_BuyHold_SPY,0.0,0.0,1.0,1.0,0.0,0.0,0.0,0.0
2023-04-18 20:00:00+00:00,20260126_001632_d34452d3_BuyHold_SPY,0.0,0.0,1.0,1.0,0.0,0.0,0.0,-0.0
2023-04-19 20:00:00+00:00,20260126_001632_d34452d3_BuyHold_SPY,0.0,0.0,1.0,1.0,0.0,0.0,0.0,0.0
2023-04-20 20:00:00+00:00,20260126_001632_d34452d3_BuyHold_SPY,0.0,0.0,1.0,1.0,0.0,0.0,0.0,-0.0
2023-04-21 20:00:00+00:00,20260126_001632_d34452d3_BuyHold_SPY,0.0,0.0,1.0,1.0,0.0,0.0,0.0,0.0
2023-04-24 20:00:00+00:00,20260126_001632_d34452d3_BuyHold_SPY,0.0,0.0,1.0,1.0,0.0,0.0,0.0,-0.0
2023-04-25 20:00:00+00:00,20260126_001632_d34452d3_BuyHold_SPY,0.0,0.0,1.0,1.0,0.0,0.0,0.0,-0.0
2023-04-26 20:00:00+00:00,20260126_001632_d34452d3_BuyHold_SPY,0.0,0.0,1.0,1.0,0.0,0.0,0.0,-0.0
2023-04-27 20:00:00+00:00,20260126_001632_d34452d3_BuyHold_SPY,0.0,0.0,1.0,1.0,0.0,0.0,0.0,0.0
2023-04-28 20:00:00+00:00,20260126_001632_d34452d3_BuyHold_SPY,0.0,0.0,1.0,1.0,0.0,0.0,0.0,0.0
2023-05-01 20:00:00+00:00,20260126_001632_d34452d3_BuyHold_SPY,0.0,0.0,1.0,1.0,0.0,0.0,0.0,-0.0
2023-05-02 20:00:00+00:00,20260126_001632_d34452d3_BuyHold_SPY,0.0,0.0,1.0,1.0,0.0,0.0,0.0,-0.0
2023-05-03 20:00:00+00:00,20260126_001632_d34452d3_BuyHold_SPY,0.0,0.0,1.0,1.0,0.0,0.0,0.0,-0.0
2023-05-04 20:00:00+00:00,20260126_001632_d34452d3_BuyHold_SPY,0.0,0.0,1.0,1.0,0.0,0.0,0.0,-0.0
2023-05-05 20:00:00+00:00,20260126_001632_d34452d3_BuyHold_SPY,0.0,0.0,1.0,1.0,0.0,0.0,0.0,0.0
2023-05-08 20:00:00+00:00,20260126_001632_d34452d3_BuyHold_SPY,0.0,0.0,1.0,1.0,0.0,0.0,0.0,0.0
2023-05-09 20:00:00+00:00,20260126_001632_d34452d3_BuyHold_SPY,0.0,0.0,1.0,1.0,0.0,0.0,0.0,-0.0
2023-05-10 20:00:00+00:00,20260126_001632_d34452d3_BuyHold_SPY,0.0,0.0,1.0,1.0,0.0,0.0,0.0,0.0
2023-05-11 20:00:00+00:00,20260126_001632_d34452d3_BuyHold_SPY,0.0,0.0,1.0,1.0,0.0,0.0,0.0,0.0
2023-05-12 20:00:00+00:00,20260126_001632_d34452d3_BuyHold_SPY,0.0,0.0,1.0,1.0,0.0,0.0,0.0,-0.0
2023-05-15 20:00:00+00:00,20260126_001632_d34452d3_BuyHold_SPY,0.0,0.0,1.0,1.0,0.0,0.0,0.0,0.0
2023-05-16 20:00:00+00:00,20260126_001632_d34452d3_BuyHold_SPY,0.0,0.0,1.0,1.0,0.0,0.0,0.0,-0.0
2023-05-17 20:00:00+00:00,20260126_001632_d34452d3_BuyHold_SPY,0.0,0.0,1.0,1.0,0.0,0.0,0.0,0.0
2023-05-18 20:00:00+00:00,20260126_001632_d34452d3_BuyHold_SPY,0.0,0.0,1.0,1.0,0.0,0.0,0.0,0.0
2023-05-19 20:00:00+00:00,20260126_001632_d34452d3_BuyHold_SPY,0.0,0.0,1.0,1.0,0.0,0.0,0.0,-0.0
2023-05-22 20:00:00+00:00,20260126_001632_d34452d3_BuyHold_SPY,0.0,0.0,1.0,1.0,0.0,0.0,0.0,-0.0
2023-05-23 20:00:00+00:00,20260126_001632_d34452d3_BuyHold_SPY,0.0,0.0,1.0,1.0,0.0,0.0,0.0,-0.0
2023-05-24 20:00:00+00:00,20260126_001632_d34452d3_BuyHold_SPY,0.0,0.0,1.0,1.0,0.0,0.0,0.0,-0.0
2023-05-25 20:00:00+00:00,20260126_001632_d34452d3_BuyHold_SPY,0.0,0.0,1.0,1.0,0.0,0.0,0.0,0.0
2023-05-26 20:00:00+00:00,20260126_001632_d34452d3_BuyHold_SPY,0.0,0.0,1.0,1.0,0.0,0.0,0.0,0.0
2023-05-30 20:00:00+00:00,20260126_001632_d34452d3_BuyHold_SPY,0.0,0.0,1.0,1.0,0.0,0.0,0.0,-0.0
2023-05-31 20:00:00+00:00,20260126_001632_d34452d3_BuyHold_SPY,0.0,0.0,1.0,1.0,0.0,0.0,0.0,-0.0
2023-06-01 20:00:00+00:00,20260126_001632_d34452d3_BuyHold_SPY,0.0,0.0,1.0,1.0,0.0,0.0,0.0,0.0
2023-06-02 20:00:00+00:00,20260126_001632_d34452d3_BuyHold_SPY,0.0,0.0,1.0,1.0,0.0,0.0,0.0,0.0
2023-06-05 20:00:00+00:00,20260126_001632_d34452d3_BuyHold_SPY,0.0,0.0,1.0,1.0,0.0,0.0,0.0,-0.0
2023-06-06 20:00:00+00:00,20260126_001632_d34452d3_BuyHold_SPY,0.0,0.0,1.0,1.0,0.0,0.0,0.0,0.0
2023-06-07 20:00:00+00:00,20260126_001632_d34452d3_BuyHold_SPY,0.0,0.0,1.0,1.0,0.0,0.0,0.0,-0.0
2023-06-08 20:00:00+00:00,20260126_001632_d34452d3_BuyHold_SPY,0.0,0.0,1.0,1.0,0.0,0.0,0.0,0.0
2023-06-09 20:00:00+00:00,20260126_001632_d34452d3_BuyHold_SPY,0.0,0.0,1.0,1.0,0.0,0.0,0.0,-0.0
2023-06-12 20:00:00+00:00,20260126_001632_d34452d3_BuyHold_SPY,0.0,0.0,1.0,1.0,0.0,0.0,0.0,0.0
2023-06-13 20:00:00+00:00,20260126_001632_d34452d3_BuyHold_SPY,0.0,0.0,1.0,1.0,0.0,0.0,0.0,0.0
2023-06-14 20:00:00+00:00,20260126_001632_d34452d3_BuyHold_SPY,0.0,0.0,1.0,1.0,0.0,0.0,0.0,-0.0
2023-06-15 20:00:00+00:00,20260126_001632_d34452d3_BuyHold_SPY,0.0,0.0,1.0,1.0,0.0,0.0,0.0,0.0
2023-06-16 20:00:00+00:00,20260126_001632_d34452d3_BuyHold_SPY,0.0,0.0,1.0,1.0,0.0,0.0,0.0,-0.0
2023-06-20 20:00:00+00:00,20260126_001632_d34452d3_BuyHold_SPY,0.0,0.0,1.0,1.0,0.0,0.0,0.0,-0.0
2023-06-21 20:00:00+00:00,20260126_001632_d34452d3_BuyHold_SPY,0.0,0.0,1.0,1.0,0.0,0.0,0.0,-0.0
2023-06-22 20:00:00+00:00,20260126_001632_d34452d3_BuyHold_SPY,0.0,0.0,1.0,1.0,0.0,0.0,0.0,0.0
2023-06-23 20:00:00+00:00,20260126_001632_d34452d3_BuyHold_SPY,0.0,0.0,1.0,1.0,0.0,0.0,0.0,-0.0
2023-06-26 20:00:00+00:00,20260126_001632_d34452d3_BuyHold_SPY,0.0,0.0,1.0,1.0,0.0,0.0,0.0,-0.0
2023-06-27 20:00:00+00:00,20260126_001632_d34452d3_BuyHold_SPY,0.0,0.0,1.0,1.0,0.0,0.0,0.0,0.0
2023-06-28 20:00:00+00:00,20260126_001632_d34452d3_BuyHold_SPY,0.0,0.0,1.0,1.0,0.0,0.0,0.0,0.0
2023-06-29 20:00:00+00:00,20260126_001632_d34452d3_BuyHold_SPY,0.0,0.0,1.0,1.0,0.0,0.0,0.0,0.0
2023-06-30 20:00:00+00:00,20260126_001632_d34452d3_BuyHold_SPY,0.0,0.0,1.0,1.0,0.0,0.0,0.0,0.0
2023-07-03 20:00:00+00:00,20260126_001632_d34452d3_BuyHold_SPY,0.0,0.0,1.0,1.0,0.0,0.0,0.0,0.0
2023-07-05 20:00:00+00:00,20260126_001632_d34452d3_BuyHold_SPY,0.0,0.0,1.0,1.0,0.0,0.0,0.0,0.0
2023-07-06 20:00:00+00:00,20260126_001632_d34452d3_BuyHold_SPY,0.0,0.0,1.0,1.0,0.0,0.0,0.0,0.0
2023-07-07 20:00:00+00:00,20260126_001632_d34452d3_BuyHold_SPY,0.0,0.0,1.0,1.0,0.0,0.0,0.0,-0.0
2023-07-10 20:00:00+00:00,20260126_001632_d34452d3_BuyHold_SPY,0.0,0.0,1.0,1.0,0.0,0.0,0.0,0.0
2023-07-11 20:00:00+00:00,20260126_001632_d34452d3_BuyHold_SPY,0.0,0.0,1.0,1.0,0.0,0.0,0.0,0.0
2023-07-12 20:00:00+00:00,20260126_001632_d34452d3_BuyHold_SPY,0.0,0.0,1.0,1.0,0.0,0.0,0.0,-0.0
2023-07-13 20:00:00+00:00,20260126_001632_d34452d3_BuyHold_SPY,0.0,0.0,1.0,1.0,0.0,0.0,0.0,0.0
2023-07-14 20:00:00+00:00,20260126_001632_d34452d3_BuyHold_SPY,0.0,0.0,1.0,1.0,0.0,0.0,0.0,-0.0
2023-07-17 20:00:00+00:00,20260126_001632_d34452d3_BuyHold_SPY,0.0,0.0,1.0,1.0,0.0,0.0,0.0,0.0
2023-07-18 20:00:00+00:00,20260126_001632_d34452d3_BuyHold_SPY,0.0,0.0,1.0,1.0,0.0,0.0,0.0,0.0
2023-07-19 20:00:00+00:00,20260126_001632_d34452d3_BuyHold_SPY,0.0,0.0,1.0,1.0,0.0,0.0,0.0,-0.0
2023-07-20 20:00:00+00:00,20260126_001632_d34452d3_BuyHold_SPY,0.0,0.0,1.0,1.0,0.0,0.0,0.0,-0.0
2023-07-21 20:00:00+00:00,20260126_001632_d34452d3_BuyHold_SPY,0.0,0.0,1.0,1.0,0.0,0.0,0.0,-0.0
2023-07-24 20:00:00+00:00,20260126_001632_d34452d3_BuyHold_SPY,0.0,0.0,1.0,1.0,0.0,0.0,0.0,-0.0
2023-07-25 20:00:00+00:00,20260126_001632_d34452d3_BuyHold_SPY,0.0,0.0,1.0,1.0,0.0,0.0,0.0,0.0
2023-07-26 20:00:00+00:00,20260126_001632_d34452d3_BuyHold_SPY,0.0,0.0,1.0,1.0,0.0,0.0,0.0,0.0
2023-07-27 20:00:00+00:00,20260126_001632_d34452d3_BuyHold_SPY,0.0,0.0,1.0,1.0,0.0,0.0,0.0,-0.0
2023-07-28 20:00:00+00:00,20260126_001632_d34452d3_BuyHold_SPY,0.0,0.0,1.0,1.0,0.0,0.0,0.0,0.0
2023-07-31 20:00:00+00:00,20260126_001632_d34452d3_BuyHold_SPY,0.0,0.0,1.0,1.0,0.0,0.0,0.0,-0.0
2023-08-01 20:00:00+00:00,20260126_001632_d34452d3_BuyHold_SPY,0.0,0.0,1.0,1.0,0.0,0.0,0.0,-0.0
2023-08-02 20:00:00+00:00,20260126_001632_d34452d3_BuyHold_SPY,0.0,0.0,1.0,1.0,0.0,0.0,0.0,-0.0
2023-08-03 20:00:00+00:00,20260126_001632_d34452d3_BuyHold_SPY,0.0,0.0,1.0,1.0,0.0,0.0,0.0,0.0
2023-08-04 20:00:00+00:00,20260126_001632_d34452d3_BuyHold_SPY,0.0,0.0,1.0,1.0,0.0,0.0,0.0,-0.0
2023-08-07 20:00:00+00:00,20260126_001632_d34452d3_BuyHold_SPY,0.0,0.0,1.0,1.0,0.0,0.0,0.0,0.0
2023-08-08 20:00:00+00:00,20260126_001632_d34452d3_BuyHold_SPY,0.0,0.0,1.0,1.0,0.0,0.0,0.0,0.0
2023-08-09 20:00:00+00:00,20260126_001632_d34452d3_BuyHold_SPY,0.0,0.0,1.0,1.0,0.0,0.0,0.0,-0.0
2023-08-10 20:00:00+00:00,20260126_001632_d34452d3_BuyHold_SPY,0.0,0.0,1.0,1.0,0.0,0.0,0.0,-0.0
2023-08-11 20:00:00+00:00,20260126_001632_d34452d3_BuyHold_SPY,0.0,0.0,1.0,1.0,0.0,0.0,0.0,-0.0
2023-08-14 20:00:00+00:00,20260126_001632_d34452d3_BuyHold_SPY,0.0,0.0,1.0,1.0,0.0,0.0,0.0,0.0
2023-08-15 20:00:00+00:00,20260126_001632_d34452d3_BuyHold_SPY,0.0,0.0,1.0,1.0,0.0,0.0,0.0,-0.0
2023-08-16 20:00:00+00:00,20260126_001632_d34452d3_BuyHold_SPY,0.0,0.0,1.0,1.0,0.0,0.0,0.0,-0.0
2023-08-17 20:00:00+00:00,20260126_001632_d34452d3_BuyHold_SPY,0.0,0.0,1.0,1.0,0.0,0.0,0.0,-0.0
2023-08-18 20:00:00+00:00,20260126_001632_d34452d3_BuyHold_SPY,0.0,0.0,1.0,1.0,0.0,0.0,0.0,0.0
2023-08-21 20:00:00+00:00,20260126_001632_d34452d3_BuyHold_SPY,0.0,0.0,1.0,1.0,0.0,0.0,0.0,0.0
2023-08-22 20:00:00+00:00,20260126_001632_d34452d3_BuyHold_SPY,0.0,0.0,1.0,1.0,0.0,0.0,0.0,-0.0
2023-08-23 20:00:00+00:00,20260126_001632_d34452d3_BuyHold_SPY,0.0,0.0,1.0,1.0,0.0,0.0,0.0,0.0
2023-08-24 20:00:00+00:00,20260126_001632_d34452d3_BuyHold_SPY,0.0,0.0,1.0,1.0,0.0,0.0,0.0,-0.0
2023-08-25 20:00:00+00:00,20260126_001632_d34452d3_BuyHold_SPY,0.0,0.0,1.0,1.0,0.0,0.0,0.0,0.0
2023-08-28 20:00:00+00:00,20260126_001632_d34452d3_BuyHold_SPY,0.0,0.0,1.0,1.0,0.0,0.0,0.0,0.0
2023-08-29 20:00:00+00:00,20260126_001632_d34452d3_BuyHold_SPY,0.0,0.0,1.0,1.0,0.0,0.0,0.0,0.0
2023-08-30 20:00:00+00:00,20260126_001632_d34452d3_BuyHold_SPY,0.0,0.0,1.0,1.0,0.0,0.0,0.0,0.0
2023-08-31 20:00:00+00:00,20260126_001632_d34452d3_BuyHold_SPY,0.0,0.0,1.0,1.0,0.0,0.0,0.0,-0.0
2023-09-01 20:00:00+00:00,20260126_001632_d34452d3_BuyHold_SPY,0.0,0.0,1.0,1.0,0.0,0.0,0.0,-0.0
2023-09-05 20:00:00+00:00,20260126_001632_d34452d3_BuyHold_SPY,0.0,0.0,1.0,1.0,0.0,0.0,0.0,-0.0
2023-09-06 20:00:00+00:00,20260126_001632_d34452d3_BuyHold_SPY,0.0,0.0,1.0,1.0,0.0,0.0,0.0,-0.0
2023-09-07 20:00:00+00:00,20260126_001632_d34452d3_BuyHold_SPY,0.0,0.0,1.0,1.0,0.0,0.0,0.0,0.0
2023-09-08 20:00:00+00:00,20260126_001632_d34452d3_BuyHold_SPY,0.0,0.0,1.0,1.0,0.0,0.0,0.0,-0.0
2023-09-11 20:00:00+00:00,20260126_001632_d34452d3_BuyHold_SPY,0.0,0.0,1.0,1.0,0.0,0.0,0.0,0.0
2023-09-12 20:00:00+00:00,20260126_001632_d34452d3_BuyHold_SPY,0.0,0.0,1.0,1.0,0.0,0.0,0.0,-0.0
2023-09-13 20:00:00+00:00,20260126_001632_d34452d3_BuyHold_SPY,0.0,0.0,1.0,1.0,0.0,0.0,0.0,-0.0
2023-09-14 20:00:00+00:00,20260126_001632_d34452d3_BuyHold_SPY,0.0,0.0,1.0,1.0,0.0,0.0,0.0,0.0
2023-09-15 20:00:00+00:00,20260126_001632_d34452d3_BuyHold_SPY,0.0,0.0,1.0,1.0,0.0,0.0,0.0,-0.0
2023-09-18 20:00:00+00:00,20260126_001632_d34452d3_BuyHold_SPY,0.0,0.0,1.0,1.0,0.0,0.0,0.0,0.0
2023-09-19 20:00:00+00:00,20260126_001632_d34452d3_BuyHold_SPY,0.0,0.0,1.0,1.0,0.0,0.0,0.0,-0.0
2023-09-20 20:00:00+00:00,20260126_001632_d34452d3_BuyHold_SPY,0.0,0.0,1.0,1.0,0.0,0.0,0.0,-0.0
2023-09-21 20:00:00+00:00,20260126_001632_d34452d3_BuyHold_SPY,0.0,0.0,1.0,1.0,0.0,0.0,0.0,-0.0
2023-09-22 20:00:00+00:00,20260126_001632_d34452d3_BuyHold_SPY,0.0,0.0,1.0,1.0,0.0,0.0,0.0,-0.0
2023-09-25 20:00:00+00:00,20260126_001632_d34452d3_BuyHold_SPY,0.0,0.0,1.0,1.0,0.0,0.0,0.0,0.0
2023-09-26 20:00:00+00:00,20260126_001632_d34452d3_BuyHold_SPY,0.0,0.0,1.0,1.0,0.0,0.0,0.0,-0.0
2023-09-27 20:00:00+00:00,20260126_001632_d34452d3_BuyHold_SPY,0.0,0.0,1.0,1.0,0.0,0.0,0.0,-0.0
2023-09-28 20:00:00+00:00,20260126_001632_d34452d3_BuyHold_SPY,0.0,0.0,1.0,1.0,0.0,0.0,0.0,0.0
2023-09-29 20:00:00+00:00,20260126_001632_d34452d3_BuyHold_SPY,0.0,0.0,1.0,1.0,0.0,0.0,0.0,-0.0
2023-10-02 20:00:00+00:00,20260126_001632_d34452d3_BuyHold_SPY,0.0,0.0,1.0,1.0,0.0,0.0,0.0,-0.0
2023-10-03 20:00:00+00:00,20260126_001632_d34452d3_BuyHold_SPY,0.0,0.0,1.0,1.0,0.0,0.0,0.0,-0.0
2023-10-04 20:00:00+00:00,20260126_001632_d34452d3_BuyHold_SPY,0.0,0.0,1.0,1.0,0.0,0.0,0.0,0.0
2023-10-05 20:00:00+00:00,20260126_001632_d34452d3_BuyHold_SPY,0.0,0.0,1.0,1.0,0.0,0.0,0.0,0.0
2023-10-06 20:00:00+00:00,20260126_001632_d34452d3_BuyHold_SPY,0.0,0.0,1.0,1.0,0.0,0.0,0.0,0.0
2023-10-09 20:00:00+00:00,20260126_001632_d34452d3_BuyHold_SPY,0.0,0.0,1.0,1.0,0.0,0.0,0.0,0.0
2023-10-10 20:00:00+00:00,20260126_001632_d34452d3_BuyHold_SPY,0.0,0.0,1.0,1.0,0.0,0.0,0.0,0.0
2023-10-11 20:00:00+00:00,20260126_001632_d34452d3_BuyHold_SPY,0.0,0.0,1.0,1.0,0.0,0.0,0.0,0.0
2023-10-12 20:00:00+00:00,20260126_001632_d34452d3_BuyHold_SPY,0.0,0.0,1.0,1.0,0.0,0.0,0.0,-0.0
2023-10-13 20:00:00+00:00,20260126_001632_d34452d3_BuyHold_SPY,0.0,0.0,1.0,1.0,0.0,0.0,0.0,-0.0
2023-10-16 20:00:00+00:00,20260126_001632_d34452d3_BuyHold_SPY,0.0,0.0,1.0,1.0,0.0,0.0,0.0,0.0
2023-10-17 20:00:00+00:00,20260126_001632_d34452d3_BuyHold_SPY,0.0,0.0,1.0,1.0,0.0,0.0,0.0,0.0
2023-10-18 20:00:00+00:00,20260126_001632_d34452d3_BuyHold_SPY,0.0,0.0,1.0,1.0,0.0,0.0,0.0,-0.0
2023-10-19 20:00:00+00:00,20260126_001632_d34452d3_BuyHold_SPY,0.0,0.0,1.0,1.0,0.0,0.0,0.0,-0.0
2023-10-20 20:00:00+00:00,20260126_001632_d34452d3_BuyHold_SPY,0.0,0.0,1.0,1.0,0.0,0.0,0.0,-0.0
2023-10-23 20:00:00+00:00,20260126_001632_d34452d3_BuyHold_SPY,0.0,0.0,1.0,1.0,0.0,0.0,0.0,0.0
2023-10-24 20:00:00+00:00,20260126_001632_d34452d3_BuyHold_SPY,0.0,0.0,1.0,1.0,0.0,0.0,0.0,0.0
2023-10-25 20:00:00+00:00,20260126_001632_d34452d3_BuyHold_SPY,0.0,0.0,1.0,1.0,0.0,0.0,0.0,-0.0
2023-10-26 20:00:00+00:00,20260126_001632_d34452d3_BuyHold_SPY,0.0,0.0,1.0,1.0,0.0,0.0,0.0,-0.0
2023-10-27 20:00:00+00:00,20260126_001632_d34452d3_BuyHold_SPY,0.0,0.0,1.0,1.0,0.0,0.0,0.0,-0.0
2023-10-30 20:00:00+00:00,20260126_001632_d34452d3_BuyHold_SPY,0.0,0.0,1.0,1.0,0.0,0.0,0.0,0.0
2023-10-31 20:00:00+00:00,20260126_001632_d34452d3_BuyHold_SPY,0.0,0.0,1.0,1.0,0.0,0.0,0.0,0.0
2023-11-01 20:00:00+00:00,20260126_001632_d34452d3_BuyHold_SPY,0.0,0.0,1.0,1.0,0.0,0.0,0.0,0.0
2023-11-02 20:00:00+00:00,20260126_001632_d34452d3_BuyHold_SPY,0.0,0.0,1.0,1.0,0.0,0.0,0.0,0.0
2023-11-03 20:00:00+00:00,20260126_001632_d34452d3_BuyHold_SPY,0.0,0.0,1.0,1.0,0.0,0.0,0.0,0.0
2023-11-06 21:00:00+00:00,20260126_001632_d34452d3_BuyHold_SPY,0.0,0.0,1.0,1.0,0.0,0.0,0.0,0.0
2023-11-07 21:00:00+00:00,20260126_001632_d34452d3_BuyHold_SPY,0.0,0.0,1.0,1.0,0.0,0.0,0.0,0.0
2023-11-08 21:00:00+00:00,20260126_001632_d34452d3_BuyHold_SPY,0.0,0.0,1.0,1.0,0.0,0.0,0.0,-0.0
2023-11-09 21:00:00+00:00,20260126_001632_d34452d3_BuyHold_SPY,0.0,0.0,1.0,1.0,0.0,0.0,0.0,-0.0
2023-11-10 21:00:00+00:00,20260126_001632_d34452d3_BuyHold_SPY,0.0,0.0,1.0,1.0,0.0,0.0,0.0,0.0
2023-11-13 21:00:00+00:00,20260126_001632_d34452d3_BuyHold_SPY,0.0,0.0,1.0,1.0,0.0,0.0,0.0,0.0
2023-11-14 21:00:00+00:00,20260126_001632_d34452d3_BuyHold_SPY,0.0,0.0,1.0,1.0,0.0,0.0,0.0,0.0
2023-11-15 21:00:00+00:00,20260126_001632_d34452d3_BuyHold_SPY,0.0,0.0,1.0,1.0,0.0,0.0,0.0,-0.0
2023-11-16 21:00:00+00:00,20260126_001632_d34452d3_BuyHold_SPY,0.0,0.0,1.0,1.0,0.0,0.0,0.0,0.0
2023-11-17 21:00:00+00:00,20260126_001632_d34452d3_BuyHold_SPY,0.0,0.0,1.0,1.0,0.0,0.0,0.0,0.0
2023-11-20 21:00:00+00:00,20260126_001632_d34452d3_BuyHold_SPY,0.0,0.0,1.0,1.0,0.0,0.0,0.0,0.0
2023-11-21 21:00:00+00:00,20260126_001632_d34452d3_BuyHold_SPY,0.0,0.0,1.0,1.0,0.0,0.0,0.0,0.0
2023-11-22 21:00:00+00:00,20260126_001632_d34452d3_BuyHold_SPY,0.0,0.0,1.0,1.0,0.0,0.0,0.0,-0.0
2023-11-24 21:00:00+00:00,20260126_001632_d34452d3_BuyHold_SPY,0.0,0.0,1.0,1.0,0.0,0.0,0.0,0.0
2023-11-27 21:00:00+00:00,20260126_001632_d34452d3_BuyHold_SPY,0.0,0.0,1.0,1.0,0.0,0.0,0.0,0.0
2023-11-28 21:00:00+00:00,20260126_001632_d34452d3_BuyHold_SPY,0.0,0.0,1.0,1.0,0.0,0.0,0.0,0.0
2023-11-29 21:00:00+00:00,20260126_001632_d34452d3_BuyHold_SPY,0.0,0.0,1.0,1.0,0.0,0.0,0.0,-0.0
2023-11-30 21:00:00+00:00,20260126_001632_d34452d3_BuyHold_SPY,0.0,0.0,1.0,1.0,0.0,0.0,0.0,0.0
2023-12-01 21:00:00+00:00,20260126_001632_d34452d3_BuyHold_SPY,0.0,0.0,1.0,1.0,0.0,0.0,0.0,0.0
2023-12-04 21:00:00+00:00,20260126_001632_d34452d3_BuyHold_SPY,0.0,0.0,1.0,1.0,0.0,0.0,0.0,0.0
2023-12-05 21:00:00+00:00,20260126_001632_d34452d3_BuyHold_SPY,0.0,0.0,1.0,1.0,0.0,0.0,0.0,0.0
2023-12-06 21:00:00+00:00,20260126_001632_d34452d3_BuyHold_SPY,0.0,0.0,1.0,1.0,0.0,0.0,0.0,-0.0
2023-12-07 21:00:00+00:00,20260126_001632_d34452d3_BuyHold_SPY,0.0,0.0,1.0,1.0,0.0,0.0,0.0,0.0
2023-12-08 21:00:00+00:00,20260126_001632_d34452d3_BuyHold_SPY,0.0,0.0,1.0,1.0,0.0,0.0,0.0,0.0
2023-12-11 21:00:00+00:00,20260126_001632_d34452d3_BuyHold_SPY,0.0,0.0,1.0,1.0,0.0,0.0,0.0,0.0
2023-12-12 21:00:00+00:00,20260126_001632_d34452d3_BuyHold_SPY,0.0,0.0,1.0,1.0,0.0,0.0,0.0,0.0
2023-12-13 21:00:00+00:00,20260126_001632_d34452d3_BuyHold_SPY,0.0,0.0,1.0,1.0,0.0,0.0,0.0,0.0
2023-12-14 21:00:00+00:00,20260126_001632_d34452d3_BuyHold_SPY,0.0,0.0,1.0,1.0,0.0,0.0,0.0,0.0
2023-12-15 21:00:00+00:00,20260126_001632_d34452d3_BuyHold_SPY,0.0,0.0,1.0,1.0,0.0,0.0,0.0,-0.0
2023-12-18 21:00:00+00:00,20260126_001632_d34452d3_BuyHold_SPY,0.0,0.0,1.0,1.0,0.0,0.0,0.0,0.0
2023-12-19 21:00:00+00:00,20260126_001632_d34452d3_BuyHold_SPY,0.0,0.0,1.0,1.0,0.0,0.0,0.0,0.0
2023-12-20 21:00:00+00:00,20260126_001632_d34452d3_BuyHold_SPY,0.0,0.0,1.0,1.0,0.0,0.0,0.0,-0.0
2023-12-21 21:00:00+00:00,20260126_001632_d34452d3_BuyHold_SPY,0.0,0.0,1.0,1.0,0.0,0.0,0.0,0.0
2023-12-22 21:00:00+00:00,20260126_001632_d34452d3_BuyHold_SPY,0.0,0.0,1.0,1.0,0.0,0.0,0.0,-0.0
2023-12-26 21:00:00+00:00,20260126_001632_d34452d3_BuyHold_SPY,0.0,0.0,1.0,1.0,0.0,0.0,0.0,0.0
2023-12-27 21:00:00+00:00,20260126_001632_d34452d3_BuyHold_SPY,0.0,0.0,1.0,1.0,0.0,0.0,0.0,0.0
2023-12-28 21:00:00+00:00,20260126_001632_d34452d3_BuyHold_SPY,0.0,0.0,1.0,1.0,0.0,0.0,0.0,-0.0
2023-12-29 21:00:00+00:00,20260126_001632_d34452d3_BuyHold_SPY,0.0,0.0,1.0,1.0,0.0,0.0,0.0,-0.0
2024-01-02 21:00:00+00:00,20260126_001632_d34452d3_BuyHold_SPY,0.0,0.0,1.0,1.0,0.0,0.0,0.0,0.0
2024-01-03 21:00:00+00:00,20260126_001632_d34452d3_BuyHold_SPY,0.0,0.0,1.0,1.0,0.0,0.0,0.0,-0.0
2024-01-04 21:00:00+00:00,20260126_001632_d34452d3_BuyHold_SPY,0.0,0.0,1.0,1.0,0.0,0.0,0.0,-0.0
2024-01-05 21:00:00+00:00,20260126_001632_d34452d3_BuyHold_SPY,0.0,0.0,1.0,1.0,0.0,0.0,0.0,-0.0
2024-01-08 21:00:00+00:00,20260126_001632_d34452d3_BuyHold_SPY,0.0,0.0,1.0,1.0,0.0,0.0,0.0,0.0
2024-01-09 21:00:00+00:00,20260126_001632_d34452d3_BuyHold_SPY,0.0,0.0,1.0,1.0,0.0,0.0,0.0,0.0
2024-01-10 21:00:00+00:00,20260126_001632_d34452d3_BuyHold_SPY,0.0,0.0,1.0,1.0,0.0,0.0,0.0,0.0
2024-01-11 21:00:00+00:00,20260126_001632_d34452d3_BuyHold_SPY,0.0,0.0,1.0,1.0,0.0,0.0,0.0,-0.0
2024-01-12 21:00:00+00:00,20260126_001632_d34452d3_BuyHold_SPY,0.0,0.0,1.0,1.0,0.0,0.0,0.0,-0.0
2024-01-16 21:00:00+00:00,20260126_001632_d34452d3_BuyHold_SPY,0.0015116507942577115,0.0015116507942577115,1.0015116507942576,1.0015116507942576,0.0,0.0,1.0,0.0015116507942577115
2024-01-17 21:00:00+00:00,20260126_001632_d34452d3_BuyHold_SPY,0.0020632669910366735,0.0020632669910366735,1.0035780367244802,1.0035780367244802,0.0,0.0,1.0,0.0020632669910366735
2024-01-18 21:00:00+00:00,20260126_001632_d34452d3_BuyHold_SPY,0.005563476635043858,0.005563476635043858,1.0091614196832401,1.0091614196832401,0.0,0.0,1.0,0.005563476635043858
2024-01-19 21:00:00+00:00,20260126_001632_d34452d3_BuyHold_SPY,0.011255391393454517,0.011255391393454517,1.0205199264409492,1.0205199264409492,0.0,0.0,1.0,0.011255391393454517
2024-01-22 21:00:00+00:00,20260126_001632_d34452d3_BuyHold_SPY,-0.002117254289690393,-0.002117254289690393,1.0183592262489776,1.0183592262489776,0.0,0.0,1.0,-0.002117254289690393
2024-01-23 21:00:00+00:00,20260126_001632_d34452d3_BuyHold_SPY,0.002094596075182668,0.002094596075182668,1.0204922774874046,1.0204922774874046,0.0,0.0,1.0,0.002094596075182668
2024-01-24 21:00:00+00:00,20260126_001632_d34452d3_BuyHold_SPY,0.001246211362400744,0.001246211362400744,1.0217640265588517,1.0217640265588517,0.0,0.0,1.0,0.001246211362400744
2024-01-25 21:00:00+00:00,20260126_001632_d34452d3_BuyHold_SPY,0.0021649807197252294,0.0021649807197252294,1.0239761259764604,1.0239761259764604,0.0,0.0,1.0,0.0021649807197252294
2024-01-26 21:00:00+00:00,20260126_001632_d34452d3_BuyHold_SPY,-0.0007984535640200402,-0.0007984535640200402,1.023158528589203,1.023158528589203,0.0,0.0,1.0,-0.0007984535640200402
2024-01-29 21:00:00+00:00,20260126_001632_d34452d3_BuyHold_SPY,0.006907116645585335,0.006907116645585335,1.0302256038930941,1.0302256038930941,0.0,0.0,1.0,0.006907116645585335
2024-01-30 21:00:00+00:00,20260126_001632_d34452d3_BuyHold_SPY,-0.00020871162390792133,-0.00020871162390792133,1.030010583834314,1.030010583834314,0.0,0.0,1.0,-0.00020871162390792133
2024-01-31 21:00:00+00:00,20260126_001632_d34452d3_BuyHold_SPY,-0.010510638961674385,-0.010510638961674385,1.0191845144609282,1.0191845144609282,0.0,0.0,1.0,-0.010510638961674385
2024-02-01 21:00:00+00:00,20260126_001632_d34452d3_BuyHold_SPY,0.012901228730201527,0.012901228730201527,1.032333247000268,1.032333247000268,0.0,0.0,1.0,0.012901228730201527
2024-02-02 21:00:00+00:00,20260126_001632_d34452d3_BuyHold_SPY,0.008326616105286675,0.008326616105286675,1.0409290896407632,1.0409290896407632,0.0,0.0,1.0,0.008326616105286675
2024-02-05 21:00:00+00:00,20260126_001632_d34452d3_BuyHold_SPY,-0.003530343825305521,-0.003530343825305521,1.037254252056569,1.037254252056569,0.0,0.0,1.0,-0.003530343825305521
2024-02-06 21:00:00+00:00,20260126_001632_d34452d3_BuyHold_SPY,-0.0002903600484980512,-0.0002903600484980512,1.0369530748616371,1.0369530748616371,0.0,0.0,1.0,-0.0002903600484980512
2024-02-07 21:00:00+00:00,20260126_001632_d34452d3_BuyHold_SPY,0.0049707734843936905,0.0049707734843936905,1.04210753371072,1.04210753371072,0.0,0.0,1.0,0.0049707734843936905
2024-02-08 21:00:00+00:00,20260126_001632_d34452d3_BuyHold_SPY,0.0012547182130101752,0.0012547182130101752,1.043415085013182,1.043415085013182,0.0,0.0,1.0,0.0012547182130101752
2024-02-09 21:00:00+00:00,20260126_001632_d34452d3_BuyHold_SPY,0.003810777215088948,0.003810777215088948,1.0473913074450305,1.0473913074450305,0.0,0.0,1.0,0.003810777215088948
2024-02-12 21:00:00+00:00,20260126_001632_d34452d3_BuyHold_SPY,-0.000695154393153867,-0.000695154393153867,1.046663208776309,1.046663208776309,0.0,0.0,1.0,-0.000695154393153867
2024-02-13 21:00:00+00:00,20260126_001632_d34452d3_BuyHold_SPY,-0.0002695278096449638,-0.0002695278096449638,1.0463811039342117,1.0463811039342117,0.0,0.0,1.0,-0.0002695278096449638
2024-02-14 21:00:00+00:00,20260126_001632_d34452d3_BuyHold_SPY,0.004056633619709211,0.004056633619709211,1.0506258886994597,1.0506258886994597,0.0,0.0,1.0,0.004056633619709211
2024-02-15 21:00:00+00:00,20260126_001632_d34452d3_BuyHold_SPY,0.004624049159918113,0.004624049159918113,1.0554840344574887,1.0554840344574887,0.0,0.0,1.0,0.004624049159918113
2024-02-16 21:00:00+00:00,20260126_001632_d34452d3_BuyHold_SPY,-0.004788124799155376,-0.004788124799155376,1.0504302451769902,1.0504302451769902,0.0,0.0,1.0,-0.004788124799155376
2024-02-20 21:00:00+00:00,20260126_001632_d34452d3_BuyHold_SPY,-0.005677158575213757,-0.005677158575213757,1.0444667861029198,1.0444667861029198,0.0,0.0,1.0,-0.005677158575213757
2024-02-21 21:00:00+00:00,20260126_001632_d34452d3_BuyHold_SPY,0.001010257289161128,0.001010257289161128,1.0455219662868669,1.0455219662868669,0.0,0.0,1.0,0.001010257289161128
2024-02-22 21:00:00+00:00,20260126_001632_d34452d3_BuyHold_SPY,0.020377440129241867,0.020377440129241867,1.0668270275586846,1.0668270275586846,0.0,0.0,1.0,0.020377440129241867
2024-02-23 21:00:00+00:00,20260126_001632_d34452d3_BuyHold_SPY,-0.004489593915381826,-0.004489593915381826,1.0620374074269923,1.0620374074269923,0.0,0.0,1.0,-0.004489593915381826
2024-02-26 21:00:00+00:00,20260126_001632_d34452d3_BuyHold_SPY,-0.004567417652992748,-0.004567417652992748,1.0571866390241715,1.0571866390241715,0.0,0.0,1.0,-0.004567417652992748
2024-02-27 21:00:00+00:00,20260126_001632_d34452d3_BuyHold_SPY,0.002367679263744014,0.002367679263744014,1.0596897179072962,1.0596897179072962,0.0,0.0,1.0,0.002367679263744014
2024-02-28 21:00:00+00:00,20260126_001632_d34452d3_BuyHold_SPY,0.0009925157034698974,0.0009925157034698974,1.0607414765931247,1.0607414765931247,0.0,0.0,1.0,0.0009925157034698974
2024-02-29 21:00:00+00:00,20260126_001632_d34452d3_BuyHold_SPY,-0.0006249181258270605,-0.0006249181258270605,1.060078600017585,1.060078600017585,0.0,0.0,1.0,-0.0006249181258270605
2024-03-01 21:00:00+00:00,20260126_001632_d34452d3_BuyHold_SPY,0.007200697024037761,0.007200697024037761,1.0677119048379777,1.0677119048379777,0.0,0.0,1.0,0.007200697024037761
2024-03-04 21:00:00+00:00,20260126_001632_d34452d3_BuyHold_SPY,-0.000719740924348605,-0.000719740924348605,1.0669434288846518,1.0669434288846518,0.0,0.0,1.0,-0.000719740924348605
2024-03-05 21:00:00+00:00,20260126_001632_d34452d3_BuyHold_SPY,-0.00550099619034684,-0.00550099619034684,1.0610741771470418,1.0610741771470418,0.0,0.0,1.0,-0.00550099619034684
2024-03-06 21:00:00+00:00,20260126_001632_d34452d3_BuyHold_SPY,-0.0008841022919548093,-0.0008841022919548093,1.060136079035092,1.060136079035092,0.0,0.0,1.0,-0.0008841022919548093
2024-03-07 21:00:00+00:00,20260126_001632_d34452d3_BuyHold_SPY,0.0046055926613884374,0.0046055926613884374,1.065018633980769,1.065018633980769,0.0,0.0,1.0,0.0046055926613884374
2024-03-08 21:00:00+00:00,20260126_001632_d34452d3_BuyHold_SPY,-0.006625977221583406,-0.006625977221583406,1.0579618447714505,1.0579618447714505,0.0,0.0,1.0,-0.006625977221583406
2024-03-11 20:00:00+00:00,20260126_001632_d34452d3_BuyHold_SPY,-0.0009014875153512298,-0.0009014875153512298,1.0570081053766711,1.0570081053766711,0.0,0.0,1.0,-0.0009014875153512298
2024-03-12 20:00:00+00:00,20260126_001632_d34452d3_BuyHold_SPY,0.010724925382755325,0.010724925382755325,1.0683444384358034,1.0683444384358034,0.0,0.0,1.0,0.010724925382755325
2024-03-13 20:00:00+00:00,20260126_001632_d34452d3_BuyHold_SPY,-0.000436811284618659,-0.000436811284618659,1.067877773529235,1.067877773529235,0.0,0.0,1.0,-0.000436811284618659
2024-03-14 20:00:00+00:00,20260126_001632_d34452d3_BuyHold_SPY,-0.0037544367260700664,-0.0037544367260700664,1.0638684939973428,1.0638684939973428,0.0,0.0,1.0,-0.0037544367260700664
2024-03-15 20:00:00+00:00,20260126_001632_d34452d3_BuyHold_SPY,-0.0002203680154762653,-0.0002203680154762653,1.063634051408593,1.063634051408593,0.0,0.0,1.0,-0.0002203680154762653
2024-03-18 20:00:00+00:00,20260126_001632_d34452d3_BuyHold_SPY,-0.0029035101139428545,-0.0029035101139428545,1.0605457791827941,1.0605457791827941,0.0,0.0,1.0,-0.0029035101139428545
2024-03-19 20:00:00+00:00,20260126_001632_d34452d3_BuyHold_SPY,0.008752094693724694,0.008752094693724694,1.069827776269232,1.069827776269232,0.0,0.0,1.0,0.008752094693724694
2024-03-20 20:00:00+00:00,20260126_001632_d34452d3_BuyHold_SPY,0.010019214831674615,0.010019214831674615,1.0805466105925663,1.0805466105925663,0.0,0.0,1.0,0.010019214831674615
2024-03-21 20:00:00+00:00,20260126_001632_d34452d3_BuyHold_SPY,-0.002715932852841565,-0.002715932852841565,1.0776119185538313,1.0776119185538313,0.0,0.0,1.0,-0.002715932852841565
2024-03-22 20:00:00+00:00,20260126_001632_d34452d3_BuyHold_SPY,-0.0012921669084584822,-0.0012921669084584822,1.0762194640925156,1.0762194640925156,0.0,0.0,1.0,-0.0012921669084584822
2024-03-25 20:00:00+00:00,20260126_001632_d34452d3_BuyHold_SPY,7.859627064726315e-05,7.859627064726315e-05,1.0763040509287913,1.0763040509287913,0.0,0.0,1.0,7.859627064726315e-05
2024-03-26 20:00:00+00:00,20260126_001632_d34452d3_BuyHold_SPY,-0.004695443838595656,-0.004695443838595656,1.0712503257044022,1.0712503257044022,0.0,0.0,1.0,-0.004695443838595656
2024-03-27 20:00:00+00:00,20260126_001632_d34452d3_BuyHold_SPY,0.008373500964632163,0.008373500964632163,1.0802204413400505,1.0802204413400505,0.0,0.0,1.0,0.008373500964632163
2024-03-28 20:00:00+00:00,20260126_001632_d34452d3_BuyHold_SPY,-0.00025380958560293043,-0.00025380958560293043,1.079946271037474,1.079946271037474,0.0,0.0,1.0,-0.00025380958560293043
2024-04-01 20:00:00+00:00,20260126_001632_d34452d3_BuyHold_SPY,-0.0037681005937276555,-0.0037681005937276555,1.0758769248523838,1.0758769248523838,0.0,0.0,1.0,-0.0037681005937276555
2024-04-02 20:00:00+00:00,20260126_001632_d34452d3_BuyHold_SPY,0.0027795044358952716,0.0027795044358952716,1.0788673295374884,1.0788673295374884,0.0,0.0,1.0,0.0027795044358952716
2024-04-03 20:00:00+00:00,20260126_001632_d34452d3_BuyHold_SPY,0.0023424054802691245,0.0023424054802691245,1.0813944742826804,1.0813944742826804,0.0,0.0,1.0,0.0023424054802691245
2024-04-04 20:00:00+00:00,20260126_001632_d34452d3_BuyHold_SPY,-0.019399326943027886,-0.019399326943027886,1.0604161493216868,1.0604161493216868,0.0,0.0,1.0,-0.019399326943027886
2024-04-05 20:00:00+00:00,20260126_001632_d34452d3_BuyHold_SPY,0.010515260705660435,0.010515260705660435,1.0715667015882968,1.0715667015882968,0.0,0.0,1.0,0.010515260705660435
2024-04-08 20:00:00+00:00,20260126_001632_d34452d3_BuyHold_SPY,0.00019697059292724718,0.00019697059292724718,1.0717777687168697,1.0717777687168697,0.0,0.0,1.0,0.00019697059292724718
2024-04-09 20:00:00+00:00,20260126_001632_d34452d3_BuyHold_SPY,-0.0010222537652031954,-0.0010222537652031954,1.0706821398573378,1.0706821398573378,0.0,0.0,1.0,-0.0010222537652031954
2024-04-10 20:00:00+00:00,20260126_001632_d34452d3_BuyHold_SPY,-0.00996252556974825,-0.00996252556974825,1.0600154416619363,1.0600154416619363,0.0,0.0,1.0,-0.00996252556974825
2024-04-11 20:00:00+00:00,20260126_001632_d34452d3_BuyHold_SPY,0.007262684671549313,0.007262684671549313,1.0677139995617,1.0677139995617,0.0,0.0,1.0,0.007262684671549313
2024-04-12 20:00:00+00:00,20260126_001632_d34452d3_BuyHold_SPY,-0.008422066486584757,-0.008422066486584757,1.0587216412687341,1.0587216412687341,0.0,0.0,1.0,-0.008422066486584757
2024-04-15 20:00:00+00:00,20260126_001632_d34452d3_BuyHold_SPY,-0.020639533601407946,-0.020639533601407946,1.0368701203792303,1.0368701203792303,0.0,0.0,1.0,-0.020639533601407946
2024-04-16 20:00:00+00:00,20260126_001632_d34452d3_BuyHold_SPY,-0.0009937838628320522,-0.0009937838628320522,1.0358396955857447,1.0358396955857447,0.0,0.0,1.0,-0.0009937838628320522
2024-04-17 20:00:00+00:00,20260126_001632_d34452d3_BuyHold_SPY,-0.010819035613740374,-0.010819035613740374,1.0246329090290764,1.0246329090290764,0.0,0.0,1.0,-0.010819035613740374
2024-04-18 20:00:00+00:00,20260126_001632_d34452d3_BuyHold_SPY,-0.0017165982880403582,-0.0017165982880403582,1.0228740259315674,1.0228740259315674,0.0,0.0,1.0,-0.0017165982880403582
2024-04-19 20:00:00+00:00,20260126_001632_d34452d3_BuyHold_SPY,-0.00985290315868718,-0.00985290315868718,1.0127957472105271,1.0127957472105271,0.0,0.0,1.0,-0.00985290315868718
2024-04-22 20:00:00+00:00,20260126_001632_d34452d3_BuyHold_SPY,0.004611467135267269,0.004611467135267269,1.0174662215135268,1.0174662215135268,0.0,0.0,1.0,0.004611467135267269
2024-04-23 20:00:00+00:00,20260126_001632_d34452d3_BuyHold_SPY,0.007036641726668996,0.007036641726668996,1.0246257667833052,1.0246257667833052,0.0,0.0,1.0,0.007036641726668996
2024-04-24 20:00:00+00:00,20260126_001632_d34452d3_BuyHold_SPY,-0.002521916781847514,-0.002521916781847514,1.022041745866941,1.022041745866941,0.0,0.0,1.0,-0.002521916781847514
2024-04-25 20:00:00+00:00,20260126_001632_d34452d3_BuyHold_SPY,0.008720511661595107,0.008720511661595107,1.0309544728304108,1.0309544728304108,0.0,0.0,1.0,0.008720511661595107
2024-04-26 20:00:00+00:00,20260126_001632_d34452d3_BuyHold_SPY,0.002515673967277244,0.002515673967277244,1.033548018159158,1.033548018159158,0.0,0.0,1.0,0.002515673967277244
2024-04-29 20:00:00+00:00,20260126_001632_d34452d3_BuyHold_SPY,0.0015632832124469241,0.0015632832124469241,1.0351637464252041,1.0351637464252041,0.0,0.0,1.0,0.0015632832124469241
2024-04-30 20:00:00+00:00,20260126_001632_d34452d3_BuyHold_SPY,-0.014155990068693978,-0.014155990068693978,1.020509978711337,1.020509978711337,0.0,0.0,1.0,-0.014155990068693978
2024-05-01 20:00:00+00:00,20260126_001632_d34452d3_BuyHold_SPY,-0.0017754200878086679,-0.0017754200878086679,1.0186981447953236,1.0186981447953236,0.0,0.0,1.0,-0.0017754200878086679
2024-05-02 20:00:00+00:00,20260126_001632_d34452d3_BuyHold_SPY,0.009796826323219411,0.009796826323219411,1.028678153595669,1.028678153595669,0.0,0.0,1.0,0.009796826323219411
2024-05-03 20:00:00+00:00,20260126_001632_d34452d3_BuyHold_SPY,0.0003397180372986603,0.0003397180372986603,1.0290276141190204,1.0290276141190204,0.0,0.0,1.0,0.0003397180372986603
2024-05-06 20:00:00+00:00,20260126_001632_d34452d3_BuyHold_SPY,0.010296459408768013,0.010296459408768013,1.0396229551782983,1.0396229551782983,0.0,0.0,1.0,0.010296459408768013
2024-05-07 20:00:00+00:00,20260126_001632_d34452d3_BuyHold_SPY,-0.0004935785531737753,-0.0004935785531737753,1.0391098195842352,1.0391098195842352,0.0,0.0,1.0,-0.0004935785531737753
2024-05-08 20:00:00+00:00,20260126_001632_d34452d3_BuyHold_SPY,-0.00011849511221541938,-0.00011849511221541938,1.0389866901495595,1.0389866901495595,0.0,0.0,1.0,-0.00011849511221541938
2024-05-09 20:00:00+00:00,20260126_001632_d34452d3_BuyHold_SPY,0.00624466457473027,0.00624466457473027,1.0454748135271528,1.0454748135271528,0.0,0.0,1.0,0.00624466457473027
2024-05-10 20:00:00+00:00,20260126_001632_d34452d3_BuyHold_SPY,-0.0027812071122892534,-0.0027812071122892534,1.0425671315400518,1.0425671315400518,0.0,0.0,1.0,-0.0027812071122892534
2024-05-13 20:00:00+00:00,20260126_001632_d34452d3_BuyHold_SPY,-0.0010191483154826924,-0.0010191483154826924,1.041504601004165,1.041504601004165,0.0,0.0,1.0,-0.0010191483154826924
2024-05-14 20:00:00+00:00,20260126_001632_d34452d3_BuyHold_SPY,0.0034611921879356207,0.0034611921879356207,1.0451094485928598,1.0451094485928598,0.0,0.0,1.0,0.0034611921879356207
2024-05-15 20:00:00+00:00,20260126_001632_d34452d3_BuyHold_SPY,0.006809854136318124,0.006809854136318124,1.0522264914942652,1.0522264914942652,0.0,0.0,1.0,0.006809854136318124
2024-05-16 20:00:00+00:00,20260126_001632_d34452d3_BuyHold_SPY,-0.0022574026314108914,-0.0022574026314108914,1.0498511926435257,1.0498511926435257,0.0,0.0,1.0,-0.0022574026314108914
2024-05-17 20:00:00+00:00,20260126_001632_d34452d3_BuyHold_SPY,0.0016603923111847866,0.0016603923111847866,1.0515943574916793,1.0515943574916793,0.0,0.0,1.0,0.0016603923111847866
2024-05-20 20:00:00+00:00,20260126_001632_d34452d3_BuyHold_SPY,-0.00019269679219529603,-0.00019269679219529603,1.0513917186323,1.0513917186323,0.0,0.0,1.0,-0.00019269679219529603
2024-05-21 20:00:00+00:00,20260126_001632_d34452d3_BuyHold_SPY,0.003138510918335308,0.003138510918335308,1.0546915230206748,1.0546915230206748,0.0,0.0,1.0,0.003138510918335308
2024-05-22 20:00:00+00:00,20260126_001632_d34452d3_BuyHold_SPY,-0.002407157155673571,-0.002407157155673571,1.0521527147740073,1.0521527147740073,0.0,0.0,1.0,-0.002407157155673571
2024-05-23 20:00:00+00:00,20260126_001632_d34452d3_BuyHold_SPY,-0.007275855465087999,-0.007275855465087999,1.0444974036941117,1.0444974036941117,0.0,0.0,1.0,-0.007275855465087999
2024-05-24 20:00:00+00:00,20260126_001632_d34452d3_BuyHold_SPY,0.0028787562023600134,0.0028787562023600134,1.047504257073345,1.047504257073345,0.0,0.0,1.0,0.0028787562023600134
2024-05-28 20:00:00+00:00,20260126_001632_d34452d3_BuyHold_SPY,-9.63827552719787e-05,-9.63827552719787e-05,1.047403295726889,1.047403295726889,0.0,0.0,1.0,-9.63827552719787e-05
2024-05-29 20:00:00+00:00,20260126_001632_d34452d3_BuyHold_SPY,0.0010878434578374349,0.0010878434578374349,1.048542706549863,1.048542706549863,0.0,0.0,1.0,0.0010878434578374349
2024-05-30 20:00:00+00:00,20260126_001632_d34452d3_BuyHold_SPY,-0.0033754483051249974,-0.0033754483051249974,1.045003404848188,1.045003404848188,0.0,0.0,1.0,-0.0033754483051249974
2024-05-31 20:00:00+00:00,20260126_001632_d34452d3_BuyHold_SPY,0.005165862494026586,0.005165862494026586,1.0504017487434232,1.0504017487434232,0.0,0.0,1.0,0.005165862494026586
2024-06-03 20:00:00+00:00,20260126_001632_d34452d3_BuyHold_SPY,-0.001701765992485087,-0.001701765992485087,1.0486142107689649,1.0486142107689649,0.0,0.0,1.0,-0.001701765992485087
2024-06-04 20:00:00+00:00,20260126_001632_d34452d3_BuyHold_SPY,0.003757728093472194,0.003757728093472194,1.0525546178479857,1.0525546178479857,0.0,0.0,1.0,0.003757728093472194
2024-06-05 20:00:00+00:00,20260126_001632_d34452d3_BuyHold_SPY,0.01185811233226945,0.01185811233226945,1.065035928742276,1.065035928742276,0.0,0.0,1.0,0.01185811233226945
2024-06-06 20:00:00+00:00,20260126_001632_d34452d3_BuyHold_SPY,-0.0013937816692468849,-0.0013937816692468849,1.0635515011877057,1.0635515011877057,0.0,0.0,1.0,-0.0013937816692468849
2024-06-07 20:00:00+00:00,20260126_001632_d34452d3_BuyHold_SPY,-0.0011661585958869533,-0.0011661585958869533,1.0623112314624272,1.0623112314624272,0.0,0.0,1.0,-0.0011661585958869533
2024-06-10 20:00:00+00:00,20260126_001632_d34452d3_BuyHold_SPY,0.003170301159950818,0.003170301159950818,1.0656790779917613,1.0656790779917613,0.0,0.0,1.0,0.003170301159950818
2024-06-11 20:00:00+00:00,20260126_001632_d34452d3_BuyHold_SPY,0.0024377249826061987,0.0024377249826061987,1.0682769105036225,1.0682769105036225,0.0,0.0,1.0,0.0024377249826061987
2024-06-12 20:00:00+00:00,20260126_001632_d34452d3_BuyHold_SPY,0.007919557884908746,0.007919557884908746,1.0767371913334673,1.0767371913334673,0.0,0.0,1.0,0.007919557884908746
2024-06-13 20:00:00+00:00,20260126_001632_d34452d3_BuyHold_SPY,-0.0006778001878682788,-0.0006778001878682788,1.0760073786628968,1.0760073786628968,0.0,0.0,1.0,-0.0006778001878682788
2024-06-14 20:00:00+00:00,20260126_001632_d34452d3_BuyHold_SPY,0.00288344856453366,0.00288344856453366,1.07910999059433,1.07910999059433,0.0,0.0,1.0,0.00288344856453366
2024-06-17 20:00:00+00:00,20260126_001632_d34452d3_BuyHold_SPY,0.009191586002806763,0.009191586002806763,1.0890287228793656,1.0890287228793656,0.0,0.0,1.0,0.009191586002806763
2024-06-18 20:00:00+00:00,20260126_001632_d34452d3_BuyHold_SPY,0.0026107240935870192,0.0026107240935870192,1.0918718764047952,1.0918718764047952,0.0,0.0,1.0,0.0026107240935870192
2024-06-20 20:00:00+00:00,20260126_001632_d34452d3_BuyHold_SPY,-0.005326293879194136,-0.005326293879194136,1.0860562459126362,1.0860562459126362,0.0,0.0,1.0,-0.005326293879194136
2024-06-21 20:00:00+00:00,20260126_001632_d34452d3_BuyHold_SPY,0.0004866726660892265,0.0004866726660892265,1.0865847998013574,1.0865847998013574,0.0,0.0,1.0,0.0004866726660892265
2024-06-24 20:00:00+00:00,20260126_001632_d34452d3_BuyHold_SPY,-0.002548297206179806,-0.002548297206179806,1.0838158587917461,1.0838158587917461,0.0,0.0,1.0,-0.002548297206179806
2024-06-25 20:00:00+00:00,20260126_001632_d34452d3_BuyHold_SPY,0.0020393088387278984,0.0020393088387278984,1.0860260940521336,1.0860260940521336,0.0,0.0,1.0,0.0020393088387278984
2024-06-26 20:00:00+00:00,20260126_001632_d34452d3_BuyHold_SPY,0.0014940985896126275,0.0014940985896126275,1.0876487241075394,1.0876487241075394,0.0,0.0,1.0,0.0014940985896126275
2024-06-27 20:00:00+00:00,20260126_001632_d34452d3_BuyHold_SPY,-0.0003726407227634236,-0.0003726407227634236,1.0872434219008753,1.0872434219008753,0.0,0.0,1.0,-0.0003726407227634236
2024-06-28 20:00:00+00:00,20260126_001632_d34452d3_BuyHold_SPY,-0.004145664200760818,-0.004145664200760818,1.0827360757691882,1.0827360757691882,0.0,0.0,1.0,-0.004145664200760818
2024-07-01 20:00:00+00:00,20260126_001632_d34452d3_BuyHold_SPY,0.002000281080089079,0.002000281080089079,1.084901852256279,1.084901852256279,0.0,0.0,1.0,0.002000281080089079
2024-07-02 20:00:00+00:00,20260126_001632_d34452d3_BuyHold_SPY,0.00707295507160935,0.00707295507160935,1.0925753143143935,1.0925753143143935,0.0,0.0,1.0,0.00707295507160935
2024-07-03 20:00:00+00:00,20260126_001632_d34452d3_BuyHold_SPY,0.003571267153184294,0.003571267153184294,1.0964771926467844,1.0964771926467844,0.0,0.0,1.0,0.003571267153184294
2024-07-05 20:00:00+00:00,20260126_001632_d34452d3_BuyHold_SPY,0.004599316371737084,0.004599316371737084,1.101520238150161,1.101520238150161,0.0,0.0,1.0,0.004599316371737084
2024-07-08 20:00:00+00:00,20260126_001632_d34452d3_BuyHold_SPY,-0.0008981350555617345,-0.0008981350555617345,1.1005309242098678,1.1005309242098678,0.0,0.0,1.0,-0.0008981350555617345
2024-07-09 20:00:00+00:00,20260126_001632_d34452d3_BuyHold_SPY,-0.0010618238736323435,-0.0010618238736323435,1.099362354200871,1.099362354200871,0.0,0.0,1.0,-0.0010618238736323435
2024-07-10 20:00:00+00:00,20260126_001632_d34452d3_BuyHold_SPY,0.007648777979478716,0.007648777979478716,1.1077711327671504,1.1077711327671504,0.0,0.0,1.0,0.007648777979478716
2024-07-11 20:00:00+00:00,20260126_001632_d34452d3_BuyHold_SPY,-0.00986916002186152,-0.00986916002186152,1.0968383621902726,1.0968383621902726,0.0,0.0,1.0,-0.00986916002186152
2024-07-12 20:00:00+00:00,20260126_001632_d34452d3_BuyHold_SPY,0.0062569180493961965,0.0062569180493961965,1.103701189935931,1.103701189935931,0.0,0.0,1.0,0.0062569180493961965
2024-07-15 20:00:00+00:00,20260126_001632_d34452d3_BuyHold_SPY,0.0028690776899000982,0.0028690776899000982,1.1068677943962923,1.1068677943962923,0.0,0.0,1.0,0.0028690776899000982
2024-07-16 20:00:00+00:00,20260126_001632_d34452d3_BuyHold_SPY,0.0030872859135293363,0.0030872859135293363,1.1102850117460714,1.1102850117460714,0.0,0.0,1.0,0.0030872859135293363
2024-07-17 20:00:00+00:00,20260126_001632_d34452d3_BuyHold_SPY,-0.013849656415480022,-0.013849656415480022,1.0949079458101312,1.0949079458101312,0.0,0.0,1.0,-0.013849656415480022
2024-07-18 20:00:00+00:00,20260126_001632_d34452d3_BuyHold_SPY,-0.007687899667086222,-0.007687899667086222,1.0864904033780474,1.0864904033780474,0.0,0.0,1.0,-0.007687899667086222
2024-07-19 20:00:00+00:00,20260126_001632_d34452d3_BuyHold_SPY,-0.007115757631041632,-0.007115757631041632,1.0787592009991565,1.0787592009991565,0.0,0.0,1.0,-0.007115757631041632
2024-07-22 20:00:00+00:00,20260126_001632_d34452d3_BuyHold_SPY,0.0020029591679626077,0.0020029591679626077,1.080919911630822,1.080919911630822,0.0,0.0,1.0,0.0020029591679626077
2024-07-23 20:00:00+00:00,20260126_001632_d34452d3_BuyHold_SPY,-0.00172708441335093,-0.00172708441335093,1.0790530716993636,1.0790530716993636,0.0,0.0,1.0,-0.00172708441335093
2024-07-24 20:00:00+00:00,20260126_001632_d34452d3_BuyHold_SPY,-0.02280307854637398,-0.02280307854637398,1.054447339749697,1.054447339749697,0.0,0.0,1.0,-0.02280307854637398
2024-07-25 20:00:00+00:00,20260126_001632_d34452d3_BuyHold_SPY,-0.005224898947755676,-0.005224898947755676,1.048937958953775,1.048937958953775,0.0,0.0,1.0,-0.005224898947755676
2024-07-26 20:00:00+00:00,20260126_001632_d34452d3_BuyHold_SPY,0.002415844613329475,0.002415844613329475,1.0514720300716305,1.0514720300716305,0.0,0.0,1.0,0.002415844613329475
2024-07-29 20:00:00+00:00,20260126_001632_d34452d3_BuyHold_SPY,0.001028239277724527,0.001028239277724527,1.052553194912379,1.052553194912379,0.0,0.0,1.0,0.001028239277724527
2024-07-30 20:00:00+00:00,20260126_001632_d34452d3_BuyHold_SPY,-0.0053959998276880495,-0.0053959998276880495,1.0468736180539993,1.0468736180539993,0.0,0.0,1.0,-0.0053959998276880495
2024-07-31 20:00:00+00:00,20260126_001632_d34452d3_BuyHold_SPY,0.0153801862878051,0.0153801862878051,1.0629747293194582,1.0629747293194582,0.0,0.0,1.0,0.0153801862878051
2024-08-01 20:00:00+00:00,20260126_001632_d34452d3_BuyHold_SPY,-0.02081360263543527,-0.02081360263543527,1.0408503956918937,1.0408503956918937,0.0,0.0,1.0,-0.02081360263543527
2024-08-02 20:00:00+00:00,20260126_001632_d34452d3_BuyHold_SPY,-0.019075591658148164,-0.019075591658148164,1.0209955585664532,1.0209955585664532,0.0,0.0,1.0,-0.019075591658148164
2024-08-05 20:00:00+00:00,20260126_001632_d34452d3_BuyHold_SPY,-0.029549631477329162,-0.029549631477329162,0.9908255160708247,0.9908255160708247,0.0,0.0,1.0,-0.029549631477329162
2024-08-06 20:00:00+00:00,20260126_001632_d34452d3_BuyHold_SPY,0.006869113186333376,0.006869113186333376,0.9976316086886224,0.9976316086886224,0.0,0.0,1.0,0.006869113186333376
2024-08-07 20:00:00+00:00,20260126_001632_d34452d3_BuyHold_SPY,-0.021384645928389085,-0.021384645928389085,0.976297609969847,0.976297609969847,0.0,0.0,1.0,-0.021384645928389085
2024-08-08 20:00:00+00:00,20260126_001632_d34452d3_BuyHold_SPY,0.013601183378251416,0.013601183378251416,0.9895764127947956,0.9895764127947956,0.0,0.0,1.0,0.013601183378251416
2024-08-09 20:00:00+00:00,20260126_001632_d34452d3_BuyHold_SPY,0.006497947936250437,0.006497947936250437,0.9960066288040775,0.9960066288040775,0.0,0.0,1.0,0.006497947936250437
2024-08-12 20:00:00+00:00,20260126_001632_d34452d3_BuyHold_SPY,0.0006875740367899547,0.0006875740367899547,0.996691457102514,0.996691457102514,0.0,0.0,1.0,0.0006875740367899547
2024-08-13 20:00:00+00:00,20260126_001632_d34452d3_BuyHold_SPY,0.008242608085385995,0.008242608085385995,1.0049067941654621,1.0049067941654621,0.0,0.0,1.0,0.008242608085385995
2024-08-14 20:00:00+00:00,20260126_001632_d34452d3_BuyHold_SPY,0.0032069642931239943,0.0032069642931239943,1.0081294943722685,1.0081294943722685,0.0,0.0,1.0,0.0032069642931239943
2024-08-15 20:00:00+00:00,20260126_001632_d34452d3_BuyHold_SPY,0.01674813554448265,0.01674813554448265,1.025013783790406,1.025013783790406,0.0,0.0,1.0,0.01674813554448265
2024-08-16 20:00:00+00:00,20260126_001632_d34452d3_BuyHold_SPY,0.002262257151535002,0.002262257151535002,1.0273326285532078,1.0273326285532078,0.0,0.0,1.0,0.002262257151535002
2024-08-19 20:00:00+00:00,20260126_001632_d34452d3_BuyHold_SPY,0.009453266108439896,0.009453266108439896,1.0370442772728043,1.0370442772728043,0.0,0.0,1.0,0.009453266108439896
2024-08-20 20:00:00+00:00,20260126_001632_d34452d3_BuyHold_SPY,-0.002548374970709172,-0.002548374970709172,1.0344014995930852,1.0344014995930852,0.0,0.0,1.0,-0.002548374970709172
2024-08-21 20:00:00+00:00,20260126_001632_d34452d3_BuyHold_SPY,0.0035477481743832378,0.0035477481743832378,1.038071295624846,1.038071295624846,0.0,0.0,1.0,0.0035477481743832378
2024-08-22 20:00:00+00:00,20260126_001632_d34452d3_BuyHold_SPY,-0.011447623944914845,-0.011447623944914845,1.0261878458045222,1.0261878458045222,0.0,0.0,1.0,-0.011447623944914845
2024-08-23 20:00:00+00:00,20260126_001632_d34452d3_BuyHold_SPY,0.004975676714113203,0.004975676714113203,1.0312938247731978,1.0312938247731978,0.0,0.0,1.0,0.004975676714113203
2024-08-26 20:00:00+00:00,20260126_001632_d34452d3_BuyHold_SPY,-0.004583133786652391,-0.004583133786652391,1.0265672672009136,1.0265672672009136,0.0,0.0,1.0,-0.004583133786652391
2024-08-27 20:00:00+00:00,20260126_001632_d34452d3_BuyHold_SPY,0.0013970917367383618,0.0013970917367383618,1.028001475847126,1.028001475847126,0.0,0.0,1.0,0.0013970917367383618
2024-08-28 20:00:00+00:00,20260126_001632_d34452d3_BuyHold_SPY,-0.005745992716287532,-0.005745992716287532,1.0220945868545757,1.0220945868545757,0.0,0.0,1.0,-0.005745992716287532
2024-08-29 20:00:00+00:00,20260126_001632_d34452d3_BuyHold_SPY,-5.470908445696254e-05,-5.470908445696254e-05,1.0220386689955006,1.0220386689955006,0.0,0.0,1.0,-5.470908445696254e-05
2024-08-30 20:00:00+00:00,20260126_001632_d34452d3_BuyHold_SPY,0.003329837670802218,0.003329837670802218,1.0254418918565382,1.0254418918565382,0.0,0.0,1.0,0.003329837670802218
2024-09-03 20:00:00+00:00,20260126_001632_d34452d3_BuyHold_SPY,-0.013607894753275231,-0.013607894753275231,1.011487786516555,1.011487786516555,0.0,0.0,1.0,-0.013607894753275231
2024-09-04 20:00:00+00:00,20260126_001632_d34452d3_BuyHold_SPY,-0.0012377039403902949,-0.0012377039403902949,1.0102358640975269,1.0102358640975269,0.0,0.0,1.0,-0.0012377039403902949
2024-09-05 20:00:00+00:00,20260126_001632_d34452d3_BuyHold_SPY,-0.0025356062483444853,-0.0025356062483444853,1.0076743037282194,1.0076743037282194,0.0,0.0,1.0,-0.0025356062483444853
2024-09-06 20:00:00+00:00,20260126_001632_d34452d3_BuyHold_SPY,-0.016479885680893792,-0.016479885680893792,0.9910679463992041,0.9910679463992041,0.0,0.0,1.0,-0.016479885680893792
2024-09-09 20:00:00+00:00,20260126_001632_d34452d3_BuyHold_SPY,0.0032100359765476674,0.0032100359765476674,0.9942493101623489,0.9942493101623489,0.0,0.0,1.0,0.0032100359765476674
2024-09-10 20:00:00+00:00,20260126_001632_d34452d3_BuyHold_SPY,0.004239342930133861,0.004239342930133861,0.9984642739461762,0.9984642739461762,0.0,0.0,1.0,0.004239342930133861
2024-09-11 20:00:00+00:00,20260126_001632_d34452d3_BuyHold_SPY,0.014731459153052778,0.014731459153052778,1.0131731096135967,1.0131731096135967,0.0,0.0,1.0,0.014731459153052778
2024-09-12 20:00:00+00:00,20260126_001632_d34452d3_BuyHold_SPY,0.007678703835406556,0.007678703835406556,1.0209529658563175,1.0209529658563175,0.0,0.0,1.0,0.007678703835406556
2024-09-13 20:00:00+00:00,20260126_001632_d34452d3_BuyHold_SPY,0.00505033228364314,0.00505033228364314,1.0261091175798627,1.0261091175798627,0.0,0.0,1.0,0.00505033228364314
2024-09-16 20:00:00+00:00,20260126_001632_d34452d3_BuyHold_SPY,0.0032251078831396435,0.0032251078831396435,1.0294184301839309,1.0294184301839309,0.0,0.0,1.0,0.0032251078831396435
2024-09-17 20:00:00+00:00,20260126_001632_d34452d3_BuyHold_SPY,-0.003411340137112787,-0.003411340137112787,1.0259067337751608,1.0259067337751608,0.0,0.0,1.0,-0.003411340137112787
2024-09-18 20:00:00+00:00,20260126_001632_d34452d3_BuyHold_SPY,-0.003132783584407398,-0.003132783584407398,1.022692790000457,1.022692790000457,0.0,0.0,1.0,-0.003132783584407398
2024-09-19 20:00:00+00:00,20260126_001632_d34452d3_BuyHold_SPY,0.016958550552785015,0.016958550552785015,1.0400361773796485,1.0400361773796485,0.0,0.0,1.0,0.016958550552785015
2024-09-20 20:00:00+00:00,20260126_001632_d34452d3_BuyHold_SPY,0.0001250971738605186,0.0001250971738605186,1.0401662829661513,1.0401662829661513,0.0,0.0,1.0,0.0001250971738605186
2024-09-23 20:00:00+00:00,20260126_001632_d34452d3_BuyHold_SPY,0.0012125536435738777,0.0012125536435738777,1.0414275403824846,1.0414275403824846,0.0,0.0,1.0,0.0012125536435738777
2024-09-24 20:00:00+00:00,20260126_001632_d34452d3_BuyHold_SPY,0.002562096626077024,0.002562096626077024,1.0440957783700024,1.0440957783700024,0.0,0.0,1.0,0.002562096626077024
2024-09-25 20:00:00+00:00,20260126_001632_d34452d3_BuyHold_SPY,-0.0025256581022756884,-0.0025256581022756884,1.0414587494078105,1.0414587494078105,0.0,0.0,1.0,-0.0025256581022756884
2024-09-26 20:00:00+00:00,20260126_001632_d34452d3_BuyHold_SPY,-0.0025160366226693416,-0.0025160366226693416,1.038838401053301,1.038838401053301,0.0,0.0,1.0,-0.0025160366226693416
2024-09-27 20:00:00+00:00,20260126_001632_d34452d3_BuyHold_SPY,-0.0026788502293164664,-0.0026788502293164664,1.0360555085644165,1.0360555085644165,0.0,0.0,1.0,-0.0026788502293164664
2024-09-30 20:00:00+00:00,20260126_001632_d34452d3_BuyHold_SPY,0.00547897997242029,0.00547897997242029,1.0417320359461566,1.0417320359461566,0.0,0.0,1.0,0.00547897997242029
2024-10-01 20:00:00+00:00,20260126_001632_d34452d3_BuyHold_SPY,-0.00294120480480071,-0.00294120480480071,1.0386680886767168,1.0386680886767168,0.0,0.0,1.0,-0.00294120480480071
2024-10-02 20:00:00+00:00,20260126_001632_d34452d3_BuyHold_SPY,0.005942170978176795,0.005942170978176795,1.04484003204921,1.04484003204921,0.0,0.0,1.0,0.005942170978176795
2024-10-03 20:00:00+00:00,20260126_001632_d34452d3_BuyHold_SPY,0.000876432083432078,0.000876432083432078,1.045755763375352,1.045755763375352,0.0,0.0,1.0,0.000876432083432078
2024-10-04 20:00:00+00:00,20260126_001632_d34452d3_BuyHold_SPY,0.0017732701967273692,0.0017732701967273692,1.0476101709036014,1.0476101709036014,0.0,0.0,1.0,0.0017732701967273692
2024-10-07 20:00:00+00:00,20260126_001632_d34452d3_BuyHold_SPY,-0.005757745614071829,-0.005757745614071829,1.0415782980368242,1.0415782980368242,0.0,0.0,1.0,-0.005757745614071829
2024-10-08 20:00:00+00:00,20260126_001632_d34452d3_BuyHold_SPY,0.00944804857431422,0.00944804857431422,1.0514191803906277,1.0514191803906277,0.0,0.0,1.0,0.00944804857431422
2024-10-09 20:00:00+00:00,20260126_001632_d34452d3_BuyHold_SPY,0.006742114174592062,0.006742114174592062,1.0585079685501773,1.0585079685501773,0.0,0.0,1.0,0.006742114174592062
2024-10-10 20:00:00+00:00,20260126_001632_d34452d3_BuyHold_SPY,0.0015514812703103275,0.0015514812703103275,1.060150223837857,1.060150223837857,0.0,0.0,1.0,0.0015514812703103275
2024-10-11 20:00:00+00:00,20260126_001632_d34452d3_BuyHold_SPY,0.004757441363926141,0.004757441363926141,1.065193826364719,1.065193826364719,0.0,0.0,1.0,0.004757441363926141
2024-10-14 20:00:00+00:00,20260126_001632_d34452d3_BuyHold_SPY,0.0038117828359760415,0.0038117828359760415,1.0692541139090437,1.0692541139090437,0.0,0.0,1.0,0.0038117828359760415
2024-10-15 20:00:00+00:00,20260126_001632_d34452d3_BuyHold_SPY,-0.007864924966064892,-0.007864924966064892,1.0608445105334927,1.0608445105334927,0.0,0.0,1.0,-0.007864924966064892
2024-10-16 20:00:00+00:00,20260126_001632_d34452d3_BuyHold_SPY,0.0042627597742720316,0.0042627597742720316,1.065366635839752,1.065366635839752,0.0,0.0,1.0,0.0042627597742720316
2024-10-17 20:00:00+00:00,20260126_001632_d34452d3_BuyHold_SPY,-0.00334128358468557,-0.00334128358468557,1.0618069437877489,1.0618069437877489,0.0,0.0,1.0,-0.00334128358468557
2024-10-18 20:00:00+00:00,20260126_001632_d34452d3_BuyHold_SPY,0.003914444059252338,0.003914444059252338,1.0659633276709315,1.0659633276709315,0.0,0.0,1.0,0.003914444059252338
2024-10-21 20:00:00+00:00,20260126_001632_d34452d3_BuyHold_SPY,-0.0005910782133774911,-0.0005910782133774911,1.0653332599716858,1.0653332599716858,0.0,0.0,1.0,-0.0005910782133774911
2024-10-22 20:00:00+00:00,20260126_001632_d34452d3_BuyHold_SPY,0.004202529442890452,0.004202529442890452,1.0698103543632074,1.0698103543632074,0.0,0.0,1.0,0.004202529442890452
2024-10-23 20:00:00+00:00,20260126_001632_d34452d3_BuyHold_SPY,-0.009107419632287414,-0.009107419632287414,1.0600671425390555,1.0600671425390555,0.0,0.0,1.0,-0.009107419632287414
2024-10-24 20:00:00+00:00,20260126_001632_d34452d3_BuyHold_SPY,0.0020524702624035527,0.0020524702624035527,1.0622428988252681,1.0622428988252681,0.0,0.0,1.0,0.0020524702624035527
2024-10-25 20:00:00+00:00,20260126_001632_d34452d3_BuyHold_SPY,-0.00038561312964677886,-0.00038561312964677886,1.061833284016607,1.061833284016607,0.0,0.0,1.0,-0.00038561312964677886
2024-10-28 20:00:00+00:00,20260126_001632_d34452d3_BuyHold_SPY,0.003045794260511332,0.003045794260511332,1.0650674097386845,1.0650674097386845,0.0,0.0,1.0,0.003045794260511332
2024-10-29 20:00:00+00:00,20260126_001632_d34452d3_BuyHold_SPY,0.004091701664119662,0.004091701664119662,1.069425347831512,1.069425347831512,0.0,0.0,1.0,0.004091701664119662
2024-10-30 20:00:00+00:00,20260126_001632_d34452d3_BuyHold_SPY,0.0002450594281377136,0.0002450594281377136,1.0696874205956877,1.0696874205956877,0.0,0.0,1.0,0.0002450594281377136
2024-10-31 20:00:00+00:00,20260126_001632_d34452d3_BuyHold_SPY,-0.011486930684426654,-0.011486930684426654,1.0573999953413018,1.0573999953413018,0.0,0.0,1.0,-0.011486930684426654
2024-11-01 20:00:00+00:00,20260126_001632_d34452d3_BuyHold_SPY,-0.003070563189220753,-0.003070563189220753,1.0541531818393246,1.0541531818393246,0.0,0.0,1.0,-0.003070563189220753
2024-11-04 21:00:00+00:00,20260126_001632_d34452d3_BuyHold_SPY,-0.002188866134145564,-0.002188866134145564,1.0518457816393947,1.0518457816393947,0.0,0.0,1.0,-0.002188866134145564
2024-11-05 21:00:00+00:00,20260126_001632_d34452d3_BuyHold_SPY,0.0078103309103367624,0.0078103309103367624,1.0600610452606403,1.0600610452606403,0.0,0.0,1.0,0.0078103309103367624
2024-11-06 21:00:00+00:00,20260126_001632_d34452d3_BuyHold_SPY,0.005355848683380752,0.005355848683380752,1.0657385718142025,1.0657385718142025,0.0,0.0,1.0,0.005355848683380752
2024-11-07 21:00:00+00:00,20260126_001632_d34452d3_BuyHold_SPY,0.004302991408208059,0.004302991408208059,1.0703244357321149,1.0703244357321149,0.0,0.0,1.0,0.004302991408208059
2024-11-08 21:00:00+00:00,20260126_001632_d34452d3_BuyHold_SPY,0.0030928210086897828,0.0030928210086897828,1.0736347576330612,1.0736347576330612,0.0,0.0,1.0,0.0030928210086897828
2024-11-11 21:00:00+00:00,20260126_001632_d34452d3_BuyHold_SPY,0.000932764697194412,0.000932764697194412,1.0746362062326622,1.0746362062326622,0.0,0.0,1.0,0.000932764697194412
2024-11-12 21:00:00+00:00,20260126_001632_d34452d3_BuyHold_SPY,-0.0035308733147018643,-0.0035308733147018643,1.0708418019290629,1.0708418019290629,0.0,0.0,1.0,-0.0035308733147018643
2024-11-13 21:00:00+00:00,20260126_001632_d34452d3_BuyHold_SPY,-0.0008324909798744897,-0.0008324909798744897,1.0699503357880844,1.0699503357880844,0.0,0.0,1.0,-0.0008324909798744897
2024-11-14 21:00:00+00:00,20260126_001632_d34452d3_BuyHold_SPY,-0.006377050665785183,-0.006377050665785183,1.06312720828689,1.06312720828689,0.0,0.0,1.0,-0.006377050665785183
2024-11-15 21:00:00+00:00,20260126_001632_d34452d3_BuyHold_SPY,-0.005995439323008508,-0.005995439323008508,1.0567532936169663,1.0567532936169663,0.0,0.0,1.0,-0.005995439323008508
2024-11-18 21:00:00+00:00,20260126_001632_d34452d3_BuyHold_SPY,0.003526608778972621,0.003526608778972621,1.0604800490594444,1.0604800490594444,0.0,0.0,1.0,0.003526608778972621
2024-11-19 21:00:00+00:00,20260126_001632_d34452d3_BuyHold_SPY,0.007717646365813659,0.007717646365813659,1.0686644590560859,1.0686644590560859,0.0,0.0,1.0,0.007717646365813659
2024-11-20 21:00:00+00:00,20260126_001632_d34452d3_BuyHold_SPY,0.0004986459287430225,0.0004986459287430225,1.0691973442377867,1.0691973442377867,0.0,0.0,1.0,0.0004986459287430225
2024-11-21 21:00:00+00:00,20260126_001632_d34452d3_BuyHold_SPY,0.005366171787206792,0.005366171787206792,1.074934840861392,1.074934840861392,0.0,0.0,1.0,0.005366171787206792
2024-11-22 21:00:00+00:00,20260126_001632_d34452d3_BuyHold_SPY,-0.00023861060566917892,-0.00023861060566917892,1.074678350007959,1.074678350007959,0.0,0.0,1.0,-0.00023861060566917892
2024-11-25 21:00:00+00:00,20260126_001632_d34452d3_BuyHold_SPY,0.0033353784920056033,0.0033353784920056033,1.0782628090623998,1.0782628090623998,0.0,0.0,1.0,0.0033353784920056033
2024-11-26 21:00:00+00:00,20260126_001632_d34452d3_BuyHold_SPY,0.003283519359221207,0.003283519359221207,1.0818033058702843,1.0818033058702843,0.0,0.0,1.0,0.003283519359221207
2024-11-27 21:00:00+00:00,20260126_001632_d34452d3_BuyHold_SPY,-0.003148702493094224,-0.003148702493094224,1.078397029104053,1.078397029104053,0.0,0.0,1.0,-0.003148702493094224
2024-11-29 21:00:00+00:00,20260126_001632_d34452d3_BuyHold_SPY,0.00361200115893549,0.00361200115893549,1.0822922004229696,1.0822922004229696,0.0,0.0,1.0,0.00361200115893549
2024-12-02 21:00:00+00:00,20260126_001632_d34452d3_BuyHold_SPY,0.00127875103656699,0.00127875103656699,1.083676182696129,1.083676182696129,0.0,0.0,1.0,0.00127875103656699
2024-12-03 21:00:00+00:00,20260126_001632_d34452d3_BuyHold_SPY,0.0016150200340890356,0.0016150200340890356,1.0854263414416483,1.0854263414416483,0.0,0.0,1.0,0.0016150200340890356
2024-12-04 21:00:00+00:00,20260126_001632_d34452d3_BuyHold_SPY,0.003179120890562157,0.003179120890562157,1.0888770429988919,1.0888770429988919,0.0,0.0,1.0,0.003179120890562157
2024-12-05 21:00:00+00:00,20260126_001632_d34452d3_BuyHold_SPY,-0.0015548072580234178,-0.0015548072580234178,1.087184049069342,1.087184049069342,0.0,0.0,1.0,-0.0015548072580234178
2024-12-06 21:00:00+00:00,20260126_001632_d34452d3_BuyHold_SPY,-0.00046744575141639404,-0.00046744575141639404,1.086675849504597,1.086675849504597,0.0,0.0,1.0,-0.00046744575141639404
2024-12-09 21:00:00+00:00,20260126_001632_d34452d3_BuyHold_SPY,-0.004388763786677863,-0.004388763786677863,1.0819066858884339,1.0819066858884339,0.0,0.0,1.0,-0.004388763786677863
2024-12-10 21:00:00+00:00,20260126_001632_d34452d3_BuyHold_SPY,-0.003294508215730154,-0.003294508215730154,1.078342335423121,1.078342335423121,0.0,0.0,1.0,-0.003294508215730154
2024-12-11 21:00:00+00:00,20260126_001632_d34452d3_BuyHold_SPY,0.0025762000263028374,0.0025762000263028374,1.0811203609760014,1.0811203609760014,0.0,0.0,1.0,0.0025762000263028374
2024-12-12 21:00:00+00:00,20260126_001632_d34452d3_BuyHold_SPY,-0.0033031275578932367,-0.0033031275578932367,1.0775492825182622,1.0775492825182622,0.0,0.0,1.0,-0.0033031275578932367
2024-12-13 21:00:00+00:00,20260126_001632_d34452d3_BuyHold_SPY,-0.004157382817278204,-0.004157382817278204,1.0730694976463504,1.0730694976463504,0.0,0.0,1.0,-0.004157382817278204
2024-12-16 21:00:00+00:00,20260126_001632_d34452d3_BuyHold_SPY,0.001858440951784054,0.001858440951784054,1.0750637339448867,1.0750637339448867,0.0,0.0,1.0,0.001858440951784054
2024-12-17 21:00:00+00:00,20260126_001632_d34452d3_BuyHold_SPY,-0.0005710063301729428,-0.0005710063301729428,1.0744498657474648,1.0744498657474648,0.0,0.0,1.0,-0.0005710063301729428
2024-12-18 21:00:00+00:00,20260126_001632_d34452d3_BuyHold_SPY,-0.029288691127081847,-0.029288691127081847,1.0429806354980526,1.0429806354980526,0.0,0.0,1.0,-0.029288691127081847
2024-12-19 21:00:00+00:00,20260126_001632_d34452d3_BuyHold_SPY,-0.008484564935814322,-0.008484564935814322,1.0341313985693725,1.0341313985693725,0.0,0.0,1.0,-0.008484564935814322
2024-12-20 21:00:00+00:00,20260126_001632_d34452d3_BuyHold_SPY,0.01382589945383861,0.01382589945383861,1.0484291953080502,1.0484291953080502,0.0,0.0,1.0,0.01382589945383861
2024-12-23 21:00:00+00:00,20260126_001632_d34452d3_BuyHold_SPY,0.003783948269902048,0.003783948269902048,1.0523963971477508,1.0523963971477508,0.0,0.0,1.0,0.003783948269902048
2024-12-24 21:00:00+00:00,20260126_001632_d34452d3_BuyHold_SPY,0.007280130122751884,0.007280130122751884,1.0600579798597016,1.0600579798597016,0.0,0.0,1.0,0.007280130122751884
2024-12-26 21:00:00+00:00,20260126_001632_d34452d3_BuyHold_SPY,0.0022407745941792024,0.0022407745941792024,1.0624333308493283,1.0624333308493283,0.0,0.0,1.0,0.0022407745941792024
2024-12-27 21:00:00+00:00,20260126_001632_d34452d3_BuyHold_SPY,-0.0026321390700688794,-0.0026321390700688794,1.0596368585698563,1.0596368585698563,0.0,0.0,1.0,-0.0026321390700688794
2024-12-30 21:00:00+00:00,20260126_001632_d34452d3_BuyHold_SPY,0.003859944136299533,0.003859944136299533,1.0637269976487,1.0637269976487,0.0,0.0,1.0,0.003859944136299533
2024-12-31 21:00:00+00:00,20260126_001632_d34452d3_BuyHold_SPY,-0.00519973623342433,-0.00519973623342433,1.0581958978365544,1.0581958978365544,0.0,0.0,1.0,-0.00519973623342433
2025-01-02 21:00:00+00:00,20260126_001632_d34452d3_BuyHold_SPY,-0.0024888963191184955,-0.0024888963191184955,1.0555621579615226,1.0555621579615226,0.0,0.0,1.0,-0.0024888963191184955
2025-01-03 21:00:00+00:00,20260126_001632_d34452d3_BuyHold_SPY,0.012451362131146282,0.012451362131146282,1.0687053446422359,1.0687053446422359,0.0,0.0,1.0,0.012451362131146282
2025-01-06 21:00:00+00:00,20260126_001632_d34452d3_BuyHold_SPY,0.0058622209087714735,0.0058622209087714735,1.0749703314589134,1.0749703314589134,0.0,0.0,1.0,0.0058622209087714735
2025-01-07 21:00:00+00:00,20260126_001632_d34452d3_BuyHold_SPY,-0.011294921222689363,-0.011294921222689363,1.0628286262483566,1.0628286262483566,0.0,0.0,1.0,-0.011294921222689363
2025-01-08 21:00:00+00:00,20260126_001632_d34452d3_BuyHold_SPY,0.0032325761496191856,0.0032325761496191856,1.0662643007166996,1.0662643007166996,0.0,0.0,1.0,0.0032325761496191856
2025-01-10 21:00:00+00:00,20260126_001632_d34452d3_BuyHold_SPY,-0.01513490045936475,-0.01513490045936475,1.0501264966619783,1.0501264966619783,0.0,0.0,1.0,-0.01513490045936475
2025-01-13 21:00:00+00:00,20260126_001632_d34452d3_BuyHold_SPY,0.007878802166269521,0.007878802166269521,1.0584002355787356,1.0584002355787356,0.0,0.0,1.0,0.007878802166269521
2025-01-14 21:00:00+00:00,20260126_001632_d34452d3_BuyHold_SPY,0.0013563568253965783,0.0013563568253965783,1.0598358039622642,1.0598358039622642,0.0,0.0,1.0,0.0013563568253965783
2025-01-15 21:00:00+00:00,20260126_001632_d34452d3_BuyHold_SPY,0.017962337678168832,0.017962337678168832,1.078872932556448,1.078872932556448,0.0,0.0,1.0,0.017962337678168832
2025-01-16 21:00:00+00:00,20260126_001632_d34452d3_BuyHold_SPY,-0.0024079730875909205,-0.0024079730875909205,1.0762750355699218,1.0762750355699218,0.0,0.0,1.0,-0.0024079730875909205
2025-01-17 21:00:00+00:00,20260126_001632_d34452d3_BuyHold_SPY,0.0025594752643347705,0.0025594752643347705,1.079029734901084,1.079029734901084,0.0,0.0,1.0,0.0025594752643347705
2025-01-21 21:00:00+00:00,20260126_001632_d34452d3_BuyHold_SPY,0.004608380592953756,0.004608380592953756,1.0840023145906221,1.0840023145906221,0.0,0.0,1.0,0.004608380592953756
2025-01-22 21:00:00+00:00,20260126_001632_d34452d3_BuyHold_SPY,0.0009348447336256746,0.0009348447336256746,1.0850156884456552,1.0850156884456552,0.0,0.0,1.0,0.0009348447336256746
2025-01-23 21:00:00+00:00,20260126_001632_d34452d3_BuyHold_SPY,0.005675166888233849,0.005675166888233849,1.0911733335539362,1.0911733335539362,0.0,0.0,1.0,0.005675166888233849
2025-01-24 21:00:00+00:00,20260126_001632_d34452d3_BuyHold_SPY,-0.0037706746336364093,-0.0037706746336364093,1.0870588739442038,1.0870588739442038,0.0,0.0,1.0,-0.0037706746336364093
2025-01-27 21:00:00+00:00,20260126_001632_d34452d3_BuyHold_SPY,0.0032454938138177635,0.0032454938138177635,1.0905869167948454,1.0905869167948454,0.0,0.0,1.0,0.0032454938138177635
2025-01-28 21:00:00+00:00,20260126_001632_d34452d3_BuyHold_SPY,0.010244767500823461,0.010244767500823461,1.1017597261968486,1.1017597261968486,0.0,0.0,1.0,0.010244767500823461
2025-01-29 21:00:00+00:00,20260126_001632_d34452d3_BuyHold_SPY,-0.004428200063687071,-0.004428200063687071,1.0968809137071358,1.0968809137071358,0.0,0.0,1.0,-0.004428200063687071
2025-01-30 21:00:00+00:00,20260126_001632_d34452d3_BuyHold_SPY,0.0005856711540301801,0.0005856711540301801,1.0975233252177004,1.0975233252177004,0.0,0.0,1.0,0.0005856711540301801
2025-01-31 21:00:00+00:00,20260126_001632_d34452d3_BuyHold_SPY,-0.009836803087600758,-0.009836803087600758,1.086727204383485,1.086727204383485,0.0,0.0,1.0,-0.009836803087600758
2025-02-03 21:00:00+00:00,20260126_001632_d34452d3_BuyHold_SPY,0.007322181790560658,0.007322181790560658,1.0946844185307287,1.0946844185307287,0.0,0.0,1.0,0.007322181790560658
2025-02-04 21:00:00+00:00,20260126_001632_d34452d3_BuyHold_SPY,0.005817352065913096,0.005817352065913096,1.1010525831943914,1.1010525831943914,0.0,0.0,1.0,0.005817352065913096
2025-02-05 21:00:00+00:00,20260126_001632_d34452d3_BuyHold_SPY,0.005373197378887511,0.005373197378887511,1.1069687560484287,1.1069687560484287,0.0,0.0,1.0,0.005373197378887511
2025-02-06 21:00:00+00:00,20260126_001632_d34452d3_BuyHold_SPY,0.003460471368662465,0.003460471368662465,1.1107993897347384,1.1107993897347384,0.0,0.0,1.0,0.003460471368662465
2025-02-07 21:00:00+00:00,20260126_001632_d34452d3_BuyHold_SPY,-0.011152158448695874,-0.011152158448695874,1.0984115789357018,1.0984115789357018,0.0,0.0,1.0,-0.011152158448695874
2025-02-10 21:00:00+00:00,20260126_001632_d34452d3_BuyHold_SPY,0.0027972983290964733,0.0027972983290964733,1.101484163810119,1.101484163810119,0.0,0.0,1.0,0.0027972983290964733
2025-02-11 21:00:00+00:00,20260126_001632_d34452d3_BuyHold_SPY,0.0006521357676751591,0.0006521357676751591,1.1022024810308673,1.1022024810308673,0.0,0.0,1.0,0.0006521357676751591
2025-02-12 21:00:00+00:00,20260126_001632_d34452d3_BuyHold_SPY,-0.0032313992606500747,-0.0032313992606500747,1.0986408247485775,1.0986408247485775,0.0,0.0,1.0,-0.0032313992606500747
2025-02-13 21:00:00+00:00,20260126_001632_d34452d3_BuyHold_SPY,0.008599336385055851,0.008599336385055851,1.1080884067669456,1.1080884067669456,0.0,0.0,1.0,0.008599336385055851
2025-02-14 21:00:00+00:00,20260126_001632_d34452d3_BuyHold_SPY,-0.0012771499733174605,-0.0012771499733174605,1.1066732116878097,1.1066732116878097,0.0,0.0,1.0,-0.0012771499733174605
2025-02-18 21:00:00+00:00,20260126_001632_d34452d3_BuyHold_SPY,0.0019380653578698285,0.0019380653578698285,1.1088180167018644,1.1088180167018644,0.0,0.0,1.0,0.0019380653578698285
2025-02-19 21:00:00+00:00,20260126_001632_d34452d3_BuyHold_SPY,0.004748401996253309,0.004748401996253309,1.1140831303858532,1.1140831303858532,0.0,0.0,1.0,0.004748401996253309
2025-02-20 21:00:00+00:00,20260126_001632_d34452d3_BuyHold_SPY,-0.004134971157921727,-0.004134971157921727,1.1094764287741805,1.1094764287741805,0.0,0.0,1.0,-0.004134971157921727
2025-02-21 21:00:00+00:00,20260126_001632_d34452d3_BuyHold_SPY,-0.015210500320450208,-0.015210500320450208,1.092600737198779,1.092600737198779,0.0,0.0,1.0,-0.015210500320450208
2025-02-24 21:00:00+00:00,20260126_001632_d34452d3_BuyHold_SPY,-0.004681474507961693,-0.004681474507961693,1.0874857547002026,1.0874857547002026,0.0,0.0,1.0,-0.004681474507961693
2025-02-25 21:00:00+00:00,20260126_001632_d34452d3_BuyHold_SPY,-0.0034322254782934315,-0.0034322254782934315,1.0837532583856393,1.0837532583856393,0.0,0.0,1.0,-0.0034322254782934315
2025-02-26 21:00:00+00:00,20260126_001632_d34452d3_BuyHold_SPY,0.00013615399037333463,0.00013615399037333463,1.0839008157163486,1.0839008157163486,0.0,0.0,1.0,0.00013615399037333463
2025-02-27 21:00:00+00:00,20260126_001632_d34452d3_BuyHold_SPY,-0.017740230601417287,-0.017740230601417287,1.0646721652964763,1.0646721652964763,0.0,0.0,1.0,-0.017740230601417287
2025-02-28 21:00:00+00:00,20260126_001632_d34452d3_BuyHold_SPY,0.01346284664797142,0.01346284664797142,1.0790056833882264,1.0790056833882264,0.0,0.0,1.0,0.01346284664797142
2025-03-03 21:00:00+00:00,20260126_001632_d34452d3_BuyHold_SPY,-0.018487734004685608,-0.018487734004685608,1.059057313324201,1.059057313324201,0.0,0.0,1.0,-0.018487734004685608
2025-03-04 21:00:00+00:00,20260126_001632_d34452d3_BuyHold_SPY,-0.002749636136089929,-0.002749636136089929,1.0561452910652944,1.0561452910652944,0.0,0.0,1.0,-0.002749636136089929
2025-03-05 21:00:00+00:00,20260126_001632_d34452d3_BuyHold_SPY,0.007752044325630719,0.007752044325630719,1.0643325761759388,1.0643325761759388,0.0,0.0,1.0,0.007752044325630719
2025-03-06 21:00:00+00:00,20260126_001632_d34452d3_BuyHold_SPY,-0.017805559824315958,-0.017805559824315958,1.0453815388178698,1.0453815388178698,0.0,0.0,1.0,-0.017805559824315958
2025-03-07 21:00:00+00:00,20260126_001632_d34452d3_BuyHold_SPY,0.0033441903911604932,0.0033441903911604932,1.0488774937150809,1.0488774937150809,0.0,0.0,1.0,0.0033441903911604932
2025-03-10 20:00:00+00:00,20260126_001632_d34452d3_BuyHold_SPY,-0.008461672905836935,-0.008461672905836935,1.0400022354449698,1.0400022354449698,0.0,0.0,1.0,-0.008461672905836935
2025-03-11 20:00:00+00:00,20260126_001632_d34452d3_BuyHold_SPY,-0.008767219146155487,-0.008767219146155487,1.0308843079343322,1.0308843079343322,0.0,0.0,1.0,-0.008767219146155487
2025-03-12 20:00:00+00:00,20260126_001632_d34452d3_BuyHold_SPY,-0.003036384700153557,-0.003036384700153557,1.027754146594092,1.027754146594092,0.0,0.0,1.0,-0.003036384700153557
2025-03-13 20:00:00+00:00,20260126_001632_d34452d3_BuyHold_SPY,-0.013173548623873639,-0.013173548623873639,1.0142149773705469,1.0142149773705469,0.0,0.0,1.0,-0.013173548623873639
2025-03-14 20:00:00+00:00,20260126_001632_d34452d3_BuyHold_SPY,0.008448771214491866,0.008448771214491866,1.0227838476766618,1.0227838476766618,0.0,0.0,1.0,0.008448771214491866
2025-03-17 20:00:00+00:00,20260126_001632_d34452d3_BuyHold_SPY,0.007504087222550382,0.007504087222550382,1.0304589068794432,1.0304589068794432,0.0,0.0,1.0,0.007504087222550382
2025-03-18 20:00:00+00:00,20260126_001632_d34452d3_BuyHold_SPY,-0.0018560403205477233,-0.0018560403205477233,1.0285463335996075,1.0285463335996075,0.0,0.0,1.0,-0.0018560403205477233
2025-03-19 20:00:00+00:00,20260126_001632_d34452d3_BuyHold_SPY,0.009033614630331704,0.009033614630331704,1.037837824806787,1.037837824806787,0.0,0.0,1.0,0.009033614630331704
2025-03-20 20:00:00+00:00,20260126_001632_d34452d3_BuyHold_SPY,-0.0023223004774118273,-0.0023223004774118273,1.0354276535307623,1.0354276535307623,0.0,0.0,1.0,-0.0023223004774118273
2025-03-21 20:00:00+00:00,20260126_001632_d34452d3_BuyHold_SPY,0.008132096407754624,0.008132096407754624,1.0438478510325297,1.0438478510325297,0.0,0.0,1.0,0.008132096407754624
2025-03-24 20:00:00+00:00,20260126_001632_d34452d3_BuyHold_SPY,0.017299261610316193,0.017299261610316193,1.061905648088908,1.061905648088908,0.0,0.0,1.0,0.017299261610316193
2025-03-25 20:00:00+00:00,20260126_001632_d34452d3_BuyHold_SPY,0.0012102822837939252,0.0012102822837939252,1.0631908536818506,1.0631908536818506,0.0,0.0,1.0,0.0012102822837939252
2025-03-26 20:00:00+00:00,20260126_001632_d34452d3_BuyHold_SPY,-0.01163705917459341,-0.01163705917459341,1.0508184388036683,1.0508184388036683,0.0,0.0,1.0,-0.01163705917459341
2025-03-27 20:00:00+00:00,20260126_001632_d34452d3_BuyHold_SPY,0.002618385400911779,0.002618385400911779,1.0535698864628409,1.0535698864628409,0.0,0.0,1.0,0.002618385400911779
2025-03-28 20:00:00+00:00,20260126_001632_d34452d3_BuyHold_SPY,-0.01661499695560161,-0.01661499695560161,1.0360648260067473,1.0360648260067473,0.0,0.0,1.0,-0.01661499695560161
2025-03-31 20:00:00+00:00,20260126_001632_d34452d3_BuyHold_SPY,0.021346247499644266,0.021346247499644266,1.0581809222083631,1.0581809222083631,0.0,0.0,1.0,0.021346247499644266
2025-04-01 20:00:00+00:00,20260126_001632_d34452d3_BuyHold_SPY,0.0074883739348846545,0.0074883739348846545,1.0661049766446202,1.0661049766446202,0.0,0.0,1.0,0.0074883739348846545
2025-04-02 20:00:00+00:00,20260126_001632_d34452d3_BuyHold_SPY,0.006272197187005097,0.006272197187005097,1.0727917972801826,1.0727917972801826,0.0,0.0,1.0,0.006272197187005097
2025-04-03 20:00:00+00:00,20260126_001632_d34452d3_BuyHold_SPY,-0.01669916775763231,-0.01669916775763231,1.054877067088389,1.054877067088389,0.0,0.0,1.0,-0.01669916775763231
2025-04-04 20:00:00+00:00,20260126_001632_d34452d3_BuyHold_SPY,-0.027800866427145444,-0.027800866427145444,1.0255505706492056,1.0255505706492056,0.0,0.0,1.0,-0.027800866427145444
2025-04-07 20:00:00+00:00,20260126_001632_d34452d3_BuyHold_SPY,0.04164631957269496,0.04164631957269496,1.0682609774524223,1.0682609774524223,0.0,0.0,1.0,0.04164631957269496
2025-04-08 20:00:00+00:00,20260126_001632_d34452d3_BuyHold_SPY,-0.045638843563678144,-0.045638843563678144,1.0195067818172894,1.0195067818172894,0.0,0.0,1.0,-0.045638843563678144
2025-04-09 20:00:00+00:00,20260126_001632_d34452d3_BuyHold_SPY,0.04493609763199369,0.04493609763199369,1.0653194381015108,1.0653194381015108,0.0,0.0,1.0,0.04493609763199369
2025-04-10 20:00:00+00:00,20260126_001632_d34452d3_BuyHold_SPY,-0.010271606457105478,-0.010271606457105478,1.0543768960822273,1.0543768960822273,0.0,0.0,1.0,-0.010271606457105478
2025-04-11 20:00:00+00:00,20260126_001632_d34452d3_BuyHold_SPY,0.016224291899095203,0.016224291899095203,1.0714834146159273,1.0714834146159273,0.0,0.0,1.0,0.016224291899095203
2025-04-14 20:00:00+00:00,20260126_001632_d34452d3_BuyHold_SPY,0.009269161546723075,0.009269161546723075,1.081415167480637,1.081415167480637,0.0,0.0,1.0,0.009269161546723075
2025-04-15 20:00:00+00:00,20260126_001632_d34452d3_BuyHold_SPY,-0.0076253499973987,-0.0076253499973987,1.0731689983361015,1.0731689983361015,0.0,0.0,1.0,-0.0076253499973987
2025-04-16 20:00:00+00:00,20260126_001632_d34452d3_BuyHold_SPY,-0.0224059153546738,-0.0224059153546738,1.0491236645981226,1.0491236645981226,0.0,0.0,1.0,-0.0224059153546738
2025-04-17 20:00:00+00:00,20260126_001632_d34452d3_BuyHold_SPY,0.0011505053904685891,0.0011505053904685891,1.0503306870295108,1.0503306870295108,0.0,0.0,1.0,0.0011505053904685891
2025-04-21 20:00:00+00:00,20260126_001632_d34452d3_BuyHold_SPY,-0.010736209627825882,-0.010736209627825882,1.0390541165950236,1.0390541165950236,0.0,0.0,1.0,-0.010736209627825882
2025-04-22 20:00:00+00:00,20260126_001632_d34452d3_BuyHold_SPY,0.01062242986658541,0.01062242986658541,1.0500913960761409,1.0500913960761409,0.0,0.0,1.0,0.01062242986658541
2025-04-23 20:00:00+00:00,20260126_001632_d34452d3_BuyHold_SPY,-0.013773446027581904,-0.013773446027581904,1.035628018908258,1.035628018908258,0.0,0.0,1.0,-0.013773446027581904
2025-04-24 20:00:00+00:00,20260126_001632_d34452d3_BuyHold_SPY,0.020608134928623026,0.020608134928623026,1.0569703808577822,1.0569703808577822,0.0,0.0,1.0,0.020608134928623026
2025-04-25 20:00:00+00:00,20260126_001632_d34452d3_BuyHold_SPY,0.00750320749828704,0.00750320749828704,1.0649010489449016,1.0649010489449016,0.0,0.0,1.0,0.00750320749828704
2025-04-28 20:00:00+00:00,20260126_001632_d34452d3_BuyHold_SPY,-0.0036176316586223724,-0.0036176316586223724,1.0610486291969383,1.0610486291969383,0.0,0.0,1.0,-0.0036176316586223724
2025-04-29 20:00:00+00:00,20260126_001632_d34452d3_BuyHold_SPY,0.005457960886242894,0.005457960886242894,1.0668397911134968,1.0668397911134968,0.0,0.0,1.0,0.005457960886242894
2025-04-30 20:00:00+00:00,20260126_001632_d34452d3_BuyHold_SPY,0.018986574377072643,0.018986574377072643,1.0870954241558939,1.0870954241558939,0.0,0.0,1.0,0.018986574377072643
2025-05-01 20:00:00+00:00,20260126_001632_d34452d3_BuyHold_SPY,0.007888693038739951,0.007888693038739951,1.0956711862608783,1.0956711862608783,0.0,0.0,1.0,0.007888693038739951
2025-05-02 20:00:00+00:00,20260126_001632_d34452d3_BuyHold_SPY,0.003370519200817962,0.003370519200817962,1.0993641670319536,1.0993641670319536,0.0,0.0,1.0,0.003370519200817962
2025-05-05 20:00:00+00:00,20260126_001632_d34452d3_BuyHold_SPY,0.0017914088843623626,0.0017914088843623626,1.1013335777679243,1.1013335777679243,0.0,0.0,1.0,0.0017914088843623626
2025-05-06 20:00:00+00:00,20260126_001632_d34452d3_BuyHold_SPY,-0.000830100201054278,-0.000830100201054278,1.1004193605435915,1.1004193605435915,0.0,0.0,1.0,-0.000830100201054278
2025-05-07 20:00:00+00:00,20260126_001632_d34452d3_BuyHold_SPY,0.004395294751085193,0.004395294751085193,1.1052560279829813,1.1052560279829813,0.0,0.0,1.0,0.004395294751085193
2025-05-08 20:00:00+00:00,20260126_001632_d34452d3_BuyHold_SPY,0.0003749966562098356,0.0003749966562098356,1.1056704952977308,1.1056704952977308,0.0,0.0,1.0,0.0003749966562098356
2025-05-09 20:00:00+00:00,20260126_001632_d34452d3_BuyHold_SPY,-0.0014650708355780696,-0.0014650708355780696,1.1040506097013107,1.1040506097013107,0.0,0.0,1.0,-0.0014650708355780696
2025-05-12 20:00:00+00:00,20260126_001632_d34452d3_BuyHold_SPY,0.007067412661888364,0.007067412661888364,1.1118533909596793,1.1118533909596793,0.0,0.0,1.0,0.007067412661888364
2025-05-13 20:00:00+00:00,20260126_001632_d34452d3_BuyHold_SPY,0.00406525631780095,0.00406525631780095,1.1163733599817465,1.1163733599817465,0.0,0.0,1.0,0.00406525631780095
2025-05-14 20:00:00+00:00,20260126_001632_d34452d3_BuyHold_SPY,-0.0003605119308405563,-0.0003605119308405563,1.1159708940662005,1.1159708940662005,0.0,0.0,1.0,-0.0003605119308405563
2025-05-15 20:00:00+00:00,20260126_001632_d34452d3_BuyHold_SPY,0.005018293867440809,0.005018293867440809,1.1215711639601353,1.1215711639601353,0.0,0.0,1.0,0.005018293867440809
2025-05-16 20:00:00+00:00,20260126_001632_d34452d3_BuyHold_SPY,0.006709834438304405,0.006709834438304405,1.129096720781084,1.129096720781084,0.0,0.0,1.0,0.006709834438304405
2025-05-19 20:00:00+00:00,20260126_001632_d34452d3_BuyHold_SPY,0.007574053074809913,0.007574053074809913,1.1376485592708738,1.1376485592708738,0.0,0.0,1.0,0.007574053074809913
2025-05-20 20:00:00+00:00,20260126_001632_d34452d3_BuyHold_SPY,-0.00011908508643513615,-0.00011908508643513615,1.1375130822938604,1.1375130822938604,0.0,0.0,1.0,-0.00011908508643513615
2025-05-21 20:00:00+00:00,20260126_001632_d34452d3_BuyHold_SPY,-0.016865368487039088,-0.016865368487039088,1.1183285050021468,1.1183285050021468,0.0,0.0,1.0,-0.016865368487039088
2025-05-22 20:00:00+00:00,20260126_001632_d34452d3_BuyHold_SPY,0.0009692606685154531,0.0009692606685154531,1.119412456836525,1.119412456836525,0.0,0.0,1.0,0.0009692606685154531
2025-05-23 20:00:00+00:00,20260126_001632_d34452d3_BuyHold_SPY,0.003401690168022172,0.003401690168022172,1.1232203511849073,1.1232203511849073,0.0,0.0,1.0,0.003401690168022172
2025-05-27 20:00:00+00:00,20260126_001632_d34452d3_BuyHold_SPY,0.009344179912582722,0.009344179912582722,1.1337159242278534,1.1337159242278534,0.0,0.0,1.0,0.009344179912582722
2025-05-28 20:00:00+00:00,20260126_001632_d34452d3_BuyHold_SPY,-0.007879776518422938,-0.007879776518422938,1.1247824961095605,1.1247824961095605,0.0,0.0,1.0,-0.007879776518422938
2025-05-29 20:00:00+00:00,20260126_001632_d34452d3_BuyHold_SPY,0.003665580233588496,0.003665580233588496,1.128905476594386,1.128905476594386,0.0,0.0,1.0,0.003665580233588496
2025-05-30 20:00:00+00:00,20260126_001632_d34452d3_BuyHold_SPY,0.0027595681050829597,0.0027595681050829597,1.1320207681412493,1.1320207681412493,0.0,0.0,1.0,0.0027595681050829597
2025-06-02 20:00:00+00:00,20260126_001632_d34452d3_BuyHold_SPY,0.005990443473212881,0.005990443473212881,1.1388020745633025,1.1388020745633025,0.0,0.0,1.0,0.005990443473212881
2025-06-03 20:00:00+00:00,20260126_001632_d34452d3_BuyHold_SPY,0.005157186519747591,0.005157186519747591,1.1446750892709008,1.1446750892709008,0.0,0.0,1.0,0.005157186519747591
2025-06-04 20:00:00+00:00,20260126_001632_d34452d3_BuyHold_SPY,-0.002349780049818176,-0.002349780049818176,1.1419853545826082,1.1419853545826082,0.0,0.0,1.0,-0.002349780049818176
2025-06-05 20:00:00+00:00,20260126_001632_d34452d3_BuyHold_SPY,-0.0046830545746709504,-0.0046830545746709504,1.136637374843623,1.136637374843623,0.0,0.0,1.0,-0.0046830545746709504
2025-06-06 20:00:00+00:00,20260126_001632_d34452d3_BuyHold_SPY,-0.0024220417532114405,-0.0024220417532114405,1.133884391663491,1.133884391663491,0.0,0.0,1.0,-0.0024220417532114405
2025-06-09 20:00:00+00:00,20260126_001632_d34452d3_BuyHold_SPY,0.00045444218005438936,0.00045444218005438936,1.1343996765583682,1.1343996765583682,0.0,0.0,1.0,0.00045444218005438936
2025-06-10 20:00:00+00:00,20260126_001632_d34452d3_BuyHold_SPY,0.00610647940917813,0.00610647940917813,1.14132686482505,1.14132686482505,0.0,0.0,1.0,0.00610647940917813
2025-06-11 20:00:00+00:00,20260126_001632_d34452d3_BuyHold_SPY,-0.0026790813385296096,-0.0026790813385296096,1.1382691573203347,1.1382691573203347,0.0,0.0,1.0,-0.0026790813385296096
2025-06-12 20:00:00+00:00,20260126_001632_d34452d3_BuyHold_SPY,0.005041675601193571,0.005041675601193571,1.1440079411583877,1.1440079411583877,0.0,0.0,1.0,0.005041675601193571
2025-06-13 20:00:00+00:00,20260126_001632_d34452d3_BuyHold_SPY,-0.004788651300932753,-0.004788651300932753,1.1385296860426821,1.1385296860426821,0.0,0.0,1.0,-0.004788651300932753
2025-06-16 20:00:00+00:00,20260126_001632_d34452d3_BuyHold_SPY,0.009872512218243057,0.009872512218243057,1.1497698342789708,1.1497698342789708,0.0,0.0,1.0,0.009872512218243057
2025-06-17 20:00:00+00:00,20260126_001632_d34452d3_BuyHold_SPY,-0.003958666636757578,-0.003958666636757578,1.1452182787960603,1.1452182787960603,0.0,0.0,1.0,-0.003958666636757578
2025-06-18 20:00:00+00:00,20260126_001632_d34452d3_BuyHold_SPY,-0.00013503933041031423,-0.00013503933041031423,1.145063629286518,1.145063629286518,0.0,0.0,1.0,-0.00013503933041031423
2025-06-20 20:00:00+00:00,20260126_001632_d34452d3_BuyHold_SPY,-0.00265384413567518,-0.00265384413567518,1.142024808888961,1.142024808888961,0.0,0.0,1.0,-0.00265384413567518
2025-06-23 20:00:00+00:00,20260126_001632_d34452d3_BuyHold_SPY,0.009886479569990902,0.009886479569990902,1.1533154138304644,1.1533154138304644,0.0,0.0,1.0,0.009886479569990902
2025-06-24 20:00:00+00:00,20260126_001632_d34452d3_BuyHold_SPY,0.002888256439800374,0.002888256439800374,1.1566464845015811,1.1566464845015811,0.0,0.0,1.0,0.002888256439800374
2025-06-25 20:00:00+00:00,20260126_001632_d34452d3_BuyHold_SPY,-0.001787192267855472,-0.001787192267855472,1.1545793348478377,1.1545793348478377,0.0,0.0,1.0,-0.001787192267855472
2025-06-26 20:00:00+00:00,20260126_001632_d34452d3_BuyHold_SPY,0.004348405850405687,0.004348405850405687,1.1595999143822475,1.1595999143822475,0.0,0.0,1.0,0.004348405850405687
2025-06-27 20:00:00+00:00,20260126_001632_d34452d3_BuyHold_SPY,0.004771322146656528,0.004771322146656528,1.1651327391350006,1.1651327391350006,0.0,0.0,1.0,0.004771322146656528
2025-06-30 20:00:00+00:00,20260126_001632_d34452d3_BuyHold_SPY,0.0023141368170892544,0.0023141368170892544,1.167829015703429,1.167829015703429,0.0,0.0,1.0,0.0023141368170892544
2025-07-01 20:00:00+00:00,20260126_001632_d34452d3_BuyHold_SPY,-0.0003093278655809939,-0.0003093278655809939,1.167467773646638,1.167467773646638,0.0,0.0,1.0,-0.0003093278655809939
2025-07-02 20:00:00+00:00,20260126_001632_d34452d3_BuyHold_SPY,0.005314709190309602,0.005314709190309602,1.1736725253526281,1.1736725253526281,0.0,0.0,1.0,0.005314709190309602
2025-07-03 20:00:00+00:00,20260126_001632_d34452d3_BuyHold_SPY,0.0031083685168650727,0.0031083685168650727,1.1773207320795438,1.1773207320795438,0.0,0.0,1.0,0.0031083685168650727
2025-07-07 20:00:00+00:00,20260126_001632_d34452d3_BuyHold_SPY,-0.003927690381884485,-0.003927690381884485,1.1726965807637617,1.1726965807637617,0.0,0.0,1.0,-0.003927690381884485
2025-07-08 20:00:00+00:00,20260126_001632_d34452d3_BuyHold_SPY,-0.0013771986719722713,-0.0013771986719722713,1.1710815445901075,1.1710815445901075,0.0,0.0,1.0,-0.0013771986719722713
2025-07-09 20:00:00+00:00,20260126_001632_d34452d3_BuyHold_SPY,-4.834693763340427e-05,-4.834693763340427e-05,1.1710249263837076,1.1710249263837076,0.0,0.0,1.0,-4.834693763340427e-05
2025-07-10 20:00:00+00:00,20260126_001632_d34452d3_BuyHold_SPY,0.0034119289556964662,0.0034119289556964662,1.1750203802378785,1.1750203802378785,0.0,0.0,1.0,0.0034119289556964662
2025-07-11 20:00:00+00:00,20260126_001632_d34452d3_BuyHold_SPY,0.0030201500729250576,0.0030201500729250576,1.1785691181249422,1.1785691181249422,0.0,0.0,1.0,0.0030201500729250576
2025-07-14 20:00:00+00:00,20260126_001632_d34452d3_BuyHold_SPY,0.004195516957681193,0.004195516957681193,1.183513824845835,1.183513824845835,0.0,0.0,1.0,0.004195516957681193
2025-07-15 20:00:00+00:00,20260126_001632_d34452d3_BuyHold_SPY,-0.003775172268851579,-0.003775172268851579,1.1790458562744746,1.1790458562744746,0.0,0.0,1.0,-0.003775172268851579
2025-07-16 20:00:00+00:00,20260126_001632_d34452d3_BuyHold_SPY,0.0017253755358610642,0.0017253755358610642,1.1810801531505488,1.1810801531505488,0.0,0.0,1.0,0.0017253755358610642
2025-07-17 20:00:00+00:00,20260126_001632_d34452d3_BuyHold_SPY,0.0037866677683941617,0.0037866677683941617,1.185552511298374,1.185552511298374,0.0,0.0,1.0,0.0037866677683941617
2025-07-18 20:00:00+00:00,20260126_001632_d34452d3_BuyHold_SPY,-0.0006087499987741535,-0.0006087499987741535,1.1848308062085744,1.1848308062085744,0.0,0.0,1.0,-0.0006087499987741535
2025-07-21 20:00:00+00:00,20260126_001632_d34452d3_BuyHold_SPY,-0.0011030911648270793,-0.0011030911648270793,1.1835238298144308,1.1835238298144308,0.0,0.0,1.0,-0.0011030911648270793
2025-07-22 20:00:00+00:00,20260126_001632_d34452d3_BuyHold_SPY,-0.0003038468635196437,-0.0003038468635196437,1.183164219810841,1.183164219810841,0.0,0.0,1.0,-0.0003038468635196437
2025-07-23 20:00:00+00:00,20260126_001632_d34452d3_BuyHold_SPY,0.0,0.0,1.183164219810841,1.183164219810841,0.0,0.0,0.0,0.0
2025-07-24 20:00:00+00:00,20260126_001632_d34452d3_BuyHold_SPY,0.0,0.0,1.183164219810841,1.183164219810841,0.0,0.0,0.0,-0.0
2025-07-25 20:00:00+00:00,20260126_001632_d34452d3_BuyHold_SPY,0.0,0.0,1.183164219810841,1.183164219810841,0.0,0.0,0.0,0.0
2025-07-28 20:00:00+00:00,20260126_001632_d34452d3_BuyHold_SPY,0.0,0.0,1.183164219810841,1.183164219810841,0.0,0.0,0.0,-0.0
2025-07-29 20:00:00+00:00,20260126_001632_d34452d3_BuyHold_SPY,0.0,0.0,1.183164219810841,1.183164219810841,0.0,0.0,0.0,-0.0
2025-07-30 20:00:00+00:00,20260126_001632_d34452d3_BuyHold_SPY,0.0,0.0,1.183164219810841,1.183164219810841,0.0,0.0,0.0,-0.0
2025-07-31 20:00:00+00:00,20260126_001632_d34452d3_BuyHold_SPY,0.0,0.0,1.183164219810841,1.183164219810841,0.0,0.0,0.0,-0.0
2025-08-01 20:00:00+00:00,20260126_001632_d34452d3_BuyHold_SPY,0.0,0.0,1.183164219810841,1.183164219810841,0.0,0.0,0.0,-0.0
2025-08-04 20:00:00+00:00,20260126_001632_d34452d3_BuyHold_SPY,0.0,0.0,1.183164219810841,1.183164219810841,0.0,0.0,0.0,0.0
2025-08-05 20:00:00+00:00,20260126_001632_d34452d3_BuyHold_SPY,0.0,0.0,1.183164219810841,1.183164219810841,0.0,0.0,0.0,-0.0
2025-08-06 20:00:00+00:00,20260126_001632_d34452d3_BuyHold_SPY,0.0,0.0,1.183164219810841,1.183164219810841,0.0,0.0,0.0,0.0
2025-08-07 20:00:00+00:00,20260126_001632_d34452d3_BuyHold_SPY,0.0,0.0,1.183164219810841,1.183164219810841,0.0,0.0,0.0,-0.0
2025-08-08 20:00:00+00:00,20260126_001632_d34452d3_BuyHold_SPY,0.0,0.0,1.183164219810841,1.183164219810841,0.0,0.0,0.0,0.0
2025-08-11 20:00:00+00:00,20260126_001632_d34452d3_BuyHold_SPY,0.0,0.0,1.183164219810841,1.183164219810841,0.0,0.0,0.0,-0.0
2025-08-12 20:00:00+00:00,20260126_001632_d34452d3_BuyHold_SPY,0.0,0.0,1.183164219810841,1.183164219810841,0.0,0.0,0.0,0.0
2025-08-13 20:00:00+00:00,20260126_001632_d34452d3_BuyHold_SPY,0.0,0.0,1.183164219810841,1.183164219810841,0.0,0.0,0.0,-0.0
2025-08-14 20:00:00+00:00,20260126_001632_d34452d3_BuyHold_SPY,0.0,0.0,1.183164219810841,1.183164219810841,0.0,0.0,0.0,0.0
2025-08-15 20:00:00+00:00,20260126_001632_d34452d3_BuyHold_SPY,0.0,0.0,1.183164219810841,1.183164219810841,0.0,0.0,0.0,-0.0
2025-08-18 20:00:00+00:00,20260126_001632_d34452d3_BuyHold_SPY,0.0,0.0,1.183164219810841,1.183164219810841,0.0,0.0,0.0,-0.0
2025-08-19 20:00:00+00:00,20260126_001632_d34452d3_BuyHold_SPY,0.0,0.0,1.183164219810841,1.183164219810841,0.0,0.0,0.0,-0.0
2025-08-20 20:00:00+00:00,20260126_001632_d34452d3_BuyHold_SPY,0.0,0.0,1.183164219810841,1.183164219810841,0.0,0.0,0.0,-0.0
2025-08-21 20:00:00+00:00,20260126_001632_d34452d3_BuyHold_SPY,0.0,0.0,1.183164219810841,1.183164219810841,0.0,0.0,0.0,-0.0
2025-08-22 20:00:00+00:00,20260126_001632_d34452d3_BuyHold_SPY,0.0,0.0,1.183164219810841,1.183164219810841,0.0,0.0,0.0,0.0
2025-08-25 20:00:00+00:00,20260126_001632_d34452d3_BuyHold_SPY,0.0,0.0,1.183164219810841,1.183164219810841,0.0,0.0,0.0,-0.0
2025-08-26 20:00:00+00:00,20260126_001632_d34452d3_BuyHold_SPY,0.0,0.0,1.183164219810841,1.183164219810841,0.0,0.0,0.0,0.0
2025-08-27 20:00:00+00:00,20260126_001632_d34452d3_BuyHold_SPY,0.0,0.0,1.183164219810841,1.183164219810841,0.0,0.0,0.0,0.0
2025-08-28 20:00:00+00:00,20260126_001632_d34452d3_BuyHold_SPY,0.0,0.0,1.183164219810841,1.183164219810841,0.0,0.0,0.0,0.0
2025-08-29 20:00:00+00:00,20260126_001632_d34452d3_BuyHold_SPY,0.0,0.0,1.183164219810841,1.183164219810841,0.0,0.0,0.0,-0.0
2025-09-02 20:00:00+00:00,20260126_001632_d34452d3_BuyHold_SPY,0.0,0.0,1.183164219810841,1.183164219810841,0.0,0.0,0.0,0.0
2025-09-03 20:00:00+00:00,20260126_001632_d34452d3_BuyHold_SPY,0.0,0.0,1.183164219810841,1.183164219810841,0.0,0.0,0.0,0.0
2025-09-04 20:00:00+00:00,20260126_001632_d34452d3_BuyHold_SPY,0.0,0.0,1.183164219810841,1.183164219810841,0.0,0.0,0.0,0.0
2025-09-05 20:00:00+00:00,20260126_001632_d34452d3_BuyHold_SPY,0.0,0.0,1.183164219810841,1.183164219810841,0.0,0.0,0.0,-0.0
2025-09-08 20:00:00+00:00,20260126_001632_d34452d3_BuyHold_SPY,0.0,0.0,1.183164219810841,1.183164219810841,0.0,0.0,0.0,0.0
2025-09-09 20:00:00+00:00,20260126_001632_d34452d3_BuyHold_SPY,0.0,0.0,1.183164219810841,1.183164219810841,0.0,0.0,0.0,0.0
2025-09-10 20:00:00+00:00,20260126_001632_d34452d3_BuyHold_SPY,0.0,0.0,1.183164219810841,1.183164219810841,0.0,0.0,0.0,-0.0
2025-09-11 20:00:00+00:00,20260126_001632_d34452d3_BuyHold_SPY,0.0,0.0,1.183164219810841,1.183164219810841,0.0,0.0,0.0,0.0
2025-09-12 20:00:00+00:00,20260126_001632_d34452d3_BuyHold_SPY,0.0,0.0,1.183164219810841,1.183164219810841,0.0,0.0,0.0,0.0
2025-09-15 20:00:00+00:00,20260126_001632_d34452d3_BuyHold_SPY,0.0,0.0,1.183164219810841,1.183164219810841,0.0,0.0,0.0,0.0
2025-09-16 20:00:00+00:00,20260126_001632_d34452d3_BuyHold_SPY,0.0,0.0,1.183164219810841,1.183164219810841,0.0,0.0,0.0,-0.0
2025-09-17 20:00:00+00:00,20260126_001632_d34452d3_BuyHold_SPY,0.0,0.0,1.183164219810841,1.183164219810841,0.0,0.0,0.0,-0.0
2025-09-18 20:00:00+00:00,20260126_001632_d34452d3_BuyHold_SPY,0.0,0.0,1.183164219810841,1.183164219810841,0.0,0.0,0.0,0.0
2025-09-19 20:00:00+00:00,20260126_001632_d34452d3_BuyHold_SPY,0.0,0.0,1.183164219810841,1.183164219810841,0.0,0.0,0.0,0.0
2025-09-22 20:00:00+00:00,20260126_001632_d34452d3_BuyHold_SPY,0.0,0.0,1.183164219810841,1.183164219810841,0.0,0.0,0.0,0.0
2025-09-23 20:00:00+00:00,20260126_001632_d34452d3_BuyHold_SPY,0.0,0.0,1.183164219810841,1.183164219810841,0.0,0.0,0.0,-0.0
2025-09-24 20:00:00+00:00,20260126_001632_d34452d3_BuyHold_SPY,0.0,0.0,1.183164219810841,1.183164219810841,0.0,0.0,0.0,-0.0
2025-09-25 20:00:00+00:00,20260126_001632_d34452d3_BuyHold_SPY,0.0,0.0,1.183164219810841,1.183164219810841,0.0,0.0,0.0,0.0
2025-09-26 20:00:00+00:00,20260126_001632_d34452d3_BuyHold_SPY,0.0,0.0,1.183164219810841,1.183164219810841,0.0,0.0,0.0,0.0
2025-09-29 20:00:00+00:00,20260126_001632_d34452d3_BuyHold_SPY,0.0,0.0,1.183164219810841,1.183164219810841,0.0,0.0,0.0,-0.0
2025-09-30 20:00:00+00:00,20260126_001632_d34452d3_BuyHold_SPY,0.0,0.0,1.183164219810841,1.183164219810841,0.0,0.0,0.0,0.0
2025-10-01 20:00:00+00:00,20260126_001632_d34452d3_BuyHold_SPY,0.0,0.0,1.183164219810841,1.183164219810841,0.0,0.0,0.0,0.0
2025-10-02 20:00:00+00:00,20260126_001632_d34452d3_BuyHold_SPY,0.0,0.0,1.183164219810841,1.183164219810841,0.0,0.0,0.0,0.0
2025-10-03 20:00:00+00:00,20260126_001632_d34452d3_BuyHold_SPY,0.0,0.0,1.183164219810841,1.183164219810841,0.0,0.0,0.0,-0.0
2025-10-06 20:00:00+00:00,20260126_001632_d34452d3_BuyHold_SPY,0.0,0.0,1.183164219810841,1.183164219810841,0.0,0.0,0.0,0.0
2025-10-07 20:00:00+00:00,20260126_001632_d34452d3_BuyHold_SPY,0.0,0.0,1.183164219810841,1.183164219810841,0.0,0.0,0.0,-0.0
2025-10-08 20:00:00+00:00,20260126_001632_d34452d3_BuyHold_SPY,0.0,0.0,1.183164219810841,1.183164219810841,0.0,0.0,0.0,0.0
2025-10-09 20:00:00+00:00,20260126_001632_d34452d3_BuyHold_SPY,0.0,0.0,1.183164219810841,1.183164219810841,0.0,0.0,0.0,-0.0
2025-10-10 20:00:00+00:00,20260126_001632_d34452d3_BuyHold_SPY,0.0,0.0,1.183164219810841,1.183164219810841,0.0,0.0,0.0,-0.0
2025-10-13 20:00:00+00:00,20260126_001632_d34452d3_BuyHold_SPY,0.0,0.0,1.183164219810841,1.183164219810841,0.0,0.0,0.0,0.0
2025-10-14 20:00:00+00:00,20260126_001632_d34452d3_BuyHold_SPY,0.0,0.0,1.183164219810841,1.183164219810841,0.0,0.0,0.0,0.0
2025-10-15 20:00:00+00:00,20260126_001632_d34452d3_BuyHold_SPY,0.0,0.0,1.183164219810841,1.183164219810841,0.0,0.0,0.0,-0.0
2025-10-16 20:00:00+00:00,20260126_001632_d34452d3_BuyHold_SPY,0.0,0.0,1.183164219810841,1.183164219810841,0.0,0.0,0.0,-0.0
2025-10-17 20:00:00+00:00,20260126_001632_d34452d3_BuyHold_SPY,0.0,0.0,1.183164219810841,1.183164219810841,0.0,0.0,0.0,0.0
2025-10-20 20:00:00+00:00,20260126_001632_d34452d3_BuyHold_SPY,0.0,0.0,1.183164219810841,1.183164219810841,0.0,0.0,0.0,0.0
2025-10-21 20:00:00+00:00,20260126_001632_d34452d3_BuyHold_SPY,0.0,0.0,1.183164219810841,1.183164219810841,0.0,0.0,0.0,0.0
2025-10-22 20:00:00+00:00,20260126_001632_d34452d3_BuyHold_SPY,0.0,0.0,1.183164219810841,1.183164219810841,0.0,0.0,0.0,-0.0
2025-10-23 20:00:00+00:00,20260126_001632_d34452d3_BuyHold_SPY,0.0,0.0,1.183164219810841,1.183164219810841,0.0,0.0,0.0,0.0
2025-10-24 20:00:00+00:00,20260126_001632_d34452d3_BuyHold_SPY,0.0,0.0,1.183164219810841,1.183164219810841,0.0,0.0,0.0,-0.0
2025-10-27 20:00:00+00:00,20260126_001632_d34452d3_BuyHold_SPY,0.0,0.0,1.183164219810841,1.183164219810841,0.0,0.0,0.0,0.0
2025-10-28 20:00:00+00:00,20260126_001632_d34452d3_BuyHold_SPY,0.0,0.0,1.183164219810841,1.183164219810841,0.0,0.0,0.0,0.0
2025-10-29 20:00:00+00:00,20260126_001632_d34452d3_BuyHold_SPY,0.0,0.0,1.183164219810841,1.183164219810841,0.0,0.0,0.0,-0.0
2025-10-30 20:00:00+00:00,20260126_001632_d34452d3_BuyHold_SPY,0.0,0.0,1.183164219810841,1.183164219810841,0.0,0.0,0.0,-0.0
2025-10-31 20:00:00+00:00,20260126_001632_d34452d3_BuyHold_SPY,0.0,0.0,1.183164219810841,1.183164219810841,0.0,0.0,0.0,0.0
2025-11-03 21:00:00+00:00,20260126_001632_d34452d3_BuyHold_SPY,0.0,0.0,1.183164219810841,1.183164219810841,0.0,0.0,0.0,0.0
2025-11-04 21:00:00+00:00,20260126_001632_d34452d3_BuyHold_SPY,0.0,0.0,1.183164219810841,1.183164219810841,0.0,0.0,0.0,-0.0
2025-11-05 21:00:00+00:00,20260126_001632_d34452d3_BuyHold_SPY,0.0,0.0,1.183164219810841,1.183164219810841,0.0,0.0,0.0,0.0
2025-11-06 21:00:00+00:00,20260126_001632_d34452d3_BuyHold_SPY,0.0,0.0,1.183164219810841,1.183164219810841,0.0,0.0,0.0,-0.0
2025-11-07 21:00:00+00:00,20260126_001632_d34452d3_BuyHold_SPY,0.0,0.0,1.183164219810841,1.183164219810841,0.0,0.0,0.0,0.0
2025-11-10 21:00:00+00:00,20260126_001632_d34452d3_BuyHold_SPY,0.0,0.0,1.183164219810841,1.183164219810841,0.0,0.0,0.0,0.0
2025-11-11 21:00:00+00:00,20260126_001632_d34452d3_BuyHold_SPY,0.0,0.0,1.183164219810841,1.183164219810841,0.0,0.0,0.0,0.0
2025-11-12 21:00:00+00:00,20260126_001632_d34452d3_BuyHold_SPY,0.0,0.0,1.183164219810841,1.183164219810841,0.0,0.0,0.0,-0.0
2025-11-13 21:00:00+00:00,20260126_001632_d34452d3_BuyHold_SPY,0.0,0.0,1.183164219810841,1.183164219810841,0.0,0.0,0.0,-0.0
2025-11-14 21:00:00+00:00,20260126_001632_d34452d3_BuyHold_SPY,0.0,0.0,1.183164219810841,1.183164219810841,0.0,0.0,0.0,0.0
2025-11-17 21:00:00+00:00,20260126_001632_d34452d3_BuyHold_SPY,0.0,0.0,1.183164219810841,1.183164219810841,0.0,0.0,0.0,-0.0
2025-11-18 21:00:00+00:00,20260126_001632_d34452d3_BuyHold_SPY,0.0,0.0,1.183164219810841,1.183164219810841,0.0,0.0,0.0,-0.0
2025-11-19 21:00:00+00:00,20260126_001632_d34452d3_BuyHold_SPY,0.0,0.0,1.183164219810841,1.183164219810841,0.0,0.0,0.0,-0.0
2025-11-20 21:00:00+00:00,20260126_001632_d34452d3_BuyHold_SPY,0.0,0.0,1.183164219810841,1.183164219810841,0.0,0.0,0.0,-0.0
2025-11-21 21:00:00+00:00,20260126_001632_d34452d3_BuyHold_SPY,0.0,0.0,1.183164219810841,1.183164219810841,0.0,0.0,0.0,0.0
2025-11-24 21:00:00+00:00,20260126_001632_d34452d3_BuyHold_SPY,0.0,0.0,1.183164219810841,1.183164219810841,0.0,0.0,0.0,0.0
2025-11-25 21:00:00+00:00,20260126_001632_d34452d3_BuyHold_SPY,0.0,0.0,1.183164219810841,1.183164219810841,0.0,0.0,0.0,0.0
2025-11-26 21:00:00+00:00,20260126_001632_d34452d3_BuyHold_SPY,0.0,0.0,1.183164219810841,1.183164219810841,0.0,0.0,0.0,0.0
2025-11-28 21:00:00+00:00,20260126_001632_d34452d3_BuyHold_SPY,0.0,0.0,1.183164219810841,1.183164219810841,0.0,0.0,0.0,0.0
2025-12-01 21:00:00+00:00,20260126_001632_d34452d3_BuyHold_SPY,0.0,0.0,1.183164219810841,1.183164219810841,0.0,0.0,0.0,0.0
2025-12-02 21:00:00+00:00,20260126_001632_d34452d3_BuyHold_SPY,0.0,0.0,1.183164219810841,1.183164219810841,0.0,0.0,0.0,-0.0
2025-12-03 21:00:00+00:00,20260126_001632_d34452d3_BuyHold_SPY,0.0,0.0,1.183164219810841,1.183164219810841,0.0,0.0,0.0,0.0
2025-12-04 21:00:00+00:00,20260126_001632_d34452d3_BuyHold_SPY,0.0,0.0,1.183164219810841,1.183164219810841,0.0,0.0,0.0,0.0
2025-12-05 21:00:00+00:00,20260126_001632_d34452d3_BuyHold_SPY,0.0,0.0,1.183164219810841,1.183164219810841,0.0,0.0,0.0,-0.0
2025-12-08 21:00:00+00:00,20260126_001632_d34452d3_BuyHold_SPY,0.0,0.0,1.183164219810841,1.183164219810841,0.0,0.0,0.0,-0.0
2025-12-09 21:00:00+00:00,20260126_001632_d34452d3_BuyHold_SPY,0.0,0.0,1.183164219810841,1.183164219810841,0.0,0.0,0.0,-0.0
2025-12-10 21:00:00+00:00,20260126_001632_d34452d3_BuyHold_SPY,0.0,0.0,1.183164219810841,1.183164219810841,0.0,0.0,0.0,0.0
2025-12-11 21:00:00+00:00,20260126_001632_d34452d3_BuyHold_SPY,0.0,0.0,1.183164219810841,1.183164219810841,0.0,0.0,0.0,0.0
2025-12-12 21:00:00+00:00,20260126_001632_d34452d3_BuyHold_SPY,0.0,0.0,1.183164219810841,1.183164219810841,0.0,0.0,0.0,-0.0
2025-12-15 21:00:00+00:00,20260126_001632_d34452d3_BuyHold_SPY,0.0,0.0,1.183164219810841,1.183164219810841,0.0,0.0,0.0,-0.0
2025-12-16 21:00:00+00:00,20260126_001632_d34452d3_BuyHold_SPY,0.0,0.0,1.183164219810841,1.183164219810841,0.0,0.0,0.0,-0.0
2025-12-17 21:00:00+00:00,20260126_001632_d34452d3_BuyHold_SPY,0.0,0.0,1.183164219810841,1.183164219810841,0.0,0.0,0.0,-0.0
2025-12-18 21:00:00+00:00,20260126_001632_d34452d3_BuyHold_SPY,0.0,0.0,1.183164219810841,1.183164219810841,0.0,0.0,0.0,0.0
2025-12-19 21:00:00+00:00,20260126_001632_d34452d3_BuyHold_SPY,0.0,0.0,1.183164219810841,1.183164219810841,0.0,0.0,0.0,0.0
2025-12-22 21:00:00+00:00,20260126_001632_d34452d3_BuyHold_SPY,0.0,0.0,1.183164219810841,1.183164219810841,0.0,0.0,0.0,0.0
2025-12-23 21:00:00+00:00,20260126_001632_d34452d3_BuyHold_SPY,0.0,0.0,1.183164219810841,1.183164219810841,0.0,0.0,0.0,0.0
2025-12-24 21:00:00+00:00,20260126_001632_d34452d3_BuyHold_SPY,0.0,0.0,1.183164219810841,1.183164219810841,0.0,0.0,0.0,0.0
2025-12-26 21:00:00+00:00,20260126_001632_d34452d3_BuyHold_SPY,0.0,0.0,1.183164219810841,1.183164219810841,0.0,0.0,0.0,-0.0
2025-12-29 21:00:00+00:00,20260126_001632_d34452d3_BuyHold_SPY,0.0,0.0,1.183164219810841,1.183164219810841,0.0,0.0,0.0,-0.0
2025-12-30 21:00:00+00:00,20260126_001632_d34452d3_BuyHold_SPY,0.0,0.0,1.183164219810841,1.183164219810841,0.0,0.0,0.0,-0.0
2025-12-31 21:00:00+00:00,20260126_001632_d34452d3_BuyHold_SPY,0.0,0.0,1.183164219810841,1.183164219810841,0.0,0.0,0.0,-0.0
2026-01-02 21:00:00+00:00,20260126_001632_d34452d3_BuyHold_SPY,0.0,0.0,1.183164219810841,1.183164219810841,0.0,0.0,0.0,0.0
2026-01-05 21:00:00+00:00,20260126_001632_d34452d3_BuyHold_SPY,0.0,0.0,1.183164219810841,1.183164219810841,0.0,0.0,0.0,0.0
2026-01-06 21:00:00+00:00,20260126_001632_d34452d3_BuyHold_SPY,0.0,0.0,1.183164219810841,1.183164219810841,0.0,0.0,0.0,0.0
2026-01-07 21:00:00+00:00,20260126_001632_d34452d3_BuyHold_SPY,0.0,0.0,1.183164219810841,1.183164219810841,0.0,0.0,0.0,-0.0
2026-01-08 21:00:00+00:00,20260126_001632_d34452d3_BuyHold_SPY,0.0,0.0,1.183164219810841,1.183164219810841,0.0,0.0,0.0,0.0
2026-01-09 21:00:00+00:00,20260126_001632_d34452d3_BuyHold_SPY,0.0,0.0,1.183164219810841,1.183164219810841,0.0,0.0,0.0,0.0
2026-01-12 21:00:00+00:00,20260126_001632_d34452d3_BuyHold_SPY,0.0,0.0,1.183164219810841,1.183164219810841,0.0,0.0,0.0,0.0
2026-01-13 21:00:00+00:00,20260126_001632_d34452d3_BuyHold_SPY,0.0,0.0,1.183164219810841,1.183164219810841,0.0,0.0,0.0,-0.0
2026-01-14 21:00:00+00:00,20260126_001632_d34452d3_BuyHold_SPY,0.0,0.0,1.183164219810841,1.183164219810841,0.0,0.0,0.0,-0.0
2026-01-15 21:00:00+00:00,20260126_001632_d34452d3_BuyHold_SPY,0.0,0.0,1.183164219810841,1.183164219810841,0.0,0.0,0.0,0.0
2026-01-16 21:00:00+00:00,20260126_001632_d34452d3_BuyHold_SPY,0.0,0.0,1.183164219810841,1.183164219810841,0.0,0.0,0.0,-0.0
