timestamp,run_id,port_ret_gross,port_ret_net,equity_gross,equity_net,turnover,cost,weight_ret_xle,asset_ret_gross_ret_xle
2021-01-06 21:00:00+00:00,20260124_212136_d95d7e2b_BuyHold_XLE,0.0,0.0,1.0,1.0,0.0,0.0,0.0,-0.0
2021-01-07 21:00:00+00:00,20260124_212136_d95d7e2b_BuyHold_XLE,0.0,0.0,1.0,1.0,0.0,0.0,0.0,0.0
2021-01-08 21:00:00+00:00,20260124_212136_d95d7e2b_BuyHold_XLE,0.0,0.0,1.0,1.0,0.0,0.0,0.0,-0.0
2021-01-11 21:00:00+00:00,20260124_212136_d95d7e2b_BuyHold_XLE,0.0,0.0,1.0,1.0,0.0,0.0,0.0,0.0
2021-01-12 21:00:00+00:00,20260124_212136_d95d7e2b_BuyHold_XLE,0.0,0.0,1.0,1.0,0.0,0.0,0.0,0.0
2021-01-13 21:00:00+00:00,20260124_212136_d95d7e2b_BuyHold_XLE,0.0,0.0,1.0,1.0,0.0,0.0,0.0,-0.0
2021-01-14 21:00:00+00:00,20260124_212136_d95d7e2b_BuyHold_XLE,0.0,0.0,1.0,1.0,0.0,0.0,0.0,0.0
2021-01-15 21:00:00+00:00,20260124_212136_d95d7e2b_BuyHold_XLE,0.0,0.0,1.0,1.0,0.0,0.0,0.0,-0.0
2021-01-19 21:00:00+00:00,20260124_212136_d95d7e2b_BuyHold_XLE,0.0,0.0,1.0,1.0,0.0,0.0,0.0,0.0
2021-01-20 21:00:00+00:00,20260124_212136_d95d7e2b_BuyHold_XLE,0.0,0.0,1.0,1.0,0.0,0.0,0.0,0.0
2021-01-21 21:00:00+00:00,20260124_212136_d95d7e2b_BuyHold_XLE,0.0,0.0,1.0,1.0,0.0,0.0,0.0,-0.0
2021-01-22 21:00:00+00:00,20260124_212136_d95d7e2b_BuyHold_XLE,0.0,0.0,1.0,1.0,0.0,0.0,0.0,0.0
2021-01-25 21:00:00+00:00,20260124_212136_d95d7e2b_BuyHold_XLE,0.0,0.0,1.0,1.0,0.0,0.0,0.0,0.0
2021-01-26 21:00:00+00:00,20260124_212136_d95d7e2b_BuyHold_XLE,0.0,0.0,1.0,1.0,0.0,0.0,0.0,-0.0
2021-01-27 21:00:00+00:00,20260124_212136_d95d7e2b_BuyHold_XLE,0.0,0.0,1.0,1.0,0.0,0.0,0.0,0.0
2021-01-28 21:00:00+00:00,20260124_212136_d95d7e2b_BuyHold_XLE,0.0,0.0,1.0,1.0,0.0,0.0,0.0,-0.0
2021-01-29 21:00:00+00:00,20260124_212136_d95d7e2b_BuyHold_XLE,0.0,0.0,1.0,1.0,0.0,0.0,0.0,-0.0
2021-02-01 21:00:00+00:00,20260124_212136_d95d7e2b_BuyHold_XLE,0.0,0.0,1.0,1.0,0.0,0.0,0.0,0.0
2021-02-02 21:00:00+00:00,20260124_212136_d95d7e2b_BuyHold_XLE,0.0,0.0,1.0,1.0,0.0,0.0,0.0,-0.0
2021-02-03 21:00:00+00:00,20260124_212136_d95d7e2b_BuyHold_XLE,0.0,0.0,1.0,1.0,0.0,0.0,0.0,0.0
2021-02-04 21:00:00+00:00,20260124_212136_d95d7e2b_BuyHold_XLE,0.0,0.0,1.0,1.0,0.0,0.0,0.0,0.0
2021-02-05 21:00:00+00:00,20260124_212136_d95d7e2b_BuyHold_XLE,0.0,0.0,1.0,1.0,0.0,0.0,0.0,-0.0
2021-02-08 21:00:00+00:00,20260124_212136_d95d7e2b_BuyHold_XLE,0.0,0.0,1.0,1.0,0.0,0.0,0.0,0.0
2021-02-09 21:00:00+00:00,20260124_212136_d95d7e2b_BuyHold_XLE,0.0,0.0,1.0,1.0,0.0,0.0,0.0,0.0
2021-02-10 21:00:00+00:00,20260124_212136_d95d7e2b_BuyHold_XLE,0.0,0.0,1.0,1.0,0.0,0.0,0.0,0.0
2021-02-11 21:00:00+00:00,20260124_212136_d95d7e2b_BuyHold_XLE,0.0,0.0,1.0,1.0,0.0,0.0,0.0,-0.0
2021-02-12 21:00:00+00:00,20260124_212136_d95d7e2b_BuyHold_XLE,0.0,0.0,1.0,1.0,0.0,0.0,0.0,0.0
2021-02-16 21:00:00+00:00,20260124_212136_d95d7e2b_BuyHold_XLE,0.0,0.0,1.0,1.0,0.0,0.0,0.0,-0.0
2021-02-17 21:00:00+00:00,20260124_212136_d95d7e2b_BuyHold_XLE,0.0,0.0,1.0,1.0,0.0,0.0,0.0,0.0
2021-02-18 21:00:00+00:00,20260124_212136_d95d7e2b_BuyHold_XLE,0.0,0.0,1.0,1.0,0.0,0.0,0.0,-0.0
2021-02-19 21:00:00+00:00,20260124_212136_d95d7e2b_BuyHold_XLE,0.0,0.0,1.0,1.0,0.0,0.0,0.0,0.0
2021-02-22 21:00:00+00:00,20260124_212136_d95d7e2b_BuyHold_XLE,0.0,0.0,1.0,1.0,0.0,0.0,0.0,0.0
2021-02-23 21:00:00+00:00,20260124_212136_d95d7e2b_BuyHold_XLE,0.0,0.0,1.0,1.0,0.0,0.0,0.0,0.0
2021-02-24 21:00:00+00:00,20260124_212136_d95d7e2b_BuyHold_XLE,0.0,0.0,1.0,1.0,0.0,0.0,0.0,0.0
2021-02-25 21:00:00+00:00,20260124_212136_d95d7e2b_BuyHold_XLE,0.0,0.0,1.0,1.0,0.0,0.0,0.0,-0.0
2021-02-26 21:00:00+00:00,20260124_212136_d95d7e2b_BuyHold_XLE,0.0,0.0,1.0,1.0,0.0,0.0,0.0,-0.0
2021-03-01 21:00:00+00:00,20260124_212136_d95d7e2b_BuyHold_XLE,0.0,0.0,1.0,1.0,0.0,0.0,0.0,-0.0
2021-03-02 21:00:00+00:00,20260124_212136_d95d7e2b_BuyHold_XLE,0.0,0.0,1.0,1.0,0.0,0.0,0.0,-0.0
2021-03-03 21:00:00+00:00,20260124_212136_d95d7e2b_BuyHold_XLE,0.0,0.0,1.0,1.0,0.0,0.0,0.0,0.0
2021-03-04 21:00:00+00:00,20260124_212136_d95d7e2b_BuyHold_XLE,0.0,0.0,1.0,1.0,0.0,0.0,0.0,0.0
2021-03-05 21:00:00+00:00,20260124_212136_d95d7e2b_BuyHold_XLE,0.0,0.0,1.0,1.0,0.0,0.0,0.0,0.0
2021-03-08 21:00:00+00:00,20260124_212136_d95d7e2b_BuyHold_XLE,0.0,0.0,1.0,1.0,0.0,0.0,0.0,-0.0
2021-03-09 21:00:00+00:00,20260124_212136_d95d7e2b_BuyHold_XLE,0.0,0.0,1.0,1.0,0.0,0.0,0.0,-0.0
2021-03-10 21:00:00+00:00,20260124_212136_d95d7e2b_BuyHold_XLE,0.0,0.0,1.0,1.0,0.0,0.0,0.0,0.0
2021-03-11 21:00:00+00:00,20260124_212136_d95d7e2b_BuyHold_XLE,0.0,0.0,1.0,1.0,0.0,0.0,0.0,-0.0
2021-03-12 21:00:00+00:00,20260124_212136_d95d7e2b_BuyHold_XLE,0.0,0.0,1.0,1.0,0.0,0.0,0.0,-0.0
2021-03-15 20:00:00+00:00,20260124_212136_d95d7e2b_BuyHold_XLE,0.0,0.0,1.0,1.0,0.0,0.0,0.0,-0.0
2021-03-16 20:00:00+00:00,20260124_212136_d95d7e2b_BuyHold_XLE,0.0,0.0,1.0,1.0,0.0,0.0,0.0,-0.0
2021-03-17 20:00:00+00:00,20260124_212136_d95d7e2b_BuyHold_XLE,0.0,0.0,1.0,1.0,0.0,0.0,0.0,0.0
2021-03-18 20:00:00+00:00,20260124_212136_d95d7e2b_BuyHold_XLE,0.0,0.0,1.0,1.0,0.0,0.0,0.0,-0.0
2021-03-19 20:00:00+00:00,20260124_212136_d95d7e2b_BuyHold_XLE,0.0,0.0,1.0,1.0,0.0,0.0,0.0,0.0
2021-03-22 20:00:00+00:00,20260124_212136_d95d7e2b_BuyHold_XLE,0.0,0.0,1.0,1.0,0.0,0.0,0.0,-0.0
2021-03-23 20:00:00+00:00,20260124_212136_d95d7e2b_BuyHold_XLE,0.0,0.0,1.0,1.0,0.0,0.0,0.0,-0.0
2021-03-24 20:00:00+00:00,20260124_212136_d95d7e2b_BuyHold_XLE,0.0,0.0,1.0,1.0,0.0,0.0,0.0,-0.0
2021-03-25 20:00:00+00:00,20260124_212136_d95d7e2b_BuyHold_XLE,0.0,0.0,1.0,1.0,0.0,0.0,0.0,0.0
2021-03-26 20:00:00+00:00,20260124_212136_d95d7e2b_BuyHold_XLE,0.0,0.0,1.0,1.0,0.0,0.0,0.0,0.0
2021-03-29 20:00:00+00:00,20260124_212136_d95d7e2b_BuyHold_XLE,0.0,0.0,1.0,1.0,0.0,0.0,0.0,-0.0
2021-03-30 20:00:00+00:00,20260124_212136_d95d7e2b_BuyHold_XLE,0.0,0.0,1.0,1.0,0.0,0.0,0.0,0.0
2021-03-31 20:00:00+00:00,20260124_212136_d95d7e2b_BuyHold_XLE,0.0,0.0,1.0,1.0,0.0,0.0,0.0,-0.0
2021-04-01 20:00:00+00:00,20260124_212136_d95d7e2b_BuyHold_XLE,0.0,0.0,1.0,1.0,0.0,0.0,0.0,0.0
2021-04-05 20:00:00+00:00,20260124_212136_d95d7e2b_BuyHold_XLE,0.0,0.0,1.0,1.0,0.0,0.0,0.0,-0.0
2021-04-06 20:00:00+00:00,20260124_212136_d95d7e2b_BuyHold_XLE,0.0,0.0,1.0,1.0,0.0,0.0,0.0,-0.0
2021-04-07 20:00:00+00:00,20260124_212136_d95d7e2b_BuyHold_XLE,0.0,0.0,1.0,1.0,0.0,0.0,0.0,0.0
2021-04-08 20:00:00+00:00,20260124_212136_d95d7e2b_BuyHold_XLE,0.0,0.0,1.0,1.0,0.0,0.0,0.0,0.0
2021-04-09 20:00:00+00:00,20260124_212136_d95d7e2b_BuyHold_XLE,0.0,0.0,1.0,1.0,0.0,0.0,0.0,-0.0
2021-04-12 20:00:00+00:00,20260124_212136_d95d7e2b_BuyHold_XLE,0.0,0.0,1.0,1.0,0.0,0.0,0.0,-0.0
2021-04-13 20:00:00+00:00,20260124_212136_d95d7e2b_BuyHold_XLE,0.0,0.0,1.0,1.0,0.0,0.0,0.0,0.0
2021-04-14 20:00:00+00:00,20260124_212136_d95d7e2b_BuyHold_XLE,0.0,0.0,1.0,1.0,0.0,0.0,0.0,0.0
2021-04-15 20:00:00+00:00,20260124_212136_d95d7e2b_BuyHold_XLE,0.0,0.0,1.0,1.0,0.0,0.0,0.0,0.0
2021-04-16 20:00:00+00:00,20260124_212136_d95d7e2b_BuyHold_XLE,0.0,0.0,1.0,1.0,0.0,0.0,0.0,-0.0
2021-04-19 20:00:00+00:00,20260124_212136_d95d7e2b_BuyHold_XLE,0.0,0.0,1.0,1.0,0.0,0.0,0.0,-0.0
2021-04-20 20:00:00+00:00,20260124_212136_d95d7e2b_BuyHold_XLE,0.0,0.0,1.0,1.0,0.0,0.0,0.0,-0.0
2021-04-21 20:00:00+00:00,20260124_212136_d95d7e2b_BuyHold_XLE,0.0,0.0,1.0,1.0,0.0,0.0,0.0,0.0
2021-04-22 20:00:00+00:00,20260124_212136_d95d7e2b_BuyHold_XLE,0.0,0.0,1.0,1.0,0.0,0.0,0.0,-0.0
2021-04-23 20:00:00+00:00,20260124_212136_d95d7e2b_BuyHold_XLE,0.0,0.0,1.0,1.0,0.0,0.0,0.0,0.0
2021-04-26 20:00:00+00:00,20260124_212136_d95d7e2b_BuyHold_XLE,0.0,0.0,1.0,1.0,0.0,0.0,0.0,-0.0
2021-04-27 20:00:00+00:00,20260124_212136_d95d7e2b_BuyHold_XLE,0.0,0.0,1.0,1.0,0.0,0.0,0.0,0.0
2021-04-28 20:00:00+00:00,20260124_212136_d95d7e2b_BuyHold_XLE,0.0,0.0,1.0,1.0,0.0,0.0,0.0,0.0
2021-04-29 20:00:00+00:00,20260124_212136_d95d7e2b_BuyHold_XLE,0.0,0.0,1.0,1.0,0.0,0.0,0.0,-0.0
2021-04-30 20:00:00+00:00,20260124_212136_d95d7e2b_BuyHold_XLE,0.0,0.0,1.0,1.0,0.0,0.0,0.0,-0.0
2021-05-03 20:00:00+00:00,20260124_212136_d95d7e2b_BuyHold_XLE,0.0,0.0,1.0,1.0,0.0,0.0,0.0,0.0
2021-05-04 20:00:00+00:00,20260124_212136_d95d7e2b_BuyHold_XLE,0.0,0.0,1.0,1.0,0.0,0.0,0.0,0.0
2021-05-05 20:00:00+00:00,20260124_212136_d95d7e2b_BuyHold_XLE,0.0,0.0,1.0,1.0,0.0,0.0,0.0,0.0
2021-05-06 20:00:00+00:00,20260124_212136_d95d7e2b_BuyHold_XLE,0.0,0.0,1.0,1.0,0.0,0.0,0.0,0.0
2021-05-07 20:00:00+00:00,20260124_212136_d95d7e2b_BuyHold_XLE,0.0,0.0,1.0,1.0,0.0,0.0,0.0,0.0
2021-05-10 20:00:00+00:00,20260124_212136_d95d7e2b_BuyHold_XLE,0.0,0.0,1.0,1.0,0.0,0.0,0.0,-0.0
2021-05-11 20:00:00+00:00,20260124_212136_d95d7e2b_BuyHold_XLE,0.0,0.0,1.0,1.0,0.0,0.0,0.0,-0.0
2021-05-12 20:00:00+00:00,20260124_212136_d95d7e2b_BuyHold_XLE,0.0,0.0,1.0,1.0,0.0,0.0,0.0,-0.0
2021-05-13 20:00:00+00:00,20260124_212136_d95d7e2b_BuyHold_XLE,0.0,0.0,1.0,1.0,0.0,0.0,0.0,-0.0
2021-05-14 20:00:00+00:00,20260124_212136_d95d7e2b_BuyHold_XLE,0.0,0.0,1.0,1.0,0.0,0.0,0.0,0.0
2021-05-17 20:00:00+00:00,20260124_212136_d95d7e2b_BuyHold_XLE,0.0,0.0,1.0,1.0,0.0,0.0,0.0,0.0
2021-05-18 20:00:00+00:00,20260124_212136_d95d7e2b_BuyHold_XLE,0.0,0.0,1.0,1.0,0.0,0.0,0.0,-0.0
2021-05-19 20:00:00+00:00,20260124_212136_d95d7e2b_BuyHold_XLE,0.0,0.0,1.0,1.0,0.0,0.0,0.0,0.0
2021-05-20 20:00:00+00:00,20260124_212136_d95d7e2b_BuyHold_XLE,0.0,0.0,1.0,1.0,0.0,0.0,0.0,0.0
2021-05-21 20:00:00+00:00,20260124_212136_d95d7e2b_BuyHold_XLE,0.0,0.0,1.0,1.0,0.0,0.0,0.0,-0.0
2021-05-24 20:00:00+00:00,20260124_212136_d95d7e2b_BuyHold_XLE,0.0,0.0,1.0,1.0,0.0,0.0,0.0,0.0
2021-05-25 20:00:00+00:00,20260124_212136_d95d7e2b_BuyHold_XLE,0.0,0.0,1.0,1.0,0.0,0.0,0.0,-0.0
2021-05-26 20:00:00+00:00,20260124_212136_d95d7e2b_BuyHold_XLE,0.0,0.0,1.0,1.0,0.0,0.0,0.0,0.0
2021-05-27 20:00:00+00:00,20260124_212136_d95d7e2b_BuyHold_XLE,0.0,0.0,1.0,1.0,0.0,0.0,0.0,-0.0
2021-05-28 20:00:00+00:00,20260124_212136_d95d7e2b_BuyHold_XLE,0.0,0.0,1.0,1.0,0.0,0.0,0.0,0.0
2021-06-01 20:00:00+00:00,20260124_212136_d95d7e2b_BuyHold_XLE,0.0,0.0,1.0,1.0,0.0,0.0,0.0,0.0
2021-06-02 20:00:00+00:00,20260124_212136_d95d7e2b_BuyHold_XLE,0.0,0.0,1.0,1.0,0.0,0.0,0.0,0.0
2021-06-03 20:00:00+00:00,20260124_212136_d95d7e2b_BuyHold_XLE,0.0,0.0,1.0,1.0,0.0,0.0,0.0,0.0
2021-06-04 20:00:00+00:00,20260124_212136_d95d7e2b_BuyHold_XLE,0.0,0.0,1.0,1.0,0.0,0.0,0.0,-0.0
2021-06-07 20:00:00+00:00,20260124_212136_d95d7e2b_BuyHold_XLE,0.0,0.0,1.0,1.0,0.0,0.0,0.0,-0.0
2021-06-08 20:00:00+00:00,20260124_212136_d95d7e2b_BuyHold_XLE,0.0,0.0,1.0,1.0,0.0,0.0,0.0,0.0
2021-06-09 20:00:00+00:00,20260124_212136_d95d7e2b_BuyHold_XLE,0.0,0.0,1.0,1.0,0.0,0.0,0.0,-0.0
2021-06-10 20:00:00+00:00,20260124_212136_d95d7e2b_BuyHold_XLE,0.0,0.0,1.0,1.0,0.0,0.0,0.0,-0.0
2021-06-11 20:00:00+00:00,20260124_212136_d95d7e2b_BuyHold_XLE,0.0,0.0,1.0,1.0,0.0,0.0,0.0,-0.0
2021-06-14 20:00:00+00:00,20260124_212136_d95d7e2b_BuyHold_XLE,0.0,0.0,1.0,1.0,0.0,0.0,0.0,-0.0
2021-06-15 20:00:00+00:00,20260124_212136_d95d7e2b_BuyHold_XLE,0.0,0.0,1.0,1.0,0.0,0.0,0.0,0.0
2021-06-16 20:00:00+00:00,20260124_212136_d95d7e2b_BuyHold_XLE,0.0,0.0,1.0,1.0,0.0,0.0,0.0,0.0
2021-06-17 20:00:00+00:00,20260124_212136_d95d7e2b_BuyHold_XLE,0.0,0.0,1.0,1.0,0.0,0.0,0.0,-0.0
2021-06-18 20:00:00+00:00,20260124_212136_d95d7e2b_BuyHold_XLE,0.0,0.0,1.0,1.0,0.0,0.0,0.0,-0.0
2021-06-21 20:00:00+00:00,20260124_212136_d95d7e2b_BuyHold_XLE,0.0,0.0,1.0,1.0,0.0,0.0,0.0,0.0
2021-06-22 20:00:00+00:00,20260124_212136_d95d7e2b_BuyHold_XLE,0.0,0.0,1.0,1.0,0.0,0.0,0.0,0.0
2021-06-23 20:00:00+00:00,20260124_212136_d95d7e2b_BuyHold_XLE,0.0,0.0,1.0,1.0,0.0,0.0,0.0,-0.0
2021-06-24 20:00:00+00:00,20260124_212136_d95d7e2b_BuyHold_XLE,0.0,0.0,1.0,1.0,0.0,0.0,0.0,0.0
2021-06-25 20:00:00+00:00,20260124_212136_d95d7e2b_BuyHold_XLE,0.0,0.0,1.0,1.0,0.0,0.0,0.0,0.0
2021-06-28 20:00:00+00:00,20260124_212136_d95d7e2b_BuyHold_XLE,0.0,0.0,1.0,1.0,0.0,0.0,0.0,-0.0
2021-06-29 20:00:00+00:00,20260124_212136_d95d7e2b_BuyHold_XLE,0.0,0.0,1.0,1.0,0.0,0.0,0.0,-0.0
2021-06-30 20:00:00+00:00,20260124_212136_d95d7e2b_BuyHold_XLE,0.0,0.0,1.0,1.0,0.0,0.0,0.0,0.0
2021-07-01 20:00:00+00:00,20260124_212136_d95d7e2b_BuyHold_XLE,0.0,0.0,1.0,1.0,0.0,0.0,0.0,-0.0
2021-07-02 20:00:00+00:00,20260124_212136_d95d7e2b_BuyHold_XLE,0.0,0.0,1.0,1.0,0.0,0.0,0.0,0.0
2021-07-06 20:00:00+00:00,20260124_212136_d95d7e2b_BuyHold_XLE,0.0,0.0,1.0,1.0,0.0,0.0,0.0,-0.0
2021-07-07 20:00:00+00:00,20260124_212136_d95d7e2b_BuyHold_XLE,0.0,0.0,1.0,1.0,0.0,0.0,0.0,-0.0
2021-07-08 20:00:00+00:00,20260124_212136_d95d7e2b_BuyHold_XLE,0.0,0.0,1.0,1.0,0.0,0.0,0.0,0.0
2021-07-09 20:00:00+00:00,20260124_212136_d95d7e2b_BuyHold_XLE,0.0,0.0,1.0,1.0,0.0,0.0,0.0,0.0
2021-07-12 20:00:00+00:00,20260124_212136_d95d7e2b_BuyHold_XLE,0.0,0.0,1.0,1.0,0.0,0.0,0.0,0.0
2021-07-13 20:00:00+00:00,20260124_212136_d95d7e2b_BuyHold_XLE,0.0,0.0,1.0,1.0,0.0,0.0,0.0,-0.0
2021-07-14 20:00:00+00:00,20260124_212136_d95d7e2b_BuyHold_XLE,0.0,0.0,1.0,1.0,0.0,0.0,0.0,-0.0
2021-07-15 20:00:00+00:00,20260124_212136_d95d7e2b_BuyHold_XLE,0.0,0.0,1.0,1.0,0.0,0.0,0.0,-0.0
2021-07-16 20:00:00+00:00,20260124_212136_d95d7e2b_BuyHold_XLE,0.0,0.0,1.0,1.0,0.0,0.0,0.0,-0.0
2021-07-19 20:00:00+00:00,20260124_212136_d95d7e2b_BuyHold_XLE,0.0,0.0,1.0,1.0,0.0,0.0,0.0,0.0
2021-07-20 20:00:00+00:00,20260124_212136_d95d7e2b_BuyHold_XLE,0.0,0.0,1.0,1.0,0.0,0.0,0.0,0.0
2021-07-21 20:00:00+00:00,20260124_212136_d95d7e2b_BuyHold_XLE,0.0,0.0,1.0,1.0,0.0,0.0,0.0,0.0
2021-07-22 20:00:00+00:00,20260124_212136_d95d7e2b_BuyHold_XLE,0.0,0.0,1.0,1.0,0.0,0.0,0.0,-0.0
2021-07-23 20:00:00+00:00,20260124_212136_d95d7e2b_BuyHold_XLE,0.0,0.0,1.0,1.0,0.0,0.0,0.0,-0.0
2021-07-26 20:00:00+00:00,20260124_212136_d95d7e2b_BuyHold_XLE,0.0,0.0,1.0,1.0,0.0,0.0,0.0,0.0
2021-07-27 20:00:00+00:00,20260124_212136_d95d7e2b_BuyHold_XLE,0.0,0.0,1.0,1.0,0.0,0.0,0.0,0.0
2021-07-28 20:00:00+00:00,20260124_212136_d95d7e2b_BuyHold_XLE,0.0,0.0,1.0,1.0,0.0,0.0,0.0,0.0
2021-07-29 20:00:00+00:00,20260124_212136_d95d7e2b_BuyHold_XLE,0.0,0.0,1.0,1.0,0.0,0.0,0.0,0.0
2021-07-30 20:00:00+00:00,20260124_212136_d95d7e2b_BuyHold_XLE,0.0,0.0,1.0,1.0,0.0,0.0,0.0,-0.0
2021-08-02 20:00:00+00:00,20260124_212136_d95d7e2b_BuyHold_XLE,0.0,0.0,1.0,1.0,0.0,0.0,0.0,-0.0
2021-08-03 20:00:00+00:00,20260124_212136_d95d7e2b_BuyHold_XLE,0.0,0.0,1.0,1.0,0.0,0.0,0.0,0.0
2021-08-04 20:00:00+00:00,20260124_212136_d95d7e2b_BuyHold_XLE,0.0,0.0,1.0,1.0,0.0,0.0,0.0,-0.0
2021-08-05 20:00:00+00:00,20260124_212136_d95d7e2b_BuyHold_XLE,0.0,0.0,1.0,1.0,0.0,0.0,0.0,0.0
2021-08-06 20:00:00+00:00,20260124_212136_d95d7e2b_BuyHold_XLE,0.0,0.0,1.0,1.0,0.0,0.0,0.0,-0.0
2021-08-09 20:00:00+00:00,20260124_212136_d95d7e2b_BuyHold_XLE,0.0,0.0,1.0,1.0,0.0,0.0,0.0,-0.0
2021-08-10 20:00:00+00:00,20260124_212136_d95d7e2b_BuyHold_XLE,0.0,0.0,1.0,1.0,0.0,0.0,0.0,0.0
2021-08-11 20:00:00+00:00,20260124_212136_d95d7e2b_BuyHold_XLE,0.0,0.0,1.0,1.0,0.0,0.0,0.0,0.0
2021-08-12 20:00:00+00:00,20260124_212136_d95d7e2b_BuyHold_XLE,0.0,0.0,1.0,1.0,0.0,0.0,0.0,-0.0
2021-08-13 20:00:00+00:00,20260124_212136_d95d7e2b_BuyHold_XLE,0.0,0.0,1.0,1.0,0.0,0.0,0.0,-0.0
2021-08-16 20:00:00+00:00,20260124_212136_d95d7e2b_BuyHold_XLE,0.0,0.0,1.0,1.0,0.0,0.0,0.0,0.0
2021-08-17 20:00:00+00:00,20260124_212136_d95d7e2b_BuyHold_XLE,0.0,0.0,1.0,1.0,0.0,0.0,0.0,-0.0
2021-08-18 20:00:00+00:00,20260124_212136_d95d7e2b_BuyHold_XLE,0.0,0.0,1.0,1.0,0.0,0.0,0.0,-0.0
2021-08-19 20:00:00+00:00,20260124_212136_d95d7e2b_BuyHold_XLE,0.0,0.0,1.0,1.0,0.0,0.0,0.0,-0.0
2021-08-20 20:00:00+00:00,20260124_212136_d95d7e2b_BuyHold_XLE,0.0,0.0,1.0,1.0,0.0,0.0,0.0,0.0
2021-08-23 20:00:00+00:00,20260124_212136_d95d7e2b_BuyHold_XLE,0.0,0.0,1.0,1.0,0.0,0.0,0.0,0.0
2021-08-24 20:00:00+00:00,20260124_212136_d95d7e2b_BuyHold_XLE,0.0,0.0,1.0,1.0,0.0,0.0,0.0,0.0
2021-08-25 20:00:00+00:00,20260124_212136_d95d7e2b_BuyHold_XLE,0.0,0.0,1.0,1.0,0.0,0.0,0.0,0.0
2021-08-26 20:00:00+00:00,20260124_212136_d95d7e2b_BuyHold_XLE,0.0,0.0,1.0,1.0,0.0,0.0,0.0,-0.0
2021-08-27 20:00:00+00:00,20260124_212136_d95d7e2b_BuyHold_XLE,0.0,0.0,1.0,1.0,0.0,0.0,0.0,0.0
2021-08-30 20:00:00+00:00,20260124_212136_d95d7e2b_BuyHold_XLE,0.0,0.0,1.0,1.0,0.0,0.0,0.0,-0.0
2021-08-31 20:00:00+00:00,20260124_212136_d95d7e2b_BuyHold_XLE,0.0,0.0,1.0,1.0,0.0,0.0,0.0,-0.0
2021-09-01 20:00:00+00:00,20260124_212136_d95d7e2b_BuyHold_XLE,0.0,0.0,1.0,1.0,0.0,0.0,0.0,-0.0
2021-09-02 20:00:00+00:00,20260124_212136_d95d7e2b_BuyHold_XLE,0.0,0.0,1.0,1.0,0.0,0.0,0.0,0.0
2021-09-03 20:00:00+00:00,20260124_212136_d95d7e2b_BuyHold_XLE,0.0,0.0,1.0,1.0,0.0,0.0,0.0,-0.0
2021-09-07 20:00:00+00:00,20260124_212136_d95d7e2b_BuyHold_XLE,0.0,0.0,1.0,1.0,0.0,0.0,0.0,-0.0
2021-09-08 20:00:00+00:00,20260124_212136_d95d7e2b_BuyHold_XLE,0.0,0.0,1.0,1.0,0.0,0.0,0.0,-0.0
2021-09-09 20:00:00+00:00,20260124_212136_d95d7e2b_BuyHold_XLE,0.0,0.0,1.0,1.0,0.0,0.0,0.0,0.0
2021-09-10 20:00:00+00:00,20260124_212136_d95d7e2b_BuyHold_XLE,0.0,0.0,1.0,1.0,0.0,0.0,0.0,-0.0
2021-09-13 20:00:00+00:00,20260124_212136_d95d7e2b_BuyHold_XLE,0.0,0.0,1.0,1.0,0.0,0.0,0.0,0.0
2021-09-14 20:00:00+00:00,20260124_212136_d95d7e2b_BuyHold_XLE,0.0,0.0,1.0,1.0,0.0,0.0,0.0,-0.0
2021-09-15 20:00:00+00:00,20260124_212136_d95d7e2b_BuyHold_XLE,0.0,0.0,1.0,1.0,0.0,0.0,0.0,0.0
2021-09-16 20:00:00+00:00,20260124_212136_d95d7e2b_BuyHold_XLE,0.0,0.0,1.0,1.0,0.0,0.0,0.0,-0.0
2021-09-17 20:00:00+00:00,20260124_212136_d95d7e2b_BuyHold_XLE,0.0,0.0,1.0,1.0,0.0,0.0,0.0,-0.0
2021-09-20 20:00:00+00:00,20260124_212136_d95d7e2b_BuyHold_XLE,0.0,0.0,1.0,1.0,0.0,0.0,0.0,-0.0
2021-09-21 20:00:00+00:00,20260124_212136_d95d7e2b_BuyHold_XLE,0.0,0.0,1.0,1.0,0.0,0.0,0.0,-0.0
2021-09-22 20:00:00+00:00,20260124_212136_d95d7e2b_BuyHold_XLE,0.0,0.0,1.0,1.0,0.0,0.0,0.0,0.0
2021-09-23 20:00:00+00:00,20260124_212136_d95d7e2b_BuyHold_XLE,0.0,0.0,1.0,1.0,0.0,0.0,0.0,0.0
2021-09-24 20:00:00+00:00,20260124_212136_d95d7e2b_BuyHold_XLE,0.0,0.0,1.0,1.0,0.0,0.0,0.0,0.0
2021-09-27 20:00:00+00:00,20260124_212136_d95d7e2b_BuyHold_XLE,0.0,0.0,1.0,1.0,0.0,0.0,0.0,0.0
2021-09-28 20:00:00+00:00,20260124_212136_d95d7e2b_BuyHold_XLE,0.0,0.0,1.0,1.0,0.0,0.0,0.0,0.0
2021-09-29 20:00:00+00:00,20260124_212136_d95d7e2b_BuyHold_XLE,0.0,0.0,1.0,1.0,0.0,0.0,0.0,0.0
2021-09-30 20:00:00+00:00,20260124_212136_d95d7e2b_BuyHold_XLE,0.0,0.0,1.0,1.0,0.0,0.0,0.0,-0.0
2021-10-01 20:00:00+00:00,20260124_212136_d95d7e2b_BuyHold_XLE,0.0,0.0,1.0,1.0,0.0,0.0,0.0,0.0
2021-10-04 20:00:00+00:00,20260124_212136_d95d7e2b_BuyHold_XLE,0.0,0.0,1.0,1.0,0.0,0.0,0.0,0.0
2021-10-05 20:00:00+00:00,20260124_212136_d95d7e2b_BuyHold_XLE,0.0,0.0,1.0,1.0,0.0,0.0,0.0,-0.0
2021-10-06 20:00:00+00:00,20260124_212136_d95d7e2b_BuyHold_XLE,0.0,0.0,1.0,1.0,0.0,0.0,0.0,0.0
2021-10-07 20:00:00+00:00,20260124_212136_d95d7e2b_BuyHold_XLE,0.0,0.0,1.0,1.0,0.0,0.0,0.0,0.0
2021-10-08 20:00:00+00:00,20260124_212136_d95d7e2b_BuyHold_XLE,0.0,0.0,1.0,1.0,0.0,0.0,0.0,0.0
2021-10-11 20:00:00+00:00,20260124_212136_d95d7e2b_BuyHold_XLE,0.0,0.0,1.0,1.0,0.0,0.0,0.0,-0.0
2021-10-12 20:00:00+00:00,20260124_212136_d95d7e2b_BuyHold_XLE,0.0,0.0,1.0,1.0,0.0,0.0,0.0,-0.0
2021-10-13 20:00:00+00:00,20260124_212136_d95d7e2b_BuyHold_XLE,0.0,0.0,1.0,1.0,0.0,0.0,0.0,0.0
2021-10-14 20:00:00+00:00,20260124_212136_d95d7e2b_BuyHold_XLE,0.0,0.0,1.0,1.0,0.0,0.0,0.0,0.0
2021-10-15 20:00:00+00:00,20260124_212136_d95d7e2b_BuyHold_XLE,0.0,0.0,1.0,1.0,0.0,0.0,0.0,-0.0
2021-10-18 20:00:00+00:00,20260124_212136_d95d7e2b_BuyHold_XLE,0.0,0.0,1.0,1.0,0.0,0.0,0.0,-0.0
2021-10-19 20:00:00+00:00,20260124_212136_d95d7e2b_BuyHold_XLE,0.0,0.0,1.0,1.0,0.0,0.0,0.0,0.0
2021-10-20 20:00:00+00:00,20260124_212136_d95d7e2b_BuyHold_XLE,0.0,0.0,1.0,1.0,0.0,0.0,0.0,0.0
2021-10-21 20:00:00+00:00,20260124_212136_d95d7e2b_BuyHold_XLE,0.0,0.0,1.0,1.0,0.0,0.0,0.0,-0.0
2021-10-22 20:00:00+00:00,20260124_212136_d95d7e2b_BuyHold_XLE,0.0,0.0,1.0,1.0,0.0,0.0,0.0,0.0
2021-10-25 20:00:00+00:00,20260124_212136_d95d7e2b_BuyHold_XLE,0.0,0.0,1.0,1.0,0.0,0.0,0.0,0.0
2021-10-26 20:00:00+00:00,20260124_212136_d95d7e2b_BuyHold_XLE,0.0,0.0,1.0,1.0,0.0,0.0,0.0,0.0
2021-10-27 20:00:00+00:00,20260124_212136_d95d7e2b_BuyHold_XLE,0.0,0.0,1.0,1.0,0.0,0.0,0.0,-0.0
2021-10-28 20:00:00+00:00,20260124_212136_d95d7e2b_BuyHold_XLE,0.0,0.0,1.0,1.0,0.0,0.0,0.0,0.0
2021-10-29 20:00:00+00:00,20260124_212136_d95d7e2b_BuyHold_XLE,0.0,0.0,1.0,1.0,0.0,0.0,0.0,-0.0
2021-11-01 20:00:00+00:00,20260124_212136_d95d7e2b_BuyHold_XLE,0.0,0.0,1.0,1.0,0.0,0.0,0.0,0.0
2021-11-02 20:00:00+00:00,20260124_212136_d95d7e2b_BuyHold_XLE,0.0,0.0,1.0,1.0,0.0,0.0,0.0,-0.0
2021-11-03 20:00:00+00:00,20260124_212136_d95d7e2b_BuyHold_XLE,0.0,0.0,1.0,1.0,0.0,0.0,0.0,0.0
2021-11-04 20:00:00+00:00,20260124_212136_d95d7e2b_BuyHold_XLE,0.0,0.0,1.0,1.0,0.0,0.0,0.0,-0.0
2021-11-05 20:00:00+00:00,20260124_212136_d95d7e2b_BuyHold_XLE,0.0,0.0,1.0,1.0,0.0,0.0,0.0,0.0
2021-11-08 21:00:00+00:00,20260124_212136_d95d7e2b_BuyHold_XLE,0.0,0.0,1.0,1.0,0.0,0.0,0.0,-0.0
2021-11-09 21:00:00+00:00,20260124_212136_d95d7e2b_BuyHold_XLE,0.0,0.0,1.0,1.0,0.0,0.0,0.0,0.0
2021-11-10 21:00:00+00:00,20260124_212136_d95d7e2b_BuyHold_XLE,0.0,0.0,1.0,1.0,0.0,0.0,0.0,-0.0
2021-11-11 21:00:00+00:00,20260124_212136_d95d7e2b_BuyHold_XLE,0.0,0.0,1.0,1.0,0.0,0.0,0.0,-0.0
2021-11-12 21:00:00+00:00,20260124_212136_d95d7e2b_BuyHold_XLE,0.0,0.0,1.0,1.0,0.0,0.0,0.0,-0.0
2021-11-15 21:00:00+00:00,20260124_212136_d95d7e2b_BuyHold_XLE,0.0,0.0,1.0,1.0,0.0,0.0,0.0,0.0
2021-11-16 21:00:00+00:00,20260124_212136_d95d7e2b_BuyHold_XLE,0.0,0.0,1.0,1.0,0.0,0.0,0.0,0.0
2021-11-17 21:00:00+00:00,20260124_212136_d95d7e2b_BuyHold_XLE,0.0,0.0,1.0,1.0,0.0,0.0,0.0,-0.0
2021-11-18 21:00:00+00:00,20260124_212136_d95d7e2b_BuyHold_XLE,0.0,0.0,1.0,1.0,0.0,0.0,0.0,-0.0
2021-11-19 21:00:00+00:00,20260124_212136_d95d7e2b_BuyHold_XLE,0.0,0.0,1.0,1.0,0.0,0.0,0.0,-0.0
2021-11-22 21:00:00+00:00,20260124_212136_d95d7e2b_BuyHold_XLE,0.0,0.0,1.0,1.0,0.0,0.0,0.0,0.0
2021-11-23 21:00:00+00:00,20260124_212136_d95d7e2b_BuyHold_XLE,0.0,0.0,1.0,1.0,0.0,0.0,0.0,0.0
2021-11-24 21:00:00+00:00,20260124_212136_d95d7e2b_BuyHold_XLE,0.0,0.0,1.0,1.0,0.0,0.0,0.0,0.0
2021-11-26 21:00:00+00:00,20260124_212136_d95d7e2b_BuyHold_XLE,0.0,0.0,1.0,1.0,0.0,0.0,0.0,0.0
2021-11-29 21:00:00+00:00,20260124_212136_d95d7e2b_BuyHold_XLE,0.0,0.0,1.0,1.0,0.0,0.0,0.0,-0.0
2021-11-30 21:00:00+00:00,20260124_212136_d95d7e2b_BuyHold_XLE,0.0,0.0,1.0,1.0,0.0,0.0,0.0,-0.0
2021-12-01 21:00:00+00:00,20260124_212136_d95d7e2b_BuyHold_XLE,0.0,0.0,1.0,1.0,0.0,0.0,0.0,-0.0
2021-12-02 21:00:00+00:00,20260124_212136_d95d7e2b_BuyHold_XLE,0.0,0.0,1.0,1.0,0.0,0.0,0.0,0.0
2021-12-03 21:00:00+00:00,20260124_212136_d95d7e2b_BuyHold_XLE,0.0,0.0,1.0,1.0,0.0,0.0,0.0,-0.0
2021-12-06 21:00:00+00:00,20260124_212136_d95d7e2b_BuyHold_XLE,0.0,0.0,1.0,1.0,0.0,0.0,0.0,0.0
2021-12-07 21:00:00+00:00,20260124_212136_d95d7e2b_BuyHold_XLE,0.0,0.0,1.0,1.0,0.0,0.0,0.0,0.0
2021-12-08 21:00:00+00:00,20260124_212136_d95d7e2b_BuyHold_XLE,0.0,0.0,1.0,1.0,0.0,0.0,0.0,-0.0
2021-12-09 21:00:00+00:00,20260124_212136_d95d7e2b_BuyHold_XLE,0.0,0.0,1.0,1.0,0.0,0.0,0.0,0.0
2021-12-10 21:00:00+00:00,20260124_212136_d95d7e2b_BuyHold_XLE,0.0,0.0,1.0,1.0,0.0,0.0,0.0,0.0
2021-12-13 21:00:00+00:00,20260124_212136_d95d7e2b_BuyHold_XLE,0.0,0.0,1.0,1.0,0.0,0.0,0.0,-0.0
2021-12-14 21:00:00+00:00,20260124_212136_d95d7e2b_BuyHold_XLE,0.0,0.0,1.0,1.0,0.0,0.0,0.0,-0.0
2021-12-15 21:00:00+00:00,20260124_212136_d95d7e2b_BuyHold_XLE,0.0,0.0,1.0,1.0,0.0,0.0,0.0,0.0
2021-12-16 21:00:00+00:00,20260124_212136_d95d7e2b_BuyHold_XLE,0.0,0.0,1.0,1.0,0.0,0.0,0.0,-0.0
2021-12-17 21:00:00+00:00,20260124_212136_d95d7e2b_BuyHold_XLE,0.0,0.0,1.0,1.0,0.0,0.0,0.0,-0.0
2021-12-20 21:00:00+00:00,20260124_212136_d95d7e2b_BuyHold_XLE,0.0,0.0,1.0,1.0,0.0,0.0,0.0,0.0
2021-12-21 21:00:00+00:00,20260124_212136_d95d7e2b_BuyHold_XLE,0.0,0.0,1.0,1.0,0.0,0.0,0.0,0.0
2021-12-22 21:00:00+00:00,20260124_212136_d95d7e2b_BuyHold_XLE,0.0,0.0,1.0,1.0,0.0,0.0,0.0,0.0
2021-12-23 21:00:00+00:00,20260124_212136_d95d7e2b_BuyHold_XLE,0.0,0.0,1.0,1.0,0.0,0.0,0.0,-0.0
2021-12-27 21:00:00+00:00,20260124_212136_d95d7e2b_BuyHold_XLE,0.0,0.0,1.0,1.0,0.0,0.0,0.0,0.0
2021-12-28 21:00:00+00:00,20260124_212136_d95d7e2b_BuyHold_XLE,0.0,0.0,1.0,1.0,0.0,0.0,0.0,-0.0
2021-12-29 21:00:00+00:00,20260124_212136_d95d7e2b_BuyHold_XLE,0.0,0.0,1.0,1.0,0.0,0.0,0.0,0.0
2021-12-30 21:00:00+00:00,20260124_212136_d95d7e2b_BuyHold_XLE,0.0,0.0,1.0,1.0,0.0,0.0,0.0,-0.0
2021-12-31 21:00:00+00:00,20260124_212136_d95d7e2b_BuyHold_XLE,0.0,0.0,1.0,1.0,0.0,0.0,0.0,0.0
2022-01-03 21:00:00+00:00,20260124_212136_d95d7e2b_BuyHold_XLE,0.0,0.0,1.0,1.0,0.0,0.0,0.0,0.0
2022-01-04 21:00:00+00:00,20260124_212136_d95d7e2b_BuyHold_XLE,0.0,0.0,1.0,1.0,0.0,0.0,0.0,0.0
2022-01-05 21:00:00+00:00,20260124_212136_d95d7e2b_BuyHold_XLE,0.0,0.0,1.0,1.0,0.0,0.0,0.0,-0.0
2022-01-06 21:00:00+00:00,20260124_212136_d95d7e2b_BuyHold_XLE,0.0,0.0,1.0,1.0,0.0,0.0,0.0,-0.0
2022-01-07 21:00:00+00:00,20260124_212136_d95d7e2b_BuyHold_XLE,0.0,0.0,1.0,1.0,0.0,0.0,0.0,0.0
2022-01-10 21:00:00+00:00,20260124_212136_d95d7e2b_BuyHold_XLE,0.0,0.0,1.0,1.0,0.0,0.0,0.0,-0.0
2022-01-11 21:00:00+00:00,20260124_212136_d95d7e2b_BuyHold_XLE,0.0,0.0,1.0,1.0,0.0,0.0,0.0,0.0
2022-01-12 21:00:00+00:00,20260124_212136_d95d7e2b_BuyHold_XLE,0.0,0.0,1.0,1.0,0.0,0.0,0.0,-0.0
2022-01-13 21:00:00+00:00,20260124_212136_d95d7e2b_BuyHold_XLE,0.0,0.0,1.0,1.0,0.0,0.0,0.0,-0.0
2022-01-14 21:00:00+00:00,20260124_212136_d95d7e2b_BuyHold_XLE,0.0,0.0,1.0,1.0,0.0,0.0,0.0,0.0
2022-01-18 21:00:00+00:00,20260124_212136_d95d7e2b_BuyHold_XLE,0.0,0.0,1.0,1.0,0.0,0.0,0.0,-0.0
2022-01-19 21:00:00+00:00,20260124_212136_d95d7e2b_BuyHold_XLE,0.0,0.0,1.0,1.0,0.0,0.0,0.0,-0.0
2022-01-20 21:00:00+00:00,20260124_212136_d95d7e2b_BuyHold_XLE,0.0,0.0,1.0,1.0,0.0,0.0,0.0,-0.0
2022-01-21 21:00:00+00:00,20260124_212136_d95d7e2b_BuyHold_XLE,0.0,0.0,1.0,1.0,0.0,0.0,0.0,-0.0
2022-01-24 21:00:00+00:00,20260124_212136_d95d7e2b_BuyHold_XLE,0.0,0.0,1.0,1.0,0.0,0.0,0.0,0.0
2022-01-25 21:00:00+00:00,20260124_212136_d95d7e2b_BuyHold_XLE,0.0,0.0,1.0,1.0,0.0,0.0,0.0,0.0
2022-01-26 21:00:00+00:00,20260124_212136_d95d7e2b_BuyHold_XLE,0.0,0.0,1.0,1.0,0.0,0.0,0.0,-0.0
2022-01-27 21:00:00+00:00,20260124_212136_d95d7e2b_BuyHold_XLE,0.0,0.0,1.0,1.0,0.0,0.0,0.0,-0.0
2022-01-28 21:00:00+00:00,20260124_212136_d95d7e2b_BuyHold_XLE,0.0,0.0,1.0,1.0,0.0,0.0,0.0,-0.0
2022-01-31 21:00:00+00:00,20260124_212136_d95d7e2b_BuyHold_XLE,0.0,0.0,1.0,1.0,0.0,0.0,0.0,0.0
2022-02-01 21:00:00+00:00,20260124_212136_d95d7e2b_BuyHold_XLE,0.0,0.0,1.0,1.0,0.0,0.0,0.0,0.0
2022-02-02 21:00:00+00:00,20260124_212136_d95d7e2b_BuyHold_XLE,0.0,0.0,1.0,1.0,0.0,0.0,0.0,0.0
2022-02-03 21:00:00+00:00,20260124_212136_d95d7e2b_BuyHold_XLE,0.0,0.0,1.0,1.0,0.0,0.0,0.0,-0.0
2022-02-04 21:00:00+00:00,20260124_212136_d95d7e2b_BuyHold_XLE,0.0,0.0,1.0,1.0,0.0,0.0,0.0,-0.0
2022-02-07 21:00:00+00:00,20260124_212136_d95d7e2b_BuyHold_XLE,0.0,0.0,1.0,1.0,0.0,0.0,0.0,0.0
2022-02-08 21:00:00+00:00,20260124_212136_d95d7e2b_BuyHold_XLE,0.0,0.0,1.0,1.0,0.0,0.0,0.0,-0.0
2022-02-09 21:00:00+00:00,20260124_212136_d95d7e2b_BuyHold_XLE,0.0,0.0,1.0,1.0,0.0,0.0,0.0,0.0
2022-02-10 21:00:00+00:00,20260124_212136_d95d7e2b_BuyHold_XLE,0.0,0.0,1.0,1.0,0.0,0.0,0.0,-0.0
2022-02-11 21:00:00+00:00,20260124_212136_d95d7e2b_BuyHold_XLE,0.0,0.0,1.0,1.0,0.0,0.0,0.0,0.0
2022-02-14 21:00:00+00:00,20260124_212136_d95d7e2b_BuyHold_XLE,0.0,0.0,1.0,1.0,0.0,0.0,0.0,-0.0
2022-02-15 21:00:00+00:00,20260124_212136_d95d7e2b_BuyHold_XLE,0.0,0.0,1.0,1.0,0.0,0.0,0.0,0.0
2022-02-16 21:00:00+00:00,20260124_212136_d95d7e2b_BuyHold_XLE,0.0,0.0,1.0,1.0,0.0,0.0,0.0,-0.0
2022-02-17 21:00:00+00:00,20260124_212136_d95d7e2b_BuyHold_XLE,0.0,0.0,1.0,1.0,0.0,0.0,0.0,-0.0
2022-02-18 21:00:00+00:00,20260124_212136_d95d7e2b_BuyHold_XLE,0.0,0.0,1.0,1.0,0.0,0.0,0.0,0.0
2022-02-22 21:00:00+00:00,20260124_212136_d95d7e2b_BuyHold_XLE,0.0,0.0,1.0,1.0,0.0,0.0,0.0,-0.0
2022-02-23 21:00:00+00:00,20260124_212136_d95d7e2b_BuyHold_XLE,0.0,0.0,1.0,1.0,0.0,0.0,0.0,-0.0
2022-02-24 21:00:00+00:00,20260124_212136_d95d7e2b_BuyHold_XLE,0.0,0.0,1.0,1.0,0.0,0.0,0.0,0.0
2022-02-25 21:00:00+00:00,20260124_212136_d95d7e2b_BuyHold_XLE,0.0,0.0,1.0,1.0,0.0,0.0,0.0,0.0
2022-02-28 21:00:00+00:00,20260124_212136_d95d7e2b_BuyHold_XLE,0.0,0.0,1.0,1.0,0.0,0.0,0.0,0.0
2022-03-01 21:00:00+00:00,20260124_212136_d95d7e2b_BuyHold_XLE,0.0,0.0,1.0,1.0,0.0,0.0,0.0,-0.0
2022-03-02 21:00:00+00:00,20260124_212136_d95d7e2b_BuyHold_XLE,0.0,0.0,1.0,1.0,0.0,0.0,0.0,0.0
2022-03-03 21:00:00+00:00,20260124_212136_d95d7e2b_BuyHold_XLE,0.0,0.0,1.0,1.0,0.0,0.0,0.0,0.0
2022-03-04 21:00:00+00:00,20260124_212136_d95d7e2b_BuyHold_XLE,0.0,0.0,1.0,1.0,0.0,0.0,0.0,0.0
2022-03-07 21:00:00+00:00,20260124_212136_d95d7e2b_BuyHold_XLE,0.0,0.0,1.0,1.0,0.0,0.0,0.0,0.0
2022-03-08 21:00:00+00:00,20260124_212136_d95d7e2b_BuyHold_XLE,0.0,0.0,1.0,1.0,0.0,0.0,0.0,-0.0
2022-03-09 21:00:00+00:00,20260124_212136_d95d7e2b_BuyHold_XLE,0.0,0.0,1.0,1.0,0.0,0.0,0.0,-0.0
2022-03-10 21:00:00+00:00,20260124_212136_d95d7e2b_BuyHold_XLE,0.0,0.0,1.0,1.0,0.0,0.0,0.0,0.0
2022-03-11 21:00:00+00:00,20260124_212136_d95d7e2b_BuyHold_XLE,0.0,0.0,1.0,1.0,0.0,0.0,0.0,-0.0
2022-03-14 20:00:00+00:00,20260124_212136_d95d7e2b_BuyHold_XLE,0.0,0.0,1.0,1.0,0.0,0.0,0.0,0.0
2022-03-15 20:00:00+00:00,20260124_212136_d95d7e2b_BuyHold_XLE,0.0,0.0,1.0,1.0,0.0,0.0,0.0,0.0
2022-03-16 20:00:00+00:00,20260124_212136_d95d7e2b_BuyHold_XLE,0.0,0.0,1.0,1.0,0.0,0.0,0.0,-0.0
2022-03-17 20:00:00+00:00,20260124_212136_d95d7e2b_BuyHold_XLE,0.0,0.0,1.0,1.0,0.0,0.0,0.0,0.0
2022-03-18 20:00:00+00:00,20260124_212136_d95d7e2b_BuyHold_XLE,0.0,0.0,1.0,1.0,0.0,0.0,0.0,-0.0
2022-03-21 20:00:00+00:00,20260124_212136_d95d7e2b_BuyHold_XLE,0.0,0.0,1.0,1.0,0.0,0.0,0.0,0.0
2022-03-22 20:00:00+00:00,20260124_212136_d95d7e2b_BuyHold_XLE,0.0,0.0,1.0,1.0,0.0,0.0,0.0,-0.0
2022-03-23 20:00:00+00:00,20260124_212136_d95d7e2b_BuyHold_XLE,0.0,0.0,1.0,1.0,0.0,0.0,0.0,-0.0
2022-03-24 20:00:00+00:00,20260124_212136_d95d7e2b_BuyHold_XLE,0.0,0.0,1.0,1.0,0.0,0.0,0.0,-0.0
2022-03-25 20:00:00+00:00,20260124_212136_d95d7e2b_BuyHold_XLE,0.0,0.0,1.0,1.0,0.0,0.0,0.0,0.0
2022-03-28 20:00:00+00:00,20260124_212136_d95d7e2b_BuyHold_XLE,0.0,0.0,1.0,1.0,0.0,0.0,0.0,-0.0
2022-03-29 20:00:00+00:00,20260124_212136_d95d7e2b_BuyHold_XLE,0.0,0.0,1.0,1.0,0.0,0.0,0.0,0.0
2022-03-30 20:00:00+00:00,20260124_212136_d95d7e2b_BuyHold_XLE,0.0,0.0,1.0,1.0,0.0,0.0,0.0,0.0
2022-03-31 20:00:00+00:00,20260124_212136_d95d7e2b_BuyHold_XLE,0.0,0.0,1.0,1.0,0.0,0.0,0.0,-0.0
2022-04-01 20:00:00+00:00,20260124_212136_d95d7e2b_BuyHold_XLE,0.0,0.0,1.0,1.0,0.0,0.0,0.0,-0.0
2022-04-04 20:00:00+00:00,20260124_212136_d95d7e2b_BuyHold_XLE,0.0,0.0,1.0,1.0,0.0,0.0,0.0,0.0
2022-04-05 20:00:00+00:00,20260124_212136_d95d7e2b_BuyHold_XLE,0.0,0.0,1.0,1.0,0.0,0.0,0.0,-0.0
2022-04-06 20:00:00+00:00,20260124_212136_d95d7e2b_BuyHold_XLE,0.0,0.0,1.0,1.0,0.0,0.0,0.0,0.0
2022-04-07 20:00:00+00:00,20260124_212136_d95d7e2b_BuyHold_XLE,0.0,0.0,1.0,1.0,0.0,0.0,0.0,0.0
2022-04-08 20:00:00+00:00,20260124_212136_d95d7e2b_BuyHold_XLE,0.0,0.0,1.0,1.0,0.0,0.0,0.0,0.0
2022-04-11 20:00:00+00:00,20260124_212136_d95d7e2b_BuyHold_XLE,0.0,0.0,1.0,1.0,0.0,0.0,0.0,-0.0
2022-04-12 20:00:00+00:00,20260124_212136_d95d7e2b_BuyHold_XLE,0.0,0.0,1.0,1.0,0.0,0.0,0.0,-0.0
2022-04-13 20:00:00+00:00,20260124_212136_d95d7e2b_BuyHold_XLE,0.0,0.0,1.0,1.0,0.0,0.0,0.0,0.0
2022-04-14 20:00:00+00:00,20260124_212136_d95d7e2b_BuyHold_XLE,0.0,0.0,1.0,1.0,0.0,0.0,0.0,0.0
2022-04-18 20:00:00+00:00,20260124_212136_d95d7e2b_BuyHold_XLE,0.0,0.0,1.0,1.0,0.0,0.0,0.0,0.0
2022-04-19 20:00:00+00:00,20260124_212136_d95d7e2b_BuyHold_XLE,0.0,0.0,1.0,1.0,0.0,0.0,0.0,-0.0
2022-04-20 20:00:00+00:00,20260124_212136_d95d7e2b_BuyHold_XLE,0.0,0.0,1.0,1.0,0.0,0.0,0.0,0.0
2022-04-21 20:00:00+00:00,20260124_212136_d95d7e2b_BuyHold_XLE,0.0,0.0,1.0,1.0,0.0,0.0,0.0,-0.0
2022-04-22 20:00:00+00:00,20260124_212136_d95d7e2b_BuyHold_XLE,0.0,0.0,1.0,1.0,0.0,0.0,0.0,-0.0
2022-04-25 20:00:00+00:00,20260124_212136_d95d7e2b_BuyHold_XLE,0.0,0.0,1.0,1.0,0.0,0.0,0.0,0.0
2022-04-26 20:00:00+00:00,20260124_212136_d95d7e2b_BuyHold_XLE,0.0,0.0,1.0,1.0,0.0,0.0,0.0,-0.0
2022-04-27 20:00:00+00:00,20260124_212136_d95d7e2b_BuyHold_XLE,0.0,0.0,1.0,1.0,0.0,0.0,0.0,0.0
2022-04-28 20:00:00+00:00,20260124_212136_d95d7e2b_BuyHold_XLE,0.0,0.0,1.0,1.0,0.0,0.0,0.0,0.0
2022-04-29 20:00:00+00:00,20260124_212136_d95d7e2b_BuyHold_XLE,0.0,0.0,1.0,1.0,0.0,0.0,0.0,-0.0
2022-05-02 20:00:00+00:00,20260124_212136_d95d7e2b_BuyHold_XLE,0.0,0.0,1.0,1.0,0.0,0.0,0.0,0.0
2022-05-03 20:00:00+00:00,20260124_212136_d95d7e2b_BuyHold_XLE,0.0,0.0,1.0,1.0,0.0,0.0,0.0,0.0
2022-05-04 20:00:00+00:00,20260124_212136_d95d7e2b_BuyHold_XLE,0.0,0.0,1.0,1.0,0.0,0.0,0.0,0.0
2022-05-05 20:00:00+00:00,20260124_212136_d95d7e2b_BuyHold_XLE,0.0,0.0,1.0,1.0,0.0,0.0,0.0,-0.0
2022-05-06 20:00:00+00:00,20260124_212136_d95d7e2b_BuyHold_XLE,0.0,0.0,1.0,1.0,0.0,0.0,0.0,0.0
2022-05-09 20:00:00+00:00,20260124_212136_d95d7e2b_BuyHold_XLE,0.0,0.0,1.0,1.0,0.0,0.0,0.0,-0.0
2022-05-10 20:00:00+00:00,20260124_212136_d95d7e2b_BuyHold_XLE,0.0,0.0,1.0,1.0,0.0,0.0,0.0,-0.0
2022-05-11 20:00:00+00:00,20260124_212136_d95d7e2b_BuyHold_XLE,0.0,0.0,1.0,1.0,0.0,0.0,0.0,-0.0
2022-05-12 20:00:00+00:00,20260124_212136_d95d7e2b_BuyHold_XLE,0.0,0.0,1.0,1.0,0.0,0.0,0.0,0.0
2022-05-13 20:00:00+00:00,20260124_212136_d95d7e2b_BuyHold_XLE,0.0,0.0,1.0,1.0,0.0,0.0,0.0,0.0
2022-05-16 20:00:00+00:00,20260124_212136_d95d7e2b_BuyHold_XLE,0.0,0.0,1.0,1.0,0.0,0.0,0.0,0.0
2022-05-17 20:00:00+00:00,20260124_212136_d95d7e2b_BuyHold_XLE,0.0,0.0,1.0,1.0,0.0,0.0,0.0,0.0
2022-05-18 20:00:00+00:00,20260124_212136_d95d7e2b_BuyHold_XLE,0.0,0.0,1.0,1.0,0.0,0.0,0.0,-0.0
2022-05-19 20:00:00+00:00,20260124_212136_d95d7e2b_BuyHold_XLE,0.0,0.0,1.0,1.0,0.0,0.0,0.0,0.0
2022-05-20 20:00:00+00:00,20260124_212136_d95d7e2b_BuyHold_XLE,0.0,0.0,1.0,1.0,0.0,0.0,0.0,-0.0
2022-05-23 20:00:00+00:00,20260124_212136_d95d7e2b_BuyHold_XLE,0.0,0.0,1.0,1.0,0.0,0.0,0.0,0.0
2022-05-24 20:00:00+00:00,20260124_212136_d95d7e2b_BuyHold_XLE,0.0,0.0,1.0,1.0,0.0,0.0,0.0,0.0
2022-05-25 20:00:00+00:00,20260124_212136_d95d7e2b_BuyHold_XLE,0.0,0.0,1.0,1.0,0.0,0.0,0.0,0.0
2022-05-26 20:00:00+00:00,20260124_212136_d95d7e2b_BuyHold_XLE,0.0,0.0,1.0,1.0,0.0,0.0,0.0,0.0
2022-05-27 20:00:00+00:00,20260124_212136_d95d7e2b_BuyHold_XLE,0.0,0.0,1.0,1.0,0.0,0.0,0.0,0.0
2022-05-31 20:00:00+00:00,20260124_212136_d95d7e2b_BuyHold_XLE,0.0,0.0,1.0,1.0,0.0,0.0,0.0,-0.0
2022-06-01 20:00:00+00:00,20260124_212136_d95d7e2b_BuyHold_XLE,0.0,0.0,1.0,1.0,0.0,0.0,0.0,0.0
2022-06-02 20:00:00+00:00,20260124_212136_d95d7e2b_BuyHold_XLE,0.0,0.0,1.0,1.0,0.0,0.0,0.0,0.0
2022-06-03 20:00:00+00:00,20260124_212136_d95d7e2b_BuyHold_XLE,0.0,0.0,1.0,1.0,0.0,0.0,0.0,0.0
2022-06-06 20:00:00+00:00,20260124_212136_d95d7e2b_BuyHold_XLE,0.0,0.0,1.0,1.0,0.0,0.0,0.0,-0.0
2022-06-07 20:00:00+00:00,20260124_212136_d95d7e2b_BuyHold_XLE,0.0,0.0,1.0,1.0,0.0,0.0,0.0,0.0
2022-06-08 20:00:00+00:00,20260124_212136_d95d7e2b_BuyHold_XLE,0.0,0.0,1.0,1.0,0.0,0.0,0.0,-0.0
2022-06-09 20:00:00+00:00,20260124_212136_d95d7e2b_BuyHold_XLE,0.0,0.0,1.0,1.0,0.0,0.0,0.0,-0.0
2022-06-10 20:00:00+00:00,20260124_212136_d95d7e2b_BuyHold_XLE,0.0,0.0,1.0,1.0,0.0,0.0,0.0,-0.0
2022-06-13 20:00:00+00:00,20260124_212136_d95d7e2b_BuyHold_XLE,0.0,0.0,1.0,1.0,0.0,0.0,0.0,-0.0
2022-06-14 20:00:00+00:00,20260124_212136_d95d7e2b_BuyHold_XLE,0.0,0.0,1.0,1.0,0.0,0.0,0.0,-0.0
2022-06-15 20:00:00+00:00,20260124_212136_d95d7e2b_BuyHold_XLE,0.0,0.0,1.0,1.0,0.0,0.0,0.0,-0.0
2022-06-16 20:00:00+00:00,20260124_212136_d95d7e2b_BuyHold_XLE,0.0,0.0,1.0,1.0,0.0,0.0,0.0,-0.0
2022-06-17 20:00:00+00:00,20260124_212136_d95d7e2b_BuyHold_XLE,0.0,0.0,1.0,1.0,0.0,0.0,0.0,-0.0
2022-06-21 20:00:00+00:00,20260124_212136_d95d7e2b_BuyHold_XLE,0.0,0.0,1.0,1.0,0.0,0.0,0.0,0.0
2022-06-22 20:00:00+00:00,20260124_212136_d95d7e2b_BuyHold_XLE,0.0,0.0,1.0,1.0,0.0,0.0,0.0,0.0
2022-06-23 20:00:00+00:00,20260124_212136_d95d7e2b_BuyHold_XLE,0.0,0.0,1.0,1.0,0.0,0.0,0.0,-0.0
2022-06-24 20:00:00+00:00,20260124_212136_d95d7e2b_BuyHold_XLE,0.0,0.0,1.0,1.0,0.0,0.0,0.0,0.0
2022-06-27 20:00:00+00:00,20260124_212136_d95d7e2b_BuyHold_XLE,0.0,0.0,1.0,1.0,0.0,0.0,0.0,0.0
2022-06-28 20:00:00+00:00,20260124_212136_d95d7e2b_BuyHold_XLE,0.0,0.0,1.0,1.0,0.0,0.0,0.0,0.0
2022-06-29 20:00:00+00:00,20260124_212136_d95d7e2b_BuyHold_XLE,0.0,0.0,1.0,1.0,0.0,0.0,0.0,-0.0
2022-06-30 20:00:00+00:00,20260124_212136_d95d7e2b_BuyHold_XLE,0.0,0.0,1.0,1.0,0.0,0.0,0.0,-0.0
2022-07-01 20:00:00+00:00,20260124_212136_d95d7e2b_BuyHold_XLE,0.0,0.0,1.0,1.0,0.0,0.0,0.0,0.0
2022-07-05 20:00:00+00:00,20260124_212136_d95d7e2b_BuyHold_XLE,0.0,0.0,1.0,1.0,0.0,0.0,0.0,-0.0
2022-07-06 20:00:00+00:00,20260124_212136_d95d7e2b_BuyHold_XLE,0.0,0.0,1.0,1.0,0.0,0.0,0.0,-0.0
2022-07-07 20:00:00+00:00,20260124_212136_d95d7e2b_BuyHold_XLE,0.0,0.0,1.0,1.0,0.0,0.0,0.0,0.0
2022-07-08 20:00:00+00:00,20260124_212136_d95d7e2b_BuyHold_XLE,0.0,0.0,1.0,1.0,0.0,0.0,0.0,-0.0
2022-07-11 20:00:00+00:00,20260124_212136_d95d7e2b_BuyHold_XLE,0.0,0.0,1.0,1.0,0.0,0.0,0.0,0.0
2022-07-12 20:00:00+00:00,20260124_212136_d95d7e2b_BuyHold_XLE,0.0,0.0,1.0,1.0,0.0,0.0,0.0,0.0
2022-07-13 20:00:00+00:00,20260124_212136_d95d7e2b_BuyHold_XLE,0.0,0.0,1.0,1.0,0.0,0.0,0.0,-0.0
2022-07-14 20:00:00+00:00,20260124_212136_d95d7e2b_BuyHold_XLE,0.0,0.0,1.0,1.0,0.0,0.0,0.0,0.0
2022-07-15 20:00:00+00:00,20260124_212136_d95d7e2b_BuyHold_XLE,0.0,0.0,1.0,1.0,0.0,0.0,0.0,0.0
2022-07-18 20:00:00+00:00,20260124_212136_d95d7e2b_BuyHold_XLE,0.0,0.0,1.0,1.0,0.0,0.0,0.0,-0.0
2022-07-19 20:00:00+00:00,20260124_212136_d95d7e2b_BuyHold_XLE,0.0,0.0,1.0,1.0,0.0,0.0,0.0,0.0
2022-07-20 20:00:00+00:00,20260124_212136_d95d7e2b_BuyHold_XLE,0.0,0.0,1.0,1.0,0.0,0.0,0.0,0.0
2022-07-21 20:00:00+00:00,20260124_212136_d95d7e2b_BuyHold_XLE,0.0,0.0,1.0,1.0,0.0,0.0,0.0,0.0
2022-07-22 20:00:00+00:00,20260124_212136_d95d7e2b_BuyHold_XLE,0.0,0.0,1.0,1.0,0.0,0.0,0.0,-0.0
2022-07-25 20:00:00+00:00,20260124_212136_d95d7e2b_BuyHold_XLE,0.0,0.0,1.0,1.0,0.0,0.0,0.0,0.0
2022-07-26 20:00:00+00:00,20260124_212136_d95d7e2b_BuyHold_XLE,0.0,0.0,1.0,1.0,0.0,0.0,0.0,-0.0
2022-07-27 20:00:00+00:00,20260124_212136_d95d7e2b_BuyHold_XLE,0.0,0.0,1.0,1.0,0.0,0.0,0.0,0.0
2022-07-28 20:00:00+00:00,20260124_212136_d95d7e2b_BuyHold_XLE,0.0,0.0,1.0,1.0,0.0,0.0,0.0,-0.0
2022-07-29 20:00:00+00:00,20260124_212136_d95d7e2b_BuyHold_XLE,0.0,0.0,1.0,1.0,0.0,0.0,0.0,0.0
2022-08-01 20:00:00+00:00,20260124_212136_d95d7e2b_BuyHold_XLE,0.0,0.0,1.0,1.0,0.0,0.0,0.0,-0.0
2022-08-02 20:00:00+00:00,20260124_212136_d95d7e2b_BuyHold_XLE,0.0,0.0,1.0,1.0,0.0,0.0,0.0,-0.0
2022-08-03 20:00:00+00:00,20260124_212136_d95d7e2b_BuyHold_XLE,0.0,0.0,1.0,1.0,0.0,0.0,0.0,-0.0
2022-08-04 20:00:00+00:00,20260124_212136_d95d7e2b_BuyHold_XLE,0.0,0.0,1.0,1.0,0.0,0.0,0.0,-0.0
2022-08-05 20:00:00+00:00,20260124_212136_d95d7e2b_BuyHold_XLE,0.0,0.0,1.0,1.0,0.0,0.0,0.0,0.0
2022-08-08 20:00:00+00:00,20260124_212136_d95d7e2b_BuyHold_XLE,0.0,0.0,1.0,1.0,0.0,0.0,0.0,0.0
2022-08-09 20:00:00+00:00,20260124_212136_d95d7e2b_BuyHold_XLE,0.0,0.0,1.0,1.0,0.0,0.0,0.0,-0.0
2022-08-10 20:00:00+00:00,20260124_212136_d95d7e2b_BuyHold_XLE,0.0,0.0,1.0,1.0,0.0,0.0,0.0,0.0
2022-08-11 20:00:00+00:00,20260124_212136_d95d7e2b_BuyHold_XLE,0.0,0.0,1.0,1.0,0.0,0.0,0.0,0.0
2022-08-12 20:00:00+00:00,20260124_212136_d95d7e2b_BuyHold_XLE,0.0,0.0,1.0,1.0,0.0,0.0,0.0,0.0
2022-08-15 20:00:00+00:00,20260124_212136_d95d7e2b_BuyHold_XLE,0.0,0.0,1.0,1.0,0.0,0.0,0.0,0.0
2022-08-16 20:00:00+00:00,20260124_212136_d95d7e2b_BuyHold_XLE,0.0,0.0,1.0,1.0,0.0,0.0,0.0,-0.0
2022-08-17 20:00:00+00:00,20260124_212136_d95d7e2b_BuyHold_XLE,0.0,0.0,1.0,1.0,0.0,0.0,0.0,0.0
2022-08-18 20:00:00+00:00,20260124_212136_d95d7e2b_BuyHold_XLE,0.0,0.0,1.0,1.0,0.0,0.0,0.0,0.0
2022-08-19 20:00:00+00:00,20260124_212136_d95d7e2b_BuyHold_XLE,0.0,0.0,1.0,1.0,0.0,0.0,0.0,0.0
2022-08-22 20:00:00+00:00,20260124_212136_d95d7e2b_BuyHold_XLE,0.0,0.0,1.0,1.0,0.0,0.0,0.0,0.0
2022-08-23 20:00:00+00:00,20260124_212136_d95d7e2b_BuyHold_XLE,0.0,0.0,1.0,1.0,0.0,0.0,0.0,0.0
2022-08-24 20:00:00+00:00,20260124_212136_d95d7e2b_BuyHold_XLE,0.0,0.0,1.0,1.0,0.0,0.0,0.0,0.0
2022-08-25 20:00:00+00:00,20260124_212136_d95d7e2b_BuyHold_XLE,0.0,0.0,1.0,1.0,0.0,0.0,0.0,-0.0
2022-08-26 20:00:00+00:00,20260124_212136_d95d7e2b_BuyHold_XLE,0.0,0.0,1.0,1.0,0.0,0.0,0.0,-0.0
2022-08-29 20:00:00+00:00,20260124_212136_d95d7e2b_BuyHold_XLE,0.0,0.0,1.0,1.0,0.0,0.0,0.0,0.0
2022-08-30 20:00:00+00:00,20260124_212136_d95d7e2b_BuyHold_XLE,0.0,0.0,1.0,1.0,0.0,0.0,0.0,-0.0
2022-08-31 20:00:00+00:00,20260124_212136_d95d7e2b_BuyHold_XLE,0.0,0.0,1.0,1.0,0.0,0.0,0.0,0.0
2022-09-01 20:00:00+00:00,20260124_212136_d95d7e2b_BuyHold_XLE,0.0,0.0,1.0,1.0,0.0,0.0,0.0,-0.0
2022-09-02 20:00:00+00:00,20260124_212136_d95d7e2b_BuyHold_XLE,0.0,0.0,1.0,1.0,0.0,0.0,0.0,-0.0
2022-09-06 20:00:00+00:00,20260124_212136_d95d7e2b_BuyHold_XLE,0.0,0.0,1.0,1.0,0.0,0.0,0.0,-0.0
2022-09-07 20:00:00+00:00,20260124_212136_d95d7e2b_BuyHold_XLE,0.0,0.0,1.0,1.0,0.0,0.0,0.0,0.0
2022-09-08 20:00:00+00:00,20260124_212136_d95d7e2b_BuyHold_XLE,0.0,0.0,1.0,1.0,0.0,0.0,0.0,0.0
2022-09-09 20:00:00+00:00,20260124_212136_d95d7e2b_BuyHold_XLE,0.0,0.0,1.0,1.0,0.0,0.0,0.0,0.0
2022-09-12 20:00:00+00:00,20260124_212136_d95d7e2b_BuyHold_XLE,0.0,0.0,1.0,1.0,0.0,0.0,0.0,0.0
2022-09-13 20:00:00+00:00,20260124_212136_d95d7e2b_BuyHold_XLE,0.0,0.0,1.0,1.0,0.0,0.0,0.0,-0.0
2022-09-14 20:00:00+00:00,20260124_212136_d95d7e2b_BuyHold_XLE,0.0,0.0,1.0,1.0,0.0,0.0,0.0,-0.0
2022-09-15 20:00:00+00:00,20260124_212136_d95d7e2b_BuyHold_XLE,0.0,0.0,1.0,1.0,0.0,0.0,0.0,-0.0
2022-09-16 20:00:00+00:00,20260124_212136_d95d7e2b_BuyHold_XLE,0.0,0.0,1.0,1.0,0.0,0.0,0.0,0.0
2022-09-19 20:00:00+00:00,20260124_212136_d95d7e2b_BuyHold_XLE,0.0,0.0,1.0,1.0,0.0,0.0,0.0,0.0
2022-09-20 20:00:00+00:00,20260124_212136_d95d7e2b_BuyHold_XLE,0.0,0.0,1.0,1.0,0.0,0.0,0.0,0.0
2022-09-21 20:00:00+00:00,20260124_212136_d95d7e2b_BuyHold_XLE,0.0,0.0,1.0,1.0,0.0,0.0,0.0,-0.0
2022-09-22 20:00:00+00:00,20260124_212136_d95d7e2b_BuyHold_XLE,0.0,0.0,1.0,1.0,0.0,0.0,0.0,-0.0
2022-09-23 20:00:00+00:00,20260124_212136_d95d7e2b_BuyHold_XLE,0.0,0.0,1.0,1.0,0.0,0.0,0.0,-0.0
2022-09-26 20:00:00+00:00,20260124_212136_d95d7e2b_BuyHold_XLE,0.0,0.0,1.0,1.0,0.0,0.0,0.0,-0.0
2022-09-27 20:00:00+00:00,20260124_212136_d95d7e2b_BuyHold_XLE,0.0,0.0,1.0,1.0,0.0,0.0,0.0,-0.0
2022-09-28 20:00:00+00:00,20260124_212136_d95d7e2b_BuyHold_XLE,0.0,0.0,1.0,1.0,0.0,0.0,0.0,0.0
2022-09-29 20:00:00+00:00,20260124_212136_d95d7e2b_BuyHold_XLE,0.0,0.0,1.0,1.0,0.0,0.0,0.0,0.0
2022-09-30 20:00:00+00:00,20260124_212136_d95d7e2b_BuyHold_XLE,0.0,0.0,1.0,1.0,0.0,0.0,0.0,0.0
2022-10-03 20:00:00+00:00,20260124_212136_d95d7e2b_BuyHold_XLE,0.0,0.0,1.0,1.0,0.0,0.0,0.0,0.0
2022-10-04 20:00:00+00:00,20260124_212136_d95d7e2b_BuyHold_XLE,0.0,0.0,1.0,1.0,0.0,0.0,0.0,0.0
2022-10-05 20:00:00+00:00,20260124_212136_d95d7e2b_BuyHold_XLE,0.0,0.0,1.0,1.0,0.0,0.0,0.0,0.0
2022-10-06 20:00:00+00:00,20260124_212136_d95d7e2b_BuyHold_XLE,0.0,0.0,1.0,1.0,0.0,0.0,0.0,0.0
2022-10-07 20:00:00+00:00,20260124_212136_d95d7e2b_BuyHold_XLE,0.0,0.0,1.0,1.0,0.0,0.0,0.0,-0.0
2022-10-10 20:00:00+00:00,20260124_212136_d95d7e2b_BuyHold_XLE,0.0,0.0,1.0,1.0,0.0,0.0,0.0,-0.0
2022-10-11 20:00:00+00:00,20260124_212136_d95d7e2b_BuyHold_XLE,0.0,0.0,1.0,1.0,0.0,0.0,0.0,0.0
2022-10-12 20:00:00+00:00,20260124_212136_d95d7e2b_BuyHold_XLE,0.0,0.0,1.0,1.0,0.0,0.0,0.0,0.0
2022-10-13 20:00:00+00:00,20260124_212136_d95d7e2b_BuyHold_XLE,0.0,0.0,1.0,1.0,0.0,0.0,0.0,0.0
2022-10-14 20:00:00+00:00,20260124_212136_d95d7e2b_BuyHold_XLE,0.0,0.0,1.0,1.0,0.0,0.0,0.0,-0.0
2022-10-17 20:00:00+00:00,20260124_212136_d95d7e2b_BuyHold_XLE,0.0,0.0,1.0,1.0,0.0,0.0,0.0,0.0
2022-10-18 20:00:00+00:00,20260124_212136_d95d7e2b_BuyHold_XLE,0.0,0.0,1.0,1.0,0.0,0.0,0.0,-0.0
2022-10-19 20:00:00+00:00,20260124_212136_d95d7e2b_BuyHold_XLE,0.0,0.0,1.0,1.0,0.0,0.0,0.0,0.0
2022-10-20 20:00:00+00:00,20260124_212136_d95d7e2b_BuyHold_XLE,0.0,0.0,1.0,1.0,0.0,0.0,0.0,-0.0
2022-10-21 20:00:00+00:00,20260124_212136_d95d7e2b_BuyHold_XLE,0.0,0.0,1.0,1.0,0.0,0.0,0.0,0.0
2022-10-24 20:00:00+00:00,20260124_212136_d95d7e2b_BuyHold_XLE,0.0,0.0,1.0,1.0,0.0,0.0,0.0,0.0
2022-10-25 20:00:00+00:00,20260124_212136_d95d7e2b_BuyHold_XLE,0.0,0.0,1.0,1.0,0.0,0.0,0.0,0.0
2022-10-26 20:00:00+00:00,20260124_212136_d95d7e2b_BuyHold_XLE,0.0,0.0,1.0,1.0,0.0,0.0,0.0,0.0
2022-10-27 20:00:00+00:00,20260124_212136_d95d7e2b_BuyHold_XLE,0.0,0.0,1.0,1.0,0.0,0.0,0.0,0.0
2022-10-28 20:00:00+00:00,20260124_212136_d95d7e2b_BuyHold_XLE,0.0,0.0,1.0,1.0,0.0,0.0,0.0,0.0
2022-10-31 20:00:00+00:00,20260124_212136_d95d7e2b_BuyHold_XLE,0.0,0.0,1.0,1.0,0.0,0.0,0.0,-0.0
2022-11-01 20:00:00+00:00,20260124_212136_d95d7e2b_BuyHold_XLE,0.0,0.0,1.0,1.0,0.0,0.0,0.0,-0.0
2022-11-02 20:00:00+00:00,20260124_212136_d95d7e2b_BuyHold_XLE,0.0,0.0,1.0,1.0,0.0,0.0,0.0,-0.0
2022-11-03 20:00:00+00:00,20260124_212136_d95d7e2b_BuyHold_XLE,0.0,0.0,1.0,1.0,0.0,0.0,0.0,0.0
2022-11-04 20:00:00+00:00,20260124_212136_d95d7e2b_BuyHold_XLE,0.0,0.0,1.0,1.0,0.0,0.0,0.0,-0.0
2022-11-07 21:00:00+00:00,20260124_212136_d95d7e2b_BuyHold_XLE,0.0,0.0,1.0,1.0,0.0,0.0,0.0,0.0
2022-11-08 21:00:00+00:00,20260124_212136_d95d7e2b_BuyHold_XLE,0.0,0.0,1.0,1.0,0.0,0.0,0.0,0.0
2022-11-09 21:00:00+00:00,20260124_212136_d95d7e2b_BuyHold_XLE,0.0,0.0,1.0,1.0,0.0,0.0,0.0,-0.0
2022-11-10 21:00:00+00:00,20260124_212136_d95d7e2b_BuyHold_XLE,0.0,0.0,1.0,1.0,0.0,0.0,0.0,0.0
2022-11-11 21:00:00+00:00,20260124_212136_d95d7e2b_BuyHold_XLE,0.0,0.0,1.0,1.0,0.0,0.0,0.0,0.0
2022-11-14 21:00:00+00:00,20260124_212136_d95d7e2b_BuyHold_XLE,0.0,0.0,1.0,1.0,0.0,0.0,0.0,-0.0
2022-11-15 21:00:00+00:00,20260124_212136_d95d7e2b_BuyHold_XLE,0.0,0.0,1.0,1.0,0.0,0.0,0.0,0.0
2022-11-16 21:00:00+00:00,20260124_212136_d95d7e2b_BuyHold_XLE,0.0,0.0,1.0,1.0,0.0,0.0,0.0,-0.0
2022-11-17 21:00:00+00:00,20260124_212136_d95d7e2b_BuyHold_XLE,0.0,0.0,1.0,1.0,0.0,0.0,0.0,0.0
2022-11-18 21:00:00+00:00,20260124_212136_d95d7e2b_BuyHold_XLE,0.0,0.0,1.0,1.0,0.0,0.0,0.0,-0.0
2022-11-21 21:00:00+00:00,20260124_212136_d95d7e2b_BuyHold_XLE,0.0,0.0,1.0,1.0,0.0,0.0,0.0,-0.0
2022-11-22 21:00:00+00:00,20260124_212136_d95d7e2b_BuyHold_XLE,0.0,0.0,1.0,1.0,0.0,0.0,0.0,0.0
2022-11-23 21:00:00+00:00,20260124_212136_d95d7e2b_BuyHold_XLE,0.0,0.0,1.0,1.0,0.0,0.0,0.0,-0.0
2022-11-25 21:00:00+00:00,20260124_212136_d95d7e2b_BuyHold_XLE,0.0,0.0,1.0,1.0,0.0,0.0,0.0,-0.0
2022-11-28 21:00:00+00:00,20260124_212136_d95d7e2b_BuyHold_XLE,0.0,0.0,1.0,1.0,0.0,0.0,0.0,-0.0
2022-11-29 21:00:00+00:00,20260124_212136_d95d7e2b_BuyHold_XLE,0.0,0.0,1.0,1.0,0.0,0.0,0.0,0.0
2022-11-30 21:00:00+00:00,20260124_212136_d95d7e2b_BuyHold_XLE,0.0,0.0,1.0,1.0,0.0,0.0,0.0,-0.0
2022-12-01 21:00:00+00:00,20260124_212136_d95d7e2b_BuyHold_XLE,0.0,0.0,1.0,1.0,0.0,0.0,0.0,-0.0
2022-12-02 21:00:00+00:00,20260124_212136_d95d7e2b_BuyHold_XLE,0.0,0.0,1.0,1.0,0.0,0.0,0.0,-0.0
2022-12-05 21:00:00+00:00,20260124_212136_d95d7e2b_BuyHold_XLE,0.0,0.0,1.0,1.0,0.0,0.0,0.0,-0.0
2022-12-06 21:00:00+00:00,20260124_212136_d95d7e2b_BuyHold_XLE,0.0,0.0,1.0,1.0,0.0,0.0,0.0,-0.0
2022-12-07 21:00:00+00:00,20260124_212136_d95d7e2b_BuyHold_XLE,0.0,0.0,1.0,1.0,0.0,0.0,0.0,-0.0
2022-12-08 21:00:00+00:00,20260124_212136_d95d7e2b_BuyHold_XLE,0.0,0.0,1.0,1.0,0.0,0.0,0.0,-0.0
2022-12-09 21:00:00+00:00,20260124_212136_d95d7e2b_BuyHold_XLE,0.0,0.0,1.0,1.0,0.0,0.0,0.0,-0.0
2022-12-12 21:00:00+00:00,20260124_212136_d95d7e2b_BuyHold_XLE,0.0,0.0,1.0,1.0,0.0,0.0,0.0,0.0
2022-12-13 21:00:00+00:00,20260124_212136_d95d7e2b_BuyHold_XLE,0.0,0.0,1.0,1.0,0.0,0.0,0.0,-0.0
2022-12-14 21:00:00+00:00,20260124_212136_d95d7e2b_BuyHold_XLE,0.0,0.0,1.0,1.0,0.0,0.0,0.0,-0.0
2022-12-15 21:00:00+00:00,20260124_212136_d95d7e2b_BuyHold_XLE,0.0,0.0,1.0,1.0,0.0,0.0,0.0,0.0
2022-12-16 21:00:00+00:00,20260124_212136_d95d7e2b_BuyHold_XLE,0.0,0.0,1.0,1.0,0.0,0.0,0.0,0.0
2022-12-19 21:00:00+00:00,20260124_212136_d95d7e2b_BuyHold_XLE,0.0,0.0,1.0,1.0,0.0,0.0,0.0,-0.0
2022-12-20 21:00:00+00:00,20260124_212136_d95d7e2b_BuyHold_XLE,0.0,0.0,1.0,1.0,0.0,0.0,0.0,0.0
2022-12-21 21:00:00+00:00,20260124_212136_d95d7e2b_BuyHold_XLE,0.0,0.0,1.0,1.0,0.0,0.0,0.0,0.0
2022-12-22 21:00:00+00:00,20260124_212136_d95d7e2b_BuyHold_XLE,0.0,0.0,1.0,1.0,0.0,0.0,0.0,-0.0
2022-12-23 21:00:00+00:00,20260124_212136_d95d7e2b_BuyHold_XLE,0.0,0.0,1.0,1.0,0.0,0.0,0.0,0.0
2022-12-27 21:00:00+00:00,20260124_212136_d95d7e2b_BuyHold_XLE,0.0,0.0,1.0,1.0,0.0,0.0,0.0,0.0
2022-12-28 21:00:00+00:00,20260124_212136_d95d7e2b_BuyHold_XLE,0.0,0.0,1.0,1.0,0.0,0.0,0.0,-0.0
2022-12-29 21:00:00+00:00,20260124_212136_d95d7e2b_BuyHold_XLE,0.0,0.0,1.0,1.0,0.0,0.0,0.0,0.0
2022-12-30 21:00:00+00:00,20260124_212136_d95d7e2b_BuyHold_XLE,0.0,0.0,1.0,1.0,0.0,0.0,0.0,0.0
2023-01-03 21:00:00+00:00,20260124_212136_d95d7e2b_BuyHold_XLE,0.0,0.0,1.0,1.0,0.0,0.0,0.0,-0.0
2023-01-04 21:00:00+00:00,20260124_212136_d95d7e2b_BuyHold_XLE,0.0,0.0,1.0,1.0,0.0,0.0,0.0,0.0
2023-01-05 21:00:00+00:00,20260124_212136_d95d7e2b_BuyHold_XLE,0.0,0.0,1.0,1.0,0.0,0.0,0.0,0.0
2023-01-06 21:00:00+00:00,20260124_212136_d95d7e2b_BuyHold_XLE,0.0,0.0,1.0,1.0,0.0,0.0,0.0,-0.0
2023-01-09 21:00:00+00:00,20260124_212136_d95d7e2b_BuyHold_XLE,0.0,0.0,1.0,1.0,0.0,0.0,0.0,-0.0
2023-01-10 21:00:00+00:00,20260124_212136_d95d7e2b_BuyHold_XLE,0.0,0.0,1.0,1.0,0.0,0.0,0.0,0.0
2023-01-11 21:00:00+00:00,20260124_212136_d95d7e2b_BuyHold_XLE,0.0,0.0,1.0,1.0,0.0,0.0,0.0,-0.0
2023-01-12 21:00:00+00:00,20260124_212136_d95d7e2b_BuyHold_XLE,0.0,0.0,1.0,1.0,0.0,0.0,0.0,0.0
2023-01-13 21:00:00+00:00,20260124_212136_d95d7e2b_BuyHold_XLE,0.0,0.0,1.0,1.0,0.0,0.0,0.0,0.0
2023-01-17 21:00:00+00:00,20260124_212136_d95d7e2b_BuyHold_XLE,0.0,0.0,1.0,1.0,0.0,0.0,0.0,-0.0
2023-01-18 21:00:00+00:00,20260124_212136_d95d7e2b_BuyHold_XLE,0.0,0.0,1.0,1.0,0.0,0.0,0.0,-0.0
2023-01-19 21:00:00+00:00,20260124_212136_d95d7e2b_BuyHold_XLE,0.0,0.0,1.0,1.0,0.0,0.0,0.0,0.0
2023-01-20 21:00:00+00:00,20260124_212136_d95d7e2b_BuyHold_XLE,0.0,0.0,1.0,1.0,0.0,0.0,0.0,0.0
2023-01-23 21:00:00+00:00,20260124_212136_d95d7e2b_BuyHold_XLE,0.0,0.0,1.0,1.0,0.0,0.0,0.0,-0.0
2023-01-24 21:00:00+00:00,20260124_212136_d95d7e2b_BuyHold_XLE,0.0,0.0,1.0,1.0,0.0,0.0,0.0,0.0
2023-01-25 21:00:00+00:00,20260124_212136_d95d7e2b_BuyHold_XLE,0.0,0.0,1.0,1.0,0.0,0.0,0.0,0.0
2023-01-26 21:00:00+00:00,20260124_212136_d95d7e2b_BuyHold_XLE,0.0,0.0,1.0,1.0,0.0,0.0,0.0,0.0
2023-01-27 21:00:00+00:00,20260124_212136_d95d7e2b_BuyHold_XLE,0.0,0.0,1.0,1.0,0.0,0.0,0.0,-0.0
2023-01-30 21:00:00+00:00,20260124_212136_d95d7e2b_BuyHold_XLE,0.0,0.0,1.0,1.0,0.0,0.0,0.0,-0.0
2023-01-31 21:00:00+00:00,20260124_212136_d95d7e2b_BuyHold_XLE,0.0,0.0,1.0,1.0,0.0,0.0,0.0,0.0
2023-02-01 21:00:00+00:00,20260124_212136_d95d7e2b_BuyHold_XLE,0.0,0.0,1.0,1.0,0.0,0.0,0.0,-0.0
2023-02-02 21:00:00+00:00,20260124_212136_d95d7e2b_BuyHold_XLE,0.0,0.0,1.0,1.0,0.0,0.0,0.0,-0.0
2023-02-03 21:00:00+00:00,20260124_212136_d95d7e2b_BuyHold_XLE,0.0,0.0,1.0,1.0,0.0,0.0,0.0,-0.0
2023-02-06 21:00:00+00:00,20260124_212136_d95d7e2b_BuyHold_XLE,0.0,0.0,1.0,1.0,0.0,0.0,0.0,-0.0
2023-02-07 21:00:00+00:00,20260124_212136_d95d7e2b_BuyHold_XLE,0.0,0.0,1.0,1.0,0.0,0.0,0.0,0.0
2023-02-08 21:00:00+00:00,20260124_212136_d95d7e2b_BuyHold_XLE,0.0,0.0,1.0,1.0,0.0,0.0,0.0,-0.0
2023-02-09 21:00:00+00:00,20260124_212136_d95d7e2b_BuyHold_XLE,0.0,0.0,1.0,1.0,0.0,0.0,0.0,-0.0
2023-02-10 21:00:00+00:00,20260124_212136_d95d7e2b_BuyHold_XLE,0.0,0.0,1.0,1.0,0.0,0.0,0.0,0.0
2023-02-13 21:00:00+00:00,20260124_212136_d95d7e2b_BuyHold_XLE,0.0,0.0,1.0,1.0,0.0,0.0,0.0,0.0
2023-02-14 21:00:00+00:00,20260124_212136_d95d7e2b_BuyHold_XLE,0.0,0.0,1.0,1.0,0.0,0.0,0.0,0.0
2023-02-15 21:00:00+00:00,20260124_212136_d95d7e2b_BuyHold_XLE,0.0,0.0,1.0,1.0,0.0,0.0,0.0,0.0
2023-02-16 21:00:00+00:00,20260124_212136_d95d7e2b_BuyHold_XLE,0.0,0.0,1.0,1.0,0.0,0.0,0.0,-0.0
2023-02-17 21:00:00+00:00,20260124_212136_d95d7e2b_BuyHold_XLE,0.0,0.0,1.0,1.0,0.0,0.0,0.0,-0.0
2023-02-21 21:00:00+00:00,20260124_212136_d95d7e2b_BuyHold_XLE,0.0,0.0,1.0,1.0,0.0,0.0,0.0,-0.0
2023-02-22 21:00:00+00:00,20260124_212136_d95d7e2b_BuyHold_XLE,0.0,0.0,1.0,1.0,0.0,0.0,0.0,-0.0
2023-02-23 21:00:00+00:00,20260124_212136_d95d7e2b_BuyHold_XLE,0.0,0.0,1.0,1.0,0.0,0.0,0.0,0.0
2023-02-24 21:00:00+00:00,20260124_212136_d95d7e2b_BuyHold_XLE,0.0,0.0,1.0,1.0,0.0,0.0,0.0,0.0
2023-02-27 21:00:00+00:00,20260124_212136_d95d7e2b_BuyHold_XLE,0.0,0.0,1.0,1.0,0.0,0.0,0.0,0.0
2023-02-28 21:00:00+00:00,20260124_212136_d95d7e2b_BuyHold_XLE,0.0,0.0,1.0,1.0,0.0,0.0,0.0,-0.0
2023-03-01 21:00:00+00:00,20260124_212136_d95d7e2b_BuyHold_XLE,0.0,0.0,1.0,1.0,0.0,0.0,0.0,0.0
2023-03-02 21:00:00+00:00,20260124_212136_d95d7e2b_BuyHold_XLE,0.0,0.0,1.0,1.0,0.0,0.0,0.0,0.0
2023-03-03 21:00:00+00:00,20260124_212136_d95d7e2b_BuyHold_XLE,0.0,0.0,1.0,1.0,0.0,0.0,0.0,0.0
2023-03-06 21:00:00+00:00,20260124_212136_d95d7e2b_BuyHold_XLE,0.0,0.0,1.0,1.0,0.0,0.0,0.0,0.0
2023-03-07 21:00:00+00:00,20260124_212136_d95d7e2b_BuyHold_XLE,0.0,0.0,1.0,1.0,0.0,0.0,0.0,-0.0
2023-03-08 21:00:00+00:00,20260124_212136_d95d7e2b_BuyHold_XLE,0.0,0.0,1.0,1.0,0.0,0.0,0.0,-0.0
2023-03-09 21:00:00+00:00,20260124_212136_d95d7e2b_BuyHold_XLE,0.0,0.0,1.0,1.0,0.0,0.0,0.0,-0.0
2023-03-10 21:00:00+00:00,20260124_212136_d95d7e2b_BuyHold_XLE,0.0,0.0,1.0,1.0,0.0,0.0,0.0,-0.0
2023-03-13 20:00:00+00:00,20260124_212136_d95d7e2b_BuyHold_XLE,0.0,0.0,1.0,1.0,0.0,0.0,0.0,0.0
2023-03-14 20:00:00+00:00,20260124_212136_d95d7e2b_BuyHold_XLE,0.0,0.0,1.0,1.0,0.0,0.0,0.0,-0.0
2023-03-15 20:00:00+00:00,20260124_212136_d95d7e2b_BuyHold_XLE,0.0,0.0,1.0,1.0,0.0,0.0,0.0,-0.0
2023-03-16 20:00:00+00:00,20260124_212136_d95d7e2b_BuyHold_XLE,0.0,0.0,1.0,1.0,0.0,0.0,0.0,0.0
2023-03-17 20:00:00+00:00,20260124_212136_d95d7e2b_BuyHold_XLE,0.0,0.0,1.0,1.0,0.0,0.0,0.0,-0.0
2023-03-20 20:00:00+00:00,20260124_212136_d95d7e2b_BuyHold_XLE,0.0,0.0,1.0,1.0,0.0,0.0,0.0,0.0
2023-03-21 20:00:00+00:00,20260124_212136_d95d7e2b_BuyHold_XLE,0.0,0.0,1.0,1.0,0.0,0.0,0.0,0.0
2023-03-22 20:00:00+00:00,20260124_212136_d95d7e2b_BuyHold_XLE,0.0,0.0,1.0,1.0,0.0,0.0,0.0,-0.0
2023-03-23 20:00:00+00:00,20260124_212136_d95d7e2b_BuyHold_XLE,0.0,0.0,1.0,1.0,0.0,0.0,0.0,-0.0
2023-03-24 20:00:00+00:00,20260124_212136_d95d7e2b_BuyHold_XLE,0.0,0.0,1.0,1.0,0.0,0.0,0.0,0.0
2023-03-27 20:00:00+00:00,20260124_212136_d95d7e2b_BuyHold_XLE,0.0,0.0,1.0,1.0,0.0,0.0,0.0,0.0
2023-03-28 20:00:00+00:00,20260124_212136_d95d7e2b_BuyHold_XLE,0.0,0.0,1.0,1.0,0.0,0.0,0.0,0.0
2023-03-29 20:00:00+00:00,20260124_212136_d95d7e2b_BuyHold_XLE,0.0,0.0,1.0,1.0,0.0,0.0,0.0,0.0
2023-03-30 20:00:00+00:00,20260124_212136_d95d7e2b_BuyHold_XLE,0.0,0.0,1.0,1.0,0.0,0.0,0.0,-0.0
2023-03-31 20:00:00+00:00,20260124_212136_d95d7e2b_BuyHold_XLE,0.0,0.0,1.0,1.0,0.0,0.0,0.0,0.0
2023-04-03 20:00:00+00:00,20260124_212136_d95d7e2b_BuyHold_XLE,0.0,0.0,1.0,1.0,0.0,0.0,0.0,-0.0
2023-04-04 20:00:00+00:00,20260124_212136_d95d7e2b_BuyHold_XLE,0.0,0.0,1.0,1.0,0.0,0.0,0.0,-0.0
2023-04-05 20:00:00+00:00,20260124_212136_d95d7e2b_BuyHold_XLE,0.0,0.0,1.0,1.0,0.0,0.0,0.0,0.0
2023-04-06 20:00:00+00:00,20260124_212136_d95d7e2b_BuyHold_XLE,0.0,0.0,1.0,1.0,0.0,0.0,0.0,-0.0
2023-04-10 20:00:00+00:00,20260124_212136_d95d7e2b_BuyHold_XLE,0.0,0.0,1.0,1.0,0.0,0.0,0.0,-0.0
2023-04-11 20:00:00+00:00,20260124_212136_d95d7e2b_BuyHold_XLE,0.0,0.0,1.0,1.0,0.0,0.0,0.0,0.0
2023-04-12 20:00:00+00:00,20260124_212136_d95d7e2b_BuyHold_XLE,0.0,0.0,1.0,1.0,0.0,0.0,0.0,-0.0
2023-04-13 20:00:00+00:00,20260124_212136_d95d7e2b_BuyHold_XLE,0.0,0.0,1.0,1.0,0.0,0.0,0.0,0.0
2023-04-14 20:00:00+00:00,20260124_212136_d95d7e2b_BuyHold_XLE,0.0,0.0,1.0,1.0,0.0,0.0,0.0,-0.0
2023-04-17 20:00:00+00:00,20260124_212136_d95d7e2b_BuyHold_XLE,0.0,0.0,1.0,1.0,0.0,0.0,0.0,-0.0
2023-04-18 20:00:00+00:00,20260124_212136_d95d7e2b_BuyHold_XLE,0.0,0.0,1.0,1.0,0.0,0.0,0.0,0.0
2023-04-19 20:00:00+00:00,20260124_212136_d95d7e2b_BuyHold_XLE,0.0,0.0,1.0,1.0,0.0,0.0,0.0,0.0
2023-04-20 20:00:00+00:00,20260124_212136_d95d7e2b_BuyHold_XLE,0.0,0.0,1.0,1.0,0.0,0.0,0.0,0.0
2023-04-21 20:00:00+00:00,20260124_212136_d95d7e2b_BuyHold_XLE,0.0,0.0,1.0,1.0,0.0,0.0,0.0,-0.0
2023-04-24 20:00:00+00:00,20260124_212136_d95d7e2b_BuyHold_XLE,0.0,0.0,1.0,1.0,0.0,0.0,0.0,0.0
2023-04-25 20:00:00+00:00,20260124_212136_d95d7e2b_BuyHold_XLE,0.0,0.0,1.0,1.0,0.0,0.0,0.0,-0.0
2023-04-26 20:00:00+00:00,20260124_212136_d95d7e2b_BuyHold_XLE,0.0,0.0,1.0,1.0,0.0,0.0,0.0,-0.0
2023-04-27 20:00:00+00:00,20260124_212136_d95d7e2b_BuyHold_XLE,0.0,0.0,1.0,1.0,0.0,0.0,0.0,0.0
2023-04-28 20:00:00+00:00,20260124_212136_d95d7e2b_BuyHold_XLE,0.0,0.0,1.0,1.0,0.0,0.0,0.0,0.0
2023-05-01 20:00:00+00:00,20260124_212136_d95d7e2b_BuyHold_XLE,0.0,0.0,1.0,1.0,0.0,0.0,0.0,-0.0
2023-05-02 20:00:00+00:00,20260124_212136_d95d7e2b_BuyHold_XLE,0.0,0.0,1.0,1.0,0.0,0.0,0.0,-0.0
2023-05-03 20:00:00+00:00,20260124_212136_d95d7e2b_BuyHold_XLE,0.0,0.0,1.0,1.0,0.0,0.0,0.0,-0.0
2023-05-04 20:00:00+00:00,20260124_212136_d95d7e2b_BuyHold_XLE,0.0,0.0,1.0,1.0,0.0,0.0,0.0,-0.0
2023-05-05 20:00:00+00:00,20260124_212136_d95d7e2b_BuyHold_XLE,0.0,0.0,1.0,1.0,0.0,0.0,0.0,-0.0
2023-05-08 20:00:00+00:00,20260124_212136_d95d7e2b_BuyHold_XLE,0.0,0.0,1.0,1.0,0.0,0.0,0.0,-0.0
2023-05-09 20:00:00+00:00,20260124_212136_d95d7e2b_BuyHold_XLE,0.0,0.0,1.0,1.0,0.0,0.0,0.0,-0.0
2023-05-10 20:00:00+00:00,20260124_212136_d95d7e2b_BuyHold_XLE,0.0,0.0,1.0,1.0,0.0,0.0,0.0,-0.0
2023-05-11 20:00:00+00:00,20260124_212136_d95d7e2b_BuyHold_XLE,0.0,0.0,1.0,1.0,0.0,0.0,0.0,-0.0
2023-05-12 20:00:00+00:00,20260124_212136_d95d7e2b_BuyHold_XLE,0.0,0.0,1.0,1.0,0.0,0.0,0.0,-0.0
2023-05-15 20:00:00+00:00,20260124_212136_d95d7e2b_BuyHold_XLE,0.0,0.0,1.0,1.0,0.0,0.0,0.0,0.0
2023-05-16 20:00:00+00:00,20260124_212136_d95d7e2b_BuyHold_XLE,0.0,0.0,1.0,1.0,0.0,0.0,0.0,-0.0
2023-05-17 20:00:00+00:00,20260124_212136_d95d7e2b_BuyHold_XLE,0.0,0.0,1.0,1.0,0.0,0.0,0.0,0.0
2023-05-18 20:00:00+00:00,20260124_212136_d95d7e2b_BuyHold_XLE,0.0,0.0,1.0,1.0,0.0,0.0,0.0,0.0
2023-05-19 20:00:00+00:00,20260124_212136_d95d7e2b_BuyHold_XLE,0.0,0.0,1.0,1.0,0.0,0.0,0.0,-0.0
2023-05-22 20:00:00+00:00,20260124_212136_d95d7e2b_BuyHold_XLE,0.0,0.0,1.0,1.0,0.0,0.0,0.0,-0.0
2023-05-23 20:00:00+00:00,20260124_212136_d95d7e2b_BuyHold_XLE,0.0,0.0,1.0,1.0,0.0,0.0,0.0,0.0
2023-05-24 20:00:00+00:00,20260124_212136_d95d7e2b_BuyHold_XLE,0.0,0.0,1.0,1.0,0.0,0.0,0.0,-0.0
2023-05-25 20:00:00+00:00,20260124_212136_d95d7e2b_BuyHold_XLE,0.0,0.0,1.0,1.0,0.0,0.0,0.0,0.0
2023-05-26 20:00:00+00:00,20260124_212136_d95d7e2b_BuyHold_XLE,0.0,0.0,1.0,1.0,0.0,0.0,0.0,-0.0
2023-05-30 20:00:00+00:00,20260124_212136_d95d7e2b_BuyHold_XLE,0.0,0.0,1.0,1.0,0.0,0.0,0.0,0.0
2023-05-31 20:00:00+00:00,20260124_212136_d95d7e2b_BuyHold_XLE,0.0,0.0,1.0,1.0,0.0,0.0,0.0,-0.0
2023-06-01 20:00:00+00:00,20260124_212136_d95d7e2b_BuyHold_XLE,0.0,0.0,1.0,1.0,0.0,0.0,0.0,0.0
2023-06-02 20:00:00+00:00,20260124_212136_d95d7e2b_BuyHold_XLE,0.0,0.0,1.0,1.0,0.0,0.0,0.0,0.0
2023-06-05 20:00:00+00:00,20260124_212136_d95d7e2b_BuyHold_XLE,0.0,0.0,1.0,1.0,0.0,0.0,0.0,-0.0
2023-06-06 20:00:00+00:00,20260124_212136_d95d7e2b_BuyHold_XLE,0.0,0.0,1.0,1.0,0.0,0.0,0.0,0.0
2023-06-07 20:00:00+00:00,20260124_212136_d95d7e2b_BuyHold_XLE,0.0,0.0,1.0,1.0,0.0,0.0,0.0,0.0
2023-06-08 20:00:00+00:00,20260124_212136_d95d7e2b_BuyHold_XLE,0.0,0.0,1.0,1.0,0.0,0.0,0.0,-0.0
2023-06-09 20:00:00+00:00,20260124_212136_d95d7e2b_BuyHold_XLE,0.0,0.0,1.0,1.0,0.0,0.0,0.0,-0.0
2023-06-12 20:00:00+00:00,20260124_212136_d95d7e2b_BuyHold_XLE,0.0,0.0,1.0,1.0,0.0,0.0,0.0,-0.0
2023-06-13 20:00:00+00:00,20260124_212136_d95d7e2b_BuyHold_XLE,0.0,0.0,1.0,1.0,0.0,0.0,0.0,-0.0
2023-06-14 20:00:00+00:00,20260124_212136_d95d7e2b_BuyHold_XLE,0.0,0.0,1.0,1.0,0.0,0.0,0.0,-0.0
2023-06-15 20:00:00+00:00,20260124_212136_d95d7e2b_BuyHold_XLE,0.0,0.0,1.0,1.0,0.0,0.0,0.0,-0.0
2023-06-16 20:00:00+00:00,20260124_212136_d95d7e2b_BuyHold_XLE,0.0,0.0,1.0,1.0,0.0,0.0,0.0,-0.0
2023-06-20 20:00:00+00:00,20260124_212136_d95d7e2b_BuyHold_XLE,0.0,0.0,1.0,1.0,0.0,0.0,0.0,-0.0
2023-06-21 20:00:00+00:00,20260124_212136_d95d7e2b_BuyHold_XLE,0.0,0.0,1.0,1.0,0.0,0.0,0.0,0.0
2023-06-22 20:00:00+00:00,20260124_212136_d95d7e2b_BuyHold_XLE,0.0,0.0,1.0,1.0,0.0,0.0,0.0,0.0
2023-06-23 20:00:00+00:00,20260124_212136_d95d7e2b_BuyHold_XLE,0.0,0.0,1.0,1.0,0.0,0.0,0.0,0.0
2023-06-26 20:00:00+00:00,20260124_212136_d95d7e2b_BuyHold_XLE,0.0,0.0,1.0,1.0,0.0,0.0,0.0,0.0
2023-06-27 20:00:00+00:00,20260124_212136_d95d7e2b_BuyHold_XLE,0.0,0.0,1.0,1.0,0.0,0.0,0.0,0.0
2023-06-28 20:00:00+00:00,20260124_212136_d95d7e2b_BuyHold_XLE,0.0,0.0,1.0,1.0,0.0,0.0,0.0,0.0
2023-06-29 20:00:00+00:00,20260124_212136_d95d7e2b_BuyHold_XLE,0.0,0.0,1.0,1.0,0.0,0.0,0.0,0.0
2023-06-30 20:00:00+00:00,20260124_212136_d95d7e2b_BuyHold_XLE,0.0,0.0,1.0,1.0,0.0,0.0,0.0,0.0
2023-07-03 20:00:00+00:00,20260124_212136_d95d7e2b_BuyHold_XLE,0.0,0.0,1.0,1.0,0.0,0.0,0.0,-0.0
2023-07-05 20:00:00+00:00,20260124_212136_d95d7e2b_BuyHold_XLE,0.0,0.0,1.0,1.0,0.0,0.0,0.0,-0.0
2023-07-06 20:00:00+00:00,20260124_212136_d95d7e2b_BuyHold_XLE,0.0,0.0,1.0,1.0,0.0,0.0,0.0,-0.0
2023-07-07 20:00:00+00:00,20260124_212136_d95d7e2b_BuyHold_XLE,0.0,0.0,1.0,1.0,0.0,0.0,0.0,0.0
2023-07-10 20:00:00+00:00,20260124_212136_d95d7e2b_BuyHold_XLE,0.0,0.0,1.0,1.0,0.0,0.0,0.0,0.0
2023-07-11 20:00:00+00:00,20260124_212136_d95d7e2b_BuyHold_XLE,0.0,0.0,1.0,1.0,0.0,0.0,0.0,0.0
2023-07-12 20:00:00+00:00,20260124_212136_d95d7e2b_BuyHold_XLE,0.0,0.0,1.0,1.0,0.0,0.0,0.0,-0.0
2023-07-13 20:00:00+00:00,20260124_212136_d95d7e2b_BuyHold_XLE,0.0,0.0,1.0,1.0,0.0,0.0,0.0,-0.0
2023-07-14 20:00:00+00:00,20260124_212136_d95d7e2b_BuyHold_XLE,0.0,0.0,1.0,1.0,0.0,0.0,0.0,-0.0
2023-07-17 20:00:00+00:00,20260124_212136_d95d7e2b_BuyHold_XLE,0.0,0.0,1.0,1.0,0.0,0.0,0.0,0.0
2023-07-18 20:00:00+00:00,20260124_212136_d95d7e2b_BuyHold_XLE,0.0,0.0,1.0,1.0,0.0,0.0,0.0,0.0
2023-07-19 20:00:00+00:00,20260124_212136_d95d7e2b_BuyHold_XLE,0.0,0.0,1.0,1.0,0.0,0.0,0.0,-0.0
2023-07-20 20:00:00+00:00,20260124_212136_d95d7e2b_BuyHold_XLE,0.0,0.0,1.0,1.0,0.0,0.0,0.0,0.0
2023-07-21 20:00:00+00:00,20260124_212136_d95d7e2b_BuyHold_XLE,0.0,0.0,1.0,1.0,0.0,0.0,0.0,0.0
2023-07-24 20:00:00+00:00,20260124_212136_d95d7e2b_BuyHold_XLE,0.0,0.0,1.0,1.0,0.0,0.0,0.0,0.0
2023-07-25 20:00:00+00:00,20260124_212136_d95d7e2b_BuyHold_XLE,0.0,0.0,1.0,1.0,0.0,0.0,0.0,0.0
2023-07-26 20:00:00+00:00,20260124_212136_d95d7e2b_BuyHold_XLE,0.0,0.0,1.0,1.0,0.0,0.0,0.0,0.0
2023-07-27 20:00:00+00:00,20260124_212136_d95d7e2b_BuyHold_XLE,0.0,0.0,1.0,1.0,0.0,0.0,0.0,-0.0
2023-07-28 20:00:00+00:00,20260124_212136_d95d7e2b_BuyHold_XLE,0.0,0.0,1.0,1.0,0.0,0.0,0.0,0.0
2023-07-31 20:00:00+00:00,20260124_212136_d95d7e2b_BuyHold_XLE,0.0,0.0,1.0,1.0,0.0,0.0,0.0,0.0
2023-08-01 20:00:00+00:00,20260124_212136_d95d7e2b_BuyHold_XLE,0.0,0.0,1.0,1.0,0.0,0.0,0.0,0.0
2023-08-02 20:00:00+00:00,20260124_212136_d95d7e2b_BuyHold_XLE,0.0,0.0,1.0,1.0,0.0,0.0,0.0,-0.0
2023-08-03 20:00:00+00:00,20260124_212136_d95d7e2b_BuyHold_XLE,0.0,0.0,1.0,1.0,0.0,0.0,0.0,0.0
2023-08-04 20:00:00+00:00,20260124_212136_d95d7e2b_BuyHold_XLE,0.0,0.0,1.0,1.0,0.0,0.0,0.0,-0.0
2023-08-07 20:00:00+00:00,20260124_212136_d95d7e2b_BuyHold_XLE,0.0,0.0,1.0,1.0,0.0,0.0,0.0,-0.0
2023-08-08 20:00:00+00:00,20260124_212136_d95d7e2b_BuyHold_XLE,0.0,0.0,1.0,1.0,0.0,0.0,0.0,0.0
2023-08-09 20:00:00+00:00,20260124_212136_d95d7e2b_BuyHold_XLE,0.0,0.0,1.0,1.0,0.0,0.0,0.0,0.0
2023-08-10 20:00:00+00:00,20260124_212136_d95d7e2b_BuyHold_XLE,0.0,0.0,1.0,1.0,0.0,0.0,0.0,-0.0
2023-08-11 20:00:00+00:00,20260124_212136_d95d7e2b_BuyHold_XLE,0.0,0.0,1.0,1.0,0.0,0.0,0.0,0.0
2023-08-14 20:00:00+00:00,20260124_212136_d95d7e2b_BuyHold_XLE,0.0,0.0,1.0,1.0,0.0,0.0,0.0,0.0
2023-08-15 20:00:00+00:00,20260124_212136_d95d7e2b_BuyHold_XLE,0.0,0.0,1.0,1.0,0.0,0.0,0.0,-0.0
2023-08-16 20:00:00+00:00,20260124_212136_d95d7e2b_BuyHold_XLE,0.0,0.0,1.0,1.0,0.0,0.0,0.0,-0.0
2023-08-17 20:00:00+00:00,20260124_212136_d95d7e2b_BuyHold_XLE,0.0,0.0,1.0,1.0,0.0,0.0,0.0,-0.0
2023-08-18 20:00:00+00:00,20260124_212136_d95d7e2b_BuyHold_XLE,0.0,0.0,1.0,1.0,0.0,0.0,0.0,0.0
2023-08-21 20:00:00+00:00,20260124_212136_d95d7e2b_BuyHold_XLE,0.0,0.0,1.0,1.0,0.0,0.0,0.0,-0.0
2023-08-22 20:00:00+00:00,20260124_212136_d95d7e2b_BuyHold_XLE,0.0,0.0,1.0,1.0,0.0,0.0,0.0,-0.0
2023-08-23 20:00:00+00:00,20260124_212136_d95d7e2b_BuyHold_XLE,0.0,0.0,1.0,1.0,0.0,0.0,0.0,-0.0
2023-08-24 20:00:00+00:00,20260124_212136_d95d7e2b_BuyHold_XLE,0.0,0.0,1.0,1.0,0.0,0.0,0.0,0.0
2023-08-25 20:00:00+00:00,20260124_212136_d95d7e2b_BuyHold_XLE,0.0,0.0,1.0,1.0,0.0,0.0,0.0,0.0
2023-08-28 20:00:00+00:00,20260124_212136_d95d7e2b_BuyHold_XLE,0.0,0.0,1.0,1.0,0.0,0.0,0.0,0.0
2023-08-29 20:00:00+00:00,20260124_212136_d95d7e2b_BuyHold_XLE,0.0,0.0,1.0,1.0,0.0,0.0,0.0,0.0
2023-08-30 20:00:00+00:00,20260124_212136_d95d7e2b_BuyHold_XLE,0.0,0.0,1.0,1.0,0.0,0.0,0.0,0.0
2023-08-31 20:00:00+00:00,20260124_212136_d95d7e2b_BuyHold_XLE,0.0,0.0,1.0,1.0,0.0,0.0,0.0,0.0
2023-09-01 20:00:00+00:00,20260124_212136_d95d7e2b_BuyHold_XLE,0.0,0.0,1.0,1.0,0.0,0.0,0.0,0.0
2023-09-05 20:00:00+00:00,20260124_212136_d95d7e2b_BuyHold_XLE,0.0,0.0,1.0,1.0,0.0,0.0,0.0,0.0
2023-09-06 20:00:00+00:00,20260124_212136_d95d7e2b_BuyHold_XLE,0.0,0.0,1.0,1.0,0.0,0.0,0.0,-0.0
2023-09-07 20:00:00+00:00,20260124_212136_d95d7e2b_BuyHold_XLE,0.0,0.0,1.0,1.0,0.0,0.0,0.0,-0.0
2023-09-08 20:00:00+00:00,20260124_212136_d95d7e2b_BuyHold_XLE,0.0,0.0,1.0,1.0,0.0,0.0,0.0,0.0
2023-09-11 20:00:00+00:00,20260124_212136_d95d7e2b_BuyHold_XLE,0.0,0.0,1.0,1.0,0.0,0.0,0.0,-0.0
2023-09-12 20:00:00+00:00,20260124_212136_d95d7e2b_BuyHold_XLE,0.0,0.0,1.0,1.0,0.0,0.0,0.0,0.0
2023-09-13 20:00:00+00:00,20260124_212136_d95d7e2b_BuyHold_XLE,0.0,0.0,1.0,1.0,0.0,0.0,0.0,-0.0
2023-09-14 20:00:00+00:00,20260124_212136_d95d7e2b_BuyHold_XLE,0.0,0.0,1.0,1.0,0.0,0.0,0.0,0.0
2023-09-15 20:00:00+00:00,20260124_212136_d95d7e2b_BuyHold_XLE,0.0,0.0,1.0,1.0,0.0,0.0,0.0,-0.0
2023-09-18 20:00:00+00:00,20260124_212136_d95d7e2b_BuyHold_XLE,0.0,0.0,1.0,1.0,0.0,0.0,0.0,0.0
2023-09-19 20:00:00+00:00,20260124_212136_d95d7e2b_BuyHold_XLE,0.0,0.0,1.0,1.0,0.0,0.0,0.0,-0.0
2023-09-20 20:00:00+00:00,20260124_212136_d95d7e2b_BuyHold_XLE,0.0,0.0,1.0,1.0,0.0,0.0,0.0,-0.0
2023-09-21 20:00:00+00:00,20260124_212136_d95d7e2b_BuyHold_XLE,0.0,0.0,1.0,1.0,0.0,0.0,0.0,-0.0
2023-09-22 20:00:00+00:00,20260124_212136_d95d7e2b_BuyHold_XLE,0.0,0.0,1.0,1.0,0.0,0.0,0.0,0.0
2023-09-25 20:00:00+00:00,20260124_212136_d95d7e2b_BuyHold_XLE,0.0,0.0,1.0,1.0,0.0,0.0,0.0,0.0
2023-09-26 20:00:00+00:00,20260124_212136_d95d7e2b_BuyHold_XLE,0.0,0.0,1.0,1.0,0.0,0.0,0.0,-0.0
2023-09-27 20:00:00+00:00,20260124_212136_d95d7e2b_BuyHold_XLE,0.0,0.0,1.0,1.0,0.0,0.0,0.0,0.0
2023-09-28 20:00:00+00:00,20260124_212136_d95d7e2b_BuyHold_XLE,0.0,0.0,1.0,1.0,0.0,0.0,0.0,0.0
2023-09-29 20:00:00+00:00,20260124_212136_d95d7e2b_BuyHold_XLE,0.0,0.0,1.0,1.0,0.0,0.0,0.0,-0.0
2023-10-02 20:00:00+00:00,20260124_212136_d95d7e2b_BuyHold_XLE,0.0,0.0,1.0,1.0,0.0,0.0,0.0,-0.0
2023-10-03 20:00:00+00:00,20260124_212136_d95d7e2b_BuyHold_XLE,0.0,0.0,1.0,1.0,0.0,0.0,0.0,-0.0
2023-10-04 20:00:00+00:00,20260124_212136_d95d7e2b_BuyHold_XLE,0.0,0.0,1.0,1.0,0.0,0.0,0.0,-0.0
2023-10-05 20:00:00+00:00,20260124_212136_d95d7e2b_BuyHold_XLE,0.0,0.0,1.0,1.0,0.0,0.0,0.0,0.0
2023-10-06 20:00:00+00:00,20260124_212136_d95d7e2b_BuyHold_XLE,0.0,0.0,1.0,1.0,0.0,0.0,0.0,0.0
2023-10-09 20:00:00+00:00,20260124_212136_d95d7e2b_BuyHold_XLE,0.0,0.0,1.0,1.0,0.0,0.0,0.0,0.0
2023-10-10 20:00:00+00:00,20260124_212136_d95d7e2b_BuyHold_XLE,0.0,0.0,1.0,1.0,0.0,0.0,0.0,0.0
2023-10-11 20:00:00+00:00,20260124_212136_d95d7e2b_BuyHold_XLE,0.0,0.0,1.0,1.0,0.0,0.0,0.0,0.0
2023-10-12 20:00:00+00:00,20260124_212136_d95d7e2b_BuyHold_XLE,0.0,0.0,1.0,1.0,0.0,0.0,0.0,-0.0
2023-10-13 20:00:00+00:00,20260124_212136_d95d7e2b_BuyHold_XLE,0.0,0.0,1.0,1.0,0.0,0.0,0.0,0.0
2023-10-16 20:00:00+00:00,20260124_212136_d95d7e2b_BuyHold_XLE,0.0,0.0,1.0,1.0,0.0,0.0,0.0,0.0
2023-10-17 20:00:00+00:00,20260124_212136_d95d7e2b_BuyHold_XLE,0.0,0.0,1.0,1.0,0.0,0.0,0.0,0.0
2023-10-18 20:00:00+00:00,20260124_212136_d95d7e2b_BuyHold_XLE,0.0,0.0,1.0,1.0,0.0,0.0,0.0,-0.0
2023-10-19 20:00:00+00:00,20260124_212136_d95d7e2b_BuyHold_XLE,0.0,0.0,1.0,1.0,0.0,0.0,0.0,-0.0
2023-10-20 20:00:00+00:00,20260124_212136_d95d7e2b_BuyHold_XLE,0.0,0.0,1.0,1.0,0.0,0.0,0.0,-0.0
2023-10-23 20:00:00+00:00,20260124_212136_d95d7e2b_BuyHold_XLE,0.0,0.0,1.0,1.0,0.0,0.0,0.0,-0.0
2023-10-24 20:00:00+00:00,20260124_212136_d95d7e2b_BuyHold_XLE,0.0,0.0,1.0,1.0,0.0,0.0,0.0,-0.0
2023-10-25 20:00:00+00:00,20260124_212136_d95d7e2b_BuyHold_XLE,0.0,0.0,1.0,1.0,0.0,0.0,0.0,-0.0
2023-10-26 20:00:00+00:00,20260124_212136_d95d7e2b_BuyHold_XLE,0.0,0.0,1.0,1.0,0.0,0.0,0.0,0.0
2023-10-27 20:00:00+00:00,20260124_212136_d95d7e2b_BuyHold_XLE,0.0,0.0,1.0,1.0,0.0,0.0,0.0,-0.0
2023-10-30 20:00:00+00:00,20260124_212136_d95d7e2b_BuyHold_XLE,0.0,0.0,1.0,1.0,0.0,0.0,0.0,-0.0
2023-10-31 20:00:00+00:00,20260124_212136_d95d7e2b_BuyHold_XLE,0.0,0.0,1.0,1.0,0.0,0.0,0.0,0.0
2023-11-01 20:00:00+00:00,20260124_212136_d95d7e2b_BuyHold_XLE,0.0,0.0,1.0,1.0,0.0,0.0,0.0,-0.0
2023-11-02 20:00:00+00:00,20260124_212136_d95d7e2b_BuyHold_XLE,0.0,0.0,1.0,1.0,0.0,0.0,0.0,0.0
2023-11-03 20:00:00+00:00,20260124_212136_d95d7e2b_BuyHold_XLE,0.0,0.0,1.0,1.0,0.0,0.0,0.0,-0.0
2023-11-06 21:00:00+00:00,20260124_212136_d95d7e2b_BuyHold_XLE,0.0,0.0,1.0,1.0,0.0,0.0,0.0,-0.0
2023-11-07 21:00:00+00:00,20260124_212136_d95d7e2b_BuyHold_XLE,0.0,0.0,1.0,1.0,0.0,0.0,0.0,0.0
2023-11-08 21:00:00+00:00,20260124_212136_d95d7e2b_BuyHold_XLE,0.0,0.0,1.0,1.0,0.0,0.0,0.0,-0.0
2023-11-09 21:00:00+00:00,20260124_212136_d95d7e2b_BuyHold_XLE,0.0,0.0,1.0,1.0,0.0,0.0,0.0,-0.0
2023-11-10 21:00:00+00:00,20260124_212136_d95d7e2b_BuyHold_XLE,0.0,0.0,1.0,1.0,0.0,0.0,0.0,0.0
2023-11-13 21:00:00+00:00,20260124_212136_d95d7e2b_BuyHold_XLE,0.0,0.0,1.0,1.0,0.0,0.0,0.0,0.0
2023-11-14 21:00:00+00:00,20260124_212136_d95d7e2b_BuyHold_XLE,0.0,0.0,1.0,1.0,0.0,0.0,0.0,0.0
2023-11-15 21:00:00+00:00,20260124_212136_d95d7e2b_BuyHold_XLE,0.0,0.0,1.0,1.0,0.0,0.0,0.0,-0.0
2023-11-16 21:00:00+00:00,20260124_212136_d95d7e2b_BuyHold_XLE,0.0,0.0,1.0,1.0,0.0,0.0,0.0,-0.0
2023-11-17 21:00:00+00:00,20260124_212136_d95d7e2b_BuyHold_XLE,0.0,0.0,1.0,1.0,0.0,0.0,0.0,0.0
2023-11-20 21:00:00+00:00,20260124_212136_d95d7e2b_BuyHold_XLE,0.0,0.0,1.0,1.0,0.0,0.0,0.0,-0.0
2023-11-21 21:00:00+00:00,20260124_212136_d95d7e2b_BuyHold_XLE,0.0,0.0,1.0,1.0,0.0,0.0,0.0,0.0
2023-11-22 21:00:00+00:00,20260124_212136_d95d7e2b_BuyHold_XLE,0.0,0.0,1.0,1.0,0.0,0.0,0.0,0.0
2023-11-24 21:00:00+00:00,20260124_212136_d95d7e2b_BuyHold_XLE,0.0,0.0,1.0,1.0,0.0,0.0,0.0,-0.0
2023-11-27 21:00:00+00:00,20260124_212136_d95d7e2b_BuyHold_XLE,0.0,0.0,1.0,1.0,0.0,0.0,0.0,0.0
2023-11-28 21:00:00+00:00,20260124_212136_d95d7e2b_BuyHold_XLE,0.0,0.0,1.0,1.0,0.0,0.0,0.0,-0.0
2023-11-29 21:00:00+00:00,20260124_212136_d95d7e2b_BuyHold_XLE,0.0,0.0,1.0,1.0,0.0,0.0,0.0,-0.0
2023-11-30 21:00:00+00:00,20260124_212136_d95d7e2b_BuyHold_XLE,0.0,0.0,1.0,1.0,0.0,0.0,0.0,0.0
2023-12-01 21:00:00+00:00,20260124_212136_d95d7e2b_BuyHold_XLE,0.0,0.0,1.0,1.0,0.0,0.0,0.0,0.0
2023-12-04 21:00:00+00:00,20260124_212136_d95d7e2b_BuyHold_XLE,0.0,0.0,1.0,1.0,0.0,0.0,0.0,-0.0
2023-12-05 21:00:00+00:00,20260124_212136_d95d7e2b_BuyHold_XLE,0.0,0.0,1.0,1.0,0.0,0.0,0.0,-0.0
2023-12-06 21:00:00+00:00,20260124_212136_d95d7e2b_BuyHold_XLE,0.0,0.0,1.0,1.0,0.0,0.0,0.0,-0.0
2023-12-07 21:00:00+00:00,20260124_212136_d95d7e2b_BuyHold_XLE,0.0,0.0,1.0,1.0,0.0,0.0,0.0,-0.0
2023-12-08 21:00:00+00:00,20260124_212136_d95d7e2b_BuyHold_XLE,0.0,0.0,1.0,1.0,0.0,0.0,0.0,0.0
2023-12-11 21:00:00+00:00,20260124_212136_d95d7e2b_BuyHold_XLE,0.0,0.0,1.0,1.0,0.0,0.0,0.0,0.0
2023-12-12 21:00:00+00:00,20260124_212136_d95d7e2b_BuyHold_XLE,0.0,0.0,1.0,1.0,0.0,0.0,0.0,0.0
2023-12-13 21:00:00+00:00,20260124_212136_d95d7e2b_BuyHold_XLE,0.0,0.0,1.0,1.0,0.0,0.0,0.0,0.0
2023-12-14 21:00:00+00:00,20260124_212136_d95d7e2b_BuyHold_XLE,0.0,0.0,1.0,1.0,0.0,0.0,0.0,0.0
2023-12-15 21:00:00+00:00,20260124_212136_d95d7e2b_BuyHold_XLE,0.0,0.0,1.0,1.0,0.0,0.0,0.0,0.0
2023-12-18 21:00:00+00:00,20260124_212136_d95d7e2b_BuyHold_XLE,0.0,0.0,1.0,1.0,0.0,0.0,0.0,-0.0
2023-12-19 21:00:00+00:00,20260124_212136_d95d7e2b_BuyHold_XLE,0.0,0.0,1.0,1.0,0.0,0.0,0.0,0.0
2023-12-20 21:00:00+00:00,20260124_212136_d95d7e2b_BuyHold_XLE,0.0,0.0,1.0,1.0,0.0,0.0,0.0,-0.0
2023-12-21 21:00:00+00:00,20260124_212136_d95d7e2b_BuyHold_XLE,0.0,0.0,1.0,1.0,0.0,0.0,0.0,0.0
2023-12-22 21:00:00+00:00,20260124_212136_d95d7e2b_BuyHold_XLE,0.0,0.0,1.0,1.0,0.0,0.0,0.0,-0.0
2023-12-26 21:00:00+00:00,20260124_212136_d95d7e2b_BuyHold_XLE,0.0,0.0,1.0,1.0,0.0,0.0,0.0,0.0
2023-12-27 21:00:00+00:00,20260124_212136_d95d7e2b_BuyHold_XLE,0.0,0.0,1.0,1.0,0.0,0.0,0.0,-0.0
2023-12-28 21:00:00+00:00,20260124_212136_d95d7e2b_BuyHold_XLE,0.0,0.0,1.0,1.0,0.0,0.0,0.0,-0.0
2023-12-29 21:00:00+00:00,20260124_212136_d95d7e2b_BuyHold_XLE,0.0,0.0,1.0,1.0,0.0,0.0,0.0,-0.0
2024-01-02 21:00:00+00:00,20260124_212136_d95d7e2b_BuyHold_XLE,0.0,0.0,1.0,1.0,0.0,0.0,0.0,0.0
2024-01-03 21:00:00+00:00,20260124_212136_d95d7e2b_BuyHold_XLE,0.0,0.0,1.0,1.0,0.0,0.0,0.0,0.0
2024-01-04 21:00:00+00:00,20260124_212136_d95d7e2b_BuyHold_XLE,0.0,0.0,1.0,1.0,0.0,0.0,0.0,-0.0
2024-01-05 21:00:00+00:00,20260124_212136_d95d7e2b_BuyHold_XLE,0.0,0.0,1.0,1.0,0.0,0.0,0.0,-0.0
2024-01-08 21:00:00+00:00,20260124_212136_d95d7e2b_BuyHold_XLE,0.0,0.0,1.0,1.0,0.0,0.0,0.0,0.0
2024-01-09 21:00:00+00:00,20260124_212136_d95d7e2b_BuyHold_XLE,0.0,0.0,1.0,1.0,0.0,0.0,0.0,-0.0
2024-01-10 21:00:00+00:00,20260124_212136_d95d7e2b_BuyHold_XLE,0.0,0.0,1.0,1.0,0.0,0.0,0.0,-0.0
2024-01-11 21:00:00+00:00,20260124_212136_d95d7e2b_BuyHold_XLE,0.0,0.0,1.0,1.0,0.0,0.0,0.0,-0.0
2024-01-12 21:00:00+00:00,20260124_212136_d95d7e2b_BuyHold_XLE,0.0,0.0,1.0,1.0,0.0,0.0,0.0,-0.0
2024-01-16 21:00:00+00:00,20260124_212136_d95d7e2b_BuyHold_XLE,-0.014958945782394775,-0.014958945782394775,0.9850410542176052,0.9850410542176052,0.0,0.0,1.0,-0.014958945782394775
2024-01-17 21:00:00+00:00,20260124_212136_d95d7e2b_BuyHold_XLE,-0.005319161477599775,-0.005319161477599775,0.9798014617881566,0.9798014617881566,0.0,0.0,1.0,-0.005319161477599775
2024-01-18 21:00:00+00:00,20260124_212136_d95d7e2b_BuyHold_XLE,0.004553376020375018,0.004553376020375018,0.9842628662689913,0.9842628662689913,0.0,0.0,1.0,0.004553376020375018
2024-01-19 21:00:00+00:00,20260124_212136_d95d7e2b_BuyHold_XLE,0.005339040979420641,0.005339040979420641,0.9895178860465236,0.9895178860465236,0.0,0.0,1.0,0.005339040979420641
2024-01-22 21:00:00+00:00,20260124_212136_d95d7e2b_BuyHold_XLE,0.003456990545586924,0.003456990545586924,0.9929386400232757,0.9929386400232757,0.0,0.0,1.0,0.003456990545586924
2024-01-23 21:00:00+00:00,20260124_212136_d95d7e2b_BuyHold_XLE,-0.0023793798403399526,-0.0023793798403399526,0.9905760618405097,0.9905760618405097,0.0,0.0,1.0,-0.0023793798403399526
2024-01-24 21:00:00+00:00,20260124_212136_d95d7e2b_BuyHold_XLE,0.014192091029296115,0.014192091029296115,1.0046344074815918,1.0046344074815918,0.0,0.0,1.0,0.014192091029296115
2024-01-25 21:00:00+00:00,20260124_212136_d95d7e2b_BuyHold_XLE,0.018547672355760964,0.018547672355760964,1.0232680373088845,1.0232680373088845,0.0,0.0,1.0,0.018547672355760964
2024-01-26 21:00:00+00:00,20260124_212136_d95d7e2b_BuyHold_XLE,0.007885072012446252,0.007885072012446252,1.0313365794710996,1.0313365794710996,0.0,0.0,1.0,0.007885072012446252
2024-01-29 21:00:00+00:00,20260124_212136_d95d7e2b_BuyHold_XLE,0.010201567688347003,0.010201567688347003,1.041857829396042,1.041857829396042,0.0,0.0,1.0,0.010201567688347003
2024-01-30 21:00:00+00:00,20260124_212136_d95d7e2b_BuyHold_XLE,0.017484291845609498,0.017484291845609498,1.0600739757468358,1.0600739757468358,0.0,0.0,1.0,0.017484291845609498
2024-01-31 21:00:00+00:00,20260124_212136_d95d7e2b_BuyHold_XLE,-0.015244197643116493,-0.015244197643116493,1.0439139985442267,1.0439139985442267,0.0,0.0,1.0,-0.015244197643116493
2024-02-01 21:00:00+00:00,20260124_212136_d95d7e2b_BuyHold_XLE,2.547961841514734e-16,2.547961841514734e-16,1.043913998544227,1.043913998544227,0.0,0.0,1.0,2.547961841514734e-16
2024-02-02 21:00:00+00:00,20260124_212136_d95d7e2b_BuyHold_XLE,0.001278936099637078,0.001278936099637078,1.0452490978418816,1.0452490978418816,0.0,0.0,1.0,0.001278936099637078
2024-02-05 21:00:00+00:00,20260124_212136_d95d7e2b_BuyHold_XLE,-0.0025595099716510823,-0.0025595099716510823,1.042573772353096,1.042573772353096,0.0,0.0,1.0,-0.0025595099716510823
2024-02-06 21:00:00+00:00,20260124_212136_d95d7e2b_BuyHold_XLE,0.0005107252409279642,0.0005107252409279642,1.043106241094166,1.043106241094166,0.0,0.0,1.0,0.0005107252409279642
2024-02-07 21:00:00+00:00,20260124_212136_d95d7e2b_BuyHold_XLE,-0.0007644286268536752,-0.0007644286268536752,1.0423088608226239,1.0423088608226239,0.0,0.0,1.0,-0.0007644286268536752
2024-02-08 21:00:00+00:00,20260124_212136_d95d7e2b_BuyHold_XLE,0.006325131776969071,0.006325131776969071,1.0489016017196293,1.0489016017196293,0.0,0.0,1.0,0.006325131776969071
2024-02-09 21:00:00+00:00,20260124_212136_d95d7e2b_BuyHold_XLE,-0.019787555819702,-0.019787555819702,1.0281464027262273,1.0281464027262273,0.0,0.0,1.0,-0.019787555819702
2024-02-12 21:00:00+00:00,20260124_212136_d95d7e2b_BuyHold_XLE,0.001775523611654427,0.001775523611654427,1.029971900940505,1.029971900940505,0.0,0.0,1.0,0.001775523611654427
2024-02-13 21:00:00+00:00,20260124_212136_d95d7e2b_BuyHold_XLE,-0.005612259628905571,-0.005612259628905571,1.0241914312219496,1.0241914312219496,0.0,0.0,1.0,-0.005612259628905571
2024-02-14 21:00:00+00:00,20260124_212136_d95d7e2b_BuyHold_XLE,-0.008417343410754492,-0.008417343410754492,1.0155704602270021,1.0155704602270021,0.0,0.0,1.0,-0.008417343410754492
2024-02-15 21:00:00+00:00,20260124_212136_d95d7e2b_BuyHold_XLE,0.016342287020640136,0.016342287020640136,1.0321672041777155,1.0321672041777155,0.0,0.0,1.0,0.016342287020640136
2024-02-16 21:00:00+00:00,20260124_212136_d95d7e2b_BuyHold_XLE,-0.00024940765810794877,-0.00024940765810794877,1.0319097737725456,1.0319097737725456,0.0,0.0,1.0,-0.00024940765810794877
2024-02-20 21:00:00+00:00,20260124_212136_d95d7e2b_BuyHold_XLE,-0.009020356827908152,-0.009020356827908152,1.0226015793989112,1.0226015793989112,0.0,0.0,1.0,-0.009020356827908152
2024-02-21 21:00:00+00:00,20260124_212136_d95d7e2b_BuyHold_XLE,0.0182072619130919,0.0182072619130919,1.0412203541877687,1.0412203541877687,0.0,0.0,1.0,0.0182072619130919
2024-02-22 21:00:00+00:00,20260124_212136_d95d7e2b_BuyHold_XLE,0.0012350254749993524,0.0012350254749993524,1.0425062878502784,1.0425062878502784,0.0,0.0,1.0,0.0012350254749993524
2024-02-23 21:00:00+00:00,20260124_212136_d95d7e2b_BuyHold_XLE,0.008226395638077783,0.008226395638077783,1.0510823570293186,1.0510823570293186,0.0,0.0,1.0,0.008226395638077783
2024-02-26 21:00:00+00:00,20260124_212136_d95d7e2b_BuyHold_XLE,0.002477701961307505,0.002477701961307505,1.053686625846826,1.053686625846826,0.0,0.0,1.0,0.002477701961307505
2024-02-27 21:00:00+00:00,20260124_212136_d95d7e2b_BuyHold_XLE,-0.005205117713016869,-0.005205117713016869,1.0482020629266617,1.0482020629266617,0.0,0.0,1.0,-0.005205117713016869
2024-02-28 21:00:00+00:00,20260124_212136_d95d7e2b_BuyHold_XLE,-0.007689483504300817,-0.007689483504300817,1.0401419304546131,1.0401419304546131,0.0,0.0,1.0,-0.007689483504300817
2024-02-29 21:00:00+00:00,20260124_212136_d95d7e2b_BuyHold_XLE,-0.0004959087629524731,-0.0004959087629524731,1.0396261149565864,1.0396261149565864,0.0,0.0,1.0,-0.0004959087629524731
2024-03-01 21:00:00+00:00,20260124_212136_d95d7e2b_BuyHold_XLE,0.0009811136425952806,0.0009811136425952806,1.0406461063211685,1.0406461063211685,0.0,0.0,1.0,0.0009811136425952806
2024-03-04 21:00:00+00:00,20260124_212136_d95d7e2b_BuyHold_XLE,-0.009854723754146252,-0.009854723754146252,1.0303908264175454,1.0303908264175454,0.0,0.0,1.0,-0.009854723754146252
2024-03-05 21:00:00+00:00,20260124_212136_d95d7e2b_BuyHold_XLE,1.1657341758564144e-16,1.1657341758564144e-16,1.0303908264175456,1.0303908264175456,0.0,0.0,1.0,1.1657341758564144e-16
2024-03-06 21:00:00+00:00,20260124_212136_d95d7e2b_BuyHold_XLE,-0.0009794320077768928,-0.0009794320077768928,1.0293816286616326,1.0293816286616326,0.0,0.0,1.0,-0.0009794320077768928
2024-03-07 21:00:00+00:00,20260124_212136_d95d7e2b_BuyHold_XLE,-0.0012146242231780033,-0.0012146242231780033,1.028131316800566,1.028131316800566,0.0,0.0,1.0,-0.0012146242231780033
2024-03-08 21:00:00+00:00,20260124_212136_d95d7e2b_BuyHold_XLE,0.004123717183862068,0.004123717183862068,1.0323710395789232,1.0323710395789232,0.0,0.0,1.0,0.004123717183862068
2024-03-11 20:00:00+00:00,20260124_212136_d95d7e2b_BuyHold_XLE,0.010115693194787527,0.010115693194787527,1.0428141882784874,1.0428141882784874,0.0,0.0,1.0,0.010115693194787527
2024-03-12 20:00:00+00:00,20260124_212136_d95d7e2b_BuyHold_XLE,-0.0016788587706353746,-0.0016788587706353746,1.041063450532353,1.041063450532353,0.0,0.0,1.0,-0.0016788587706353746
2024-03-13 20:00:00+00:00,20260124_212136_d95d7e2b_BuyHold_XLE,0.00023632281806748167,0.00023632281806748167,1.0413094775807699,1.0413094775807699,0.0,0.0,1.0,0.00023632281806748167
2024-03-14 20:00:00+00:00,20260124_212136_d95d7e2b_BuyHold_XLE,0.006803545305133483,0.006803545305133483,1.0483940737881554,1.0483940737881554,0.0,0.0,1.0,0.006803545305133483
2024-03-15 20:00:00+00:00,20260124_212136_d95d7e2b_BuyHold_XLE,-0.0032588483217187414,-0.0032588483217187414,1.044977516520291,1.044977516520291,0.0,0.0,1.0,-0.0032588483217187414
2024-03-18 20:00:00+00:00,20260124_212136_d95d7e2b_BuyHold_XLE,0.0046565858299506225,0.0046565858299506225,1.0498435440163363,1.0498435440163363,0.0,0.0,1.0,0.0046565858299506225
2024-03-19 20:00:00+00:00,20260124_212136_d95d7e2b_BuyHold_XLE,0.002760526252704126,0.002760526252704126,1.0527416646808254,1.0527416646808254,0.0,0.0,1.0,0.002760526252704126
2024-03-20 20:00:00+00:00,20260124_212136_d95d7e2b_BuyHold_XLE,0.002302556854280032,0.002302556854280032,1.0551656622166223,1.0551656622166223,0.0,0.0,1.0,0.002302556854280032
2024-03-21 20:00:00+00:00,20260124_212136_d95d7e2b_BuyHold_XLE,0.0006865774385734069,0.0006865774385734069,1.0558901151542577,1.0558901151542577,0.0,0.0,1.0,0.0006865774385734069
2024-03-22 20:00:00+00:00,20260124_212136_d95d7e2b_BuyHold_XLE,-0.0020611481017401615,-0.0020611481017401615,1.0537137692477612,1.0537137692477612,0.0,0.0,1.0,-0.0020611481017401615
2024-03-25 20:00:00+00:00,20260124_212136_d95d7e2b_BuyHold_XLE,-0.006114841836790797,-0.006114841836790797,1.0472704762075624,1.0472704762075624,0.0,0.0,1.0,-0.006114841836790797
2024-03-26 20:00:00+00:00,20260124_212136_d95d7e2b_BuyHold_XLE,-0.004111472214778347,-0.004111472214778347,1.0429646527432772,1.0429646527432772,0.0,0.0,1.0,-0.004111472214778347
2024-03-27 20:00:00+00:00,20260124_212136_d95d7e2b_BuyHold_XLE,0.009567271153503904,0.009567271153503904,1.0529429783795923,1.0529429783795923,0.0,0.0,1.0,0.009567271153503904
2024-03-28 20:00:00+00:00,20260124_212136_d95d7e2b_BuyHold_XLE,0.006753740214414931,0.006753740214414931,1.0600542817161602,1.0600542817161602,0.0,0.0,1.0,0.006753740214414931
2024-04-01 20:00:00+00:00,20260124_212136_d95d7e2b_BuyHold_XLE,0.008046534251213648,0.008046534251213648,1.068584044802135,1.068584044802135,0.0,0.0,1.0,0.008046534251213648
2024-04-02 20:00:00+00:00,20260124_212136_d95d7e2b_BuyHold_XLE,0.004179964286470548,0.004179964286470548,1.0730506879465003,1.0730506879465003,0.0,0.0,1.0,0.004179964286470548
2024-04-03 20:00:00+00:00,20260124_212136_d95d7e2b_BuyHold_XLE,0.003057438503148713,0.003057438503148713,1.0763314744356582,1.0763314744356582,0.0,0.0,1.0,0.003057438503148713
2024-04-04 20:00:00+00:00,20260124_212136_d95d7e2b_BuyHold_XLE,-0.0019622812357809245,-0.0019622812357809245,1.0742194093798927,1.0742194093798927,0.0,0.0,1.0,-0.0019622812357809245
2024-04-05 20:00:00+00:00,20260124_212136_d95d7e2b_BuyHold_XLE,0.010637243467311328,0.010637243467311328,1.0856461427747781,1.0856461427747781,0.0,0.0,1.0,0.010637243467311328
2024-04-08 20:00:00+00:00,20260124_212136_d95d7e2b_BuyHold_XLE,-0.006281835885440781,-0.006281835885440781,1.0788262918762053,1.0788262918762053,0.0,0.0,1.0,-0.006281835885440781
2024-04-09 20:00:00+00:00,20260124_212136_d95d7e2b_BuyHold_XLE,-0.0019529137160472331,-0.0019529137160472331,1.0767194372135678,1.0767194372135678,0.0,0.0,1.0,-0.0019529137160472331
2024-04-10 20:00:00+00:00,20260124_212136_d95d7e2b_BuyHold_XLE,0.003252740588831916,0.003252740588831916,1.0802217262297766,1.0802217262297766,0.0,0.0,1.0,0.003252740588831916
2024-04-11 20:00:00+00:00,20260124_212136_d95d7e2b_BuyHold_XLE,0.0017364883894638932,0.0017364883894638932,1.0820975187154214,1.0820975187154214,0.0,0.0,1.0,0.0017364883894638932
2024-04-12 20:00:00+00:00,20260124_212136_d95d7e2b_BuyHold_XLE,-0.02759545012490935,-0.02759545012490935,1.0522365506074218,1.0522365506074218,0.0,0.0,1.0,-0.02759545012490935
2024-04-15 20:00:00+00:00,20260124_212136_d95d7e2b_BuyHold_XLE,-0.016536591138794316,-0.016536591138794316,1.0348361449887316,1.0348361449887316,0.0,0.0,1.0,-0.016536591138794316
2024-04-16 20:00:00+00:00,20260124_212136_d95d7e2b_BuyHold_XLE,-0.006036910452677253,-0.006036910452677253,1.0285889318482409,1.0285889318482409,0.0,0.0,1.0,-0.006036910452677253
2024-04-17 20:00:00+00:00,20260124_212136_d95d7e2b_BuyHold_XLE,-0.006729500496939378,-0.006729500496939378,1.0216670421202216,1.0216670421202216,0.0,0.0,1.0,-0.006729500496939378
2024-04-18 20:00:00+00:00,20260124_212136_d95d7e2b_BuyHold_XLE,-0.0009019166338558076,-0.0009019166338558076,1.0207455836206711,1.0207455836206711,0.0,0.0,1.0,-0.0009019166338558076
2024-04-19 20:00:00+00:00,20260124_212136_d95d7e2b_BuyHold_XLE,0.002009153483094718,0.002009153483094718,1.0227964181653564,1.0227964181653564,0.0,0.0,1.0,0.002009153483094718
2024-04-22 20:00:00+00:00,20260124_212136_d95d7e2b_BuyHold_XLE,0.014957305302859308,0.014957305302859308,1.0380946964545266,1.0380946964545266,0.0,0.0,1.0,0.014957305302859308
2024-04-23 20:00:00+00:00,20260124_212136_d95d7e2b_BuyHold_XLE,0.011976191046715275,0.011976191046715275,1.050527116863848,1.050527116863848,0.0,0.0,1.0,0.011976191046715275
2024-04-24 20:00:00+00:00,20260124_212136_d95d7e2b_BuyHold_XLE,0.007955843068755077,0.007955843068755077,1.0588849457450886,1.0588849457450886,0.0,0.0,1.0,0.007955843068755077
2024-04-25 20:00:00+00:00,20260124_212136_d95d7e2b_BuyHold_XLE,0.005051070363565131,0.005051070363565131,1.064233448112967,1.064233448112967,0.0,0.0,1.0,0.005051070363565131
2024-04-26 20:00:00+00:00,20260124_212136_d95d7e2b_BuyHold_XLE,0.0008851516400013748,0.0008851516400013748,1.0651754560949085,1.0651754560949085,0.0,0.0,1.0,0.0008851516400013748
2024-04-29 20:00:00+00:00,20260124_212136_d95d7e2b_BuyHold_XLE,0.0039621447386927015,0.0039621447386927015,1.0693958354240594,1.0693958354240594,0.0,0.0,1.0,0.0039621447386927015
2024-04-30 20:00:00+00:00,20260124_212136_d95d7e2b_BuyHold_XLE,-0.024598735839432204,-0.024598735839432204,1.043090049760674,1.043090049760674,0.0,0.0,1.0,-0.024598735839432204
2024-05-01 20:00:00+00:00,20260124_212136_d95d7e2b_BuyHold_XLE,-0.011209084534719976,-0.011209084534719976,1.0313979652155814,1.0313979652155814,0.0,0.0,1.0,-0.011209084534719976
2024-05-02 20:00:00+00:00,20260124_212136_d95d7e2b_BuyHold_XLE,0.005734618307637515,0.005734618307637515,1.0373126388693665,1.0373126388693665,0.0,0.0,1.0,0.005734618307637515
2024-05-03 20:00:00+00:00,20260124_212136_d95d7e2b_BuyHold_XLE,0.0034376108104631816,0.0034376108104631816,1.040878516010574,1.040878516010574,0.0,0.0,1.0,0.0034376108104631816
2024-05-06 20:00:00+00:00,20260124_212136_d95d7e2b_BuyHold_XLE,0.00820236997867241,0.00820236997867241,1.0494161867017442,1.0494161867017442,0.0,0.0,1.0,0.00820236997867241
2024-05-07 20:00:00+00:00,20260124_212136_d95d7e2b_BuyHold_XLE,-0.0052101148552411635,-0.0052101148552411635,1.0439486078380789,1.0439486078380789,0.0,0.0,1.0,-0.0052101148552411635
2024-05-08 20:00:00+00:00,20260124_212136_d95d7e2b_BuyHold_XLE,-0.0015910902322418474,-0.0015910902322418474,1.0422875914051852,1.0422875914051852,0.0,0.0,1.0,-0.0015910902322418474
2024-05-09 20:00:00+00:00,20260124_212136_d95d7e2b_BuyHold_XLE,0.010832875062922747,0.010832875062922747,1.0535785626625123,1.0535785626625123,0.0,0.0,1.0,0.010832875062922747
2024-05-10 20:00:00+00:00,20260124_212136_d95d7e2b_BuyHold_XLE,-0.006524941588295419,-0.006524941588295419,1.0467040240824592,1.0467040240824592,0.0,0.0,1.0,-0.006524941588295419
2024-05-13 20:00:00+00:00,20260124_212136_d95d7e2b_BuyHold_XLE,-0.003387919671936355,-0.003387919671936355,1.0431578749285753,1.0431578749285753,0.0,0.0,1.0,-0.003387919671936355
2024-05-14 20:00:00+00:00,20260124_212136_d95d7e2b_BuyHold_XLE,0.0015835316056443266,0.0015835316056443266,1.0448097483932013,1.0448097483932013,0.0,0.0,1.0,0.0015835316056443266
2024-05-15 20:00:00+00:00,20260124_212136_d95d7e2b_BuyHold_XLE,0.009519564183335726,0.009519564183335726,1.0547558818524052,1.0547558818524052,0.0,0.0,1.0,0.009519564183335726
2024-05-16 20:00:00+00:00,20260124_212136_d95d7e2b_BuyHold_XLE,-0.0006781960246382765,-0.0006781960246382765,1.054040550606369,1.054040550606369,0.0,0.0,1.0,-0.0006781960246382765
2024-05-17 20:00:00+00:00,20260124_212136_d95d7e2b_BuyHold_XLE,0.010309369658861369,0.010309369658861369,1.064907044278,1.064907044278,0.0,0.0,1.0,0.010309369658861369
2024-05-20 20:00:00+00:00,20260124_212136_d95d7e2b_BuyHold_XLE,-0.0013458952233553418,-0.0013458952233553418,1.0634737909737888,1.0634737909737888,0.0,0.0,1.0,-0.0013458952233553418
2024-05-21 20:00:00+00:00,20260124_212136_d95d7e2b_BuyHold_XLE,-0.005399338201502488,-0.005399338201502488,1.0577317363078873,1.0577317363078873,0.0,0.0,1.0,-0.005399338201502488
2024-05-22 20:00:00+00:00,20260124_212136_d95d7e2b_BuyHold_XLE,-0.006644542718668414,-0.006644542718668414,1.0507035926010981,1.0507035926010981,0.0,0.0,1.0,-0.006644542718668414
2024-05-23 20:00:00+00:00,20260124_212136_d95d7e2b_BuyHold_XLE,-0.009469986466891898,-0.009469986466891898,1.0407534437984511,1.0407534437984511,0.0,0.0,1.0,-0.009469986466891898
2024-05-24 20:00:00+00:00,20260124_212136_d95d7e2b_BuyHold_XLE,-0.007616886219612992,-0.007616886219612992,1.032826143234368,1.032826143234368,0.0,0.0,1.0,-0.007616886219612992
2024-05-28 20:00:00+00:00,20260124_212136_d95d7e2b_BuyHold_XLE,0.0039058062289952468,0.0039058062289952468,1.0368601620180817,1.0368601620180817,0.0,0.0,1.0,0.0039058062289952468
2024-05-29 20:00:00+00:00,20260124_212136_d95d7e2b_BuyHold_XLE,-0.005586606708639725,-0.005586606708639725,1.0310676320810301,1.0310676320810301,0.0,0.0,1.0,-0.005586606708639725
2024-05-30 20:00:00+00:00,20260124_212136_d95d7e2b_BuyHold_XLE,0.00023291021416581458,0.00023291021416581458,1.0313077782640376,1.0313077782640376,0.0,0.0,1.0,0.00023291021416581458
2024-05-31 20:00:00+00:00,20260124_212136_d95d7e2b_BuyHold_XLE,0.01580245869021033,0.01580245869021033,1.0476049768269478,1.0476049768269478,0.0,0.0,1.0,0.01580245869021033
2024-06-03 20:00:00+00:00,20260124_212136_d95d7e2b_BuyHold_XLE,-0.01505529305084989,-0.01505529305084989,1.0318329768992893,1.0318329768992893,0.0,0.0,1.0,-0.01505529305084989
2024-06-04 20:00:00+00:00,20260124_212136_d95d7e2b_BuyHold_XLE,0.009467526338398959,0.009467526338398959,1.041601882784912,1.041601882784912,0.0,0.0,1.0,0.009467526338398959
2024-06-05 20:00:00+00:00,20260124_212136_d95d7e2b_BuyHold_XLE,-5.287437154777308e-17,-5.287437154777308e-17,1.041601882784912,1.041601882784912,0.0,0.0,1.0,-5.287437154777308e-17
2024-06-06 20:00:00+00:00,20260124_212136_d95d7e2b_BuyHold_XLE,0.005874767219318928,0.005874767219318928,1.0477210513814776,1.0477210513814776,0.0,0.0,1.0,0.005874767219318928
2024-06-07 20:00:00+00:00,20260124_212136_d95d7e2b_BuyHold_XLE,-0.003991084062854475,-0.003991084062854475,1.043539508590992,1.043539508590992,0.0,0.0,1.0,-0.003991084062854475
2024-06-10 20:00:00+00:00,20260124_212136_d95d7e2b_BuyHold_XLE,0.00749944925658051,0.00749944925658051,1.051365480182907,1.051365480182907,0.0,0.0,1.0,0.00749944925658051
2024-06-11 20:00:00+00:00,20260124_212136_d95d7e2b_BuyHold_XLE,-0.0021035417362781656,-0.0021035417362781656,1.0491538890152603,1.0491538890152603,0.0,0.0,1.0,-0.0021035417362781656
2024-06-12 20:00:00+00:00,20260124_212136_d95d7e2b_BuyHold_XLE,-0.011294237703091157,-0.011294237703091157,1.0373044956055995,1.0373044956055995,0.0,0.0,1.0,-0.011294237703091157
2024-06-13 20:00:00+00:00,20260124_212136_d95d7e2b_BuyHold_XLE,0.0023906298739162207,0.0023906298739162207,1.0397843067211419,1.0397843067211419,0.0,0.0,1.0,0.0023906298739162207
2024-06-14 20:00:00+00:00,20260124_212136_d95d7e2b_BuyHold_XLE,-0.002881846374889123,-0.002881846374889123,1.036787808086151,1.036787808086151,0.0,0.0,1.0,-0.002881846374889123
2024-06-17 20:00:00+00:00,20260124_212136_d95d7e2b_BuyHold_XLE,0.0024026921698160567,0.0024026921698160567,1.0392788900344005,1.0392788900344005,0.0,0.0,1.0,0.0024026921698160567
2024-06-18 20:00:00+00:00,20260124_212136_d95d7e2b_BuyHold_XLE,0.0043103515011224695,0.0043103515011224695,1.0437585473581452,1.0437585473581452,0.0,0.0,1.0,0.0043103515011224695
2024-06-20 20:00:00+00:00,20260124_212136_d95d7e2b_BuyHold_XLE,0.0096664668760638,0.0096664668760638,1.0538480047827912,1.0538480047827912,0.0,0.0,1.0,0.0096664668760638
2024-06-21 20:00:00+00:00,20260124_212136_d95d7e2b_BuyHold_XLE,-0.004711433921319536,-0.004711433921319536,1.0488828695451426,1.0488828695451426,0.0,0.0,1.0,-0.004711433921319536
2024-06-24 20:00:00+00:00,20260124_212136_d95d7e2b_BuyHold_XLE,0.025642430613337267,0.025642430613337267,1.075778775748972,1.075778775748972,0.0,0.0,1.0,0.025642430613337267
2024-06-25 20:00:00+00:00,20260124_212136_d95d7e2b_BuyHold_XLE,0.00599218202277487,0.00599218202277487,1.0822250379894978,1.0822250379894978,0.0,0.0,1.0,0.00599218202277487
2024-06-26 20:00:00+00:00,20260124_212136_d95d7e2b_BuyHold_XLE,-0.00923367594694558,-0.00923367594694558,1.072232122687032,1.072232122687032,0.0,0.0,1.0,-0.00923367594694558
2024-06-27 20:00:00+00:00,20260124_212136_d95d7e2b_BuyHold_XLE,-0.0034654071875490065,-0.0034654071875490065,1.0685164017823514,1.0685164017823514,0.0,0.0,1.0,-0.0034654071875490065
2024-06-28 20:00:00+00:00,20260124_212136_d95d7e2b_BuyHold_XLE,0.004157049866417669,0.004157049866417669,1.0729582777476458,1.0729582777476458,0.0,0.0,1.0,0.004157049866417669
2024-07-01 20:00:00+00:00,20260124_212136_d95d7e2b_BuyHold_XLE,0.0004608295012429632,0.0004608295012429632,1.0734527285756348,1.0734527285756348,0.0,0.0,1.0,0.0004608295012429632
2024-07-02 20:00:00+00:00,20260124_212136_d95d7e2b_BuyHold_XLE,-0.005749124723284215,-0.005749124723284215,1.0672813149545037,1.0672813149545037,0.0,0.0,1.0,-0.005749124723284215
2024-07-03 20:00:00+00:00,20260124_212136_d95d7e2b_BuyHold_XLE,0.0011487652038733997,0.0011487652038733997,1.0685073705918675,1.0685073705918675,0.0,0.0,1.0,0.0011487652038733997
2024-07-05 20:00:00+00:00,20260124_212136_d95d7e2b_BuyHold_XLE,-0.012978165936844746,-0.012978165936844746,1.0546401046315845,1.0546401046315845,0.0,0.0,1.0,-0.012978165936844746
2024-07-08 20:00:00+00:00,20260124_212136_d95d7e2b_BuyHold_XLE,-0.0037479547269963654,-0.0037479547269963654,1.0506873612661507,1.0506873612661507,0.0,0.0,1.0,-0.0037479547269963654
2024-07-09 20:00:00+00:00,20260124_212136_d95d7e2b_BuyHold_XLE,-0.0007101432420586295,-0.0007101432420586295,1.049941222737031,1.049941222737031,0.0,0.0,1.0,-0.0007101432420586295
2024-07-10 20:00:00+00:00,20260124_212136_d95d7e2b_BuyHold_XLE,0.009926812785411538,0.009926812785411538,1.0603637926908276,1.0603637926908276,0.0,0.0,1.0,0.009926812785411538
2024-07-11 20:00:00+00:00,20260124_212136_d95d7e2b_BuyHold_XLE,0.012410884041121617,0.012410884041121617,1.0735238447633175,1.0735238447633175,0.0,0.0,1.0,0.012410884041121617
2024-07-12 20:00:00+00:00,20260124_212136_d95d7e2b_BuyHold_XLE,0.0027887538408430446,0.0027887538408430446,1.076517638508638,1.076517638508638,0.0,0.0,1.0,0.0027887538408430446
2024-07-15 20:00:00+00:00,20260124_212136_d95d7e2b_BuyHold_XLE,0.01497206362087502,0.01497206362087502,1.0926353290813833,1.0926353290813833,0.0,0.0,1.0,0.01497206362087502
2024-07-16 20:00:00+00:00,20260124_212136_d95d7e2b_BuyHold_XLE,0.009385441447133682,0.009385441447133682,1.1028901939855462,1.1028901939855462,0.0,0.0,1.0,0.009385441447133682
2024-07-17 20:00:00+00:00,20260124_212136_d95d7e2b_BuyHold_XLE,0.010651658782023267,0.010651658782023267,1.1146378040059197,1.1146378040059197,0.0,0.0,1.0,0.010651658782023267
2024-07-18 20:00:00+00:00,20260124_212136_d95d7e2b_BuyHold_XLE,0.0020267994777472837,0.0020267994777472837,1.1168969513249563,1.1168969513249563,0.0,0.0,1.0,0.0020267994777472837
2024-07-19 20:00:00+00:00,20260124_212136_d95d7e2b_BuyHold_XLE,-0.005670878302731388,-0.005670878302731388,1.1105631646373006,1.1105631646373006,0.0,0.0,1.0,-0.005670878302731388
2024-07-22 20:00:00+00:00,20260124_212136_d95d7e2b_BuyHold_XLE,-0.0025151493766576083,-0.0025151493766576083,1.1077699323860242,1.1077699323860242,0.0,0.0,1.0,-0.0025151493766576083
2024-07-23 20:00:00+00:00,20260124_212136_d95d7e2b_BuyHold_XLE,-0.01592280092845913,-0.01592280092845913,1.0901311322781089,1.0901311322781089,0.0,0.0,1.0,-0.01592280092845913
2024-07-24 20:00:00+00:00,20260124_212136_d95d7e2b_BuyHold_XLE,0.00046511628745430673,0.00046511628745430673,1.0906381700231924,1.0906381700231924,0.0,0.0,1.0,0.00046511628745430673
2024-07-25 20:00:00+00:00,20260124_212136_d95d7e2b_BuyHold_XLE,0.015457684641004148,0.015457684641004148,1.1074969109128527,1.1074969109128527,0.0,0.0,1.0,0.015457684641004148
2024-07-26 20:00:00+00:00,20260124_212136_d95d7e2b_BuyHold_XLE,0.003882613076577948,0.003882613076577948,1.1117968929014326,1.1117968929014326,0.0,0.0,1.0,0.003882613076577948
2024-07-29 20:00:00+00:00,20260124_212136_d95d7e2b_BuyHold_XLE,-0.008699688568575413,-0.008699688568575413,1.1021246061816803,1.1021246061816803,0.0,0.0,1.0,-0.008699688568575413
2024-07-30 20:00:00+00:00,20260124_212136_d95d7e2b_BuyHold_XLE,0.01551479899888782,0.01551479899888782,1.1192238479183174,1.1192238479183174,0.0,0.0,1.0,0.01551479899888782
2024-07-31 20:00:00+00:00,20260124_212136_d95d7e2b_BuyHold_XLE,0.004292336873731527,0.004292336873731527,1.1240279337106969,1.1240279337106969,0.0,0.0,1.0,0.004292336873731527
2024-08-01 20:00:00+00:00,20260124_212136_d95d7e2b_BuyHold_XLE,-0.025149930962497073,-0.025149930962497073,1.0957587087779546,1.0957587087779546,0.0,0.0,1.0,-0.025149930962497073
2024-08-02 20:00:00+00:00,20260124_212136_d95d7e2b_BuyHold_XLE,-0.02627408937017969,-0.02627408937017969,1.0669686465353698,1.0669686465353698,0.0,0.0,1.0,-0.02627408937017969
2024-08-05 20:00:00+00:00,20260124_212136_d95d7e2b_BuyHold_XLE,-0.020653952251703682,-0.020653952251703682,1.0449315270557635,1.0449315270557635,0.0,0.0,1.0,-0.020653952251703682
2024-08-06 20:00:00+00:00,20260124_212136_d95d7e2b_BuyHold_XLE,-0.001447876700814308,-0.001447876700814308,1.0434185950437933,1.0434185950437933,0.0,0.0,1.0,-0.001447876700814308
2024-08-07 20:00:00+00:00,20260124_212136_d95d7e2b_BuyHold_XLE,-0.011953285999587384,-0.011953285999587384,1.0309463141599473,1.0309463141599473,0.0,0.0,1.0,-0.011953285999587384
2024-08-08 20:00:00+00:00,20260124_212136_d95d7e2b_BuyHold_XLE,0.013276629347018445,0.013276629347018445,1.0446338062497236,1.0446338062497236,0.0,0.0,1.0,0.013276629347018445
2024-08-09 20:00:00+00:00,20260124_212136_d95d7e2b_BuyHold_XLE,0.0058927689671506465,0.0058927689671506465,1.0507895919252284,1.0507895919252284,0.0,0.0,1.0,0.0058927689671506465
2024-08-12 20:00:00+00:00,20260124_212136_d95d7e2b_BuyHold_XLE,0.005390848634876723,0.005390848634876723,1.0564542395624013,1.0564542395624013,0.0,0.0,1.0,0.005390848634876723
2024-08-13 20:00:00+00:00,20260124_212136_d95d7e2b_BuyHold_XLE,-0.0016515280384731374,-0.0016515280384731374,1.0547094757644002,1.0547094757644002,0.0,0.0,1.0,-0.0016515280384731374
2024-08-14 20:00:00+00:00,20260124_212136_d95d7e2b_BuyHold_XLE,0.005651062837058769,0.005651062837058769,1.0606697052867862,1.0606697052867862,0.0,0.0,1.0,0.005651062837058769
2024-08-15 20:00:00+00:00,20260124_212136_d95d7e2b_BuyHold_XLE,0.012367442665619595,0.012367442665619595,1.07378747705408,1.07378747705408,0.0,0.0,1.0,0.012367442665619595
2024-08-16 20:00:00+00:00,20260124_212136_d95d7e2b_BuyHold_XLE,-0.0011602275347223881,-0.0011602275347223881,1.072541639256762,1.072541639256762,0.0,0.0,1.0,-0.0011602275347223881
2024-08-19 20:00:00+00:00,20260124_212136_d95d7e2b_BuyHold_XLE,0.006249297042193885,0.006249297042193885,1.0792442705505991,1.0792442705505991,0.0,0.0,1.0,0.006249297042193885
2024-08-20 20:00:00+00:00,20260124_212136_d95d7e2b_BuyHold_XLE,-0.020628954689527995,-0.020628954689527995,1.0569805893944781,1.0569805893944781,0.0,0.0,1.0,-0.020628954689527995
2024-08-21 20:00:00+00:00,20260124_212136_d95d7e2b_BuyHold_XLE,0.0009469697677357118,0.0009469697677357118,1.0579815180577183,1.0579815180577183,0.0,0.0,1.0,0.0009469697677357118
2024-08-22 20:00:00+00:00,20260124_212136_d95d7e2b_BuyHold_XLE,-0.0009431738496874512,-0.0009431738496874512,1.0569836575564338,1.0569836575564338,0.0,0.0,1.0,-0.0009431738496874512
2024-08-23 20:00:00+00:00,20260124_212136_d95d7e2b_BuyHold_XLE,0.00653292104162312,0.00653292104162312,1.063888848333536,1.063888848333536,0.0,0.0,1.0,0.00653292104162312
2024-08-26 20:00:00+00:00,20260124_212136_d95d7e2b_BuyHold_XLE,-0.005053996514724587,-0.005053996514724587,1.058511957802004,1.058511957802004,0.0,0.0,1.0,-0.005053996514724587
2024-08-27 20:00:00+00:00,20260124_212136_d95d7e2b_BuyHold_XLE,-0.009255040610561828,-0.009255040610561828,1.048715386645781,1.048715386645781,0.0,0.0,1.0,-0.009255040610561828
2024-08-28 20:00:00+00:00,20260124_212136_d95d7e2b_BuyHold_XLE,-0.0067638741836503246,-0.0067638741836503246,1.0416220077160507,1.0416220077160507,0.0,0.0,1.0,-0.0067638741836503246
2024-08-29 20:00:00+00:00,20260124_212136_d95d7e2b_BuyHold_XLE,0.012327170868978814,0.012327170868978814,1.0544622601860552,1.0544622601860552,0.0,0.0,1.0,0.012327170868978814
2024-08-30 20:00:00+00:00,20260124_212136_d95d7e2b_BuyHold_XLE,0.006472514505617552,0.006472514505617552,1.0612872824607356,1.0612872824607356,0.0,0.0,1.0,0.006472514505617552
2024-09-03 20:00:00+00:00,20260124_212136_d95d7e2b_BuyHold_XLE,-0.003298777732230605,-0.003298777732230605,1.0577863316058544,1.0577863316058544,0.0,0.0,1.0,-0.003298777732230605
2024-09-04 20:00:00+00:00,20260124_212136_d95d7e2b_BuyHold_XLE,-0.015205804977415487,-0.015205804977415487,1.04170183893968,1.04170183893968,0.0,0.0,1.0,-0.015205804977415487
2024-09-05 20:00:00+00:00,20260124_212136_d95d7e2b_BuyHold_XLE,-0.00720810425079437,-0.00720810425079437,1.0341931434863585,1.0341931434863585,0.0,0.0,1.0,-0.00720810425079437
2024-09-06 20:00:00+00:00,20260124_212136_d95d7e2b_BuyHold_XLE,-0.012618463959211816,-0.012618463959211816,1.0211432145784118,1.0211432145784118,0.0,0.0,1.0,-0.012618463959211816
2024-09-09 20:00:00+00:00,20260124_212136_d95d7e2b_BuyHold_XLE,0.0024295444409393784,0.0024295444409393784,1.0236241273987938,1.0236241273987938,0.0,0.0,1.0,0.0024295444409393784
2024-09-10 20:00:00+00:00,20260124_212136_d95d7e2b_BuyHold_XLE,-0.01713208813612664,-0.01713208813612664,1.006087308629932,1.006087308629932,0.0,0.0,1.0,-0.01713208813612664
2024-09-11 20:00:00+00:00,20260124_212136_d95d7e2b_BuyHold_XLE,-0.0004982561139451913,-0.0004982561139451913,1.0055860194772446,1.0055860194772446,0.0,0.0,1.0,-0.0004982561139451913
2024-09-12 20:00:00+00:00,20260124_212136_d95d7e2b_BuyHold_XLE,0.005692380177226723,0.005692380177226723,1.011310197401013,1.011310197401013,0.0,0.0,1.0,0.005692380177226723
2024-09-13 20:00:00+00:00,20260124_212136_d95d7e2b_BuyHold_XLE,0.005169242279838466,0.005169242279838466,1.01653790483145,1.01653790483145,0.0,0.0,1.0,0.005169242279838466
2024-09-16 20:00:00+00:00,20260124_212136_d95d7e2b_BuyHold_XLE,0.0038901094522886537,0.0038901094522886537,1.0204923485436446,1.0204923485436446,0.0,0.0,1.0,0.0038901094522886537
2024-09-17 20:00:00+00:00,20260124_212136_d95d7e2b_BuyHold_XLE,0.008414522541645769,0.008414522541645769,1.0290793044140423,1.0290793044140423,0.0,0.0,1.0,0.008414522541645769
2024-09-18 20:00:00+00:00,20260124_212136_d95d7e2b_BuyHold_XLE,0.0019134184264001993,0.0019134184264001993,1.0310483637173353,1.0310483637173353,0.0,0.0,1.0,0.0019134184264001993
2024-09-19 20:00:00+00:00,20260124_212136_d95d7e2b_BuyHold_XLE,0.011876624162578793,0.011876624162578793,1.0432937376266478,1.0432937376266478,0.0,0.0,1.0,0.011876624162578793
2024-09-20 20:00:00+00:00,20260124_212136_d95d7e2b_BuyHold_XLE,0.008081812469914247,0.008081812469914247,1.0517254419651823,1.0517254419651823,0.0,0.0,1.0,0.008081812469914247
2024-09-23 20:00:00+00:00,20260124_212136_d95d7e2b_BuyHold_XLE,0.0025764155251802347,0.0025764155251802347,1.0544351237220884,1.0544351237220884,0.0,0.0,1.0,0.0025764155251802347
2024-09-24 20:00:00+00:00,20260124_212136_d95d7e2b_BuyHold_XLE,-0.010263677690059085,-0.010263677690059085,1.0436127414671272,1.0436127414671272,0.0,0.0,1.0,-0.010263677690059085
2024-09-25 20:00:00+00:00,20260124_212136_d95d7e2b_BuyHold_XLE,-0.01305966560787853,-0.01305966560787853,1.0299835080394453,1.0299835080394453,0.0,0.0,1.0,-0.01305966560787853
2024-09-26 20:00:00+00:00,20260124_212136_d95d7e2b_BuyHold_XLE,-0.007292205381752728,-0.007292205381752728,1.0224726567590035,1.0224726567590035,0.0,0.0,1.0,-0.007292205381752728
2024-09-27 20:00:00+00:00,20260124_212136_d95d7e2b_BuyHold_XLE,0.01106312389877338,0.01106312389877338,1.0337843984438362,1.0337843984438362,0.0,0.0,1.0,0.01106312389877338
2024-09-30 20:00:00+00:00,20260124_212136_d95d7e2b_BuyHold_XLE,0.013381322726379024,0.013381322726379024,1.0476178011089088,1.0476178011089088,0.0,0.0,1.0,0.013381322726379024
2024-10-01 20:00:00+00:00,20260124_212136_d95d7e2b_BuyHold_XLE,0.01898568687810888,0.01898568687810888,1.0675075446486955,1.0675075446486955,0.0,0.0,1.0,0.01898568687810888
2024-10-02 20:00:00+00:00,20260124_212136_d95d7e2b_BuyHold_XLE,0.002990914457847379,0.002990914457847379,1.0707003683978462,1.0707003683978462,0.0,0.0,1.0,0.002990914457847379
2024-10-03 20:00:00+00:00,20260124_212136_d95d7e2b_BuyHold_XLE,0.01799797984046819,0.01799797984046819,1.0899708120434524,1.0899708120434524,0.0,0.0,1.0,0.01799797984046819
2024-10-04 20:00:00+00:00,20260124_212136_d95d7e2b_BuyHold_XLE,0.004931639674649016,0.004931639674649016,1.0953461553443353,1.0953461553443353,0.0,0.0,1.0,0.004931639674649016
2024-10-07 20:00:00+00:00,20260124_212136_d95d7e2b_BuyHold_XLE,-0.0028924260904008734,-0.0028924260904008734,1.0921779475465971,1.0921779475465971,0.0,0.0,1.0,-0.0028924260904008734
2024-10-08 20:00:00+00:00,20260124_212136_d95d7e2b_BuyHold_XLE,-0.026873018251096316,-0.026873018251096316,1.0628278296287326,1.0628278296287326,0.0,0.0,1.0,-0.026873018251096316
2024-10-09 20:00:00+00:00,20260124_212136_d95d7e2b_BuyHold_XLE,0.005933381167841745,0.005933381167841745,1.0691339922577097,1.0691339922577097,0.0,0.0,1.0,0.005933381167841745
2024-10-10 20:00:00+00:00,20260124_212136_d95d7e2b_BuyHold_XLE,0.008844597853981407,0.008844597853981407,1.0785900524712508,1.0785900524712508,0.0,0.0,1.0,0.008844597853981407
2024-10-11 20:00:00+00:00,20260124_212136_d95d7e2b_BuyHold_XLE,0.003150317636945319,0.003150317636945319,1.0819879537365849,1.0819879537365849,0.0,0.0,1.0,0.003150317636945319
2024-10-14 20:00:00+00:00,20260124_212136_d95d7e2b_BuyHold_XLE,0.002026343145232501,0.002026343145232501,1.0841804326098632,1.0841804326098632,0.0,0.0,1.0,0.002026343145232501
2024-10-15 20:00:00+00:00,20260124_212136_d95d7e2b_BuyHold_XLE,-0.002777779563902191,-0.002777779563902191,1.0811688183605768,1.0811688183605768,0.0,0.0,1.0,-0.002777779563902191
2024-10-16 20:00:00+00:00,20260124_212136_d95d7e2b_BuyHold_XLE,0.0032399935772159582,0.0032399935772159582,1.0846717983879512,1.0846717983879512,0.0,0.0,1.0,0.0032399935772159582
2024-10-17 20:00:00+00:00,20260124_212136_d95d7e2b_BuyHold_XLE,-0.0018365478073014,-0.0018365478073014,1.0826797467749802,1.0826797467749802,0.0,0.0,1.0,-0.0018365478073014
2024-10-18 20:00:00+00:00,20260124_212136_d95d7e2b_BuyHold_XLE,-0.003683245416296253,-0.003683245416296253,1.0786919715603545,1.0786919715603545,0.0,0.0,1.0,-0.003683245416296253
2024-10-21 20:00:00+00:00,20260124_212136_d95d7e2b_BuyHold_XLE,-0.008974861760698238,-0.008974861760698238,1.0690108602332251,1.0690108602332251,0.0,0.0,1.0,-0.008974861760698238
2024-10-22 20:00:00+00:00,20260124_212136_d95d7e2b_BuyHold_XLE,0.00161681522690591,0.00161681522690591,1.070739253269778,1.070739253269778,0.0,0.0,1.0,0.00161681522690591
2024-10-23 20:00:00+00:00,20260124_212136_d95d7e2b_BuyHold_XLE,-0.005322238642115942,-0.005322238642115942,1.0650405234403952,1.0650405234403952,0.0,0.0,1.0,-0.005322238642115942
2024-10-24 20:00:00+00:00,20260124_212136_d95d7e2b_BuyHold_XLE,-0.0011607662359621172,-0.0011607662359621172,1.0638042603608542,1.0638042603608542,0.0,0.0,1.0,-0.0011607662359621172
2024-10-25 20:00:00+00:00,20260124_212136_d95d7e2b_BuyHold_XLE,0.0009287207540067624,0.0009287207540067624,1.064792237455652,1.064792237455652,0.0,0.0,1.0,0.0009287207540067624
2024-10-28 20:00:00+00:00,20260124_212136_d95d7e2b_BuyHold_XLE,-0.00675284903999535,-0.00675284903999535,1.057601856217155,1.057601856217155,0.0,0.0,1.0,-0.00675284903999535
2024-10-29 20:00:00+00:00,20260124_212136_d95d7e2b_BuyHold_XLE,-0.0054392944794431205,-0.0054392944794431205,1.0518492482791841,1.0518492482791841,0.0,0.0,1.0,-0.0054392944794431205
2024-10-30 20:00:00+00:00,20260124_212136_d95d7e2b_BuyHold_XLE,-0.004017493292059942,-0.004017493292059942,1.0476234509799642,1.0476234509799642,0.0,0.0,1.0,-0.004017493292059942
2024-10-31 20:00:00+00:00,20260124_212136_d95d7e2b_BuyHold_XLE,-0.0032879315669894302,-0.0032879315669894302,1.0441789367651688,1.0441789367651688,0.0,0.0,1.0,-0.0032879315669894302
2024-11-01 20:00:00+00:00,20260124_212136_d95d7e2b_BuyHold_XLE,-0.020396909207572457,-0.020396909207572457,1.0228809137955102,1.0228809137955102,0.0,0.0,1.0,-0.020396909207572457
2024-11-04 21:00:00+00:00,20260124_212136_d95d7e2b_BuyHold_XLE,0.017608155366728984,0.017608155366728984,1.0408919598472832,1.0408919598472832,0.0,0.0,1.0,0.017608155366728984
2024-11-05 21:00:00+00:00,20260124_212136_d95d7e2b_BuyHold_XLE,0.0020826109575260744,0.0020826109575260744,1.0430597328484619,1.0430597328484619,0.0,0.0,1.0,0.0020826109575260744
2024-11-06 21:00:00+00:00,20260124_212136_d95d7e2b_BuyHold_XLE,0.013001752309179902,0.013001752309179902,1.0566213371386368,1.0566213371386368,0.0,0.0,1.0,0.013001752309179902
2024-11-07 21:00:00+00:00,20260124_212136_d95d7e2b_BuyHold_XLE,0.005832228285975509,0.005832228285975509,1.062783793988662,1.062783793988662,0.0,0.0,1.0,0.005832228285975509
2024-11-08 21:00:00+00:00,20260124_212136_d95d7e2b_BuyHold_XLE,0.00736363920866141,0.00736363920866141,1.0706097504044068,1.0706097504044068,0.0,0.0,1.0,0.00736363920866141
2024-11-11 21:00:00+00:00,20260124_212136_d95d7e2b_BuyHold_XLE,0.005763704716750049,0.005763704716750049,1.0767804288726113,1.0767804288726113,0.0,0.0,1.0,0.005763704716750049
2024-11-12 21:00:00+00:00,20260124_212136_d95d7e2b_BuyHold_XLE,-0.008186792046854604,-0.008186792046854604,1.0679650514213084,1.0679650514213084,0.0,0.0,1.0,-0.008186792046854604
2024-11-13 21:00:00+00:00,20260124_212136_d95d7e2b_BuyHold_XLE,0.009527046690902792,0.009527046690902792,1.0781396043304516,1.0781396043304516,0.0,0.0,1.0,0.009527046690902792
2024-11-14 21:00:00+00:00,20260124_212136_d95d7e2b_BuyHold_XLE,0.004180884074447798,0.004180884074447798,1.0826471810322282,1.0826471810322282,0.0,0.0,1.0,0.004180884074447798
2024-11-15 21:00:00+00:00,20260124_212136_d95d7e2b_BuyHold_XLE,-0.008766218749720705,-0.008766218749720705,1.0731564590145313,1.0731564590145313,0.0,0.0,1.0,-0.008766218749720705
2024-11-18 21:00:00+00:00,20260124_212136_d95d7e2b_BuyHold_XLE,0.0060989080357650004,0.0060989080357650004,1.079701541566048,1.079701541566048,0.0,0.0,1.0,0.0060989080357650004
2024-11-19 21:00:00+00:00,20260124_212136_d95d7e2b_BuyHold_XLE,-0.0032718973457602986,-0.0032718973457602986,1.0761688689579847,1.0761688689579847,0.0,0.0,1.0,-0.0032718973457602986
2024-11-20 21:00:00+00:00,20260124_212136_d95d7e2b_BuyHold_XLE,0.01021636969857183,0.01021636969857183,1.0871634079813532,1.0871634079813532,0.0,0.0,1.0,0.01021636969857183
2024-11-21 21:00:00+00:00,20260124_212136_d95d7e2b_BuyHold_XLE,0.007969886020527095,0.007969886020527095,1.0958279764286525,1.0958279764286525,0.0,0.0,1.0,0.007969886020527095
2024-11-22 21:00:00+00:00,20260124_212136_d95d7e2b_BuyHold_XLE,-0.0034224632337258435,-0.0034224632337258435,1.0920775454688372,1.0920775454688372,0.0,0.0,1.0,-0.0034224632337258435
2024-11-25 21:00:00+00:00,20260124_212136_d95d7e2b_BuyHold_XLE,-0.02078446761807159,-0.02078446761807159,1.069379295088617,1.069379295088617,0.0,0.0,1.0,-0.02078446761807159
2024-11-26 21:00:00+00:00,20260124_212136_d95d7e2b_BuyHold_XLE,-0.002405687327513298,-0.002405687327513298,1.0668067028701171,1.0668067028701171,0.0,0.0,1.0,-0.002405687327513298
2024-11-27 21:00:00+00:00,20260124_212136_d95d7e2b_BuyHold_XLE,-0.006986927986680239,-0.006986927986680239,1.0593530012614558,1.0593530012614558,0.0,0.0,1.0,-0.006986927986680239
2024-11-29 21:00:00+00:00,20260124_212136_d95d7e2b_BuyHold_XLE,-1.877664690397296e-16,-1.877664690397296e-16,1.0593530012614556,1.0593530012614556,0.0,0.0,1.0,-1.877664690397296e-16
2024-12-02 21:00:00+00:00,20260124_212136_d95d7e2b_BuyHold_XLE,-0.0008814456278060719,-0.0008814456278060719,1.0584192391901903,1.0584192391901903,0.0,0.0,1.0,-0.0008814456278060719
2024-12-03 21:00:00+00:00,20260124_212136_d95d7e2b_BuyHold_XLE,-0.003083023802952069,-0.003083023802952069,1.0551561074822644,1.0551561074822644,0.0,0.0,1.0,-0.003083023802952069
2024-12-04 21:00:00+00:00,20260124_212136_d95d7e2b_BuyHold_XLE,-0.017021687569430493,-0.017021687569430493,1.037195569883725,1.037195569883725,0.0,0.0,1.0,-0.017021687569430493
2024-12-05 21:00:00+00:00,20260124_212136_d95d7e2b_BuyHold_XLE,-0.0044923705381048566,-0.0044923705381048566,1.0325361030633264,1.0325361030633264,0.0,0.0,1.0,-0.0044923705381048566
2024-12-06 21:00:00+00:00,20260124_212136_d95d7e2b_BuyHold_XLE,-0.004795077117780795,-0.004795077117780795,1.0275850128222448,1.0275850128222448,0.0,0.0,1.0,-0.004795077117780795
2024-12-09 21:00:00+00:00,20260124_212136_d95d7e2b_BuyHold_XLE,-0.006626323800142885,-0.006626323800142885,1.0207759017951106,1.0207759017951106,0.0,0.0,1.0,-0.006626323800142885
2024-12-10 21:00:00+00:00,20260124_212136_d95d7e2b_BuyHold_XLE,-0.0032258092488826008,-0.0032258092488826008,1.0174830734500635,1.0174830734500635,0.0,0.0,1.0,-0.0032258092488826008
2024-12-11 21:00:00+00:00,20260124_212136_d95d7e2b_BuyHold_XLE,0.00023054755145377332,0.00023054755145377332,1.017717651681293,1.017717651681293,0.0,0.0,1.0,0.00023054755145377332
2024-12-12 21:00:00+00:00,20260124_212136_d95d7e2b_BuyHold_XLE,-0.005558143072226903,-0.005558143072226903,1.0120610313661176,1.0120610313661176,0.0,0.0,1.0,-0.005558143072226903
2024-12-13 21:00:00+00:00,20260124_212136_d95d7e2b_BuyHold_XLE,0.00046718057378565786,0.00046718057378565786,1.0125338466194573,1.0125338466194573,0.0,0.0,1.0,0.00046718057378565786
2024-12-16 21:00:00+00:00,20260124_212136_d95d7e2b_BuyHold_XLE,-0.012811563134200255,-0.012811563134200255,0.9995617053179775,0.9995617053179775,0.0,0.0,1.0,-0.012811563134200255
2024-12-17 21:00:00+00:00,20260124_212136_d95d7e2b_BuyHold_XLE,0.007973945839144056,0.007973945839144056,1.0075321562190656,1.0075321562190656,0.0,0.0,1.0,0.007973945839144056
2024-12-18 21:00:00+00:00,20260124_212136_d95d7e2b_BuyHold_XLE,-0.02422136758862843,-0.02422136758862843,0.9831283495059201,0.9831283495059201,0.0,0.0,1.0,-0.02422136758862843
2024-12-19 21:00:00+00:00,20260124_212136_d95d7e2b_BuyHold_XLE,-0.016857117066422903,-0.016857117066422903,0.9665556398269797,0.9665556398269797,0.0,0.0,1.0,-0.016857117066422903
2024-12-20 21:00:00+00:00,20260124_212136_d95d7e2b_BuyHold_XLE,0.007954304927268395,0.007954304927268395,0.9742439181153344,0.9742439181153344,0.0,0.0,1.0,0.007954304927268395
2024-12-23 21:00:00+00:00,20260124_212136_d95d7e2b_BuyHold_XLE,0.0030788103842601146,0.0030788103842601146,0.97724343040723,0.97724343040723,0.0,0.0,1.0,0.0030788103842601146
2024-12-24 21:00:00+00:00,20260124_212136_d95d7e2b_BuyHold_XLE,0.010060200169830431,0.010060200169830431,0.9870746949317786,0.9870746949317786,0.0,0.0,1.0,0.010060200169830431
2024-12-26 21:00:00+00:00,20260124_212136_d95d7e2b_BuyHold_XLE,0.004655159699039889,0.004655159699039889,0.9916696852715671,0.9916696852715671,0.0,0.0,1.0,0.004655159699039889
2024-12-27 21:00:00+00:00,20260124_212136_d95d7e2b_BuyHold_XLE,-0.005361943141385094,-0.005361943141385094,0.9863524088041057,0.9863524088041057,0.0,0.0,1.0,-0.005361943141385094
2024-12-30 21:00:00+00:00,20260124_212136_d95d7e2b_BuyHold_XLE,0.0044106908064885965,0.0044106908064885965,0.990702904305576,0.990702904305576,0.0,0.0,1.0,0.0044106908064885965
2024-12-31 21:00:00+00:00,20260124_212136_d95d7e2b_BuyHold_XLE,0.007022670828148872,0.007022670828148872,0.9976602846910051,0.9976602846910051,0.0,0.0,1.0,0.007022670828148872
2025-01-02 21:00:00+00:00,20260124_212136_d95d7e2b_BuyHold_XLE,0.011754963231443654,0.011754963231443654,1.0093877446550197,1.0093877446550197,0.0,0.0,1.0,0.011754963231443654
2025-01-03 21:00:00+00:00,20260124_212136_d95d7e2b_BuyHold_XLE,0.009258226367372583,0.009258226367372583,1.0187328848874875,1.0187328848874875,0.0,0.0,1.0,0.009258226367372583
2025-01-06 21:00:00+00:00,20260124_212136_d95d7e2b_BuyHold_XLE,-0.0042623791740006725,-0.0042623791740006725,1.0143906590550735,1.0143906590550735,0.0,0.0,1.0,-0.0042623791740006725
2025-01-07 21:00:00+00:00,20260124_212136_d95d7e2b_BuyHold_XLE,0.010387251089290233,0.010387251089290233,1.024927389533309,1.024927389533309,0.0,0.0,1.0,0.010387251089290233
2025-01-08 21:00:00+00:00,20260124_212136_d95d7e2b_BuyHold_XLE,0.005177700435171929,0.005177700435171929,1.0302341565241153,1.0302341565241153,0.0,0.0,1.0,0.005177700435171929
2025-01-10 21:00:00+00:00,20260124_212136_d95d7e2b_BuyHold_XLE,0.0037488328815194682,0.0037488328815194682,1.0340963322057573,1.0340963322057573,0.0,0.0,1.0,0.0037488328815194682
2025-01-13 21:00:00+00:00,20260124_212136_d95d7e2b_BuyHold_XLE,0.007117467768864579,0.007117467768864579,1.0414564795201329,1.0414564795201329,0.0,0.0,1.0,0.007117467768864579
2025-01-14 21:00:00+00:00,20260124_212136_d95d7e2b_BuyHold_XLE,0.010016018174745709,0.010016018174745709,1.0518877265472133,1.0518877265472133,0.0,0.0,1.0,0.010016018174745709
2025-01-15 21:00:00+00:00,20260124_212136_d95d7e2b_BuyHold_XLE,0.013945345202905229,0.013945345202905229,1.0665566640086135,1.0665566640086135,0.0,0.0,1.0,0.013945345202905229
2025-01-16 21:00:00+00:00,20260124_212136_d95d7e2b_BuyHold_XLE,0.0031090409231969906,0.0031090409231969906,1.069872632323925,1.069872632323925,0.0,0.0,1.0,0.0031090409231969906
2025-01-17 21:00:00+00:00,20260124_212136_d95d7e2b_BuyHold_XLE,0.0017613390727011225,0.0017613390727011225,1.0717570407940507,1.0717570407940507,0.0,0.0,1.0,0.0017613390727011225
2025-01-21 21:00:00+00:00,20260124_212136_d95d7e2b_BuyHold_XLE,0.001549872999276033,0.001549872999276033,1.0734181280933612,1.0734181280933612,0.0,0.0,1.0,0.001549872999276033
2025-01-22 21:00:00+00:00,20260124_212136_d95d7e2b_BuyHold_XLE,-0.011423575902264593,-0.011423575902264593,1.06115585463222,1.06115585463222,0.0,0.0,1.0,-0.011423575902264593
2025-01-23 21:00:00+00:00,20260124_212136_d95d7e2b_BuyHold_XLE,-0.00044843050078822696,-0.00044843050078822696,1.060679999980913,1.060679999980913,0.0,0.0,1.0,-0.00044843050078822696
2025-01-24 21:00:00+00:00,20260124_212136_d95d7e2b_BuyHold_XLE,-0.012595758070012614,-0.012595758070012614,1.0473199313114523,1.0473199313114523,0.0,0.0,1.0,-0.012595758070012614
2025-01-27 21:00:00+00:00,20260124_212136_d95d7e2b_BuyHold_XLE,0.0025180281131040477,0.0025180281131040477,1.0499571123419087,1.0499571123419087,0.0,0.0,1.0,0.0025180281131040477
2025-01-28 21:00:00+00:00,20260124_212136_d95d7e2b_BuyHold_XLE,-0.013302948473607322,-0.013302948473607322,1.0359895869769267,1.0359895869769267,0.0,0.0,1.0,-0.013302948473607322
2025-01-29 21:00:00+00:00,20260124_212136_d95d7e2b_BuyHold_XLE,0.0016149501721928513,0.0016149501721928513,1.0376626585388051,1.0376626585388051,0.0,0.0,1.0,0.0016149501721928513
2025-01-30 21:00:00+00:00,20260124_212136_d95d7e2b_BuyHold_XLE,-0.0011458692671224209,-0.0011458692671224209,1.036473632788745,1.036473632788745,0.0,0.0,1.0,-0.0011458692671224209
2025-01-31 21:00:00+00:00,20260124_212136_d95d7e2b_BuyHold_XLE,-0.01404517470304773,-0.01404517470304773,1.0219161795411245,1.0219161795411245,0.0,0.0,1.0,-0.01404517470304773
2025-02-03 21:00:00+00:00,20260124_212136_d95d7e2b_BuyHold_XLE,0.008476622453291111,0.008476622453291111,1.0305785771740041,1.0305785771740041,0.0,0.0,1.0,0.008476622453291111
2025-02-04 21:00:00+00:00,20260124_212136_d95d7e2b_BuyHold_XLE,0.01084834643701306,0.01084834643701306,1.0417586506097518,1.0417586506097518,0.0,0.0,1.0,0.01084834643701306
2025-02-05 21:00:00+00:00,20260124_212136_d95d7e2b_BuyHold_XLE,0.003673098711861077,0.003673098711861077,1.0455851329673767,1.0455851329673767,0.0,0.0,1.0,0.003673098711861077
2025-02-06 21:00:00+00:00,20260124_212136_d95d7e2b_BuyHold_XLE,-0.017568644202323524,-0.017568644202323524,1.0272156197830338,1.0272156197830338,0.0,0.0,1.0,-0.017568644202323524
2025-02-07 21:00:00+00:00,20260124_212136_d95d7e2b_BuyHold_XLE,-0.0034944706497739837,-0.0034944706497739837,1.0236260449487127,1.0236260449487127,0.0,0.0,1.0,-0.0034944706497739837
2025-02-10 21:00:00+00:00,20260124_212136_d95d7e2b_BuyHold_XLE,0.009176481003047852,0.009176481003047852,1.0330193299044097,1.0330193299044097,0.0,0.0,1.0,0.009176481003047852
2025-02-11 21:00:00+00:00,20260124_212136_d95d7e2b_BuyHold_XLE,0.007734342468148891,0.007734342468148891,1.0410090551781082,1.0410090551781082,0.0,0.0,1.0,0.007734342468148891
2025-02-12 21:00:00+00:00,20260124_212136_d95d7e2b_BuyHold_XLE,-0.02431312421543624,-0.02431312421543624,1.015698872710169,1.015698872710169,0.0,0.0,1.0,-0.02431312421543624
2025-02-13 21:00:00+00:00,20260124_212136_d95d7e2b_BuyHold_XLE,0.009257182515856886,0.009257182515856886,1.0251013825559971,1.0251013825559971,0.0,0.0,1.0,0.009257182515856886
2025-02-14 21:00:00+00:00,20260124_212136_d95d7e2b_BuyHold_XLE,-0.013450561839488848,-0.013450561839488848,1.0113131930181822,1.0113131930181822,0.0,0.0,1.0,-0.013450561839488848
2025-02-18 21:00:00+00:00,20260124_212136_d95d7e2b_BuyHold_XLE,0.01344749609196142,0.01344749609196142,1.0249128232290434,1.0249128232290434,0.0,0.0,1.0,0.01344749609196142
2025-02-19 21:00:00+00:00,20260124_212136_d95d7e2b_BuyHold_XLE,-0.0035874477936561123,-0.0035874477936561123,1.0212360019826605,1.0212360019826605,0.0,0.0,1.0,-0.0035874477936561123
2025-02-20 21:00:00+00:00,20260124_212136_d95d7e2b_BuyHold_XLE,0.008721960692302128,0.008721960692302128,1.030143182249517,1.030143182249517,0.0,0.0,1.0,0.008721960692302128
2025-02-21 21:00:00+00:00,20260124_212136_d95d7e2b_BuyHold_XLE,-0.012198027910960151,-0.012198027910960151,1.017577466960152,1.017577466960152,0.0,0.0,1.0,-0.012198027910960151
2025-02-24 21:00:00+00:00,20260124_212136_d95d7e2b_BuyHold_XLE,0.0006815858494014671,0.0006815858494014671,1.0182710333623017,1.0182710333623017,0.0,0.0,1.0,0.0006815858494014671
2025-02-25 21:00:00+00:00,20260124_212136_d95d7e2b_BuyHold_XLE,-0.01421390276115283,-0.01421390276115283,1.0037974279095914,1.0037974279095914,0.0,0.0,1.0,-0.01421390276115283
2025-02-26 21:00:00+00:00,20260124_212136_d95d7e2b_BuyHold_XLE,-0.003701137697098416,-0.003701137697098416,1.0000822354089047,1.0000822354089047,0.0,0.0,1.0,-0.003701137697098416
2025-02-27 21:00:00+00:00,20260124_212136_d95d7e2b_BuyHold_XLE,-0.0013831260849509446,-0.0013831260849509446,0.9986989955820146,0.9986989955820146,0.0,0.0,1.0,-0.0013831260849509446
2025-02-28 21:00:00+00:00,20260124_212136_d95d7e2b_BuyHold_XLE,0.01418139045616053,0.01418139045616053,1.0128619359865385,1.0128619359865385,0.0,0.0,1.0,0.01418139045616053
2025-03-03 21:00:00+00:00,20260124_212136_d95d7e2b_BuyHold_XLE,-0.0360565982554678,-0.0360565982554678,0.9763415800724166,0.9763415800724166,0.0,0.0,1.0,-0.0360565982554678
2025-03-04 21:00:00+00:00,20260124_212136_d95d7e2b_BuyHold_XLE,0.01243142951793314,0.01243142951793314,0.9884789016105142,0.9884789016105142,0.0,0.0,1.0,0.01243142951793314
2025-03-05 21:00:00+00:00,20260124_212136_d95d7e2b_BuyHold_XLE,-0.0004822763536930208,-0.0004822763536930208,0.988002181610143,0.988002181610143,0.0,0.0,1.0,-0.0004822763536930208
2025-03-06 21:00:00+00:00,20260124_212136_d95d7e2b_BuyHold_XLE,0.0033710602595840543,0.0033710602595840543,0.9913327965009512,0.9913327965009512,0.0,0.0,1.0,0.0033710602595840543
2025-03-07 21:00:00+00:00,20260124_212136_d95d7e2b_BuyHold_XLE,0.002840911001603721,0.002840911001603721,0.9941490847487813,0.9941490847487813,0.0,0.0,1.0,0.002840911001603721
2025-03-10 20:00:00+00:00,20260124_212136_d95d7e2b_BuyHold_XLE,0.00033714947069807597,0.00033714947069807597,0.9944842615864993,0.9944842615864993,0.0,0.0,1.0,0.00033714947069807597
2025-03-11 20:00:00+00:00,20260124_212136_d95d7e2b_BuyHold_XLE,-0.015489631448598093,-0.015489631448598093,0.9790800668930932,0.9790800668930932,0.0,0.0,1.0,-0.015489631448598093
2025-03-12 20:00:00+00:00,20260124_212136_d95d7e2b_BuyHold_XLE,0.003774479593203327,0.003774479593203327,0.9827755846256934,0.9827755846256934,0.0,0.0,1.0,0.003774479593203327
2025-03-13 20:00:00+00:00,20260124_212136_d95d7e2b_BuyHold_XLE,-0.00661471818893254,-0.00661471818893254,0.976274801090431,0.976274801090431,0.0,0.0,1.0,-0.00661471818893254
2025-03-14 20:00:00+00:00,20260124_212136_d95d7e2b_BuyHold_XLE,0.02142606417267567,0.02142606417267567,0.9971925276287606,0.9971925276287606,0.0,0.0,1.0,0.02142606417267567
2025-03-17 20:00:00+00:00,20260124_212136_d95d7e2b_BuyHold_XLE,0.016227073010489382,0.016227073010489382,1.013374043580107,1.013374043580107,0.0,0.0,1.0,0.016227073010489382
2025-03-18 20:00:00+00:00,20260124_212136_d95d7e2b_BuyHold_XLE,-0.0029368596733094486,-0.0029368596733094486,1.010397906217538,1.010397906217538,0.0,0.0,1.0,-0.0029368596733094486
2025-03-19 20:00:00+00:00,20260124_212136_d95d7e2b_BuyHold_XLE,0.008272825270425424,0.008272825270425424,1.0187567515492795,1.0187567515492795,0.0,0.0,1.0,0.008272825270425424
2025-03-20 20:00:00+00:00,20260124_212136_d95d7e2b_BuyHold_XLE,0.004221759408986374,0.004221759408986374,1.0230576974506012,1.0230576974506012,0.0,0.0,1.0,0.004221759408986374
2025-03-21 20:00:00+00:00,20260124_212136_d95d7e2b_BuyHold_XLE,-0.003346350027344695,-0.003346350027344695,1.0196341882967621,1.0196341882967621,0.0,0.0,1.0,-0.003346350027344695
2025-03-24 20:00:00+00:00,20260124_212136_d95d7e2b_BuyHold_XLE,0.011332195484526962,0.011332195484526962,1.0311888822412478,1.0311888822412478,0.0,0.0,1.0,0.011332195484526962
2025-03-25 20:00:00+00:00,20260124_212136_d95d7e2b_BuyHold_XLE,-0.00570176983304459,-0.00570176983304459,1.0253092805803137,1.0253092805803137,0.0,0.0,1.0,-0.00570176983304459
2025-03-26 20:00:00+00:00,20260124_212136_d95d7e2b_BuyHold_XLE,0.005045530063240133,0.005045530063240133,1.0304825093796008,1.0304825093796008,0.0,0.0,1.0,0.005045530063240133
2025-03-27 20:00:00+00:00,20260124_212136_d95d7e2b_BuyHold_XLE,-0.00044159859406110865,-0.00044159859406110865,1.0300274497522541,1.0300274497522541,0.0,0.0,1.0,-0.00044159859406110865
2025-03-28 20:00:00+00:00,20260124_212136_d95d7e2b_BuyHold_XLE,-0.003102151834087136,-0.003102151834087136,1.026832148209845,1.026832148209845,0.0,0.0,1.0,-0.003102151834087136
2025-03-31 20:00:00+00:00,20260124_212136_d95d7e2b_BuyHold_XLE,0.009704531389177951,0.009704531389177951,1.0367970730235645,1.0367970730235645,0.0,0.0,1.0,0.009704531389177951
2025-04-01 20:00:00+00:00,20260124_212136_d95d7e2b_BuyHold_XLE,0.010526412986987716,0.010526412986987716,1.0477108271979105,1.0477108271979105,0.0,0.0,1.0,0.010526412986987716
2025-04-02 20:00:00+00:00,20260124_212136_d95d7e2b_BuyHold_XLE,0.0006542362025960831,0.0006542362025960831,1.0483962775509152,1.0483962775509152,0.0,0.0,1.0,0.0006542362025960831
2025-04-03 20:00:00+00:00,20260124_212136_d95d7e2b_BuyHold_XLE,-0.03802915939921021,-0.03802915939921021,1.0085266483983928,1.0085266483983928,0.0,0.0,1.0,-0.03802915939921021
2025-04-04 20:00:00+00:00,20260124_212136_d95d7e2b_BuyHold_XLE,-0.038671824638715074,-0.038671824638715074,0.969525082708059,0.969525082708059,0.0,0.0,1.0,-0.038671824638715074
2025-04-07 20:00:00+00:00,20260124_212136_d95d7e2b_BuyHold_XLE,0.03787119234212565,0.03787119234212565,1.006242153595811,1.006242153595811,0.0,0.0,1.0,0.03787119234212565
2025-04-08 20:00:00+00:00,20260124_212136_d95d7e2b_BuyHold_XLE,-0.04459170426202469,-0.04459170426202469,0.9613721010666838,0.9613721010666838,0.0,0.0,1.0,-0.04459170426202469
2025-04-09 20:00:00+00:00,20260124_212136_d95d7e2b_BuyHold_XLE,0.03445934333905347,0.03445934333905347,0.9945003523739279,0.9945003523739279,0.0,0.0,1.0,0.03445934333905347
2025-04-10 20:00:00+00:00,20260124_212136_d95d7e2b_BuyHold_XLE,-0.024978293486755274,-0.024978293486755274,0.9696594306996503,0.9696594306996503,0.0,0.0,1.0,-0.024978293486755274
2025-04-11 20:00:00+00:00,20260124_212136_d95d7e2b_BuyHold_XLE,0.024725089085511152,0.024725089085511152,0.9936343465063051,0.9936343465063051,0.0,0.0,1.0,0.024725089085511152
2025-04-14 20:00:00+00:00,20260124_212136_d95d7e2b_BuyHold_XLE,0.002594708253872624,0.002594708253872624,0.9962125377465164,0.9962125377465164,0.0,0.0,1.0,0.002594708253872624
2025-04-15 20:00:00+00:00,20260124_212136_d95d7e2b_BuyHold_XLE,-0.012630661535553056,-0.012630661535553056,0.9836297143647658,0.9836297143647658,0.0,0.0,1.0,-0.012630661535553056
2025-04-16 20:00:00+00:00,20260124_212136_d95d7e2b_BuyHold_XLE,0.008266644854793219,0.008266644854793219,0.991761031882041,0.991761031882041,0.0,0.0,1.0,0.008266644854793219
2025-04-17 20:00:00+00:00,20260124_212136_d95d7e2b_BuyHold_XLE,0.022135492259538977,0.022135492259538977,1.0137141505265783,1.0137141505265783,0.0,0.0,1.0,0.022135492259538977
2025-04-21 20:00:00+00:00,20260124_212136_d95d7e2b_BuyHold_XLE,-0.010797020055001199,-0.010797020055001199,1.0027690585133044,1.0027690585133044,0.0,0.0,1.0,-0.010797020055001199
2025-04-22 20:00:00+00:00,20260124_212136_d95d7e2b_BuyHold_XLE,0.009617892414178923,0.009617892414178923,1.012413583434353,1.012413583434353,0.0,0.0,1.0,0.009617892414178923
2025-04-23 20:00:00+00:00,20260124_212136_d95d7e2b_BuyHold_XLE,-0.01079734281319476,-0.01079734281319476,1.0014822069052773,1.0014822069052773,0.0,0.0,1.0,-0.01079734281319476
2025-04-24 20:00:00+00:00,20260124_212136_d95d7e2b_BuyHold_XLE,0.014785383991149975,0.014785383991149975,1.0162895058946761,1.0162895058946761,0.0,0.0,1.0,0.014785383991149975
2025-04-25 20:00:00+00:00,20260124_212136_d95d7e2b_BuyHold_XLE,0.002992520936454165,0.002992520936454165,1.0193307735185646,1.0193307735185646,0.0,0.0,1.0,0.002992520936454165
2025-04-28 20:00:00+00:00,20260124_212136_d95d7e2b_BuyHold_XLE,0.0017328881672714028,0.0017328881672714028,1.0210971597545304,1.0210971597545304,0.0,0.0,1.0,0.0017328881672714028
2025-04-29 20:00:00+00:00,20260124_212136_d95d7e2b_BuyHold_XLE,-0.0034687844494233006,-0.0034687844494233006,1.0175551938054235,1.0175551938054235,0.0,0.0,1.0,-0.0034687844494233006
2025-04-30 20:00:00+00:00,20260124_212136_d95d7e2b_BuyHold_XLE,0.0020418588002698735,0.0020418588002698735,1.0196328978326554,1.0196328978326554,0.0,0.0,1.0,0.0020418588002698735
2025-05-01 20:00:00+00:00,20260124_212136_d95d7e2b_BuyHold_XLE,0.004578995535687815,0.004578995535687815,1.0243017923198716,1.0243017923198716,0.0,0.0,1.0,0.004578995535687815
2025-05-02 20:00:00+00:00,20260124_212136_d95d7e2b_BuyHold_XLE,0.011066511329783164,0.011066511329783164,1.0356372397096967,1.0356372397096967,0.0,0.0,1.0,0.011066511329783164
2025-05-05 20:00:00+00:00,20260124_212136_d95d7e2b_BuyHold_XLE,0.0017850317120228865,0.0017850317120228865,1.0374858850247304,1.0374858850247304,0.0,0.0,1.0,0.0017850317120228865
2025-05-06 20:00:00+00:00,20260124_212136_d95d7e2b_BuyHold_XLE,-0.001018848789102683,-0.001018848789102683,1.036428843787062,1.036428843787062,0.0,0.0,1.0,-0.001018848789102683
2025-05-07 20:00:00+00:00,20260124_212136_d95d7e2b_BuyHold_XLE,0.0005095541511526969,0.0005095541511526969,1.0369569604067879,1.0369569604067879,0.0,0.0,1.0,0.0005095541511526969
2025-05-08 20:00:00+00:00,20260124_212136_d95d7e2b_BuyHold_XLE,-0.0035122966362925645,-0.0035122966362925645,1.0333148599627708,1.0333148599627708,0.0,0.0,1.0,-0.0035122966362925645
2025-05-09 20:00:00+00:00,20260124_212136_d95d7e2b_BuyHold_XLE,0.01000258402227246,0.01000258402227246,1.0436506786710111,1.0436506786710111,0.0,0.0,1.0,0.01000258402227246
2025-05-12 20:00:00+00:00,20260124_212136_d95d7e2b_BuyHold_XLE,-0.010375289114017427,-0.010375289114017427,1.0328225011457588,1.0328225011457588,0.0,0.0,1.0,-0.010375289114017427
2025-05-13 20:00:00+00:00,20260124_212136_d95d7e2b_BuyHold_XLE,0.008408457949406251,0.008408457949406251,1.0415069457158435,1.0415069457158435,0.0,0.0,1.0,0.008408457949406251
2025-05-14 20:00:00+00:00,20260124_212136_d95d7e2b_BuyHold_XLE,0.0007221085883645904,0.0007221085883645904,1.0422590268261862,1.0422590268261862,0.0,0.0,1.0,0.0007221085883645904
2025-05-15 20:00:00+00:00,20260124_212136_d95d7e2b_BuyHold_XLE,0.0043217354180282615,0.0043217354180282615,1.0467633945771806,1.0467633945771806,0.0,0.0,1.0,0.0043217354180282615
2025-05-16 20:00:00+00:00,20260124_212136_d95d7e2b_BuyHold_XLE,0.0009606148673375366,0.0009606148673375366,1.047768931056596,1.047768931056596,0.0,0.0,1.0,0.0009606148673375366
2025-05-19 20:00:00+00:00,20260124_212136_d95d7e2b_BuyHold_XLE,0.006584586648625372,0.006584586648625372,1.054668056370876,1.054668056370876,0.0,0.0,1.0,0.006584586648625372
2025-05-20 20:00:00+00:00,20260124_212136_d95d7e2b_BuyHold_XLE,-0.004161063401981337,-0.004161063401981337,1.0502795157202722,1.0502795157202722,0.0,0.0,1.0,-0.004161063401981337
2025-05-21 20:00:00+00:00,20260124_212136_d95d7e2b_BuyHold_XLE,-0.01881709396201833,-0.01881709396201833,1.0305163073865806,1.0305163073865806,0.0,0.0,1.0,-0.01881709396201833
2025-05-22 20:00:00+00:00,20260124_212136_d95d7e2b_BuyHold_XLE,0.007560519884958757,0.007560519884958757,1.038307546420351,1.038307546420351,0.0,0.0,1.0,0.007560519884958757
2025-05-23 20:00:00+00:00,20260124_212136_d95d7e2b_BuyHold_XLE,0.005772383953845206,0.005772383953845206,1.0443010562404644,1.0443010562404644,0.0,0.0,1.0,0.005772383953845206
2025-05-27 20:00:00+00:00,20260124_212136_d95d7e2b_BuyHold_XLE,0.004971424606451202,0.004971424606451202,1.0494927202080013,1.0494927202080013,0.0,0.0,1.0,0.004971424606451202
2025-05-28 20:00:00+00:00,20260124_212136_d95d7e2b_BuyHold_XLE,-0.010991866852346514,-0.010991866852346514,1.037956835964968,1.037956835964968,0.0,0.0,1.0,-0.010991866852346514
2025-05-29 20:00:00+00:00,20260124_212136_d95d7e2b_BuyHold_XLE,0.007008789642189689,0.007008789642189689,1.0452316570859193,1.0452316570859193,0.0,0.0,1.0,0.007008789642189689
2025-05-30 20:00:00+00:00,20260124_212136_d95d7e2b_BuyHold_XLE,-0.0007542426504643201,-0.0007542426504643201,1.0444432987905297,1.0444432987905297,0.0,0.0,1.0,-0.0007542426504643201
2025-06-02 20:00:00+00:00,20260124_212136_d95d7e2b_BuyHold_XLE,0.0057278204163433,0.0057278204163433,1.050425682441055,1.050425682441055,0.0,0.0,1.0,0.0057278204163433
2025-06-03 20:00:00+00:00,20260124_212136_d95d7e2b_BuyHold_XLE,0.01160363593529725,0.01160363593529725,1.0626144396371873,1.0626144396371873,0.0,0.0,1.0,0.01160363593529725
2025-06-04 20:00:00+00:00,20260124_212136_d95d7e2b_BuyHold_XLE,-0.022761992115095962,-0.022761992115095962,1.0384272181407785,1.0384272181407785,0.0,0.0,1.0,-0.022761992115095962
2025-06-05 20:00:00+00:00,20260124_212136_d95d7e2b_BuyHold_XLE,-0.0025012519293526716,-0.0025012519293526716,1.0358298500579115,1.0358298500579115,0.0,0.0,1.0,-0.0025012519293526716
2025-06-06 20:00:00+00:00,20260124_212136_d95d7e2b_BuyHold_XLE,0.0024618427007770407,0.0024618427007770407,1.0383799002135234,1.0383799002135234,0.0,0.0,1.0,0.0024618427007770407
2025-06-09 20:00:00+00:00,20260124_212136_d95d7e2b_BuyHold_XLE,-0.001471670611456041,-0.001471670611456041,1.0368517470308525,1.0368517470308525,0.0,0.0,1.0,-0.001471670611456041
2025-06-10 20:00:00+00:00,20260124_212136_d95d7e2b_BuyHold_XLE,0.017759863459629936,0.017759863459629936,1.0552660924859991,1.0552660924859991,0.0,0.0,1.0,0.017759863459629936
2025-06-11 20:00:00+00:00,20260124_212136_d95d7e2b_BuyHold_XLE,0.011959004043527111,0.011959004043527111,1.0678860239530363,1.0678860239530363,0.0,0.0,1.0,0.011959004043527111
2025-06-12 20:00:00+00:00,20260124_212136_d95d7e2b_BuyHold_XLE,0.008324462389123148,0.008324462389123148,1.0767756009953038,1.0767756009953038,0.0,0.0,1.0,0.008324462389123148
2025-06-13 20:00:00+00:00,20260124_212136_d95d7e2b_BuyHold_XLE,0.008182395154939681,0.008182395154939681,1.0855862044558449,1.0855862044558449,0.0,0.0,1.0,0.008182395154939681
2025-06-16 20:00:00+00:00,20260124_212136_d95d7e2b_BuyHold_XLE,-0.003031365268727469,-0.003031365268727469,1.0822953961394477,1.0822953961394477,0.0,0.0,1.0,-0.003031365268727469
2025-06-17 20:00:00+00:00,20260124_212136_d95d7e2b_BuyHold_XLE,-0.003232512627721053,-0.003232512627721053,1.0787968626045026,1.0787968626045026,0.0,0.0,1.0,-0.003232512627721053
2025-06-18 20:00:00+00:00,20260124_212136_d95d7e2b_BuyHold_XLE,-0.006729344340743192,-0.006729344340743192,1.0715372670423233,1.0715372670423233,0.0,0.0,1.0,-0.006729344340743192
2025-06-20 20:00:00+00:00,20260124_212136_d95d7e2b_BuyHold_XLE,0.009731309417010297,0.009731309417010297,1.08196472773977,1.08196472773977,0.0,0.0,1.0,0.009731309417010297
2025-06-23 20:00:00+00:00,20260124_212136_d95d7e2b_BuyHold_XLE,-0.02545379684523822,-0.02545379684523822,1.0544246173661684,1.0544246173661684,0.0,0.0,1.0,-0.02545379684523822
2025-06-24 20:00:00+00:00,20260124_212136_d95d7e2b_BuyHold_XLE,-0.007161644359695331,-0.007161644359695331,1.0468732032524841,1.0468732032524841,0.0,0.0,1.0,-0.007161644359695331
2025-06-25 20:00:00+00:00,20260124_212136_d95d7e2b_BuyHold_XLE,0.0014447389943743852,0.0014447389943743852,1.0483856617913885,1.0483856617913885,0.0,0.0,1.0,0.0014447389943743852
2025-06-26 20:00:00+00:00,20260124_212136_d95d7e2b_BuyHold_XLE,0.007859990447376376,0.007859990447376376,1.056625963078235,1.056625963078235,0.0,0.0,1.0,0.007859990447376376
2025-06-27 20:00:00+00:00,20260124_212136_d95d7e2b_BuyHold_XLE,-0.005233123265193305,-0.005233123265193305,1.0510965091682432,1.0510965091682432,0.0,0.0,1.0,-0.005233123265193305
2025-06-30 20:00:00+00:00,20260124_212136_d95d7e2b_BuyHold_XLE,-0.0009594627744916992,-0.0009594627744916992,1.050088021195298,1.050088021195298,0.0,0.0,1.0,-0.0009594627744916992
2025-07-01 20:00:00+00:00,20260124_212136_d95d7e2b_BuyHold_XLE,0.008126239746928606,0.008126239746928606,1.058621288210909,1.058621288210909,0.0,0.0,1.0,0.008126239746928606
2025-07-02 20:00:00+00:00,20260124_212136_d95d7e2b_BuyHold_XLE,0.016279703647183494,0.016279703647183494,1.0758553290575823,1.0758553290575823,0.0,0.0,1.0,0.016279703647183494
2025-07-03 20:00:00+00:00,20260124_212136_d95d7e2b_BuyHold_XLE,0.00023372677446618752,0.00023372677446618752,1.0761067852534352,1.0761067852534352,0.0,0.0,1.0,0.00023372677446618752
2025-07-07 20:00:00+00:00,20260124_212136_d95d7e2b_BuyHold_XLE,-0.004709215201592948,-0.004709215201592948,1.0710391668217825,1.0710391668217825,0.0,0.0,1.0,-0.004709215201592948
2025-07-08 20:00:00+00:00,20260124_212136_d95d7e2b_BuyHold_XLE,0.02089697587721609,0.02089697587721609,1.093420646454411,1.093420646454411,0.0,0.0,1.0,0.02089697587721609
2025-07-09 20:00:00+00:00,20260124_212136_d95d7e2b_BuyHold_XLE,-0.0032295299119195725,-0.0032295299119195725,1.089889411770376,1.089889411770376,0.0,0.0,1.0,-0.0032295299119195725
2025-07-10 20:00:00+00:00,20260124_212136_d95d7e2b_BuyHold_XLE,0.01617784301098503,0.01617784301098503,1.107521471573332,1.107521471573332,0.0,0.0,1.0,0.01617784301098503
2025-07-11 20:00:00+00:00,20260124_212136_d95d7e2b_BuyHold_XLE,0.004573527295199732,0.004573527295199732,1.1125867512535923,1.1125867512535923,0.0,0.0,1.0,0.004573527295199732
2025-07-14 20:00:00+00:00,20260124_212136_d95d7e2b_BuyHold_XLE,-0.006681282773599092,-0.006681282773599092,1.105153244558307,1.105153244558307,0.0,0.0,1.0,-0.006681282773599092
2025-07-15 20:00:00+00:00,20260124_212136_d95d7e2b_BuyHold_XLE,-0.012795335671537735,-0.012795335671537735,1.0910124378256945,1.0910124378256945,0.0,0.0,1.0,-0.012795335671537735
2025-07-16 20:00:00+00:00,20260124_212136_d95d7e2b_BuyHold_XLE,-0.008700819146656144,-0.008700819146656144,1.0815197359174207,1.0815197359174207,0.0,0.0,1.0,-0.008700819146656144
2025-07-17 20:00:00+00:00,20260124_212136_d95d7e2b_BuyHold_XLE,0.005178919296654323,0.005178919296654323,1.0871208393474758,1.0871208393474758,0.0,0.0,1.0,0.005178919296654323
2025-07-18 20:00:00+00:00,20260124_212136_d95d7e2b_BuyHold_XLE,-0.007778471747211753,-0.007778471747211753,1.0786647006128063,1.0786647006128063,0.0,0.0,1.0,-0.007778471747211753
2025-07-21 20:00:00+00:00,20260124_212136_d95d7e2b_BuyHold_XLE,-0.009045527041478933,-0.009045527041478933,1.0689076098947243,1.0689076098947243,0.0,0.0,1.0,-0.009045527041478933
2025-07-22 20:00:00+00:00,20260124_212136_d95d7e2b_BuyHold_XLE,-0.0021395467569818283,-0.0021395467569818283,1.066620632084461,1.066620632084461,0.0,0.0,1.0,-0.0021395467569818283
2025-07-23 20:00:00+00:00,20260124_212136_d95d7e2b_BuyHold_XLE,0.0,0.0,1.066620632084461,1.066620632084461,0.0,0.0,0.0,0.0
2025-07-24 20:00:00+00:00,20260124_212136_d95d7e2b_BuyHold_XLE,0.0,0.0,1.066620632084461,1.066620632084461,0.0,0.0,0.0,0.0
2025-07-25 20:00:00+00:00,20260124_212136_d95d7e2b_BuyHold_XLE,0.0,0.0,1.066620632084461,1.066620632084461,0.0,0.0,0.0,-0.0
2025-07-28 20:00:00+00:00,20260124_212136_d95d7e2b_BuyHold_XLE,0.0,0.0,1.066620632084461,1.066620632084461,0.0,0.0,0.0,0.0
2025-07-29 20:00:00+00:00,20260124_212136_d95d7e2b_BuyHold_XLE,0.0,0.0,1.066620632084461,1.066620632084461,0.0,0.0,0.0,0.0
2025-07-30 20:00:00+00:00,20260124_212136_d95d7e2b_BuyHold_XLE,0.0,0.0,1.066620632084461,1.066620632084461,0.0,0.0,0.0,-0.0
2025-07-31 20:00:00+00:00,20260124_212136_d95d7e2b_BuyHold_XLE,0.0,0.0,1.066620632084461,1.066620632084461,0.0,0.0,0.0,-0.0
2025-08-01 20:00:00+00:00,20260124_212136_d95d7e2b_BuyHold_XLE,0.0,0.0,1.066620632084461,1.066620632084461,0.0,0.0,0.0,-0.0
2025-08-04 20:00:00+00:00,20260124_212136_d95d7e2b_BuyHold_XLE,0.0,0.0,1.066620632084461,1.066620632084461,0.0,0.0,0.0,-0.0
2025-08-05 20:00:00+00:00,20260124_212136_d95d7e2b_BuyHold_XLE,0.0,0.0,1.066620632084461,1.066620632084461,0.0,0.0,0.0,0.0
2025-08-06 20:00:00+00:00,20260124_212136_d95d7e2b_BuyHold_XLE,0.0,0.0,1.066620632084461,1.066620632084461,0.0,0.0,0.0,-0.0
2025-08-07 20:00:00+00:00,20260124_212136_d95d7e2b_BuyHold_XLE,0.0,0.0,1.066620632084461,1.066620632084461,0.0,0.0,0.0,-0.0
2025-08-08 20:00:00+00:00,20260124_212136_d95d7e2b_BuyHold_XLE,0.0,0.0,1.066620632084461,1.066620632084461,0.0,0.0,0.0,0.0
2025-08-11 20:00:00+00:00,20260124_212136_d95d7e2b_BuyHold_XLE,0.0,0.0,1.066620632084461,1.066620632084461,0.0,0.0,0.0,-0.0
2025-08-12 20:00:00+00:00,20260124_212136_d95d7e2b_BuyHold_XLE,0.0,0.0,1.066620632084461,1.066620632084461,0.0,0.0,0.0,0.0
2025-08-13 20:00:00+00:00,20260124_212136_d95d7e2b_BuyHold_XLE,0.0,0.0,1.066620632084461,1.066620632084461,0.0,0.0,0.0,0.0
2025-08-14 20:00:00+00:00,20260124_212136_d95d7e2b_BuyHold_XLE,0.0,0.0,1.066620632084461,1.066620632084461,0.0,0.0,0.0,0.0
2025-08-15 20:00:00+00:00,20260124_212136_d95d7e2b_BuyHold_XLE,0.0,0.0,1.066620632084461,1.066620632084461,0.0,0.0,0.0,-0.0
2025-08-18 20:00:00+00:00,20260124_212136_d95d7e2b_BuyHold_XLE,0.0,0.0,1.066620632084461,1.066620632084461,0.0,0.0,0.0,0.0
2025-08-19 20:00:00+00:00,20260124_212136_d95d7e2b_BuyHold_XLE,0.0,0.0,1.066620632084461,1.066620632084461,0.0,0.0,0.0,-0.0
2025-08-20 20:00:00+00:00,20260124_212136_d95d7e2b_BuyHold_XLE,0.0,0.0,1.066620632084461,1.066620632084461,0.0,0.0,0.0,0.0
2025-08-21 20:00:00+00:00,20260124_212136_d95d7e2b_BuyHold_XLE,0.0,0.0,1.066620632084461,1.066620632084461,0.0,0.0,0.0,0.0
2025-08-22 20:00:00+00:00,20260124_212136_d95d7e2b_BuyHold_XLE,0.0,0.0,1.066620632084461,1.066620632084461,0.0,0.0,0.0,0.0
2025-08-25 20:00:00+00:00,20260124_212136_d95d7e2b_BuyHold_XLE,0.0,0.0,1.066620632084461,1.066620632084461,0.0,0.0,0.0,0.0
2025-08-26 20:00:00+00:00,20260124_212136_d95d7e2b_BuyHold_XLE,0.0,0.0,1.066620632084461,1.066620632084461,0.0,0.0,0.0,0.0
2025-08-27 20:00:00+00:00,20260124_212136_d95d7e2b_BuyHold_XLE,0.0,0.0,1.066620632084461,1.066620632084461,0.0,0.0,0.0,0.0
2025-08-28 20:00:00+00:00,20260124_212136_d95d7e2b_BuyHold_XLE,0.0,0.0,1.066620632084461,1.066620632084461,0.0,0.0,0.0,0.0
2025-08-29 20:00:00+00:00,20260124_212136_d95d7e2b_BuyHold_XLE,0.0,0.0,1.066620632084461,1.066620632084461,0.0,0.0,0.0,-0.0
2025-09-02 20:00:00+00:00,20260124_212136_d95d7e2b_BuyHold_XLE,0.0,0.0,1.066620632084461,1.066620632084461,0.0,0.0,0.0,0.0
2025-09-03 20:00:00+00:00,20260124_212136_d95d7e2b_BuyHold_XLE,0.0,0.0,1.066620632084461,1.066620632084461,0.0,0.0,0.0,-0.0
2025-09-04 20:00:00+00:00,20260124_212136_d95d7e2b_BuyHold_XLE,0.0,0.0,1.066620632084461,1.066620632084461,0.0,0.0,0.0,0.0
2025-09-05 20:00:00+00:00,20260124_212136_d95d7e2b_BuyHold_XLE,0.0,0.0,1.066620632084461,1.066620632084461,0.0,0.0,0.0,-0.0
2025-09-08 20:00:00+00:00,20260124_212136_d95d7e2b_BuyHold_XLE,0.0,0.0,1.066620632084461,1.066620632084461,0.0,0.0,0.0,-0.0
2025-09-09 20:00:00+00:00,20260124_212136_d95d7e2b_BuyHold_XLE,0.0,0.0,1.066620632084461,1.066620632084461,0.0,0.0,0.0,-0.0
2025-09-10 20:00:00+00:00,20260124_212136_d95d7e2b_BuyHold_XLE,0.0,0.0,1.066620632084461,1.066620632084461,0.0,0.0,0.0,0.0
2025-09-11 20:00:00+00:00,20260124_212136_d95d7e2b_BuyHold_XLE,0.0,0.0,1.066620632084461,1.066620632084461,0.0,0.0,0.0,0.0
2025-09-12 20:00:00+00:00,20260124_212136_d95d7e2b_BuyHold_XLE,0.0,0.0,1.066620632084461,1.066620632084461,0.0,0.0,0.0,-0.0
2025-09-15 20:00:00+00:00,20260124_212136_d95d7e2b_BuyHold_XLE,0.0,0.0,1.066620632084461,1.066620632084461,0.0,0.0,0.0,0.0
2025-09-16 20:00:00+00:00,20260124_212136_d95d7e2b_BuyHold_XLE,0.0,0.0,1.066620632084461,1.066620632084461,0.0,0.0,0.0,0.0
2025-09-17 20:00:00+00:00,20260124_212136_d95d7e2b_BuyHold_XLE,0.0,0.0,1.066620632084461,1.066620632084461,0.0,0.0,0.0,-0.0
2025-09-18 20:00:00+00:00,20260124_212136_d95d7e2b_BuyHold_XLE,0.0,0.0,1.066620632084461,1.066620632084461,0.0,0.0,0.0,-0.0
2025-09-19 20:00:00+00:00,20260124_212136_d95d7e2b_BuyHold_XLE,0.0,0.0,1.066620632084461,1.066620632084461,0.0,0.0,0.0,-0.0
2025-09-22 20:00:00+00:00,20260124_212136_d95d7e2b_BuyHold_XLE,0.0,0.0,1.066620632084461,1.066620632084461,0.0,0.0,0.0,0.0
2025-09-23 20:00:00+00:00,20260124_212136_d95d7e2b_BuyHold_XLE,0.0,0.0,1.066620632084461,1.066620632084461,0.0,0.0,0.0,0.0
2025-09-24 20:00:00+00:00,20260124_212136_d95d7e2b_BuyHold_XLE,0.0,0.0,1.066620632084461,1.066620632084461,0.0,0.0,0.0,-0.0
2025-09-25 20:00:00+00:00,20260124_212136_d95d7e2b_BuyHold_XLE,0.0,0.0,1.066620632084461,1.066620632084461,0.0,0.0,0.0,0.0
2025-09-26 20:00:00+00:00,20260124_212136_d95d7e2b_BuyHold_XLE,0.0,0.0,1.066620632084461,1.066620632084461,0.0,0.0,0.0,-0.0
2025-09-29 20:00:00+00:00,20260124_212136_d95d7e2b_BuyHold_XLE,0.0,0.0,1.066620632084461,1.066620632084461,0.0,0.0,0.0,-0.0
2025-09-30 20:00:00+00:00,20260124_212136_d95d7e2b_BuyHold_XLE,0.0,0.0,1.066620632084461,1.066620632084461,0.0,0.0,0.0,-0.0
2025-10-01 20:00:00+00:00,20260124_212136_d95d7e2b_BuyHold_XLE,0.0,0.0,1.066620632084461,1.066620632084461,0.0,0.0,0.0,0.0
2025-10-02 20:00:00+00:00,20260124_212136_d95d7e2b_BuyHold_XLE,0.0,0.0,1.066620632084461,1.066620632084461,0.0,0.0,0.0,-0.0
2025-10-03 20:00:00+00:00,20260124_212136_d95d7e2b_BuyHold_XLE,0.0,0.0,1.066620632084461,1.066620632084461,0.0,0.0,0.0,-0.0
2025-10-06 20:00:00+00:00,20260124_212136_d95d7e2b_BuyHold_XLE,0.0,0.0,1.066620632084461,1.066620632084461,0.0,0.0,0.0,0.0
2025-10-07 20:00:00+00:00,20260124_212136_d95d7e2b_BuyHold_XLE,0.0,0.0,1.066620632084461,1.066620632084461,0.0,0.0,0.0,0.0
2025-10-08 20:00:00+00:00,20260124_212136_d95d7e2b_BuyHold_XLE,0.0,0.0,1.066620632084461,1.066620632084461,0.0,0.0,0.0,0.0
2025-10-09 20:00:00+00:00,20260124_212136_d95d7e2b_BuyHold_XLE,0.0,0.0,1.066620632084461,1.066620632084461,0.0,0.0,0.0,-0.0
2025-10-10 20:00:00+00:00,20260124_212136_d95d7e2b_BuyHold_XLE,0.0,0.0,1.066620632084461,1.066620632084461,0.0,0.0,0.0,-0.0
2025-10-13 20:00:00+00:00,20260124_212136_d95d7e2b_BuyHold_XLE,0.0,0.0,1.066620632084461,1.066620632084461,0.0,0.0,0.0,0.0
2025-10-14 20:00:00+00:00,20260124_212136_d95d7e2b_BuyHold_XLE,0.0,0.0,1.066620632084461,1.066620632084461,0.0,0.0,0.0,0.0
2025-10-15 20:00:00+00:00,20260124_212136_d95d7e2b_BuyHold_XLE,0.0,0.0,1.066620632084461,1.066620632084461,0.0,0.0,0.0,-0.0
2025-10-16 20:00:00+00:00,20260124_212136_d95d7e2b_BuyHold_XLE,0.0,0.0,1.066620632084461,1.066620632084461,0.0,0.0,0.0,-0.0
2025-10-17 20:00:00+00:00,20260124_212136_d95d7e2b_BuyHold_XLE,0.0,0.0,1.066620632084461,1.066620632084461,0.0,0.0,0.0,0.0
2025-10-20 20:00:00+00:00,20260124_212136_d95d7e2b_BuyHold_XLE,0.0,0.0,1.066620632084461,1.066620632084461,0.0,0.0,0.0,0.0
2025-10-21 20:00:00+00:00,20260124_212136_d95d7e2b_BuyHold_XLE,0.0,0.0,1.066620632084461,1.066620632084461,0.0,0.0,0.0,-0.0
2025-10-22 20:00:00+00:00,20260124_212136_d95d7e2b_BuyHold_XLE,0.0,0.0,1.066620632084461,1.066620632084461,0.0,0.0,0.0,0.0
2025-10-23 20:00:00+00:00,20260124_212136_d95d7e2b_BuyHold_XLE,0.0,0.0,1.066620632084461,1.066620632084461,0.0,0.0,0.0,0.0
2025-10-24 20:00:00+00:00,20260124_212136_d95d7e2b_BuyHold_XLE,0.0,0.0,1.066620632084461,1.066620632084461,0.0,0.0,0.0,-0.0
2025-10-27 20:00:00+00:00,20260124_212136_d95d7e2b_BuyHold_XLE,0.0,0.0,1.066620632084461,1.066620632084461,0.0,0.0,0.0,-0.0
2025-10-28 20:00:00+00:00,20260124_212136_d95d7e2b_BuyHold_XLE,0.0,0.0,1.066620632084461,1.066620632084461,0.0,0.0,0.0,-0.0
2025-10-29 20:00:00+00:00,20260124_212136_d95d7e2b_BuyHold_XLE,0.0,0.0,1.066620632084461,1.066620632084461,0.0,0.0,0.0,0.0
2025-10-30 20:00:00+00:00,20260124_212136_d95d7e2b_BuyHold_XLE,0.0,0.0,1.066620632084461,1.066620632084461,0.0,0.0,0.0,-0.0
2025-10-31 20:00:00+00:00,20260124_212136_d95d7e2b_BuyHold_XLE,0.0,0.0,1.066620632084461,1.066620632084461,0.0,0.0,0.0,0.0
2025-11-03 21:00:00+00:00,20260124_212136_d95d7e2b_BuyHold_XLE,0.0,0.0,1.066620632084461,1.066620632084461,0.0,0.0,0.0,0.0
2025-11-04 21:00:00+00:00,20260124_212136_d95d7e2b_BuyHold_XLE,0.0,0.0,1.066620632084461,1.066620632084461,0.0,0.0,0.0,0.0
2025-11-05 21:00:00+00:00,20260124_212136_d95d7e2b_BuyHold_XLE,0.0,0.0,1.066620632084461,1.066620632084461,0.0,0.0,0.0,-0.0
2025-11-06 21:00:00+00:00,20260124_212136_d95d7e2b_BuyHold_XLE,0.0,0.0,1.066620632084461,1.066620632084461,0.0,0.0,0.0,-0.0
2025-11-07 21:00:00+00:00,20260124_212136_d95d7e2b_BuyHold_XLE,0.0,0.0,1.066620632084461,1.066620632084461,0.0,0.0,0.0,0.0
2025-11-10 21:00:00+00:00,20260124_212136_d95d7e2b_BuyHold_XLE,0.0,0.0,1.066620632084461,1.066620632084461,0.0,0.0,0.0,0.0
2025-11-11 21:00:00+00:00,20260124_212136_d95d7e2b_BuyHold_XLE,0.0,0.0,1.066620632084461,1.066620632084461,0.0,0.0,0.0,0.0
2025-11-12 21:00:00+00:00,20260124_212136_d95d7e2b_BuyHold_XLE,0.0,0.0,1.066620632084461,1.066620632084461,0.0,0.0,0.0,-0.0
2025-11-13 21:00:00+00:00,20260124_212136_d95d7e2b_BuyHold_XLE,0.0,0.0,1.066620632084461,1.066620632084461,0.0,0.0,0.0,-0.0
2025-11-14 21:00:00+00:00,20260124_212136_d95d7e2b_BuyHold_XLE,0.0,0.0,1.066620632084461,1.066620632084461,0.0,0.0,0.0,0.0
2025-11-17 21:00:00+00:00,20260124_212136_d95d7e2b_BuyHold_XLE,0.0,0.0,1.066620632084461,1.066620632084461,0.0,0.0,0.0,-0.0
2025-11-18 21:00:00+00:00,20260124_212136_d95d7e2b_BuyHold_XLE,0.0,0.0,1.066620632084461,1.066620632084461,0.0,0.0,0.0,0.0
2025-11-19 21:00:00+00:00,20260124_212136_d95d7e2b_BuyHold_XLE,0.0,0.0,1.066620632084461,1.066620632084461,0.0,0.0,0.0,0.0
2025-11-20 21:00:00+00:00,20260124_212136_d95d7e2b_BuyHold_XLE,0.0,0.0,1.066620632084461,1.066620632084461,0.0,0.0,0.0,-0.0
2025-11-21 21:00:00+00:00,20260124_212136_d95d7e2b_BuyHold_XLE,0.0,0.0,1.066620632084461,1.066620632084461,0.0,0.0,0.0,0.0
2025-11-24 21:00:00+00:00,20260124_212136_d95d7e2b_BuyHold_XLE,0.0,0.0,1.066620632084461,1.066620632084461,0.0,0.0,0.0,0.0
2025-11-25 21:00:00+00:00,20260124_212136_d95d7e2b_BuyHold_XLE,0.0,0.0,1.066620632084461,1.066620632084461,0.0,0.0,0.0,-0.0
2025-11-26 21:00:00+00:00,20260124_212136_d95d7e2b_BuyHold_XLE,0.0,0.0,1.066620632084461,1.066620632084461,0.0,0.0,0.0,0.0
2025-11-28 21:00:00+00:00,20260124_212136_d95d7e2b_BuyHold_XLE,0.0,0.0,1.066620632084461,1.066620632084461,0.0,0.0,0.0,0.0
2025-12-01 21:00:00+00:00,20260124_212136_d95d7e2b_BuyHold_XLE,0.0,0.0,1.066620632084461,1.066620632084461,0.0,0.0,0.0,-0.0
2025-12-02 21:00:00+00:00,20260124_212136_d95d7e2b_BuyHold_XLE,0.0,0.0,1.066620632084461,1.066620632084461,0.0,0.0,0.0,0.0
2025-12-03 21:00:00+00:00,20260124_212136_d95d7e2b_BuyHold_XLE,0.0,0.0,1.066620632084461,1.066620632084461,0.0,0.0,0.0,0.0
2025-12-04 21:00:00+00:00,20260124_212136_d95d7e2b_BuyHold_XLE,0.0,0.0,1.066620632084461,1.066620632084461,0.0,0.0,0.0,0.0
2025-12-05 21:00:00+00:00,20260124_212136_d95d7e2b_BuyHold_XLE,0.0,0.0,1.066620632084461,1.066620632084461,0.0,0.0,0.0,-0.0
2025-12-08 21:00:00+00:00,20260124_212136_d95d7e2b_BuyHold_XLE,0.0,0.0,1.066620632084461,1.066620632084461,0.0,0.0,0.0,-0.0
2025-12-09 21:00:00+00:00,20260124_212136_d95d7e2b_BuyHold_XLE,0.0,0.0,1.066620632084461,1.066620632084461,0.0,0.0,0.0,-0.0
2025-12-10 21:00:00+00:00,20260124_212136_d95d7e2b_BuyHold_XLE,0.0,0.0,1.066620632084461,1.066620632084461,0.0,0.0,0.0,0.0
2025-12-11 21:00:00+00:00,20260124_212136_d95d7e2b_BuyHold_XLE,0.0,0.0,1.066620632084461,1.066620632084461,0.0,0.0,0.0,-0.0
2025-12-12 21:00:00+00:00,20260124_212136_d95d7e2b_BuyHold_XLE,0.0,0.0,1.066620632084461,1.066620632084461,0.0,0.0,0.0,-0.0
2025-12-15 21:00:00+00:00,20260124_212136_d95d7e2b_BuyHold_XLE,0.0,0.0,1.066620632084461,1.066620632084461,0.0,0.0,0.0,0.0
2025-12-16 21:00:00+00:00,20260124_212136_d95d7e2b_BuyHold_XLE,0.0,0.0,1.066620632084461,1.066620632084461,0.0,0.0,0.0,-0.0
2025-12-17 21:00:00+00:00,20260124_212136_d95d7e2b_BuyHold_XLE,0.0,0.0,1.066620632084461,1.066620632084461,0.0,0.0,0.0,0.0
2025-12-18 21:00:00+00:00,20260124_212136_d95d7e2b_BuyHold_XLE,0.0,0.0,1.066620632084461,1.066620632084461,0.0,0.0,0.0,-0.0
2025-12-19 21:00:00+00:00,20260124_212136_d95d7e2b_BuyHold_XLE,0.0,0.0,1.066620632084461,1.066620632084461,0.0,0.0,0.0,-0.0
2025-12-22 21:00:00+00:00,20260124_212136_d95d7e2b_BuyHold_XLE,0.0,0.0,1.066620632084461,1.066620632084461,0.0,0.0,0.0,-0.0
2025-12-23 21:00:00+00:00,20260124_212136_d95d7e2b_BuyHold_XLE,0.0,0.0,1.066620632084461,1.066620632084461,0.0,0.0,0.0,0.0
2025-12-24 21:00:00+00:00,20260124_212136_d95d7e2b_BuyHold_XLE,0.0,0.0,1.066620632084461,1.066620632084461,0.0,0.0,0.0,-0.0
2025-12-26 21:00:00+00:00,20260124_212136_d95d7e2b_BuyHold_XLE,0.0,0.0,1.066620632084461,1.066620632084461,0.0,0.0,0.0,-0.0
2025-12-29 21:00:00+00:00,20260124_212136_d95d7e2b_BuyHold_XLE,0.0,0.0,1.066620632084461,1.066620632084461,0.0,0.0,0.0,0.0
2025-12-30 21:00:00+00:00,20260124_212136_d95d7e2b_BuyHold_XLE,0.0,0.0,1.066620632084461,1.066620632084461,0.0,0.0,0.0,0.0
2025-12-31 21:00:00+00:00,20260124_212136_d95d7e2b_BuyHold_XLE,0.0,0.0,1.066620632084461,1.066620632084461,0.0,0.0,0.0,-0.0
2026-01-02 21:00:00+00:00,20260124_212136_d95d7e2b_BuyHold_XLE,0.0,0.0,1.066620632084461,1.066620632084461,0.0,0.0,0.0,0.0
2026-01-05 21:00:00+00:00,20260124_212136_d95d7e2b_BuyHold_XLE,0.0,0.0,1.066620632084461,1.066620632084461,0.0,0.0,0.0,0.0
2026-01-06 21:00:00+00:00,20260124_212136_d95d7e2b_BuyHold_XLE,0.0,0.0,1.066620632084461,1.066620632084461,0.0,0.0,0.0,-0.0
2026-01-07 21:00:00+00:00,20260124_212136_d95d7e2b_BuyHold_XLE,0.0,0.0,1.066620632084461,1.066620632084461,0.0,0.0,0.0,-0.0
2026-01-08 21:00:00+00:00,20260124_212136_d95d7e2b_BuyHold_XLE,0.0,0.0,1.066620632084461,1.066620632084461,0.0,0.0,0.0,0.0
2026-01-09 21:00:00+00:00,20260124_212136_d95d7e2b_BuyHold_XLE,0.0,0.0,1.066620632084461,1.066620632084461,0.0,0.0,0.0,0.0
2026-01-12 21:00:00+00:00,20260124_212136_d95d7e2b_BuyHold_XLE,0.0,0.0,1.066620632084461,1.066620632084461,0.0,0.0,0.0,-0.0
2026-01-13 21:00:00+00:00,20260124_212136_d95d7e2b_BuyHold_XLE,0.0,0.0,1.066620632084461,1.066620632084461,0.0,0.0,0.0,0.0
2026-01-14 21:00:00+00:00,20260124_212136_d95d7e2b_BuyHold_XLE,0.0,0.0,1.066620632084461,1.066620632084461,0.0,0.0,0.0,0.0
2026-01-15 21:00:00+00:00,20260124_212136_d95d7e2b_BuyHold_XLE,0.0,0.0,1.066620632084461,1.066620632084461,0.0,0.0,0.0,-0.0
2026-01-16 21:00:00+00:00,20260124_212136_d95d7e2b_BuyHold_XLE,0.0,0.0,1.066620632084461,1.066620632084461,0.0,0.0,0.0,0.0
