timestamp,run_id,port_ret_gross,port_ret_net,equity_gross,equity_net,turnover,cost,weight_ret_spy,asset_ret_gross_ret_spy
2021-01-06 21:00:00+00:00,20260124_203512_1ddb5484_StateSignal_SPY,0.0,0.0,1.0,1.0,0.0,0.0,0.0,-0.0
2021-01-07 21:00:00+00:00,20260124_203512_1ddb5484_StateSignal_SPY,0.0,0.0,1.0,1.0,0.0,0.0,0.0,0.0
2021-01-08 21:00:00+00:00,20260124_203512_1ddb5484_StateSignal_SPY,0.0,0.0,1.0,1.0,0.0,0.0,0.0,0.0
2021-01-11 21:00:00+00:00,20260124_203512_1ddb5484_StateSignal_SPY,0.0,0.0,1.0,1.0,0.0,0.0,0.0,0.0
2021-01-12 21:00:00+00:00,20260124_203512_1ddb5484_StateSignal_SPY,0.0,0.0,1.0,1.0,0.0,0.0,0.0,-0.0
2021-01-13 21:00:00+00:00,20260124_203512_1ddb5484_StateSignal_SPY,0.0,0.0,1.0,1.0,0.0,0.0,0.0,0.0
2021-01-14 21:00:00+00:00,20260124_203512_1ddb5484_StateSignal_SPY,0.0,0.0,1.0,1.0,0.0,0.0,0.0,-0.0
2021-01-15 21:00:00+00:00,20260124_203512_1ddb5484_StateSignal_SPY,0.0,0.0,1.0,1.0,0.0,0.0,0.0,-0.0
2021-01-19 21:00:00+00:00,20260124_203512_1ddb5484_StateSignal_SPY,0.0,0.0,1.0,1.0,0.0,0.0,0.0,0.0
2021-01-20 21:00:00+00:00,20260124_203512_1ddb5484_StateSignal_SPY,0.0,0.0,1.0,1.0,0.0,0.0,0.0,0.0
2021-01-21 21:00:00+00:00,20260124_203512_1ddb5484_StateSignal_SPY,0.0,0.0,1.0,1.0,0.0,0.0,0.0,0.0
2021-01-22 21:00:00+00:00,20260124_203512_1ddb5484_StateSignal_SPY,0.0,0.0,1.0,1.0,0.0,0.0,0.0,0.0
2021-01-25 21:00:00+00:00,20260124_203512_1ddb5484_StateSignal_SPY,0.0,0.0,1.0,1.0,0.0,0.0,0.0,0.0
2021-01-26 21:00:00+00:00,20260124_203512_1ddb5484_StateSignal_SPY,0.0,0.0,1.0,1.0,0.0,0.0,0.0,-0.0
2021-01-27 21:00:00+00:00,20260124_203512_1ddb5484_StateSignal_SPY,0.0,0.0,1.0,1.0,0.0,0.0,0.0,-0.0
2021-01-28 21:00:00+00:00,20260124_203512_1ddb5484_StateSignal_SPY,0.0,0.0,1.0,1.0,0.0,0.0,0.0,-0.0
2021-01-29 21:00:00+00:00,20260124_203512_1ddb5484_StateSignal_SPY,0.0,0.0,1.0,1.0,0.0,0.0,0.0,-0.0
2021-02-01 21:00:00+00:00,20260124_203512_1ddb5484_StateSignal_SPY,0.0,0.0,1.0,1.0,0.0,0.0,0.0,0.0
2021-02-02 21:00:00+00:00,20260124_203512_1ddb5484_StateSignal_SPY,0.0,0.0,1.0,1.0,0.0,0.0,0.0,0.0
2021-02-03 21:00:00+00:00,20260124_203512_1ddb5484_StateSignal_SPY,0.0,0.0,1.0,1.0,0.0,0.0,0.0,-0.0
2021-02-04 21:00:00+00:00,20260124_203512_1ddb5484_StateSignal_SPY,0.0,0.0,1.0,1.0,0.0,0.0,0.0,0.0
2021-02-05 21:00:00+00:00,20260124_203512_1ddb5484_StateSignal_SPY,0.0,0.0,1.0,1.0,0.0,0.0,0.0,-0.0
2021-02-08 21:00:00+00:00,20260124_203512_1ddb5484_StateSignal_SPY,0.0,0.0,1.0,1.0,0.0,0.0,0.0,0.0
2021-02-09 21:00:00+00:00,20260124_203512_1ddb5484_StateSignal_SPY,0.0,0.0,1.0,1.0,0.0,0.0,0.0,0.0
2021-02-10 21:00:00+00:00,20260124_203512_1ddb5484_StateSignal_SPY,0.0,0.0,1.0,1.0,0.0,0.0,0.0,-0.0
2021-02-11 21:00:00+00:00,20260124_203512_1ddb5484_StateSignal_SPY,0.0,0.0,1.0,1.0,0.0,0.0,0.0,-0.0
2021-02-12 21:00:00+00:00,20260124_203512_1ddb5484_StateSignal_SPY,0.0,0.0,1.0,1.0,0.0,0.0,0.0,0.0
2021-02-16 21:00:00+00:00,20260124_203512_1ddb5484_StateSignal_SPY,0.0,0.0,1.0,1.0,0.0,0.0,0.0,-0.0
2021-02-17 21:00:00+00:00,20260124_203512_1ddb5484_StateSignal_SPY,0.0,0.0,1.0,1.0,0.0,0.0,0.0,0.0
2021-02-18 21:00:00+00:00,20260124_203512_1ddb5484_StateSignal_SPY,0.0,0.0,1.0,1.0,0.0,0.0,0.0,0.0
2021-02-19 21:00:00+00:00,20260124_203512_1ddb5484_StateSignal_SPY,0.0,0.0,1.0,1.0,0.0,0.0,0.0,-0.0
2021-02-22 21:00:00+00:00,20260124_203512_1ddb5484_StateSignal_SPY,0.0,0.0,1.0,1.0,0.0,0.0,0.0,-0.0
2021-02-23 21:00:00+00:00,20260124_203512_1ddb5484_StateSignal_SPY,0.0,0.0,1.0,1.0,0.0,0.0,0.0,0.0
2021-02-24 21:00:00+00:00,20260124_203512_1ddb5484_StateSignal_SPY,0.0,0.0,1.0,1.0,0.0,0.0,0.0,0.0
2021-02-25 21:00:00+00:00,20260124_203512_1ddb5484_StateSignal_SPY,0.0,0.0,1.0,1.0,0.0,0.0,0.0,-0.0
2021-02-26 21:00:00+00:00,20260124_203512_1ddb5484_StateSignal_SPY,0.0,0.0,1.0,1.0,0.0,0.0,0.0,-0.0
2021-03-01 21:00:00+00:00,20260124_203512_1ddb5484_StateSignal_SPY,0.0,0.0,1.0,1.0,0.0,0.0,0.0,0.0
2021-03-02 21:00:00+00:00,20260124_203512_1ddb5484_StateSignal_SPY,0.0,0.0,1.0,1.0,0.0,0.0,0.0,-0.0
2021-03-03 21:00:00+00:00,20260124_203512_1ddb5484_StateSignal_SPY,0.0,0.0,1.0,1.0,0.0,0.0,0.0,-0.0
2021-03-04 21:00:00+00:00,20260124_203512_1ddb5484_StateSignal_SPY,0.0,0.0,1.0,1.0,0.0,0.0,0.0,-0.0
2021-03-05 21:00:00+00:00,20260124_203512_1ddb5484_StateSignal_SPY,0.0,0.0,1.0,1.0,0.0,0.0,0.0,0.0
2021-03-08 21:00:00+00:00,20260124_203512_1ddb5484_StateSignal_SPY,0.0,0.0,1.0,1.0,0.0,0.0,0.0,-0.0
2021-03-09 21:00:00+00:00,20260124_203512_1ddb5484_StateSignal_SPY,0.0,0.0,1.0,1.0,0.0,0.0,0.0,0.0
2021-03-10 21:00:00+00:00,20260124_203512_1ddb5484_StateSignal_SPY,0.0,0.0,1.0,1.0,0.0,0.0,0.0,-0.0
2021-03-11 21:00:00+00:00,20260124_203512_1ddb5484_StateSignal_SPY,0.0,0.0,1.0,1.0,0.0,0.0,0.0,0.0
2021-03-12 21:00:00+00:00,20260124_203512_1ddb5484_StateSignal_SPY,0.0,0.0,1.0,1.0,0.0,0.0,0.0,0.0
2021-03-15 20:00:00+00:00,20260124_203512_1ddb5484_StateSignal_SPY,0.0,0.0,1.0,1.0,0.0,0.0,0.0,0.0
2021-03-16 20:00:00+00:00,20260124_203512_1ddb5484_StateSignal_SPY,0.0,0.0,1.0,1.0,0.0,0.0,0.0,-0.0
2021-03-17 20:00:00+00:00,20260124_203512_1ddb5484_StateSignal_SPY,0.0,0.0,1.0,1.0,0.0,0.0,0.0,0.0
2021-03-18 20:00:00+00:00,20260124_203512_1ddb5484_StateSignal_SPY,0.0,0.0,1.0,1.0,0.0,0.0,0.0,-0.0
2021-03-19 20:00:00+00:00,20260124_203512_1ddb5484_StateSignal_SPY,0.0,0.0,1.0,1.0,0.0,0.0,0.0,0.0
2021-03-22 20:00:00+00:00,20260124_203512_1ddb5484_StateSignal_SPY,0.0,0.0,1.0,1.0,0.0,0.0,0.0,0.0
2021-03-23 20:00:00+00:00,20260124_203512_1ddb5484_StateSignal_SPY,0.0,0.0,1.0,1.0,0.0,0.0,0.0,-0.0
2021-03-24 20:00:00+00:00,20260124_203512_1ddb5484_StateSignal_SPY,0.0,0.0,1.0,1.0,0.0,0.0,0.0,-0.0
2021-03-25 20:00:00+00:00,20260124_203512_1ddb5484_StateSignal_SPY,0.0,0.0,1.0,1.0,0.0,0.0,0.0,0.0
2021-03-26 20:00:00+00:00,20260124_203512_1ddb5484_StateSignal_SPY,0.0,0.0,1.0,1.0,0.0,0.0,0.0,0.0
2021-03-29 20:00:00+00:00,20260124_203512_1ddb5484_StateSignal_SPY,0.0,0.0,1.0,1.0,0.0,0.0,0.0,0.0
2021-03-30 20:00:00+00:00,20260124_203512_1ddb5484_StateSignal_SPY,0.0,0.0,1.0,1.0,0.0,0.0,0.0,0.0
2021-03-31 20:00:00+00:00,20260124_203512_1ddb5484_StateSignal_SPY,0.0,0.0,1.0,1.0,0.0,0.0,0.0,0.0
2021-04-01 20:00:00+00:00,20260124_203512_1ddb5484_StateSignal_SPY,0.0,0.0,1.0,1.0,0.0,0.0,0.0,0.0
2021-04-05 20:00:00+00:00,20260124_203512_1ddb5484_StateSignal_SPY,0.0,0.0,1.0,1.0,0.0,0.0,0.0,0.0
2021-04-06 20:00:00+00:00,20260124_203512_1ddb5484_StateSignal_SPY,0.0,0.0,1.0,1.0,0.0,0.0,0.0,-0.0
2021-04-07 20:00:00+00:00,20260124_203512_1ddb5484_StateSignal_SPY,0.0,0.0,1.0,1.0,0.0,0.0,0.0,0.0
2021-04-08 20:00:00+00:00,20260124_203512_1ddb5484_StateSignal_SPY,0.0,0.0,1.0,1.0,0.0,0.0,0.0,0.0
2021-04-09 20:00:00+00:00,20260124_203512_1ddb5484_StateSignal_SPY,0.0,0.0,1.0,1.0,0.0,0.0,0.0,0.0
2021-04-12 20:00:00+00:00,20260124_203512_1ddb5484_StateSignal_SPY,0.0,0.0,1.0,1.0,0.0,0.0,0.0,0.0
2021-04-13 20:00:00+00:00,20260124_203512_1ddb5484_StateSignal_SPY,0.0,0.0,1.0,1.0,0.0,0.0,0.0,0.0
2021-04-14 20:00:00+00:00,20260124_203512_1ddb5484_StateSignal_SPY,0.0,0.0,1.0,1.0,0.0,0.0,0.0,-0.0
2021-04-15 20:00:00+00:00,20260124_203512_1ddb5484_StateSignal_SPY,0.0,0.0,1.0,1.0,0.0,0.0,0.0,0.0
2021-04-16 20:00:00+00:00,20260124_203512_1ddb5484_StateSignal_SPY,0.0,0.0,1.0,1.0,0.0,0.0,0.0,0.0
2021-04-19 20:00:00+00:00,20260124_203512_1ddb5484_StateSignal_SPY,0.0,0.0,1.0,1.0,0.0,0.0,0.0,-0.0
2021-04-20 20:00:00+00:00,20260124_203512_1ddb5484_StateSignal_SPY,0.0,0.0,1.0,1.0,0.0,0.0,0.0,-0.0
2021-04-21 20:00:00+00:00,20260124_203512_1ddb5484_StateSignal_SPY,0.0,0.0,1.0,1.0,0.0,0.0,0.0,0.0
2021-04-22 20:00:00+00:00,20260124_203512_1ddb5484_StateSignal_SPY,0.0,0.0,1.0,1.0,0.0,0.0,0.0,-0.0
2021-04-23 20:00:00+00:00,20260124_203512_1ddb5484_StateSignal_SPY,0.0,0.0,1.0,1.0,0.0,0.0,0.0,0.0
2021-04-26 20:00:00+00:00,20260124_203512_1ddb5484_StateSignal_SPY,0.0,0.0,1.0,1.0,0.0,0.0,0.0,-0.0
2021-04-27 20:00:00+00:00,20260124_203512_1ddb5484_StateSignal_SPY,0.0,0.0,1.0,1.0,0.0,0.0,0.0,0.0
2021-04-28 20:00:00+00:00,20260124_203512_1ddb5484_StateSignal_SPY,0.0,0.0,1.0,1.0,0.0,0.0,0.0,-0.0
2021-04-29 20:00:00+00:00,20260124_203512_1ddb5484_StateSignal_SPY,0.0,0.0,1.0,1.0,0.0,0.0,0.0,-0.0
2021-04-30 20:00:00+00:00,20260124_203512_1ddb5484_StateSignal_SPY,0.0,0.0,1.0,1.0,0.0,0.0,0.0,-0.0
2021-05-03 20:00:00+00:00,20260124_203512_1ddb5484_StateSignal_SPY,0.0,0.0,1.0,1.0,0.0,0.0,0.0,-0.0
2021-05-04 20:00:00+00:00,20260124_203512_1ddb5484_StateSignal_SPY,0.0,0.0,1.0,1.0,0.0,0.0,0.0,0.0
2021-05-05 20:00:00+00:00,20260124_203512_1ddb5484_StateSignal_SPY,0.0,0.0,1.0,1.0,0.0,0.0,0.0,-0.0
2021-05-06 20:00:00+00:00,20260124_203512_1ddb5484_StateSignal_SPY,0.0,0.0,1.0,1.0,0.0,0.0,0.0,0.0
2021-05-07 20:00:00+00:00,20260124_203512_1ddb5484_StateSignal_SPY,0.0,0.0,1.0,1.0,0.0,0.0,0.0,0.0
2021-05-10 20:00:00+00:00,20260124_203512_1ddb5484_StateSignal_SPY,0.0,0.0,1.0,1.0,0.0,0.0,0.0,-0.0
2021-05-11 20:00:00+00:00,20260124_203512_1ddb5484_StateSignal_SPY,0.0,0.0,1.0,1.0,0.0,0.0,0.0,0.0
2021-05-12 20:00:00+00:00,20260124_203512_1ddb5484_StateSignal_SPY,0.0,0.0,1.0,1.0,0.0,0.0,0.0,-0.0
2021-05-13 20:00:00+00:00,20260124_203512_1ddb5484_StateSignal_SPY,0.0,0.0,1.0,1.0,0.0,0.0,0.0,0.0
2021-05-14 20:00:00+00:00,20260124_203512_1ddb5484_StateSignal_SPY,0.0,0.0,1.0,1.0,0.0,0.0,0.0,0.0
2021-05-17 20:00:00+00:00,20260124_203512_1ddb5484_StateSignal_SPY,0.0,0.0,1.0,1.0,0.0,0.0,0.0,-0.0
2021-05-18 20:00:00+00:00,20260124_203512_1ddb5484_StateSignal_SPY,0.0,0.0,1.0,1.0,0.0,0.0,0.0,-0.0
2021-05-19 20:00:00+00:00,20260124_203512_1ddb5484_StateSignal_SPY,0.0,0.0,1.0,1.0,0.0,0.0,0.0,0.0
2021-05-20 20:00:00+00:00,20260124_203512_1ddb5484_StateSignal_SPY,0.0,0.0,1.0,1.0,0.0,0.0,0.0,0.0
2021-05-21 20:00:00+00:00,20260124_203512_1ddb5484_StateSignal_SPY,0.0,0.0,1.0,1.0,0.0,0.0,0.0,-0.0
2021-05-24 20:00:00+00:00,20260124_203512_1ddb5484_StateSignal_SPY,0.0,0.0,1.0,1.0,0.0,0.0,0.0,0.0
2021-05-25 20:00:00+00:00,20260124_203512_1ddb5484_StateSignal_SPY,0.0,0.0,1.0,1.0,0.0,0.0,0.0,-0.0
2021-05-26 20:00:00+00:00,20260124_203512_1ddb5484_StateSignal_SPY,0.0,0.0,1.0,1.0,0.0,0.0,0.0,0.0
2021-05-27 20:00:00+00:00,20260124_203512_1ddb5484_StateSignal_SPY,0.0,0.0,1.0,1.0,0.0,0.0,0.0,-0.0
2021-05-28 20:00:00+00:00,20260124_203512_1ddb5484_StateSignal_SPY,0.0,0.0,1.0,1.0,0.0,0.0,0.0,-0.0
2021-06-01 20:00:00+00:00,20260124_203512_1ddb5484_StateSignal_SPY,0.0,0.0,1.0,1.0,0.0,0.0,0.0,-0.0
2021-06-02 20:00:00+00:00,20260124_203512_1ddb5484_StateSignal_SPY,0.0,0.0,1.0,1.0,0.0,0.0,0.0,0.0
2021-06-03 20:00:00+00:00,20260124_203512_1ddb5484_StateSignal_SPY,0.0,0.0,1.0,1.0,0.0,0.0,0.0,0.0
2021-06-04 20:00:00+00:00,20260124_203512_1ddb5484_StateSignal_SPY,0.0,0.0,1.0,1.0,0.0,0.0,0.0,0.0
2021-06-07 20:00:00+00:00,20260124_203512_1ddb5484_StateSignal_SPY,0.0,0.0,1.0,1.0,0.0,0.0,0.0,-0.0
2021-06-08 20:00:00+00:00,20260124_203512_1ddb5484_StateSignal_SPY,0.0,0.0,1.0,1.0,0.0,0.0,0.0,-0.0
2021-06-09 20:00:00+00:00,20260124_203512_1ddb5484_StateSignal_SPY,0.0,0.0,1.0,1.0,0.0,0.0,0.0,-0.0
2021-06-10 20:00:00+00:00,20260124_203512_1ddb5484_StateSignal_SPY,0.0,0.0,1.0,1.0,0.0,0.0,0.0,-0.0
2021-06-11 20:00:00+00:00,20260124_203512_1ddb5484_StateSignal_SPY,0.0,0.0,1.0,1.0,0.0,0.0,0.0,0.0
2021-06-14 20:00:00+00:00,20260124_203512_1ddb5484_StateSignal_SPY,0.0,0.0,1.0,1.0,0.0,0.0,0.0,0.0
2021-06-15 20:00:00+00:00,20260124_203512_1ddb5484_StateSignal_SPY,0.0,0.0,1.0,1.0,0.0,0.0,0.0,-0.0
2021-06-16 20:00:00+00:00,20260124_203512_1ddb5484_StateSignal_SPY,0.0,0.0,1.0,1.0,0.0,0.0,0.0,-0.0
2021-06-17 20:00:00+00:00,20260124_203512_1ddb5484_StateSignal_SPY,0.0,0.0,1.0,1.0,0.0,0.0,0.0,0.0
2021-06-18 20:00:00+00:00,20260124_203512_1ddb5484_StateSignal_SPY,0.0,0.0,1.0,1.0,0.0,0.0,0.0,-0.0
2021-06-21 20:00:00+00:00,20260124_203512_1ddb5484_StateSignal_SPY,0.0,0.0,1.0,1.0,0.0,0.0,0.0,0.0
2021-06-22 20:00:00+00:00,20260124_203512_1ddb5484_StateSignal_SPY,0.0,0.0,1.0,1.0,0.0,0.0,0.0,0.0
2021-06-23 20:00:00+00:00,20260124_203512_1ddb5484_StateSignal_SPY,0.0,0.0,1.0,1.0,0.0,0.0,0.0,-0.0
2021-06-24 20:00:00+00:00,20260124_203512_1ddb5484_StateSignal_SPY,0.0,0.0,1.0,1.0,0.0,0.0,0.0,0.0
2021-06-25 20:00:00+00:00,20260124_203512_1ddb5484_StateSignal_SPY,0.0,0.0,1.0,1.0,0.0,0.0,0.0,0.0
2021-06-28 20:00:00+00:00,20260124_203512_1ddb5484_StateSignal_SPY,0.0,0.0,1.0,1.0,0.0,0.0,0.0,0.0
2021-06-29 20:00:00+00:00,20260124_203512_1ddb5484_StateSignal_SPY,0.0,0.0,1.0,1.0,0.0,0.0,0.0,-0.0
2021-06-30 20:00:00+00:00,20260124_203512_1ddb5484_StateSignal_SPY,0.0,0.0,1.0,1.0,0.0,0.0,0.0,0.0
2021-07-01 20:00:00+00:00,20260124_203512_1ddb5484_StateSignal_SPY,0.0,0.0,1.0,1.0,0.0,0.0,0.0,0.0
2021-07-02 20:00:00+00:00,20260124_203512_1ddb5484_StateSignal_SPY,0.0,0.0,1.0,1.0,0.0,0.0,0.0,0.0
2021-07-06 20:00:00+00:00,20260124_203512_1ddb5484_StateSignal_SPY,0.0,0.0,1.0,1.0,0.0,0.0,0.0,-0.0
2021-07-07 20:00:00+00:00,20260124_203512_1ddb5484_StateSignal_SPY,0.0,0.0,1.0,1.0,0.0,0.0,0.0,0.0
2021-07-08 20:00:00+00:00,20260124_203512_1ddb5484_StateSignal_SPY,0.0,0.0,1.0,1.0,0.0,0.0,0.0,0.0
2021-07-09 20:00:00+00:00,20260124_203512_1ddb5484_StateSignal_SPY,0.0,0.0,1.0,1.0,0.0,0.0,0.0,0.0
2021-07-12 20:00:00+00:00,20260124_203512_1ddb5484_StateSignal_SPY,0.0,0.0,1.0,1.0,0.0,0.0,0.0,0.0
2021-07-13 20:00:00+00:00,20260124_203512_1ddb5484_StateSignal_SPY,0.0,0.0,1.0,1.0,0.0,0.0,0.0,-0.0
2021-07-14 20:00:00+00:00,20260124_203512_1ddb5484_StateSignal_SPY,0.0,0.0,1.0,1.0,0.0,0.0,0.0,-0.0
2021-07-15 20:00:00+00:00,20260124_203512_1ddb5484_StateSignal_SPY,0.0,0.0,1.0,1.0,0.0,0.0,0.0,0.0
2021-07-16 20:00:00+00:00,20260124_203512_1ddb5484_StateSignal_SPY,0.0,0.0,1.0,1.0,0.0,0.0,0.0,-0.0
2021-07-19 20:00:00+00:00,20260124_203512_1ddb5484_StateSignal_SPY,0.0,0.0,1.0,1.0,0.0,0.0,0.0,-0.0
2021-07-20 20:00:00+00:00,20260124_203512_1ddb5484_StateSignal_SPY,0.0,0.0,1.0,1.0,0.0,0.0,0.0,0.0
2021-07-21 20:00:00+00:00,20260124_203512_1ddb5484_StateSignal_SPY,0.0,0.0,1.0,1.0,0.0,0.0,0.0,0.0
2021-07-22 20:00:00+00:00,20260124_203512_1ddb5484_StateSignal_SPY,0.0,0.0,1.0,1.0,0.0,0.0,0.0,0.0
2021-07-23 20:00:00+00:00,20260124_203512_1ddb5484_StateSignal_SPY,0.0,0.0,1.0,1.0,0.0,0.0,0.0,0.0
2021-07-26 20:00:00+00:00,20260124_203512_1ddb5484_StateSignal_SPY,0.0,0.0,1.0,1.0,0.0,0.0,0.0,0.0
2021-07-27 20:00:00+00:00,20260124_203512_1ddb5484_StateSignal_SPY,0.0,0.0,1.0,1.0,0.0,0.0,0.0,0.0
2021-07-28 20:00:00+00:00,20260124_203512_1ddb5484_StateSignal_SPY,0.0,0.0,1.0,1.0,0.0,0.0,0.0,0.0
2021-07-29 20:00:00+00:00,20260124_203512_1ddb5484_StateSignal_SPY,0.0,0.0,1.0,1.0,0.0,0.0,0.0,0.0
2021-07-30 20:00:00+00:00,20260124_203512_1ddb5484_StateSignal_SPY,0.0,0.0,1.0,1.0,0.0,0.0,0.0,-0.0
2021-08-02 20:00:00+00:00,20260124_203512_1ddb5484_StateSignal_SPY,0.0,0.0,1.0,1.0,0.0,0.0,0.0,-0.0
2021-08-03 20:00:00+00:00,20260124_203512_1ddb5484_StateSignal_SPY,0.0,0.0,1.0,1.0,0.0,0.0,0.0,0.0
2021-08-04 20:00:00+00:00,20260124_203512_1ddb5484_StateSignal_SPY,0.0,0.0,1.0,1.0,0.0,0.0,0.0,-0.0
2021-08-05 20:00:00+00:00,20260124_203512_1ddb5484_StateSignal_SPY,0.0,0.0,1.0,1.0,0.0,0.0,0.0,0.0
2021-08-06 20:00:00+00:00,20260124_203512_1ddb5484_StateSignal_SPY,0.0,0.0,1.0,1.0,0.0,0.0,0.0,-0.0
2021-08-09 20:00:00+00:00,20260124_203512_1ddb5484_StateSignal_SPY,0.0,0.0,1.0,1.0,0.0,0.0,0.0,0.0
2021-08-10 20:00:00+00:00,20260124_203512_1ddb5484_StateSignal_SPY,0.0,0.0,1.0,1.0,0.0,0.0,0.0,0.0
2021-08-11 20:00:00+00:00,20260124_203512_1ddb5484_StateSignal_SPY,0.0,0.0,1.0,1.0,0.0,0.0,0.0,0.0
2021-08-12 20:00:00+00:00,20260124_203512_1ddb5484_StateSignal_SPY,0.0,0.0,1.0,1.0,0.0,0.0,0.0,0.0
2021-08-13 20:00:00+00:00,20260124_203512_1ddb5484_StateSignal_SPY,0.0,0.0,1.0,1.0,0.0,0.0,0.0,0.0
2021-08-16 20:00:00+00:00,20260124_203512_1ddb5484_StateSignal_SPY,0.0,0.0,1.0,1.0,0.0,0.0,0.0,0.0
2021-08-17 20:00:00+00:00,20260124_203512_1ddb5484_StateSignal_SPY,0.0,0.0,1.0,1.0,0.0,0.0,0.0,-0.0
2021-08-18 20:00:00+00:00,20260124_203512_1ddb5484_StateSignal_SPY,0.0,0.0,1.0,1.0,0.0,0.0,0.0,-0.0
2021-08-19 20:00:00+00:00,20260124_203512_1ddb5484_StateSignal_SPY,0.0,0.0,1.0,1.0,0.0,0.0,0.0,0.0
2021-08-20 20:00:00+00:00,20260124_203512_1ddb5484_StateSignal_SPY,0.0,0.0,1.0,1.0,0.0,0.0,0.0,0.0
2021-08-23 20:00:00+00:00,20260124_203512_1ddb5484_StateSignal_SPY,0.0,0.0,1.0,1.0,0.0,0.0,0.0,0.0
2021-08-24 20:00:00+00:00,20260124_203512_1ddb5484_StateSignal_SPY,0.0,0.0,1.0,1.0,0.0,0.0,0.0,-0.0
2021-08-25 20:00:00+00:00,20260124_203512_1ddb5484_StateSignal_SPY,0.0,0.0,1.0,1.0,0.0,0.0,0.0,0.0
2021-08-26 20:00:00+00:00,20260124_203512_1ddb5484_StateSignal_SPY,0.0,0.0,1.0,1.0,0.0,0.0,0.0,-0.0
2021-08-27 20:00:00+00:00,20260124_203512_1ddb5484_StateSignal_SPY,0.0,0.0,1.0,1.0,0.0,0.0,0.0,0.0
2021-08-30 20:00:00+00:00,20260124_203512_1ddb5484_StateSignal_SPY,0.0,0.0,1.0,1.0,0.0,0.0,0.0,0.0
2021-08-31 20:00:00+00:00,20260124_203512_1ddb5484_StateSignal_SPY,0.0,0.0,1.0,1.0,0.0,0.0,0.0,0.0
2021-09-01 20:00:00+00:00,20260124_203512_1ddb5484_StateSignal_SPY,0.0,0.0,1.0,1.0,0.0,0.0,0.0,-0.0
2021-09-02 20:00:00+00:00,20260124_203512_1ddb5484_StateSignal_SPY,0.0,0.0,1.0,1.0,0.0,0.0,0.0,-0.0
2021-09-03 20:00:00+00:00,20260124_203512_1ddb5484_StateSignal_SPY,0.0,0.0,1.0,1.0,0.0,0.0,0.0,0.0
2021-09-07 20:00:00+00:00,20260124_203512_1ddb5484_StateSignal_SPY,0.0,0.0,1.0,1.0,0.0,0.0,0.0,-0.0
2021-09-08 20:00:00+00:00,20260124_203512_1ddb5484_StateSignal_SPY,0.0,0.0,1.0,1.0,0.0,0.0,0.0,-0.0
2021-09-09 20:00:00+00:00,20260124_203512_1ddb5484_StateSignal_SPY,0.0,0.0,1.0,1.0,0.0,0.0,0.0,-0.0
2021-09-10 20:00:00+00:00,20260124_203512_1ddb5484_StateSignal_SPY,0.0,0.0,1.0,1.0,0.0,0.0,0.0,-0.0
2021-09-13 20:00:00+00:00,20260124_203512_1ddb5484_StateSignal_SPY,0.0,0.0,1.0,1.0,0.0,0.0,0.0,-0.0
2021-09-14 20:00:00+00:00,20260124_203512_1ddb5484_StateSignal_SPY,0.0,0.0,1.0,1.0,0.0,0.0,0.0,-0.0
2021-09-15 20:00:00+00:00,20260124_203512_1ddb5484_StateSignal_SPY,0.0,0.0,1.0,1.0,0.0,0.0,0.0,0.0
2021-09-16 20:00:00+00:00,20260124_203512_1ddb5484_StateSignal_SPY,0.0,0.0,1.0,1.0,0.0,0.0,0.0,0.0
2021-09-17 20:00:00+00:00,20260124_203512_1ddb5484_StateSignal_SPY,0.0,0.0,1.0,1.0,0.0,0.0,0.0,-0.0
2021-09-20 20:00:00+00:00,20260124_203512_1ddb5484_StateSignal_SPY,0.0,0.0,1.0,1.0,0.0,0.0,0.0,-0.0
2021-09-21 20:00:00+00:00,20260124_203512_1ddb5484_StateSignal_SPY,0.0,0.0,1.0,1.0,0.0,0.0,0.0,-0.0
2021-09-22 20:00:00+00:00,20260124_203512_1ddb5484_StateSignal_SPY,0.0,0.0,1.0,1.0,0.0,0.0,0.0,0.0
2021-09-23 20:00:00+00:00,20260124_203512_1ddb5484_StateSignal_SPY,0.0,0.0,1.0,1.0,0.0,0.0,0.0,0.0
2021-09-24 20:00:00+00:00,20260124_203512_1ddb5484_StateSignal_SPY,0.0,0.0,1.0,1.0,0.0,0.0,0.0,0.0
2021-09-27 20:00:00+00:00,20260124_203512_1ddb5484_StateSignal_SPY,0.0,0.0,1.0,1.0,0.0,0.0,0.0,-0.0
2021-09-28 20:00:00+00:00,20260124_203512_1ddb5484_StateSignal_SPY,0.0,0.0,1.0,1.0,0.0,0.0,0.0,-0.0
2021-09-29 20:00:00+00:00,20260124_203512_1ddb5484_StateSignal_SPY,0.0,0.0,1.0,1.0,0.0,0.0,0.0,0.0
2021-09-30 20:00:00+00:00,20260124_203512_1ddb5484_StateSignal_SPY,0.0,0.0,1.0,1.0,0.0,0.0,0.0,-0.0
2021-10-01 20:00:00+00:00,20260124_203512_1ddb5484_StateSignal_SPY,0.0,0.0,1.0,1.0,0.0,0.0,0.0,0.0
2021-10-04 20:00:00+00:00,20260124_203512_1ddb5484_StateSignal_SPY,0.0,0.0,1.0,1.0,0.0,0.0,0.0,-0.0
2021-10-05 20:00:00+00:00,20260124_203512_1ddb5484_StateSignal_SPY,0.0,0.0,1.0,1.0,0.0,0.0,0.0,0.0
2021-10-06 20:00:00+00:00,20260124_203512_1ddb5484_StateSignal_SPY,0.0,0.0,1.0,1.0,0.0,0.0,0.0,0.0
2021-10-07 20:00:00+00:00,20260124_203512_1ddb5484_StateSignal_SPY,0.0,0.0,1.0,1.0,0.0,0.0,0.0,-0.0
2021-10-08 20:00:00+00:00,20260124_203512_1ddb5484_StateSignal_SPY,0.0,0.0,1.0,1.0,0.0,0.0,0.0,-0.0
2021-10-11 20:00:00+00:00,20260124_203512_1ddb5484_StateSignal_SPY,0.0,0.0,1.0,1.0,0.0,0.0,0.0,-0.0
2021-10-12 20:00:00+00:00,20260124_203512_1ddb5484_StateSignal_SPY,0.0,0.0,1.0,1.0,0.0,0.0,0.0,-0.0
2021-10-13 20:00:00+00:00,20260124_203512_1ddb5484_StateSignal_SPY,0.0,0.0,1.0,1.0,0.0,0.0,0.0,0.0
2021-10-14 20:00:00+00:00,20260124_203512_1ddb5484_StateSignal_SPY,0.0,0.0,1.0,1.0,0.0,0.0,0.0,0.0
2021-10-15 20:00:00+00:00,20260124_203512_1ddb5484_StateSignal_SPY,0.0,0.0,1.0,1.0,0.0,0.0,0.0,0.0
2021-10-18 20:00:00+00:00,20260124_203512_1ddb5484_StateSignal_SPY,0.0,0.0,1.0,1.0,0.0,0.0,0.0,0.0
2021-10-19 20:00:00+00:00,20260124_203512_1ddb5484_StateSignal_SPY,0.0,0.0,1.0,1.0,0.0,0.0,0.0,0.0
2021-10-20 20:00:00+00:00,20260124_203512_1ddb5484_StateSignal_SPY,0.0,0.0,1.0,1.0,0.0,0.0,0.0,0.0
2021-10-21 20:00:00+00:00,20260124_203512_1ddb5484_StateSignal_SPY,0.0,0.0,1.0,1.0,0.0,0.0,0.0,0.0
2021-10-22 20:00:00+00:00,20260124_203512_1ddb5484_StateSignal_SPY,0.0,0.0,1.0,1.0,0.0,0.0,0.0,-0.0
2021-10-25 20:00:00+00:00,20260124_203512_1ddb5484_StateSignal_SPY,0.0,0.0,1.0,1.0,0.0,0.0,0.0,0.0
2021-10-26 20:00:00+00:00,20260124_203512_1ddb5484_StateSignal_SPY,0.0,0.0,1.0,1.0,0.0,0.0,0.0,-0.0
2021-10-27 20:00:00+00:00,20260124_203512_1ddb5484_StateSignal_SPY,0.0,0.0,1.0,1.0,0.0,0.0,0.0,-0.0
2021-10-28 20:00:00+00:00,20260124_203512_1ddb5484_StateSignal_SPY,0.0,0.0,1.0,1.0,0.0,0.0,0.0,0.0
2021-10-29 20:00:00+00:00,20260124_203512_1ddb5484_StateSignal_SPY,0.0,0.0,1.0,1.0,0.0,0.0,0.0,0.0
2021-11-01 20:00:00+00:00,20260124_203512_1ddb5484_StateSignal_SPY,0.0,0.0,1.0,1.0,0.0,0.0,0.0,0.0
2021-11-02 20:00:00+00:00,20260124_203512_1ddb5484_StateSignal_SPY,0.0,0.0,1.0,1.0,0.0,0.0,0.0,0.0
2021-11-03 20:00:00+00:00,20260124_203512_1ddb5484_StateSignal_SPY,0.0,0.0,1.0,1.0,0.0,0.0,0.0,0.0
2021-11-04 20:00:00+00:00,20260124_203512_1ddb5484_StateSignal_SPY,0.0,0.0,1.0,1.0,0.0,0.0,0.0,0.0
2021-11-05 20:00:00+00:00,20260124_203512_1ddb5484_StateSignal_SPY,0.0,0.0,1.0,1.0,0.0,0.0,0.0,-0.0
2021-11-08 21:00:00+00:00,20260124_203512_1ddb5484_StateSignal_SPY,0.0,0.0,1.0,1.0,0.0,0.0,0.0,-0.0
2021-11-09 21:00:00+00:00,20260124_203512_1ddb5484_StateSignal_SPY,0.0,0.0,1.0,1.0,0.0,0.0,0.0,-0.0
2021-11-10 21:00:00+00:00,20260124_203512_1ddb5484_StateSignal_SPY,0.0,0.0,1.0,1.0,0.0,0.0,0.0,-0.0
2021-11-11 21:00:00+00:00,20260124_203512_1ddb5484_StateSignal_SPY,0.0,0.0,1.0,1.0,0.0,0.0,0.0,-0.0
2021-11-12 21:00:00+00:00,20260124_203512_1ddb5484_StateSignal_SPY,0.0,0.0,1.0,1.0,0.0,0.0,0.0,0.0
2021-11-15 21:00:00+00:00,20260124_203512_1ddb5484_StateSignal_SPY,0.0,0.0,1.0,1.0,0.0,0.0,0.0,-0.0
2021-11-16 21:00:00+00:00,20260124_203512_1ddb5484_StateSignal_SPY,0.0,0.0,1.0,1.0,0.0,0.0,0.0,0.0
2021-11-17 21:00:00+00:00,20260124_203512_1ddb5484_StateSignal_SPY,0.0,0.0,1.0,1.0,0.0,0.0,0.0,-0.0
2021-11-18 21:00:00+00:00,20260124_203512_1ddb5484_StateSignal_SPY,0.0,0.0,1.0,1.0,0.0,0.0,0.0,0.0
2021-11-19 21:00:00+00:00,20260124_203512_1ddb5484_StateSignal_SPY,0.0,0.0,1.0,1.0,0.0,0.0,0.0,-0.0
2021-11-22 21:00:00+00:00,20260124_203512_1ddb5484_StateSignal_SPY,0.0,0.0,1.0,1.0,0.0,0.0,0.0,-0.0
2021-11-23 21:00:00+00:00,20260124_203512_1ddb5484_StateSignal_SPY,0.0,0.0,1.0,1.0,0.0,0.0,0.0,0.0
2021-11-24 21:00:00+00:00,20260124_203512_1ddb5484_StateSignal_SPY,0.0,0.0,1.0,1.0,0.0,0.0,0.0,0.0
2021-11-26 21:00:00+00:00,20260124_203512_1ddb5484_StateSignal_SPY,0.0,0.0,1.0,1.0,0.0,0.0,0.0,-0.0
2021-11-29 21:00:00+00:00,20260124_203512_1ddb5484_StateSignal_SPY,0.0,0.0,1.0,1.0,0.0,0.0,0.0,0.0
2021-11-30 21:00:00+00:00,20260124_203512_1ddb5484_StateSignal_SPY,0.0,0.0,1.0,1.0,0.0,0.0,0.0,-0.0
2021-12-01 21:00:00+00:00,20260124_203512_1ddb5484_StateSignal_SPY,0.0,0.0,1.0,1.0,0.0,0.0,0.0,-0.0
2021-12-02 21:00:00+00:00,20260124_203512_1ddb5484_StateSignal_SPY,0.0,0.0,1.0,1.0,0.0,0.0,0.0,0.0
2021-12-03 21:00:00+00:00,20260124_203512_1ddb5484_StateSignal_SPY,0.0,0.0,1.0,1.0,0.0,0.0,0.0,-0.0
2021-12-06 21:00:00+00:00,20260124_203512_1ddb5484_StateSignal_SPY,0.0,0.0,1.0,1.0,0.0,0.0,0.0,0.0
2021-12-07 21:00:00+00:00,20260124_203512_1ddb5484_StateSignal_SPY,0.0,0.0,1.0,1.0,0.0,0.0,0.0,0.0
2021-12-08 21:00:00+00:00,20260124_203512_1ddb5484_StateSignal_SPY,0.0,0.0,1.0,1.0,0.0,0.0,0.0,0.0
2021-12-09 21:00:00+00:00,20260124_203512_1ddb5484_StateSignal_SPY,0.0,0.0,1.0,1.0,0.0,0.0,0.0,-0.0
2021-12-10 21:00:00+00:00,20260124_203512_1ddb5484_StateSignal_SPY,0.0,0.0,1.0,1.0,0.0,0.0,0.0,0.0
2021-12-13 21:00:00+00:00,20260124_203512_1ddb5484_StateSignal_SPY,0.0,0.0,1.0,1.0,0.0,0.0,0.0,-0.0
2021-12-14 21:00:00+00:00,20260124_203512_1ddb5484_StateSignal_SPY,0.0,0.0,1.0,1.0,0.0,0.0,0.0,-0.0
2021-12-15 21:00:00+00:00,20260124_203512_1ddb5484_StateSignal_SPY,0.0,0.0,1.0,1.0,0.0,0.0,0.0,0.0
2021-12-16 21:00:00+00:00,20260124_203512_1ddb5484_StateSignal_SPY,0.0,0.0,1.0,1.0,0.0,0.0,0.0,-0.0
2021-12-17 21:00:00+00:00,20260124_203512_1ddb5484_StateSignal_SPY,0.0,0.0,1.0,1.0,0.0,0.0,0.0,0.0
2021-12-20 21:00:00+00:00,20260124_203512_1ddb5484_StateSignal_SPY,0.0,0.0,1.0,1.0,0.0,0.0,0.0,0.0
2021-12-21 21:00:00+00:00,20260124_203512_1ddb5484_StateSignal_SPY,0.0,0.0,1.0,1.0,0.0,0.0,0.0,0.0
2021-12-22 21:00:00+00:00,20260124_203512_1ddb5484_StateSignal_SPY,0.0,0.0,1.0,1.0,0.0,0.0,0.0,0.0
2021-12-23 21:00:00+00:00,20260124_203512_1ddb5484_StateSignal_SPY,0.0,0.0,1.0,1.0,0.0,0.0,0.0,0.0
2021-12-27 21:00:00+00:00,20260124_203512_1ddb5484_StateSignal_SPY,0.0,0.0,1.0,1.0,0.0,0.0,0.0,0.0
2021-12-28 21:00:00+00:00,20260124_203512_1ddb5484_StateSignal_SPY,0.0,0.0,1.0,1.0,0.0,0.0,0.0,-0.0
2021-12-29 21:00:00+00:00,20260124_203512_1ddb5484_StateSignal_SPY,0.0,0.0,1.0,1.0,0.0,0.0,0.0,0.0
2021-12-30 21:00:00+00:00,20260124_203512_1ddb5484_StateSignal_SPY,0.0,0.0,1.0,1.0,0.0,0.0,0.0,-0.0
2021-12-31 21:00:00+00:00,20260124_203512_1ddb5484_StateSignal_SPY,0.0,0.0,1.0,1.0,0.0,0.0,0.0,-0.0
2022-01-03 21:00:00+00:00,20260124_203512_1ddb5484_StateSignal_SPY,0.0,0.0,1.0,1.0,0.0,0.0,0.0,0.0
2022-01-04 21:00:00+00:00,20260124_203512_1ddb5484_StateSignal_SPY,0.0,0.0,1.0,1.0,0.0,0.0,0.0,-0.0
2022-01-05 21:00:00+00:00,20260124_203512_1ddb5484_StateSignal_SPY,0.0,0.0,1.0,1.0,0.0,0.0,0.0,-0.0
2022-01-06 21:00:00+00:00,20260124_203512_1ddb5484_StateSignal_SPY,0.0,0.0,1.0,1.0,0.0,0.0,0.0,-0.0
2022-01-07 21:00:00+00:00,20260124_203512_1ddb5484_StateSignal_SPY,0.0,0.0,1.0,1.0,0.0,0.0,0.0,-0.0
2022-01-10 21:00:00+00:00,20260124_203512_1ddb5484_StateSignal_SPY,0.0,0.0,1.0,1.0,0.0,0.0,0.0,0.0
2022-01-11 21:00:00+00:00,20260124_203512_1ddb5484_StateSignal_SPY,0.0,0.0,1.0,1.0,0.0,0.0,0.0,0.0
2022-01-12 21:00:00+00:00,20260124_203512_1ddb5484_StateSignal_SPY,0.0,0.0,1.0,1.0,0.0,0.0,0.0,-0.0
2022-01-13 21:00:00+00:00,20260124_203512_1ddb5484_StateSignal_SPY,0.0,0.0,1.0,1.0,0.0,0.0,0.0,-0.0
2022-01-14 21:00:00+00:00,20260124_203512_1ddb5484_StateSignal_SPY,0.0,0.0,1.0,1.0,0.0,0.0,0.0,-0.0
2022-01-18 21:00:00+00:00,20260124_203512_1ddb5484_StateSignal_SPY,0.0,0.0,1.0,1.0,0.0,0.0,0.0,-0.0
2022-01-19 21:00:00+00:00,20260124_203512_1ddb5484_StateSignal_SPY,0.0,0.0,1.0,1.0,0.0,0.0,0.0,-0.0
2022-01-20 21:00:00+00:00,20260124_203512_1ddb5484_StateSignal_SPY,0.0,0.0,1.0,1.0,0.0,0.0,0.0,-0.0
2022-01-21 21:00:00+00:00,20260124_203512_1ddb5484_StateSignal_SPY,0.0,0.0,1.0,1.0,0.0,0.0,0.0,-0.0
2022-01-24 21:00:00+00:00,20260124_203512_1ddb5484_StateSignal_SPY,0.0,0.0,1.0,1.0,0.0,0.0,0.0,0.0
2022-01-25 21:00:00+00:00,20260124_203512_1ddb5484_StateSignal_SPY,0.0,0.0,1.0,1.0,0.0,0.0,0.0,0.0
2022-01-26 21:00:00+00:00,20260124_203512_1ddb5484_StateSignal_SPY,0.0,0.0,1.0,1.0,0.0,0.0,0.0,-0.0
2022-01-27 21:00:00+00:00,20260124_203512_1ddb5484_StateSignal_SPY,0.0,0.0,1.0,1.0,0.0,0.0,0.0,-0.0
2022-01-28 21:00:00+00:00,20260124_203512_1ddb5484_StateSignal_SPY,0.0,0.0,1.0,1.0,0.0,0.0,0.0,0.0
2022-01-31 21:00:00+00:00,20260124_203512_1ddb5484_StateSignal_SPY,0.0,0.0,1.0,1.0,0.0,0.0,0.0,0.0
2022-02-01 21:00:00+00:00,20260124_203512_1ddb5484_StateSignal_SPY,0.0,0.0,1.0,1.0,0.0,0.0,0.0,0.0
2022-02-02 21:00:00+00:00,20260124_203512_1ddb5484_StateSignal_SPY,0.0,0.0,1.0,1.0,0.0,0.0,0.0,0.0
2022-02-03 21:00:00+00:00,20260124_203512_1ddb5484_StateSignal_SPY,0.0,0.0,1.0,1.0,0.0,0.0,0.0,-0.0
2022-02-04 21:00:00+00:00,20260124_203512_1ddb5484_StateSignal_SPY,0.0,0.0,1.0,1.0,0.0,0.0,0.0,0.0
2022-02-07 21:00:00+00:00,20260124_203512_1ddb5484_StateSignal_SPY,0.0,0.0,1.0,1.0,0.0,0.0,0.0,-0.0
2022-02-08 21:00:00+00:00,20260124_203512_1ddb5484_StateSignal_SPY,0.0,0.0,1.0,1.0,0.0,0.0,0.0,0.0
2022-02-09 21:00:00+00:00,20260124_203512_1ddb5484_StateSignal_SPY,0.0,0.0,1.0,1.0,0.0,0.0,0.0,0.0
2022-02-10 21:00:00+00:00,20260124_203512_1ddb5484_StateSignal_SPY,0.0,0.0,1.0,1.0,0.0,0.0,0.0,-0.0
2022-02-11 21:00:00+00:00,20260124_203512_1ddb5484_StateSignal_SPY,0.0,0.0,1.0,1.0,0.0,0.0,0.0,-0.0
2022-02-14 21:00:00+00:00,20260124_203512_1ddb5484_StateSignal_SPY,0.0,0.0,1.0,1.0,0.0,0.0,0.0,-0.0
2022-02-15 21:00:00+00:00,20260124_203512_1ddb5484_StateSignal_SPY,0.0,0.0,1.0,1.0,0.0,0.0,0.0,0.0
2022-02-16 21:00:00+00:00,20260124_203512_1ddb5484_StateSignal_SPY,0.0,0.0,1.0,1.0,0.0,0.0,0.0,0.0
2022-02-17 21:00:00+00:00,20260124_203512_1ddb5484_StateSignal_SPY,0.0,0.0,1.0,1.0,0.0,0.0,0.0,-0.0
2022-02-18 21:00:00+00:00,20260124_203512_1ddb5484_StateSignal_SPY,0.0,0.0,1.0,1.0,0.0,0.0,0.0,-0.0
2022-02-22 21:00:00+00:00,20260124_203512_1ddb5484_StateSignal_SPY,0.0,0.0,1.0,1.0,0.0,0.0,0.0,-0.0
2022-02-23 21:00:00+00:00,20260124_203512_1ddb5484_StateSignal_SPY,0.0,0.0,1.0,1.0,0.0,0.0,0.0,-0.0
2022-02-24 21:00:00+00:00,20260124_203512_1ddb5484_StateSignal_SPY,0.0,0.0,1.0,1.0,0.0,0.0,0.0,0.0
2022-02-25 21:00:00+00:00,20260124_203512_1ddb5484_StateSignal_SPY,0.0,0.0,1.0,1.0,0.0,0.0,0.0,0.0
2022-02-28 21:00:00+00:00,20260124_203512_1ddb5484_StateSignal_SPY,0.0,0.0,1.0,1.0,0.0,0.0,0.0,0.0
2022-03-01 21:00:00+00:00,20260124_203512_1ddb5484_StateSignal_SPY,0.0,0.0,1.0,1.0,0.0,0.0,0.0,-0.0
2022-03-02 21:00:00+00:00,20260124_203512_1ddb5484_StateSignal_SPY,0.0,0.0,1.0,1.0,0.0,0.0,0.0,0.0
2022-03-03 21:00:00+00:00,20260124_203512_1ddb5484_StateSignal_SPY,0.0,0.0,1.0,1.0,0.0,0.0,0.0,-0.0
2022-03-04 21:00:00+00:00,20260124_203512_1ddb5484_StateSignal_SPY,0.0,0.0,1.0,1.0,0.0,0.0,0.0,0.0
2022-03-07 21:00:00+00:00,20260124_203512_1ddb5484_StateSignal_SPY,0.0,0.0,1.0,1.0,0.0,0.0,0.0,-0.0
2022-03-08 21:00:00+00:00,20260124_203512_1ddb5484_StateSignal_SPY,0.0,0.0,1.0,1.0,0.0,0.0,0.0,-0.0
2022-03-09 21:00:00+00:00,20260124_203512_1ddb5484_StateSignal_SPY,0.0,0.0,1.0,1.0,0.0,0.0,0.0,0.0
2022-03-10 21:00:00+00:00,20260124_203512_1ddb5484_StateSignal_SPY,0.0,0.0,1.0,1.0,0.0,0.0,0.0,0.0
2022-03-11 21:00:00+00:00,20260124_203512_1ddb5484_StateSignal_SPY,0.0,0.0,1.0,1.0,0.0,0.0,0.0,-0.0
2022-03-14 20:00:00+00:00,20260124_203512_1ddb5484_StateSignal_SPY,0.0,0.0,1.0,1.0,0.0,0.0,0.0,-0.0
2022-03-15 20:00:00+00:00,20260124_203512_1ddb5484_StateSignal_SPY,0.0,0.0,1.0,1.0,0.0,0.0,0.0,0.0
2022-03-16 20:00:00+00:00,20260124_203512_1ddb5484_StateSignal_SPY,0.0,0.0,1.0,1.0,0.0,0.0,0.0,0.0
2022-03-17 20:00:00+00:00,20260124_203512_1ddb5484_StateSignal_SPY,0.0,0.0,1.0,1.0,0.0,0.0,0.0,0.0
2022-03-18 20:00:00+00:00,20260124_203512_1ddb5484_StateSignal_SPY,0.0,0.0,1.0,1.0,0.0,0.0,0.0,0.0
2022-03-21 20:00:00+00:00,20260124_203512_1ddb5484_StateSignal_SPY,0.0,0.0,1.0,1.0,0.0,0.0,0.0,-0.0
2022-03-22 20:00:00+00:00,20260124_203512_1ddb5484_StateSignal_SPY,0.0,0.0,1.0,1.0,0.0,0.0,0.0,0.0
2022-03-23 20:00:00+00:00,20260124_203512_1ddb5484_StateSignal_SPY,0.0,0.0,1.0,1.0,0.0,0.0,0.0,-0.0
2022-03-24 20:00:00+00:00,20260124_203512_1ddb5484_StateSignal_SPY,0.0,0.0,1.0,1.0,0.0,0.0,0.0,0.0
2022-03-25 20:00:00+00:00,20260124_203512_1ddb5484_StateSignal_SPY,0.0,0.0,1.0,1.0,0.0,0.0,0.0,0.0
2022-03-28 20:00:00+00:00,20260124_203512_1ddb5484_StateSignal_SPY,0.0,0.0,1.0,1.0,0.0,0.0,0.0,0.0
2022-03-29 20:00:00+00:00,20260124_203512_1ddb5484_StateSignal_SPY,0.0,0.0,1.0,1.0,0.0,0.0,0.0,0.0
2022-03-30 20:00:00+00:00,20260124_203512_1ddb5484_StateSignal_SPY,0.0,0.0,1.0,1.0,0.0,0.0,0.0,-0.0
2022-03-31 20:00:00+00:00,20260124_203512_1ddb5484_StateSignal_SPY,0.0,0.0,1.0,1.0,0.0,0.0,0.0,-0.0
2022-04-01 20:00:00+00:00,20260124_203512_1ddb5484_StateSignal_SPY,0.0,0.0,1.0,1.0,0.0,0.0,0.0,0.0
2022-04-04 20:00:00+00:00,20260124_203512_1ddb5484_StateSignal_SPY,0.0,0.0,1.0,1.0,0.0,0.0,0.0,0.0
2022-04-05 20:00:00+00:00,20260124_203512_1ddb5484_StateSignal_SPY,0.0,0.0,1.0,1.0,0.0,0.0,0.0,-0.0
2022-04-06 20:00:00+00:00,20260124_203512_1ddb5484_StateSignal_SPY,0.0,0.0,1.0,1.0,0.0,0.0,0.0,0.0
2022-04-07 20:00:00+00:00,20260124_203512_1ddb5484_StateSignal_SPY,0.0,0.0,1.0,1.0,0.0,0.0,0.0,0.0
2022-04-08 20:00:00+00:00,20260124_203512_1ddb5484_StateSignal_SPY,0.0,0.0,1.0,1.0,0.0,0.0,0.0,-0.0
2022-04-11 20:00:00+00:00,20260124_203512_1ddb5484_StateSignal_SPY,0.0,0.0,1.0,1.0,0.0,0.0,0.0,-0.0
2022-04-12 20:00:00+00:00,20260124_203512_1ddb5484_StateSignal_SPY,0.0,0.0,1.0,1.0,0.0,0.0,0.0,-0.0
2022-04-13 20:00:00+00:00,20260124_203512_1ddb5484_StateSignal_SPY,0.0,0.0,1.0,1.0,0.0,0.0,0.0,0.0
2022-04-14 20:00:00+00:00,20260124_203512_1ddb5484_StateSignal_SPY,0.0,0.0,1.0,1.0,0.0,0.0,0.0,-0.0
2022-04-18 20:00:00+00:00,20260124_203512_1ddb5484_StateSignal_SPY,0.0,0.0,1.0,1.0,0.0,0.0,0.0,-0.0
2022-04-19 20:00:00+00:00,20260124_203512_1ddb5484_StateSignal_SPY,0.0,0.0,1.0,1.0,0.0,0.0,0.0,0.0
2022-04-20 20:00:00+00:00,20260124_203512_1ddb5484_StateSignal_SPY,0.0,0.0,1.0,1.0,0.0,0.0,0.0,-0.0
2022-04-21 20:00:00+00:00,20260124_203512_1ddb5484_StateSignal_SPY,0.0,0.0,1.0,1.0,0.0,0.0,0.0,-0.0
2022-04-22 20:00:00+00:00,20260124_203512_1ddb5484_StateSignal_SPY,0.0,0.0,1.0,1.0,0.0,0.0,0.0,-0.0
2022-04-25 20:00:00+00:00,20260124_203512_1ddb5484_StateSignal_SPY,0.0,0.0,1.0,1.0,0.0,0.0,0.0,0.0
2022-04-26 20:00:00+00:00,20260124_203512_1ddb5484_StateSignal_SPY,0.0,0.0,1.0,1.0,0.0,0.0,0.0,-0.0
2022-04-27 20:00:00+00:00,20260124_203512_1ddb5484_StateSignal_SPY,0.0,0.0,1.0,1.0,0.0,0.0,0.0,-0.0
2022-04-28 20:00:00+00:00,20260124_203512_1ddb5484_StateSignal_SPY,0.0,0.0,1.0,1.0,0.0,0.0,0.0,0.0
2022-04-29 20:00:00+00:00,20260124_203512_1ddb5484_StateSignal_SPY,0.0,0.0,1.0,1.0,0.0,0.0,0.0,-0.0
2022-05-02 20:00:00+00:00,20260124_203512_1ddb5484_StateSignal_SPY,0.0,0.0,1.0,1.0,0.0,0.0,0.0,0.0
2022-05-03 20:00:00+00:00,20260124_203512_1ddb5484_StateSignal_SPY,0.0,0.0,1.0,1.0,0.0,0.0,0.0,0.0
2022-05-04 20:00:00+00:00,20260124_203512_1ddb5484_StateSignal_SPY,0.0,0.0,1.0,1.0,0.0,0.0,0.0,0.0
2022-05-05 20:00:00+00:00,20260124_203512_1ddb5484_StateSignal_SPY,0.0,0.0,1.0,1.0,0.0,0.0,0.0,-0.0
2022-05-06 20:00:00+00:00,20260124_203512_1ddb5484_StateSignal_SPY,0.0,0.0,1.0,1.0,0.0,0.0,0.0,0.0
2022-05-09 20:00:00+00:00,20260124_203512_1ddb5484_StateSignal_SPY,0.0,0.0,1.0,1.0,0.0,0.0,0.0,-0.0
2022-05-10 20:00:00+00:00,20260124_203512_1ddb5484_StateSignal_SPY,0.0,0.0,1.0,1.0,0.0,0.0,0.0,-0.0
2022-05-11 20:00:00+00:00,20260124_203512_1ddb5484_StateSignal_SPY,0.0,0.0,1.0,1.0,0.0,0.0,0.0,-0.0
2022-05-12 20:00:00+00:00,20260124_203512_1ddb5484_StateSignal_SPY,0.0,0.0,1.0,1.0,0.0,0.0,0.0,0.0
2022-05-13 20:00:00+00:00,20260124_203512_1ddb5484_StateSignal_SPY,0.0,0.0,1.0,1.0,0.0,0.0,0.0,0.0
2022-05-16 20:00:00+00:00,20260124_203512_1ddb5484_StateSignal_SPY,0.0,0.0,1.0,1.0,0.0,0.0,0.0,0.0
2022-05-17 20:00:00+00:00,20260124_203512_1ddb5484_StateSignal_SPY,0.0,0.0,1.0,1.0,0.0,0.0,0.0,0.0
2022-05-18 20:00:00+00:00,20260124_203512_1ddb5484_StateSignal_SPY,0.0,0.0,1.0,1.0,0.0,0.0,0.0,-0.0
2022-05-19 20:00:00+00:00,20260124_203512_1ddb5484_StateSignal_SPY,0.0,0.0,1.0,1.0,0.0,0.0,0.0,0.0
2022-05-20 20:00:00+00:00,20260124_203512_1ddb5484_StateSignal_SPY,0.0,0.0,1.0,1.0,0.0,0.0,0.0,-0.0
2022-05-23 20:00:00+00:00,20260124_203512_1ddb5484_StateSignal_SPY,0.0,0.0,1.0,1.0,0.0,0.0,0.0,0.0
2022-05-24 20:00:00+00:00,20260124_203512_1ddb5484_StateSignal_SPY,0.0,0.0,1.0,1.0,0.0,0.0,0.0,0.0
2022-05-25 20:00:00+00:00,20260124_203512_1ddb5484_StateSignal_SPY,0.0,0.0,1.0,1.0,0.0,0.0,0.0,0.0
2022-05-26 20:00:00+00:00,20260124_203512_1ddb5484_StateSignal_SPY,0.0,0.0,1.0,1.0,0.0,0.0,0.0,0.0
2022-05-27 20:00:00+00:00,20260124_203512_1ddb5484_StateSignal_SPY,0.0,0.0,1.0,1.0,0.0,0.0,0.0,0.0
2022-05-31 20:00:00+00:00,20260124_203512_1ddb5484_StateSignal_SPY,0.0,0.0,1.0,1.0,0.0,0.0,0.0,0.0
2022-06-01 20:00:00+00:00,20260124_203512_1ddb5484_StateSignal_SPY,0.0,0.0,1.0,1.0,0.0,0.0,0.0,-0.0
2022-06-02 20:00:00+00:00,20260124_203512_1ddb5484_StateSignal_SPY,0.0,0.0,1.0,1.0,0.0,0.0,0.0,0.0
2022-06-03 20:00:00+00:00,20260124_203512_1ddb5484_StateSignal_SPY,0.0,0.0,1.0,1.0,0.0,0.0,0.0,-0.0
2022-06-06 20:00:00+00:00,20260124_203512_1ddb5484_StateSignal_SPY,0.0,0.0,1.0,1.0,0.0,0.0,0.0,-0.0
2022-06-07 20:00:00+00:00,20260124_203512_1ddb5484_StateSignal_SPY,0.0,0.0,1.0,1.0,0.0,0.0,0.0,0.0
2022-06-08 20:00:00+00:00,20260124_203512_1ddb5484_StateSignal_SPY,0.0,0.0,1.0,1.0,0.0,0.0,0.0,-0.0
2022-06-09 20:00:00+00:00,20260124_203512_1ddb5484_StateSignal_SPY,0.0,0.0,1.0,1.0,0.0,0.0,0.0,-0.0
2022-06-10 20:00:00+00:00,20260124_203512_1ddb5484_StateSignal_SPY,0.0,0.0,1.0,1.0,0.0,0.0,0.0,-0.0
2022-06-13 20:00:00+00:00,20260124_203512_1ddb5484_StateSignal_SPY,0.0,0.0,1.0,1.0,0.0,0.0,0.0,-0.0
2022-06-14 20:00:00+00:00,20260124_203512_1ddb5484_StateSignal_SPY,0.0,0.0,1.0,1.0,0.0,0.0,0.0,-0.0
2022-06-15 20:00:00+00:00,20260124_203512_1ddb5484_StateSignal_SPY,0.0,0.0,1.0,1.0,0.0,0.0,0.0,0.0
2022-06-16 20:00:00+00:00,20260124_203512_1ddb5484_StateSignal_SPY,0.0,0.0,1.0,1.0,0.0,0.0,0.0,-0.0
2022-06-17 20:00:00+00:00,20260124_203512_1ddb5484_StateSignal_SPY,0.0,0.0,1.0,1.0,0.0,0.0,0.0,-0.0
2022-06-21 20:00:00+00:00,20260124_203512_1ddb5484_StateSignal_SPY,0.0,0.0,1.0,1.0,0.0,0.0,0.0,0.0
2022-06-22 20:00:00+00:00,20260124_203512_1ddb5484_StateSignal_SPY,0.0,0.0,1.0,1.0,0.0,0.0,0.0,0.0
2022-06-23 20:00:00+00:00,20260124_203512_1ddb5484_StateSignal_SPY,0.0,0.0,1.0,1.0,0.0,0.0,0.0,0.0
2022-06-24 20:00:00+00:00,20260124_203512_1ddb5484_StateSignal_SPY,0.0,0.0,1.0,1.0,0.0,0.0,0.0,0.0
2022-06-27 20:00:00+00:00,20260124_203512_1ddb5484_StateSignal_SPY,0.0,0.0,1.0,1.0,0.0,0.0,0.0,0.0
2022-06-28 20:00:00+00:00,20260124_203512_1ddb5484_StateSignal_SPY,0.0,0.0,1.0,1.0,0.0,0.0,0.0,-0.0
2022-06-29 20:00:00+00:00,20260124_203512_1ddb5484_StateSignal_SPY,0.0,0.0,1.0,1.0,0.0,0.0,0.0,0.0
2022-06-30 20:00:00+00:00,20260124_203512_1ddb5484_StateSignal_SPY,0.0,0.0,1.0,1.0,0.0,0.0,0.0,0.0
2022-07-01 20:00:00+00:00,20260124_203512_1ddb5484_StateSignal_SPY,0.0,0.0,1.0,1.0,0.0,0.0,0.0,0.0
2022-07-05 20:00:00+00:00,20260124_203512_1ddb5484_StateSignal_SPY,0.0,0.0,1.0,1.0,0.0,0.0,0.0,0.0
2022-07-06 20:00:00+00:00,20260124_203512_1ddb5484_StateSignal_SPY,0.0,0.0,1.0,1.0,0.0,0.0,0.0,0.0
2022-07-07 20:00:00+00:00,20260124_203512_1ddb5484_StateSignal_SPY,0.0,0.0,1.0,1.0,0.0,0.0,0.0,0.0
2022-07-08 20:00:00+00:00,20260124_203512_1ddb5484_StateSignal_SPY,0.0,0.0,1.0,1.0,0.0,0.0,0.0,0.0
2022-07-11 20:00:00+00:00,20260124_203512_1ddb5484_StateSignal_SPY,0.0,0.0,1.0,1.0,0.0,0.0,0.0,-0.0
2022-07-12 20:00:00+00:00,20260124_203512_1ddb5484_StateSignal_SPY,0.0,0.0,1.0,1.0,0.0,0.0,0.0,-0.0
2022-07-13 20:00:00+00:00,20260124_203512_1ddb5484_StateSignal_SPY,0.0,0.0,1.0,1.0,0.0,0.0,0.0,0.0
2022-07-14 20:00:00+00:00,20260124_203512_1ddb5484_StateSignal_SPY,0.0,0.0,1.0,1.0,0.0,0.0,0.0,0.0
2022-07-15 20:00:00+00:00,20260124_203512_1ddb5484_StateSignal_SPY,0.0,0.0,1.0,1.0,0.0,0.0,0.0,0.0
2022-07-18 20:00:00+00:00,20260124_203512_1ddb5484_StateSignal_SPY,0.0,0.0,1.0,1.0,0.0,0.0,0.0,-0.0
2022-07-19 20:00:00+00:00,20260124_203512_1ddb5484_StateSignal_SPY,0.0,0.0,1.0,1.0,0.0,0.0,0.0,0.0
2022-07-20 20:00:00+00:00,20260124_203512_1ddb5484_StateSignal_SPY,0.0,0.0,1.0,1.0,0.0,0.0,0.0,0.0
2022-07-21 20:00:00+00:00,20260124_203512_1ddb5484_StateSignal_SPY,0.0,0.0,1.0,1.0,0.0,0.0,0.0,0.0
2022-07-22 20:00:00+00:00,20260124_203512_1ddb5484_StateSignal_SPY,0.0,0.0,1.0,1.0,0.0,0.0,0.0,-0.0
2022-07-25 20:00:00+00:00,20260124_203512_1ddb5484_StateSignal_SPY,0.0,0.0,1.0,1.0,0.0,0.0,0.0,0.0
2022-07-26 20:00:00+00:00,20260124_203512_1ddb5484_StateSignal_SPY,0.0,0.0,1.0,1.0,0.0,0.0,0.0,-0.0
2022-07-27 20:00:00+00:00,20260124_203512_1ddb5484_StateSignal_SPY,0.0,0.0,1.0,1.0,0.0,0.0,0.0,0.0
2022-07-28 20:00:00+00:00,20260124_203512_1ddb5484_StateSignal_SPY,0.0,0.0,1.0,1.0,0.0,0.0,0.0,0.0
2022-07-29 20:00:00+00:00,20260124_203512_1ddb5484_StateSignal_SPY,0.0,0.0,1.0,1.0,0.0,0.0,0.0,0.0
2022-08-01 20:00:00+00:00,20260124_203512_1ddb5484_StateSignal_SPY,0.0,0.0,1.0,1.0,0.0,0.0,0.0,0.0
2022-08-02 20:00:00+00:00,20260124_203512_1ddb5484_StateSignal_SPY,0.0,0.0,1.0,1.0,0.0,0.0,0.0,-0.0
2022-08-03 20:00:00+00:00,20260124_203512_1ddb5484_StateSignal_SPY,0.0,0.0,1.0,1.0,0.0,0.0,0.0,0.0
2022-08-04 20:00:00+00:00,20260124_203512_1ddb5484_StateSignal_SPY,0.0,0.0,1.0,1.0,0.0,0.0,0.0,-0.0
2022-08-05 20:00:00+00:00,20260124_203512_1ddb5484_StateSignal_SPY,0.0,0.0,1.0,1.0,0.0,0.0,0.0,-0.0
2022-08-08 20:00:00+00:00,20260124_203512_1ddb5484_StateSignal_SPY,0.0,0.0,1.0,1.0,0.0,0.0,0.0,-0.0
2022-08-09 20:00:00+00:00,20260124_203512_1ddb5484_StateSignal_SPY,0.0,0.0,1.0,1.0,0.0,0.0,0.0,-0.0
2022-08-10 20:00:00+00:00,20260124_203512_1ddb5484_StateSignal_SPY,0.0,0.0,1.0,1.0,0.0,0.0,0.0,0.0
2022-08-11 20:00:00+00:00,20260124_203512_1ddb5484_StateSignal_SPY,0.0,0.0,1.0,1.0,0.0,0.0,0.0,-0.0
2022-08-12 20:00:00+00:00,20260124_203512_1ddb5484_StateSignal_SPY,0.0,0.0,1.0,1.0,0.0,0.0,0.0,0.0
2022-08-15 20:00:00+00:00,20260124_203512_1ddb5484_StateSignal_SPY,0.0,0.0,1.0,1.0,0.0,0.0,0.0,0.0
2022-08-16 20:00:00+00:00,20260124_203512_1ddb5484_StateSignal_SPY,0.0,0.0,1.0,1.0,0.0,0.0,0.0,0.0
2022-08-17 20:00:00+00:00,20260124_203512_1ddb5484_StateSignal_SPY,0.0,0.0,1.0,1.0,0.0,0.0,0.0,0.0
2022-08-18 20:00:00+00:00,20260124_203512_1ddb5484_StateSignal_SPY,0.0,0.0,1.0,1.0,0.0,0.0,0.0,0.0
2022-08-19 20:00:00+00:00,20260124_203512_1ddb5484_StateSignal_SPY,0.0,0.0,1.0,1.0,0.0,0.0,0.0,-0.0
2022-08-22 20:00:00+00:00,20260124_203512_1ddb5484_StateSignal_SPY,0.0,0.0,1.0,1.0,0.0,0.0,0.0,-0.0
2022-08-23 20:00:00+00:00,20260124_203512_1ddb5484_StateSignal_SPY,0.0,0.0,1.0,1.0,0.0,0.0,0.0,-0.0
2022-08-24 20:00:00+00:00,20260124_203512_1ddb5484_StateSignal_SPY,0.0,0.0,1.0,1.0,0.0,0.0,0.0,0.0
2022-08-25 20:00:00+00:00,20260124_203512_1ddb5484_StateSignal_SPY,0.0,0.0,1.0,1.0,0.0,0.0,0.0,0.0
2022-08-26 20:00:00+00:00,20260124_203512_1ddb5484_StateSignal_SPY,0.0,0.0,1.0,1.0,0.0,0.0,0.0,-0.0
2022-08-29 20:00:00+00:00,20260124_203512_1ddb5484_StateSignal_SPY,0.0,0.0,1.0,1.0,0.0,0.0,0.0,-0.0
2022-08-30 20:00:00+00:00,20260124_203512_1ddb5484_StateSignal_SPY,0.0,0.0,1.0,1.0,0.0,0.0,0.0,-0.0
2022-08-31 20:00:00+00:00,20260124_203512_1ddb5484_StateSignal_SPY,0.0,0.0,1.0,1.0,0.0,0.0,0.0,-0.0
2022-09-01 20:00:00+00:00,20260124_203512_1ddb5484_StateSignal_SPY,0.0,0.0,1.0,1.0,0.0,0.0,0.0,0.0
2022-09-02 20:00:00+00:00,20260124_203512_1ddb5484_StateSignal_SPY,0.0,0.0,1.0,1.0,0.0,0.0,0.0,-0.0
2022-09-06 20:00:00+00:00,20260124_203512_1ddb5484_StateSignal_SPY,0.0,0.0,1.0,1.0,0.0,0.0,0.0,-0.0
2022-09-07 20:00:00+00:00,20260124_203512_1ddb5484_StateSignal_SPY,0.0,0.0,1.0,1.0,0.0,0.0,0.0,0.0
2022-09-08 20:00:00+00:00,20260124_203512_1ddb5484_StateSignal_SPY,0.0,0.0,1.0,1.0,0.0,0.0,0.0,0.0
2022-09-09 20:00:00+00:00,20260124_203512_1ddb5484_StateSignal_SPY,0.0,0.0,1.0,1.0,0.0,0.0,0.0,0.0
2022-09-12 20:00:00+00:00,20260124_203512_1ddb5484_StateSignal_SPY,0.0,0.0,1.0,1.0,0.0,0.0,0.0,0.0
2022-09-13 20:00:00+00:00,20260124_203512_1ddb5484_StateSignal_SPY,0.0,0.0,1.0,1.0,0.0,0.0,0.0,-0.0
2022-09-14 20:00:00+00:00,20260124_203512_1ddb5484_StateSignal_SPY,0.0,0.0,1.0,1.0,0.0,0.0,0.0,-0.0
2022-09-15 20:00:00+00:00,20260124_203512_1ddb5484_StateSignal_SPY,0.0,0.0,1.0,1.0,0.0,0.0,0.0,-0.0
2022-09-16 20:00:00+00:00,20260124_203512_1ddb5484_StateSignal_SPY,0.0,0.0,1.0,1.0,0.0,0.0,0.0,0.0
2022-09-19 20:00:00+00:00,20260124_203512_1ddb5484_StateSignal_SPY,0.0,0.0,1.0,1.0,0.0,0.0,0.0,0.0
2022-09-20 20:00:00+00:00,20260124_203512_1ddb5484_StateSignal_SPY,0.0,0.0,1.0,1.0,0.0,0.0,0.0,0.0
2022-09-21 20:00:00+00:00,20260124_203512_1ddb5484_StateSignal_SPY,0.0,0.0,1.0,1.0,0.0,0.0,0.0,-0.0
2022-09-22 20:00:00+00:00,20260124_203512_1ddb5484_StateSignal_SPY,0.0,0.0,1.0,1.0,0.0,0.0,0.0,-0.0
2022-09-23 20:00:00+00:00,20260124_203512_1ddb5484_StateSignal_SPY,0.0,0.0,1.0,1.0,0.0,0.0,0.0,-0.0
2022-09-26 20:00:00+00:00,20260124_203512_1ddb5484_StateSignal_SPY,0.0,0.0,1.0,1.0,0.0,0.0,0.0,-0.0
2022-09-27 20:00:00+00:00,20260124_203512_1ddb5484_StateSignal_SPY,0.0,0.0,1.0,1.0,0.0,0.0,0.0,-0.0
2022-09-28 20:00:00+00:00,20260124_203512_1ddb5484_StateSignal_SPY,0.0,0.0,1.0,1.0,0.0,0.0,0.0,0.0
2022-09-29 20:00:00+00:00,20260124_203512_1ddb5484_StateSignal_SPY,0.0,0.0,1.0,1.0,0.0,0.0,0.0,-0.0
2022-09-30 20:00:00+00:00,20260124_203512_1ddb5484_StateSignal_SPY,0.0,0.0,1.0,1.0,0.0,0.0,0.0,-0.0
2022-10-03 20:00:00+00:00,20260124_203512_1ddb5484_StateSignal_SPY,0.0,0.0,1.0,1.0,0.0,0.0,0.0,0.0
2022-10-04 20:00:00+00:00,20260124_203512_1ddb5484_StateSignal_SPY,0.0,0.0,1.0,1.0,0.0,0.0,0.0,0.0
2022-10-05 20:00:00+00:00,20260124_203512_1ddb5484_StateSignal_SPY,0.0,0.0,1.0,1.0,0.0,0.0,0.0,0.0
2022-10-06 20:00:00+00:00,20260124_203512_1ddb5484_StateSignal_SPY,0.0,0.0,1.0,1.0,0.0,0.0,0.0,-0.0
2022-10-07 20:00:00+00:00,20260124_203512_1ddb5484_StateSignal_SPY,0.0,0.0,1.0,1.0,0.0,0.0,0.0,-0.0
2022-10-10 20:00:00+00:00,20260124_203512_1ddb5484_StateSignal_SPY,0.0,0.0,1.0,1.0,0.0,0.0,0.0,-0.0
2022-10-11 20:00:00+00:00,20260124_203512_1ddb5484_StateSignal_SPY,0.0,0.0,1.0,1.0,0.0,0.0,0.0,0.0
2022-10-12 20:00:00+00:00,20260124_203512_1ddb5484_StateSignal_SPY,0.0,0.0,1.0,1.0,0.0,0.0,0.0,-0.0
2022-10-13 20:00:00+00:00,20260124_203512_1ddb5484_StateSignal_SPY,0.0,0.0,1.0,1.0,0.0,0.0,0.0,0.0
2022-10-14 20:00:00+00:00,20260124_203512_1ddb5484_StateSignal_SPY,0.0,0.0,1.0,1.0,0.0,0.0,0.0,-0.0
2022-10-17 20:00:00+00:00,20260124_203512_1ddb5484_StateSignal_SPY,0.0,0.0,1.0,1.0,0.0,0.0,0.0,0.0
2022-10-18 20:00:00+00:00,20260124_203512_1ddb5484_StateSignal_SPY,0.0,0.0,1.0,1.0,0.0,0.0,0.0,-0.0
2022-10-19 20:00:00+00:00,20260124_203512_1ddb5484_StateSignal_SPY,0.0,0.0,1.0,1.0,0.0,0.0,0.0,-0.0
2022-10-20 20:00:00+00:00,20260124_203512_1ddb5484_StateSignal_SPY,0.0,0.0,1.0,1.0,0.0,0.0,0.0,-0.0
2022-10-21 20:00:00+00:00,20260124_203512_1ddb5484_StateSignal_SPY,0.0,0.0,1.0,1.0,0.0,0.0,0.0,0.0
2022-10-24 20:00:00+00:00,20260124_203512_1ddb5484_StateSignal_SPY,0.0,0.0,1.0,1.0,0.0,0.0,0.0,0.0
2022-10-25 20:00:00+00:00,20260124_203512_1ddb5484_StateSignal_SPY,0.0,0.0,1.0,1.0,0.0,0.0,0.0,0.0
2022-10-26 20:00:00+00:00,20260124_203512_1ddb5484_StateSignal_SPY,0.0,0.0,1.0,1.0,0.0,0.0,0.0,0.0
2022-10-27 20:00:00+00:00,20260124_203512_1ddb5484_StateSignal_SPY,0.0,0.0,1.0,1.0,0.0,0.0,0.0,-0.0
2022-10-28 20:00:00+00:00,20260124_203512_1ddb5484_StateSignal_SPY,0.0,0.0,1.0,1.0,0.0,0.0,0.0,0.0
2022-10-31 20:00:00+00:00,20260124_203512_1ddb5484_StateSignal_SPY,0.0,0.0,1.0,1.0,0.0,0.0,0.0,-0.0
2022-11-01 20:00:00+00:00,20260124_203512_1ddb5484_StateSignal_SPY,0.0,0.0,1.0,1.0,0.0,0.0,0.0,-0.0
2022-11-02 20:00:00+00:00,20260124_203512_1ddb5484_StateSignal_SPY,0.0,0.0,1.0,1.0,0.0,0.0,0.0,-0.0
2022-11-03 20:00:00+00:00,20260124_203512_1ddb5484_StateSignal_SPY,0.0,0.0,1.0,1.0,0.0,0.0,0.0,-0.0
2022-11-04 20:00:00+00:00,20260124_203512_1ddb5484_StateSignal_SPY,0.0,0.0,1.0,1.0,0.0,0.0,0.0,0.0
2022-11-07 21:00:00+00:00,20260124_203512_1ddb5484_StateSignal_SPY,0.0,0.0,1.0,1.0,0.0,0.0,0.0,0.0
2022-11-08 21:00:00+00:00,20260124_203512_1ddb5484_StateSignal_SPY,0.0,0.0,1.0,1.0,0.0,0.0,0.0,0.0
2022-11-09 21:00:00+00:00,20260124_203512_1ddb5484_StateSignal_SPY,0.0,0.0,1.0,1.0,0.0,0.0,0.0,-0.0
2022-11-10 21:00:00+00:00,20260124_203512_1ddb5484_StateSignal_SPY,0.0,0.0,1.0,1.0,0.0,0.0,0.0,0.0
2022-11-11 21:00:00+00:00,20260124_203512_1ddb5484_StateSignal_SPY,0.0,0.0,1.0,1.0,0.0,0.0,0.0,0.0
2022-11-14 21:00:00+00:00,20260124_203512_1ddb5484_StateSignal_SPY,0.0,0.0,1.0,1.0,0.0,0.0,0.0,-0.0
2022-11-15 21:00:00+00:00,20260124_203512_1ddb5484_StateSignal_SPY,0.0,0.0,1.0,1.0,0.0,0.0,0.0,-0.0
2022-11-16 21:00:00+00:00,20260124_203512_1ddb5484_StateSignal_SPY,0.0,0.0,1.0,1.0,0.0,0.0,0.0,-0.0
2022-11-17 21:00:00+00:00,20260124_203512_1ddb5484_StateSignal_SPY,0.0,0.0,1.0,1.0,0.0,0.0,0.0,0.0
2022-11-18 21:00:00+00:00,20260124_203512_1ddb5484_StateSignal_SPY,0.0,0.0,1.0,1.0,0.0,0.0,0.0,0.0
2022-11-21 21:00:00+00:00,20260124_203512_1ddb5484_StateSignal_SPY,0.0,0.0,1.0,1.0,0.0,0.0,0.0,-0.0
2022-11-22 21:00:00+00:00,20260124_203512_1ddb5484_StateSignal_SPY,0.0,0.0,1.0,1.0,0.0,0.0,0.0,0.0
2022-11-23 21:00:00+00:00,20260124_203512_1ddb5484_StateSignal_SPY,0.0,0.0,1.0,1.0,0.0,0.0,0.0,0.0
2022-11-25 21:00:00+00:00,20260124_203512_1ddb5484_StateSignal_SPY,0.0,0.0,1.0,1.0,0.0,0.0,0.0,0.0
2022-11-28 21:00:00+00:00,20260124_203512_1ddb5484_StateSignal_SPY,0.0,0.0,1.0,1.0,0.0,0.0,0.0,-0.0
2022-11-29 21:00:00+00:00,20260124_203512_1ddb5484_StateSignal_SPY,0.0,0.0,1.0,1.0,0.0,0.0,0.0,-0.0
2022-11-30 21:00:00+00:00,20260124_203512_1ddb5484_StateSignal_SPY,0.0,0.0,1.0,1.0,0.0,0.0,0.0,0.0
2022-12-01 21:00:00+00:00,20260124_203512_1ddb5484_StateSignal_SPY,0.0,0.0,1.0,1.0,0.0,0.0,0.0,-0.0
2022-12-02 21:00:00+00:00,20260124_203512_1ddb5484_StateSignal_SPY,0.0,0.0,1.0,1.0,0.0,0.0,0.0,0.0
2022-12-05 21:00:00+00:00,20260124_203512_1ddb5484_StateSignal_SPY,0.0,0.0,1.0,1.0,0.0,0.0,0.0,-0.0
2022-12-06 21:00:00+00:00,20260124_203512_1ddb5484_StateSignal_SPY,0.0,0.0,1.0,1.0,0.0,0.0,0.0,-0.0
2022-12-07 21:00:00+00:00,20260124_203512_1ddb5484_StateSignal_SPY,0.0,0.0,1.0,1.0,0.0,0.0,0.0,-0.0
2022-12-08 21:00:00+00:00,20260124_203512_1ddb5484_StateSignal_SPY,0.0,0.0,1.0,1.0,0.0,0.0,0.0,0.0
2022-12-09 21:00:00+00:00,20260124_203512_1ddb5484_StateSignal_SPY,0.0,0.0,1.0,1.0,0.0,0.0,0.0,-0.0
2022-12-12 21:00:00+00:00,20260124_203512_1ddb5484_StateSignal_SPY,0.0,0.0,1.0,1.0,0.0,0.0,0.0,0.0
2022-12-13 21:00:00+00:00,20260124_203512_1ddb5484_StateSignal_SPY,0.0,0.0,1.0,1.0,0.0,0.0,0.0,-0.0
2022-12-14 21:00:00+00:00,20260124_203512_1ddb5484_StateSignal_SPY,0.0,0.0,1.0,1.0,0.0,0.0,0.0,-0.0
2022-12-15 21:00:00+00:00,20260124_203512_1ddb5484_StateSignal_SPY,0.0,0.0,1.0,1.0,0.0,0.0,0.0,-0.0
2022-12-16 21:00:00+00:00,20260124_203512_1ddb5484_StateSignal_SPY,0.0,0.0,1.0,1.0,0.0,0.0,0.0,-0.0
2022-12-19 21:00:00+00:00,20260124_203512_1ddb5484_StateSignal_SPY,0.0,0.0,1.0,1.0,0.0,0.0,0.0,-0.0
2022-12-20 21:00:00+00:00,20260124_203512_1ddb5484_StateSignal_SPY,0.0,0.0,1.0,1.0,0.0,0.0,0.0,0.0
2022-12-21 21:00:00+00:00,20260124_203512_1ddb5484_StateSignal_SPY,0.0,0.0,1.0,1.0,0.0,0.0,0.0,0.0
2022-12-22 21:00:00+00:00,20260124_203512_1ddb5484_StateSignal_SPY,0.0,0.0,1.0,1.0,0.0,0.0,0.0,-0.0
2022-12-23 21:00:00+00:00,20260124_203512_1ddb5484_StateSignal_SPY,0.0,0.0,1.0,1.0,0.0,0.0,0.0,0.0
2022-12-27 21:00:00+00:00,20260124_203512_1ddb5484_StateSignal_SPY,0.0,0.0,1.0,1.0,0.0,0.0,0.0,-0.0
2022-12-28 21:00:00+00:00,20260124_203512_1ddb5484_StateSignal_SPY,0.0,0.0,1.0,1.0,0.0,0.0,0.0,-0.0
2022-12-29 21:00:00+00:00,20260124_203512_1ddb5484_StateSignal_SPY,0.0,0.0,1.0,1.0,0.0,0.0,0.0,0.0
2022-12-30 21:00:00+00:00,20260124_203512_1ddb5484_StateSignal_SPY,0.0,0.0,1.0,1.0,0.0,0.0,0.0,0.0
2023-01-03 21:00:00+00:00,20260124_203512_1ddb5484_StateSignal_SPY,0.0,0.0,1.0,1.0,0.0,0.0,0.0,-0.0
2023-01-04 21:00:00+00:00,20260124_203512_1ddb5484_StateSignal_SPY,0.0,0.0,1.0,1.0,0.0,0.0,0.0,0.0
2023-01-05 21:00:00+00:00,20260124_203512_1ddb5484_StateSignal_SPY,0.0,0.0,1.0,1.0,0.0,0.0,0.0,-0.0
2023-01-06 21:00:00+00:00,20260124_203512_1ddb5484_StateSignal_SPY,0.0,0.0,1.0,1.0,0.0,0.0,0.0,0.0
2023-01-09 21:00:00+00:00,20260124_203512_1ddb5484_StateSignal_SPY,0.0,0.0,1.0,1.0,0.0,0.0,0.0,-0.0
2023-01-10 21:00:00+00:00,20260124_203512_1ddb5484_StateSignal_SPY,0.0,0.0,1.0,1.0,0.0,0.0,0.0,0.0
2023-01-11 21:00:00+00:00,20260124_203512_1ddb5484_StateSignal_SPY,0.0,0.0,1.0,1.0,0.0,0.0,0.0,0.0
2023-01-12 21:00:00+00:00,20260124_203512_1ddb5484_StateSignal_SPY,0.0,0.0,1.0,1.0,0.0,0.0,0.0,0.0
2023-01-13 21:00:00+00:00,20260124_203512_1ddb5484_StateSignal_SPY,0.0,0.0,1.0,1.0,0.0,0.0,0.0,0.0
2023-01-17 21:00:00+00:00,20260124_203512_1ddb5484_StateSignal_SPY,0.0,0.0,1.0,1.0,0.0,0.0,0.0,-0.0
2023-01-18 21:00:00+00:00,20260124_203512_1ddb5484_StateSignal_SPY,0.0,0.0,1.0,1.0,0.0,0.0,0.0,-0.0
2023-01-19 21:00:00+00:00,20260124_203512_1ddb5484_StateSignal_SPY,0.0,0.0,1.0,1.0,0.0,0.0,0.0,-0.0
2023-01-20 21:00:00+00:00,20260124_203512_1ddb5484_StateSignal_SPY,0.0,0.0,1.0,1.0,0.0,0.0,0.0,0.0
2023-01-23 21:00:00+00:00,20260124_203512_1ddb5484_StateSignal_SPY,0.0,0.0,1.0,1.0,0.0,0.0,0.0,0.0
2023-01-24 21:00:00+00:00,20260124_203512_1ddb5484_StateSignal_SPY,0.0,0.0,1.0,1.0,0.0,0.0,0.0,0.0
2023-01-25 21:00:00+00:00,20260124_203512_1ddb5484_StateSignal_SPY,0.0,0.0,1.0,1.0,0.0,0.0,0.0,0.0
2023-01-26 21:00:00+00:00,20260124_203512_1ddb5484_StateSignal_SPY,0.0,0.0,1.0,1.0,0.0,0.0,0.0,0.0
2023-01-27 21:00:00+00:00,20260124_203512_1ddb5484_StateSignal_SPY,0.0,0.0,1.0,1.0,0.0,0.0,0.0,0.0
2023-01-30 21:00:00+00:00,20260124_203512_1ddb5484_StateSignal_SPY,0.0,0.0,1.0,1.0,0.0,0.0,0.0,-0.0
2023-01-31 21:00:00+00:00,20260124_203512_1ddb5484_StateSignal_SPY,0.0,0.0,1.0,1.0,0.0,0.0,0.0,0.0
2023-02-01 21:00:00+00:00,20260124_203512_1ddb5484_StateSignal_SPY,0.0,0.0,1.0,1.0,0.0,0.0,0.0,0.0
2023-02-02 21:00:00+00:00,20260124_203512_1ddb5484_StateSignal_SPY,0.0,0.0,1.0,1.0,0.0,0.0,0.0,0.0
2023-02-03 21:00:00+00:00,20260124_203512_1ddb5484_StateSignal_SPY,0.0,0.0,1.0,1.0,0.0,0.0,0.0,-0.0
2023-02-06 21:00:00+00:00,20260124_203512_1ddb5484_StateSignal_SPY,0.0,0.0,1.0,1.0,0.0,0.0,0.0,0.0
2023-02-07 21:00:00+00:00,20260124_203512_1ddb5484_StateSignal_SPY,0.0,0.0,1.0,1.0,0.0,0.0,0.0,0.0
2023-02-08 21:00:00+00:00,20260124_203512_1ddb5484_StateSignal_SPY,0.0,0.0,1.0,1.0,0.0,0.0,0.0,-0.0
2023-02-09 21:00:00+00:00,20260124_203512_1ddb5484_StateSignal_SPY,0.0,0.0,1.0,1.0,0.0,0.0,0.0,-0.0
2023-02-10 21:00:00+00:00,20260124_203512_1ddb5484_StateSignal_SPY,0.0,0.0,1.0,1.0,0.0,0.0,0.0,0.0
2023-02-13 21:00:00+00:00,20260124_203512_1ddb5484_StateSignal_SPY,0.0,0.0,1.0,1.0,0.0,0.0,0.0,0.0
2023-02-14 21:00:00+00:00,20260124_203512_1ddb5484_StateSignal_SPY,0.0,0.0,1.0,1.0,0.0,0.0,0.0,0.0
2023-02-15 21:00:00+00:00,20260124_203512_1ddb5484_StateSignal_SPY,0.0,0.0,1.0,1.0,0.0,0.0,0.0,0.0
2023-02-16 21:00:00+00:00,20260124_203512_1ddb5484_StateSignal_SPY,0.0,0.0,1.0,1.0,0.0,0.0,0.0,-0.0
2023-02-17 21:00:00+00:00,20260124_203512_1ddb5484_StateSignal_SPY,0.0,0.0,1.0,1.0,0.0,0.0,0.0,0.0
2023-02-21 21:00:00+00:00,20260124_203512_1ddb5484_StateSignal_SPY,0.0,0.0,1.0,1.0,0.0,0.0,0.0,-0.0
2023-02-22 21:00:00+00:00,20260124_203512_1ddb5484_StateSignal_SPY,0.0,0.0,1.0,1.0,0.0,0.0,0.0,-0.0
2023-02-23 21:00:00+00:00,20260124_203512_1ddb5484_StateSignal_SPY,0.0,0.0,1.0,1.0,0.0,0.0,0.0,-0.0
2023-02-24 21:00:00+00:00,20260124_203512_1ddb5484_StateSignal_SPY,0.0,0.0,1.0,1.0,0.0,0.0,0.0,0.0
2023-02-27 21:00:00+00:00,20260124_203512_1ddb5484_StateSignal_SPY,0.0,0.0,1.0,1.0,0.0,0.0,0.0,-0.0
2023-02-28 21:00:00+00:00,20260124_203512_1ddb5484_StateSignal_SPY,0.0,0.0,1.0,1.0,0.0,0.0,0.0,-0.0
2023-03-01 21:00:00+00:00,20260124_203512_1ddb5484_StateSignal_SPY,0.0,0.0,1.0,1.0,0.0,0.0,0.0,-0.0
2023-03-02 21:00:00+00:00,20260124_203512_1ddb5484_StateSignal_SPY,0.0,0.0,1.0,1.0,0.0,0.0,0.0,0.0
2023-03-03 21:00:00+00:00,20260124_203512_1ddb5484_StateSignal_SPY,0.0,0.0,1.0,1.0,0.0,0.0,0.0,0.0
2023-03-06 21:00:00+00:00,20260124_203512_1ddb5484_StateSignal_SPY,0.0,0.0,1.0,1.0,0.0,0.0,0.0,-0.0
2023-03-07 21:00:00+00:00,20260124_203512_1ddb5484_StateSignal_SPY,0.0,0.0,1.0,1.0,0.0,0.0,0.0,-0.0
2023-03-08 21:00:00+00:00,20260124_203512_1ddb5484_StateSignal_SPY,0.0,0.0,1.0,1.0,0.0,0.0,0.0,0.0
2023-03-09 21:00:00+00:00,20260124_203512_1ddb5484_StateSignal_SPY,0.0,0.0,1.0,1.0,0.0,0.0,0.0,-0.0
2023-03-10 21:00:00+00:00,20260124_203512_1ddb5484_StateSignal_SPY,0.0,0.0,1.0,1.0,0.0,0.0,0.0,-0.0
2023-03-13 20:00:00+00:00,20260124_203512_1ddb5484_StateSignal_SPY,0.0,0.0,1.0,1.0,0.0,0.0,0.0,0.0
2023-03-14 20:00:00+00:00,20260124_203512_1ddb5484_StateSignal_SPY,0.0,0.0,1.0,1.0,0.0,0.0,0.0,0.0
2023-03-15 20:00:00+00:00,20260124_203512_1ddb5484_StateSignal_SPY,0.0,0.0,1.0,1.0,0.0,0.0,0.0,0.0
2023-03-16 20:00:00+00:00,20260124_203512_1ddb5484_StateSignal_SPY,0.0,0.0,1.0,1.0,0.0,0.0,0.0,0.0
2023-03-17 20:00:00+00:00,20260124_203512_1ddb5484_StateSignal_SPY,0.0,0.0,1.0,1.0,0.0,0.0,0.0,-0.0
2023-03-20 20:00:00+00:00,20260124_203512_1ddb5484_StateSignal_SPY,0.0,0.0,1.0,1.0,0.0,0.0,0.0,0.0
2023-03-21 20:00:00+00:00,20260124_203512_1ddb5484_StateSignal_SPY,0.0,0.0,1.0,1.0,0.0,0.0,0.0,0.0
2023-03-22 20:00:00+00:00,20260124_203512_1ddb5484_StateSignal_SPY,0.0,0.0,1.0,1.0,0.0,0.0,0.0,-0.0
2023-03-23 20:00:00+00:00,20260124_203512_1ddb5484_StateSignal_SPY,0.0,0.0,1.0,1.0,0.0,0.0,0.0,-0.0
2023-03-24 20:00:00+00:00,20260124_203512_1ddb5484_StateSignal_SPY,0.0,0.0,1.0,1.0,0.0,0.0,0.0,0.0
2023-03-27 20:00:00+00:00,20260124_203512_1ddb5484_StateSignal_SPY,0.0,0.0,1.0,1.0,0.0,0.0,0.0,-0.0
2023-03-28 20:00:00+00:00,20260124_203512_1ddb5484_StateSignal_SPY,0.0,0.0,1.0,1.0,0.0,0.0,0.0,0.0
2023-03-29 20:00:00+00:00,20260124_203512_1ddb5484_StateSignal_SPY,0.0,0.0,1.0,1.0,0.0,0.0,0.0,0.0
2023-03-30 20:00:00+00:00,20260124_203512_1ddb5484_StateSignal_SPY,0.0,0.0,1.0,1.0,0.0,0.0,0.0,-0.0
2023-03-31 20:00:00+00:00,20260124_203512_1ddb5484_StateSignal_SPY,0.0,0.0,1.0,1.0,0.0,0.0,0.0,0.0
2023-04-03 20:00:00+00:00,20260124_203512_1ddb5484_StateSignal_SPY,0.0,0.0,1.0,1.0,0.0,0.0,0.0,0.0
2023-04-04 20:00:00+00:00,20260124_203512_1ddb5484_StateSignal_SPY,0.0,0.0,1.0,1.0,0.0,0.0,0.0,-0.0
2023-04-05 20:00:00+00:00,20260124_203512_1ddb5484_StateSignal_SPY,0.0,0.0,1.0,1.0,0.0,0.0,0.0,-0.0
2023-04-06 20:00:00+00:00,20260124_203512_1ddb5484_StateSignal_SPY,0.0,0.0,1.0,1.0,0.0,0.0,0.0,0.0
2023-04-10 20:00:00+00:00,20260124_203512_1ddb5484_StateSignal_SPY,0.0,0.0,1.0,1.0,0.0,0.0,0.0,0.0
2023-04-11 20:00:00+00:00,20260124_203512_1ddb5484_StateSignal_SPY,0.0,0.0,1.0,1.0,0.0,0.0,0.0,-0.0
2023-04-12 20:00:00+00:00,20260124_203512_1ddb5484_StateSignal_SPY,0.0,0.0,1.0,1.0,0.0,0.0,0.0,-0.0
2023-04-13 20:00:00+00:00,20260124_203512_1ddb5484_StateSignal_SPY,0.0,0.0,1.0,1.0,0.0,0.0,0.0,0.0
2023-04-14 20:00:00+00:00,20260124_203512_1ddb5484_StateSignal_SPY,0.0,0.0,1.0,1.0,0.0,0.0,0.0,-0.0
2023-04-17 20:00:00+00:00,20260124_203512_1ddb5484_StateSignal_SPY,0.0,0.0,1.0,1.0,0.0,0.0,0.0,0.0
2023-04-18 20:00:00+00:00,20260124_203512_1ddb5484_StateSignal_SPY,0.0,0.0,1.0,1.0,0.0,0.0,0.0,-0.0
2023-04-19 20:00:00+00:00,20260124_203512_1ddb5484_StateSignal_SPY,0.0,0.0,1.0,1.0,0.0,0.0,0.0,0.0
2023-04-20 20:00:00+00:00,20260124_203512_1ddb5484_StateSignal_SPY,0.0,0.0,1.0,1.0,0.0,0.0,0.0,-0.0
2023-04-21 20:00:00+00:00,20260124_203512_1ddb5484_StateSignal_SPY,0.0,0.0,1.0,1.0,0.0,0.0,0.0,0.0
2023-04-24 20:00:00+00:00,20260124_203512_1ddb5484_StateSignal_SPY,0.0,0.0,1.0,1.0,0.0,0.0,0.0,-0.0
2023-04-25 20:00:00+00:00,20260124_203512_1ddb5484_StateSignal_SPY,0.0,0.0,1.0,1.0,0.0,0.0,0.0,-0.0
2023-04-26 20:00:00+00:00,20260124_203512_1ddb5484_StateSignal_SPY,0.0,0.0,1.0,1.0,0.0,0.0,0.0,-0.0
2023-04-27 20:00:00+00:00,20260124_203512_1ddb5484_StateSignal_SPY,0.0,0.0,1.0,1.0,0.0,0.0,0.0,0.0
2023-04-28 20:00:00+00:00,20260124_203512_1ddb5484_StateSignal_SPY,0.0,0.0,1.0,1.0,0.0,0.0,0.0,0.0
2023-05-01 20:00:00+00:00,20260124_203512_1ddb5484_StateSignal_SPY,0.0,0.0,1.0,1.0,0.0,0.0,0.0,-0.0
2023-05-02 20:00:00+00:00,20260124_203512_1ddb5484_StateSignal_SPY,0.0,0.0,1.0,1.0,0.0,0.0,0.0,-0.0
2023-05-03 20:00:00+00:00,20260124_203512_1ddb5484_StateSignal_SPY,0.0,0.0,1.0,1.0,0.0,0.0,0.0,-0.0
2023-05-04 20:00:00+00:00,20260124_203512_1ddb5484_StateSignal_SPY,0.0,0.0,1.0,1.0,0.0,0.0,0.0,-0.0
2023-05-05 20:00:00+00:00,20260124_203512_1ddb5484_StateSignal_SPY,0.0,0.0,1.0,1.0,0.0,0.0,0.0,0.0
2023-05-08 20:00:00+00:00,20260124_203512_1ddb5484_StateSignal_SPY,0.0,0.0,1.0,1.0,0.0,0.0,0.0,0.0
2023-05-09 20:00:00+00:00,20260124_203512_1ddb5484_StateSignal_SPY,0.0,0.0,1.0,1.0,0.0,0.0,0.0,-0.0
2023-05-10 20:00:00+00:00,20260124_203512_1ddb5484_StateSignal_SPY,0.0,0.0,1.0,1.0,0.0,0.0,0.0,0.0
2023-05-11 20:00:00+00:00,20260124_203512_1ddb5484_StateSignal_SPY,0.0,0.0,1.0,1.0,0.0,0.0,0.0,0.0
2023-05-12 20:00:00+00:00,20260124_203512_1ddb5484_StateSignal_SPY,0.0,0.0,1.0,1.0,0.0,0.0,0.0,-0.0
2023-05-15 20:00:00+00:00,20260124_203512_1ddb5484_StateSignal_SPY,0.0,0.0,1.0,1.0,0.0,0.0,0.0,0.0
2023-05-16 20:00:00+00:00,20260124_203512_1ddb5484_StateSignal_SPY,0.0,0.0,1.0,1.0,0.0,0.0,0.0,-0.0
2023-05-17 20:00:00+00:00,20260124_203512_1ddb5484_StateSignal_SPY,0.0,0.0,1.0,1.0,0.0,0.0,0.0,0.0
2023-05-18 20:00:00+00:00,20260124_203512_1ddb5484_StateSignal_SPY,0.0,0.0,1.0,1.0,0.0,0.0,0.0,0.0
2023-05-19 20:00:00+00:00,20260124_203512_1ddb5484_StateSignal_SPY,0.0,0.0,1.0,1.0,0.0,0.0,0.0,-0.0
2023-05-22 20:00:00+00:00,20260124_203512_1ddb5484_StateSignal_SPY,0.0,0.0,1.0,1.0,0.0,0.0,0.0,-0.0
2023-05-23 20:00:00+00:00,20260124_203512_1ddb5484_StateSignal_SPY,0.0,0.0,1.0,1.0,0.0,0.0,0.0,-0.0
2023-05-24 20:00:00+00:00,20260124_203512_1ddb5484_StateSignal_SPY,0.0,0.0,1.0,1.0,0.0,0.0,0.0,-0.0
2023-05-25 20:00:00+00:00,20260124_203512_1ddb5484_StateSignal_SPY,0.0,0.0,1.0,1.0,0.0,0.0,0.0,0.0
2023-05-26 20:00:00+00:00,20260124_203512_1ddb5484_StateSignal_SPY,0.0,0.0,1.0,1.0,0.0,0.0,0.0,0.0
2023-05-30 20:00:00+00:00,20260124_203512_1ddb5484_StateSignal_SPY,0.0,0.0,1.0,1.0,0.0,0.0,0.0,-0.0
2023-05-31 20:00:00+00:00,20260124_203512_1ddb5484_StateSignal_SPY,0.0,0.0,1.0,1.0,0.0,0.0,0.0,-0.0
2023-06-01 20:00:00+00:00,20260124_203512_1ddb5484_StateSignal_SPY,0.0,0.0,1.0,1.0,0.0,0.0,0.0,0.0
2023-06-02 20:00:00+00:00,20260124_203512_1ddb5484_StateSignal_SPY,0.0,0.0,1.0,1.0,0.0,0.0,0.0,0.0
2023-06-05 20:00:00+00:00,20260124_203512_1ddb5484_StateSignal_SPY,0.0,0.0,1.0,1.0,0.0,0.0,0.0,-0.0
2023-06-06 20:00:00+00:00,20260124_203512_1ddb5484_StateSignal_SPY,0.0,0.0,1.0,1.0,0.0,0.0,0.0,0.0
2023-06-07 20:00:00+00:00,20260124_203512_1ddb5484_StateSignal_SPY,0.0,0.0,1.0,1.0,0.0,0.0,0.0,-0.0
2023-06-08 20:00:00+00:00,20260124_203512_1ddb5484_StateSignal_SPY,0.0,0.0,1.0,1.0,0.0,0.0,0.0,0.0
2023-06-09 20:00:00+00:00,20260124_203512_1ddb5484_StateSignal_SPY,0.0,0.0,1.0,1.0,0.0,0.0,0.0,-0.0
2023-06-12 20:00:00+00:00,20260124_203512_1ddb5484_StateSignal_SPY,0.0,0.0,1.0,1.0,0.0,0.0,0.0,0.0
2023-06-13 20:00:00+00:00,20260124_203512_1ddb5484_StateSignal_SPY,0.0,0.0,1.0,1.0,0.0,0.0,0.0,0.0
2023-06-14 20:00:00+00:00,20260124_203512_1ddb5484_StateSignal_SPY,0.0,0.0,1.0,1.0,0.0,0.0,0.0,-0.0
2023-06-15 20:00:00+00:00,20260124_203512_1ddb5484_StateSignal_SPY,0.0,0.0,1.0,1.0,0.0,0.0,0.0,0.0
2023-06-16 20:00:00+00:00,20260124_203512_1ddb5484_StateSignal_SPY,0.0,0.0,1.0,1.0,0.0,0.0,0.0,-0.0
2023-06-20 20:00:00+00:00,20260124_203512_1ddb5484_StateSignal_SPY,0.0,0.0,1.0,1.0,0.0,0.0,0.0,-0.0
2023-06-21 20:00:00+00:00,20260124_203512_1ddb5484_StateSignal_SPY,0.0,0.0,1.0,1.0,0.0,0.0,0.0,-0.0
2023-06-22 20:00:00+00:00,20260124_203512_1ddb5484_StateSignal_SPY,0.0,0.0,1.0,1.0,0.0,0.0,0.0,0.0
2023-06-23 20:00:00+00:00,20260124_203512_1ddb5484_StateSignal_SPY,0.0,0.0,1.0,1.0,0.0,0.0,0.0,-0.0
2023-06-26 20:00:00+00:00,20260124_203512_1ddb5484_StateSignal_SPY,0.0,0.0,1.0,1.0,0.0,0.0,0.0,-0.0
2023-06-27 20:00:00+00:00,20260124_203512_1ddb5484_StateSignal_SPY,0.0,0.0,1.0,1.0,0.0,0.0,0.0,0.0
2023-06-28 20:00:00+00:00,20260124_203512_1ddb5484_StateSignal_SPY,0.0,0.0,1.0,1.0,0.0,0.0,0.0,0.0
2023-06-29 20:00:00+00:00,20260124_203512_1ddb5484_StateSignal_SPY,0.0,0.0,1.0,1.0,0.0,0.0,0.0,0.0
2023-06-30 20:00:00+00:00,20260124_203512_1ddb5484_StateSignal_SPY,0.0,0.0,1.0,1.0,0.0,0.0,0.0,0.0
2023-07-03 20:00:00+00:00,20260124_203512_1ddb5484_StateSignal_SPY,0.0,0.0,1.0,1.0,0.0,0.0,0.0,0.0
2023-07-05 20:00:00+00:00,20260124_203512_1ddb5484_StateSignal_SPY,0.0,0.0,1.0,1.0,0.0,0.0,0.0,0.0
2023-07-06 20:00:00+00:00,20260124_203512_1ddb5484_StateSignal_SPY,0.0,0.0,1.0,1.0,0.0,0.0,0.0,0.0
2023-07-07 20:00:00+00:00,20260124_203512_1ddb5484_StateSignal_SPY,0.0,0.0,1.0,1.0,0.0,0.0,0.0,-0.0
2023-07-10 20:00:00+00:00,20260124_203512_1ddb5484_StateSignal_SPY,0.0,0.0,1.0,1.0,0.0,0.0,0.0,0.0
2023-07-11 20:00:00+00:00,20260124_203512_1ddb5484_StateSignal_SPY,0.0,0.0,1.0,1.0,0.0,0.0,0.0,0.0
2023-07-12 20:00:00+00:00,20260124_203512_1ddb5484_StateSignal_SPY,0.0,0.0,1.0,1.0,0.0,0.0,0.0,-0.0
2023-07-13 20:00:00+00:00,20260124_203512_1ddb5484_StateSignal_SPY,0.0,0.0,1.0,1.0,0.0,0.0,0.0,0.0
2023-07-14 20:00:00+00:00,20260124_203512_1ddb5484_StateSignal_SPY,0.0,0.0,1.0,1.0,0.0,0.0,0.0,-0.0
2023-07-17 20:00:00+00:00,20260124_203512_1ddb5484_StateSignal_SPY,0.0,0.0,1.0,1.0,0.0,0.0,0.0,0.0
2023-07-18 20:00:00+00:00,20260124_203512_1ddb5484_StateSignal_SPY,0.0,0.0,1.0,1.0,0.0,0.0,0.0,0.0
2023-07-19 20:00:00+00:00,20260124_203512_1ddb5484_StateSignal_SPY,0.0,0.0,1.0,1.0,0.0,0.0,0.0,-0.0
2023-07-20 20:00:00+00:00,20260124_203512_1ddb5484_StateSignal_SPY,0.0,0.0,1.0,1.0,0.0,0.0,0.0,-0.0
2023-07-21 20:00:00+00:00,20260124_203512_1ddb5484_StateSignal_SPY,0.0,0.0,1.0,1.0,0.0,0.0,0.0,-0.0
2023-07-24 20:00:00+00:00,20260124_203512_1ddb5484_StateSignal_SPY,0.0,0.0,1.0,1.0,0.0,0.0,0.0,-0.0
2023-07-25 20:00:00+00:00,20260124_203512_1ddb5484_StateSignal_SPY,0.0,0.0,1.0,1.0,0.0,0.0,0.0,0.0
2023-07-26 20:00:00+00:00,20260124_203512_1ddb5484_StateSignal_SPY,0.0,0.0,1.0,1.0,0.0,0.0,0.0,0.0
2023-07-27 20:00:00+00:00,20260124_203512_1ddb5484_StateSignal_SPY,0.0,0.0,1.0,1.0,0.0,0.0,0.0,-0.0
2023-07-28 20:00:00+00:00,20260124_203512_1ddb5484_StateSignal_SPY,0.0,0.0,1.0,1.0,0.0,0.0,0.0,0.0
2023-07-31 20:00:00+00:00,20260124_203512_1ddb5484_StateSignal_SPY,0.0,0.0,1.0,1.0,0.0,0.0,0.0,-0.0
2023-08-01 20:00:00+00:00,20260124_203512_1ddb5484_StateSignal_SPY,0.0,0.0,1.0,1.0,0.0,0.0,0.0,-0.0
2023-08-02 20:00:00+00:00,20260124_203512_1ddb5484_StateSignal_SPY,0.0,0.0,1.0,1.0,0.0,0.0,0.0,-0.0
2023-08-03 20:00:00+00:00,20260124_203512_1ddb5484_StateSignal_SPY,0.0,0.0,1.0,1.0,0.0,0.0,0.0,0.0
2023-08-04 20:00:00+00:00,20260124_203512_1ddb5484_StateSignal_SPY,0.0,0.0,1.0,1.0,0.0,0.0,0.0,-0.0
2023-08-07 20:00:00+00:00,20260124_203512_1ddb5484_StateSignal_SPY,0.0,0.0,1.0,1.0,0.0,0.0,0.0,0.0
2023-08-08 20:00:00+00:00,20260124_203512_1ddb5484_StateSignal_SPY,0.0,0.0,1.0,1.0,0.0,0.0,0.0,0.0
2023-08-09 20:00:00+00:00,20260124_203512_1ddb5484_StateSignal_SPY,0.0,0.0,1.0,1.0,0.0,0.0,0.0,-0.0
2023-08-10 20:00:00+00:00,20260124_203512_1ddb5484_StateSignal_SPY,0.0,0.0,1.0,1.0,0.0,0.0,0.0,-0.0
2023-08-11 20:00:00+00:00,20260124_203512_1ddb5484_StateSignal_SPY,0.0,0.0,1.0,1.0,0.0,0.0,0.0,-0.0
2023-08-14 20:00:00+00:00,20260124_203512_1ddb5484_StateSignal_SPY,0.0,0.0,1.0,1.0,0.0,0.0,0.0,0.0
2023-08-15 20:00:00+00:00,20260124_203512_1ddb5484_StateSignal_SPY,0.0,0.0,1.0,1.0,0.0,0.0,0.0,-0.0
2023-08-16 20:00:00+00:00,20260124_203512_1ddb5484_StateSignal_SPY,0.0,0.0,1.0,1.0,0.0,0.0,0.0,-0.0
2023-08-17 20:00:00+00:00,20260124_203512_1ddb5484_StateSignal_SPY,0.0,0.0,1.0,1.0,0.0,0.0,0.0,-0.0
2023-08-18 20:00:00+00:00,20260124_203512_1ddb5484_StateSignal_SPY,0.0,0.0,1.0,1.0,0.0,0.0,0.0,0.0
2023-08-21 20:00:00+00:00,20260124_203512_1ddb5484_StateSignal_SPY,0.0,0.0,1.0,1.0,0.0,0.0,0.0,0.0
2023-08-22 20:00:00+00:00,20260124_203512_1ddb5484_StateSignal_SPY,0.0,0.0,1.0,1.0,0.0,0.0,0.0,-0.0
2023-08-23 20:00:00+00:00,20260124_203512_1ddb5484_StateSignal_SPY,0.0,0.0,1.0,1.0,0.0,0.0,0.0,0.0
2023-08-24 20:00:00+00:00,20260124_203512_1ddb5484_StateSignal_SPY,0.0,0.0,1.0,1.0,0.0,0.0,0.0,-0.0
2023-08-25 20:00:00+00:00,20260124_203512_1ddb5484_StateSignal_SPY,0.0,0.0,1.0,1.0,0.0,0.0,0.0,0.0
2023-08-28 20:00:00+00:00,20260124_203512_1ddb5484_StateSignal_SPY,0.0,0.0,1.0,1.0,0.0,0.0,0.0,0.0
2023-08-29 20:00:00+00:00,20260124_203512_1ddb5484_StateSignal_SPY,0.0,0.0,1.0,1.0,0.0,0.0,0.0,0.0
2023-08-30 20:00:00+00:00,20260124_203512_1ddb5484_StateSignal_SPY,0.0,0.0,1.0,1.0,0.0,0.0,0.0,0.0
2023-08-31 20:00:00+00:00,20260124_203512_1ddb5484_StateSignal_SPY,0.0,0.0,1.0,1.0,0.0,0.0,0.0,-0.0
2023-09-01 20:00:00+00:00,20260124_203512_1ddb5484_StateSignal_SPY,0.0,0.0,1.0,1.0,0.0,0.0,0.0,-0.0
2023-09-05 20:00:00+00:00,20260124_203512_1ddb5484_StateSignal_SPY,0.0,0.0,1.0,1.0,0.0,0.0,0.0,-0.0
2023-09-06 20:00:00+00:00,20260124_203512_1ddb5484_StateSignal_SPY,0.0,0.0,1.0,1.0,0.0,0.0,0.0,-0.0
2023-09-07 20:00:00+00:00,20260124_203512_1ddb5484_StateSignal_SPY,0.0,0.0,1.0,1.0,0.0,0.0,0.0,0.0
2023-09-08 20:00:00+00:00,20260124_203512_1ddb5484_StateSignal_SPY,0.0,0.0,1.0,1.0,0.0,0.0,0.0,-0.0
2023-09-11 20:00:00+00:00,20260124_203512_1ddb5484_StateSignal_SPY,0.0,0.0,1.0,1.0,0.0,0.0,0.0,0.0
2023-09-12 20:00:00+00:00,20260124_203512_1ddb5484_StateSignal_SPY,0.0,0.0,1.0,1.0,0.0,0.0,0.0,-0.0
2023-09-13 20:00:00+00:00,20260124_203512_1ddb5484_StateSignal_SPY,0.0,0.0,1.0,1.0,0.0,0.0,0.0,-0.0
2023-09-14 20:00:00+00:00,20260124_203512_1ddb5484_StateSignal_SPY,0.0,0.0,1.0,1.0,0.0,0.0,0.0,0.0
2023-09-15 20:00:00+00:00,20260124_203512_1ddb5484_StateSignal_SPY,0.0,0.0,1.0,1.0,0.0,0.0,0.0,-0.0
2023-09-18 20:00:00+00:00,20260124_203512_1ddb5484_StateSignal_SPY,0.0,0.0,1.0,1.0,0.0,0.0,0.0,0.0
2023-09-19 20:00:00+00:00,20260124_203512_1ddb5484_StateSignal_SPY,0.0,0.0,1.0,1.0,0.0,0.0,0.0,-0.0
2023-09-20 20:00:00+00:00,20260124_203512_1ddb5484_StateSignal_SPY,0.0,0.0,1.0,1.0,0.0,0.0,0.0,-0.0
2023-09-21 20:00:00+00:00,20260124_203512_1ddb5484_StateSignal_SPY,0.0,0.0,1.0,1.0,0.0,0.0,0.0,-0.0
2023-09-22 20:00:00+00:00,20260124_203512_1ddb5484_StateSignal_SPY,0.0,0.0,1.0,1.0,0.0,0.0,0.0,-0.0
2023-09-25 20:00:00+00:00,20260124_203512_1ddb5484_StateSignal_SPY,0.0,0.0,1.0,1.0,0.0,0.0,0.0,0.0
2023-09-26 20:00:00+00:00,20260124_203512_1ddb5484_StateSignal_SPY,0.0,0.0,1.0,1.0,0.0,0.0,0.0,-0.0
2023-09-27 20:00:00+00:00,20260124_203512_1ddb5484_StateSignal_SPY,0.0,0.0,1.0,1.0,0.0,0.0,0.0,-0.0
2023-09-28 20:00:00+00:00,20260124_203512_1ddb5484_StateSignal_SPY,0.0,0.0,1.0,1.0,0.0,0.0,0.0,0.0
2023-09-29 20:00:00+00:00,20260124_203512_1ddb5484_StateSignal_SPY,0.0,0.0,1.0,1.0,0.0,0.0,0.0,-0.0
2023-10-02 20:00:00+00:00,20260124_203512_1ddb5484_StateSignal_SPY,0.0,0.0,1.0,1.0,0.0,0.0,0.0,-0.0
2023-10-03 20:00:00+00:00,20260124_203512_1ddb5484_StateSignal_SPY,0.0,0.0,1.0,1.0,0.0,0.0,0.0,-0.0
2023-10-04 20:00:00+00:00,20260124_203512_1ddb5484_StateSignal_SPY,0.0,0.0,1.0,1.0,0.0,0.0,0.0,0.0
2023-10-05 20:00:00+00:00,20260124_203512_1ddb5484_StateSignal_SPY,0.0,0.0,1.0,1.0,0.0,0.0,0.0,0.0
2023-10-06 20:00:00+00:00,20260124_203512_1ddb5484_StateSignal_SPY,0.0,0.0,1.0,1.0,0.0,0.0,0.0,0.0
2023-10-09 20:00:00+00:00,20260124_203512_1ddb5484_StateSignal_SPY,0.0,0.0,1.0,1.0,0.0,0.0,0.0,0.0
2023-10-10 20:00:00+00:00,20260124_203512_1ddb5484_StateSignal_SPY,0.0,0.0,1.0,1.0,0.0,0.0,0.0,0.0
2023-10-11 20:00:00+00:00,20260124_203512_1ddb5484_StateSignal_SPY,0.0,0.0,1.0,1.0,0.0,0.0,0.0,0.0
2023-10-12 20:00:00+00:00,20260124_203512_1ddb5484_StateSignal_SPY,0.0,0.0,1.0,1.0,0.0,0.0,0.0,-0.0
2023-10-13 20:00:00+00:00,20260124_203512_1ddb5484_StateSignal_SPY,0.0,0.0,1.0,1.0,0.0,0.0,0.0,-0.0
2023-10-16 20:00:00+00:00,20260124_203512_1ddb5484_StateSignal_SPY,0.0,0.0,1.0,1.0,0.0,0.0,0.0,0.0
2023-10-17 20:00:00+00:00,20260124_203512_1ddb5484_StateSignal_SPY,0.0,0.0,1.0,1.0,0.0,0.0,0.0,0.0
2023-10-18 20:00:00+00:00,20260124_203512_1ddb5484_StateSignal_SPY,0.0,0.0,1.0,1.0,0.0,0.0,0.0,-0.0
2023-10-19 20:00:00+00:00,20260124_203512_1ddb5484_StateSignal_SPY,0.0,0.0,1.0,1.0,0.0,0.0,0.0,-0.0
2023-10-20 20:00:00+00:00,20260124_203512_1ddb5484_StateSignal_SPY,0.0,0.0,1.0,1.0,0.0,0.0,0.0,-0.0
2023-10-23 20:00:00+00:00,20260124_203512_1ddb5484_StateSignal_SPY,0.0,0.0,1.0,1.0,0.0,0.0,0.0,0.0
2023-10-24 20:00:00+00:00,20260124_203512_1ddb5484_StateSignal_SPY,0.0,0.0,1.0,1.0,0.0,0.0,0.0,0.0
2023-10-25 20:00:00+00:00,20260124_203512_1ddb5484_StateSignal_SPY,0.0,0.0,1.0,1.0,0.0,0.0,0.0,-0.0
2023-10-26 20:00:00+00:00,20260124_203512_1ddb5484_StateSignal_SPY,0.0,0.0,1.0,1.0,0.0,0.0,0.0,-0.0
2023-10-27 20:00:00+00:00,20260124_203512_1ddb5484_StateSignal_SPY,0.0,0.0,1.0,1.0,0.0,0.0,0.0,-0.0
2023-10-30 20:00:00+00:00,20260124_203512_1ddb5484_StateSignal_SPY,0.0,0.0,1.0,1.0,0.0,0.0,0.0,0.0
2023-10-31 20:00:00+00:00,20260124_203512_1ddb5484_StateSignal_SPY,0.0,0.0,1.0,1.0,0.0,0.0,0.0,0.0
2023-11-01 20:00:00+00:00,20260124_203512_1ddb5484_StateSignal_SPY,0.0,0.0,1.0,1.0,0.0,0.0,0.0,0.0
2023-11-02 20:00:00+00:00,20260124_203512_1ddb5484_StateSignal_SPY,0.0,0.0,1.0,1.0,0.0,0.0,0.0,0.0
2023-11-03 20:00:00+00:00,20260124_203512_1ddb5484_StateSignal_SPY,0.0,0.0,1.0,1.0,0.0,0.0,0.0,0.0
2023-11-06 21:00:00+00:00,20260124_203512_1ddb5484_StateSignal_SPY,0.0,0.0,1.0,1.0,0.0,0.0,0.0,0.0
2023-11-07 21:00:00+00:00,20260124_203512_1ddb5484_StateSignal_SPY,0.0,0.0,1.0,1.0,0.0,0.0,0.0,0.0
2023-11-08 21:00:00+00:00,20260124_203512_1ddb5484_StateSignal_SPY,0.0,0.0,1.0,1.0,0.0,0.0,0.0,-0.0
2023-11-09 21:00:00+00:00,20260124_203512_1ddb5484_StateSignal_SPY,0.0,0.0,1.0,1.0,0.0,0.0,0.0,-0.0
2023-11-10 21:00:00+00:00,20260124_203512_1ddb5484_StateSignal_SPY,0.0,0.0,1.0,1.0,0.0,0.0,0.0,0.0
2023-11-13 21:00:00+00:00,20260124_203512_1ddb5484_StateSignal_SPY,0.0,0.0,1.0,1.0,0.0,0.0,0.0,0.0
2023-11-14 21:00:00+00:00,20260124_203512_1ddb5484_StateSignal_SPY,0.0,0.0,1.0,1.0,0.0,0.0,0.0,0.0
2023-11-15 21:00:00+00:00,20260124_203512_1ddb5484_StateSignal_SPY,0.0,0.0,1.0,1.0,0.0,0.0,0.0,-0.0
2023-11-16 21:00:00+00:00,20260124_203512_1ddb5484_StateSignal_SPY,0.0,0.0,1.0,1.0,0.0,0.0,0.0,0.0
2023-11-17 21:00:00+00:00,20260124_203512_1ddb5484_StateSignal_SPY,0.0,0.0,1.0,1.0,0.0,0.0,0.0,0.0
2023-11-20 21:00:00+00:00,20260124_203512_1ddb5484_StateSignal_SPY,0.0,0.0,1.0,1.0,0.0,0.0,0.0,0.0
2023-11-21 21:00:00+00:00,20260124_203512_1ddb5484_StateSignal_SPY,0.0,0.0,1.0,1.0,0.0,0.0,0.0,0.0
2023-11-22 21:00:00+00:00,20260124_203512_1ddb5484_StateSignal_SPY,0.0,0.0,1.0,1.0,0.0,0.0,0.0,-0.0
2023-11-24 21:00:00+00:00,20260124_203512_1ddb5484_StateSignal_SPY,0.0,0.0,1.0,1.0,0.0,0.0,0.0,0.0
2023-11-27 21:00:00+00:00,20260124_203512_1ddb5484_StateSignal_SPY,0.0,0.0,1.0,1.0,0.0,0.0,0.0,0.0
2023-11-28 21:00:00+00:00,20260124_203512_1ddb5484_StateSignal_SPY,0.0,0.0,1.0,1.0,0.0,0.0,0.0,0.0
2023-11-29 21:00:00+00:00,20260124_203512_1ddb5484_StateSignal_SPY,0.0,0.0,1.0,1.0,0.0,0.0,0.0,-0.0
2023-11-30 21:00:00+00:00,20260124_203512_1ddb5484_StateSignal_SPY,0.0,0.0,1.0,1.0,0.0,0.0,0.0,0.0
2023-12-01 21:00:00+00:00,20260124_203512_1ddb5484_StateSignal_SPY,0.0,0.0,1.0,1.0,0.0,0.0,0.0,0.0
2023-12-04 21:00:00+00:00,20260124_203512_1ddb5484_StateSignal_SPY,0.0,0.0,1.0,1.0,0.0,0.0,0.0,0.0
2023-12-05 21:00:00+00:00,20260124_203512_1ddb5484_StateSignal_SPY,0.0,0.0,1.0,1.0,0.0,0.0,0.0,0.0
2023-12-06 21:00:00+00:00,20260124_203512_1ddb5484_StateSignal_SPY,0.0,0.0,1.0,1.0,0.0,0.0,0.0,-0.0
2023-12-07 21:00:00+00:00,20260124_203512_1ddb5484_StateSignal_SPY,0.0,0.0,1.0,1.0,0.0,0.0,0.0,0.0
2023-12-08 21:00:00+00:00,20260124_203512_1ddb5484_StateSignal_SPY,0.0,0.0,1.0,1.0,0.0,0.0,0.0,0.0
2023-12-11 21:00:00+00:00,20260124_203512_1ddb5484_StateSignal_SPY,0.0,0.0,1.0,1.0,0.0,0.0,0.0,0.0
2023-12-12 21:00:00+00:00,20260124_203512_1ddb5484_StateSignal_SPY,0.0,0.0,1.0,1.0,0.0,0.0,0.0,0.0
2023-12-13 21:00:00+00:00,20260124_203512_1ddb5484_StateSignal_SPY,0.0,0.0,1.0,1.0,0.0,0.0,0.0,0.0
2023-12-14 21:00:00+00:00,20260124_203512_1ddb5484_StateSignal_SPY,0.0,0.0,1.0,1.0,0.0,0.0,0.0,0.0
2023-12-15 21:00:00+00:00,20260124_203512_1ddb5484_StateSignal_SPY,0.0,0.0,1.0,1.0,0.0,0.0,0.0,-0.0
2023-12-18 21:00:00+00:00,20260124_203512_1ddb5484_StateSignal_SPY,0.0,0.0,1.0,1.0,0.0,0.0,0.0,0.0
2023-12-19 21:00:00+00:00,20260124_203512_1ddb5484_StateSignal_SPY,0.0,0.0,1.0,1.0,0.0,0.0,0.0,0.0
2023-12-20 21:00:00+00:00,20260124_203512_1ddb5484_StateSignal_SPY,0.0,0.0,1.0,1.0,0.0,0.0,0.0,-0.0
2023-12-21 21:00:00+00:00,20260124_203512_1ddb5484_StateSignal_SPY,0.0,0.0,1.0,1.0,0.0,0.0,0.0,0.0
2023-12-22 21:00:00+00:00,20260124_203512_1ddb5484_StateSignal_SPY,0.0,0.0,1.0,1.0,0.0,0.0,0.0,-0.0
2023-12-26 21:00:00+00:00,20260124_203512_1ddb5484_StateSignal_SPY,0.0,0.0,1.0,1.0,0.0,0.0,0.0,0.0
2023-12-27 21:00:00+00:00,20260124_203512_1ddb5484_StateSignal_SPY,0.0,0.0,1.0,1.0,0.0,0.0,0.0,0.0
2023-12-28 21:00:00+00:00,20260124_203512_1ddb5484_StateSignal_SPY,0.0,0.0,1.0,1.0,0.0,0.0,0.0,-0.0
2023-12-29 21:00:00+00:00,20260124_203512_1ddb5484_StateSignal_SPY,0.0,0.0,1.0,1.0,0.0,0.0,0.0,-0.0
2024-01-02 21:00:00+00:00,20260124_203512_1ddb5484_StateSignal_SPY,0.0,0.0,1.0,1.0,0.0,0.0,0.0,0.0
2024-01-03 21:00:00+00:00,20260124_203512_1ddb5484_StateSignal_SPY,0.0,0.0,1.0,1.0,0.0,0.0,0.0,-0.0
2024-01-04 21:00:00+00:00,20260124_203512_1ddb5484_StateSignal_SPY,0.0,0.0,1.0,1.0,0.0,0.0,0.0,-0.0
2024-01-05 21:00:00+00:00,20260124_203512_1ddb5484_StateSignal_SPY,0.0,0.0,1.0,1.0,0.0,0.0,0.0,-0.0
2024-01-08 21:00:00+00:00,20260124_203512_1ddb5484_StateSignal_SPY,0.0,0.0,1.0,1.0,0.0,0.0,0.0,0.0
2024-01-09 21:00:00+00:00,20260124_203512_1ddb5484_StateSignal_SPY,0.0,0.0,1.0,1.0,0.0,0.0,0.0,0.0
2024-01-10 21:00:00+00:00,20260124_203512_1ddb5484_StateSignal_SPY,0.0,0.0,1.0,1.0,0.0,0.0,0.0,0.0
2024-01-11 21:00:00+00:00,20260124_203512_1ddb5484_StateSignal_SPY,0.0,0.0,1.0,1.0,0.0,0.0,0.0,-0.0
2024-01-12 21:00:00+00:00,20260124_203512_1ddb5484_StateSignal_SPY,0.0,0.0,1.0,1.0,0.0,0.0,0.0,-0.0
2024-01-16 21:00:00+00:00,20260124_203512_1ddb5484_StateSignal_SPY,0.0,0.0,1.0,1.0,0.0,0.0,0.0,0.0
2024-01-17 21:00:00+00:00,20260124_203512_1ddb5484_StateSignal_SPY,0.0020632669910366735,0.0020632669910366735,1.0020632669910368,1.0020632669910368,0.0,0.0,1.0,0.0020632669910366735
2024-01-18 21:00:00+00:00,20260124_203512_1ddb5484_StateSignal_SPY,0.005563476635043858,0.005563476635043858,1.0076382225637772,1.0076382225637772,0.0,0.0,1.0,0.005563476635043858
2024-01-19 21:00:00+00:00,20260124_203512_1ddb5484_StateSignal_SPY,0.011255391393454517,0.011255391393454517,1.0189795851417374,1.0189795851417374,0.0,0.0,1.0,0.011255391393454517
2024-01-22 21:00:00+00:00,20260124_203512_1ddb5484_StateSignal_SPY,-0.002117254289690393,-0.002117254289690393,1.016822146243989,1.016822146243989,0.0,0.0,1.0,-0.002117254289690393
2024-01-23 21:00:00+00:00,20260124_203512_1ddb5484_StateSignal_SPY,0.002094596075182668,0.002094596075182668,1.0189519779206704,1.0189519779206704,0.0,0.0,1.0,0.002094596075182668
2024-01-24 21:00:00+00:00,20260124_203512_1ddb5484_StateSignal_SPY,0.001246211362400744,0.001246211362400744,1.0202218074532958,1.0202218074532958,0.0,0.0,1.0,0.001246211362400744
2024-01-25 21:00:00+00:00,20260124_203512_1ddb5484_StateSignal_SPY,0.0021649807197252294,0.0021649807197252294,1.0224305679962755,1.0224305679962755,0.0,0.0,1.0,0.0021649807197252294
2024-01-26 21:00:00+00:00,20260124_203512_1ddb5484_StateSignal_SPY,-0.0007984535640200402,-0.0007984535640200402,1.0216142046652958,1.0216142046652958,0.0,0.0,1.0,-0.0007984535640200402
2024-01-29 21:00:00+00:00,20260124_203512_1ddb5484_StateSignal_SPY,0.006907116645585335,0.006907116645585335,1.028670613143706,1.028670613143706,0.0,0.0,1.0,0.006907116645585335
2024-01-30 21:00:00+00:00,20260124_203512_1ddb5484_StateSignal_SPY,-0.00020871162390792133,-0.00020871162390792133,1.0284559176295704,1.0284559176295704,0.0,0.0,1.0,-0.00020871162390792133
2024-01-31 21:00:00+00:00,20260124_203512_1ddb5484_StateSignal_SPY,-0.010510638961674385,-0.010510638961674385,1.0176461887913686,1.0176461887913686,0.0,0.0,1.0,-0.010510638961674385
2024-02-01 21:00:00+00:00,20260124_203512_1ddb5484_StateSignal_SPY,0.012901228730201527,0.012901228730201527,1.0307750750393838,1.0307750750393838,0.0,0.0,1.0,0.012901228730201527
2024-02-02 21:00:00+00:00,20260124_203512_1ddb5484_StateSignal_SPY,0.008326616105286675,0.008326616105286675,1.0393579433801348,1.0393579433801348,0.0,0.0,1.0,0.008326616105286675
2024-02-05 21:00:00+00:00,20260124_203512_1ddb5484_StateSignal_SPY,-0.003530343825305521,-0.003530343825305521,1.0356886524824405,1.0356886524824405,0.0,0.0,1.0,-0.003530343825305521
2024-02-06 21:00:00+00:00,20260124_203512_1ddb5484_StateSignal_SPY,-0.0002903600484980512,-0.0002903600484980512,1.0353879298750768,1.0353879298750768,0.0,0.0,1.0,-0.0002903600484980512
2024-02-07 21:00:00+00:00,20260124_203512_1ddb5484_StateSignal_SPY,0.0049707734843936905,0.0049707734843936905,1.0405346087429612,1.0405346087429612,0.0,0.0,1.0,0.0049707734843936905
2024-02-08 21:00:00+00:00,20260124_203512_1ddb5484_StateSignal_SPY,0.0,0.0,1.0405346087429612,1.0405346087429612,0.0,0.0,0.0,0.0
2024-02-09 21:00:00+00:00,20260124_203512_1ddb5484_StateSignal_SPY,0.0,0.0,1.0405346087429612,1.0405346087429612,0.0,0.0,0.0,0.0
2024-02-12 21:00:00+00:00,20260124_203512_1ddb5484_StateSignal_SPY,0.0,0.0,1.0405346087429612,1.0405346087429612,0.0,0.0,0.0,-0.0
2024-02-13 21:00:00+00:00,20260124_203512_1ddb5484_StateSignal_SPY,0.0,0.0,1.0405346087429612,1.0405346087429612,0.0,0.0,0.0,-0.0
2024-02-14 21:00:00+00:00,20260124_203512_1ddb5484_StateSignal_SPY,0.0,0.0,1.0405346087429612,1.0405346087429612,0.0,0.0,0.0,0.0
2024-02-15 21:00:00+00:00,20260124_203512_1ddb5484_StateSignal_SPY,0.0,0.0,1.0405346087429612,1.0405346087429612,0.0,0.0,0.0,0.0
2024-02-16 21:00:00+00:00,20260124_203512_1ddb5484_StateSignal_SPY,0.0,0.0,1.0405346087429612,1.0405346087429612,0.0,0.0,0.0,-0.0
2024-02-20 21:00:00+00:00,20260124_203512_1ddb5484_StateSignal_SPY,0.0,0.0,1.0405346087429612,1.0405346087429612,0.0,0.0,0.0,-0.0
2024-02-21 21:00:00+00:00,20260124_203512_1ddb5484_StateSignal_SPY,0.0,0.0,1.0405346087429612,1.0405346087429612,0.0,0.0,0.0,0.0
2024-02-22 21:00:00+00:00,20260124_203512_1ddb5484_StateSignal_SPY,0.0,0.0,1.0405346087429612,1.0405346087429612,0.0,0.0,0.0,0.0
2024-02-23 21:00:00+00:00,20260124_203512_1ddb5484_StateSignal_SPY,0.0,0.0,1.0405346087429612,1.0405346087429612,0.0,0.0,0.0,-0.0
2024-02-26 21:00:00+00:00,20260124_203512_1ddb5484_StateSignal_SPY,0.0,0.0,1.0405346087429612,1.0405346087429612,0.0,0.0,0.0,-0.0
2024-02-27 21:00:00+00:00,20260124_203512_1ddb5484_StateSignal_SPY,0.0,0.0,1.0405346087429612,1.0405346087429612,0.0,0.0,0.0,0.0
2024-02-28 21:00:00+00:00,20260124_203512_1ddb5484_StateSignal_SPY,0.0,0.0,1.0405346087429612,1.0405346087429612,0.0,0.0,0.0,0.0
2024-02-29 21:00:00+00:00,20260124_203512_1ddb5484_StateSignal_SPY,0.0,0.0,1.0405346087429612,1.0405346087429612,0.0,0.0,0.0,-0.0
2024-03-01 21:00:00+00:00,20260124_203512_1ddb5484_StateSignal_SPY,0.0,0.0,1.0405346087429612,1.0405346087429612,0.0,0.0,0.0,0.0
2024-03-04 21:00:00+00:00,20260124_203512_1ddb5484_StateSignal_SPY,0.0,0.0,1.0405346087429612,1.0405346087429612,0.0,0.0,0.0,-0.0
2024-03-05 21:00:00+00:00,20260124_203512_1ddb5484_StateSignal_SPY,0.0,0.0,1.0405346087429612,1.0405346087429612,0.0,0.0,0.0,-0.0
2024-03-06 21:00:00+00:00,20260124_203512_1ddb5484_StateSignal_SPY,0.0,0.0,1.0405346087429612,1.0405346087429612,0.0,0.0,0.0,-0.0
2024-03-07 21:00:00+00:00,20260124_203512_1ddb5484_StateSignal_SPY,0.0,0.0,1.0405346087429612,1.0405346087429612,0.0,0.0,0.0,0.0
2024-03-08 21:00:00+00:00,20260124_203512_1ddb5484_StateSignal_SPY,0.0,0.0,1.0405346087429612,1.0405346087429612,0.0,0.0,0.0,-0.0
2024-03-11 20:00:00+00:00,20260124_203512_1ddb5484_StateSignal_SPY,0.0,0.0,1.0405346087429612,1.0405346087429612,0.0,0.0,0.0,-0.0
2024-03-12 20:00:00+00:00,20260124_203512_1ddb5484_StateSignal_SPY,0.0,0.0,1.0405346087429612,1.0405346087429612,0.0,0.0,0.0,0.0
2024-03-13 20:00:00+00:00,20260124_203512_1ddb5484_StateSignal_SPY,0.0,0.0,1.0405346087429612,1.0405346087429612,0.0,0.0,0.0,-0.0
2024-03-14 20:00:00+00:00,20260124_203512_1ddb5484_StateSignal_SPY,0.0,0.0,1.0405346087429612,1.0405346087429612,0.0,0.0,0.0,-0.0
2024-03-15 20:00:00+00:00,20260124_203512_1ddb5484_StateSignal_SPY,0.0,0.0,1.0405346087429612,1.0405346087429612,0.0,0.0,0.0,-0.0
2024-03-18 20:00:00+00:00,20260124_203512_1ddb5484_StateSignal_SPY,0.0,0.0,1.0405346087429612,1.0405346087429612,0.0,0.0,0.0,-0.0
2024-03-19 20:00:00+00:00,20260124_203512_1ddb5484_StateSignal_SPY,0.0,0.0,1.0405346087429612,1.0405346087429612,0.0,0.0,0.0,0.0
2024-03-20 20:00:00+00:00,20260124_203512_1ddb5484_StateSignal_SPY,0.0,0.0,1.0405346087429612,1.0405346087429612,0.0,0.0,0.0,0.0
2024-03-21 20:00:00+00:00,20260124_203512_1ddb5484_StateSignal_SPY,0.0,0.0,1.0405346087429612,1.0405346087429612,0.0,0.0,0.0,-0.0
2024-03-22 20:00:00+00:00,20260124_203512_1ddb5484_StateSignal_SPY,0.0,0.0,1.0405346087429612,1.0405346087429612,0.0,0.0,0.0,-0.0
2024-03-25 20:00:00+00:00,20260124_203512_1ddb5484_StateSignal_SPY,0.0,0.0,1.0405346087429612,1.0405346087429612,0.0,0.0,0.0,0.0
2024-03-26 20:00:00+00:00,20260124_203512_1ddb5484_StateSignal_SPY,0.0,0.0,1.0405346087429612,1.0405346087429612,0.0,0.0,0.0,-0.0
2024-03-27 20:00:00+00:00,20260124_203512_1ddb5484_StateSignal_SPY,0.0,0.0,1.0405346087429612,1.0405346087429612,0.0,0.0,0.0,0.0
2024-03-28 20:00:00+00:00,20260124_203512_1ddb5484_StateSignal_SPY,0.0,0.0,1.0405346087429612,1.0405346087429612,0.0,0.0,0.0,-0.0
2024-04-01 20:00:00+00:00,20260124_203512_1ddb5484_StateSignal_SPY,0.0,0.0,1.0405346087429612,1.0405346087429612,0.0,0.0,0.0,-0.0
2024-04-02 20:00:00+00:00,20260124_203512_1ddb5484_StateSignal_SPY,0.0,0.0,1.0405346087429612,1.0405346087429612,0.0,0.0,0.0,0.0
2024-04-03 20:00:00+00:00,20260124_203512_1ddb5484_StateSignal_SPY,0.0,0.0,1.0405346087429612,1.0405346087429612,0.0,0.0,0.0,0.0
2024-04-04 20:00:00+00:00,20260124_203512_1ddb5484_StateSignal_SPY,0.0,0.0,1.0405346087429612,1.0405346087429612,0.0,0.0,0.0,-0.0
2024-04-05 20:00:00+00:00,20260124_203512_1ddb5484_StateSignal_SPY,0.0,0.0,1.0405346087429612,1.0405346087429612,0.0,0.0,0.0,0.0
2024-04-08 20:00:00+00:00,20260124_203512_1ddb5484_StateSignal_SPY,0.0,0.0,1.0405346087429612,1.0405346087429612,0.0,0.0,0.0,0.0
2024-04-09 20:00:00+00:00,20260124_203512_1ddb5484_StateSignal_SPY,0.0,0.0,1.0405346087429612,1.0405346087429612,0.0,0.0,0.0,-0.0
2024-04-10 20:00:00+00:00,20260124_203512_1ddb5484_StateSignal_SPY,0.0,0.0,1.0405346087429612,1.0405346087429612,0.0,0.0,0.0,-0.0
2024-04-11 20:00:00+00:00,20260124_203512_1ddb5484_StateSignal_SPY,0.0,0.0,1.0405346087429612,1.0405346087429612,0.0,0.0,0.0,0.0
2024-04-12 20:00:00+00:00,20260124_203512_1ddb5484_StateSignal_SPY,0.0,0.0,1.0405346087429612,1.0405346087429612,0.0,0.0,0.0,-0.0
2024-04-15 20:00:00+00:00,20260124_203512_1ddb5484_StateSignal_SPY,0.0,0.0,1.0405346087429612,1.0405346087429612,0.0,0.0,0.0,-0.0
2024-04-16 20:00:00+00:00,20260124_203512_1ddb5484_StateSignal_SPY,0.0,0.0,1.0405346087429612,1.0405346087429612,0.0,0.0,0.0,-0.0
2024-04-17 20:00:00+00:00,20260124_203512_1ddb5484_StateSignal_SPY,-0.010819035613740374,-0.010819035613740374,1.0292770277536416,1.0292770277536416,0.0,0.0,1.0,-0.010819035613740374
2024-04-18 20:00:00+00:00,20260124_203512_1ddb5484_StateSignal_SPY,0.0,0.0,1.0292770277536416,1.0292770277536416,0.0,0.0,0.0,-0.0
2024-04-19 20:00:00+00:00,20260124_203512_1ddb5484_StateSignal_SPY,0.0,0.0,1.0292770277536416,1.0292770277536416,0.0,0.0,0.0,-0.0
2024-04-22 20:00:00+00:00,20260124_203512_1ddb5484_StateSignal_SPY,0.0,0.0,1.0292770277536416,1.0292770277536416,0.0,0.0,0.0,0.0
2024-04-23 20:00:00+00:00,20260124_203512_1ddb5484_StateSignal_SPY,0.0,0.0,1.0292770277536416,1.0292770277536416,0.0,0.0,0.0,0.0
2024-04-24 20:00:00+00:00,20260124_203512_1ddb5484_StateSignal_SPY,0.0,0.0,1.0292770277536416,1.0292770277536416,0.0,0.0,0.0,-0.0
2024-04-25 20:00:00+00:00,20260124_203512_1ddb5484_StateSignal_SPY,0.0,0.0,1.0292770277536416,1.0292770277536416,0.0,0.0,0.0,0.0
2024-04-26 20:00:00+00:00,20260124_203512_1ddb5484_StateSignal_SPY,0.0,0.0,1.0292770277536416,1.0292770277536416,0.0,0.0,0.0,0.0
2024-04-29 20:00:00+00:00,20260124_203512_1ddb5484_StateSignal_SPY,0.0,0.0,1.0292770277536416,1.0292770277536416,0.0,0.0,0.0,0.0
2024-04-30 20:00:00+00:00,20260124_203512_1ddb5484_StateSignal_SPY,0.0,0.0,1.0292770277536416,1.0292770277536416,0.0,0.0,0.0,-0.0
2024-05-01 20:00:00+00:00,20260124_203512_1ddb5484_StateSignal_SPY,0.0,0.0,1.0292770277536416,1.0292770277536416,0.0,0.0,0.0,-0.0
2024-05-02 20:00:00+00:00,20260124_203512_1ddb5484_StateSignal_SPY,0.0,0.0,1.0292770277536416,1.0292770277536416,0.0,0.0,0.0,0.0
2024-05-03 20:00:00+00:00,20260124_203512_1ddb5484_StateSignal_SPY,0.0,0.0,1.0292770277536416,1.0292770277536416,0.0,0.0,0.0,0.0
2024-05-06 20:00:00+00:00,20260124_203512_1ddb5484_StateSignal_SPY,0.0,0.0,1.0292770277536416,1.0292770277536416,0.0,0.0,0.0,0.0
2024-05-07 20:00:00+00:00,20260124_203512_1ddb5484_StateSignal_SPY,0.0,0.0,1.0292770277536416,1.0292770277536416,0.0,0.0,0.0,-0.0
2024-05-08 20:00:00+00:00,20260124_203512_1ddb5484_StateSignal_SPY,0.0,0.0,1.0292770277536416,1.0292770277536416,0.0,0.0,0.0,-0.0
2024-05-09 20:00:00+00:00,20260124_203512_1ddb5484_StateSignal_SPY,0.0,0.0,1.0292770277536416,1.0292770277536416,0.0,0.0,0.0,0.0
2024-05-10 20:00:00+00:00,20260124_203512_1ddb5484_StateSignal_SPY,0.0,0.0,1.0292770277536416,1.0292770277536416,0.0,0.0,0.0,-0.0
2024-05-13 20:00:00+00:00,20260124_203512_1ddb5484_StateSignal_SPY,0.0,0.0,1.0292770277536416,1.0292770277536416,0.0,0.0,0.0,-0.0
2024-05-14 20:00:00+00:00,20260124_203512_1ddb5484_StateSignal_SPY,0.0,0.0,1.0292770277536416,1.0292770277536416,0.0,0.0,0.0,0.0
2024-05-15 20:00:00+00:00,20260124_203512_1ddb5484_StateSignal_SPY,0.0,0.0,1.0292770277536416,1.0292770277536416,0.0,0.0,0.0,0.0
2024-05-16 20:00:00+00:00,20260124_203512_1ddb5484_StateSignal_SPY,0.0,0.0,1.0292770277536416,1.0292770277536416,0.0,0.0,0.0,-0.0
2024-05-17 20:00:00+00:00,20260124_203512_1ddb5484_StateSignal_SPY,0.0,0.0,1.0292770277536416,1.0292770277536416,0.0,0.0,0.0,0.0
2024-05-20 20:00:00+00:00,20260124_203512_1ddb5484_StateSignal_SPY,0.0,0.0,1.0292770277536416,1.0292770277536416,0.0,0.0,0.0,-0.0
2024-05-21 20:00:00+00:00,20260124_203512_1ddb5484_StateSignal_SPY,0.0,0.0,1.0292770277536416,1.0292770277536416,0.0,0.0,0.0,0.0
2024-05-22 20:00:00+00:00,20260124_203512_1ddb5484_StateSignal_SPY,0.0,0.0,1.0292770277536416,1.0292770277536416,0.0,0.0,0.0,-0.0
2024-05-23 20:00:00+00:00,20260124_203512_1ddb5484_StateSignal_SPY,0.0,0.0,1.0292770277536416,1.0292770277536416,0.0,0.0,0.0,-0.0
2024-05-24 20:00:00+00:00,20260124_203512_1ddb5484_StateSignal_SPY,0.0,0.0,1.0292770277536416,1.0292770277536416,0.0,0.0,0.0,0.0
2024-05-28 20:00:00+00:00,20260124_203512_1ddb5484_StateSignal_SPY,0.0,0.0,1.0292770277536416,1.0292770277536416,0.0,0.0,0.0,-0.0
2024-05-29 20:00:00+00:00,20260124_203512_1ddb5484_StateSignal_SPY,0.0,0.0,1.0292770277536416,1.0292770277536416,0.0,0.0,0.0,0.0
2024-05-30 20:00:00+00:00,20260124_203512_1ddb5484_StateSignal_SPY,0.0,0.0,1.0292770277536416,1.0292770277536416,0.0,0.0,0.0,-0.0
2024-05-31 20:00:00+00:00,20260124_203512_1ddb5484_StateSignal_SPY,0.0,0.0,1.0292770277536416,1.0292770277536416,0.0,0.0,0.0,0.0
2024-06-03 20:00:00+00:00,20260124_203512_1ddb5484_StateSignal_SPY,0.0,0.0,1.0292770277536416,1.0292770277536416,0.0,0.0,0.0,-0.0
2024-06-04 20:00:00+00:00,20260124_203512_1ddb5484_StateSignal_SPY,0.0,0.0,1.0292770277536416,1.0292770277536416,0.0,0.0,0.0,0.0
2024-06-05 20:00:00+00:00,20260124_203512_1ddb5484_StateSignal_SPY,0.0,0.0,1.0292770277536416,1.0292770277536416,0.0,0.0,0.0,0.0
2024-06-06 20:00:00+00:00,20260124_203512_1ddb5484_StateSignal_SPY,0.0,0.0,1.0292770277536416,1.0292770277536416,0.0,0.0,0.0,-0.0
2024-06-07 20:00:00+00:00,20260124_203512_1ddb5484_StateSignal_SPY,0.0,0.0,1.0292770277536416,1.0292770277536416,0.0,0.0,0.0,-0.0
2024-06-10 20:00:00+00:00,20260124_203512_1ddb5484_StateSignal_SPY,0.0,0.0,1.0292770277536416,1.0292770277536416,0.0,0.0,0.0,0.0
2024-06-11 20:00:00+00:00,20260124_203512_1ddb5484_StateSignal_SPY,0.0,0.0,1.0292770277536416,1.0292770277536416,0.0,0.0,0.0,0.0
2024-06-12 20:00:00+00:00,20260124_203512_1ddb5484_StateSignal_SPY,0.0,0.0,1.0292770277536416,1.0292770277536416,0.0,0.0,0.0,0.0
2024-06-13 20:00:00+00:00,20260124_203512_1ddb5484_StateSignal_SPY,0.0,0.0,1.0292770277536416,1.0292770277536416,0.0,0.0,0.0,-0.0
2024-06-14 20:00:00+00:00,20260124_203512_1ddb5484_StateSignal_SPY,0.0,0.0,1.0292770277536416,1.0292770277536416,0.0,0.0,0.0,0.0
2024-06-17 20:00:00+00:00,20260124_203512_1ddb5484_StateSignal_SPY,0.0,0.0,1.0292770277536416,1.0292770277536416,0.0,0.0,0.0,0.0
2024-06-18 20:00:00+00:00,20260124_203512_1ddb5484_StateSignal_SPY,0.0,0.0,1.0292770277536416,1.0292770277536416,0.0,0.0,0.0,0.0
2024-06-20 20:00:00+00:00,20260124_203512_1ddb5484_StateSignal_SPY,0.0,0.0,1.0292770277536416,1.0292770277536416,0.0,0.0,0.0,-0.0
2024-06-21 20:00:00+00:00,20260124_203512_1ddb5484_StateSignal_SPY,0.0,0.0,1.0292770277536416,1.0292770277536416,0.0,0.0,0.0,0.0
2024-06-24 20:00:00+00:00,20260124_203512_1ddb5484_StateSignal_SPY,0.0,0.0,1.0292770277536416,1.0292770277536416,0.0,0.0,0.0,-0.0
2024-06-25 20:00:00+00:00,20260124_203512_1ddb5484_StateSignal_SPY,0.0,0.0,1.0292770277536416,1.0292770277536416,0.0,0.0,0.0,0.0
2024-06-26 20:00:00+00:00,20260124_203512_1ddb5484_StateSignal_SPY,0.0,0.0,1.0292770277536416,1.0292770277536416,0.0,0.0,0.0,0.0
2024-06-27 20:00:00+00:00,20260124_203512_1ddb5484_StateSignal_SPY,0.0,0.0,1.0292770277536416,1.0292770277536416,0.0,0.0,0.0,-0.0
2024-06-28 20:00:00+00:00,20260124_203512_1ddb5484_StateSignal_SPY,0.0,0.0,1.0292770277536416,1.0292770277536416,0.0,0.0,0.0,-0.0
2024-07-01 20:00:00+00:00,20260124_203512_1ddb5484_StateSignal_SPY,0.0,0.0,1.0292770277536416,1.0292770277536416,0.0,0.0,0.0,0.0
2024-07-02 20:00:00+00:00,20260124_203512_1ddb5484_StateSignal_SPY,0.0,0.0,1.0292770277536416,1.0292770277536416,0.0,0.0,0.0,0.0
2024-07-03 20:00:00+00:00,20260124_203512_1ddb5484_StateSignal_SPY,0.0,0.0,1.0292770277536416,1.0292770277536416,0.0,0.0,0.0,0.0
2024-07-05 20:00:00+00:00,20260124_203512_1ddb5484_StateSignal_SPY,0.0,0.0,1.0292770277536416,1.0292770277536416,0.0,0.0,0.0,0.0
2024-07-08 20:00:00+00:00,20260124_203512_1ddb5484_StateSignal_SPY,0.0,0.0,1.0292770277536416,1.0292770277536416,0.0,0.0,0.0,-0.0
2024-07-09 20:00:00+00:00,20260124_203512_1ddb5484_StateSignal_SPY,0.0,0.0,1.0292770277536416,1.0292770277536416,0.0,0.0,0.0,-0.0
2024-07-10 20:00:00+00:00,20260124_203512_1ddb5484_StateSignal_SPY,0.0,0.0,1.0292770277536416,1.0292770277536416,0.0,0.0,0.0,0.0
2024-07-11 20:00:00+00:00,20260124_203512_1ddb5484_StateSignal_SPY,0.0,0.0,1.0292770277536416,1.0292770277536416,0.0,0.0,0.0,-0.0
2024-07-12 20:00:00+00:00,20260124_203512_1ddb5484_StateSignal_SPY,0.0,0.0,1.0292770277536416,1.0292770277536416,0.0,0.0,0.0,0.0
2024-07-15 20:00:00+00:00,20260124_203512_1ddb5484_StateSignal_SPY,0.0,0.0,1.0292770277536416,1.0292770277536416,0.0,0.0,0.0,0.0
2024-07-16 20:00:00+00:00,20260124_203512_1ddb5484_StateSignal_SPY,0.0,0.0,1.0292770277536416,1.0292770277536416,0.0,0.0,0.0,0.0
2024-07-17 20:00:00+00:00,20260124_203512_1ddb5484_StateSignal_SPY,0.0,0.0,1.0292770277536416,1.0292770277536416,0.0,0.0,0.0,-0.0
2024-07-18 20:00:00+00:00,20260124_203512_1ddb5484_StateSignal_SPY,0.0,0.0,1.0292770277536416,1.0292770277536416,0.0,0.0,0.0,-0.0
2024-07-19 20:00:00+00:00,20260124_203512_1ddb5484_StateSignal_SPY,0.0,0.0,1.0292770277536416,1.0292770277536416,0.0,0.0,0.0,-0.0
2024-07-22 20:00:00+00:00,20260124_203512_1ddb5484_StateSignal_SPY,0.0,0.0,1.0292770277536416,1.0292770277536416,0.0,0.0,0.0,0.0
2024-07-23 20:00:00+00:00,20260124_203512_1ddb5484_StateSignal_SPY,0.0,0.0,1.0292770277536416,1.0292770277536416,0.0,0.0,0.0,-0.0
2024-07-24 20:00:00+00:00,20260124_203512_1ddb5484_StateSignal_SPY,0.0,0.0,1.0292770277536416,1.0292770277536416,0.0,0.0,0.0,-0.0
2024-07-25 20:00:00+00:00,20260124_203512_1ddb5484_StateSignal_SPY,0.0,0.0,1.0292770277536416,1.0292770277536416,0.0,0.0,0.0,-0.0
2024-07-26 20:00:00+00:00,20260124_203512_1ddb5484_StateSignal_SPY,0.0,0.0,1.0292770277536416,1.0292770277536416,0.0,0.0,0.0,0.0
2024-07-29 20:00:00+00:00,20260124_203512_1ddb5484_StateSignal_SPY,0.0,0.0,1.0292770277536416,1.0292770277536416,0.0,0.0,0.0,0.0
2024-07-30 20:00:00+00:00,20260124_203512_1ddb5484_StateSignal_SPY,0.0,0.0,1.0292770277536416,1.0292770277536416,0.0,0.0,0.0,-0.0
2024-07-31 20:00:00+00:00,20260124_203512_1ddb5484_StateSignal_SPY,0.0,0.0,1.0292770277536416,1.0292770277536416,0.0,0.0,0.0,0.0
2024-08-01 20:00:00+00:00,20260124_203512_1ddb5484_StateSignal_SPY,0.0,0.0,1.0292770277536416,1.0292770277536416,0.0,0.0,0.0,-0.0
2024-08-02 20:00:00+00:00,20260124_203512_1ddb5484_StateSignal_SPY,0.0,0.0,1.0292770277536416,1.0292770277536416,0.0,0.0,0.0,-0.0
2024-08-05 20:00:00+00:00,20260124_203512_1ddb5484_StateSignal_SPY,0.0,0.0,1.0292770277536416,1.0292770277536416,0.0,0.0,0.0,-0.0
2024-08-06 20:00:00+00:00,20260124_203512_1ddb5484_StateSignal_SPY,0.006869113186333376,0.006869113186333376,1.0363472481573743,1.0363472481573743,0.0,0.0,1.0,0.006869113186333376
2024-08-07 20:00:00+00:00,20260124_203512_1ddb5484_StateSignal_SPY,-0.021384645928389085,-0.021384645928389085,1.0141853291966685,1.0141853291966685,0.0,0.0,1.0,-0.021384645928389085
2024-08-08 20:00:00+00:00,20260124_203512_1ddb5484_StateSignal_SPY,0.013601183378251416,0.013601183378251416,1.0279794498386048,1.0279794498386048,0.0,0.0,1.0,0.013601183378251416
2024-08-09 20:00:00+00:00,20260124_203512_1ddb5484_StateSignal_SPY,0.006497947936250437,0.006497947936250437,1.0346592067831912,1.0346592067831912,0.0,0.0,1.0,0.006497947936250437
2024-08-12 20:00:00+00:00,20260124_203512_1ddb5484_StateSignal_SPY,0.0,0.0,1.0346592067831912,1.0346592067831912,0.0,0.0,0.0,0.0
2024-08-13 20:00:00+00:00,20260124_203512_1ddb5484_StateSignal_SPY,0.0,0.0,1.0346592067831912,1.0346592067831912,0.0,0.0,0.0,0.0
2024-08-14 20:00:00+00:00,20260124_203512_1ddb5484_StateSignal_SPY,0.0,0.0,1.0346592067831912,1.0346592067831912,0.0,0.0,0.0,0.0
2024-08-15 20:00:00+00:00,20260124_203512_1ddb5484_StateSignal_SPY,0.0,0.0,1.0346592067831912,1.0346592067831912,0.0,0.0,0.0,0.0
2024-08-16 20:00:00+00:00,20260124_203512_1ddb5484_StateSignal_SPY,0.0,0.0,1.0346592067831912,1.0346592067831912,0.0,0.0,0.0,0.0
2024-08-19 20:00:00+00:00,20260124_203512_1ddb5484_StateSignal_SPY,0.0,0.0,1.0346592067831912,1.0346592067831912,0.0,0.0,0.0,0.0
2024-08-20 20:00:00+00:00,20260124_203512_1ddb5484_StateSignal_SPY,0.0,0.0,1.0346592067831912,1.0346592067831912,0.0,0.0,0.0,-0.0
2024-08-21 20:00:00+00:00,20260124_203512_1ddb5484_StateSignal_SPY,0.0,0.0,1.0346592067831912,1.0346592067831912,0.0,0.0,0.0,0.0
2024-08-22 20:00:00+00:00,20260124_203512_1ddb5484_StateSignal_SPY,0.0,0.0,1.0346592067831912,1.0346592067831912,0.0,0.0,0.0,-0.0
2024-08-23 20:00:00+00:00,20260124_203512_1ddb5484_StateSignal_SPY,0.0,0.0,1.0346592067831912,1.0346592067831912,0.0,0.0,0.0,0.0
2024-08-26 20:00:00+00:00,20260124_203512_1ddb5484_StateSignal_SPY,0.0,0.0,1.0346592067831912,1.0346592067831912,0.0,0.0,0.0,-0.0
2024-08-27 20:00:00+00:00,20260124_203512_1ddb5484_StateSignal_SPY,0.0,0.0,1.0346592067831912,1.0346592067831912,0.0,0.0,0.0,0.0
2024-08-28 20:00:00+00:00,20260124_203512_1ddb5484_StateSignal_SPY,0.0,0.0,1.0346592067831912,1.0346592067831912,0.0,0.0,0.0,-0.0
2024-08-29 20:00:00+00:00,20260124_203512_1ddb5484_StateSignal_SPY,0.0,0.0,1.0346592067831912,1.0346592067831912,0.0,0.0,0.0,-0.0
2024-08-30 20:00:00+00:00,20260124_203512_1ddb5484_StateSignal_SPY,0.0,0.0,1.0346592067831912,1.0346592067831912,0.0,0.0,0.0,0.0
2024-09-03 20:00:00+00:00,20260124_203512_1ddb5484_StateSignal_SPY,0.0,0.0,1.0346592067831912,1.0346592067831912,0.0,0.0,0.0,-0.0
2024-09-04 20:00:00+00:00,20260124_203512_1ddb5484_StateSignal_SPY,0.0,0.0,1.0346592067831912,1.0346592067831912,0.0,0.0,0.0,-0.0
2024-09-05 20:00:00+00:00,20260124_203512_1ddb5484_StateSignal_SPY,-0.0025356062483444853,-0.0025356062483444853,1.0320357184335647,1.0320357184335647,0.0,0.0,1.0,-0.0025356062483444853
2024-09-06 20:00:00+00:00,20260124_203512_1ddb5484_StateSignal_SPY,-0.016479885680893792,-0.016479885680893792,1.0150278877751804,1.0150278877751804,0.0,0.0,1.0,-0.016479885680893792
2024-09-09 20:00:00+00:00,20260124_203512_1ddb5484_StateSignal_SPY,0.0032100359765476674,0.0032100359765476674,1.0182861638121379,1.0182861638121379,0.0,0.0,1.0,0.0032100359765476674
2024-09-10 20:00:00+00:00,20260124_203512_1ddb5484_StateSignal_SPY,0.004239342930133861,0.004239342930133861,1.0226030280615481,1.0226030280615481,0.0,0.0,1.0,0.004239342930133861
2024-09-11 20:00:00+00:00,20260124_203512_1ddb5484_StateSignal_SPY,0.014731459153052778,0.014731459153052778,1.0376674627992248,1.0376674627992248,0.0,0.0,1.0,0.014731459153052778
2024-09-12 20:00:00+00:00,20260124_203512_1ddb5484_StateSignal_SPY,0.007678703835406556,0.007678703835406556,1.0456354039256976,1.0456354039256976,0.0,0.0,1.0,0.007678703835406556
2024-09-13 20:00:00+00:00,20260124_203512_1ddb5484_StateSignal_SPY,0.00505033228364314,0.00505033228364314,1.0509162101630638,1.0509162101630638,0.0,0.0,1.0,0.00505033228364314
2024-09-16 20:00:00+00:00,20260124_203512_1ddb5484_StateSignal_SPY,0.0032251078831396435,0.0032251078831396435,1.0543055283169798,1.0543055283169798,0.0,0.0,1.0,0.0032251078831396435
2024-09-17 20:00:00+00:00,20260124_203512_1ddb5484_StateSignal_SPY,0.0,0.0,1.0543055283169798,1.0543055283169798,0.0,0.0,0.0,-0.0
2024-09-18 20:00:00+00:00,20260124_203512_1ddb5484_StateSignal_SPY,0.0,0.0,1.0543055283169798,1.0543055283169798,0.0,0.0,0.0,-0.0
2024-09-19 20:00:00+00:00,20260124_203512_1ddb5484_StateSignal_SPY,0.016958550552785015,0.016958550552785015,1.072185021917024,1.072185021917024,0.0,0.0,1.0,0.016958550552785015
2024-09-20 20:00:00+00:00,20260124_203512_1ddb5484_StateSignal_SPY,0.0001250971738605186,0.0001250971738605186,1.0723191492331212,1.0723191492331212,0.0,0.0,1.0,0.0001250971738605186
2024-09-23 20:00:00+00:00,20260124_203512_1ddb5484_StateSignal_SPY,0.0,0.0,1.0723191492331212,1.0723191492331212,0.0,0.0,0.0,0.0
2024-09-24 20:00:00+00:00,20260124_203512_1ddb5484_StateSignal_SPY,0.0,0.0,1.0723191492331212,1.0723191492331212,0.0,0.0,0.0,0.0
2024-09-25 20:00:00+00:00,20260124_203512_1ddb5484_StateSignal_SPY,0.0,0.0,1.0723191492331212,1.0723191492331212,0.0,0.0,0.0,-0.0
2024-09-26 20:00:00+00:00,20260124_203512_1ddb5484_StateSignal_SPY,0.0,0.0,1.0723191492331212,1.0723191492331212,0.0,0.0,0.0,-0.0
2024-09-27 20:00:00+00:00,20260124_203512_1ddb5484_StateSignal_SPY,0.0,0.0,1.0723191492331212,1.0723191492331212,0.0,0.0,0.0,-0.0
2024-09-30 20:00:00+00:00,20260124_203512_1ddb5484_StateSignal_SPY,0.00547897997242029,0.00547897997242029,1.078194364375812,1.078194364375812,0.0,0.0,1.0,0.00547897997242029
2024-10-01 20:00:00+00:00,20260124_203512_1ddb5484_StateSignal_SPY,-0.00294120480480071,-0.00294120480480071,1.075023173930801,1.075023173930801,0.0,0.0,1.0,-0.00294120480480071
2024-10-02 20:00:00+00:00,20260124_203512_1ddb5484_StateSignal_SPY,0.005942170978176795,0.005942170978176795,1.0814111454358002,1.0814111454358002,0.0,0.0,1.0,0.005942170978176795
2024-10-03 20:00:00+00:00,20260124_203512_1ddb5484_StateSignal_SPY,0.000876432083432078,0.000876432083432078,1.0823589288590412,1.0823589288590412,0.0,0.0,1.0,0.000876432083432078
2024-10-04 20:00:00+00:00,20260124_203512_1ddb5484_StateSignal_SPY,0.0017732701967273692,0.0017732701967273692,1.0842782436897487,1.0842782436897487,0.0,0.0,1.0,0.0017732701967273692
2024-10-07 20:00:00+00:00,20260124_203512_1ddb5484_StateSignal_SPY,-0.005757745614071829,-0.005757745614071829,1.0780352453877105,1.0780352453877105,0.0,0.0,1.0,-0.005757745614071829
2024-10-08 20:00:00+00:00,20260124_203512_1ddb5484_StateSignal_SPY,0.00944804857431422,0.00944804857431422,1.0882205747509563,1.0882205747509563,0.0,0.0,1.0,0.00944804857431422
2024-10-09 20:00:00+00:00,20260124_203512_1ddb5484_StateSignal_SPY,0.006742114174592062,0.006742114174592062,1.0955574821130674,1.0955574821130674,0.0,0.0,1.0,0.006742114174592062
2024-10-10 20:00:00+00:00,20260124_203512_1ddb5484_StateSignal_SPY,0.0015514812703103275,0.0015514812703103275,1.0972572190271142,1.0972572190271142,0.0,0.0,1.0,0.0015514812703103275
2024-10-11 20:00:00+00:00,20260124_203512_1ddb5484_StateSignal_SPY,0.004757441363926141,0.004757441363926141,1.1024773559077803,1.1024773559077803,0.0,0.0,1.0,0.004757441363926141
2024-10-14 20:00:00+00:00,20260124_203512_1ddb5484_StateSignal_SPY,0.0038117828359760415,0.0038117828359760415,1.1066797601700817,1.1066797601700817,0.0,0.0,1.0,0.0038117828359760415
2024-10-15 20:00:00+00:00,20260124_203512_1ddb5484_StateSignal_SPY,-0.007864924966064892,-0.007864924966064892,1.0979758068948813,1.0979758068948813,0.0,0.0,1.0,-0.007864924966064892
2024-10-16 20:00:00+00:00,20260124_203512_1ddb5484_StateSignal_SPY,0.0042627597742720316,0.0042627597742720316,1.1026562139976366,1.1026562139976366,0.0,0.0,1.0,0.0042627597742720316
2024-10-17 20:00:00+00:00,20260124_203512_1ddb5484_StateSignal_SPY,-0.00334128358468557,-0.00334128358468557,1.0989719268902547,1.0989719268902547,0.0,0.0,1.0,-0.00334128358468557
2024-10-18 20:00:00+00:00,20260124_203512_1ddb5484_StateSignal_SPY,0.003914444059252338,0.003914444059252338,1.1032737910207553,1.1032737910207553,0.0,0.0,1.0,0.003914444059252338
2024-10-21 20:00:00+00:00,20260124_203512_1ddb5484_StateSignal_SPY,-0.0005910782133774911,-0.0005910782133774911,1.1026216699194926,1.1026216699194926,0.0,0.0,1.0,-0.0005910782133774911
2024-10-22 20:00:00+00:00,20260124_203512_1ddb5484_StateSignal_SPY,0.004202529442890452,0.004202529442890452,1.1072554699516983,1.1072554699516983,0.0,0.0,1.0,0.004202529442890452
2024-10-23 20:00:00+00:00,20260124_203512_1ddb5484_StateSignal_SPY,-0.009107419632287414,-0.009107419632287414,1.0971712297467027,1.0971712297467027,0.0,0.0,1.0,-0.009107419632287414
2024-10-24 20:00:00+00:00,20260124_203512_1ddb5484_StateSignal_SPY,0.0020524702624035527,0.0020524702624035527,1.0994231410685227,1.0994231410685227,0.0,0.0,1.0,0.0020524702624035527
2024-10-25 20:00:00+00:00,20260124_203512_1ddb5484_StateSignal_SPY,-0.00038561312964677886,-0.00038561312964677886,1.098999189070289,1.098999189070289,0.0,0.0,1.0,-0.00038561312964677886
2024-10-28 20:00:00+00:00,20260124_203512_1ddb5484_StateSignal_SPY,0.003045794260511332,0.003045794260511332,1.1023465144926659,1.1023465144926659,0.0,0.0,1.0,0.003045794260511332
2024-10-29 20:00:00+00:00,20260124_203512_1ddb5484_StateSignal_SPY,0.004091701664119662,0.004091701664119662,1.1068569875604521,1.1068569875604521,0.0,0.0,1.0,0.004091701664119662
2024-10-30 20:00:00+00:00,20260124_203512_1ddb5484_StateSignal_SPY,0.0002450594281377136,0.0002450594281377136,1.107128233300854,1.107128233300854,0.0,0.0,1.0,0.0002450594281377136
2024-10-31 20:00:00+00:00,20260124_203512_1ddb5484_StateSignal_SPY,-0.011486930684426654,-0.011486930684426654,1.0944107280261555,1.0944107280261555,0.0,0.0,1.0,-0.011486930684426654
2024-11-01 20:00:00+00:00,20260124_203512_1ddb5484_StateSignal_SPY,-0.003070563189220753,-0.003070563189220753,1.09105027073079,1.09105027073079,0.0,0.0,1.0,-0.003070563189220753
2024-11-04 21:00:00+00:00,20260124_203512_1ddb5484_StateSignal_SPY,-0.002188866134145564,-0.002188866134145564,1.0886621077425371,1.0886621077425371,0.0,0.0,1.0,-0.002188866134145564
2024-11-05 21:00:00+00:00,20260124_203512_1ddb5484_StateSignal_SPY,0.0078103309103367624,0.0078103309103367624,1.097164919053551,1.097164919053551,0.0,0.0,1.0,0.0078103309103367624
2024-11-06 21:00:00+00:00,20260124_203512_1ddb5484_StateSignal_SPY,0.005355848683380752,0.005355848683380752,1.1030411683407155,1.1030411683407155,0.0,0.0,1.0,0.005355848683380752
2024-11-07 21:00:00+00:00,20260124_203512_1ddb5484_StateSignal_SPY,0.004302991408208059,0.004302991408208059,1.1077875450109853,1.1077875450109853,0.0,0.0,1.0,0.004302991408208059
2024-11-08 21:00:00+00:00,20260124_203512_1ddb5484_StateSignal_SPY,0.0030928210086897828,0.0030928210086897828,1.11121373360336,1.11121373360336,0.0,0.0,1.0,0.0030928210086897828
2024-11-11 21:00:00+00:00,20260124_203512_1ddb5484_StateSignal_SPY,0.000932764697194412,0.000932764697194412,1.1122502345451029,1.1122502345451029,0.0,0.0,1.0,0.000932764697194412
2024-11-12 21:00:00+00:00,20260124_203512_1ddb5484_StateSignal_SPY,-0.0035308733147018643,-0.0035308733147018643,1.1083230198726768,1.1083230198726768,0.0,0.0,1.0,-0.0035308733147018643
2024-11-13 21:00:00+00:00,20260124_203512_1ddb5484_StateSignal_SPY,-0.0008324909798744897,-0.0008324909798744897,1.1074003509558454,1.1074003509558454,0.0,0.0,1.0,-0.0008324909798744897
2024-11-14 21:00:00+00:00,20260124_203512_1ddb5484_StateSignal_SPY,0.0,0.0,1.1074003509558454,1.1074003509558454,0.0,0.0,0.0,-0.0
2024-11-15 21:00:00+00:00,20260124_203512_1ddb5484_StateSignal_SPY,-0.005995439323008508,-0.005995439323008508,1.1007609993454113,1.1007609993454113,0.0,0.0,1.0,-0.005995439323008508
2024-11-18 21:00:00+00:00,20260124_203512_1ddb5484_StateSignal_SPY,0.0,0.0,1.1007609993454113,1.1007609993454113,0.0,0.0,0.0,0.0
2024-11-19 21:00:00+00:00,20260124_203512_1ddb5484_StateSignal_SPY,0.0,0.0,1.1007609993454113,1.1007609993454113,0.0,0.0,0.0,0.0
2024-11-20 21:00:00+00:00,20260124_203512_1ddb5484_StateSignal_SPY,0.0004986459287430225,0.0004986459287430225,1.101309889336254,1.101309889336254,0.0,0.0,1.0,0.0004986459287430225
2024-11-21 21:00:00+00:00,20260124_203512_1ddb5484_StateSignal_SPY,0.005366171787206792,0.005366171787206792,1.1072197073933823,1.1072197073933823,0.0,0.0,1.0,0.005366171787206792
2024-11-22 21:00:00+00:00,20260124_203512_1ddb5484_StateSignal_SPY,-0.00023861060566917892,-0.00023861060566917892,1.1069555130283923,1.1069555130283923,0.0,0.0,1.0,-0.00023861060566917892
2024-11-25 21:00:00+00:00,20260124_203512_1ddb5484_StateSignal_SPY,0.0033353784920056033,0.0033353784920056033,1.1106476286381544,1.1106476286381544,0.0,0.0,1.0,0.0033353784920056033
2024-11-26 21:00:00+00:00,20260124_203512_1ddb5484_StateSignal_SPY,0.003283519359221207,0.003283519359221207,1.1142944616280608,1.1142944616280608,0.0,0.0,1.0,0.003283519359221207
2024-11-27 21:00:00+00:00,20260124_203512_1ddb5484_StateSignal_SPY,-0.003148702493094224,-0.003148702493094224,1.1107858798786914,1.1107858798786914,0.0,0.0,1.0,-0.003148702493094224
2024-11-29 21:00:00+00:00,20260124_203512_1ddb5484_StateSignal_SPY,0.00361200115893549,0.00361200115893549,1.1147980397641424,1.1147980397641424,0.0,0.0,1.0,0.00361200115893549
2024-12-02 21:00:00+00:00,20260124_203512_1ddb5484_StateSignal_SPY,0.00127875103656699,0.00127875103656699,1.1162235889130536,1.1162235889130536,0.0,0.0,1.0,0.00127875103656699
2024-12-03 21:00:00+00:00,20260124_203512_1ddb5484_StateSignal_SPY,0.0,0.0,1.1162235889130536,1.1162235889130536,0.0,0.0,0.0,0.0
2024-12-04 21:00:00+00:00,20260124_203512_1ddb5484_StateSignal_SPY,0.0,0.0,1.1162235889130536,1.1162235889130536,0.0,0.0,0.0,0.0
2024-12-05 21:00:00+00:00,20260124_203512_1ddb5484_StateSignal_SPY,0.0,0.0,1.1162235889130536,1.1162235889130536,0.0,0.0,0.0,-0.0
2024-12-06 21:00:00+00:00,20260124_203512_1ddb5484_StateSignal_SPY,0.0,0.0,1.1162235889130536,1.1162235889130536,0.0,0.0,0.0,-0.0
2024-12-09 21:00:00+00:00,20260124_203512_1ddb5484_StateSignal_SPY,0.0,0.0,1.1162235889130536,1.1162235889130536,0.0,0.0,0.0,-0.0
2024-12-10 21:00:00+00:00,20260124_203512_1ddb5484_StateSignal_SPY,0.0,0.0,1.1162235889130536,1.1162235889130536,0.0,0.0,0.0,-0.0
2024-12-11 21:00:00+00:00,20260124_203512_1ddb5484_StateSignal_SPY,0.0,0.0,1.1162235889130536,1.1162235889130536,0.0,0.0,0.0,0.0
2024-12-12 21:00:00+00:00,20260124_203512_1ddb5484_StateSignal_SPY,0.0,0.0,1.1162235889130536,1.1162235889130536,0.0,0.0,0.0,-0.0
2024-12-13 21:00:00+00:00,20260124_203512_1ddb5484_StateSignal_SPY,0.0,0.0,1.1162235889130536,1.1162235889130536,0.0,0.0,0.0,-0.0
2024-12-16 21:00:00+00:00,20260124_203512_1ddb5484_StateSignal_SPY,0.0,0.0,1.1162235889130536,1.1162235889130536,0.0,0.0,0.0,0.0
2024-12-17 21:00:00+00:00,20260124_203512_1ddb5484_StateSignal_SPY,0.0,0.0,1.1162235889130536,1.1162235889130536,0.0,0.0,0.0,-0.0
2024-12-18 21:00:00+00:00,20260124_203512_1ddb5484_StateSignal_SPY,0.0,0.0,1.1162235889130536,1.1162235889130536,0.0,0.0,0.0,-0.0
2024-12-19 21:00:00+00:00,20260124_203512_1ddb5484_StateSignal_SPY,0.0,0.0,1.1162235889130536,1.1162235889130536,0.0,0.0,0.0,-0.0
2024-12-20 21:00:00+00:00,20260124_203512_1ddb5484_StateSignal_SPY,0.0,0.0,1.1162235889130536,1.1162235889130536,0.0,0.0,0.0,0.0
2024-12-23 21:00:00+00:00,20260124_203512_1ddb5484_StateSignal_SPY,0.0,0.0,1.1162235889130536,1.1162235889130536,0.0,0.0,0.0,0.0
2024-12-24 21:00:00+00:00,20260124_203512_1ddb5484_StateSignal_SPY,0.0,0.0,1.1162235889130536,1.1162235889130536,0.0,0.0,0.0,0.0
2024-12-26 21:00:00+00:00,20260124_203512_1ddb5484_StateSignal_SPY,0.0,0.0,1.1162235889130536,1.1162235889130536,0.0,0.0,0.0,0.0
2024-12-27 21:00:00+00:00,20260124_203512_1ddb5484_StateSignal_SPY,0.0,0.0,1.1162235889130536,1.1162235889130536,0.0,0.0,0.0,-0.0
2024-12-30 21:00:00+00:00,20260124_203512_1ddb5484_StateSignal_SPY,0.0,0.0,1.1162235889130536,1.1162235889130536,0.0,0.0,0.0,0.0
2024-12-31 21:00:00+00:00,20260124_203512_1ddb5484_StateSignal_SPY,0.0,0.0,1.1162235889130536,1.1162235889130536,0.0,0.0,0.0,-0.0
2025-01-02 21:00:00+00:00,20260124_203512_1ddb5484_StateSignal_SPY,0.0,0.0,1.1162235889130536,1.1162235889130536,0.0,0.0,0.0,-0.0
2025-01-03 21:00:00+00:00,20260124_203512_1ddb5484_StateSignal_SPY,0.0,0.0,1.1162235889130536,1.1162235889130536,0.0,0.0,0.0,0.0
2025-01-06 21:00:00+00:00,20260124_203512_1ddb5484_StateSignal_SPY,0.0,0.0,1.1162235889130536,1.1162235889130536,0.0,0.0,0.0,0.0
2025-01-07 21:00:00+00:00,20260124_203512_1ddb5484_StateSignal_SPY,0.0,0.0,1.1162235889130536,1.1162235889130536,0.0,0.0,0.0,-0.0
2025-01-08 21:00:00+00:00,20260124_203512_1ddb5484_StateSignal_SPY,0.0,0.0,1.1162235889130536,1.1162235889130536,0.0,0.0,0.0,0.0
2025-01-10 21:00:00+00:00,20260124_203512_1ddb5484_StateSignal_SPY,0.0,0.0,1.1162235889130536,1.1162235889130536,0.0,0.0,0.0,-0.0
2025-01-13 21:00:00+00:00,20260124_203512_1ddb5484_StateSignal_SPY,0.0,0.0,1.1162235889130536,1.1162235889130536,0.0,0.0,0.0,0.0
2025-01-14 21:00:00+00:00,20260124_203512_1ddb5484_StateSignal_SPY,0.0,0.0,1.1162235889130536,1.1162235889130536,0.0,0.0,0.0,0.0
2025-01-15 21:00:00+00:00,20260124_203512_1ddb5484_StateSignal_SPY,0.0,0.0,1.1162235889130536,1.1162235889130536,0.0,0.0,0.0,0.0
2025-01-16 21:00:00+00:00,20260124_203512_1ddb5484_StateSignal_SPY,0.0,0.0,1.1162235889130536,1.1162235889130536,0.0,0.0,0.0,-0.0
2025-01-17 21:00:00+00:00,20260124_203512_1ddb5484_StateSignal_SPY,0.0,0.0,1.1162235889130536,1.1162235889130536,0.0,0.0,0.0,0.0
2025-01-21 21:00:00+00:00,20260124_203512_1ddb5484_StateSignal_SPY,0.0,0.0,1.1162235889130536,1.1162235889130536,0.0,0.0,0.0,0.0
2025-01-22 21:00:00+00:00,20260124_203512_1ddb5484_StateSignal_SPY,0.0,0.0,1.1162235889130536,1.1162235889130536,0.0,0.0,0.0,0.0
2025-01-23 21:00:00+00:00,20260124_203512_1ddb5484_StateSignal_SPY,0.0,0.0,1.1162235889130536,1.1162235889130536,0.0,0.0,0.0,0.0
2025-01-24 21:00:00+00:00,20260124_203512_1ddb5484_StateSignal_SPY,0.0,0.0,1.1162235889130536,1.1162235889130536,0.0,0.0,0.0,-0.0
2025-01-27 21:00:00+00:00,20260124_203512_1ddb5484_StateSignal_SPY,0.0,0.0,1.1162235889130536,1.1162235889130536,0.0,0.0,0.0,0.0
2025-01-28 21:00:00+00:00,20260124_203512_1ddb5484_StateSignal_SPY,0.0,0.0,1.1162235889130536,1.1162235889130536,0.0,0.0,0.0,0.0
2025-01-29 21:00:00+00:00,20260124_203512_1ddb5484_StateSignal_SPY,-0.004428200063687071,-0.004428200063687071,1.1112807275455399,1.1112807275455399,0.0,0.0,1.0,-0.004428200063687071
2025-01-30 21:00:00+00:00,20260124_203512_1ddb5484_StateSignal_SPY,0.0,0.0,1.1112807275455399,1.1112807275455399,0.0,0.0,0.0,0.0
2025-01-31 21:00:00+00:00,20260124_203512_1ddb5484_StateSignal_SPY,0.0,0.0,1.1112807275455399,1.1112807275455399,0.0,0.0,0.0,-0.0
2025-02-03 21:00:00+00:00,20260124_203512_1ddb5484_StateSignal_SPY,0.0,0.0,1.1112807275455399,1.1112807275455399,0.0,0.0,0.0,0.0
2025-02-04 21:00:00+00:00,20260124_203512_1ddb5484_StateSignal_SPY,0.0,0.0,1.1112807275455399,1.1112807275455399,0.0,0.0,0.0,0.0
2025-02-05 21:00:00+00:00,20260124_203512_1ddb5484_StateSignal_SPY,0.005373197378887511,0.005373197378887511,1.1172518582379958,1.1172518582379958,0.0,0.0,1.0,0.005373197378887511
2025-02-06 21:00:00+00:00,20260124_203512_1ddb5484_StateSignal_SPY,0.0,0.0,1.1172518582379958,1.1172518582379958,0.0,0.0,0.0,0.0
2025-02-07 21:00:00+00:00,20260124_203512_1ddb5484_StateSignal_SPY,0.0,0.0,1.1172518582379958,1.1172518582379958,0.0,0.0,0.0,-0.0
2025-02-10 21:00:00+00:00,20260124_203512_1ddb5484_StateSignal_SPY,0.0027972983290964733,0.0027972983290964733,1.1203771449942248,1.1203771449942248,0.0,0.0,1.0,0.0027972983290964733
2025-02-11 21:00:00+00:00,20260124_203512_1ddb5484_StateSignal_SPY,0.0,0.0,1.1203771449942248,1.1203771449942248,0.0,0.0,0.0,0.0
2025-02-12 21:00:00+00:00,20260124_203512_1ddb5484_StateSignal_SPY,0.0,0.0,1.1203771449942248,1.1203771449942248,0.0,0.0,0.0,-0.0
2025-02-13 21:00:00+00:00,20260124_203512_1ddb5484_StateSignal_SPY,0.0,0.0,1.1203771449942248,1.1203771449942248,0.0,0.0,0.0,0.0
2025-02-14 21:00:00+00:00,20260124_203512_1ddb5484_StateSignal_SPY,0.0,0.0,1.1203771449942248,1.1203771449942248,0.0,0.0,0.0,-0.0
2025-02-18 21:00:00+00:00,20260124_203512_1ddb5484_StateSignal_SPY,0.0,0.0,1.1203771449942248,1.1203771449942248,0.0,0.0,0.0,0.0
2025-02-19 21:00:00+00:00,20260124_203512_1ddb5484_StateSignal_SPY,0.0,0.0,1.1203771449942248,1.1203771449942248,0.0,0.0,0.0,0.0
2025-02-20 21:00:00+00:00,20260124_203512_1ddb5484_StateSignal_SPY,0.0,0.0,1.1203771449942248,1.1203771449942248,0.0,0.0,0.0,-0.0
2025-02-21 21:00:00+00:00,20260124_203512_1ddb5484_StateSignal_SPY,0.0,0.0,1.1203771449942248,1.1203771449942248,0.0,0.0,0.0,-0.0
2025-02-24 21:00:00+00:00,20260124_203512_1ddb5484_StateSignal_SPY,0.0,0.0,1.1203771449942248,1.1203771449942248,0.0,0.0,0.0,-0.0
2025-02-25 21:00:00+00:00,20260124_203512_1ddb5484_StateSignal_SPY,-0.0034322254782934315,-0.0034322254782934315,1.1165317580118779,1.1165317580118779,0.0,0.0,1.0,-0.0034322254782934315
2025-02-26 21:00:00+00:00,20260124_203512_1ddb5484_StateSignal_SPY,0.0,0.0,1.1165317580118779,1.1165317580118779,0.0,0.0,0.0,0.0
2025-02-27 21:00:00+00:00,20260124_203512_1ddb5484_StateSignal_SPY,0.0,0.0,1.1165317580118779,1.1165317580118779,0.0,0.0,0.0,-0.0
2025-02-28 21:00:00+00:00,20260124_203512_1ddb5484_StateSignal_SPY,0.0,0.0,1.1165317580118779,1.1165317580118779,0.0,0.0,0.0,0.0
2025-03-03 21:00:00+00:00,20260124_203512_1ddb5484_StateSignal_SPY,0.0,0.0,1.1165317580118779,1.1165317580118779,0.0,0.0,0.0,-0.0
2025-03-04 21:00:00+00:00,20260124_203512_1ddb5484_StateSignal_SPY,0.0,0.0,1.1165317580118779,1.1165317580118779,0.0,0.0,0.0,-0.0
2025-03-05 21:00:00+00:00,20260124_203512_1ddb5484_StateSignal_SPY,0.007752044325630719,0.007752044325630719,1.1251871616909603,1.1251871616909603,0.0,0.0,1.0,0.007752044325630719
2025-03-06 21:00:00+00:00,20260124_203512_1ddb5484_StateSignal_SPY,-0.017805559824315958,-0.017805559824315958,1.1051525743699198,1.1051525743699198,0.0,0.0,1.0,-0.017805559824315958
2025-03-07 21:00:00+00:00,20260124_203512_1ddb5484_StateSignal_SPY,0.0,0.0,1.1051525743699198,1.1051525743699198,0.0,0.0,0.0,0.0
2025-03-10 20:00:00+00:00,20260124_203512_1ddb5484_StateSignal_SPY,-0.008461672905836935,-0.008461672905836935,1.095801134774558,1.095801134774558,0.0,0.0,1.0,-0.008461672905836935
2025-03-11 20:00:00+00:00,20260124_203512_1ddb5484_StateSignal_SPY,0.0,0.0,1.095801134774558,1.095801134774558,0.0,0.0,0.0,-0.0
2025-03-12 20:00:00+00:00,20260124_203512_1ddb5484_StateSignal_SPY,0.0,0.0,1.095801134774558,1.095801134774558,0.0,0.0,0.0,-0.0
2025-03-13 20:00:00+00:00,20260124_203512_1ddb5484_StateSignal_SPY,0.0,0.0,1.095801134774558,1.095801134774558,0.0,0.0,0.0,-0.0
2025-03-14 20:00:00+00:00,20260124_203512_1ddb5484_StateSignal_SPY,0.0,0.0,1.095801134774558,1.095801134774558,0.0,0.0,0.0,0.0
2025-03-17 20:00:00+00:00,20260124_203512_1ddb5484_StateSignal_SPY,0.0,0.0,1.095801134774558,1.095801134774558,0.0,0.0,0.0,0.0
2025-03-18 20:00:00+00:00,20260124_203512_1ddb5484_StateSignal_SPY,0.0,0.0,1.095801134774558,1.095801134774558,0.0,0.0,0.0,-0.0
2025-03-19 20:00:00+00:00,20260124_203512_1ddb5484_StateSignal_SPY,0.0,0.0,1.095801134774558,1.095801134774558,0.0,0.0,0.0,0.0
2025-03-20 20:00:00+00:00,20260124_203512_1ddb5484_StateSignal_SPY,-0.0023223004774118273,-0.0023223004774118273,1.0932563552761227,1.0932563552761227,0.0,0.0,1.0,-0.0023223004774118273
2025-03-21 20:00:00+00:00,20260124_203512_1ddb5484_StateSignal_SPY,0.0,0.0,1.0932563552761227,1.0932563552761227,0.0,0.0,0.0,0.0
2025-03-24 20:00:00+00:00,20260124_203512_1ddb5484_StateSignal_SPY,0.0,0.0,1.0932563552761227,1.0932563552761227,0.0,0.0,0.0,0.0
2025-03-25 20:00:00+00:00,20260124_203512_1ddb5484_StateSignal_SPY,0.0,0.0,1.0932563552761227,1.0932563552761227,0.0,0.0,0.0,0.0
2025-03-26 20:00:00+00:00,20260124_203512_1ddb5484_StateSignal_SPY,0.0,0.0,1.0932563552761227,1.0932563552761227,0.0,0.0,0.0,-0.0
2025-03-27 20:00:00+00:00,20260124_203512_1ddb5484_StateSignal_SPY,0.0,0.0,1.0932563552761227,1.0932563552761227,0.0,0.0,0.0,0.0
2025-03-28 20:00:00+00:00,20260124_203512_1ddb5484_StateSignal_SPY,0.0,0.0,1.0932563552761227,1.0932563552761227,0.0,0.0,0.0,-0.0
2025-03-31 20:00:00+00:00,20260124_203512_1ddb5484_StateSignal_SPY,0.0,0.0,1.0932563552761227,1.0932563552761227,0.0,0.0,0.0,0.0
2025-04-01 20:00:00+00:00,20260124_203512_1ddb5484_StateSignal_SPY,0.0,0.0,1.0932563552761227,1.0932563552761227,0.0,0.0,0.0,0.0
2025-04-02 20:00:00+00:00,20260124_203512_1ddb5484_StateSignal_SPY,0.0,0.0,1.0932563552761227,1.0932563552761227,0.0,0.0,0.0,0.0
2025-04-03 20:00:00+00:00,20260124_203512_1ddb5484_StateSignal_SPY,0.0,0.0,1.0932563552761227,1.0932563552761227,0.0,0.0,0.0,-0.0
2025-04-04 20:00:00+00:00,20260124_203512_1ddb5484_StateSignal_SPY,0.0,0.0,1.0932563552761227,1.0932563552761227,0.0,0.0,0.0,-0.0
2025-04-07 20:00:00+00:00,20260124_203512_1ddb5484_StateSignal_SPY,0.04164631957269496,0.04164631957269496,1.138786458822832,1.138786458822832,0.0,0.0,1.0,0.04164631957269496
2025-04-08 20:00:00+00:00,20260124_203512_1ddb5484_StateSignal_SPY,-0.045638843563678144,-0.045638843563678144,1.0868135617761818,1.0868135617761818,0.0,0.0,1.0,-0.045638843563678144
2025-04-09 20:00:00+00:00,20260124_203512_1ddb5484_StateSignal_SPY,0.04493609763199369,0.04493609763199369,1.135650722095931,1.135650722095931,0.0,0.0,1.0,0.04493609763199369
2025-04-10 20:00:00+00:00,20260124_203512_1ddb5484_StateSignal_SPY,-0.010271606457105478,-0.010271606457105478,1.123985764805834,1.123985764805834,0.0,0.0,1.0,-0.010271606457105478
2025-04-11 20:00:00+00:00,20260124_203512_1ddb5484_StateSignal_SPY,0.016224291899095203,0.016224291899095203,1.1422216379444716,1.1422216379444716,0.0,0.0,1.0,0.016224291899095203
2025-04-14 20:00:00+00:00,20260124_203512_1ddb5484_StateSignal_SPY,0.009269161546723075,0.009269161546723075,1.1528090748287416,1.1528090748287416,0.0,0.0,1.0,0.009269161546723075
2025-04-15 20:00:00+00:00,20260124_203512_1ddb5484_StateSignal_SPY,-0.0076253499973987,-0.0076253499973987,1.144018502152995,1.144018502152995,0.0,0.0,1.0,-0.0076253499973987
2025-04-16 20:00:00+00:00,20260124_203512_1ddb5484_StateSignal_SPY,-0.0224059153546738,-0.0224059153546738,1.1183857204295742,1.1183857204295742,0.0,0.0,1.0,-0.0224059153546738
2025-04-17 20:00:00+00:00,20260124_203512_1ddb5484_StateSignal_SPY,0.0011505053904685891,0.0011505053904685891,1.1196724292295515,1.1196724292295515,0.0,0.0,1.0,0.0011505053904685891
2025-04-21 20:00:00+00:00,20260124_203512_1ddb5484_StateSignal_SPY,-0.010736209627825882,-0.010736209627825882,1.107651391314846,1.107651391314846,0.0,0.0,1.0,-0.010736209627825882
2025-04-22 20:00:00+00:00,20260124_203512_1ddb5484_StateSignal_SPY,0.01062242986658541,0.01062242986658541,1.1194173405357137,1.1194173405357137,0.0,0.0,1.0,0.01062242986658541
2025-04-23 20:00:00+00:00,20260124_203512_1ddb5484_StateSignal_SPY,-0.013773446027581904,-0.013773446027581904,1.1039991062135057,1.1039991062135057,0.0,0.0,1.0,-0.013773446027581904
2025-04-24 20:00:00+00:00,20260124_203512_1ddb5484_StateSignal_SPY,0.020608134928623026,0.020608134928623026,1.126750468755433,1.126750468755433,0.0,0.0,1.0,0.020608134928623026
2025-04-25 20:00:00+00:00,20260124_203512_1ddb5484_StateSignal_SPY,0.00750320749828704,0.00750320749828704,1.1352047113212973,1.1352047113212973,0.0,0.0,1.0,0.00750320749828704
2025-04-28 20:00:00+00:00,20260124_203512_1ddb5484_StateSignal_SPY,-0.0036176316586223724,-0.0036176316586223724,1.131097958818604,1.131097958818604,0.0,0.0,1.0,-0.0036176316586223724
2025-04-29 20:00:00+00:00,20260124_203512_1ddb5484_StateSignal_SPY,0.005457960886242894,0.005457960886242894,1.1372714472363452,1.1372714472363452,0.0,0.0,1.0,0.005457960886242894
2025-04-30 20:00:00+00:00,20260124_203512_1ddb5484_StateSignal_SPY,0.018986574377072643,0.018986574377072643,1.1588643361562192,1.1588643361562192,0.0,0.0,1.0,0.018986574377072643
2025-05-01 20:00:00+00:00,20260124_203512_1ddb5484_StateSignal_SPY,0.007888693038739951,0.007888693038739951,1.1680062611776987,1.1680062611776987,0.0,0.0,1.0,0.007888693038739951
2025-05-02 20:00:00+00:00,20260124_203512_1ddb5484_StateSignal_SPY,0.003370519200817962,0.003370519200817962,1.1719430487076739,1.1719430487076739,0.0,0.0,1.0,0.003370519200817962
2025-05-05 20:00:00+00:00,20260124_203512_1ddb5484_StateSignal_SPY,0.0017914088843623626,0.0017914088843623626,1.1740424778970957,1.1740424778970957,0.0,0.0,1.0,0.0017914088843623626
2025-05-06 20:00:00+00:00,20260124_203512_1ddb5484_StateSignal_SPY,-0.000830100201054278,-0.000830100201054278,1.1730679050001471,1.1730679050001471,0.0,0.0,1.0,-0.000830100201054278
2025-05-07 20:00:00+00:00,20260124_203512_1ddb5484_StateSignal_SPY,0.004395294751085193,0.004395294751085193,1.178223884205661,1.178223884205661,0.0,0.0,1.0,0.004395294751085193
2025-05-08 20:00:00+00:00,20260124_203512_1ddb5484_StateSignal_SPY,0.0003749966562098356,0.0003749966562098356,1.1786657142225048,1.1786657142225048,0.0,0.0,1.0,0.0003749966562098356
2025-05-09 20:00:00+00:00,20260124_203512_1ddb5484_StateSignal_SPY,-0.0014650708355780696,-0.0014650708355780696,1.1769388854597016,1.1769388854597016,0.0,0.0,1.0,-0.0014650708355780696
2025-05-12 20:00:00+00:00,20260124_203512_1ddb5484_StateSignal_SPY,0.007067412661888364,0.007067412661888364,1.1852567982410682,1.1852567982410682,0.0,0.0,1.0,0.007067412661888364
2025-05-13 20:00:00+00:00,20260124_203512_1ddb5484_StateSignal_SPY,0.00406525631780095,0.00406525631780095,1.1900751709283344,1.1900751709283344,0.0,0.0,1.0,0.00406525631780095
2025-05-14 20:00:00+00:00,20260124_203512_1ddb5484_StateSignal_SPY,-0.0003605119308405563,-0.0003605119308405563,1.1896461346306175,1.1896461346306175,0.0,0.0,1.0,-0.0003605119308405563
2025-05-15 20:00:00+00:00,20260124_203512_1ddb5484_StateSignal_SPY,0.005018293867440809,0.005018293867440809,1.195616128532459,1.195616128532459,0.0,0.0,1.0,0.005018293867440809
2025-05-16 20:00:00+00:00,20260124_203512_1ddb5484_StateSignal_SPY,0.006709834438304405,0.006709834438304405,1.2036385148066782,1.2036385148066782,0.0,0.0,1.0,0.006709834438304405
2025-05-19 20:00:00+00:00,20260124_203512_1ddb5484_StateSignal_SPY,0.007574053074809913,0.007574053074809913,1.2127549368007093,1.2127549368007093,0.0,0.0,1.0,0.007574053074809913
2025-05-20 20:00:00+00:00,20260124_203512_1ddb5484_StateSignal_SPY,-0.00011908508643513615,-0.00011908508643513615,1.2126105157742357,1.2126105157742357,0.0,0.0,1.0,-0.00011908508643513615
2025-05-21 20:00:00+00:00,20260124_203512_1ddb5484_StateSignal_SPY,-0.016865368487039088,-0.016865368487039088,1.1921593925944447,1.1921593925944447,0.0,0.0,1.0,-0.016865368487039088
2025-05-22 20:00:00+00:00,20260124_203512_1ddb5484_StateSignal_SPY,0.0,0.0,1.1921593925944447,1.1921593925944447,0.0,0.0,0.0,0.0
2025-05-23 20:00:00+00:00,20260124_203512_1ddb5484_StateSignal_SPY,0.003401690168022172,0.003401690168022172,1.1962147494789486,1.1962147494789486,0.0,0.0,1.0,0.003401690168022172
2025-05-27 20:00:00+00:00,20260124_203512_1ddb5484_StateSignal_SPY,0.009344179912582722,0.009344179912582722,1.2073923953121648,1.2073923953121648,0.0,0.0,1.0,0.009344179912582722
2025-05-28 20:00:00+00:00,20260124_203512_1ddb5484_StateSignal_SPY,-0.007879776518422938,-0.007879776518422938,1.1978784130670614,1.1978784130670614,0.0,0.0,1.0,-0.007879776518422938
2025-05-29 20:00:00+00:00,20260124_203512_1ddb5484_StateSignal_SPY,0.003665580233588496,0.003665580233588496,1.2022693325002425,1.2022693325002425,0.0,0.0,1.0,0.003665580233588496
2025-05-30 20:00:00+00:00,20260124_203512_1ddb5484_StateSignal_SPY,0.0027595681050829597,0.0027595681050829597,1.2055870766039296,1.2055870766039296,0.0,0.0,1.0,0.0027595681050829597
2025-06-02 20:00:00+00:00,20260124_203512_1ddb5484_StateSignal_SPY,0.005990443473212881,0.005990443473212881,1.2128090778383616,1.2128090778383616,0.0,0.0,1.0,0.005990443473212881
2025-06-03 20:00:00+00:00,20260124_203512_1ddb5484_StateSignal_SPY,0.005157186519747591,0.005157186519747591,1.219063760465617,1.219063760465617,0.0,0.0,1.0,0.005157186519747591
2025-06-04 20:00:00+00:00,20260124_203512_1ddb5484_StateSignal_SPY,-0.002349780049818176,-0.002349780049818176,1.2161992287618184,1.2161992287618184,0.0,0.0,1.0,-0.002349780049818176
2025-06-05 20:00:00+00:00,20260124_203512_1ddb5484_StateSignal_SPY,-0.0046830545746709504,-0.0046830545746709504,1.210503701399854,1.210503701399854,0.0,0.0,1.0,-0.0046830545746709504
2025-06-06 20:00:00+00:00,20260124_203512_1ddb5484_StateSignal_SPY,-0.0024220417532114405,-0.0024220417532114405,1.2075718108926465,1.2075718108926465,0.0,0.0,1.0,-0.0024220417532114405
2025-06-09 20:00:00+00:00,20260124_203512_1ddb5484_StateSignal_SPY,0.0,0.0,1.2075718108926465,1.2075718108926465,0.0,0.0,0.0,0.0
2025-06-10 20:00:00+00:00,20260124_203512_1ddb5484_StateSignal_SPY,0.00610647940917813,0.00610647940917813,1.2149458232909665,1.2149458232909665,0.0,0.0,1.0,0.00610647940917813
2025-06-11 20:00:00+00:00,20260124_203512_1ddb5484_StateSignal_SPY,0.0,0.0,1.2149458232909665,1.2149458232909665,0.0,0.0,0.0,-0.0
2025-06-12 20:00:00+00:00,20260124_203512_1ddb5484_StateSignal_SPY,0.0,0.0,1.2149458232909665,1.2149458232909665,0.0,0.0,0.0,0.0
2025-06-13 20:00:00+00:00,20260124_203512_1ddb5484_StateSignal_SPY,-0.004788651300932753,-0.004788651300932753,1.2091278713937013,1.2091278713937013,0.0,0.0,1.0,-0.004788651300932753
2025-06-16 20:00:00+00:00,20260124_203512_1ddb5484_StateSignal_SPY,0.009872512218243057,0.009872512218243057,1.2210650010774537,1.2210650010774537,0.0,0.0,1.0,0.009872512218243057
2025-06-17 20:00:00+00:00,20260124_203512_1ddb5484_StateSignal_SPY,-0.003958666636757578,-0.003958666636757578,1.216231211796376,1.216231211796376,0.0,0.0,1.0,-0.003958666636757578
2025-06-18 20:00:00+00:00,20260124_203512_1ddb5484_StateSignal_SPY,-0.00013503933041031423,-0.00013503933041031423,1.216066972747911,1.216066972747911,0.0,0.0,1.0,-0.00013503933041031423
2025-06-20 20:00:00+00:00,20260124_203512_1ddb5484_StateSignal_SPY,-0.00265384413567518,-0.00265384413567518,1.2128397205436956,1.2128397205436956,0.0,0.0,1.0,-0.00265384413567518
2025-06-23 20:00:00+00:00,20260124_203512_1ddb5484_StateSignal_SPY,0.009886479569990902,0.009886479569990902,1.2248304356625244,1.2248304356625244,0.0,0.0,1.0,0.009886479569990902
2025-06-24 20:00:00+00:00,20260124_203512_1ddb5484_StateSignal_SPY,0.002888256439800374,0.002888256439800374,1.22836806005599,1.22836806005599,0.0,0.0,1.0,0.002888256439800374
2025-06-25 20:00:00+00:00,20260124_203512_1ddb5484_StateSignal_SPY,-0.001787192267855472,-0.001787192267855472,1.2261727301569774,1.2261727301569774,0.0,0.0,1.0,-0.001787192267855472
2025-06-26 20:00:00+00:00,20260124_203512_1ddb5484_StateSignal_SPY,0.004348405850405687,0.004348405850405687,1.2315046268304,1.2315046268304,0.0,0.0,1.0,0.004348405850405687
2025-06-27 20:00:00+00:00,20260124_203512_1ddb5484_StateSignal_SPY,0.004771322146656528,0.004771322146656528,1.237380532130106,1.237380532130106,0.0,0.0,1.0,0.004771322146656528
2025-06-30 20:00:00+00:00,20260124_203512_1ddb5484_StateSignal_SPY,0.0023141368170892544,0.0023141368170892544,1.2402439999762578,1.2402439999762578,0.0,0.0,1.0,0.0023141368170892544
2025-07-01 20:00:00+00:00,20260124_203512_1ddb5484_StateSignal_SPY,-0.0003093278655809939,-0.0003093278655809939,1.2398603579469454,1.2398603579469454,0.0,0.0,1.0,-0.0003093278655809939
2025-07-02 20:00:00+00:00,20260124_203512_1ddb5484_StateSignal_SPY,0.005314709190309602,0.005314709190309602,1.2464498551860266,1.2464498551860266,0.0,0.0,1.0,0.005314709190309602
2025-07-03 20:00:00+00:00,20260124_203512_1ddb5484_StateSignal_SPY,0.0031083685168650727,0.0031083685168650727,1.250324280673738,1.250324280673738,0.0,0.0,1.0,0.0031083685168650727
2025-07-07 20:00:00+00:00,20260124_203512_1ddb5484_StateSignal_SPY,-0.003927690381884485,-0.003927690381884485,1.2454133940222991,1.2454133940222991,0.0,0.0,1.0,-0.003927690381884485
2025-07-08 20:00:00+00:00,20260124_203512_1ddb5484_StateSignal_SPY,-0.0013771986719722713,-0.0013771986719722713,1.2436982123499951,1.2436982123499951,0.0,0.0,1.0,-0.0013771986719722713
2025-07-09 20:00:00+00:00,20260124_203512_1ddb5484_StateSignal_SPY,-4.834693763340427e-05,-4.834693763340427e-05,1.2436380833500877,1.2436380833500877,0.0,0.0,1.0,-4.834693763340427e-05
2025-07-10 20:00:00+00:00,20260124_203512_1ddb5484_StateSignal_SPY,0.0034119289556964662,0.0034119289556964662,1.2478812881370767,1.2478812881370767,0.0,0.0,1.0,0.0034119289556964662
2025-07-11 20:00:00+00:00,20260124_203512_1ddb5484_StateSignal_SPY,0.0,0.0,1.2478812881370767,1.2478812881370767,0.0,0.0,0.0,0.0
2025-07-14 20:00:00+00:00,20260124_203512_1ddb5484_StateSignal_SPY,0.0,0.0,1.2478812881370767,1.2478812881370767,0.0,0.0,0.0,0.0
2025-07-15 20:00:00+00:00,20260124_203512_1ddb5484_StateSignal_SPY,-0.003775172268851579,-0.003775172268851579,1.2431703213032828,1.2431703213032828,0.0,0.0,1.0,-0.003775172268851579
2025-07-16 20:00:00+00:00,20260124_203512_1ddb5484_StateSignal_SPY,0.0,0.0,1.2431703213032828,1.2431703213032828,0.0,0.0,0.0,0.0
2025-07-17 20:00:00+00:00,20260124_203512_1ddb5484_StateSignal_SPY,0.0,0.0,1.2431703213032828,1.2431703213032828,0.0,0.0,0.0,0.0
2025-07-18 20:00:00+00:00,20260124_203512_1ddb5484_StateSignal_SPY,0.0,0.0,1.2431703213032828,1.2431703213032828,0.0,0.0,0.0,-0.0
2025-07-21 20:00:00+00:00,20260124_203512_1ddb5484_StateSignal_SPY,0.0,0.0,1.2431703213032828,1.2431703213032828,0.0,0.0,0.0,-0.0
2025-07-22 20:00:00+00:00,20260124_203512_1ddb5484_StateSignal_SPY,0.0,0.0,1.2431703213032828,1.2431703213032828,0.0,0.0,0.0,-0.0
2025-07-23 20:00:00+00:00,20260124_203512_1ddb5484_StateSignal_SPY,0.0,0.0,1.2431703213032828,1.2431703213032828,0.0,0.0,0.0,0.0
2025-07-24 20:00:00+00:00,20260124_203512_1ddb5484_StateSignal_SPY,0.0,0.0,1.2431703213032828,1.2431703213032828,0.0,0.0,0.0,-0.0
2025-07-25 20:00:00+00:00,20260124_203512_1ddb5484_StateSignal_SPY,0.0,0.0,1.2431703213032828,1.2431703213032828,0.0,0.0,0.0,0.0
2025-07-28 20:00:00+00:00,20260124_203512_1ddb5484_StateSignal_SPY,0.0,0.0,1.2431703213032828,1.2431703213032828,0.0,0.0,0.0,-0.0
2025-07-29 20:00:00+00:00,20260124_203512_1ddb5484_StateSignal_SPY,0.0,0.0,1.2431703213032828,1.2431703213032828,0.0,0.0,0.0,-0.0
2025-07-30 20:00:00+00:00,20260124_203512_1ddb5484_StateSignal_SPY,0.0,0.0,1.2431703213032828,1.2431703213032828,0.0,0.0,0.0,-0.0
2025-07-31 20:00:00+00:00,20260124_203512_1ddb5484_StateSignal_SPY,0.0,0.0,1.2431703213032828,1.2431703213032828,0.0,0.0,0.0,-0.0
2025-08-01 20:00:00+00:00,20260124_203512_1ddb5484_StateSignal_SPY,0.0,0.0,1.2431703213032828,1.2431703213032828,0.0,0.0,0.0,-0.0
2025-08-04 20:00:00+00:00,20260124_203512_1ddb5484_StateSignal_SPY,0.0,0.0,1.2431703213032828,1.2431703213032828,0.0,0.0,0.0,0.0
2025-08-05 20:00:00+00:00,20260124_203512_1ddb5484_StateSignal_SPY,0.0,0.0,1.2431703213032828,1.2431703213032828,0.0,0.0,0.0,-0.0
2025-08-06 20:00:00+00:00,20260124_203512_1ddb5484_StateSignal_SPY,0.0,0.0,1.2431703213032828,1.2431703213032828,0.0,0.0,0.0,0.0
2025-08-07 20:00:00+00:00,20260124_203512_1ddb5484_StateSignal_SPY,0.0,0.0,1.2431703213032828,1.2431703213032828,0.0,0.0,0.0,-0.0
2025-08-08 20:00:00+00:00,20260124_203512_1ddb5484_StateSignal_SPY,0.0,0.0,1.2431703213032828,1.2431703213032828,0.0,0.0,0.0,0.0
2025-08-11 20:00:00+00:00,20260124_203512_1ddb5484_StateSignal_SPY,0.0,0.0,1.2431703213032828,1.2431703213032828,0.0,0.0,0.0,-0.0
2025-08-12 20:00:00+00:00,20260124_203512_1ddb5484_StateSignal_SPY,0.0,0.0,1.2431703213032828,1.2431703213032828,0.0,0.0,0.0,0.0
2025-08-13 20:00:00+00:00,20260124_203512_1ddb5484_StateSignal_SPY,0.0,0.0,1.2431703213032828,1.2431703213032828,0.0,0.0,0.0,-0.0
2025-08-14 20:00:00+00:00,20260124_203512_1ddb5484_StateSignal_SPY,0.0,0.0,1.2431703213032828,1.2431703213032828,0.0,0.0,0.0,0.0
2025-08-15 20:00:00+00:00,20260124_203512_1ddb5484_StateSignal_SPY,0.0,0.0,1.2431703213032828,1.2431703213032828,0.0,0.0,0.0,-0.0
2025-08-18 20:00:00+00:00,20260124_203512_1ddb5484_StateSignal_SPY,0.0,0.0,1.2431703213032828,1.2431703213032828,0.0,0.0,0.0,-0.0
2025-08-19 20:00:00+00:00,20260124_203512_1ddb5484_StateSignal_SPY,0.0,0.0,1.2431703213032828,1.2431703213032828,0.0,0.0,0.0,-0.0
2025-08-20 20:00:00+00:00,20260124_203512_1ddb5484_StateSignal_SPY,0.0,0.0,1.2431703213032828,1.2431703213032828,0.0,0.0,0.0,-0.0
2025-08-21 20:00:00+00:00,20260124_203512_1ddb5484_StateSignal_SPY,0.0,0.0,1.2431703213032828,1.2431703213032828,0.0,0.0,0.0,-0.0
2025-08-22 20:00:00+00:00,20260124_203512_1ddb5484_StateSignal_SPY,0.0,0.0,1.2431703213032828,1.2431703213032828,0.0,0.0,0.0,0.0
2025-08-25 20:00:00+00:00,20260124_203512_1ddb5484_StateSignal_SPY,0.0,0.0,1.2431703213032828,1.2431703213032828,0.0,0.0,0.0,-0.0
2025-08-26 20:00:00+00:00,20260124_203512_1ddb5484_StateSignal_SPY,0.0,0.0,1.2431703213032828,1.2431703213032828,0.0,0.0,0.0,0.0
2025-08-27 20:00:00+00:00,20260124_203512_1ddb5484_StateSignal_SPY,0.0,0.0,1.2431703213032828,1.2431703213032828,0.0,0.0,0.0,0.0
2025-08-28 20:00:00+00:00,20260124_203512_1ddb5484_StateSignal_SPY,0.0,0.0,1.2431703213032828,1.2431703213032828,0.0,0.0,0.0,0.0
2025-08-29 20:00:00+00:00,20260124_203512_1ddb5484_StateSignal_SPY,0.0,0.0,1.2431703213032828,1.2431703213032828,0.0,0.0,0.0,-0.0
2025-09-02 20:00:00+00:00,20260124_203512_1ddb5484_StateSignal_SPY,0.0,0.0,1.2431703213032828,1.2431703213032828,0.0,0.0,0.0,0.0
2025-09-03 20:00:00+00:00,20260124_203512_1ddb5484_StateSignal_SPY,0.0,0.0,1.2431703213032828,1.2431703213032828,0.0,0.0,0.0,0.0
2025-09-04 20:00:00+00:00,20260124_203512_1ddb5484_StateSignal_SPY,0.0,0.0,1.2431703213032828,1.2431703213032828,0.0,0.0,0.0,0.0
2025-09-05 20:00:00+00:00,20260124_203512_1ddb5484_StateSignal_SPY,0.0,0.0,1.2431703213032828,1.2431703213032828,0.0,0.0,0.0,-0.0
2025-09-08 20:00:00+00:00,20260124_203512_1ddb5484_StateSignal_SPY,0.0,0.0,1.2431703213032828,1.2431703213032828,0.0,0.0,0.0,0.0
2025-09-09 20:00:00+00:00,20260124_203512_1ddb5484_StateSignal_SPY,0.0,0.0,1.2431703213032828,1.2431703213032828,0.0,0.0,0.0,0.0
2025-09-10 20:00:00+00:00,20260124_203512_1ddb5484_StateSignal_SPY,0.0,0.0,1.2431703213032828,1.2431703213032828,0.0,0.0,0.0,-0.0
2025-09-11 20:00:00+00:00,20260124_203512_1ddb5484_StateSignal_SPY,0.0,0.0,1.2431703213032828,1.2431703213032828,0.0,0.0,0.0,0.0
2025-09-12 20:00:00+00:00,20260124_203512_1ddb5484_StateSignal_SPY,0.0,0.0,1.2431703213032828,1.2431703213032828,0.0,0.0,0.0,0.0
2025-09-15 20:00:00+00:00,20260124_203512_1ddb5484_StateSignal_SPY,0.0,0.0,1.2431703213032828,1.2431703213032828,0.0,0.0,0.0,0.0
2025-09-16 20:00:00+00:00,20260124_203512_1ddb5484_StateSignal_SPY,0.0,0.0,1.2431703213032828,1.2431703213032828,0.0,0.0,0.0,-0.0
2025-09-17 20:00:00+00:00,20260124_203512_1ddb5484_StateSignal_SPY,0.0,0.0,1.2431703213032828,1.2431703213032828,0.0,0.0,0.0,-0.0
2025-09-18 20:00:00+00:00,20260124_203512_1ddb5484_StateSignal_SPY,0.0,0.0,1.2431703213032828,1.2431703213032828,0.0,0.0,0.0,0.0
2025-09-19 20:00:00+00:00,20260124_203512_1ddb5484_StateSignal_SPY,0.0,0.0,1.2431703213032828,1.2431703213032828,0.0,0.0,0.0,0.0
2025-09-22 20:00:00+00:00,20260124_203512_1ddb5484_StateSignal_SPY,0.0,0.0,1.2431703213032828,1.2431703213032828,0.0,0.0,0.0,0.0
2025-09-23 20:00:00+00:00,20260124_203512_1ddb5484_StateSignal_SPY,0.0,0.0,1.2431703213032828,1.2431703213032828,0.0,0.0,0.0,-0.0
2025-09-24 20:00:00+00:00,20260124_203512_1ddb5484_StateSignal_SPY,0.0,0.0,1.2431703213032828,1.2431703213032828,0.0,0.0,0.0,-0.0
2025-09-25 20:00:00+00:00,20260124_203512_1ddb5484_StateSignal_SPY,0.0,0.0,1.2431703213032828,1.2431703213032828,0.0,0.0,0.0,0.0
2025-09-26 20:00:00+00:00,20260124_203512_1ddb5484_StateSignal_SPY,0.0,0.0,1.2431703213032828,1.2431703213032828,0.0,0.0,0.0,0.0
2025-09-29 20:00:00+00:00,20260124_203512_1ddb5484_StateSignal_SPY,0.0,0.0,1.2431703213032828,1.2431703213032828,0.0,0.0,0.0,-0.0
2025-09-30 20:00:00+00:00,20260124_203512_1ddb5484_StateSignal_SPY,0.0,0.0,1.2431703213032828,1.2431703213032828,0.0,0.0,0.0,0.0
2025-10-01 20:00:00+00:00,20260124_203512_1ddb5484_StateSignal_SPY,0.0,0.0,1.2431703213032828,1.2431703213032828,0.0,0.0,0.0,0.0
2025-10-02 20:00:00+00:00,20260124_203512_1ddb5484_StateSignal_SPY,0.0,0.0,1.2431703213032828,1.2431703213032828,0.0,0.0,0.0,0.0
2025-10-03 20:00:00+00:00,20260124_203512_1ddb5484_StateSignal_SPY,0.0,0.0,1.2431703213032828,1.2431703213032828,0.0,0.0,0.0,-0.0
2025-10-06 20:00:00+00:00,20260124_203512_1ddb5484_StateSignal_SPY,0.0,0.0,1.2431703213032828,1.2431703213032828,0.0,0.0,0.0,0.0
2025-10-07 20:00:00+00:00,20260124_203512_1ddb5484_StateSignal_SPY,0.0,0.0,1.2431703213032828,1.2431703213032828,0.0,0.0,0.0,-0.0
2025-10-08 20:00:00+00:00,20260124_203512_1ddb5484_StateSignal_SPY,0.0,0.0,1.2431703213032828,1.2431703213032828,0.0,0.0,0.0,0.0
2025-10-09 20:00:00+00:00,20260124_203512_1ddb5484_StateSignal_SPY,0.0,0.0,1.2431703213032828,1.2431703213032828,0.0,0.0,0.0,-0.0
2025-10-10 20:00:00+00:00,20260124_203512_1ddb5484_StateSignal_SPY,0.0,0.0,1.2431703213032828,1.2431703213032828,0.0,0.0,0.0,-0.0
2025-10-13 20:00:00+00:00,20260124_203512_1ddb5484_StateSignal_SPY,0.0,0.0,1.2431703213032828,1.2431703213032828,0.0,0.0,0.0,0.0
2025-10-14 20:00:00+00:00,20260124_203512_1ddb5484_StateSignal_SPY,0.0,0.0,1.2431703213032828,1.2431703213032828,0.0,0.0,0.0,0.0
2025-10-15 20:00:00+00:00,20260124_203512_1ddb5484_StateSignal_SPY,0.0,0.0,1.2431703213032828,1.2431703213032828,0.0,0.0,0.0,-0.0
2025-10-16 20:00:00+00:00,20260124_203512_1ddb5484_StateSignal_SPY,0.0,0.0,1.2431703213032828,1.2431703213032828,0.0,0.0,0.0,-0.0
2025-10-17 20:00:00+00:00,20260124_203512_1ddb5484_StateSignal_SPY,0.0,0.0,1.2431703213032828,1.2431703213032828,0.0,0.0,0.0,0.0
2025-10-20 20:00:00+00:00,20260124_203512_1ddb5484_StateSignal_SPY,0.0,0.0,1.2431703213032828,1.2431703213032828,0.0,0.0,0.0,0.0
2025-10-21 20:00:00+00:00,20260124_203512_1ddb5484_StateSignal_SPY,0.0,0.0,1.2431703213032828,1.2431703213032828,0.0,0.0,0.0,0.0
2025-10-22 20:00:00+00:00,20260124_203512_1ddb5484_StateSignal_SPY,0.0,0.0,1.2431703213032828,1.2431703213032828,0.0,0.0,0.0,-0.0
2025-10-23 20:00:00+00:00,20260124_203512_1ddb5484_StateSignal_SPY,0.0,0.0,1.2431703213032828,1.2431703213032828,0.0,0.0,0.0,0.0
2025-10-24 20:00:00+00:00,20260124_203512_1ddb5484_StateSignal_SPY,0.0,0.0,1.2431703213032828,1.2431703213032828,0.0,0.0,0.0,-0.0
2025-10-27 20:00:00+00:00,20260124_203512_1ddb5484_StateSignal_SPY,0.0,0.0,1.2431703213032828,1.2431703213032828,0.0,0.0,0.0,0.0
2025-10-28 20:00:00+00:00,20260124_203512_1ddb5484_StateSignal_SPY,0.0,0.0,1.2431703213032828,1.2431703213032828,0.0,0.0,0.0,0.0
2025-10-29 20:00:00+00:00,20260124_203512_1ddb5484_StateSignal_SPY,0.0,0.0,1.2431703213032828,1.2431703213032828,0.0,0.0,0.0,-0.0
2025-10-30 20:00:00+00:00,20260124_203512_1ddb5484_StateSignal_SPY,0.0,0.0,1.2431703213032828,1.2431703213032828,0.0,0.0,0.0,-0.0
2025-10-31 20:00:00+00:00,20260124_203512_1ddb5484_StateSignal_SPY,0.0,0.0,1.2431703213032828,1.2431703213032828,0.0,0.0,0.0,0.0
2025-11-03 21:00:00+00:00,20260124_203512_1ddb5484_StateSignal_SPY,0.0,0.0,1.2431703213032828,1.2431703213032828,0.0,0.0,0.0,0.0
2025-11-04 21:00:00+00:00,20260124_203512_1ddb5484_StateSignal_SPY,0.0,0.0,1.2431703213032828,1.2431703213032828,0.0,0.0,0.0,-0.0
2025-11-05 21:00:00+00:00,20260124_203512_1ddb5484_StateSignal_SPY,0.0,0.0,1.2431703213032828,1.2431703213032828,0.0,0.0,0.0,0.0
2025-11-06 21:00:00+00:00,20260124_203512_1ddb5484_StateSignal_SPY,0.0,0.0,1.2431703213032828,1.2431703213032828,0.0,0.0,0.0,-0.0
2025-11-07 21:00:00+00:00,20260124_203512_1ddb5484_StateSignal_SPY,0.0,0.0,1.2431703213032828,1.2431703213032828,0.0,0.0,0.0,0.0
2025-11-10 21:00:00+00:00,20260124_203512_1ddb5484_StateSignal_SPY,0.0,0.0,1.2431703213032828,1.2431703213032828,0.0,0.0,0.0,0.0
2025-11-11 21:00:00+00:00,20260124_203512_1ddb5484_StateSignal_SPY,0.0,0.0,1.2431703213032828,1.2431703213032828,0.0,0.0,0.0,0.0
2025-11-12 21:00:00+00:00,20260124_203512_1ddb5484_StateSignal_SPY,0.0,0.0,1.2431703213032828,1.2431703213032828,0.0,0.0,0.0,-0.0
2025-11-13 21:00:00+00:00,20260124_203512_1ddb5484_StateSignal_SPY,0.0,0.0,1.2431703213032828,1.2431703213032828,0.0,0.0,0.0,-0.0
2025-11-14 21:00:00+00:00,20260124_203512_1ddb5484_StateSignal_SPY,0.0,0.0,1.2431703213032828,1.2431703213032828,0.0,0.0,0.0,0.0
2025-11-17 21:00:00+00:00,20260124_203512_1ddb5484_StateSignal_SPY,0.0,0.0,1.2431703213032828,1.2431703213032828,0.0,0.0,0.0,-0.0
2025-11-18 21:00:00+00:00,20260124_203512_1ddb5484_StateSignal_SPY,0.0,0.0,1.2431703213032828,1.2431703213032828,0.0,0.0,0.0,-0.0
2025-11-19 21:00:00+00:00,20260124_203512_1ddb5484_StateSignal_SPY,0.0,0.0,1.2431703213032828,1.2431703213032828,0.0,0.0,0.0,-0.0
2025-11-20 21:00:00+00:00,20260124_203512_1ddb5484_StateSignal_SPY,0.0,0.0,1.2431703213032828,1.2431703213032828,0.0,0.0,0.0,-0.0
2025-11-21 21:00:00+00:00,20260124_203512_1ddb5484_StateSignal_SPY,0.0,0.0,1.2431703213032828,1.2431703213032828,0.0,0.0,0.0,0.0
2025-11-24 21:00:00+00:00,20260124_203512_1ddb5484_StateSignal_SPY,0.0,0.0,1.2431703213032828,1.2431703213032828,0.0,0.0,0.0,0.0
2025-11-25 21:00:00+00:00,20260124_203512_1ddb5484_StateSignal_SPY,0.0,0.0,1.2431703213032828,1.2431703213032828,0.0,0.0,0.0,0.0
2025-11-26 21:00:00+00:00,20260124_203512_1ddb5484_StateSignal_SPY,0.0,0.0,1.2431703213032828,1.2431703213032828,0.0,0.0,0.0,0.0
2025-11-28 21:00:00+00:00,20260124_203512_1ddb5484_StateSignal_SPY,0.0,0.0,1.2431703213032828,1.2431703213032828,0.0,0.0,0.0,0.0
2025-12-01 21:00:00+00:00,20260124_203512_1ddb5484_StateSignal_SPY,0.0,0.0,1.2431703213032828,1.2431703213032828,0.0,0.0,0.0,0.0
2025-12-02 21:00:00+00:00,20260124_203512_1ddb5484_StateSignal_SPY,0.0,0.0,1.2431703213032828,1.2431703213032828,0.0,0.0,0.0,-0.0
2025-12-03 21:00:00+00:00,20260124_203512_1ddb5484_StateSignal_SPY,0.0,0.0,1.2431703213032828,1.2431703213032828,0.0,0.0,0.0,0.0
2025-12-04 21:00:00+00:00,20260124_203512_1ddb5484_StateSignal_SPY,0.0,0.0,1.2431703213032828,1.2431703213032828,0.0,0.0,0.0,0.0
2025-12-05 21:00:00+00:00,20260124_203512_1ddb5484_StateSignal_SPY,0.0,0.0,1.2431703213032828,1.2431703213032828,0.0,0.0,0.0,-0.0
2025-12-08 21:00:00+00:00,20260124_203512_1ddb5484_StateSignal_SPY,0.0,0.0,1.2431703213032828,1.2431703213032828,0.0,0.0,0.0,-0.0
2025-12-09 21:00:00+00:00,20260124_203512_1ddb5484_StateSignal_SPY,0.0,0.0,1.2431703213032828,1.2431703213032828,0.0,0.0,0.0,-0.0
2025-12-10 21:00:00+00:00,20260124_203512_1ddb5484_StateSignal_SPY,0.0,0.0,1.2431703213032828,1.2431703213032828,0.0,0.0,0.0,0.0
2025-12-11 21:00:00+00:00,20260124_203512_1ddb5484_StateSignal_SPY,0.0,0.0,1.2431703213032828,1.2431703213032828,0.0,0.0,0.0,0.0
2025-12-12 21:00:00+00:00,20260124_203512_1ddb5484_StateSignal_SPY,0.0,0.0,1.2431703213032828,1.2431703213032828,0.0,0.0,0.0,-0.0
2025-12-15 21:00:00+00:00,20260124_203512_1ddb5484_StateSignal_SPY,0.0,0.0,1.2431703213032828,1.2431703213032828,0.0,0.0,0.0,-0.0
2025-12-16 21:00:00+00:00,20260124_203512_1ddb5484_StateSignal_SPY,0.0,0.0,1.2431703213032828,1.2431703213032828,0.0,0.0,0.0,-0.0
2025-12-17 21:00:00+00:00,20260124_203512_1ddb5484_StateSignal_SPY,0.0,0.0,1.2431703213032828,1.2431703213032828,0.0,0.0,0.0,-0.0
2025-12-18 21:00:00+00:00,20260124_203512_1ddb5484_StateSignal_SPY,0.0,0.0,1.2431703213032828,1.2431703213032828,0.0,0.0,0.0,0.0
2025-12-19 21:00:00+00:00,20260124_203512_1ddb5484_StateSignal_SPY,0.0,0.0,1.2431703213032828,1.2431703213032828,0.0,0.0,0.0,0.0
2025-12-22 21:00:00+00:00,20260124_203512_1ddb5484_StateSignal_SPY,0.0,0.0,1.2431703213032828,1.2431703213032828,0.0,0.0,0.0,0.0
2025-12-23 21:00:00+00:00,20260124_203512_1ddb5484_StateSignal_SPY,0.0,0.0,1.2431703213032828,1.2431703213032828,0.0,0.0,0.0,0.0
2025-12-24 21:00:00+00:00,20260124_203512_1ddb5484_StateSignal_SPY,0.0,0.0,1.2431703213032828,1.2431703213032828,0.0,0.0,0.0,0.0
2025-12-26 21:00:00+00:00,20260124_203512_1ddb5484_StateSignal_SPY,0.0,0.0,1.2431703213032828,1.2431703213032828,0.0,0.0,0.0,-0.0
2025-12-29 21:00:00+00:00,20260124_203512_1ddb5484_StateSignal_SPY,0.0,0.0,1.2431703213032828,1.2431703213032828,0.0,0.0,0.0,-0.0
2025-12-30 21:00:00+00:00,20260124_203512_1ddb5484_StateSignal_SPY,0.0,0.0,1.2431703213032828,1.2431703213032828,0.0,0.0,0.0,-0.0
2025-12-31 21:00:00+00:00,20260124_203512_1ddb5484_StateSignal_SPY,0.0,0.0,1.2431703213032828,1.2431703213032828,0.0,0.0,0.0,-0.0
2026-01-02 21:00:00+00:00,20260124_203512_1ddb5484_StateSignal_SPY,0.0,0.0,1.2431703213032828,1.2431703213032828,0.0,0.0,0.0,0.0
2026-01-05 21:00:00+00:00,20260124_203512_1ddb5484_StateSignal_SPY,0.0,0.0,1.2431703213032828,1.2431703213032828,0.0,0.0,0.0,0.0
2026-01-06 21:00:00+00:00,20260124_203512_1ddb5484_StateSignal_SPY,0.0,0.0,1.2431703213032828,1.2431703213032828,0.0,0.0,0.0,0.0
2026-01-07 21:00:00+00:00,20260124_203512_1ddb5484_StateSignal_SPY,0.0,0.0,1.2431703213032828,1.2431703213032828,0.0,0.0,0.0,-0.0
2026-01-08 21:00:00+00:00,20260124_203512_1ddb5484_StateSignal_SPY,0.0,0.0,1.2431703213032828,1.2431703213032828,0.0,0.0,0.0,0.0
2026-01-09 21:00:00+00:00,20260124_203512_1ddb5484_StateSignal_SPY,0.0,0.0,1.2431703213032828,1.2431703213032828,0.0,0.0,0.0,0.0
2026-01-12 21:00:00+00:00,20260124_203512_1ddb5484_StateSignal_SPY,0.0,0.0,1.2431703213032828,1.2431703213032828,0.0,0.0,0.0,0.0
2026-01-13 21:00:00+00:00,20260124_203512_1ddb5484_StateSignal_SPY,0.0,0.0,1.2431703213032828,1.2431703213032828,0.0,0.0,0.0,-0.0
2026-01-14 21:00:00+00:00,20260124_203512_1ddb5484_StateSignal_SPY,0.0,0.0,1.2431703213032828,1.2431703213032828,0.0,0.0,0.0,-0.0
2026-01-15 21:00:00+00:00,20260124_203512_1ddb5484_StateSignal_SPY,0.0,0.0,1.2431703213032828,1.2431703213032828,0.0,0.0,0.0,0.0
2026-01-16 21:00:00+00:00,20260124_203512_1ddb5484_StateSignal_SPY,0.0,0.0,1.2431703213032828,1.2431703213032828,0.0,0.0,0.0,-0.0
