timestamp,run_id,port_ret_gross,port_ret_net,equity_gross,equity_net,turnover,cost,weight_XLE,asset_ret_gross_XLE
2021-01-05 00:00:00+00:00,20260201_193428_96b4cb66_StateSignal_XLE,0.0,0.0,1.0,1.0,0.0,0.0,0.0,-0.0
2021-01-06 00:00:00+00:00,20260201_193428_96b4cb66_StateSignal_XLE,0.0,0.0,1.0,1.0,0.0,0.0,0.0,0.0
2021-01-07 00:00:00+00:00,20260201_193428_96b4cb66_StateSignal_XLE,0.0,0.0,1.0,1.0,0.0,0.0,0.0,0.0
2021-01-08 00:00:00+00:00,20260201_193428_96b4cb66_StateSignal_XLE,0.0,0.0,1.0,1.0,0.0,0.0,0.0,0.0
2021-01-11 00:00:00+00:00,20260201_193428_96b4cb66_StateSignal_XLE,0.0,0.0,1.0,1.0,0.0,0.0,0.0,0.0
2021-01-12 00:00:00+00:00,20260201_193428_96b4cb66_StateSignal_XLE,0.0,0.0,1.0,1.0,0.0,0.0,0.0,0.0
2021-01-13 00:00:00+00:00,20260201_193428_96b4cb66_StateSignal_XLE,0.0,0.0,1.0,1.0,0.0,0.0,0.0,0.0
2021-01-14 00:00:00+00:00,20260201_193428_96b4cb66_StateSignal_XLE,0.0,0.0,1.0,1.0,0.0,0.0,0.0,-0.0
2021-01-15 00:00:00+00:00,20260201_193428_96b4cb66_StateSignal_XLE,0.0,0.0,1.0,1.0,0.0,0.0,0.0,0.0
2021-01-19 00:00:00+00:00,20260201_193428_96b4cb66_StateSignal_XLE,0.0,0.0,1.0,1.0,0.0,0.0,0.0,-0.0
2021-01-20 00:00:00+00:00,20260201_193428_96b4cb66_StateSignal_XLE,0.0,0.0,1.0,1.0,0.0,0.0,0.0,0.0
2021-01-21 00:00:00+00:00,20260201_193428_96b4cb66_StateSignal_XLE,0.0,0.0,1.0,1.0,0.0,0.0,0.0,-0.0
2021-01-22 00:00:00+00:00,20260201_193428_96b4cb66_StateSignal_XLE,0.0,0.0,1.0,1.0,0.0,0.0,0.0,-0.0
2021-01-25 00:00:00+00:00,20260201_193428_96b4cb66_StateSignal_XLE,0.0,0.0,1.0,1.0,0.0,0.0,0.0,-0.0
2021-01-26 00:00:00+00:00,20260201_193428_96b4cb66_StateSignal_XLE,0.0,0.0,1.0,1.0,0.0,0.0,0.0,-0.0
2021-01-27 00:00:00+00:00,20260201_193428_96b4cb66_StateSignal_XLE,0.0,0.0,1.0,1.0,0.0,0.0,0.0,-0.0
2021-01-28 00:00:00+00:00,20260201_193428_96b4cb66_StateSignal_XLE,0.0,0.0,1.0,1.0,0.0,0.0,0.0,-0.0
2021-01-29 00:00:00+00:00,20260201_193428_96b4cb66_StateSignal_XLE,0.0,0.0,1.0,1.0,0.0,0.0,0.0,-0.0
2021-02-01 00:00:00+00:00,20260201_193428_96b4cb66_StateSignal_XLE,0.0,0.0,1.0,1.0,0.0,0.0,0.0,-0.0
2021-02-02 00:00:00+00:00,20260201_193428_96b4cb66_StateSignal_XLE,0.0,0.0,1.0,1.0,0.0,0.0,0.0,-0.0
2021-02-03 00:00:00+00:00,20260201_193428_96b4cb66_StateSignal_XLE,0.0,0.0,1.0,1.0,0.0,0.0,0.0,0.0
2021-02-04 00:00:00+00:00,20260201_193428_96b4cb66_StateSignal_XLE,0.0,0.0,1.0,1.0,0.0,0.0,0.0,0.0
2021-02-05 00:00:00+00:00,20260201_193428_96b4cb66_StateSignal_XLE,0.0,0.0,1.0,1.0,0.0,0.0,0.0,0.0
2021-02-08 00:00:00+00:00,20260201_193428_96b4cb66_StateSignal_XLE,0.0,0.0,1.0,1.0,0.0,0.0,0.0,0.0
2021-02-09 00:00:00+00:00,20260201_193428_96b4cb66_StateSignal_XLE,0.0,0.0,1.0,1.0,0.0,0.0,0.0,0.0
2021-02-10 00:00:00+00:00,20260201_193428_96b4cb66_StateSignal_XLE,0.0,0.0,1.0,1.0,0.0,0.0,0.0,-0.0
2021-02-11 00:00:00+00:00,20260201_193428_96b4cb66_StateSignal_XLE,0.0,0.0,1.0,1.0,0.0,0.0,0.0,0.0
2021-02-12 00:00:00+00:00,20260201_193428_96b4cb66_StateSignal_XLE,0.0,0.0,1.0,1.0,0.0,0.0,0.0,-0.0
2021-02-16 00:00:00+00:00,20260201_193428_96b4cb66_StateSignal_XLE,0.0,0.0,1.0,1.0,0.0,0.0,0.0,0.0
2021-02-17 00:00:00+00:00,20260201_193428_96b4cb66_StateSignal_XLE,0.0,0.0,1.0,1.0,0.0,0.0,0.0,0.0
2021-02-18 00:00:00+00:00,20260201_193428_96b4cb66_StateSignal_XLE,0.0,0.0,1.0,1.0,0.0,0.0,0.0,0.0
2021-02-19 00:00:00+00:00,20260201_193428_96b4cb66_StateSignal_XLE,0.0,0.0,1.0,1.0,0.0,0.0,0.0,0.0
2021-02-22 00:00:00+00:00,20260201_193428_96b4cb66_StateSignal_XLE,0.0,0.0,1.0,1.0,0.0,0.0,0.0,0.0
2021-02-23 00:00:00+00:00,20260201_193428_96b4cb66_StateSignal_XLE,0.0,0.0,1.0,1.0,0.0,0.0,0.0,0.0
2021-02-24 00:00:00+00:00,20260201_193428_96b4cb66_StateSignal_XLE,0.0,0.0,1.0,1.0,0.0,0.0,0.0,-0.0
2021-02-25 00:00:00+00:00,20260201_193428_96b4cb66_StateSignal_XLE,0.0,0.0,1.0,1.0,0.0,0.0,0.0,0.0
2021-02-26 00:00:00+00:00,20260201_193428_96b4cb66_StateSignal_XLE,0.0,0.0,1.0,1.0,0.0,0.0,0.0,-0.0
2021-03-01 00:00:00+00:00,20260201_193428_96b4cb66_StateSignal_XLE,0.0,0.0,1.0,1.0,0.0,0.0,0.0,-0.0
2021-03-02 00:00:00+00:00,20260201_193428_96b4cb66_StateSignal_XLE,0.0,0.0,1.0,1.0,0.0,0.0,0.0,0.0
2021-03-03 00:00:00+00:00,20260201_193428_96b4cb66_StateSignal_XLE,0.0,0.0,1.0,1.0,0.0,0.0,0.0,-0.0
2021-03-04 00:00:00+00:00,20260201_193428_96b4cb66_StateSignal_XLE,0.0,0.0,1.0,1.0,0.0,0.0,0.0,0.0
2021-03-05 00:00:00+00:00,20260201_193428_96b4cb66_StateSignal_XLE,0.0,0.0,1.0,1.0,0.0,0.0,0.0,0.0
2021-03-08 00:00:00+00:00,20260201_193428_96b4cb66_StateSignal_XLE,0.0,0.0,1.0,1.0,0.0,0.0,0.0,0.0
2021-03-09 00:00:00+00:00,20260201_193428_96b4cb66_StateSignal_XLE,0.0,0.0,1.0,1.0,0.0,0.0,0.0,0.0
2021-03-10 00:00:00+00:00,20260201_193428_96b4cb66_StateSignal_XLE,0.0,0.0,1.0,1.0,0.0,0.0,0.0,0.0
2021-03-11 00:00:00+00:00,20260201_193428_96b4cb66_StateSignal_XLE,0.0,0.0,1.0,1.0,0.0,0.0,0.0,-0.0
2021-03-12 00:00:00+00:00,20260201_193428_96b4cb66_StateSignal_XLE,0.0,0.0,1.0,1.0,0.0,0.0,0.0,0.0
2021-03-15 00:00:00+00:00,20260201_193428_96b4cb66_StateSignal_XLE,0.0,0.0,1.0,1.0,0.0,0.0,0.0,-0.0
2021-03-16 00:00:00+00:00,20260201_193428_96b4cb66_StateSignal_XLE,0.0,0.0,1.0,1.0,0.0,0.0,0.0,-0.0
2021-03-17 00:00:00+00:00,20260201_193428_96b4cb66_StateSignal_XLE,0.0,0.0,1.0,1.0,0.0,0.0,0.0,-0.0
2021-03-18 00:00:00+00:00,20260201_193428_96b4cb66_StateSignal_XLE,0.0,0.0,1.0,1.0,0.0,0.0,0.0,-0.0
2021-03-19 00:00:00+00:00,20260201_193428_96b4cb66_StateSignal_XLE,0.0,0.0,1.0,1.0,0.0,0.0,0.0,-0.0
2021-03-22 00:00:00+00:00,20260201_193428_96b4cb66_StateSignal_XLE,0.0,0.0,1.0,1.0,0.0,0.0,0.0,-0.0
2021-03-23 00:00:00+00:00,20260201_193428_96b4cb66_StateSignal_XLE,0.0,0.0,1.0,1.0,0.0,0.0,0.0,-0.0
2021-03-24 00:00:00+00:00,20260201_193428_96b4cb66_StateSignal_XLE,0.0,0.0,1.0,1.0,0.0,0.0,0.0,-0.0
2021-03-25 00:00:00+00:00,20260201_193428_96b4cb66_StateSignal_XLE,0.0,0.0,1.0,1.0,0.0,0.0,0.0,0.0
2021-03-26 00:00:00+00:00,20260201_193428_96b4cb66_StateSignal_XLE,0.0,0.0,1.0,1.0,0.0,0.0,0.0,-0.0
2021-03-29 00:00:00+00:00,20260201_193428_96b4cb66_StateSignal_XLE,0.0,0.0,1.0,1.0,0.0,0.0,0.0,0.0
2021-03-30 00:00:00+00:00,20260201_193428_96b4cb66_StateSignal_XLE,0.0,0.0,1.0,1.0,0.0,0.0,0.0,0.0
2021-03-31 00:00:00+00:00,20260201_193428_96b4cb66_StateSignal_XLE,0.0,0.0,1.0,1.0,0.0,0.0,0.0,-0.0
2021-04-01 00:00:00+00:00,20260201_193428_96b4cb66_StateSignal_XLE,0.0,0.0,1.0,1.0,0.0,0.0,0.0,-0.0
2021-04-05 00:00:00+00:00,20260201_193428_96b4cb66_StateSignal_XLE,0.0,0.0,1.0,1.0,0.0,0.0,0.0,0.0
2021-04-06 00:00:00+00:00,20260201_193428_96b4cb66_StateSignal_XLE,0.0,0.0,1.0,1.0,0.0,0.0,0.0,0.0
2021-04-07 00:00:00+00:00,20260201_193428_96b4cb66_StateSignal_XLE,0.0,0.0,1.0,1.0,0.0,0.0,0.0,-0.0
2021-04-08 00:00:00+00:00,20260201_193428_96b4cb66_StateSignal_XLE,0.0,0.0,1.0,1.0,0.0,0.0,0.0,-0.0
2021-04-09 00:00:00+00:00,20260201_193428_96b4cb66_StateSignal_XLE,0.0,0.0,1.0,1.0,0.0,0.0,0.0,-0.0
2021-04-12 00:00:00+00:00,20260201_193428_96b4cb66_StateSignal_XLE,0.0,0.0,1.0,1.0,0.0,0.0,0.0,-0.0
2021-04-13 00:00:00+00:00,20260201_193428_96b4cb66_StateSignal_XLE,0.0,0.0,1.0,1.0,0.0,0.0,0.0,-0.0
2021-04-14 00:00:00+00:00,20260201_193428_96b4cb66_StateSignal_XLE,0.0,0.0,1.0,1.0,0.0,0.0,0.0,-0.0
2021-04-15 00:00:00+00:00,20260201_193428_96b4cb66_StateSignal_XLE,0.0,0.0,1.0,1.0,0.0,0.0,0.0,0.0
2021-04-16 00:00:00+00:00,20260201_193428_96b4cb66_StateSignal_XLE,0.0,0.0,1.0,1.0,0.0,0.0,0.0,-0.0
2021-04-19 00:00:00+00:00,20260201_193428_96b4cb66_StateSignal_XLE,0.0,0.0,1.0,1.0,0.0,0.0,0.0,-0.0
2021-04-20 00:00:00+00:00,20260201_193428_96b4cb66_StateSignal_XLE,0.0,0.0,1.0,1.0,0.0,0.0,0.0,-0.0
2021-04-21 00:00:00+00:00,20260201_193428_96b4cb66_StateSignal_XLE,0.0,0.0,1.0,1.0,0.0,0.0,0.0,-0.0
2021-04-22 00:00:00+00:00,20260201_193428_96b4cb66_StateSignal_XLE,0.0,0.0,1.0,1.0,0.0,0.0,0.0,0.0
2021-04-23 00:00:00+00:00,20260201_193428_96b4cb66_StateSignal_XLE,0.0,0.0,1.0,1.0,0.0,0.0,0.0,-0.0
2021-04-26 00:00:00+00:00,20260201_193428_96b4cb66_StateSignal_XLE,0.0,0.0,1.0,1.0,0.0,0.0,0.0,-0.0
2021-04-27 00:00:00+00:00,20260201_193428_96b4cb66_StateSignal_XLE,0.0,0.0,1.0,1.0,0.0,0.0,0.0,0.0
2021-04-28 00:00:00+00:00,20260201_193428_96b4cb66_StateSignal_XLE,0.0,0.0,1.0,1.0,0.0,0.0,0.0,0.0
2021-04-29 00:00:00+00:00,20260201_193428_96b4cb66_StateSignal_XLE,0.0,0.0,1.0,1.0,0.0,0.0,0.0,0.0
2021-04-30 00:00:00+00:00,20260201_193428_96b4cb66_StateSignal_XLE,0.0,0.0,1.0,1.0,0.0,0.0,0.0,0.0
2021-05-03 00:00:00+00:00,20260201_193428_96b4cb66_StateSignal_XLE,0.0,0.0,1.0,1.0,0.0,0.0,0.0,-0.0
2021-05-04 00:00:00+00:00,20260201_193428_96b4cb66_StateSignal_XLE,0.0,0.0,1.0,1.0,0.0,0.0,0.0,0.0
2021-05-05 00:00:00+00:00,20260201_193428_96b4cb66_StateSignal_XLE,0.0,0.0,1.0,1.0,0.0,0.0,0.0,0.0
2021-05-06 00:00:00+00:00,20260201_193428_96b4cb66_StateSignal_XLE,0.0,0.0,1.0,1.0,0.0,0.0,0.0,0.0
2021-05-07 00:00:00+00:00,20260201_193428_96b4cb66_StateSignal_XLE,0.0,0.0,1.0,1.0,0.0,0.0,0.0,-0.0
2021-05-10 00:00:00+00:00,20260201_193428_96b4cb66_StateSignal_XLE,0.0,0.0,1.0,1.0,0.0,0.0,0.0,0.0
2021-05-11 00:00:00+00:00,20260201_193428_96b4cb66_StateSignal_XLE,0.0,0.0,1.0,1.0,0.0,0.0,0.0,0.0
2021-05-12 00:00:00+00:00,20260201_193428_96b4cb66_StateSignal_XLE,0.0,0.0,1.0,1.0,0.0,0.0,0.0,-0.0
2021-05-13 00:00:00+00:00,20260201_193428_96b4cb66_StateSignal_XLE,0.0,0.0,1.0,1.0,0.0,0.0,0.0,0.0
2021-05-14 00:00:00+00:00,20260201_193428_96b4cb66_StateSignal_XLE,0.0,0.0,1.0,1.0,0.0,0.0,0.0,-0.0
2021-05-17 00:00:00+00:00,20260201_193428_96b4cb66_StateSignal_XLE,0.0,0.0,1.0,1.0,0.0,0.0,0.0,0.0
2021-05-18 00:00:00+00:00,20260201_193428_96b4cb66_StateSignal_XLE,0.0,0.0,1.0,1.0,0.0,0.0,0.0,0.0
2021-05-19 00:00:00+00:00,20260201_193428_96b4cb66_StateSignal_XLE,0.0,0.0,1.0,1.0,0.0,0.0,0.0,0.0
2021-05-20 00:00:00+00:00,20260201_193428_96b4cb66_StateSignal_XLE,0.0,0.0,1.0,1.0,0.0,0.0,0.0,-0.0
2021-05-21 00:00:00+00:00,20260201_193428_96b4cb66_StateSignal_XLE,0.0,0.0,1.0,1.0,0.0,0.0,0.0,-0.0
2021-05-24 00:00:00+00:00,20260201_193428_96b4cb66_StateSignal_XLE,0.0,0.0,1.0,1.0,0.0,0.0,0.0,0.0
2021-05-25 00:00:00+00:00,20260201_193428_96b4cb66_StateSignal_XLE,0.0,0.0,1.0,1.0,0.0,0.0,0.0,-0.0
2021-05-26 00:00:00+00:00,20260201_193428_96b4cb66_StateSignal_XLE,0.0,0.0,1.0,1.0,0.0,0.0,0.0,-0.0
2021-05-27 00:00:00+00:00,20260201_193428_96b4cb66_StateSignal_XLE,0.0,0.0,1.0,1.0,0.0,0.0,0.0,0.0
2021-05-28 00:00:00+00:00,20260201_193428_96b4cb66_StateSignal_XLE,0.0,0.0,1.0,1.0,0.0,0.0,0.0,0.0
2021-06-01 00:00:00+00:00,20260201_193428_96b4cb66_StateSignal_XLE,0.0,0.0,1.0,1.0,0.0,0.0,0.0,-0.0
2021-06-02 00:00:00+00:00,20260201_193428_96b4cb66_StateSignal_XLE,0.0,0.0,1.0,1.0,0.0,0.0,0.0,0.0
2021-06-03 00:00:00+00:00,20260201_193428_96b4cb66_StateSignal_XLE,0.0,0.0,1.0,1.0,0.0,0.0,0.0,0.0
2021-06-04 00:00:00+00:00,20260201_193428_96b4cb66_StateSignal_XLE,0.0,0.0,1.0,1.0,0.0,0.0,0.0,0.0
2021-06-07 00:00:00+00:00,20260201_193428_96b4cb66_StateSignal_XLE,0.0,0.0,1.0,1.0,0.0,0.0,0.0,-0.0
2021-06-08 00:00:00+00:00,20260201_193428_96b4cb66_StateSignal_XLE,0.0,0.0,1.0,1.0,0.0,0.0,0.0,0.0
2021-06-09 00:00:00+00:00,20260201_193428_96b4cb66_StateSignal_XLE,0.0,0.0,1.0,1.0,0.0,0.0,0.0,0.0
2021-06-10 00:00:00+00:00,20260201_193428_96b4cb66_StateSignal_XLE,0.0,0.0,1.0,1.0,0.0,0.0,0.0,0.0
2021-06-11 00:00:00+00:00,20260201_193428_96b4cb66_StateSignal_XLE,0.0,0.0,1.0,1.0,0.0,0.0,0.0,-0.0
2021-06-14 00:00:00+00:00,20260201_193428_96b4cb66_StateSignal_XLE,0.0,0.0,1.0,1.0,0.0,0.0,0.0,-0.0
2021-06-15 00:00:00+00:00,20260201_193428_96b4cb66_StateSignal_XLE,0.0,0.0,1.0,1.0,0.0,0.0,0.0,-0.0
2021-06-16 00:00:00+00:00,20260201_193428_96b4cb66_StateSignal_XLE,0.0,0.0,1.0,1.0,0.0,0.0,0.0,0.0
2021-06-17 00:00:00+00:00,20260201_193428_96b4cb66_StateSignal_XLE,0.0,0.0,1.0,1.0,0.0,0.0,0.0,0.0
2021-06-18 00:00:00+00:00,20260201_193428_96b4cb66_StateSignal_XLE,0.0,0.0,1.0,1.0,0.0,0.0,0.0,-0.0
2021-06-21 00:00:00+00:00,20260201_193428_96b4cb66_StateSignal_XLE,0.0,0.0,1.0,1.0,0.0,0.0,0.0,-0.0
2021-06-22 00:00:00+00:00,20260201_193428_96b4cb66_StateSignal_XLE,0.0,0.0,1.0,1.0,0.0,0.0,0.0,0.0
2021-06-23 00:00:00+00:00,20260201_193428_96b4cb66_StateSignal_XLE,0.0,0.0,1.0,1.0,0.0,0.0,0.0,0.0
2021-06-24 00:00:00+00:00,20260201_193428_96b4cb66_StateSignal_XLE,0.0,0.0,1.0,1.0,0.0,0.0,0.0,0.0
2021-06-25 00:00:00+00:00,20260201_193428_96b4cb66_StateSignal_XLE,0.0,0.0,1.0,1.0,0.0,0.0,0.0,-0.0
2021-06-28 00:00:00+00:00,20260201_193428_96b4cb66_StateSignal_XLE,0.0,0.0,1.0,1.0,0.0,0.0,0.0,0.0
2021-06-29 00:00:00+00:00,20260201_193428_96b4cb66_StateSignal_XLE,0.0,0.0,1.0,1.0,0.0,0.0,0.0,-0.0
2021-06-30 00:00:00+00:00,20260201_193428_96b4cb66_StateSignal_XLE,0.0,0.0,1.0,1.0,0.0,0.0,0.0,0.0
2021-07-01 00:00:00+00:00,20260201_193428_96b4cb66_StateSignal_XLE,0.0,0.0,1.0,1.0,0.0,0.0,0.0,0.0
2021-07-02 00:00:00+00:00,20260201_193428_96b4cb66_StateSignal_XLE,0.0,0.0,1.0,1.0,0.0,0.0,0.0,0.0
2021-07-06 00:00:00+00:00,20260201_193428_96b4cb66_StateSignal_XLE,0.0,0.0,1.0,1.0,0.0,0.0,0.0,-0.0
2021-07-07 00:00:00+00:00,20260201_193428_96b4cb66_StateSignal_XLE,0.0,0.0,1.0,1.0,0.0,0.0,0.0,-0.0
2021-07-08 00:00:00+00:00,20260201_193428_96b4cb66_StateSignal_XLE,0.0,0.0,1.0,1.0,0.0,0.0,0.0,-0.0
2021-07-09 00:00:00+00:00,20260201_193428_96b4cb66_StateSignal_XLE,0.0,0.0,1.0,1.0,0.0,0.0,0.0,0.0
2021-07-12 00:00:00+00:00,20260201_193428_96b4cb66_StateSignal_XLE,0.0,0.0,1.0,1.0,0.0,0.0,0.0,0.0
2021-07-13 00:00:00+00:00,20260201_193428_96b4cb66_StateSignal_XLE,0.0,0.0,1.0,1.0,0.0,0.0,0.0,0.0
2021-07-14 00:00:00+00:00,20260201_193428_96b4cb66_StateSignal_XLE,0.0,0.0,1.0,1.0,0.0,0.0,0.0,-0.0
2021-07-15 00:00:00+00:00,20260201_193428_96b4cb66_StateSignal_XLE,0.0,0.0,1.0,1.0,0.0,0.0,0.0,-0.0
2021-07-16 00:00:00+00:00,20260201_193428_96b4cb66_StateSignal_XLE,0.0,0.0,1.0,1.0,0.0,0.0,0.0,-0.0
2021-07-19 00:00:00+00:00,20260201_193428_96b4cb66_StateSignal_XLE,0.0,0.0,1.0,1.0,0.0,0.0,0.0,-0.0
2021-07-20 00:00:00+00:00,20260201_193428_96b4cb66_StateSignal_XLE,0.0,0.0,1.0,1.0,0.0,0.0,0.0,-0.0
2021-07-21 00:00:00+00:00,20260201_193428_96b4cb66_StateSignal_XLE,0.0,0.0,1.0,1.0,0.0,0.0,0.0,0.0
2021-07-22 00:00:00+00:00,20260201_193428_96b4cb66_StateSignal_XLE,0.0,0.0,1.0,1.0,0.0,0.0,0.0,0.0
2021-07-23 00:00:00+00:00,20260201_193428_96b4cb66_StateSignal_XLE,0.0,0.0,1.0,1.0,0.0,0.0,0.0,-0.0
2021-07-26 00:00:00+00:00,20260201_193428_96b4cb66_StateSignal_XLE,0.0,0.0,1.0,1.0,0.0,0.0,0.0,-0.0
2021-07-27 00:00:00+00:00,20260201_193428_96b4cb66_StateSignal_XLE,0.0,0.0,1.0,1.0,0.0,0.0,0.0,0.0
2021-07-28 00:00:00+00:00,20260201_193428_96b4cb66_StateSignal_XLE,0.0,0.0,1.0,1.0,0.0,0.0,0.0,-0.0
2021-07-29 00:00:00+00:00,20260201_193428_96b4cb66_StateSignal_XLE,0.0,0.0,1.0,1.0,0.0,0.0,0.0,0.0
2021-07-30 00:00:00+00:00,20260201_193428_96b4cb66_StateSignal_XLE,0.0,0.0,1.0,1.0,0.0,0.0,0.0,0.0
2021-08-02 00:00:00+00:00,20260201_193428_96b4cb66_StateSignal_XLE,0.0,0.0,1.0,1.0,0.0,0.0,0.0,-0.0
2021-08-03 00:00:00+00:00,20260201_193428_96b4cb66_StateSignal_XLE,0.0,0.0,1.0,1.0,0.0,0.0,0.0,-0.0
2021-08-04 00:00:00+00:00,20260201_193428_96b4cb66_StateSignal_XLE,0.0,0.0,1.0,1.0,0.0,0.0,0.0,0.0
2021-08-05 00:00:00+00:00,20260201_193428_96b4cb66_StateSignal_XLE,0.0,0.0,1.0,1.0,0.0,0.0,0.0,-0.0
2021-08-06 00:00:00+00:00,20260201_193428_96b4cb66_StateSignal_XLE,0.0,0.0,1.0,1.0,0.0,0.0,0.0,0.0
2021-08-09 00:00:00+00:00,20260201_193428_96b4cb66_StateSignal_XLE,0.0,0.0,1.0,1.0,0.0,0.0,0.0,0.0
2021-08-10 00:00:00+00:00,20260201_193428_96b4cb66_StateSignal_XLE,0.0,0.0,1.0,1.0,0.0,0.0,0.0,-0.0
2021-08-11 00:00:00+00:00,20260201_193428_96b4cb66_StateSignal_XLE,0.0,0.0,1.0,1.0,0.0,0.0,0.0,0.0
2021-08-12 00:00:00+00:00,20260201_193428_96b4cb66_StateSignal_XLE,0.0,0.0,1.0,1.0,0.0,0.0,0.0,0.0
2021-08-13 00:00:00+00:00,20260201_193428_96b4cb66_StateSignal_XLE,0.0,0.0,1.0,1.0,0.0,0.0,0.0,0.0
2021-08-16 00:00:00+00:00,20260201_193428_96b4cb66_StateSignal_XLE,0.0,0.0,1.0,1.0,0.0,0.0,0.0,-0.0
2021-08-17 00:00:00+00:00,20260201_193428_96b4cb66_StateSignal_XLE,0.0,0.0,1.0,1.0,0.0,0.0,0.0,-0.0
2021-08-18 00:00:00+00:00,20260201_193428_96b4cb66_StateSignal_XLE,0.0,0.0,1.0,1.0,0.0,0.0,0.0,-0.0
2021-08-19 00:00:00+00:00,20260201_193428_96b4cb66_StateSignal_XLE,0.0,0.0,1.0,1.0,0.0,0.0,0.0,0.0
2021-08-20 00:00:00+00:00,20260201_193428_96b4cb66_StateSignal_XLE,0.0,0.0,1.0,1.0,0.0,0.0,0.0,-0.0
2021-08-23 00:00:00+00:00,20260201_193428_96b4cb66_StateSignal_XLE,0.0,0.0,1.0,1.0,0.0,0.0,0.0,0.0
2021-08-24 00:00:00+00:00,20260201_193428_96b4cb66_StateSignal_XLE,0.0,0.0,1.0,1.0,0.0,0.0,0.0,0.0
2021-08-25 00:00:00+00:00,20260201_193428_96b4cb66_StateSignal_XLE,0.0,0.0,1.0,1.0,0.0,0.0,0.0,0.0
2021-08-26 00:00:00+00:00,20260201_193428_96b4cb66_StateSignal_XLE,0.0,0.0,1.0,1.0,0.0,0.0,0.0,0.0
2021-08-27 00:00:00+00:00,20260201_193428_96b4cb66_StateSignal_XLE,0.0,0.0,1.0,1.0,0.0,0.0,0.0,-0.0
2021-08-30 00:00:00+00:00,20260201_193428_96b4cb66_StateSignal_XLE,0.0,0.0,1.0,1.0,0.0,0.0,0.0,0.0
2021-08-31 00:00:00+00:00,20260201_193428_96b4cb66_StateSignal_XLE,0.0,0.0,1.0,1.0,0.0,0.0,0.0,-0.0
2021-09-01 00:00:00+00:00,20260201_193428_96b4cb66_StateSignal_XLE,0.0,0.0,1.0,1.0,0.0,0.0,0.0,-0.0
2021-09-02 00:00:00+00:00,20260201_193428_96b4cb66_StateSignal_XLE,0.0,0.0,1.0,1.0,0.0,0.0,0.0,-0.0
2021-09-03 00:00:00+00:00,20260201_193428_96b4cb66_StateSignal_XLE,0.0,0.0,1.0,1.0,0.0,0.0,0.0,0.0
2021-09-07 00:00:00+00:00,20260201_193428_96b4cb66_StateSignal_XLE,0.0,0.0,1.0,1.0,0.0,0.0,0.0,-0.0
2021-09-08 00:00:00+00:00,20260201_193428_96b4cb66_StateSignal_XLE,0.0,0.0,1.0,1.0,0.0,0.0,0.0,-0.0
2021-09-09 00:00:00+00:00,20260201_193428_96b4cb66_StateSignal_XLE,0.0,0.0,1.0,1.0,0.0,0.0,0.0,-0.0
2021-09-10 00:00:00+00:00,20260201_193428_96b4cb66_StateSignal_XLE,0.0,0.0,1.0,1.0,0.0,0.0,0.0,0.0
2021-09-13 00:00:00+00:00,20260201_193428_96b4cb66_StateSignal_XLE,0.0,0.0,1.0,1.0,0.0,0.0,0.0,-0.0
2021-09-14 00:00:00+00:00,20260201_193428_96b4cb66_StateSignal_XLE,0.0,0.0,1.0,1.0,0.0,0.0,0.0,0.0
2021-09-15 00:00:00+00:00,20260201_193428_96b4cb66_StateSignal_XLE,0.0,0.0,1.0,1.0,0.0,0.0,0.0,-0.0
2021-09-16 00:00:00+00:00,20260201_193428_96b4cb66_StateSignal_XLE,0.0,0.0,1.0,1.0,0.0,0.0,0.0,0.0
2021-09-17 00:00:00+00:00,20260201_193428_96b4cb66_StateSignal_XLE,0.0,0.0,1.0,1.0,0.0,0.0,0.0,-0.0
2021-09-20 00:00:00+00:00,20260201_193428_96b4cb66_StateSignal_XLE,0.0,0.0,1.0,1.0,0.0,0.0,0.0,-0.0
2021-09-21 00:00:00+00:00,20260201_193428_96b4cb66_StateSignal_XLE,0.0,0.0,1.0,1.0,0.0,0.0,0.0,-0.0
2021-09-22 00:00:00+00:00,20260201_193428_96b4cb66_StateSignal_XLE,0.0,0.0,1.0,1.0,0.0,0.0,0.0,0.0
2021-09-23 00:00:00+00:00,20260201_193428_96b4cb66_StateSignal_XLE,0.0,0.0,1.0,1.0,0.0,0.0,0.0,0.0
2021-09-24 00:00:00+00:00,20260201_193428_96b4cb66_StateSignal_XLE,0.0,0.0,1.0,1.0,0.0,0.0,0.0,0.0
2021-09-27 00:00:00+00:00,20260201_193428_96b4cb66_StateSignal_XLE,0.0,0.0,1.0,1.0,0.0,0.0,0.0,0.0
2021-09-28 00:00:00+00:00,20260201_193428_96b4cb66_StateSignal_XLE,0.0,0.0,1.0,1.0,0.0,0.0,0.0,0.0
2021-09-29 00:00:00+00:00,20260201_193428_96b4cb66_StateSignal_XLE,0.0,0.0,1.0,1.0,0.0,0.0,0.0,0.0
2021-09-30 00:00:00+00:00,20260201_193428_96b4cb66_StateSignal_XLE,0.0,0.0,1.0,1.0,0.0,0.0,0.0,0.0
2021-10-01 00:00:00+00:00,20260201_193428_96b4cb66_StateSignal_XLE,0.0,0.0,1.0,1.0,0.0,0.0,0.0,-0.0
2021-10-04 00:00:00+00:00,20260201_193428_96b4cb66_StateSignal_XLE,0.0,0.0,1.0,1.0,0.0,0.0,0.0,0.0
2021-10-05 00:00:00+00:00,20260201_193428_96b4cb66_StateSignal_XLE,0.0,0.0,1.0,1.0,0.0,0.0,0.0,0.0
2021-10-06 00:00:00+00:00,20260201_193428_96b4cb66_StateSignal_XLE,0.0,0.0,1.0,1.0,0.0,0.0,0.0,0.0
2021-10-07 00:00:00+00:00,20260201_193428_96b4cb66_StateSignal_XLE,0.0,0.0,1.0,1.0,0.0,0.0,0.0,-0.0
2021-10-08 00:00:00+00:00,20260201_193428_96b4cb66_StateSignal_XLE,0.0,0.0,1.0,1.0,0.0,0.0,0.0,0.0
2021-10-11 00:00:00+00:00,20260201_193428_96b4cb66_StateSignal_XLE,0.0,0.0,1.0,1.0,0.0,0.0,0.0,0.0
2021-10-12 00:00:00+00:00,20260201_193428_96b4cb66_StateSignal_XLE,0.0,0.0,1.0,1.0,0.0,0.0,0.0,0.0
2021-10-13 00:00:00+00:00,20260201_193428_96b4cb66_StateSignal_XLE,0.0,0.0,1.0,1.0,0.0,0.0,0.0,-0.0
2021-10-14 00:00:00+00:00,20260201_193428_96b4cb66_StateSignal_XLE,0.0,0.0,1.0,1.0,0.0,0.0,0.0,-0.0
2021-10-15 00:00:00+00:00,20260201_193428_96b4cb66_StateSignal_XLE,0.0,0.0,1.0,1.0,0.0,0.0,0.0,0.0
2021-10-18 00:00:00+00:00,20260201_193428_96b4cb66_StateSignal_XLE,0.0,0.0,1.0,1.0,0.0,0.0,0.0,0.0
2021-10-19 00:00:00+00:00,20260201_193428_96b4cb66_StateSignal_XLE,0.0,0.0,1.0,1.0,0.0,0.0,0.0,0.0
2021-10-20 00:00:00+00:00,20260201_193428_96b4cb66_StateSignal_XLE,0.0,0.0,1.0,1.0,0.0,0.0,0.0,0.0
2021-10-21 00:00:00+00:00,20260201_193428_96b4cb66_StateSignal_XLE,0.0,0.0,1.0,1.0,0.0,0.0,0.0,-0.0
2021-10-22 00:00:00+00:00,20260201_193428_96b4cb66_StateSignal_XLE,0.0,0.0,1.0,1.0,0.0,0.0,0.0,-0.0
2021-10-25 00:00:00+00:00,20260201_193428_96b4cb66_StateSignal_XLE,0.0,0.0,1.0,1.0,0.0,0.0,0.0,-0.0
2021-10-26 00:00:00+00:00,20260201_193428_96b4cb66_StateSignal_XLE,0.0,0.0,1.0,1.0,0.0,0.0,0.0,0.0
2021-10-27 00:00:00+00:00,20260201_193428_96b4cb66_StateSignal_XLE,0.0,0.0,1.0,1.0,0.0,0.0,0.0,0.0
2021-10-28 00:00:00+00:00,20260201_193428_96b4cb66_StateSignal_XLE,0.0,0.0,1.0,1.0,0.0,0.0,0.0,-0.0
2021-10-29 00:00:00+00:00,20260201_193428_96b4cb66_StateSignal_XLE,0.0,0.0,1.0,1.0,0.0,0.0,0.0,-0.0
2021-11-01 00:00:00+00:00,20260201_193428_96b4cb66_StateSignal_XLE,0.0,0.0,1.0,1.0,0.0,0.0,0.0,0.0
2021-11-02 00:00:00+00:00,20260201_193428_96b4cb66_StateSignal_XLE,0.0,0.0,1.0,1.0,0.0,0.0,0.0,0.0
2021-11-03 00:00:00+00:00,20260201_193428_96b4cb66_StateSignal_XLE,0.0,0.0,1.0,1.0,0.0,0.0,0.0,-0.0
2021-11-04 00:00:00+00:00,20260201_193428_96b4cb66_StateSignal_XLE,0.0,0.0,1.0,1.0,0.0,0.0,0.0,-0.0
2021-11-05 00:00:00+00:00,20260201_193428_96b4cb66_StateSignal_XLE,0.0,0.0,1.0,1.0,0.0,0.0,0.0,-0.0
2021-11-08 00:00:00+00:00,20260201_193428_96b4cb66_StateSignal_XLE,0.0,0.0,1.0,1.0,0.0,0.0,0.0,0.0
2021-11-09 00:00:00+00:00,20260201_193428_96b4cb66_StateSignal_XLE,0.0,0.0,1.0,1.0,0.0,0.0,0.0,0.0
2021-11-10 00:00:00+00:00,20260201_193428_96b4cb66_StateSignal_XLE,0.0,0.0,1.0,1.0,0.0,0.0,0.0,-0.0
2021-11-11 00:00:00+00:00,20260201_193428_96b4cb66_StateSignal_XLE,0.0,0.0,1.0,1.0,0.0,0.0,0.0,0.0
2021-11-12 00:00:00+00:00,20260201_193428_96b4cb66_StateSignal_XLE,0.0,0.0,1.0,1.0,0.0,0.0,0.0,-0.0
2021-11-15 00:00:00+00:00,20260201_193428_96b4cb66_StateSignal_XLE,0.0,0.0,1.0,1.0,0.0,0.0,0.0,-0.0
2021-11-16 00:00:00+00:00,20260201_193428_96b4cb66_StateSignal_XLE,0.0,0.0,1.0,1.0,0.0,0.0,0.0,0.0
2021-11-17 00:00:00+00:00,20260201_193428_96b4cb66_StateSignal_XLE,0.0,0.0,1.0,1.0,0.0,0.0,0.0,0.0
2021-11-18 00:00:00+00:00,20260201_193428_96b4cb66_StateSignal_XLE,0.0,0.0,1.0,1.0,0.0,0.0,0.0,-0.0
2021-11-19 00:00:00+00:00,20260201_193428_96b4cb66_StateSignal_XLE,0.0,0.0,1.0,1.0,0.0,0.0,0.0,-0.0
2021-11-22 00:00:00+00:00,20260201_193428_96b4cb66_StateSignal_XLE,0.0,0.0,1.0,1.0,0.0,0.0,0.0,-0.0
2021-11-23 00:00:00+00:00,20260201_193428_96b4cb66_StateSignal_XLE,0.0,0.0,1.0,1.0,0.0,0.0,0.0,0.0
2021-11-24 00:00:00+00:00,20260201_193428_96b4cb66_StateSignal_XLE,0.0,0.0,1.0,1.0,0.0,0.0,0.0,0.0
2021-11-26 00:00:00+00:00,20260201_193428_96b4cb66_StateSignal_XLE,0.0,0.0,1.0,1.0,0.0,0.0,0.0,0.0
2021-11-29 00:00:00+00:00,20260201_193428_96b4cb66_StateSignal_XLE,0.0,0.0,1.0,1.0,0.0,0.0,0.0,-0.0
2021-11-30 00:00:00+00:00,20260201_193428_96b4cb66_StateSignal_XLE,0.0,0.0,1.0,1.0,0.0,0.0,0.0,0.0
2021-12-01 00:00:00+00:00,20260201_193428_96b4cb66_StateSignal_XLE,0.0,0.0,1.0,1.0,0.0,0.0,0.0,-0.0
2021-12-02 00:00:00+00:00,20260201_193428_96b4cb66_StateSignal_XLE,0.0,0.0,1.0,1.0,0.0,0.0,0.0,0.0
2021-12-03 00:00:00+00:00,20260201_193428_96b4cb66_StateSignal_XLE,0.0,0.0,1.0,1.0,0.0,0.0,0.0,-0.0
2021-12-06 00:00:00+00:00,20260201_193428_96b4cb66_StateSignal_XLE,0.0,0.0,1.0,1.0,0.0,0.0,0.0,-0.0
2021-12-07 00:00:00+00:00,20260201_193428_96b4cb66_StateSignal_XLE,0.0,0.0,1.0,1.0,0.0,0.0,0.0,0.0
2021-12-08 00:00:00+00:00,20260201_193428_96b4cb66_StateSignal_XLE,0.0,0.0,1.0,1.0,0.0,0.0,0.0,0.0
2021-12-09 00:00:00+00:00,20260201_193428_96b4cb66_StateSignal_XLE,0.0,0.0,1.0,1.0,0.0,0.0,0.0,-0.0
2021-12-10 00:00:00+00:00,20260201_193428_96b4cb66_StateSignal_XLE,0.0,0.0,1.0,1.0,0.0,0.0,0.0,-0.0
2021-12-13 00:00:00+00:00,20260201_193428_96b4cb66_StateSignal_XLE,0.0,0.0,1.0,1.0,0.0,0.0,0.0,-0.0
2021-12-14 00:00:00+00:00,20260201_193428_96b4cb66_StateSignal_XLE,0.0,0.0,1.0,1.0,0.0,0.0,0.0,-0.0
2021-12-15 00:00:00+00:00,20260201_193428_96b4cb66_StateSignal_XLE,0.0,0.0,1.0,1.0,0.0,0.0,0.0,0.0
2021-12-16 00:00:00+00:00,20260201_193428_96b4cb66_StateSignal_XLE,0.0,0.0,1.0,1.0,0.0,0.0,0.0,-0.0
2021-12-17 00:00:00+00:00,20260201_193428_96b4cb66_StateSignal_XLE,0.0,0.0,1.0,1.0,0.0,0.0,0.0,0.0
2021-12-20 00:00:00+00:00,20260201_193428_96b4cb66_StateSignal_XLE,0.0,0.0,1.0,1.0,0.0,0.0,0.0,-0.0
2021-12-21 00:00:00+00:00,20260201_193428_96b4cb66_StateSignal_XLE,0.0,0.0,1.0,1.0,0.0,0.0,0.0,-0.0
2021-12-22 00:00:00+00:00,20260201_193428_96b4cb66_StateSignal_XLE,0.0,0.0,1.0,1.0,0.0,0.0,0.0,0.0
2021-12-23 00:00:00+00:00,20260201_193428_96b4cb66_StateSignal_XLE,0.0,0.0,1.0,1.0,0.0,0.0,0.0,0.0
2021-12-27 00:00:00+00:00,20260201_193428_96b4cb66_StateSignal_XLE,0.0,0.0,1.0,1.0,0.0,0.0,0.0,0.0
2021-12-28 00:00:00+00:00,20260201_193428_96b4cb66_StateSignal_XLE,0.0,0.0,1.0,1.0,0.0,0.0,0.0,0.0
2021-12-29 00:00:00+00:00,20260201_193428_96b4cb66_StateSignal_XLE,0.0,0.0,1.0,1.0,0.0,0.0,0.0,0.0
2021-12-30 00:00:00+00:00,20260201_193428_96b4cb66_StateSignal_XLE,0.0,0.0,1.0,1.0,0.0,0.0,0.0,-0.0
2021-12-31 00:00:00+00:00,20260201_193428_96b4cb66_StateSignal_XLE,0.0,0.0,1.0,1.0,0.0,0.0,0.0,-0.0
2022-01-03 00:00:00+00:00,20260201_193428_96b4cb66_StateSignal_XLE,0.0,0.0,1.0,1.0,0.0,0.0,0.0,-0.0
2022-01-04 00:00:00+00:00,20260201_193428_96b4cb66_StateSignal_XLE,0.0,0.0,1.0,1.0,0.0,0.0,0.0,0.0
2022-01-05 00:00:00+00:00,20260201_193428_96b4cb66_StateSignal_XLE,0.0,0.0,1.0,1.0,0.0,0.0,0.0,0.0
2022-01-06 00:00:00+00:00,20260201_193428_96b4cb66_StateSignal_XLE,0.0,0.0,1.0,1.0,0.0,0.0,0.0,0.0
2022-01-07 00:00:00+00:00,20260201_193428_96b4cb66_StateSignal_XLE,0.0,0.0,1.0,1.0,0.0,0.0,0.0,0.0
2022-01-10 00:00:00+00:00,20260201_193428_96b4cb66_StateSignal_XLE,0.0,0.0,1.0,1.0,0.0,0.0,0.0,0.0
2022-01-11 00:00:00+00:00,20260201_193428_96b4cb66_StateSignal_XLE,0.0,0.0,1.0,1.0,0.0,0.0,0.0,-0.0
2022-01-12 00:00:00+00:00,20260201_193428_96b4cb66_StateSignal_XLE,0.0,0.0,1.0,1.0,0.0,0.0,0.0,0.0
2022-01-13 00:00:00+00:00,20260201_193428_96b4cb66_StateSignal_XLE,0.0,0.0,1.0,1.0,0.0,0.0,0.0,0.0
2022-01-14 00:00:00+00:00,20260201_193428_96b4cb66_StateSignal_XLE,0.0,0.0,1.0,1.0,0.0,0.0,0.0,0.0
2022-01-18 00:00:00+00:00,20260201_193428_96b4cb66_StateSignal_XLE,0.0,0.0,1.0,1.0,0.0,0.0,0.0,0.0
2022-01-19 00:00:00+00:00,20260201_193428_96b4cb66_StateSignal_XLE,0.0,0.0,1.0,1.0,0.0,0.0,0.0,0.0
2022-01-20 00:00:00+00:00,20260201_193428_96b4cb66_StateSignal_XLE,0.0,0.0,1.0,1.0,0.0,0.0,0.0,0.0
2022-01-21 00:00:00+00:00,20260201_193428_96b4cb66_StateSignal_XLE,0.0,0.0,1.0,1.0,0.0,0.0,0.0,0.0
2022-01-24 00:00:00+00:00,20260201_193428_96b4cb66_StateSignal_XLE,0.0,0.0,1.0,1.0,0.0,0.0,0.0,-0.0
2022-01-25 00:00:00+00:00,20260201_193428_96b4cb66_StateSignal_XLE,0.0,0.0,1.0,1.0,0.0,0.0,0.0,-0.0
2022-01-26 00:00:00+00:00,20260201_193428_96b4cb66_StateSignal_XLE,0.0,0.0,1.0,1.0,0.0,0.0,0.0,0.0
2022-01-27 00:00:00+00:00,20260201_193428_96b4cb66_StateSignal_XLE,0.0,0.0,1.0,1.0,0.0,0.0,0.0,0.0
2022-01-28 00:00:00+00:00,20260201_193428_96b4cb66_StateSignal_XLE,0.0,0.0,1.0,1.0,0.0,0.0,0.0,0.0
2022-01-31 00:00:00+00:00,20260201_193428_96b4cb66_StateSignal_XLE,0.0,0.0,1.0,1.0,0.0,0.0,0.0,-0.0
2022-02-01 00:00:00+00:00,20260201_193428_96b4cb66_StateSignal_XLE,0.0,0.0,1.0,1.0,0.0,0.0,0.0,0.0
2022-02-02 00:00:00+00:00,20260201_193428_96b4cb66_StateSignal_XLE,0.0,0.0,1.0,1.0,0.0,0.0,0.0,0.0
2022-02-03 00:00:00+00:00,20260201_193428_96b4cb66_StateSignal_XLE,0.0,0.0,1.0,1.0,0.0,0.0,0.0,-0.0
2022-02-04 00:00:00+00:00,20260201_193428_96b4cb66_StateSignal_XLE,0.0,0.0,1.0,1.0,0.0,0.0,0.0,-0.0
2022-02-07 00:00:00+00:00,20260201_193428_96b4cb66_StateSignal_XLE,0.0,0.0,1.0,1.0,0.0,0.0,0.0,0.0
2022-02-08 00:00:00+00:00,20260201_193428_96b4cb66_StateSignal_XLE,0.0,0.0,1.0,1.0,0.0,0.0,0.0,0.0
2022-02-09 00:00:00+00:00,20260201_193428_96b4cb66_StateSignal_XLE,0.0,0.0,1.0,1.0,0.0,0.0,0.0,-0.0
2022-02-10 00:00:00+00:00,20260201_193428_96b4cb66_StateSignal_XLE,0.0,0.0,1.0,1.0,0.0,0.0,0.0,0.0
2022-02-11 00:00:00+00:00,20260201_193428_96b4cb66_StateSignal_XLE,0.0,0.0,1.0,1.0,0.0,0.0,0.0,0.0
2022-02-14 00:00:00+00:00,20260201_193428_96b4cb66_StateSignal_XLE,0.0,0.0,1.0,1.0,0.0,0.0,0.0,0.0
2022-02-15 00:00:00+00:00,20260201_193428_96b4cb66_StateSignal_XLE,0.0,0.0,1.0,1.0,0.0,0.0,0.0,-0.0
2022-02-16 00:00:00+00:00,20260201_193428_96b4cb66_StateSignal_XLE,0.0,0.0,1.0,1.0,0.0,0.0,0.0,-0.0
2022-02-17 00:00:00+00:00,20260201_193428_96b4cb66_StateSignal_XLE,0.0,0.0,1.0,1.0,0.0,0.0,0.0,0.0
2022-02-18 00:00:00+00:00,20260201_193428_96b4cb66_StateSignal_XLE,0.0,0.0,1.0,1.0,0.0,0.0,0.0,-0.0
2022-02-22 00:00:00+00:00,20260201_193428_96b4cb66_StateSignal_XLE,0.0,0.0,1.0,1.0,0.0,0.0,0.0,-0.0
2022-02-23 00:00:00+00:00,20260201_193428_96b4cb66_StateSignal_XLE,0.0,0.0,1.0,1.0,0.0,0.0,0.0,-0.0
2022-02-24 00:00:00+00:00,20260201_193428_96b4cb66_StateSignal_XLE,0.0,0.0,1.0,1.0,0.0,0.0,0.0,-0.0
2022-02-25 00:00:00+00:00,20260201_193428_96b4cb66_StateSignal_XLE,0.0,0.0,1.0,1.0,0.0,0.0,0.0,-0.0
2022-02-28 00:00:00+00:00,20260201_193428_96b4cb66_StateSignal_XLE,0.0,0.0,1.0,1.0,0.0,0.0,0.0,0.0
2022-03-01 00:00:00+00:00,20260201_193428_96b4cb66_StateSignal_XLE,0.0,0.0,1.0,1.0,0.0,0.0,0.0,0.0
2022-03-02 00:00:00+00:00,20260201_193428_96b4cb66_StateSignal_XLE,0.0,0.0,1.0,1.0,0.0,0.0,0.0,0.0
2022-03-03 00:00:00+00:00,20260201_193428_96b4cb66_StateSignal_XLE,0.0,0.0,1.0,1.0,0.0,0.0,0.0,0.0
2022-03-04 00:00:00+00:00,20260201_193428_96b4cb66_StateSignal_XLE,0.0,0.0,1.0,1.0,0.0,0.0,0.0,-0.0
2022-03-07 00:00:00+00:00,20260201_193428_96b4cb66_StateSignal_XLE,0.0,0.0,1.0,1.0,0.0,0.0,0.0,0.0
2022-03-08 00:00:00+00:00,20260201_193428_96b4cb66_StateSignal_XLE,0.0,0.0,1.0,1.0,0.0,0.0,0.0,0.0
2022-03-09 00:00:00+00:00,20260201_193428_96b4cb66_StateSignal_XLE,0.0,0.0,1.0,1.0,0.0,0.0,0.0,0.0
2022-03-10 00:00:00+00:00,20260201_193428_96b4cb66_StateSignal_XLE,0.0,0.0,1.0,1.0,0.0,0.0,0.0,-0.0
2022-03-11 00:00:00+00:00,20260201_193428_96b4cb66_StateSignal_XLE,0.0,0.0,1.0,1.0,0.0,0.0,0.0,-0.0
2022-03-14 00:00:00+00:00,20260201_193428_96b4cb66_StateSignal_XLE,0.0,0.0,1.0,1.0,0.0,0.0,0.0,0.0
2022-03-15 00:00:00+00:00,20260201_193428_96b4cb66_StateSignal_XLE,0.0,0.0,1.0,1.0,0.0,0.0,0.0,-0.0
2022-03-16 00:00:00+00:00,20260201_193428_96b4cb66_StateSignal_XLE,0.0,0.0,1.0,1.0,0.0,0.0,0.0,-0.0
2022-03-17 00:00:00+00:00,20260201_193428_96b4cb66_StateSignal_XLE,0.0,0.0,1.0,1.0,0.0,0.0,0.0,-0.0
2022-03-18 00:00:00+00:00,20260201_193428_96b4cb66_StateSignal_XLE,0.0,0.0,1.0,1.0,0.0,0.0,0.0,0.0
2022-03-21 00:00:00+00:00,20260201_193428_96b4cb66_StateSignal_XLE,0.0,0.0,1.0,1.0,0.0,0.0,0.0,-0.0
2022-03-22 00:00:00+00:00,20260201_193428_96b4cb66_StateSignal_XLE,0.0,0.0,1.0,1.0,0.0,0.0,0.0,0.0
2022-03-23 00:00:00+00:00,20260201_193428_96b4cb66_StateSignal_XLE,0.0,0.0,1.0,1.0,0.0,0.0,0.0,-0.0
2022-03-24 00:00:00+00:00,20260201_193428_96b4cb66_StateSignal_XLE,0.0,0.0,1.0,1.0,0.0,0.0,0.0,0.0
2022-03-25 00:00:00+00:00,20260201_193428_96b4cb66_StateSignal_XLE,0.0,0.0,1.0,1.0,0.0,0.0,0.0,0.0
2022-03-28 00:00:00+00:00,20260201_193428_96b4cb66_StateSignal_XLE,0.0,0.0,1.0,1.0,0.0,0.0,0.0,0.0
2022-03-29 00:00:00+00:00,20260201_193428_96b4cb66_StateSignal_XLE,0.0,0.0,1.0,1.0,0.0,0.0,0.0,-0.0
2022-03-30 00:00:00+00:00,20260201_193428_96b4cb66_StateSignal_XLE,0.0,0.0,1.0,1.0,0.0,0.0,0.0,-0.0
2022-03-31 00:00:00+00:00,20260201_193428_96b4cb66_StateSignal_XLE,0.0,0.0,1.0,1.0,0.0,0.0,0.0,0.0
2022-04-01 00:00:00+00:00,20260201_193428_96b4cb66_StateSignal_XLE,0.0,0.0,1.0,1.0,0.0,0.0,0.0,0.0
2022-04-04 00:00:00+00:00,20260201_193428_96b4cb66_StateSignal_XLE,0.0,0.0,1.0,1.0,0.0,0.0,0.0,-0.0
2022-04-05 00:00:00+00:00,20260201_193428_96b4cb66_StateSignal_XLE,0.0,0.0,1.0,1.0,0.0,0.0,0.0,-0.0
2022-04-06 00:00:00+00:00,20260201_193428_96b4cb66_StateSignal_XLE,0.0,0.0,1.0,1.0,0.0,0.0,0.0,0.0
2022-04-07 00:00:00+00:00,20260201_193428_96b4cb66_StateSignal_XLE,0.0,0.0,1.0,1.0,0.0,0.0,0.0,-0.0
2022-04-08 00:00:00+00:00,20260201_193428_96b4cb66_StateSignal_XLE,0.0,0.0,1.0,1.0,0.0,0.0,0.0,-0.0
2022-04-11 00:00:00+00:00,20260201_193428_96b4cb66_StateSignal_XLE,0.0,0.0,1.0,1.0,0.0,0.0,0.0,0.0
2022-04-12 00:00:00+00:00,20260201_193428_96b4cb66_StateSignal_XLE,0.0,0.0,1.0,1.0,0.0,0.0,0.0,-0.0
2022-04-13 00:00:00+00:00,20260201_193428_96b4cb66_StateSignal_XLE,0.0,0.0,1.0,1.0,0.0,0.0,0.0,0.0
2022-04-14 00:00:00+00:00,20260201_193428_96b4cb66_StateSignal_XLE,0.0,0.0,1.0,1.0,0.0,0.0,0.0,-0.0
2022-04-18 00:00:00+00:00,20260201_193428_96b4cb66_StateSignal_XLE,0.0,0.0,1.0,1.0,0.0,0.0,0.0,0.0
2022-04-19 00:00:00+00:00,20260201_193428_96b4cb66_StateSignal_XLE,0.0,0.0,1.0,1.0,0.0,0.0,0.0,0.0
2022-04-20 00:00:00+00:00,20260201_193428_96b4cb66_StateSignal_XLE,0.0,0.0,1.0,1.0,0.0,0.0,0.0,-0.0
2022-04-21 00:00:00+00:00,20260201_193428_96b4cb66_StateSignal_XLE,0.0,0.0,1.0,1.0,0.0,0.0,0.0,0.0
2022-04-22 00:00:00+00:00,20260201_193428_96b4cb66_StateSignal_XLE,0.0,0.0,1.0,1.0,0.0,0.0,0.0,0.0
2022-04-25 00:00:00+00:00,20260201_193428_96b4cb66_StateSignal_XLE,0.0,0.0,1.0,1.0,0.0,0.0,0.0,-0.0
2022-04-26 00:00:00+00:00,20260201_193428_96b4cb66_StateSignal_XLE,0.0,0.0,1.0,1.0,0.0,0.0,0.0,-0.0
2022-04-27 00:00:00+00:00,20260201_193428_96b4cb66_StateSignal_XLE,0.0,0.0,1.0,1.0,0.0,0.0,0.0,0.0
2022-04-28 00:00:00+00:00,20260201_193428_96b4cb66_StateSignal_XLE,0.0,0.0,1.0,1.0,0.0,0.0,0.0,0.0
2022-04-29 00:00:00+00:00,20260201_193428_96b4cb66_StateSignal_XLE,0.0,0.0,1.0,1.0,0.0,0.0,0.0,0.0
2022-05-02 00:00:00+00:00,20260201_193428_96b4cb66_StateSignal_XLE,0.0,0.0,1.0,1.0,0.0,0.0,0.0,0.0
2022-05-03 00:00:00+00:00,20260201_193428_96b4cb66_StateSignal_XLE,0.0,0.0,1.0,1.0,0.0,0.0,0.0,-0.0
2022-05-04 00:00:00+00:00,20260201_193428_96b4cb66_StateSignal_XLE,0.0,0.0,1.0,1.0,0.0,0.0,0.0,0.0
2022-05-05 00:00:00+00:00,20260201_193428_96b4cb66_StateSignal_XLE,0.0,0.0,1.0,1.0,0.0,0.0,0.0,0.0
2022-05-06 00:00:00+00:00,20260201_193428_96b4cb66_StateSignal_XLE,0.0,0.0,1.0,1.0,0.0,0.0,0.0,-0.0
2022-05-09 00:00:00+00:00,20260201_193428_96b4cb66_StateSignal_XLE,0.0,0.0,1.0,1.0,0.0,0.0,0.0,0.0
2022-05-10 00:00:00+00:00,20260201_193428_96b4cb66_StateSignal_XLE,0.0,0.0,1.0,1.0,0.0,0.0,0.0,-0.0
2022-05-11 00:00:00+00:00,20260201_193428_96b4cb66_StateSignal_XLE,0.0,0.0,1.0,1.0,0.0,0.0,0.0,-0.0
2022-05-12 00:00:00+00:00,20260201_193428_96b4cb66_StateSignal_XLE,0.0,0.0,1.0,1.0,0.0,0.0,0.0,0.0
2022-05-13 00:00:00+00:00,20260201_193428_96b4cb66_StateSignal_XLE,0.0,0.0,1.0,1.0,0.0,0.0,0.0,-0.0
2022-05-16 00:00:00+00:00,20260201_193428_96b4cb66_StateSignal_XLE,0.0,0.0,1.0,1.0,0.0,0.0,0.0,0.0
2022-05-17 00:00:00+00:00,20260201_193428_96b4cb66_StateSignal_XLE,0.0,0.0,1.0,1.0,0.0,0.0,0.0,0.0
2022-05-18 00:00:00+00:00,20260201_193428_96b4cb66_StateSignal_XLE,0.0,0.0,1.0,1.0,0.0,0.0,0.0,0.0
2022-05-19 00:00:00+00:00,20260201_193428_96b4cb66_StateSignal_XLE,0.0,0.0,1.0,1.0,0.0,0.0,0.0,-0.0
2022-05-20 00:00:00+00:00,20260201_193428_96b4cb66_StateSignal_XLE,0.0,0.0,1.0,1.0,0.0,0.0,0.0,-0.0
2022-05-23 00:00:00+00:00,20260201_193428_96b4cb66_StateSignal_XLE,0.0,0.0,1.0,1.0,0.0,0.0,0.0,-0.0
2022-05-24 00:00:00+00:00,20260201_193428_96b4cb66_StateSignal_XLE,0.0,0.0,1.0,1.0,0.0,0.0,0.0,0.0
2022-05-25 00:00:00+00:00,20260201_193428_96b4cb66_StateSignal_XLE,0.0,0.0,1.0,1.0,0.0,0.0,0.0,-0.0
2022-05-26 00:00:00+00:00,20260201_193428_96b4cb66_StateSignal_XLE,0.0,0.0,1.0,1.0,0.0,0.0,0.0,0.0
2022-05-27 00:00:00+00:00,20260201_193428_96b4cb66_StateSignal_XLE,0.0,0.0,1.0,1.0,0.0,0.0,0.0,0.0
2022-05-31 00:00:00+00:00,20260201_193428_96b4cb66_StateSignal_XLE,0.0,0.0,1.0,1.0,0.0,0.0,0.0,0.0
2022-06-01 00:00:00+00:00,20260201_193428_96b4cb66_StateSignal_XLE,0.0,0.0,1.0,1.0,0.0,0.0,0.0,0.0
2022-06-02 00:00:00+00:00,20260201_193428_96b4cb66_StateSignal_XLE,0.0,0.0,1.0,1.0,0.0,0.0,0.0,-0.0
2022-06-03 00:00:00+00:00,20260201_193428_96b4cb66_StateSignal_XLE,0.0,0.0,1.0,1.0,0.0,0.0,0.0,0.0
2022-06-06 00:00:00+00:00,20260201_193428_96b4cb66_StateSignal_XLE,0.0,0.0,1.0,1.0,0.0,0.0,0.0,0.0
2022-06-07 00:00:00+00:00,20260201_193428_96b4cb66_StateSignal_XLE,0.0,0.0,1.0,1.0,0.0,0.0,0.0,0.0
2022-06-08 00:00:00+00:00,20260201_193428_96b4cb66_StateSignal_XLE,0.0,0.0,1.0,1.0,0.0,0.0,0.0,0.0
2022-06-09 00:00:00+00:00,20260201_193428_96b4cb66_StateSignal_XLE,0.0,0.0,1.0,1.0,0.0,0.0,0.0,0.0
2022-06-10 00:00:00+00:00,20260201_193428_96b4cb66_StateSignal_XLE,0.0,0.0,1.0,1.0,0.0,0.0,0.0,-0.0
2022-06-13 00:00:00+00:00,20260201_193428_96b4cb66_StateSignal_XLE,0.0,0.0,1.0,1.0,0.0,0.0,0.0,-0.0
2022-06-14 00:00:00+00:00,20260201_193428_96b4cb66_StateSignal_XLE,0.0,0.0,1.0,1.0,0.0,0.0,0.0,-0.0
2022-06-15 00:00:00+00:00,20260201_193428_96b4cb66_StateSignal_XLE,0.0,0.0,1.0,1.0,0.0,0.0,0.0,0.0
2022-06-16 00:00:00+00:00,20260201_193428_96b4cb66_StateSignal_XLE,0.0,0.0,1.0,1.0,0.0,0.0,0.0,-0.0
2022-06-17 00:00:00+00:00,20260201_193428_96b4cb66_StateSignal_XLE,0.0,0.0,1.0,1.0,0.0,0.0,0.0,-0.0
2022-06-21 00:00:00+00:00,20260201_193428_96b4cb66_StateSignal_XLE,0.0,0.0,1.0,1.0,0.0,0.0,0.0,-0.0
2022-06-22 00:00:00+00:00,20260201_193428_96b4cb66_StateSignal_XLE,0.0,0.0,1.0,1.0,0.0,0.0,0.0,0.0
2022-06-23 00:00:00+00:00,20260201_193428_96b4cb66_StateSignal_XLE,0.0,0.0,1.0,1.0,0.0,0.0,0.0,-0.0
2022-06-24 00:00:00+00:00,20260201_193428_96b4cb66_StateSignal_XLE,0.0,0.0,1.0,1.0,0.0,0.0,0.0,-0.0
2022-06-27 00:00:00+00:00,20260201_193428_96b4cb66_StateSignal_XLE,0.0,0.0,1.0,1.0,0.0,0.0,0.0,0.0
2022-06-28 00:00:00+00:00,20260201_193428_96b4cb66_StateSignal_XLE,0.0,0.0,1.0,1.0,0.0,0.0,0.0,0.0
2022-06-29 00:00:00+00:00,20260201_193428_96b4cb66_StateSignal_XLE,0.0,0.0,1.0,1.0,0.0,0.0,0.0,0.0
2022-06-30 00:00:00+00:00,20260201_193428_96b4cb66_StateSignal_XLE,0.0,0.0,1.0,1.0,0.0,0.0,0.0,-0.0
2022-07-01 00:00:00+00:00,20260201_193428_96b4cb66_StateSignal_XLE,0.0,0.0,1.0,1.0,0.0,0.0,0.0,-0.0
2022-07-05 00:00:00+00:00,20260201_193428_96b4cb66_StateSignal_XLE,0.0,0.0,1.0,1.0,0.0,0.0,0.0,-0.0
2022-07-06 00:00:00+00:00,20260201_193428_96b4cb66_StateSignal_XLE,0.0,0.0,1.0,1.0,0.0,0.0,0.0,-0.0
2022-07-07 00:00:00+00:00,20260201_193428_96b4cb66_StateSignal_XLE,0.0,0.0,1.0,1.0,0.0,0.0,0.0,-0.0
2022-07-08 00:00:00+00:00,20260201_193428_96b4cb66_StateSignal_XLE,0.0,0.0,1.0,1.0,0.0,0.0,0.0,0.0
2022-07-11 00:00:00+00:00,20260201_193428_96b4cb66_StateSignal_XLE,0.0,0.0,1.0,1.0,0.0,0.0,0.0,-0.0
2022-07-12 00:00:00+00:00,20260201_193428_96b4cb66_StateSignal_XLE,0.0,0.0,1.0,1.0,0.0,0.0,0.0,-0.0
2022-07-13 00:00:00+00:00,20260201_193428_96b4cb66_StateSignal_XLE,0.0,0.0,1.0,1.0,0.0,0.0,0.0,-0.0
2022-07-14 00:00:00+00:00,20260201_193428_96b4cb66_StateSignal_XLE,0.0,0.0,1.0,1.0,0.0,0.0,0.0,-0.0
2022-07-15 00:00:00+00:00,20260201_193428_96b4cb66_StateSignal_XLE,0.0,0.0,1.0,1.0,0.0,0.0,0.0,-0.0
2022-07-18 00:00:00+00:00,20260201_193428_96b4cb66_StateSignal_XLE,0.0,0.0,1.0,1.0,0.0,0.0,0.0,0.0
2022-07-19 00:00:00+00:00,20260201_193428_96b4cb66_StateSignal_XLE,0.0,0.0,1.0,1.0,0.0,0.0,0.0,0.0
2022-07-20 00:00:00+00:00,20260201_193428_96b4cb66_StateSignal_XLE,0.0,0.0,1.0,1.0,0.0,0.0,0.0,0.0
2022-07-21 00:00:00+00:00,20260201_193428_96b4cb66_StateSignal_XLE,0.0,0.0,1.0,1.0,0.0,0.0,0.0,0.0
2022-07-22 00:00:00+00:00,20260201_193428_96b4cb66_StateSignal_XLE,0.0,0.0,1.0,1.0,0.0,0.0,0.0,-0.0
2022-07-25 00:00:00+00:00,20260201_193428_96b4cb66_StateSignal_XLE,0.0,0.0,1.0,1.0,0.0,0.0,0.0,0.0
2022-07-26 00:00:00+00:00,20260201_193428_96b4cb66_StateSignal_XLE,0.0,0.0,1.0,1.0,0.0,0.0,0.0,0.0
2022-07-27 00:00:00+00:00,20260201_193428_96b4cb66_StateSignal_XLE,0.0,0.0,1.0,1.0,0.0,0.0,0.0,-0.0
2022-07-28 00:00:00+00:00,20260201_193428_96b4cb66_StateSignal_XLE,0.0,0.0,1.0,1.0,0.0,0.0,0.0,0.0
2022-07-29 00:00:00+00:00,20260201_193428_96b4cb66_StateSignal_XLE,0.0,0.0,1.0,1.0,0.0,0.0,0.0,0.0
2022-08-01 00:00:00+00:00,20260201_193428_96b4cb66_StateSignal_XLE,0.0,0.0,1.0,1.0,0.0,0.0,0.0,0.0
2022-08-02 00:00:00+00:00,20260201_193428_96b4cb66_StateSignal_XLE,0.0,0.0,1.0,1.0,0.0,0.0,0.0,-0.0
2022-08-03 00:00:00+00:00,20260201_193428_96b4cb66_StateSignal_XLE,0.0,0.0,1.0,1.0,0.0,0.0,0.0,0.0
2022-08-04 00:00:00+00:00,20260201_193428_96b4cb66_StateSignal_XLE,0.0,0.0,1.0,1.0,0.0,0.0,0.0,-0.0
2022-08-05 00:00:00+00:00,20260201_193428_96b4cb66_StateSignal_XLE,0.0,0.0,1.0,1.0,0.0,0.0,0.0,-0.0
2022-08-08 00:00:00+00:00,20260201_193428_96b4cb66_StateSignal_XLE,0.0,0.0,1.0,1.0,0.0,0.0,0.0,0.0
2022-08-09 00:00:00+00:00,20260201_193428_96b4cb66_StateSignal_XLE,0.0,0.0,1.0,1.0,0.0,0.0,0.0,0.0
2022-08-10 00:00:00+00:00,20260201_193428_96b4cb66_StateSignal_XLE,0.0,0.0,1.0,1.0,0.0,0.0,0.0,0.0
2022-08-11 00:00:00+00:00,20260201_193428_96b4cb66_StateSignal_XLE,0.0,0.0,1.0,1.0,0.0,0.0,0.0,0.0
2022-08-12 00:00:00+00:00,20260201_193428_96b4cb66_StateSignal_XLE,0.0,0.0,1.0,1.0,0.0,0.0,0.0,0.0
2022-08-15 00:00:00+00:00,20260201_193428_96b4cb66_StateSignal_XLE,0.0,0.0,1.0,1.0,0.0,0.0,0.0,0.0
2022-08-16 00:00:00+00:00,20260201_193428_96b4cb66_StateSignal_XLE,0.0,0.0,1.0,1.0,0.0,0.0,0.0,-0.0
2022-08-17 00:00:00+00:00,20260201_193428_96b4cb66_StateSignal_XLE,0.0,0.0,1.0,1.0,0.0,0.0,0.0,-0.0
2022-08-18 00:00:00+00:00,20260201_193428_96b4cb66_StateSignal_XLE,0.0,0.0,1.0,1.0,0.0,0.0,0.0,-0.0
2022-08-19 00:00:00+00:00,20260201_193428_96b4cb66_StateSignal_XLE,0.0,0.0,1.0,1.0,0.0,0.0,0.0,0.0
2022-08-22 00:00:00+00:00,20260201_193428_96b4cb66_StateSignal_XLE,0.0,0.0,1.0,1.0,0.0,0.0,0.0,0.0
2022-08-23 00:00:00+00:00,20260201_193428_96b4cb66_StateSignal_XLE,0.0,0.0,1.0,1.0,0.0,0.0,0.0,-0.0
2022-08-24 00:00:00+00:00,20260201_193428_96b4cb66_StateSignal_XLE,0.0,0.0,1.0,1.0,0.0,0.0,0.0,0.0
2022-08-25 00:00:00+00:00,20260201_193428_96b4cb66_StateSignal_XLE,0.0,0.0,1.0,1.0,0.0,0.0,0.0,0.0
2022-08-26 00:00:00+00:00,20260201_193428_96b4cb66_StateSignal_XLE,0.0,0.0,1.0,1.0,0.0,0.0,0.0,0.0
2022-08-29 00:00:00+00:00,20260201_193428_96b4cb66_StateSignal_XLE,0.0,0.0,1.0,1.0,0.0,0.0,0.0,-0.0
2022-08-30 00:00:00+00:00,20260201_193428_96b4cb66_StateSignal_XLE,0.0,0.0,1.0,1.0,0.0,0.0,0.0,0.0
2022-08-31 00:00:00+00:00,20260201_193428_96b4cb66_StateSignal_XLE,0.0,0.0,1.0,1.0,0.0,0.0,0.0,-0.0
2022-09-01 00:00:00+00:00,20260201_193428_96b4cb66_StateSignal_XLE,0.0,0.0,1.0,1.0,0.0,0.0,0.0,0.0
2022-09-02 00:00:00+00:00,20260201_193428_96b4cb66_StateSignal_XLE,0.0,0.0,1.0,1.0,0.0,0.0,0.0,-0.0
2022-09-06 00:00:00+00:00,20260201_193428_96b4cb66_StateSignal_XLE,0.0,0.0,1.0,1.0,0.0,0.0,0.0,0.0
2022-09-07 00:00:00+00:00,20260201_193428_96b4cb66_StateSignal_XLE,0.0,0.0,1.0,1.0,0.0,0.0,0.0,-0.0
2022-09-08 00:00:00+00:00,20260201_193428_96b4cb66_StateSignal_XLE,0.0,0.0,1.0,1.0,0.0,0.0,0.0,-0.0
2022-09-09 00:00:00+00:00,20260201_193428_96b4cb66_StateSignal_XLE,0.0,0.0,1.0,1.0,0.0,0.0,0.0,0.0
2022-09-12 00:00:00+00:00,20260201_193428_96b4cb66_StateSignal_XLE,0.0,0.0,1.0,1.0,0.0,0.0,0.0,0.0
2022-09-13 00:00:00+00:00,20260201_193428_96b4cb66_StateSignal_XLE,0.0,0.0,1.0,1.0,0.0,0.0,0.0,0.0
2022-09-14 00:00:00+00:00,20260201_193428_96b4cb66_StateSignal_XLE,0.0,0.0,1.0,1.0,0.0,0.0,0.0,-0.0
2022-09-15 00:00:00+00:00,20260201_193428_96b4cb66_StateSignal_XLE,0.0,0.0,1.0,1.0,0.0,0.0,0.0,0.0
2022-09-16 00:00:00+00:00,20260201_193428_96b4cb66_StateSignal_XLE,0.0,0.0,1.0,1.0,0.0,0.0,0.0,-0.0
2022-09-19 00:00:00+00:00,20260201_193428_96b4cb66_StateSignal_XLE,0.0,0.0,1.0,1.0,0.0,0.0,0.0,-0.0
2022-09-20 00:00:00+00:00,20260201_193428_96b4cb66_StateSignal_XLE,0.0,0.0,1.0,1.0,0.0,0.0,0.0,-0.0
2022-09-21 00:00:00+00:00,20260201_193428_96b4cb66_StateSignal_XLE,0.0,0.0,1.0,1.0,0.0,0.0,0.0,-0.0
2022-09-22 00:00:00+00:00,20260201_193428_96b4cb66_StateSignal_XLE,0.0,0.0,1.0,1.0,0.0,0.0,0.0,0.0
2022-09-23 00:00:00+00:00,20260201_193428_96b4cb66_StateSignal_XLE,0.0,0.0,1.0,1.0,0.0,0.0,0.0,-0.0
2022-09-26 00:00:00+00:00,20260201_193428_96b4cb66_StateSignal_XLE,0.0,0.0,1.0,1.0,0.0,0.0,0.0,-0.0
2022-09-27 00:00:00+00:00,20260201_193428_96b4cb66_StateSignal_XLE,0.0,0.0,1.0,1.0,0.0,0.0,0.0,-0.0
2022-09-28 00:00:00+00:00,20260201_193428_96b4cb66_StateSignal_XLE,0.0,0.0,1.0,1.0,0.0,0.0,0.0,0.0
2022-09-29 00:00:00+00:00,20260201_193428_96b4cb66_StateSignal_XLE,0.0,0.0,1.0,1.0,0.0,0.0,0.0,0.0
2022-09-30 00:00:00+00:00,20260201_193428_96b4cb66_StateSignal_XLE,0.0,0.0,1.0,1.0,0.0,0.0,0.0,0.0
2022-10-03 00:00:00+00:00,20260201_193428_96b4cb66_StateSignal_XLE,0.0,0.0,1.0,1.0,0.0,0.0,0.0,0.0
2022-10-04 00:00:00+00:00,20260201_193428_96b4cb66_StateSignal_XLE,0.0,0.0,1.0,1.0,0.0,0.0,0.0,0.0
2022-10-05 00:00:00+00:00,20260201_193428_96b4cb66_StateSignal_XLE,0.0,0.0,1.0,1.0,0.0,0.0,0.0,0.0
2022-10-06 00:00:00+00:00,20260201_193428_96b4cb66_StateSignal_XLE,0.0,0.0,1.0,1.0,0.0,0.0,0.0,0.0
2022-10-07 00:00:00+00:00,20260201_193428_96b4cb66_StateSignal_XLE,0.0,0.0,1.0,1.0,0.0,0.0,0.0,0.0
2022-10-10 00:00:00+00:00,20260201_193428_96b4cb66_StateSignal_XLE,0.0,0.0,1.0,1.0,0.0,0.0,0.0,0.0
2022-10-11 00:00:00+00:00,20260201_193428_96b4cb66_StateSignal_XLE,0.0,0.0,1.0,1.0,0.0,0.0,0.0,-0.0
2022-10-12 00:00:00+00:00,20260201_193428_96b4cb66_StateSignal_XLE,0.0,0.0,1.0,1.0,0.0,0.0,0.0,-0.0
2022-10-13 00:00:00+00:00,20260201_193428_96b4cb66_StateSignal_XLE,0.0,0.0,1.0,1.0,0.0,0.0,0.0,-0.0
2022-10-14 00:00:00+00:00,20260201_193428_96b4cb66_StateSignal_XLE,0.0,0.0,1.0,1.0,0.0,0.0,0.0,0.0
2022-10-17 00:00:00+00:00,20260201_193428_96b4cb66_StateSignal_XLE,0.0,0.0,1.0,1.0,0.0,0.0,0.0,-0.0
2022-10-18 00:00:00+00:00,20260201_193428_96b4cb66_StateSignal_XLE,0.0,0.0,1.0,1.0,0.0,0.0,0.0,0.0
2022-10-19 00:00:00+00:00,20260201_193428_96b4cb66_StateSignal_XLE,0.0,0.0,1.0,1.0,0.0,0.0,0.0,-0.0
2022-10-20 00:00:00+00:00,20260201_193428_96b4cb66_StateSignal_XLE,0.0,0.0,1.0,1.0,0.0,0.0,0.0,0.0
2022-10-21 00:00:00+00:00,20260201_193428_96b4cb66_StateSignal_XLE,0.0,0.0,1.0,1.0,0.0,0.0,0.0,0.0
2022-10-24 00:00:00+00:00,20260201_193428_96b4cb66_StateSignal_XLE,0.0,0.0,1.0,1.0,0.0,0.0,0.0,0.0
2022-10-25 00:00:00+00:00,20260201_193428_96b4cb66_StateSignal_XLE,0.0,0.0,1.0,1.0,0.0,0.0,0.0,0.0
2022-10-26 00:00:00+00:00,20260201_193428_96b4cb66_StateSignal_XLE,0.0,0.0,1.0,1.0,0.0,0.0,0.0,-0.0
2022-10-27 00:00:00+00:00,20260201_193428_96b4cb66_StateSignal_XLE,0.0,0.0,1.0,1.0,0.0,0.0,0.0,0.0
2022-10-28 00:00:00+00:00,20260201_193428_96b4cb66_StateSignal_XLE,0.0,0.0,1.0,1.0,0.0,0.0,0.0,0.0
2022-10-31 00:00:00+00:00,20260201_193428_96b4cb66_StateSignal_XLE,0.0,0.0,1.0,1.0,0.0,0.0,0.0,-0.0
2022-11-01 00:00:00+00:00,20260201_193428_96b4cb66_StateSignal_XLE,0.0,0.0,1.0,1.0,0.0,0.0,0.0,0.0
2022-11-02 00:00:00+00:00,20260201_193428_96b4cb66_StateSignal_XLE,0.0,0.0,1.0,1.0,0.0,0.0,0.0,0.0
2022-11-03 00:00:00+00:00,20260201_193428_96b4cb66_StateSignal_XLE,0.0,0.0,1.0,1.0,0.0,0.0,0.0,-0.0
2022-11-04 00:00:00+00:00,20260201_193428_96b4cb66_StateSignal_XLE,0.0,0.0,1.0,1.0,0.0,0.0,0.0,-0.0
2022-11-07 00:00:00+00:00,20260201_193428_96b4cb66_StateSignal_XLE,0.0,0.0,1.0,1.0,0.0,0.0,0.0,0.0
2022-11-08 00:00:00+00:00,20260201_193428_96b4cb66_StateSignal_XLE,0.0,0.0,1.0,1.0,0.0,0.0,0.0,0.0
2022-11-09 00:00:00+00:00,20260201_193428_96b4cb66_StateSignal_XLE,0.0,0.0,1.0,1.0,0.0,0.0,0.0,0.0
2022-11-10 00:00:00+00:00,20260201_193428_96b4cb66_StateSignal_XLE,0.0,0.0,1.0,1.0,0.0,0.0,0.0,-0.0
2022-11-11 00:00:00+00:00,20260201_193428_96b4cb66_StateSignal_XLE,0.0,0.0,1.0,1.0,0.0,0.0,0.0,-0.0
2022-11-14 00:00:00+00:00,20260201_193428_96b4cb66_StateSignal_XLE,0.0,0.0,1.0,1.0,0.0,0.0,0.0,0.0
2022-11-15 00:00:00+00:00,20260201_193428_96b4cb66_StateSignal_XLE,0.0,0.0,1.0,1.0,0.0,0.0,0.0,0.0
2022-11-16 00:00:00+00:00,20260201_193428_96b4cb66_StateSignal_XLE,0.0,0.0,1.0,1.0,0.0,0.0,0.0,-0.0
2022-11-17 00:00:00+00:00,20260201_193428_96b4cb66_StateSignal_XLE,0.0,0.0,1.0,1.0,0.0,0.0,0.0,-0.0
2022-11-18 00:00:00+00:00,20260201_193428_96b4cb66_StateSignal_XLE,0.0,0.0,1.0,1.0,0.0,0.0,0.0,-0.0
2022-11-21 00:00:00+00:00,20260201_193428_96b4cb66_StateSignal_XLE,0.0,0.0,1.0,1.0,0.0,0.0,0.0,-0.0
2022-11-22 00:00:00+00:00,20260201_193428_96b4cb66_StateSignal_XLE,0.0,0.0,1.0,1.0,0.0,0.0,0.0,-0.0
2022-11-23 00:00:00+00:00,20260201_193428_96b4cb66_StateSignal_XLE,0.0,0.0,1.0,1.0,0.0,0.0,0.0,0.0
2022-11-25 00:00:00+00:00,20260201_193428_96b4cb66_StateSignal_XLE,0.0,0.0,1.0,1.0,0.0,0.0,0.0,-0.0
2022-11-28 00:00:00+00:00,20260201_193428_96b4cb66_StateSignal_XLE,0.0,0.0,1.0,1.0,0.0,0.0,0.0,0.0
2022-11-29 00:00:00+00:00,20260201_193428_96b4cb66_StateSignal_XLE,0.0,0.0,1.0,1.0,0.0,0.0,0.0,-0.0
2022-11-30 00:00:00+00:00,20260201_193428_96b4cb66_StateSignal_XLE,0.0,0.0,1.0,1.0,0.0,0.0,0.0,0.0
2022-12-01 00:00:00+00:00,20260201_193428_96b4cb66_StateSignal_XLE,0.0,0.0,1.0,1.0,0.0,0.0,0.0,0.0
2022-12-02 00:00:00+00:00,20260201_193428_96b4cb66_StateSignal_XLE,0.0,0.0,1.0,1.0,0.0,0.0,0.0,0.0
2022-12-05 00:00:00+00:00,20260201_193428_96b4cb66_StateSignal_XLE,0.0,0.0,1.0,1.0,0.0,0.0,0.0,-0.0
2022-12-06 00:00:00+00:00,20260201_193428_96b4cb66_StateSignal_XLE,0.0,0.0,1.0,1.0,0.0,0.0,0.0,-0.0
2022-12-07 00:00:00+00:00,20260201_193428_96b4cb66_StateSignal_XLE,0.0,0.0,1.0,1.0,0.0,0.0,0.0,-0.0
2022-12-08 00:00:00+00:00,20260201_193428_96b4cb66_StateSignal_XLE,0.0,0.0,1.0,1.0,0.0,0.0,0.0,-0.0
2022-12-09 00:00:00+00:00,20260201_193428_96b4cb66_StateSignal_XLE,0.0,0.0,1.0,1.0,0.0,0.0,0.0,0.0
2022-12-12 00:00:00+00:00,20260201_193428_96b4cb66_StateSignal_XLE,0.0,0.0,1.0,1.0,0.0,0.0,0.0,-0.0
2022-12-13 00:00:00+00:00,20260201_193428_96b4cb66_StateSignal_XLE,0.0,0.0,1.0,1.0,0.0,0.0,0.0,-0.0
2022-12-14 00:00:00+00:00,20260201_193428_96b4cb66_StateSignal_XLE,0.0,0.0,1.0,1.0,0.0,0.0,0.0,0.0
2022-12-15 00:00:00+00:00,20260201_193428_96b4cb66_StateSignal_XLE,0.0,0.0,1.0,1.0,0.0,0.0,0.0,-0.0
2022-12-16 00:00:00+00:00,20260201_193428_96b4cb66_StateSignal_XLE,0.0,0.0,1.0,1.0,0.0,0.0,0.0,-0.0
2022-12-19 00:00:00+00:00,20260201_193428_96b4cb66_StateSignal_XLE,0.0,0.0,1.0,1.0,0.0,0.0,0.0,-0.0
2022-12-20 00:00:00+00:00,20260201_193428_96b4cb66_StateSignal_XLE,0.0,0.0,1.0,1.0,0.0,0.0,0.0,0.0
2022-12-21 00:00:00+00:00,20260201_193428_96b4cb66_StateSignal_XLE,0.0,0.0,1.0,1.0,0.0,0.0,0.0,0.0
2022-12-22 00:00:00+00:00,20260201_193428_96b4cb66_StateSignal_XLE,0.0,0.0,1.0,1.0,0.0,0.0,0.0,0.0
2022-12-23 00:00:00+00:00,20260201_193428_96b4cb66_StateSignal_XLE,0.0,0.0,1.0,1.0,0.0,0.0,0.0,-0.0
2022-12-27 00:00:00+00:00,20260201_193428_96b4cb66_StateSignal_XLE,0.0,0.0,1.0,1.0,0.0,0.0,0.0,0.0
2022-12-28 00:00:00+00:00,20260201_193428_96b4cb66_StateSignal_XLE,0.0,0.0,1.0,1.0,0.0,0.0,0.0,0.0
2022-12-29 00:00:00+00:00,20260201_193428_96b4cb66_StateSignal_XLE,0.0,0.0,1.0,1.0,0.0,0.0,0.0,-0.0
2022-12-30 00:00:00+00:00,20260201_193428_96b4cb66_StateSignal_XLE,0.0,0.0,1.0,1.0,0.0,0.0,0.0,0.0
2023-01-03 00:00:00+00:00,20260201_193428_96b4cb66_StateSignal_XLE,0.0,0.0,1.0,1.0,0.0,0.0,0.0,0.0
2023-01-04 00:00:00+00:00,20260201_193428_96b4cb66_StateSignal_XLE,0.0,0.0,1.0,1.0,0.0,0.0,0.0,-0.0
2023-01-05 00:00:00+00:00,20260201_193428_96b4cb66_StateSignal_XLE,0.0,0.0,1.0,1.0,0.0,0.0,0.0,-0.0
2023-01-06 00:00:00+00:00,20260201_193428_96b4cb66_StateSignal_XLE,0.0,0.0,1.0,1.0,0.0,0.0,0.0,0.0
2023-01-09 00:00:00+00:00,20260201_193428_96b4cb66_StateSignal_XLE,0.0,0.0,1.0,1.0,0.0,0.0,0.0,0.0
2023-01-10 00:00:00+00:00,20260201_193428_96b4cb66_StateSignal_XLE,0.0,0.0,1.0,1.0,0.0,0.0,0.0,-0.0
2023-01-11 00:00:00+00:00,20260201_193428_96b4cb66_StateSignal_XLE,0.0,0.0,1.0,1.0,0.0,0.0,0.0,-0.0
2023-01-12 00:00:00+00:00,20260201_193428_96b4cb66_StateSignal_XLE,0.0,0.0,1.0,1.0,0.0,0.0,0.0,0.0
2023-01-13 00:00:00+00:00,20260201_193428_96b4cb66_StateSignal_XLE,0.0,0.0,1.0,1.0,0.0,0.0,0.0,0.0
2023-01-17 00:00:00+00:00,20260201_193428_96b4cb66_StateSignal_XLE,0.0,0.0,1.0,1.0,0.0,0.0,0.0,-0.0
2023-01-18 00:00:00+00:00,20260201_193428_96b4cb66_StateSignal_XLE,0.0,0.0,1.0,1.0,0.0,0.0,0.0,0.0
2023-01-19 00:00:00+00:00,20260201_193428_96b4cb66_StateSignal_XLE,0.0,0.0,1.0,1.0,0.0,0.0,0.0,0.0
2023-01-20 00:00:00+00:00,20260201_193428_96b4cb66_StateSignal_XLE,0.0,0.0,1.0,1.0,0.0,0.0,0.0,-0.0
2023-01-23 00:00:00+00:00,20260201_193428_96b4cb66_StateSignal_XLE,0.0,0.0,1.0,1.0,0.0,0.0,0.0,0.0
2023-01-24 00:00:00+00:00,20260201_193428_96b4cb66_StateSignal_XLE,0.0,0.0,1.0,1.0,0.0,0.0,0.0,0.0
2023-01-25 00:00:00+00:00,20260201_193428_96b4cb66_StateSignal_XLE,0.0,0.0,1.0,1.0,0.0,0.0,0.0,-0.0
2023-01-26 00:00:00+00:00,20260201_193428_96b4cb66_StateSignal_XLE,0.0,0.0,1.0,1.0,0.0,0.0,0.0,-0.0
2023-01-27 00:00:00+00:00,20260201_193428_96b4cb66_StateSignal_XLE,0.0,0.0,1.0,1.0,0.0,0.0,0.0,0.0
2023-01-30 00:00:00+00:00,20260201_193428_96b4cb66_StateSignal_XLE,0.0,0.0,1.0,1.0,0.0,0.0,0.0,-0.0
2023-01-31 00:00:00+00:00,20260201_193428_96b4cb66_StateSignal_XLE,0.0,0.0,1.0,1.0,0.0,0.0,0.0,-0.0
2023-02-01 00:00:00+00:00,20260201_193428_96b4cb66_StateSignal_XLE,0.0,0.0,1.0,1.0,0.0,0.0,0.0,-0.0
2023-02-02 00:00:00+00:00,20260201_193428_96b4cb66_StateSignal_XLE,0.0,0.0,1.0,1.0,0.0,0.0,0.0,-0.0
2023-02-03 00:00:00+00:00,20260201_193428_96b4cb66_StateSignal_XLE,0.0,0.0,1.0,1.0,0.0,0.0,0.0,-0.0
2023-02-06 00:00:00+00:00,20260201_193428_96b4cb66_StateSignal_XLE,0.0,0.0,1.0,1.0,0.0,0.0,0.0,-0.0
2023-02-07 00:00:00+00:00,20260201_193428_96b4cb66_StateSignal_XLE,0.0,0.0,1.0,1.0,0.0,0.0,0.0,-0.0
2023-02-08 00:00:00+00:00,20260201_193428_96b4cb66_StateSignal_XLE,0.0,0.0,1.0,1.0,0.0,0.0,0.0,0.0
2023-02-09 00:00:00+00:00,20260201_193428_96b4cb66_StateSignal_XLE,0.0,0.0,1.0,1.0,0.0,0.0,0.0,0.0
2023-02-10 00:00:00+00:00,20260201_193428_96b4cb66_StateSignal_XLE,0.0,0.0,1.0,1.0,0.0,0.0,0.0,0.0
2023-02-13 00:00:00+00:00,20260201_193428_96b4cb66_StateSignal_XLE,0.0,0.0,1.0,1.0,0.0,0.0,0.0,0.0
2023-02-14 00:00:00+00:00,20260201_193428_96b4cb66_StateSignal_XLE,0.0,0.0,1.0,1.0,0.0,0.0,0.0,0.0
2023-02-15 00:00:00+00:00,20260201_193428_96b4cb66_StateSignal_XLE,0.0,0.0,1.0,1.0,0.0,0.0,0.0,-0.0
2023-02-16 00:00:00+00:00,20260201_193428_96b4cb66_StateSignal_XLE,0.0,0.0,1.0,1.0,0.0,0.0,0.0,-0.0
2023-02-17 00:00:00+00:00,20260201_193428_96b4cb66_StateSignal_XLE,0.0,0.0,1.0,1.0,0.0,0.0,0.0,0.0
2023-02-21 00:00:00+00:00,20260201_193428_96b4cb66_StateSignal_XLE,0.0,0.0,1.0,1.0,0.0,0.0,0.0,-0.0
2023-02-22 00:00:00+00:00,20260201_193428_96b4cb66_StateSignal_XLE,0.0,0.0,1.0,1.0,0.0,0.0,0.0,-0.0
2023-02-23 00:00:00+00:00,20260201_193428_96b4cb66_StateSignal_XLE,0.0,0.0,1.0,1.0,0.0,0.0,0.0,-0.0
2023-02-24 00:00:00+00:00,20260201_193428_96b4cb66_StateSignal_XLE,0.0,0.0,1.0,1.0,0.0,0.0,0.0,-0.0
2023-02-27 00:00:00+00:00,20260201_193428_96b4cb66_StateSignal_XLE,0.0,0.0,1.0,1.0,0.0,0.0,0.0,0.0
2023-02-28 00:00:00+00:00,20260201_193428_96b4cb66_StateSignal_XLE,0.0,0.0,1.0,1.0,0.0,0.0,0.0,0.0
2023-03-01 00:00:00+00:00,20260201_193428_96b4cb66_StateSignal_XLE,0.0,0.0,1.0,1.0,0.0,0.0,0.0,-0.0
2023-03-02 00:00:00+00:00,20260201_193428_96b4cb66_StateSignal_XLE,0.0,0.0,1.0,1.0,0.0,0.0,0.0,0.0
2023-03-03 00:00:00+00:00,20260201_193428_96b4cb66_StateSignal_XLE,0.0,0.0,1.0,1.0,0.0,0.0,0.0,0.0
2023-03-06 00:00:00+00:00,20260201_193428_96b4cb66_StateSignal_XLE,0.0,0.0,1.0,1.0,0.0,0.0,0.0,0.0
2023-03-07 00:00:00+00:00,20260201_193428_96b4cb66_StateSignal_XLE,0.0,0.0,1.0,1.0,0.0,0.0,0.0,0.0
2023-03-08 00:00:00+00:00,20260201_193428_96b4cb66_StateSignal_XLE,0.0,0.0,1.0,1.0,0.0,0.0,0.0,-0.0
2023-03-09 00:00:00+00:00,20260201_193428_96b4cb66_StateSignal_XLE,0.0,0.0,1.0,1.0,0.0,0.0,0.0,-0.0
2023-03-10 00:00:00+00:00,20260201_193428_96b4cb66_StateSignal_XLE,0.0,0.0,1.0,1.0,0.0,0.0,0.0,0.0
2023-03-13 00:00:00+00:00,20260201_193428_96b4cb66_StateSignal_XLE,0.0,0.0,1.0,1.0,0.0,0.0,0.0,-0.0
2023-03-14 00:00:00+00:00,20260201_193428_96b4cb66_StateSignal_XLE,0.0,0.0,1.0,1.0,0.0,0.0,0.0,-0.0
2023-03-15 00:00:00+00:00,20260201_193428_96b4cb66_StateSignal_XLE,0.0,0.0,1.0,1.0,0.0,0.0,0.0,0.0
2023-03-16 00:00:00+00:00,20260201_193428_96b4cb66_StateSignal_XLE,-0.06585731665588328,-0.06585731665588328,0.9341426833441168,0.9341426833441168,0.0,0.0,0.8787354819395211,-0.06585731665588328
2023-03-17 00:00:00+00:00,20260201_193428_96b4cb66_StateSignal_XLE,-0.003779513275722449,-0.003779513275722449,0.9306120786709987,0.9306120786709987,0.0,0.0,0.8787354819395211,-0.003779513275722449
2023-03-20 00:00:00+00:00,20260201_193428_96b4cb66_StateSignal_XLE,0.002017763187234519,0.002017763187234519,0.9324898334649367,0.9324898334649367,0.0,0.0,0.8787354819395211,0.002017763187234519
2023-03-21 00:00:00+00:00,20260201_193428_96b4cb66_StateSignal_XLE,0.014243998064716712,0.014243998064716712,0.9457722168481792,0.9457722168481792,0.0,0.0,0.8787354819395211,0.014243998064716712
2023-03-22 00:00:00+00:00,20260201_193428_96b4cb66_StateSignal_XLE,0.02154711533135247,0.02154711533135247,0.9661508798817958,0.9661508798817958,0.0,0.0,0.8787354819395211,0.02154711533135247
2023-03-23 00:00:00+00:00,20260201_193428_96b4cb66_StateSignal_XLE,0.005545612063024262,0.005545612063024262,0.9715087778559697,0.9715087778559697,0.0,0.0,0.8787354819395211,0.005545612063024262
2023-03-24 00:00:00+00:00,20260201_193428_96b4cb66_StateSignal_XLE,-0.00869563922370206,-0.00869563922370206,0.9630608880210745,0.9630608880210745,0.0,0.0,0.8787354819395211,-0.00869563922370206
2023-03-27 00:00:00+00:00,20260201_193428_96b4cb66_StateSignal_XLE,-0.019141043752241245,-0.019141043752241245,0.9446268974273908,0.9446268974273908,0.0,0.0,0.8787354819395211,-0.019141043752241245
2023-03-28 00:00:00+00:00,20260201_193428_96b4cb66_StateSignal_XLE,0.01695362197896219,0.01695362197896219,0.9606417447575346,0.9606417447575346,0.0,0.0,0.8787354819395211,0.01695362197896219
2023-03-29 00:00:00+00:00,20260201_193428_96b4cb66_StateSignal_XLE,0.021157991312673954,0.021157991312673954,0.9809669944477065,0.9809669944477065,0.0,0.0,0.8787354819395211,0.021157991312673954
2023-03-30 00:00:00+00:00,20260201_193428_96b4cb66_StateSignal_XLE,0.003082869513466688,0.003082869513466688,0.9839911876886063,0.9839911876886063,0.0,0.0,0.8787354819395211,0.003082869513466688
2023-03-31 00:00:00+00:00,20260201_193428_96b4cb66_StateSignal_XLE,0.005152010430699775,0.005152010430699775,0.9890607205512946,0.9890607205512946,0.0,0.0,0.6620299992092238,0.005152010430699775
2023-04-03 00:00:00+00:00,20260201_193428_96b4cb66_StateSignal_XLE,0.007391161291472578,0.007391161291472578,0.9963710278639493,0.9963710278639493,0.0,0.0,0.6620299992092238,0.007391161291472578
2023-04-04 00:00:00+00:00,20260201_193428_96b4cb66_StateSignal_XLE,0.026079702751565216,0.026079702751565216,1.0223560881009124,1.0223560881009124,0.0,0.0,0.6620299992092238,0.026079702751565216
2023-04-05 00:00:00+00:00,20260201_193428_96b4cb66_StateSignal_XLE,-0.01154042038195738,-0.01154042038195738,1.0105576690641744,1.0105576690641744,0.0,0.0,0.6620299992092238,-0.01154042038195738
2023-04-06 00:00:00+00:00,20260201_193428_96b4cb66_StateSignal_XLE,0.004946273163981736,0.004946273163981736,1.0155561633433225,1.0155561633433225,0.0,0.0,0.6620299992092238,0.004946273163981736
2023-04-10 00:00:00+00:00,20260201_193428_96b4cb66_StateSignal_XLE,0.002374693806454368,0.002374693806454368,1.0179677982745206,1.0179677982745206,0.0,0.0,0.6620299992092238,0.002374693806454368
2023-04-11 00:00:00+00:00,20260201_193428_96b4cb66_StateSignal_XLE,-0.0005081463720443,-0.0005081463720443,1.0174505216309695,1.0174505216309695,0.0,0.0,0.6620299992092238,-0.0005081463720443
2023-04-12 00:00:00+00:00,20260201_193428_96b4cb66_StateSignal_XLE,0.010590016326230932,0.010590016326230932,1.0282253392661735,1.0282253392661735,0.0,0.0,0.6620299992092238,0.010590016326230932
2023-04-13 00:00:00+00:00,20260201_193428_96b4cb66_StateSignal_XLE,-0.0021714135752025233,-0.0021714135752025233,1.0259926368061236,1.0259926368061236,0.0,0.0,0.6620299992092238,-0.0021714135752025233
2023-04-14 00:00:00+00:00,20260201_193428_96b4cb66_StateSignal_XLE,0.0005017279506598078,0.0005017279506598078,1.0265074059891803,1.0265074059891803,0.0,0.0,0.6620299992092238,0.0005017279506598078
2023-04-17 00:00:00+00:00,20260201_193428_96b4cb66_StateSignal_XLE,0.0021697712576953993,0.0021697712576953993,1.028734692254507,1.028734692254507,0.0,0.0,0.6620299992092238,0.0021697712576953993
2023-04-18 00:00:00+00:00,20260201_193428_96b4cb66_StateSignal_XLE,-0.004514428398293767,-0.004514428398293767,1.0240905431454834,1.0240905431454834,0.0,0.0,0.6620299992092238,-0.004514428398293767
2023-04-19 00:00:00+00:00,20260201_193428_96b4cb66_StateSignal_XLE,-0.0008393940508418371,-0.0008393940508418371,1.0232309276360436,1.0232309276360436,0.0,0.0,0.6620299992092238,-0.0008393940508418371
2023-04-20 00:00:00+00:00,20260201_193428_96b4cb66_StateSignal_XLE,0.0,0.0,1.0232309276360436,1.0232309276360436,0.0,0.0,0.0,-0.0
2023-04-21 00:00:00+00:00,20260201_193428_96b4cb66_StateSignal_XLE,0.0,0.0,1.0232309276360436,1.0232309276360436,0.0,0.0,0.0,-0.0
2023-04-24 00:00:00+00:00,20260201_193428_96b4cb66_StateSignal_XLE,0.0,0.0,1.0232309276360436,1.0232309276360436,0.0,0.0,0.0,0.0
2023-04-25 00:00:00+00:00,20260201_193428_96b4cb66_StateSignal_XLE,0.0,0.0,1.0232309276360436,1.0232309276360436,0.0,0.0,0.0,0.0
2023-04-26 00:00:00+00:00,20260201_193428_96b4cb66_StateSignal_XLE,0.0,0.0,1.0232309276360436,1.0232309276360436,0.0,0.0,0.0,-0.0
2023-04-27 00:00:00+00:00,20260201_193428_96b4cb66_StateSignal_XLE,0.0,0.0,1.0232309276360436,1.0232309276360436,0.0,0.0,0.0,0.0
2023-04-28 00:00:00+00:00,20260201_193428_96b4cb66_StateSignal_XLE,0.0,0.0,1.0232309276360436,1.0232309276360436,0.0,0.0,0.0,-0.0
2023-05-01 00:00:00+00:00,20260201_193428_96b4cb66_StateSignal_XLE,0.0,0.0,1.0232309276360436,1.0232309276360436,0.0,0.0,0.0,0.0
2023-05-02 00:00:00+00:00,20260201_193428_96b4cb66_StateSignal_XLE,0.0,0.0,1.0232309276360436,1.0232309276360436,0.0,0.0,0.0,-0.0
2023-05-03 00:00:00+00:00,20260201_193428_96b4cb66_StateSignal_XLE,-0.03378124235155064,-0.03378124235155064,0.9886649156879684,0.9886649156879684,0.0,0.0,0.7248142627673383,-0.03378124235155064
2023-05-04 00:00:00+00:00,20260201_193428_96b4cb66_StateSignal_XLE,-0.007947604439594193,-0.007947604439594193,0.9808073980147757,0.9808073980147757,0.0,0.0,0.7248142627673383,-0.007947604439594193
2023-05-05 00:00:00+00:00,20260201_193428_96b4cb66_StateSignal_XLE,-0.012493632733598832,-0.012493632733598832,0.9685535506015824,0.9685535506015824,0.0,0.0,0.7248142627673383,-0.012493632733598832
2023-05-08 00:00:00+00:00,20260201_193428_96b4cb66_StateSignal_XLE,0.019254637842251697,0.019254637842251697,0.987202698449243,0.987202698449243,0.0,0.0,0.7248142627673383,0.019254637842251697
2023-05-09 00:00:00+00:00,20260201_193428_96b4cb66_StateSignal_XLE,0.005520918792391985,0.005520918792391985,0.9926529643790114,0.9926529643790114,0.0,0.0,0.7248142627673383,0.005520918792391985
2023-05-10 00:00:00+00:00,20260201_193428_96b4cb66_StateSignal_XLE,-0.00532301728596983,-0.00532301728596983,0.9873690554906527,0.9873690554906527,0.0,0.0,0.7248142627673383,-0.00532301728596983
2023-05-11 00:00:00+00:00,20260201_193428_96b4cb66_StateSignal_XLE,-0.009560755444037231,-0.009560755444037231,0.9779290614180965,0.9779290614180965,0.0,0.0,0.7248142627673383,-0.009560755444037231
2023-05-12 00:00:00+00:00,20260201_193428_96b4cb66_StateSignal_XLE,-0.00786205907566192,-0.00786205907566192,0.9702405253654208,0.9702405253654208,0.0,0.0,0.7248142627673383,-0.00786205907566192
2023-05-15 00:00:00+00:00,20260201_193428_96b4cb66_StateSignal_XLE,0.002024056782421608,0.002024056782421608,0.9722043472813671,0.9722043472813671,0.0,0.0,0.7248142627673383,0.002024056782421608
2023-05-16 00:00:00+00:00,20260201_193428_96b4cb66_StateSignal_XLE,0.0024214307468338504,0.0024214307468338504,0.9745584727800796,0.9745584727800796,0.0,0.0,0.7248142627673383,0.0024214307468338504
2023-05-17 00:00:00+00:00,20260201_193428_96b4cb66_StateSignal_XLE,-0.015268383624028404,-0.015268383624028404,0.9596785401536261,0.9596785401536261,0.0,0.0,0.7248142627673383,-0.015268383624028404
2023-05-18 00:00:00+00:00,20260201_193428_96b4cb66_StateSignal_XLE,0.008386543337732602,0.008386543337732602,0.9677269258209165,0.9677269258209165,0.0,0.0,0.7248142627673383,0.008386543337732602
2023-05-19 00:00:00+00:00,20260201_193428_96b4cb66_StateSignal_XLE,0.0,0.0,0.9677269258209165,0.9677269258209165,0.0,0.0,0.0,0.0
2023-05-22 00:00:00+00:00,20260201_193428_96b4cb66_StateSignal_XLE,0.0,0.0,0.9677269258209165,0.9677269258209165,0.0,0.0,0.0,0.0
2023-05-23 00:00:00+00:00,20260201_193428_96b4cb66_StateSignal_XLE,0.0,0.0,0.9677269258209165,0.9677269258209165,0.0,0.0,0.0,0.0
2023-05-24 00:00:00+00:00,20260201_193428_96b4cb66_StateSignal_XLE,0.0,0.0,0.9677269258209165,0.9677269258209165,0.0,0.0,0.0,0.0
2023-05-25 00:00:00+00:00,20260201_193428_96b4cb66_StateSignal_XLE,0.0,0.0,0.9677269258209165,0.9677269258209165,0.0,0.0,0.0,0.0
2023-05-26 00:00:00+00:00,20260201_193428_96b4cb66_StateSignal_XLE,0.0,0.0,0.9677269258209165,0.9677269258209165,0.0,0.0,0.0,-0.0
2023-05-30 00:00:00+00:00,20260201_193428_96b4cb66_StateSignal_XLE,0.0,0.0,0.9677269258209165,0.9677269258209165,0.0,0.0,0.0,0.0
2023-05-31 00:00:00+00:00,20260201_193428_96b4cb66_StateSignal_XLE,0.0,0.0,0.9677269258209165,0.9677269258209165,0.0,0.0,0.0,-0.0
2023-06-01 00:00:00+00:00,20260201_193428_96b4cb66_StateSignal_XLE,0.0,0.0,0.9677269258209165,0.9677269258209165,0.0,0.0,0.0,-0.0
2023-06-02 00:00:00+00:00,20260201_193428_96b4cb66_StateSignal_XLE,0.0,0.0,0.9677269258209165,0.9677269258209165,0.0,0.0,0.0,0.0
2023-06-05 00:00:00+00:00,20260201_193428_96b4cb66_StateSignal_XLE,0.0,0.0,0.9677269258209165,0.9677269258209165,0.0,0.0,0.0,0.0
2023-06-06 00:00:00+00:00,20260201_193428_96b4cb66_StateSignal_XLE,0.0,0.0,0.9677269258209165,0.9677269258209165,0.0,0.0,0.0,0.0
2023-06-07 00:00:00+00:00,20260201_193428_96b4cb66_StateSignal_XLE,0.0,0.0,0.9677269258209165,0.9677269258209165,0.0,0.0,0.0,0.0
2023-06-08 00:00:00+00:00,20260201_193428_96b4cb66_StateSignal_XLE,0.0,0.0,0.9677269258209165,0.9677269258209165,0.0,0.0,0.0,0.0
2023-06-09 00:00:00+00:00,20260201_193428_96b4cb66_StateSignal_XLE,0.0,0.0,0.9677269258209165,0.9677269258209165,0.0,0.0,0.0,-0.0
2023-06-12 00:00:00+00:00,20260201_193428_96b4cb66_StateSignal_XLE,0.0,0.0,0.9677269258209165,0.9677269258209165,0.0,0.0,0.0,0.0
2023-06-13 00:00:00+00:00,20260201_193428_96b4cb66_StateSignal_XLE,0.0,0.0,0.9677269258209165,0.9677269258209165,0.0,0.0,0.0,-0.0
2023-06-14 00:00:00+00:00,20260201_193428_96b4cb66_StateSignal_XLE,0.0,0.0,0.9677269258209165,0.9677269258209165,0.0,0.0,0.0,0.0
2023-06-15 00:00:00+00:00,20260201_193428_96b4cb66_StateSignal_XLE,0.0,0.0,0.9677269258209165,0.9677269258209165,0.0,0.0,0.0,-0.0
2023-06-16 00:00:00+00:00,20260201_193428_96b4cb66_StateSignal_XLE,0.0,0.0,0.9677269258209165,0.9677269258209165,0.0,0.0,0.0,0.0
2023-06-20 00:00:00+00:00,20260201_193428_96b4cb66_StateSignal_XLE,0.0,0.0,0.9677269258209165,0.9677269258209165,0.0,0.0,0.0,-0.0
2023-06-21 00:00:00+00:00,20260201_193428_96b4cb66_StateSignal_XLE,0.0,0.0,0.9677269258209165,0.9677269258209165,0.0,0.0,0.0,-0.0
2023-06-22 00:00:00+00:00,20260201_193428_96b4cb66_StateSignal_XLE,0.0,0.0,0.9677269258209165,0.9677269258209165,0.0,0.0,0.0,0.0
2023-06-23 00:00:00+00:00,20260201_193428_96b4cb66_StateSignal_XLE,-0.013228199345223535,-0.013228199345223535,0.954925641134417,0.954925641134417,0.0,0.0,0.6488743329481228,-0.013228199345223535
2023-06-26 00:00:00+00:00,20260201_193428_96b4cb66_StateSignal_XLE,0.0,0.0,0.954925641134417,0.954925641134417,0.0,0.0,0.0,-0.0
2023-06-27 00:00:00+00:00,20260201_193428_96b4cb66_StateSignal_XLE,0.0,0.0,0.954925641134417,0.954925641134417,0.0,0.0,0.0,0.0
2023-06-28 00:00:00+00:00,20260201_193428_96b4cb66_StateSignal_XLE,0.0,0.0,0.954925641134417,0.954925641134417,0.0,0.0,0.0,-0.0
2023-06-29 00:00:00+00:00,20260201_193428_96b4cb66_StateSignal_XLE,0.0,0.0,0.954925641134417,0.954925641134417,0.0,0.0,0.0,0.0
2023-06-30 00:00:00+00:00,20260201_193428_96b4cb66_StateSignal_XLE,0.0,0.0,0.954925641134417,0.954925641134417,0.0,0.0,0.0,0.0
2023-07-03 00:00:00+00:00,20260201_193428_96b4cb66_StateSignal_XLE,0.0,0.0,0.954925641134417,0.954925641134417,0.0,0.0,0.0,0.0
2023-07-05 00:00:00+00:00,20260201_193428_96b4cb66_StateSignal_XLE,0.0,0.0,0.954925641134417,0.954925641134417,0.0,0.0,0.0,0.0
2023-07-06 00:00:00+00:00,20260201_193428_96b4cb66_StateSignal_XLE,0.0,0.0,0.954925641134417,0.954925641134417,0.0,0.0,0.0,-0.0
2023-07-07 00:00:00+00:00,20260201_193428_96b4cb66_StateSignal_XLE,0.0,0.0,0.954925641134417,0.954925641134417,0.0,0.0,0.0,-0.0
2023-07-10 00:00:00+00:00,20260201_193428_96b4cb66_StateSignal_XLE,0.0,0.0,0.954925641134417,0.954925641134417,0.0,0.0,0.0,0.0
2023-07-11 00:00:00+00:00,20260201_193428_96b4cb66_StateSignal_XLE,0.0,0.0,0.954925641134417,0.954925641134417,0.0,0.0,0.0,0.0
2023-07-12 00:00:00+00:00,20260201_193428_96b4cb66_StateSignal_XLE,0.0,0.0,0.954925641134417,0.954925641134417,0.0,0.0,0.0,0.0
2023-07-13 00:00:00+00:00,20260201_193428_96b4cb66_StateSignal_XLE,0.0,0.0,0.954925641134417,0.954925641134417,0.0,0.0,0.0,0.0
2023-07-14 00:00:00+00:00,20260201_193428_96b4cb66_StateSignal_XLE,0.0,0.0,0.954925641134417,0.954925641134417,0.0,0.0,0.0,-0.0
2023-07-17 00:00:00+00:00,20260201_193428_96b4cb66_StateSignal_XLE,0.0,0.0,0.954925641134417,0.954925641134417,0.0,0.0,0.0,-0.0
2023-07-18 00:00:00+00:00,20260201_193428_96b4cb66_StateSignal_XLE,0.0,0.0,0.954925641134417,0.954925641134417,0.0,0.0,0.0,-0.0
2023-07-19 00:00:00+00:00,20260201_193428_96b4cb66_StateSignal_XLE,0.0,0.0,0.954925641134417,0.954925641134417,0.0,0.0,0.0,0.0
2023-07-20 00:00:00+00:00,20260201_193428_96b4cb66_StateSignal_XLE,0.0,0.0,0.954925641134417,0.954925641134417,0.0,0.0,0.0,0.0
2023-07-21 00:00:00+00:00,20260201_193428_96b4cb66_StateSignal_XLE,0.0,0.0,0.954925641134417,0.954925641134417,0.0,0.0,0.0,0.0
2023-07-24 00:00:00+00:00,20260201_193428_96b4cb66_StateSignal_XLE,0.0,0.0,0.954925641134417,0.954925641134417,0.0,0.0,0.0,0.0
2023-07-25 00:00:00+00:00,20260201_193428_96b4cb66_StateSignal_XLE,0.0,0.0,0.954925641134417,0.954925641134417,0.0,0.0,0.0,0.0
2023-07-26 00:00:00+00:00,20260201_193428_96b4cb66_StateSignal_XLE,0.0,0.0,0.954925641134417,0.954925641134417,0.0,0.0,0.0,-0.0
2023-07-27 00:00:00+00:00,20260201_193428_96b4cb66_StateSignal_XLE,0.0,0.0,0.954925641134417,0.954925641134417,0.0,0.0,0.0,0.0
2023-07-28 00:00:00+00:00,20260201_193428_96b4cb66_StateSignal_XLE,0.0,0.0,0.954925641134417,0.954925641134417,0.0,0.0,0.0,0.0
2023-07-31 00:00:00+00:00,20260201_193428_96b4cb66_StateSignal_XLE,0.0,0.0,0.954925641134417,0.954925641134417,0.0,0.0,0.0,-0.0
2023-08-01 00:00:00+00:00,20260201_193428_96b4cb66_StateSignal_XLE,0.0,0.0,0.954925641134417,0.954925641134417,0.0,0.0,0.0,0.0
2023-08-02 00:00:00+00:00,20260201_193428_96b4cb66_StateSignal_XLE,-0.01043178400752221,-0.01043178400752221,0.9449640631028581,0.9449640631028581,0.0,0.0,0.818883970389995,-0.01043178400752221
2023-08-03 00:00:00+00:00,20260201_193428_96b4cb66_StateSignal_XLE,-0.007860022677630776,-0.007860022677630776,0.9375366241373235,0.9375366241373235,0.0,0.0,0.818883970389995,-0.007860022677630776
2023-08-04 00:00:00+00:00,20260201_193428_96b4cb66_StateSignal_XLE,0.017478413054441942,0.017478413054441942,0.9539232765076627,0.9539232765076627,0.0,0.0,0.818883970389995,0.017478413054441942
2023-08-07 00:00:00+00:00,20260201_193428_96b4cb66_StateSignal_XLE,0.006282768867226173,0.006282768867226173,0.9599165559710275,0.9599165559710275,0.0,0.0,0.818883970389995,0.006282768867226173
2023-08-08 00:00:00+00:00,20260201_193428_96b4cb66_StateSignal_XLE,-0.0077081547282312575,-0.0077081547282312575,0.952517370631412,0.952517370631412,0.0,0.0,0.818883970389995,-0.0077081547282312575
2023-08-09 00:00:00+00:00,20260201_193428_96b4cb66_StateSignal_XLE,-0.007370005481315587,-0.007370005481315587,0.9454973123888101,0.9454973123888101,0.0,0.0,0.818883970389995,-0.007370005481315587
2023-08-10 00:00:00+00:00,20260201_193428_96b4cb66_StateSignal_XLE,0.01950783596040348,0.01950783596040348,0.9639419188598933,0.9639419188598933,0.0,0.0,0.818883970389995,0.01950783596040348
2023-08-11 00:00:00+00:00,20260201_193428_96b4cb66_StateSignal_XLE,0.004206090543043659,0.004206090543043659,0.9679963458488533,0.9679963458488533,0.0,0.0,0.818883970389995,0.004206090543043659
2023-08-14 00:00:00+00:00,20260201_193428_96b4cb66_StateSignal_XLE,0.00854564501583604,0.00854564501583604,0.9762684989971041,0.9762684989971041,0.0,0.0,0.818883970389995,0.00854564501583604
2023-08-15 00:00:00+00:00,20260201_193428_96b4cb66_StateSignal_XLE,-0.0031693662026216853,-0.0031693662026216853,0.9731743466116985,0.9731743466116985,0.0,0.0,0.818883970389995,-0.0031693662026216853
2023-08-16 00:00:00+00:00,20260201_193428_96b4cb66_StateSignal_XLE,-0.01461795262302309,-0.01461795262302309,0.9589485301189873,0.9589485301189873,0.0,0.0,0.818883970389995,-0.01461795262302309
2023-08-17 00:00:00+00:00,20260201_193428_96b4cb66_StateSignal_XLE,0.00020201898964908302,0.00020201898964908302,0.9591422559321673,0.9591422559321673,0.0,0.0,0.818883970389995,0.00020201898964908302
2023-08-18 00:00:00+00:00,20260201_193428_96b4cb66_StateSignal_XLE,0.005435758669046532,0.005435758669046532,0.9643559217646994,0.9643559217646994,0.0,0.0,0.818883970389995,0.005435758669046532
2023-08-21 00:00:00+00:00,20260201_193428_96b4cb66_StateSignal_XLE,0.0008022376055685258,0.0008022376055685258,0.9651295643502917,0.9651295643502917,0.0,0.0,0.818883970389995,0.0008022376055685258
2023-08-22 00:00:00+00:00,20260201_193428_96b4cb66_StateSignal_XLE,-0.005632238162620016,-0.005632238162620016,0.9596937247860852,0.9596937247860852,0.0,0.0,0.818883970389995,-0.005632238162620016
2023-08-23 00:00:00+00:00,20260201_193428_96b4cb66_StateSignal_XLE,0.001008602135623542,0.001008602135623542,0.9606616739264489,0.9606616739264489,0.0,0.0,0.818883970389995,0.001008602135623542
2023-08-24 00:00:00+00:00,20260201_193428_96b4cb66_StateSignal_XLE,-0.012185998247292495,-0.012185998247292495,0.94895505245174,0.94895505245174,0.0,0.0,0.818883970389995,-0.012185998247292495
2023-08-25 00:00:00+00:00,20260201_193428_96b4cb66_StateSignal_XLE,0.004082181785714698,0.004082181785714698,0.9528288594823204,0.9528288594823204,0.0,0.0,0.818883970389995,0.004082181785714698
2023-08-28 00:00:00+00:00,20260201_193428_96b4cb66_StateSignal_XLE,0.0012206968278701612,0.0012206968278701612,0.9539919746485935,0.9539919746485935,0.0,0.0,0.818883970389995,0.0012206968278701612
2023-08-29 00:00:00+00:00,20260201_193428_96b4cb66_StateSignal_XLE,0.0054707285498678745,0.0054707285498678745,0.9592110057806484,0.9592110057806484,0.0,0.0,0.818883970389995,0.0054707285498678745
2023-08-30 00:00:00+00:00,20260201_193428_96b4cb66_StateSignal_XLE,-0.00040398815342790534,-0.00040398815342790534,0.9588234958976753,0.9588234958976753,0.0,0.0,0.818883970389995,-0.00040398815342790534
2023-08-31 00:00:00+00:00,20260201_193428_96b4cb66_StateSignal_XLE,0.00982084986409415,0.00982084986409415,0.9682399574970523,0.9682399574970523,0.0,0.0,1.0,0.00982084986409415
2023-09-01 00:00:00+00:00,20260201_193428_96b4cb66_StateSignal_XLE,-0.0014669929281256877,-0.0014669929281256877,0.9668195563266754,0.9668195563266754,0.0,0.0,1.0,-0.0014669929281256877
2023-09-05 00:00:00+00:00,20260201_193428_96b4cb66_StateSignal_XLE,0.01650122372527152,0.01650122372527152,0.9827732621275896,0.9827732621275896,0.0,0.0,1.0,0.01650122372527152
2023-09-06 00:00:00+00:00,20260201_193428_96b4cb66_StateSignal_XLE,0.020250840936455017,0.020250840936455017,1.0026752471355365,1.0026752471355365,0.0,0.0,1.0,0.020250840936455017
2023-09-07 00:00:00+00:00,20260201_193428_96b4cb66_StateSignal_XLE,-0.01138532222512545,-0.01138532222512545,0.991259466359741,0.991259466359741,0.0,0.0,1.0,-0.01138532222512545
2023-09-08 00:00:00+00:00,20260201_193428_96b4cb66_StateSignal_XLE,0.004759647252988053,0.004759647252988053,0.9959775117557986,0.9959775117557986,0.0,0.0,1.0,0.004759647252988053
2023-09-11 00:00:00+00:00,20260201_193428_96b4cb66_StateSignal_XLE,0.009922122506316189,0.009922122506316189,1.0058597226409756,1.0058597226409756,0.0,0.0,1.0,0.009922122506316189
2023-09-12 00:00:00+00:00,20260201_193428_96b4cb66_StateSignal_XLE,-0.013489732426591683,-0.013489732426591683,0.9922909441238631,0.9922909441238631,0.0,0.0,1.0,-0.013489732426591683
2023-09-13 00:00:00+00:00,20260201_193428_96b4cb66_StateSignal_XLE,0.01911562630876018,0.01911562630876018,1.0112592070013018,1.0112592070013018,0.0,0.0,1.0,0.01911562630876018
2023-09-14 00:00:00+00:00,20260201_193428_96b4cb66_StateSignal_XLE,-0.007272759329079559,-0.007272759329079559,1.0039045621694656,1.0039045621694656,0.0,0.0,1.0,-0.007272759329079559
2023-09-15 00:00:00+00:00,20260201_193428_96b4cb66_StateSignal_XLE,0.011936946889184341,0.011936946889184341,1.0158881176098924,1.0158881176098924,0.0,0.0,1.0,0.011936946889184341
2023-09-18 00:00:00+00:00,20260201_193428_96b4cb66_StateSignal_XLE,-0.0065359709797854215,-0.0065359709797854215,1.0092483023544854,1.0092483023544854,0.0,0.0,1.0,-0.0065359709797854215
2023-09-19 00:00:00+00:00,20260201_193428_96b4cb66_StateSignal_XLE,0.0037400698108518426,0.0037400698108518426,1.013022961461775,1.013022961461775,0.0,0.0,1.0,0.0037400698108518426
2023-09-20 00:00:00+00:00,20260201_193428_96b4cb66_StateSignal_XLE,-0.01008333083119739,-0.01008333083119739,1.0028083158017564,1.0028083158017564,0.0,0.0,1.0,-0.01008333083119739
2023-09-21 00:00:00+00:00,20260201_193428_96b4cb66_StateSignal_XLE,-0.0030685731620012646,-0.0030685731620012646,0.9997311251172555,0.9997311251172555,0.0,0.0,1.0,-0.0030685731620012646
2023-09-22 00:00:00+00:00,20260201_193428_96b4cb66_StateSignal_XLE,-0.01668691878501427,-0.01668691878501427,0.9830486930255729,0.9830486930255729,0.0,0.0,1.0,-0.01668691878501427
2023-09-25 00:00:00+00:00,20260201_193428_96b4cb66_StateSignal_XLE,-0.0019249284095845809,-0.0019249284095845809,0.9811563946683629,0.9811563946683629,0.0,0.0,1.0,-0.0019249284095845809
2023-09-26 00:00:00+00:00,20260201_193428_96b4cb66_StateSignal_XLE,0.008394341173418862,0.008394341173418862,0.9893925561896908,0.9893925561896908,0.0,0.0,1.0,0.008394341173418862
2023-09-27 00:00:00+00:00,20260201_193428_96b4cb66_StateSignal_XLE,0.0,0.0,0.9893925561896908,0.9893925561896908,0.0,0.0,1.0,0.0
2023-09-28 00:00:00+00:00,20260201_193428_96b4cb66_StateSignal_XLE,0.019160846402500376,0.019160846402500376,1.0083501549906186,1.0083501549906186,0.0,0.0,1.0,0.019160846402500376
2023-09-29 00:00:00+00:00,20260201_193428_96b4cb66_StateSignal_XLE,0.003508365193726881,0.003508365193726881,1.0118878155774769,1.0118878155774769,0.0,0.0,1.0,0.003508365193726881
2023-10-02 00:00:00+00:00,20260201_193428_96b4cb66_StateSignal_XLE,-0.019093096210424765,-0.019093096210424765,0.9925677441604995,0.9925677441604995,0.0,0.0,1.0,-0.019093096210424765
2023-10-03 00:00:00+00:00,20260201_193428_96b4cb66_StateSignal_XLE,-0.02530560385807501,-0.02530560385807501,0.9674502180244707,0.9674502180244707,0.0,0.0,1.0,-0.02530560385807501
2023-10-04 00:00:00+00:00,20260201_193428_96b4cb66_StateSignal_XLE,-0.005384251871908052,-0.005384251871908052,0.9622412223770946,0.9622412223770946,0.0,0.0,1.0,-0.005384251871908052
2023-10-05 00:00:00+00:00,20260201_193428_96b4cb66_StateSignal_XLE,-0.021079515791053716,-0.021079515791053716,0.9419576433351938,0.9419576433351938,0.0,0.0,1.0,-0.021079515791053716
2023-10-06 00:00:00+00:00,20260201_193428_96b4cb66_StateSignal_XLE,-0.009569451016150587,-0.009569451016150587,0.932943625808009,0.932943625808009,0.0,0.0,1.0,-0.009569451016150587
2023-10-09 00:00:00+00:00,20260201_193428_96b4cb66_StateSignal_XLE,0.009318793037647932,0.009318793037647932,0.9416375343727067,0.9416375343727067,0.0,0.0,1.0,0.009318793037647932
2023-10-10 00:00:00+00:00,20260201_193428_96b4cb66_StateSignal_XLE,0.030855218307495935,0.030855218307495935,0.9706919660623088,0.9706919660623088,0.0,0.0,1.0,0.030855218307495935
2023-10-11 00:00:00+00:00,20260201_193428_96b4cb66_StateSignal_XLE,0.004849670028811204,0.004849670028811204,0.975399501797329,0.975399501797329,0.0,0.0,1.0,0.004849670028811204
2023-10-12 00:00:00+00:00,20260201_193428_96b4cb66_StateSignal_XLE,-0.023248324678300847,-0.023248324678300847,0.9527230974884918,0.9527230974884918,0.0,0.0,1.0,-0.023248324678300847
2023-10-13 00:00:00+00:00,20260201_193428_96b4cb66_StateSignal_XLE,0.011079763721143276,0.011079763721143276,0.9632790443003401,0.9632790443003401,0.0,0.0,1.0,0.011079763721143276
2023-10-16 00:00:00+00:00,20260201_193428_96b4cb66_StateSignal_XLE,0.016272368768482703,0.016272368768482703,0.9789538761361468,0.9789538761361468,0.0,0.0,1.0,0.016272368768482703
2023-10-17 00:00:00+00:00,20260201_193428_96b4cb66_StateSignal_XLE,0.007440331935540279,0.007440331935540279,0.9862376179241835,0.9862376179241835,0.0,0.0,1.0,0.007440331935540279
2023-10-18 00:00:00+00:00,20260201_193428_96b4cb66_StateSignal_XLE,0.009519348419686935,0.009519348419686935,0.9956259574338059,0.9956259574338059,0.0,0.0,1.0,0.009519348419686935
2023-10-19 00:00:00+00:00,20260201_193428_96b4cb66_StateSignal_XLE,0.010602054779734083,0.010602054779734083,1.0061816383746442,1.0061816383746442,0.0,0.0,1.0,0.010602054779734083
2023-10-20 00:00:00+00:00,20260201_193428_96b4cb66_StateSignal_XLE,0.0030420053878423836,0.0030420053878423836,1.009242448339728,1.009242448339728,0.0,0.0,1.0,0.0030420053878423836
2023-10-23 00:00:00+00:00,20260201_193428_96b4cb66_StateSignal_XLE,-0.015066198354644289,-0.015066198354644289,0.9940370014251148,0.9940370014251148,0.0,0.0,1.0,-0.015066198354644289
2023-10-24 00:00:00+00:00,20260201_193428_96b4cb66_StateSignal_XLE,-0.016984022651802988,-0.016984022651802988,0.9771542544761803,0.9771542544761803,0.0,0.0,1.0,-0.016984022651802988
2023-10-25 00:00:00+00:00,20260201_193428_96b4cb66_StateSignal_XLE,-0.014336292191827749,-0.014336292191827749,0.9631454855675222,0.9631454855675222,0.0,0.0,1.0,-0.014336292191827749
2023-10-26 00:00:00+00:00,20260201_193428_96b4cb66_StateSignal_XLE,-0.009343564410265959,-0.009343564410265959,0.9541462736866652,0.9541462736866652,0.0,0.0,1.0,-0.009343564410265959
2023-10-27 00:00:00+00:00,20260201_193428_96b4cb66_StateSignal_XLE,-0.005201250115847156,-0.005201250115847156,0.9491835202701172,0.9491835202701172,0.0,0.0,1.0,-0.005201250115847156
2023-10-30 00:00:00+00:00,20260201_193428_96b4cb66_StateSignal_XLE,-0.02133347313878886,-0.02133347313878886,0.9289341391366536,0.9289341391366536,0.0,0.0,1.0,-0.02133347313878886
2023-10-31 00:00:00+00:00,20260201_193428_96b4cb66_StateSignal_XLE,0.0,0.0,0.9289341391366536,0.9289341391366536,0.0,0.0,0.0,-0.0
2023-11-01 00:00:00+00:00,20260201_193428_96b4cb66_StateSignal_XLE,0.0,0.0,0.9289341391366536,0.9289341391366536,0.0,0.0,0.0,0.0
2023-11-02 00:00:00+00:00,20260201_193428_96b4cb66_StateSignal_XLE,0.0,0.0,0.9289341391366536,0.9289341391366536,0.0,0.0,0.0,0.0
2023-11-03 00:00:00+00:00,20260201_193428_96b4cb66_StateSignal_XLE,0.0,0.0,0.9289341391366536,0.9289341391366536,0.0,0.0,0.0,0.0
2023-11-06 00:00:00+00:00,20260201_193428_96b4cb66_StateSignal_XLE,0.0,0.0,0.9289341391366536,0.9289341391366536,0.0,0.0,0.0,-0.0
2023-11-07 00:00:00+00:00,20260201_193428_96b4cb66_StateSignal_XLE,0.0,0.0,0.9289341391366536,0.9289341391366536,0.0,0.0,0.0,-0.0
2023-11-08 00:00:00+00:00,20260201_193428_96b4cb66_StateSignal_XLE,-0.022647004790600635,-0.022647004790600635,0.9078965632374733,0.9078965632374733,0.0,0.0,0.6764302997169636,-0.022647004790600635
2023-11-09 00:00:00+00:00,20260201_193428_96b4cb66_StateSignal_XLE,-0.003323129035193268,-0.003323129035193268,0.9048795058072266,0.9048795058072266,0.0,0.0,0.6764302997169636,-0.003323129035193268
2023-11-10 00:00:00+00:00,20260201_193428_96b4cb66_StateSignal_XLE,0.0,0.0,0.9048795058072266,0.9048795058072266,0.0,0.0,0.0,-0.0
2023-11-13 00:00:00+00:00,20260201_193428_96b4cb66_StateSignal_XLE,0.0,0.0,0.9048795058072266,0.9048795058072266,0.0,0.0,0.0,0.0
2023-11-14 00:00:00+00:00,20260201_193428_96b4cb66_StateSignal_XLE,0.0,0.0,0.9048795058072266,0.9048795058072266,0.0,0.0,0.0,0.0
2023-11-15 00:00:00+00:00,20260201_193428_96b4cb66_StateSignal_XLE,0.0,0.0,0.9048795058072266,0.9048795058072266,0.0,0.0,0.0,0.0
2023-11-16 00:00:00+00:00,20260201_193428_96b4cb66_StateSignal_XLE,0.0,0.0,0.9048795058072266,0.9048795058072266,0.0,0.0,0.0,0.0
2023-11-17 00:00:00+00:00,20260201_193428_96b4cb66_StateSignal_XLE,-0.02435342529971196,-0.02435342529971196,0.88284259035731,0.88284259035731,0.0,0.0,0.6764302997169636,-0.02435342529971196
2023-11-20 00:00:00+00:00,20260201_193428_96b4cb66_StateSignal_XLE,0.0186914518765599,0.0186914518765599,0.8993442001495513,0.8993442001495513,0.0,0.0,0.6764302997169636,0.0186914518765599
2023-11-21 00:00:00+00:00,20260201_193428_96b4cb66_StateSignal_XLE,0.004293719505874628,0.004293719505874628,0.9032057318842286,0.9032057318842286,0.0,0.0,0.6764302997169636,0.004293719505874628
2023-11-22 00:00:00+00:00,20260201_193428_96b4cb66_StateSignal_XLE,-0.003949217181281779,-0.003949217181281779,0.8996387762896392,0.8996387762896392,0.0,0.0,0.6764302997169636,-0.003949217181281779
2023-11-24 00:00:00+00:00,20260201_193428_96b4cb66_StateSignal_XLE,-0.0044922739291487265,-0.0044922739291487265,0.895597352469262,0.895597352469262,0.0,0.0,0.6764302997169636,-0.0044922739291487265
2023-11-27 00:00:00+00:00,20260201_193428_96b4cb66_StateSignal_XLE,0.008098994748826282,0.008098994748826282,0.9028507907239733,0.9028507907239733,0.0,0.0,0.6764302997169636,0.008098994748826282
2023-11-28 00:00:00+00:00,20260201_193428_96b4cb66_StateSignal_XLE,-0.0070596650185416766,-0.0070596650185416766,0.8964769665797365,0.8964769665797365,0.0,0.0,0.6764302997169636,-0.0070596650185416766
2023-11-29 00:00:00+00:00,20260201_193428_96b4cb66_StateSignal_XLE,0.00842861119731744,0.00842861119731744,0.9040330223783878,0.9040330223783878,0.0,0.0,0.6764302997169636,0.00842861119731744
2023-11-30 00:00:00+00:00,20260201_193428_96b4cb66_StateSignal_XLE,-0.0055695934957605674,-0.0055695934957605674,0.8989979259369963,0.8989979259369963,0.0,0.0,0.5481825241891798,-0.0055695934957605674
2023-12-01 00:00:00+00:00,20260201_193428_96b4cb66_StateSignal_XLE,0.0,0.0,0.8989979259369963,0.8989979259369963,0.0,0.0,0.0,-0.0
2023-12-04 00:00:00+00:00,20260201_193428_96b4cb66_StateSignal_XLE,0.013518850828189134,0.013518850828189134,0.9111513447925901,0.9111513447925901,0.0,0.0,0.5481825241891798,0.013518850828189134
2023-12-05 00:00:00+00:00,20260201_193428_96b4cb66_StateSignal_XLE,-0.007066269645211796,-0.007066269645211796,0.9047129037026882,0.9047129037026882,0.0,0.0,0.5481825241891798,-0.007066269645211796
2023-12-06 00:00:00+00:00,20260201_193428_96b4cb66_StateSignal_XLE,-0.004059074642249271,-0.004059074642249271,0.9010406064967529,0.9010406064967529,0.0,0.0,0.5481825241891798,-0.004059074642249271
2023-12-07 00:00:00+00:00,20260201_193428_96b4cb66_StateSignal_XLE,-0.014087749955185904,-0.014087749955185904,0.8883469717329575,0.8883469717329575,0.0,0.0,0.5481825241891798,-0.014087749955185904
2023-12-08 00:00:00+00:00,20260201_193428_96b4cb66_StateSignal_XLE,-0.0024559542756481083,-0.0024559542756481083,0.8861652321894709,0.8861652321894709,0.0,0.0,0.5481825241891798,-0.0024559542756481083
2023-12-11 00:00:00+00:00,20260201_193428_96b4cb66_StateSignal_XLE,0.0030322303068422603,0.0030322303068422603,0.8888522892633857,0.8888522892633857,0.0,0.0,0.5481825241891798,0.0030322303068422603
2023-12-12 00:00:00+00:00,20260201_193428_96b4cb66_StateSignal_XLE,0.0,0.0,0.8888522892633857,0.8888522892633857,0.0,0.0,0.0,0.0
2023-12-13 00:00:00+00:00,20260201_193428_96b4cb66_StateSignal_XLE,-0.008523763490703754,-0.008523763490703754,0.881275922571534,0.881275922571534,0.0,0.0,0.5481825241891798,-0.008523763490703754
2023-12-14 00:00:00+00:00,20260201_193428_96b4cb66_StateSignal_XLE,0.0,0.0,0.881275922571534,0.881275922571534,0.0,0.0,0.0,0.0
2023-12-15 00:00:00+00:00,20260201_193428_96b4cb66_StateSignal_XLE,0.02233724259472534,0.02233724259472534,0.9009611966469047,0.9009611966469047,0.0,0.0,0.5481825241891798,0.02233724259472534
2023-12-18 00:00:00+00:00,20260201_193428_96b4cb66_StateSignal_XLE,-0.005464356669330952,-0.005464356669330952,0.8960380233231987,0.8960380233231987,0.0,0.0,0.5481825241891798,-0.005464356669330952
2023-12-19 00:00:00+00:00,20260201_193428_96b4cb66_StateSignal_XLE,0.010598618576460139,0.010598618576460139,0.9055347885624067,0.9055347885624067,0.0,0.0,0.5481825241891798,0.010598618576460139
2023-12-20 00:00:00+00:00,20260201_193428_96b4cb66_StateSignal_XLE,0.0015171748937390357,0.0015171748937390357,0.9069086432090209,0.9069086432090209,0.0,0.0,0.5481825241891798,0.0015171748937390357
2023-12-21 00:00:00+00:00,20260201_193428_96b4cb66_StateSignal_XLE,0.005072626766448068,0.005072626766448068,0.9115090522672861,0.9115090522672861,0.0,0.0,0.5481825241891798,0.005072626766448068
2023-12-22 00:00:00+00:00,20260201_193428_96b4cb66_StateSignal_XLE,-0.0104707560944912,-0.0104707560944912,0.9019648633030745,0.9019648633030745,0.0,0.0,0.5481825241891798,-0.0104707560944912
2023-12-26 00:00:00+00:00,20260201_193428_96b4cb66_StateSignal_XLE,0.007185757355063903,0.007185757355063903,0.9084461639535638,0.9084461639535638,0.0,0.0,0.5481825241891798,0.007185757355063903
2023-12-27 00:00:00+00:00,20260201_193428_96b4cb66_StateSignal_XLE,0.004784069348216082,0.004784069348216082,0.9127922334010387,0.9127922334010387,0.0,0.0,0.5481825241891798,0.004784069348216082
2023-12-28 00:00:00+00:00,20260201_193428_96b4cb66_StateSignal_XLE,-0.0030022518488459025,-0.0030022518488459025,0.9100518012306982,0.9100518012306982,0.0,0.0,0.5481825241891798,-0.0030022518488459025
2023-12-29 00:00:00+00:00,20260201_193428_96b4cb66_StateSignal_XLE,-0.005915943610361671,-0.005915943610361671,0.9046679860921093,0.9046679860921093,0.0,0.0,0.5481825241891798,-0.005915943610361671
2024-01-02 00:00:00+00:00,20260201_193428_96b4cb66_StateSignal_XLE,-0.0067281482317356105,-0.0067281482317356105,0.8985812457811758,0.8985812457811758,0.0,0.0,0.6469630570736945,-0.0067281482317356105
2024-01-03 00:00:00+00:00,20260201_193428_96b4cb66_StateSignal_XLE,0.010796599930410811,0.010796599930410811,0.9082828679968452,0.9082828679968452,0.0,0.0,0.6469630570736945,0.010796599930410811
2024-01-04 00:00:00+00:00,20260201_193428_96b4cb66_StateSignal_XLE,0.0022672070258793415,0.0022672070258793415,0.9103421332966535,0.9103421332966535,0.0,0.0,0.6469630570736945,0.0022672070258793415
2024-01-05 00:00:00+00:00,20260201_193428_96b4cb66_StateSignal_XLE,0.0,0.0,0.9103421332966535,0.9103421332966535,0.0,0.0,0.0,-0.0
2024-01-08 00:00:00+00:00,20260201_193428_96b4cb66_StateSignal_XLE,0.0,0.0,0.9103421332966535,0.9103421332966535,0.0,0.0,0.0,-0.0
2024-01-09 00:00:00+00:00,20260201_193428_96b4cb66_StateSignal_XLE,-0.015308579468825065,-0.015308579468825065,0.8964060884052619,0.8964060884052619,0.0,0.0,0.6469630570736945,-0.015308579468825065
2024-01-10 00:00:00+00:00,20260201_193428_96b4cb66_StateSignal_XLE,0.0,0.0,0.8964060884052619,0.8964060884052619,0.0,0.0,0.0,-0.0
2024-01-11 00:00:00+00:00,20260201_193428_96b4cb66_StateSignal_XLE,0.0,0.0,0.8964060884052619,0.8964060884052619,0.0,0.0,0.0,-0.0
2024-01-12 00:00:00+00:00,20260201_193428_96b4cb66_StateSignal_XLE,0.0,0.0,0.8964060884052619,0.8964060884052619,0.0,0.0,0.0,0.0
2024-01-16 00:00:00+00:00,20260201_193428_96b4cb66_StateSignal_XLE,0.0,0.0,0.8964060884052619,0.8964060884052619,0.0,0.0,0.0,0.0
2024-01-17 00:00:00+00:00,20260201_193428_96b4cb66_StateSignal_XLE,0.0,0.0,0.8964060884052619,0.8964060884052619,0.0,0.0,0.0,-0.0
2024-01-18 00:00:00+00:00,20260201_193428_96b4cb66_StateSignal_XLE,0.0,0.0,0.8964060884052619,0.8964060884052619,0.0,0.0,0.0,-0.0
2024-01-19 00:00:00+00:00,20260201_193428_96b4cb66_StateSignal_XLE,0.0,0.0,0.8964060884052619,0.8964060884052619,0.0,0.0,0.0,-0.0
2024-01-22 00:00:00+00:00,20260201_193428_96b4cb66_StateSignal_XLE,0.0,0.0,0.8964060884052619,0.8964060884052619,0.0,0.0,0.0,0.0
2024-01-23 00:00:00+00:00,20260201_193428_96b4cb66_StateSignal_XLE,0.0,0.0,0.8964060884052619,0.8964060884052619,0.0,0.0,0.0,0.0
2024-01-24 00:00:00+00:00,20260201_193428_96b4cb66_StateSignal_XLE,0.0,0.0,0.8964060884052619,0.8964060884052619,0.0,0.0,0.0,0.0
2024-01-25 00:00:00+00:00,20260201_193428_96b4cb66_StateSignal_XLE,0.0,0.0,0.8964060884052619,0.8964060884052619,0.0,0.0,0.0,0.0
2024-01-26 00:00:00+00:00,20260201_193428_96b4cb66_StateSignal_XLE,0.0,0.0,0.8964060884052619,0.8964060884052619,0.0,0.0,0.0,0.0
2024-01-29 00:00:00+00:00,20260201_193428_96b4cb66_StateSignal_XLE,0.0,0.0,0.8964060884052619,0.8964060884052619,0.0,0.0,0.0,0.0
2024-01-30 00:00:00+00:00,20260201_193428_96b4cb66_StateSignal_XLE,0.0,0.0,0.8964060884052619,0.8964060884052619,0.0,0.0,0.0,0.0
2024-01-31 00:00:00+00:00,20260201_193428_96b4cb66_StateSignal_XLE,0.0,0.0,0.8964060884052619,0.8964060884052619,0.0,0.0,0.0,0.0
2024-02-01 00:00:00+00:00,20260201_193428_96b4cb66_StateSignal_XLE,0.0,0.0,0.8964060884052619,0.8964060884052619,0.0,0.0,0.0,-0.0
2024-02-02 00:00:00+00:00,20260201_193428_96b4cb66_StateSignal_XLE,0.0,0.0,0.8964060884052619,0.8964060884052619,0.0,0.0,0.0,0.0
2024-02-05 00:00:00+00:00,20260201_193428_96b4cb66_StateSignal_XLE,0.0,0.0,0.8964060884052619,0.8964060884052619,0.0,0.0,0.0,-0.0
2024-02-06 00:00:00+00:00,20260201_193428_96b4cb66_StateSignal_XLE,0.0,0.0,0.8964060884052619,0.8964060884052619,0.0,0.0,0.0,-0.0
2024-02-07 00:00:00+00:00,20260201_193428_96b4cb66_StateSignal_XLE,0.0,0.0,0.8964060884052619,0.8964060884052619,0.0,0.0,0.0,0.0
2024-02-08 00:00:00+00:00,20260201_193428_96b4cb66_StateSignal_XLE,0.0,0.0,0.8964060884052619,0.8964060884052619,0.0,0.0,0.0,-0.0
2024-02-09 00:00:00+00:00,20260201_193428_96b4cb66_StateSignal_XLE,0.0,0.0,0.8964060884052619,0.8964060884052619,0.0,0.0,0.0,0.0
2024-02-12 00:00:00+00:00,20260201_193428_96b4cb66_StateSignal_XLE,0.0,0.0,0.8964060884052619,0.8964060884052619,0.0,0.0,0.0,-0.0
2024-02-13 00:00:00+00:00,20260201_193428_96b4cb66_StateSignal_XLE,0.0,0.0,0.8964060884052619,0.8964060884052619,0.0,0.0,0.0,0.0
2024-02-14 00:00:00+00:00,20260201_193428_96b4cb66_StateSignal_XLE,0.0,0.0,0.8964060884052619,0.8964060884052619,0.0,0.0,0.0,-0.0
2024-02-15 00:00:00+00:00,20260201_193428_96b4cb66_StateSignal_XLE,0.0,0.0,0.8964060884052619,0.8964060884052619,0.0,0.0,0.0,-0.0
2024-02-16 00:00:00+00:00,20260201_193428_96b4cb66_StateSignal_XLE,0.0,0.0,0.8964060884052619,0.8964060884052619,0.0,0.0,0.0,0.0
2024-02-20 00:00:00+00:00,20260201_193428_96b4cb66_StateSignal_XLE,0.0,0.0,0.8964060884052619,0.8964060884052619,0.0,0.0,0.0,0.0
2024-02-21 00:00:00+00:00,20260201_193428_96b4cb66_StateSignal_XLE,0.0,0.0,0.8964060884052619,0.8964060884052619,0.0,0.0,0.0,-0.0
2024-02-22 00:00:00+00:00,20260201_193428_96b4cb66_StateSignal_XLE,0.0,0.0,0.8964060884052619,0.8964060884052619,0.0,0.0,0.0,0.0
2024-02-23 00:00:00+00:00,20260201_193428_96b4cb66_StateSignal_XLE,0.0,0.0,0.8964060884052619,0.8964060884052619,0.0,0.0,0.0,0.0
2024-02-26 00:00:00+00:00,20260201_193428_96b4cb66_StateSignal_XLE,0.0,0.0,0.8964060884052619,0.8964060884052619,0.0,0.0,0.0,-0.0
2024-02-27 00:00:00+00:00,20260201_193428_96b4cb66_StateSignal_XLE,0.0,0.0,0.8964060884052619,0.8964060884052619,0.0,0.0,0.0,0.0
2024-02-28 00:00:00+00:00,20260201_193428_96b4cb66_StateSignal_XLE,0.0,0.0,0.8964060884052619,0.8964060884052619,0.0,0.0,0.0,-0.0
2024-02-29 00:00:00+00:00,20260201_193428_96b4cb66_StateSignal_XLE,0.0,0.0,0.8964060884052619,0.8964060884052619,0.0,0.0,0.0,-0.0
2024-03-01 00:00:00+00:00,20260201_193428_96b4cb66_StateSignal_XLE,0.0,0.0,0.8964060884052619,0.8964060884052619,0.0,0.0,0.0,0.0
2024-03-04 00:00:00+00:00,20260201_193428_96b4cb66_StateSignal_XLE,0.012779726646399148,0.012779726646399148,0.9078619131792491,0.9078619131792491,0.0,0.0,1.0,0.012779726646399148
2024-03-05 00:00:00+00:00,20260201_193428_96b4cb66_StateSignal_XLE,-0.013027098323603603,-0.013027098323603603,0.8960351067720081,0.8960351067720081,0.0,0.0,1.0,-0.013027098323603603
2024-03-06 00:00:00+00:00,20260201_193428_96b4cb66_StateSignal_XLE,0.01009239335600931,0.01009239335600931,0.9050782455303451,0.9050782455303451,0.0,0.0,1.0,0.01009239335600931
2024-03-07 00:00:00+00:00,20260201_193428_96b4cb66_StateSignal_XLE,0.005617306259303234,0.005617306259303234,0.9101623472241219,0.9101623472241219,0.0,0.0,1.0,0.005617306259303234
2024-03-08 00:00:00+00:00,20260201_193428_96b4cb66_StateSignal_XLE,0.003161096857201784,0.003161096857201784,0.9130394585594755,0.9130394585594755,0.0,0.0,1.0,0.003161096857201784
2024-03-11 00:00:00+00:00,20260201_193428_96b4cb66_StateSignal_XLE,-0.0009715813249102645,-0.0009715813249102645,0.912152366472633,0.912152366472633,0.0,0.0,1.0,-0.0009715813249102645
2024-03-12 00:00:00+00:00,20260201_193428_96b4cb66_StateSignal_XLE,0.004848494346621379,0.004848494346621379,0.9165749320647328,0.9165749320647328,0.0,0.0,1.0,0.004848494346621379
2024-03-13 00:00:00+00:00,20260201_193428_96b4cb66_StateSignal_XLE,0.009147873133760864,0.009147873133760864,0.9249596432608465,0.9249596432608465,0.0,0.0,1.0,0.009147873133760864
2024-03-14 00:00:00+00:00,20260201_193428_96b4cb66_StateSignal_XLE,0.014039492946582577,0.014039492946582577,0.9379456076482806,0.9379456076482806,0.0,0.0,1.0,0.014039492946582577
2024-03-15 00:00:00+00:00,20260201_193428_96b4cb66_StateSignal_XLE,0.008470638883508741,0.008470638883508741,0.9458906061830423,0.9458906061830423,0.0,0.0,1.0,0.008470638883508741
2024-03-18 00:00:00+00:00,20260201_193428_96b4cb66_StateSignal_XLE,0.0056074913289454464,0.0056074913289454464,0.9511946795553446,0.9511946795553446,0.0,0.0,1.0,0.0056074913289454464
2024-03-19 00:00:00+00:00,20260201_193428_96b4cb66_StateSignal_XLE,0.003953033865248923,0.003953033865248923,0.9549547843360715,0.9549547843360715,0.0,0.0,1.0,0.003953033865248923
2024-03-20 00:00:00+00:00,20260201_193428_96b4cb66_StateSignal_XLE,0.008780093372954045,0.008780093372954045,0.9633393765094914,0.9633393765094914,0.0,0.0,1.0,0.008780093372954045
2024-03-21 00:00:00+00:00,20260201_193428_96b4cb66_StateSignal_XLE,-0.0043804104624749485,-0.0043804104624749485,0.9591195546257152,0.9591195546257152,0.0,0.0,1.0,-0.0043804104624749485
2024-03-22 00:00:00+00:00,20260201_193428_96b4cb66_StateSignal_XLE,0.007825126235256885,0.007825126235256885,0.9666247862153647,0.9666247862153647,0.0,0.0,1.0,0.007825126235256885
2024-03-25 00:00:00+00:00,20260201_193428_96b4cb66_StateSignal_XLE,-0.0009174312570090493,-0.0009174312570090493,0.965737974422691,0.965737974422691,0.0,0.0,1.0,-0.0009174312570090493
2024-03-26 00:00:00+00:00,20260201_193428_96b4cb66_StateSignal_XLE,0.012768071312116547,0.012768071312116547,0.978068585748939,0.978068585748939,0.0,0.0,1.0,0.012768071312116547
2024-03-27 00:00:00+00:00,20260201_193428_96b4cb66_StateSignal_XLE,-0.010247157865245882,-0.010247157865245882,0.9680461625477318,0.9680461625477318,0.0,0.0,1.0,-0.010247157865245882
2024-03-28 00:00:00+00:00,20260201_193428_96b4cb66_StateSignal_XLE,0.0031992714673734213,0.0031992714673734213,0.9711432050146711,0.9711432050146711,0.0,0.0,1.0,0.0031992714673734213
2024-04-01 00:00:00+00:00,20260201_193428_96b4cb66_StateSignal_XLE,0.013146154873292737,0.013146154873292737,0.9839100039919398,0.9839100039919398,0.0,0.0,1.0,0.013146154873292737
2024-04-02 00:00:00+00:00,20260201_193428_96b4cb66_StateSignal_XLE,0.009858919200794514,0.009858919200794514,0.9936102932221498,0.9936102932221498,0.0,0.0,1.0,0.009858919200794514
2024-04-03 00:00:00+00:00,20260201_193428_96b4cb66_StateSignal_XLE,0.0064451828845846215,0.0064451828845846215,1.0000142932779723,1.0000142932779723,0.0,0.0,1.0,0.0064451828845846215
2024-04-04 00:00:00+00:00,20260201_193428_96b4cb66_StateSignal_XLE,0.015170127131642897,0.015170127131642897,1.0151846372404592,1.0151846372404592,0.0,0.0,1.0,0.015170127131642897
2024-04-05 00:00:00+00:00,20260201_193428_96b4cb66_StateSignal_XLE,0.0041371860861874055,0.0041371860861874055,1.0193846449965616,1.0193846449965616,0.0,0.0,1.0,0.0041371860861874055
2024-04-08 00:00:00+00:00,20260201_193428_96b4cb66_StateSignal_XLE,0.006929434397010326,0.006929434397010326,1.0264484040193849,1.0264484040193849,0.0,0.0,1.0,0.006929434397010326
2024-04-09 00:00:00+00:00,20260201_193428_96b4cb66_StateSignal_XLE,-0.0038918968043861746,-0.0038918968043861746,1.0224535727559145,1.0224535727559145,0.0,0.0,1.0,-0.0038918968043861746
2024-04-10 00:00:00+00:00,20260201_193428_96b4cb66_StateSignal_XLE,-0.005430663938713387,-0.005430663938713387,1.0169009710093404,1.0169009710093404,0.0,0.0,1.0,-0.005430663938713387
2024-04-11 00:00:00+00:00,20260201_193428_96b4cb66_StateSignal_XLE,0.00021779375018038394,0.00021779375018038394,1.0171224456853787,1.0171224456853787,0.0,0.0,1.0,0.00021779375018038394
2024-04-12 00:00:00+00:00,20260201_193428_96b4cb66_StateSignal_XLE,-0.005678110909661971,-0.005678110909661971,1.0113471116300705,1.0113471116300705,0.0,0.0,1.0,-0.005678110909661971
2024-04-15 00:00:00+00:00,20260201_193428_96b4cb66_StateSignal_XLE,0.00937336563076796,0.00937336563076796,1.0208268378870002,1.0208268378870002,0.0,0.0,1.0,0.00937336563076796
2024-04-16 00:00:00+00:00,20260201_193428_96b4cb66_StateSignal_XLE,-0.012883680775512385,-0.012883680775512385,1.0076748307805885,1.0076748307805885,0.0,0.0,1.0,-0.012883680775512385
2024-04-17 00:00:00+00:00,20260201_193428_96b4cb66_StateSignal_XLE,-0.019530136952518262,-0.019530136952518262,0.987994803331838,0.987994803331838,0.0,0.0,1.0,-0.019530136952518262
2024-04-18 00:00:00+00:00,20260201_193428_96b4cb66_StateSignal_XLE,-0.0026929998321918447,-0.0026929998321918447,0.985334133492259,0.985334133492259,0.0,0.0,1.0,-0.0026929998321918447
2024-04-19 00:00:00+00:00,20260201_193428_96b4cb66_StateSignal_XLE,0.0008984726570266943,0.0008984726570266943,0.9862194292692369,0.9862194292692369,0.0,0.0,1.0,0.0008984726570266943
2024-04-22 00:00:00+00:00,20260201_193428_96b4cb66_StateSignal_XLE,0.007827390964619596,0.007827390964619596,0.9939389543190312,0.9939389543190312,0.0,0.0,1.0,0.007827390964619596
2024-04-23 00:00:00+00:00,20260201_193428_96b4cb66_StateSignal_XLE,0.0037798822102574903,0.0037798822102574903,0.9976959264905436,0.9976959264905436,0.0,0.0,1.0,0.0037798822102574903
2024-04-24 00:00:00+00:00,20260201_193428_96b4cb66_StateSignal_XLE,0.0013306721857051507,0.0013306721857051507,0.9990235327097159,0.9990235327097159,0.0,0.0,1.0,0.0013306721857051507
2024-04-25 00:00:00+00:00,20260201_193428_96b4cb66_StateSignal_XLE,0.001992694116710325,0.001992694116710325,1.0010142810258018,1.0010142810258018,0.0,0.0,1.0,0.001992694116710325
2024-04-26 00:00:00+00:00,20260201_193428_96b4cb66_StateSignal_XLE,0.0035327923693584395,0.0035327923693584395,1.0045506566394287,1.0045506566394287,0.0,0.0,1.0,0.0035327923693584395
2024-04-29 00:00:00+00:00,20260201_193428_96b4cb66_StateSignal_XLE,-0.00841085082279136,-0.00841085082279136,0.9961015309224973,0.9961015309224973,0.0,0.0,1.0,-0.00841085082279136
2024-04-30 00:00:00+00:00,20260201_193428_96b4cb66_StateSignal_XLE,0.010832426029254272,0.010832426029254272,1.0068917270738422,1.0068917270738422,0.0,0.0,1.0,0.010832426029254272
2024-05-01 00:00:00+00:00,20260201_193428_96b4cb66_StateSignal_XLE,-0.01618122416147072,-0.01618122416147072,0.9905989863317299,0.9905989863317299,0.0,0.0,1.0,-0.01618122416147072
2024-05-02 00:00:00+00:00,20260201_193428_96b4cb66_StateSignal_XLE,-0.003628835271402051,-0.003628835271402051,0.9870042657903143,0.9870042657903143,0.0,0.0,0.1270581984219637,-0.003628835271402051
2024-05-03 00:00:00+00:00,20260201_193428_96b4cb66_StateSignal_XLE,0.0025261237454419216,0.0025261237454419216,0.9894975607029797,0.9894975607029797,0.0,0.0,1.0,0.0025261237454419216
2024-05-06 00:00:00+00:00,20260201_193428_96b4cb66_StateSignal_XLE,-0.0059811542467755885,-0.0059811542467755885,0.983579223165607,0.983579223165607,0.0,0.0,1.0,-0.0059811542467755885
2024-05-07 00:00:00+00:00,20260201_193428_96b4cb66_StateSignal_XLE,0.002955648950866474,0.002955648950866474,0.9864863380646504,0.9864863380646504,0.0,0.0,0.1270581984219637,0.002955648950866474
2024-05-08 00:00:00+00:00,20260201_193428_96b4cb66_StateSignal_XLE,-0.0006892866728842383,-0.0006892866728842383,0.98580636617884,0.98580636617884,0.0,0.0,0.1270581984219637,-0.0006892866728842383
2024-05-09 00:00:00+00:00,20260201_193428_96b4cb66_StateSignal_XLE,2.8795059255670267e-05,2.8795059255670267e-05,0.9858347525315687,0.9858347525315687,0.0,0.0,0.1270581984219637,2.8795059255670267e-05
2024-05-10 00:00:00+00:00,20260201_193428_96b4cb66_StateSignal_XLE,0.00384485376963406,0.00384485376963406,0.989625142996076,0.989625142996076,0.0,0.0,1.0,0.00384485376963406
2024-05-13 00:00:00+00:00,20260201_193428_96b4cb66_StateSignal_XLE,0.000902527137075726,0.000902527137075726,0.9905183065431623,0.9905183065431623,0.0,0.0,1.0,0.000902527137075726
2024-05-14 00:00:00+00:00,20260201_193428_96b4cb66_StateSignal_XLE,-0.0029361963500136312,-0.0029361963500136312,0.9876099503068686,0.9876099503068686,0.0,0.0,1.0,-0.0029361963500136312
2024-05-15 00:00:00+00:00,20260201_193428_96b4cb66_StateSignal_XLE,-0.0027180084683053884,-0.0027180084683053884,0.9849256180985518,0.9849256180985518,0.0,0.0,1.0,-0.0027180084683053884
2024-05-16 00:00:00+00:00,20260201_193428_96b4cb66_StateSignal_XLE,0.003396357844232867,0.003396357844232867,0.9882707779475668,0.9882707779475668,0.0,0.0,1.0,0.003396357844232867
2024-05-17 00:00:00+00:00,20260201_193428_96b4cb66_StateSignal_XLE,0.003610112224099904,0.003610112224099904,0.991838546363756,0.991838546363756,0.0,0.0,1.0,0.003610112224099904
2024-05-20 00:00:00+00:00,20260201_193428_96b4cb66_StateSignal_XLE,0.002249719734015443,0.002249719734015443,0.9940699051144678,0.9940699051144678,0.0,0.0,1.0,0.002249719734015443
2024-05-21 00:00:00+00:00,20260201_193428_96b4cb66_StateSignal_XLE,0.005155228272561985,0.005155228272561985,0.9991945623942169,0.9991945623942169,0.0,0.0,1.0,0.005155228272561985
2024-05-22 00:00:00+00:00,20260201_193428_96b4cb66_StateSignal_XLE,-0.006954598978475168,-0.006954598978475168,0.9922455649112921,0.9922455649112921,0.0,0.0,1.0,-0.006954598978475168
2024-05-23 00:00:00+00:00,20260201_193428_96b4cb66_StateSignal_XLE,-0.0209288803716432,-0.0209288803716432,0.9714789761839702,0.9714789761839702,0.0,0.0,1.0,-0.0209288803716432
2024-05-24 00:00:00+00:00,20260201_193428_96b4cb66_StateSignal_XLE,-0.0011500863832369923,-0.0011500863832369923,0.97036169144186,0.97036169144186,0.0,0.0,1.0,-0.0011500863832369923
2024-05-28 00:00:00+00:00,20260201_193428_96b4cb66_StateSignal_XLE,-0.005307500632661277,-0.005307500632661277,0.9652114961506221,0.9652114961506221,0.0,0.0,1.0,-0.005307500632661277
2024-05-29 00:00:00+00:00,20260201_193428_96b4cb66_StateSignal_XLE,0.010358016418729576,0.010358016418729576,0.9752091726752967,0.9752091726752967,0.0,0.0,1.0,0.010358016418729576
2024-05-30 00:00:00+00:00,20260201_193428_96b4cb66_StateSignal_XLE,-0.020590663843210066,-0.020590663843210066,0.9551289684239247,0.9551289684239247,0.0,0.0,1.0,-0.020590663843210066
2024-05-31 00:00:00+00:00,20260201_193428_96b4cb66_StateSignal_XLE,0.0018682863911712033,0.0018682863911712033,0.9569134228774445,0.9569134228774445,0.0,0.0,1.0,0.0018682863911712033
2024-06-03 00:00:00+00:00,20260201_193428_96b4cb66_StateSignal_XLE,0.0015544651594165146,0.0015544651594165146,0.9584009114538856,0.9584009114538856,0.0,0.0,0.14561145129265143,0.0015544651594165146
2024-06-04 00:00:00+00:00,20260201_193428_96b4cb66_StateSignal_XLE,-0.0012829285748206796,-0.0012829285748206796,0.9571713515384472,0.9571713515384472,0.0,0.0,0.14561145129265143,-0.0012829285748206796
2024-06-05 00:00:00+00:00,20260201_193428_96b4cb66_StateSignal_XLE,-0.0027729831917040837,-0.0027729831917040837,0.9545171314690505,0.9545171314690505,0.0,0.0,0.14561145129265143,-0.0027729831917040837
2024-06-06 00:00:00+00:00,20260201_193428_96b4cb66_StateSignal_XLE,0.0007583946898833559,0.0007583946898833559,0.9552410321929592,0.9552410321929592,0.0,0.0,0.14561145129265143,0.0007583946898833559
2024-06-07 00:00:00+00:00,20260201_193428_96b4cb66_StateSignal_XLE,0.000857044565396028,0.000857044565396028,0.9560597163282434,0.9560597163282434,0.0,0.0,0.14561145129265143,0.000857044565396028
2024-06-10 00:00:00+00:00,20260201_193428_96b4cb66_StateSignal_XLE,-6.837823619093343e-05,-6.837823619093343e-05,0.9559943426511477,0.9559943426511477,0.0,0.0,0.14561145129265143,-6.837823619093343e-05
2024-06-11 00:00:00+00:00,20260201_193428_96b4cb66_StateSignal_XLE,0.0016660919920038807,0.0016660919920038807,0.9575871171698399,0.9575871171698399,0.0,0.0,0.14561145129265143,0.0016660919920038807
2024-06-12 00:00:00+00:00,20260201_193428_96b4cb66_StateSignal_XLE,-0.0012904084332552405,-0.0012904084332552405,0.9563514386782673,0.9563514386782673,0.0,0.0,0.14561145129265143,-0.0012904084332552405
2024-06-13 00:00:00+00:00,20260201_193428_96b4cb66_StateSignal_XLE,-0.001267535047315552,-0.001267535047315552,0.9551392297121919,0.9551392297121919,0.0,0.0,0.14561145129265143,-0.001267535047315552
2024-06-14 00:00:00+00:00,20260201_193428_96b4cb66_StateSignal_XLE,-0.001904802955406981,-0.001904802955406981,0.953319877684611,0.953319877684611,0.0,0.0,0.14561145129265143,-0.001904802955406981
2024-06-17 00:00:00+00:00,20260201_193428_96b4cb66_StateSignal_XLE,-0.0008390599041735923,-0.0008390599041735923,0.9525199851993942,0.9525199851993942,0.0,0.0,0.14561145129265143,-0.0008390599041735923
2024-06-18 00:00:00+00:00,20260201_193428_96b4cb66_StateSignal_XLE,0.002405003564221797,0.002405003564221797,0.9548107991587912,0.9548107991587912,0.0,0.0,1.0,0.002405003564221797
2024-06-20 00:00:00+00:00,20260201_193428_96b4cb66_StateSignal_XLE,0.007657371706331517,0.007657371706331517,0.9621221403571695,0.9621221403571695,0.0,0.0,1.0,0.007657371706331517
2024-06-21 00:00:00+00:00,20260201_193428_96b4cb66_StateSignal_XLE,0.012084023361894403,0.012084023361894403,0.9737484467782413,0.9737484467782413,0.0,0.0,1.0,0.012084023361894403
2024-06-24 00:00:00+00:00,20260201_193428_96b4cb66_StateSignal_XLE,0.0028222031902234157,0.0028222031902234157,0.976496562751214,0.976496562751214,0.0,0.0,1.0,0.0028222031902234157
2024-06-25 00:00:00+00:00,20260201_193428_96b4cb66_StateSignal_XLE,0.014918691613406754,0.014918691613406754,0.991064613832451,0.991064613832451,0.0,0.0,1.0,0.014918691613406754
2024-06-26 00:00:00+00:00,20260201_193428_96b4cb66_StateSignal_XLE,0.0013872834594859107,0.0013872834594859107,0.9924395013785026,0.9924395013785026,0.0,0.0,1.0,0.0013872834594859107
2024-06-27 00:00:00+00:00,20260201_193428_96b4cb66_StateSignal_XLE,-0.006257987742581239,-0.006257987742581239,0.9862288271436225,0.9862288271436225,0.0,0.0,1.0,-0.006257987742581239
2024-06-28 00:00:00+00:00,20260201_193428_96b4cb66_StateSignal_XLE,0.0027861638641071274,0.0027861638641071274,0.9889766222635508,0.9889766222635508,0.0,0.0,1.0,0.0027861638641071274
2024-07-01 00:00:00+00:00,20260201_193428_96b4cb66_StateSignal_XLE,0.008312215949795032,0.008312215949795032,0.9971972095171042,0.9971972095171042,0.0,0.0,1.0,0.008312215949795032
2024-07-02 00:00:00+00:00,20260201_193428_96b4cb66_StateSignal_XLE,-0.0009201748981455538,-0.0009201748981455538,0.9962796136764058,0.9962796136764058,0.0,0.0,1.0,-0.0009201748981455538
2024-07-03 00:00:00+00:00,20260201_193428_96b4cb66_StateSignal_XLE,-0.002534855603188113,-0.002534855603188113,0.993754188715336,0.993754188715336,0.0,0.0,1.0,-0.002534855603188113
2024-07-05 00:00:00+00:00,20260201_193428_96b4cb66_StateSignal_XLE,0.002534855603188113,0.002534855603188113,0.9962732120887928,0.9962732120887928,0.0,0.0,1.0,0.002534855603188113
2024-07-08 00:00:00+00:00,20260201_193428_96b4cb66_StateSignal_XLE,-0.013905206667612635,-0.013905206667612635,0.9824198271772919,0.9824198271772919,0.0,0.0,1.0,-0.013905206667612635
2024-07-09 00:00:00+00:00,20260201_193428_96b4cb66_StateSignal_XLE,-0.008201569113417406,-0.008201569113417406,0.9743624430663058,0.9743624430663058,0.0,0.0,1.0,-0.008201569113417406
2024-07-10 00:00:00+00:00,20260201_193428_96b4cb66_StateSignal_XLE,-0.0007061316051912847,-0.0007061316051912847,0.9736744149503453,0.9736744149503453,0.0,0.0,1.0,-0.0007061316051912847
2024-07-11 00:00:00+00:00,20260201_193428_96b4cb66_StateSignal_XLE,-0.0016495820872677314,-0.0016495820872677314,0.9720682590766123,0.9720682590766123,0.0,0.0,1.0,-0.0016495820872677314
2024-07-12 00:00:00+00:00,20260201_193428_96b4cb66_StateSignal_XLE,0.00868856000090501,0.00868856000090501,0.9805141324705747,0.9805141324705747,0.0,0.0,1.0,0.00868856000090501
2024-07-15 00:00:00+00:00,20260201_193428_96b4cb66_StateSignal_XLE,0.005130608269372949,0.005130608269372949,0.9855447663868653,0.9855447663868653,0.0,0.0,1.0,0.005130608269372949
2024-07-16 00:00:00+00:00,20260201_193428_96b4cb66_StateSignal_XLE,0.0,0.0,0.9855447663868653,0.9855447663868653,0.0,0.0,0.0,0.0
2024-07-17 00:00:00+00:00,20260201_193428_96b4cb66_StateSignal_XLE,-0.004332466017460401,-0.004332466017460401,0.9812749271778083,0.9812749271778083,0.0,0.0,1.0,-0.004332466017460401
2024-07-18 00:00:00+00:00,20260201_193428_96b4cb66_StateSignal_XLE,0.0,0.0,0.9812749271778083,0.9812749271778083,0.0,0.0,0.0,0.0
2024-07-19 00:00:00+00:00,20260201_193428_96b4cb66_StateSignal_XLE,0.0,0.0,0.9812749271778083,0.9812749271778083,0.0,0.0,0.0,0.0
2024-07-22 00:00:00+00:00,20260201_193428_96b4cb66_StateSignal_XLE,0.0,0.0,0.9812749271778083,0.9812749271778083,0.0,0.0,0.0,-0.0
2024-07-23 00:00:00+00:00,20260201_193428_96b4cb66_StateSignal_XLE,0.0,0.0,0.9812749271778083,0.9812749271778083,0.0,0.0,0.0,-0.0
2024-07-24 00:00:00+00:00,20260201_193428_96b4cb66_StateSignal_XLE,0.0,0.0,0.9812749271778083,0.9812749271778083,0.0,0.0,0.0,-0.0
2024-07-25 00:00:00+00:00,20260201_193428_96b4cb66_StateSignal_XLE,0.0,0.0,0.9812749271778083,0.9812749271778083,0.0,0.0,0.0,0.0
2024-07-26 00:00:00+00:00,20260201_193428_96b4cb66_StateSignal_XLE,0.0,0.0,0.9812749271778083,0.9812749271778083,0.0,0.0,0.0,0.0
2024-07-29 00:00:00+00:00,20260201_193428_96b4cb66_StateSignal_XLE,0.0,0.0,0.9812749271778083,0.9812749271778083,0.0,0.0,0.0,0.0
2024-07-30 00:00:00+00:00,20260201_193428_96b4cb66_StateSignal_XLE,0.0,0.0,0.9812749271778083,0.9812749271778083,0.0,0.0,0.0,-0.0
2024-07-31 00:00:00+00:00,20260201_193428_96b4cb66_StateSignal_XLE,0.0,0.0,0.9812749271778083,0.9812749271778083,0.0,0.0,0.0,0.0
2024-08-01 00:00:00+00:00,20260201_193428_96b4cb66_StateSignal_XLE,0.0,0.0,0.9812749271778083,0.9812749271778083,0.0,0.0,0.0,0.0
2024-08-02 00:00:00+00:00,20260201_193428_96b4cb66_StateSignal_XLE,-0.008371406866046946,-0.008371406866046946,0.9730602755149522,0.9730602755149522,0.0,0.0,0.3223544811211421,-0.008371406866046946
2024-08-05 00:00:00+00:00,20260201_193428_96b4cb66_StateSignal_XLE,-0.010126360198089263,-0.010126360198089263,0.9632067166706358,0.9632067166706358,0.0,0.0,0.3223544811211421,-0.010126360198089263
2024-08-06 00:00:00+00:00,20260201_193428_96b4cb66_StateSignal_XLE,-0.0055753305817119,-0.0055753305817119,0.9578365208066717,0.9578365208066717,0.0,0.0,0.3223544811211421,-0.0055753305817119
2024-08-07 00:00:00+00:00,20260201_193428_96b4cb66_StateSignal_XLE,0.002722276243707519,0.002722276243707519,0.9604440164126192,0.9604440164126192,0.0,0.0,0.3223544811211421,0.002722276243707519
2024-08-08 00:00:00+00:00,20260201_193428_96b4cb66_StateSignal_XLE,0.0043083817811156964,0.0043083817811156964,0.9645819759147128,0.9645819759147128,0.0,0.0,0.3223544811211421,0.0043083817811156964
2024-08-09 00:00:00+00:00,20260201_193428_96b4cb66_StateSignal_XLE,0.00015281084956515422,0.00015281084956515422,0.9647293745059277,0.9647293745059277,0.0,0.0,0.3223544811211421,0.00015281084956515422
2024-08-12 00:00:00+00:00,20260201_193428_96b4cb66_StateSignal_XLE,0.001979977051504042,0.001979977051504042,0.9666395165283613,0.9666395165283613,0.0,0.0,0.3223544811211421,0.001979977051504042
2024-08-13 00:00:00+00:00,20260201_193428_96b4cb66_StateSignal_XLE,0.002043338451209541,0.002043338451209541,0.9686146882209423,0.9686146882209423,0.0,0.0,0.3223544811211421,0.002043338451209541
2024-08-14 00:00:00+00:00,20260201_193428_96b4cb66_StateSignal_XLE,-0.002727339728734601,-0.002727339728734601,0.9659729468999214,0.9659729468999214,0.0,0.0,0.3223544811211421,-0.002727339728734601
2024-08-15 00:00:00+00:00,20260201_193428_96b4cb66_StateSignal_XLE,0.0007599119057156433,0.0007599119057156433,0.9667070012428698,0.9667070012428698,0.0,0.0,0.3223544811211421,0.0007599119057156433
2024-08-16 00:00:00+00:00,20260201_193428_96b4cb66_StateSignal_XLE,0.0054937426603718885,0.0054937426603718885,0.9720178407356779,0.9720178407356779,0.0,0.0,0.3223544811211421,0.0054937426603718885
2024-08-19 00:00:00+00:00,20260201_193428_96b4cb66_StateSignal_XLE,-0.0015708220208886059,-0.0015708220208886059,0.9704909737067536,0.9704909737067536,0.0,0.0,0.3223544811211421,-0.0015708220208886059
2024-08-20 00:00:00+00:00,20260201_193428_96b4cb66_StateSignal_XLE,0.003579267652854362,0.003579267652854362,0.9739646206563293,0.9739646206563293,0.0,0.0,0.3223544811211421,0.003579267652854362
2024-08-21 00:00:00+00:00,20260201_193428_96b4cb66_StateSignal_XLE,-0.008718908703107183,-0.008718908703107183,0.9654727120487703,0.9654727120487703,0.0,0.0,0.3223544811211421,-0.008718908703107183
2024-08-22 00:00:00+00:00,20260201_193428_96b4cb66_StateSignal_XLE,0.0008369883829710964,0.0008369883829710964,0.9662808014928307,0.9662808014928307,0.0,0.0,0.3223544811211421,0.0008369883829710964
2024-08-23 00:00:00+00:00,20260201_193428_96b4cb66_StateSignal_XLE,7.598219979106345e-05,7.598219979106345e-05,0.9663542216337441,0.9663542216337441,0.0,0.0,0.3223544811211421,7.598219979106345e-05
2024-08-26 00:00:00+00:00,20260201_193428_96b4cb66_StateSignal_XLE,0.0027234992609589,0.0027234992609589,0.968986086642188,0.968986086642188,0.0,0.0,0.3223544811211421,0.0027234992609589
2024-08-27 00:00:00+00:00,20260201_193428_96b4cb66_StateSignal_XLE,0.003446872946408012,0.003446872946408012,0.9723260585696808,0.9723260585696808,0.0,0.0,0.3223544811211421,0.003446872946408012
2024-08-28 00:00:00+00:00,20260201_193428_96b4cb66_StateSignal_XLE,-0.0011947365304556697,-0.0011947365304556697,0.9711643851079936,0.9711643851079936,0.0,0.0,0.3223544811211421,-0.0011947365304556697
2024-08-29 00:00:00+00:00,20260201_193428_96b4cb66_StateSignal_XLE,-0.0025536136239179916,-0.0025536136239179916,0.9686844065031178,0.9686844065031178,0.0,0.0,0.3223544811211421,-0.0025536136239179916
2024-08-30 00:00:00+00:00,20260201_193428_96b4cb66_StateSignal_XLE,0.002927444677203796,0.002927444677203796,0.9715201765128257,0.9715201765128257,0.0,0.0,0.3223544811211421,0.002927444677203796
2024-09-03 00:00:00+00:00,20260201_193428_96b4cb66_StateSignal_XLE,-0.0003418762067120974,-0.0003418762067120974,0.9711880368801352,0.9711880368801352,0.0,0.0,0.16370166414917517,-0.0003418762067120974
2024-09-04 00:00:00+00:00,20260201_193428_96b4cb66_StateSignal_XLE,-0.0026450440388454404,-0.0026450440388454404,0.9686192017525874,0.9686192017525874,0.0,0.0,0.16370166414917517,-0.0026450440388454404
2024-09-05 00:00:00+00:00,20260201_193428_96b4cb66_StateSignal_XLE,-0.0008524129582792594,-0.0008524129582792594,0.9677935381933753,0.9677935381933753,0.0,0.0,0.16370166414917517,-0.0008524129582792594
2024-09-06 00:00:00+00:00,20260201_193428_96b4cb66_StateSignal_XLE,-0.0021900214805862773,-0.0021900214805862773,0.9656740495559593,0.9656740495559593,0.0,0.0,0.16370166414917517,-0.0021900214805862773
2024-09-09 00:00:00+00:00,20260201_193428_96b4cb66_StateSignal_XLE,-0.002339484696061691,-0.002339484696061691,0.9634148698956392,0.9634148698956392,0.0,0.0,0.16370166414917517,-0.002339484696061691
2024-09-10 00:00:00+00:00,20260201_193428_96b4cb66_StateSignal_XLE,0.0017083449681573545,0.0017083449681573545,0.9650607148408734,0.9650607148408734,0.0,0.0,0.16370166414917517,0.0017083449681573545
2024-09-11 00:00:00+00:00,20260201_193428_96b4cb66_StateSignal_XLE,-0.004041233716920597,-0.004041233716920597,0.9611606789411831,0.9611606789411831,0.0,0.0,0.16370166414917517,-0.004041233716920597
2024-09-12 00:00:00+00:00,20260201_193428_96b4cb66_StateSignal_XLE,-0.0020791675016343177,-0.0020791675016343177,0.9591622648936798,0.9591622648936798,0.0,0.0,0.16370166414917517,-0.0020791675016343177
2024-09-13 00:00:00+00:00,20260201_193428_96b4cb66_StateSignal_XLE,0.0018764911551442795,0.0018764911551442795,0.960962124400101,0.960962124400101,0.0,0.0,0.16370166414917517,0.0018764911551442795
2024-09-16 00:00:00+00:00,20260201_193428_96b4cb66_StateSignal_XLE,0.0023357583279249206,0.0023357583279249206,0.9632066996849888,0.9632066996849888,0.0,0.0,0.16370166414917517,0.0023357583279249206
2024-09-17 00:00:00+00:00,20260201_193428_96b4cb66_StateSignal_XLE,0.0005588455312953985,0.0005588455312953985,0.9637449834448216,0.9637449834448216,0.0,0.0,0.16370166414917517,0.0005588455312953985
2024-09-18 00:00:00+00:00,20260201_193428_96b4cb66_StateSignal_XLE,0.002334395614092339,0.002334395614092339,0.9659947455072788,0.9659947455072788,0.0,0.0,0.16370166414917517,0.002334395614092339
2024-09-19 00:00:00+00:00,20260201_193428_96b4cb66_StateSignal_XLE,0.0005099133472206301,0.0005099133472206301,0.966487319121358,0.966487319121358,0.0,0.0,0.16370166414917517,0.0005099133472206301
2024-09-20 00:00:00+00:00,20260201_193428_96b4cb66_StateSignal_XLE,0.003141865139903747,0.003141865139903747,0.9695238919374645,0.9695238919374645,0.0,0.0,0.16370166414917517,0.003141865139903747
2024-09-23 00:00:00+00:00,20260201_193428_96b4cb66_StateSignal_XLE,-0.0021267788280292387,-0.0021267788280292387,0.9674619290508234,0.9674619290508234,0.0,0.0,0.16370166414917517,-0.0021267788280292387
2024-09-24 00:00:00+00:00,20260201_193428_96b4cb66_StateSignal_XLE,0.0016265735654296205,0.0016265735654296205,0.9690355770501771,0.9690355770501771,0.0,0.0,0.16370166414917517,0.0016265735654296205
2024-09-25 00:00:00+00:00,20260201_193428_96b4cb66_StateSignal_XLE,0.0007305547342133672,0.0007305547342133672,0.9697435105786122,0.9697435105786122,0.0,0.0,0.16370166414917517,0.0007305547342133672
2024-09-26 00:00:00+00:00,20260201_193428_96b4cb66_StateSignal_XLE,-0.0019295563349391142,-0.0019295563349391142,0.9678723358445092,0.9678723358445092,0.0,0.0,0.16370166414917517,-0.0019295563349391142
2024-09-27 00:00:00+00:00,20260201_193428_96b4cb66_StateSignal_XLE,-0.00384920878919577,-0.00384920878919577,0.964146793142557,0.964146793142557,0.0,0.0,0.16370166414917517,-0.00384920878919577
2024-09-30 00:00:00+00:00,20260201_193428_96b4cb66_StateSignal_XLE,0.0018573471942134935,0.0018573471942134935,0.9659375484836104,0.9659375484836104,0.0,0.0,0.16370166414917517,0.0018573471942134935
2024-10-01 00:00:00+00:00,20260201_193428_96b4cb66_StateSignal_XLE,0.0009403663818187344,0.0009403663818187344,0.9668458836811409,0.9668458836811409,0.0,0.0,0.16370166414917517,0.0009403663818187344
2024-10-02 00:00:00+00:00,20260201_193428_96b4cb66_StateSignal_XLE,0.0006080527860652684,0.0006080527860652684,0.9674337770144089,0.9674337770144089,0.0,0.0,0.025780243012547565,0.0006080527860652684
2024-10-03 00:00:00+00:00,20260201_193428_96b4cb66_StateSignal_XLE,0.000221393722572494,0.000221393722572494,0.9676479607796445,0.9676479607796445,0.0,0.0,0.025780243012547565,0.000221393722572494
2024-10-04 00:00:00+00:00,20260201_193428_96b4cb66_StateSignal_XLE,0.00041958456347351944,0.00041958456347351944,0.9680539709268644,0.9680539709268644,0.0,0.0,0.025780243012547565,0.00041958456347351944
2024-10-07 00:00:00+00:00,20260201_193428_96b4cb66_StateSignal_XLE,0.0003782295121138638,0.0003782295121138638,0.9684201175079881,0.9684201175079881,0.0,0.0,0.025780243012547565,0.0003782295121138638
2024-10-08 00:00:00+00:00,20260201_193428_96b4cb66_StateSignal_XLE,0.00024719789119988667,0.00024719789119988667,0.9686595089188317,0.9686595089188317,0.0,0.0,0.025780243012547565,0.00024719789119988667
2024-10-09 00:00:00+00:00,20260201_193428_96b4cb66_StateSignal_XLE,-0.0008255033361811832,-0.0008255033361811832,0.9678598772625956,0.9678598772625956,0.0,0.0,0.025780243012547565,-0.0008255033361811832
2024-10-10 00:00:00+00:00,20260201_193428_96b4cb66_StateSignal_XLE,0.00011199848808196026,0.00011199848808196026,0.9679682761055242,0.9679682761055242,0.0,0.0,0.025780243012547565,0.00011199848808196026
2024-10-11 00:00:00+00:00,20260201_193428_96b4cb66_StateSignal_XLE,0.0003214900217051777,0.0003214900217051777,0.9682794682476193,0.9682794682476193,0.0,0.0,0.025780243012547565,0.0003214900217051777
2024-10-14 00:00:00+00:00,20260201_193428_96b4cb66_StateSignal_XLE,6.961365979441191e-05,6.961365979441191e-05,0.9683468737251079,0.9683468737251079,0.0,0.0,0.025780243012547565,6.961365979441191e-05
2024-10-15 00:00:00+00:00,20260201_193428_96b4cb66_StateSignal_XLE,-4.638821406810113e-05,-4.638821406810113e-05,0.9683019538430373,0.9683019538430373,0.0,0.0,0.025780243012547565,-4.638821406810113e-05
2024-10-16 00:00:00+00:00,20260201_193428_96b4cb66_StateSignal_XLE,-0.0005751351238323419,-0.0005751351238323419,0.9677450493789067,0.9677450493789067,0.0,0.0,0.025780243012547565,-0.0005751351238323419
2024-10-17 00:00:00+00:00,20260201_193428_96b4cb66_StateSignal_XLE,-7.131468728101422e-05,-7.131468728101422e-05,0.9676760349433424,0.9676760349433424,0.0,0.0,0.025780243012547565,-7.131468728101422e-05
2024-10-18 00:00:00+00:00,20260201_193428_96b4cb66_StateSignal_XLE,0.0,0.0,0.9676760349433424,0.9676760349433424,0.0,0.0,0.025780243012547565,0.0
2024-10-21 00:00:00+00:00,20260201_193428_96b4cb66_StateSignal_XLE,-7.748084878790189e-05,-7.748084878790189e-05,0.9676010585828033,0.9676010585828033,0.0,0.0,0.025780243012547565,-7.748084878790189e-05
2024-10-22 00:00:00+00:00,20260201_193428_96b4cb66_StateSignal_XLE,1.7900875395230267e-05,1.7900875395230267e-05,0.9676183794887854,0.9676183794887854,0.0,0.0,0.025780243012547565,1.7900875395230267e-05
2024-10-23 00:00:00+00:00,20260201_193428_96b4cb66_StateSignal_XLE,9.526197633816454e-05,9.526197633816454e-05,0.9677105567279566,0.9677105567279566,0.0,0.0,0.025780243012547565,9.526197633816454e-05
2024-10-24 00:00:00+00:00,20260201_193428_96b4cb66_StateSignal_XLE,-0.00018489091009616778,-0.00018489091009616778,0.9675316358424134,0.9675316358424134,0.0,0.0,0.025780243012547565,-0.00018489091009616778
2024-10-25 00:00:00+00:00,20260201_193428_96b4cb66_StateSignal_XLE,-8.99416298224134e-05,-8.99416298224134e-05,0.9674446144701809,0.9674446144701809,0.0,0.0,0.025780243012547565,-8.99416298224134e-05
2024-10-28 00:00:00+00:00,20260201_193428_96b4cb66_StateSignal_XLE,0.0001377825027721902,0.0001377825027721902,0.9675779114104561,0.9675779114104561,0.0,0.0,0.025780243012547565,0.0001377825027721902
2024-10-29 00:00:00+00:00,20260201_193428_96b4cb66_StateSignal_XLE,-0.00031256448080426986,-0.00031256448080426986,0.9672754809229384,0.9672754809229384,0.0,0.0,0.025780243012547565,-0.00031256448080426986
2024-10-30 00:00:00+00:00,20260201_193428_96b4cb66_StateSignal_XLE,-0.00018815564000727715,-0.00018815564000727715,0.9670934825857619,0.9670934825857619,0.0,0.0,0.025780243012547565,-0.00018815564000727715
2024-10-31 00:00:00+00:00,20260201_193428_96b4cb66_StateSignal_XLE,0.0005223651241501193,0.0005223651241501193,0.9675986584928576,0.9675986584928576,0.0,0.0,0.1384265936338625,0.0005223651241501193
2024-11-01 00:00:00+00:00,20260201_193428_96b4cb66_StateSignal_XLE,-3.259013402543654e-05,-3.259013402543654e-05,0.9675671243228945,0.9675671243228945,0.0,0.0,0.1384265936338625,-3.259013402543654e-05
2024-11-04 00:00:00+00:00,20260201_193428_96b4cb66_StateSignal_XLE,0.0006179042984054875,0.0006179042984054875,0.9681649882080096,0.9681649882080096,0.0,0.0,0.1384265936338625,0.0006179042984054875
2024-11-05 00:00:00+00:00,20260201_193428_96b4cb66_StateSignal_XLE,0.00042119300306826227,0.00042119300306826227,0.9685727725268584,0.9685727725268584,0.0,0.0,0.1384265936338625,0.00042119300306826227
2024-11-06 00:00:00+00:00,20260201_193428_96b4cb66_StateSignal_XLE,0.0017040302192547312,0.0017040302192547312,0.9702232498007916,0.9702232498007916,0.0,0.0,0.1384265936338625,0.0017040302192547312
2024-11-07 00:00:00+00:00,20260201_193428_96b4cb66_StateSignal_XLE,0.004557536421435113,0.004557536421435113,0.9746450775986819,0.9746450775986819,0.0,0.0,0.1384265936338625,0.004557536421435113
2024-11-08 00:00:00+00:00,20260201_193428_96b4cb66_StateSignal_XLE,-0.0006819057810975806,-0.0006819057810975806,0.973980461485749,0.973980461485749,0.0,0.0,0.1384265936338625,-0.0006819057810975806
2024-11-11 00:00:00+00:00,20260201_193428_96b4cb66_StateSignal_XLE,0.0003103736583542006,0.0003103736583542006,0.974282759364746,0.974282759364746,0.0,0.0,0.1384265936338625,0.0003103736583542006
2024-11-12 00:00:00+00:00,20260201_193428_96b4cb66_StateSignal_XLE,0.0015108520821176554,0.0015108520821176554,0.9757547565003035,0.9757547565003035,0.0,0.0,0.1384265936338625,0.0015108520821176554
2024-11-13 00:00:00+00:00,20260201_193428_96b4cb66_StateSignal_XLE,-3.066945700678288e-05,-3.066945700678288e-05,0.9757248306317499,0.9757248306317499,0.0,0.0,0.1384265936338625,-3.066945700678288e-05
2024-11-14 00:00:00+00:00,20260201_193428_96b4cb66_StateSignal_XLE,0.00018391489902092812,0.00018391489902092812,0.9759042809654478,0.9759042809654478,0.0,0.0,0.1384265936338625,0.00018391489902092812
2024-11-15 00:00:00+00:00,20260201_193428_96b4cb66_StateSignal_XLE,0.0006417846723534192,0.0006417846723534192,0.9765306013746555,0.9765306013746555,0.0,0.0,0.1384265936338625,0.0006417846723534192
2024-11-18 00:00:00+00:00,20260201_193428_96b4cb66_StateSignal_XLE,0.00030456908575825437,0.00030456908575825437,0.9768280224071311,0.9768280224071311,0.0,0.0,0.1384265936338625,0.00030456908575825437
2024-11-19 00:00:00+00:00,20260201_193428_96b4cb66_StateSignal_XLE,0.0011814574731283225,0.0011814574731283225,0.9779821031741652,0.9779821031741652,0.0,0.0,0.1384265936338625,0.0011814574731283225
2024-11-20 00:00:00+00:00,20260201_193428_96b4cb66_StateSignal_XLE,-6.034289268791308e-05,-6.034289268791308e-05,0.9779230889050627,0.9779230889050627,0.0,0.0,0.1384265936338625,-6.034289268791308e-05
2024-11-21 00:00:00+00:00,20260201_193428_96b4cb66_StateSignal_XLE,0.00015080793912769936,0.00015080793912769936,0.978070567470726,0.978070567470726,0.0,0.0,0.1384265936338625,0.00015080793912769936
2024-11-22 00:00:00+00:00,20260201_193428_96b4cb66_StateSignal_XLE,0.0025389125698273302,0.0025389125698273302,0.9805538031286556,0.9805538031286556,0.0,0.0,0.1384265936338625,0.0025389125698273302
2024-11-25 00:00:00+00:00,20260201_193428_96b4cb66_StateSignal_XLE,-5.920726935165274e-05,-5.920726935165274e-05,0.98049574721552,0.98049574721552,0.0,0.0,0.1384265936338625,-5.920726935165274e-05
2024-11-26 00:00:00+00:00,20260201_193428_96b4cb66_StateSignal_XLE,-0.002540008761953851,-0.002540008761953851,0.9780052794265341,0.9780052794265341,0.0,0.0,0.1384265936338625,-0.002540008761953851
2024-11-27 00:00:00+00:00,20260201_193428_96b4cb66_StateSignal_XLE,-0.0010595854418914664,-0.0010595854418914664,0.9769689992703608,0.9769689992703608,0.0,0.0,0.1384265936338625,-0.0010595854418914664
2024-11-29 00:00:00+00:00,20260201_193428_96b4cb66_StateSignal_XLE,0.0007576734495097273,0.0007576734495097273,0.9777092227421021,0.9777092227421021,0.0,0.0,0.1384265936338625,0.0007576734495097273
2024-12-02 00:00:00+00:00,20260201_193428_96b4cb66_StateSignal_XLE,0.0,0.0,0.9777092227421021,0.9777092227421021,0.0,0.0,0.0,-0.0
2024-12-03 00:00:00+00:00,20260201_193428_96b4cb66_StateSignal_XLE,0.0,0.0,0.9777092227421021,0.9777092227421021,0.0,0.0,0.0,-0.0
2024-12-04 00:00:00+00:00,20260201_193428_96b4cb66_StateSignal_XLE,0.0,0.0,0.9777092227421021,0.9777092227421021,0.0,0.0,0.0,0.0
2024-12-05 00:00:00+00:00,20260201_193428_96b4cb66_StateSignal_XLE,0.0,0.0,0.9777092227421021,0.9777092227421021,0.0,0.0,0.0,-0.0
2024-12-06 00:00:00+00:00,20260201_193428_96b4cb66_StateSignal_XLE,0.0,0.0,0.9777092227421021,0.9777092227421021,0.0,0.0,0.0,0.0
2024-12-09 00:00:00+00:00,20260201_193428_96b4cb66_StateSignal_XLE,0.0,0.0,0.9777092227421021,0.9777092227421021,0.0,0.0,0.0,-0.0
2024-12-10 00:00:00+00:00,20260201_193428_96b4cb66_StateSignal_XLE,0.0,0.0,0.9777092227421021,0.9777092227421021,0.0,0.0,0.0,0.0
2024-12-11 00:00:00+00:00,20260201_193428_96b4cb66_StateSignal_XLE,0.0,0.0,0.9777092227421021,0.9777092227421021,0.0,0.0,0.0,-0.0
2024-12-12 00:00:00+00:00,20260201_193428_96b4cb66_StateSignal_XLE,0.0,0.0,0.9777092227421021,0.9777092227421021,0.0,0.0,0.0,-0.0
2024-12-13 00:00:00+00:00,20260201_193428_96b4cb66_StateSignal_XLE,0.0,0.0,0.9777092227421021,0.9777092227421021,0.0,0.0,0.0,-0.0
2024-12-16 00:00:00+00:00,20260201_193428_96b4cb66_StateSignal_XLE,0.0,0.0,0.9777092227421021,0.9777092227421021,0.0,0.0,0.0,-0.0
2024-12-17 00:00:00+00:00,20260201_193428_96b4cb66_StateSignal_XLE,0.0,0.0,0.9777092227421021,0.9777092227421021,0.0,0.0,0.0,-0.0
2024-12-18 00:00:00+00:00,20260201_193428_96b4cb66_StateSignal_XLE,0.0,0.0,0.9777092227421021,0.9777092227421021,0.0,0.0,0.0,-0.0
2024-12-19 00:00:00+00:00,20260201_193428_96b4cb66_StateSignal_XLE,0.0,0.0,0.9777092227421021,0.9777092227421021,0.0,0.0,0.0,0.0
2024-12-20 00:00:00+00:00,20260201_193428_96b4cb66_StateSignal_XLE,0.0,0.0,0.9777092227421021,0.9777092227421021,0.0,0.0,0.0,-0.0
2024-12-23 00:00:00+00:00,20260201_193428_96b4cb66_StateSignal_XLE,0.0,0.0,0.9777092227421021,0.9777092227421021,0.0,0.0,0.0,0.0
2024-12-24 00:00:00+00:00,20260201_193428_96b4cb66_StateSignal_XLE,0.0,0.0,0.9777092227421021,0.9777092227421021,0.0,0.0,0.0,0.0
2024-12-26 00:00:00+00:00,20260201_193428_96b4cb66_StateSignal_XLE,0.0,0.0,0.9777092227421021,0.9777092227421021,0.0,0.0,0.0,0.0
2024-12-27 00:00:00+00:00,20260201_193428_96b4cb66_StateSignal_XLE,0.0,0.0,0.9777092227421021,0.9777092227421021,0.0,0.0,0.0,0.0
2024-12-30 00:00:00+00:00,20260201_193428_96b4cb66_StateSignal_XLE,0.0,0.0,0.9777092227421021,0.9777092227421021,0.0,0.0,0.0,-0.0
2024-12-31 00:00:00+00:00,20260201_193428_96b4cb66_StateSignal_XLE,0.0,0.0,0.9777092227421021,0.9777092227421021,0.0,0.0,0.0,0.0
2025-01-02 00:00:00+00:00,20260201_193428_96b4cb66_StateSignal_XLE,0.0,0.0,0.9777092227421021,0.9777092227421021,0.0,0.0,0.0,0.0
2025-01-03 00:00:00+00:00,20260201_193428_96b4cb66_StateSignal_XLE,0.0,0.0,0.9777092227421021,0.9777092227421021,0.0,0.0,0.0,0.0
2025-01-06 00:00:00+00:00,20260201_193428_96b4cb66_StateSignal_XLE,0.0,0.0,0.9777092227421021,0.9777092227421021,0.0,0.0,0.0,0.0
2025-01-07 00:00:00+00:00,20260201_193428_96b4cb66_StateSignal_XLE,0.0,0.0,0.9777092227421021,0.9777092227421021,0.0,0.0,0.0,0.0
2025-01-08 00:00:00+00:00,20260201_193428_96b4cb66_StateSignal_XLE,0.0,0.0,0.9777092227421021,0.9777092227421021,0.0,0.0,0.0,0.0
2025-01-10 00:00:00+00:00,20260201_193428_96b4cb66_StateSignal_XLE,0.0,0.0,0.9777092227421021,0.9777092227421021,0.0,0.0,0.0,-0.0
2025-01-13 00:00:00+00:00,20260201_193428_96b4cb66_StateSignal_XLE,0.0,0.0,0.9777092227421021,0.9777092227421021,0.0,0.0,0.0,0.0
2025-01-14 00:00:00+00:00,20260201_193428_96b4cb66_StateSignal_XLE,0.0,0.0,0.9777092227421021,0.9777092227421021,0.0,0.0,0.0,0.0
2025-01-15 00:00:00+00:00,20260201_193428_96b4cb66_StateSignal_XLE,0.0,0.0,0.9777092227421021,0.9777092227421021,0.0,0.0,0.0,-0.0
2025-01-16 00:00:00+00:00,20260201_193428_96b4cb66_StateSignal_XLE,0.0,0.0,0.9777092227421021,0.9777092227421021,0.0,0.0,0.0,0.0
2025-01-17 00:00:00+00:00,20260201_193428_96b4cb66_StateSignal_XLE,0.0,0.0,0.9777092227421021,0.9777092227421021,0.0,0.0,0.0,0.0
2025-01-21 00:00:00+00:00,20260201_193428_96b4cb66_StateSignal_XLE,0.0,0.0,0.9777092227421021,0.9777092227421021,0.0,0.0,0.0,0.0
2025-01-22 00:00:00+00:00,20260201_193428_96b4cb66_StateSignal_XLE,0.0,0.0,0.9777092227421021,0.9777092227421021,0.0,0.0,0.0,-0.0
2025-01-23 00:00:00+00:00,20260201_193428_96b4cb66_StateSignal_XLE,0.0,0.0,0.9777092227421021,0.9777092227421021,0.0,0.0,0.0,-0.0
2025-01-24 00:00:00+00:00,20260201_193428_96b4cb66_StateSignal_XLE,0.0,0.0,0.9777092227421021,0.9777092227421021,0.0,0.0,0.0,-0.0
2025-01-27 00:00:00+00:00,20260201_193428_96b4cb66_StateSignal_XLE,0.0,0.0,0.9777092227421021,0.9777092227421021,0.0,0.0,0.0,-0.0
2025-01-28 00:00:00+00:00,20260201_193428_96b4cb66_StateSignal_XLE,0.0,0.0,0.9777092227421021,0.9777092227421021,0.0,0.0,0.0,-0.0
2025-01-29 00:00:00+00:00,20260201_193428_96b4cb66_StateSignal_XLE,0.0,0.0,0.9777092227421021,0.9777092227421021,0.0,0.0,0.0,-0.0
2025-01-30 00:00:00+00:00,20260201_193428_96b4cb66_StateSignal_XLE,0.0,0.0,0.9777092227421021,0.9777092227421021,0.0,0.0,0.0,0.0
2025-01-31 00:00:00+00:00,20260201_193428_96b4cb66_StateSignal_XLE,0.0,0.0,0.9777092227421021,0.9777092227421021,0.0,0.0,0.0,-0.0
2025-02-03 00:00:00+00:00,20260201_193428_96b4cb66_StateSignal_XLE,0.0,0.0,0.9777092227421021,0.9777092227421021,0.0,0.0,0.0,-0.0
2025-02-04 00:00:00+00:00,20260201_193428_96b4cb66_StateSignal_XLE,0.0,0.0,0.9777092227421021,0.9777092227421021,0.0,0.0,0.0,-0.0
2025-02-05 00:00:00+00:00,20260201_193428_96b4cb66_StateSignal_XLE,0.0,0.0,0.9777092227421021,0.9777092227421021,0.0,0.0,0.0,0.0
2025-02-06 00:00:00+00:00,20260201_193428_96b4cb66_StateSignal_XLE,0.0,0.0,0.9777092227421021,0.9777092227421021,0.0,0.0,0.0,0.0
2025-02-07 00:00:00+00:00,20260201_193428_96b4cb66_StateSignal_XLE,0.0,0.0,0.9777092227421021,0.9777092227421021,0.0,0.0,0.0,-0.0
2025-02-10 00:00:00+00:00,20260201_193428_96b4cb66_StateSignal_XLE,0.0,0.0,0.9777092227421021,0.9777092227421021,0.0,0.0,0.0,-0.0
2025-02-11 00:00:00+00:00,20260201_193428_96b4cb66_StateSignal_XLE,0.0,0.0,0.9777092227421021,0.9777092227421021,0.0,0.0,0.0,0.0
2025-02-12 00:00:00+00:00,20260201_193428_96b4cb66_StateSignal_XLE,0.0,0.0,0.9777092227421021,0.9777092227421021,0.0,0.0,0.0,0.0
2025-02-13 00:00:00+00:00,20260201_193428_96b4cb66_StateSignal_XLE,0.0,0.0,0.9777092227421021,0.9777092227421021,0.0,0.0,0.0,-0.0
2025-02-14 00:00:00+00:00,20260201_193428_96b4cb66_StateSignal_XLE,0.0,0.0,0.9777092227421021,0.9777092227421021,0.0,0.0,0.0,-0.0
2025-02-18 00:00:00+00:00,20260201_193428_96b4cb66_StateSignal_XLE,0.0,0.0,0.9777092227421021,0.9777092227421021,0.0,0.0,0.0,0.0
2025-02-19 00:00:00+00:00,20260201_193428_96b4cb66_StateSignal_XLE,0.0,0.0,0.9777092227421021,0.9777092227421021,0.0,0.0,0.0,0.0
2025-02-20 00:00:00+00:00,20260201_193428_96b4cb66_StateSignal_XLE,0.0,0.0,0.9777092227421021,0.9777092227421021,0.0,0.0,0.0,0.0
2025-02-21 00:00:00+00:00,20260201_193428_96b4cb66_StateSignal_XLE,0.0,0.0,0.9777092227421021,0.9777092227421021,0.0,0.0,0.0,-0.0
2025-02-24 00:00:00+00:00,20260201_193428_96b4cb66_StateSignal_XLE,0.0,0.0,0.9777092227421021,0.9777092227421021,0.0,0.0,0.0,0.0
2025-02-25 00:00:00+00:00,20260201_193428_96b4cb66_StateSignal_XLE,0.0,0.0,0.9777092227421021,0.9777092227421021,0.0,0.0,0.0,-0.0
2025-02-26 00:00:00+00:00,20260201_193428_96b4cb66_StateSignal_XLE,0.0,0.0,0.9777092227421021,0.9777092227421021,0.0,0.0,0.0,-0.0
2025-02-27 00:00:00+00:00,20260201_193428_96b4cb66_StateSignal_XLE,0.0,0.0,0.9777092227421021,0.9777092227421021,0.0,0.0,0.0,-0.0
2025-02-28 00:00:00+00:00,20260201_193428_96b4cb66_StateSignal_XLE,0.0,0.0,0.9777092227421021,0.9777092227421021,0.0,0.0,0.0,0.0
2025-03-03 00:00:00+00:00,20260201_193428_96b4cb66_StateSignal_XLE,0.0,0.0,0.9777092227421021,0.9777092227421021,0.0,0.0,0.0,-0.0
2025-03-04 00:00:00+00:00,20260201_193428_96b4cb66_StateSignal_XLE,0.0,0.0,0.9777092227421021,0.9777092227421021,0.0,0.0,0.0,0.0
2025-03-05 00:00:00+00:00,20260201_193428_96b4cb66_StateSignal_XLE,0.0,0.0,0.9777092227421021,0.9777092227421021,0.0,0.0,0.0,-0.0
2025-03-06 00:00:00+00:00,20260201_193428_96b4cb66_StateSignal_XLE,0.0,0.0,0.9777092227421021,0.9777092227421021,0.0,0.0,0.0,-0.0
2025-03-07 00:00:00+00:00,20260201_193428_96b4cb66_StateSignal_XLE,0.0,0.0,0.9777092227421021,0.9777092227421021,0.0,0.0,0.0,0.0
2025-03-10 00:00:00+00:00,20260201_193428_96b4cb66_StateSignal_XLE,0.0,0.0,0.9777092227421021,0.9777092227421021,0.0,0.0,0.0,0.0
2025-03-11 00:00:00+00:00,20260201_193428_96b4cb66_StateSignal_XLE,0.0,0.0,0.9777092227421021,0.9777092227421021,0.0,0.0,0.0,0.0
2025-03-12 00:00:00+00:00,20260201_193428_96b4cb66_StateSignal_XLE,0.0,0.0,0.9777092227421021,0.9777092227421021,0.0,0.0,0.0,-0.0
2025-03-13 00:00:00+00:00,20260201_193428_96b4cb66_StateSignal_XLE,0.0,0.0,0.9777092227421021,0.9777092227421021,0.0,0.0,0.0,0.0
2025-03-14 00:00:00+00:00,20260201_193428_96b4cb66_StateSignal_XLE,0.0,0.0,0.9777092227421021,0.9777092227421021,0.0,0.0,0.0,-0.0
2025-03-17 00:00:00+00:00,20260201_193428_96b4cb66_StateSignal_XLE,0.0,0.0,0.9777092227421021,0.9777092227421021,0.0,0.0,0.0,0.0
2025-03-18 00:00:00+00:00,20260201_193428_96b4cb66_StateSignal_XLE,0.0,0.0,0.9777092227421021,0.9777092227421021,0.0,0.0,0.0,0.0
2025-03-19 00:00:00+00:00,20260201_193428_96b4cb66_StateSignal_XLE,0.0,0.0,0.9777092227421021,0.9777092227421021,0.0,0.0,0.0,-0.0
2025-03-20 00:00:00+00:00,20260201_193428_96b4cb66_StateSignal_XLE,0.0,0.0,0.9777092227421021,0.9777092227421021,0.0,0.0,0.0,0.0
2025-03-21 00:00:00+00:00,20260201_193428_96b4cb66_StateSignal_XLE,0.0,0.0,0.9777092227421021,0.9777092227421021,0.0,0.0,0.0,0.0
2025-03-24 00:00:00+00:00,20260201_193428_96b4cb66_StateSignal_XLE,0.0,0.0,0.9777092227421021,0.9777092227421021,0.0,0.0,0.0,-0.0
2025-03-25 00:00:00+00:00,20260201_193428_96b4cb66_StateSignal_XLE,0.0,0.0,0.9777092227421021,0.9777092227421021,0.0,0.0,0.0,0.0
2025-03-26 00:00:00+00:00,20260201_193428_96b4cb66_StateSignal_XLE,0.0,0.0,0.9777092227421021,0.9777092227421021,0.0,0.0,0.0,-0.0
2025-03-27 00:00:00+00:00,20260201_193428_96b4cb66_StateSignal_XLE,0.0,0.0,0.9777092227421021,0.9777092227421021,0.0,0.0,0.0,0.0
2025-03-28 00:00:00+00:00,20260201_193428_96b4cb66_StateSignal_XLE,0.0,0.0,0.9777092227421021,0.9777092227421021,0.0,0.0,0.0,-0.0
2025-03-31 00:00:00+00:00,20260201_193428_96b4cb66_StateSignal_XLE,0.0,0.0,0.9777092227421021,0.9777092227421021,0.0,0.0,0.0,-0.0
2025-04-01 00:00:00+00:00,20260201_193428_96b4cb66_StateSignal_XLE,0.0,0.0,0.9777092227421021,0.9777092227421021,0.0,0.0,0.0,0.0
2025-04-02 00:00:00+00:00,20260201_193428_96b4cb66_StateSignal_XLE,0.0,0.0,0.9777092227421021,0.9777092227421021,0.0,0.0,0.0,0.0
2025-04-03 00:00:00+00:00,20260201_193428_96b4cb66_StateSignal_XLE,0.0,0.0,0.9777092227421021,0.9777092227421021,0.0,0.0,0.0,0.0
2025-04-04 00:00:00+00:00,20260201_193428_96b4cb66_StateSignal_XLE,0.0,0.0,0.9777092227421021,0.9777092227421021,0.0,0.0,0.0,-0.0
2025-04-07 00:00:00+00:00,20260201_193428_96b4cb66_StateSignal_XLE,0.0,0.0,0.9777092227421021,0.9777092227421021,0.0,0.0,0.0,-0.0
2025-04-08 00:00:00+00:00,20260201_193428_96b4cb66_StateSignal_XLE,0.0,0.0,0.9777092227421021,0.9777092227421021,0.0,0.0,0.0,-0.0
2025-04-09 00:00:00+00:00,20260201_193428_96b4cb66_StateSignal_XLE,0.0,0.0,0.9777092227421021,0.9777092227421021,0.0,0.0,0.0,0.0
2025-04-10 00:00:00+00:00,20260201_193428_96b4cb66_StateSignal_XLE,0.0,0.0,0.9777092227421021,0.9777092227421021,0.0,0.0,0.0,-0.0
2025-04-11 00:00:00+00:00,20260201_193428_96b4cb66_StateSignal_XLE,0.0,0.0,0.9777092227421021,0.9777092227421021,0.0,0.0,0.0,0.0
2025-04-14 00:00:00+00:00,20260201_193428_96b4cb66_StateSignal_XLE,0.0,0.0,0.9777092227421021,0.9777092227421021,0.0,0.0,0.0,-0.0
2025-04-15 00:00:00+00:00,20260201_193428_96b4cb66_StateSignal_XLE,0.0,0.0,0.9777092227421021,0.9777092227421021,0.0,0.0,0.0,0.0
2025-04-16 00:00:00+00:00,20260201_193428_96b4cb66_StateSignal_XLE,0.0,0.0,0.9777092227421021,0.9777092227421021,0.0,0.0,0.0,0.0
2025-04-17 00:00:00+00:00,20260201_193428_96b4cb66_StateSignal_XLE,0.0,0.0,0.9777092227421021,0.9777092227421021,0.0,0.0,0.0,0.0
2025-04-21 00:00:00+00:00,20260201_193428_96b4cb66_StateSignal_XLE,0.0,0.0,0.9777092227421021,0.9777092227421021,0.0,0.0,0.0,0.0
2025-04-22 00:00:00+00:00,20260201_193428_96b4cb66_StateSignal_XLE,0.0,0.0,0.9777092227421021,0.9777092227421021,0.0,0.0,0.0,-0.0
2025-04-23 00:00:00+00:00,20260201_193428_96b4cb66_StateSignal_XLE,0.0,0.0,0.9777092227421021,0.9777092227421021,0.0,0.0,0.0,0.0
2025-04-24 00:00:00+00:00,20260201_193428_96b4cb66_StateSignal_XLE,0.0,0.0,0.9777092227421021,0.9777092227421021,0.0,0.0,0.0,-0.0
2025-04-25 00:00:00+00:00,20260201_193428_96b4cb66_StateSignal_XLE,0.0,0.0,0.9777092227421021,0.9777092227421021,0.0,0.0,0.0,0.0
2025-04-28 00:00:00+00:00,20260201_193428_96b4cb66_StateSignal_XLE,0.0,0.0,0.9777092227421021,0.9777092227421021,0.0,0.0,0.0,0.0
2025-04-29 00:00:00+00:00,20260201_193428_96b4cb66_StateSignal_XLE,0.0,0.0,0.9777092227421021,0.9777092227421021,0.0,0.0,0.0,0.0
2025-04-30 00:00:00+00:00,20260201_193428_96b4cb66_StateSignal_XLE,0.0,0.0,0.9777092227421021,0.9777092227421021,0.0,0.0,0.0,0.0
2025-05-01 00:00:00+00:00,20260201_193428_96b4cb66_StateSignal_XLE,0.0,0.0,0.9777092227421021,0.9777092227421021,0.0,0.0,0.0,-0.0
2025-05-02 00:00:00+00:00,20260201_193428_96b4cb66_StateSignal_XLE,0.0,0.0,0.9777092227421021,0.9777092227421021,0.0,0.0,0.0,0.0
2025-05-05 00:00:00+00:00,20260201_193428_96b4cb66_StateSignal_XLE,0.0,0.0,0.9777092227421021,0.9777092227421021,0.0,0.0,0.0,0.0
2025-05-06 00:00:00+00:00,20260201_193428_96b4cb66_StateSignal_XLE,0.0,0.0,0.9777092227421021,0.9777092227421021,0.0,0.0,0.0,-0.0
2025-05-07 00:00:00+00:00,20260201_193428_96b4cb66_StateSignal_XLE,0.0,0.0,0.9777092227421021,0.9777092227421021,0.0,0.0,0.0,0.0
2025-05-08 00:00:00+00:00,20260201_193428_96b4cb66_StateSignal_XLE,0.0,0.0,0.9777092227421021,0.9777092227421021,0.0,0.0,0.0,-0.0
2025-05-09 00:00:00+00:00,20260201_193428_96b4cb66_StateSignal_XLE,0.0,0.0,0.9777092227421021,0.9777092227421021,0.0,0.0,0.0,0.0
2025-05-12 00:00:00+00:00,20260201_193428_96b4cb66_StateSignal_XLE,0.0,0.0,0.9777092227421021,0.9777092227421021,0.0,0.0,0.0,-0.0
2025-05-13 00:00:00+00:00,20260201_193428_96b4cb66_StateSignal_XLE,0.0,0.0,0.9777092227421021,0.9777092227421021,0.0,0.0,0.0,0.0
2025-05-14 00:00:00+00:00,20260201_193428_96b4cb66_StateSignal_XLE,0.0,0.0,0.9777092227421021,0.9777092227421021,0.0,0.0,0.0,0.0
2025-05-15 00:00:00+00:00,20260201_193428_96b4cb66_StateSignal_XLE,0.0,0.0,0.9777092227421021,0.9777092227421021,0.0,0.0,0.0,-0.0
2025-05-16 00:00:00+00:00,20260201_193428_96b4cb66_StateSignal_XLE,0.0,0.0,0.9777092227421021,0.9777092227421021,0.0,0.0,0.0,-0.0
2025-05-19 00:00:00+00:00,20260201_193428_96b4cb66_StateSignal_XLE,0.0,0.0,0.9777092227421021,0.9777092227421021,0.0,0.0,0.0,0.0
2025-05-20 00:00:00+00:00,20260201_193428_96b4cb66_StateSignal_XLE,0.0,0.0,0.9777092227421021,0.9777092227421021,0.0,0.0,0.0,-0.0
2025-05-21 00:00:00+00:00,20260201_193428_96b4cb66_StateSignal_XLE,0.0,0.0,0.9777092227421021,0.9777092227421021,0.0,0.0,0.0,-0.0
2025-05-22 00:00:00+00:00,20260201_193428_96b4cb66_StateSignal_XLE,0.0,0.0,0.9777092227421021,0.9777092227421021,0.0,0.0,0.0,-0.0
2025-05-23 00:00:00+00:00,20260201_193428_96b4cb66_StateSignal_XLE,0.0,0.0,0.9777092227421021,0.9777092227421021,0.0,0.0,0.0,-0.0
2025-05-27 00:00:00+00:00,20260201_193428_96b4cb66_StateSignal_XLE,0.0,0.0,0.9777092227421021,0.9777092227421021,0.0,0.0,0.0,0.0
2025-05-28 00:00:00+00:00,20260201_193428_96b4cb66_StateSignal_XLE,0.0,0.0,0.9777092227421021,0.9777092227421021,0.0,0.0,0.0,0.0
2025-05-29 00:00:00+00:00,20260201_193428_96b4cb66_StateSignal_XLE,0.0,0.0,0.9777092227421021,0.9777092227421021,0.0,0.0,0.0,-0.0
2025-05-30 00:00:00+00:00,20260201_193428_96b4cb66_StateSignal_XLE,0.0,0.0,0.9777092227421021,0.9777092227421021,0.0,0.0,0.0,-0.0
2025-06-02 00:00:00+00:00,20260201_193428_96b4cb66_StateSignal_XLE,0.0,0.0,0.9777092227421021,0.9777092227421021,0.0,0.0,0.0,-0.0
2025-06-03 00:00:00+00:00,20260201_193428_96b4cb66_StateSignal_XLE,0.0,0.0,0.9777092227421021,0.9777092227421021,0.0,0.0,0.0,0.0
2025-06-04 00:00:00+00:00,20260201_193428_96b4cb66_StateSignal_XLE,0.0,0.0,0.9777092227421021,0.9777092227421021,0.0,0.0,0.0,0.0
2025-06-05 00:00:00+00:00,20260201_193428_96b4cb66_StateSignal_XLE,0.0,0.0,0.9777092227421021,0.9777092227421021,0.0,0.0,0.0,-0.0
2025-06-06 00:00:00+00:00,20260201_193428_96b4cb66_StateSignal_XLE,0.0,0.0,0.9777092227421021,0.9777092227421021,0.0,0.0,0.0,-0.0
2025-06-09 00:00:00+00:00,20260201_193428_96b4cb66_StateSignal_XLE,0.0,0.0,0.9777092227421021,0.9777092227421021,0.0,0.0,0.0,0.0
2025-06-10 00:00:00+00:00,20260201_193428_96b4cb66_StateSignal_XLE,0.0,0.0,0.9777092227421021,0.9777092227421021,0.0,0.0,0.0,0.0
2025-06-11 00:00:00+00:00,20260201_193428_96b4cb66_StateSignal_XLE,0.0,0.0,0.9777092227421021,0.9777092227421021,0.0,0.0,0.0,0.0
2025-06-12 00:00:00+00:00,20260201_193428_96b4cb66_StateSignal_XLE,0.0,0.0,0.9777092227421021,0.9777092227421021,0.0,0.0,0.0,-0.0
2025-06-13 00:00:00+00:00,20260201_193428_96b4cb66_StateSignal_XLE,0.0,0.0,0.9777092227421021,0.9777092227421021,0.0,0.0,0.0,0.0
2025-06-16 00:00:00+00:00,20260201_193428_96b4cb66_StateSignal_XLE,0.0,0.0,0.9777092227421021,0.9777092227421021,0.0,0.0,0.0,0.0
2025-06-17 00:00:00+00:00,20260201_193428_96b4cb66_StateSignal_XLE,0.0,0.0,0.9777092227421021,0.9777092227421021,0.0,0.0,0.0,-0.0
2025-06-18 00:00:00+00:00,20260201_193428_96b4cb66_StateSignal_XLE,0.0,0.0,0.9777092227421021,0.9777092227421021,0.0,0.0,0.0,0.0
2025-06-20 00:00:00+00:00,20260201_193428_96b4cb66_StateSignal_XLE,0.0,0.0,0.9777092227421021,0.9777092227421021,0.0,0.0,0.0,-0.0
2025-06-23 00:00:00+00:00,20260201_193428_96b4cb66_StateSignal_XLE,0.0,0.0,0.9777092227421021,0.9777092227421021,0.0,0.0,0.0,0.0
2025-06-24 00:00:00+00:00,20260201_193428_96b4cb66_StateSignal_XLE,0.0,0.0,0.9777092227421021,0.9777092227421021,0.0,0.0,0.0,-0.0
2025-06-25 00:00:00+00:00,20260201_193428_96b4cb66_StateSignal_XLE,0.0,0.0,0.9777092227421021,0.9777092227421021,0.0,0.0,0.0,-0.0
2025-06-26 00:00:00+00:00,20260201_193428_96b4cb66_StateSignal_XLE,0.0,0.0,0.9777092227421021,0.9777092227421021,0.0,0.0,0.0,0.0
2025-06-27 00:00:00+00:00,20260201_193428_96b4cb66_StateSignal_XLE,0.0,0.0,0.9777092227421021,0.9777092227421021,0.0,0.0,0.0,0.0
2025-06-30 00:00:00+00:00,20260201_193428_96b4cb66_StateSignal_XLE,0.0,0.0,0.9777092227421021,0.9777092227421021,0.0,0.0,0.0,-0.0
2025-07-01 00:00:00+00:00,20260201_193428_96b4cb66_StateSignal_XLE,0.0,0.0,0.9777092227421021,0.9777092227421021,0.0,0.0,0.0,0.0
2025-07-02 00:00:00+00:00,20260201_193428_96b4cb66_StateSignal_XLE,0.0,0.0,0.9777092227421021,0.9777092227421021,0.0,0.0,0.0,0.0
2025-07-03 00:00:00+00:00,20260201_193428_96b4cb66_StateSignal_XLE,0.0,0.0,0.9777092227421021,0.9777092227421021,0.0,0.0,0.0,0.0
2025-07-07 00:00:00+00:00,20260201_193428_96b4cb66_StateSignal_XLE,0.0,0.0,0.9777092227421021,0.9777092227421021,0.0,0.0,0.0,0.0
2025-07-08 00:00:00+00:00,20260201_193428_96b4cb66_StateSignal_XLE,0.0,0.0,0.9777092227421021,0.9777092227421021,0.0,0.0,0.0,-0.0
2025-07-09 00:00:00+00:00,20260201_193428_96b4cb66_StateSignal_XLE,0.0,0.0,0.9777092227421021,0.9777092227421021,0.0,0.0,0.0,0.0
2025-07-10 00:00:00+00:00,20260201_193428_96b4cb66_StateSignal_XLE,0.0,0.0,0.9777092227421021,0.9777092227421021,0.0,0.0,0.0,0.0
2025-07-11 00:00:00+00:00,20260201_193428_96b4cb66_StateSignal_XLE,0.0,0.0,0.9777092227421021,0.9777092227421021,0.0,0.0,0.0,-0.0
2025-07-14 00:00:00+00:00,20260201_193428_96b4cb66_StateSignal_XLE,0.0,0.0,0.9777092227421021,0.9777092227421021,0.0,0.0,0.0,0.0
2025-07-15 00:00:00+00:00,20260201_193428_96b4cb66_StateSignal_XLE,0.0,0.0,0.9777092227421021,0.9777092227421021,0.0,0.0,0.0,-0.0
2025-07-16 00:00:00+00:00,20260201_193428_96b4cb66_StateSignal_XLE,0.0,0.0,0.9777092227421021,0.9777092227421021,0.0,0.0,0.0,-0.0
2025-07-17 00:00:00+00:00,20260201_193428_96b4cb66_StateSignal_XLE,0.0,0.0,0.9777092227421021,0.9777092227421021,0.0,0.0,0.0,-0.0
2025-07-18 00:00:00+00:00,20260201_193428_96b4cb66_StateSignal_XLE,0.0,0.0,0.9777092227421021,0.9777092227421021,0.0,0.0,0.0,-0.0
2025-07-21 00:00:00+00:00,20260201_193428_96b4cb66_StateSignal_XLE,0.0,0.0,0.9777092227421021,0.9777092227421021,0.0,0.0,0.0,0.0
2025-07-22 00:00:00+00:00,20260201_193428_96b4cb66_StateSignal_XLE,0.0,0.0,0.9777092227421021,0.9777092227421021,0.0,0.0,0.0,-0.0
2025-07-23 00:00:00+00:00,20260201_193428_96b4cb66_StateSignal_XLE,0.0,0.0,0.9777092227421021,0.9777092227421021,0.0,0.0,0.0,-0.0
2025-07-24 00:00:00+00:00,20260201_193428_96b4cb66_StateSignal_XLE,0.0,0.0,0.9777092227421021,0.9777092227421021,0.0,0.0,0.0,0.0
2025-07-25 00:00:00+00:00,20260201_193428_96b4cb66_StateSignal_XLE,0.0,0.0,0.9777092227421021,0.9777092227421021,0.0,0.0,0.0,0.0
2025-07-28 00:00:00+00:00,20260201_193428_96b4cb66_StateSignal_XLE,0.0,0.0,0.9777092227421021,0.9777092227421021,0.0,0.0,0.0,-0.0
2025-07-29 00:00:00+00:00,20260201_193428_96b4cb66_StateSignal_XLE,0.0,0.0,0.9777092227421021,0.9777092227421021,0.0,0.0,0.0,0.0
2025-07-30 00:00:00+00:00,20260201_193428_96b4cb66_StateSignal_XLE,0.0,0.0,0.9777092227421021,0.9777092227421021,0.0,0.0,0.0,0.0
2025-07-31 00:00:00+00:00,20260201_193428_96b4cb66_StateSignal_XLE,0.0,0.0,0.9777092227421021,0.9777092227421021,0.0,0.0,0.0,-0.0
2025-08-01 00:00:00+00:00,20260201_193428_96b4cb66_StateSignal_XLE,0.0,0.0,0.9777092227421021,0.9777092227421021,0.0,0.0,0.0,-0.0
2025-08-04 00:00:00+00:00,20260201_193428_96b4cb66_StateSignal_XLE,0.0,0.0,0.9777092227421021,0.9777092227421021,0.0,0.0,0.0,-0.0
2025-08-05 00:00:00+00:00,20260201_193428_96b4cb66_StateSignal_XLE,0.0,0.0,0.9777092227421021,0.9777092227421021,0.0,0.0,0.0,-0.0
2025-08-06 00:00:00+00:00,20260201_193428_96b4cb66_StateSignal_XLE,0.0,0.0,0.9777092227421021,0.9777092227421021,0.0,0.0,0.0,-0.0
2025-08-07 00:00:00+00:00,20260201_193428_96b4cb66_StateSignal_XLE,0.0,0.0,0.9777092227421021,0.9777092227421021,0.0,0.0,0.0,0.0
2025-08-08 00:00:00+00:00,20260201_193428_96b4cb66_StateSignal_XLE,0.0,0.0,0.9777092227421021,0.9777092227421021,0.0,0.0,0.0,-0.0
2025-08-11 00:00:00+00:00,20260201_193428_96b4cb66_StateSignal_XLE,0.0,0.0,0.9777092227421021,0.9777092227421021,0.0,0.0,0.0,-0.0
2025-08-12 00:00:00+00:00,20260201_193428_96b4cb66_StateSignal_XLE,0.0,0.0,0.9777092227421021,0.9777092227421021,0.0,0.0,0.0,-0.0
2025-08-13 00:00:00+00:00,20260201_193428_96b4cb66_StateSignal_XLE,0.0,0.0,0.9777092227421021,0.9777092227421021,0.0,0.0,0.0,0.0
2025-08-14 00:00:00+00:00,20260201_193428_96b4cb66_StateSignal_XLE,-0.005521560061117814,-0.005521560061117814,0.9723107425464228,0.9723107425464228,0.0,0.0,1.0,-0.005521560061117814
2025-08-15 00:00:00+00:00,20260201_193428_96b4cb66_StateSignal_XLE,0.00791276158308607,0.00791276158308607,0.980004405636866,0.980004405636866,0.0,0.0,1.0,0.00791276158308607
2025-08-18 00:00:00+00:00,20260201_193428_96b4cb66_StateSignal_XLE,0.010926474501780081,0.010926474501780081,0.9907123987866894,0.9907123987866894,0.0,0.0,1.0,0.010926474501780081
2025-08-19 00:00:00+00:00,20260201_193428_96b4cb66_StateSignal_XLE,-0.00973301452004538,-0.00973301452004538,0.9810697806241095,0.9810697806241095,0.0,0.0,1.0,-0.00973301452004538
2025-08-20 00:00:00+00:00,20260201_193428_96b4cb66_StateSignal_XLE,-0.004542745409325644,-0.004542745409325644,0.9766130303819512,0.9766130303819512,0.0,0.0,1.0,-0.004542745409325644
2025-08-21 00:00:00+00:00,20260201_193428_96b4cb66_StateSignal_XLE,0.011910574342390845,0.011910574342390845,0.9882450524840631,0.9882450524840631,0.0,0.0,1.0,0.011910574342390845
2025-08-22 00:00:00+00:00,20260201_193428_96b4cb66_StateSignal_XLE,0.001183292056184726,0.001183292056184726,0.9894144350042314,0.9894144350042314,0.0,0.0,1.0,0.001183292056184726
2025-08-25 00:00:00+00:00,20260201_193428_96b4cb66_StateSignal_XLE,0.0,0.0,0.9894144350042314,0.9894144350042314,0.0,0.0,0.0,0.0
2025-08-26 00:00:00+00:00,20260201_193428_96b4cb66_StateSignal_XLE,0.0,0.0,0.9894144350042314,0.9894144350042314,0.0,0.0,0.0,-0.0
2025-08-27 00:00:00+00:00,20260201_193428_96b4cb66_StateSignal_XLE,0.0,0.0,0.9894144350042314,0.9894144350042314,0.0,0.0,0.0,-0.0
2025-08-28 00:00:00+00:00,20260201_193428_96b4cb66_StateSignal_XLE,0.0,0.0,0.9894144350042314,0.9894144350042314,0.0,0.0,0.0,0.0
2025-08-29 00:00:00+00:00,20260201_193428_96b4cb66_StateSignal_XLE,0.0,0.0,0.9894144350042314,0.9894144350042314,0.0,0.0,0.0,0.0
2025-09-02 00:00:00+00:00,20260201_193428_96b4cb66_StateSignal_XLE,0.0,0.0,0.9894144350042314,0.9894144350042314,0.0,0.0,0.0,0.0
2025-09-03 00:00:00+00:00,20260201_193428_96b4cb66_StateSignal_XLE,0.0,0.0,0.9894144350042314,0.9894144350042314,0.0,0.0,0.0,-0.0
2025-09-04 00:00:00+00:00,20260201_193428_96b4cb66_StateSignal_XLE,0.0,0.0,0.9894144350042314,0.9894144350042314,0.0,0.0,0.0,-0.0
2025-09-05 00:00:00+00:00,20260201_193428_96b4cb66_StateSignal_XLE,0.0,0.0,0.9894144350042314,0.9894144350042314,0.0,0.0,0.0,0.0
2025-09-08 00:00:00+00:00,20260201_193428_96b4cb66_StateSignal_XLE,0.0,0.0,0.9894144350042314,0.9894144350042314,0.0,0.0,0.0,-0.0
2025-09-09 00:00:00+00:00,20260201_193428_96b4cb66_StateSignal_XLE,0.0,0.0,0.9894144350042314,0.9894144350042314,0.0,0.0,0.0,-0.0
2025-09-10 00:00:00+00:00,20260201_193428_96b4cb66_StateSignal_XLE,0.0,0.0,0.9894144350042314,0.9894144350042314,0.0,0.0,0.0,0.0
2025-09-11 00:00:00+00:00,20260201_193428_96b4cb66_StateSignal_XLE,0.0,0.0,0.9894144350042314,0.9894144350042314,0.0,0.0,0.0,0.0
2025-09-12 00:00:00+00:00,20260201_193428_96b4cb66_StateSignal_XLE,0.0,0.0,0.9894144350042314,0.9894144350042314,0.0,0.0,0.0,0.0
2025-09-15 00:00:00+00:00,20260201_193428_96b4cb66_StateSignal_XLE,0.0,0.0,0.9894144350042314,0.9894144350042314,0.0,0.0,0.0,-0.0
2025-09-16 00:00:00+00:00,20260201_193428_96b4cb66_StateSignal_XLE,0.0,0.0,0.9894144350042314,0.9894144350042314,0.0,0.0,0.0,-0.0
2025-09-17 00:00:00+00:00,20260201_193428_96b4cb66_StateSignal_XLE,0.0,0.0,0.9894144350042314,0.9894144350042314,0.0,0.0,0.0,0.0
2025-09-18 00:00:00+00:00,20260201_193428_96b4cb66_StateSignal_XLE,0.0,0.0,0.9894144350042314,0.9894144350042314,0.0,0.0,0.0,0.0
2025-09-19 00:00:00+00:00,20260201_193428_96b4cb66_StateSignal_XLE,0.0,0.0,0.9894144350042314,0.9894144350042314,0.0,0.0,0.0,-0.0
2025-09-22 00:00:00+00:00,20260201_193428_96b4cb66_StateSignal_XLE,0.0,0.0,0.9894144350042314,0.9894144350042314,0.0,0.0,0.0,-0.0
2025-09-23 00:00:00+00:00,20260201_193428_96b4cb66_StateSignal_XLE,0.0,0.0,0.9894144350042314,0.9894144350042314,0.0,0.0,0.0,-0.0
2025-09-24 00:00:00+00:00,20260201_193428_96b4cb66_StateSignal_XLE,0.0,0.0,0.9894144350042314,0.9894144350042314,0.0,0.0,0.0,0.0
2025-09-25 00:00:00+00:00,20260201_193428_96b4cb66_StateSignal_XLE,0.0,0.0,0.9894144350042314,0.9894144350042314,0.0,0.0,0.0,0.0
2025-09-26 00:00:00+00:00,20260201_193428_96b4cb66_StateSignal_XLE,0.0,0.0,0.9894144350042314,0.9894144350042314,0.0,0.0,0.0,0.0
2025-09-29 00:00:00+00:00,20260201_193428_96b4cb66_StateSignal_XLE,0.0,0.0,0.9894144350042314,0.9894144350042314,0.0,0.0,0.0,0.0
2025-09-30 00:00:00+00:00,20260201_193428_96b4cb66_StateSignal_XLE,0.0,0.0,0.9894144350042314,0.9894144350042314,0.0,0.0,0.0,-0.0
2025-10-01 00:00:00+00:00,20260201_193428_96b4cb66_StateSignal_XLE,0.0,0.0,0.9894144350042314,0.9894144350042314,0.0,0.0,0.0,-0.0
2025-10-02 00:00:00+00:00,20260201_193428_96b4cb66_StateSignal_XLE,0.0,0.0,0.9894144350042314,0.9894144350042314,0.0,0.0,0.0,0.0
2025-10-03 00:00:00+00:00,20260201_193428_96b4cb66_StateSignal_XLE,0.0,0.0,0.9894144350042314,0.9894144350042314,0.0,0.0,0.0,-0.0
2025-10-06 00:00:00+00:00,20260201_193428_96b4cb66_StateSignal_XLE,0.0,0.0,0.9894144350042314,0.9894144350042314,0.0,0.0,0.0,0.0
2025-10-07 00:00:00+00:00,20260201_193428_96b4cb66_StateSignal_XLE,0.0,0.0,0.9894144350042314,0.9894144350042314,0.0,0.0,0.0,0.0
2025-10-08 00:00:00+00:00,20260201_193428_96b4cb66_StateSignal_XLE,0.0,0.0,0.9894144350042314,0.9894144350042314,0.0,0.0,0.0,-0.0
2025-10-09 00:00:00+00:00,20260201_193428_96b4cb66_StateSignal_XLE,0.0,0.0,0.9894144350042314,0.9894144350042314,0.0,0.0,0.0,0.0
2025-10-10 00:00:00+00:00,20260201_193428_96b4cb66_StateSignal_XLE,0.0,0.0,0.9894144350042314,0.9894144350042314,0.0,0.0,0.0,-0.0
2025-10-13 00:00:00+00:00,20260201_193428_96b4cb66_StateSignal_XLE,0.0,0.0,0.9894144350042314,0.9894144350042314,0.0,0.0,0.0,-0.0
2025-10-14 00:00:00+00:00,20260201_193428_96b4cb66_StateSignal_XLE,0.0,0.0,0.9894144350042314,0.9894144350042314,0.0,0.0,0.0,-0.0
2025-10-15 00:00:00+00:00,20260201_193428_96b4cb66_StateSignal_XLE,0.0,0.0,0.9894144350042314,0.9894144350042314,0.0,0.0,0.0,0.0
2025-10-16 00:00:00+00:00,20260201_193428_96b4cb66_StateSignal_XLE,0.0,0.0,0.9894144350042314,0.9894144350042314,0.0,0.0,0.0,-0.0
2025-10-17 00:00:00+00:00,20260201_193428_96b4cb66_StateSignal_XLE,0.0,0.0,0.9894144350042314,0.9894144350042314,0.0,0.0,0.0,-0.0
2025-10-20 00:00:00+00:00,20260201_193428_96b4cb66_StateSignal_XLE,0.0,0.0,0.9894144350042314,0.9894144350042314,0.0,0.0,0.0,0.0
2025-10-21 00:00:00+00:00,20260201_193428_96b4cb66_StateSignal_XLE,0.0,0.0,0.9894144350042314,0.9894144350042314,0.0,0.0,0.0,0.0
2025-10-22 00:00:00+00:00,20260201_193428_96b4cb66_StateSignal_XLE,0.0,0.0,0.9894144350042314,0.9894144350042314,0.0,0.0,0.0,0.0
2025-10-23 00:00:00+00:00,20260201_193428_96b4cb66_StateSignal_XLE,0.0,0.0,0.9894144350042314,0.9894144350042314,0.0,0.0,0.0,0.0
2025-10-24 00:00:00+00:00,20260201_193428_96b4cb66_StateSignal_XLE,0.0,0.0,0.9894144350042314,0.9894144350042314,0.0,0.0,0.0,0.0
2025-10-27 00:00:00+00:00,20260201_193428_96b4cb66_StateSignal_XLE,0.0,0.0,0.9894144350042314,0.9894144350042314,0.0,0.0,0.0,-0.0
2025-10-28 00:00:00+00:00,20260201_193428_96b4cb66_StateSignal_XLE,0.0,0.0,0.9894144350042314,0.9894144350042314,0.0,0.0,0.0,-0.0
2025-10-29 00:00:00+00:00,20260201_193428_96b4cb66_StateSignal_XLE,0.0,0.0,0.9894144350042314,0.9894144350042314,0.0,0.0,0.0,-0.0
2025-10-30 00:00:00+00:00,20260201_193428_96b4cb66_StateSignal_XLE,0.0,0.0,0.9894144350042314,0.9894144350042314,0.0,0.0,0.0,0.0
2025-10-31 00:00:00+00:00,20260201_193428_96b4cb66_StateSignal_XLE,0.0,0.0,0.9894144350042314,0.9894144350042314,0.0,0.0,0.0,0.0
2025-11-03 00:00:00+00:00,20260201_193428_96b4cb66_StateSignal_XLE,0.0,0.0,0.9894144350042314,0.9894144350042314,0.0,0.0,0.0,-0.0
2025-11-04 00:00:00+00:00,20260201_193428_96b4cb66_StateSignal_XLE,0.002293578987099476,0.002293578987099476,0.99168373516189,0.99168373516189,0.0,0.0,1.0,0.002293578987099476
2025-11-05 00:00:00+00:00,20260201_193428_96b4cb66_StateSignal_XLE,-0.008743728048817623,-0.008743728048817623,0.9830127222711987,0.9830127222711987,0.0,0.0,1.0,-0.008743728048817623
2025-11-06 00:00:00+00:00,20260201_193428_96b4cb66_StateSignal_XLE,0.009659688726550986,0.009659688726550986,0.992508319182578,0.992508319182578,0.0,0.0,1.0,0.009659688726550986
2025-11-07 00:00:00+00:00,20260201_193428_96b4cb66_StateSignal_XLE,0.0025145744190560038,0.0025145744190560038,0.9950040552126947,0.9950040552126947,0.0,0.0,1.0,0.0025145744190560038
2025-11-10 00:00:00+00:00,20260201_193428_96b4cb66_StateSignal_XLE,0.005237402385262158,0.005237402385262158,1.0002152918248113,1.0002152918248113,0.0,0.0,1.0,0.005237402385262158
2025-11-11 00:00:00+00:00,20260201_193428_96b4cb66_StateSignal_XLE,0.010168430174664067,0.010168430174664067,1.0103859111793632,1.0103859111793632,0.0,0.0,1.0,0.010168430174664067
2025-11-12 00:00:00+00:00,20260201_193428_96b4cb66_StateSignal_XLE,0.0,0.0,1.0103859111793632,1.0103859111793632,0.0,0.0,0.0,0.0
2025-11-13 00:00:00+00:00,20260201_193428_96b4cb66_StateSignal_XLE,0.0,0.0,1.0103859111793632,1.0103859111793632,0.0,0.0,0.0,-0.0
2025-11-14 00:00:00+00:00,20260201_193428_96b4cb66_StateSignal_XLE,0.0,0.0,1.0103859111793632,1.0103859111793632,0.0,0.0,0.0,0.0
2025-11-17 00:00:00+00:00,20260201_193428_96b4cb66_StateSignal_XLE,0.0,0.0,1.0103859111793632,1.0103859111793632,0.0,0.0,0.0,0.0
2025-11-18 00:00:00+00:00,20260201_193428_96b4cb66_StateSignal_XLE,0.0,0.0,1.0103859111793632,1.0103859111793632,0.0,0.0,0.0,-0.0
2025-11-19 00:00:00+00:00,20260201_193428_96b4cb66_StateSignal_XLE,0.0,0.0,1.0103859111793632,1.0103859111793632,0.0,0.0,0.0,-0.0
2025-11-20 00:00:00+00:00,20260201_193428_96b4cb66_StateSignal_XLE,0.0,0.0,1.0103859111793632,1.0103859111793632,0.0,0.0,0.0,-0.0
2025-11-21 00:00:00+00:00,20260201_193428_96b4cb66_StateSignal_XLE,0.0,0.0,1.0103859111793632,1.0103859111793632,0.0,0.0,0.0,0.0
2025-11-24 00:00:00+00:00,20260201_193428_96b4cb66_StateSignal_XLE,0.0,0.0,1.0103859111793632,1.0103859111793632,0.0,0.0,0.0,-0.0
2025-11-25 00:00:00+00:00,20260201_193428_96b4cb66_StateSignal_XLE,-0.006778155187162405,-0.006778155187162405,1.003537358674467,1.003537358674467,0.0,0.0,1.0,-0.006778155187162405
2025-11-26 00:00:00+00:00,20260201_193428_96b4cb66_StateSignal_XLE,-0.004089056129159996,-0.004089056129159996,0.999433838087138,0.999433838087138,0.0,0.0,1.0,-0.004089056129159996
2025-11-28 00:00:00+00:00,20260201_193428_96b4cb66_StateSignal_XLE,0.0,0.0,0.999433838087138,0.999433838087138,0.0,0.0,0.0,0.0
2025-12-01 00:00:00+00:00,20260201_193428_96b4cb66_StateSignal_XLE,0.0,0.0,0.999433838087138,0.999433838087138,0.0,0.0,0.0,0.0
2025-12-02 00:00:00+00:00,20260201_193428_96b4cb66_StateSignal_XLE,0.0,0.0,0.999433838087138,0.999433838087138,0.0,0.0,0.0,0.0
2025-12-03 00:00:00+00:00,20260201_193428_96b4cb66_StateSignal_XLE,0.0,0.0,0.999433838087138,0.999433838087138,0.0,0.0,0.0,-0.0
2025-12-04 00:00:00+00:00,20260201_193428_96b4cb66_StateSignal_XLE,0.0,0.0,0.999433838087138,0.999433838087138,0.0,0.0,0.0,0.0
2025-12-05 00:00:00+00:00,20260201_193428_96b4cb66_StateSignal_XLE,0.0,0.0,0.999433838087138,0.999433838087138,0.0,0.0,0.0,0.0
2025-12-08 00:00:00+00:00,20260201_193428_96b4cb66_StateSignal_XLE,0.0,0.0,0.999433838087138,0.999433838087138,0.0,0.0,0.0,0.0
2025-12-09 00:00:00+00:00,20260201_193428_96b4cb66_StateSignal_XLE,0.0,0.0,0.999433838087138,0.999433838087138,0.0,0.0,0.0,-0.0
2025-12-10 00:00:00+00:00,20260201_193428_96b4cb66_StateSignal_XLE,0.0,0.0,0.999433838087138,0.999433838087138,0.0,0.0,0.0,0.0
2025-12-11 00:00:00+00:00,20260201_193428_96b4cb66_StateSignal_XLE,0.0,0.0,0.999433838087138,0.999433838087138,0.0,0.0,0.0,-0.0
2025-12-12 00:00:00+00:00,20260201_193428_96b4cb66_StateSignal_XLE,0.0,0.0,0.999433838087138,0.999433838087138,0.0,0.0,0.0,0.0
2025-12-15 00:00:00+00:00,20260201_193428_96b4cb66_StateSignal_XLE,0.0,0.0,0.999433838087138,0.999433838087138,0.0,0.0,0.0,-0.0
2025-12-16 00:00:00+00:00,20260201_193428_96b4cb66_StateSignal_XLE,0.0,0.0,0.999433838087138,0.999433838087138,0.0,0.0,0.0,-0.0
2025-12-17 00:00:00+00:00,20260201_193428_96b4cb66_StateSignal_XLE,0.0,0.0,0.999433838087138,0.999433838087138,0.0,0.0,0.0,-0.0
2025-12-18 00:00:00+00:00,20260201_193428_96b4cb66_StateSignal_XLE,0.0,0.0,0.999433838087138,0.999433838087138,0.0,0.0,0.0,0.0
2025-12-19 00:00:00+00:00,20260201_193428_96b4cb66_StateSignal_XLE,0.0,0.0,0.999433838087138,0.999433838087138,0.0,0.0,0.0,-0.0
2025-12-22 00:00:00+00:00,20260201_193428_96b4cb66_StateSignal_XLE,0.0,0.0,0.999433838087138,0.999433838087138,0.0,0.0,0.0,-0.0
2025-12-23 00:00:00+00:00,20260201_193428_96b4cb66_StateSignal_XLE,0.0,0.0,0.999433838087138,0.999433838087138,0.0,0.0,0.0,0.0
2025-12-24 00:00:00+00:00,20260201_193428_96b4cb66_StateSignal_XLE,0.0,0.0,0.999433838087138,0.999433838087138,0.0,0.0,0.0,0.0
2025-12-26 00:00:00+00:00,20260201_193428_96b4cb66_StateSignal_XLE,0.003491191112870773,0.003491191112870773,1.0029230526205701,1.0029230526205701,0.0,0.0,1.0,0.003491191112870773
2025-12-29 00:00:00+00:00,20260201_193428_96b4cb66_StateSignal_XLE,-0.0075608327233087635,-0.0075608327233087635,0.9953401191853558,0.9953401191853558,0.0,0.0,1.0,-0.0075608327233087635
2025-12-30 00:00:00+00:00,20260201_193428_96b4cb66_StateSignal_XLE,0.0,0.0,0.9953401191853558,0.9953401191853558,0.0,0.0,0.0,0.0
2025-12-31 00:00:00+00:00,20260201_193428_96b4cb66_StateSignal_XLE,0.004579222834089514,0.004579222834089514,0.9998980033868148,0.9998980033868148,0.0,0.0,1.0,0.004579222834089514
2026-01-02 00:00:00+00:00,20260201_193428_96b4cb66_StateSignal_XLE,-0.005027101018712177,-0.005027101018712177,0.9948714151153807,0.9948714151153807,0.0,0.0,1.0,-0.005027101018712177
2026-01-05 00:00:00+00:00,20260201_193428_96b4cb66_StateSignal_XLE,0.013018264520571865,0.013018264520571865,1.0078229143613084,1.0078229143613084,0.0,0.0,1.0,0.013018264520571865
2026-01-06 00:00:00+00:00,20260201_193428_96b4cb66_StateSignal_XLE,0.0,0.0,1.0078229143613084,1.0078229143613084,0.0,0.0,0.0,0.0
2026-01-07 00:00:00+00:00,20260201_193428_96b4cb66_StateSignal_XLE,0.0,0.0,1.0078229143613084,1.0078229143613084,0.0,0.0,0.0,-0.0
2026-01-08 00:00:00+00:00,20260201_193428_96b4cb66_StateSignal_XLE,0.0,0.0,1.0078229143613084,1.0078229143613084,0.0,0.0,0.0,-0.0
2026-01-09 00:00:00+00:00,20260201_193428_96b4cb66_StateSignal_XLE,0.0,0.0,1.0078229143613084,1.0078229143613084,0.0,0.0,0.0,0.0
2026-01-12 00:00:00+00:00,20260201_193428_96b4cb66_StateSignal_XLE,0.0,0.0,1.0078229143613084,1.0078229143613084,0.0,0.0,0.0,0.0
2026-01-13 00:00:00+00:00,20260201_193428_96b4cb66_StateSignal_XLE,0.0,0.0,1.0078229143613084,1.0078229143613084,0.0,0.0,0.0,-0.0
2026-01-14 00:00:00+00:00,20260201_193428_96b4cb66_StateSignal_XLE,0.0,0.0,1.0078229143613084,1.0078229143613084,0.0,0.0,0.0,0.0
2026-01-15 00:00:00+00:00,20260201_193428_96b4cb66_StateSignal_XLE,0.0,0.0,1.0078229143613084,1.0078229143613084,0.0,0.0,0.0,0.0
2026-01-16 00:00:00+00:00,20260201_193428_96b4cb66_StateSignal_XLE,0.0,0.0,1.0078229143613084,1.0078229143613084,0.0,0.0,0.0,-0.0
2026-01-20 00:00:00+00:00,20260201_193428_96b4cb66_StateSignal_XLE,0.0,0.0,1.0078229143613084,1.0078229143613084,0.0,0.0,0.0,-0.0
2026-01-21 00:00:00+00:00,20260201_193428_96b4cb66_StateSignal_XLE,0.0,0.0,1.0078229143613084,1.0078229143613084,0.0,0.0,0.0,0.0
2026-01-22 00:00:00+00:00,20260201_193428_96b4cb66_StateSignal_XLE,0.0,0.0,1.0078229143613084,1.0078229143613084,0.0,0.0,0.0,0.0
2026-01-23 00:00:00+00:00,20260201_193428_96b4cb66_StateSignal_XLE,0.0,0.0,1.0078229143613084,1.0078229143613084,0.0,0.0,0.0,-0.0
2026-01-26 00:00:00+00:00,20260201_193428_96b4cb66_StateSignal_XLE,0.0,0.0,1.0078229143613084,1.0078229143613084,0.0,0.0,0.0,0.0
2026-01-27 00:00:00+00:00,20260201_193428_96b4cb66_StateSignal_XLE,0.0,0.0,1.0078229143613084,1.0078229143613084,0.0,0.0,0.0,-0.0
2026-01-28 00:00:00+00:00,20260201_193428_96b4cb66_StateSignal_XLE,0.0,0.0,1.0078229143613084,1.0078229143613084,0.0,0.0,0.0,0.0
2026-01-29 00:00:00+00:00,20260201_193428_96b4cb66_StateSignal_XLE,0.0,0.0,1.0078229143613084,1.0078229143613084,0.0,0.0,0.0,0.0
2026-01-30 00:00:00+00:00,20260201_193428_96b4cb66_StateSignal_XLE,0.0,0.0,1.0078229143613084,1.0078229143613084,0.0,0.0,0.0,0.0
2026-02-02 00:00:00+00:00,20260201_193428_96b4cb66_StateSignal_XLE,0.0,0.0,1.0078229143613084,1.0078229143613084,0.0,0.0,0.0,-0.0
