timestamp,run_id,port_ret_gross,port_ret_net,equity_gross,equity_net,turnover,cost,weight_ret_xle,asset_ret_gross_ret_xle
2021-01-06 21:00:00+00:00,20260124_203512_bd217a76_StateSignal_XLE,0.0,0.0,1.0,1.0,0.0,0.0,0.0,-0.0
2021-01-07 21:00:00+00:00,20260124_203512_bd217a76_StateSignal_XLE,0.0,0.0,1.0,1.0,0.0,0.0,0.0,0.0
2021-01-08 21:00:00+00:00,20260124_203512_bd217a76_StateSignal_XLE,0.0,0.0,1.0,1.0,0.0,0.0,0.0,-0.0
2021-01-11 21:00:00+00:00,20260124_203512_bd217a76_StateSignal_XLE,0.0,0.0,1.0,1.0,0.0,0.0,0.0,0.0
2021-01-12 21:00:00+00:00,20260124_203512_bd217a76_StateSignal_XLE,0.0,0.0,1.0,1.0,0.0,0.0,0.0,0.0
2021-01-13 21:00:00+00:00,20260124_203512_bd217a76_StateSignal_XLE,0.0,0.0,1.0,1.0,0.0,0.0,0.0,-0.0
2021-01-14 21:00:00+00:00,20260124_203512_bd217a76_StateSignal_XLE,0.0,0.0,1.0,1.0,0.0,0.0,0.0,0.0
2021-01-15 21:00:00+00:00,20260124_203512_bd217a76_StateSignal_XLE,0.0,0.0,1.0,1.0,0.0,0.0,0.0,-0.0
2021-01-19 21:00:00+00:00,20260124_203512_bd217a76_StateSignal_XLE,0.0,0.0,1.0,1.0,0.0,0.0,0.0,0.0
2021-01-20 21:00:00+00:00,20260124_203512_bd217a76_StateSignal_XLE,0.0,0.0,1.0,1.0,0.0,0.0,0.0,0.0
2021-01-21 21:00:00+00:00,20260124_203512_bd217a76_StateSignal_XLE,0.0,0.0,1.0,1.0,0.0,0.0,0.0,-0.0
2021-01-22 21:00:00+00:00,20260124_203512_bd217a76_StateSignal_XLE,0.0,0.0,1.0,1.0,0.0,0.0,0.0,0.0
2021-01-25 21:00:00+00:00,20260124_203512_bd217a76_StateSignal_XLE,0.0,0.0,1.0,1.0,0.0,0.0,0.0,0.0
2021-01-26 21:00:00+00:00,20260124_203512_bd217a76_StateSignal_XLE,0.0,0.0,1.0,1.0,0.0,0.0,0.0,-0.0
2021-01-27 21:00:00+00:00,20260124_203512_bd217a76_StateSignal_XLE,0.0,0.0,1.0,1.0,0.0,0.0,0.0,0.0
2021-01-28 21:00:00+00:00,20260124_203512_bd217a76_StateSignal_XLE,0.0,0.0,1.0,1.0,0.0,0.0,0.0,-0.0
2021-01-29 21:00:00+00:00,20260124_203512_bd217a76_StateSignal_XLE,0.0,0.0,1.0,1.0,0.0,0.0,0.0,-0.0
2021-02-01 21:00:00+00:00,20260124_203512_bd217a76_StateSignal_XLE,0.0,0.0,1.0,1.0,0.0,0.0,0.0,0.0
2021-02-02 21:00:00+00:00,20260124_203512_bd217a76_StateSignal_XLE,0.0,0.0,1.0,1.0,0.0,0.0,0.0,-0.0
2021-02-03 21:00:00+00:00,20260124_203512_bd217a76_StateSignal_XLE,0.0,0.0,1.0,1.0,0.0,0.0,0.0,0.0
2021-02-04 21:00:00+00:00,20260124_203512_bd217a76_StateSignal_XLE,0.0,0.0,1.0,1.0,0.0,0.0,0.0,0.0
2021-02-05 21:00:00+00:00,20260124_203512_bd217a76_StateSignal_XLE,0.0,0.0,1.0,1.0,0.0,0.0,0.0,-0.0
2021-02-08 21:00:00+00:00,20260124_203512_bd217a76_StateSignal_XLE,0.0,0.0,1.0,1.0,0.0,0.0,0.0,0.0
2021-02-09 21:00:00+00:00,20260124_203512_bd217a76_StateSignal_XLE,0.0,0.0,1.0,1.0,0.0,0.0,0.0,0.0
2021-02-10 21:00:00+00:00,20260124_203512_bd217a76_StateSignal_XLE,0.0,0.0,1.0,1.0,0.0,0.0,0.0,0.0
2021-02-11 21:00:00+00:00,20260124_203512_bd217a76_StateSignal_XLE,0.0,0.0,1.0,1.0,0.0,0.0,0.0,-0.0
2021-02-12 21:00:00+00:00,20260124_203512_bd217a76_StateSignal_XLE,0.0,0.0,1.0,1.0,0.0,0.0,0.0,0.0
2021-02-16 21:00:00+00:00,20260124_203512_bd217a76_StateSignal_XLE,0.0,0.0,1.0,1.0,0.0,0.0,0.0,-0.0
2021-02-17 21:00:00+00:00,20260124_203512_bd217a76_StateSignal_XLE,0.0,0.0,1.0,1.0,0.0,0.0,0.0,0.0
2021-02-18 21:00:00+00:00,20260124_203512_bd217a76_StateSignal_XLE,0.0,0.0,1.0,1.0,0.0,0.0,0.0,-0.0
2021-02-19 21:00:00+00:00,20260124_203512_bd217a76_StateSignal_XLE,0.0,0.0,1.0,1.0,0.0,0.0,0.0,0.0
2021-02-22 21:00:00+00:00,20260124_203512_bd217a76_StateSignal_XLE,0.0,0.0,1.0,1.0,0.0,0.0,0.0,0.0
2021-02-23 21:00:00+00:00,20260124_203512_bd217a76_StateSignal_XLE,0.0,0.0,1.0,1.0,0.0,0.0,0.0,0.0
2021-02-24 21:00:00+00:00,20260124_203512_bd217a76_StateSignal_XLE,0.0,0.0,1.0,1.0,0.0,0.0,0.0,0.0
2021-02-25 21:00:00+00:00,20260124_203512_bd217a76_StateSignal_XLE,0.0,0.0,1.0,1.0,0.0,0.0,0.0,-0.0
2021-02-26 21:00:00+00:00,20260124_203512_bd217a76_StateSignal_XLE,0.0,0.0,1.0,1.0,0.0,0.0,0.0,-0.0
2021-03-01 21:00:00+00:00,20260124_203512_bd217a76_StateSignal_XLE,0.0,0.0,1.0,1.0,0.0,0.0,0.0,-0.0
2021-03-02 21:00:00+00:00,20260124_203512_bd217a76_StateSignal_XLE,0.0,0.0,1.0,1.0,0.0,0.0,0.0,-0.0
2021-03-03 21:00:00+00:00,20260124_203512_bd217a76_StateSignal_XLE,0.0,0.0,1.0,1.0,0.0,0.0,0.0,0.0
2021-03-04 21:00:00+00:00,20260124_203512_bd217a76_StateSignal_XLE,0.0,0.0,1.0,1.0,0.0,0.0,0.0,0.0
2021-03-05 21:00:00+00:00,20260124_203512_bd217a76_StateSignal_XLE,0.0,0.0,1.0,1.0,0.0,0.0,0.0,0.0
2021-03-08 21:00:00+00:00,20260124_203512_bd217a76_StateSignal_XLE,0.0,0.0,1.0,1.0,0.0,0.0,0.0,-0.0
2021-03-09 21:00:00+00:00,20260124_203512_bd217a76_StateSignal_XLE,0.0,0.0,1.0,1.0,0.0,0.0,0.0,-0.0
2021-03-10 21:00:00+00:00,20260124_203512_bd217a76_StateSignal_XLE,0.0,0.0,1.0,1.0,0.0,0.0,0.0,0.0
2021-03-11 21:00:00+00:00,20260124_203512_bd217a76_StateSignal_XLE,0.0,0.0,1.0,1.0,0.0,0.0,0.0,-0.0
2021-03-12 21:00:00+00:00,20260124_203512_bd217a76_StateSignal_XLE,0.0,0.0,1.0,1.0,0.0,0.0,0.0,-0.0
2021-03-15 20:00:00+00:00,20260124_203512_bd217a76_StateSignal_XLE,0.0,0.0,1.0,1.0,0.0,0.0,0.0,-0.0
2021-03-16 20:00:00+00:00,20260124_203512_bd217a76_StateSignal_XLE,0.0,0.0,1.0,1.0,0.0,0.0,0.0,-0.0
2021-03-17 20:00:00+00:00,20260124_203512_bd217a76_StateSignal_XLE,0.0,0.0,1.0,1.0,0.0,0.0,0.0,0.0
2021-03-18 20:00:00+00:00,20260124_203512_bd217a76_StateSignal_XLE,0.0,0.0,1.0,1.0,0.0,0.0,0.0,-0.0
2021-03-19 20:00:00+00:00,20260124_203512_bd217a76_StateSignal_XLE,0.0,0.0,1.0,1.0,0.0,0.0,0.0,0.0
2021-03-22 20:00:00+00:00,20260124_203512_bd217a76_StateSignal_XLE,0.0,0.0,1.0,1.0,0.0,0.0,0.0,-0.0
2021-03-23 20:00:00+00:00,20260124_203512_bd217a76_StateSignal_XLE,0.0,0.0,1.0,1.0,0.0,0.0,0.0,-0.0
2021-03-24 20:00:00+00:00,20260124_203512_bd217a76_StateSignal_XLE,0.0,0.0,1.0,1.0,0.0,0.0,0.0,-0.0
2021-03-25 20:00:00+00:00,20260124_203512_bd217a76_StateSignal_XLE,0.0,0.0,1.0,1.0,0.0,0.0,0.0,0.0
2021-03-26 20:00:00+00:00,20260124_203512_bd217a76_StateSignal_XLE,0.0,0.0,1.0,1.0,0.0,0.0,0.0,0.0
2021-03-29 20:00:00+00:00,20260124_203512_bd217a76_StateSignal_XLE,0.0,0.0,1.0,1.0,0.0,0.0,0.0,-0.0
2021-03-30 20:00:00+00:00,20260124_203512_bd217a76_StateSignal_XLE,0.0,0.0,1.0,1.0,0.0,0.0,0.0,0.0
2021-03-31 20:00:00+00:00,20260124_203512_bd217a76_StateSignal_XLE,0.0,0.0,1.0,1.0,0.0,0.0,0.0,-0.0
2021-04-01 20:00:00+00:00,20260124_203512_bd217a76_StateSignal_XLE,0.0,0.0,1.0,1.0,0.0,0.0,0.0,0.0
2021-04-05 20:00:00+00:00,20260124_203512_bd217a76_StateSignal_XLE,0.0,0.0,1.0,1.0,0.0,0.0,0.0,-0.0
2021-04-06 20:00:00+00:00,20260124_203512_bd217a76_StateSignal_XLE,0.0,0.0,1.0,1.0,0.0,0.0,0.0,-0.0
2021-04-07 20:00:00+00:00,20260124_203512_bd217a76_StateSignal_XLE,0.0,0.0,1.0,1.0,0.0,0.0,0.0,0.0
2021-04-08 20:00:00+00:00,20260124_203512_bd217a76_StateSignal_XLE,0.0,0.0,1.0,1.0,0.0,0.0,0.0,0.0
2021-04-09 20:00:00+00:00,20260124_203512_bd217a76_StateSignal_XLE,0.0,0.0,1.0,1.0,0.0,0.0,0.0,-0.0
2021-04-12 20:00:00+00:00,20260124_203512_bd217a76_StateSignal_XLE,0.0,0.0,1.0,1.0,0.0,0.0,0.0,-0.0
2021-04-13 20:00:00+00:00,20260124_203512_bd217a76_StateSignal_XLE,0.0,0.0,1.0,1.0,0.0,0.0,0.0,0.0
2021-04-14 20:00:00+00:00,20260124_203512_bd217a76_StateSignal_XLE,0.0,0.0,1.0,1.0,0.0,0.0,0.0,0.0
2021-04-15 20:00:00+00:00,20260124_203512_bd217a76_StateSignal_XLE,0.0,0.0,1.0,1.0,0.0,0.0,0.0,0.0
2021-04-16 20:00:00+00:00,20260124_203512_bd217a76_StateSignal_XLE,0.0,0.0,1.0,1.0,0.0,0.0,0.0,-0.0
2021-04-19 20:00:00+00:00,20260124_203512_bd217a76_StateSignal_XLE,0.0,0.0,1.0,1.0,0.0,0.0,0.0,-0.0
2021-04-20 20:00:00+00:00,20260124_203512_bd217a76_StateSignal_XLE,0.0,0.0,1.0,1.0,0.0,0.0,0.0,-0.0
2021-04-21 20:00:00+00:00,20260124_203512_bd217a76_StateSignal_XLE,0.0,0.0,1.0,1.0,0.0,0.0,0.0,0.0
2021-04-22 20:00:00+00:00,20260124_203512_bd217a76_StateSignal_XLE,0.0,0.0,1.0,1.0,0.0,0.0,0.0,-0.0
2021-04-23 20:00:00+00:00,20260124_203512_bd217a76_StateSignal_XLE,0.0,0.0,1.0,1.0,0.0,0.0,0.0,0.0
2021-04-26 20:00:00+00:00,20260124_203512_bd217a76_StateSignal_XLE,0.0,0.0,1.0,1.0,0.0,0.0,0.0,-0.0
2021-04-27 20:00:00+00:00,20260124_203512_bd217a76_StateSignal_XLE,0.0,0.0,1.0,1.0,0.0,0.0,0.0,0.0
2021-04-28 20:00:00+00:00,20260124_203512_bd217a76_StateSignal_XLE,0.0,0.0,1.0,1.0,0.0,0.0,0.0,0.0
2021-04-29 20:00:00+00:00,20260124_203512_bd217a76_StateSignal_XLE,0.0,0.0,1.0,1.0,0.0,0.0,0.0,-0.0
2021-04-30 20:00:00+00:00,20260124_203512_bd217a76_StateSignal_XLE,0.0,0.0,1.0,1.0,0.0,0.0,0.0,-0.0
2021-05-03 20:00:00+00:00,20260124_203512_bd217a76_StateSignal_XLE,0.0,0.0,1.0,1.0,0.0,0.0,0.0,0.0
2021-05-04 20:00:00+00:00,20260124_203512_bd217a76_StateSignal_XLE,0.0,0.0,1.0,1.0,0.0,0.0,0.0,0.0
2021-05-05 20:00:00+00:00,20260124_203512_bd217a76_StateSignal_XLE,0.0,0.0,1.0,1.0,0.0,0.0,0.0,0.0
2021-05-06 20:00:00+00:00,20260124_203512_bd217a76_StateSignal_XLE,0.0,0.0,1.0,1.0,0.0,0.0,0.0,0.0
2021-05-07 20:00:00+00:00,20260124_203512_bd217a76_StateSignal_XLE,0.0,0.0,1.0,1.0,0.0,0.0,0.0,0.0
2021-05-10 20:00:00+00:00,20260124_203512_bd217a76_StateSignal_XLE,0.0,0.0,1.0,1.0,0.0,0.0,0.0,-0.0
2021-05-11 20:00:00+00:00,20260124_203512_bd217a76_StateSignal_XLE,0.0,0.0,1.0,1.0,0.0,0.0,0.0,-0.0
2021-05-12 20:00:00+00:00,20260124_203512_bd217a76_StateSignal_XLE,0.0,0.0,1.0,1.0,0.0,0.0,0.0,-0.0
2021-05-13 20:00:00+00:00,20260124_203512_bd217a76_StateSignal_XLE,0.0,0.0,1.0,1.0,0.0,0.0,0.0,-0.0
2021-05-14 20:00:00+00:00,20260124_203512_bd217a76_StateSignal_XLE,0.0,0.0,1.0,1.0,0.0,0.0,0.0,0.0
2021-05-17 20:00:00+00:00,20260124_203512_bd217a76_StateSignal_XLE,0.0,0.0,1.0,1.0,0.0,0.0,0.0,0.0
2021-05-18 20:00:00+00:00,20260124_203512_bd217a76_StateSignal_XLE,0.0,0.0,1.0,1.0,0.0,0.0,0.0,-0.0
2021-05-19 20:00:00+00:00,20260124_203512_bd217a76_StateSignal_XLE,0.0,0.0,1.0,1.0,0.0,0.0,0.0,0.0
2021-05-20 20:00:00+00:00,20260124_203512_bd217a76_StateSignal_XLE,0.0,0.0,1.0,1.0,0.0,0.0,0.0,0.0
2021-05-21 20:00:00+00:00,20260124_203512_bd217a76_StateSignal_XLE,0.0,0.0,1.0,1.0,0.0,0.0,0.0,-0.0
2021-05-24 20:00:00+00:00,20260124_203512_bd217a76_StateSignal_XLE,0.0,0.0,1.0,1.0,0.0,0.0,0.0,0.0
2021-05-25 20:00:00+00:00,20260124_203512_bd217a76_StateSignal_XLE,0.0,0.0,1.0,1.0,0.0,0.0,0.0,-0.0
2021-05-26 20:00:00+00:00,20260124_203512_bd217a76_StateSignal_XLE,0.0,0.0,1.0,1.0,0.0,0.0,0.0,0.0
2021-05-27 20:00:00+00:00,20260124_203512_bd217a76_StateSignal_XLE,0.0,0.0,1.0,1.0,0.0,0.0,0.0,-0.0
2021-05-28 20:00:00+00:00,20260124_203512_bd217a76_StateSignal_XLE,0.0,0.0,1.0,1.0,0.0,0.0,0.0,0.0
2021-06-01 20:00:00+00:00,20260124_203512_bd217a76_StateSignal_XLE,0.0,0.0,1.0,1.0,0.0,0.0,0.0,0.0
2021-06-02 20:00:00+00:00,20260124_203512_bd217a76_StateSignal_XLE,0.0,0.0,1.0,1.0,0.0,0.0,0.0,0.0
2021-06-03 20:00:00+00:00,20260124_203512_bd217a76_StateSignal_XLE,0.0,0.0,1.0,1.0,0.0,0.0,0.0,0.0
2021-06-04 20:00:00+00:00,20260124_203512_bd217a76_StateSignal_XLE,0.0,0.0,1.0,1.0,0.0,0.0,0.0,-0.0
2021-06-07 20:00:00+00:00,20260124_203512_bd217a76_StateSignal_XLE,0.0,0.0,1.0,1.0,0.0,0.0,0.0,-0.0
2021-06-08 20:00:00+00:00,20260124_203512_bd217a76_StateSignal_XLE,0.0,0.0,1.0,1.0,0.0,0.0,0.0,0.0
2021-06-09 20:00:00+00:00,20260124_203512_bd217a76_StateSignal_XLE,0.0,0.0,1.0,1.0,0.0,0.0,0.0,-0.0
2021-06-10 20:00:00+00:00,20260124_203512_bd217a76_StateSignal_XLE,0.0,0.0,1.0,1.0,0.0,0.0,0.0,-0.0
2021-06-11 20:00:00+00:00,20260124_203512_bd217a76_StateSignal_XLE,0.0,0.0,1.0,1.0,0.0,0.0,0.0,-0.0
2021-06-14 20:00:00+00:00,20260124_203512_bd217a76_StateSignal_XLE,0.0,0.0,1.0,1.0,0.0,0.0,0.0,-0.0
2021-06-15 20:00:00+00:00,20260124_203512_bd217a76_StateSignal_XLE,0.0,0.0,1.0,1.0,0.0,0.0,0.0,0.0
2021-06-16 20:00:00+00:00,20260124_203512_bd217a76_StateSignal_XLE,0.0,0.0,1.0,1.0,0.0,0.0,0.0,0.0
2021-06-17 20:00:00+00:00,20260124_203512_bd217a76_StateSignal_XLE,0.0,0.0,1.0,1.0,0.0,0.0,0.0,-0.0
2021-06-18 20:00:00+00:00,20260124_203512_bd217a76_StateSignal_XLE,0.0,0.0,1.0,1.0,0.0,0.0,0.0,-0.0
2021-06-21 20:00:00+00:00,20260124_203512_bd217a76_StateSignal_XLE,0.0,0.0,1.0,1.0,0.0,0.0,0.0,0.0
2021-06-22 20:00:00+00:00,20260124_203512_bd217a76_StateSignal_XLE,0.0,0.0,1.0,1.0,0.0,0.0,0.0,0.0
2021-06-23 20:00:00+00:00,20260124_203512_bd217a76_StateSignal_XLE,0.0,0.0,1.0,1.0,0.0,0.0,0.0,-0.0
2021-06-24 20:00:00+00:00,20260124_203512_bd217a76_StateSignal_XLE,0.0,0.0,1.0,1.0,0.0,0.0,0.0,0.0
2021-06-25 20:00:00+00:00,20260124_203512_bd217a76_StateSignal_XLE,0.0,0.0,1.0,1.0,0.0,0.0,0.0,0.0
2021-06-28 20:00:00+00:00,20260124_203512_bd217a76_StateSignal_XLE,0.0,0.0,1.0,1.0,0.0,0.0,0.0,-0.0
2021-06-29 20:00:00+00:00,20260124_203512_bd217a76_StateSignal_XLE,0.0,0.0,1.0,1.0,0.0,0.0,0.0,-0.0
2021-06-30 20:00:00+00:00,20260124_203512_bd217a76_StateSignal_XLE,0.0,0.0,1.0,1.0,0.0,0.0,0.0,0.0
2021-07-01 20:00:00+00:00,20260124_203512_bd217a76_StateSignal_XLE,0.0,0.0,1.0,1.0,0.0,0.0,0.0,-0.0
2021-07-02 20:00:00+00:00,20260124_203512_bd217a76_StateSignal_XLE,0.0,0.0,1.0,1.0,0.0,0.0,0.0,0.0
2021-07-06 20:00:00+00:00,20260124_203512_bd217a76_StateSignal_XLE,0.0,0.0,1.0,1.0,0.0,0.0,0.0,-0.0
2021-07-07 20:00:00+00:00,20260124_203512_bd217a76_StateSignal_XLE,0.0,0.0,1.0,1.0,0.0,0.0,0.0,-0.0
2021-07-08 20:00:00+00:00,20260124_203512_bd217a76_StateSignal_XLE,0.0,0.0,1.0,1.0,0.0,0.0,0.0,0.0
2021-07-09 20:00:00+00:00,20260124_203512_bd217a76_StateSignal_XLE,0.0,0.0,1.0,1.0,0.0,0.0,0.0,0.0
2021-07-12 20:00:00+00:00,20260124_203512_bd217a76_StateSignal_XLE,0.0,0.0,1.0,1.0,0.0,0.0,0.0,0.0
2021-07-13 20:00:00+00:00,20260124_203512_bd217a76_StateSignal_XLE,0.0,0.0,1.0,1.0,0.0,0.0,0.0,-0.0
2021-07-14 20:00:00+00:00,20260124_203512_bd217a76_StateSignal_XLE,0.0,0.0,1.0,1.0,0.0,0.0,0.0,-0.0
2021-07-15 20:00:00+00:00,20260124_203512_bd217a76_StateSignal_XLE,0.0,0.0,1.0,1.0,0.0,0.0,0.0,-0.0
2021-07-16 20:00:00+00:00,20260124_203512_bd217a76_StateSignal_XLE,0.0,0.0,1.0,1.0,0.0,0.0,0.0,-0.0
2021-07-19 20:00:00+00:00,20260124_203512_bd217a76_StateSignal_XLE,0.0,0.0,1.0,1.0,0.0,0.0,0.0,0.0
2021-07-20 20:00:00+00:00,20260124_203512_bd217a76_StateSignal_XLE,0.0,0.0,1.0,1.0,0.0,0.0,0.0,0.0
2021-07-21 20:00:00+00:00,20260124_203512_bd217a76_StateSignal_XLE,0.0,0.0,1.0,1.0,0.0,0.0,0.0,0.0
2021-07-22 20:00:00+00:00,20260124_203512_bd217a76_StateSignal_XLE,0.0,0.0,1.0,1.0,0.0,0.0,0.0,-0.0
2021-07-23 20:00:00+00:00,20260124_203512_bd217a76_StateSignal_XLE,0.0,0.0,1.0,1.0,0.0,0.0,0.0,-0.0
2021-07-26 20:00:00+00:00,20260124_203512_bd217a76_StateSignal_XLE,0.0,0.0,1.0,1.0,0.0,0.0,0.0,0.0
2021-07-27 20:00:00+00:00,20260124_203512_bd217a76_StateSignal_XLE,0.0,0.0,1.0,1.0,0.0,0.0,0.0,0.0
2021-07-28 20:00:00+00:00,20260124_203512_bd217a76_StateSignal_XLE,0.0,0.0,1.0,1.0,0.0,0.0,0.0,0.0
2021-07-29 20:00:00+00:00,20260124_203512_bd217a76_StateSignal_XLE,0.0,0.0,1.0,1.0,0.0,0.0,0.0,0.0
2021-07-30 20:00:00+00:00,20260124_203512_bd217a76_StateSignal_XLE,0.0,0.0,1.0,1.0,0.0,0.0,0.0,-0.0
2021-08-02 20:00:00+00:00,20260124_203512_bd217a76_StateSignal_XLE,0.0,0.0,1.0,1.0,0.0,0.0,0.0,-0.0
2021-08-03 20:00:00+00:00,20260124_203512_bd217a76_StateSignal_XLE,0.0,0.0,1.0,1.0,0.0,0.0,0.0,0.0
2021-08-04 20:00:00+00:00,20260124_203512_bd217a76_StateSignal_XLE,0.0,0.0,1.0,1.0,0.0,0.0,0.0,-0.0
2021-08-05 20:00:00+00:00,20260124_203512_bd217a76_StateSignal_XLE,0.0,0.0,1.0,1.0,0.0,0.0,0.0,0.0
2021-08-06 20:00:00+00:00,20260124_203512_bd217a76_StateSignal_XLE,0.0,0.0,1.0,1.0,0.0,0.0,0.0,-0.0
2021-08-09 20:00:00+00:00,20260124_203512_bd217a76_StateSignal_XLE,0.0,0.0,1.0,1.0,0.0,0.0,0.0,-0.0
2021-08-10 20:00:00+00:00,20260124_203512_bd217a76_StateSignal_XLE,0.0,0.0,1.0,1.0,0.0,0.0,0.0,0.0
2021-08-11 20:00:00+00:00,20260124_203512_bd217a76_StateSignal_XLE,0.0,0.0,1.0,1.0,0.0,0.0,0.0,0.0
2021-08-12 20:00:00+00:00,20260124_203512_bd217a76_StateSignal_XLE,0.0,0.0,1.0,1.0,0.0,0.0,0.0,-0.0
2021-08-13 20:00:00+00:00,20260124_203512_bd217a76_StateSignal_XLE,0.0,0.0,1.0,1.0,0.0,0.0,0.0,-0.0
2021-08-16 20:00:00+00:00,20260124_203512_bd217a76_StateSignal_XLE,0.0,0.0,1.0,1.0,0.0,0.0,0.0,0.0
2021-08-17 20:00:00+00:00,20260124_203512_bd217a76_StateSignal_XLE,0.0,0.0,1.0,1.0,0.0,0.0,0.0,-0.0
2021-08-18 20:00:00+00:00,20260124_203512_bd217a76_StateSignal_XLE,0.0,0.0,1.0,1.0,0.0,0.0,0.0,-0.0
2021-08-19 20:00:00+00:00,20260124_203512_bd217a76_StateSignal_XLE,0.0,0.0,1.0,1.0,0.0,0.0,0.0,-0.0
2021-08-20 20:00:00+00:00,20260124_203512_bd217a76_StateSignal_XLE,0.0,0.0,1.0,1.0,0.0,0.0,0.0,0.0
2021-08-23 20:00:00+00:00,20260124_203512_bd217a76_StateSignal_XLE,0.0,0.0,1.0,1.0,0.0,0.0,0.0,0.0
2021-08-24 20:00:00+00:00,20260124_203512_bd217a76_StateSignal_XLE,0.0,0.0,1.0,1.0,0.0,0.0,0.0,0.0
2021-08-25 20:00:00+00:00,20260124_203512_bd217a76_StateSignal_XLE,0.0,0.0,1.0,1.0,0.0,0.0,0.0,0.0
2021-08-26 20:00:00+00:00,20260124_203512_bd217a76_StateSignal_XLE,0.0,0.0,1.0,1.0,0.0,0.0,0.0,-0.0
2021-08-27 20:00:00+00:00,20260124_203512_bd217a76_StateSignal_XLE,0.0,0.0,1.0,1.0,0.0,0.0,0.0,0.0
2021-08-30 20:00:00+00:00,20260124_203512_bd217a76_StateSignal_XLE,0.0,0.0,1.0,1.0,0.0,0.0,0.0,-0.0
2021-08-31 20:00:00+00:00,20260124_203512_bd217a76_StateSignal_XLE,0.0,0.0,1.0,1.0,0.0,0.0,0.0,-0.0
2021-09-01 20:00:00+00:00,20260124_203512_bd217a76_StateSignal_XLE,0.0,0.0,1.0,1.0,0.0,0.0,0.0,-0.0
2021-09-02 20:00:00+00:00,20260124_203512_bd217a76_StateSignal_XLE,0.0,0.0,1.0,1.0,0.0,0.0,0.0,0.0
2021-09-03 20:00:00+00:00,20260124_203512_bd217a76_StateSignal_XLE,0.0,0.0,1.0,1.0,0.0,0.0,0.0,-0.0
2021-09-07 20:00:00+00:00,20260124_203512_bd217a76_StateSignal_XLE,0.0,0.0,1.0,1.0,0.0,0.0,0.0,-0.0
2021-09-08 20:00:00+00:00,20260124_203512_bd217a76_StateSignal_XLE,0.0,0.0,1.0,1.0,0.0,0.0,0.0,-0.0
2021-09-09 20:00:00+00:00,20260124_203512_bd217a76_StateSignal_XLE,0.0,0.0,1.0,1.0,0.0,0.0,0.0,0.0
2021-09-10 20:00:00+00:00,20260124_203512_bd217a76_StateSignal_XLE,0.0,0.0,1.0,1.0,0.0,0.0,0.0,-0.0
2021-09-13 20:00:00+00:00,20260124_203512_bd217a76_StateSignal_XLE,0.0,0.0,1.0,1.0,0.0,0.0,0.0,0.0
2021-09-14 20:00:00+00:00,20260124_203512_bd217a76_StateSignal_XLE,0.0,0.0,1.0,1.0,0.0,0.0,0.0,-0.0
2021-09-15 20:00:00+00:00,20260124_203512_bd217a76_StateSignal_XLE,0.0,0.0,1.0,1.0,0.0,0.0,0.0,0.0
2021-09-16 20:00:00+00:00,20260124_203512_bd217a76_StateSignal_XLE,0.0,0.0,1.0,1.0,0.0,0.0,0.0,-0.0
2021-09-17 20:00:00+00:00,20260124_203512_bd217a76_StateSignal_XLE,0.0,0.0,1.0,1.0,0.0,0.0,0.0,-0.0
2021-09-20 20:00:00+00:00,20260124_203512_bd217a76_StateSignal_XLE,0.0,0.0,1.0,1.0,0.0,0.0,0.0,-0.0
2021-09-21 20:00:00+00:00,20260124_203512_bd217a76_StateSignal_XLE,0.0,0.0,1.0,1.0,0.0,0.0,0.0,-0.0
2021-09-22 20:00:00+00:00,20260124_203512_bd217a76_StateSignal_XLE,0.0,0.0,1.0,1.0,0.0,0.0,0.0,0.0
2021-09-23 20:00:00+00:00,20260124_203512_bd217a76_StateSignal_XLE,0.0,0.0,1.0,1.0,0.0,0.0,0.0,0.0
2021-09-24 20:00:00+00:00,20260124_203512_bd217a76_StateSignal_XLE,0.0,0.0,1.0,1.0,0.0,0.0,0.0,0.0
2021-09-27 20:00:00+00:00,20260124_203512_bd217a76_StateSignal_XLE,0.0,0.0,1.0,1.0,0.0,0.0,0.0,0.0
2021-09-28 20:00:00+00:00,20260124_203512_bd217a76_StateSignal_XLE,0.0,0.0,1.0,1.0,0.0,0.0,0.0,0.0
2021-09-29 20:00:00+00:00,20260124_203512_bd217a76_StateSignal_XLE,0.0,0.0,1.0,1.0,0.0,0.0,0.0,0.0
2021-09-30 20:00:00+00:00,20260124_203512_bd217a76_StateSignal_XLE,0.0,0.0,1.0,1.0,0.0,0.0,0.0,-0.0
2021-10-01 20:00:00+00:00,20260124_203512_bd217a76_StateSignal_XLE,0.0,0.0,1.0,1.0,0.0,0.0,0.0,0.0
2021-10-04 20:00:00+00:00,20260124_203512_bd217a76_StateSignal_XLE,0.0,0.0,1.0,1.0,0.0,0.0,0.0,0.0
2021-10-05 20:00:00+00:00,20260124_203512_bd217a76_StateSignal_XLE,0.0,0.0,1.0,1.0,0.0,0.0,0.0,-0.0
2021-10-06 20:00:00+00:00,20260124_203512_bd217a76_StateSignal_XLE,0.0,0.0,1.0,1.0,0.0,0.0,0.0,0.0
2021-10-07 20:00:00+00:00,20260124_203512_bd217a76_StateSignal_XLE,0.0,0.0,1.0,1.0,0.0,0.0,0.0,0.0
2021-10-08 20:00:00+00:00,20260124_203512_bd217a76_StateSignal_XLE,0.0,0.0,1.0,1.0,0.0,0.0,0.0,0.0
2021-10-11 20:00:00+00:00,20260124_203512_bd217a76_StateSignal_XLE,0.0,0.0,1.0,1.0,0.0,0.0,0.0,-0.0
2021-10-12 20:00:00+00:00,20260124_203512_bd217a76_StateSignal_XLE,0.0,0.0,1.0,1.0,0.0,0.0,0.0,-0.0
2021-10-13 20:00:00+00:00,20260124_203512_bd217a76_StateSignal_XLE,0.0,0.0,1.0,1.0,0.0,0.0,0.0,0.0
2021-10-14 20:00:00+00:00,20260124_203512_bd217a76_StateSignal_XLE,0.0,0.0,1.0,1.0,0.0,0.0,0.0,0.0
2021-10-15 20:00:00+00:00,20260124_203512_bd217a76_StateSignal_XLE,0.0,0.0,1.0,1.0,0.0,0.0,0.0,-0.0
2021-10-18 20:00:00+00:00,20260124_203512_bd217a76_StateSignal_XLE,0.0,0.0,1.0,1.0,0.0,0.0,0.0,-0.0
2021-10-19 20:00:00+00:00,20260124_203512_bd217a76_StateSignal_XLE,0.0,0.0,1.0,1.0,0.0,0.0,0.0,0.0
2021-10-20 20:00:00+00:00,20260124_203512_bd217a76_StateSignal_XLE,0.0,0.0,1.0,1.0,0.0,0.0,0.0,0.0
2021-10-21 20:00:00+00:00,20260124_203512_bd217a76_StateSignal_XLE,0.0,0.0,1.0,1.0,0.0,0.0,0.0,-0.0
2021-10-22 20:00:00+00:00,20260124_203512_bd217a76_StateSignal_XLE,0.0,0.0,1.0,1.0,0.0,0.0,0.0,0.0
2021-10-25 20:00:00+00:00,20260124_203512_bd217a76_StateSignal_XLE,0.0,0.0,1.0,1.0,0.0,0.0,0.0,0.0
2021-10-26 20:00:00+00:00,20260124_203512_bd217a76_StateSignal_XLE,0.0,0.0,1.0,1.0,0.0,0.0,0.0,0.0
2021-10-27 20:00:00+00:00,20260124_203512_bd217a76_StateSignal_XLE,0.0,0.0,1.0,1.0,0.0,0.0,0.0,-0.0
2021-10-28 20:00:00+00:00,20260124_203512_bd217a76_StateSignal_XLE,0.0,0.0,1.0,1.0,0.0,0.0,0.0,0.0
2021-10-29 20:00:00+00:00,20260124_203512_bd217a76_StateSignal_XLE,0.0,0.0,1.0,1.0,0.0,0.0,0.0,-0.0
2021-11-01 20:00:00+00:00,20260124_203512_bd217a76_StateSignal_XLE,0.0,0.0,1.0,1.0,0.0,0.0,0.0,0.0
2021-11-02 20:00:00+00:00,20260124_203512_bd217a76_StateSignal_XLE,0.0,0.0,1.0,1.0,0.0,0.0,0.0,-0.0
2021-11-03 20:00:00+00:00,20260124_203512_bd217a76_StateSignal_XLE,0.0,0.0,1.0,1.0,0.0,0.0,0.0,0.0
2021-11-04 20:00:00+00:00,20260124_203512_bd217a76_StateSignal_XLE,0.0,0.0,1.0,1.0,0.0,0.0,0.0,-0.0
2021-11-05 20:00:00+00:00,20260124_203512_bd217a76_StateSignal_XLE,0.0,0.0,1.0,1.0,0.0,0.0,0.0,0.0
2021-11-08 21:00:00+00:00,20260124_203512_bd217a76_StateSignal_XLE,0.0,0.0,1.0,1.0,0.0,0.0,0.0,-0.0
2021-11-09 21:00:00+00:00,20260124_203512_bd217a76_StateSignal_XLE,0.0,0.0,1.0,1.0,0.0,0.0,0.0,0.0
2021-11-10 21:00:00+00:00,20260124_203512_bd217a76_StateSignal_XLE,0.0,0.0,1.0,1.0,0.0,0.0,0.0,-0.0
2021-11-11 21:00:00+00:00,20260124_203512_bd217a76_StateSignal_XLE,0.0,0.0,1.0,1.0,0.0,0.0,0.0,-0.0
2021-11-12 21:00:00+00:00,20260124_203512_bd217a76_StateSignal_XLE,0.0,0.0,1.0,1.0,0.0,0.0,0.0,-0.0
2021-11-15 21:00:00+00:00,20260124_203512_bd217a76_StateSignal_XLE,0.0,0.0,1.0,1.0,0.0,0.0,0.0,0.0
2021-11-16 21:00:00+00:00,20260124_203512_bd217a76_StateSignal_XLE,0.0,0.0,1.0,1.0,0.0,0.0,0.0,0.0
2021-11-17 21:00:00+00:00,20260124_203512_bd217a76_StateSignal_XLE,0.0,0.0,1.0,1.0,0.0,0.0,0.0,-0.0
2021-11-18 21:00:00+00:00,20260124_203512_bd217a76_StateSignal_XLE,0.0,0.0,1.0,1.0,0.0,0.0,0.0,-0.0
2021-11-19 21:00:00+00:00,20260124_203512_bd217a76_StateSignal_XLE,0.0,0.0,1.0,1.0,0.0,0.0,0.0,-0.0
2021-11-22 21:00:00+00:00,20260124_203512_bd217a76_StateSignal_XLE,0.0,0.0,1.0,1.0,0.0,0.0,0.0,0.0
2021-11-23 21:00:00+00:00,20260124_203512_bd217a76_StateSignal_XLE,0.0,0.0,1.0,1.0,0.0,0.0,0.0,0.0
2021-11-24 21:00:00+00:00,20260124_203512_bd217a76_StateSignal_XLE,0.0,0.0,1.0,1.0,0.0,0.0,0.0,0.0
2021-11-26 21:00:00+00:00,20260124_203512_bd217a76_StateSignal_XLE,0.0,0.0,1.0,1.0,0.0,0.0,0.0,0.0
2021-11-29 21:00:00+00:00,20260124_203512_bd217a76_StateSignal_XLE,0.0,0.0,1.0,1.0,0.0,0.0,0.0,-0.0
2021-11-30 21:00:00+00:00,20260124_203512_bd217a76_StateSignal_XLE,0.0,0.0,1.0,1.0,0.0,0.0,0.0,-0.0
2021-12-01 21:00:00+00:00,20260124_203512_bd217a76_StateSignal_XLE,0.0,0.0,1.0,1.0,0.0,0.0,0.0,-0.0
2021-12-02 21:00:00+00:00,20260124_203512_bd217a76_StateSignal_XLE,0.0,0.0,1.0,1.0,0.0,0.0,0.0,0.0
2021-12-03 21:00:00+00:00,20260124_203512_bd217a76_StateSignal_XLE,0.0,0.0,1.0,1.0,0.0,0.0,0.0,-0.0
2021-12-06 21:00:00+00:00,20260124_203512_bd217a76_StateSignal_XLE,0.0,0.0,1.0,1.0,0.0,0.0,0.0,0.0
2021-12-07 21:00:00+00:00,20260124_203512_bd217a76_StateSignal_XLE,0.0,0.0,1.0,1.0,0.0,0.0,0.0,0.0
2021-12-08 21:00:00+00:00,20260124_203512_bd217a76_StateSignal_XLE,0.0,0.0,1.0,1.0,0.0,0.0,0.0,-0.0
2021-12-09 21:00:00+00:00,20260124_203512_bd217a76_StateSignal_XLE,0.0,0.0,1.0,1.0,0.0,0.0,0.0,0.0
2021-12-10 21:00:00+00:00,20260124_203512_bd217a76_StateSignal_XLE,0.0,0.0,1.0,1.0,0.0,0.0,0.0,0.0
2021-12-13 21:00:00+00:00,20260124_203512_bd217a76_StateSignal_XLE,0.0,0.0,1.0,1.0,0.0,0.0,0.0,-0.0
2021-12-14 21:00:00+00:00,20260124_203512_bd217a76_StateSignal_XLE,0.0,0.0,1.0,1.0,0.0,0.0,0.0,-0.0
2021-12-15 21:00:00+00:00,20260124_203512_bd217a76_StateSignal_XLE,0.0,0.0,1.0,1.0,0.0,0.0,0.0,0.0
2021-12-16 21:00:00+00:00,20260124_203512_bd217a76_StateSignal_XLE,0.0,0.0,1.0,1.0,0.0,0.0,0.0,-0.0
2021-12-17 21:00:00+00:00,20260124_203512_bd217a76_StateSignal_XLE,0.0,0.0,1.0,1.0,0.0,0.0,0.0,-0.0
2021-12-20 21:00:00+00:00,20260124_203512_bd217a76_StateSignal_XLE,0.0,0.0,1.0,1.0,0.0,0.0,0.0,0.0
2021-12-21 21:00:00+00:00,20260124_203512_bd217a76_StateSignal_XLE,0.0,0.0,1.0,1.0,0.0,0.0,0.0,0.0
2021-12-22 21:00:00+00:00,20260124_203512_bd217a76_StateSignal_XLE,0.0,0.0,1.0,1.0,0.0,0.0,0.0,0.0
2021-12-23 21:00:00+00:00,20260124_203512_bd217a76_StateSignal_XLE,0.0,0.0,1.0,1.0,0.0,0.0,0.0,-0.0
2021-12-27 21:00:00+00:00,20260124_203512_bd217a76_StateSignal_XLE,0.0,0.0,1.0,1.0,0.0,0.0,0.0,0.0
2021-12-28 21:00:00+00:00,20260124_203512_bd217a76_StateSignal_XLE,0.0,0.0,1.0,1.0,0.0,0.0,0.0,-0.0
2021-12-29 21:00:00+00:00,20260124_203512_bd217a76_StateSignal_XLE,0.0,0.0,1.0,1.0,0.0,0.0,0.0,0.0
2021-12-30 21:00:00+00:00,20260124_203512_bd217a76_StateSignal_XLE,0.0,0.0,1.0,1.0,0.0,0.0,0.0,-0.0
2021-12-31 21:00:00+00:00,20260124_203512_bd217a76_StateSignal_XLE,0.0,0.0,1.0,1.0,0.0,0.0,0.0,0.0
2022-01-03 21:00:00+00:00,20260124_203512_bd217a76_StateSignal_XLE,0.0,0.0,1.0,1.0,0.0,0.0,0.0,0.0
2022-01-04 21:00:00+00:00,20260124_203512_bd217a76_StateSignal_XLE,0.0,0.0,1.0,1.0,0.0,0.0,0.0,0.0
2022-01-05 21:00:00+00:00,20260124_203512_bd217a76_StateSignal_XLE,0.0,0.0,1.0,1.0,0.0,0.0,0.0,-0.0
2022-01-06 21:00:00+00:00,20260124_203512_bd217a76_StateSignal_XLE,0.0,0.0,1.0,1.0,0.0,0.0,0.0,-0.0
2022-01-07 21:00:00+00:00,20260124_203512_bd217a76_StateSignal_XLE,0.0,0.0,1.0,1.0,0.0,0.0,0.0,0.0
2022-01-10 21:00:00+00:00,20260124_203512_bd217a76_StateSignal_XLE,0.0,0.0,1.0,1.0,0.0,0.0,0.0,-0.0
2022-01-11 21:00:00+00:00,20260124_203512_bd217a76_StateSignal_XLE,0.0,0.0,1.0,1.0,0.0,0.0,0.0,0.0
2022-01-12 21:00:00+00:00,20260124_203512_bd217a76_StateSignal_XLE,0.0,0.0,1.0,1.0,0.0,0.0,0.0,-0.0
2022-01-13 21:00:00+00:00,20260124_203512_bd217a76_StateSignal_XLE,0.0,0.0,1.0,1.0,0.0,0.0,0.0,-0.0
2022-01-14 21:00:00+00:00,20260124_203512_bd217a76_StateSignal_XLE,0.0,0.0,1.0,1.0,0.0,0.0,0.0,0.0
2022-01-18 21:00:00+00:00,20260124_203512_bd217a76_StateSignal_XLE,0.0,0.0,1.0,1.0,0.0,0.0,0.0,-0.0
2022-01-19 21:00:00+00:00,20260124_203512_bd217a76_StateSignal_XLE,0.0,0.0,1.0,1.0,0.0,0.0,0.0,-0.0
2022-01-20 21:00:00+00:00,20260124_203512_bd217a76_StateSignal_XLE,0.0,0.0,1.0,1.0,0.0,0.0,0.0,-0.0
2022-01-21 21:00:00+00:00,20260124_203512_bd217a76_StateSignal_XLE,0.0,0.0,1.0,1.0,0.0,0.0,0.0,-0.0
2022-01-24 21:00:00+00:00,20260124_203512_bd217a76_StateSignal_XLE,0.0,0.0,1.0,1.0,0.0,0.0,0.0,0.0
2022-01-25 21:00:00+00:00,20260124_203512_bd217a76_StateSignal_XLE,0.0,0.0,1.0,1.0,0.0,0.0,0.0,0.0
2022-01-26 21:00:00+00:00,20260124_203512_bd217a76_StateSignal_XLE,0.0,0.0,1.0,1.0,0.0,0.0,0.0,-0.0
2022-01-27 21:00:00+00:00,20260124_203512_bd217a76_StateSignal_XLE,0.0,0.0,1.0,1.0,0.0,0.0,0.0,-0.0
2022-01-28 21:00:00+00:00,20260124_203512_bd217a76_StateSignal_XLE,0.0,0.0,1.0,1.0,0.0,0.0,0.0,-0.0
2022-01-31 21:00:00+00:00,20260124_203512_bd217a76_StateSignal_XLE,0.0,0.0,1.0,1.0,0.0,0.0,0.0,0.0
2022-02-01 21:00:00+00:00,20260124_203512_bd217a76_StateSignal_XLE,0.0,0.0,1.0,1.0,0.0,0.0,0.0,0.0
2022-02-02 21:00:00+00:00,20260124_203512_bd217a76_StateSignal_XLE,0.0,0.0,1.0,1.0,0.0,0.0,0.0,0.0
2022-02-03 21:00:00+00:00,20260124_203512_bd217a76_StateSignal_XLE,0.0,0.0,1.0,1.0,0.0,0.0,0.0,-0.0
2022-02-04 21:00:00+00:00,20260124_203512_bd217a76_StateSignal_XLE,0.0,0.0,1.0,1.0,0.0,0.0,0.0,-0.0
2022-02-07 21:00:00+00:00,20260124_203512_bd217a76_StateSignal_XLE,0.0,0.0,1.0,1.0,0.0,0.0,0.0,0.0
2022-02-08 21:00:00+00:00,20260124_203512_bd217a76_StateSignal_XLE,0.0,0.0,1.0,1.0,0.0,0.0,0.0,-0.0
2022-02-09 21:00:00+00:00,20260124_203512_bd217a76_StateSignal_XLE,0.0,0.0,1.0,1.0,0.0,0.0,0.0,0.0
2022-02-10 21:00:00+00:00,20260124_203512_bd217a76_StateSignal_XLE,0.0,0.0,1.0,1.0,0.0,0.0,0.0,-0.0
2022-02-11 21:00:00+00:00,20260124_203512_bd217a76_StateSignal_XLE,0.0,0.0,1.0,1.0,0.0,0.0,0.0,0.0
2022-02-14 21:00:00+00:00,20260124_203512_bd217a76_StateSignal_XLE,0.0,0.0,1.0,1.0,0.0,0.0,0.0,-0.0
2022-02-15 21:00:00+00:00,20260124_203512_bd217a76_StateSignal_XLE,0.0,0.0,1.0,1.0,0.0,0.0,0.0,0.0
2022-02-16 21:00:00+00:00,20260124_203512_bd217a76_StateSignal_XLE,0.0,0.0,1.0,1.0,0.0,0.0,0.0,-0.0
2022-02-17 21:00:00+00:00,20260124_203512_bd217a76_StateSignal_XLE,0.0,0.0,1.0,1.0,0.0,0.0,0.0,-0.0
2022-02-18 21:00:00+00:00,20260124_203512_bd217a76_StateSignal_XLE,0.0,0.0,1.0,1.0,0.0,0.0,0.0,0.0
2022-02-22 21:00:00+00:00,20260124_203512_bd217a76_StateSignal_XLE,0.0,0.0,1.0,1.0,0.0,0.0,0.0,-0.0
2022-02-23 21:00:00+00:00,20260124_203512_bd217a76_StateSignal_XLE,0.0,0.0,1.0,1.0,0.0,0.0,0.0,-0.0
2022-02-24 21:00:00+00:00,20260124_203512_bd217a76_StateSignal_XLE,0.0,0.0,1.0,1.0,0.0,0.0,0.0,0.0
2022-02-25 21:00:00+00:00,20260124_203512_bd217a76_StateSignal_XLE,0.0,0.0,1.0,1.0,0.0,0.0,0.0,0.0
2022-02-28 21:00:00+00:00,20260124_203512_bd217a76_StateSignal_XLE,0.0,0.0,1.0,1.0,0.0,0.0,0.0,0.0
2022-03-01 21:00:00+00:00,20260124_203512_bd217a76_StateSignal_XLE,0.0,0.0,1.0,1.0,0.0,0.0,0.0,-0.0
2022-03-02 21:00:00+00:00,20260124_203512_bd217a76_StateSignal_XLE,0.0,0.0,1.0,1.0,0.0,0.0,0.0,0.0
2022-03-03 21:00:00+00:00,20260124_203512_bd217a76_StateSignal_XLE,0.0,0.0,1.0,1.0,0.0,0.0,0.0,0.0
2022-03-04 21:00:00+00:00,20260124_203512_bd217a76_StateSignal_XLE,0.0,0.0,1.0,1.0,0.0,0.0,0.0,0.0
2022-03-07 21:00:00+00:00,20260124_203512_bd217a76_StateSignal_XLE,0.0,0.0,1.0,1.0,0.0,0.0,0.0,0.0
2022-03-08 21:00:00+00:00,20260124_203512_bd217a76_StateSignal_XLE,0.0,0.0,1.0,1.0,0.0,0.0,0.0,-0.0
2022-03-09 21:00:00+00:00,20260124_203512_bd217a76_StateSignal_XLE,0.0,0.0,1.0,1.0,0.0,0.0,0.0,-0.0
2022-03-10 21:00:00+00:00,20260124_203512_bd217a76_StateSignal_XLE,0.0,0.0,1.0,1.0,0.0,0.0,0.0,0.0
2022-03-11 21:00:00+00:00,20260124_203512_bd217a76_StateSignal_XLE,0.0,0.0,1.0,1.0,0.0,0.0,0.0,-0.0
2022-03-14 20:00:00+00:00,20260124_203512_bd217a76_StateSignal_XLE,0.0,0.0,1.0,1.0,0.0,0.0,0.0,0.0
2022-03-15 20:00:00+00:00,20260124_203512_bd217a76_StateSignal_XLE,0.0,0.0,1.0,1.0,0.0,0.0,0.0,0.0
2022-03-16 20:00:00+00:00,20260124_203512_bd217a76_StateSignal_XLE,0.0,0.0,1.0,1.0,0.0,0.0,0.0,-0.0
2022-03-17 20:00:00+00:00,20260124_203512_bd217a76_StateSignal_XLE,0.0,0.0,1.0,1.0,0.0,0.0,0.0,0.0
2022-03-18 20:00:00+00:00,20260124_203512_bd217a76_StateSignal_XLE,0.0,0.0,1.0,1.0,0.0,0.0,0.0,-0.0
2022-03-21 20:00:00+00:00,20260124_203512_bd217a76_StateSignal_XLE,0.0,0.0,1.0,1.0,0.0,0.0,0.0,0.0
2022-03-22 20:00:00+00:00,20260124_203512_bd217a76_StateSignal_XLE,0.0,0.0,1.0,1.0,0.0,0.0,0.0,-0.0
2022-03-23 20:00:00+00:00,20260124_203512_bd217a76_StateSignal_XLE,0.0,0.0,1.0,1.0,0.0,0.0,0.0,-0.0
2022-03-24 20:00:00+00:00,20260124_203512_bd217a76_StateSignal_XLE,0.0,0.0,1.0,1.0,0.0,0.0,0.0,-0.0
2022-03-25 20:00:00+00:00,20260124_203512_bd217a76_StateSignal_XLE,0.0,0.0,1.0,1.0,0.0,0.0,0.0,0.0
2022-03-28 20:00:00+00:00,20260124_203512_bd217a76_StateSignal_XLE,0.0,0.0,1.0,1.0,0.0,0.0,0.0,-0.0
2022-03-29 20:00:00+00:00,20260124_203512_bd217a76_StateSignal_XLE,0.0,0.0,1.0,1.0,0.0,0.0,0.0,0.0
2022-03-30 20:00:00+00:00,20260124_203512_bd217a76_StateSignal_XLE,0.0,0.0,1.0,1.0,0.0,0.0,0.0,0.0
2022-03-31 20:00:00+00:00,20260124_203512_bd217a76_StateSignal_XLE,0.0,0.0,1.0,1.0,0.0,0.0,0.0,-0.0
2022-04-01 20:00:00+00:00,20260124_203512_bd217a76_StateSignal_XLE,0.0,0.0,1.0,1.0,0.0,0.0,0.0,-0.0
2022-04-04 20:00:00+00:00,20260124_203512_bd217a76_StateSignal_XLE,0.0,0.0,1.0,1.0,0.0,0.0,0.0,0.0
2022-04-05 20:00:00+00:00,20260124_203512_bd217a76_StateSignal_XLE,0.0,0.0,1.0,1.0,0.0,0.0,0.0,-0.0
2022-04-06 20:00:00+00:00,20260124_203512_bd217a76_StateSignal_XLE,0.0,0.0,1.0,1.0,0.0,0.0,0.0,0.0
2022-04-07 20:00:00+00:00,20260124_203512_bd217a76_StateSignal_XLE,0.0,0.0,1.0,1.0,0.0,0.0,0.0,0.0
2022-04-08 20:00:00+00:00,20260124_203512_bd217a76_StateSignal_XLE,0.0,0.0,1.0,1.0,0.0,0.0,0.0,0.0
2022-04-11 20:00:00+00:00,20260124_203512_bd217a76_StateSignal_XLE,0.0,0.0,1.0,1.0,0.0,0.0,0.0,-0.0
2022-04-12 20:00:00+00:00,20260124_203512_bd217a76_StateSignal_XLE,0.0,0.0,1.0,1.0,0.0,0.0,0.0,-0.0
2022-04-13 20:00:00+00:00,20260124_203512_bd217a76_StateSignal_XLE,0.0,0.0,1.0,1.0,0.0,0.0,0.0,0.0
2022-04-14 20:00:00+00:00,20260124_203512_bd217a76_StateSignal_XLE,0.0,0.0,1.0,1.0,0.0,0.0,0.0,0.0
2022-04-18 20:00:00+00:00,20260124_203512_bd217a76_StateSignal_XLE,0.0,0.0,1.0,1.0,0.0,0.0,0.0,0.0
2022-04-19 20:00:00+00:00,20260124_203512_bd217a76_StateSignal_XLE,0.0,0.0,1.0,1.0,0.0,0.0,0.0,-0.0
2022-04-20 20:00:00+00:00,20260124_203512_bd217a76_StateSignal_XLE,0.0,0.0,1.0,1.0,0.0,0.0,0.0,0.0
2022-04-21 20:00:00+00:00,20260124_203512_bd217a76_StateSignal_XLE,0.0,0.0,1.0,1.0,0.0,0.0,0.0,-0.0
2022-04-22 20:00:00+00:00,20260124_203512_bd217a76_StateSignal_XLE,0.0,0.0,1.0,1.0,0.0,0.0,0.0,-0.0
2022-04-25 20:00:00+00:00,20260124_203512_bd217a76_StateSignal_XLE,0.0,0.0,1.0,1.0,0.0,0.0,0.0,0.0
2022-04-26 20:00:00+00:00,20260124_203512_bd217a76_StateSignal_XLE,0.0,0.0,1.0,1.0,0.0,0.0,0.0,-0.0
2022-04-27 20:00:00+00:00,20260124_203512_bd217a76_StateSignal_XLE,0.0,0.0,1.0,1.0,0.0,0.0,0.0,0.0
2022-04-28 20:00:00+00:00,20260124_203512_bd217a76_StateSignal_XLE,0.0,0.0,1.0,1.0,0.0,0.0,0.0,0.0
2022-04-29 20:00:00+00:00,20260124_203512_bd217a76_StateSignal_XLE,0.0,0.0,1.0,1.0,0.0,0.0,0.0,-0.0
2022-05-02 20:00:00+00:00,20260124_203512_bd217a76_StateSignal_XLE,0.0,0.0,1.0,1.0,0.0,0.0,0.0,0.0
2022-05-03 20:00:00+00:00,20260124_203512_bd217a76_StateSignal_XLE,0.0,0.0,1.0,1.0,0.0,0.0,0.0,0.0
2022-05-04 20:00:00+00:00,20260124_203512_bd217a76_StateSignal_XLE,0.0,0.0,1.0,1.0,0.0,0.0,0.0,0.0
2022-05-05 20:00:00+00:00,20260124_203512_bd217a76_StateSignal_XLE,0.0,0.0,1.0,1.0,0.0,0.0,0.0,-0.0
2022-05-06 20:00:00+00:00,20260124_203512_bd217a76_StateSignal_XLE,0.0,0.0,1.0,1.0,0.0,0.0,0.0,0.0
2022-05-09 20:00:00+00:00,20260124_203512_bd217a76_StateSignal_XLE,0.0,0.0,1.0,1.0,0.0,0.0,0.0,-0.0
2022-05-10 20:00:00+00:00,20260124_203512_bd217a76_StateSignal_XLE,0.0,0.0,1.0,1.0,0.0,0.0,0.0,-0.0
2022-05-11 20:00:00+00:00,20260124_203512_bd217a76_StateSignal_XLE,0.0,0.0,1.0,1.0,0.0,0.0,0.0,-0.0
2022-05-12 20:00:00+00:00,20260124_203512_bd217a76_StateSignal_XLE,0.0,0.0,1.0,1.0,0.0,0.0,0.0,0.0
2022-05-13 20:00:00+00:00,20260124_203512_bd217a76_StateSignal_XLE,0.0,0.0,1.0,1.0,0.0,0.0,0.0,0.0
2022-05-16 20:00:00+00:00,20260124_203512_bd217a76_StateSignal_XLE,0.0,0.0,1.0,1.0,0.0,0.0,0.0,0.0
2022-05-17 20:00:00+00:00,20260124_203512_bd217a76_StateSignal_XLE,0.0,0.0,1.0,1.0,0.0,0.0,0.0,0.0
2022-05-18 20:00:00+00:00,20260124_203512_bd217a76_StateSignal_XLE,0.0,0.0,1.0,1.0,0.0,0.0,0.0,-0.0
2022-05-19 20:00:00+00:00,20260124_203512_bd217a76_StateSignal_XLE,0.0,0.0,1.0,1.0,0.0,0.0,0.0,0.0
2022-05-20 20:00:00+00:00,20260124_203512_bd217a76_StateSignal_XLE,0.0,0.0,1.0,1.0,0.0,0.0,0.0,-0.0
2022-05-23 20:00:00+00:00,20260124_203512_bd217a76_StateSignal_XLE,0.0,0.0,1.0,1.0,0.0,0.0,0.0,0.0
2022-05-24 20:00:00+00:00,20260124_203512_bd217a76_StateSignal_XLE,0.0,0.0,1.0,1.0,0.0,0.0,0.0,0.0
2022-05-25 20:00:00+00:00,20260124_203512_bd217a76_StateSignal_XLE,0.0,0.0,1.0,1.0,0.0,0.0,0.0,0.0
2022-05-26 20:00:00+00:00,20260124_203512_bd217a76_StateSignal_XLE,0.0,0.0,1.0,1.0,0.0,0.0,0.0,0.0
2022-05-27 20:00:00+00:00,20260124_203512_bd217a76_StateSignal_XLE,0.0,0.0,1.0,1.0,0.0,0.0,0.0,0.0
2022-05-31 20:00:00+00:00,20260124_203512_bd217a76_StateSignal_XLE,0.0,0.0,1.0,1.0,0.0,0.0,0.0,-0.0
2022-06-01 20:00:00+00:00,20260124_203512_bd217a76_StateSignal_XLE,0.0,0.0,1.0,1.0,0.0,0.0,0.0,0.0
2022-06-02 20:00:00+00:00,20260124_203512_bd217a76_StateSignal_XLE,0.0,0.0,1.0,1.0,0.0,0.0,0.0,0.0
2022-06-03 20:00:00+00:00,20260124_203512_bd217a76_StateSignal_XLE,0.0,0.0,1.0,1.0,0.0,0.0,0.0,0.0
2022-06-06 20:00:00+00:00,20260124_203512_bd217a76_StateSignal_XLE,0.0,0.0,1.0,1.0,0.0,0.0,0.0,-0.0
2022-06-07 20:00:00+00:00,20260124_203512_bd217a76_StateSignal_XLE,0.0,0.0,1.0,1.0,0.0,0.0,0.0,0.0
2022-06-08 20:00:00+00:00,20260124_203512_bd217a76_StateSignal_XLE,0.0,0.0,1.0,1.0,0.0,0.0,0.0,-0.0
2022-06-09 20:00:00+00:00,20260124_203512_bd217a76_StateSignal_XLE,0.0,0.0,1.0,1.0,0.0,0.0,0.0,-0.0
2022-06-10 20:00:00+00:00,20260124_203512_bd217a76_StateSignal_XLE,0.0,0.0,1.0,1.0,0.0,0.0,0.0,-0.0
2022-06-13 20:00:00+00:00,20260124_203512_bd217a76_StateSignal_XLE,0.0,0.0,1.0,1.0,0.0,0.0,0.0,-0.0
2022-06-14 20:00:00+00:00,20260124_203512_bd217a76_StateSignal_XLE,0.0,0.0,1.0,1.0,0.0,0.0,0.0,-0.0
2022-06-15 20:00:00+00:00,20260124_203512_bd217a76_StateSignal_XLE,0.0,0.0,1.0,1.0,0.0,0.0,0.0,-0.0
2022-06-16 20:00:00+00:00,20260124_203512_bd217a76_StateSignal_XLE,0.0,0.0,1.0,1.0,0.0,0.0,0.0,-0.0
2022-06-17 20:00:00+00:00,20260124_203512_bd217a76_StateSignal_XLE,0.0,0.0,1.0,1.0,0.0,0.0,0.0,-0.0
2022-06-21 20:00:00+00:00,20260124_203512_bd217a76_StateSignal_XLE,0.0,0.0,1.0,1.0,0.0,0.0,0.0,0.0
2022-06-22 20:00:00+00:00,20260124_203512_bd217a76_StateSignal_XLE,0.0,0.0,1.0,1.0,0.0,0.0,0.0,0.0
2022-06-23 20:00:00+00:00,20260124_203512_bd217a76_StateSignal_XLE,0.0,0.0,1.0,1.0,0.0,0.0,0.0,-0.0
2022-06-24 20:00:00+00:00,20260124_203512_bd217a76_StateSignal_XLE,0.0,0.0,1.0,1.0,0.0,0.0,0.0,0.0
2022-06-27 20:00:00+00:00,20260124_203512_bd217a76_StateSignal_XLE,0.0,0.0,1.0,1.0,0.0,0.0,0.0,0.0
2022-06-28 20:00:00+00:00,20260124_203512_bd217a76_StateSignal_XLE,0.0,0.0,1.0,1.0,0.0,0.0,0.0,0.0
2022-06-29 20:00:00+00:00,20260124_203512_bd217a76_StateSignal_XLE,0.0,0.0,1.0,1.0,0.0,0.0,0.0,-0.0
2022-06-30 20:00:00+00:00,20260124_203512_bd217a76_StateSignal_XLE,0.0,0.0,1.0,1.0,0.0,0.0,0.0,-0.0
2022-07-01 20:00:00+00:00,20260124_203512_bd217a76_StateSignal_XLE,0.0,0.0,1.0,1.0,0.0,0.0,0.0,0.0
2022-07-05 20:00:00+00:00,20260124_203512_bd217a76_StateSignal_XLE,0.0,0.0,1.0,1.0,0.0,0.0,0.0,-0.0
2022-07-06 20:00:00+00:00,20260124_203512_bd217a76_StateSignal_XLE,0.0,0.0,1.0,1.0,0.0,0.0,0.0,-0.0
2022-07-07 20:00:00+00:00,20260124_203512_bd217a76_StateSignal_XLE,0.0,0.0,1.0,1.0,0.0,0.0,0.0,0.0
2022-07-08 20:00:00+00:00,20260124_203512_bd217a76_StateSignal_XLE,0.0,0.0,1.0,1.0,0.0,0.0,0.0,-0.0
2022-07-11 20:00:00+00:00,20260124_203512_bd217a76_StateSignal_XLE,0.0,0.0,1.0,1.0,0.0,0.0,0.0,0.0
2022-07-12 20:00:00+00:00,20260124_203512_bd217a76_StateSignal_XLE,0.0,0.0,1.0,1.0,0.0,0.0,0.0,0.0
2022-07-13 20:00:00+00:00,20260124_203512_bd217a76_StateSignal_XLE,0.0,0.0,1.0,1.0,0.0,0.0,0.0,-0.0
2022-07-14 20:00:00+00:00,20260124_203512_bd217a76_StateSignal_XLE,0.0,0.0,1.0,1.0,0.0,0.0,0.0,0.0
2022-07-15 20:00:00+00:00,20260124_203512_bd217a76_StateSignal_XLE,0.0,0.0,1.0,1.0,0.0,0.0,0.0,0.0
2022-07-18 20:00:00+00:00,20260124_203512_bd217a76_StateSignal_XLE,0.0,0.0,1.0,1.0,0.0,0.0,0.0,-0.0
2022-07-19 20:00:00+00:00,20260124_203512_bd217a76_StateSignal_XLE,0.0,0.0,1.0,1.0,0.0,0.0,0.0,0.0
2022-07-20 20:00:00+00:00,20260124_203512_bd217a76_StateSignal_XLE,0.0,0.0,1.0,1.0,0.0,0.0,0.0,0.0
2022-07-21 20:00:00+00:00,20260124_203512_bd217a76_StateSignal_XLE,0.0,0.0,1.0,1.0,0.0,0.0,0.0,0.0
2022-07-22 20:00:00+00:00,20260124_203512_bd217a76_StateSignal_XLE,0.0,0.0,1.0,1.0,0.0,0.0,0.0,-0.0
2022-07-25 20:00:00+00:00,20260124_203512_bd217a76_StateSignal_XLE,0.0,0.0,1.0,1.0,0.0,0.0,0.0,0.0
2022-07-26 20:00:00+00:00,20260124_203512_bd217a76_StateSignal_XLE,0.0,0.0,1.0,1.0,0.0,0.0,0.0,-0.0
2022-07-27 20:00:00+00:00,20260124_203512_bd217a76_StateSignal_XLE,0.0,0.0,1.0,1.0,0.0,0.0,0.0,0.0
2022-07-28 20:00:00+00:00,20260124_203512_bd217a76_StateSignal_XLE,0.0,0.0,1.0,1.0,0.0,0.0,0.0,-0.0
2022-07-29 20:00:00+00:00,20260124_203512_bd217a76_StateSignal_XLE,0.0,0.0,1.0,1.0,0.0,0.0,0.0,0.0
2022-08-01 20:00:00+00:00,20260124_203512_bd217a76_StateSignal_XLE,0.0,0.0,1.0,1.0,0.0,0.0,0.0,-0.0
2022-08-02 20:00:00+00:00,20260124_203512_bd217a76_StateSignal_XLE,0.0,0.0,1.0,1.0,0.0,0.0,0.0,-0.0
2022-08-03 20:00:00+00:00,20260124_203512_bd217a76_StateSignal_XLE,0.0,0.0,1.0,1.0,0.0,0.0,0.0,-0.0
2022-08-04 20:00:00+00:00,20260124_203512_bd217a76_StateSignal_XLE,0.0,0.0,1.0,1.0,0.0,0.0,0.0,-0.0
2022-08-05 20:00:00+00:00,20260124_203512_bd217a76_StateSignal_XLE,0.0,0.0,1.0,1.0,0.0,0.0,0.0,0.0
2022-08-08 20:00:00+00:00,20260124_203512_bd217a76_StateSignal_XLE,0.0,0.0,1.0,1.0,0.0,0.0,0.0,0.0
2022-08-09 20:00:00+00:00,20260124_203512_bd217a76_StateSignal_XLE,0.0,0.0,1.0,1.0,0.0,0.0,0.0,-0.0
2022-08-10 20:00:00+00:00,20260124_203512_bd217a76_StateSignal_XLE,0.0,0.0,1.0,1.0,0.0,0.0,0.0,0.0
2022-08-11 20:00:00+00:00,20260124_203512_bd217a76_StateSignal_XLE,0.0,0.0,1.0,1.0,0.0,0.0,0.0,0.0
2022-08-12 20:00:00+00:00,20260124_203512_bd217a76_StateSignal_XLE,0.0,0.0,1.0,1.0,0.0,0.0,0.0,0.0
2022-08-15 20:00:00+00:00,20260124_203512_bd217a76_StateSignal_XLE,0.0,0.0,1.0,1.0,0.0,0.0,0.0,0.0
2022-08-16 20:00:00+00:00,20260124_203512_bd217a76_StateSignal_XLE,0.0,0.0,1.0,1.0,0.0,0.0,0.0,-0.0
2022-08-17 20:00:00+00:00,20260124_203512_bd217a76_StateSignal_XLE,0.0,0.0,1.0,1.0,0.0,0.0,0.0,0.0
2022-08-18 20:00:00+00:00,20260124_203512_bd217a76_StateSignal_XLE,0.0,0.0,1.0,1.0,0.0,0.0,0.0,0.0
2022-08-19 20:00:00+00:00,20260124_203512_bd217a76_StateSignal_XLE,0.0,0.0,1.0,1.0,0.0,0.0,0.0,0.0
2022-08-22 20:00:00+00:00,20260124_203512_bd217a76_StateSignal_XLE,0.0,0.0,1.0,1.0,0.0,0.0,0.0,0.0
2022-08-23 20:00:00+00:00,20260124_203512_bd217a76_StateSignal_XLE,0.0,0.0,1.0,1.0,0.0,0.0,0.0,0.0
2022-08-24 20:00:00+00:00,20260124_203512_bd217a76_StateSignal_XLE,0.0,0.0,1.0,1.0,0.0,0.0,0.0,0.0
2022-08-25 20:00:00+00:00,20260124_203512_bd217a76_StateSignal_XLE,0.0,0.0,1.0,1.0,0.0,0.0,0.0,-0.0
2022-08-26 20:00:00+00:00,20260124_203512_bd217a76_StateSignal_XLE,0.0,0.0,1.0,1.0,0.0,0.0,0.0,-0.0
2022-08-29 20:00:00+00:00,20260124_203512_bd217a76_StateSignal_XLE,0.0,0.0,1.0,1.0,0.0,0.0,0.0,0.0
2022-08-30 20:00:00+00:00,20260124_203512_bd217a76_StateSignal_XLE,0.0,0.0,1.0,1.0,0.0,0.0,0.0,-0.0
2022-08-31 20:00:00+00:00,20260124_203512_bd217a76_StateSignal_XLE,0.0,0.0,1.0,1.0,0.0,0.0,0.0,0.0
2022-09-01 20:00:00+00:00,20260124_203512_bd217a76_StateSignal_XLE,0.0,0.0,1.0,1.0,0.0,0.0,0.0,-0.0
2022-09-02 20:00:00+00:00,20260124_203512_bd217a76_StateSignal_XLE,0.0,0.0,1.0,1.0,0.0,0.0,0.0,-0.0
2022-09-06 20:00:00+00:00,20260124_203512_bd217a76_StateSignal_XLE,0.0,0.0,1.0,1.0,0.0,0.0,0.0,-0.0
2022-09-07 20:00:00+00:00,20260124_203512_bd217a76_StateSignal_XLE,0.0,0.0,1.0,1.0,0.0,0.0,0.0,0.0
2022-09-08 20:00:00+00:00,20260124_203512_bd217a76_StateSignal_XLE,0.0,0.0,1.0,1.0,0.0,0.0,0.0,0.0
2022-09-09 20:00:00+00:00,20260124_203512_bd217a76_StateSignal_XLE,0.0,0.0,1.0,1.0,0.0,0.0,0.0,0.0
2022-09-12 20:00:00+00:00,20260124_203512_bd217a76_StateSignal_XLE,0.0,0.0,1.0,1.0,0.0,0.0,0.0,0.0
2022-09-13 20:00:00+00:00,20260124_203512_bd217a76_StateSignal_XLE,0.0,0.0,1.0,1.0,0.0,0.0,0.0,-0.0
2022-09-14 20:00:00+00:00,20260124_203512_bd217a76_StateSignal_XLE,0.0,0.0,1.0,1.0,0.0,0.0,0.0,-0.0
2022-09-15 20:00:00+00:00,20260124_203512_bd217a76_StateSignal_XLE,0.0,0.0,1.0,1.0,0.0,0.0,0.0,-0.0
2022-09-16 20:00:00+00:00,20260124_203512_bd217a76_StateSignal_XLE,0.0,0.0,1.0,1.0,0.0,0.0,0.0,0.0
2022-09-19 20:00:00+00:00,20260124_203512_bd217a76_StateSignal_XLE,0.0,0.0,1.0,1.0,0.0,0.0,0.0,0.0
2022-09-20 20:00:00+00:00,20260124_203512_bd217a76_StateSignal_XLE,0.0,0.0,1.0,1.0,0.0,0.0,0.0,0.0
2022-09-21 20:00:00+00:00,20260124_203512_bd217a76_StateSignal_XLE,0.0,0.0,1.0,1.0,0.0,0.0,0.0,-0.0
2022-09-22 20:00:00+00:00,20260124_203512_bd217a76_StateSignal_XLE,0.0,0.0,1.0,1.0,0.0,0.0,0.0,-0.0
2022-09-23 20:00:00+00:00,20260124_203512_bd217a76_StateSignal_XLE,0.0,0.0,1.0,1.0,0.0,0.0,0.0,-0.0
2022-09-26 20:00:00+00:00,20260124_203512_bd217a76_StateSignal_XLE,0.0,0.0,1.0,1.0,0.0,0.0,0.0,-0.0
2022-09-27 20:00:00+00:00,20260124_203512_bd217a76_StateSignal_XLE,0.0,0.0,1.0,1.0,0.0,0.0,0.0,-0.0
2022-09-28 20:00:00+00:00,20260124_203512_bd217a76_StateSignal_XLE,0.0,0.0,1.0,1.0,0.0,0.0,0.0,0.0
2022-09-29 20:00:00+00:00,20260124_203512_bd217a76_StateSignal_XLE,0.0,0.0,1.0,1.0,0.0,0.0,0.0,0.0
2022-09-30 20:00:00+00:00,20260124_203512_bd217a76_StateSignal_XLE,0.0,0.0,1.0,1.0,0.0,0.0,0.0,0.0
2022-10-03 20:00:00+00:00,20260124_203512_bd217a76_StateSignal_XLE,0.0,0.0,1.0,1.0,0.0,0.0,0.0,0.0
2022-10-04 20:00:00+00:00,20260124_203512_bd217a76_StateSignal_XLE,0.0,0.0,1.0,1.0,0.0,0.0,0.0,0.0
2022-10-05 20:00:00+00:00,20260124_203512_bd217a76_StateSignal_XLE,0.0,0.0,1.0,1.0,0.0,0.0,0.0,0.0
2022-10-06 20:00:00+00:00,20260124_203512_bd217a76_StateSignal_XLE,0.0,0.0,1.0,1.0,0.0,0.0,0.0,0.0
2022-10-07 20:00:00+00:00,20260124_203512_bd217a76_StateSignal_XLE,0.0,0.0,1.0,1.0,0.0,0.0,0.0,-0.0
2022-10-10 20:00:00+00:00,20260124_203512_bd217a76_StateSignal_XLE,0.0,0.0,1.0,1.0,0.0,0.0,0.0,-0.0
2022-10-11 20:00:00+00:00,20260124_203512_bd217a76_StateSignal_XLE,0.0,0.0,1.0,1.0,0.0,0.0,0.0,0.0
2022-10-12 20:00:00+00:00,20260124_203512_bd217a76_StateSignal_XLE,0.0,0.0,1.0,1.0,0.0,0.0,0.0,0.0
2022-10-13 20:00:00+00:00,20260124_203512_bd217a76_StateSignal_XLE,0.0,0.0,1.0,1.0,0.0,0.0,0.0,0.0
2022-10-14 20:00:00+00:00,20260124_203512_bd217a76_StateSignal_XLE,0.0,0.0,1.0,1.0,0.0,0.0,0.0,-0.0
2022-10-17 20:00:00+00:00,20260124_203512_bd217a76_StateSignal_XLE,0.0,0.0,1.0,1.0,0.0,0.0,0.0,0.0
2022-10-18 20:00:00+00:00,20260124_203512_bd217a76_StateSignal_XLE,0.0,0.0,1.0,1.0,0.0,0.0,0.0,-0.0
2022-10-19 20:00:00+00:00,20260124_203512_bd217a76_StateSignal_XLE,0.0,0.0,1.0,1.0,0.0,0.0,0.0,0.0
2022-10-20 20:00:00+00:00,20260124_203512_bd217a76_StateSignal_XLE,0.0,0.0,1.0,1.0,0.0,0.0,0.0,-0.0
2022-10-21 20:00:00+00:00,20260124_203512_bd217a76_StateSignal_XLE,0.0,0.0,1.0,1.0,0.0,0.0,0.0,0.0
2022-10-24 20:00:00+00:00,20260124_203512_bd217a76_StateSignal_XLE,0.0,0.0,1.0,1.0,0.0,0.0,0.0,0.0
2022-10-25 20:00:00+00:00,20260124_203512_bd217a76_StateSignal_XLE,0.0,0.0,1.0,1.0,0.0,0.0,0.0,0.0
2022-10-26 20:00:00+00:00,20260124_203512_bd217a76_StateSignal_XLE,0.0,0.0,1.0,1.0,0.0,0.0,0.0,0.0
2022-10-27 20:00:00+00:00,20260124_203512_bd217a76_StateSignal_XLE,0.0,0.0,1.0,1.0,0.0,0.0,0.0,0.0
2022-10-28 20:00:00+00:00,20260124_203512_bd217a76_StateSignal_XLE,0.0,0.0,1.0,1.0,0.0,0.0,0.0,0.0
2022-10-31 20:00:00+00:00,20260124_203512_bd217a76_StateSignal_XLE,0.0,0.0,1.0,1.0,0.0,0.0,0.0,-0.0
2022-11-01 20:00:00+00:00,20260124_203512_bd217a76_StateSignal_XLE,0.0,0.0,1.0,1.0,0.0,0.0,0.0,-0.0
2022-11-02 20:00:00+00:00,20260124_203512_bd217a76_StateSignal_XLE,0.0,0.0,1.0,1.0,0.0,0.0,0.0,-0.0
2022-11-03 20:00:00+00:00,20260124_203512_bd217a76_StateSignal_XLE,0.0,0.0,1.0,1.0,0.0,0.0,0.0,0.0
2022-11-04 20:00:00+00:00,20260124_203512_bd217a76_StateSignal_XLE,0.0,0.0,1.0,1.0,0.0,0.0,0.0,-0.0
2022-11-07 21:00:00+00:00,20260124_203512_bd217a76_StateSignal_XLE,0.0,0.0,1.0,1.0,0.0,0.0,0.0,0.0
2022-11-08 21:00:00+00:00,20260124_203512_bd217a76_StateSignal_XLE,0.0,0.0,1.0,1.0,0.0,0.0,0.0,0.0
2022-11-09 21:00:00+00:00,20260124_203512_bd217a76_StateSignal_XLE,0.0,0.0,1.0,1.0,0.0,0.0,0.0,-0.0
2022-11-10 21:00:00+00:00,20260124_203512_bd217a76_StateSignal_XLE,0.0,0.0,1.0,1.0,0.0,0.0,0.0,0.0
2022-11-11 21:00:00+00:00,20260124_203512_bd217a76_StateSignal_XLE,0.0,0.0,1.0,1.0,0.0,0.0,0.0,0.0
2022-11-14 21:00:00+00:00,20260124_203512_bd217a76_StateSignal_XLE,0.0,0.0,1.0,1.0,0.0,0.0,0.0,-0.0
2022-11-15 21:00:00+00:00,20260124_203512_bd217a76_StateSignal_XLE,0.0,0.0,1.0,1.0,0.0,0.0,0.0,0.0
2022-11-16 21:00:00+00:00,20260124_203512_bd217a76_StateSignal_XLE,0.0,0.0,1.0,1.0,0.0,0.0,0.0,-0.0
2022-11-17 21:00:00+00:00,20260124_203512_bd217a76_StateSignal_XLE,0.0,0.0,1.0,1.0,0.0,0.0,0.0,0.0
2022-11-18 21:00:00+00:00,20260124_203512_bd217a76_StateSignal_XLE,0.0,0.0,1.0,1.0,0.0,0.0,0.0,-0.0
2022-11-21 21:00:00+00:00,20260124_203512_bd217a76_StateSignal_XLE,0.0,0.0,1.0,1.0,0.0,0.0,0.0,-0.0
2022-11-22 21:00:00+00:00,20260124_203512_bd217a76_StateSignal_XLE,0.0,0.0,1.0,1.0,0.0,0.0,0.0,0.0
2022-11-23 21:00:00+00:00,20260124_203512_bd217a76_StateSignal_XLE,0.0,0.0,1.0,1.0,0.0,0.0,0.0,-0.0
2022-11-25 21:00:00+00:00,20260124_203512_bd217a76_StateSignal_XLE,0.0,0.0,1.0,1.0,0.0,0.0,0.0,-0.0
2022-11-28 21:00:00+00:00,20260124_203512_bd217a76_StateSignal_XLE,0.0,0.0,1.0,1.0,0.0,0.0,0.0,-0.0
2022-11-29 21:00:00+00:00,20260124_203512_bd217a76_StateSignal_XLE,0.0,0.0,1.0,1.0,0.0,0.0,0.0,0.0
2022-11-30 21:00:00+00:00,20260124_203512_bd217a76_StateSignal_XLE,0.0,0.0,1.0,1.0,0.0,0.0,0.0,-0.0
2022-12-01 21:00:00+00:00,20260124_203512_bd217a76_StateSignal_XLE,0.0,0.0,1.0,1.0,0.0,0.0,0.0,-0.0
2022-12-02 21:00:00+00:00,20260124_203512_bd217a76_StateSignal_XLE,0.0,0.0,1.0,1.0,0.0,0.0,0.0,-0.0
2022-12-05 21:00:00+00:00,20260124_203512_bd217a76_StateSignal_XLE,0.0,0.0,1.0,1.0,0.0,0.0,0.0,-0.0
2022-12-06 21:00:00+00:00,20260124_203512_bd217a76_StateSignal_XLE,0.0,0.0,1.0,1.0,0.0,0.0,0.0,-0.0
2022-12-07 21:00:00+00:00,20260124_203512_bd217a76_StateSignal_XLE,0.0,0.0,1.0,1.0,0.0,0.0,0.0,-0.0
2022-12-08 21:00:00+00:00,20260124_203512_bd217a76_StateSignal_XLE,0.0,0.0,1.0,1.0,0.0,0.0,0.0,-0.0
2022-12-09 21:00:00+00:00,20260124_203512_bd217a76_StateSignal_XLE,0.0,0.0,1.0,1.0,0.0,0.0,0.0,-0.0
2022-12-12 21:00:00+00:00,20260124_203512_bd217a76_StateSignal_XLE,0.0,0.0,1.0,1.0,0.0,0.0,0.0,0.0
2022-12-13 21:00:00+00:00,20260124_203512_bd217a76_StateSignal_XLE,0.0,0.0,1.0,1.0,0.0,0.0,0.0,-0.0
2022-12-14 21:00:00+00:00,20260124_203512_bd217a76_StateSignal_XLE,0.0,0.0,1.0,1.0,0.0,0.0,0.0,-0.0
2022-12-15 21:00:00+00:00,20260124_203512_bd217a76_StateSignal_XLE,0.0,0.0,1.0,1.0,0.0,0.0,0.0,0.0
2022-12-16 21:00:00+00:00,20260124_203512_bd217a76_StateSignal_XLE,0.0,0.0,1.0,1.0,0.0,0.0,0.0,0.0
2022-12-19 21:00:00+00:00,20260124_203512_bd217a76_StateSignal_XLE,0.0,0.0,1.0,1.0,0.0,0.0,0.0,-0.0
2022-12-20 21:00:00+00:00,20260124_203512_bd217a76_StateSignal_XLE,0.0,0.0,1.0,1.0,0.0,0.0,0.0,0.0
2022-12-21 21:00:00+00:00,20260124_203512_bd217a76_StateSignal_XLE,0.0,0.0,1.0,1.0,0.0,0.0,0.0,0.0
2022-12-22 21:00:00+00:00,20260124_203512_bd217a76_StateSignal_XLE,0.0,0.0,1.0,1.0,0.0,0.0,0.0,-0.0
2022-12-23 21:00:00+00:00,20260124_203512_bd217a76_StateSignal_XLE,0.0,0.0,1.0,1.0,0.0,0.0,0.0,0.0
2022-12-27 21:00:00+00:00,20260124_203512_bd217a76_StateSignal_XLE,0.0,0.0,1.0,1.0,0.0,0.0,0.0,0.0
2022-12-28 21:00:00+00:00,20260124_203512_bd217a76_StateSignal_XLE,0.0,0.0,1.0,1.0,0.0,0.0,0.0,-0.0
2022-12-29 21:00:00+00:00,20260124_203512_bd217a76_StateSignal_XLE,0.0,0.0,1.0,1.0,0.0,0.0,0.0,0.0
2022-12-30 21:00:00+00:00,20260124_203512_bd217a76_StateSignal_XLE,0.0,0.0,1.0,1.0,0.0,0.0,0.0,0.0
2023-01-03 21:00:00+00:00,20260124_203512_bd217a76_StateSignal_XLE,0.0,0.0,1.0,1.0,0.0,0.0,0.0,-0.0
2023-01-04 21:00:00+00:00,20260124_203512_bd217a76_StateSignal_XLE,0.0,0.0,1.0,1.0,0.0,0.0,0.0,0.0
2023-01-05 21:00:00+00:00,20260124_203512_bd217a76_StateSignal_XLE,0.0,0.0,1.0,1.0,0.0,0.0,0.0,0.0
2023-01-06 21:00:00+00:00,20260124_203512_bd217a76_StateSignal_XLE,0.0,0.0,1.0,1.0,0.0,0.0,0.0,-0.0
2023-01-09 21:00:00+00:00,20260124_203512_bd217a76_StateSignal_XLE,0.0,0.0,1.0,1.0,0.0,0.0,0.0,-0.0
2023-01-10 21:00:00+00:00,20260124_203512_bd217a76_StateSignal_XLE,0.0,0.0,1.0,1.0,0.0,0.0,0.0,0.0
2023-01-11 21:00:00+00:00,20260124_203512_bd217a76_StateSignal_XLE,0.0,0.0,1.0,1.0,0.0,0.0,0.0,-0.0
2023-01-12 21:00:00+00:00,20260124_203512_bd217a76_StateSignal_XLE,0.0,0.0,1.0,1.0,0.0,0.0,0.0,0.0
2023-01-13 21:00:00+00:00,20260124_203512_bd217a76_StateSignal_XLE,0.0,0.0,1.0,1.0,0.0,0.0,0.0,0.0
2023-01-17 21:00:00+00:00,20260124_203512_bd217a76_StateSignal_XLE,0.0,0.0,1.0,1.0,0.0,0.0,0.0,-0.0
2023-01-18 21:00:00+00:00,20260124_203512_bd217a76_StateSignal_XLE,0.0,0.0,1.0,1.0,0.0,0.0,0.0,-0.0
2023-01-19 21:00:00+00:00,20260124_203512_bd217a76_StateSignal_XLE,0.0,0.0,1.0,1.0,0.0,0.0,0.0,0.0
2023-01-20 21:00:00+00:00,20260124_203512_bd217a76_StateSignal_XLE,0.0,0.0,1.0,1.0,0.0,0.0,0.0,0.0
2023-01-23 21:00:00+00:00,20260124_203512_bd217a76_StateSignal_XLE,0.0,0.0,1.0,1.0,0.0,0.0,0.0,-0.0
2023-01-24 21:00:00+00:00,20260124_203512_bd217a76_StateSignal_XLE,0.0,0.0,1.0,1.0,0.0,0.0,0.0,0.0
2023-01-25 21:00:00+00:00,20260124_203512_bd217a76_StateSignal_XLE,0.0,0.0,1.0,1.0,0.0,0.0,0.0,0.0
2023-01-26 21:00:00+00:00,20260124_203512_bd217a76_StateSignal_XLE,0.0,0.0,1.0,1.0,0.0,0.0,0.0,0.0
2023-01-27 21:00:00+00:00,20260124_203512_bd217a76_StateSignal_XLE,0.0,0.0,1.0,1.0,0.0,0.0,0.0,-0.0
2023-01-30 21:00:00+00:00,20260124_203512_bd217a76_StateSignal_XLE,0.0,0.0,1.0,1.0,0.0,0.0,0.0,-0.0
2023-01-31 21:00:00+00:00,20260124_203512_bd217a76_StateSignal_XLE,0.0,0.0,1.0,1.0,0.0,0.0,0.0,0.0
2023-02-01 21:00:00+00:00,20260124_203512_bd217a76_StateSignal_XLE,0.0,0.0,1.0,1.0,0.0,0.0,0.0,-0.0
2023-02-02 21:00:00+00:00,20260124_203512_bd217a76_StateSignal_XLE,0.0,0.0,1.0,1.0,0.0,0.0,0.0,-0.0
2023-02-03 21:00:00+00:00,20260124_203512_bd217a76_StateSignal_XLE,0.0,0.0,1.0,1.0,0.0,0.0,0.0,-0.0
2023-02-06 21:00:00+00:00,20260124_203512_bd217a76_StateSignal_XLE,0.0,0.0,1.0,1.0,0.0,0.0,0.0,-0.0
2023-02-07 21:00:00+00:00,20260124_203512_bd217a76_StateSignal_XLE,0.0,0.0,1.0,1.0,0.0,0.0,0.0,0.0
2023-02-08 21:00:00+00:00,20260124_203512_bd217a76_StateSignal_XLE,0.0,0.0,1.0,1.0,0.0,0.0,0.0,-0.0
2023-02-09 21:00:00+00:00,20260124_203512_bd217a76_StateSignal_XLE,0.0,0.0,1.0,1.0,0.0,0.0,0.0,-0.0
2023-02-10 21:00:00+00:00,20260124_203512_bd217a76_StateSignal_XLE,0.0,0.0,1.0,1.0,0.0,0.0,0.0,0.0
2023-02-13 21:00:00+00:00,20260124_203512_bd217a76_StateSignal_XLE,0.0,0.0,1.0,1.0,0.0,0.0,0.0,0.0
2023-02-14 21:00:00+00:00,20260124_203512_bd217a76_StateSignal_XLE,0.0,0.0,1.0,1.0,0.0,0.0,0.0,0.0
2023-02-15 21:00:00+00:00,20260124_203512_bd217a76_StateSignal_XLE,0.0,0.0,1.0,1.0,0.0,0.0,0.0,0.0
2023-02-16 21:00:00+00:00,20260124_203512_bd217a76_StateSignal_XLE,0.0,0.0,1.0,1.0,0.0,0.0,0.0,-0.0
2023-02-17 21:00:00+00:00,20260124_203512_bd217a76_StateSignal_XLE,0.0,0.0,1.0,1.0,0.0,0.0,0.0,-0.0
2023-02-21 21:00:00+00:00,20260124_203512_bd217a76_StateSignal_XLE,0.0,0.0,1.0,1.0,0.0,0.0,0.0,-0.0
2023-02-22 21:00:00+00:00,20260124_203512_bd217a76_StateSignal_XLE,0.0,0.0,1.0,1.0,0.0,0.0,0.0,-0.0
2023-02-23 21:00:00+00:00,20260124_203512_bd217a76_StateSignal_XLE,0.0,0.0,1.0,1.0,0.0,0.0,0.0,0.0
2023-02-24 21:00:00+00:00,20260124_203512_bd217a76_StateSignal_XLE,0.0,0.0,1.0,1.0,0.0,0.0,0.0,0.0
2023-02-27 21:00:00+00:00,20260124_203512_bd217a76_StateSignal_XLE,0.0,0.0,1.0,1.0,0.0,0.0,0.0,0.0
2023-02-28 21:00:00+00:00,20260124_203512_bd217a76_StateSignal_XLE,0.0,0.0,1.0,1.0,0.0,0.0,0.0,-0.0
2023-03-01 21:00:00+00:00,20260124_203512_bd217a76_StateSignal_XLE,0.0,0.0,1.0,1.0,0.0,0.0,0.0,0.0
2023-03-02 21:00:00+00:00,20260124_203512_bd217a76_StateSignal_XLE,0.0,0.0,1.0,1.0,0.0,0.0,0.0,0.0
2023-03-03 21:00:00+00:00,20260124_203512_bd217a76_StateSignal_XLE,0.0,0.0,1.0,1.0,0.0,0.0,0.0,0.0
2023-03-06 21:00:00+00:00,20260124_203512_bd217a76_StateSignal_XLE,0.0,0.0,1.0,1.0,0.0,0.0,0.0,0.0
2023-03-07 21:00:00+00:00,20260124_203512_bd217a76_StateSignal_XLE,0.0,0.0,1.0,1.0,0.0,0.0,0.0,-0.0
2023-03-08 21:00:00+00:00,20260124_203512_bd217a76_StateSignal_XLE,0.0,0.0,1.0,1.0,0.0,0.0,0.0,-0.0
2023-03-09 21:00:00+00:00,20260124_203512_bd217a76_StateSignal_XLE,0.0,0.0,1.0,1.0,0.0,0.0,0.0,-0.0
2023-03-10 21:00:00+00:00,20260124_203512_bd217a76_StateSignal_XLE,0.0,0.0,1.0,1.0,0.0,0.0,0.0,-0.0
2023-03-13 20:00:00+00:00,20260124_203512_bd217a76_StateSignal_XLE,0.0,0.0,1.0,1.0,0.0,0.0,0.0,0.0
2023-03-14 20:00:00+00:00,20260124_203512_bd217a76_StateSignal_XLE,0.0,0.0,1.0,1.0,0.0,0.0,0.0,-0.0
2023-03-15 20:00:00+00:00,20260124_203512_bd217a76_StateSignal_XLE,0.0,0.0,1.0,1.0,0.0,0.0,0.0,-0.0
2023-03-16 20:00:00+00:00,20260124_203512_bd217a76_StateSignal_XLE,0.0,0.0,1.0,1.0,0.0,0.0,0.0,0.0
2023-03-17 20:00:00+00:00,20260124_203512_bd217a76_StateSignal_XLE,0.0,0.0,1.0,1.0,0.0,0.0,0.0,-0.0
2023-03-20 20:00:00+00:00,20260124_203512_bd217a76_StateSignal_XLE,0.0,0.0,1.0,1.0,0.0,0.0,0.0,0.0
2023-03-21 20:00:00+00:00,20260124_203512_bd217a76_StateSignal_XLE,0.0,0.0,1.0,1.0,0.0,0.0,0.0,0.0
2023-03-22 20:00:00+00:00,20260124_203512_bd217a76_StateSignal_XLE,0.0,0.0,1.0,1.0,0.0,0.0,0.0,-0.0
2023-03-23 20:00:00+00:00,20260124_203512_bd217a76_StateSignal_XLE,0.0,0.0,1.0,1.0,0.0,0.0,0.0,-0.0
2023-03-24 20:00:00+00:00,20260124_203512_bd217a76_StateSignal_XLE,0.0,0.0,1.0,1.0,0.0,0.0,0.0,0.0
2023-03-27 20:00:00+00:00,20260124_203512_bd217a76_StateSignal_XLE,0.0,0.0,1.0,1.0,0.0,0.0,0.0,0.0
2023-03-28 20:00:00+00:00,20260124_203512_bd217a76_StateSignal_XLE,0.0,0.0,1.0,1.0,0.0,0.0,0.0,0.0
2023-03-29 20:00:00+00:00,20260124_203512_bd217a76_StateSignal_XLE,0.0,0.0,1.0,1.0,0.0,0.0,0.0,0.0
2023-03-30 20:00:00+00:00,20260124_203512_bd217a76_StateSignal_XLE,0.0,0.0,1.0,1.0,0.0,0.0,0.0,-0.0
2023-03-31 20:00:00+00:00,20260124_203512_bd217a76_StateSignal_XLE,0.0,0.0,1.0,1.0,0.0,0.0,0.0,0.0
2023-04-03 20:00:00+00:00,20260124_203512_bd217a76_StateSignal_XLE,0.0,0.0,1.0,1.0,0.0,0.0,0.0,-0.0
2023-04-04 20:00:00+00:00,20260124_203512_bd217a76_StateSignal_XLE,0.0,0.0,1.0,1.0,0.0,0.0,0.0,-0.0
2023-04-05 20:00:00+00:00,20260124_203512_bd217a76_StateSignal_XLE,0.0,0.0,1.0,1.0,0.0,0.0,0.0,0.0
2023-04-06 20:00:00+00:00,20260124_203512_bd217a76_StateSignal_XLE,0.0,0.0,1.0,1.0,0.0,0.0,0.0,-0.0
2023-04-10 20:00:00+00:00,20260124_203512_bd217a76_StateSignal_XLE,0.0,0.0,1.0,1.0,0.0,0.0,0.0,-0.0
2023-04-11 20:00:00+00:00,20260124_203512_bd217a76_StateSignal_XLE,0.0,0.0,1.0,1.0,0.0,0.0,0.0,0.0
2023-04-12 20:00:00+00:00,20260124_203512_bd217a76_StateSignal_XLE,0.0,0.0,1.0,1.0,0.0,0.0,0.0,-0.0
2023-04-13 20:00:00+00:00,20260124_203512_bd217a76_StateSignal_XLE,0.0,0.0,1.0,1.0,0.0,0.0,0.0,0.0
2023-04-14 20:00:00+00:00,20260124_203512_bd217a76_StateSignal_XLE,0.0,0.0,1.0,1.0,0.0,0.0,0.0,-0.0
2023-04-17 20:00:00+00:00,20260124_203512_bd217a76_StateSignal_XLE,0.0,0.0,1.0,1.0,0.0,0.0,0.0,-0.0
2023-04-18 20:00:00+00:00,20260124_203512_bd217a76_StateSignal_XLE,0.0,0.0,1.0,1.0,0.0,0.0,0.0,0.0
2023-04-19 20:00:00+00:00,20260124_203512_bd217a76_StateSignal_XLE,0.0,0.0,1.0,1.0,0.0,0.0,0.0,0.0
2023-04-20 20:00:00+00:00,20260124_203512_bd217a76_StateSignal_XLE,0.0,0.0,1.0,1.0,0.0,0.0,0.0,0.0
2023-04-21 20:00:00+00:00,20260124_203512_bd217a76_StateSignal_XLE,0.0,0.0,1.0,1.0,0.0,0.0,0.0,-0.0
2023-04-24 20:00:00+00:00,20260124_203512_bd217a76_StateSignal_XLE,0.0,0.0,1.0,1.0,0.0,0.0,0.0,0.0
2023-04-25 20:00:00+00:00,20260124_203512_bd217a76_StateSignal_XLE,0.0,0.0,1.0,1.0,0.0,0.0,0.0,-0.0
2023-04-26 20:00:00+00:00,20260124_203512_bd217a76_StateSignal_XLE,0.0,0.0,1.0,1.0,0.0,0.0,0.0,-0.0
2023-04-27 20:00:00+00:00,20260124_203512_bd217a76_StateSignal_XLE,0.0,0.0,1.0,1.0,0.0,0.0,0.0,0.0
2023-04-28 20:00:00+00:00,20260124_203512_bd217a76_StateSignal_XLE,0.0,0.0,1.0,1.0,0.0,0.0,0.0,0.0
2023-05-01 20:00:00+00:00,20260124_203512_bd217a76_StateSignal_XLE,0.0,0.0,1.0,1.0,0.0,0.0,0.0,-0.0
2023-05-02 20:00:00+00:00,20260124_203512_bd217a76_StateSignal_XLE,0.0,0.0,1.0,1.0,0.0,0.0,0.0,-0.0
2023-05-03 20:00:00+00:00,20260124_203512_bd217a76_StateSignal_XLE,0.0,0.0,1.0,1.0,0.0,0.0,0.0,-0.0
2023-05-04 20:00:00+00:00,20260124_203512_bd217a76_StateSignal_XLE,0.0,0.0,1.0,1.0,0.0,0.0,0.0,-0.0
2023-05-05 20:00:00+00:00,20260124_203512_bd217a76_StateSignal_XLE,0.0,0.0,1.0,1.0,0.0,0.0,0.0,-0.0
2023-05-08 20:00:00+00:00,20260124_203512_bd217a76_StateSignal_XLE,0.0,0.0,1.0,1.0,0.0,0.0,0.0,-0.0
2023-05-09 20:00:00+00:00,20260124_203512_bd217a76_StateSignal_XLE,0.0,0.0,1.0,1.0,0.0,0.0,0.0,-0.0
2023-05-10 20:00:00+00:00,20260124_203512_bd217a76_StateSignal_XLE,0.0,0.0,1.0,1.0,0.0,0.0,0.0,-0.0
2023-05-11 20:00:00+00:00,20260124_203512_bd217a76_StateSignal_XLE,0.0,0.0,1.0,1.0,0.0,0.0,0.0,-0.0
2023-05-12 20:00:00+00:00,20260124_203512_bd217a76_StateSignal_XLE,0.0,0.0,1.0,1.0,0.0,0.0,0.0,-0.0
2023-05-15 20:00:00+00:00,20260124_203512_bd217a76_StateSignal_XLE,0.0,0.0,1.0,1.0,0.0,0.0,0.0,0.0
2023-05-16 20:00:00+00:00,20260124_203512_bd217a76_StateSignal_XLE,0.0,0.0,1.0,1.0,0.0,0.0,0.0,-0.0
2023-05-17 20:00:00+00:00,20260124_203512_bd217a76_StateSignal_XLE,0.0,0.0,1.0,1.0,0.0,0.0,0.0,0.0
2023-05-18 20:00:00+00:00,20260124_203512_bd217a76_StateSignal_XLE,0.0,0.0,1.0,1.0,0.0,0.0,0.0,0.0
2023-05-19 20:00:00+00:00,20260124_203512_bd217a76_StateSignal_XLE,0.0,0.0,1.0,1.0,0.0,0.0,0.0,-0.0
2023-05-22 20:00:00+00:00,20260124_203512_bd217a76_StateSignal_XLE,0.0,0.0,1.0,1.0,0.0,0.0,0.0,-0.0
2023-05-23 20:00:00+00:00,20260124_203512_bd217a76_StateSignal_XLE,0.0,0.0,1.0,1.0,0.0,0.0,0.0,0.0
2023-05-24 20:00:00+00:00,20260124_203512_bd217a76_StateSignal_XLE,0.0,0.0,1.0,1.0,0.0,0.0,0.0,-0.0
2023-05-25 20:00:00+00:00,20260124_203512_bd217a76_StateSignal_XLE,0.0,0.0,1.0,1.0,0.0,0.0,0.0,0.0
2023-05-26 20:00:00+00:00,20260124_203512_bd217a76_StateSignal_XLE,0.0,0.0,1.0,1.0,0.0,0.0,0.0,-0.0
2023-05-30 20:00:00+00:00,20260124_203512_bd217a76_StateSignal_XLE,0.0,0.0,1.0,1.0,0.0,0.0,0.0,0.0
2023-05-31 20:00:00+00:00,20260124_203512_bd217a76_StateSignal_XLE,0.0,0.0,1.0,1.0,0.0,0.0,0.0,-0.0
2023-06-01 20:00:00+00:00,20260124_203512_bd217a76_StateSignal_XLE,0.0,0.0,1.0,1.0,0.0,0.0,0.0,0.0
2023-06-02 20:00:00+00:00,20260124_203512_bd217a76_StateSignal_XLE,0.0,0.0,1.0,1.0,0.0,0.0,0.0,0.0
2023-06-05 20:00:00+00:00,20260124_203512_bd217a76_StateSignal_XLE,0.0,0.0,1.0,1.0,0.0,0.0,0.0,-0.0
2023-06-06 20:00:00+00:00,20260124_203512_bd217a76_StateSignal_XLE,0.0,0.0,1.0,1.0,0.0,0.0,0.0,0.0
2023-06-07 20:00:00+00:00,20260124_203512_bd217a76_StateSignal_XLE,0.0,0.0,1.0,1.0,0.0,0.0,0.0,0.0
2023-06-08 20:00:00+00:00,20260124_203512_bd217a76_StateSignal_XLE,0.0,0.0,1.0,1.0,0.0,0.0,0.0,-0.0
2023-06-09 20:00:00+00:00,20260124_203512_bd217a76_StateSignal_XLE,0.0,0.0,1.0,1.0,0.0,0.0,0.0,-0.0
2023-06-12 20:00:00+00:00,20260124_203512_bd217a76_StateSignal_XLE,0.0,0.0,1.0,1.0,0.0,0.0,0.0,-0.0
2023-06-13 20:00:00+00:00,20260124_203512_bd217a76_StateSignal_XLE,0.0,0.0,1.0,1.0,0.0,0.0,0.0,-0.0
2023-06-14 20:00:00+00:00,20260124_203512_bd217a76_StateSignal_XLE,0.0,0.0,1.0,1.0,0.0,0.0,0.0,-0.0
2023-06-15 20:00:00+00:00,20260124_203512_bd217a76_StateSignal_XLE,0.0,0.0,1.0,1.0,0.0,0.0,0.0,-0.0
2023-06-16 20:00:00+00:00,20260124_203512_bd217a76_StateSignal_XLE,0.0,0.0,1.0,1.0,0.0,0.0,0.0,-0.0
2023-06-20 20:00:00+00:00,20260124_203512_bd217a76_StateSignal_XLE,0.0,0.0,1.0,1.0,0.0,0.0,0.0,-0.0
2023-06-21 20:00:00+00:00,20260124_203512_bd217a76_StateSignal_XLE,0.0,0.0,1.0,1.0,0.0,0.0,0.0,0.0
2023-06-22 20:00:00+00:00,20260124_203512_bd217a76_StateSignal_XLE,0.0,0.0,1.0,1.0,0.0,0.0,0.0,0.0
2023-06-23 20:00:00+00:00,20260124_203512_bd217a76_StateSignal_XLE,0.0,0.0,1.0,1.0,0.0,0.0,0.0,0.0
2023-06-26 20:00:00+00:00,20260124_203512_bd217a76_StateSignal_XLE,0.0,0.0,1.0,1.0,0.0,0.0,0.0,0.0
2023-06-27 20:00:00+00:00,20260124_203512_bd217a76_StateSignal_XLE,0.0,0.0,1.0,1.0,0.0,0.0,0.0,0.0
2023-06-28 20:00:00+00:00,20260124_203512_bd217a76_StateSignal_XLE,0.0,0.0,1.0,1.0,0.0,0.0,0.0,0.0
2023-06-29 20:00:00+00:00,20260124_203512_bd217a76_StateSignal_XLE,0.0,0.0,1.0,1.0,0.0,0.0,0.0,0.0
2023-06-30 20:00:00+00:00,20260124_203512_bd217a76_StateSignal_XLE,0.0,0.0,1.0,1.0,0.0,0.0,0.0,0.0
2023-07-03 20:00:00+00:00,20260124_203512_bd217a76_StateSignal_XLE,0.0,0.0,1.0,1.0,0.0,0.0,0.0,-0.0
2023-07-05 20:00:00+00:00,20260124_203512_bd217a76_StateSignal_XLE,0.0,0.0,1.0,1.0,0.0,0.0,0.0,-0.0
2023-07-06 20:00:00+00:00,20260124_203512_bd217a76_StateSignal_XLE,0.0,0.0,1.0,1.0,0.0,0.0,0.0,-0.0
2023-07-07 20:00:00+00:00,20260124_203512_bd217a76_StateSignal_XLE,0.0,0.0,1.0,1.0,0.0,0.0,0.0,0.0
2023-07-10 20:00:00+00:00,20260124_203512_bd217a76_StateSignal_XLE,0.0,0.0,1.0,1.0,0.0,0.0,0.0,0.0
2023-07-11 20:00:00+00:00,20260124_203512_bd217a76_StateSignal_XLE,0.0,0.0,1.0,1.0,0.0,0.0,0.0,0.0
2023-07-12 20:00:00+00:00,20260124_203512_bd217a76_StateSignal_XLE,0.0,0.0,1.0,1.0,0.0,0.0,0.0,-0.0
2023-07-13 20:00:00+00:00,20260124_203512_bd217a76_StateSignal_XLE,0.0,0.0,1.0,1.0,0.0,0.0,0.0,-0.0
2023-07-14 20:00:00+00:00,20260124_203512_bd217a76_StateSignal_XLE,0.0,0.0,1.0,1.0,0.0,0.0,0.0,-0.0
2023-07-17 20:00:00+00:00,20260124_203512_bd217a76_StateSignal_XLE,0.0,0.0,1.0,1.0,0.0,0.0,0.0,0.0
2023-07-18 20:00:00+00:00,20260124_203512_bd217a76_StateSignal_XLE,0.0,0.0,1.0,1.0,0.0,0.0,0.0,0.0
2023-07-19 20:00:00+00:00,20260124_203512_bd217a76_StateSignal_XLE,0.0,0.0,1.0,1.0,0.0,0.0,0.0,-0.0
2023-07-20 20:00:00+00:00,20260124_203512_bd217a76_StateSignal_XLE,0.0,0.0,1.0,1.0,0.0,0.0,0.0,0.0
2023-07-21 20:00:00+00:00,20260124_203512_bd217a76_StateSignal_XLE,0.0,0.0,1.0,1.0,0.0,0.0,0.0,0.0
2023-07-24 20:00:00+00:00,20260124_203512_bd217a76_StateSignal_XLE,0.0,0.0,1.0,1.0,0.0,0.0,0.0,0.0
2023-07-25 20:00:00+00:00,20260124_203512_bd217a76_StateSignal_XLE,0.0,0.0,1.0,1.0,0.0,0.0,0.0,0.0
2023-07-26 20:00:00+00:00,20260124_203512_bd217a76_StateSignal_XLE,0.0,0.0,1.0,1.0,0.0,0.0,0.0,0.0
2023-07-27 20:00:00+00:00,20260124_203512_bd217a76_StateSignal_XLE,0.0,0.0,1.0,1.0,0.0,0.0,0.0,-0.0
2023-07-28 20:00:00+00:00,20260124_203512_bd217a76_StateSignal_XLE,0.0,0.0,1.0,1.0,0.0,0.0,0.0,0.0
2023-07-31 20:00:00+00:00,20260124_203512_bd217a76_StateSignal_XLE,0.0,0.0,1.0,1.0,0.0,0.0,0.0,0.0
2023-08-01 20:00:00+00:00,20260124_203512_bd217a76_StateSignal_XLE,0.0,0.0,1.0,1.0,0.0,0.0,0.0,0.0
2023-08-02 20:00:00+00:00,20260124_203512_bd217a76_StateSignal_XLE,0.0,0.0,1.0,1.0,0.0,0.0,0.0,-0.0
2023-08-03 20:00:00+00:00,20260124_203512_bd217a76_StateSignal_XLE,0.0,0.0,1.0,1.0,0.0,0.0,0.0,0.0
2023-08-04 20:00:00+00:00,20260124_203512_bd217a76_StateSignal_XLE,0.0,0.0,1.0,1.0,0.0,0.0,0.0,-0.0
2023-08-07 20:00:00+00:00,20260124_203512_bd217a76_StateSignal_XLE,0.0,0.0,1.0,1.0,0.0,0.0,0.0,-0.0
2023-08-08 20:00:00+00:00,20260124_203512_bd217a76_StateSignal_XLE,0.0,0.0,1.0,1.0,0.0,0.0,0.0,0.0
2023-08-09 20:00:00+00:00,20260124_203512_bd217a76_StateSignal_XLE,0.0,0.0,1.0,1.0,0.0,0.0,0.0,0.0
2023-08-10 20:00:00+00:00,20260124_203512_bd217a76_StateSignal_XLE,0.0,0.0,1.0,1.0,0.0,0.0,0.0,-0.0
2023-08-11 20:00:00+00:00,20260124_203512_bd217a76_StateSignal_XLE,0.0,0.0,1.0,1.0,0.0,0.0,0.0,0.0
2023-08-14 20:00:00+00:00,20260124_203512_bd217a76_StateSignal_XLE,0.0,0.0,1.0,1.0,0.0,0.0,0.0,0.0
2023-08-15 20:00:00+00:00,20260124_203512_bd217a76_StateSignal_XLE,0.0,0.0,1.0,1.0,0.0,0.0,0.0,-0.0
2023-08-16 20:00:00+00:00,20260124_203512_bd217a76_StateSignal_XLE,0.0,0.0,1.0,1.0,0.0,0.0,0.0,-0.0
2023-08-17 20:00:00+00:00,20260124_203512_bd217a76_StateSignal_XLE,0.0,0.0,1.0,1.0,0.0,0.0,0.0,-0.0
2023-08-18 20:00:00+00:00,20260124_203512_bd217a76_StateSignal_XLE,0.0,0.0,1.0,1.0,0.0,0.0,0.0,0.0
2023-08-21 20:00:00+00:00,20260124_203512_bd217a76_StateSignal_XLE,0.0,0.0,1.0,1.0,0.0,0.0,0.0,-0.0
2023-08-22 20:00:00+00:00,20260124_203512_bd217a76_StateSignal_XLE,0.0,0.0,1.0,1.0,0.0,0.0,0.0,-0.0
2023-08-23 20:00:00+00:00,20260124_203512_bd217a76_StateSignal_XLE,0.0,0.0,1.0,1.0,0.0,0.0,0.0,-0.0
2023-08-24 20:00:00+00:00,20260124_203512_bd217a76_StateSignal_XLE,0.0,0.0,1.0,1.0,0.0,0.0,0.0,0.0
2023-08-25 20:00:00+00:00,20260124_203512_bd217a76_StateSignal_XLE,0.0,0.0,1.0,1.0,0.0,0.0,0.0,0.0
2023-08-28 20:00:00+00:00,20260124_203512_bd217a76_StateSignal_XLE,0.0,0.0,1.0,1.0,0.0,0.0,0.0,0.0
2023-08-29 20:00:00+00:00,20260124_203512_bd217a76_StateSignal_XLE,0.0,0.0,1.0,1.0,0.0,0.0,0.0,0.0
2023-08-30 20:00:00+00:00,20260124_203512_bd217a76_StateSignal_XLE,0.0,0.0,1.0,1.0,0.0,0.0,0.0,0.0
2023-08-31 20:00:00+00:00,20260124_203512_bd217a76_StateSignal_XLE,0.0,0.0,1.0,1.0,0.0,0.0,0.0,0.0
2023-09-01 20:00:00+00:00,20260124_203512_bd217a76_StateSignal_XLE,0.0,0.0,1.0,1.0,0.0,0.0,0.0,0.0
2023-09-05 20:00:00+00:00,20260124_203512_bd217a76_StateSignal_XLE,0.0,0.0,1.0,1.0,0.0,0.0,0.0,0.0
2023-09-06 20:00:00+00:00,20260124_203512_bd217a76_StateSignal_XLE,0.0,0.0,1.0,1.0,0.0,0.0,0.0,-0.0
2023-09-07 20:00:00+00:00,20260124_203512_bd217a76_StateSignal_XLE,0.0,0.0,1.0,1.0,0.0,0.0,0.0,-0.0
2023-09-08 20:00:00+00:00,20260124_203512_bd217a76_StateSignal_XLE,0.0,0.0,1.0,1.0,0.0,0.0,0.0,0.0
2023-09-11 20:00:00+00:00,20260124_203512_bd217a76_StateSignal_XLE,0.0,0.0,1.0,1.0,0.0,0.0,0.0,-0.0
2023-09-12 20:00:00+00:00,20260124_203512_bd217a76_StateSignal_XLE,0.0,0.0,1.0,1.0,0.0,0.0,0.0,0.0
2023-09-13 20:00:00+00:00,20260124_203512_bd217a76_StateSignal_XLE,0.0,0.0,1.0,1.0,0.0,0.0,0.0,-0.0
2023-09-14 20:00:00+00:00,20260124_203512_bd217a76_StateSignal_XLE,0.0,0.0,1.0,1.0,0.0,0.0,0.0,0.0
2023-09-15 20:00:00+00:00,20260124_203512_bd217a76_StateSignal_XLE,0.0,0.0,1.0,1.0,0.0,0.0,0.0,-0.0
2023-09-18 20:00:00+00:00,20260124_203512_bd217a76_StateSignal_XLE,0.0,0.0,1.0,1.0,0.0,0.0,0.0,0.0
2023-09-19 20:00:00+00:00,20260124_203512_bd217a76_StateSignal_XLE,0.0,0.0,1.0,1.0,0.0,0.0,0.0,-0.0
2023-09-20 20:00:00+00:00,20260124_203512_bd217a76_StateSignal_XLE,0.0,0.0,1.0,1.0,0.0,0.0,0.0,-0.0
2023-09-21 20:00:00+00:00,20260124_203512_bd217a76_StateSignal_XLE,0.0,0.0,1.0,1.0,0.0,0.0,0.0,-0.0
2023-09-22 20:00:00+00:00,20260124_203512_bd217a76_StateSignal_XLE,0.0,0.0,1.0,1.0,0.0,0.0,0.0,0.0
2023-09-25 20:00:00+00:00,20260124_203512_bd217a76_StateSignal_XLE,0.0,0.0,1.0,1.0,0.0,0.0,0.0,0.0
2023-09-26 20:00:00+00:00,20260124_203512_bd217a76_StateSignal_XLE,0.0,0.0,1.0,1.0,0.0,0.0,0.0,-0.0
2023-09-27 20:00:00+00:00,20260124_203512_bd217a76_StateSignal_XLE,0.0,0.0,1.0,1.0,0.0,0.0,0.0,0.0
2023-09-28 20:00:00+00:00,20260124_203512_bd217a76_StateSignal_XLE,0.0,0.0,1.0,1.0,0.0,0.0,0.0,0.0
2023-09-29 20:00:00+00:00,20260124_203512_bd217a76_StateSignal_XLE,0.0,0.0,1.0,1.0,0.0,0.0,0.0,-0.0
2023-10-02 20:00:00+00:00,20260124_203512_bd217a76_StateSignal_XLE,0.0,0.0,1.0,1.0,0.0,0.0,0.0,-0.0
2023-10-03 20:00:00+00:00,20260124_203512_bd217a76_StateSignal_XLE,0.0,0.0,1.0,1.0,0.0,0.0,0.0,-0.0
2023-10-04 20:00:00+00:00,20260124_203512_bd217a76_StateSignal_XLE,0.0,0.0,1.0,1.0,0.0,0.0,0.0,-0.0
2023-10-05 20:00:00+00:00,20260124_203512_bd217a76_StateSignal_XLE,0.0,0.0,1.0,1.0,0.0,0.0,0.0,0.0
2023-10-06 20:00:00+00:00,20260124_203512_bd217a76_StateSignal_XLE,0.0,0.0,1.0,1.0,0.0,0.0,0.0,0.0
2023-10-09 20:00:00+00:00,20260124_203512_bd217a76_StateSignal_XLE,0.0,0.0,1.0,1.0,0.0,0.0,0.0,0.0
2023-10-10 20:00:00+00:00,20260124_203512_bd217a76_StateSignal_XLE,0.0,0.0,1.0,1.0,0.0,0.0,0.0,0.0
2023-10-11 20:00:00+00:00,20260124_203512_bd217a76_StateSignal_XLE,0.0,0.0,1.0,1.0,0.0,0.0,0.0,0.0
2023-10-12 20:00:00+00:00,20260124_203512_bd217a76_StateSignal_XLE,0.0,0.0,1.0,1.0,0.0,0.0,0.0,-0.0
2023-10-13 20:00:00+00:00,20260124_203512_bd217a76_StateSignal_XLE,0.0,0.0,1.0,1.0,0.0,0.0,0.0,0.0
2023-10-16 20:00:00+00:00,20260124_203512_bd217a76_StateSignal_XLE,0.0,0.0,1.0,1.0,0.0,0.0,0.0,0.0
2023-10-17 20:00:00+00:00,20260124_203512_bd217a76_StateSignal_XLE,0.0,0.0,1.0,1.0,0.0,0.0,0.0,0.0
2023-10-18 20:00:00+00:00,20260124_203512_bd217a76_StateSignal_XLE,0.0,0.0,1.0,1.0,0.0,0.0,0.0,-0.0
2023-10-19 20:00:00+00:00,20260124_203512_bd217a76_StateSignal_XLE,0.0,0.0,1.0,1.0,0.0,0.0,0.0,-0.0
2023-10-20 20:00:00+00:00,20260124_203512_bd217a76_StateSignal_XLE,0.0,0.0,1.0,1.0,0.0,0.0,0.0,-0.0
2023-10-23 20:00:00+00:00,20260124_203512_bd217a76_StateSignal_XLE,0.0,0.0,1.0,1.0,0.0,0.0,0.0,-0.0
2023-10-24 20:00:00+00:00,20260124_203512_bd217a76_StateSignal_XLE,0.0,0.0,1.0,1.0,0.0,0.0,0.0,-0.0
2023-10-25 20:00:00+00:00,20260124_203512_bd217a76_StateSignal_XLE,0.0,0.0,1.0,1.0,0.0,0.0,0.0,-0.0
2023-10-26 20:00:00+00:00,20260124_203512_bd217a76_StateSignal_XLE,0.0,0.0,1.0,1.0,0.0,0.0,0.0,0.0
2023-10-27 20:00:00+00:00,20260124_203512_bd217a76_StateSignal_XLE,0.0,0.0,1.0,1.0,0.0,0.0,0.0,-0.0
2023-10-30 20:00:00+00:00,20260124_203512_bd217a76_StateSignal_XLE,0.0,0.0,1.0,1.0,0.0,0.0,0.0,-0.0
2023-10-31 20:00:00+00:00,20260124_203512_bd217a76_StateSignal_XLE,0.0,0.0,1.0,1.0,0.0,0.0,0.0,0.0
2023-11-01 20:00:00+00:00,20260124_203512_bd217a76_StateSignal_XLE,0.0,0.0,1.0,1.0,0.0,0.0,0.0,-0.0
2023-11-02 20:00:00+00:00,20260124_203512_bd217a76_StateSignal_XLE,0.0,0.0,1.0,1.0,0.0,0.0,0.0,0.0
2023-11-03 20:00:00+00:00,20260124_203512_bd217a76_StateSignal_XLE,0.0,0.0,1.0,1.0,0.0,0.0,0.0,-0.0
2023-11-06 21:00:00+00:00,20260124_203512_bd217a76_StateSignal_XLE,0.0,0.0,1.0,1.0,0.0,0.0,0.0,-0.0
2023-11-07 21:00:00+00:00,20260124_203512_bd217a76_StateSignal_XLE,0.0,0.0,1.0,1.0,0.0,0.0,0.0,0.0
2023-11-08 21:00:00+00:00,20260124_203512_bd217a76_StateSignal_XLE,0.0,0.0,1.0,1.0,0.0,0.0,0.0,-0.0
2023-11-09 21:00:00+00:00,20260124_203512_bd217a76_StateSignal_XLE,0.0,0.0,1.0,1.0,0.0,0.0,0.0,-0.0
2023-11-10 21:00:00+00:00,20260124_203512_bd217a76_StateSignal_XLE,0.0,0.0,1.0,1.0,0.0,0.0,0.0,0.0
2023-11-13 21:00:00+00:00,20260124_203512_bd217a76_StateSignal_XLE,0.0,0.0,1.0,1.0,0.0,0.0,0.0,0.0
2023-11-14 21:00:00+00:00,20260124_203512_bd217a76_StateSignal_XLE,0.0,0.0,1.0,1.0,0.0,0.0,0.0,0.0
2023-11-15 21:00:00+00:00,20260124_203512_bd217a76_StateSignal_XLE,0.0,0.0,1.0,1.0,0.0,0.0,0.0,-0.0
2023-11-16 21:00:00+00:00,20260124_203512_bd217a76_StateSignal_XLE,0.0,0.0,1.0,1.0,0.0,0.0,0.0,-0.0
2023-11-17 21:00:00+00:00,20260124_203512_bd217a76_StateSignal_XLE,0.0,0.0,1.0,1.0,0.0,0.0,0.0,0.0
2023-11-20 21:00:00+00:00,20260124_203512_bd217a76_StateSignal_XLE,0.0,0.0,1.0,1.0,0.0,0.0,0.0,-0.0
2023-11-21 21:00:00+00:00,20260124_203512_bd217a76_StateSignal_XLE,0.0,0.0,1.0,1.0,0.0,0.0,0.0,0.0
2023-11-22 21:00:00+00:00,20260124_203512_bd217a76_StateSignal_XLE,0.0,0.0,1.0,1.0,0.0,0.0,0.0,0.0
2023-11-24 21:00:00+00:00,20260124_203512_bd217a76_StateSignal_XLE,0.0,0.0,1.0,1.0,0.0,0.0,0.0,-0.0
2023-11-27 21:00:00+00:00,20260124_203512_bd217a76_StateSignal_XLE,0.0,0.0,1.0,1.0,0.0,0.0,0.0,0.0
2023-11-28 21:00:00+00:00,20260124_203512_bd217a76_StateSignal_XLE,0.0,0.0,1.0,1.0,0.0,0.0,0.0,-0.0
2023-11-29 21:00:00+00:00,20260124_203512_bd217a76_StateSignal_XLE,0.0,0.0,1.0,1.0,0.0,0.0,0.0,-0.0
2023-11-30 21:00:00+00:00,20260124_203512_bd217a76_StateSignal_XLE,0.0,0.0,1.0,1.0,0.0,0.0,0.0,0.0
2023-12-01 21:00:00+00:00,20260124_203512_bd217a76_StateSignal_XLE,0.0,0.0,1.0,1.0,0.0,0.0,0.0,0.0
2023-12-04 21:00:00+00:00,20260124_203512_bd217a76_StateSignal_XLE,0.0,0.0,1.0,1.0,0.0,0.0,0.0,-0.0
2023-12-05 21:00:00+00:00,20260124_203512_bd217a76_StateSignal_XLE,0.0,0.0,1.0,1.0,0.0,0.0,0.0,-0.0
2023-12-06 21:00:00+00:00,20260124_203512_bd217a76_StateSignal_XLE,0.0,0.0,1.0,1.0,0.0,0.0,0.0,-0.0
2023-12-07 21:00:00+00:00,20260124_203512_bd217a76_StateSignal_XLE,0.0,0.0,1.0,1.0,0.0,0.0,0.0,-0.0
2023-12-08 21:00:00+00:00,20260124_203512_bd217a76_StateSignal_XLE,0.0,0.0,1.0,1.0,0.0,0.0,0.0,0.0
2023-12-11 21:00:00+00:00,20260124_203512_bd217a76_StateSignal_XLE,0.0,0.0,1.0,1.0,0.0,0.0,0.0,0.0
2023-12-12 21:00:00+00:00,20260124_203512_bd217a76_StateSignal_XLE,0.0,0.0,1.0,1.0,0.0,0.0,0.0,0.0
2023-12-13 21:00:00+00:00,20260124_203512_bd217a76_StateSignal_XLE,0.0,0.0,1.0,1.0,0.0,0.0,0.0,0.0
2023-12-14 21:00:00+00:00,20260124_203512_bd217a76_StateSignal_XLE,0.0,0.0,1.0,1.0,0.0,0.0,0.0,0.0
2023-12-15 21:00:00+00:00,20260124_203512_bd217a76_StateSignal_XLE,0.0,0.0,1.0,1.0,0.0,0.0,0.0,0.0
2023-12-18 21:00:00+00:00,20260124_203512_bd217a76_StateSignal_XLE,0.0,0.0,1.0,1.0,0.0,0.0,0.0,-0.0
2023-12-19 21:00:00+00:00,20260124_203512_bd217a76_StateSignal_XLE,0.0,0.0,1.0,1.0,0.0,0.0,0.0,0.0
2023-12-20 21:00:00+00:00,20260124_203512_bd217a76_StateSignal_XLE,0.0,0.0,1.0,1.0,0.0,0.0,0.0,-0.0
2023-12-21 21:00:00+00:00,20260124_203512_bd217a76_StateSignal_XLE,0.0,0.0,1.0,1.0,0.0,0.0,0.0,0.0
2023-12-22 21:00:00+00:00,20260124_203512_bd217a76_StateSignal_XLE,0.0,0.0,1.0,1.0,0.0,0.0,0.0,-0.0
2023-12-26 21:00:00+00:00,20260124_203512_bd217a76_StateSignal_XLE,0.0,0.0,1.0,1.0,0.0,0.0,0.0,0.0
2023-12-27 21:00:00+00:00,20260124_203512_bd217a76_StateSignal_XLE,0.0,0.0,1.0,1.0,0.0,0.0,0.0,-0.0
2023-12-28 21:00:00+00:00,20260124_203512_bd217a76_StateSignal_XLE,0.0,0.0,1.0,1.0,0.0,0.0,0.0,-0.0
2023-12-29 21:00:00+00:00,20260124_203512_bd217a76_StateSignal_XLE,0.0,0.0,1.0,1.0,0.0,0.0,0.0,-0.0
2024-01-02 21:00:00+00:00,20260124_203512_bd217a76_StateSignal_XLE,0.0,0.0,1.0,1.0,0.0,0.0,0.0,0.0
2024-01-03 21:00:00+00:00,20260124_203512_bd217a76_StateSignal_XLE,0.0,0.0,1.0,1.0,0.0,0.0,0.0,0.0
2024-01-04 21:00:00+00:00,20260124_203512_bd217a76_StateSignal_XLE,0.0,0.0,1.0,1.0,0.0,0.0,0.0,-0.0
2024-01-05 21:00:00+00:00,20260124_203512_bd217a76_StateSignal_XLE,0.0,0.0,1.0,1.0,0.0,0.0,0.0,-0.0
2024-01-08 21:00:00+00:00,20260124_203512_bd217a76_StateSignal_XLE,0.0,0.0,1.0,1.0,0.0,0.0,0.0,0.0
2024-01-09 21:00:00+00:00,20260124_203512_bd217a76_StateSignal_XLE,0.0,0.0,1.0,1.0,0.0,0.0,0.0,-0.0
2024-01-10 21:00:00+00:00,20260124_203512_bd217a76_StateSignal_XLE,0.0,0.0,1.0,1.0,0.0,0.0,0.0,-0.0
2024-01-11 21:00:00+00:00,20260124_203512_bd217a76_StateSignal_XLE,0.0,0.0,1.0,1.0,0.0,0.0,0.0,-0.0
2024-01-12 21:00:00+00:00,20260124_203512_bd217a76_StateSignal_XLE,0.0,0.0,1.0,1.0,0.0,0.0,0.0,-0.0
2024-01-16 21:00:00+00:00,20260124_203512_bd217a76_StateSignal_XLE,0.0,0.0,1.0,1.0,0.0,0.0,0.0,-0.0
2024-01-17 21:00:00+00:00,20260124_203512_bd217a76_StateSignal_XLE,0.0,0.0,1.0,1.0,0.0,0.0,0.0,-0.0
2024-01-18 21:00:00+00:00,20260124_203512_bd217a76_StateSignal_XLE,0.0,0.0,1.0,1.0,0.0,0.0,0.0,0.0
2024-01-19 21:00:00+00:00,20260124_203512_bd217a76_StateSignal_XLE,0.0,0.0,1.0,1.0,0.0,0.0,0.0,0.0
2024-01-22 21:00:00+00:00,20260124_203512_bd217a76_StateSignal_XLE,0.0,0.0,1.0,1.0,0.0,0.0,0.0,0.0
2024-01-23 21:00:00+00:00,20260124_203512_bd217a76_StateSignal_XLE,0.0,0.0,1.0,1.0,0.0,0.0,0.0,-0.0
2024-01-24 21:00:00+00:00,20260124_203512_bd217a76_StateSignal_XLE,0.0,0.0,1.0,1.0,0.0,0.0,0.0,0.0
2024-01-25 21:00:00+00:00,20260124_203512_bd217a76_StateSignal_XLE,0.0,0.0,1.0,1.0,0.0,0.0,0.0,0.0
2024-01-26 21:00:00+00:00,20260124_203512_bd217a76_StateSignal_XLE,0.0,0.0,1.0,1.0,0.0,0.0,0.0,0.0
2024-01-29 21:00:00+00:00,20260124_203512_bd217a76_StateSignal_XLE,0.0,0.0,1.0,1.0,0.0,0.0,0.0,0.0
2024-01-30 21:00:00+00:00,20260124_203512_bd217a76_StateSignal_XLE,0.0,0.0,1.0,1.0,0.0,0.0,0.0,0.0
2024-01-31 21:00:00+00:00,20260124_203512_bd217a76_StateSignal_XLE,0.0,0.0,1.0,1.0,0.0,0.0,0.0,-0.0
2024-02-01 21:00:00+00:00,20260124_203512_bd217a76_StateSignal_XLE,0.0,0.0,1.0,1.0,0.0,0.0,0.0,0.0
2024-02-02 21:00:00+00:00,20260124_203512_bd217a76_StateSignal_XLE,0.001278936099637078,0.001278936099637078,1.001278936099637,1.001278936099637,0.0,0.0,1.0,0.001278936099637078
2024-02-05 21:00:00+00:00,20260124_203512_bd217a76_StateSignal_XLE,-0.0025595099716510823,-0.0025595099716510823,0.9987161526782858,0.9987161526782858,0.0,0.0,1.0,-0.0025595099716510823
2024-02-06 21:00:00+00:00,20260124_203512_bd217a76_StateSignal_XLE,0.0005107252409279642,0.0005107252409279642,0.9992262222259811,0.9992262222259811,0.0,0.0,1.0,0.0005107252409279642
2024-02-07 21:00:00+00:00,20260124_203512_bd217a76_StateSignal_XLE,-0.0007644286268536752,-0.0007644286268536752,0.9984623850970087,0.9984623850970087,0.0,0.0,1.0,-0.0007644286268536752
2024-02-08 21:00:00+00:00,20260124_203512_bd217a76_StateSignal_XLE,0.0,0.0,0.9984623850970087,0.9984623850970087,0.0,0.0,0.0,0.0
2024-02-09 21:00:00+00:00,20260124_203512_bd217a76_StateSignal_XLE,0.0,0.0,0.9984623850970087,0.9984623850970087,0.0,0.0,0.0,-0.0
2024-02-12 21:00:00+00:00,20260124_203512_bd217a76_StateSignal_XLE,0.0,0.0,0.9984623850970087,0.9984623850970087,0.0,0.0,0.0,0.0
2024-02-13 21:00:00+00:00,20260124_203512_bd217a76_StateSignal_XLE,-0.005612259628905571,-0.005612259628905571,0.992858754962148,0.992858754962148,0.0,0.0,1.0,-0.005612259628905571
2024-02-14 21:00:00+00:00,20260124_203512_bd217a76_StateSignal_XLE,0.0,0.0,0.992858754962148,0.992858754962148,0.0,0.0,0.0,-0.0
2024-02-15 21:00:00+00:00,20260124_203512_bd217a76_StateSignal_XLE,0.016342287020640136,0.016342287020640136,1.009084337706695,1.009084337706695,0.0,0.0,1.0,0.016342287020640136
2024-02-16 21:00:00+00:00,20260124_203512_bd217a76_StateSignal_XLE,-0.00024940765810794877,-0.00024940765810794877,1.0088326643451941,1.0088326643451941,0.0,0.0,1.0,-0.00024940765810794877
2024-02-20 21:00:00+00:00,20260124_203512_bd217a76_StateSignal_XLE,0.0,0.0,1.0088326643451941,1.0088326643451941,0.0,0.0,0.0,-0.0
2024-02-21 21:00:00+00:00,20260124_203512_bd217a76_StateSignal_XLE,0.0,0.0,1.0088326643451941,1.0088326643451941,0.0,0.0,0.0,0.0
2024-02-22 21:00:00+00:00,20260124_203512_bd217a76_StateSignal_XLE,0.0012350254749993524,0.0012350254749993524,1.010078598385672,1.010078598385672,0.0,0.0,1.0,0.0012350254749993524
2024-02-23 21:00:00+00:00,20260124_203512_bd217a76_StateSignal_XLE,0.008226395638077783,0.008226395638077783,1.0183879045615474,1.0183879045615474,0.0,0.0,1.0,0.008226395638077783
2024-02-26 21:00:00+00:00,20260124_203512_bd217a76_StateSignal_XLE,0.002477701961307505,0.002477701961307505,1.0209111662700514,1.0209111662700514,0.0,0.0,1.0,0.002477701961307505
2024-02-27 21:00:00+00:00,20260124_203512_bd217a76_StateSignal_XLE,0.0,0.0,1.0209111662700514,1.0209111662700514,0.0,0.0,0.0,-0.0
2024-02-28 21:00:00+00:00,20260124_203512_bd217a76_StateSignal_XLE,-0.007689483504300817,-0.007689483504300817,1.0130608866976614,1.0130608866976614,0.0,0.0,1.0,-0.007689483504300817
2024-02-29 21:00:00+00:00,20260124_203512_bd217a76_StateSignal_XLE,0.0,0.0,1.0130608866976614,1.0130608866976614,0.0,0.0,0.0,-0.0
2024-03-01 21:00:00+00:00,20260124_203512_bd217a76_StateSignal_XLE,0.0,0.0,1.0130608866976614,1.0130608866976614,0.0,0.0,0.0,0.0
2024-03-04 21:00:00+00:00,20260124_203512_bd217a76_StateSignal_XLE,0.0,0.0,1.0130608866976614,1.0130608866976614,0.0,0.0,0.0,-0.0
2024-03-05 21:00:00+00:00,20260124_203512_bd217a76_StateSignal_XLE,0.0,0.0,1.0130608866976614,1.0130608866976614,0.0,0.0,0.0,0.0
2024-03-06 21:00:00+00:00,20260124_203512_bd217a76_StateSignal_XLE,-0.0009794320077768928,-0.0009794320077768928,1.0120686624394029,1.0120686624394029,0.0,0.0,1.0,-0.0009794320077768928
2024-03-07 21:00:00+00:00,20260124_203512_bd217a76_StateSignal_XLE,0.0,0.0,1.0120686624394029,1.0120686624394029,0.0,0.0,0.0,-0.0
2024-03-08 21:00:00+00:00,20260124_203512_bd217a76_StateSignal_XLE,0.004123717183862068,0.004123717183862068,1.0162421473739527,1.0162421473739527,0.0,0.0,1.0,0.004123717183862068
2024-03-11 20:00:00+00:00,20260124_203512_bd217a76_StateSignal_XLE,0.0,0.0,1.0162421473739527,1.0162421473739527,0.0,0.0,0.0,0.0
2024-03-12 20:00:00+00:00,20260124_203512_bd217a76_StateSignal_XLE,0.0,0.0,1.0162421473739527,1.0162421473739527,0.0,0.0,0.0,-0.0
2024-03-13 20:00:00+00:00,20260124_203512_bd217a76_StateSignal_XLE,0.0,0.0,1.0162421473739527,1.0162421473739527,0.0,0.0,0.0,0.0
2024-03-14 20:00:00+00:00,20260124_203512_bd217a76_StateSignal_XLE,0.0,0.0,1.0162421473739527,1.0162421473739527,0.0,0.0,0.0,0.0
2024-03-15 20:00:00+00:00,20260124_203512_bd217a76_StateSignal_XLE,0.0,0.0,1.0162421473739527,1.0162421473739527,0.0,0.0,0.0,-0.0
2024-03-18 20:00:00+00:00,20260124_203512_bd217a76_StateSignal_XLE,0.0,0.0,1.0162421473739527,1.0162421473739527,0.0,0.0,0.0,0.0
2024-03-19 20:00:00+00:00,20260124_203512_bd217a76_StateSignal_XLE,0.0,0.0,1.0162421473739527,1.0162421473739527,0.0,0.0,0.0,0.0
2024-03-20 20:00:00+00:00,20260124_203512_bd217a76_StateSignal_XLE,0.0,0.0,1.0162421473739527,1.0162421473739527,0.0,0.0,0.0,0.0
2024-03-21 20:00:00+00:00,20260124_203512_bd217a76_StateSignal_XLE,0.0,0.0,1.0162421473739527,1.0162421473739527,0.0,0.0,0.0,0.0
2024-03-22 20:00:00+00:00,20260124_203512_bd217a76_StateSignal_XLE,0.0,0.0,1.0162421473739527,1.0162421473739527,0.0,0.0,0.0,-0.0
2024-03-25 20:00:00+00:00,20260124_203512_bd217a76_StateSignal_XLE,0.0,0.0,1.0162421473739527,1.0162421473739527,0.0,0.0,0.0,-0.0
2024-03-26 20:00:00+00:00,20260124_203512_bd217a76_StateSignal_XLE,0.0,0.0,1.0162421473739527,1.0162421473739527,0.0,0.0,0.0,-0.0
2024-03-27 20:00:00+00:00,20260124_203512_bd217a76_StateSignal_XLE,0.0,0.0,1.0162421473739527,1.0162421473739527,0.0,0.0,0.0,0.0
2024-03-28 20:00:00+00:00,20260124_203512_bd217a76_StateSignal_XLE,0.0,0.0,1.0162421473739527,1.0162421473739527,0.0,0.0,0.0,0.0
2024-04-01 20:00:00+00:00,20260124_203512_bd217a76_StateSignal_XLE,0.0,0.0,1.0162421473739527,1.0162421473739527,0.0,0.0,0.0,0.0
2024-04-02 20:00:00+00:00,20260124_203512_bd217a76_StateSignal_XLE,0.0,0.0,1.0162421473739527,1.0162421473739527,0.0,0.0,0.0,0.0
2024-04-03 20:00:00+00:00,20260124_203512_bd217a76_StateSignal_XLE,0.0,0.0,1.0162421473739527,1.0162421473739527,0.0,0.0,0.0,0.0
2024-04-04 20:00:00+00:00,20260124_203512_bd217a76_StateSignal_XLE,0.0,0.0,1.0162421473739527,1.0162421473739527,0.0,0.0,0.0,-0.0
2024-04-05 20:00:00+00:00,20260124_203512_bd217a76_StateSignal_XLE,0.0,0.0,1.0162421473739527,1.0162421473739527,0.0,0.0,0.0,0.0
2024-04-08 20:00:00+00:00,20260124_203512_bd217a76_StateSignal_XLE,0.0,0.0,1.0162421473739527,1.0162421473739527,0.0,0.0,0.0,-0.0
2024-04-09 20:00:00+00:00,20260124_203512_bd217a76_StateSignal_XLE,0.0,0.0,1.0162421473739527,1.0162421473739527,0.0,0.0,0.0,-0.0
2024-04-10 20:00:00+00:00,20260124_203512_bd217a76_StateSignal_XLE,0.0,0.0,1.0162421473739527,1.0162421473739527,0.0,0.0,0.0,0.0
2024-04-11 20:00:00+00:00,20260124_203512_bd217a76_StateSignal_XLE,0.0,0.0,1.0162421473739527,1.0162421473739527,0.0,0.0,0.0,0.0
2024-04-12 20:00:00+00:00,20260124_203512_bd217a76_StateSignal_XLE,-0.02759545012490935,-0.02759545012490935,0.988198487881264,0.988198487881264,0.0,0.0,1.0,-0.02759545012490935
2024-04-15 20:00:00+00:00,20260124_203512_bd217a76_StateSignal_XLE,0.0,0.0,0.988198487881264,0.988198487881264,0.0,0.0,0.0,-0.0
2024-04-16 20:00:00+00:00,20260124_203512_bd217a76_StateSignal_XLE,-0.006036910452677253,-0.006036910452677253,0.9822328221004537,0.9822328221004537,0.0,0.0,1.0,-0.006036910452677253
2024-04-17 20:00:00+00:00,20260124_203512_bd217a76_StateSignal_XLE,-0.006729500496939378,-0.006729500496939378,0.9756228858360185,0.9756228858360185,0.0,0.0,1.0,-0.006729500496939378
2024-04-18 20:00:00+00:00,20260124_203512_bd217a76_StateSignal_XLE,-0.0009019166338558076,-0.0009019166338558076,0.9747429553269126,0.9747429553269126,0.0,0.0,1.0,-0.0009019166338558076
2024-04-19 20:00:00+00:00,20260124_203512_bd217a76_StateSignal_XLE,0.0,0.0,0.9747429553269126,0.9747429553269126,0.0,0.0,0.0,0.0
2024-04-22 20:00:00+00:00,20260124_203512_bd217a76_StateSignal_XLE,0.0,0.0,0.9747429553269126,0.9747429553269126,0.0,0.0,0.0,0.0
2024-04-23 20:00:00+00:00,20260124_203512_bd217a76_StateSignal_XLE,0.0,0.0,0.9747429553269126,0.9747429553269126,0.0,0.0,0.0,0.0
2024-04-24 20:00:00+00:00,20260124_203512_bd217a76_StateSignal_XLE,0.007955843068755077,0.007955843068755077,0.9824978573118681,0.9824978573118681,0.0,0.0,1.0,0.007955843068755077
2024-04-25 20:00:00+00:00,20260124_203512_bd217a76_StateSignal_XLE,0.0,0.0,0.9824978573118681,0.9824978573118681,0.0,0.0,0.0,0.0
2024-04-26 20:00:00+00:00,20260124_203512_bd217a76_StateSignal_XLE,0.0,0.0,0.9824978573118681,0.9824978573118681,0.0,0.0,0.0,0.0
2024-04-29 20:00:00+00:00,20260124_203512_bd217a76_StateSignal_XLE,0.0,0.0,0.9824978573118681,0.9824978573118681,0.0,0.0,0.0,0.0
2024-04-30 20:00:00+00:00,20260124_203512_bd217a76_StateSignal_XLE,-0.024598735839432204,-0.024598735839432204,0.9583296520570453,0.9583296520570453,0.0,0.0,1.0,-0.024598735839432204
2024-05-01 20:00:00+00:00,20260124_203512_bd217a76_StateSignal_XLE,0.0,0.0,0.9583296520570453,0.9583296520570453,0.0,0.0,0.0,-0.0
2024-05-02 20:00:00+00:00,20260124_203512_bd217a76_StateSignal_XLE,0.005734618307637515,0.005734618307637515,0.9638253068244835,0.9638253068244835,0.0,0.0,1.0,0.005734618307637515
2024-05-03 20:00:00+00:00,20260124_203512_bd217a76_StateSignal_XLE,0.0034376108104631816,0.0034376108104631816,0.9671385631186215,0.9671385631186215,0.0,0.0,1.0,0.0034376108104631816
2024-05-06 20:00:00+00:00,20260124_203512_bd217a76_StateSignal_XLE,0.00820236997867241,0.00820236997867241,0.975071391433962,0.975071391433962,0.0,0.0,1.0,0.00820236997867241
2024-05-07 20:00:00+00:00,20260124_203512_bd217a76_StateSignal_XLE,0.0,0.0,0.975071391433962,0.975071391433962,0.0,0.0,0.0,-0.0
2024-05-08 20:00:00+00:00,20260124_203512_bd217a76_StateSignal_XLE,-0.0015910902322418474,-0.0015910902322418474,0.9735199648673131,0.9735199648673131,0.0,0.0,1.0,-0.0015910902322418474
2024-05-09 20:00:00+00:00,20260124_203512_bd217a76_StateSignal_XLE,0.0,0.0,0.9735199648673131,0.9735199648673131,0.0,0.0,0.0,0.0
2024-05-10 20:00:00+00:00,20260124_203512_bd217a76_StateSignal_XLE,0.0,0.0,0.9735199648673131,0.9735199648673131,0.0,0.0,0.0,-0.0
2024-05-13 20:00:00+00:00,20260124_203512_bd217a76_StateSignal_XLE,0.0,0.0,0.9735199648673131,0.9735199648673131,0.0,0.0,0.0,-0.0
2024-05-14 20:00:00+00:00,20260124_203512_bd217a76_StateSignal_XLE,0.0,0.0,0.9735199648673131,0.9735199648673131,0.0,0.0,0.0,0.0
2024-05-15 20:00:00+00:00,20260124_203512_bd217a76_StateSignal_XLE,0.0,0.0,0.9735199648673131,0.9735199648673131,0.0,0.0,0.0,0.0
2024-05-16 20:00:00+00:00,20260124_203512_bd217a76_StateSignal_XLE,0.0,0.0,0.9735199648673131,0.9735199648673131,0.0,0.0,0.0,-0.0
2024-05-17 20:00:00+00:00,20260124_203512_bd217a76_StateSignal_XLE,0.010309369658861369,0.010309369658861369,0.983556342055412,0.983556342055412,0.0,0.0,1.0,0.010309369658861369
2024-05-20 20:00:00+00:00,20260124_203512_bd217a76_StateSignal_XLE,0.0,0.0,0.983556342055412,0.983556342055412,0.0,0.0,0.0,-0.0
2024-05-21 20:00:00+00:00,20260124_203512_bd217a76_StateSignal_XLE,0.0,0.0,0.983556342055412,0.983556342055412,0.0,0.0,0.0,-0.0
2024-05-22 20:00:00+00:00,20260124_203512_bd217a76_StateSignal_XLE,0.0,0.0,0.983556342055412,0.983556342055412,0.0,0.0,0.0,-0.0
2024-05-23 20:00:00+00:00,20260124_203512_bd217a76_StateSignal_XLE,0.0,0.0,0.983556342055412,0.983556342055412,0.0,0.0,0.0,-0.0
2024-05-24 20:00:00+00:00,20260124_203512_bd217a76_StateSignal_XLE,-0.007616886219612992,-0.007616886219612992,0.9760647053073972,0.9760647053073972,0.0,0.0,1.0,-0.007616886219612992
2024-05-28 20:00:00+00:00,20260124_203512_bd217a76_StateSignal_XLE,0.0,0.0,0.9760647053073972,0.9760647053073972,0.0,0.0,0.0,0.0
2024-05-29 20:00:00+00:00,20260124_203512_bd217a76_StateSignal_XLE,0.0,0.0,0.9760647053073972,0.9760647053073972,0.0,0.0,0.0,-0.0
2024-05-30 20:00:00+00:00,20260124_203512_bd217a76_StateSignal_XLE,0.0,0.0,0.9760647053073972,0.9760647053073972,0.0,0.0,0.0,0.0
2024-05-31 20:00:00+00:00,20260124_203512_bd217a76_StateSignal_XLE,0.0,0.0,0.9760647053073972,0.9760647053073972,0.0,0.0,0.0,0.0
2024-06-03 20:00:00+00:00,20260124_203512_bd217a76_StateSignal_XLE,0.0,0.0,0.9760647053073972,0.9760647053073972,0.0,0.0,0.0,-0.0
2024-06-04 20:00:00+00:00,20260124_203512_bd217a76_StateSignal_XLE,0.0,0.0,0.9760647053073972,0.9760647053073972,0.0,0.0,0.0,0.0
2024-06-05 20:00:00+00:00,20260124_203512_bd217a76_StateSignal_XLE,0.0,0.0,0.9760647053073972,0.9760647053073972,0.0,0.0,0.0,-0.0
2024-06-06 20:00:00+00:00,20260124_203512_bd217a76_StateSignal_XLE,0.005874767219318928,0.005874767219318928,0.9817988582420712,0.9817988582420712,0.0,0.0,1.0,0.005874767219318928
2024-06-07 20:00:00+00:00,20260124_203512_bd217a76_StateSignal_XLE,0.0,0.0,0.9817988582420712,0.9817988582420712,0.0,0.0,0.0,-0.0
2024-06-10 20:00:00+00:00,20260124_203512_bd217a76_StateSignal_XLE,0.00749944925658051,0.00749944925658051,0.9891618089596264,0.9891618089596264,0.0,0.0,1.0,0.00749944925658051
2024-06-11 20:00:00+00:00,20260124_203512_bd217a76_StateSignal_XLE,0.0,0.0,0.9891618089596264,0.9891618089596264,0.0,0.0,0.0,-0.0
2024-06-12 20:00:00+00:00,20260124_203512_bd217a76_StateSignal_XLE,0.0,0.0,0.9891618089596264,0.9891618089596264,0.0,0.0,0.0,-0.0
2024-06-13 20:00:00+00:00,20260124_203512_bd217a76_StateSignal_XLE,0.0023906298739162207,0.0023906298739162207,0.9915265287302623,0.9915265287302623,0.0,0.0,1.0,0.0023906298739162207
2024-06-14 20:00:00+00:00,20260124_203512_bd217a76_StateSignal_XLE,-0.002881846374889123,-0.002881846374889123,0.9886691015978346,0.9886691015978346,0.0,0.0,1.0,-0.002881846374889123
2024-06-17 20:00:00+00:00,20260124_203512_bd217a76_StateSignal_XLE,0.0,0.0,0.9886691015978346,0.9886691015978346,0.0,0.0,0.0,0.0
2024-06-18 20:00:00+00:00,20260124_203512_bd217a76_StateSignal_XLE,0.0,0.0,0.9886691015978346,0.9886691015978346,0.0,0.0,0.0,0.0
2024-06-20 20:00:00+00:00,20260124_203512_bd217a76_StateSignal_XLE,0.0,0.0,0.9886691015978346,0.9886691015978346,0.0,0.0,0.0,0.0
2024-06-21 20:00:00+00:00,20260124_203512_bd217a76_StateSignal_XLE,-0.004711433921319536,-0.004711433921319536,0.984011052455606,0.984011052455606,0.0,0.0,1.0,-0.004711433921319536
2024-06-24 20:00:00+00:00,20260124_203512_bd217a76_StateSignal_XLE,0.025642430613337267,0.025642430613337267,1.009243487590956,1.009243487590956,0.0,0.0,1.0,0.025642430613337267
2024-06-25 20:00:00+00:00,20260124_203512_bd217a76_StateSignal_XLE,0.0,0.0,1.009243487590956,1.009243487590956,0.0,0.0,0.0,0.0
2024-06-26 20:00:00+00:00,20260124_203512_bd217a76_StateSignal_XLE,-0.00923367594694558,-0.00923367594694558,0.9999244602749758,0.9999244602749758,0.0,0.0,1.0,-0.00923367594694558
2024-06-27 20:00:00+00:00,20260124_203512_bd217a76_StateSignal_XLE,0.0,0.0,0.9999244602749758,0.9999244602749758,0.0,0.0,0.0,-0.0
2024-06-28 20:00:00+00:00,20260124_203512_bd217a76_StateSignal_XLE,0.004157049866417669,0.004157049866417669,1.0040811961189897,1.0040811961189897,0.0,0.0,1.0,0.004157049866417669
2024-07-01 20:00:00+00:00,20260124_203512_bd217a76_StateSignal_XLE,0.0,0.0,1.0040811961189897,1.0040811961189897,0.0,0.0,0.0,0.0
2024-07-02 20:00:00+00:00,20260124_203512_bd217a76_StateSignal_XLE,-0.005749124723284215,-0.005749124723284215,0.9983086080901972,0.9983086080901972,0.0,0.0,1.0,-0.005749124723284215
2024-07-03 20:00:00+00:00,20260124_203512_bd217a76_StateSignal_XLE,0.0011487652038733997,0.0011487652038733997,0.9994554302818984,0.9994554302818984,0.0,0.0,1.0,0.0011487652038733997
2024-07-05 20:00:00+00:00,20260124_203512_bd217a76_StateSignal_XLE,0.0,0.0,0.9994554302818984,0.9994554302818984,0.0,0.0,0.0,-0.0
2024-07-08 20:00:00+00:00,20260124_203512_bd217a76_StateSignal_XLE,0.0,0.0,0.9994554302818984,0.9994554302818984,0.0,0.0,0.0,-0.0
2024-07-09 20:00:00+00:00,20260124_203512_bd217a76_StateSignal_XLE,-0.0007101432420586295,-0.0007101432420586295,0.9987456737623449,0.9987456737623449,0.0,0.0,1.0,-0.0007101432420586295
2024-07-10 20:00:00+00:00,20260124_203512_bd217a76_StateSignal_XLE,0.0,0.0,0.9987456737623449,0.9987456737623449,0.0,0.0,0.0,0.0
2024-07-11 20:00:00+00:00,20260124_203512_bd217a76_StateSignal_XLE,0.0,0.0,0.9987456737623449,0.9987456737623449,0.0,0.0,0.0,0.0
2024-07-12 20:00:00+00:00,20260124_203512_bd217a76_StateSignal_XLE,0.0,0.0,0.9987456737623449,0.9987456737623449,0.0,0.0,0.0,0.0
2024-07-15 20:00:00+00:00,20260124_203512_bd217a76_StateSignal_XLE,0.01497206362087502,0.01497206362087502,1.0136989575309885,1.0136989575309885,0.0,0.0,1.0,0.01497206362087502
2024-07-16 20:00:00+00:00,20260124_203512_bd217a76_StateSignal_XLE,0.009385441447133682,0.009385441447133682,1.0232129697419161,1.0232129697419161,0.0,0.0,1.0,0.009385441447133682
2024-07-17 20:00:00+00:00,20260124_203512_bd217a76_StateSignal_XLE,0.010651658782023267,0.010651658782023267,1.0341118851569477,1.0341118851569477,0.0,0.0,1.0,0.010651658782023267
2024-07-18 20:00:00+00:00,20260124_203512_bd217a76_StateSignal_XLE,0.0,0.0,1.0341118851569477,1.0341118851569477,0.0,0.0,0.0,0.0
2024-07-19 20:00:00+00:00,20260124_203512_bd217a76_StateSignal_XLE,-0.005670878302731388,-0.005670878302731388,1.0282475625048146,1.0282475625048146,0.0,0.0,1.0,-0.005670878302731388
2024-07-22 20:00:00+00:00,20260124_203512_bd217a76_StateSignal_XLE,-0.0025151493766576083,-0.0025151493766576083,1.025661366288931,1.025661366288931,0.0,0.0,1.0,-0.0025151493766576083
2024-07-23 20:00:00+00:00,20260124_203512_bd217a76_StateSignal_XLE,-0.01592280092845913,-0.01592280092845913,1.0093299645335008,1.0093299645335008,0.0,0.0,1.0,-0.01592280092845913
2024-07-24 20:00:00+00:00,20260124_203512_bd217a76_StateSignal_XLE,0.00046511628745430673,0.00046511628745430673,1.009799420339421,1.009799420339421,0.0,0.0,1.0,0.00046511628745430673
2024-07-25 20:00:00+00:00,20260124_203512_bd217a76_StateSignal_XLE,0.015457684641004148,0.015457684641004148,1.0254085813296965,1.0254085813296965,0.0,0.0,1.0,0.015457684641004148
2024-07-26 20:00:00+00:00,20260124_203512_bd217a76_StateSignal_XLE,0.003882613076577948,0.003882613076577948,1.0293898460964024,1.0293898460964024,0.0,0.0,1.0,0.003882613076577948
2024-07-29 20:00:00+00:00,20260124_203512_bd217a76_StateSignal_XLE,-0.008699688568575413,-0.008699688568575413,1.0204344750197099,1.0204344750197099,0.0,0.0,1.0,-0.008699688568575413
2024-07-30 20:00:00+00:00,20260124_203512_bd217a76_StateSignal_XLE,0.01551479899888782,0.01551479899888782,1.0362663107911763,1.0362663107911763,0.0,0.0,1.0,0.01551479899888782
2024-07-31 20:00:00+00:00,20260124_203512_bd217a76_StateSignal_XLE,0.004292336873731527,0.004292336873731527,1.040714314887991,1.040714314887991,0.0,0.0,1.0,0.004292336873731527
2024-08-01 20:00:00+00:00,20260124_203512_bd217a76_StateSignal_XLE,-0.025149930962497073,-0.025149930962497073,1.0145404217168754,1.0145404217168754,0.0,0.0,1.0,-0.025149930962497073
2024-08-02 20:00:00+00:00,20260124_203512_bd217a76_StateSignal_XLE,-0.02627408937017969,-0.02627408937017969,0.9878842960070264,0.9878842960070264,0.0,0.0,1.0,-0.02627408937017969
2024-08-05 20:00:00+00:00,20260124_203512_bd217a76_StateSignal_XLE,-0.020653952251703682,-0.020653952251703682,0.9674805809270894,0.9674805809270894,0.0,0.0,1.0,-0.020653952251703682
2024-08-06 20:00:00+00:00,20260124_203512_bd217a76_StateSignal_XLE,-0.001447876700814308,-0.001447876700814308,0.9660797883354749,0.9660797883354749,0.0,0.0,1.0,-0.001447876700814308
2024-08-07 20:00:00+00:00,20260124_203512_bd217a76_StateSignal_XLE,-0.011953285999587384,-0.011953285999587384,0.9545319603270802,0.9545319603270802,0.0,0.0,1.0,-0.011953285999587384
2024-08-08 20:00:00+00:00,20260124_203512_bd217a76_StateSignal_XLE,0.013276629347018445,0.013276629347018445,0.9672049273642257,0.9672049273642257,0.0,0.0,1.0,0.013276629347018445
2024-08-09 20:00:00+00:00,20260124_203512_bd217a76_StateSignal_XLE,0.0058927689671506465,0.0058927689671506465,0.9729044425450728,0.9729044425450728,0.0,0.0,1.0,0.0058927689671506465
2024-08-12 20:00:00+00:00,20260124_203512_bd217a76_StateSignal_XLE,0.005390848634876723,0.005390848634876723,0.9781492231310325,0.9781492231310325,0.0,0.0,1.0,0.005390848634876723
2024-08-13 20:00:00+00:00,20260124_203512_bd217a76_StateSignal_XLE,-0.0016515280384731374,-0.0016515280384731374,0.9765337822632209,0.9765337822632209,0.0,0.0,1.0,-0.0016515280384731374
2024-08-14 20:00:00+00:00,20260124_203512_bd217a76_StateSignal_XLE,0.005651062837058769,0.005651062837058769,0.9820522360293009,0.9820522360293009,0.0,0.0,1.0,0.005651062837058769
2024-08-15 20:00:00+00:00,20260124_203512_bd217a76_StateSignal_XLE,0.012367442665619595,0.012367442665619595,0.9941977107530368,0.9941977107530368,0.0,0.0,1.0,0.012367442665619595
2024-08-16 20:00:00+00:00,20260124_203512_bd217a76_StateSignal_XLE,-0.0011602275347223881,-0.0011602275347223881,0.9930442151940632,0.9930442151940632,0.0,0.0,1.0,-0.0011602275347223881
2024-08-19 20:00:00+00:00,20260124_203512_bd217a76_StateSignal_XLE,0.006249297042193885,0.006249297042193885,0.9992500434708432,0.9992500434708432,0.0,0.0,1.0,0.006249297042193885
2024-08-20 20:00:00+00:00,20260124_203512_bd217a76_StateSignal_XLE,-0.020628954689527995,-0.020628954689527995,0.9786365596005744,0.9786365596005744,0.0,0.0,1.0,-0.020628954689527995
2024-08-21 20:00:00+00:00,20260124_203512_bd217a76_StateSignal_XLE,0.0009469697677357118,0.0009469697677357118,0.979563298836117,0.979563298836117,0.0,0.0,1.0,0.0009469697677357118
2024-08-22 20:00:00+00:00,20260124_203512_bd217a76_StateSignal_XLE,-0.0009431738496874512,-0.0009431738496874512,0.9786394003485412,0.9786394003485412,0.0,0.0,1.0,-0.0009431738496874512
2024-08-23 20:00:00+00:00,20260124_203512_bd217a76_StateSignal_XLE,0.00653292104162312,0.00653292104162312,0.9850327742792397,0.9850327742792397,0.0,0.0,1.0,0.00653292104162312
2024-08-26 20:00:00+00:00,20260124_203512_bd217a76_StateSignal_XLE,-0.005053996514724587,-0.005053996514724587,0.9800544220711429,0.9800544220711429,0.0,0.0,1.0,-0.005053996514724587
2024-08-27 20:00:00+00:00,20260124_203512_bd217a76_StateSignal_XLE,-0.009255040610561828,-0.009255040610561828,0.9709839785943137,0.9709839785943137,0.0,0.0,1.0,-0.009255040610561828
2024-08-28 20:00:00+00:00,20260124_203512_bd217a76_StateSignal_XLE,-0.0067638741836503246,-0.0067638741836503246,0.9644163651287616,0.9644163651287616,0.0,0.0,1.0,-0.0067638741836503246
2024-08-29 20:00:00+00:00,20260124_203512_bd217a76_StateSignal_XLE,0.012327170868978814,0.012327170868978814,0.9763048904505433,0.9763048904505433,0.0,0.0,1.0,0.012327170868978814
2024-08-30 20:00:00+00:00,20260124_203512_bd217a76_StateSignal_XLE,0.006472514505617552,0.006472514505617552,0.9826240380158897,0.9826240380158897,0.0,0.0,1.0,0.006472514505617552
2024-09-03 20:00:00+00:00,20260124_203512_bd217a76_StateSignal_XLE,-0.003298777732230605,-0.003298777732230605,0.9793825797201283,0.9793825797201283,0.0,0.0,1.0,-0.003298777732230605
2024-09-04 20:00:00+00:00,20260124_203512_bd217a76_StateSignal_XLE,-0.015205804977415487,-0.015205804977415487,0.9644902792146259,0.9644902792146259,0.0,0.0,1.0,-0.015205804977415487
2024-09-05 20:00:00+00:00,20260124_203512_bd217a76_StateSignal_XLE,-0.00720810425079437,-0.00720810425079437,0.9575381327331692,0.9575381327331692,0.0,0.0,1.0,-0.00720810425079437
2024-09-06 20:00:00+00:00,20260124_203512_bd217a76_StateSignal_XLE,-0.012618463959211816,-0.012618463959211816,0.9454554723157047,0.9454554723157047,0.0,0.0,1.0,-0.012618463959211816
2024-09-09 20:00:00+00:00,20260124_203512_bd217a76_StateSignal_XLE,0.0024295444409393784,0.0024295444409393784,0.9477524984026251,0.9477524984026251,0.0,0.0,1.0,0.0024295444409393784
2024-09-10 20:00:00+00:00,20260124_203512_bd217a76_StateSignal_XLE,-0.01713208813612664,-0.01713208813612664,0.9315155190687571,0.9315155190687571,0.0,0.0,1.0,-0.01713208813612664
2024-09-11 20:00:00+00:00,20260124_203512_bd217a76_StateSignal_XLE,-0.0004982561139451913,-0.0004982561139451913,0.9310513857661462,0.9310513857661462,0.0,0.0,1.0,-0.0004982561139451913
2024-09-12 20:00:00+00:00,20260124_203512_bd217a76_StateSignal_XLE,0.005692380177226723,0.005692380177226723,0.9363512842184608,0.9363512842184608,0.0,0.0,1.0,0.005692380177226723
2024-09-13 20:00:00+00:00,20260124_203512_bd217a76_StateSignal_XLE,0.005169242279838466,0.005169242279838466,0.9411915108656238,0.9411915108656238,0.0,0.0,1.0,0.005169242279838466
2024-09-16 20:00:00+00:00,20260124_203512_bd217a76_StateSignal_XLE,0.0038901094522886537,0.0038901094522886537,0.9448528488584561,0.9448528488584561,0.0,0.0,1.0,0.0038901094522886537
2024-09-17 20:00:00+00:00,20260124_203512_bd217a76_StateSignal_XLE,0.008414522541645769,0.008414522541645769,0.9528033344537139,0.9528033344537139,0.0,0.0,1.0,0.008414522541645769
2024-09-18 20:00:00+00:00,20260124_203512_bd217a76_StateSignal_XLE,0.0019134184264001993,0.0019134184264001993,0.9546264459105932,0.9546264459105932,0.0,0.0,1.0,0.0019134184264001993
2024-09-19 20:00:00+00:00,20260124_203512_bd217a76_StateSignal_XLE,0.011876624162578793,0.011876624162578793,0.9659641854243316,0.9659641854243316,0.0,0.0,1.0,0.011876624162578793
2024-09-20 20:00:00+00:00,20260124_203512_bd217a76_StateSignal_XLE,0.008081812469914247,0.008081812469914247,0.9737709268235846,0.9737709268235846,0.0,0.0,1.0,0.008081812469914247
2024-09-23 20:00:00+00:00,20260124_203512_bd217a76_StateSignal_XLE,0.0025764155251802347,0.0025764155251802347,0.9762797653574219,0.9762797653574219,0.0,0.0,1.0,0.0025764155251802347
2024-09-24 20:00:00+00:00,20260124_203512_bd217a76_StateSignal_XLE,0.0,0.0,0.9762797653574219,0.9762797653574219,0.0,0.0,0.0,-0.0
2024-09-25 20:00:00+00:00,20260124_203512_bd217a76_StateSignal_XLE,-0.01305966560787853,-0.01305966560787853,0.9635298780821159,0.9635298780821159,0.0,0.0,1.0,-0.01305966560787853
2024-09-26 20:00:00+00:00,20260124_203512_bd217a76_StateSignal_XLE,-0.007292205381752728,-0.007292205381752728,0.9565036203196859,0.9565036203196859,0.0,0.0,1.0,-0.007292205381752728
2024-09-27 20:00:00+00:00,20260124_203512_bd217a76_StateSignal_XLE,0.01106312389877338,0.01106312389877338,0.9670855383809078,0.9670855383809078,0.0,0.0,1.0,0.01106312389877338
2024-09-30 20:00:00+00:00,20260124_203512_bd217a76_StateSignal_XLE,0.013381322726379024,0.013381322726379024,0.9800264220739968,0.9800264220739968,0.0,0.0,1.0,0.013381322726379024
2024-10-01 20:00:00+00:00,20260124_203512_bd217a76_StateSignal_XLE,0.01898568687810888,0.01898568687810888,0.9986328968557671,0.9986328968557671,0.0,0.0,1.0,0.01898568687810888
2024-10-02 20:00:00+00:00,20260124_203512_bd217a76_StateSignal_XLE,0.002990914457847379,0.002990914457847379,1.001619722425055,1.001619722425055,0.0,0.0,1.0,0.002990914457847379
2024-10-03 20:00:00+00:00,20260124_203512_bd217a76_StateSignal_XLE,0.01799797984046819,0.01799797984046819,1.0196468539970764,1.0196468539970764,0.0,0.0,1.0,0.01799797984046819
2024-10-04 20:00:00+00:00,20260124_203512_bd217a76_StateSignal_XLE,0.004931639674649016,0.004931639674649016,1.0246753848763794,1.0246753848763794,0.0,0.0,1.0,0.004931639674649016
2024-10-07 20:00:00+00:00,20260124_203512_bd217a76_StateSignal_XLE,-0.0028924260904008734,-0.0028924260904008734,1.0217115870589715,1.0217115870589715,0.0,0.0,1.0,-0.0028924260904008734
2024-10-08 20:00:00+00:00,20260124_203512_bd217a76_StateSignal_XLE,-0.026873018251096316,-0.026873018251096316,0.9942551129325792,0.9942551129325792,0.0,0.0,1.0,-0.026873018251096316
2024-10-09 20:00:00+00:00,20260124_203512_bd217a76_StateSignal_XLE,0.005933381167841745,0.005933381167841745,1.0001544074956836,1.0001544074956836,0.0,0.0,1.0,0.005933381167841745
2024-10-10 20:00:00+00:00,20260124_203512_bd217a76_StateSignal_XLE,0.008844597853981407,0.008844597853981407,1.00900037102187,1.00900037102187,0.0,0.0,1.0,0.008844597853981407
2024-10-11 20:00:00+00:00,20260124_203512_bd217a76_StateSignal_XLE,0.003150317636945319,0.003150317636945319,1.0121790426863846,1.0121790426863846,0.0,0.0,1.0,0.003150317636945319
2024-10-14 20:00:00+00:00,20260124_203512_bd217a76_StateSignal_XLE,0.002026343145232501,0.002026343145232501,1.01423006475128,1.01423006475128,0.0,0.0,1.0,0.002026343145232501
2024-10-15 20:00:00+00:00,20260124_203512_bd217a76_StateSignal_XLE,0.0,0.0,1.01423006475128,1.01423006475128,0.0,0.0,0.0,-0.0
2024-10-16 20:00:00+00:00,20260124_203512_bd217a76_StateSignal_XLE,0.0032399935772159582,0.0032399935772159582,1.0175161636468937,1.0175161636468937,0.0,0.0,1.0,0.0032399935772159582
2024-10-17 20:00:00+00:00,20260124_203512_bd217a76_StateSignal_XLE,-0.0018365478073014,-0.0018365478073014,1.0156474465676544,1.0156474465676544,0.0,0.0,1.0,-0.0018365478073014
2024-10-18 20:00:00+00:00,20260124_203512_bd217a76_StateSignal_XLE,-0.003683245416296253,-0.003683245416296253,1.011906567765511,1.011906567765511,0.0,0.0,1.0,-0.003683245416296253
2024-10-21 20:00:00+00:00,20260124_203512_bd217a76_StateSignal_XLE,-0.008974861760698238,-0.008974861760698238,1.0028248462050728,1.0028248462050728,0.0,0.0,1.0,-0.008974861760698238
2024-10-22 20:00:00+00:00,20260124_203512_bd217a76_StateSignal_XLE,0.00161681522690591,0.00161681522690591,1.0044462286863367,1.0044462286863367,0.0,0.0,1.0,0.00161681522690591
2024-10-23 20:00:00+00:00,20260124_203512_bd217a76_StateSignal_XLE,-0.005322238642115942,-0.005322238642115942,0.9991003261540947,0.9991003261540947,0.0,0.0,1.0,-0.005322238642115942
2024-10-24 20:00:00+00:00,20260124_203512_bd217a76_StateSignal_XLE,-0.0011607662359621172,-0.0011607662359621172,0.9979406042291563,0.9979406042291563,0.0,0.0,1.0,-0.0011607662359621172
2024-10-25 20:00:00+00:00,20260124_203512_bd217a76_StateSignal_XLE,0.0009287207540067624,0.0009287207540067624,0.99886741237957,0.99886741237957,0.0,0.0,1.0,0.0009287207540067624
2024-10-28 20:00:00+00:00,20260124_203512_bd217a76_StateSignal_XLE,-0.00675284903999535,-0.00675284903999535,0.9921222115327999,0.9921222115327999,0.0,0.0,1.0,-0.00675284903999535
2024-10-29 20:00:00+00:00,20260124_203512_bd217a76_StateSignal_XLE,-0.0054392944794431205,-0.0054392944794431205,0.9867257666646766,0.9867257666646766,0.0,0.0,1.0,-0.0054392944794431205
2024-10-30 20:00:00+00:00,20260124_203512_bd217a76_StateSignal_XLE,-0.004017493292059942,-0.004017493292059942,0.9827616025159985,0.9827616025159985,0.0,0.0,1.0,-0.004017493292059942
2024-10-31 20:00:00+00:00,20260124_203512_bd217a76_StateSignal_XLE,-0.0032879315669894302,-0.0032879315669894302,0.979530349620261,0.979530349620261,0.0,0.0,1.0,-0.0032879315669894302
2024-11-01 20:00:00+00:00,20260124_203512_bd217a76_StateSignal_XLE,-0.020396909207572457,-0.020396909207572457,0.9595509580129948,0.9595509580129948,0.0,0.0,1.0,-0.020396909207572457
2024-11-04 21:00:00+00:00,20260124_203512_bd217a76_StateSignal_XLE,0.017608155366728984,0.017608155366728984,0.9764468803639812,0.9764468803639812,0.0,0.0,1.0,0.017608155366728984
2024-11-05 21:00:00+00:00,20260124_203512_bd217a76_StateSignal_XLE,0.0020826109575260744,0.0020826109575260744,0.9784804393364693,0.9784804393364693,0.0,0.0,1.0,0.0020826109575260744
2024-11-06 21:00:00+00:00,20260124_203512_bd217a76_StateSignal_XLE,0.013001752309179902,0.013001752309179902,0.9912023996480996,0.9912023996480996,0.0,0.0,1.0,0.013001752309179902
2024-11-07 21:00:00+00:00,20260124_203512_bd217a76_StateSignal_XLE,0.0,0.0,0.9912023996480996,0.9912023996480996,0.0,0.0,0.0,0.0
2024-11-08 21:00:00+00:00,20260124_203512_bd217a76_StateSignal_XLE,0.00736363920866141,0.00736363920866141,0.9985012565018676,0.9985012565018676,0.0,0.0,1.0,0.00736363920866141
2024-11-11 21:00:00+00:00,20260124_203512_bd217a76_StateSignal_XLE,0.0,0.0,0.9985012565018676,0.9985012565018676,0.0,0.0,0.0,0.0
2024-11-12 21:00:00+00:00,20260124_203512_bd217a76_StateSignal_XLE,-0.008186792046854604,-0.008186792046854604,0.9903267343563639,0.9903267343563639,0.0,0.0,1.0,-0.008186792046854604
2024-11-13 21:00:00+00:00,20260124_203512_bd217a76_StateSignal_XLE,0.009527046690902792,0.009527046690902792,0.9997616233938262,0.9997616233938262,0.0,0.0,1.0,0.009527046690902792
2024-11-14 21:00:00+00:00,20260124_203512_bd217a76_StateSignal_XLE,0.0,0.0,0.9997616233938262,0.9997616233938262,0.0,0.0,0.0,0.0
2024-11-15 21:00:00+00:00,20260124_203512_bd217a76_StateSignal_XLE,-0.008766218749720705,-0.008766218749720705,0.99099749430558,0.99099749430558,0.0,0.0,1.0,-0.008766218749720705
2024-11-18 21:00:00+00:00,20260124_203512_bd217a76_StateSignal_XLE,0.0060989080357650004,0.0060989080357650004,0.9970414968870233,0.9970414968870233,0.0,0.0,1.0,0.0060989080357650004
2024-11-19 21:00:00+00:00,20260124_203512_bd217a76_StateSignal_XLE,-0.0032718973457602986,-0.0032718973457602986,0.9937792794597458,0.9937792794597458,0.0,0.0,1.0,-0.0032718973457602986
2024-11-20 21:00:00+00:00,20260124_203512_bd217a76_StateSignal_XLE,0.0,0.0,0.9937792794597458,0.9937792794597458,0.0,0.0,0.0,0.0
2024-11-21 21:00:00+00:00,20260124_203512_bd217a76_StateSignal_XLE,0.0,0.0,0.9937792794597458,0.9937792794597458,0.0,0.0,0.0,0.0
2024-11-22 21:00:00+00:00,20260124_203512_bd217a76_StateSignal_XLE,-0.0034224632337258435,-0.0034224632337258435,0.9903781064133562,0.9903781064133562,0.0,0.0,1.0,-0.0034224632337258435
2024-11-25 21:00:00+00:00,20260124_203512_bd217a76_StateSignal_XLE,-0.02078446761807159,-0.02078446761807159,0.9697936247309608,0.9697936247309608,0.0,0.0,1.0,-0.02078446761807159
2024-11-26 21:00:00+00:00,20260124_203512_bd217a76_StateSignal_XLE,-0.002405687327513298,-0.002405687327513298,0.9674606044976423,0.9674606044976423,0.0,0.0,1.0,-0.002405687327513298
2024-11-27 21:00:00+00:00,20260124_203512_bd217a76_StateSignal_XLE,-0.006986927986680239,-0.006986927986680239,0.9607010269240671,0.9607010269240671,0.0,0.0,1.0,-0.006986927986680239
2024-11-29 21:00:00+00:00,20260124_203512_bd217a76_StateSignal_XLE,-1.877664690397296e-16,-1.877664690397296e-16,0.9607010269240669,0.9607010269240669,0.0,0.0,1.0,-1.877664690397296e-16
2024-12-02 21:00:00+00:00,20260124_203512_bd217a76_StateSignal_XLE,0.0,0.0,0.9607010269240669,0.9607010269240669,0.0,0.0,0.0,-0.0
2024-12-03 21:00:00+00:00,20260124_203512_bd217a76_StateSignal_XLE,0.0,0.0,0.9607010269240669,0.9607010269240669,0.0,0.0,0.0,-0.0
2024-12-04 21:00:00+00:00,20260124_203512_bd217a76_StateSignal_XLE,-0.017021687569430493,-0.017021687569430493,0.9443482741961344,0.9443482741961344,0.0,0.0,1.0,-0.017021687569430493
2024-12-05 21:00:00+00:00,20260124_203512_bd217a76_StateSignal_XLE,-0.0044923705381048566,-0.0044923705381048566,0.9401059118314256,0.9401059118314256,0.0,0.0,1.0,-0.0044923705381048566
2024-12-06 21:00:00+00:00,20260124_203512_bd217a76_StateSignal_XLE,-0.004795077117780795,-0.004795077117780795,0.9355980314853122,0.9355980314853122,0.0,0.0,1.0,-0.004795077117780795
2024-12-09 21:00:00+00:00,20260124_203512_bd217a76_StateSignal_XLE,-0.006626323800142885,-0.006626323800142885,0.9293984559819143,0.9293984559819143,0.0,0.0,1.0,-0.006626323800142885
2024-12-10 21:00:00+00:00,20260124_203512_bd217a76_StateSignal_XLE,-0.0032258092488826008,-0.0032258092488826008,0.9264003938467106,0.9264003938467106,0.0,0.0,1.0,-0.0032258092488826008
2024-12-11 21:00:00+00:00,20260124_203512_bd217a76_StateSignal_XLE,0.00023054755145377332,0.00023054755145377332,0.9266139731891777,0.9266139731891777,0.0,0.0,1.0,0.00023054755145377332
2024-12-12 21:00:00+00:00,20260124_203512_bd217a76_StateSignal_XLE,-0.005558143072226903,-0.005558143072226903,0.9214637201534677,0.9214637201534677,0.0,0.0,1.0,-0.005558143072226903
2024-12-13 21:00:00+00:00,20260124_203512_bd217a76_StateSignal_XLE,0.00046718057378565786,0.00046718057378565786,0.9218942101029717,0.9218942101029717,0.0,0.0,1.0,0.00046718057378565786
2024-12-16 21:00:00+00:00,20260124_203512_bd217a76_StateSignal_XLE,0.0,0.0,0.9218942101029717,0.9218942101029717,0.0,0.0,0.0,-0.0
2024-12-17 21:00:00+00:00,20260124_203512_bd217a76_StateSignal_XLE,0.007973945839144056,0.007973945839144056,0.9292453446037533,0.9292453446037533,0.0,0.0,1.0,0.007973945839144056
2024-12-18 21:00:00+00:00,20260124_203512_bd217a76_StateSignal_XLE,-0.02422136758862843,-0.02422136758862843,0.906737751532084,0.906737751532084,0.0,0.0,1.0,-0.02422136758862843
2024-12-19 21:00:00+00:00,20260124_203512_bd217a76_StateSignal_XLE,-0.016857117066422903,-0.016857117066422903,0.8914527671059626,0.8914527671059626,0.0,0.0,1.0,-0.016857117066422903
2024-12-20 21:00:00+00:00,20260124_203512_bd217a76_StateSignal_XLE,0.007954304927268395,0.007954304927268395,0.8985436542437805,0.8985436542437805,0.0,0.0,1.0,0.007954304927268395
2024-12-23 21:00:00+00:00,20260124_203512_bd217a76_StateSignal_XLE,0.0030788103842601146,0.0030788103842601146,0.9013100997771772,0.9013100997771772,0.0,0.0,1.0,0.0030788103842601146
2024-12-24 21:00:00+00:00,20260124_203512_bd217a76_StateSignal_XLE,0.010060200169830431,0.010060200169830431,0.9103774597960255,0.9103774597960255,0.0,0.0,1.0,0.010060200169830431
2024-12-26 21:00:00+00:00,20260124_203512_bd217a76_StateSignal_XLE,0.004655159699039889,0.004655159699039889,0.9146154122577822,0.9146154122577822,0.0,0.0,1.0,0.004655159699039889
2024-12-27 21:00:00+00:00,20260124_203512_bd217a76_StateSignal_XLE,-0.005361943141385094,-0.005361943141385094,0.9097112964210216,0.9097112964210216,0.0,0.0,1.0,-0.005361943141385094
2024-12-30 21:00:00+00:00,20260124_203512_bd217a76_StateSignal_XLE,0.0044106908064885965,0.0044106908064885965,0.9137237516727047,0.9137237516727047,0.0,0.0,1.0,0.0044106908064885965
2024-12-31 21:00:00+00:00,20260124_203512_bd217a76_StateSignal_XLE,0.0,0.0,0.9137237516727047,0.9137237516727047,0.0,0.0,0.0,0.0
2025-01-02 21:00:00+00:00,20260124_203512_bd217a76_StateSignal_XLE,0.011754963231443654,0.011754963231443654,0.9244645407773142,0.9244645407773142,0.0,0.0,1.0,0.011754963231443654
2025-01-03 21:00:00+00:00,20260124_203512_bd217a76_StateSignal_XLE,0.0,0.0,0.9244645407773142,0.9244645407773142,0.0,0.0,0.0,0.0
2025-01-06 21:00:00+00:00,20260124_203512_bd217a76_StateSignal_XLE,-0.0042623791740006725,-0.0042623791740006725,0.920524122371603,0.920524122371603,0.0,0.0,1.0,-0.0042623791740006725
2025-01-07 21:00:00+00:00,20260124_203512_bd217a76_StateSignal_XLE,0.010387251089290233,0.010387251089290233,0.9300858375644253,0.9300858375644253,0.0,0.0,1.0,0.010387251089290233
2025-01-08 21:00:00+00:00,20260124_203512_bd217a76_StateSignal_XLE,0.005177700435171929,0.005177700435171929,0.9349015434103298,0.9349015434103298,0.0,0.0,1.0,0.005177700435171929
2025-01-10 21:00:00+00:00,20260124_203512_bd217a76_StateSignal_XLE,0.0037488328815194682,0.0037488328815194682,0.9384063330572497,0.9384063330572497,0.0,0.0,1.0,0.0037488328815194682
2025-01-13 21:00:00+00:00,20260124_203512_bd217a76_StateSignal_XLE,0.007117467768864579,0.007117467768864579,0.945085409886883,0.945085409886883,0.0,0.0,1.0,0.007117467768864579
2025-01-14 21:00:00+00:00,20260124_203512_bd217a76_StateSignal_XLE,0.010016018174745709,0.010016018174745709,0.9545514025289971,0.9545514025289971,0.0,0.0,1.0,0.010016018174745709
2025-01-15 21:00:00+00:00,20260124_203512_bd217a76_StateSignal_XLE,0.013945345202905229,0.013945345202905229,0.9678629513511813,0.9678629513511813,0.0,0.0,1.0,0.013945345202905229
2025-01-16 21:00:00+00:00,20260124_203512_bd217a76_StateSignal_XLE,0.0031090409231969906,0.0031090409231969906,0.9708720768749785,0.9708720768749785,0.0,0.0,1.0,0.0031090409231969906
2025-01-17 21:00:00+00:00,20260124_203512_bd217a76_StateSignal_XLE,0.0017613390727011225,0.0017613390727011225,0.9725821117985729,0.9725821117985729,0.0,0.0,1.0,0.0017613390727011225
2025-01-21 21:00:00+00:00,20260124_203512_bd217a76_StateSignal_XLE,0.0,0.0,0.9725821117985729,0.9725821117985729,0.0,0.0,0.0,0.0
2025-01-22 21:00:00+00:00,20260124_203512_bd217a76_StateSignal_XLE,0.0,0.0,0.9725821117985729,0.9725821117985729,0.0,0.0,0.0,-0.0
2025-01-23 21:00:00+00:00,20260124_203512_bd217a76_StateSignal_XLE,-0.00044843050078822696,-0.00044843050078822696,0.9721459763151213,0.9721459763151213,0.0,0.0,1.0,-0.00044843050078822696
2025-01-24 21:00:00+00:00,20260124_203512_bd217a76_StateSignal_XLE,-0.012595758070012614,-0.012595758070012614,0.95990106078872,0.95990106078872,0.0,0.0,1.0,-0.012595758070012614
2025-01-27 21:00:00+00:00,20260124_203512_bd217a76_StateSignal_XLE,0.0025180281131040477,0.0025180281131040477,0.9623181186455844,0.9623181186455844,0.0,0.0,1.0,0.0025180281131040477
2025-01-28 21:00:00+00:00,20260124_203512_bd217a76_StateSignal_XLE,-0.013302948473607322,-0.013302948473607322,0.9495164502980233,0.9495164502980233,0.0,0.0,1.0,-0.013302948473607322
2025-01-29 21:00:00+00:00,20260124_203512_bd217a76_StateSignal_XLE,0.0016149501721928513,0.0016149501721928513,0.9510498720529321,0.9510498720529321,0.0,0.0,1.0,0.0016149501721928513
2025-01-30 21:00:00+00:00,20260124_203512_bd217a76_StateSignal_XLE,-0.0011458692671224209,-0.0011458692671224209,0.949960093233046,0.949960093233046,0.0,0.0,1.0,-0.0011458692671224209
2025-01-31 21:00:00+00:00,20260124_203512_bd217a76_StateSignal_XLE,-0.01404517470304773,-0.01404517470304773,0.9366177377626643,0.9366177377626643,0.0,0.0,1.0,-0.01404517470304773
2025-02-03 21:00:00+00:00,20260124_203512_bd217a76_StateSignal_XLE,0.008476622453291111,0.008476622453291111,0.944557092708734,0.944557092708734,0.0,0.0,1.0,0.008476622453291111
2025-02-04 21:00:00+00:00,20260124_203512_bd217a76_StateSignal_XLE,0.01084834643701306,0.01084834643701306,0.9548039752799762,0.9548039752799762,0.0,0.0,1.0,0.01084834643701306
2025-02-05 21:00:00+00:00,20260124_203512_bd217a76_StateSignal_XLE,0.003673098711861077,0.003673098711861077,0.9583110645316569,0.9583110645316569,0.0,0.0,1.0,0.003673098711861077
2025-02-06 21:00:00+00:00,20260124_203512_bd217a76_StateSignal_XLE,-0.017568644202323524,-0.017568644202323524,0.9414748384037503,0.9414748384037503,0.0,0.0,1.0,-0.017568644202323524
2025-02-07 21:00:00+00:00,20260124_203512_bd217a76_StateSignal_XLE,0.0,0.0,0.9414748384037503,0.9414748384037503,0.0,0.0,0.0,-0.0
2025-02-10 21:00:00+00:00,20260124_203512_bd217a76_StateSignal_XLE,0.009176481003047852,0.009176481003047852,0.95011426437321,0.95011426437321,0.0,0.0,1.0,0.009176481003047852
2025-02-11 21:00:00+00:00,20260124_203512_bd217a76_StateSignal_XLE,0.007734342468148891,0.007734342468148891,0.9574627734777458,0.9574627734777458,0.0,0.0,1.0,0.007734342468148891
2025-02-12 21:00:00+00:00,20260124_203512_bd217a76_StateSignal_XLE,0.0,0.0,0.9574627734777458,0.9574627734777458,0.0,0.0,0.0,-0.0
2025-02-13 21:00:00+00:00,20260124_203512_bd217a76_StateSignal_XLE,0.009257182515856886,0.009257182515856886,0.9663261811239678,0.9663261811239678,0.0,0.0,1.0,0.009257182515856886
2025-02-14 21:00:00+00:00,20260124_203512_bd217a76_StateSignal_XLE,-0.013450561839488848,-0.013450561839488848,0.9533285510676428,0.9533285510676428,0.0,0.0,1.0,-0.013450561839488848
2025-02-18 21:00:00+00:00,20260124_203512_bd217a76_StateSignal_XLE,0.01344749609196142,0.01344749609196142,0.9661484330324802,0.9661484330324802,0.0,0.0,1.0,0.01344749609196142
2025-02-19 21:00:00+00:00,20260124_203512_bd217a76_StateSignal_XLE,-0.0035874477936561123,-0.0035874477936561123,0.9626824259680535,0.9626824259680535,0.0,0.0,1.0,-0.0035874477936561123
2025-02-20 21:00:00+00:00,20260124_203512_bd217a76_StateSignal_XLE,0.008721960692302128,0.008721960692302128,0.971078904246517,0.971078904246517,0.0,0.0,1.0,0.008721960692302128
2025-02-21 21:00:00+00:00,20260124_203512_bd217a76_StateSignal_XLE,-0.012198027910960151,-0.012198027910960151,0.9592336566687734,0.9592336566687734,0.0,0.0,1.0,-0.012198027910960151
2025-02-24 21:00:00+00:00,20260124_203512_bd217a76_StateSignal_XLE,0.0006815858494014671,0.0006815858494014671,0.9598874567554283,0.9598874567554283,0.0,0.0,1.0,0.0006815858494014671
2025-02-25 21:00:00+00:00,20260124_203512_bd217a76_StateSignal_XLE,-0.01421390276115283,-0.01421390276115283,0.9462437097834563,0.9462437097834563,0.0,0.0,1.0,-0.01421390276115283
2025-02-26 21:00:00+00:00,20260124_203512_bd217a76_StateSignal_XLE,-0.003701137697098416,-0.003701137697098416,0.9427415315185345,0.9427415315185345,0.0,0.0,1.0,-0.003701137697098416
2025-02-27 21:00:00+00:00,20260124_203512_bd217a76_StateSignal_XLE,-0.0013831260849509446,-0.0013831260849509446,0.9414376011149246,0.9414376011149246,0.0,0.0,1.0,-0.0013831260849509446
2025-02-28 21:00:00+00:00,20260124_203512_bd217a76_StateSignal_XLE,0.01418139045616053,0.01418139045616053,0.9547884953264464,0.9547884953264464,0.0,0.0,1.0,0.01418139045616053
2025-03-03 21:00:00+00:00,20260124_203512_bd217a76_StateSignal_XLE,-0.0360565982554678,-0.0360565982554678,0.920362070131518,0.920362070131518,0.0,0.0,1.0,-0.0360565982554678
2025-03-04 21:00:00+00:00,20260124_203512_bd217a76_StateSignal_XLE,0.01243142951793314,0.01243142951793314,0.931803486337337,0.931803486337337,0.0,0.0,1.0,0.01243142951793314
2025-03-05 21:00:00+00:00,20260124_203512_bd217a76_StateSignal_XLE,-0.0004822763536930208,-0.0004822763536930208,0.9313540995495878,0.9313540995495878,0.0,0.0,1.0,-0.0004822763536930208
2025-03-06 21:00:00+00:00,20260124_203512_bd217a76_StateSignal_XLE,0.0033710602595840543,0.0033710602595840543,0.9344937503421801,0.9344937503421801,0.0,0.0,1.0,0.0033710602595840543
2025-03-07 21:00:00+00:00,20260124_203512_bd217a76_StateSignal_XLE,0.002840911001603721,0.002840911001603721,0.937148563918457,0.937148563918457,0.0,0.0,1.0,0.002840911001603721
2025-03-10 20:00:00+00:00,20260124_203512_bd217a76_StateSignal_XLE,0.00033714947069807597,0.00033714947069807597,0.9374645230607476,0.9374645230607476,0.0,0.0,1.0,0.00033714947069807597
2025-03-11 20:00:00+00:00,20260124_203512_bd217a76_StateSignal_XLE,-0.015489631448598093,-0.015489631448598093,0.9229435431024008,0.9229435431024008,0.0,0.0,1.0,-0.015489631448598093
2025-03-12 20:00:00+00:00,20260124_203512_bd217a76_StateSignal_XLE,0.003774479593203327,0.003774479593203327,0.9264271746715196,0.9264271746715196,0.0,0.0,1.0,0.003774479593203327
2025-03-13 20:00:00+00:00,20260124_203512_bd217a76_StateSignal_XLE,-0.00661471818893254,-0.00661471818893254,0.9202991199884984,0.9202991199884984,0.0,0.0,1.0,-0.00661471818893254
2025-03-14 20:00:00+00:00,20260124_203512_bd217a76_StateSignal_XLE,0.02142606417267567,0.02142606417267567,0.9400175079914289,0.9400175079914289,0.0,0.0,1.0,0.02142606417267567
2025-03-17 20:00:00+00:00,20260124_203512_bd217a76_StateSignal_XLE,0.016227073010489382,0.016227073010489382,0.9552712407247441,0.9552712407247441,0.0,0.0,1.0,0.016227073010489382
2025-03-18 20:00:00+00:00,20260124_203512_bd217a76_StateSignal_XLE,-0.0029368596733094486,-0.0029368596733094486,0.9524657431407874,0.9524657431407874,0.0,0.0,1.0,-0.0029368596733094486
2025-03-19 20:00:00+00:00,20260124_203512_bd217a76_StateSignal_XLE,0.008272825270425424,0.008272825270425424,0.960345325809857,0.960345325809857,0.0,0.0,1.0,0.008272825270425424
2025-03-20 20:00:00+00:00,20260124_203512_bd217a76_StateSignal_XLE,0.004221759408986374,0.004221759408986374,0.9643996727249708,0.9643996727249708,0.0,0.0,1.0,0.004221759408986374
2025-03-21 20:00:00+00:00,20260124_203512_bd217a76_StateSignal_XLE,-0.003346350027344695,-0.003346350027344695,0.9611724538537764,0.9611724538537764,0.0,0.0,1.0,-0.003346350027344695
2025-03-24 20:00:00+00:00,20260124_203512_bd217a76_StateSignal_XLE,0.011332195484526962,0.011332195484526962,0.9720646479951898,0.9720646479951898,0.0,0.0,1.0,0.011332195484526962
2025-03-25 20:00:00+00:00,20260124_203512_bd217a76_StateSignal_XLE,0.0,0.0,0.9720646479951898,0.9720646479951898,0.0,0.0,0.0,-0.0
2025-03-26 20:00:00+00:00,20260124_203512_bd217a76_StateSignal_XLE,0.005045530063240133,0.005045530063240133,0.9769692294000625,0.9769692294000625,0.0,0.0,1.0,0.005045530063240133
2025-03-27 20:00:00+00:00,20260124_203512_bd217a76_StateSignal_XLE,0.0,0.0,0.9769692294000625,0.9769692294000625,0.0,0.0,0.0,-0.0
2025-03-28 20:00:00+00:00,20260124_203512_bd217a76_StateSignal_XLE,-0.003102151834087136,-0.003102151834087136,0.9739385225132324,0.9739385225132324,0.0,0.0,1.0,-0.003102151834087136
2025-03-31 20:00:00+00:00,20260124_203512_bd217a76_StateSignal_XLE,0.009704531389177951,0.009704531389177951,0.9833901394760917,0.9833901394760917,0.0,0.0,1.0,0.009704531389177951
2025-04-01 20:00:00+00:00,20260124_203512_bd217a76_StateSignal_XLE,0.010526412986987716,0.010526412986987716,0.9937417102115484,0.9937417102115484,0.0,0.0,1.0,0.010526412986987716
2025-04-02 20:00:00+00:00,20260124_203512_bd217a76_StateSignal_XLE,0.0006542362025960831,0.0006542362025960831,0.9943918520143986,0.9943918520143986,0.0,0.0,1.0,0.0006542362025960831
2025-04-03 20:00:00+00:00,20260124_203512_bd217a76_StateSignal_XLE,0.0,0.0,0.9943918520143986,0.9943918520143986,0.0,0.0,0.0,-0.0
2025-04-04 20:00:00+00:00,20260124_203512_bd217a76_StateSignal_XLE,-0.038671824638715074,-0.038671824638715074,0.9559369046911307,0.9559369046911307,0.0,0.0,1.0,-0.038671824638715074
2025-04-07 20:00:00+00:00,20260124_203512_bd217a76_StateSignal_XLE,0.03787119234212565,0.03787119234212565,0.9921393750756247,0.9921393750756247,0.0,0.0,1.0,0.03787119234212565
2025-04-08 20:00:00+00:00,20260124_203512_bd217a76_StateSignal_XLE,-0.04459170426202469,-0.04459170426202469,0.9478981894755424,0.9478981894755424,0.0,0.0,1.0,-0.04459170426202469
2025-04-09 20:00:00+00:00,20260124_203512_bd217a76_StateSignal_XLE,0.03445934333905347,0.03445934333905347,0.9805621386371473,0.9805621386371473,0.0,0.0,1.0,0.03445934333905347
2025-04-10 20:00:00+00:00,20260124_203512_bd217a76_StateSignal_XLE,-0.024978293486755274,-0.024978293486755274,0.9560693697562681,0.9560693697562681,0.0,0.0,1.0,-0.024978293486755274
2025-04-11 20:00:00+00:00,20260124_203512_bd217a76_StateSignal_XLE,0.024725089085511152,0.024725089085511152,0.9797082700954203,0.9797082700954203,0.0,0.0,1.0,0.024725089085511152
2025-04-14 20:00:00+00:00,20260124_203512_bd217a76_StateSignal_XLE,0.002594708253872624,0.002594708253872624,0.9822503272302242,0.9822503272302242,0.0,0.0,1.0,0.002594708253872624
2025-04-15 20:00:00+00:00,20260124_203512_bd217a76_StateSignal_XLE,-0.012630661535553056,-0.012630661535553056,0.9698438558037931,0.9698438558037931,0.0,0.0,1.0,-0.012630661535553056
2025-04-16 20:00:00+00:00,20260124_203512_bd217a76_StateSignal_XLE,0.008266644854793219,0.008266644854793219,0.9778612105243263,0.9778612105243263,0.0,0.0,1.0,0.008266644854793219
2025-04-17 20:00:00+00:00,20260124_203512_bd217a76_StateSignal_XLE,0.022135492259538977,0.022135492259538977,0.9995066497807908,0.9995066497807908,0.0,0.0,1.0,0.022135492259538977
2025-04-21 20:00:00+00:00,20260124_203512_bd217a76_StateSignal_XLE,-0.010797020055001199,-0.010797020055001199,0.9887149564380007,0.9887149564380007,0.0,0.0,1.0,-0.010797020055001199
2025-04-22 20:00:00+00:00,20260124_203512_bd217a76_StateSignal_XLE,0.009617892414178923,0.009617892414178923,0.998224310517311,0.998224310517311,0.0,0.0,1.0,0.009617892414178923
2025-04-23 20:00:00+00:00,20260124_203512_bd217a76_StateSignal_XLE,-0.01079734281319476,-0.01079734281319476,0.9874461404321906,0.9874461404321906,0.0,0.0,1.0,-0.01079734281319476
2025-04-24 20:00:00+00:00,20260124_203512_bd217a76_StateSignal_XLE,0.014785383991149975,0.014785383991149975,1.0020459107890596,1.0020459107890596,0.0,0.0,1.0,0.014785383991149975
2025-04-25 20:00:00+00:00,20260124_203512_bd217a76_StateSignal_XLE,0.002992520936454165,0.002992520936454165,1.005044554156384,1.005044554156384,0.0,0.0,1.0,0.002992520936454165
2025-04-28 20:00:00+00:00,20260124_203512_bd217a76_StateSignal_XLE,0.0017328881672714028,0.0017328881672714028,1.0067861839718621,1.0067861839718621,0.0,0.0,1.0,0.0017328881672714028
2025-04-29 20:00:00+00:00,20260124_203512_bd217a76_StateSignal_XLE,-0.0034687844494233006,-0.0034687844494233006,1.0032938597130063,1.0032938597130063,0.0,0.0,1.0,-0.0034687844494233006
2025-04-30 20:00:00+00:00,20260124_203512_bd217a76_StateSignal_XLE,0.0,0.0,1.0032938597130063,1.0032938597130063,0.0,0.0,0.0,0.0
2025-05-01 20:00:00+00:00,20260124_203512_bd217a76_StateSignal_XLE,0.004578995535687815,0.004578995535687815,1.0078879378176153,1.0078879378176153,0.0,0.0,1.0,0.004578995535687815
2025-05-02 20:00:00+00:00,20260124_203512_bd217a76_StateSignal_XLE,0.011066511329783164,0.011066511329783164,1.0190417411006258,1.0190417411006258,0.0,0.0,1.0,0.011066511329783164
2025-05-05 20:00:00+00:00,20260124_203512_bd217a76_StateSignal_XLE,0.0017850317120228865,0.0017850317120228865,1.0208607629243656,1.0208607629243656,0.0,0.0,1.0,0.0017850317120228865
2025-05-06 20:00:00+00:00,20260124_203512_bd217a76_StateSignal_XLE,-0.001018848789102683,-0.001018848789102683,1.0198206601722177,1.0198206601722177,0.0,0.0,1.0,-0.001018848789102683
2025-05-07 20:00:00+00:00,20260124_203512_bd217a76_StateSignal_XLE,0.0005095541511526969,0.0005095541511526969,1.0203403140230396,1.0203403140230396,0.0,0.0,1.0,0.0005095541511526969
2025-05-08 20:00:00+00:00,20260124_203512_bd217a76_StateSignal_XLE,-0.0035122966362925645,-0.0035122966362925645,1.0167565761702226,1.0167565761702226,0.0,0.0,1.0,-0.0035122966362925645
2025-05-09 20:00:00+00:00,20260124_203512_bd217a76_StateSignal_XLE,0.01000258402227246,0.01000258402227246,1.0269267692535633,1.0269267692535633,0.0,0.0,1.0,0.01000258402227246
2025-05-12 20:00:00+00:00,20260124_203512_bd217a76_StateSignal_XLE,-0.010375289114017427,-0.010375289114017427,1.0162721071236338,1.0162721071236338,0.0,0.0,1.0,-0.010375289114017427
2025-05-13 20:00:00+00:00,20260124_203512_bd217a76_StateSignal_XLE,0.008408457949406251,0.008408457949406251,1.0248173884015372,1.0248173884015372,0.0,0.0,1.0,0.008408457949406251
2025-05-14 20:00:00+00:00,20260124_203512_bd217a76_StateSignal_XLE,0.0007221085883645904,0.0007221085883645904,1.0255574178392075,1.0255574178392075,0.0,0.0,1.0,0.0007221085883645904
2025-05-15 20:00:00+00:00,20260124_203512_bd217a76_StateSignal_XLE,0.0043217354180282615,0.0043217354180282615,1.0299896056551048,1.0299896056551048,0.0,0.0,1.0,0.0043217354180282615
2025-05-16 20:00:00+00:00,20260124_203512_bd217a76_StateSignal_XLE,0.0,0.0,1.0299896056551048,1.0299896056551048,0.0,0.0,0.0,0.0
2025-05-19 20:00:00+00:00,20260124_203512_bd217a76_StateSignal_XLE,0.006584586648625372,0.006584586648625372,1.0367716614607243,1.0367716614607243,0.0,0.0,1.0,0.006584586648625372
2025-05-20 20:00:00+00:00,20260124_203512_bd217a76_StateSignal_XLE,-0.004161063401981337,-0.004161063401981337,1.0324575888440088,1.0324575888440088,0.0,0.0,1.0,-0.004161063401981337
2025-05-21 20:00:00+00:00,20260124_203512_bd217a76_StateSignal_XLE,-0.01881709396201833,-0.01881709396201833,1.0130297373829322,1.0130297373829322,0.0,0.0,1.0,-0.01881709396201833
2025-05-22 20:00:00+00:00,20260124_203512_bd217a76_StateSignal_XLE,0.0,0.0,1.0130297373829322,1.0130297373829322,0.0,0.0,0.0,0.0
2025-05-23 20:00:00+00:00,20260124_203512_bd217a76_StateSignal_XLE,0.005772383953845206,0.005772383953845206,1.0188773339837696,1.0188773339837696,0.0,0.0,1.0,0.005772383953845206
2025-05-27 20:00:00+00:00,20260124_203512_bd217a76_StateSignal_XLE,0.004971424606451202,0.004971424606451202,1.0239426058328918,1.0239426058328918,0.0,0.0,1.0,0.004971424606451202
2025-05-28 20:00:00+00:00,20260124_203512_bd217a76_StateSignal_XLE,-0.010991866852346514,-0.010991866852346514,1.012687565045132,1.012687565045132,0.0,0.0,1.0,-0.010991866852346514
2025-05-29 20:00:00+00:00,20260124_203512_bd217a76_StateSignal_XLE,0.0,0.0,1.012687565045132,1.012687565045132,0.0,0.0,0.0,0.0
2025-05-30 20:00:00+00:00,20260124_203512_bd217a76_StateSignal_XLE,0.0,0.0,1.012687565045132,1.012687565045132,0.0,0.0,0.0,-0.0
2025-06-02 20:00:00+00:00,20260124_203512_bd217a76_StateSignal_XLE,0.0,0.0,1.012687565045132,1.012687565045132,0.0,0.0,0.0,0.0
2025-06-03 20:00:00+00:00,20260124_203512_bd217a76_StateSignal_XLE,0.01160363593529725,0.01160363593529725,1.0244384228661183,1.0244384228661183,0.0,0.0,1.0,0.01160363593529725
2025-06-04 20:00:00+00:00,20260124_203512_bd217a76_StateSignal_XLE,-0.022761992115095962,-0.022761992115095962,1.0011201635624383,1.0011201635624383,0.0,0.0,1.0,-0.022761992115095962
2025-06-05 20:00:00+00:00,20260124_203512_bd217a76_StateSignal_XLE,-0.0025012519293526716,-0.0025012519293526716,0.9986161098218138,0.9986161098218138,0.0,0.0,1.0,-0.0025012519293526716
2025-06-06 20:00:00+00:00,20260124_203512_bd217a76_StateSignal_XLE,0.0024618427007770407,0.0024618427007770407,1.0010745456026569,1.0010745456026569,0.0,0.0,1.0,0.0024618427007770407
2025-06-09 20:00:00+00:00,20260124_203512_bd217a76_StateSignal_XLE,-0.001471670611456041,-0.001471670611456041,0.9996012936140167,0.9996012936140167,0.0,0.0,1.0,-0.001471670611456041
2025-06-10 20:00:00+00:00,20260124_203512_bd217a76_StateSignal_XLE,0.0,0.0,0.9996012936140167,0.9996012936140167,0.0,0.0,0.0,0.0
2025-06-11 20:00:00+00:00,20260124_203512_bd217a76_StateSignal_XLE,0.0,0.0,0.9996012936140167,0.9996012936140167,0.0,0.0,0.0,0.0
2025-06-12 20:00:00+00:00,20260124_203512_bd217a76_StateSignal_XLE,0.008324462389123148,0.008324462389123148,1.0079224369868256,1.0079224369868256,0.0,0.0,1.0,0.008324462389123148
2025-06-13 20:00:00+00:00,20260124_203512_bd217a76_StateSignal_XLE,0.008182395154939681,0.008182395154939681,1.0161696566517815,1.0161696566517815,0.0,0.0,1.0,0.008182395154939681
2025-06-16 20:00:00+00:00,20260124_203512_bd217a76_StateSignal_XLE,0.0,0.0,1.0161696566517815,1.0161696566517815,0.0,0.0,0.0,-0.0
2025-06-17 20:00:00+00:00,20260124_203512_bd217a76_StateSignal_XLE,-0.003232512627721053,-0.003232512627721053,1.0128848754047477,1.0128848754047477,0.0,0.0,1.0,-0.003232512627721053
2025-06-18 20:00:00+00:00,20260124_203512_bd217a76_StateSignal_XLE,-0.006729344340743192,-0.006729344340743192,1.0060688243006184,1.0060688243006184,0.0,0.0,1.0,-0.006729344340743192
2025-06-20 20:00:00+00:00,20260124_203512_bd217a76_StateSignal_XLE,0.009731309417010297,0.009731309417010297,1.0158591913246955,1.0158591913246955,0.0,0.0,1.0,0.009731309417010297
2025-06-23 20:00:00+00:00,20260124_203512_bd217a76_StateSignal_XLE,-0.02545379684523822,-0.02545379684523822,0.9900017178453487,0.9900017178453487,0.0,0.0,1.0,-0.02545379684523822
2025-06-24 20:00:00+00:00,20260124_203512_bd217a76_StateSignal_XLE,-0.007161644359695331,-0.007161644359695331,0.9829116776266529,0.9829116776266529,0.0,0.0,1.0,-0.007161644359695331
2025-06-25 20:00:00+00:00,20260124_203512_bd217a76_StateSignal_XLE,0.0014447389943743852,0.0014447389943743852,0.984331728455346,0.984331728455346,0.0,0.0,1.0,0.0014447389943743852
2025-06-26 20:00:00+00:00,20260124_203512_bd217a76_StateSignal_XLE,0.007859990447376376,0.007859990447376376,0.9920685664380545,0.9920685664380545,0.0,0.0,1.0,0.007859990447376376
2025-06-27 20:00:00+00:00,20260124_203512_bd217a76_StateSignal_XLE,-0.005233123265193305,-0.005233123265193305,0.9868769493423606,0.9868769493423606,0.0,0.0,1.0,-0.005233123265193305
2025-06-30 20:00:00+00:00,20260124_203512_bd217a76_StateSignal_XLE,-0.0009594627744916992,-0.0009594627744916992,0.9859300776464627,0.9859300776464627,0.0,0.0,1.0,-0.0009594627744916992
2025-07-01 20:00:00+00:00,20260124_203512_bd217a76_StateSignal_XLE,0.008126239746928606,0.008126239746928606,0.9939419818311258,0.9939419818311258,0.0,0.0,1.0,0.008126239746928606
2025-07-02 20:00:00+00:00,20260124_203512_bd217a76_StateSignal_XLE,0.0,0.0,0.9939419818311258,0.9939419818311258,0.0,0.0,0.0,0.0
2025-07-03 20:00:00+00:00,20260124_203512_bd217a76_StateSignal_XLE,0.00023372677446618752,0.00023372677446618752,0.9941742926845456,0.9941742926845456,0.0,0.0,1.0,0.00023372677446618752
2025-07-07 20:00:00+00:00,20260124_203512_bd217a76_StateSignal_XLE,0.0,0.0,0.9941742926845456,0.9941742926845456,0.0,0.0,0.0,-0.0
2025-07-08 20:00:00+00:00,20260124_203512_bd217a76_StateSignal_XLE,0.02089697587721609,0.02089697587721609,1.014949528896523,1.014949528896523,0.0,0.0,1.0,0.02089697587721609
2025-07-09 20:00:00+00:00,20260124_203512_bd217a76_StateSignal_XLE,-0.0032295299119195725,-0.0032295299119195725,1.0116717190338629,1.0116717190338629,0.0,0.0,1.0,-0.0032295299119195725
2025-07-10 20:00:00+00:00,20260124_203512_bd217a76_StateSignal_XLE,0.01617784301098503,0.01617784301098503,1.0280383852830461,1.0280383852830461,0.0,0.0,1.0,0.01617784301098503
2025-07-11 20:00:00+00:00,20260124_203512_bd217a76_StateSignal_XLE,0.004573527295199732,0.004573527295199732,1.0327401468986512,1.0327401468986512,0.0,0.0,1.0,0.004573527295199732
2025-07-14 20:00:00+00:00,20260124_203512_bd217a76_StateSignal_XLE,-0.006681282773599092,-0.006681282773599092,1.025840117945573,1.025840117945573,0.0,0.0,1.0,-0.006681282773599092
2025-07-15 20:00:00+00:00,20260124_203512_bd217a76_StateSignal_XLE,-0.012795335671537735,-0.012795335671537735,1.0127141492911294,1.0127141492911294,0.0,0.0,1.0,-0.012795335671537735
2025-07-16 20:00:00+00:00,20260124_203512_bd217a76_StateSignal_XLE,-0.008700819146656144,-0.008700819146656144,1.0039027066308877,1.0039027066308877,0.0,0.0,1.0,-0.008700819146656144
2025-07-17 20:00:00+00:00,20260124_203512_bd217a76_StateSignal_XLE,0.005178919296654323,0.005178919296654323,1.0091018377302219,1.0091018377302219,0.0,0.0,1.0,0.005178919296654323
2025-07-18 20:00:00+00:00,20260124_203512_bd217a76_StateSignal_XLE,-0.007778471747211753,-0.007778471747211753,1.0012525675953778,1.0012525675953778,0.0,0.0,1.0,-0.007778471747211753
2025-07-21 20:00:00+00:00,20260124_203512_bd217a76_StateSignal_XLE,-0.009045527041478933,-0.009045527041478933,0.9921957104198436,0.9921957104198436,0.0,0.0,1.0,-0.009045527041478933
2025-07-22 20:00:00+00:00,20260124_203512_bd217a76_StateSignal_XLE,-0.0021395467569818283,-0.0021395467569818283,0.9900728613053236,0.9900728613053236,0.0,0.0,1.0,-0.0021395467569818283
2025-07-23 20:00:00+00:00,20260124_203512_bd217a76_StateSignal_XLE,0.0,0.0,0.9900728613053236,0.9900728613053236,0.0,0.0,0.0,0.0
2025-07-24 20:00:00+00:00,20260124_203512_bd217a76_StateSignal_XLE,0.0,0.0,0.9900728613053236,0.9900728613053236,0.0,0.0,0.0,0.0
2025-07-25 20:00:00+00:00,20260124_203512_bd217a76_StateSignal_XLE,0.0,0.0,0.9900728613053236,0.9900728613053236,0.0,0.0,0.0,-0.0
2025-07-28 20:00:00+00:00,20260124_203512_bd217a76_StateSignal_XLE,0.0,0.0,0.9900728613053236,0.9900728613053236,0.0,0.0,0.0,0.0
2025-07-29 20:00:00+00:00,20260124_203512_bd217a76_StateSignal_XLE,0.0,0.0,0.9900728613053236,0.9900728613053236,0.0,0.0,0.0,0.0
2025-07-30 20:00:00+00:00,20260124_203512_bd217a76_StateSignal_XLE,0.0,0.0,0.9900728613053236,0.9900728613053236,0.0,0.0,0.0,-0.0
2025-07-31 20:00:00+00:00,20260124_203512_bd217a76_StateSignal_XLE,0.0,0.0,0.9900728613053236,0.9900728613053236,0.0,0.0,0.0,-0.0
2025-08-01 20:00:00+00:00,20260124_203512_bd217a76_StateSignal_XLE,0.0,0.0,0.9900728613053236,0.9900728613053236,0.0,0.0,0.0,-0.0
2025-08-04 20:00:00+00:00,20260124_203512_bd217a76_StateSignal_XLE,0.0,0.0,0.9900728613053236,0.9900728613053236,0.0,0.0,0.0,-0.0
2025-08-05 20:00:00+00:00,20260124_203512_bd217a76_StateSignal_XLE,0.0,0.0,0.9900728613053236,0.9900728613053236,0.0,0.0,0.0,0.0
2025-08-06 20:00:00+00:00,20260124_203512_bd217a76_StateSignal_XLE,0.0,0.0,0.9900728613053236,0.9900728613053236,0.0,0.0,0.0,-0.0
2025-08-07 20:00:00+00:00,20260124_203512_bd217a76_StateSignal_XLE,0.0,0.0,0.9900728613053236,0.9900728613053236,0.0,0.0,0.0,-0.0
2025-08-08 20:00:00+00:00,20260124_203512_bd217a76_StateSignal_XLE,0.0,0.0,0.9900728613053236,0.9900728613053236,0.0,0.0,0.0,0.0
2025-08-11 20:00:00+00:00,20260124_203512_bd217a76_StateSignal_XLE,0.0,0.0,0.9900728613053236,0.9900728613053236,0.0,0.0,0.0,-0.0
2025-08-12 20:00:00+00:00,20260124_203512_bd217a76_StateSignal_XLE,0.0,0.0,0.9900728613053236,0.9900728613053236,0.0,0.0,0.0,0.0
2025-08-13 20:00:00+00:00,20260124_203512_bd217a76_StateSignal_XLE,0.0,0.0,0.9900728613053236,0.9900728613053236,0.0,0.0,0.0,0.0
2025-08-14 20:00:00+00:00,20260124_203512_bd217a76_StateSignal_XLE,0.0,0.0,0.9900728613053236,0.9900728613053236,0.0,0.0,0.0,0.0
2025-08-15 20:00:00+00:00,20260124_203512_bd217a76_StateSignal_XLE,0.0,0.0,0.9900728613053236,0.9900728613053236,0.0,0.0,0.0,-0.0
2025-08-18 20:00:00+00:00,20260124_203512_bd217a76_StateSignal_XLE,0.0,0.0,0.9900728613053236,0.9900728613053236,0.0,0.0,0.0,0.0
2025-08-19 20:00:00+00:00,20260124_203512_bd217a76_StateSignal_XLE,0.0,0.0,0.9900728613053236,0.9900728613053236,0.0,0.0,0.0,-0.0
2025-08-20 20:00:00+00:00,20260124_203512_bd217a76_StateSignal_XLE,0.0,0.0,0.9900728613053236,0.9900728613053236,0.0,0.0,0.0,0.0
2025-08-21 20:00:00+00:00,20260124_203512_bd217a76_StateSignal_XLE,0.0,0.0,0.9900728613053236,0.9900728613053236,0.0,0.0,0.0,0.0
2025-08-22 20:00:00+00:00,20260124_203512_bd217a76_StateSignal_XLE,0.0,0.0,0.9900728613053236,0.9900728613053236,0.0,0.0,0.0,0.0
2025-08-25 20:00:00+00:00,20260124_203512_bd217a76_StateSignal_XLE,0.0,0.0,0.9900728613053236,0.9900728613053236,0.0,0.0,0.0,0.0
2025-08-26 20:00:00+00:00,20260124_203512_bd217a76_StateSignal_XLE,0.0,0.0,0.9900728613053236,0.9900728613053236,0.0,0.0,0.0,0.0
2025-08-27 20:00:00+00:00,20260124_203512_bd217a76_StateSignal_XLE,0.0,0.0,0.9900728613053236,0.9900728613053236,0.0,0.0,0.0,0.0
2025-08-28 20:00:00+00:00,20260124_203512_bd217a76_StateSignal_XLE,0.0,0.0,0.9900728613053236,0.9900728613053236,0.0,0.0,0.0,0.0
2025-08-29 20:00:00+00:00,20260124_203512_bd217a76_StateSignal_XLE,0.0,0.0,0.9900728613053236,0.9900728613053236,0.0,0.0,0.0,-0.0
2025-09-02 20:00:00+00:00,20260124_203512_bd217a76_StateSignal_XLE,0.0,0.0,0.9900728613053236,0.9900728613053236,0.0,0.0,0.0,0.0
2025-09-03 20:00:00+00:00,20260124_203512_bd217a76_StateSignal_XLE,0.0,0.0,0.9900728613053236,0.9900728613053236,0.0,0.0,0.0,-0.0
2025-09-04 20:00:00+00:00,20260124_203512_bd217a76_StateSignal_XLE,0.0,0.0,0.9900728613053236,0.9900728613053236,0.0,0.0,0.0,0.0
2025-09-05 20:00:00+00:00,20260124_203512_bd217a76_StateSignal_XLE,0.0,0.0,0.9900728613053236,0.9900728613053236,0.0,0.0,0.0,-0.0
2025-09-08 20:00:00+00:00,20260124_203512_bd217a76_StateSignal_XLE,0.0,0.0,0.9900728613053236,0.9900728613053236,0.0,0.0,0.0,-0.0
2025-09-09 20:00:00+00:00,20260124_203512_bd217a76_StateSignal_XLE,0.0,0.0,0.9900728613053236,0.9900728613053236,0.0,0.0,0.0,-0.0
2025-09-10 20:00:00+00:00,20260124_203512_bd217a76_StateSignal_XLE,0.0,0.0,0.9900728613053236,0.9900728613053236,0.0,0.0,0.0,0.0
2025-09-11 20:00:00+00:00,20260124_203512_bd217a76_StateSignal_XLE,0.0,0.0,0.9900728613053236,0.9900728613053236,0.0,0.0,0.0,0.0
2025-09-12 20:00:00+00:00,20260124_203512_bd217a76_StateSignal_XLE,0.0,0.0,0.9900728613053236,0.9900728613053236,0.0,0.0,0.0,-0.0
2025-09-15 20:00:00+00:00,20260124_203512_bd217a76_StateSignal_XLE,0.0,0.0,0.9900728613053236,0.9900728613053236,0.0,0.0,0.0,0.0
2025-09-16 20:00:00+00:00,20260124_203512_bd217a76_StateSignal_XLE,0.0,0.0,0.9900728613053236,0.9900728613053236,0.0,0.0,0.0,0.0
2025-09-17 20:00:00+00:00,20260124_203512_bd217a76_StateSignal_XLE,0.0,0.0,0.9900728613053236,0.9900728613053236,0.0,0.0,0.0,-0.0
2025-09-18 20:00:00+00:00,20260124_203512_bd217a76_StateSignal_XLE,0.0,0.0,0.9900728613053236,0.9900728613053236,0.0,0.0,0.0,-0.0
2025-09-19 20:00:00+00:00,20260124_203512_bd217a76_StateSignal_XLE,0.0,0.0,0.9900728613053236,0.9900728613053236,0.0,0.0,0.0,-0.0
2025-09-22 20:00:00+00:00,20260124_203512_bd217a76_StateSignal_XLE,0.0,0.0,0.9900728613053236,0.9900728613053236,0.0,0.0,0.0,0.0
2025-09-23 20:00:00+00:00,20260124_203512_bd217a76_StateSignal_XLE,0.0,0.0,0.9900728613053236,0.9900728613053236,0.0,0.0,0.0,0.0
2025-09-24 20:00:00+00:00,20260124_203512_bd217a76_StateSignal_XLE,0.0,0.0,0.9900728613053236,0.9900728613053236,0.0,0.0,0.0,-0.0
2025-09-25 20:00:00+00:00,20260124_203512_bd217a76_StateSignal_XLE,0.0,0.0,0.9900728613053236,0.9900728613053236,0.0,0.0,0.0,0.0
2025-09-26 20:00:00+00:00,20260124_203512_bd217a76_StateSignal_XLE,0.0,0.0,0.9900728613053236,0.9900728613053236,0.0,0.0,0.0,-0.0
2025-09-29 20:00:00+00:00,20260124_203512_bd217a76_StateSignal_XLE,0.0,0.0,0.9900728613053236,0.9900728613053236,0.0,0.0,0.0,-0.0
2025-09-30 20:00:00+00:00,20260124_203512_bd217a76_StateSignal_XLE,0.0,0.0,0.9900728613053236,0.9900728613053236,0.0,0.0,0.0,-0.0
2025-10-01 20:00:00+00:00,20260124_203512_bd217a76_StateSignal_XLE,0.0,0.0,0.9900728613053236,0.9900728613053236,0.0,0.0,0.0,0.0
2025-10-02 20:00:00+00:00,20260124_203512_bd217a76_StateSignal_XLE,0.0,0.0,0.9900728613053236,0.9900728613053236,0.0,0.0,0.0,-0.0
2025-10-03 20:00:00+00:00,20260124_203512_bd217a76_StateSignal_XLE,0.0,0.0,0.9900728613053236,0.9900728613053236,0.0,0.0,0.0,-0.0
2025-10-06 20:00:00+00:00,20260124_203512_bd217a76_StateSignal_XLE,0.0,0.0,0.9900728613053236,0.9900728613053236,0.0,0.0,0.0,0.0
2025-10-07 20:00:00+00:00,20260124_203512_bd217a76_StateSignal_XLE,0.0,0.0,0.9900728613053236,0.9900728613053236,0.0,0.0,0.0,0.0
2025-10-08 20:00:00+00:00,20260124_203512_bd217a76_StateSignal_XLE,0.0,0.0,0.9900728613053236,0.9900728613053236,0.0,0.0,0.0,0.0
2025-10-09 20:00:00+00:00,20260124_203512_bd217a76_StateSignal_XLE,0.0,0.0,0.9900728613053236,0.9900728613053236,0.0,0.0,0.0,-0.0
2025-10-10 20:00:00+00:00,20260124_203512_bd217a76_StateSignal_XLE,0.0,0.0,0.9900728613053236,0.9900728613053236,0.0,0.0,0.0,-0.0
2025-10-13 20:00:00+00:00,20260124_203512_bd217a76_StateSignal_XLE,0.0,0.0,0.9900728613053236,0.9900728613053236,0.0,0.0,0.0,0.0
2025-10-14 20:00:00+00:00,20260124_203512_bd217a76_StateSignal_XLE,0.0,0.0,0.9900728613053236,0.9900728613053236,0.0,0.0,0.0,0.0
2025-10-15 20:00:00+00:00,20260124_203512_bd217a76_StateSignal_XLE,0.0,0.0,0.9900728613053236,0.9900728613053236,0.0,0.0,0.0,-0.0
2025-10-16 20:00:00+00:00,20260124_203512_bd217a76_StateSignal_XLE,0.0,0.0,0.9900728613053236,0.9900728613053236,0.0,0.0,0.0,-0.0
2025-10-17 20:00:00+00:00,20260124_203512_bd217a76_StateSignal_XLE,0.0,0.0,0.9900728613053236,0.9900728613053236,0.0,0.0,0.0,0.0
2025-10-20 20:00:00+00:00,20260124_203512_bd217a76_StateSignal_XLE,0.0,0.0,0.9900728613053236,0.9900728613053236,0.0,0.0,0.0,0.0
2025-10-21 20:00:00+00:00,20260124_203512_bd217a76_StateSignal_XLE,0.0,0.0,0.9900728613053236,0.9900728613053236,0.0,0.0,0.0,-0.0
2025-10-22 20:00:00+00:00,20260124_203512_bd217a76_StateSignal_XLE,0.0,0.0,0.9900728613053236,0.9900728613053236,0.0,0.0,0.0,0.0
2025-10-23 20:00:00+00:00,20260124_203512_bd217a76_StateSignal_XLE,0.0,0.0,0.9900728613053236,0.9900728613053236,0.0,0.0,0.0,0.0
2025-10-24 20:00:00+00:00,20260124_203512_bd217a76_StateSignal_XLE,0.0,0.0,0.9900728613053236,0.9900728613053236,0.0,0.0,0.0,-0.0
2025-10-27 20:00:00+00:00,20260124_203512_bd217a76_StateSignal_XLE,0.0,0.0,0.9900728613053236,0.9900728613053236,0.0,0.0,0.0,-0.0
2025-10-28 20:00:00+00:00,20260124_203512_bd217a76_StateSignal_XLE,0.0,0.0,0.9900728613053236,0.9900728613053236,0.0,0.0,0.0,-0.0
2025-10-29 20:00:00+00:00,20260124_203512_bd217a76_StateSignal_XLE,0.0,0.0,0.9900728613053236,0.9900728613053236,0.0,0.0,0.0,0.0
2025-10-30 20:00:00+00:00,20260124_203512_bd217a76_StateSignal_XLE,0.0,0.0,0.9900728613053236,0.9900728613053236,0.0,0.0,0.0,-0.0
2025-10-31 20:00:00+00:00,20260124_203512_bd217a76_StateSignal_XLE,0.0,0.0,0.9900728613053236,0.9900728613053236,0.0,0.0,0.0,0.0
2025-11-03 21:00:00+00:00,20260124_203512_bd217a76_StateSignal_XLE,0.0,0.0,0.9900728613053236,0.9900728613053236,0.0,0.0,0.0,0.0
2025-11-04 21:00:00+00:00,20260124_203512_bd217a76_StateSignal_XLE,0.0,0.0,0.9900728613053236,0.9900728613053236,0.0,0.0,0.0,0.0
2025-11-05 21:00:00+00:00,20260124_203512_bd217a76_StateSignal_XLE,0.0,0.0,0.9900728613053236,0.9900728613053236,0.0,0.0,0.0,-0.0
2025-11-06 21:00:00+00:00,20260124_203512_bd217a76_StateSignal_XLE,0.0,0.0,0.9900728613053236,0.9900728613053236,0.0,0.0,0.0,-0.0
2025-11-07 21:00:00+00:00,20260124_203512_bd217a76_StateSignal_XLE,0.0,0.0,0.9900728613053236,0.9900728613053236,0.0,0.0,0.0,0.0
2025-11-10 21:00:00+00:00,20260124_203512_bd217a76_StateSignal_XLE,0.0,0.0,0.9900728613053236,0.9900728613053236,0.0,0.0,0.0,0.0
2025-11-11 21:00:00+00:00,20260124_203512_bd217a76_StateSignal_XLE,0.0,0.0,0.9900728613053236,0.9900728613053236,0.0,0.0,0.0,0.0
2025-11-12 21:00:00+00:00,20260124_203512_bd217a76_StateSignal_XLE,0.0,0.0,0.9900728613053236,0.9900728613053236,0.0,0.0,0.0,-0.0
2025-11-13 21:00:00+00:00,20260124_203512_bd217a76_StateSignal_XLE,0.0,0.0,0.9900728613053236,0.9900728613053236,0.0,0.0,0.0,-0.0
2025-11-14 21:00:00+00:00,20260124_203512_bd217a76_StateSignal_XLE,0.0,0.0,0.9900728613053236,0.9900728613053236,0.0,0.0,0.0,0.0
2025-11-17 21:00:00+00:00,20260124_203512_bd217a76_StateSignal_XLE,0.0,0.0,0.9900728613053236,0.9900728613053236,0.0,0.0,0.0,-0.0
2025-11-18 21:00:00+00:00,20260124_203512_bd217a76_StateSignal_XLE,0.0,0.0,0.9900728613053236,0.9900728613053236,0.0,0.0,0.0,0.0
2025-11-19 21:00:00+00:00,20260124_203512_bd217a76_StateSignal_XLE,0.0,0.0,0.9900728613053236,0.9900728613053236,0.0,0.0,0.0,0.0
2025-11-20 21:00:00+00:00,20260124_203512_bd217a76_StateSignal_XLE,0.0,0.0,0.9900728613053236,0.9900728613053236,0.0,0.0,0.0,-0.0
2025-11-21 21:00:00+00:00,20260124_203512_bd217a76_StateSignal_XLE,0.0,0.0,0.9900728613053236,0.9900728613053236,0.0,0.0,0.0,0.0
2025-11-24 21:00:00+00:00,20260124_203512_bd217a76_StateSignal_XLE,0.0,0.0,0.9900728613053236,0.9900728613053236,0.0,0.0,0.0,0.0
2025-11-25 21:00:00+00:00,20260124_203512_bd217a76_StateSignal_XLE,0.0,0.0,0.9900728613053236,0.9900728613053236,0.0,0.0,0.0,-0.0
2025-11-26 21:00:00+00:00,20260124_203512_bd217a76_StateSignal_XLE,0.0,0.0,0.9900728613053236,0.9900728613053236,0.0,0.0,0.0,0.0
2025-11-28 21:00:00+00:00,20260124_203512_bd217a76_StateSignal_XLE,0.0,0.0,0.9900728613053236,0.9900728613053236,0.0,0.0,0.0,0.0
2025-12-01 21:00:00+00:00,20260124_203512_bd217a76_StateSignal_XLE,0.0,0.0,0.9900728613053236,0.9900728613053236,0.0,0.0,0.0,-0.0
2025-12-02 21:00:00+00:00,20260124_203512_bd217a76_StateSignal_XLE,0.0,0.0,0.9900728613053236,0.9900728613053236,0.0,0.0,0.0,0.0
2025-12-03 21:00:00+00:00,20260124_203512_bd217a76_StateSignal_XLE,0.0,0.0,0.9900728613053236,0.9900728613053236,0.0,0.0,0.0,0.0
2025-12-04 21:00:00+00:00,20260124_203512_bd217a76_StateSignal_XLE,0.0,0.0,0.9900728613053236,0.9900728613053236,0.0,0.0,0.0,0.0
2025-12-05 21:00:00+00:00,20260124_203512_bd217a76_StateSignal_XLE,0.0,0.0,0.9900728613053236,0.9900728613053236,0.0,0.0,0.0,-0.0
2025-12-08 21:00:00+00:00,20260124_203512_bd217a76_StateSignal_XLE,0.0,0.0,0.9900728613053236,0.9900728613053236,0.0,0.0,0.0,-0.0
2025-12-09 21:00:00+00:00,20260124_203512_bd217a76_StateSignal_XLE,0.0,0.0,0.9900728613053236,0.9900728613053236,0.0,0.0,0.0,-0.0
2025-12-10 21:00:00+00:00,20260124_203512_bd217a76_StateSignal_XLE,0.0,0.0,0.9900728613053236,0.9900728613053236,0.0,0.0,0.0,0.0
2025-12-11 21:00:00+00:00,20260124_203512_bd217a76_StateSignal_XLE,0.0,0.0,0.9900728613053236,0.9900728613053236,0.0,0.0,0.0,-0.0
2025-12-12 21:00:00+00:00,20260124_203512_bd217a76_StateSignal_XLE,0.0,0.0,0.9900728613053236,0.9900728613053236,0.0,0.0,0.0,-0.0
2025-12-15 21:00:00+00:00,20260124_203512_bd217a76_StateSignal_XLE,0.0,0.0,0.9900728613053236,0.9900728613053236,0.0,0.0,0.0,0.0
2025-12-16 21:00:00+00:00,20260124_203512_bd217a76_StateSignal_XLE,0.0,0.0,0.9900728613053236,0.9900728613053236,0.0,0.0,0.0,-0.0
2025-12-17 21:00:00+00:00,20260124_203512_bd217a76_StateSignal_XLE,0.0,0.0,0.9900728613053236,0.9900728613053236,0.0,0.0,0.0,0.0
2025-12-18 21:00:00+00:00,20260124_203512_bd217a76_StateSignal_XLE,0.0,0.0,0.9900728613053236,0.9900728613053236,0.0,0.0,0.0,-0.0
2025-12-19 21:00:00+00:00,20260124_203512_bd217a76_StateSignal_XLE,0.0,0.0,0.9900728613053236,0.9900728613053236,0.0,0.0,0.0,-0.0
2025-12-22 21:00:00+00:00,20260124_203512_bd217a76_StateSignal_XLE,0.0,0.0,0.9900728613053236,0.9900728613053236,0.0,0.0,0.0,-0.0
2025-12-23 21:00:00+00:00,20260124_203512_bd217a76_StateSignal_XLE,0.0,0.0,0.9900728613053236,0.9900728613053236,0.0,0.0,0.0,0.0
2025-12-24 21:00:00+00:00,20260124_203512_bd217a76_StateSignal_XLE,0.0,0.0,0.9900728613053236,0.9900728613053236,0.0,0.0,0.0,-0.0
2025-12-26 21:00:00+00:00,20260124_203512_bd217a76_StateSignal_XLE,0.0,0.0,0.9900728613053236,0.9900728613053236,0.0,0.0,0.0,-0.0
2025-12-29 21:00:00+00:00,20260124_203512_bd217a76_StateSignal_XLE,0.0,0.0,0.9900728613053236,0.9900728613053236,0.0,0.0,0.0,0.0
2025-12-30 21:00:00+00:00,20260124_203512_bd217a76_StateSignal_XLE,0.0,0.0,0.9900728613053236,0.9900728613053236,0.0,0.0,0.0,0.0
2025-12-31 21:00:00+00:00,20260124_203512_bd217a76_StateSignal_XLE,0.0,0.0,0.9900728613053236,0.9900728613053236,0.0,0.0,0.0,-0.0
2026-01-02 21:00:00+00:00,20260124_203512_bd217a76_StateSignal_XLE,0.0,0.0,0.9900728613053236,0.9900728613053236,0.0,0.0,0.0,0.0
2026-01-05 21:00:00+00:00,20260124_203512_bd217a76_StateSignal_XLE,0.0,0.0,0.9900728613053236,0.9900728613053236,0.0,0.0,0.0,0.0
2026-01-06 21:00:00+00:00,20260124_203512_bd217a76_StateSignal_XLE,0.0,0.0,0.9900728613053236,0.9900728613053236,0.0,0.0,0.0,-0.0
2026-01-07 21:00:00+00:00,20260124_203512_bd217a76_StateSignal_XLE,0.0,0.0,0.9900728613053236,0.9900728613053236,0.0,0.0,0.0,-0.0
2026-01-08 21:00:00+00:00,20260124_203512_bd217a76_StateSignal_XLE,0.0,0.0,0.9900728613053236,0.9900728613053236,0.0,0.0,0.0,0.0
2026-01-09 21:00:00+00:00,20260124_203512_bd217a76_StateSignal_XLE,0.0,0.0,0.9900728613053236,0.9900728613053236,0.0,0.0,0.0,0.0
2026-01-12 21:00:00+00:00,20260124_203512_bd217a76_StateSignal_XLE,0.0,0.0,0.9900728613053236,0.9900728613053236,0.0,0.0,0.0,-0.0
2026-01-13 21:00:00+00:00,20260124_203512_bd217a76_StateSignal_XLE,0.0,0.0,0.9900728613053236,0.9900728613053236,0.0,0.0,0.0,0.0
2026-01-14 21:00:00+00:00,20260124_203512_bd217a76_StateSignal_XLE,0.0,0.0,0.9900728613053236,0.9900728613053236,0.0,0.0,0.0,0.0
2026-01-15 21:00:00+00:00,20260124_203512_bd217a76_StateSignal_XLE,0.0,0.0,0.9900728613053236,0.9900728613053236,0.0,0.0,0.0,-0.0
2026-01-16 21:00:00+00:00,20260124_203512_bd217a76_StateSignal_XLE,0.0,0.0,0.9900728613053236,0.9900728613053236,0.0,0.0,0.0,0.0
