timestamp,run_id,port_ret_gross,port_ret_net,equity_gross,equity_net,turnover,cost,weight_ret_xle,asset_ret_gross_ret_xle
2021-01-06 21:00:00+00:00,20260126_001632_a0be7977_StateSignal_XLE,0.0,0.0,1.0,1.0,0.0,0.0,0.0,-0.0
2021-01-07 21:00:00+00:00,20260126_001632_a0be7977_StateSignal_XLE,0.0,0.0,1.0,1.0,0.0,0.0,0.0,0.0
2021-01-08 21:00:00+00:00,20260126_001632_a0be7977_StateSignal_XLE,0.0,0.0,1.0,1.0,0.0,0.0,0.0,-0.0
2021-01-11 21:00:00+00:00,20260126_001632_a0be7977_StateSignal_XLE,0.0,0.0,1.0,1.0,0.0,0.0,0.0,0.0
2021-01-12 21:00:00+00:00,20260126_001632_a0be7977_StateSignal_XLE,0.0,0.0,1.0,1.0,0.0,0.0,0.0,0.0
2021-01-13 21:00:00+00:00,20260126_001632_a0be7977_StateSignal_XLE,0.0,0.0,1.0,1.0,0.0,0.0,0.0,-0.0
2021-01-14 21:00:00+00:00,20260126_001632_a0be7977_StateSignal_XLE,0.0,0.0,1.0,1.0,0.0,0.0,0.0,0.0
2021-01-15 21:00:00+00:00,20260126_001632_a0be7977_StateSignal_XLE,0.0,0.0,1.0,1.0,0.0,0.0,0.0,-0.0
2021-01-19 21:00:00+00:00,20260126_001632_a0be7977_StateSignal_XLE,0.0,0.0,1.0,1.0,0.0,0.0,0.0,0.0
2021-01-20 21:00:00+00:00,20260126_001632_a0be7977_StateSignal_XLE,0.0,0.0,1.0,1.0,0.0,0.0,0.0,0.0
2021-01-21 21:00:00+00:00,20260126_001632_a0be7977_StateSignal_XLE,0.0,0.0,1.0,1.0,0.0,0.0,0.0,-0.0
2021-01-22 21:00:00+00:00,20260126_001632_a0be7977_StateSignal_XLE,0.0,0.0,1.0,1.0,0.0,0.0,0.0,0.0
2021-01-25 21:00:00+00:00,20260126_001632_a0be7977_StateSignal_XLE,0.0,0.0,1.0,1.0,0.0,0.0,0.0,0.0
2021-01-26 21:00:00+00:00,20260126_001632_a0be7977_StateSignal_XLE,0.0,0.0,1.0,1.0,0.0,0.0,0.0,-0.0
2021-01-27 21:00:00+00:00,20260126_001632_a0be7977_StateSignal_XLE,0.0,0.0,1.0,1.0,0.0,0.0,0.0,0.0
2021-01-28 21:00:00+00:00,20260126_001632_a0be7977_StateSignal_XLE,0.0,0.0,1.0,1.0,0.0,0.0,0.0,-0.0
2021-01-29 21:00:00+00:00,20260126_001632_a0be7977_StateSignal_XLE,0.0,0.0,1.0,1.0,0.0,0.0,0.0,-0.0
2021-02-01 21:00:00+00:00,20260126_001632_a0be7977_StateSignal_XLE,0.0,0.0,1.0,1.0,0.0,0.0,0.0,0.0
2021-02-02 21:00:00+00:00,20260126_001632_a0be7977_StateSignal_XLE,0.0,0.0,1.0,1.0,0.0,0.0,0.0,-0.0
2021-02-03 21:00:00+00:00,20260126_001632_a0be7977_StateSignal_XLE,0.0,0.0,1.0,1.0,0.0,0.0,0.0,0.0
2021-02-04 21:00:00+00:00,20260126_001632_a0be7977_StateSignal_XLE,0.0,0.0,1.0,1.0,0.0,0.0,0.0,0.0
2021-02-05 21:00:00+00:00,20260126_001632_a0be7977_StateSignal_XLE,0.0,0.0,1.0,1.0,0.0,0.0,0.0,-0.0
2021-02-08 21:00:00+00:00,20260126_001632_a0be7977_StateSignal_XLE,0.0,0.0,1.0,1.0,0.0,0.0,0.0,0.0
2021-02-09 21:00:00+00:00,20260126_001632_a0be7977_StateSignal_XLE,0.0,0.0,1.0,1.0,0.0,0.0,0.0,0.0
2021-02-10 21:00:00+00:00,20260126_001632_a0be7977_StateSignal_XLE,0.0,0.0,1.0,1.0,0.0,0.0,0.0,0.0
2021-02-11 21:00:00+00:00,20260126_001632_a0be7977_StateSignal_XLE,0.0,0.0,1.0,1.0,0.0,0.0,0.0,-0.0
2021-02-12 21:00:00+00:00,20260126_001632_a0be7977_StateSignal_XLE,0.0,0.0,1.0,1.0,0.0,0.0,0.0,0.0
2021-02-16 21:00:00+00:00,20260126_001632_a0be7977_StateSignal_XLE,0.0,0.0,1.0,1.0,0.0,0.0,0.0,-0.0
2021-02-17 21:00:00+00:00,20260126_001632_a0be7977_StateSignal_XLE,0.0,0.0,1.0,1.0,0.0,0.0,0.0,0.0
2021-02-18 21:00:00+00:00,20260126_001632_a0be7977_StateSignal_XLE,0.0,0.0,1.0,1.0,0.0,0.0,0.0,-0.0
2021-02-19 21:00:00+00:00,20260126_001632_a0be7977_StateSignal_XLE,0.0,0.0,1.0,1.0,0.0,0.0,0.0,0.0
2021-02-22 21:00:00+00:00,20260126_001632_a0be7977_StateSignal_XLE,0.0,0.0,1.0,1.0,0.0,0.0,0.0,0.0
2021-02-23 21:00:00+00:00,20260126_001632_a0be7977_StateSignal_XLE,0.0,0.0,1.0,1.0,0.0,0.0,0.0,0.0
2021-02-24 21:00:00+00:00,20260126_001632_a0be7977_StateSignal_XLE,0.0,0.0,1.0,1.0,0.0,0.0,0.0,0.0
2021-02-25 21:00:00+00:00,20260126_001632_a0be7977_StateSignal_XLE,0.0,0.0,1.0,1.0,0.0,0.0,0.0,-0.0
2021-02-26 21:00:00+00:00,20260126_001632_a0be7977_StateSignal_XLE,0.0,0.0,1.0,1.0,0.0,0.0,0.0,-0.0
2021-03-01 21:00:00+00:00,20260126_001632_a0be7977_StateSignal_XLE,0.0,0.0,1.0,1.0,0.0,0.0,0.0,-0.0
2021-03-02 21:00:00+00:00,20260126_001632_a0be7977_StateSignal_XLE,0.0,0.0,1.0,1.0,0.0,0.0,0.0,-0.0
2021-03-03 21:00:00+00:00,20260126_001632_a0be7977_StateSignal_XLE,0.0,0.0,1.0,1.0,0.0,0.0,0.0,0.0
2021-03-04 21:00:00+00:00,20260126_001632_a0be7977_StateSignal_XLE,0.0,0.0,1.0,1.0,0.0,0.0,0.0,0.0
2021-03-05 21:00:00+00:00,20260126_001632_a0be7977_StateSignal_XLE,0.0,0.0,1.0,1.0,0.0,0.0,0.0,0.0
2021-03-08 21:00:00+00:00,20260126_001632_a0be7977_StateSignal_XLE,0.0,0.0,1.0,1.0,0.0,0.0,0.0,-0.0
2021-03-09 21:00:00+00:00,20260126_001632_a0be7977_StateSignal_XLE,0.0,0.0,1.0,1.0,0.0,0.0,0.0,-0.0
2021-03-10 21:00:00+00:00,20260126_001632_a0be7977_StateSignal_XLE,0.0,0.0,1.0,1.0,0.0,0.0,0.0,0.0
2021-03-11 21:00:00+00:00,20260126_001632_a0be7977_StateSignal_XLE,0.0,0.0,1.0,1.0,0.0,0.0,0.0,-0.0
2021-03-12 21:00:00+00:00,20260126_001632_a0be7977_StateSignal_XLE,0.0,0.0,1.0,1.0,0.0,0.0,0.0,-0.0
2021-03-15 20:00:00+00:00,20260126_001632_a0be7977_StateSignal_XLE,0.0,0.0,1.0,1.0,0.0,0.0,0.0,-0.0
2021-03-16 20:00:00+00:00,20260126_001632_a0be7977_StateSignal_XLE,0.0,0.0,1.0,1.0,0.0,0.0,0.0,-0.0
2021-03-17 20:00:00+00:00,20260126_001632_a0be7977_StateSignal_XLE,0.0,0.0,1.0,1.0,0.0,0.0,0.0,0.0
2021-03-18 20:00:00+00:00,20260126_001632_a0be7977_StateSignal_XLE,0.0,0.0,1.0,1.0,0.0,0.0,0.0,-0.0
2021-03-19 20:00:00+00:00,20260126_001632_a0be7977_StateSignal_XLE,0.0,0.0,1.0,1.0,0.0,0.0,0.0,0.0
2021-03-22 20:00:00+00:00,20260126_001632_a0be7977_StateSignal_XLE,0.0,0.0,1.0,1.0,0.0,0.0,0.0,-0.0
2021-03-23 20:00:00+00:00,20260126_001632_a0be7977_StateSignal_XLE,0.0,0.0,1.0,1.0,0.0,0.0,0.0,-0.0
2021-03-24 20:00:00+00:00,20260126_001632_a0be7977_StateSignal_XLE,0.0,0.0,1.0,1.0,0.0,0.0,0.0,-0.0
2021-03-25 20:00:00+00:00,20260126_001632_a0be7977_StateSignal_XLE,0.0,0.0,1.0,1.0,0.0,0.0,0.0,0.0
2021-03-26 20:00:00+00:00,20260126_001632_a0be7977_StateSignal_XLE,0.0,0.0,1.0,1.0,0.0,0.0,0.0,0.0
2021-03-29 20:00:00+00:00,20260126_001632_a0be7977_StateSignal_XLE,0.0,0.0,1.0,1.0,0.0,0.0,0.0,-0.0
2021-03-30 20:00:00+00:00,20260126_001632_a0be7977_StateSignal_XLE,0.0,0.0,1.0,1.0,0.0,0.0,0.0,0.0
2021-03-31 20:00:00+00:00,20260126_001632_a0be7977_StateSignal_XLE,0.0,0.0,1.0,1.0,0.0,0.0,0.0,-0.0
2021-04-01 20:00:00+00:00,20260126_001632_a0be7977_StateSignal_XLE,0.0,0.0,1.0,1.0,0.0,0.0,0.0,0.0
2021-04-05 20:00:00+00:00,20260126_001632_a0be7977_StateSignal_XLE,0.0,0.0,1.0,1.0,0.0,0.0,0.0,-0.0
2021-04-06 20:00:00+00:00,20260126_001632_a0be7977_StateSignal_XLE,0.0,0.0,1.0,1.0,0.0,0.0,0.0,-0.0
2021-04-07 20:00:00+00:00,20260126_001632_a0be7977_StateSignal_XLE,0.0,0.0,1.0,1.0,0.0,0.0,0.0,0.0
2021-04-08 20:00:00+00:00,20260126_001632_a0be7977_StateSignal_XLE,0.0,0.0,1.0,1.0,0.0,0.0,0.0,0.0
2021-04-09 20:00:00+00:00,20260126_001632_a0be7977_StateSignal_XLE,0.0,0.0,1.0,1.0,0.0,0.0,0.0,-0.0
2021-04-12 20:00:00+00:00,20260126_001632_a0be7977_StateSignal_XLE,0.0,0.0,1.0,1.0,0.0,0.0,0.0,-0.0
2021-04-13 20:00:00+00:00,20260126_001632_a0be7977_StateSignal_XLE,0.0,0.0,1.0,1.0,0.0,0.0,0.0,0.0
2021-04-14 20:00:00+00:00,20260126_001632_a0be7977_StateSignal_XLE,0.0,0.0,1.0,1.0,0.0,0.0,0.0,0.0
2021-04-15 20:00:00+00:00,20260126_001632_a0be7977_StateSignal_XLE,0.0,0.0,1.0,1.0,0.0,0.0,0.0,0.0
2021-04-16 20:00:00+00:00,20260126_001632_a0be7977_StateSignal_XLE,0.0,0.0,1.0,1.0,0.0,0.0,0.0,-0.0
2021-04-19 20:00:00+00:00,20260126_001632_a0be7977_StateSignal_XLE,0.0,0.0,1.0,1.0,0.0,0.0,0.0,-0.0
2021-04-20 20:00:00+00:00,20260126_001632_a0be7977_StateSignal_XLE,0.0,0.0,1.0,1.0,0.0,0.0,0.0,-0.0
2021-04-21 20:00:00+00:00,20260126_001632_a0be7977_StateSignal_XLE,0.0,0.0,1.0,1.0,0.0,0.0,0.0,0.0
2021-04-22 20:00:00+00:00,20260126_001632_a0be7977_StateSignal_XLE,0.0,0.0,1.0,1.0,0.0,0.0,0.0,-0.0
2021-04-23 20:00:00+00:00,20260126_001632_a0be7977_StateSignal_XLE,0.0,0.0,1.0,1.0,0.0,0.0,0.0,0.0
2021-04-26 20:00:00+00:00,20260126_001632_a0be7977_StateSignal_XLE,0.0,0.0,1.0,1.0,0.0,0.0,0.0,-0.0
2021-04-27 20:00:00+00:00,20260126_001632_a0be7977_StateSignal_XLE,0.0,0.0,1.0,1.0,0.0,0.0,0.0,0.0
2021-04-28 20:00:00+00:00,20260126_001632_a0be7977_StateSignal_XLE,0.0,0.0,1.0,1.0,0.0,0.0,0.0,0.0
2021-04-29 20:00:00+00:00,20260126_001632_a0be7977_StateSignal_XLE,0.0,0.0,1.0,1.0,0.0,0.0,0.0,-0.0
2021-04-30 20:00:00+00:00,20260126_001632_a0be7977_StateSignal_XLE,0.0,0.0,1.0,1.0,0.0,0.0,0.0,-0.0
2021-05-03 20:00:00+00:00,20260126_001632_a0be7977_StateSignal_XLE,0.0,0.0,1.0,1.0,0.0,0.0,0.0,0.0
2021-05-04 20:00:00+00:00,20260126_001632_a0be7977_StateSignal_XLE,0.0,0.0,1.0,1.0,0.0,0.0,0.0,0.0
2021-05-05 20:00:00+00:00,20260126_001632_a0be7977_StateSignal_XLE,0.0,0.0,1.0,1.0,0.0,0.0,0.0,0.0
2021-05-06 20:00:00+00:00,20260126_001632_a0be7977_StateSignal_XLE,0.0,0.0,1.0,1.0,0.0,0.0,0.0,0.0
2021-05-07 20:00:00+00:00,20260126_001632_a0be7977_StateSignal_XLE,0.0,0.0,1.0,1.0,0.0,0.0,0.0,0.0
2021-05-10 20:00:00+00:00,20260126_001632_a0be7977_StateSignal_XLE,0.0,0.0,1.0,1.0,0.0,0.0,0.0,-0.0
2021-05-11 20:00:00+00:00,20260126_001632_a0be7977_StateSignal_XLE,0.0,0.0,1.0,1.0,0.0,0.0,0.0,-0.0
2021-05-12 20:00:00+00:00,20260126_001632_a0be7977_StateSignal_XLE,0.0,0.0,1.0,1.0,0.0,0.0,0.0,-0.0
2021-05-13 20:00:00+00:00,20260126_001632_a0be7977_StateSignal_XLE,0.0,0.0,1.0,1.0,0.0,0.0,0.0,-0.0
2021-05-14 20:00:00+00:00,20260126_001632_a0be7977_StateSignal_XLE,0.0,0.0,1.0,1.0,0.0,0.0,0.0,0.0
2021-05-17 20:00:00+00:00,20260126_001632_a0be7977_StateSignal_XLE,0.0,0.0,1.0,1.0,0.0,0.0,0.0,0.0
2021-05-18 20:00:00+00:00,20260126_001632_a0be7977_StateSignal_XLE,0.0,0.0,1.0,1.0,0.0,0.0,0.0,-0.0
2021-05-19 20:00:00+00:00,20260126_001632_a0be7977_StateSignal_XLE,0.0,0.0,1.0,1.0,0.0,0.0,0.0,0.0
2021-05-20 20:00:00+00:00,20260126_001632_a0be7977_StateSignal_XLE,0.0,0.0,1.0,1.0,0.0,0.0,0.0,0.0
2021-05-21 20:00:00+00:00,20260126_001632_a0be7977_StateSignal_XLE,0.0,0.0,1.0,1.0,0.0,0.0,0.0,-0.0
2021-05-24 20:00:00+00:00,20260126_001632_a0be7977_StateSignal_XLE,0.0,0.0,1.0,1.0,0.0,0.0,0.0,0.0
2021-05-25 20:00:00+00:00,20260126_001632_a0be7977_StateSignal_XLE,0.0,0.0,1.0,1.0,0.0,0.0,0.0,-0.0
2021-05-26 20:00:00+00:00,20260126_001632_a0be7977_StateSignal_XLE,0.0,0.0,1.0,1.0,0.0,0.0,0.0,0.0
2021-05-27 20:00:00+00:00,20260126_001632_a0be7977_StateSignal_XLE,0.0,0.0,1.0,1.0,0.0,0.0,0.0,-0.0
2021-05-28 20:00:00+00:00,20260126_001632_a0be7977_StateSignal_XLE,0.0,0.0,1.0,1.0,0.0,0.0,0.0,0.0
2021-06-01 20:00:00+00:00,20260126_001632_a0be7977_StateSignal_XLE,0.0,0.0,1.0,1.0,0.0,0.0,0.0,0.0
2021-06-02 20:00:00+00:00,20260126_001632_a0be7977_StateSignal_XLE,0.0,0.0,1.0,1.0,0.0,0.0,0.0,0.0
2021-06-03 20:00:00+00:00,20260126_001632_a0be7977_StateSignal_XLE,0.0,0.0,1.0,1.0,0.0,0.0,0.0,0.0
2021-06-04 20:00:00+00:00,20260126_001632_a0be7977_StateSignal_XLE,0.0,0.0,1.0,1.0,0.0,0.0,0.0,-0.0
2021-06-07 20:00:00+00:00,20260126_001632_a0be7977_StateSignal_XLE,0.0,0.0,1.0,1.0,0.0,0.0,0.0,-0.0
2021-06-08 20:00:00+00:00,20260126_001632_a0be7977_StateSignal_XLE,0.0,0.0,1.0,1.0,0.0,0.0,0.0,0.0
2021-06-09 20:00:00+00:00,20260126_001632_a0be7977_StateSignal_XLE,0.0,0.0,1.0,1.0,0.0,0.0,0.0,-0.0
2021-06-10 20:00:00+00:00,20260126_001632_a0be7977_StateSignal_XLE,0.0,0.0,1.0,1.0,0.0,0.0,0.0,-0.0
2021-06-11 20:00:00+00:00,20260126_001632_a0be7977_StateSignal_XLE,0.0,0.0,1.0,1.0,0.0,0.0,0.0,-0.0
2021-06-14 20:00:00+00:00,20260126_001632_a0be7977_StateSignal_XLE,0.0,0.0,1.0,1.0,0.0,0.0,0.0,-0.0
2021-06-15 20:00:00+00:00,20260126_001632_a0be7977_StateSignal_XLE,0.0,0.0,1.0,1.0,0.0,0.0,0.0,0.0
2021-06-16 20:00:00+00:00,20260126_001632_a0be7977_StateSignal_XLE,0.0,0.0,1.0,1.0,0.0,0.0,0.0,0.0
2021-06-17 20:00:00+00:00,20260126_001632_a0be7977_StateSignal_XLE,0.0,0.0,1.0,1.0,0.0,0.0,0.0,-0.0
2021-06-18 20:00:00+00:00,20260126_001632_a0be7977_StateSignal_XLE,0.0,0.0,1.0,1.0,0.0,0.0,0.0,-0.0
2021-06-21 20:00:00+00:00,20260126_001632_a0be7977_StateSignal_XLE,0.0,0.0,1.0,1.0,0.0,0.0,0.0,0.0
2021-06-22 20:00:00+00:00,20260126_001632_a0be7977_StateSignal_XLE,0.0,0.0,1.0,1.0,0.0,0.0,0.0,0.0
2021-06-23 20:00:00+00:00,20260126_001632_a0be7977_StateSignal_XLE,0.0,0.0,1.0,1.0,0.0,0.0,0.0,-0.0
2021-06-24 20:00:00+00:00,20260126_001632_a0be7977_StateSignal_XLE,0.0,0.0,1.0,1.0,0.0,0.0,0.0,0.0
2021-06-25 20:00:00+00:00,20260126_001632_a0be7977_StateSignal_XLE,0.0,0.0,1.0,1.0,0.0,0.0,0.0,0.0
2021-06-28 20:00:00+00:00,20260126_001632_a0be7977_StateSignal_XLE,0.0,0.0,1.0,1.0,0.0,0.0,0.0,-0.0
2021-06-29 20:00:00+00:00,20260126_001632_a0be7977_StateSignal_XLE,0.0,0.0,1.0,1.0,0.0,0.0,0.0,-0.0
2021-06-30 20:00:00+00:00,20260126_001632_a0be7977_StateSignal_XLE,0.0,0.0,1.0,1.0,0.0,0.0,0.0,0.0
2021-07-01 20:00:00+00:00,20260126_001632_a0be7977_StateSignal_XLE,0.0,0.0,1.0,1.0,0.0,0.0,0.0,-0.0
2021-07-02 20:00:00+00:00,20260126_001632_a0be7977_StateSignal_XLE,0.0,0.0,1.0,1.0,0.0,0.0,0.0,0.0
2021-07-06 20:00:00+00:00,20260126_001632_a0be7977_StateSignal_XLE,0.0,0.0,1.0,1.0,0.0,0.0,0.0,-0.0
2021-07-07 20:00:00+00:00,20260126_001632_a0be7977_StateSignal_XLE,0.0,0.0,1.0,1.0,0.0,0.0,0.0,-0.0
2021-07-08 20:00:00+00:00,20260126_001632_a0be7977_StateSignal_XLE,0.0,0.0,1.0,1.0,0.0,0.0,0.0,0.0
2021-07-09 20:00:00+00:00,20260126_001632_a0be7977_StateSignal_XLE,0.0,0.0,1.0,1.0,0.0,0.0,0.0,0.0
2021-07-12 20:00:00+00:00,20260126_001632_a0be7977_StateSignal_XLE,0.0,0.0,1.0,1.0,0.0,0.0,0.0,0.0
2021-07-13 20:00:00+00:00,20260126_001632_a0be7977_StateSignal_XLE,0.0,0.0,1.0,1.0,0.0,0.0,0.0,-0.0
2021-07-14 20:00:00+00:00,20260126_001632_a0be7977_StateSignal_XLE,0.0,0.0,1.0,1.0,0.0,0.0,0.0,-0.0
2021-07-15 20:00:00+00:00,20260126_001632_a0be7977_StateSignal_XLE,0.0,0.0,1.0,1.0,0.0,0.0,0.0,-0.0
2021-07-16 20:00:00+00:00,20260126_001632_a0be7977_StateSignal_XLE,0.0,0.0,1.0,1.0,0.0,0.0,0.0,-0.0
2021-07-19 20:00:00+00:00,20260126_001632_a0be7977_StateSignal_XLE,0.0,0.0,1.0,1.0,0.0,0.0,0.0,0.0
2021-07-20 20:00:00+00:00,20260126_001632_a0be7977_StateSignal_XLE,0.0,0.0,1.0,1.0,0.0,0.0,0.0,0.0
2021-07-21 20:00:00+00:00,20260126_001632_a0be7977_StateSignal_XLE,0.0,0.0,1.0,1.0,0.0,0.0,0.0,0.0
2021-07-22 20:00:00+00:00,20260126_001632_a0be7977_StateSignal_XLE,0.0,0.0,1.0,1.0,0.0,0.0,0.0,-0.0
2021-07-23 20:00:00+00:00,20260126_001632_a0be7977_StateSignal_XLE,0.0,0.0,1.0,1.0,0.0,0.0,0.0,-0.0
2021-07-26 20:00:00+00:00,20260126_001632_a0be7977_StateSignal_XLE,0.0,0.0,1.0,1.0,0.0,0.0,0.0,0.0
2021-07-27 20:00:00+00:00,20260126_001632_a0be7977_StateSignal_XLE,0.0,0.0,1.0,1.0,0.0,0.0,0.0,0.0
2021-07-28 20:00:00+00:00,20260126_001632_a0be7977_StateSignal_XLE,0.0,0.0,1.0,1.0,0.0,0.0,0.0,0.0
2021-07-29 20:00:00+00:00,20260126_001632_a0be7977_StateSignal_XLE,0.0,0.0,1.0,1.0,0.0,0.0,0.0,0.0
2021-07-30 20:00:00+00:00,20260126_001632_a0be7977_StateSignal_XLE,0.0,0.0,1.0,1.0,0.0,0.0,0.0,-0.0
2021-08-02 20:00:00+00:00,20260126_001632_a0be7977_StateSignal_XLE,0.0,0.0,1.0,1.0,0.0,0.0,0.0,-0.0
2021-08-03 20:00:00+00:00,20260126_001632_a0be7977_StateSignal_XLE,0.0,0.0,1.0,1.0,0.0,0.0,0.0,0.0
2021-08-04 20:00:00+00:00,20260126_001632_a0be7977_StateSignal_XLE,0.0,0.0,1.0,1.0,0.0,0.0,0.0,-0.0
2021-08-05 20:00:00+00:00,20260126_001632_a0be7977_StateSignal_XLE,0.0,0.0,1.0,1.0,0.0,0.0,0.0,0.0
2021-08-06 20:00:00+00:00,20260126_001632_a0be7977_StateSignal_XLE,0.0,0.0,1.0,1.0,0.0,0.0,0.0,-0.0
2021-08-09 20:00:00+00:00,20260126_001632_a0be7977_StateSignal_XLE,0.0,0.0,1.0,1.0,0.0,0.0,0.0,-0.0
2021-08-10 20:00:00+00:00,20260126_001632_a0be7977_StateSignal_XLE,0.0,0.0,1.0,1.0,0.0,0.0,0.0,0.0
2021-08-11 20:00:00+00:00,20260126_001632_a0be7977_StateSignal_XLE,0.0,0.0,1.0,1.0,0.0,0.0,0.0,0.0
2021-08-12 20:00:00+00:00,20260126_001632_a0be7977_StateSignal_XLE,0.0,0.0,1.0,1.0,0.0,0.0,0.0,-0.0
2021-08-13 20:00:00+00:00,20260126_001632_a0be7977_StateSignal_XLE,0.0,0.0,1.0,1.0,0.0,0.0,0.0,-0.0
2021-08-16 20:00:00+00:00,20260126_001632_a0be7977_StateSignal_XLE,0.0,0.0,1.0,1.0,0.0,0.0,0.0,0.0
2021-08-17 20:00:00+00:00,20260126_001632_a0be7977_StateSignal_XLE,0.0,0.0,1.0,1.0,0.0,0.0,0.0,-0.0
2021-08-18 20:00:00+00:00,20260126_001632_a0be7977_StateSignal_XLE,0.0,0.0,1.0,1.0,0.0,0.0,0.0,-0.0
2021-08-19 20:00:00+00:00,20260126_001632_a0be7977_StateSignal_XLE,0.0,0.0,1.0,1.0,0.0,0.0,0.0,-0.0
2021-08-20 20:00:00+00:00,20260126_001632_a0be7977_StateSignal_XLE,0.0,0.0,1.0,1.0,0.0,0.0,0.0,0.0
2021-08-23 20:00:00+00:00,20260126_001632_a0be7977_StateSignal_XLE,0.0,0.0,1.0,1.0,0.0,0.0,0.0,0.0
2021-08-24 20:00:00+00:00,20260126_001632_a0be7977_StateSignal_XLE,0.0,0.0,1.0,1.0,0.0,0.0,0.0,0.0
2021-08-25 20:00:00+00:00,20260126_001632_a0be7977_StateSignal_XLE,0.0,0.0,1.0,1.0,0.0,0.0,0.0,0.0
2021-08-26 20:00:00+00:00,20260126_001632_a0be7977_StateSignal_XLE,0.0,0.0,1.0,1.0,0.0,0.0,0.0,-0.0
2021-08-27 20:00:00+00:00,20260126_001632_a0be7977_StateSignal_XLE,0.0,0.0,1.0,1.0,0.0,0.0,0.0,0.0
2021-08-30 20:00:00+00:00,20260126_001632_a0be7977_StateSignal_XLE,0.0,0.0,1.0,1.0,0.0,0.0,0.0,-0.0
2021-08-31 20:00:00+00:00,20260126_001632_a0be7977_StateSignal_XLE,0.0,0.0,1.0,1.0,0.0,0.0,0.0,-0.0
2021-09-01 20:00:00+00:00,20260126_001632_a0be7977_StateSignal_XLE,0.0,0.0,1.0,1.0,0.0,0.0,0.0,-0.0
2021-09-02 20:00:00+00:00,20260126_001632_a0be7977_StateSignal_XLE,0.0,0.0,1.0,1.0,0.0,0.0,0.0,0.0
2021-09-03 20:00:00+00:00,20260126_001632_a0be7977_StateSignal_XLE,0.0,0.0,1.0,1.0,0.0,0.0,0.0,-0.0
2021-09-07 20:00:00+00:00,20260126_001632_a0be7977_StateSignal_XLE,0.0,0.0,1.0,1.0,0.0,0.0,0.0,-0.0
2021-09-08 20:00:00+00:00,20260126_001632_a0be7977_StateSignal_XLE,0.0,0.0,1.0,1.0,0.0,0.0,0.0,-0.0
2021-09-09 20:00:00+00:00,20260126_001632_a0be7977_StateSignal_XLE,0.0,0.0,1.0,1.0,0.0,0.0,0.0,0.0
2021-09-10 20:00:00+00:00,20260126_001632_a0be7977_StateSignal_XLE,0.0,0.0,1.0,1.0,0.0,0.0,0.0,-0.0
2021-09-13 20:00:00+00:00,20260126_001632_a0be7977_StateSignal_XLE,0.0,0.0,1.0,1.0,0.0,0.0,0.0,0.0
2021-09-14 20:00:00+00:00,20260126_001632_a0be7977_StateSignal_XLE,0.0,0.0,1.0,1.0,0.0,0.0,0.0,-0.0
2021-09-15 20:00:00+00:00,20260126_001632_a0be7977_StateSignal_XLE,0.0,0.0,1.0,1.0,0.0,0.0,0.0,0.0
2021-09-16 20:00:00+00:00,20260126_001632_a0be7977_StateSignal_XLE,0.0,0.0,1.0,1.0,0.0,0.0,0.0,-0.0
2021-09-17 20:00:00+00:00,20260126_001632_a0be7977_StateSignal_XLE,0.0,0.0,1.0,1.0,0.0,0.0,0.0,-0.0
2021-09-20 20:00:00+00:00,20260126_001632_a0be7977_StateSignal_XLE,0.0,0.0,1.0,1.0,0.0,0.0,0.0,-0.0
2021-09-21 20:00:00+00:00,20260126_001632_a0be7977_StateSignal_XLE,0.0,0.0,1.0,1.0,0.0,0.0,0.0,-0.0
2021-09-22 20:00:00+00:00,20260126_001632_a0be7977_StateSignal_XLE,0.0,0.0,1.0,1.0,0.0,0.0,0.0,0.0
2021-09-23 20:00:00+00:00,20260126_001632_a0be7977_StateSignal_XLE,0.0,0.0,1.0,1.0,0.0,0.0,0.0,0.0
2021-09-24 20:00:00+00:00,20260126_001632_a0be7977_StateSignal_XLE,0.0,0.0,1.0,1.0,0.0,0.0,0.0,0.0
2021-09-27 20:00:00+00:00,20260126_001632_a0be7977_StateSignal_XLE,0.0,0.0,1.0,1.0,0.0,0.0,0.0,0.0
2021-09-28 20:00:00+00:00,20260126_001632_a0be7977_StateSignal_XLE,0.0,0.0,1.0,1.0,0.0,0.0,0.0,0.0
2021-09-29 20:00:00+00:00,20260126_001632_a0be7977_StateSignal_XLE,0.0,0.0,1.0,1.0,0.0,0.0,0.0,0.0
2021-09-30 20:00:00+00:00,20260126_001632_a0be7977_StateSignal_XLE,0.0,0.0,1.0,1.0,0.0,0.0,0.0,-0.0
2021-10-01 20:00:00+00:00,20260126_001632_a0be7977_StateSignal_XLE,0.0,0.0,1.0,1.0,0.0,0.0,0.0,0.0
2021-10-04 20:00:00+00:00,20260126_001632_a0be7977_StateSignal_XLE,0.0,0.0,1.0,1.0,0.0,0.0,0.0,0.0
2021-10-05 20:00:00+00:00,20260126_001632_a0be7977_StateSignal_XLE,0.0,0.0,1.0,1.0,0.0,0.0,0.0,-0.0
2021-10-06 20:00:00+00:00,20260126_001632_a0be7977_StateSignal_XLE,0.0,0.0,1.0,1.0,0.0,0.0,0.0,0.0
2021-10-07 20:00:00+00:00,20260126_001632_a0be7977_StateSignal_XLE,0.0,0.0,1.0,1.0,0.0,0.0,0.0,0.0
2021-10-08 20:00:00+00:00,20260126_001632_a0be7977_StateSignal_XLE,0.0,0.0,1.0,1.0,0.0,0.0,0.0,0.0
2021-10-11 20:00:00+00:00,20260126_001632_a0be7977_StateSignal_XLE,0.0,0.0,1.0,1.0,0.0,0.0,0.0,-0.0
2021-10-12 20:00:00+00:00,20260126_001632_a0be7977_StateSignal_XLE,0.0,0.0,1.0,1.0,0.0,0.0,0.0,-0.0
2021-10-13 20:00:00+00:00,20260126_001632_a0be7977_StateSignal_XLE,0.0,0.0,1.0,1.0,0.0,0.0,0.0,0.0
2021-10-14 20:00:00+00:00,20260126_001632_a0be7977_StateSignal_XLE,0.0,0.0,1.0,1.0,0.0,0.0,0.0,0.0
2021-10-15 20:00:00+00:00,20260126_001632_a0be7977_StateSignal_XLE,0.0,0.0,1.0,1.0,0.0,0.0,0.0,-0.0
2021-10-18 20:00:00+00:00,20260126_001632_a0be7977_StateSignal_XLE,0.0,0.0,1.0,1.0,0.0,0.0,0.0,-0.0
2021-10-19 20:00:00+00:00,20260126_001632_a0be7977_StateSignal_XLE,0.0,0.0,1.0,1.0,0.0,0.0,0.0,0.0
2021-10-20 20:00:00+00:00,20260126_001632_a0be7977_StateSignal_XLE,0.0,0.0,1.0,1.0,0.0,0.0,0.0,0.0
2021-10-21 20:00:00+00:00,20260126_001632_a0be7977_StateSignal_XLE,0.0,0.0,1.0,1.0,0.0,0.0,0.0,-0.0
2021-10-22 20:00:00+00:00,20260126_001632_a0be7977_StateSignal_XLE,0.0,0.0,1.0,1.0,0.0,0.0,0.0,0.0
2021-10-25 20:00:00+00:00,20260126_001632_a0be7977_StateSignal_XLE,0.0,0.0,1.0,1.0,0.0,0.0,0.0,0.0
2021-10-26 20:00:00+00:00,20260126_001632_a0be7977_StateSignal_XLE,0.0,0.0,1.0,1.0,0.0,0.0,0.0,0.0
2021-10-27 20:00:00+00:00,20260126_001632_a0be7977_StateSignal_XLE,0.0,0.0,1.0,1.0,0.0,0.0,0.0,-0.0
2021-10-28 20:00:00+00:00,20260126_001632_a0be7977_StateSignal_XLE,0.0,0.0,1.0,1.0,0.0,0.0,0.0,0.0
2021-10-29 20:00:00+00:00,20260126_001632_a0be7977_StateSignal_XLE,0.0,0.0,1.0,1.0,0.0,0.0,0.0,-0.0
2021-11-01 20:00:00+00:00,20260126_001632_a0be7977_StateSignal_XLE,0.0,0.0,1.0,1.0,0.0,0.0,0.0,0.0
2021-11-02 20:00:00+00:00,20260126_001632_a0be7977_StateSignal_XLE,0.0,0.0,1.0,1.0,0.0,0.0,0.0,-0.0
2021-11-03 20:00:00+00:00,20260126_001632_a0be7977_StateSignal_XLE,0.0,0.0,1.0,1.0,0.0,0.0,0.0,0.0
2021-11-04 20:00:00+00:00,20260126_001632_a0be7977_StateSignal_XLE,0.0,0.0,1.0,1.0,0.0,0.0,0.0,-0.0
2021-11-05 20:00:00+00:00,20260126_001632_a0be7977_StateSignal_XLE,0.0,0.0,1.0,1.0,0.0,0.0,0.0,0.0
2021-11-08 21:00:00+00:00,20260126_001632_a0be7977_StateSignal_XLE,0.0,0.0,1.0,1.0,0.0,0.0,0.0,-0.0
2021-11-09 21:00:00+00:00,20260126_001632_a0be7977_StateSignal_XLE,0.0,0.0,1.0,1.0,0.0,0.0,0.0,0.0
2021-11-10 21:00:00+00:00,20260126_001632_a0be7977_StateSignal_XLE,0.0,0.0,1.0,1.0,0.0,0.0,0.0,-0.0
2021-11-11 21:00:00+00:00,20260126_001632_a0be7977_StateSignal_XLE,0.0,0.0,1.0,1.0,0.0,0.0,0.0,-0.0
2021-11-12 21:00:00+00:00,20260126_001632_a0be7977_StateSignal_XLE,0.0,0.0,1.0,1.0,0.0,0.0,0.0,-0.0
2021-11-15 21:00:00+00:00,20260126_001632_a0be7977_StateSignal_XLE,0.0,0.0,1.0,1.0,0.0,0.0,0.0,0.0
2021-11-16 21:00:00+00:00,20260126_001632_a0be7977_StateSignal_XLE,0.0,0.0,1.0,1.0,0.0,0.0,0.0,0.0
2021-11-17 21:00:00+00:00,20260126_001632_a0be7977_StateSignal_XLE,0.0,0.0,1.0,1.0,0.0,0.0,0.0,-0.0
2021-11-18 21:00:00+00:00,20260126_001632_a0be7977_StateSignal_XLE,0.0,0.0,1.0,1.0,0.0,0.0,0.0,-0.0
2021-11-19 21:00:00+00:00,20260126_001632_a0be7977_StateSignal_XLE,0.0,0.0,1.0,1.0,0.0,0.0,0.0,-0.0
2021-11-22 21:00:00+00:00,20260126_001632_a0be7977_StateSignal_XLE,0.0,0.0,1.0,1.0,0.0,0.0,0.0,0.0
2021-11-23 21:00:00+00:00,20260126_001632_a0be7977_StateSignal_XLE,0.0,0.0,1.0,1.0,0.0,0.0,0.0,0.0
2021-11-24 21:00:00+00:00,20260126_001632_a0be7977_StateSignal_XLE,0.0,0.0,1.0,1.0,0.0,0.0,0.0,0.0
2021-11-26 21:00:00+00:00,20260126_001632_a0be7977_StateSignal_XLE,0.0,0.0,1.0,1.0,0.0,0.0,0.0,0.0
2021-11-29 21:00:00+00:00,20260126_001632_a0be7977_StateSignal_XLE,0.0,0.0,1.0,1.0,0.0,0.0,0.0,-0.0
2021-11-30 21:00:00+00:00,20260126_001632_a0be7977_StateSignal_XLE,0.0,0.0,1.0,1.0,0.0,0.0,0.0,-0.0
2021-12-01 21:00:00+00:00,20260126_001632_a0be7977_StateSignal_XLE,0.0,0.0,1.0,1.0,0.0,0.0,0.0,-0.0
2021-12-02 21:00:00+00:00,20260126_001632_a0be7977_StateSignal_XLE,0.0,0.0,1.0,1.0,0.0,0.0,0.0,0.0
2021-12-03 21:00:00+00:00,20260126_001632_a0be7977_StateSignal_XLE,0.0,0.0,1.0,1.0,0.0,0.0,0.0,-0.0
2021-12-06 21:00:00+00:00,20260126_001632_a0be7977_StateSignal_XLE,0.0,0.0,1.0,1.0,0.0,0.0,0.0,0.0
2021-12-07 21:00:00+00:00,20260126_001632_a0be7977_StateSignal_XLE,0.0,0.0,1.0,1.0,0.0,0.0,0.0,0.0
2021-12-08 21:00:00+00:00,20260126_001632_a0be7977_StateSignal_XLE,0.0,0.0,1.0,1.0,0.0,0.0,0.0,-0.0
2021-12-09 21:00:00+00:00,20260126_001632_a0be7977_StateSignal_XLE,0.0,0.0,1.0,1.0,0.0,0.0,0.0,0.0
2021-12-10 21:00:00+00:00,20260126_001632_a0be7977_StateSignal_XLE,0.0,0.0,1.0,1.0,0.0,0.0,0.0,0.0
2021-12-13 21:00:00+00:00,20260126_001632_a0be7977_StateSignal_XLE,0.0,0.0,1.0,1.0,0.0,0.0,0.0,-0.0
2021-12-14 21:00:00+00:00,20260126_001632_a0be7977_StateSignal_XLE,0.0,0.0,1.0,1.0,0.0,0.0,0.0,-0.0
2021-12-15 21:00:00+00:00,20260126_001632_a0be7977_StateSignal_XLE,0.0,0.0,1.0,1.0,0.0,0.0,0.0,0.0
2021-12-16 21:00:00+00:00,20260126_001632_a0be7977_StateSignal_XLE,0.0,0.0,1.0,1.0,0.0,0.0,0.0,-0.0
2021-12-17 21:00:00+00:00,20260126_001632_a0be7977_StateSignal_XLE,0.0,0.0,1.0,1.0,0.0,0.0,0.0,-0.0
2021-12-20 21:00:00+00:00,20260126_001632_a0be7977_StateSignal_XLE,0.0,0.0,1.0,1.0,0.0,0.0,0.0,0.0
2021-12-21 21:00:00+00:00,20260126_001632_a0be7977_StateSignal_XLE,0.0,0.0,1.0,1.0,0.0,0.0,0.0,0.0
2021-12-22 21:00:00+00:00,20260126_001632_a0be7977_StateSignal_XLE,0.0,0.0,1.0,1.0,0.0,0.0,0.0,0.0
2021-12-23 21:00:00+00:00,20260126_001632_a0be7977_StateSignal_XLE,0.0,0.0,1.0,1.0,0.0,0.0,0.0,-0.0
2021-12-27 21:00:00+00:00,20260126_001632_a0be7977_StateSignal_XLE,0.0,0.0,1.0,1.0,0.0,0.0,0.0,0.0
2021-12-28 21:00:00+00:00,20260126_001632_a0be7977_StateSignal_XLE,0.0,0.0,1.0,1.0,0.0,0.0,0.0,-0.0
2021-12-29 21:00:00+00:00,20260126_001632_a0be7977_StateSignal_XLE,0.0,0.0,1.0,1.0,0.0,0.0,0.0,0.0
2021-12-30 21:00:00+00:00,20260126_001632_a0be7977_StateSignal_XLE,0.0,0.0,1.0,1.0,0.0,0.0,0.0,-0.0
2021-12-31 21:00:00+00:00,20260126_001632_a0be7977_StateSignal_XLE,0.0,0.0,1.0,1.0,0.0,0.0,0.0,0.0
2022-01-03 21:00:00+00:00,20260126_001632_a0be7977_StateSignal_XLE,0.0,0.0,1.0,1.0,0.0,0.0,0.0,0.0
2022-01-04 21:00:00+00:00,20260126_001632_a0be7977_StateSignal_XLE,0.0,0.0,1.0,1.0,0.0,0.0,0.0,0.0
2022-01-05 21:00:00+00:00,20260126_001632_a0be7977_StateSignal_XLE,0.0,0.0,1.0,1.0,0.0,0.0,0.0,-0.0
2022-01-06 21:00:00+00:00,20260126_001632_a0be7977_StateSignal_XLE,0.0,0.0,1.0,1.0,0.0,0.0,0.0,-0.0
2022-01-07 21:00:00+00:00,20260126_001632_a0be7977_StateSignal_XLE,0.0,0.0,1.0,1.0,0.0,0.0,0.0,0.0
2022-01-10 21:00:00+00:00,20260126_001632_a0be7977_StateSignal_XLE,0.0,0.0,1.0,1.0,0.0,0.0,0.0,-0.0
2022-01-11 21:00:00+00:00,20260126_001632_a0be7977_StateSignal_XLE,0.0,0.0,1.0,1.0,0.0,0.0,0.0,0.0
2022-01-12 21:00:00+00:00,20260126_001632_a0be7977_StateSignal_XLE,0.0,0.0,1.0,1.0,0.0,0.0,0.0,-0.0
2022-01-13 21:00:00+00:00,20260126_001632_a0be7977_StateSignal_XLE,0.0,0.0,1.0,1.0,0.0,0.0,0.0,-0.0
2022-01-14 21:00:00+00:00,20260126_001632_a0be7977_StateSignal_XLE,0.0,0.0,1.0,1.0,0.0,0.0,0.0,0.0
2022-01-18 21:00:00+00:00,20260126_001632_a0be7977_StateSignal_XLE,0.0,0.0,1.0,1.0,0.0,0.0,0.0,-0.0
2022-01-19 21:00:00+00:00,20260126_001632_a0be7977_StateSignal_XLE,0.0,0.0,1.0,1.0,0.0,0.0,0.0,-0.0
2022-01-20 21:00:00+00:00,20260126_001632_a0be7977_StateSignal_XLE,0.0,0.0,1.0,1.0,0.0,0.0,0.0,-0.0
2022-01-21 21:00:00+00:00,20260126_001632_a0be7977_StateSignal_XLE,0.0,0.0,1.0,1.0,0.0,0.0,0.0,-0.0
2022-01-24 21:00:00+00:00,20260126_001632_a0be7977_StateSignal_XLE,0.0,0.0,1.0,1.0,0.0,0.0,0.0,0.0
2022-01-25 21:00:00+00:00,20260126_001632_a0be7977_StateSignal_XLE,0.0,0.0,1.0,1.0,0.0,0.0,0.0,0.0
2022-01-26 21:00:00+00:00,20260126_001632_a0be7977_StateSignal_XLE,0.0,0.0,1.0,1.0,0.0,0.0,0.0,-0.0
2022-01-27 21:00:00+00:00,20260126_001632_a0be7977_StateSignal_XLE,0.0,0.0,1.0,1.0,0.0,0.0,0.0,-0.0
2022-01-28 21:00:00+00:00,20260126_001632_a0be7977_StateSignal_XLE,0.0,0.0,1.0,1.0,0.0,0.0,0.0,-0.0
2022-01-31 21:00:00+00:00,20260126_001632_a0be7977_StateSignal_XLE,0.0,0.0,1.0,1.0,0.0,0.0,0.0,0.0
2022-02-01 21:00:00+00:00,20260126_001632_a0be7977_StateSignal_XLE,0.0,0.0,1.0,1.0,0.0,0.0,0.0,0.0
2022-02-02 21:00:00+00:00,20260126_001632_a0be7977_StateSignal_XLE,0.0,0.0,1.0,1.0,0.0,0.0,0.0,0.0
2022-02-03 21:00:00+00:00,20260126_001632_a0be7977_StateSignal_XLE,0.0,0.0,1.0,1.0,0.0,0.0,0.0,-0.0
2022-02-04 21:00:00+00:00,20260126_001632_a0be7977_StateSignal_XLE,0.0,0.0,1.0,1.0,0.0,0.0,0.0,-0.0
2022-02-07 21:00:00+00:00,20260126_001632_a0be7977_StateSignal_XLE,0.0,0.0,1.0,1.0,0.0,0.0,0.0,0.0
2022-02-08 21:00:00+00:00,20260126_001632_a0be7977_StateSignal_XLE,0.0,0.0,1.0,1.0,0.0,0.0,0.0,-0.0
2022-02-09 21:00:00+00:00,20260126_001632_a0be7977_StateSignal_XLE,0.0,0.0,1.0,1.0,0.0,0.0,0.0,0.0
2022-02-10 21:00:00+00:00,20260126_001632_a0be7977_StateSignal_XLE,0.0,0.0,1.0,1.0,0.0,0.0,0.0,-0.0
2022-02-11 21:00:00+00:00,20260126_001632_a0be7977_StateSignal_XLE,0.0,0.0,1.0,1.0,0.0,0.0,0.0,0.0
2022-02-14 21:00:00+00:00,20260126_001632_a0be7977_StateSignal_XLE,0.0,0.0,1.0,1.0,0.0,0.0,0.0,-0.0
2022-02-15 21:00:00+00:00,20260126_001632_a0be7977_StateSignal_XLE,0.0,0.0,1.0,1.0,0.0,0.0,0.0,0.0
2022-02-16 21:00:00+00:00,20260126_001632_a0be7977_StateSignal_XLE,0.0,0.0,1.0,1.0,0.0,0.0,0.0,-0.0
2022-02-17 21:00:00+00:00,20260126_001632_a0be7977_StateSignal_XLE,0.0,0.0,1.0,1.0,0.0,0.0,0.0,-0.0
2022-02-18 21:00:00+00:00,20260126_001632_a0be7977_StateSignal_XLE,0.0,0.0,1.0,1.0,0.0,0.0,0.0,0.0
2022-02-22 21:00:00+00:00,20260126_001632_a0be7977_StateSignal_XLE,0.0,0.0,1.0,1.0,0.0,0.0,0.0,-0.0
2022-02-23 21:00:00+00:00,20260126_001632_a0be7977_StateSignal_XLE,0.0,0.0,1.0,1.0,0.0,0.0,0.0,-0.0
2022-02-24 21:00:00+00:00,20260126_001632_a0be7977_StateSignal_XLE,0.0,0.0,1.0,1.0,0.0,0.0,0.0,0.0
2022-02-25 21:00:00+00:00,20260126_001632_a0be7977_StateSignal_XLE,0.0,0.0,1.0,1.0,0.0,0.0,0.0,0.0
2022-02-28 21:00:00+00:00,20260126_001632_a0be7977_StateSignal_XLE,0.0,0.0,1.0,1.0,0.0,0.0,0.0,0.0
2022-03-01 21:00:00+00:00,20260126_001632_a0be7977_StateSignal_XLE,0.0,0.0,1.0,1.0,0.0,0.0,0.0,-0.0
2022-03-02 21:00:00+00:00,20260126_001632_a0be7977_StateSignal_XLE,0.0,0.0,1.0,1.0,0.0,0.0,0.0,0.0
2022-03-03 21:00:00+00:00,20260126_001632_a0be7977_StateSignal_XLE,0.0,0.0,1.0,1.0,0.0,0.0,0.0,0.0
2022-03-04 21:00:00+00:00,20260126_001632_a0be7977_StateSignal_XLE,0.0,0.0,1.0,1.0,0.0,0.0,0.0,0.0
2022-03-07 21:00:00+00:00,20260126_001632_a0be7977_StateSignal_XLE,0.0,0.0,1.0,1.0,0.0,0.0,0.0,0.0
2022-03-08 21:00:00+00:00,20260126_001632_a0be7977_StateSignal_XLE,0.0,0.0,1.0,1.0,0.0,0.0,0.0,-0.0
2022-03-09 21:00:00+00:00,20260126_001632_a0be7977_StateSignal_XLE,0.0,0.0,1.0,1.0,0.0,0.0,0.0,-0.0
2022-03-10 21:00:00+00:00,20260126_001632_a0be7977_StateSignal_XLE,0.0,0.0,1.0,1.0,0.0,0.0,0.0,0.0
2022-03-11 21:00:00+00:00,20260126_001632_a0be7977_StateSignal_XLE,0.0,0.0,1.0,1.0,0.0,0.0,0.0,-0.0
2022-03-14 20:00:00+00:00,20260126_001632_a0be7977_StateSignal_XLE,0.0,0.0,1.0,1.0,0.0,0.0,0.0,0.0
2022-03-15 20:00:00+00:00,20260126_001632_a0be7977_StateSignal_XLE,0.0,0.0,1.0,1.0,0.0,0.0,0.0,0.0
2022-03-16 20:00:00+00:00,20260126_001632_a0be7977_StateSignal_XLE,0.0,0.0,1.0,1.0,0.0,0.0,0.0,-0.0
2022-03-17 20:00:00+00:00,20260126_001632_a0be7977_StateSignal_XLE,0.0,0.0,1.0,1.0,0.0,0.0,0.0,0.0
2022-03-18 20:00:00+00:00,20260126_001632_a0be7977_StateSignal_XLE,0.0,0.0,1.0,1.0,0.0,0.0,0.0,-0.0
2022-03-21 20:00:00+00:00,20260126_001632_a0be7977_StateSignal_XLE,0.0,0.0,1.0,1.0,0.0,0.0,0.0,0.0
2022-03-22 20:00:00+00:00,20260126_001632_a0be7977_StateSignal_XLE,0.0,0.0,1.0,1.0,0.0,0.0,0.0,-0.0
2022-03-23 20:00:00+00:00,20260126_001632_a0be7977_StateSignal_XLE,0.0,0.0,1.0,1.0,0.0,0.0,0.0,-0.0
2022-03-24 20:00:00+00:00,20260126_001632_a0be7977_StateSignal_XLE,0.0,0.0,1.0,1.0,0.0,0.0,0.0,-0.0
2022-03-25 20:00:00+00:00,20260126_001632_a0be7977_StateSignal_XLE,0.0,0.0,1.0,1.0,0.0,0.0,0.0,0.0
2022-03-28 20:00:00+00:00,20260126_001632_a0be7977_StateSignal_XLE,0.0,0.0,1.0,1.0,0.0,0.0,0.0,-0.0
2022-03-29 20:00:00+00:00,20260126_001632_a0be7977_StateSignal_XLE,0.0,0.0,1.0,1.0,0.0,0.0,0.0,0.0
2022-03-30 20:00:00+00:00,20260126_001632_a0be7977_StateSignal_XLE,0.0,0.0,1.0,1.0,0.0,0.0,0.0,0.0
2022-03-31 20:00:00+00:00,20260126_001632_a0be7977_StateSignal_XLE,0.0,0.0,1.0,1.0,0.0,0.0,0.0,-0.0
2022-04-01 20:00:00+00:00,20260126_001632_a0be7977_StateSignal_XLE,0.0,0.0,1.0,1.0,0.0,0.0,0.0,-0.0
2022-04-04 20:00:00+00:00,20260126_001632_a0be7977_StateSignal_XLE,0.0,0.0,1.0,1.0,0.0,0.0,0.0,0.0
2022-04-05 20:00:00+00:00,20260126_001632_a0be7977_StateSignal_XLE,0.0,0.0,1.0,1.0,0.0,0.0,0.0,-0.0
2022-04-06 20:00:00+00:00,20260126_001632_a0be7977_StateSignal_XLE,0.0,0.0,1.0,1.0,0.0,0.0,0.0,0.0
2022-04-07 20:00:00+00:00,20260126_001632_a0be7977_StateSignal_XLE,0.0,0.0,1.0,1.0,0.0,0.0,0.0,0.0
2022-04-08 20:00:00+00:00,20260126_001632_a0be7977_StateSignal_XLE,0.0,0.0,1.0,1.0,0.0,0.0,0.0,0.0
2022-04-11 20:00:00+00:00,20260126_001632_a0be7977_StateSignal_XLE,0.0,0.0,1.0,1.0,0.0,0.0,0.0,-0.0
2022-04-12 20:00:00+00:00,20260126_001632_a0be7977_StateSignal_XLE,0.0,0.0,1.0,1.0,0.0,0.0,0.0,-0.0
2022-04-13 20:00:00+00:00,20260126_001632_a0be7977_StateSignal_XLE,0.0,0.0,1.0,1.0,0.0,0.0,0.0,0.0
2022-04-14 20:00:00+00:00,20260126_001632_a0be7977_StateSignal_XLE,0.0,0.0,1.0,1.0,0.0,0.0,0.0,0.0
2022-04-18 20:00:00+00:00,20260126_001632_a0be7977_StateSignal_XLE,0.0,0.0,1.0,1.0,0.0,0.0,0.0,0.0
2022-04-19 20:00:00+00:00,20260126_001632_a0be7977_StateSignal_XLE,0.0,0.0,1.0,1.0,0.0,0.0,0.0,-0.0
2022-04-20 20:00:00+00:00,20260126_001632_a0be7977_StateSignal_XLE,0.0,0.0,1.0,1.0,0.0,0.0,0.0,0.0
2022-04-21 20:00:00+00:00,20260126_001632_a0be7977_StateSignal_XLE,0.0,0.0,1.0,1.0,0.0,0.0,0.0,-0.0
2022-04-22 20:00:00+00:00,20260126_001632_a0be7977_StateSignal_XLE,0.0,0.0,1.0,1.0,0.0,0.0,0.0,-0.0
2022-04-25 20:00:00+00:00,20260126_001632_a0be7977_StateSignal_XLE,0.0,0.0,1.0,1.0,0.0,0.0,0.0,0.0
2022-04-26 20:00:00+00:00,20260126_001632_a0be7977_StateSignal_XLE,0.0,0.0,1.0,1.0,0.0,0.0,0.0,-0.0
2022-04-27 20:00:00+00:00,20260126_001632_a0be7977_StateSignal_XLE,0.0,0.0,1.0,1.0,0.0,0.0,0.0,0.0
2022-04-28 20:00:00+00:00,20260126_001632_a0be7977_StateSignal_XLE,0.0,0.0,1.0,1.0,0.0,0.0,0.0,0.0
2022-04-29 20:00:00+00:00,20260126_001632_a0be7977_StateSignal_XLE,0.0,0.0,1.0,1.0,0.0,0.0,0.0,-0.0
2022-05-02 20:00:00+00:00,20260126_001632_a0be7977_StateSignal_XLE,0.0,0.0,1.0,1.0,0.0,0.0,0.0,0.0
2022-05-03 20:00:00+00:00,20260126_001632_a0be7977_StateSignal_XLE,0.0,0.0,1.0,1.0,0.0,0.0,0.0,0.0
2022-05-04 20:00:00+00:00,20260126_001632_a0be7977_StateSignal_XLE,0.0,0.0,1.0,1.0,0.0,0.0,0.0,0.0
2022-05-05 20:00:00+00:00,20260126_001632_a0be7977_StateSignal_XLE,0.0,0.0,1.0,1.0,0.0,0.0,0.0,-0.0
2022-05-06 20:00:00+00:00,20260126_001632_a0be7977_StateSignal_XLE,0.0,0.0,1.0,1.0,0.0,0.0,0.0,0.0
2022-05-09 20:00:00+00:00,20260126_001632_a0be7977_StateSignal_XLE,0.0,0.0,1.0,1.0,0.0,0.0,0.0,-0.0
2022-05-10 20:00:00+00:00,20260126_001632_a0be7977_StateSignal_XLE,0.0,0.0,1.0,1.0,0.0,0.0,0.0,-0.0
2022-05-11 20:00:00+00:00,20260126_001632_a0be7977_StateSignal_XLE,0.0,0.0,1.0,1.0,0.0,0.0,0.0,-0.0
2022-05-12 20:00:00+00:00,20260126_001632_a0be7977_StateSignal_XLE,0.0,0.0,1.0,1.0,0.0,0.0,0.0,0.0
2022-05-13 20:00:00+00:00,20260126_001632_a0be7977_StateSignal_XLE,0.0,0.0,1.0,1.0,0.0,0.0,0.0,0.0
2022-05-16 20:00:00+00:00,20260126_001632_a0be7977_StateSignal_XLE,0.0,0.0,1.0,1.0,0.0,0.0,0.0,0.0
2022-05-17 20:00:00+00:00,20260126_001632_a0be7977_StateSignal_XLE,0.0,0.0,1.0,1.0,0.0,0.0,0.0,0.0
2022-05-18 20:00:00+00:00,20260126_001632_a0be7977_StateSignal_XLE,0.0,0.0,1.0,1.0,0.0,0.0,0.0,-0.0
2022-05-19 20:00:00+00:00,20260126_001632_a0be7977_StateSignal_XLE,0.0,0.0,1.0,1.0,0.0,0.0,0.0,0.0
2022-05-20 20:00:00+00:00,20260126_001632_a0be7977_StateSignal_XLE,0.0,0.0,1.0,1.0,0.0,0.0,0.0,-0.0
2022-05-23 20:00:00+00:00,20260126_001632_a0be7977_StateSignal_XLE,0.0,0.0,1.0,1.0,0.0,0.0,0.0,0.0
2022-05-24 20:00:00+00:00,20260126_001632_a0be7977_StateSignal_XLE,0.0,0.0,1.0,1.0,0.0,0.0,0.0,0.0
2022-05-25 20:00:00+00:00,20260126_001632_a0be7977_StateSignal_XLE,0.0,0.0,1.0,1.0,0.0,0.0,0.0,0.0
2022-05-26 20:00:00+00:00,20260126_001632_a0be7977_StateSignal_XLE,0.0,0.0,1.0,1.0,0.0,0.0,0.0,0.0
2022-05-27 20:00:00+00:00,20260126_001632_a0be7977_StateSignal_XLE,0.0,0.0,1.0,1.0,0.0,0.0,0.0,0.0
2022-05-31 20:00:00+00:00,20260126_001632_a0be7977_StateSignal_XLE,0.0,0.0,1.0,1.0,0.0,0.0,0.0,-0.0
2022-06-01 20:00:00+00:00,20260126_001632_a0be7977_StateSignal_XLE,0.0,0.0,1.0,1.0,0.0,0.0,0.0,0.0
2022-06-02 20:00:00+00:00,20260126_001632_a0be7977_StateSignal_XLE,0.0,0.0,1.0,1.0,0.0,0.0,0.0,0.0
2022-06-03 20:00:00+00:00,20260126_001632_a0be7977_StateSignal_XLE,0.0,0.0,1.0,1.0,0.0,0.0,0.0,0.0
2022-06-06 20:00:00+00:00,20260126_001632_a0be7977_StateSignal_XLE,0.0,0.0,1.0,1.0,0.0,0.0,0.0,-0.0
2022-06-07 20:00:00+00:00,20260126_001632_a0be7977_StateSignal_XLE,0.0,0.0,1.0,1.0,0.0,0.0,0.0,0.0
2022-06-08 20:00:00+00:00,20260126_001632_a0be7977_StateSignal_XLE,0.0,0.0,1.0,1.0,0.0,0.0,0.0,-0.0
2022-06-09 20:00:00+00:00,20260126_001632_a0be7977_StateSignal_XLE,0.0,0.0,1.0,1.0,0.0,0.0,0.0,-0.0
2022-06-10 20:00:00+00:00,20260126_001632_a0be7977_StateSignal_XLE,0.0,0.0,1.0,1.0,0.0,0.0,0.0,-0.0
2022-06-13 20:00:00+00:00,20260126_001632_a0be7977_StateSignal_XLE,0.0,0.0,1.0,1.0,0.0,0.0,0.0,-0.0
2022-06-14 20:00:00+00:00,20260126_001632_a0be7977_StateSignal_XLE,0.0,0.0,1.0,1.0,0.0,0.0,0.0,-0.0
2022-06-15 20:00:00+00:00,20260126_001632_a0be7977_StateSignal_XLE,0.0,0.0,1.0,1.0,0.0,0.0,0.0,-0.0
2022-06-16 20:00:00+00:00,20260126_001632_a0be7977_StateSignal_XLE,0.0,0.0,1.0,1.0,0.0,0.0,0.0,-0.0
2022-06-17 20:00:00+00:00,20260126_001632_a0be7977_StateSignal_XLE,0.0,0.0,1.0,1.0,0.0,0.0,0.0,-0.0
2022-06-21 20:00:00+00:00,20260126_001632_a0be7977_StateSignal_XLE,0.0,0.0,1.0,1.0,0.0,0.0,0.0,0.0
2022-06-22 20:00:00+00:00,20260126_001632_a0be7977_StateSignal_XLE,0.0,0.0,1.0,1.0,0.0,0.0,0.0,0.0
2022-06-23 20:00:00+00:00,20260126_001632_a0be7977_StateSignal_XLE,0.0,0.0,1.0,1.0,0.0,0.0,0.0,-0.0
2022-06-24 20:00:00+00:00,20260126_001632_a0be7977_StateSignal_XLE,0.0,0.0,1.0,1.0,0.0,0.0,0.0,0.0
2022-06-27 20:00:00+00:00,20260126_001632_a0be7977_StateSignal_XLE,0.0,0.0,1.0,1.0,0.0,0.0,0.0,0.0
2022-06-28 20:00:00+00:00,20260126_001632_a0be7977_StateSignal_XLE,0.0,0.0,1.0,1.0,0.0,0.0,0.0,0.0
2022-06-29 20:00:00+00:00,20260126_001632_a0be7977_StateSignal_XLE,0.0,0.0,1.0,1.0,0.0,0.0,0.0,-0.0
2022-06-30 20:00:00+00:00,20260126_001632_a0be7977_StateSignal_XLE,0.0,0.0,1.0,1.0,0.0,0.0,0.0,-0.0
2022-07-01 20:00:00+00:00,20260126_001632_a0be7977_StateSignal_XLE,0.0,0.0,1.0,1.0,0.0,0.0,0.0,0.0
2022-07-05 20:00:00+00:00,20260126_001632_a0be7977_StateSignal_XLE,0.0,0.0,1.0,1.0,0.0,0.0,0.0,-0.0
2022-07-06 20:00:00+00:00,20260126_001632_a0be7977_StateSignal_XLE,0.0,0.0,1.0,1.0,0.0,0.0,0.0,-0.0
2022-07-07 20:00:00+00:00,20260126_001632_a0be7977_StateSignal_XLE,0.0,0.0,1.0,1.0,0.0,0.0,0.0,0.0
2022-07-08 20:00:00+00:00,20260126_001632_a0be7977_StateSignal_XLE,0.0,0.0,1.0,1.0,0.0,0.0,0.0,-0.0
2022-07-11 20:00:00+00:00,20260126_001632_a0be7977_StateSignal_XLE,0.0,0.0,1.0,1.0,0.0,0.0,0.0,0.0
2022-07-12 20:00:00+00:00,20260126_001632_a0be7977_StateSignal_XLE,0.0,0.0,1.0,1.0,0.0,0.0,0.0,0.0
2022-07-13 20:00:00+00:00,20260126_001632_a0be7977_StateSignal_XLE,0.0,0.0,1.0,1.0,0.0,0.0,0.0,-0.0
2022-07-14 20:00:00+00:00,20260126_001632_a0be7977_StateSignal_XLE,0.0,0.0,1.0,1.0,0.0,0.0,0.0,0.0
2022-07-15 20:00:00+00:00,20260126_001632_a0be7977_StateSignal_XLE,0.0,0.0,1.0,1.0,0.0,0.0,0.0,0.0
2022-07-18 20:00:00+00:00,20260126_001632_a0be7977_StateSignal_XLE,0.0,0.0,1.0,1.0,0.0,0.0,0.0,-0.0
2022-07-19 20:00:00+00:00,20260126_001632_a0be7977_StateSignal_XLE,0.0,0.0,1.0,1.0,0.0,0.0,0.0,0.0
2022-07-20 20:00:00+00:00,20260126_001632_a0be7977_StateSignal_XLE,0.0,0.0,1.0,1.0,0.0,0.0,0.0,0.0
2022-07-21 20:00:00+00:00,20260126_001632_a0be7977_StateSignal_XLE,0.0,0.0,1.0,1.0,0.0,0.0,0.0,0.0
2022-07-22 20:00:00+00:00,20260126_001632_a0be7977_StateSignal_XLE,0.0,0.0,1.0,1.0,0.0,0.0,0.0,-0.0
2022-07-25 20:00:00+00:00,20260126_001632_a0be7977_StateSignal_XLE,0.0,0.0,1.0,1.0,0.0,0.0,0.0,0.0
2022-07-26 20:00:00+00:00,20260126_001632_a0be7977_StateSignal_XLE,0.0,0.0,1.0,1.0,0.0,0.0,0.0,-0.0
2022-07-27 20:00:00+00:00,20260126_001632_a0be7977_StateSignal_XLE,0.0,0.0,1.0,1.0,0.0,0.0,0.0,0.0
2022-07-28 20:00:00+00:00,20260126_001632_a0be7977_StateSignal_XLE,0.0,0.0,1.0,1.0,0.0,0.0,0.0,-0.0
2022-07-29 20:00:00+00:00,20260126_001632_a0be7977_StateSignal_XLE,0.0,0.0,1.0,1.0,0.0,0.0,0.0,0.0
2022-08-01 20:00:00+00:00,20260126_001632_a0be7977_StateSignal_XLE,0.0,0.0,1.0,1.0,0.0,0.0,0.0,-0.0
2022-08-02 20:00:00+00:00,20260126_001632_a0be7977_StateSignal_XLE,0.0,0.0,1.0,1.0,0.0,0.0,0.0,-0.0
2022-08-03 20:00:00+00:00,20260126_001632_a0be7977_StateSignal_XLE,0.0,0.0,1.0,1.0,0.0,0.0,0.0,-0.0
2022-08-04 20:00:00+00:00,20260126_001632_a0be7977_StateSignal_XLE,0.0,0.0,1.0,1.0,0.0,0.0,0.0,-0.0
2022-08-05 20:00:00+00:00,20260126_001632_a0be7977_StateSignal_XLE,0.0,0.0,1.0,1.0,0.0,0.0,0.0,0.0
2022-08-08 20:00:00+00:00,20260126_001632_a0be7977_StateSignal_XLE,0.0,0.0,1.0,1.0,0.0,0.0,0.0,0.0
2022-08-09 20:00:00+00:00,20260126_001632_a0be7977_StateSignal_XLE,0.0,0.0,1.0,1.0,0.0,0.0,0.0,-0.0
2022-08-10 20:00:00+00:00,20260126_001632_a0be7977_StateSignal_XLE,0.0,0.0,1.0,1.0,0.0,0.0,0.0,0.0
2022-08-11 20:00:00+00:00,20260126_001632_a0be7977_StateSignal_XLE,0.0,0.0,1.0,1.0,0.0,0.0,0.0,0.0
2022-08-12 20:00:00+00:00,20260126_001632_a0be7977_StateSignal_XLE,0.0,0.0,1.0,1.0,0.0,0.0,0.0,0.0
2022-08-15 20:00:00+00:00,20260126_001632_a0be7977_StateSignal_XLE,0.0,0.0,1.0,1.0,0.0,0.0,0.0,0.0
2022-08-16 20:00:00+00:00,20260126_001632_a0be7977_StateSignal_XLE,0.0,0.0,1.0,1.0,0.0,0.0,0.0,-0.0
2022-08-17 20:00:00+00:00,20260126_001632_a0be7977_StateSignal_XLE,0.0,0.0,1.0,1.0,0.0,0.0,0.0,0.0
2022-08-18 20:00:00+00:00,20260126_001632_a0be7977_StateSignal_XLE,0.0,0.0,1.0,1.0,0.0,0.0,0.0,0.0
2022-08-19 20:00:00+00:00,20260126_001632_a0be7977_StateSignal_XLE,0.0,0.0,1.0,1.0,0.0,0.0,0.0,0.0
2022-08-22 20:00:00+00:00,20260126_001632_a0be7977_StateSignal_XLE,0.0,0.0,1.0,1.0,0.0,0.0,0.0,0.0
2022-08-23 20:00:00+00:00,20260126_001632_a0be7977_StateSignal_XLE,0.0,0.0,1.0,1.0,0.0,0.0,0.0,0.0
2022-08-24 20:00:00+00:00,20260126_001632_a0be7977_StateSignal_XLE,0.0,0.0,1.0,1.0,0.0,0.0,0.0,0.0
2022-08-25 20:00:00+00:00,20260126_001632_a0be7977_StateSignal_XLE,0.0,0.0,1.0,1.0,0.0,0.0,0.0,-0.0
2022-08-26 20:00:00+00:00,20260126_001632_a0be7977_StateSignal_XLE,0.0,0.0,1.0,1.0,0.0,0.0,0.0,-0.0
2022-08-29 20:00:00+00:00,20260126_001632_a0be7977_StateSignal_XLE,0.0,0.0,1.0,1.0,0.0,0.0,0.0,0.0
2022-08-30 20:00:00+00:00,20260126_001632_a0be7977_StateSignal_XLE,0.0,0.0,1.0,1.0,0.0,0.0,0.0,-0.0
2022-08-31 20:00:00+00:00,20260126_001632_a0be7977_StateSignal_XLE,0.0,0.0,1.0,1.0,0.0,0.0,0.0,0.0
2022-09-01 20:00:00+00:00,20260126_001632_a0be7977_StateSignal_XLE,0.0,0.0,1.0,1.0,0.0,0.0,0.0,-0.0
2022-09-02 20:00:00+00:00,20260126_001632_a0be7977_StateSignal_XLE,0.0,0.0,1.0,1.0,0.0,0.0,0.0,-0.0
2022-09-06 20:00:00+00:00,20260126_001632_a0be7977_StateSignal_XLE,0.0,0.0,1.0,1.0,0.0,0.0,0.0,-0.0
2022-09-07 20:00:00+00:00,20260126_001632_a0be7977_StateSignal_XLE,0.0,0.0,1.0,1.0,0.0,0.0,0.0,0.0
2022-09-08 20:00:00+00:00,20260126_001632_a0be7977_StateSignal_XLE,0.0,0.0,1.0,1.0,0.0,0.0,0.0,0.0
2022-09-09 20:00:00+00:00,20260126_001632_a0be7977_StateSignal_XLE,0.0,0.0,1.0,1.0,0.0,0.0,0.0,0.0
2022-09-12 20:00:00+00:00,20260126_001632_a0be7977_StateSignal_XLE,0.0,0.0,1.0,1.0,0.0,0.0,0.0,0.0
2022-09-13 20:00:00+00:00,20260126_001632_a0be7977_StateSignal_XLE,0.0,0.0,1.0,1.0,0.0,0.0,0.0,-0.0
2022-09-14 20:00:00+00:00,20260126_001632_a0be7977_StateSignal_XLE,0.0,0.0,1.0,1.0,0.0,0.0,0.0,-0.0
2022-09-15 20:00:00+00:00,20260126_001632_a0be7977_StateSignal_XLE,0.0,0.0,1.0,1.0,0.0,0.0,0.0,-0.0
2022-09-16 20:00:00+00:00,20260126_001632_a0be7977_StateSignal_XLE,0.0,0.0,1.0,1.0,0.0,0.0,0.0,0.0
2022-09-19 20:00:00+00:00,20260126_001632_a0be7977_StateSignal_XLE,0.0,0.0,1.0,1.0,0.0,0.0,0.0,0.0
2022-09-20 20:00:00+00:00,20260126_001632_a0be7977_StateSignal_XLE,0.0,0.0,1.0,1.0,0.0,0.0,0.0,0.0
2022-09-21 20:00:00+00:00,20260126_001632_a0be7977_StateSignal_XLE,0.0,0.0,1.0,1.0,0.0,0.0,0.0,-0.0
2022-09-22 20:00:00+00:00,20260126_001632_a0be7977_StateSignal_XLE,0.0,0.0,1.0,1.0,0.0,0.0,0.0,-0.0
2022-09-23 20:00:00+00:00,20260126_001632_a0be7977_StateSignal_XLE,0.0,0.0,1.0,1.0,0.0,0.0,0.0,-0.0
2022-09-26 20:00:00+00:00,20260126_001632_a0be7977_StateSignal_XLE,0.0,0.0,1.0,1.0,0.0,0.0,0.0,-0.0
2022-09-27 20:00:00+00:00,20260126_001632_a0be7977_StateSignal_XLE,0.0,0.0,1.0,1.0,0.0,0.0,0.0,-0.0
2022-09-28 20:00:00+00:00,20260126_001632_a0be7977_StateSignal_XLE,0.0,0.0,1.0,1.0,0.0,0.0,0.0,0.0
2022-09-29 20:00:00+00:00,20260126_001632_a0be7977_StateSignal_XLE,0.0,0.0,1.0,1.0,0.0,0.0,0.0,0.0
2022-09-30 20:00:00+00:00,20260126_001632_a0be7977_StateSignal_XLE,0.0,0.0,1.0,1.0,0.0,0.0,0.0,0.0
2022-10-03 20:00:00+00:00,20260126_001632_a0be7977_StateSignal_XLE,0.0,0.0,1.0,1.0,0.0,0.0,0.0,0.0
2022-10-04 20:00:00+00:00,20260126_001632_a0be7977_StateSignal_XLE,0.0,0.0,1.0,1.0,0.0,0.0,0.0,0.0
2022-10-05 20:00:00+00:00,20260126_001632_a0be7977_StateSignal_XLE,0.0,0.0,1.0,1.0,0.0,0.0,0.0,0.0
2022-10-06 20:00:00+00:00,20260126_001632_a0be7977_StateSignal_XLE,0.0,0.0,1.0,1.0,0.0,0.0,0.0,0.0
2022-10-07 20:00:00+00:00,20260126_001632_a0be7977_StateSignal_XLE,0.0,0.0,1.0,1.0,0.0,0.0,0.0,-0.0
2022-10-10 20:00:00+00:00,20260126_001632_a0be7977_StateSignal_XLE,0.0,0.0,1.0,1.0,0.0,0.0,0.0,-0.0
2022-10-11 20:00:00+00:00,20260126_001632_a0be7977_StateSignal_XLE,0.0,0.0,1.0,1.0,0.0,0.0,0.0,0.0
2022-10-12 20:00:00+00:00,20260126_001632_a0be7977_StateSignal_XLE,0.0,0.0,1.0,1.0,0.0,0.0,0.0,0.0
2022-10-13 20:00:00+00:00,20260126_001632_a0be7977_StateSignal_XLE,0.0,0.0,1.0,1.0,0.0,0.0,0.0,0.0
2022-10-14 20:00:00+00:00,20260126_001632_a0be7977_StateSignal_XLE,0.0,0.0,1.0,1.0,0.0,0.0,0.0,-0.0
2022-10-17 20:00:00+00:00,20260126_001632_a0be7977_StateSignal_XLE,0.0,0.0,1.0,1.0,0.0,0.0,0.0,0.0
2022-10-18 20:00:00+00:00,20260126_001632_a0be7977_StateSignal_XLE,0.0,0.0,1.0,1.0,0.0,0.0,0.0,-0.0
2022-10-19 20:00:00+00:00,20260126_001632_a0be7977_StateSignal_XLE,0.0,0.0,1.0,1.0,0.0,0.0,0.0,0.0
2022-10-20 20:00:00+00:00,20260126_001632_a0be7977_StateSignal_XLE,0.0,0.0,1.0,1.0,0.0,0.0,0.0,-0.0
2022-10-21 20:00:00+00:00,20260126_001632_a0be7977_StateSignal_XLE,0.0,0.0,1.0,1.0,0.0,0.0,0.0,0.0
2022-10-24 20:00:00+00:00,20260126_001632_a0be7977_StateSignal_XLE,0.0,0.0,1.0,1.0,0.0,0.0,0.0,0.0
2022-10-25 20:00:00+00:00,20260126_001632_a0be7977_StateSignal_XLE,0.0,0.0,1.0,1.0,0.0,0.0,0.0,0.0
2022-10-26 20:00:00+00:00,20260126_001632_a0be7977_StateSignal_XLE,0.0,0.0,1.0,1.0,0.0,0.0,0.0,0.0
2022-10-27 20:00:00+00:00,20260126_001632_a0be7977_StateSignal_XLE,0.0,0.0,1.0,1.0,0.0,0.0,0.0,0.0
2022-10-28 20:00:00+00:00,20260126_001632_a0be7977_StateSignal_XLE,0.0,0.0,1.0,1.0,0.0,0.0,0.0,0.0
2022-10-31 20:00:00+00:00,20260126_001632_a0be7977_StateSignal_XLE,0.0,0.0,1.0,1.0,0.0,0.0,0.0,-0.0
2022-11-01 20:00:00+00:00,20260126_001632_a0be7977_StateSignal_XLE,0.0,0.0,1.0,1.0,0.0,0.0,0.0,-0.0
2022-11-02 20:00:00+00:00,20260126_001632_a0be7977_StateSignal_XLE,0.0,0.0,1.0,1.0,0.0,0.0,0.0,-0.0
2022-11-03 20:00:00+00:00,20260126_001632_a0be7977_StateSignal_XLE,0.0,0.0,1.0,1.0,0.0,0.0,0.0,0.0
2022-11-04 20:00:00+00:00,20260126_001632_a0be7977_StateSignal_XLE,0.0,0.0,1.0,1.0,0.0,0.0,0.0,-0.0
2022-11-07 21:00:00+00:00,20260126_001632_a0be7977_StateSignal_XLE,0.0,0.0,1.0,1.0,0.0,0.0,0.0,0.0
2022-11-08 21:00:00+00:00,20260126_001632_a0be7977_StateSignal_XLE,0.0,0.0,1.0,1.0,0.0,0.0,0.0,0.0
2022-11-09 21:00:00+00:00,20260126_001632_a0be7977_StateSignal_XLE,0.0,0.0,1.0,1.0,0.0,0.0,0.0,-0.0
2022-11-10 21:00:00+00:00,20260126_001632_a0be7977_StateSignal_XLE,0.0,0.0,1.0,1.0,0.0,0.0,0.0,0.0
2022-11-11 21:00:00+00:00,20260126_001632_a0be7977_StateSignal_XLE,0.0,0.0,1.0,1.0,0.0,0.0,0.0,0.0
2022-11-14 21:00:00+00:00,20260126_001632_a0be7977_StateSignal_XLE,0.0,0.0,1.0,1.0,0.0,0.0,0.0,-0.0
2022-11-15 21:00:00+00:00,20260126_001632_a0be7977_StateSignal_XLE,0.0,0.0,1.0,1.0,0.0,0.0,0.0,0.0
2022-11-16 21:00:00+00:00,20260126_001632_a0be7977_StateSignal_XLE,0.0,0.0,1.0,1.0,0.0,0.0,0.0,-0.0
2022-11-17 21:00:00+00:00,20260126_001632_a0be7977_StateSignal_XLE,0.0,0.0,1.0,1.0,0.0,0.0,0.0,0.0
2022-11-18 21:00:00+00:00,20260126_001632_a0be7977_StateSignal_XLE,0.0,0.0,1.0,1.0,0.0,0.0,0.0,-0.0
2022-11-21 21:00:00+00:00,20260126_001632_a0be7977_StateSignal_XLE,0.0,0.0,1.0,1.0,0.0,0.0,0.0,-0.0
2022-11-22 21:00:00+00:00,20260126_001632_a0be7977_StateSignal_XLE,0.0,0.0,1.0,1.0,0.0,0.0,0.0,0.0
2022-11-23 21:00:00+00:00,20260126_001632_a0be7977_StateSignal_XLE,0.0,0.0,1.0,1.0,0.0,0.0,0.0,-0.0
2022-11-25 21:00:00+00:00,20260126_001632_a0be7977_StateSignal_XLE,0.0,0.0,1.0,1.0,0.0,0.0,0.0,-0.0
2022-11-28 21:00:00+00:00,20260126_001632_a0be7977_StateSignal_XLE,0.0,0.0,1.0,1.0,0.0,0.0,0.0,-0.0
2022-11-29 21:00:00+00:00,20260126_001632_a0be7977_StateSignal_XLE,0.0,0.0,1.0,1.0,0.0,0.0,0.0,0.0
2022-11-30 21:00:00+00:00,20260126_001632_a0be7977_StateSignal_XLE,0.0,0.0,1.0,1.0,0.0,0.0,0.0,-0.0
2022-12-01 21:00:00+00:00,20260126_001632_a0be7977_StateSignal_XLE,0.0,0.0,1.0,1.0,0.0,0.0,0.0,-0.0
2022-12-02 21:00:00+00:00,20260126_001632_a0be7977_StateSignal_XLE,0.0,0.0,1.0,1.0,0.0,0.0,0.0,-0.0
2022-12-05 21:00:00+00:00,20260126_001632_a0be7977_StateSignal_XLE,0.0,0.0,1.0,1.0,0.0,0.0,0.0,-0.0
2022-12-06 21:00:00+00:00,20260126_001632_a0be7977_StateSignal_XLE,0.0,0.0,1.0,1.0,0.0,0.0,0.0,-0.0
2022-12-07 21:00:00+00:00,20260126_001632_a0be7977_StateSignal_XLE,0.0,0.0,1.0,1.0,0.0,0.0,0.0,-0.0
2022-12-08 21:00:00+00:00,20260126_001632_a0be7977_StateSignal_XLE,0.0,0.0,1.0,1.0,0.0,0.0,0.0,-0.0
2022-12-09 21:00:00+00:00,20260126_001632_a0be7977_StateSignal_XLE,0.0,0.0,1.0,1.0,0.0,0.0,0.0,-0.0
2022-12-12 21:00:00+00:00,20260126_001632_a0be7977_StateSignal_XLE,0.0,0.0,1.0,1.0,0.0,0.0,0.0,0.0
2022-12-13 21:00:00+00:00,20260126_001632_a0be7977_StateSignal_XLE,0.0,0.0,1.0,1.0,0.0,0.0,0.0,-0.0
2022-12-14 21:00:00+00:00,20260126_001632_a0be7977_StateSignal_XLE,0.0,0.0,1.0,1.0,0.0,0.0,0.0,-0.0
2022-12-15 21:00:00+00:00,20260126_001632_a0be7977_StateSignal_XLE,0.0,0.0,1.0,1.0,0.0,0.0,0.0,0.0
2022-12-16 21:00:00+00:00,20260126_001632_a0be7977_StateSignal_XLE,0.0,0.0,1.0,1.0,0.0,0.0,0.0,0.0
2022-12-19 21:00:00+00:00,20260126_001632_a0be7977_StateSignal_XLE,0.0,0.0,1.0,1.0,0.0,0.0,0.0,-0.0
2022-12-20 21:00:00+00:00,20260126_001632_a0be7977_StateSignal_XLE,0.0,0.0,1.0,1.0,0.0,0.0,0.0,0.0
2022-12-21 21:00:00+00:00,20260126_001632_a0be7977_StateSignal_XLE,0.0,0.0,1.0,1.0,0.0,0.0,0.0,0.0
2022-12-22 21:00:00+00:00,20260126_001632_a0be7977_StateSignal_XLE,0.0,0.0,1.0,1.0,0.0,0.0,0.0,-0.0
2022-12-23 21:00:00+00:00,20260126_001632_a0be7977_StateSignal_XLE,0.0,0.0,1.0,1.0,0.0,0.0,0.0,0.0
2022-12-27 21:00:00+00:00,20260126_001632_a0be7977_StateSignal_XLE,0.0,0.0,1.0,1.0,0.0,0.0,0.0,0.0
2022-12-28 21:00:00+00:00,20260126_001632_a0be7977_StateSignal_XLE,0.0,0.0,1.0,1.0,0.0,0.0,0.0,-0.0
2022-12-29 21:00:00+00:00,20260126_001632_a0be7977_StateSignal_XLE,0.0,0.0,1.0,1.0,0.0,0.0,0.0,0.0
2022-12-30 21:00:00+00:00,20260126_001632_a0be7977_StateSignal_XLE,0.0,0.0,1.0,1.0,0.0,0.0,0.0,0.0
2023-01-03 21:00:00+00:00,20260126_001632_a0be7977_StateSignal_XLE,0.0,0.0,1.0,1.0,0.0,0.0,0.0,-0.0
2023-01-04 21:00:00+00:00,20260126_001632_a0be7977_StateSignal_XLE,0.0,0.0,1.0,1.0,0.0,0.0,0.0,0.0
2023-01-05 21:00:00+00:00,20260126_001632_a0be7977_StateSignal_XLE,0.0,0.0,1.0,1.0,0.0,0.0,0.0,0.0
2023-01-06 21:00:00+00:00,20260126_001632_a0be7977_StateSignal_XLE,0.0,0.0,1.0,1.0,0.0,0.0,0.0,-0.0
2023-01-09 21:00:00+00:00,20260126_001632_a0be7977_StateSignal_XLE,0.0,0.0,1.0,1.0,0.0,0.0,0.0,-0.0
2023-01-10 21:00:00+00:00,20260126_001632_a0be7977_StateSignal_XLE,0.0,0.0,1.0,1.0,0.0,0.0,0.0,0.0
2023-01-11 21:00:00+00:00,20260126_001632_a0be7977_StateSignal_XLE,0.0,0.0,1.0,1.0,0.0,0.0,0.0,-0.0
2023-01-12 21:00:00+00:00,20260126_001632_a0be7977_StateSignal_XLE,0.0,0.0,1.0,1.0,0.0,0.0,0.0,0.0
2023-01-13 21:00:00+00:00,20260126_001632_a0be7977_StateSignal_XLE,0.0,0.0,1.0,1.0,0.0,0.0,0.0,0.0
2023-01-17 21:00:00+00:00,20260126_001632_a0be7977_StateSignal_XLE,0.0,0.0,1.0,1.0,0.0,0.0,0.0,-0.0
2023-01-18 21:00:00+00:00,20260126_001632_a0be7977_StateSignal_XLE,0.0,0.0,1.0,1.0,0.0,0.0,0.0,-0.0
2023-01-19 21:00:00+00:00,20260126_001632_a0be7977_StateSignal_XLE,0.0,0.0,1.0,1.0,0.0,0.0,0.0,0.0
2023-01-20 21:00:00+00:00,20260126_001632_a0be7977_StateSignal_XLE,0.0,0.0,1.0,1.0,0.0,0.0,0.0,0.0
2023-01-23 21:00:00+00:00,20260126_001632_a0be7977_StateSignal_XLE,0.0,0.0,1.0,1.0,0.0,0.0,0.0,-0.0
2023-01-24 21:00:00+00:00,20260126_001632_a0be7977_StateSignal_XLE,0.0,0.0,1.0,1.0,0.0,0.0,0.0,0.0
2023-01-25 21:00:00+00:00,20260126_001632_a0be7977_StateSignal_XLE,0.0,0.0,1.0,1.0,0.0,0.0,0.0,0.0
2023-01-26 21:00:00+00:00,20260126_001632_a0be7977_StateSignal_XLE,0.0,0.0,1.0,1.0,0.0,0.0,0.0,0.0
2023-01-27 21:00:00+00:00,20260126_001632_a0be7977_StateSignal_XLE,0.0,0.0,1.0,1.0,0.0,0.0,0.0,-0.0
2023-01-30 21:00:00+00:00,20260126_001632_a0be7977_StateSignal_XLE,0.0,0.0,1.0,1.0,0.0,0.0,0.0,-0.0
2023-01-31 21:00:00+00:00,20260126_001632_a0be7977_StateSignal_XLE,0.0,0.0,1.0,1.0,0.0,0.0,0.0,0.0
2023-02-01 21:00:00+00:00,20260126_001632_a0be7977_StateSignal_XLE,0.0,0.0,1.0,1.0,0.0,0.0,0.0,-0.0
2023-02-02 21:00:00+00:00,20260126_001632_a0be7977_StateSignal_XLE,0.0,0.0,1.0,1.0,0.0,0.0,0.0,-0.0
2023-02-03 21:00:00+00:00,20260126_001632_a0be7977_StateSignal_XLE,0.0,0.0,1.0,1.0,0.0,0.0,0.0,-0.0
2023-02-06 21:00:00+00:00,20260126_001632_a0be7977_StateSignal_XLE,0.0,0.0,1.0,1.0,0.0,0.0,0.0,-0.0
2023-02-07 21:00:00+00:00,20260126_001632_a0be7977_StateSignal_XLE,0.0,0.0,1.0,1.0,0.0,0.0,0.0,0.0
2023-02-08 21:00:00+00:00,20260126_001632_a0be7977_StateSignal_XLE,0.0,0.0,1.0,1.0,0.0,0.0,0.0,-0.0
2023-02-09 21:00:00+00:00,20260126_001632_a0be7977_StateSignal_XLE,0.0,0.0,1.0,1.0,0.0,0.0,0.0,-0.0
2023-02-10 21:00:00+00:00,20260126_001632_a0be7977_StateSignal_XLE,0.0,0.0,1.0,1.0,0.0,0.0,0.0,0.0
2023-02-13 21:00:00+00:00,20260126_001632_a0be7977_StateSignal_XLE,0.0,0.0,1.0,1.0,0.0,0.0,0.0,0.0
2023-02-14 21:00:00+00:00,20260126_001632_a0be7977_StateSignal_XLE,0.0,0.0,1.0,1.0,0.0,0.0,0.0,0.0
2023-02-15 21:00:00+00:00,20260126_001632_a0be7977_StateSignal_XLE,0.0,0.0,1.0,1.0,0.0,0.0,0.0,0.0
2023-02-16 21:00:00+00:00,20260126_001632_a0be7977_StateSignal_XLE,0.0,0.0,1.0,1.0,0.0,0.0,0.0,-0.0
2023-02-17 21:00:00+00:00,20260126_001632_a0be7977_StateSignal_XLE,0.0,0.0,1.0,1.0,0.0,0.0,0.0,-0.0
2023-02-21 21:00:00+00:00,20260126_001632_a0be7977_StateSignal_XLE,0.0,0.0,1.0,1.0,0.0,0.0,0.0,-0.0
2023-02-22 21:00:00+00:00,20260126_001632_a0be7977_StateSignal_XLE,0.0,0.0,1.0,1.0,0.0,0.0,0.0,-0.0
2023-02-23 21:00:00+00:00,20260126_001632_a0be7977_StateSignal_XLE,0.0,0.0,1.0,1.0,0.0,0.0,0.0,0.0
2023-02-24 21:00:00+00:00,20260126_001632_a0be7977_StateSignal_XLE,0.0,0.0,1.0,1.0,0.0,0.0,0.0,0.0
2023-02-27 21:00:00+00:00,20260126_001632_a0be7977_StateSignal_XLE,0.0,0.0,1.0,1.0,0.0,0.0,0.0,0.0
2023-02-28 21:00:00+00:00,20260126_001632_a0be7977_StateSignal_XLE,0.0,0.0,1.0,1.0,0.0,0.0,0.0,-0.0
2023-03-01 21:00:00+00:00,20260126_001632_a0be7977_StateSignal_XLE,0.0,0.0,1.0,1.0,0.0,0.0,0.0,0.0
2023-03-02 21:00:00+00:00,20260126_001632_a0be7977_StateSignal_XLE,0.0,0.0,1.0,1.0,0.0,0.0,0.0,0.0
2023-03-03 21:00:00+00:00,20260126_001632_a0be7977_StateSignal_XLE,0.0,0.0,1.0,1.0,0.0,0.0,0.0,0.0
2023-03-06 21:00:00+00:00,20260126_001632_a0be7977_StateSignal_XLE,0.0,0.0,1.0,1.0,0.0,0.0,0.0,0.0
2023-03-07 21:00:00+00:00,20260126_001632_a0be7977_StateSignal_XLE,0.0,0.0,1.0,1.0,0.0,0.0,0.0,-0.0
2023-03-08 21:00:00+00:00,20260126_001632_a0be7977_StateSignal_XLE,0.0,0.0,1.0,1.0,0.0,0.0,0.0,-0.0
2023-03-09 21:00:00+00:00,20260126_001632_a0be7977_StateSignal_XLE,0.0,0.0,1.0,1.0,0.0,0.0,0.0,-0.0
2023-03-10 21:00:00+00:00,20260126_001632_a0be7977_StateSignal_XLE,0.0,0.0,1.0,1.0,0.0,0.0,0.0,-0.0
2023-03-13 20:00:00+00:00,20260126_001632_a0be7977_StateSignal_XLE,0.0,0.0,1.0,1.0,0.0,0.0,0.0,0.0
2023-03-14 20:00:00+00:00,20260126_001632_a0be7977_StateSignal_XLE,0.0,0.0,1.0,1.0,0.0,0.0,0.0,-0.0
2023-03-15 20:00:00+00:00,20260126_001632_a0be7977_StateSignal_XLE,0.0,0.0,1.0,1.0,0.0,0.0,0.0,-0.0
2023-03-16 20:00:00+00:00,20260126_001632_a0be7977_StateSignal_XLE,0.0,0.0,1.0,1.0,0.0,0.0,0.0,0.0
2023-03-17 20:00:00+00:00,20260126_001632_a0be7977_StateSignal_XLE,0.0,0.0,1.0,1.0,0.0,0.0,0.0,-0.0
2023-03-20 20:00:00+00:00,20260126_001632_a0be7977_StateSignal_XLE,0.0,0.0,1.0,1.0,0.0,0.0,0.0,0.0
2023-03-21 20:00:00+00:00,20260126_001632_a0be7977_StateSignal_XLE,0.0,0.0,1.0,1.0,0.0,0.0,0.0,0.0
2023-03-22 20:00:00+00:00,20260126_001632_a0be7977_StateSignal_XLE,0.0,0.0,1.0,1.0,0.0,0.0,0.0,-0.0
2023-03-23 20:00:00+00:00,20260126_001632_a0be7977_StateSignal_XLE,0.0,0.0,1.0,1.0,0.0,0.0,0.0,-0.0
2023-03-24 20:00:00+00:00,20260126_001632_a0be7977_StateSignal_XLE,0.0,0.0,1.0,1.0,0.0,0.0,0.0,0.0
2023-03-27 20:00:00+00:00,20260126_001632_a0be7977_StateSignal_XLE,0.0,0.0,1.0,1.0,0.0,0.0,0.0,0.0
2023-03-28 20:00:00+00:00,20260126_001632_a0be7977_StateSignal_XLE,0.0,0.0,1.0,1.0,0.0,0.0,0.0,0.0
2023-03-29 20:00:00+00:00,20260126_001632_a0be7977_StateSignal_XLE,0.0,0.0,1.0,1.0,0.0,0.0,0.0,0.0
2023-03-30 20:00:00+00:00,20260126_001632_a0be7977_StateSignal_XLE,0.0,0.0,1.0,1.0,0.0,0.0,0.0,-0.0
2023-03-31 20:00:00+00:00,20260126_001632_a0be7977_StateSignal_XLE,0.0,0.0,1.0,1.0,0.0,0.0,0.0,0.0
2023-04-03 20:00:00+00:00,20260126_001632_a0be7977_StateSignal_XLE,0.0,0.0,1.0,1.0,0.0,0.0,0.0,-0.0
2023-04-04 20:00:00+00:00,20260126_001632_a0be7977_StateSignal_XLE,0.0,0.0,1.0,1.0,0.0,0.0,0.0,-0.0
2023-04-05 20:00:00+00:00,20260126_001632_a0be7977_StateSignal_XLE,0.0,0.0,1.0,1.0,0.0,0.0,0.0,0.0
2023-04-06 20:00:00+00:00,20260126_001632_a0be7977_StateSignal_XLE,0.0,0.0,1.0,1.0,0.0,0.0,0.0,-0.0
2023-04-10 20:00:00+00:00,20260126_001632_a0be7977_StateSignal_XLE,0.0,0.0,1.0,1.0,0.0,0.0,0.0,-0.0
2023-04-11 20:00:00+00:00,20260126_001632_a0be7977_StateSignal_XLE,0.0,0.0,1.0,1.0,0.0,0.0,0.0,0.0
2023-04-12 20:00:00+00:00,20260126_001632_a0be7977_StateSignal_XLE,0.0,0.0,1.0,1.0,0.0,0.0,0.0,-0.0
2023-04-13 20:00:00+00:00,20260126_001632_a0be7977_StateSignal_XLE,0.0,0.0,1.0,1.0,0.0,0.0,0.0,0.0
2023-04-14 20:00:00+00:00,20260126_001632_a0be7977_StateSignal_XLE,0.0,0.0,1.0,1.0,0.0,0.0,0.0,-0.0
2023-04-17 20:00:00+00:00,20260126_001632_a0be7977_StateSignal_XLE,0.0,0.0,1.0,1.0,0.0,0.0,0.0,-0.0
2023-04-18 20:00:00+00:00,20260126_001632_a0be7977_StateSignal_XLE,0.0,0.0,1.0,1.0,0.0,0.0,0.0,0.0
2023-04-19 20:00:00+00:00,20260126_001632_a0be7977_StateSignal_XLE,0.0,0.0,1.0,1.0,0.0,0.0,0.0,0.0
2023-04-20 20:00:00+00:00,20260126_001632_a0be7977_StateSignal_XLE,0.0,0.0,1.0,1.0,0.0,0.0,0.0,0.0
2023-04-21 20:00:00+00:00,20260126_001632_a0be7977_StateSignal_XLE,0.0,0.0,1.0,1.0,0.0,0.0,0.0,-0.0
2023-04-24 20:00:00+00:00,20260126_001632_a0be7977_StateSignal_XLE,0.0,0.0,1.0,1.0,0.0,0.0,0.0,0.0
2023-04-25 20:00:00+00:00,20260126_001632_a0be7977_StateSignal_XLE,0.0,0.0,1.0,1.0,0.0,0.0,0.0,-0.0
2023-04-26 20:00:00+00:00,20260126_001632_a0be7977_StateSignal_XLE,0.0,0.0,1.0,1.0,0.0,0.0,0.0,-0.0
2023-04-27 20:00:00+00:00,20260126_001632_a0be7977_StateSignal_XLE,0.0,0.0,1.0,1.0,0.0,0.0,0.0,0.0
2023-04-28 20:00:00+00:00,20260126_001632_a0be7977_StateSignal_XLE,0.0,0.0,1.0,1.0,0.0,0.0,0.0,0.0
2023-05-01 20:00:00+00:00,20260126_001632_a0be7977_StateSignal_XLE,0.0,0.0,1.0,1.0,0.0,0.0,0.0,-0.0
2023-05-02 20:00:00+00:00,20260126_001632_a0be7977_StateSignal_XLE,0.0,0.0,1.0,1.0,0.0,0.0,0.0,-0.0
2023-05-03 20:00:00+00:00,20260126_001632_a0be7977_StateSignal_XLE,0.0,0.0,1.0,1.0,0.0,0.0,0.0,-0.0
2023-05-04 20:00:00+00:00,20260126_001632_a0be7977_StateSignal_XLE,0.0,0.0,1.0,1.0,0.0,0.0,0.0,-0.0
2023-05-05 20:00:00+00:00,20260126_001632_a0be7977_StateSignal_XLE,0.0,0.0,1.0,1.0,0.0,0.0,0.0,-0.0
2023-05-08 20:00:00+00:00,20260126_001632_a0be7977_StateSignal_XLE,0.0,0.0,1.0,1.0,0.0,0.0,0.0,-0.0
2023-05-09 20:00:00+00:00,20260126_001632_a0be7977_StateSignal_XLE,0.0,0.0,1.0,1.0,0.0,0.0,0.0,-0.0
2023-05-10 20:00:00+00:00,20260126_001632_a0be7977_StateSignal_XLE,0.0,0.0,1.0,1.0,0.0,0.0,0.0,-0.0
2023-05-11 20:00:00+00:00,20260126_001632_a0be7977_StateSignal_XLE,0.0,0.0,1.0,1.0,0.0,0.0,0.0,-0.0
2023-05-12 20:00:00+00:00,20260126_001632_a0be7977_StateSignal_XLE,0.0,0.0,1.0,1.0,0.0,0.0,0.0,-0.0
2023-05-15 20:00:00+00:00,20260126_001632_a0be7977_StateSignal_XLE,0.0,0.0,1.0,1.0,0.0,0.0,0.0,0.0
2023-05-16 20:00:00+00:00,20260126_001632_a0be7977_StateSignal_XLE,0.0,0.0,1.0,1.0,0.0,0.0,0.0,-0.0
2023-05-17 20:00:00+00:00,20260126_001632_a0be7977_StateSignal_XLE,0.0,0.0,1.0,1.0,0.0,0.0,0.0,0.0
2023-05-18 20:00:00+00:00,20260126_001632_a0be7977_StateSignal_XLE,0.0,0.0,1.0,1.0,0.0,0.0,0.0,0.0
2023-05-19 20:00:00+00:00,20260126_001632_a0be7977_StateSignal_XLE,0.0,0.0,1.0,1.0,0.0,0.0,0.0,-0.0
2023-05-22 20:00:00+00:00,20260126_001632_a0be7977_StateSignal_XLE,0.0,0.0,1.0,1.0,0.0,0.0,0.0,-0.0
2023-05-23 20:00:00+00:00,20260126_001632_a0be7977_StateSignal_XLE,0.0,0.0,1.0,1.0,0.0,0.0,0.0,0.0
2023-05-24 20:00:00+00:00,20260126_001632_a0be7977_StateSignal_XLE,0.0,0.0,1.0,1.0,0.0,0.0,0.0,-0.0
2023-05-25 20:00:00+00:00,20260126_001632_a0be7977_StateSignal_XLE,0.0,0.0,1.0,1.0,0.0,0.0,0.0,0.0
2023-05-26 20:00:00+00:00,20260126_001632_a0be7977_StateSignal_XLE,0.0,0.0,1.0,1.0,0.0,0.0,0.0,-0.0
2023-05-30 20:00:00+00:00,20260126_001632_a0be7977_StateSignal_XLE,0.0,0.0,1.0,1.0,0.0,0.0,0.0,0.0
2023-05-31 20:00:00+00:00,20260126_001632_a0be7977_StateSignal_XLE,0.0,0.0,1.0,1.0,0.0,0.0,0.0,-0.0
2023-06-01 20:00:00+00:00,20260126_001632_a0be7977_StateSignal_XLE,0.0,0.0,1.0,1.0,0.0,0.0,0.0,0.0
2023-06-02 20:00:00+00:00,20260126_001632_a0be7977_StateSignal_XLE,0.0,0.0,1.0,1.0,0.0,0.0,0.0,0.0
2023-06-05 20:00:00+00:00,20260126_001632_a0be7977_StateSignal_XLE,0.0,0.0,1.0,1.0,0.0,0.0,0.0,-0.0
2023-06-06 20:00:00+00:00,20260126_001632_a0be7977_StateSignal_XLE,0.0,0.0,1.0,1.0,0.0,0.0,0.0,0.0
2023-06-07 20:00:00+00:00,20260126_001632_a0be7977_StateSignal_XLE,0.0,0.0,1.0,1.0,0.0,0.0,0.0,0.0
2023-06-08 20:00:00+00:00,20260126_001632_a0be7977_StateSignal_XLE,0.0,0.0,1.0,1.0,0.0,0.0,0.0,-0.0
2023-06-09 20:00:00+00:00,20260126_001632_a0be7977_StateSignal_XLE,0.0,0.0,1.0,1.0,0.0,0.0,0.0,-0.0
2023-06-12 20:00:00+00:00,20260126_001632_a0be7977_StateSignal_XLE,0.0,0.0,1.0,1.0,0.0,0.0,0.0,-0.0
2023-06-13 20:00:00+00:00,20260126_001632_a0be7977_StateSignal_XLE,0.0,0.0,1.0,1.0,0.0,0.0,0.0,-0.0
2023-06-14 20:00:00+00:00,20260126_001632_a0be7977_StateSignal_XLE,0.0,0.0,1.0,1.0,0.0,0.0,0.0,-0.0
2023-06-15 20:00:00+00:00,20260126_001632_a0be7977_StateSignal_XLE,0.0,0.0,1.0,1.0,0.0,0.0,0.0,-0.0
2023-06-16 20:00:00+00:00,20260126_001632_a0be7977_StateSignal_XLE,0.0,0.0,1.0,1.0,0.0,0.0,0.0,-0.0
2023-06-20 20:00:00+00:00,20260126_001632_a0be7977_StateSignal_XLE,0.0,0.0,1.0,1.0,0.0,0.0,0.0,-0.0
2023-06-21 20:00:00+00:00,20260126_001632_a0be7977_StateSignal_XLE,0.0,0.0,1.0,1.0,0.0,0.0,0.0,0.0
2023-06-22 20:00:00+00:00,20260126_001632_a0be7977_StateSignal_XLE,0.0,0.0,1.0,1.0,0.0,0.0,0.0,0.0
2023-06-23 20:00:00+00:00,20260126_001632_a0be7977_StateSignal_XLE,0.0,0.0,1.0,1.0,0.0,0.0,0.0,0.0
2023-06-26 20:00:00+00:00,20260126_001632_a0be7977_StateSignal_XLE,0.0,0.0,1.0,1.0,0.0,0.0,0.0,0.0
2023-06-27 20:00:00+00:00,20260126_001632_a0be7977_StateSignal_XLE,0.0,0.0,1.0,1.0,0.0,0.0,0.0,0.0
2023-06-28 20:00:00+00:00,20260126_001632_a0be7977_StateSignal_XLE,0.0,0.0,1.0,1.0,0.0,0.0,0.0,0.0
2023-06-29 20:00:00+00:00,20260126_001632_a0be7977_StateSignal_XLE,0.0,0.0,1.0,1.0,0.0,0.0,0.0,0.0
2023-06-30 20:00:00+00:00,20260126_001632_a0be7977_StateSignal_XLE,0.0,0.0,1.0,1.0,0.0,0.0,0.0,0.0
2023-07-03 20:00:00+00:00,20260126_001632_a0be7977_StateSignal_XLE,0.0,0.0,1.0,1.0,0.0,0.0,0.0,-0.0
2023-07-05 20:00:00+00:00,20260126_001632_a0be7977_StateSignal_XLE,0.0,0.0,1.0,1.0,0.0,0.0,0.0,-0.0
2023-07-06 20:00:00+00:00,20260126_001632_a0be7977_StateSignal_XLE,0.0,0.0,1.0,1.0,0.0,0.0,0.0,-0.0
2023-07-07 20:00:00+00:00,20260126_001632_a0be7977_StateSignal_XLE,0.0,0.0,1.0,1.0,0.0,0.0,0.0,0.0
2023-07-10 20:00:00+00:00,20260126_001632_a0be7977_StateSignal_XLE,0.0,0.0,1.0,1.0,0.0,0.0,0.0,0.0
2023-07-11 20:00:00+00:00,20260126_001632_a0be7977_StateSignal_XLE,0.0,0.0,1.0,1.0,0.0,0.0,0.0,0.0
2023-07-12 20:00:00+00:00,20260126_001632_a0be7977_StateSignal_XLE,0.0,0.0,1.0,1.0,0.0,0.0,0.0,-0.0
2023-07-13 20:00:00+00:00,20260126_001632_a0be7977_StateSignal_XLE,0.0,0.0,1.0,1.0,0.0,0.0,0.0,-0.0
2023-07-14 20:00:00+00:00,20260126_001632_a0be7977_StateSignal_XLE,0.0,0.0,1.0,1.0,0.0,0.0,0.0,-0.0
2023-07-17 20:00:00+00:00,20260126_001632_a0be7977_StateSignal_XLE,0.0,0.0,1.0,1.0,0.0,0.0,0.0,0.0
2023-07-18 20:00:00+00:00,20260126_001632_a0be7977_StateSignal_XLE,0.0,0.0,1.0,1.0,0.0,0.0,0.0,0.0
2023-07-19 20:00:00+00:00,20260126_001632_a0be7977_StateSignal_XLE,0.0,0.0,1.0,1.0,0.0,0.0,0.0,-0.0
2023-07-20 20:00:00+00:00,20260126_001632_a0be7977_StateSignal_XLE,0.0,0.0,1.0,1.0,0.0,0.0,0.0,0.0
2023-07-21 20:00:00+00:00,20260126_001632_a0be7977_StateSignal_XLE,0.0,0.0,1.0,1.0,0.0,0.0,0.0,0.0
2023-07-24 20:00:00+00:00,20260126_001632_a0be7977_StateSignal_XLE,0.0,0.0,1.0,1.0,0.0,0.0,0.0,0.0
2023-07-25 20:00:00+00:00,20260126_001632_a0be7977_StateSignal_XLE,0.0,0.0,1.0,1.0,0.0,0.0,0.0,0.0
2023-07-26 20:00:00+00:00,20260126_001632_a0be7977_StateSignal_XLE,0.0,0.0,1.0,1.0,0.0,0.0,0.0,0.0
2023-07-27 20:00:00+00:00,20260126_001632_a0be7977_StateSignal_XLE,0.0,0.0,1.0,1.0,0.0,0.0,0.0,-0.0
2023-07-28 20:00:00+00:00,20260126_001632_a0be7977_StateSignal_XLE,0.0,0.0,1.0,1.0,0.0,0.0,0.0,0.0
2023-07-31 20:00:00+00:00,20260126_001632_a0be7977_StateSignal_XLE,0.0,0.0,1.0,1.0,0.0,0.0,0.0,0.0
2023-08-01 20:00:00+00:00,20260126_001632_a0be7977_StateSignal_XLE,0.0,0.0,1.0,1.0,0.0,0.0,0.0,0.0
2023-08-02 20:00:00+00:00,20260126_001632_a0be7977_StateSignal_XLE,0.0,0.0,1.0,1.0,0.0,0.0,0.0,-0.0
2023-08-03 20:00:00+00:00,20260126_001632_a0be7977_StateSignal_XLE,0.0,0.0,1.0,1.0,0.0,0.0,0.0,0.0
2023-08-04 20:00:00+00:00,20260126_001632_a0be7977_StateSignal_XLE,0.0,0.0,1.0,1.0,0.0,0.0,0.0,-0.0
2023-08-07 20:00:00+00:00,20260126_001632_a0be7977_StateSignal_XLE,0.0,0.0,1.0,1.0,0.0,0.0,0.0,-0.0
2023-08-08 20:00:00+00:00,20260126_001632_a0be7977_StateSignal_XLE,0.0,0.0,1.0,1.0,0.0,0.0,0.0,0.0
2023-08-09 20:00:00+00:00,20260126_001632_a0be7977_StateSignal_XLE,0.0,0.0,1.0,1.0,0.0,0.0,0.0,0.0
2023-08-10 20:00:00+00:00,20260126_001632_a0be7977_StateSignal_XLE,0.0,0.0,1.0,1.0,0.0,0.0,0.0,-0.0
2023-08-11 20:00:00+00:00,20260126_001632_a0be7977_StateSignal_XLE,0.0,0.0,1.0,1.0,0.0,0.0,0.0,0.0
2023-08-14 20:00:00+00:00,20260126_001632_a0be7977_StateSignal_XLE,0.0,0.0,1.0,1.0,0.0,0.0,0.0,0.0
2023-08-15 20:00:00+00:00,20260126_001632_a0be7977_StateSignal_XLE,0.0,0.0,1.0,1.0,0.0,0.0,0.0,-0.0
2023-08-16 20:00:00+00:00,20260126_001632_a0be7977_StateSignal_XLE,0.0,0.0,1.0,1.0,0.0,0.0,0.0,-0.0
2023-08-17 20:00:00+00:00,20260126_001632_a0be7977_StateSignal_XLE,0.0,0.0,1.0,1.0,0.0,0.0,0.0,-0.0
2023-08-18 20:00:00+00:00,20260126_001632_a0be7977_StateSignal_XLE,0.0,0.0,1.0,1.0,0.0,0.0,0.0,0.0
2023-08-21 20:00:00+00:00,20260126_001632_a0be7977_StateSignal_XLE,0.0,0.0,1.0,1.0,0.0,0.0,0.0,-0.0
2023-08-22 20:00:00+00:00,20260126_001632_a0be7977_StateSignal_XLE,0.0,0.0,1.0,1.0,0.0,0.0,0.0,-0.0
2023-08-23 20:00:00+00:00,20260126_001632_a0be7977_StateSignal_XLE,0.0,0.0,1.0,1.0,0.0,0.0,0.0,-0.0
2023-08-24 20:00:00+00:00,20260126_001632_a0be7977_StateSignal_XLE,0.0,0.0,1.0,1.0,0.0,0.0,0.0,0.0
2023-08-25 20:00:00+00:00,20260126_001632_a0be7977_StateSignal_XLE,0.0,0.0,1.0,1.0,0.0,0.0,0.0,0.0
2023-08-28 20:00:00+00:00,20260126_001632_a0be7977_StateSignal_XLE,0.0,0.0,1.0,1.0,0.0,0.0,0.0,0.0
2023-08-29 20:00:00+00:00,20260126_001632_a0be7977_StateSignal_XLE,0.0,0.0,1.0,1.0,0.0,0.0,0.0,0.0
2023-08-30 20:00:00+00:00,20260126_001632_a0be7977_StateSignal_XLE,0.0,0.0,1.0,1.0,0.0,0.0,0.0,0.0
2023-08-31 20:00:00+00:00,20260126_001632_a0be7977_StateSignal_XLE,0.0,0.0,1.0,1.0,0.0,0.0,0.0,0.0
2023-09-01 20:00:00+00:00,20260126_001632_a0be7977_StateSignal_XLE,0.0,0.0,1.0,1.0,0.0,0.0,0.0,0.0
2023-09-05 20:00:00+00:00,20260126_001632_a0be7977_StateSignal_XLE,0.0,0.0,1.0,1.0,0.0,0.0,0.0,0.0
2023-09-06 20:00:00+00:00,20260126_001632_a0be7977_StateSignal_XLE,0.0,0.0,1.0,1.0,0.0,0.0,0.0,-0.0
2023-09-07 20:00:00+00:00,20260126_001632_a0be7977_StateSignal_XLE,0.0,0.0,1.0,1.0,0.0,0.0,0.0,-0.0
2023-09-08 20:00:00+00:00,20260126_001632_a0be7977_StateSignal_XLE,0.0,0.0,1.0,1.0,0.0,0.0,0.0,0.0
2023-09-11 20:00:00+00:00,20260126_001632_a0be7977_StateSignal_XLE,0.0,0.0,1.0,1.0,0.0,0.0,0.0,-0.0
2023-09-12 20:00:00+00:00,20260126_001632_a0be7977_StateSignal_XLE,0.0,0.0,1.0,1.0,0.0,0.0,0.0,0.0
2023-09-13 20:00:00+00:00,20260126_001632_a0be7977_StateSignal_XLE,0.0,0.0,1.0,1.0,0.0,0.0,0.0,-0.0
2023-09-14 20:00:00+00:00,20260126_001632_a0be7977_StateSignal_XLE,0.0,0.0,1.0,1.0,0.0,0.0,0.0,0.0
2023-09-15 20:00:00+00:00,20260126_001632_a0be7977_StateSignal_XLE,0.0,0.0,1.0,1.0,0.0,0.0,0.0,-0.0
2023-09-18 20:00:00+00:00,20260126_001632_a0be7977_StateSignal_XLE,0.0,0.0,1.0,1.0,0.0,0.0,0.0,0.0
2023-09-19 20:00:00+00:00,20260126_001632_a0be7977_StateSignal_XLE,0.0,0.0,1.0,1.0,0.0,0.0,0.0,-0.0
2023-09-20 20:00:00+00:00,20260126_001632_a0be7977_StateSignal_XLE,0.0,0.0,1.0,1.0,0.0,0.0,0.0,-0.0
2023-09-21 20:00:00+00:00,20260126_001632_a0be7977_StateSignal_XLE,0.0,0.0,1.0,1.0,0.0,0.0,0.0,-0.0
2023-09-22 20:00:00+00:00,20260126_001632_a0be7977_StateSignal_XLE,0.0,0.0,1.0,1.0,0.0,0.0,0.0,0.0
2023-09-25 20:00:00+00:00,20260126_001632_a0be7977_StateSignal_XLE,0.0,0.0,1.0,1.0,0.0,0.0,0.0,0.0
2023-09-26 20:00:00+00:00,20260126_001632_a0be7977_StateSignal_XLE,0.0,0.0,1.0,1.0,0.0,0.0,0.0,-0.0
2023-09-27 20:00:00+00:00,20260126_001632_a0be7977_StateSignal_XLE,0.0,0.0,1.0,1.0,0.0,0.0,0.0,0.0
2023-09-28 20:00:00+00:00,20260126_001632_a0be7977_StateSignal_XLE,0.0,0.0,1.0,1.0,0.0,0.0,0.0,0.0
2023-09-29 20:00:00+00:00,20260126_001632_a0be7977_StateSignal_XLE,0.0,0.0,1.0,1.0,0.0,0.0,0.0,-0.0
2023-10-02 20:00:00+00:00,20260126_001632_a0be7977_StateSignal_XLE,0.0,0.0,1.0,1.0,0.0,0.0,0.0,-0.0
2023-10-03 20:00:00+00:00,20260126_001632_a0be7977_StateSignal_XLE,0.0,0.0,1.0,1.0,0.0,0.0,0.0,-0.0
2023-10-04 20:00:00+00:00,20260126_001632_a0be7977_StateSignal_XLE,0.0,0.0,1.0,1.0,0.0,0.0,0.0,-0.0
2023-10-05 20:00:00+00:00,20260126_001632_a0be7977_StateSignal_XLE,0.0,0.0,1.0,1.0,0.0,0.0,0.0,0.0
2023-10-06 20:00:00+00:00,20260126_001632_a0be7977_StateSignal_XLE,0.0,0.0,1.0,1.0,0.0,0.0,0.0,0.0
2023-10-09 20:00:00+00:00,20260126_001632_a0be7977_StateSignal_XLE,0.0,0.0,1.0,1.0,0.0,0.0,0.0,0.0
2023-10-10 20:00:00+00:00,20260126_001632_a0be7977_StateSignal_XLE,0.0,0.0,1.0,1.0,0.0,0.0,0.0,0.0
2023-10-11 20:00:00+00:00,20260126_001632_a0be7977_StateSignal_XLE,0.0,0.0,1.0,1.0,0.0,0.0,0.0,0.0
2023-10-12 20:00:00+00:00,20260126_001632_a0be7977_StateSignal_XLE,0.0,0.0,1.0,1.0,0.0,0.0,0.0,-0.0
2023-10-13 20:00:00+00:00,20260126_001632_a0be7977_StateSignal_XLE,0.0,0.0,1.0,1.0,0.0,0.0,0.0,0.0
2023-10-16 20:00:00+00:00,20260126_001632_a0be7977_StateSignal_XLE,0.0,0.0,1.0,1.0,0.0,0.0,0.0,0.0
2023-10-17 20:00:00+00:00,20260126_001632_a0be7977_StateSignal_XLE,0.0,0.0,1.0,1.0,0.0,0.0,0.0,0.0
2023-10-18 20:00:00+00:00,20260126_001632_a0be7977_StateSignal_XLE,0.0,0.0,1.0,1.0,0.0,0.0,0.0,-0.0
2023-10-19 20:00:00+00:00,20260126_001632_a0be7977_StateSignal_XLE,0.0,0.0,1.0,1.0,0.0,0.0,0.0,-0.0
2023-10-20 20:00:00+00:00,20260126_001632_a0be7977_StateSignal_XLE,0.0,0.0,1.0,1.0,0.0,0.0,0.0,-0.0
2023-10-23 20:00:00+00:00,20260126_001632_a0be7977_StateSignal_XLE,0.0,0.0,1.0,1.0,0.0,0.0,0.0,-0.0
2023-10-24 20:00:00+00:00,20260126_001632_a0be7977_StateSignal_XLE,0.0,0.0,1.0,1.0,0.0,0.0,0.0,-0.0
2023-10-25 20:00:00+00:00,20260126_001632_a0be7977_StateSignal_XLE,0.0,0.0,1.0,1.0,0.0,0.0,0.0,-0.0
2023-10-26 20:00:00+00:00,20260126_001632_a0be7977_StateSignal_XLE,0.0,0.0,1.0,1.0,0.0,0.0,0.0,0.0
2023-10-27 20:00:00+00:00,20260126_001632_a0be7977_StateSignal_XLE,0.0,0.0,1.0,1.0,0.0,0.0,0.0,-0.0
2023-10-30 20:00:00+00:00,20260126_001632_a0be7977_StateSignal_XLE,0.0,0.0,1.0,1.0,0.0,0.0,0.0,-0.0
2023-10-31 20:00:00+00:00,20260126_001632_a0be7977_StateSignal_XLE,0.0,0.0,1.0,1.0,0.0,0.0,0.0,0.0
2023-11-01 20:00:00+00:00,20260126_001632_a0be7977_StateSignal_XLE,0.0,0.0,1.0,1.0,0.0,0.0,0.0,-0.0
2023-11-02 20:00:00+00:00,20260126_001632_a0be7977_StateSignal_XLE,0.0,0.0,1.0,1.0,0.0,0.0,0.0,0.0
2023-11-03 20:00:00+00:00,20260126_001632_a0be7977_StateSignal_XLE,0.0,0.0,1.0,1.0,0.0,0.0,0.0,-0.0
2023-11-06 21:00:00+00:00,20260126_001632_a0be7977_StateSignal_XLE,0.0,0.0,1.0,1.0,0.0,0.0,0.0,-0.0
2023-11-07 21:00:00+00:00,20260126_001632_a0be7977_StateSignal_XLE,0.0,0.0,1.0,1.0,0.0,0.0,0.0,0.0
2023-11-08 21:00:00+00:00,20260126_001632_a0be7977_StateSignal_XLE,0.0,0.0,1.0,1.0,0.0,0.0,0.0,-0.0
2023-11-09 21:00:00+00:00,20260126_001632_a0be7977_StateSignal_XLE,0.0,0.0,1.0,1.0,0.0,0.0,0.0,-0.0
2023-11-10 21:00:00+00:00,20260126_001632_a0be7977_StateSignal_XLE,0.0,0.0,1.0,1.0,0.0,0.0,0.0,0.0
2023-11-13 21:00:00+00:00,20260126_001632_a0be7977_StateSignal_XLE,0.0,0.0,1.0,1.0,0.0,0.0,0.0,0.0
2023-11-14 21:00:00+00:00,20260126_001632_a0be7977_StateSignal_XLE,0.0,0.0,1.0,1.0,0.0,0.0,0.0,0.0
2023-11-15 21:00:00+00:00,20260126_001632_a0be7977_StateSignal_XLE,0.0,0.0,1.0,1.0,0.0,0.0,0.0,-0.0
2023-11-16 21:00:00+00:00,20260126_001632_a0be7977_StateSignal_XLE,0.0,0.0,1.0,1.0,0.0,0.0,0.0,-0.0
2023-11-17 21:00:00+00:00,20260126_001632_a0be7977_StateSignal_XLE,0.0,0.0,1.0,1.0,0.0,0.0,0.0,0.0
2023-11-20 21:00:00+00:00,20260126_001632_a0be7977_StateSignal_XLE,0.0,0.0,1.0,1.0,0.0,0.0,0.0,-0.0
2023-11-21 21:00:00+00:00,20260126_001632_a0be7977_StateSignal_XLE,0.0,0.0,1.0,1.0,0.0,0.0,0.0,0.0
2023-11-22 21:00:00+00:00,20260126_001632_a0be7977_StateSignal_XLE,0.0,0.0,1.0,1.0,0.0,0.0,0.0,0.0
2023-11-24 21:00:00+00:00,20260126_001632_a0be7977_StateSignal_XLE,0.0,0.0,1.0,1.0,0.0,0.0,0.0,-0.0
2023-11-27 21:00:00+00:00,20260126_001632_a0be7977_StateSignal_XLE,0.0,0.0,1.0,1.0,0.0,0.0,0.0,0.0
2023-11-28 21:00:00+00:00,20260126_001632_a0be7977_StateSignal_XLE,0.0,0.0,1.0,1.0,0.0,0.0,0.0,-0.0
2023-11-29 21:00:00+00:00,20260126_001632_a0be7977_StateSignal_XLE,0.0,0.0,1.0,1.0,0.0,0.0,0.0,-0.0
2023-11-30 21:00:00+00:00,20260126_001632_a0be7977_StateSignal_XLE,0.0,0.0,1.0,1.0,0.0,0.0,0.0,0.0
2023-12-01 21:00:00+00:00,20260126_001632_a0be7977_StateSignal_XLE,0.0,0.0,1.0,1.0,0.0,0.0,0.0,0.0
2023-12-04 21:00:00+00:00,20260126_001632_a0be7977_StateSignal_XLE,0.0,0.0,1.0,1.0,0.0,0.0,0.0,-0.0
2023-12-05 21:00:00+00:00,20260126_001632_a0be7977_StateSignal_XLE,0.0,0.0,1.0,1.0,0.0,0.0,0.0,-0.0
2023-12-06 21:00:00+00:00,20260126_001632_a0be7977_StateSignal_XLE,0.0,0.0,1.0,1.0,0.0,0.0,0.0,-0.0
2023-12-07 21:00:00+00:00,20260126_001632_a0be7977_StateSignal_XLE,0.0,0.0,1.0,1.0,0.0,0.0,0.0,-0.0
2023-12-08 21:00:00+00:00,20260126_001632_a0be7977_StateSignal_XLE,0.0,0.0,1.0,1.0,0.0,0.0,0.0,0.0
2023-12-11 21:00:00+00:00,20260126_001632_a0be7977_StateSignal_XLE,0.0,0.0,1.0,1.0,0.0,0.0,0.0,0.0
2023-12-12 21:00:00+00:00,20260126_001632_a0be7977_StateSignal_XLE,0.0,0.0,1.0,1.0,0.0,0.0,0.0,0.0
2023-12-13 21:00:00+00:00,20260126_001632_a0be7977_StateSignal_XLE,0.0,0.0,1.0,1.0,0.0,0.0,0.0,0.0
2023-12-14 21:00:00+00:00,20260126_001632_a0be7977_StateSignal_XLE,0.0,0.0,1.0,1.0,0.0,0.0,0.0,0.0
2023-12-15 21:00:00+00:00,20260126_001632_a0be7977_StateSignal_XLE,0.0,0.0,1.0,1.0,0.0,0.0,0.0,0.0
2023-12-18 21:00:00+00:00,20260126_001632_a0be7977_StateSignal_XLE,0.0,0.0,1.0,1.0,0.0,0.0,0.0,-0.0
2023-12-19 21:00:00+00:00,20260126_001632_a0be7977_StateSignal_XLE,0.0,0.0,1.0,1.0,0.0,0.0,0.0,0.0
2023-12-20 21:00:00+00:00,20260126_001632_a0be7977_StateSignal_XLE,0.0,0.0,1.0,1.0,0.0,0.0,0.0,-0.0
2023-12-21 21:00:00+00:00,20260126_001632_a0be7977_StateSignal_XLE,0.0,0.0,1.0,1.0,0.0,0.0,0.0,0.0
2023-12-22 21:00:00+00:00,20260126_001632_a0be7977_StateSignal_XLE,0.0,0.0,1.0,1.0,0.0,0.0,0.0,-0.0
2023-12-26 21:00:00+00:00,20260126_001632_a0be7977_StateSignal_XLE,0.0,0.0,1.0,1.0,0.0,0.0,0.0,0.0
2023-12-27 21:00:00+00:00,20260126_001632_a0be7977_StateSignal_XLE,0.0,0.0,1.0,1.0,0.0,0.0,0.0,-0.0
2023-12-28 21:00:00+00:00,20260126_001632_a0be7977_StateSignal_XLE,0.0,0.0,1.0,1.0,0.0,0.0,0.0,-0.0
2023-12-29 21:00:00+00:00,20260126_001632_a0be7977_StateSignal_XLE,0.0,0.0,1.0,1.0,0.0,0.0,0.0,-0.0
2024-01-02 21:00:00+00:00,20260126_001632_a0be7977_StateSignal_XLE,0.0,0.0,1.0,1.0,0.0,0.0,0.0,0.0
2024-01-03 21:00:00+00:00,20260126_001632_a0be7977_StateSignal_XLE,0.0,0.0,1.0,1.0,0.0,0.0,0.0,0.0
2024-01-04 21:00:00+00:00,20260126_001632_a0be7977_StateSignal_XLE,0.0,0.0,1.0,1.0,0.0,0.0,0.0,-0.0
2024-01-05 21:00:00+00:00,20260126_001632_a0be7977_StateSignal_XLE,0.0,0.0,1.0,1.0,0.0,0.0,0.0,-0.0
2024-01-08 21:00:00+00:00,20260126_001632_a0be7977_StateSignal_XLE,0.0,0.0,1.0,1.0,0.0,0.0,0.0,0.0
2024-01-09 21:00:00+00:00,20260126_001632_a0be7977_StateSignal_XLE,0.0,0.0,1.0,1.0,0.0,0.0,0.0,-0.0
2024-01-10 21:00:00+00:00,20260126_001632_a0be7977_StateSignal_XLE,0.0,0.0,1.0,1.0,0.0,0.0,0.0,-0.0
2024-01-11 21:00:00+00:00,20260126_001632_a0be7977_StateSignal_XLE,0.0,0.0,1.0,1.0,0.0,0.0,0.0,-0.0
2024-01-12 21:00:00+00:00,20260126_001632_a0be7977_StateSignal_XLE,0.0,0.0,1.0,1.0,0.0,0.0,0.0,-0.0
2024-01-16 21:00:00+00:00,20260126_001632_a0be7977_StateSignal_XLE,0.0,0.0,1.0,1.0,0.0,0.0,0.0,-0.0
2024-01-17 21:00:00+00:00,20260126_001632_a0be7977_StateSignal_XLE,0.0,0.0,1.0,1.0,0.0,0.0,0.0,-0.0
2024-01-18 21:00:00+00:00,20260126_001632_a0be7977_StateSignal_XLE,0.0,0.0,1.0,1.0,0.0,0.0,0.0,0.0
2024-01-19 21:00:00+00:00,20260126_001632_a0be7977_StateSignal_XLE,0.0,0.0,1.0,1.0,0.0,0.0,0.0,0.0
2024-01-22 21:00:00+00:00,20260126_001632_a0be7977_StateSignal_XLE,0.0,0.0,1.0,1.0,0.0,0.0,0.0,0.0
2024-01-23 21:00:00+00:00,20260126_001632_a0be7977_StateSignal_XLE,0.0,0.0,1.0,1.0,0.0,0.0,0.0,-0.0
2024-01-24 21:00:00+00:00,20260126_001632_a0be7977_StateSignal_XLE,0.0,0.0,1.0,1.0,0.0,0.0,0.0,0.0
2024-01-25 21:00:00+00:00,20260126_001632_a0be7977_StateSignal_XLE,0.0,0.0,1.0,1.0,0.0,0.0,0.0,0.0
2024-01-26 21:00:00+00:00,20260126_001632_a0be7977_StateSignal_XLE,0.0,0.0,1.0,1.0,0.0,0.0,0.0,0.0
2024-01-29 21:00:00+00:00,20260126_001632_a0be7977_StateSignal_XLE,0.0,0.0,1.0,1.0,0.0,0.0,0.0,0.0
2024-01-30 21:00:00+00:00,20260126_001632_a0be7977_StateSignal_XLE,0.0,0.0,1.0,1.0,0.0,0.0,0.0,0.0
2024-01-31 21:00:00+00:00,20260126_001632_a0be7977_StateSignal_XLE,0.0,0.0,1.0,1.0,0.0,0.0,0.0,-0.0
2024-02-01 21:00:00+00:00,20260126_001632_a0be7977_StateSignal_XLE,0.0,0.0,1.0,1.0,0.0,0.0,0.0,0.0
2024-02-02 21:00:00+00:00,20260126_001632_a0be7977_StateSignal_XLE,0.001278936099637078,0.001278936099637078,1.001278936099637,1.001278936099637,0.0,0.0,1.0,0.001278936099637078
2024-02-05 21:00:00+00:00,20260126_001632_a0be7977_StateSignal_XLE,-0.0025595099716510823,-0.0025595099716510823,0.9987161526782858,0.9987161526782858,0.0,0.0,1.0,-0.0025595099716510823
2024-02-06 21:00:00+00:00,20260126_001632_a0be7977_StateSignal_XLE,0.0005107252409279642,0.0005107252409279642,0.9992262222259811,0.9992262222259811,0.0,0.0,1.0,0.0005107252409279642
2024-02-07 21:00:00+00:00,20260126_001632_a0be7977_StateSignal_XLE,-0.0007644286268536752,-0.0007644286268536752,0.9984623850970087,0.9984623850970087,0.0,0.0,1.0,-0.0007644286268536752
2024-02-08 21:00:00+00:00,20260126_001632_a0be7977_StateSignal_XLE,0.0,0.0,0.9984623850970087,0.9984623850970087,0.0,0.0,0.0,0.0
2024-02-09 21:00:00+00:00,20260126_001632_a0be7977_StateSignal_XLE,0.0,0.0,0.9984623850970087,0.9984623850970087,0.0,0.0,0.0,-0.0
2024-02-12 21:00:00+00:00,20260126_001632_a0be7977_StateSignal_XLE,0.0,0.0,0.9984623850970087,0.9984623850970087,0.0,0.0,0.0,0.0
2024-02-13 21:00:00+00:00,20260126_001632_a0be7977_StateSignal_XLE,0.0,0.0,0.9984623850970087,0.9984623850970087,0.0,0.0,0.0,-0.0
2024-02-14 21:00:00+00:00,20260126_001632_a0be7977_StateSignal_XLE,0.0,0.0,0.9984623850970087,0.9984623850970087,0.0,0.0,0.0,-0.0
2024-02-15 21:00:00+00:00,20260126_001632_a0be7977_StateSignal_XLE,0.016342287020640136,0.016342287020640136,1.014779543973577,1.014779543973577,0.0,0.0,1.0,0.016342287020640136
2024-02-16 21:00:00+00:00,20260126_001632_a0be7977_StateSignal_XLE,0.0,0.0,1.014779543973577,1.014779543973577,0.0,0.0,0.0,-0.0
2024-02-20 21:00:00+00:00,20260126_001632_a0be7977_StateSignal_XLE,0.0,0.0,1.014779543973577,1.014779543973577,0.0,0.0,0.0,-0.0
2024-02-21 21:00:00+00:00,20260126_001632_a0be7977_StateSignal_XLE,0.0,0.0,1.014779543973577,1.014779543973577,0.0,0.0,0.0,0.0
2024-02-22 21:00:00+00:00,20260126_001632_a0be7977_StateSignal_XLE,0.0012350254749993524,0.0012350254749993524,1.0160328225618924,1.0160328225618924,0.0,0.0,1.0,0.0012350254749993524
2024-02-23 21:00:00+00:00,20260126_001632_a0be7977_StateSignal_XLE,0.008226395638077783,0.008226395638077783,1.0243911105415593,1.0243911105415593,0.0,0.0,1.0,0.008226395638077783
2024-02-26 21:00:00+00:00,20260126_001632_a0be7977_StateSignal_XLE,0.0,0.0,1.0243911105415593,1.0243911105415593,0.0,0.0,0.0,0.0
2024-02-27 21:00:00+00:00,20260126_001632_a0be7977_StateSignal_XLE,0.0,0.0,1.0243911105415593,1.0243911105415593,0.0,0.0,0.0,-0.0
2024-02-28 21:00:00+00:00,20260126_001632_a0be7977_StateSignal_XLE,0.0,0.0,1.0243911105415593,1.0243911105415593,0.0,0.0,0.0,-0.0
2024-02-29 21:00:00+00:00,20260126_001632_a0be7977_StateSignal_XLE,0.0,0.0,1.0243911105415593,1.0243911105415593,0.0,0.0,0.0,-0.0
2024-03-01 21:00:00+00:00,20260126_001632_a0be7977_StateSignal_XLE,0.0,0.0,1.0243911105415593,1.0243911105415593,0.0,0.0,0.0,0.0
2024-03-04 21:00:00+00:00,20260126_001632_a0be7977_StateSignal_XLE,0.0,0.0,1.0243911105415593,1.0243911105415593,0.0,0.0,0.0,-0.0
2024-03-05 21:00:00+00:00,20260126_001632_a0be7977_StateSignal_XLE,0.0,0.0,1.0243911105415593,1.0243911105415593,0.0,0.0,0.0,0.0
2024-03-06 21:00:00+00:00,20260126_001632_a0be7977_StateSignal_XLE,0.0,0.0,1.0243911105415593,1.0243911105415593,0.0,0.0,0.0,-0.0
2024-03-07 21:00:00+00:00,20260126_001632_a0be7977_StateSignal_XLE,0.0,0.0,1.0243911105415593,1.0243911105415593,0.0,0.0,0.0,-0.0
2024-03-08 21:00:00+00:00,20260126_001632_a0be7977_StateSignal_XLE,0.0,0.0,1.0243911105415593,1.0243911105415593,0.0,0.0,0.0,0.0
2024-03-11 20:00:00+00:00,20260126_001632_a0be7977_StateSignal_XLE,0.0,0.0,1.0243911105415593,1.0243911105415593,0.0,0.0,0.0,0.0
2024-03-12 20:00:00+00:00,20260126_001632_a0be7977_StateSignal_XLE,0.0,0.0,1.0243911105415593,1.0243911105415593,0.0,0.0,0.0,-0.0
2024-03-13 20:00:00+00:00,20260126_001632_a0be7977_StateSignal_XLE,0.0,0.0,1.0243911105415593,1.0243911105415593,0.0,0.0,0.0,0.0
2024-03-14 20:00:00+00:00,20260126_001632_a0be7977_StateSignal_XLE,0.0,0.0,1.0243911105415593,1.0243911105415593,0.0,0.0,0.0,0.0
2024-03-15 20:00:00+00:00,20260126_001632_a0be7977_StateSignal_XLE,0.0,0.0,1.0243911105415593,1.0243911105415593,0.0,0.0,0.0,-0.0
2024-03-18 20:00:00+00:00,20260126_001632_a0be7977_StateSignal_XLE,0.0,0.0,1.0243911105415593,1.0243911105415593,0.0,0.0,0.0,0.0
2024-03-19 20:00:00+00:00,20260126_001632_a0be7977_StateSignal_XLE,0.0,0.0,1.0243911105415593,1.0243911105415593,0.0,0.0,0.0,0.0
2024-03-20 20:00:00+00:00,20260126_001632_a0be7977_StateSignal_XLE,0.0,0.0,1.0243911105415593,1.0243911105415593,0.0,0.0,0.0,0.0
2024-03-21 20:00:00+00:00,20260126_001632_a0be7977_StateSignal_XLE,0.0,0.0,1.0243911105415593,1.0243911105415593,0.0,0.0,0.0,0.0
2024-03-22 20:00:00+00:00,20260126_001632_a0be7977_StateSignal_XLE,0.0,0.0,1.0243911105415593,1.0243911105415593,0.0,0.0,0.0,-0.0
2024-03-25 20:00:00+00:00,20260126_001632_a0be7977_StateSignal_XLE,0.0,0.0,1.0243911105415593,1.0243911105415593,0.0,0.0,0.0,-0.0
2024-03-26 20:00:00+00:00,20260126_001632_a0be7977_StateSignal_XLE,0.0,0.0,1.0243911105415593,1.0243911105415593,0.0,0.0,0.0,-0.0
2024-03-27 20:00:00+00:00,20260126_001632_a0be7977_StateSignal_XLE,0.0,0.0,1.0243911105415593,1.0243911105415593,0.0,0.0,0.0,0.0
2024-03-28 20:00:00+00:00,20260126_001632_a0be7977_StateSignal_XLE,0.0,0.0,1.0243911105415593,1.0243911105415593,0.0,0.0,0.0,0.0
2024-04-01 20:00:00+00:00,20260126_001632_a0be7977_StateSignal_XLE,0.0,0.0,1.0243911105415593,1.0243911105415593,0.0,0.0,0.0,0.0
2024-04-02 20:00:00+00:00,20260126_001632_a0be7977_StateSignal_XLE,0.0,0.0,1.0243911105415593,1.0243911105415593,0.0,0.0,0.0,0.0
2024-04-03 20:00:00+00:00,20260126_001632_a0be7977_StateSignal_XLE,0.0,0.0,1.0243911105415593,1.0243911105415593,0.0,0.0,0.0,0.0
2024-04-04 20:00:00+00:00,20260126_001632_a0be7977_StateSignal_XLE,0.0,0.0,1.0243911105415593,1.0243911105415593,0.0,0.0,0.0,-0.0
2024-04-05 20:00:00+00:00,20260126_001632_a0be7977_StateSignal_XLE,0.0,0.0,1.0243911105415593,1.0243911105415593,0.0,0.0,0.0,0.0
2024-04-08 20:00:00+00:00,20260126_001632_a0be7977_StateSignal_XLE,0.0,0.0,1.0243911105415593,1.0243911105415593,0.0,0.0,0.0,-0.0
2024-04-09 20:00:00+00:00,20260126_001632_a0be7977_StateSignal_XLE,0.0,0.0,1.0243911105415593,1.0243911105415593,0.0,0.0,0.0,-0.0
2024-04-10 20:00:00+00:00,20260126_001632_a0be7977_StateSignal_XLE,0.0,0.0,1.0243911105415593,1.0243911105415593,0.0,0.0,0.0,0.0
2024-04-11 20:00:00+00:00,20260126_001632_a0be7977_StateSignal_XLE,0.0,0.0,1.0243911105415593,1.0243911105415593,0.0,0.0,0.0,0.0
2024-04-12 20:00:00+00:00,20260126_001632_a0be7977_StateSignal_XLE,-0.02759545012490935,-0.02759545012490935,0.9961225767422092,0.9961225767422092,0.0,0.0,1.0,-0.02759545012490935
2024-04-15 20:00:00+00:00,20260126_001632_a0be7977_StateSignal_XLE,0.0,0.0,0.9961225767422092,0.9961225767422092,0.0,0.0,0.0,-0.0
2024-04-16 20:00:00+00:00,20260126_001632_a0be7977_StateSignal_XLE,-0.006036910452677253,-0.006036910452677253,0.9901090739465263,0.9901090739465263,0.0,0.0,1.0,-0.006036910452677253
2024-04-17 20:00:00+00:00,20260126_001632_a0be7977_StateSignal_XLE,-0.006729500496939378,-0.006729500496939378,0.9834461344413788,0.9834461344413788,0.0,0.0,1.0,-0.006729500496939378
2024-04-18 20:00:00+00:00,20260126_001632_a0be7977_StateSignal_XLE,-0.0009019166338558076,-0.0009019166338558076,0.982559148014225,0.982559148014225,0.0,0.0,1.0,-0.0009019166338558076
2024-04-19 20:00:00+00:00,20260126_001632_a0be7977_StateSignal_XLE,0.002009153483094718,0.002009153483094718,0.9845332601488044,0.9845332601488044,0.0,0.0,1.0,0.002009153483094718
2024-04-22 20:00:00+00:00,20260126_001632_a0be7977_StateSignal_XLE,0.0,0.0,0.9845332601488044,0.9845332601488044,0.0,0.0,0.0,0.0
2024-04-23 20:00:00+00:00,20260126_001632_a0be7977_StateSignal_XLE,0.0,0.0,0.9845332601488044,0.9845332601488044,0.0,0.0,0.0,0.0
2024-04-24 20:00:00+00:00,20260126_001632_a0be7977_StateSignal_XLE,0.0,0.0,0.9845332601488044,0.9845332601488044,0.0,0.0,0.0,0.0
2024-04-25 20:00:00+00:00,20260126_001632_a0be7977_StateSignal_XLE,0.0,0.0,0.9845332601488044,0.9845332601488044,0.0,0.0,0.0,0.0
2024-04-26 20:00:00+00:00,20260126_001632_a0be7977_StateSignal_XLE,0.0,0.0,0.9845332601488044,0.9845332601488044,0.0,0.0,0.0,0.0
2024-04-29 20:00:00+00:00,20260126_001632_a0be7977_StateSignal_XLE,0.0,0.0,0.9845332601488044,0.9845332601488044,0.0,0.0,0.0,0.0
2024-04-30 20:00:00+00:00,20260126_001632_a0be7977_StateSignal_XLE,0.0,0.0,0.9845332601488044,0.9845332601488044,0.0,0.0,0.0,-0.0
2024-05-01 20:00:00+00:00,20260126_001632_a0be7977_StateSignal_XLE,0.0,0.0,0.9845332601488044,0.9845332601488044,0.0,0.0,0.0,-0.0
2024-05-02 20:00:00+00:00,20260126_001632_a0be7977_StateSignal_XLE,0.005734618307637515,0.005734618307637515,0.9901791826069317,0.9901791826069317,0.0,0.0,1.0,0.005734618307637515
2024-05-03 20:00:00+00:00,20260126_001632_a0be7977_StateSignal_XLE,0.0034376108104631816,0.0034376108104631816,0.9935830332693569,0.9935830332693569,0.0,0.0,1.0,0.0034376108104631816
2024-05-06 20:00:00+00:00,20260126_001632_a0be7977_StateSignal_XLE,0.00820236997867241,0.00820236997867241,1.0017327689127637,1.0017327689127637,0.0,0.0,1.0,0.00820236997867241
2024-05-07 20:00:00+00:00,20260126_001632_a0be7977_StateSignal_XLE,-0.0052101148552411635,-0.0052101148552411635,0.9965136261324695,0.9965136261324695,0.0,0.0,1.0,-0.0052101148552411635
2024-05-08 20:00:00+00:00,20260126_001632_a0be7977_StateSignal_XLE,-0.0015910902322418474,-0.0015910902322418474,0.9949280830356343,0.9949280830356343,0.0,0.0,1.0,-0.0015910902322418474
2024-05-09 20:00:00+00:00,20260126_001632_a0be7977_StateSignal_XLE,0.0,0.0,0.9949280830356343,0.9949280830356343,0.0,0.0,0.0,0.0
2024-05-10 20:00:00+00:00,20260126_001632_a0be7977_StateSignal_XLE,0.0,0.0,0.9949280830356343,0.9949280830356343,0.0,0.0,0.0,-0.0
2024-05-13 20:00:00+00:00,20260126_001632_a0be7977_StateSignal_XLE,0.0,0.0,0.9949280830356343,0.9949280830356343,0.0,0.0,0.0,-0.0
2024-05-14 20:00:00+00:00,20260126_001632_a0be7977_StateSignal_XLE,0.0,0.0,0.9949280830356343,0.9949280830356343,0.0,0.0,0.0,0.0
2024-05-15 20:00:00+00:00,20260126_001632_a0be7977_StateSignal_XLE,0.0,0.0,0.9949280830356343,0.9949280830356343,0.0,0.0,0.0,0.0
2024-05-16 20:00:00+00:00,20260126_001632_a0be7977_StateSignal_XLE,0.0,0.0,0.9949280830356343,0.9949280830356343,0.0,0.0,0.0,-0.0
2024-05-17 20:00:00+00:00,20260126_001632_a0be7977_StateSignal_XLE,0.010309369658861369,0.010309369658861369,1.005185164427631,1.005185164427631,0.0,0.0,1.0,0.010309369658861369
2024-05-20 20:00:00+00:00,20260126_001632_a0be7977_StateSignal_XLE,0.0,0.0,1.005185164427631,1.005185164427631,0.0,0.0,0.0,-0.0
2024-05-21 20:00:00+00:00,20260126_001632_a0be7977_StateSignal_XLE,0.0,0.0,1.005185164427631,1.005185164427631,0.0,0.0,0.0,-0.0
2024-05-22 20:00:00+00:00,20260126_001632_a0be7977_StateSignal_XLE,0.0,0.0,1.005185164427631,1.005185164427631,0.0,0.0,0.0,-0.0
2024-05-23 20:00:00+00:00,20260126_001632_a0be7977_StateSignal_XLE,0.0,0.0,1.005185164427631,1.005185164427631,0.0,0.0,0.0,-0.0
2024-05-24 20:00:00+00:00,20260126_001632_a0be7977_StateSignal_XLE,-0.007616886219612992,-0.007616886219612992,0.9975287834005429,0.9975287834005429,0.0,0.0,1.0,-0.007616886219612992
2024-05-28 20:00:00+00:00,20260126_001632_a0be7977_StateSignal_XLE,0.0,0.0,0.9975287834005429,0.9975287834005429,0.0,0.0,0.0,0.0
2024-05-29 20:00:00+00:00,20260126_001632_a0be7977_StateSignal_XLE,0.0,0.0,0.9975287834005429,0.9975287834005429,0.0,0.0,0.0,-0.0
2024-05-30 20:00:00+00:00,20260126_001632_a0be7977_StateSignal_XLE,0.0,0.0,0.9975287834005429,0.9975287834005429,0.0,0.0,0.0,0.0
2024-05-31 20:00:00+00:00,20260126_001632_a0be7977_StateSignal_XLE,0.0,0.0,0.9975287834005429,0.9975287834005429,0.0,0.0,0.0,0.0
2024-06-03 20:00:00+00:00,20260126_001632_a0be7977_StateSignal_XLE,0.0,0.0,0.9975287834005429,0.9975287834005429,0.0,0.0,0.0,-0.0
2024-06-04 20:00:00+00:00,20260126_001632_a0be7977_StateSignal_XLE,0.0,0.0,0.9975287834005429,0.9975287834005429,0.0,0.0,0.0,0.0
2024-06-05 20:00:00+00:00,20260126_001632_a0be7977_StateSignal_XLE,0.0,0.0,0.9975287834005429,0.9975287834005429,0.0,0.0,0.0,-0.0
2024-06-06 20:00:00+00:00,20260126_001632_a0be7977_StateSignal_XLE,0.005874767219318928,0.005874767219318928,1.0033890327975914,1.0033890327975914,0.0,0.0,1.0,0.005874767219318928
2024-06-07 20:00:00+00:00,20260126_001632_a0be7977_StateSignal_XLE,0.0,0.0,1.0033890327975914,1.0033890327975914,0.0,0.0,0.0,-0.0
2024-06-10 20:00:00+00:00,20260126_001632_a0be7977_StateSignal_XLE,0.0,0.0,1.0033890327975914,1.0033890327975914,0.0,0.0,0.0,0.0
2024-06-11 20:00:00+00:00,20260126_001632_a0be7977_StateSignal_XLE,0.0,0.0,1.0033890327975914,1.0033890327975914,0.0,0.0,0.0,-0.0
2024-06-12 20:00:00+00:00,20260126_001632_a0be7977_StateSignal_XLE,0.0,0.0,1.0033890327975914,1.0033890327975914,0.0,0.0,0.0,-0.0
2024-06-13 20:00:00+00:00,20260126_001632_a0be7977_StateSignal_XLE,0.0023906298739162207,0.0023906298739162207,1.0057877645945572,1.0057877645945572,0.0,0.0,1.0,0.0023906298739162207
2024-06-14 20:00:00+00:00,20260126_001632_a0be7977_StateSignal_XLE,-0.002881846374889123,-0.002881846374889123,1.0028892387712527,1.0028892387712527,0.0,0.0,1.0,-0.002881846374889123
2024-06-17 20:00:00+00:00,20260126_001632_a0be7977_StateSignal_XLE,0.0,0.0,1.0028892387712527,1.0028892387712527,0.0,0.0,0.0,0.0
2024-06-18 20:00:00+00:00,20260126_001632_a0be7977_StateSignal_XLE,0.0,0.0,1.0028892387712527,1.0028892387712527,0.0,0.0,0.0,0.0
2024-06-20 20:00:00+00:00,20260126_001632_a0be7977_StateSignal_XLE,0.0,0.0,1.0028892387712527,1.0028892387712527,0.0,0.0,0.0,0.0
2024-06-21 20:00:00+00:00,20260126_001632_a0be7977_StateSignal_XLE,-0.004711433921319536,-0.004711433921319536,0.9981641923923794,0.9981641923923794,0.0,0.0,1.0,-0.004711433921319536
2024-06-24 20:00:00+00:00,20260126_001632_a0be7977_StateSignal_XLE,0.025642430613337267,0.025642430613337267,1.023759548436519,1.023759548436519,0.0,0.0,1.0,0.025642430613337267
2024-06-25 20:00:00+00:00,20260126_001632_a0be7977_StateSignal_XLE,0.0,0.0,1.023759548436519,1.023759548436519,0.0,0.0,0.0,0.0
2024-06-26 20:00:00+00:00,20260126_001632_a0be7977_StateSignal_XLE,-0.00923367594694558,-0.00923367594694558,1.014306484518665,1.014306484518665,0.0,0.0,1.0,-0.00923367594694558
2024-06-27 20:00:00+00:00,20260126_001632_a0be7977_StateSignal_XLE,0.0,0.0,1.014306484518665,1.014306484518665,0.0,0.0,0.0,-0.0
2024-06-28 20:00:00+00:00,20260126_001632_a0be7977_StateSignal_XLE,0.004157049866417669,0.004157049866417669,1.0185230071546398,1.0185230071546398,0.0,0.0,1.0,0.004157049866417669
2024-07-01 20:00:00+00:00,20260126_001632_a0be7977_StateSignal_XLE,0.0,0.0,1.0185230071546398,1.0185230071546398,0.0,0.0,0.0,0.0
2024-07-02 20:00:00+00:00,20260126_001632_a0be7977_StateSignal_XLE,-0.005749124723284215,-0.005749124723284215,1.0126673913529733,1.0126673913529733,0.0,0.0,1.0,-0.005749124723284215
2024-07-03 20:00:00+00:00,20260126_001632_a0be7977_StateSignal_XLE,0.0011487652038733997,0.0011487652038733997,1.0138307084152567,1.0138307084152567,0.0,0.0,1.0,0.0011487652038733997
2024-07-05 20:00:00+00:00,20260126_001632_a0be7977_StateSignal_XLE,0.0,0.0,1.0138307084152567,1.0138307084152567,0.0,0.0,0.0,-0.0
2024-07-08 20:00:00+00:00,20260126_001632_a0be7977_StateSignal_XLE,0.0,0.0,1.0138307084152567,1.0138307084152567,0.0,0.0,0.0,-0.0
2024-07-09 20:00:00+00:00,20260126_001632_a0be7977_StateSignal_XLE,-0.0007101432420586295,-0.0007101432420586295,1.013110743389084,1.013110743389084,0.0,0.0,1.0,-0.0007101432420586295
2024-07-10 20:00:00+00:00,20260126_001632_a0be7977_StateSignal_XLE,0.0,0.0,1.013110743389084,1.013110743389084,0.0,0.0,0.0,0.0
2024-07-11 20:00:00+00:00,20260126_001632_a0be7977_StateSignal_XLE,0.0,0.0,1.013110743389084,1.013110743389084,0.0,0.0,0.0,0.0
2024-07-12 20:00:00+00:00,20260126_001632_a0be7977_StateSignal_XLE,0.0,0.0,1.013110743389084,1.013110743389084,0.0,0.0,0.0,0.0
2024-07-15 20:00:00+00:00,20260126_001632_a0be7977_StateSignal_XLE,0.0,0.0,1.013110743389084,1.013110743389084,0.0,0.0,0.0,0.0
2024-07-16 20:00:00+00:00,20260126_001632_a0be7977_StateSignal_XLE,0.0,0.0,1.013110743389084,1.013110743389084,0.0,0.0,0.0,0.0
2024-07-17 20:00:00+00:00,20260126_001632_a0be7977_StateSignal_XLE,0.010651658782023267,0.010651658782023267,1.0239020533360665,1.0239020533360665,0.0,0.0,1.0,0.010651658782023267
2024-07-18 20:00:00+00:00,20260126_001632_a0be7977_StateSignal_XLE,0.0,0.0,1.0239020533360665,1.0239020533360665,0.0,0.0,0.0,0.0
2024-07-19 20:00:00+00:00,20260126_001632_a0be7977_StateSignal_XLE,-0.005670878302731388,-0.005670878302731388,1.0180956293976808,1.0180956293976808,0.0,0.0,1.0,-0.005670878302731388
2024-07-22 20:00:00+00:00,20260126_001632_a0be7977_StateSignal_XLE,0.0,0.0,1.0180956293976808,1.0180956293976808,0.0,0.0,0.0,-0.0
2024-07-23 20:00:00+00:00,20260126_001632_a0be7977_StateSignal_XLE,-0.01592280092845913,-0.01592280092845913,1.0018846953646472,1.0018846953646472,0.0,0.0,1.0,-0.01592280092845913
2024-07-24 20:00:00+00:00,20260126_001632_a0be7977_StateSignal_XLE,0.00046511628745430673,0.00046511628745430673,1.0023506882546125,1.0023506882546125,0.0,0.0,1.0,0.00046511628745430673
2024-07-25 20:00:00+00:00,20260126_001632_a0be7977_StateSignal_XLE,0.015457684641004148,0.015457684641004148,1.0178447090933458,1.0178447090933458,0.0,0.0,1.0,0.015457684641004148
2024-07-26 20:00:00+00:00,20260126_001632_a0be7977_StateSignal_XLE,0.003882613076577948,0.003882613076577948,1.0217966062707973,1.0217966062707973,0.0,0.0,1.0,0.003882613076577948
2024-07-29 20:00:00+00:00,20260126_001632_a0be7977_StateSignal_XLE,-0.008699688568575413,-0.008699688568575413,1.0129072940158141,1.0129072940158141,0.0,0.0,1.0,-0.008699688568575413
2024-07-30 20:00:00+00:00,20260126_001632_a0be7977_StateSignal_XLE,0.01551479899888782,0.01551479899888782,1.0286223470869769,1.0286223470869769,0.0,0.0,1.0,0.01551479899888782
2024-07-31 20:00:00+00:00,20260126_001632_a0be7977_StateSignal_XLE,0.0,0.0,1.0286223470869769,1.0286223470869769,0.0,0.0,0.0,0.0
2024-08-01 20:00:00+00:00,20260126_001632_a0be7977_StateSignal_XLE,-0.025149930962497073,-0.025149930962497073,1.0027525660712577,1.0027525660712577,0.0,0.0,1.0,-0.025149930962497073
2024-08-02 20:00:00+00:00,20260126_001632_a0be7977_StateSignal_XLE,-0.02627408937017969,-0.02627408937017969,0.9764061555341245,0.9764061555341245,0.0,0.0,1.0,-0.02627408937017969
2024-08-05 20:00:00+00:00,20260126_001632_a0be7977_StateSignal_XLE,-0.020653952251703682,-0.020653952251703682,0.9562395094194531,0.9562395094194531,0.0,0.0,1.0,-0.020653952251703682
2024-08-06 20:00:00+00:00,20260126_001632_a0be7977_StateSignal_XLE,-0.001447876700814308,-0.001447876700814308,0.9548549925133667,0.9548549925133667,0.0,0.0,1.0,-0.001447876700814308
2024-08-07 20:00:00+00:00,20260126_001632_a0be7977_StateSignal_XLE,-0.011953285999587384,-0.011953285999587384,0.9434413376997206,0.9434413376997206,0.0,0.0,1.0,-0.011953285999587384
2024-08-08 20:00:00+00:00,20260126_001632_a0be7977_StateSignal_XLE,0.013276629347018445,0.013276629347018445,0.955967058651015,0.955967058651015,0.0,0.0,1.0,0.013276629347018445
2024-08-09 20:00:00+00:00,20260126_001632_a0be7977_StateSignal_XLE,0.0058927689671506465,0.0058927689671506465,0.961600351667852,0.961600351667852,0.0,0.0,1.0,0.0058927689671506465
2024-08-12 20:00:00+00:00,20260126_001632_a0be7977_StateSignal_XLE,0.0,0.0,0.961600351667852,0.961600351667852,0.0,0.0,0.0,0.0
2024-08-13 20:00:00+00:00,20260126_001632_a0be7977_StateSignal_XLE,0.0,0.0,0.961600351667852,0.961600351667852,0.0,0.0,0.0,-0.0
2024-08-14 20:00:00+00:00,20260126_001632_a0be7977_StateSignal_XLE,0.0,0.0,0.961600351667852,0.961600351667852,0.0,0.0,0.0,0.0
2024-08-15 20:00:00+00:00,20260126_001632_a0be7977_StateSignal_XLE,0.0,0.0,0.961600351667852,0.961600351667852,0.0,0.0,0.0,0.0
2024-08-16 20:00:00+00:00,20260126_001632_a0be7977_StateSignal_XLE,0.0,0.0,0.961600351667852,0.961600351667852,0.0,0.0,0.0,-0.0
2024-08-19 20:00:00+00:00,20260126_001632_a0be7977_StateSignal_XLE,0.006249297042193885,0.006249297042193885,0.9676096779013025,0.9676096779013025,0.0,0.0,1.0,0.006249297042193885
2024-08-20 20:00:00+00:00,20260126_001632_a0be7977_StateSignal_XLE,0.0,0.0,0.9676096779013025,0.9676096779013025,0.0,0.0,0.0,-0.0
2024-08-21 20:00:00+00:00,20260126_001632_a0be7977_StateSignal_XLE,0.0,0.0,0.9676096779013025,0.9676096779013025,0.0,0.0,0.0,0.0
2024-08-22 20:00:00+00:00,20260126_001632_a0be7977_StateSignal_XLE,0.0,0.0,0.9676096779013025,0.9676096779013025,0.0,0.0,0.0,-0.0
2024-08-23 20:00:00+00:00,20260126_001632_a0be7977_StateSignal_XLE,0.0,0.0,0.9676096779013025,0.9676096779013025,0.0,0.0,0.0,0.0
2024-08-26 20:00:00+00:00,20260126_001632_a0be7977_StateSignal_XLE,0.0,0.0,0.9676096779013025,0.9676096779013025,0.0,0.0,0.0,-0.0
2024-08-27 20:00:00+00:00,20260126_001632_a0be7977_StateSignal_XLE,0.0,0.0,0.9676096779013025,0.9676096779013025,0.0,0.0,0.0,-0.0
2024-08-28 20:00:00+00:00,20260126_001632_a0be7977_StateSignal_XLE,0.0,0.0,0.9676096779013025,0.9676096779013025,0.0,0.0,0.0,-0.0
2024-08-29 20:00:00+00:00,20260126_001632_a0be7977_StateSignal_XLE,0.0,0.0,0.9676096779013025,0.9676096779013025,0.0,0.0,0.0,0.0
2024-08-30 20:00:00+00:00,20260126_001632_a0be7977_StateSignal_XLE,0.006472514505617552,0.006472514505617552,0.9738725455772945,0.9738725455772945,0.0,0.0,1.0,0.006472514505617552
2024-09-03 20:00:00+00:00,20260126_001632_a0be7977_StateSignal_XLE,0.0,0.0,0.9738725455772945,0.9738725455772945,0.0,0.0,0.0,-0.0
2024-09-04 20:00:00+00:00,20260126_001632_a0be7977_StateSignal_XLE,0.0,0.0,0.9738725455772945,0.9738725455772945,0.0,0.0,0.0,-0.0
2024-09-05 20:00:00+00:00,20260126_001632_a0be7977_StateSignal_XLE,0.0,0.0,0.9738725455772945,0.9738725455772945,0.0,0.0,0.0,-0.0
2024-09-06 20:00:00+00:00,20260126_001632_a0be7977_StateSignal_XLE,0.0,0.0,0.9738725455772945,0.9738725455772945,0.0,0.0,0.0,-0.0
2024-09-09 20:00:00+00:00,20260126_001632_a0be7977_StateSignal_XLE,0.0,0.0,0.9738725455772945,0.9738725455772945,0.0,0.0,0.0,0.0
2024-09-10 20:00:00+00:00,20260126_001632_a0be7977_StateSignal_XLE,-0.01713208813612664,-0.01713208813612664,0.9571880752931103,0.9571880752931103,0.0,0.0,1.0,-0.01713208813612664
2024-09-11 20:00:00+00:00,20260126_001632_a0be7977_StateSignal_XLE,0.0,0.0,0.9571880752931103,0.9571880752931103,0.0,0.0,0.0,-0.0
2024-09-12 20:00:00+00:00,20260126_001632_a0be7977_StateSignal_XLE,0.005692380177226723,0.005692380177226723,0.9626367537187865,0.9626367537187865,0.0,0.0,1.0,0.005692380177226723
2024-09-13 20:00:00+00:00,20260126_001632_a0be7977_StateSignal_XLE,0.005169242279838466,0.005169242279838466,0.9676128563262361,0.9676128563262361,0.0,0.0,1.0,0.005169242279838466
2024-09-16 20:00:00+00:00,20260126_001632_a0be7977_StateSignal_XLE,0.0038901094522886537,0.0038901094522886537,0.9713769762447868,0.9713769762447868,0.0,0.0,1.0,0.0038901094522886537
2024-09-17 20:00:00+00:00,20260126_001632_a0be7977_StateSignal_XLE,0.0,0.0,0.9713769762447868,0.9713769762447868,0.0,0.0,0.0,0.0
2024-09-18 20:00:00+00:00,20260126_001632_a0be7977_StateSignal_XLE,0.0,0.0,0.9713769762447868,0.9713769762447868,0.0,0.0,0.0,0.0
2024-09-19 20:00:00+00:00,20260126_001632_a0be7977_StateSignal_XLE,0.0,0.0,0.9713769762447868,0.9713769762447868,0.0,0.0,0.0,0.0
2024-09-20 20:00:00+00:00,20260126_001632_a0be7977_StateSignal_XLE,0.0,0.0,0.9713769762447868,0.9713769762447868,0.0,0.0,0.0,0.0
2024-09-23 20:00:00+00:00,20260126_001632_a0be7977_StateSignal_XLE,0.0025764155251802347,0.0025764155251802347,0.9738796469671864,0.9738796469671864,0.0,0.0,1.0,0.0025764155251802347
2024-09-24 20:00:00+00:00,20260126_001632_a0be7977_StateSignal_XLE,0.0,0.0,0.9738796469671864,0.9738796469671864,0.0,0.0,0.0,-0.0
2024-09-25 20:00:00+00:00,20260126_001632_a0be7977_StateSignal_XLE,0.0,0.0,0.9738796469671864,0.9738796469671864,0.0,0.0,0.0,-0.0
2024-09-26 20:00:00+00:00,20260126_001632_a0be7977_StateSignal_XLE,0.0,0.0,0.9738796469671864,0.9738796469671864,0.0,0.0,0.0,-0.0
2024-09-27 20:00:00+00:00,20260126_001632_a0be7977_StateSignal_XLE,0.0,0.0,0.9738796469671864,0.9738796469671864,0.0,0.0,0.0,0.0
2024-09-30 20:00:00+00:00,20260126_001632_a0be7977_StateSignal_XLE,0.0,0.0,0.9738796469671864,0.9738796469671864,0.0,0.0,0.0,0.0
2024-10-01 20:00:00+00:00,20260126_001632_a0be7977_StateSignal_XLE,0.0,0.0,0.9738796469671864,0.9738796469671864,0.0,0.0,0.0,0.0
2024-10-02 20:00:00+00:00,20260126_001632_a0be7977_StateSignal_XLE,0.002990914457847379,0.002990914457847379,0.9767924376835038,0.9767924376835038,0.0,0.0,1.0,0.002990914457847379
2024-10-03 20:00:00+00:00,20260126_001632_a0be7977_StateSignal_XLE,0.01799797984046819,0.01799797984046819,0.9943727282852532,0.9943727282852532,0.0,0.0,1.0,0.01799797984046819
2024-10-04 20:00:00+00:00,20260126_001632_a0be7977_StateSignal_XLE,0.004931639674649016,0.004931639674649016,0.9992766162834538,0.9992766162834538,0.0,0.0,1.0,0.004931639674649016
2024-10-07 20:00:00+00:00,20260126_001632_a0be7977_StateSignal_XLE,-0.0028924260904008734,-0.0028924260904008734,0.996386282526988,0.996386282526988,0.0,0.0,1.0,-0.0028924260904008734
2024-10-08 20:00:00+00:00,20260126_001632_a0be7977_StateSignal_XLE,0.0,0.0,0.996386282526988,0.996386282526988,0.0,0.0,0.0,-0.0
2024-10-09 20:00:00+00:00,20260126_001632_a0be7977_StateSignal_XLE,0.0,0.0,0.996386282526988,0.996386282526988,0.0,0.0,0.0,0.0
2024-10-10 20:00:00+00:00,20260126_001632_a0be7977_StateSignal_XLE,0.008844597853981407,0.008844597853981407,1.005198918503163,1.005198918503163,0.0,0.0,1.0,0.008844597853981407
2024-10-11 20:00:00+00:00,20260126_001632_a0be7977_StateSignal_XLE,0.0,0.0,1.005198918503163,1.005198918503163,0.0,0.0,0.0,0.0
2024-10-14 20:00:00+00:00,20260126_001632_a0be7977_StateSignal_XLE,0.0,0.0,1.005198918503163,1.005198918503163,0.0,0.0,0.0,0.0
2024-10-15 20:00:00+00:00,20260126_001632_a0be7977_StateSignal_XLE,0.0,0.0,1.005198918503163,1.005198918503163,0.0,0.0,0.0,-0.0
2024-10-16 20:00:00+00:00,20260126_001632_a0be7977_StateSignal_XLE,0.0,0.0,1.005198918503163,1.005198918503163,0.0,0.0,0.0,0.0
2024-10-17 20:00:00+00:00,20260126_001632_a0be7977_StateSignal_XLE,0.0,0.0,1.005198918503163,1.005198918503163,0.0,0.0,0.0,-0.0
2024-10-18 20:00:00+00:00,20260126_001632_a0be7977_StateSignal_XLE,0.0,0.0,1.005198918503163,1.005198918503163,0.0,0.0,0.0,-0.0
2024-10-21 20:00:00+00:00,20260126_001632_a0be7977_StateSignal_XLE,0.0,0.0,1.005198918503163,1.005198918503163,0.0,0.0,0.0,-0.0
2024-10-22 20:00:00+00:00,20260126_001632_a0be7977_StateSignal_XLE,0.0,0.0,1.005198918503163,1.005198918503163,0.0,0.0,0.0,0.0
2024-10-23 20:00:00+00:00,20260126_001632_a0be7977_StateSignal_XLE,0.0,0.0,1.005198918503163,1.005198918503163,0.0,0.0,0.0,-0.0
2024-10-24 20:00:00+00:00,20260126_001632_a0be7977_StateSignal_XLE,0.0,0.0,1.005198918503163,1.005198918503163,0.0,0.0,0.0,-0.0
2024-10-25 20:00:00+00:00,20260126_001632_a0be7977_StateSignal_XLE,0.0,0.0,1.005198918503163,1.005198918503163,0.0,0.0,0.0,0.0
2024-10-28 20:00:00+00:00,20260126_001632_a0be7977_StateSignal_XLE,0.0,0.0,1.005198918503163,1.005198918503163,0.0,0.0,0.0,-0.0
2024-10-29 20:00:00+00:00,20260126_001632_a0be7977_StateSignal_XLE,0.0,0.0,1.005198918503163,1.005198918503163,0.0,0.0,0.0,-0.0
2024-10-30 20:00:00+00:00,20260126_001632_a0be7977_StateSignal_XLE,-0.004017493292059942,-0.004017493292059942,1.0011605385908906,1.0011605385908906,0.0,0.0,1.0,-0.004017493292059942
2024-10-31 20:00:00+00:00,20260126_001632_a0be7977_StateSignal_XLE,0.0,0.0,1.0011605385908906,1.0011605385908906,0.0,0.0,0.0,-0.0
2024-11-01 20:00:00+00:00,20260126_001632_a0be7977_StateSignal_XLE,0.0,0.0,1.0011605385908906,1.0011605385908906,0.0,0.0,0.0,-0.0
2024-11-04 21:00:00+00:00,20260126_001632_a0be7977_StateSignal_XLE,0.0,0.0,1.0011605385908906,1.0011605385908906,0.0,0.0,0.0,0.0
2024-11-05 21:00:00+00:00,20260126_001632_a0be7977_StateSignal_XLE,0.0,0.0,1.0011605385908906,1.0011605385908906,0.0,0.0,0.0,0.0
2024-11-06 21:00:00+00:00,20260126_001632_a0be7977_StateSignal_XLE,0.013001752309179902,0.013001752309179902,1.0141773799353744,1.0141773799353744,0.0,0.0,1.0,0.013001752309179902
2024-11-07 21:00:00+00:00,20260126_001632_a0be7977_StateSignal_XLE,0.0,0.0,1.0141773799353744,1.0141773799353744,0.0,0.0,0.0,0.0
2024-11-08 21:00:00+00:00,20260126_001632_a0be7977_StateSignal_XLE,0.00736363920866141,0.00736363920866141,1.0216454162548039,1.0216454162548039,0.0,0.0,1.0,0.00736363920866141
2024-11-11 21:00:00+00:00,20260126_001632_a0be7977_StateSignal_XLE,0.0,0.0,1.0216454162548039,1.0216454162548039,0.0,0.0,0.0,0.0
2024-11-12 21:00:00+00:00,20260126_001632_a0be7977_StateSignal_XLE,0.0,0.0,1.0216454162548039,1.0216454162548039,0.0,0.0,0.0,-0.0
2024-11-13 21:00:00+00:00,20260126_001632_a0be7977_StateSignal_XLE,0.0,0.0,1.0216454162548039,1.0216454162548039,0.0,0.0,0.0,0.0
2024-11-14 21:00:00+00:00,20260126_001632_a0be7977_StateSignal_XLE,0.0,0.0,1.0216454162548039,1.0216454162548039,0.0,0.0,0.0,0.0
2024-11-15 21:00:00+00:00,20260126_001632_a0be7977_StateSignal_XLE,0.0,0.0,1.0216454162548039,1.0216454162548039,0.0,0.0,0.0,-0.0
2024-11-18 21:00:00+00:00,20260126_001632_a0be7977_StateSignal_XLE,0.0,0.0,1.0216454162548039,1.0216454162548039,0.0,0.0,0.0,0.0
2024-11-19 21:00:00+00:00,20260126_001632_a0be7977_StateSignal_XLE,0.0,0.0,1.0216454162548039,1.0216454162548039,0.0,0.0,0.0,-0.0
2024-11-20 21:00:00+00:00,20260126_001632_a0be7977_StateSignal_XLE,0.0,0.0,1.0216454162548039,1.0216454162548039,0.0,0.0,0.0,0.0
2024-11-21 21:00:00+00:00,20260126_001632_a0be7977_StateSignal_XLE,0.0,0.0,1.0216454162548039,1.0216454162548039,0.0,0.0,0.0,0.0
2024-11-22 21:00:00+00:00,20260126_001632_a0be7977_StateSignal_XLE,0.0,0.0,1.0216454162548039,1.0216454162548039,0.0,0.0,0.0,-0.0
2024-11-25 21:00:00+00:00,20260126_001632_a0be7977_StateSignal_XLE,0.0,0.0,1.0216454162548039,1.0216454162548039,0.0,0.0,0.0,-0.0
2024-11-26 21:00:00+00:00,20260126_001632_a0be7977_StateSignal_XLE,0.0,0.0,1.0216454162548039,1.0216454162548039,0.0,0.0,0.0,-0.0
2024-11-27 21:00:00+00:00,20260126_001632_a0be7977_StateSignal_XLE,0.0,0.0,1.0216454162548039,1.0216454162548039,0.0,0.0,0.0,-0.0
2024-11-29 21:00:00+00:00,20260126_001632_a0be7977_StateSignal_XLE,0.0,0.0,1.0216454162548039,1.0216454162548039,0.0,0.0,0.0,-0.0
2024-12-02 21:00:00+00:00,20260126_001632_a0be7977_StateSignal_XLE,0.0,0.0,1.0216454162548039,1.0216454162548039,0.0,0.0,0.0,-0.0
2024-12-03 21:00:00+00:00,20260126_001632_a0be7977_StateSignal_XLE,0.0,0.0,1.0216454162548039,1.0216454162548039,0.0,0.0,0.0,-0.0
2024-12-04 21:00:00+00:00,20260126_001632_a0be7977_StateSignal_XLE,0.0,0.0,1.0216454162548039,1.0216454162548039,0.0,0.0,0.0,-0.0
2024-12-05 21:00:00+00:00,20260126_001632_a0be7977_StateSignal_XLE,0.0,0.0,1.0216454162548039,1.0216454162548039,0.0,0.0,0.0,-0.0
2024-12-06 21:00:00+00:00,20260126_001632_a0be7977_StateSignal_XLE,-0.004795077117780795,-0.004795077117780795,1.0167465476968347,1.0167465476968347,0.0,0.0,1.0,-0.004795077117780795
2024-12-09 21:00:00+00:00,20260126_001632_a0be7977_StateSignal_XLE,0.0,0.0,1.0167465476968347,1.0167465476968347,0.0,0.0,0.0,-0.0
2024-12-10 21:00:00+00:00,20260126_001632_a0be7977_StateSignal_XLE,0.0,0.0,1.0167465476968347,1.0167465476968347,0.0,0.0,0.0,-0.0
2024-12-11 21:00:00+00:00,20260126_001632_a0be7977_StateSignal_XLE,0.0,0.0,1.0167465476968347,1.0167465476968347,0.0,0.0,0.0,0.0
2024-12-12 21:00:00+00:00,20260126_001632_a0be7977_StateSignal_XLE,0.0,0.0,1.0167465476968347,1.0167465476968347,0.0,0.0,0.0,-0.0
2024-12-13 21:00:00+00:00,20260126_001632_a0be7977_StateSignal_XLE,0.0,0.0,1.0167465476968347,1.0167465476968347,0.0,0.0,0.0,0.0
2024-12-16 21:00:00+00:00,20260126_001632_a0be7977_StateSignal_XLE,0.0,0.0,1.0167465476968347,1.0167465476968347,0.0,0.0,0.0,-0.0
2024-12-17 21:00:00+00:00,20260126_001632_a0be7977_StateSignal_XLE,0.0,0.0,1.0167465476968347,1.0167465476968347,0.0,0.0,0.0,0.0
2024-12-18 21:00:00+00:00,20260126_001632_a0be7977_StateSignal_XLE,0.0,0.0,1.0167465476968347,1.0167465476968347,0.0,0.0,0.0,-0.0
2024-12-19 21:00:00+00:00,20260126_001632_a0be7977_StateSignal_XLE,0.0,0.0,1.0167465476968347,1.0167465476968347,0.0,0.0,0.0,-0.0
2024-12-20 21:00:00+00:00,20260126_001632_a0be7977_StateSignal_XLE,0.007954304927268395,0.007954304927268395,1.0248340597709626,1.0248340597709626,0.0,0.0,1.0,0.007954304927268395
2024-12-23 21:00:00+00:00,20260126_001632_a0be7977_StateSignal_XLE,0.0030788103842601146,0.0030788103842601146,1.027989329516329,1.027989329516329,0.0,0.0,1.0,0.0030788103842601146
2024-12-24 21:00:00+00:00,20260126_001632_a0be7977_StateSignal_XLE,0.0,0.0,1.027989329516329,1.027989329516329,0.0,0.0,0.0,0.0
2024-12-26 21:00:00+00:00,20260126_001632_a0be7977_StateSignal_XLE,0.0,0.0,1.027989329516329,1.027989329516329,0.0,0.0,0.0,0.0
2024-12-27 21:00:00+00:00,20260126_001632_a0be7977_StateSignal_XLE,0.0,0.0,1.027989329516329,1.027989329516329,0.0,0.0,0.0,-0.0
2024-12-30 21:00:00+00:00,20260126_001632_a0be7977_StateSignal_XLE,0.0,0.0,1.027989329516329,1.027989329516329,0.0,0.0,0.0,0.0
2024-12-31 21:00:00+00:00,20260126_001632_a0be7977_StateSignal_XLE,0.0,0.0,1.027989329516329,1.027989329516329,0.0,0.0,0.0,0.0
2025-01-02 21:00:00+00:00,20260126_001632_a0be7977_StateSignal_XLE,0.0,0.0,1.027989329516329,1.027989329516329,0.0,0.0,0.0,0.0
2025-01-03 21:00:00+00:00,20260126_001632_a0be7977_StateSignal_XLE,0.0,0.0,1.027989329516329,1.027989329516329,0.0,0.0,0.0,0.0
2025-01-06 21:00:00+00:00,20260126_001632_a0be7977_StateSignal_XLE,-0.0042623791740006725,-0.0042623791740006725,1.0236076492071036,1.0236076492071036,0.0,0.0,1.0,-0.0042623791740006725
2025-01-07 21:00:00+00:00,20260126_001632_a0be7977_StateSignal_XLE,0.010387251089290233,0.010387251089290233,1.0342401188763357,1.0342401188763357,0.0,0.0,1.0,0.010387251089290233
2025-01-08 21:00:00+00:00,20260126_001632_a0be7977_StateSignal_XLE,0.005177700435171929,0.005177700435171929,1.0395951043899139,1.0395951043899139,0.0,0.0,1.0,0.005177700435171929
2025-01-10 21:00:00+00:00,20260126_001632_a0be7977_StateSignal_XLE,0.0037488328815194682,0.0037488328815194682,1.0434923727007173,1.0434923727007173,0.0,0.0,1.0,0.0037488328815194682
2025-01-13 21:00:00+00:00,20260126_001632_a0be7977_StateSignal_XLE,0.0,0.0,1.0434923727007173,1.0434923727007173,0.0,0.0,0.0,0.0
2025-01-14 21:00:00+00:00,20260126_001632_a0be7977_StateSignal_XLE,0.010016018174745709,0.010016018174745709,1.0539440112708962,1.0539440112708962,0.0,0.0,1.0,0.010016018174745709
2025-01-15 21:00:00+00:00,20260126_001632_a0be7977_StateSignal_XLE,0.013945345202905229,0.013945345202905229,1.0686416243326036,1.0686416243326036,0.0,0.0,1.0,0.013945345202905229
2025-01-16 21:00:00+00:00,20260126_001632_a0be7977_StateSignal_XLE,0.0,0.0,1.0686416243326036,1.0686416243326036,0.0,0.0,0.0,0.0
2025-01-17 21:00:00+00:00,20260126_001632_a0be7977_StateSignal_XLE,0.0017613390727011225,0.0017613390727011225,1.0705238645802555,1.0705238645802555,0.0,0.0,1.0,0.0017613390727011225
2025-01-21 21:00:00+00:00,20260126_001632_a0be7977_StateSignal_XLE,0.0,0.0,1.0705238645802555,1.0705238645802555,0.0,0.0,0.0,0.0
2025-01-22 21:00:00+00:00,20260126_001632_a0be7977_StateSignal_XLE,0.0,0.0,1.0705238645802555,1.0705238645802555,0.0,0.0,0.0,-0.0
2025-01-23 21:00:00+00:00,20260126_001632_a0be7977_StateSignal_XLE,0.0,0.0,1.0705238645802555,1.0705238645802555,0.0,0.0,0.0,-0.0
2025-01-24 21:00:00+00:00,20260126_001632_a0be7977_StateSignal_XLE,0.0,0.0,1.0705238645802555,1.0705238645802555,0.0,0.0,0.0,-0.0
2025-01-27 21:00:00+00:00,20260126_001632_a0be7977_StateSignal_XLE,0.0,0.0,1.0705238645802555,1.0705238645802555,0.0,0.0,0.0,0.0
2025-01-28 21:00:00+00:00,20260126_001632_a0be7977_StateSignal_XLE,0.0,0.0,1.0705238645802555,1.0705238645802555,0.0,0.0,0.0,-0.0
2025-01-29 21:00:00+00:00,20260126_001632_a0be7977_StateSignal_XLE,0.0016149501721928513,0.0016149501721928513,1.0722527072796961,1.0722527072796961,0.0,0.0,1.0,0.0016149501721928513
2025-01-30 21:00:00+00:00,20260126_001632_a0be7977_StateSignal_XLE,-0.0011458692671224209,-0.0011458692671224209,1.0710240458558355,1.0710240458558355,0.0,0.0,1.0,-0.0011458692671224209
2025-01-31 21:00:00+00:00,20260126_001632_a0be7977_StateSignal_XLE,0.0,0.0,1.0710240458558355,1.0710240458558355,0.0,0.0,0.0,-0.0
2025-02-03 21:00:00+00:00,20260126_001632_a0be7977_StateSignal_XLE,0.0,0.0,1.0710240458558355,1.0710240458558355,0.0,0.0,0.0,0.0
2025-02-04 21:00:00+00:00,20260126_001632_a0be7977_StateSignal_XLE,0.01084834643701306,0.01084834643701306,1.082642885747651,1.082642885747651,0.0,0.0,1.0,0.01084834643701306
2025-02-05 21:00:00+00:00,20260126_001632_a0be7977_StateSignal_XLE,0.0,0.0,1.082642885747651,1.082642885747651,0.0,0.0,0.0,0.0
2025-02-06 21:00:00+00:00,20260126_001632_a0be7977_StateSignal_XLE,0.0,0.0,1.082642885747651,1.082642885747651,0.0,0.0,0.0,-0.0
2025-02-07 21:00:00+00:00,20260126_001632_a0be7977_StateSignal_XLE,0.0,0.0,1.082642885747651,1.082642885747651,0.0,0.0,0.0,-0.0
2025-02-10 21:00:00+00:00,20260126_001632_a0be7977_StateSignal_XLE,0.009176481003047852,0.009176481003047852,1.0925777376217993,1.0925777376217993,0.0,0.0,1.0,0.009176481003047852
2025-02-11 21:00:00+00:00,20260126_001632_a0be7977_StateSignal_XLE,0.0,0.0,1.0925777376217993,1.0925777376217993,0.0,0.0,0.0,0.0
2025-02-12 21:00:00+00:00,20260126_001632_a0be7977_StateSignal_XLE,0.0,0.0,1.0925777376217993,1.0925777376217993,0.0,0.0,0.0,-0.0
2025-02-13 21:00:00+00:00,20260126_001632_a0be7977_StateSignal_XLE,0.0,0.0,1.0925777376217993,1.0925777376217993,0.0,0.0,0.0,0.0
2025-02-14 21:00:00+00:00,20260126_001632_a0be7977_StateSignal_XLE,-0.013450561839488848,-0.013450561839488848,1.0778819531974684,1.0778819531974684,0.0,0.0,1.0,-0.013450561839488848
2025-02-18 21:00:00+00:00,20260126_001632_a0be7977_StateSignal_XLE,0.0,0.0,1.0778819531974684,1.0778819531974684,0.0,0.0,0.0,0.0
2025-02-19 21:00:00+00:00,20260126_001632_a0be7977_StateSignal_XLE,0.0,0.0,1.0778819531974684,1.0778819531974684,0.0,0.0,0.0,-0.0
2025-02-20 21:00:00+00:00,20260126_001632_a0be7977_StateSignal_XLE,0.0,0.0,1.0778819531974684,1.0778819531974684,0.0,0.0,0.0,0.0
2025-02-21 21:00:00+00:00,20260126_001632_a0be7977_StateSignal_XLE,0.0,0.0,1.0778819531974684,1.0778819531974684,0.0,0.0,0.0,-0.0
2025-02-24 21:00:00+00:00,20260126_001632_a0be7977_StateSignal_XLE,0.0,0.0,1.0778819531974684,1.0778819531974684,0.0,0.0,0.0,0.0
2025-02-25 21:00:00+00:00,20260126_001632_a0be7977_StateSignal_XLE,0.0,0.0,1.0778819531974684,1.0778819531974684,0.0,0.0,0.0,-0.0
2025-02-26 21:00:00+00:00,20260126_001632_a0be7977_StateSignal_XLE,0.0,0.0,1.0778819531974684,1.0778819531974684,0.0,0.0,0.0,-0.0
2025-02-27 21:00:00+00:00,20260126_001632_a0be7977_StateSignal_XLE,-0.0013831260849509446,-0.0013831260849509446,1.076391106551503,1.076391106551503,0.0,0.0,1.0,-0.0013831260849509446
2025-02-28 21:00:00+00:00,20260126_001632_a0be7977_StateSignal_XLE,0.01418139045616053,0.01418139045616053,1.0916558291170486,1.0916558291170486,0.0,0.0,1.0,0.01418139045616053
2025-03-03 21:00:00+00:00,20260126_001632_a0be7977_StateSignal_XLE,-0.0360565982554678,-0.0360565982554678,1.0522944334533355,1.0522944334533355,0.0,0.0,1.0,-0.0360565982554678
2025-03-04 21:00:00+00:00,20260126_001632_a0be7977_StateSignal_XLE,0.01243142951793314,0.01243142951793314,1.065375957534924,1.065375957534924,0.0,0.0,1.0,0.01243142951793314
2025-03-05 21:00:00+00:00,20260126_001632_a0be7977_StateSignal_XLE,-0.0004822763536930208,-0.0004822763536930208,1.0648621519028119,1.0648621519028119,0.0,0.0,1.0,-0.0004822763536930208
2025-03-06 21:00:00+00:00,20260126_001632_a0be7977_StateSignal_XLE,0.0033710602595840543,0.0033710602595840543,1.0684518663850264,1.0684518663850264,0.0,0.0,1.0,0.0033710602595840543
2025-03-07 21:00:00+00:00,20260126_001632_a0be7977_StateSignal_XLE,0.002840911001603721,0.002840911001603721,1.0714872430469236,1.0714872430469236,0.0,0.0,1.0,0.002840911001603721
2025-03-10 20:00:00+00:00,20260126_001632_a0be7977_StateSignal_XLE,0.00033714947069807597,0.00033714947069807597,1.0718484944037765,1.0718484944037765,0.0,0.0,1.0,0.00033714947069807597
2025-03-11 20:00:00+00:00,20260126_001632_a0be7977_StateSignal_XLE,-0.015489631448598093,-0.015489631448598093,1.0552459562567273,1.0552459562567273,0.0,0.0,1.0,-0.015489631448598093
2025-03-12 20:00:00+00:00,20260126_001632_a0be7977_StateSignal_XLE,0.003774479593203327,0.003774479593203327,1.0592289605844287,1.0592289605844287,0.0,0.0,1.0,0.003774479593203327
2025-03-13 20:00:00+00:00,20260126_001632_a0be7977_StateSignal_XLE,-0.00661471818893254,-0.00661471818893254,1.0522224595126068,1.0522224595126068,0.0,0.0,1.0,-0.00661471818893254
2025-03-14 20:00:00+00:00,20260126_001632_a0be7977_StateSignal_XLE,0.02142606417267567,0.02142606417267567,1.0747674454540546,1.0747674454540546,0.0,0.0,1.0,0.02142606417267567
2025-03-17 20:00:00+00:00,20260126_001632_a0be7977_StateSignal_XLE,0.016227073010489382,0.016227073010489382,1.0922077752607346,1.0922077752607346,0.0,0.0,1.0,0.016227073010489382
2025-03-18 20:00:00+00:00,20260126_001632_a0be7977_StateSignal_XLE,0.0,0.0,1.0922077752607346,1.0922077752607346,0.0,0.0,0.0,-0.0
2025-03-19 20:00:00+00:00,20260126_001632_a0be7977_StateSignal_XLE,0.008272825270425424,0.008272825270425424,1.1012434193444667,1.1012434193444667,0.0,0.0,1.0,0.008272825270425424
2025-03-20 20:00:00+00:00,20260126_001632_a0be7977_StateSignal_XLE,0.0,0.0,1.1012434193444667,1.1012434193444667,0.0,0.0,0.0,0.0
2025-03-21 20:00:00+00:00,20260126_001632_a0be7977_StateSignal_XLE,0.0,0.0,1.1012434193444667,1.1012434193444667,0.0,0.0,0.0,-0.0
2025-03-24 20:00:00+00:00,20260126_001632_a0be7977_StateSignal_XLE,0.0,0.0,1.1012434193444667,1.1012434193444667,0.0,0.0,0.0,0.0
2025-03-25 20:00:00+00:00,20260126_001632_a0be7977_StateSignal_XLE,0.0,0.0,1.1012434193444667,1.1012434193444667,0.0,0.0,0.0,-0.0
2025-03-26 20:00:00+00:00,20260126_001632_a0be7977_StateSignal_XLE,0.005045530063240133,0.005045530063240133,1.1067997761237145,1.1067997761237145,0.0,0.0,1.0,0.005045530063240133
2025-03-27 20:00:00+00:00,20260126_001632_a0be7977_StateSignal_XLE,0.0,0.0,1.1067997761237145,1.1067997761237145,0.0,0.0,0.0,-0.0
2025-03-28 20:00:00+00:00,20260126_001632_a0be7977_StateSignal_XLE,-0.003102151834087136,-0.003102151834087136,1.1033663151682451,1.1033663151682451,0.0,0.0,1.0,-0.003102151834087136
2025-03-31 20:00:00+00:00,20260126_001632_a0be7977_StateSignal_XLE,0.009704531389177951,0.009704531389177951,1.1140739682075569,1.1140739682075569,0.0,0.0,1.0,0.009704531389177951
2025-04-01 20:00:00+00:00,20260126_001632_a0be7977_StateSignal_XLE,0.0,0.0,1.1140739682075569,1.1140739682075569,0.0,0.0,0.0,0.0
2025-04-02 20:00:00+00:00,20260126_001632_a0be7977_StateSignal_XLE,0.0006542362025960831,0.0006542362025960831,1.1148028357299282,1.1148028357299282,0.0,0.0,1.0,0.0006542362025960831
2025-04-03 20:00:00+00:00,20260126_001632_a0be7977_StateSignal_XLE,-0.03802915939921021,-0.03802915939921021,1.072407820991263,1.072407820991263,0.0,0.0,1.0,-0.03802915939921021
2025-04-04 20:00:00+00:00,20260126_001632_a0be7977_StateSignal_XLE,-0.038671824638715074,-0.038671824638715074,1.0309358537967024,1.0309358537967024,0.0,0.0,1.0,-0.038671824638715074
2025-04-07 20:00:00+00:00,20260126_001632_a0be7977_StateSignal_XLE,0.03787119234212565,0.03787119234212565,1.0699786238082307,1.0699786238082307,0.0,0.0,1.0,0.03787119234212565
2025-04-08 20:00:00+00:00,20260126_001632_a0be7977_StateSignal_XLE,-0.04459170426202469,-0.04459170426202469,1.0222664534486858,1.0222664534486858,0.0,0.0,1.0,-0.04459170426202469
2025-04-09 20:00:00+00:00,20260126_001632_a0be7977_StateSignal_XLE,0.03445934333905347,0.03445934333905347,1.0574930841520707,1.0574930841520707,0.0,0.0,1.0,0.03445934333905347
2025-04-10 20:00:00+00:00,20260126_001632_a0be7977_StateSignal_XLE,-0.024978293486755274,-0.024978293486755274,1.0310787115359061,1.0310787115359061,0.0,0.0,1.0,-0.024978293486755274
2025-04-11 20:00:00+00:00,20260126_001632_a0be7977_StateSignal_XLE,0.024725089085511152,0.024725089085511152,1.0565722245328053,1.0565722245328053,0.0,0.0,1.0,0.024725089085511152
2025-04-14 20:00:00+00:00,20260126_001632_a0be7977_StateSignal_XLE,0.002594708253872624,0.002594708253872624,1.059313721204613,1.059313721204613,0.0,0.0,1.0,0.002594708253872624
2025-04-15 20:00:00+00:00,20260126_001632_a0be7977_StateSignal_XLE,-0.012630661535553056,-0.012630661535553056,1.0459338881321105,1.0459338881321105,0.0,0.0,1.0,-0.012630661535553056
2025-04-16 20:00:00+00:00,20260126_001632_a0be7977_StateSignal_XLE,0.008266644854793219,0.008266644854793219,1.0545802521268917,1.0545802521268917,0.0,0.0,1.0,0.008266644854793219
2025-04-17 20:00:00+00:00,20260126_001632_a0be7977_StateSignal_XLE,0.022135492259538977,0.022135492259538977,1.077923905134909,1.077923905134909,0.0,0.0,1.0,0.022135492259538977
2025-04-21 20:00:00+00:00,20260126_001632_a0be7977_StateSignal_XLE,-0.010797020055001199,-0.010797020055001199,1.0662855391134023,1.0662855391134023,0.0,0.0,1.0,-0.010797020055001199
2025-04-22 20:00:00+00:00,20260126_001632_a0be7977_StateSignal_XLE,0.009617892414178923,0.009617892414178923,1.0765409587113899,1.0765409587113899,0.0,0.0,1.0,0.009617892414178923
2025-04-23 20:00:00+00:00,20260126_001632_a0be7977_StateSignal_XLE,-0.01079734281319476,-0.01079734281319476,1.0649171769277377,1.0649171769277377,0.0,0.0,1.0,-0.01079734281319476
2025-04-24 20:00:00+00:00,20260126_001632_a0be7977_StateSignal_XLE,0.014785383991149975,0.014785383991149975,1.0806623863073856,1.0806623863073856,0.0,0.0,1.0,0.014785383991149975
2025-04-25 20:00:00+00:00,20260126_001632_a0be7977_StateSignal_XLE,0.002992520936454165,0.002992520936454165,1.083896291123649,1.083896291123649,0.0,0.0,1.0,0.002992520936454165
2025-04-28 20:00:00+00:00,20260126_001632_a0be7977_StateSignal_XLE,0.0017328881672714028,0.0017328881672714028,1.0857745621810864,1.0857745621810864,0.0,0.0,1.0,0.0017328881672714028
2025-04-29 20:00:00+00:00,20260126_001632_a0be7977_StateSignal_XLE,-0.0034687844494233006,-0.0034687844494233006,1.0820082442642132,1.0820082442642132,0.0,0.0,1.0,-0.0034687844494233006
2025-04-30 20:00:00+00:00,20260126_001632_a0be7977_StateSignal_XLE,0.0,0.0,1.0820082442642132,1.0820082442642132,0.0,0.0,0.0,0.0
2025-05-01 20:00:00+00:00,20260126_001632_a0be7977_StateSignal_XLE,0.004578995535687815,0.004578995535687815,1.0869627551842764,1.0869627551842764,0.0,0.0,1.0,0.004578995535687815
2025-05-02 20:00:00+00:00,20260126_001632_a0be7977_StateSignal_XLE,0.011066511329783164,0.011066511329783164,1.0989916408295757,1.0989916408295757,0.0,0.0,1.0,0.011066511329783164
2025-05-05 20:00:00+00:00,20260126_001632_a0be7977_StateSignal_XLE,0.0017850317120228865,0.0017850317120228865,1.1009533757597045,1.1009533757597045,0.0,0.0,1.0,0.0017850317120228865
2025-05-06 20:00:00+00:00,20260126_001632_a0be7977_StateSignal_XLE,-0.001018848789102683,-0.001018848789102683,1.0998316707459532,1.0998316707459532,0.0,0.0,1.0,-0.001018848789102683
2025-05-07 20:00:00+00:00,20260126_001632_a0be7977_StateSignal_XLE,0.0,0.0,1.0998316707459532,1.0998316707459532,0.0,0.0,0.0,0.0
2025-05-08 20:00:00+00:00,20260126_001632_a0be7977_StateSignal_XLE,-0.0035122966362925645,-0.0035122966362925645,1.095968735668304,1.095968735668304,0.0,0.0,1.0,-0.0035122966362925645
2025-05-09 20:00:00+00:00,20260126_001632_a0be7977_StateSignal_XLE,0.0,0.0,1.095968735668304,1.095968735668304,0.0,0.0,0.0,0.0
2025-05-12 20:00:00+00:00,20260126_001632_a0be7977_StateSignal_XLE,-0.010375289114017427,-0.010375289114017427,1.0845977431758214,1.0845977431758214,0.0,0.0,1.0,-0.010375289114017427
2025-05-13 20:00:00+00:00,20260126_001632_a0be7977_StateSignal_XLE,0.008408457949406251,0.008408457949406251,1.093717537691336,1.093717537691336,0.0,0.0,1.0,0.008408457949406251
2025-05-14 20:00:00+00:00,20260126_001632_a0be7977_StateSignal_XLE,0.0007221085883645904,0.0007221085883645904,1.0945073205185478,1.0945073205185478,0.0,0.0,1.0,0.0007221085883645904
2025-05-15 20:00:00+00:00,20260126_001632_a0be7977_StateSignal_XLE,0.0043217354180282615,0.0043217354180282615,1.099237491570924,1.099237491570924,0.0,0.0,1.0,0.0043217354180282615
2025-05-16 20:00:00+00:00,20260126_001632_a0be7977_StateSignal_XLE,0.0,0.0,1.099237491570924,1.099237491570924,0.0,0.0,0.0,0.0
2025-05-19 20:00:00+00:00,20260126_001632_a0be7977_StateSignal_XLE,0.006584586648625372,0.006584586648625372,1.1064755160815904,1.1064755160815904,0.0,0.0,1.0,0.006584586648625372
2025-05-20 20:00:00+00:00,20260126_001632_a0be7977_StateSignal_XLE,0.0,0.0,1.1064755160815904,1.1064755160815904,0.0,0.0,0.0,-0.0
2025-05-21 20:00:00+00:00,20260126_001632_a0be7977_StateSignal_XLE,0.0,0.0,1.1064755160815904,1.1064755160815904,0.0,0.0,0.0,-0.0
2025-05-22 20:00:00+00:00,20260126_001632_a0be7977_StateSignal_XLE,0.0,0.0,1.1064755160815904,1.1064755160815904,0.0,0.0,0.0,0.0
2025-05-23 20:00:00+00:00,20260126_001632_a0be7977_StateSignal_XLE,0.005772383953845206,0.005772383953845206,1.1128625175959426,1.1128625175959426,0.0,0.0,1.0,0.005772383953845206
2025-05-27 20:00:00+00:00,20260126_001632_a0be7977_StateSignal_XLE,0.0,0.0,1.1128625175959426,1.1128625175959426,0.0,0.0,0.0,0.0
2025-05-28 20:00:00+00:00,20260126_001632_a0be7977_StateSignal_XLE,0.0,0.0,1.1128625175959426,1.1128625175959426,0.0,0.0,0.0,-0.0
2025-05-29 20:00:00+00:00,20260126_001632_a0be7977_StateSignal_XLE,0.0,0.0,1.1128625175959426,1.1128625175959426,0.0,0.0,0.0,0.0
2025-05-30 20:00:00+00:00,20260126_001632_a0be7977_StateSignal_XLE,0.0,0.0,1.1128625175959426,1.1128625175959426,0.0,0.0,0.0,-0.0
2025-06-02 20:00:00+00:00,20260126_001632_a0be7977_StateSignal_XLE,0.0,0.0,1.1128625175959426,1.1128625175959426,0.0,0.0,0.0,0.0
2025-06-03 20:00:00+00:00,20260126_001632_a0be7977_StateSignal_XLE,0.0,0.0,1.1128625175959426,1.1128625175959426,0.0,0.0,0.0,0.0
2025-06-04 20:00:00+00:00,20260126_001632_a0be7977_StateSignal_XLE,0.0,0.0,1.1128625175959426,1.1128625175959426,0.0,0.0,0.0,-0.0
2025-06-05 20:00:00+00:00,20260126_001632_a0be7977_StateSignal_XLE,0.0,0.0,1.1128625175959426,1.1128625175959426,0.0,0.0,0.0,-0.0
2025-06-06 20:00:00+00:00,20260126_001632_a0be7977_StateSignal_XLE,0.0024618427007770407,0.0024618427007770407,1.1156022100618543,1.1156022100618543,0.0,0.0,1.0,0.0024618427007770407
2025-06-09 20:00:00+00:00,20260126_001632_a0be7977_StateSignal_XLE,0.0,0.0,1.1156022100618543,1.1156022100618543,0.0,0.0,0.0,-0.0
2025-06-10 20:00:00+00:00,20260126_001632_a0be7977_StateSignal_XLE,0.0,0.0,1.1156022100618543,1.1156022100618543,0.0,0.0,0.0,0.0
2025-06-11 20:00:00+00:00,20260126_001632_a0be7977_StateSignal_XLE,0.0,0.0,1.1156022100618543,1.1156022100618543,0.0,0.0,0.0,0.0
2025-06-12 20:00:00+00:00,20260126_001632_a0be7977_StateSignal_XLE,0.008324462389123148,0.008324462389123148,1.1248889987007369,1.1248889987007369,0.0,0.0,1.0,0.008324462389123148
2025-06-13 20:00:00+00:00,20260126_001632_a0be7977_StateSignal_XLE,0.0,0.0,1.1248889987007369,1.1248889987007369,0.0,0.0,0.0,0.0
2025-06-16 20:00:00+00:00,20260126_001632_a0be7977_StateSignal_XLE,0.0,0.0,1.1248889987007369,1.1248889987007369,0.0,0.0,0.0,-0.0
2025-06-17 20:00:00+00:00,20260126_001632_a0be7977_StateSignal_XLE,-0.003232512627721053,-0.003232512627721053,1.1212527808076522,1.1212527808076522,0.0,0.0,1.0,-0.003232512627721053
2025-06-18 20:00:00+00:00,20260126_001632_a0be7977_StateSignal_XLE,0.0,0.0,1.1212527808076522,1.1212527808076522,0.0,0.0,0.0,-0.0
2025-06-20 20:00:00+00:00,20260126_001632_a0be7977_StateSignal_XLE,0.0,0.0,1.1212527808076522,1.1212527808076522,0.0,0.0,0.0,0.0
2025-06-23 20:00:00+00:00,20260126_001632_a0be7977_StateSignal_XLE,-0.02545379684523822,-0.02545379684523822,1.0927126403128158,1.0927126403128158,0.0,0.0,1.0,-0.02545379684523822
2025-06-24 20:00:00+00:00,20260126_001632_a0be7977_StateSignal_XLE,0.0,0.0,1.0927126403128158,1.0927126403128158,0.0,0.0,0.0,-0.0
2025-06-25 20:00:00+00:00,20260126_001632_a0be7977_StateSignal_XLE,0.0014447389943743852,0.0014447389943743852,1.0942913248739214,1.0942913248739214,0.0,0.0,1.0,0.0014447389943743852
2025-06-26 20:00:00+00:00,20260126_001632_a0be7977_StateSignal_XLE,0.007859990447376376,0.007859990447376376,1.1028924442340773,1.1028924442340773,0.0,0.0,1.0,0.007859990447376376
2025-06-27 20:00:00+00:00,20260126_001632_a0be7977_StateSignal_XLE,0.0,0.0,1.1028924442340773,1.1028924442340773,0.0,0.0,0.0,-0.0
2025-06-30 20:00:00+00:00,20260126_001632_a0be7977_StateSignal_XLE,0.0,0.0,1.1028924442340773,1.1028924442340773,0.0,0.0,0.0,-0.0
2025-07-01 20:00:00+00:00,20260126_001632_a0be7977_StateSignal_XLE,0.0,0.0,1.1028924442340773,1.1028924442340773,0.0,0.0,0.0,0.0
2025-07-02 20:00:00+00:00,20260126_001632_a0be7977_StateSignal_XLE,0.0,0.0,1.1028924442340773,1.1028924442340773,0.0,0.0,0.0,0.0
2025-07-03 20:00:00+00:00,20260126_001632_a0be7977_StateSignal_XLE,0.00023372677446618752,0.00023372677446618752,1.103150219727651,1.103150219727651,0.0,0.0,1.0,0.00023372677446618752
2025-07-07 20:00:00+00:00,20260126_001632_a0be7977_StateSignal_XLE,0.0,0.0,1.103150219727651,1.103150219727651,0.0,0.0,0.0,-0.0
2025-07-08 20:00:00+00:00,20260126_001632_a0be7977_StateSignal_XLE,0.0,0.0,1.103150219727651,1.103150219727651,0.0,0.0,0.0,0.0
2025-07-09 20:00:00+00:00,20260126_001632_a0be7977_StateSignal_XLE,0.0,0.0,1.103150219727651,1.103150219727651,0.0,0.0,0.0,-0.0
2025-07-10 20:00:00+00:00,20260126_001632_a0be7977_StateSignal_XLE,0.01617784301098503,0.01617784301098503,1.1209968107999386,1.1209968107999386,0.0,0.0,1.0,0.01617784301098503
2025-07-11 20:00:00+00:00,20260126_001632_a0be7977_StateSignal_XLE,0.0,0.0,1.1209968107999386,1.1209968107999386,0.0,0.0,0.0,0.0
2025-07-14 20:00:00+00:00,20260126_001632_a0be7977_StateSignal_XLE,-0.006681282773599092,-0.006681282773599092,1.1135071141186814,1.1135071141186814,0.0,0.0,1.0,-0.006681282773599092
2025-07-15 20:00:00+00:00,20260126_001632_a0be7977_StateSignal_XLE,0.0,0.0,1.1135071141186814,1.1135071141186814,0.0,0.0,0.0,-0.0
2025-07-16 20:00:00+00:00,20260126_001632_a0be7977_StateSignal_XLE,0.0,0.0,1.1135071141186814,1.1135071141186814,0.0,0.0,0.0,-0.0
2025-07-17 20:00:00+00:00,20260126_001632_a0be7977_StateSignal_XLE,0.0,0.0,1.1135071141186814,1.1135071141186814,0.0,0.0,0.0,0.0
2025-07-18 20:00:00+00:00,20260126_001632_a0be7977_StateSignal_XLE,0.0,0.0,1.1135071141186814,1.1135071141186814,0.0,0.0,0.0,-0.0
2025-07-21 20:00:00+00:00,20260126_001632_a0be7977_StateSignal_XLE,0.0,0.0,1.1135071141186814,1.1135071141186814,0.0,0.0,0.0,-0.0
2025-07-22 20:00:00+00:00,20260126_001632_a0be7977_StateSignal_XLE,-0.0021395467569818283,-0.0021395467569818283,1.1111247135837927,1.1111247135837927,0.0,0.0,1.0,-0.0021395467569818283
2025-07-23 20:00:00+00:00,20260126_001632_a0be7977_StateSignal_XLE,0.0,0.0,1.1111247135837927,1.1111247135837927,0.0,0.0,0.0,0.0
2025-07-24 20:00:00+00:00,20260126_001632_a0be7977_StateSignal_XLE,0.0,0.0,1.1111247135837927,1.1111247135837927,0.0,0.0,0.0,0.0
2025-07-25 20:00:00+00:00,20260126_001632_a0be7977_StateSignal_XLE,0.0,0.0,1.1111247135837927,1.1111247135837927,0.0,0.0,0.0,-0.0
2025-07-28 20:00:00+00:00,20260126_001632_a0be7977_StateSignal_XLE,0.0,0.0,1.1111247135837927,1.1111247135837927,0.0,0.0,0.0,0.0
2025-07-29 20:00:00+00:00,20260126_001632_a0be7977_StateSignal_XLE,0.0,0.0,1.1111247135837927,1.1111247135837927,0.0,0.0,0.0,0.0
2025-07-30 20:00:00+00:00,20260126_001632_a0be7977_StateSignal_XLE,0.0,0.0,1.1111247135837927,1.1111247135837927,0.0,0.0,0.0,-0.0
2025-07-31 20:00:00+00:00,20260126_001632_a0be7977_StateSignal_XLE,0.0,0.0,1.1111247135837927,1.1111247135837927,0.0,0.0,0.0,-0.0
2025-08-01 20:00:00+00:00,20260126_001632_a0be7977_StateSignal_XLE,0.0,0.0,1.1111247135837927,1.1111247135837927,0.0,0.0,0.0,-0.0
2025-08-04 20:00:00+00:00,20260126_001632_a0be7977_StateSignal_XLE,0.0,0.0,1.1111247135837927,1.1111247135837927,0.0,0.0,0.0,-0.0
2025-08-05 20:00:00+00:00,20260126_001632_a0be7977_StateSignal_XLE,0.0,0.0,1.1111247135837927,1.1111247135837927,0.0,0.0,0.0,0.0
2025-08-06 20:00:00+00:00,20260126_001632_a0be7977_StateSignal_XLE,0.0,0.0,1.1111247135837927,1.1111247135837927,0.0,0.0,0.0,-0.0
2025-08-07 20:00:00+00:00,20260126_001632_a0be7977_StateSignal_XLE,0.0,0.0,1.1111247135837927,1.1111247135837927,0.0,0.0,0.0,-0.0
2025-08-08 20:00:00+00:00,20260126_001632_a0be7977_StateSignal_XLE,0.0,0.0,1.1111247135837927,1.1111247135837927,0.0,0.0,0.0,0.0
2025-08-11 20:00:00+00:00,20260126_001632_a0be7977_StateSignal_XLE,0.0,0.0,1.1111247135837927,1.1111247135837927,0.0,0.0,0.0,-0.0
2025-08-12 20:00:00+00:00,20260126_001632_a0be7977_StateSignal_XLE,0.0,0.0,1.1111247135837927,1.1111247135837927,0.0,0.0,0.0,0.0
2025-08-13 20:00:00+00:00,20260126_001632_a0be7977_StateSignal_XLE,0.0,0.0,1.1111247135837927,1.1111247135837927,0.0,0.0,0.0,0.0
2025-08-14 20:00:00+00:00,20260126_001632_a0be7977_StateSignal_XLE,0.0,0.0,1.1111247135837927,1.1111247135837927,0.0,0.0,0.0,0.0
2025-08-15 20:00:00+00:00,20260126_001632_a0be7977_StateSignal_XLE,0.0,0.0,1.1111247135837927,1.1111247135837927,0.0,0.0,0.0,-0.0
2025-08-18 20:00:00+00:00,20260126_001632_a0be7977_StateSignal_XLE,0.0,0.0,1.1111247135837927,1.1111247135837927,0.0,0.0,0.0,0.0
2025-08-19 20:00:00+00:00,20260126_001632_a0be7977_StateSignal_XLE,0.0,0.0,1.1111247135837927,1.1111247135837927,0.0,0.0,0.0,-0.0
2025-08-20 20:00:00+00:00,20260126_001632_a0be7977_StateSignal_XLE,0.0,0.0,1.1111247135837927,1.1111247135837927,0.0,0.0,0.0,0.0
2025-08-21 20:00:00+00:00,20260126_001632_a0be7977_StateSignal_XLE,0.0,0.0,1.1111247135837927,1.1111247135837927,0.0,0.0,0.0,0.0
2025-08-22 20:00:00+00:00,20260126_001632_a0be7977_StateSignal_XLE,0.0,0.0,1.1111247135837927,1.1111247135837927,0.0,0.0,0.0,0.0
2025-08-25 20:00:00+00:00,20260126_001632_a0be7977_StateSignal_XLE,0.0,0.0,1.1111247135837927,1.1111247135837927,0.0,0.0,0.0,0.0
2025-08-26 20:00:00+00:00,20260126_001632_a0be7977_StateSignal_XLE,0.0,0.0,1.1111247135837927,1.1111247135837927,0.0,0.0,0.0,0.0
2025-08-27 20:00:00+00:00,20260126_001632_a0be7977_StateSignal_XLE,0.0,0.0,1.1111247135837927,1.1111247135837927,0.0,0.0,0.0,0.0
2025-08-28 20:00:00+00:00,20260126_001632_a0be7977_StateSignal_XLE,0.0,0.0,1.1111247135837927,1.1111247135837927,0.0,0.0,0.0,0.0
2025-08-29 20:00:00+00:00,20260126_001632_a0be7977_StateSignal_XLE,0.0,0.0,1.1111247135837927,1.1111247135837927,0.0,0.0,0.0,-0.0
2025-09-02 20:00:00+00:00,20260126_001632_a0be7977_StateSignal_XLE,0.0,0.0,1.1111247135837927,1.1111247135837927,0.0,0.0,0.0,0.0
2025-09-03 20:00:00+00:00,20260126_001632_a0be7977_StateSignal_XLE,0.0,0.0,1.1111247135837927,1.1111247135837927,0.0,0.0,0.0,-0.0
2025-09-04 20:00:00+00:00,20260126_001632_a0be7977_StateSignal_XLE,0.0,0.0,1.1111247135837927,1.1111247135837927,0.0,0.0,0.0,0.0
2025-09-05 20:00:00+00:00,20260126_001632_a0be7977_StateSignal_XLE,0.0,0.0,1.1111247135837927,1.1111247135837927,0.0,0.0,0.0,-0.0
2025-09-08 20:00:00+00:00,20260126_001632_a0be7977_StateSignal_XLE,0.0,0.0,1.1111247135837927,1.1111247135837927,0.0,0.0,0.0,-0.0
2025-09-09 20:00:00+00:00,20260126_001632_a0be7977_StateSignal_XLE,0.0,0.0,1.1111247135837927,1.1111247135837927,0.0,0.0,0.0,-0.0
2025-09-10 20:00:00+00:00,20260126_001632_a0be7977_StateSignal_XLE,0.0,0.0,1.1111247135837927,1.1111247135837927,0.0,0.0,0.0,0.0
2025-09-11 20:00:00+00:00,20260126_001632_a0be7977_StateSignal_XLE,0.0,0.0,1.1111247135837927,1.1111247135837927,0.0,0.0,0.0,0.0
2025-09-12 20:00:00+00:00,20260126_001632_a0be7977_StateSignal_XLE,0.0,0.0,1.1111247135837927,1.1111247135837927,0.0,0.0,0.0,-0.0
2025-09-15 20:00:00+00:00,20260126_001632_a0be7977_StateSignal_XLE,0.0,0.0,1.1111247135837927,1.1111247135837927,0.0,0.0,0.0,0.0
2025-09-16 20:00:00+00:00,20260126_001632_a0be7977_StateSignal_XLE,0.0,0.0,1.1111247135837927,1.1111247135837927,0.0,0.0,0.0,0.0
2025-09-17 20:00:00+00:00,20260126_001632_a0be7977_StateSignal_XLE,0.0,0.0,1.1111247135837927,1.1111247135837927,0.0,0.0,0.0,-0.0
2025-09-18 20:00:00+00:00,20260126_001632_a0be7977_StateSignal_XLE,0.0,0.0,1.1111247135837927,1.1111247135837927,0.0,0.0,0.0,-0.0
2025-09-19 20:00:00+00:00,20260126_001632_a0be7977_StateSignal_XLE,0.0,0.0,1.1111247135837927,1.1111247135837927,0.0,0.0,0.0,-0.0
2025-09-22 20:00:00+00:00,20260126_001632_a0be7977_StateSignal_XLE,0.0,0.0,1.1111247135837927,1.1111247135837927,0.0,0.0,0.0,0.0
2025-09-23 20:00:00+00:00,20260126_001632_a0be7977_StateSignal_XLE,0.0,0.0,1.1111247135837927,1.1111247135837927,0.0,0.0,0.0,0.0
2025-09-24 20:00:00+00:00,20260126_001632_a0be7977_StateSignal_XLE,0.0,0.0,1.1111247135837927,1.1111247135837927,0.0,0.0,0.0,-0.0
2025-09-25 20:00:00+00:00,20260126_001632_a0be7977_StateSignal_XLE,0.0,0.0,1.1111247135837927,1.1111247135837927,0.0,0.0,0.0,0.0
2025-09-26 20:00:00+00:00,20260126_001632_a0be7977_StateSignal_XLE,0.0,0.0,1.1111247135837927,1.1111247135837927,0.0,0.0,0.0,-0.0
2025-09-29 20:00:00+00:00,20260126_001632_a0be7977_StateSignal_XLE,0.0,0.0,1.1111247135837927,1.1111247135837927,0.0,0.0,0.0,-0.0
2025-09-30 20:00:00+00:00,20260126_001632_a0be7977_StateSignal_XLE,0.0,0.0,1.1111247135837927,1.1111247135837927,0.0,0.0,0.0,-0.0
2025-10-01 20:00:00+00:00,20260126_001632_a0be7977_StateSignal_XLE,0.0,0.0,1.1111247135837927,1.1111247135837927,0.0,0.0,0.0,0.0
2025-10-02 20:00:00+00:00,20260126_001632_a0be7977_StateSignal_XLE,0.0,0.0,1.1111247135837927,1.1111247135837927,0.0,0.0,0.0,-0.0
2025-10-03 20:00:00+00:00,20260126_001632_a0be7977_StateSignal_XLE,0.0,0.0,1.1111247135837927,1.1111247135837927,0.0,0.0,0.0,-0.0
2025-10-06 20:00:00+00:00,20260126_001632_a0be7977_StateSignal_XLE,0.0,0.0,1.1111247135837927,1.1111247135837927,0.0,0.0,0.0,0.0
2025-10-07 20:00:00+00:00,20260126_001632_a0be7977_StateSignal_XLE,0.0,0.0,1.1111247135837927,1.1111247135837927,0.0,0.0,0.0,0.0
2025-10-08 20:00:00+00:00,20260126_001632_a0be7977_StateSignal_XLE,0.0,0.0,1.1111247135837927,1.1111247135837927,0.0,0.0,0.0,0.0
2025-10-09 20:00:00+00:00,20260126_001632_a0be7977_StateSignal_XLE,0.0,0.0,1.1111247135837927,1.1111247135837927,0.0,0.0,0.0,-0.0
2025-10-10 20:00:00+00:00,20260126_001632_a0be7977_StateSignal_XLE,0.0,0.0,1.1111247135837927,1.1111247135837927,0.0,0.0,0.0,-0.0
2025-10-13 20:00:00+00:00,20260126_001632_a0be7977_StateSignal_XLE,0.0,0.0,1.1111247135837927,1.1111247135837927,0.0,0.0,0.0,0.0
2025-10-14 20:00:00+00:00,20260126_001632_a0be7977_StateSignal_XLE,0.0,0.0,1.1111247135837927,1.1111247135837927,0.0,0.0,0.0,0.0
2025-10-15 20:00:00+00:00,20260126_001632_a0be7977_StateSignal_XLE,0.0,0.0,1.1111247135837927,1.1111247135837927,0.0,0.0,0.0,-0.0
2025-10-16 20:00:00+00:00,20260126_001632_a0be7977_StateSignal_XLE,0.0,0.0,1.1111247135837927,1.1111247135837927,0.0,0.0,0.0,-0.0
2025-10-17 20:00:00+00:00,20260126_001632_a0be7977_StateSignal_XLE,0.0,0.0,1.1111247135837927,1.1111247135837927,0.0,0.0,0.0,0.0
2025-10-20 20:00:00+00:00,20260126_001632_a0be7977_StateSignal_XLE,0.0,0.0,1.1111247135837927,1.1111247135837927,0.0,0.0,0.0,0.0
2025-10-21 20:00:00+00:00,20260126_001632_a0be7977_StateSignal_XLE,0.0,0.0,1.1111247135837927,1.1111247135837927,0.0,0.0,0.0,-0.0
2025-10-22 20:00:00+00:00,20260126_001632_a0be7977_StateSignal_XLE,0.0,0.0,1.1111247135837927,1.1111247135837927,0.0,0.0,0.0,0.0
2025-10-23 20:00:00+00:00,20260126_001632_a0be7977_StateSignal_XLE,0.0,0.0,1.1111247135837927,1.1111247135837927,0.0,0.0,0.0,0.0
2025-10-24 20:00:00+00:00,20260126_001632_a0be7977_StateSignal_XLE,0.0,0.0,1.1111247135837927,1.1111247135837927,0.0,0.0,0.0,-0.0
2025-10-27 20:00:00+00:00,20260126_001632_a0be7977_StateSignal_XLE,0.0,0.0,1.1111247135837927,1.1111247135837927,0.0,0.0,0.0,-0.0
2025-10-28 20:00:00+00:00,20260126_001632_a0be7977_StateSignal_XLE,0.0,0.0,1.1111247135837927,1.1111247135837927,0.0,0.0,0.0,-0.0
2025-10-29 20:00:00+00:00,20260126_001632_a0be7977_StateSignal_XLE,0.0,0.0,1.1111247135837927,1.1111247135837927,0.0,0.0,0.0,0.0
2025-10-30 20:00:00+00:00,20260126_001632_a0be7977_StateSignal_XLE,0.0,0.0,1.1111247135837927,1.1111247135837927,0.0,0.0,0.0,-0.0
2025-10-31 20:00:00+00:00,20260126_001632_a0be7977_StateSignal_XLE,0.0,0.0,1.1111247135837927,1.1111247135837927,0.0,0.0,0.0,0.0
2025-11-03 21:00:00+00:00,20260126_001632_a0be7977_StateSignal_XLE,0.0,0.0,1.1111247135837927,1.1111247135837927,0.0,0.0,0.0,0.0
2025-11-04 21:00:00+00:00,20260126_001632_a0be7977_StateSignal_XLE,0.0,0.0,1.1111247135837927,1.1111247135837927,0.0,0.0,0.0,0.0
2025-11-05 21:00:00+00:00,20260126_001632_a0be7977_StateSignal_XLE,0.0,0.0,1.1111247135837927,1.1111247135837927,0.0,0.0,0.0,-0.0
2025-11-06 21:00:00+00:00,20260126_001632_a0be7977_StateSignal_XLE,0.0,0.0,1.1111247135837927,1.1111247135837927,0.0,0.0,0.0,-0.0
2025-11-07 21:00:00+00:00,20260126_001632_a0be7977_StateSignal_XLE,0.0,0.0,1.1111247135837927,1.1111247135837927,0.0,0.0,0.0,0.0
2025-11-10 21:00:00+00:00,20260126_001632_a0be7977_StateSignal_XLE,0.0,0.0,1.1111247135837927,1.1111247135837927,0.0,0.0,0.0,0.0
2025-11-11 21:00:00+00:00,20260126_001632_a0be7977_StateSignal_XLE,0.0,0.0,1.1111247135837927,1.1111247135837927,0.0,0.0,0.0,0.0
2025-11-12 21:00:00+00:00,20260126_001632_a0be7977_StateSignal_XLE,0.0,0.0,1.1111247135837927,1.1111247135837927,0.0,0.0,0.0,-0.0
2025-11-13 21:00:00+00:00,20260126_001632_a0be7977_StateSignal_XLE,0.0,0.0,1.1111247135837927,1.1111247135837927,0.0,0.0,0.0,-0.0
2025-11-14 21:00:00+00:00,20260126_001632_a0be7977_StateSignal_XLE,0.0,0.0,1.1111247135837927,1.1111247135837927,0.0,0.0,0.0,0.0
2025-11-17 21:00:00+00:00,20260126_001632_a0be7977_StateSignal_XLE,0.0,0.0,1.1111247135837927,1.1111247135837927,0.0,0.0,0.0,-0.0
2025-11-18 21:00:00+00:00,20260126_001632_a0be7977_StateSignal_XLE,0.0,0.0,1.1111247135837927,1.1111247135837927,0.0,0.0,0.0,0.0
2025-11-19 21:00:00+00:00,20260126_001632_a0be7977_StateSignal_XLE,0.0,0.0,1.1111247135837927,1.1111247135837927,0.0,0.0,0.0,0.0
2025-11-20 21:00:00+00:00,20260126_001632_a0be7977_StateSignal_XLE,0.0,0.0,1.1111247135837927,1.1111247135837927,0.0,0.0,0.0,-0.0
2025-11-21 21:00:00+00:00,20260126_001632_a0be7977_StateSignal_XLE,0.0,0.0,1.1111247135837927,1.1111247135837927,0.0,0.0,0.0,0.0
2025-11-24 21:00:00+00:00,20260126_001632_a0be7977_StateSignal_XLE,0.0,0.0,1.1111247135837927,1.1111247135837927,0.0,0.0,0.0,0.0
2025-11-25 21:00:00+00:00,20260126_001632_a0be7977_StateSignal_XLE,0.0,0.0,1.1111247135837927,1.1111247135837927,0.0,0.0,0.0,-0.0
2025-11-26 21:00:00+00:00,20260126_001632_a0be7977_StateSignal_XLE,0.0,0.0,1.1111247135837927,1.1111247135837927,0.0,0.0,0.0,0.0
2025-11-28 21:00:00+00:00,20260126_001632_a0be7977_StateSignal_XLE,0.0,0.0,1.1111247135837927,1.1111247135837927,0.0,0.0,0.0,0.0
2025-12-01 21:00:00+00:00,20260126_001632_a0be7977_StateSignal_XLE,0.0,0.0,1.1111247135837927,1.1111247135837927,0.0,0.0,0.0,-0.0
2025-12-02 21:00:00+00:00,20260126_001632_a0be7977_StateSignal_XLE,0.0,0.0,1.1111247135837927,1.1111247135837927,0.0,0.0,0.0,0.0
2025-12-03 21:00:00+00:00,20260126_001632_a0be7977_StateSignal_XLE,0.0,0.0,1.1111247135837927,1.1111247135837927,0.0,0.0,0.0,0.0
2025-12-04 21:00:00+00:00,20260126_001632_a0be7977_StateSignal_XLE,0.0,0.0,1.1111247135837927,1.1111247135837927,0.0,0.0,0.0,0.0
2025-12-05 21:00:00+00:00,20260126_001632_a0be7977_StateSignal_XLE,0.0,0.0,1.1111247135837927,1.1111247135837927,0.0,0.0,0.0,-0.0
2025-12-08 21:00:00+00:00,20260126_001632_a0be7977_StateSignal_XLE,0.0,0.0,1.1111247135837927,1.1111247135837927,0.0,0.0,0.0,-0.0
2025-12-09 21:00:00+00:00,20260126_001632_a0be7977_StateSignal_XLE,0.0,0.0,1.1111247135837927,1.1111247135837927,0.0,0.0,0.0,-0.0
2025-12-10 21:00:00+00:00,20260126_001632_a0be7977_StateSignal_XLE,0.0,0.0,1.1111247135837927,1.1111247135837927,0.0,0.0,0.0,0.0
2025-12-11 21:00:00+00:00,20260126_001632_a0be7977_StateSignal_XLE,0.0,0.0,1.1111247135837927,1.1111247135837927,0.0,0.0,0.0,-0.0
2025-12-12 21:00:00+00:00,20260126_001632_a0be7977_StateSignal_XLE,0.0,0.0,1.1111247135837927,1.1111247135837927,0.0,0.0,0.0,-0.0
2025-12-15 21:00:00+00:00,20260126_001632_a0be7977_StateSignal_XLE,0.0,0.0,1.1111247135837927,1.1111247135837927,0.0,0.0,0.0,0.0
2025-12-16 21:00:00+00:00,20260126_001632_a0be7977_StateSignal_XLE,0.0,0.0,1.1111247135837927,1.1111247135837927,0.0,0.0,0.0,-0.0
2025-12-17 21:00:00+00:00,20260126_001632_a0be7977_StateSignal_XLE,0.0,0.0,1.1111247135837927,1.1111247135837927,0.0,0.0,0.0,0.0
2025-12-18 21:00:00+00:00,20260126_001632_a0be7977_StateSignal_XLE,0.0,0.0,1.1111247135837927,1.1111247135837927,0.0,0.0,0.0,-0.0
2025-12-19 21:00:00+00:00,20260126_001632_a0be7977_StateSignal_XLE,0.0,0.0,1.1111247135837927,1.1111247135837927,0.0,0.0,0.0,-0.0
2025-12-22 21:00:00+00:00,20260126_001632_a0be7977_StateSignal_XLE,0.0,0.0,1.1111247135837927,1.1111247135837927,0.0,0.0,0.0,-0.0
2025-12-23 21:00:00+00:00,20260126_001632_a0be7977_StateSignal_XLE,0.0,0.0,1.1111247135837927,1.1111247135837927,0.0,0.0,0.0,0.0
2025-12-24 21:00:00+00:00,20260126_001632_a0be7977_StateSignal_XLE,0.0,0.0,1.1111247135837927,1.1111247135837927,0.0,0.0,0.0,-0.0
2025-12-26 21:00:00+00:00,20260126_001632_a0be7977_StateSignal_XLE,0.0,0.0,1.1111247135837927,1.1111247135837927,0.0,0.0,0.0,-0.0
2025-12-29 21:00:00+00:00,20260126_001632_a0be7977_StateSignal_XLE,0.0,0.0,1.1111247135837927,1.1111247135837927,0.0,0.0,0.0,0.0
2025-12-30 21:00:00+00:00,20260126_001632_a0be7977_StateSignal_XLE,0.0,0.0,1.1111247135837927,1.1111247135837927,0.0,0.0,0.0,0.0
2025-12-31 21:00:00+00:00,20260126_001632_a0be7977_StateSignal_XLE,0.0,0.0,1.1111247135837927,1.1111247135837927,0.0,0.0,0.0,-0.0
2026-01-02 21:00:00+00:00,20260126_001632_a0be7977_StateSignal_XLE,0.0,0.0,1.1111247135837927,1.1111247135837927,0.0,0.0,0.0,0.0
2026-01-05 21:00:00+00:00,20260126_001632_a0be7977_StateSignal_XLE,0.0,0.0,1.1111247135837927,1.1111247135837927,0.0,0.0,0.0,0.0
2026-01-06 21:00:00+00:00,20260126_001632_a0be7977_StateSignal_XLE,0.0,0.0,1.1111247135837927,1.1111247135837927,0.0,0.0,0.0,-0.0
2026-01-07 21:00:00+00:00,20260126_001632_a0be7977_StateSignal_XLE,0.0,0.0,1.1111247135837927,1.1111247135837927,0.0,0.0,0.0,-0.0
2026-01-08 21:00:00+00:00,20260126_001632_a0be7977_StateSignal_XLE,0.0,0.0,1.1111247135837927,1.1111247135837927,0.0,0.0,0.0,0.0
2026-01-09 21:00:00+00:00,20260126_001632_a0be7977_StateSignal_XLE,0.0,0.0,1.1111247135837927,1.1111247135837927,0.0,0.0,0.0,0.0
2026-01-12 21:00:00+00:00,20260126_001632_a0be7977_StateSignal_XLE,0.0,0.0,1.1111247135837927,1.1111247135837927,0.0,0.0,0.0,-0.0
2026-01-13 21:00:00+00:00,20260126_001632_a0be7977_StateSignal_XLE,0.0,0.0,1.1111247135837927,1.1111247135837927,0.0,0.0,0.0,0.0
2026-01-14 21:00:00+00:00,20260126_001632_a0be7977_StateSignal_XLE,0.0,0.0,1.1111247135837927,1.1111247135837927,0.0,0.0,0.0,0.0
2026-01-15 21:00:00+00:00,20260126_001632_a0be7977_StateSignal_XLE,0.0,0.0,1.1111247135837927,1.1111247135837927,0.0,0.0,0.0,-0.0
2026-01-16 21:00:00+00:00,20260126_001632_a0be7977_StateSignal_XLE,0.0,0.0,1.1111247135837927,1.1111247135837927,0.0,0.0,0.0,0.0
