timestamp,run_id,port_ret_gross,port_ret_net,equity_gross,equity_net,turnover,cost,weight_XLE,asset_ret_gross_XLE
2021-01-05 00:00:00+00:00,20260201_193432_85ab9324_StateSignal_XLE,0.0,0.0,1.0,1.0,0.0,0.0,0.0,-0.0
2021-01-06 00:00:00+00:00,20260201_193432_85ab9324_StateSignal_XLE,0.0,0.0,1.0,1.0,0.0,0.0,0.0,0.0
2021-01-07 00:00:00+00:00,20260201_193432_85ab9324_StateSignal_XLE,0.0,0.0,1.0,1.0,0.0,0.0,0.0,0.0
2021-01-08 00:00:00+00:00,20260201_193432_85ab9324_StateSignal_XLE,0.0,0.0,1.0,1.0,0.0,0.0,0.0,0.0
2021-01-11 00:00:00+00:00,20260201_193432_85ab9324_StateSignal_XLE,0.0,0.0,1.0,1.0,0.0,0.0,0.0,-0.0
2021-01-12 00:00:00+00:00,20260201_193432_85ab9324_StateSignal_XLE,0.0,0.0,1.0,1.0,0.0,0.0,0.0,0.0
2021-01-13 00:00:00+00:00,20260201_193432_85ab9324_StateSignal_XLE,0.0,0.0,1.0,1.0,0.0,0.0,0.0,0.0
2021-01-14 00:00:00+00:00,20260201_193432_85ab9324_StateSignal_XLE,0.0,0.0,1.0,1.0,0.0,0.0,0.0,-0.0
2021-01-15 00:00:00+00:00,20260201_193432_85ab9324_StateSignal_XLE,0.0,0.0,1.0,1.0,0.0,0.0,0.0,0.0
2021-01-19 00:00:00+00:00,20260201_193432_85ab9324_StateSignal_XLE,0.0,0.0,1.0,1.0,0.0,0.0,0.0,-0.0
2021-01-20 00:00:00+00:00,20260201_193432_85ab9324_StateSignal_XLE,0.0,0.0,1.0,1.0,0.0,0.0,0.0,0.0
2021-01-21 00:00:00+00:00,20260201_193432_85ab9324_StateSignal_XLE,0.0,0.0,1.0,1.0,0.0,0.0,0.0,-0.0
2021-01-22 00:00:00+00:00,20260201_193432_85ab9324_StateSignal_XLE,0.0,0.0,1.0,1.0,0.0,0.0,0.0,-0.0
2021-01-25 00:00:00+00:00,20260201_193432_85ab9324_StateSignal_XLE,0.0,0.0,1.0,1.0,0.0,0.0,0.0,0.0
2021-01-26 00:00:00+00:00,20260201_193432_85ab9324_StateSignal_XLE,0.0,0.0,1.0,1.0,0.0,0.0,0.0,0.0
2021-01-27 00:00:00+00:00,20260201_193432_85ab9324_StateSignal_XLE,0.0,0.0,1.0,1.0,0.0,0.0,0.0,-0.0
2021-01-28 00:00:00+00:00,20260201_193432_85ab9324_StateSignal_XLE,0.0,0.0,1.0,1.0,0.0,0.0,0.0,0.0
2021-01-29 00:00:00+00:00,20260201_193432_85ab9324_StateSignal_XLE,0.0,0.0,1.0,1.0,0.0,0.0,0.0,-0.0
2021-02-01 00:00:00+00:00,20260201_193432_85ab9324_StateSignal_XLE,0.0,0.0,1.0,1.0,0.0,0.0,0.0,-0.0
2021-02-02 00:00:00+00:00,20260201_193432_85ab9324_StateSignal_XLE,0.0,0.0,1.0,1.0,0.0,0.0,0.0,0.0
2021-02-03 00:00:00+00:00,20260201_193432_85ab9324_StateSignal_XLE,0.0,0.0,1.0,1.0,0.0,0.0,0.0,-0.0
2021-02-04 00:00:00+00:00,20260201_193432_85ab9324_StateSignal_XLE,0.0,0.0,1.0,1.0,0.0,0.0,0.0,0.0
2021-02-05 00:00:00+00:00,20260201_193432_85ab9324_StateSignal_XLE,0.0,0.0,1.0,1.0,0.0,0.0,0.0,0.0
2021-02-08 00:00:00+00:00,20260201_193432_85ab9324_StateSignal_XLE,0.0,0.0,1.0,1.0,0.0,0.0,0.0,0.0
2021-02-09 00:00:00+00:00,20260201_193432_85ab9324_StateSignal_XLE,0.0,0.0,1.0,1.0,0.0,0.0,0.0,0.0
2021-02-10 00:00:00+00:00,20260201_193432_85ab9324_StateSignal_XLE,0.0,0.0,1.0,1.0,0.0,0.0,0.0,0.0
2021-02-11 00:00:00+00:00,20260201_193432_85ab9324_StateSignal_XLE,0.0,0.0,1.0,1.0,0.0,0.0,0.0,0.0
2021-02-12 00:00:00+00:00,20260201_193432_85ab9324_StateSignal_XLE,0.0,0.0,1.0,1.0,0.0,0.0,0.0,-0.0
2021-02-16 00:00:00+00:00,20260201_193432_85ab9324_StateSignal_XLE,0.0,0.0,1.0,1.0,0.0,0.0,0.0,0.0
2021-02-17 00:00:00+00:00,20260201_193432_85ab9324_StateSignal_XLE,0.0,0.0,1.0,1.0,0.0,0.0,0.0,0.0
2021-02-18 00:00:00+00:00,20260201_193432_85ab9324_StateSignal_XLE,0.0,0.0,1.0,1.0,0.0,0.0,0.0,-0.0
2021-02-19 00:00:00+00:00,20260201_193432_85ab9324_StateSignal_XLE,0.0,0.0,1.0,1.0,0.0,0.0,0.0,-0.0
2021-02-22 00:00:00+00:00,20260201_193432_85ab9324_StateSignal_XLE,0.0,0.0,1.0,1.0,0.0,0.0,0.0,0.0
2021-02-23 00:00:00+00:00,20260201_193432_85ab9324_StateSignal_XLE,0.0,0.0,1.0,1.0,0.0,0.0,0.0,0.0
2021-02-24 00:00:00+00:00,20260201_193432_85ab9324_StateSignal_XLE,0.0,0.0,1.0,1.0,0.0,0.0,0.0,0.0
2021-02-25 00:00:00+00:00,20260201_193432_85ab9324_StateSignal_XLE,0.0,0.0,1.0,1.0,0.0,0.0,0.0,0.0
2021-02-26 00:00:00+00:00,20260201_193432_85ab9324_StateSignal_XLE,0.0,0.0,1.0,1.0,0.0,0.0,0.0,-0.0
2021-03-01 00:00:00+00:00,20260201_193432_85ab9324_StateSignal_XLE,0.0,0.0,1.0,1.0,0.0,0.0,0.0,0.0
2021-03-02 00:00:00+00:00,20260201_193432_85ab9324_StateSignal_XLE,0.0,0.0,1.0,1.0,0.0,0.0,0.0,0.0
2021-03-03 00:00:00+00:00,20260201_193432_85ab9324_StateSignal_XLE,0.0,0.0,1.0,1.0,0.0,0.0,0.0,-0.0
2021-03-04 00:00:00+00:00,20260201_193432_85ab9324_StateSignal_XLE,0.0,0.0,1.0,1.0,0.0,0.0,0.0,0.0
2021-03-05 00:00:00+00:00,20260201_193432_85ab9324_StateSignal_XLE,0.0,0.0,1.0,1.0,0.0,0.0,0.0,0.0
2021-03-08 00:00:00+00:00,20260201_193432_85ab9324_StateSignal_XLE,0.0,0.0,1.0,1.0,0.0,0.0,0.0,0.0
2021-03-09 00:00:00+00:00,20260201_193432_85ab9324_StateSignal_XLE,0.0,0.0,1.0,1.0,0.0,0.0,0.0,-0.0
2021-03-10 00:00:00+00:00,20260201_193432_85ab9324_StateSignal_XLE,0.0,0.0,1.0,1.0,0.0,0.0,0.0,-0.0
2021-03-11 00:00:00+00:00,20260201_193432_85ab9324_StateSignal_XLE,0.0,0.0,1.0,1.0,0.0,0.0,0.0,0.0
2021-03-12 00:00:00+00:00,20260201_193432_85ab9324_StateSignal_XLE,0.0,0.0,1.0,1.0,0.0,0.0,0.0,-0.0
2021-03-15 00:00:00+00:00,20260201_193432_85ab9324_StateSignal_XLE,0.0,0.0,1.0,1.0,0.0,0.0,0.0,-0.0
2021-03-16 00:00:00+00:00,20260201_193432_85ab9324_StateSignal_XLE,0.0,0.0,1.0,1.0,0.0,0.0,0.0,-0.0
2021-03-17 00:00:00+00:00,20260201_193432_85ab9324_StateSignal_XLE,0.0,0.0,1.0,1.0,0.0,0.0,0.0,-0.0
2021-03-18 00:00:00+00:00,20260201_193432_85ab9324_StateSignal_XLE,0.0,0.0,1.0,1.0,0.0,0.0,0.0,0.0
2021-03-19 00:00:00+00:00,20260201_193432_85ab9324_StateSignal_XLE,0.0,0.0,1.0,1.0,0.0,0.0,0.0,-0.0
2021-03-22 00:00:00+00:00,20260201_193432_85ab9324_StateSignal_XLE,0.0,0.0,1.0,1.0,0.0,0.0,0.0,-0.0
2021-03-23 00:00:00+00:00,20260201_193432_85ab9324_StateSignal_XLE,0.0,0.0,1.0,1.0,0.0,0.0,0.0,-0.0
2021-03-24 00:00:00+00:00,20260201_193432_85ab9324_StateSignal_XLE,0.0,0.0,1.0,1.0,0.0,0.0,0.0,0.0
2021-03-25 00:00:00+00:00,20260201_193432_85ab9324_StateSignal_XLE,0.0,0.0,1.0,1.0,0.0,0.0,0.0,0.0
2021-03-26 00:00:00+00:00,20260201_193432_85ab9324_StateSignal_XLE,0.0,0.0,1.0,1.0,0.0,0.0,0.0,0.0
2021-03-29 00:00:00+00:00,20260201_193432_85ab9324_StateSignal_XLE,0.0,0.0,1.0,1.0,0.0,0.0,0.0,-0.0
2021-03-30 00:00:00+00:00,20260201_193432_85ab9324_StateSignal_XLE,0.0,0.0,1.0,1.0,0.0,0.0,0.0,-0.0
2021-03-31 00:00:00+00:00,20260201_193432_85ab9324_StateSignal_XLE,0.0,0.0,1.0,1.0,0.0,0.0,0.0,-0.0
2021-04-01 00:00:00+00:00,20260201_193432_85ab9324_StateSignal_XLE,0.0,0.0,1.0,1.0,0.0,0.0,0.0,-0.0
2021-04-05 00:00:00+00:00,20260201_193432_85ab9324_StateSignal_XLE,0.0,0.0,1.0,1.0,0.0,0.0,0.0,0.0
2021-04-06 00:00:00+00:00,20260201_193432_85ab9324_StateSignal_XLE,0.0,0.0,1.0,1.0,0.0,0.0,0.0,-0.0
2021-04-07 00:00:00+00:00,20260201_193432_85ab9324_StateSignal_XLE,0.0,0.0,1.0,1.0,0.0,0.0,0.0,-0.0
2021-04-08 00:00:00+00:00,20260201_193432_85ab9324_StateSignal_XLE,0.0,0.0,1.0,1.0,0.0,0.0,0.0,0.0
2021-04-09 00:00:00+00:00,20260201_193432_85ab9324_StateSignal_XLE,0.0,0.0,1.0,1.0,0.0,0.0,0.0,-0.0
2021-04-12 00:00:00+00:00,20260201_193432_85ab9324_StateSignal_XLE,0.0,0.0,1.0,1.0,0.0,0.0,0.0,0.0
2021-04-13 00:00:00+00:00,20260201_193432_85ab9324_StateSignal_XLE,0.0,0.0,1.0,1.0,0.0,0.0,0.0,-0.0
2021-04-14 00:00:00+00:00,20260201_193432_85ab9324_StateSignal_XLE,0.0,0.0,1.0,1.0,0.0,0.0,0.0,0.0
2021-04-15 00:00:00+00:00,20260201_193432_85ab9324_StateSignal_XLE,0.0,0.0,1.0,1.0,0.0,0.0,0.0,0.0
2021-04-16 00:00:00+00:00,20260201_193432_85ab9324_StateSignal_XLE,0.0,0.0,1.0,1.0,0.0,0.0,0.0,-0.0
2021-04-19 00:00:00+00:00,20260201_193432_85ab9324_StateSignal_XLE,0.0,0.0,1.0,1.0,0.0,0.0,0.0,-0.0
2021-04-20 00:00:00+00:00,20260201_193432_85ab9324_StateSignal_XLE,0.0,0.0,1.0,1.0,0.0,0.0,0.0,-0.0
2021-04-21 00:00:00+00:00,20260201_193432_85ab9324_StateSignal_XLE,0.0,0.0,1.0,1.0,0.0,0.0,0.0,-0.0
2021-04-22 00:00:00+00:00,20260201_193432_85ab9324_StateSignal_XLE,0.0,0.0,1.0,1.0,0.0,0.0,0.0,0.0
2021-04-23 00:00:00+00:00,20260201_193432_85ab9324_StateSignal_XLE,0.0,0.0,1.0,1.0,0.0,0.0,0.0,-0.0
2021-04-26 00:00:00+00:00,20260201_193432_85ab9324_StateSignal_XLE,0.0,0.0,1.0,1.0,0.0,0.0,0.0,0.0
2021-04-27 00:00:00+00:00,20260201_193432_85ab9324_StateSignal_XLE,0.0,0.0,1.0,1.0,0.0,0.0,0.0,0.0
2021-04-28 00:00:00+00:00,20260201_193432_85ab9324_StateSignal_XLE,0.0,0.0,1.0,1.0,0.0,0.0,0.0,0.0
2021-04-29 00:00:00+00:00,20260201_193432_85ab9324_StateSignal_XLE,0.0,0.0,1.0,1.0,0.0,0.0,0.0,0.0
2021-04-30 00:00:00+00:00,20260201_193432_85ab9324_StateSignal_XLE,0.0,0.0,1.0,1.0,0.0,0.0,0.0,-0.0
2021-05-03 00:00:00+00:00,20260201_193432_85ab9324_StateSignal_XLE,0.0,0.0,1.0,1.0,0.0,0.0,0.0,0.0
2021-05-04 00:00:00+00:00,20260201_193432_85ab9324_StateSignal_XLE,0.0,0.0,1.0,1.0,0.0,0.0,0.0,0.0
2021-05-05 00:00:00+00:00,20260201_193432_85ab9324_StateSignal_XLE,0.0,0.0,1.0,1.0,0.0,0.0,0.0,0.0
2021-05-06 00:00:00+00:00,20260201_193432_85ab9324_StateSignal_XLE,0.0,0.0,1.0,1.0,0.0,0.0,0.0,0.0
2021-05-07 00:00:00+00:00,20260201_193432_85ab9324_StateSignal_XLE,0.0,0.0,1.0,1.0,0.0,0.0,0.0,0.0
2021-05-10 00:00:00+00:00,20260201_193432_85ab9324_StateSignal_XLE,0.0,0.0,1.0,1.0,0.0,0.0,0.0,0.0
2021-05-11 00:00:00+00:00,20260201_193432_85ab9324_StateSignal_XLE,0.0,0.0,1.0,1.0,0.0,0.0,0.0,-0.0
2021-05-12 00:00:00+00:00,20260201_193432_85ab9324_StateSignal_XLE,0.0,0.0,1.0,1.0,0.0,0.0,0.0,-0.0
2021-05-13 00:00:00+00:00,20260201_193432_85ab9324_StateSignal_XLE,0.0,0.0,1.0,1.0,0.0,0.0,0.0,-0.0
2021-05-14 00:00:00+00:00,20260201_193432_85ab9324_StateSignal_XLE,0.0,0.0,1.0,1.0,0.0,0.0,0.0,0.0
2021-05-17 00:00:00+00:00,20260201_193432_85ab9324_StateSignal_XLE,0.0,0.0,1.0,1.0,0.0,0.0,0.0,0.0
2021-05-18 00:00:00+00:00,20260201_193432_85ab9324_StateSignal_XLE,0.0,0.0,1.0,1.0,0.0,0.0,0.0,0.0
2021-05-19 00:00:00+00:00,20260201_193432_85ab9324_StateSignal_XLE,0.0,0.0,1.0,1.0,0.0,0.0,0.0,-0.0
2021-05-20 00:00:00+00:00,20260201_193432_85ab9324_StateSignal_XLE,0.0,0.0,1.0,1.0,0.0,0.0,0.0,-0.0
2021-05-21 00:00:00+00:00,20260201_193432_85ab9324_StateSignal_XLE,0.0,0.0,1.0,1.0,0.0,0.0,0.0,0.0
2021-05-24 00:00:00+00:00,20260201_193432_85ab9324_StateSignal_XLE,0.0,0.0,1.0,1.0,0.0,0.0,0.0,-0.0
2021-05-25 00:00:00+00:00,20260201_193432_85ab9324_StateSignal_XLE,0.0,0.0,1.0,1.0,0.0,0.0,0.0,0.0
2021-05-26 00:00:00+00:00,20260201_193432_85ab9324_StateSignal_XLE,0.0,0.0,1.0,1.0,0.0,0.0,0.0,-0.0
2021-05-27 00:00:00+00:00,20260201_193432_85ab9324_StateSignal_XLE,0.0,0.0,1.0,1.0,0.0,0.0,0.0,0.0
2021-05-28 00:00:00+00:00,20260201_193432_85ab9324_StateSignal_XLE,0.0,0.0,1.0,1.0,0.0,0.0,0.0,0.0
2021-06-01 00:00:00+00:00,20260201_193432_85ab9324_StateSignal_XLE,0.0,0.0,1.0,1.0,0.0,0.0,0.0,0.0
2021-06-02 00:00:00+00:00,20260201_193432_85ab9324_StateSignal_XLE,0.0,0.0,1.0,1.0,0.0,0.0,0.0,0.0
2021-06-03 00:00:00+00:00,20260201_193432_85ab9324_StateSignal_XLE,0.0,0.0,1.0,1.0,0.0,0.0,0.0,0.0
2021-06-04 00:00:00+00:00,20260201_193432_85ab9324_StateSignal_XLE,0.0,0.0,1.0,1.0,0.0,0.0,0.0,0.0
2021-06-07 00:00:00+00:00,20260201_193432_85ab9324_StateSignal_XLE,0.0,0.0,1.0,1.0,0.0,0.0,0.0,-0.0
2021-06-08 00:00:00+00:00,20260201_193432_85ab9324_StateSignal_XLE,0.0,0.0,1.0,1.0,0.0,0.0,0.0,-0.0
2021-06-09 00:00:00+00:00,20260201_193432_85ab9324_StateSignal_XLE,0.0,0.0,1.0,1.0,0.0,0.0,0.0,0.0
2021-06-10 00:00:00+00:00,20260201_193432_85ab9324_StateSignal_XLE,0.0,0.0,1.0,1.0,0.0,0.0,0.0,0.0
2021-06-11 00:00:00+00:00,20260201_193432_85ab9324_StateSignal_XLE,0.0,0.0,1.0,1.0,0.0,0.0,0.0,-0.0
2021-06-14 00:00:00+00:00,20260201_193432_85ab9324_StateSignal_XLE,0.0,0.0,1.0,1.0,0.0,0.0,0.0,-0.0
2021-06-15 00:00:00+00:00,20260201_193432_85ab9324_StateSignal_XLE,0.0,0.0,1.0,1.0,0.0,0.0,0.0,-0.0
2021-06-16 00:00:00+00:00,20260201_193432_85ab9324_StateSignal_XLE,0.0,0.0,1.0,1.0,0.0,0.0,0.0,0.0
2021-06-17 00:00:00+00:00,20260201_193432_85ab9324_StateSignal_XLE,0.0,0.0,1.0,1.0,0.0,0.0,0.0,-0.0
2021-06-18 00:00:00+00:00,20260201_193432_85ab9324_StateSignal_XLE,0.0,0.0,1.0,1.0,0.0,0.0,0.0,-0.0
2021-06-21 00:00:00+00:00,20260201_193432_85ab9324_StateSignal_XLE,0.0,0.0,1.0,1.0,0.0,0.0,0.0,-0.0
2021-06-22 00:00:00+00:00,20260201_193432_85ab9324_StateSignal_XLE,0.0,0.0,1.0,1.0,0.0,0.0,0.0,0.0
2021-06-23 00:00:00+00:00,20260201_193432_85ab9324_StateSignal_XLE,0.0,0.0,1.0,1.0,0.0,0.0,0.0,0.0
2021-06-24 00:00:00+00:00,20260201_193432_85ab9324_StateSignal_XLE,0.0,0.0,1.0,1.0,0.0,0.0,0.0,-0.0
2021-06-25 00:00:00+00:00,20260201_193432_85ab9324_StateSignal_XLE,0.0,0.0,1.0,1.0,0.0,0.0,0.0,0.0
2021-06-28 00:00:00+00:00,20260201_193432_85ab9324_StateSignal_XLE,0.0,0.0,1.0,1.0,0.0,0.0,0.0,-0.0
2021-06-29 00:00:00+00:00,20260201_193432_85ab9324_StateSignal_XLE,0.0,0.0,1.0,1.0,0.0,0.0,0.0,-0.0
2021-06-30 00:00:00+00:00,20260201_193432_85ab9324_StateSignal_XLE,0.0,0.0,1.0,1.0,0.0,0.0,0.0,-0.0
2021-07-01 00:00:00+00:00,20260201_193432_85ab9324_StateSignal_XLE,0.0,0.0,1.0,1.0,0.0,0.0,0.0,0.0
2021-07-02 00:00:00+00:00,20260201_193432_85ab9324_StateSignal_XLE,0.0,0.0,1.0,1.0,0.0,0.0,0.0,-0.0
2021-07-06 00:00:00+00:00,20260201_193432_85ab9324_StateSignal_XLE,0.0,0.0,1.0,1.0,0.0,0.0,0.0,0.0
2021-07-07 00:00:00+00:00,20260201_193432_85ab9324_StateSignal_XLE,0.0,0.0,1.0,1.0,0.0,0.0,0.0,-0.0
2021-07-08 00:00:00+00:00,20260201_193432_85ab9324_StateSignal_XLE,0.0,0.0,1.0,1.0,0.0,0.0,0.0,-0.0
2021-07-09 00:00:00+00:00,20260201_193432_85ab9324_StateSignal_XLE,0.0,0.0,1.0,1.0,0.0,0.0,0.0,0.0
2021-07-12 00:00:00+00:00,20260201_193432_85ab9324_StateSignal_XLE,0.0,0.0,1.0,1.0,0.0,0.0,0.0,0.0
2021-07-13 00:00:00+00:00,20260201_193432_85ab9324_StateSignal_XLE,0.0,0.0,1.0,1.0,0.0,0.0,0.0,0.0
2021-07-14 00:00:00+00:00,20260201_193432_85ab9324_StateSignal_XLE,0.0,0.0,1.0,1.0,0.0,0.0,0.0,0.0
2021-07-15 00:00:00+00:00,20260201_193432_85ab9324_StateSignal_XLE,0.0,0.0,1.0,1.0,0.0,0.0,0.0,-0.0
2021-07-16 00:00:00+00:00,20260201_193432_85ab9324_StateSignal_XLE,0.0,0.0,1.0,1.0,0.0,0.0,0.0,0.0
2021-07-19 00:00:00+00:00,20260201_193432_85ab9324_StateSignal_XLE,0.0,0.0,1.0,1.0,0.0,0.0,0.0,-0.0
2021-07-20 00:00:00+00:00,20260201_193432_85ab9324_StateSignal_XLE,0.0,0.0,1.0,1.0,0.0,0.0,0.0,0.0
2021-07-21 00:00:00+00:00,20260201_193432_85ab9324_StateSignal_XLE,0.0,0.0,1.0,1.0,0.0,0.0,0.0,0.0
2021-07-22 00:00:00+00:00,20260201_193432_85ab9324_StateSignal_XLE,0.0,0.0,1.0,1.0,0.0,0.0,0.0,0.0
2021-07-23 00:00:00+00:00,20260201_193432_85ab9324_StateSignal_XLE,0.0,0.0,1.0,1.0,0.0,0.0,0.0,-0.0
2021-07-26 00:00:00+00:00,20260201_193432_85ab9324_StateSignal_XLE,0.0,0.0,1.0,1.0,0.0,0.0,0.0,0.0
2021-07-27 00:00:00+00:00,20260201_193432_85ab9324_StateSignal_XLE,0.0,0.0,1.0,1.0,0.0,0.0,0.0,0.0
2021-07-28 00:00:00+00:00,20260201_193432_85ab9324_StateSignal_XLE,0.0,0.0,1.0,1.0,0.0,0.0,0.0,-0.0
2021-07-29 00:00:00+00:00,20260201_193432_85ab9324_StateSignal_XLE,0.0,0.0,1.0,1.0,0.0,0.0,0.0,0.0
2021-07-30 00:00:00+00:00,20260201_193432_85ab9324_StateSignal_XLE,0.0,0.0,1.0,1.0,0.0,0.0,0.0,-0.0
2021-08-02 00:00:00+00:00,20260201_193432_85ab9324_StateSignal_XLE,0.0,0.0,1.0,1.0,0.0,0.0,0.0,-0.0
2021-08-03 00:00:00+00:00,20260201_193432_85ab9324_StateSignal_XLE,0.0,0.0,1.0,1.0,0.0,0.0,0.0,-0.0
2021-08-04 00:00:00+00:00,20260201_193432_85ab9324_StateSignal_XLE,0.0,0.0,1.0,1.0,0.0,0.0,0.0,0.0
2021-08-05 00:00:00+00:00,20260201_193432_85ab9324_StateSignal_XLE,0.0,0.0,1.0,1.0,0.0,0.0,0.0,-0.0
2021-08-06 00:00:00+00:00,20260201_193432_85ab9324_StateSignal_XLE,0.0,0.0,1.0,1.0,0.0,0.0,0.0,0.0
2021-08-09 00:00:00+00:00,20260201_193432_85ab9324_StateSignal_XLE,0.0,0.0,1.0,1.0,0.0,0.0,0.0,-0.0
2021-08-10 00:00:00+00:00,20260201_193432_85ab9324_StateSignal_XLE,0.0,0.0,1.0,1.0,0.0,0.0,0.0,0.0
2021-08-11 00:00:00+00:00,20260201_193432_85ab9324_StateSignal_XLE,0.0,0.0,1.0,1.0,0.0,0.0,0.0,0.0
2021-08-12 00:00:00+00:00,20260201_193432_85ab9324_StateSignal_XLE,0.0,0.0,1.0,1.0,0.0,0.0,0.0,0.0
2021-08-13 00:00:00+00:00,20260201_193432_85ab9324_StateSignal_XLE,0.0,0.0,1.0,1.0,0.0,0.0,0.0,-0.0
2021-08-16 00:00:00+00:00,20260201_193432_85ab9324_StateSignal_XLE,0.0,0.0,1.0,1.0,0.0,0.0,0.0,-0.0
2021-08-17 00:00:00+00:00,20260201_193432_85ab9324_StateSignal_XLE,0.0,0.0,1.0,1.0,0.0,0.0,0.0,-0.0
2021-08-18 00:00:00+00:00,20260201_193432_85ab9324_StateSignal_XLE,0.0,0.0,1.0,1.0,0.0,0.0,0.0,-0.0
2021-08-19 00:00:00+00:00,20260201_193432_85ab9324_StateSignal_XLE,0.0,0.0,1.0,1.0,0.0,0.0,0.0,-0.0
2021-08-20 00:00:00+00:00,20260201_193432_85ab9324_StateSignal_XLE,0.0,0.0,1.0,1.0,0.0,0.0,0.0,-0.0
2021-08-23 00:00:00+00:00,20260201_193432_85ab9324_StateSignal_XLE,0.0,0.0,1.0,1.0,0.0,0.0,0.0,0.0
2021-08-24 00:00:00+00:00,20260201_193432_85ab9324_StateSignal_XLE,0.0,0.0,1.0,1.0,0.0,0.0,0.0,0.0
2021-08-25 00:00:00+00:00,20260201_193432_85ab9324_StateSignal_XLE,0.0,0.0,1.0,1.0,0.0,0.0,0.0,0.0
2021-08-26 00:00:00+00:00,20260201_193432_85ab9324_StateSignal_XLE,0.0,0.0,1.0,1.0,0.0,0.0,0.0,0.0
2021-08-27 00:00:00+00:00,20260201_193432_85ab9324_StateSignal_XLE,0.0,0.0,1.0,1.0,0.0,0.0,0.0,0.0
2021-08-30 00:00:00+00:00,20260201_193432_85ab9324_StateSignal_XLE,0.0,0.0,1.0,1.0,0.0,0.0,0.0,0.0
2021-08-31 00:00:00+00:00,20260201_193432_85ab9324_StateSignal_XLE,0.0,0.0,1.0,1.0,0.0,0.0,0.0,-0.0
2021-09-01 00:00:00+00:00,20260201_193432_85ab9324_StateSignal_XLE,0.0,0.0,1.0,1.0,0.0,0.0,0.0,-0.0
2021-09-02 00:00:00+00:00,20260201_193432_85ab9324_StateSignal_XLE,0.0,0.0,1.0,1.0,0.0,0.0,0.0,-0.0
2021-09-03 00:00:00+00:00,20260201_193432_85ab9324_StateSignal_XLE,0.0,0.0,1.0,1.0,0.0,0.0,0.0,0.0
2021-09-07 00:00:00+00:00,20260201_193432_85ab9324_StateSignal_XLE,0.0,0.0,1.0,1.0,0.0,0.0,0.0,-0.0
2021-09-08 00:00:00+00:00,20260201_193432_85ab9324_StateSignal_XLE,0.0,0.0,1.0,1.0,0.0,0.0,0.0,0.0
2021-09-09 00:00:00+00:00,20260201_193432_85ab9324_StateSignal_XLE,0.0,0.0,1.0,1.0,0.0,0.0,0.0,-0.0
2021-09-10 00:00:00+00:00,20260201_193432_85ab9324_StateSignal_XLE,0.0,0.0,1.0,1.0,0.0,0.0,0.0,0.0
2021-09-13 00:00:00+00:00,20260201_193432_85ab9324_StateSignal_XLE,0.0,0.0,1.0,1.0,0.0,0.0,0.0,-0.0
2021-09-14 00:00:00+00:00,20260201_193432_85ab9324_StateSignal_XLE,0.0,0.0,1.0,1.0,0.0,0.0,0.0,0.0
2021-09-15 00:00:00+00:00,20260201_193432_85ab9324_StateSignal_XLE,0.0,0.0,1.0,1.0,0.0,0.0,0.0,-0.0
2021-09-16 00:00:00+00:00,20260201_193432_85ab9324_StateSignal_XLE,0.0,0.0,1.0,1.0,0.0,0.0,0.0,0.0
2021-09-17 00:00:00+00:00,20260201_193432_85ab9324_StateSignal_XLE,0.0,0.0,1.0,1.0,0.0,0.0,0.0,-0.0
2021-09-20 00:00:00+00:00,20260201_193432_85ab9324_StateSignal_XLE,0.0,0.0,1.0,1.0,0.0,0.0,0.0,-0.0
2021-09-21 00:00:00+00:00,20260201_193432_85ab9324_StateSignal_XLE,0.0,0.0,1.0,1.0,0.0,0.0,0.0,0.0
2021-09-22 00:00:00+00:00,20260201_193432_85ab9324_StateSignal_XLE,0.0,0.0,1.0,1.0,0.0,0.0,0.0,0.0
2021-09-23 00:00:00+00:00,20260201_193432_85ab9324_StateSignal_XLE,0.0,0.0,1.0,1.0,0.0,0.0,0.0,0.0
2021-09-24 00:00:00+00:00,20260201_193432_85ab9324_StateSignal_XLE,0.0,0.0,1.0,1.0,0.0,0.0,0.0,0.0
2021-09-27 00:00:00+00:00,20260201_193432_85ab9324_StateSignal_XLE,0.0,0.0,1.0,1.0,0.0,0.0,0.0,0.0
2021-09-28 00:00:00+00:00,20260201_193432_85ab9324_StateSignal_XLE,0.0,0.0,1.0,1.0,0.0,0.0,0.0,0.0
2021-09-29 00:00:00+00:00,20260201_193432_85ab9324_StateSignal_XLE,0.0,0.0,1.0,1.0,0.0,0.0,0.0,0.0
2021-09-30 00:00:00+00:00,20260201_193432_85ab9324_StateSignal_XLE,0.0,0.0,1.0,1.0,0.0,0.0,0.0,0.0
2021-10-01 00:00:00+00:00,20260201_193432_85ab9324_StateSignal_XLE,0.0,0.0,1.0,1.0,0.0,0.0,0.0,-0.0
2021-10-04 00:00:00+00:00,20260201_193432_85ab9324_StateSignal_XLE,0.0,0.0,1.0,1.0,0.0,0.0,0.0,0.0
2021-10-05 00:00:00+00:00,20260201_193432_85ab9324_StateSignal_XLE,0.0,0.0,1.0,1.0,0.0,0.0,0.0,0.0
2021-10-06 00:00:00+00:00,20260201_193432_85ab9324_StateSignal_XLE,0.0,0.0,1.0,1.0,0.0,0.0,0.0,-0.0
2021-10-07 00:00:00+00:00,20260201_193432_85ab9324_StateSignal_XLE,0.0,0.0,1.0,1.0,0.0,0.0,0.0,0.0
2021-10-08 00:00:00+00:00,20260201_193432_85ab9324_StateSignal_XLE,0.0,0.0,1.0,1.0,0.0,0.0,0.0,0.0
2021-10-11 00:00:00+00:00,20260201_193432_85ab9324_StateSignal_XLE,0.0,0.0,1.0,1.0,0.0,0.0,0.0,0.0
2021-10-12 00:00:00+00:00,20260201_193432_85ab9324_StateSignal_XLE,0.0,0.0,1.0,1.0,0.0,0.0,0.0,-0.0
2021-10-13 00:00:00+00:00,20260201_193432_85ab9324_StateSignal_XLE,0.0,0.0,1.0,1.0,0.0,0.0,0.0,-0.0
2021-10-14 00:00:00+00:00,20260201_193432_85ab9324_StateSignal_XLE,0.0,0.0,1.0,1.0,0.0,0.0,0.0,0.0
2021-10-15 00:00:00+00:00,20260201_193432_85ab9324_StateSignal_XLE,0.0,0.0,1.0,1.0,0.0,0.0,0.0,0.0
2021-10-18 00:00:00+00:00,20260201_193432_85ab9324_StateSignal_XLE,0.0,0.0,1.0,1.0,0.0,0.0,0.0,0.0
2021-10-19 00:00:00+00:00,20260201_193432_85ab9324_StateSignal_XLE,0.0,0.0,1.0,1.0,0.0,0.0,0.0,-0.0
2021-10-20 00:00:00+00:00,20260201_193432_85ab9324_StateSignal_XLE,0.0,0.0,1.0,1.0,0.0,0.0,0.0,-0.0
2021-10-21 00:00:00+00:00,20260201_193432_85ab9324_StateSignal_XLE,0.0,0.0,1.0,1.0,0.0,0.0,0.0,0.0
2021-10-22 00:00:00+00:00,20260201_193432_85ab9324_StateSignal_XLE,0.0,0.0,1.0,1.0,0.0,0.0,0.0,-0.0
2021-10-25 00:00:00+00:00,20260201_193432_85ab9324_StateSignal_XLE,0.0,0.0,1.0,1.0,0.0,0.0,0.0,0.0
2021-10-26 00:00:00+00:00,20260201_193432_85ab9324_StateSignal_XLE,0.0,0.0,1.0,1.0,0.0,0.0,0.0,0.0
2021-10-27 00:00:00+00:00,20260201_193432_85ab9324_StateSignal_XLE,0.0,0.0,1.0,1.0,0.0,0.0,0.0,-0.0
2021-10-28 00:00:00+00:00,20260201_193432_85ab9324_StateSignal_XLE,0.0,0.0,1.0,1.0,0.0,0.0,0.0,-0.0
2021-10-29 00:00:00+00:00,20260201_193432_85ab9324_StateSignal_XLE,0.0,0.0,1.0,1.0,0.0,0.0,0.0,0.0
2021-11-01 00:00:00+00:00,20260201_193432_85ab9324_StateSignal_XLE,0.0,0.0,1.0,1.0,0.0,0.0,0.0,-0.0
2021-11-02 00:00:00+00:00,20260201_193432_85ab9324_StateSignal_XLE,0.0,0.0,1.0,1.0,0.0,0.0,0.0,0.0
2021-11-03 00:00:00+00:00,20260201_193432_85ab9324_StateSignal_XLE,0.0,0.0,1.0,1.0,0.0,0.0,0.0,-0.0
2021-11-04 00:00:00+00:00,20260201_193432_85ab9324_StateSignal_XLE,0.0,0.0,1.0,1.0,0.0,0.0,0.0,0.0
2021-11-05 00:00:00+00:00,20260201_193432_85ab9324_StateSignal_XLE,0.0,0.0,1.0,1.0,0.0,0.0,0.0,0.0
2021-11-08 00:00:00+00:00,20260201_193432_85ab9324_StateSignal_XLE,0.0,0.0,1.0,1.0,0.0,0.0,0.0,0.0
2021-11-09 00:00:00+00:00,20260201_193432_85ab9324_StateSignal_XLE,0.0,0.0,1.0,1.0,0.0,0.0,0.0,0.0
2021-11-10 00:00:00+00:00,20260201_193432_85ab9324_StateSignal_XLE,0.0,0.0,1.0,1.0,0.0,0.0,0.0,-0.0
2021-11-11 00:00:00+00:00,20260201_193432_85ab9324_StateSignal_XLE,0.0,0.0,1.0,1.0,0.0,0.0,0.0,-0.0
2021-11-12 00:00:00+00:00,20260201_193432_85ab9324_StateSignal_XLE,0.0,0.0,1.0,1.0,0.0,0.0,0.0,-0.0
2021-11-15 00:00:00+00:00,20260201_193432_85ab9324_StateSignal_XLE,0.0,0.0,1.0,1.0,0.0,0.0,0.0,0.0
2021-11-16 00:00:00+00:00,20260201_193432_85ab9324_StateSignal_XLE,0.0,0.0,1.0,1.0,0.0,0.0,0.0,0.0
2021-11-17 00:00:00+00:00,20260201_193432_85ab9324_StateSignal_XLE,0.0,0.0,1.0,1.0,0.0,0.0,0.0,-0.0
2021-11-18 00:00:00+00:00,20260201_193432_85ab9324_StateSignal_XLE,0.0,0.0,1.0,1.0,0.0,0.0,0.0,-0.0
2021-11-19 00:00:00+00:00,20260201_193432_85ab9324_StateSignal_XLE,0.0,0.0,1.0,1.0,0.0,0.0,0.0,-0.0
2021-11-22 00:00:00+00:00,20260201_193432_85ab9324_StateSignal_XLE,0.0,0.0,1.0,1.0,0.0,0.0,0.0,-0.0
2021-11-23 00:00:00+00:00,20260201_193432_85ab9324_StateSignal_XLE,0.0,0.0,1.0,1.0,0.0,0.0,0.0,0.0
2021-11-24 00:00:00+00:00,20260201_193432_85ab9324_StateSignal_XLE,0.0,0.0,1.0,1.0,0.0,0.0,0.0,0.0
2021-11-26 00:00:00+00:00,20260201_193432_85ab9324_StateSignal_XLE,0.0,0.0,1.0,1.0,0.0,0.0,0.0,-0.0
2021-11-29 00:00:00+00:00,20260201_193432_85ab9324_StateSignal_XLE,0.0,0.0,1.0,1.0,0.0,0.0,0.0,0.0
2021-11-30 00:00:00+00:00,20260201_193432_85ab9324_StateSignal_XLE,0.0,0.0,1.0,1.0,0.0,0.0,0.0,-0.0
2021-12-01 00:00:00+00:00,20260201_193432_85ab9324_StateSignal_XLE,0.0,0.0,1.0,1.0,0.0,0.0,0.0,0.0
2021-12-02 00:00:00+00:00,20260201_193432_85ab9324_StateSignal_XLE,0.0,0.0,1.0,1.0,0.0,0.0,0.0,-0.0
2021-12-03 00:00:00+00:00,20260201_193432_85ab9324_StateSignal_XLE,0.0,0.0,1.0,1.0,0.0,0.0,0.0,0.0
2021-12-06 00:00:00+00:00,20260201_193432_85ab9324_StateSignal_XLE,0.0,0.0,1.0,1.0,0.0,0.0,0.0,-0.0
2021-12-07 00:00:00+00:00,20260201_193432_85ab9324_StateSignal_XLE,0.0,0.0,1.0,1.0,0.0,0.0,0.0,-0.0
2021-12-08 00:00:00+00:00,20260201_193432_85ab9324_StateSignal_XLE,0.0,0.0,1.0,1.0,0.0,0.0,0.0,0.0
2021-12-09 00:00:00+00:00,20260201_193432_85ab9324_StateSignal_XLE,0.0,0.0,1.0,1.0,0.0,0.0,0.0,-0.0
2021-12-10 00:00:00+00:00,20260201_193432_85ab9324_StateSignal_XLE,0.0,0.0,1.0,1.0,0.0,0.0,0.0,0.0
2021-12-13 00:00:00+00:00,20260201_193432_85ab9324_StateSignal_XLE,0.0,0.0,1.0,1.0,0.0,0.0,0.0,-0.0
2021-12-14 00:00:00+00:00,20260201_193432_85ab9324_StateSignal_XLE,0.0,0.0,1.0,1.0,0.0,0.0,0.0,-0.0
2021-12-15 00:00:00+00:00,20260201_193432_85ab9324_StateSignal_XLE,0.0,0.0,1.0,1.0,0.0,0.0,0.0,0.0
2021-12-16 00:00:00+00:00,20260201_193432_85ab9324_StateSignal_XLE,0.0,0.0,1.0,1.0,0.0,0.0,0.0,0.0
2021-12-17 00:00:00+00:00,20260201_193432_85ab9324_StateSignal_XLE,0.0,0.0,1.0,1.0,0.0,0.0,0.0,-0.0
2021-12-20 00:00:00+00:00,20260201_193432_85ab9324_StateSignal_XLE,0.0,0.0,1.0,1.0,0.0,0.0,0.0,-0.0
2021-12-21 00:00:00+00:00,20260201_193432_85ab9324_StateSignal_XLE,0.0,0.0,1.0,1.0,0.0,0.0,0.0,0.0
2021-12-22 00:00:00+00:00,20260201_193432_85ab9324_StateSignal_XLE,0.0,0.0,1.0,1.0,0.0,0.0,0.0,0.0
2021-12-23 00:00:00+00:00,20260201_193432_85ab9324_StateSignal_XLE,0.0,0.0,1.0,1.0,0.0,0.0,0.0,0.0
2021-12-27 00:00:00+00:00,20260201_193432_85ab9324_StateSignal_XLE,0.0,0.0,1.0,1.0,0.0,0.0,0.0,-0.0
2021-12-28 00:00:00+00:00,20260201_193432_85ab9324_StateSignal_XLE,0.0,0.0,1.0,1.0,0.0,0.0,0.0,0.0
2021-12-29 00:00:00+00:00,20260201_193432_85ab9324_StateSignal_XLE,0.0,0.0,1.0,1.0,0.0,0.0,0.0,-0.0
2021-12-30 00:00:00+00:00,20260201_193432_85ab9324_StateSignal_XLE,0.0,0.0,1.0,1.0,0.0,0.0,0.0,-0.0
2021-12-31 00:00:00+00:00,20260201_193432_85ab9324_StateSignal_XLE,0.0,0.0,1.0,1.0,0.0,0.0,0.0,-0.0
2022-01-03 00:00:00+00:00,20260201_193432_85ab9324_StateSignal_XLE,0.0,0.0,1.0,1.0,0.0,0.0,0.0,0.0
2022-01-04 00:00:00+00:00,20260201_193432_85ab9324_StateSignal_XLE,0.0,0.0,1.0,1.0,0.0,0.0,0.0,0.0
2022-01-05 00:00:00+00:00,20260201_193432_85ab9324_StateSignal_XLE,0.0,0.0,1.0,1.0,0.0,0.0,0.0,0.0
2022-01-06 00:00:00+00:00,20260201_193432_85ab9324_StateSignal_XLE,0.0,0.0,1.0,1.0,0.0,0.0,0.0,0.0
2022-01-07 00:00:00+00:00,20260201_193432_85ab9324_StateSignal_XLE,0.0,0.0,1.0,1.0,0.0,0.0,0.0,0.0
2022-01-10 00:00:00+00:00,20260201_193432_85ab9324_StateSignal_XLE,0.0,0.0,1.0,1.0,0.0,0.0,0.0,0.0
2022-01-11 00:00:00+00:00,20260201_193432_85ab9324_StateSignal_XLE,0.0,0.0,1.0,1.0,0.0,0.0,0.0,0.0
2022-01-12 00:00:00+00:00,20260201_193432_85ab9324_StateSignal_XLE,0.0,0.0,1.0,1.0,0.0,0.0,0.0,0.0
2022-01-13 00:00:00+00:00,20260201_193432_85ab9324_StateSignal_XLE,0.0,0.0,1.0,1.0,0.0,0.0,0.0,-0.0
2022-01-14 00:00:00+00:00,20260201_193432_85ab9324_StateSignal_XLE,0.0,0.0,1.0,1.0,0.0,0.0,0.0,-0.0
2022-01-18 00:00:00+00:00,20260201_193432_85ab9324_StateSignal_XLE,0.0,0.0,1.0,1.0,0.0,0.0,0.0,0.0
2022-01-19 00:00:00+00:00,20260201_193432_85ab9324_StateSignal_XLE,0.0,0.0,1.0,1.0,0.0,0.0,0.0,0.0
2022-01-20 00:00:00+00:00,20260201_193432_85ab9324_StateSignal_XLE,0.0,0.0,1.0,1.0,0.0,0.0,0.0,-0.0
2022-01-21 00:00:00+00:00,20260201_193432_85ab9324_StateSignal_XLE,0.0,0.0,1.0,1.0,0.0,0.0,0.0,-0.0
2022-01-24 00:00:00+00:00,20260201_193432_85ab9324_StateSignal_XLE,0.0,0.0,1.0,1.0,0.0,0.0,0.0,-0.0
2022-01-25 00:00:00+00:00,20260201_193432_85ab9324_StateSignal_XLE,0.0,0.0,1.0,1.0,0.0,0.0,0.0,0.0
2022-01-26 00:00:00+00:00,20260201_193432_85ab9324_StateSignal_XLE,0.0,0.0,1.0,1.0,0.0,0.0,0.0,0.0
2022-01-27 00:00:00+00:00,20260201_193432_85ab9324_StateSignal_XLE,0.0,0.0,1.0,1.0,0.0,0.0,0.0,0.0
2022-01-28 00:00:00+00:00,20260201_193432_85ab9324_StateSignal_XLE,0.0,0.0,1.0,1.0,0.0,0.0,0.0,-0.0
2022-01-31 00:00:00+00:00,20260201_193432_85ab9324_StateSignal_XLE,0.0,0.0,1.0,1.0,0.0,0.0,0.0,-0.0
2022-02-01 00:00:00+00:00,20260201_193432_85ab9324_StateSignal_XLE,0.0,0.0,1.0,1.0,0.0,0.0,0.0,0.0
2022-02-02 00:00:00+00:00,20260201_193432_85ab9324_StateSignal_XLE,0.0,0.0,1.0,1.0,0.0,0.0,0.0,0.0
2022-02-03 00:00:00+00:00,20260201_193432_85ab9324_StateSignal_XLE,0.0,0.0,1.0,1.0,0.0,0.0,0.0,0.0
2022-02-04 00:00:00+00:00,20260201_193432_85ab9324_StateSignal_XLE,0.0,0.0,1.0,1.0,0.0,0.0,0.0,-0.0
2022-02-07 00:00:00+00:00,20260201_193432_85ab9324_StateSignal_XLE,0.0,0.0,1.0,1.0,0.0,0.0,0.0,0.0
2022-02-08 00:00:00+00:00,20260201_193432_85ab9324_StateSignal_XLE,0.0,0.0,1.0,1.0,0.0,0.0,0.0,0.0
2022-02-09 00:00:00+00:00,20260201_193432_85ab9324_StateSignal_XLE,0.0,0.0,1.0,1.0,0.0,0.0,0.0,-0.0
2022-02-10 00:00:00+00:00,20260201_193432_85ab9324_StateSignal_XLE,0.0,0.0,1.0,1.0,0.0,0.0,0.0,0.0
2022-02-11 00:00:00+00:00,20260201_193432_85ab9324_StateSignal_XLE,0.0,0.0,1.0,1.0,0.0,0.0,0.0,0.0
2022-02-14 00:00:00+00:00,20260201_193432_85ab9324_StateSignal_XLE,0.0,0.0,1.0,1.0,0.0,0.0,0.0,0.0
2022-02-15 00:00:00+00:00,20260201_193432_85ab9324_StateSignal_XLE,0.0,0.0,1.0,1.0,0.0,0.0,0.0,-0.0
2022-02-16 00:00:00+00:00,20260201_193432_85ab9324_StateSignal_XLE,0.0,0.0,1.0,1.0,0.0,0.0,0.0,0.0
2022-02-17 00:00:00+00:00,20260201_193432_85ab9324_StateSignal_XLE,0.0,0.0,1.0,1.0,0.0,0.0,0.0,-0.0
2022-02-18 00:00:00+00:00,20260201_193432_85ab9324_StateSignal_XLE,0.0,0.0,1.0,1.0,0.0,0.0,0.0,-0.0
2022-02-22 00:00:00+00:00,20260201_193432_85ab9324_StateSignal_XLE,0.0,0.0,1.0,1.0,0.0,0.0,0.0,0.0
2022-02-23 00:00:00+00:00,20260201_193432_85ab9324_StateSignal_XLE,0.0,0.0,1.0,1.0,0.0,0.0,0.0,-0.0
2022-02-24 00:00:00+00:00,20260201_193432_85ab9324_StateSignal_XLE,0.0,0.0,1.0,1.0,0.0,0.0,0.0,0.0
2022-02-25 00:00:00+00:00,20260201_193432_85ab9324_StateSignal_XLE,0.0,0.0,1.0,1.0,0.0,0.0,0.0,-0.0
2022-02-28 00:00:00+00:00,20260201_193432_85ab9324_StateSignal_XLE,0.0,0.0,1.0,1.0,0.0,0.0,0.0,0.0
2022-03-01 00:00:00+00:00,20260201_193432_85ab9324_StateSignal_XLE,0.0,0.0,1.0,1.0,0.0,0.0,0.0,0.0
2022-03-02 00:00:00+00:00,20260201_193432_85ab9324_StateSignal_XLE,0.0,0.0,1.0,1.0,0.0,0.0,0.0,0.0
2022-03-03 00:00:00+00:00,20260201_193432_85ab9324_StateSignal_XLE,0.0,0.0,1.0,1.0,0.0,0.0,0.0,-0.0
2022-03-04 00:00:00+00:00,20260201_193432_85ab9324_StateSignal_XLE,0.0,0.0,1.0,1.0,0.0,0.0,0.0,0.0
2022-03-07 00:00:00+00:00,20260201_193432_85ab9324_StateSignal_XLE,0.0,0.0,1.0,1.0,0.0,0.0,0.0,0.0
2022-03-08 00:00:00+00:00,20260201_193432_85ab9324_StateSignal_XLE,0.0,0.0,1.0,1.0,0.0,0.0,0.0,0.0
2022-03-09 00:00:00+00:00,20260201_193432_85ab9324_StateSignal_XLE,0.0,0.0,1.0,1.0,0.0,0.0,0.0,-0.0
2022-03-10 00:00:00+00:00,20260201_193432_85ab9324_StateSignal_XLE,0.0,0.0,1.0,1.0,0.0,0.0,0.0,-0.0
2022-03-11 00:00:00+00:00,20260201_193432_85ab9324_StateSignal_XLE,0.0,0.0,1.0,1.0,0.0,0.0,0.0,0.0
2022-03-14 00:00:00+00:00,20260201_193432_85ab9324_StateSignal_XLE,0.0,0.0,1.0,1.0,0.0,0.0,0.0,-0.0
2022-03-15 00:00:00+00:00,20260201_193432_85ab9324_StateSignal_XLE,0.0,0.0,1.0,1.0,0.0,0.0,0.0,-0.0
2022-03-16 00:00:00+00:00,20260201_193432_85ab9324_StateSignal_XLE,0.0,0.0,1.0,1.0,0.0,0.0,0.0,0.0
2022-03-17 00:00:00+00:00,20260201_193432_85ab9324_StateSignal_XLE,0.0,0.0,1.0,1.0,0.0,0.0,0.0,0.0
2022-03-18 00:00:00+00:00,20260201_193432_85ab9324_StateSignal_XLE,0.0,0.0,1.0,1.0,0.0,0.0,0.0,0.0
2022-03-21 00:00:00+00:00,20260201_193432_85ab9324_StateSignal_XLE,0.0,0.0,1.0,1.0,0.0,0.0,0.0,-0.0
2022-03-22 00:00:00+00:00,20260201_193432_85ab9324_StateSignal_XLE,0.0,0.0,1.0,1.0,0.0,0.0,0.0,0.0
2022-03-23 00:00:00+00:00,20260201_193432_85ab9324_StateSignal_XLE,0.0,0.0,1.0,1.0,0.0,0.0,0.0,0.0
2022-03-24 00:00:00+00:00,20260201_193432_85ab9324_StateSignal_XLE,0.0,0.0,1.0,1.0,0.0,0.0,0.0,0.0
2022-03-25 00:00:00+00:00,20260201_193432_85ab9324_StateSignal_XLE,0.0,0.0,1.0,1.0,0.0,0.0,0.0,-0.0
2022-03-28 00:00:00+00:00,20260201_193432_85ab9324_StateSignal_XLE,0.0,0.0,1.0,1.0,0.0,0.0,0.0,0.0
2022-03-29 00:00:00+00:00,20260201_193432_85ab9324_StateSignal_XLE,0.0,0.0,1.0,1.0,0.0,0.0,0.0,-0.0
2022-03-30 00:00:00+00:00,20260201_193432_85ab9324_StateSignal_XLE,0.0,0.0,1.0,1.0,0.0,0.0,0.0,0.0
2022-03-31 00:00:00+00:00,20260201_193432_85ab9324_StateSignal_XLE,0.0,0.0,1.0,1.0,0.0,0.0,0.0,-0.0
2022-04-01 00:00:00+00:00,20260201_193432_85ab9324_StateSignal_XLE,0.0,0.0,1.0,1.0,0.0,0.0,0.0,-0.0
2022-04-04 00:00:00+00:00,20260201_193432_85ab9324_StateSignal_XLE,0.0,0.0,1.0,1.0,0.0,0.0,0.0,0.0
2022-04-05 00:00:00+00:00,20260201_193432_85ab9324_StateSignal_XLE,0.0,0.0,1.0,1.0,0.0,0.0,0.0,-0.0
2022-04-06 00:00:00+00:00,20260201_193432_85ab9324_StateSignal_XLE,0.0,0.0,1.0,1.0,0.0,0.0,0.0,-0.0
2022-04-07 00:00:00+00:00,20260201_193432_85ab9324_StateSignal_XLE,0.0,0.0,1.0,1.0,0.0,0.0,0.0,-0.0
2022-04-08 00:00:00+00:00,20260201_193432_85ab9324_StateSignal_XLE,0.0,0.0,1.0,1.0,0.0,0.0,0.0,0.0
2022-04-11 00:00:00+00:00,20260201_193432_85ab9324_StateSignal_XLE,0.0,0.0,1.0,1.0,0.0,0.0,0.0,0.0
2022-04-12 00:00:00+00:00,20260201_193432_85ab9324_StateSignal_XLE,0.0,0.0,1.0,1.0,0.0,0.0,0.0,-0.0
2022-04-13 00:00:00+00:00,20260201_193432_85ab9324_StateSignal_XLE,0.0,0.0,1.0,1.0,0.0,0.0,0.0,0.0
2022-04-14 00:00:00+00:00,20260201_193432_85ab9324_StateSignal_XLE,0.0,0.0,1.0,1.0,0.0,0.0,0.0,-0.0
2022-04-18 00:00:00+00:00,20260201_193432_85ab9324_StateSignal_XLE,0.0,0.0,1.0,1.0,0.0,0.0,0.0,0.0
2022-04-19 00:00:00+00:00,20260201_193432_85ab9324_StateSignal_XLE,0.0,0.0,1.0,1.0,0.0,0.0,0.0,-0.0
2022-04-20 00:00:00+00:00,20260201_193432_85ab9324_StateSignal_XLE,0.0,0.0,1.0,1.0,0.0,0.0,0.0,0.0
2022-04-21 00:00:00+00:00,20260201_193432_85ab9324_StateSignal_XLE,0.0,0.0,1.0,1.0,0.0,0.0,0.0,0.0
2022-04-22 00:00:00+00:00,20260201_193432_85ab9324_StateSignal_XLE,0.0,0.0,1.0,1.0,0.0,0.0,0.0,-0.0
2022-04-25 00:00:00+00:00,20260201_193432_85ab9324_StateSignal_XLE,0.0,0.0,1.0,1.0,0.0,0.0,0.0,-0.0
2022-04-26 00:00:00+00:00,20260201_193432_85ab9324_StateSignal_XLE,0.0,0.0,1.0,1.0,0.0,0.0,0.0,0.0
2022-04-27 00:00:00+00:00,20260201_193432_85ab9324_StateSignal_XLE,0.0,0.0,1.0,1.0,0.0,0.0,0.0,0.0
2022-04-28 00:00:00+00:00,20260201_193432_85ab9324_StateSignal_XLE,0.0,0.0,1.0,1.0,0.0,0.0,0.0,0.0
2022-04-29 00:00:00+00:00,20260201_193432_85ab9324_StateSignal_XLE,0.0,0.0,1.0,1.0,0.0,0.0,0.0,0.0
2022-05-02 00:00:00+00:00,20260201_193432_85ab9324_StateSignal_XLE,0.0,0.0,1.0,1.0,0.0,0.0,0.0,-0.0
2022-05-03 00:00:00+00:00,20260201_193432_85ab9324_StateSignal_XLE,0.0,0.0,1.0,1.0,0.0,0.0,0.0,0.0
2022-05-04 00:00:00+00:00,20260201_193432_85ab9324_StateSignal_XLE,0.0,0.0,1.0,1.0,0.0,0.0,0.0,0.0
2022-05-05 00:00:00+00:00,20260201_193432_85ab9324_StateSignal_XLE,0.0,0.0,1.0,1.0,0.0,0.0,0.0,0.0
2022-05-06 00:00:00+00:00,20260201_193432_85ab9324_StateSignal_XLE,0.0,0.0,1.0,1.0,0.0,0.0,0.0,-0.0
2022-05-09 00:00:00+00:00,20260201_193432_85ab9324_StateSignal_XLE,0.0,0.0,1.0,1.0,0.0,0.0,0.0,0.0
2022-05-10 00:00:00+00:00,20260201_193432_85ab9324_StateSignal_XLE,0.0,0.0,1.0,1.0,0.0,0.0,0.0,-0.0
2022-05-11 00:00:00+00:00,20260201_193432_85ab9324_StateSignal_XLE,0.0,0.0,1.0,1.0,0.0,0.0,0.0,0.0
2022-05-12 00:00:00+00:00,20260201_193432_85ab9324_StateSignal_XLE,0.0,0.0,1.0,1.0,0.0,0.0,0.0,-0.0
2022-05-13 00:00:00+00:00,20260201_193432_85ab9324_StateSignal_XLE,0.0,0.0,1.0,1.0,0.0,0.0,0.0,0.0
2022-05-16 00:00:00+00:00,20260201_193432_85ab9324_StateSignal_XLE,0.0,0.0,1.0,1.0,0.0,0.0,0.0,0.0
2022-05-17 00:00:00+00:00,20260201_193432_85ab9324_StateSignal_XLE,0.0,0.0,1.0,1.0,0.0,0.0,0.0,0.0
2022-05-18 00:00:00+00:00,20260201_193432_85ab9324_StateSignal_XLE,0.0,0.0,1.0,1.0,0.0,0.0,0.0,0.0
2022-05-19 00:00:00+00:00,20260201_193432_85ab9324_StateSignal_XLE,0.0,0.0,1.0,1.0,0.0,0.0,0.0,-0.0
2022-05-20 00:00:00+00:00,20260201_193432_85ab9324_StateSignal_XLE,0.0,0.0,1.0,1.0,0.0,0.0,0.0,0.0
2022-05-23 00:00:00+00:00,20260201_193432_85ab9324_StateSignal_XLE,0.0,0.0,1.0,1.0,0.0,0.0,0.0,0.0
2022-05-24 00:00:00+00:00,20260201_193432_85ab9324_StateSignal_XLE,0.0,0.0,1.0,1.0,0.0,0.0,0.0,0.0
2022-05-25 00:00:00+00:00,20260201_193432_85ab9324_StateSignal_XLE,0.0,0.0,1.0,1.0,0.0,0.0,0.0,0.0
2022-05-26 00:00:00+00:00,20260201_193432_85ab9324_StateSignal_XLE,0.0,0.0,1.0,1.0,0.0,0.0,0.0,0.0
2022-05-27 00:00:00+00:00,20260201_193432_85ab9324_StateSignal_XLE,0.0,0.0,1.0,1.0,0.0,0.0,0.0,0.0
2022-05-31 00:00:00+00:00,20260201_193432_85ab9324_StateSignal_XLE,0.0,0.0,1.0,1.0,0.0,0.0,0.0,0.0
2022-06-01 00:00:00+00:00,20260201_193432_85ab9324_StateSignal_XLE,0.0,0.0,1.0,1.0,0.0,0.0,0.0,-0.0
2022-06-02 00:00:00+00:00,20260201_193432_85ab9324_StateSignal_XLE,0.0,0.0,1.0,1.0,0.0,0.0,0.0,0.0
2022-06-03 00:00:00+00:00,20260201_193432_85ab9324_StateSignal_XLE,0.0,0.0,1.0,1.0,0.0,0.0,0.0,0.0
2022-06-06 00:00:00+00:00,20260201_193432_85ab9324_StateSignal_XLE,0.0,0.0,1.0,1.0,0.0,0.0,0.0,0.0
2022-06-07 00:00:00+00:00,20260201_193432_85ab9324_StateSignal_XLE,0.0,0.0,1.0,1.0,0.0,0.0,0.0,-0.0
2022-06-08 00:00:00+00:00,20260201_193432_85ab9324_StateSignal_XLE,0.0,0.0,1.0,1.0,0.0,0.0,0.0,0.0
2022-06-09 00:00:00+00:00,20260201_193432_85ab9324_StateSignal_XLE,0.0,0.0,1.0,1.0,0.0,0.0,0.0,-0.0
2022-06-10 00:00:00+00:00,20260201_193432_85ab9324_StateSignal_XLE,0.0,0.0,1.0,1.0,0.0,0.0,0.0,-0.0
2022-06-13 00:00:00+00:00,20260201_193432_85ab9324_StateSignal_XLE,0.0,0.0,1.0,1.0,0.0,0.0,0.0,-0.0
2022-06-14 00:00:00+00:00,20260201_193432_85ab9324_StateSignal_XLE,0.0,0.0,1.0,1.0,0.0,0.0,0.0,-0.0
2022-06-15 00:00:00+00:00,20260201_193432_85ab9324_StateSignal_XLE,0.0,0.0,1.0,1.0,0.0,0.0,0.0,-0.0
2022-06-16 00:00:00+00:00,20260201_193432_85ab9324_StateSignal_XLE,0.0,0.0,1.0,1.0,0.0,0.0,0.0,-0.0
2022-06-17 00:00:00+00:00,20260201_193432_85ab9324_StateSignal_XLE,0.0,0.0,1.0,1.0,0.0,0.0,0.0,-0.0
2022-06-21 00:00:00+00:00,20260201_193432_85ab9324_StateSignal_XLE,0.0,0.0,1.0,1.0,0.0,0.0,0.0,-0.0
2022-06-22 00:00:00+00:00,20260201_193432_85ab9324_StateSignal_XLE,0.0,0.0,1.0,1.0,0.0,0.0,0.0,-0.0
2022-06-23 00:00:00+00:00,20260201_193432_85ab9324_StateSignal_XLE,0.0,0.0,1.0,1.0,0.0,0.0,0.0,0.0
2022-06-24 00:00:00+00:00,20260201_193432_85ab9324_StateSignal_XLE,0.0,0.0,1.0,1.0,0.0,0.0,0.0,-0.0
2022-06-27 00:00:00+00:00,20260201_193432_85ab9324_StateSignal_XLE,0.0,0.0,1.0,1.0,0.0,0.0,0.0,0.0
2022-06-28 00:00:00+00:00,20260201_193432_85ab9324_StateSignal_XLE,0.0,0.0,1.0,1.0,0.0,0.0,0.0,0.0
2022-06-29 00:00:00+00:00,20260201_193432_85ab9324_StateSignal_XLE,0.0,0.0,1.0,1.0,0.0,0.0,0.0,0.0
2022-06-30 00:00:00+00:00,20260201_193432_85ab9324_StateSignal_XLE,0.0,0.0,1.0,1.0,0.0,0.0,0.0,-0.0
2022-07-01 00:00:00+00:00,20260201_193432_85ab9324_StateSignal_XLE,0.0,0.0,1.0,1.0,0.0,0.0,0.0,0.0
2022-07-05 00:00:00+00:00,20260201_193432_85ab9324_StateSignal_XLE,0.0,0.0,1.0,1.0,0.0,0.0,0.0,-0.0
2022-07-06 00:00:00+00:00,20260201_193432_85ab9324_StateSignal_XLE,0.0,0.0,1.0,1.0,0.0,0.0,0.0,-0.0
2022-07-07 00:00:00+00:00,20260201_193432_85ab9324_StateSignal_XLE,0.0,0.0,1.0,1.0,0.0,0.0,0.0,0.0
2022-07-08 00:00:00+00:00,20260201_193432_85ab9324_StateSignal_XLE,0.0,0.0,1.0,1.0,0.0,0.0,0.0,0.0
2022-07-11 00:00:00+00:00,20260201_193432_85ab9324_StateSignal_XLE,0.0,0.0,1.0,1.0,0.0,0.0,0.0,-0.0
2022-07-12 00:00:00+00:00,20260201_193432_85ab9324_StateSignal_XLE,0.0,0.0,1.0,1.0,0.0,0.0,0.0,-0.0
2022-07-13 00:00:00+00:00,20260201_193432_85ab9324_StateSignal_XLE,0.0,0.0,1.0,1.0,0.0,0.0,0.0,-0.0
2022-07-14 00:00:00+00:00,20260201_193432_85ab9324_StateSignal_XLE,0.0,0.0,1.0,1.0,0.0,0.0,0.0,-0.0
2022-07-15 00:00:00+00:00,20260201_193432_85ab9324_StateSignal_XLE,0.0,0.0,1.0,1.0,0.0,0.0,0.0,0.0
2022-07-18 00:00:00+00:00,20260201_193432_85ab9324_StateSignal_XLE,0.0,0.0,1.0,1.0,0.0,0.0,0.0,0.0
2022-07-19 00:00:00+00:00,20260201_193432_85ab9324_StateSignal_XLE,0.0,0.0,1.0,1.0,0.0,0.0,0.0,-0.0
2022-07-20 00:00:00+00:00,20260201_193432_85ab9324_StateSignal_XLE,0.0,0.0,1.0,1.0,0.0,0.0,0.0,0.0
2022-07-21 00:00:00+00:00,20260201_193432_85ab9324_StateSignal_XLE,0.0,0.0,1.0,1.0,0.0,0.0,0.0,-0.0
2022-07-22 00:00:00+00:00,20260201_193432_85ab9324_StateSignal_XLE,0.0,0.0,1.0,1.0,0.0,0.0,0.0,0.0
2022-07-25 00:00:00+00:00,20260201_193432_85ab9324_StateSignal_XLE,0.0,0.0,1.0,1.0,0.0,0.0,0.0,0.0
2022-07-26 00:00:00+00:00,20260201_193432_85ab9324_StateSignal_XLE,0.0,0.0,1.0,1.0,0.0,0.0,0.0,0.0
2022-07-27 00:00:00+00:00,20260201_193432_85ab9324_StateSignal_XLE,0.0,0.0,1.0,1.0,0.0,0.0,0.0,-0.0
2022-07-28 00:00:00+00:00,20260201_193432_85ab9324_StateSignal_XLE,0.0,0.0,1.0,1.0,0.0,0.0,0.0,0.0
2022-07-29 00:00:00+00:00,20260201_193432_85ab9324_StateSignal_XLE,0.0,0.0,1.0,1.0,0.0,0.0,0.0,0.0
2022-08-01 00:00:00+00:00,20260201_193432_85ab9324_StateSignal_XLE,0.0,0.0,1.0,1.0,0.0,0.0,0.0,0.0
2022-08-02 00:00:00+00:00,20260201_193432_85ab9324_StateSignal_XLE,0.0,0.0,1.0,1.0,0.0,0.0,0.0,0.0
2022-08-03 00:00:00+00:00,20260201_193432_85ab9324_StateSignal_XLE,0.0,0.0,1.0,1.0,0.0,0.0,0.0,0.0
2022-08-04 00:00:00+00:00,20260201_193432_85ab9324_StateSignal_XLE,0.0,0.0,1.0,1.0,0.0,0.0,0.0,-0.0
2022-08-05 00:00:00+00:00,20260201_193432_85ab9324_StateSignal_XLE,0.0,0.0,1.0,1.0,0.0,0.0,0.0,-0.0
2022-08-08 00:00:00+00:00,20260201_193432_85ab9324_StateSignal_XLE,0.0,0.0,1.0,1.0,0.0,0.0,0.0,0.0
2022-08-09 00:00:00+00:00,20260201_193432_85ab9324_StateSignal_XLE,0.0,0.0,1.0,1.0,0.0,0.0,0.0,0.0
2022-08-10 00:00:00+00:00,20260201_193432_85ab9324_StateSignal_XLE,0.0,0.0,1.0,1.0,0.0,0.0,0.0,0.0
2022-08-11 00:00:00+00:00,20260201_193432_85ab9324_StateSignal_XLE,0.0,0.0,1.0,1.0,0.0,0.0,0.0,0.0
2022-08-12 00:00:00+00:00,20260201_193432_85ab9324_StateSignal_XLE,0.0,0.0,1.0,1.0,0.0,0.0,0.0,0.0
2022-08-15 00:00:00+00:00,20260201_193432_85ab9324_StateSignal_XLE,0.0,0.0,1.0,1.0,0.0,0.0,0.0,-0.0
2022-08-16 00:00:00+00:00,20260201_193432_85ab9324_StateSignal_XLE,0.0,0.0,1.0,1.0,0.0,0.0,0.0,0.0
2022-08-17 00:00:00+00:00,20260201_193432_85ab9324_StateSignal_XLE,0.0,0.0,1.0,1.0,0.0,0.0,0.0,-0.0
2022-08-18 00:00:00+00:00,20260201_193432_85ab9324_StateSignal_XLE,0.0,0.0,1.0,1.0,0.0,0.0,0.0,0.0
2022-08-19 00:00:00+00:00,20260201_193432_85ab9324_StateSignal_XLE,0.0,0.0,1.0,1.0,0.0,0.0,0.0,0.0
2022-08-22 00:00:00+00:00,20260201_193432_85ab9324_StateSignal_XLE,0.0,0.0,1.0,1.0,0.0,0.0,0.0,0.0
2022-08-23 00:00:00+00:00,20260201_193432_85ab9324_StateSignal_XLE,0.0,0.0,1.0,1.0,0.0,0.0,0.0,0.0
2022-08-24 00:00:00+00:00,20260201_193432_85ab9324_StateSignal_XLE,0.0,0.0,1.0,1.0,0.0,0.0,0.0,0.0
2022-08-25 00:00:00+00:00,20260201_193432_85ab9324_StateSignal_XLE,0.0,0.0,1.0,1.0,0.0,0.0,0.0,0.0
2022-08-26 00:00:00+00:00,20260201_193432_85ab9324_StateSignal_XLE,0.0,0.0,1.0,1.0,0.0,0.0,0.0,0.0
2022-08-29 00:00:00+00:00,20260201_193432_85ab9324_StateSignal_XLE,0.0,0.0,1.0,1.0,0.0,0.0,0.0,-0.0
2022-08-30 00:00:00+00:00,20260201_193432_85ab9324_StateSignal_XLE,0.0,0.0,1.0,1.0,0.0,0.0,0.0,-0.0
2022-08-31 00:00:00+00:00,20260201_193432_85ab9324_StateSignal_XLE,0.0,0.0,1.0,1.0,0.0,0.0,0.0,-0.0
2022-09-01 00:00:00+00:00,20260201_193432_85ab9324_StateSignal_XLE,0.0,0.0,1.0,1.0,0.0,0.0,0.0,-0.0
2022-09-02 00:00:00+00:00,20260201_193432_85ab9324_StateSignal_XLE,0.0,0.0,1.0,1.0,0.0,0.0,0.0,0.0
2022-09-06 00:00:00+00:00,20260201_193432_85ab9324_StateSignal_XLE,0.0,0.0,1.0,1.0,0.0,0.0,0.0,0.0
2022-09-07 00:00:00+00:00,20260201_193432_85ab9324_StateSignal_XLE,0.0,0.0,1.0,1.0,0.0,0.0,0.0,-0.0
2022-09-08 00:00:00+00:00,20260201_193432_85ab9324_StateSignal_XLE,0.0,0.0,1.0,1.0,0.0,0.0,0.0,0.0
2022-09-09 00:00:00+00:00,20260201_193432_85ab9324_StateSignal_XLE,0.0,0.0,1.0,1.0,0.0,0.0,0.0,0.0
2022-09-12 00:00:00+00:00,20260201_193432_85ab9324_StateSignal_XLE,0.0,0.0,1.0,1.0,0.0,0.0,0.0,0.0
2022-09-13 00:00:00+00:00,20260201_193432_85ab9324_StateSignal_XLE,0.0,0.0,1.0,1.0,0.0,0.0,0.0,-0.0
2022-09-14 00:00:00+00:00,20260201_193432_85ab9324_StateSignal_XLE,0.0,0.0,1.0,1.0,0.0,0.0,0.0,-0.0
2022-09-15 00:00:00+00:00,20260201_193432_85ab9324_StateSignal_XLE,0.0,0.0,1.0,1.0,0.0,0.0,0.0,0.0
2022-09-16 00:00:00+00:00,20260201_193432_85ab9324_StateSignal_XLE,0.0,0.0,1.0,1.0,0.0,0.0,0.0,-0.0
2022-09-19 00:00:00+00:00,20260201_193432_85ab9324_StateSignal_XLE,0.0,0.0,1.0,1.0,0.0,0.0,0.0,-0.0
2022-09-20 00:00:00+00:00,20260201_193432_85ab9324_StateSignal_XLE,0.0,0.0,1.0,1.0,0.0,0.0,0.0,0.0
2022-09-21 00:00:00+00:00,20260201_193432_85ab9324_StateSignal_XLE,0.0,0.0,1.0,1.0,0.0,0.0,0.0,0.0
2022-09-22 00:00:00+00:00,20260201_193432_85ab9324_StateSignal_XLE,0.0,0.0,1.0,1.0,0.0,0.0,0.0,-0.0
2022-09-23 00:00:00+00:00,20260201_193432_85ab9324_StateSignal_XLE,0.0,0.0,1.0,1.0,0.0,0.0,0.0,-0.0
2022-09-26 00:00:00+00:00,20260201_193432_85ab9324_StateSignal_XLE,0.0,0.0,1.0,1.0,0.0,0.0,0.0,-0.0
2022-09-27 00:00:00+00:00,20260201_193432_85ab9324_StateSignal_XLE,0.0,0.0,1.0,1.0,0.0,0.0,0.0,-0.0
2022-09-28 00:00:00+00:00,20260201_193432_85ab9324_StateSignal_XLE,0.0,0.0,1.0,1.0,0.0,0.0,0.0,0.0
2022-09-29 00:00:00+00:00,20260201_193432_85ab9324_StateSignal_XLE,0.0,0.0,1.0,1.0,0.0,0.0,0.0,0.0
2022-09-30 00:00:00+00:00,20260201_193432_85ab9324_StateSignal_XLE,0.0,0.0,1.0,1.0,0.0,0.0,0.0,-0.0
2022-10-03 00:00:00+00:00,20260201_193432_85ab9324_StateSignal_XLE,0.0,0.0,1.0,1.0,0.0,0.0,0.0,0.0
2022-10-04 00:00:00+00:00,20260201_193432_85ab9324_StateSignal_XLE,0.0,0.0,1.0,1.0,0.0,0.0,0.0,0.0
2022-10-05 00:00:00+00:00,20260201_193432_85ab9324_StateSignal_XLE,0.0,0.0,1.0,1.0,0.0,0.0,0.0,0.0
2022-10-06 00:00:00+00:00,20260201_193432_85ab9324_StateSignal_XLE,0.0,0.0,1.0,1.0,0.0,0.0,0.0,0.0
2022-10-07 00:00:00+00:00,20260201_193432_85ab9324_StateSignal_XLE,0.0,0.0,1.0,1.0,0.0,0.0,0.0,0.0
2022-10-10 00:00:00+00:00,20260201_193432_85ab9324_StateSignal_XLE,0.0,0.0,1.0,1.0,0.0,0.0,0.0,-0.0
2022-10-11 00:00:00+00:00,20260201_193432_85ab9324_StateSignal_XLE,0.0,0.0,1.0,1.0,0.0,0.0,0.0,-0.0
2022-10-12 00:00:00+00:00,20260201_193432_85ab9324_StateSignal_XLE,0.0,0.0,1.0,1.0,0.0,0.0,0.0,0.0
2022-10-13 00:00:00+00:00,20260201_193432_85ab9324_StateSignal_XLE,0.0,0.0,1.0,1.0,0.0,0.0,0.0,0.0
2022-10-14 00:00:00+00:00,20260201_193432_85ab9324_StateSignal_XLE,0.0,0.0,1.0,1.0,0.0,0.0,0.0,0.0
2022-10-17 00:00:00+00:00,20260201_193432_85ab9324_StateSignal_XLE,0.0,0.0,1.0,1.0,0.0,0.0,0.0,-0.0
2022-10-18 00:00:00+00:00,20260201_193432_85ab9324_StateSignal_XLE,0.0,0.0,1.0,1.0,0.0,0.0,0.0,0.0
2022-10-19 00:00:00+00:00,20260201_193432_85ab9324_StateSignal_XLE,0.0,0.0,1.0,1.0,0.0,0.0,0.0,0.0
2022-10-20 00:00:00+00:00,20260201_193432_85ab9324_StateSignal_XLE,0.0,0.0,1.0,1.0,0.0,0.0,0.0,0.0
2022-10-21 00:00:00+00:00,20260201_193432_85ab9324_StateSignal_XLE,0.0,0.0,1.0,1.0,0.0,0.0,0.0,-0.0
2022-10-24 00:00:00+00:00,20260201_193432_85ab9324_StateSignal_XLE,0.0,0.0,1.0,1.0,0.0,0.0,0.0,0.0
2022-10-25 00:00:00+00:00,20260201_193432_85ab9324_StateSignal_XLE,0.0,0.0,1.0,1.0,0.0,0.0,0.0,0.0
2022-10-26 00:00:00+00:00,20260201_193432_85ab9324_StateSignal_XLE,0.0,0.0,1.0,1.0,0.0,0.0,0.0,0.0
2022-10-27 00:00:00+00:00,20260201_193432_85ab9324_StateSignal_XLE,0.0,0.0,1.0,1.0,0.0,0.0,0.0,0.0
2022-10-28 00:00:00+00:00,20260201_193432_85ab9324_StateSignal_XLE,0.0,0.0,1.0,1.0,0.0,0.0,0.0,0.0
2022-10-31 00:00:00+00:00,20260201_193432_85ab9324_StateSignal_XLE,0.0,0.0,1.0,1.0,0.0,0.0,0.0,-0.0
2022-11-01 00:00:00+00:00,20260201_193432_85ab9324_StateSignal_XLE,0.0,0.0,1.0,1.0,0.0,0.0,0.0,0.0
2022-11-02 00:00:00+00:00,20260201_193432_85ab9324_StateSignal_XLE,0.0,0.0,1.0,1.0,0.0,0.0,0.0,-0.0
2022-11-03 00:00:00+00:00,20260201_193432_85ab9324_StateSignal_XLE,0.0,0.0,1.0,1.0,0.0,0.0,0.0,-0.0
2022-11-04 00:00:00+00:00,20260201_193432_85ab9324_StateSignal_XLE,0.0,0.0,1.0,1.0,0.0,0.0,0.0,0.0
2022-11-07 00:00:00+00:00,20260201_193432_85ab9324_StateSignal_XLE,0.0,0.0,1.0,1.0,0.0,0.0,0.0,-0.0
2022-11-08 00:00:00+00:00,20260201_193432_85ab9324_StateSignal_XLE,0.0,0.0,1.0,1.0,0.0,0.0,0.0,0.0
2022-11-09 00:00:00+00:00,20260201_193432_85ab9324_StateSignal_XLE,0.0,0.0,1.0,1.0,0.0,0.0,0.0,-0.0
2022-11-10 00:00:00+00:00,20260201_193432_85ab9324_StateSignal_XLE,0.0,0.0,1.0,1.0,0.0,0.0,0.0,-0.0
2022-11-11 00:00:00+00:00,20260201_193432_85ab9324_StateSignal_XLE,0.0,0.0,1.0,1.0,0.0,0.0,0.0,0.0
2022-11-14 00:00:00+00:00,20260201_193432_85ab9324_StateSignal_XLE,0.0,0.0,1.0,1.0,0.0,0.0,0.0,0.0
2022-11-15 00:00:00+00:00,20260201_193432_85ab9324_StateSignal_XLE,0.0,0.0,1.0,1.0,0.0,0.0,0.0,0.0
2022-11-16 00:00:00+00:00,20260201_193432_85ab9324_StateSignal_XLE,0.0,0.0,1.0,1.0,0.0,0.0,0.0,-0.0
2022-11-17 00:00:00+00:00,20260201_193432_85ab9324_StateSignal_XLE,0.0,0.0,1.0,1.0,0.0,0.0,0.0,-0.0
2022-11-18 00:00:00+00:00,20260201_193432_85ab9324_StateSignal_XLE,0.0,0.0,1.0,1.0,0.0,0.0,0.0,-0.0
2022-11-21 00:00:00+00:00,20260201_193432_85ab9324_StateSignal_XLE,0.0,0.0,1.0,1.0,0.0,0.0,0.0,-0.0
2022-11-22 00:00:00+00:00,20260201_193432_85ab9324_StateSignal_XLE,0.0,0.0,1.0,1.0,0.0,0.0,0.0,0.0
2022-11-23 00:00:00+00:00,20260201_193432_85ab9324_StateSignal_XLE,0.0,0.0,1.0,1.0,0.0,0.0,0.0,0.0
2022-11-25 00:00:00+00:00,20260201_193432_85ab9324_StateSignal_XLE,0.0,0.0,1.0,1.0,0.0,0.0,0.0,0.0
2022-11-28 00:00:00+00:00,20260201_193432_85ab9324_StateSignal_XLE,0.0,0.0,1.0,1.0,0.0,0.0,0.0,-0.0
2022-11-29 00:00:00+00:00,20260201_193432_85ab9324_StateSignal_XLE,0.0,0.0,1.0,1.0,0.0,0.0,0.0,0.0
2022-11-30 00:00:00+00:00,20260201_193432_85ab9324_StateSignal_XLE,0.0,0.0,1.0,1.0,0.0,0.0,0.0,0.0
2022-12-01 00:00:00+00:00,20260201_193432_85ab9324_StateSignal_XLE,0.0,0.0,1.0,1.0,0.0,0.0,0.0,-0.0
2022-12-02 00:00:00+00:00,20260201_193432_85ab9324_StateSignal_XLE,0.0,0.0,1.0,1.0,0.0,0.0,0.0,-0.0
2022-12-05 00:00:00+00:00,20260201_193432_85ab9324_StateSignal_XLE,0.0,0.0,1.0,1.0,0.0,0.0,0.0,0.0
2022-12-06 00:00:00+00:00,20260201_193432_85ab9324_StateSignal_XLE,0.0,0.0,1.0,1.0,0.0,0.0,0.0,-0.0
2022-12-07 00:00:00+00:00,20260201_193432_85ab9324_StateSignal_XLE,0.0,0.0,1.0,1.0,0.0,0.0,0.0,-0.0
2022-12-08 00:00:00+00:00,20260201_193432_85ab9324_StateSignal_XLE,0.0,0.0,1.0,1.0,0.0,0.0,0.0,0.0
2022-12-09 00:00:00+00:00,20260201_193432_85ab9324_StateSignal_XLE,0.0,0.0,1.0,1.0,0.0,0.0,0.0,-0.0
2022-12-12 00:00:00+00:00,20260201_193432_85ab9324_StateSignal_XLE,0.0,0.0,1.0,1.0,0.0,0.0,0.0,-0.0
2022-12-13 00:00:00+00:00,20260201_193432_85ab9324_StateSignal_XLE,0.0,0.0,1.0,1.0,0.0,0.0,0.0,0.0
2022-12-14 00:00:00+00:00,20260201_193432_85ab9324_StateSignal_XLE,0.0,0.0,1.0,1.0,0.0,0.0,0.0,0.0
2022-12-15 00:00:00+00:00,20260201_193432_85ab9324_StateSignal_XLE,0.0,0.0,1.0,1.0,0.0,0.0,0.0,-0.0
2022-12-16 00:00:00+00:00,20260201_193432_85ab9324_StateSignal_XLE,0.0,0.0,1.0,1.0,0.0,0.0,0.0,-0.0
2022-12-19 00:00:00+00:00,20260201_193432_85ab9324_StateSignal_XLE,0.0,0.0,1.0,1.0,0.0,0.0,0.0,0.0
2022-12-20 00:00:00+00:00,20260201_193432_85ab9324_StateSignal_XLE,0.0,0.0,1.0,1.0,0.0,0.0,0.0,-0.0
2022-12-21 00:00:00+00:00,20260201_193432_85ab9324_StateSignal_XLE,0.0,0.0,1.0,1.0,0.0,0.0,0.0,0.0
2022-12-22 00:00:00+00:00,20260201_193432_85ab9324_StateSignal_XLE,0.0,0.0,1.0,1.0,0.0,0.0,0.0,0.0
2022-12-23 00:00:00+00:00,20260201_193432_85ab9324_StateSignal_XLE,0.0,0.0,1.0,1.0,0.0,0.0,0.0,-0.0
2022-12-27 00:00:00+00:00,20260201_193432_85ab9324_StateSignal_XLE,0.0,0.0,1.0,1.0,0.0,0.0,0.0,0.0
2022-12-28 00:00:00+00:00,20260201_193432_85ab9324_StateSignal_XLE,0.0,0.0,1.0,1.0,0.0,0.0,0.0,0.0
2022-12-29 00:00:00+00:00,20260201_193432_85ab9324_StateSignal_XLE,0.0,0.0,1.0,1.0,0.0,0.0,0.0,-0.0
2022-12-30 00:00:00+00:00,20260201_193432_85ab9324_StateSignal_XLE,0.0,0.0,1.0,1.0,0.0,0.0,0.0,0.0
2023-01-03 00:00:00+00:00,20260201_193432_85ab9324_StateSignal_XLE,0.0,0.0,1.0,1.0,0.0,0.0,0.0,0.0
2023-01-04 00:00:00+00:00,20260201_193432_85ab9324_StateSignal_XLE,0.0,0.0,1.0,1.0,0.0,0.0,0.0,-0.0
2023-01-05 00:00:00+00:00,20260201_193432_85ab9324_StateSignal_XLE,0.0,0.0,1.0,1.0,0.0,0.0,0.0,-0.0
2023-01-06 00:00:00+00:00,20260201_193432_85ab9324_StateSignal_XLE,0.0,0.0,1.0,1.0,0.0,0.0,0.0,0.0
2023-01-09 00:00:00+00:00,20260201_193432_85ab9324_StateSignal_XLE,0.0,0.0,1.0,1.0,0.0,0.0,0.0,0.0
2023-01-10 00:00:00+00:00,20260201_193432_85ab9324_StateSignal_XLE,0.0,0.0,1.0,1.0,0.0,0.0,0.0,-0.0
2023-01-11 00:00:00+00:00,20260201_193432_85ab9324_StateSignal_XLE,0.0,0.0,1.0,1.0,0.0,0.0,0.0,0.0
2023-01-12 00:00:00+00:00,20260201_193432_85ab9324_StateSignal_XLE,0.0,0.0,1.0,1.0,0.0,0.0,0.0,-0.0
2023-01-13 00:00:00+00:00,20260201_193432_85ab9324_StateSignal_XLE,0.0,0.0,1.0,1.0,0.0,0.0,0.0,0.0
2023-01-17 00:00:00+00:00,20260201_193432_85ab9324_StateSignal_XLE,0.0,0.0,1.0,1.0,0.0,0.0,0.0,0.0
2023-01-18 00:00:00+00:00,20260201_193432_85ab9324_StateSignal_XLE,0.0,0.0,1.0,1.0,0.0,0.0,0.0,0.0
2023-01-19 00:00:00+00:00,20260201_193432_85ab9324_StateSignal_XLE,0.0,0.0,1.0,1.0,0.0,0.0,0.0,-0.0
2023-01-20 00:00:00+00:00,20260201_193432_85ab9324_StateSignal_XLE,0.0,0.0,1.0,1.0,0.0,0.0,0.0,0.0
2023-01-23 00:00:00+00:00,20260201_193432_85ab9324_StateSignal_XLE,0.0,0.0,1.0,1.0,0.0,0.0,0.0,0.0
2023-01-24 00:00:00+00:00,20260201_193432_85ab9324_StateSignal_XLE,0.0,0.0,1.0,1.0,0.0,0.0,0.0,-0.0
2023-01-25 00:00:00+00:00,20260201_193432_85ab9324_StateSignal_XLE,0.0,0.0,1.0,1.0,0.0,0.0,0.0,-0.0
2023-01-26 00:00:00+00:00,20260201_193432_85ab9324_StateSignal_XLE,0.0,0.0,1.0,1.0,0.0,0.0,0.0,0.0
2023-01-27 00:00:00+00:00,20260201_193432_85ab9324_StateSignal_XLE,0.0,0.0,1.0,1.0,0.0,0.0,0.0,0.0
2023-01-30 00:00:00+00:00,20260201_193432_85ab9324_StateSignal_XLE,0.0,0.0,1.0,1.0,0.0,0.0,0.0,-0.0
2023-01-31 00:00:00+00:00,20260201_193432_85ab9324_StateSignal_XLE,-0.02020297258346115,-0.02020297258346115,0.9797970274165388,0.9797970274165388,0.0,0.0,0.9858949032780281,-0.02020297258346115
2023-02-01 00:00:00+00:00,20260201_193432_85ab9324_StateSignal_XLE,0.0,0.0,0.9797970274165388,0.9797970274165388,0.0,0.0,0.0,0.0
2023-02-02 00:00:00+00:00,20260201_193432_85ab9324_StateSignal_XLE,-0.01770674510163162,-0.01770674510163162,0.9624480112007379,0.9624480112007379,0.0,0.0,0.9858949032780281,-0.01770674510163162
2023-02-03 00:00:00+00:00,20260201_193432_85ab9324_StateSignal_XLE,-0.0192950389199275,-0.0192950389199275,0.9438775393662129,0.9438775393662129,0.0,0.0,0.9858949032780281,-0.0192950389199275
2023-02-06 00:00:00+00:00,20260201_193432_85ab9324_StateSignal_XLE,-0.001012732398530872,-0.001012732398530872,0.9429216440018512,0.9429216440018512,0.0,0.0,0.9858949032780281,-0.001012732398530872
2023-02-07 00:00:00+00:00,20260201_193432_85ab9324_StateSignal_XLE,0.0,0.0,0.9429216440018512,0.9429216440018512,0.0,0.0,0.0,0.0
2023-02-08 00:00:00+00:00,20260201_193432_85ab9324_StateSignal_XLE,0.023504567695111247,0.023504567695111247,0.9650846096144784,0.9650846096144784,0.0,0.0,0.9858949032780281,0.023504567695111247
2023-02-09 00:00:00+00:00,20260201_193432_85ab9324_StateSignal_XLE,-0.010432847654907233,-0.010432847654907233,0.9550160289082749,0.9550160289082749,0.0,0.0,0.9858949032780281,-0.010432847654907233
2023-02-10 00:00:00+00:00,20260201_193432_85ab9324_StateSignal_XLE,0.0,0.0,0.9550160289082749,0.9550160289082749,0.0,0.0,0.0,0.0
2023-02-13 00:00:00+00:00,20260201_193432_85ab9324_StateSignal_XLE,0.015437466871442578,0.015437466871442578,0.969759057216243,0.969759057216243,0.0,0.0,0.9858949032780281,0.015437466871442578
2023-02-14 00:00:00+00:00,20260201_193432_85ab9324_StateSignal_XLE,-0.00536343752846881,-0.00536343752846881,0.9645578150951969,0.9645578150951969,0.0,0.0,0.9858949032780281,-0.00536343752846881
2023-02-15 00:00:00+00:00,20260201_193432_85ab9324_StateSignal_XLE,-0.002202571135670373,-0.002202571135670373,0.962433307892983,0.962433307892983,0.0,0.0,0.9858949032780281,-0.002202571135670373
2023-02-16 00:00:00+00:00,20260201_193432_85ab9324_StateSignal_XLE,-0.010096676488514728,-0.010096676488514728,0.9527159301414164,0.9527159301414164,0.0,0.0,0.9858949032780281,-0.010096676488514728
2023-02-17 00:00:00+00:00,20260201_193432_85ab9324_StateSignal_XLE,-0.021773408508818513,-0.021773408508818513,0.9319720570015884,0.9319720570015884,0.0,0.0,0.9858949032780281,-0.021773408508818513
2023-02-21 00:00:00+00:00,20260201_193432_85ab9324_StateSignal_XLE,-0.022006354004098158,-0.022006354004098158,0.9114627499932839,0.9114627499932839,0.0,0.0,0.9858949032780281,-0.022006354004098158
2023-02-22 00:00:00+00:00,20260201_193432_85ab9324_StateSignal_XLE,-0.004668808582856992,-0.004668808582856992,0.9072073048831608,0.9072073048831608,0.0,0.0,0.9858949032780281,-0.004668808582856992
2023-02-23 00:00:00+00:00,20260201_193432_85ab9324_StateSignal_XLE,0.010859691740725281,0.010859691740725281,0.9170592965591261,0.9170592965591261,0.0,0.0,0.9858949032780281,0.010859691740725281
2023-02-24 00:00:00+00:00,20260201_193432_85ab9324_StateSignal_XLE,-0.01294183592176844,-0.01294183592176844,0.9051908656125255,0.9051908656125255,0.0,0.0,0.9858949032780281,-0.01294183592176844
2023-02-27 00:00:00+00:00,20260201_193432_85ab9324_StateSignal_XLE,0.014483501448230489,0.014483501448230489,0.9183011988255495,0.9183011988255495,0.0,0.0,0.9858949032780281,0.014483501448230489
2023-02-28 00:00:00+00:00,20260201_193432_85ab9324_StateSignal_XLE,0.0,0.0,0.9183011988255495,0.9183011988255495,0.0,0.0,0.0,0.0
2023-03-01 00:00:00+00:00,20260201_193432_85ab9324_StateSignal_XLE,0.0,0.0,0.9183011988255495,0.9183011988255495,0.0,0.0,0.0,-0.0
2023-03-02 00:00:00+00:00,20260201_193432_85ab9324_StateSignal_XLE,0.015478914479650002,0.015478914479650002,0.9325155045487303,0.9325155045487303,0.0,0.0,0.9081140191044449,0.015478914479650002
2023-03-03 00:00:00+00:00,20260201_193432_85ab9324_StateSignal_XLE,0.0,0.0,0.9325155045487303,0.9325155045487303,0.0,0.0,0.0,0.0
2023-03-06 00:00:00+00:00,20260201_193432_85ab9324_StateSignal_XLE,0.0,0.0,0.9325155045487303,0.9325155045487303,0.0,0.0,0.0,0.0
2023-03-07 00:00:00+00:00,20260201_193432_85ab9324_StateSignal_XLE,0.0,0.0,0.9325155045487303,0.9325155045487303,0.0,0.0,0.0,0.0
2023-03-08 00:00:00+00:00,20260201_193432_85ab9324_StateSignal_XLE,0.0,0.0,0.9325155045487303,0.9325155045487303,0.0,0.0,0.0,-0.0
2023-03-09 00:00:00+00:00,20260201_193432_85ab9324_StateSignal_XLE,0.0,0.0,0.9325155045487303,0.9325155045487303,0.0,0.0,0.0,-0.0
2023-03-10 00:00:00+00:00,20260201_193432_85ab9324_StateSignal_XLE,0.0,0.0,0.9325155045487303,0.9325155045487303,0.0,0.0,0.0,-0.0
2023-03-13 00:00:00+00:00,20260201_193432_85ab9324_StateSignal_XLE,0.0,0.0,0.9325155045487303,0.9325155045487303,0.0,0.0,0.0,-0.0
2023-03-14 00:00:00+00:00,20260201_193432_85ab9324_StateSignal_XLE,0.0,0.0,0.9325155045487303,0.9325155045487303,0.0,0.0,0.0,0.0
2023-03-15 00:00:00+00:00,20260201_193432_85ab9324_StateSignal_XLE,0.0,0.0,0.9325155045487303,0.9325155045487303,0.0,0.0,0.0,-0.0
2023-03-16 00:00:00+00:00,20260201_193432_85ab9324_StateSignal_XLE,-0.03491172276859002,-0.03491172276859002,0.8999597817765133,0.8999597817765133,0.0,0.0,0.9081140191044449,-0.03491172276859002
2023-03-17 00:00:00+00:00,20260201_193432_85ab9324_StateSignal_XLE,0.02927124488900022,0.02927124488900022,0.9263027249391448,0.9263027249391448,0.0,0.0,0.9081140191044449,0.02927124488900022
2023-03-20 00:00:00+00:00,20260201_193432_85ab9324_StateSignal_XLE,-0.012429470604444975,-0.012429470604444975,0.9147892724486963,0.9147892724486963,0.0,0.0,0.9081140191044449,-0.012429470604444975
2023-03-21 00:00:00+00:00,20260201_193432_85ab9324_StateSignal_XLE,0.036288505843147405,0.036288505843147405,0.9479856083071995,0.9479856083071995,0.0,0.0,0.9081140191044449,0.036288505843147405
2023-03-22 00:00:00+00:00,20260201_193432_85ab9324_StateSignal_XLE,0.012192973125693693,0.012192973125693693,0.9595443713528337,0.9595443713528337,0.0,0.0,0.9081140191044449,0.012192973125693693
2023-03-23 00:00:00+00:00,20260201_193432_85ab9324_StateSignal_XLE,-0.016210072378901017,-0.016210072378901017,0.9439900876424371,0.9439900876424371,0.0,0.0,0.9081140191044449,-0.016210072378901017
2023-03-24 00:00:00+00:00,20260201_193432_85ab9324_StateSignal_XLE,-0.033837120803842234,-0.033837120803842234,0.9120481810092503,0.9120481810092503,0.0,0.0,0.9081140191044449,-0.033837120803842234
2023-03-27 00:00:00+00:00,20260201_193432_85ab9324_StateSignal_XLE,0.030812591716240127,0.030812591716240127,0.9401507492362278,0.9401507492362278,0.0,0.0,0.9081140191044449,0.030812591716240127
2023-03-28 00:00:00+00:00,20260201_193432_85ab9324_StateSignal_XLE,0.006039018226153694,0.006039018226153694,0.9458283367461973,0.9458283367461973,0.0,0.0,0.9081140191044449,0.006039018226153694
2023-03-29 00:00:00+00:00,20260201_193432_85ab9324_StateSignal_XLE,0.026932848186902655,0.026932848186902655,0.9713021877506532,0.9713021877506532,0.0,0.0,0.9081140191044449,0.026932848186902655
2023-03-30 00:00:00+00:00,20260201_193432_85ab9324_StateSignal_XLE,0.010168271739724368,0.010168271739724368,0.9811786523370908,0.9811786523370908,0.0,0.0,0.9081140191044449,0.010168271739724368
2023-03-31 00:00:00+00:00,20260201_193432_85ab9324_StateSignal_XLE,-0.001502309164202821,-0.001502309164202821,0.9797046186559646,0.9797046186559646,0.0,0.0,0.7075873505380889,-0.001502309164202821
2023-04-03 00:00:00+00:00,20260201_193432_85ab9324_StateSignal_XLE,0.032335681661300276,0.032335681661300276,1.0113840353269294,1.0113840353269294,0.0,0.0,0.7075873505380889,0.032335681661300276
2023-04-04 00:00:00+00:00,20260201_193432_85ab9324_StateSignal_XLE,0.0035827284164071977,0.0035827284164071977,1.0150075496501958,1.0150075496501958,0.0,0.0,0.7075873505380889,0.0035827284164071977
2023-04-05 00:00:00+00:00,20260201_193432_85ab9324_StateSignal_XLE,-0.012801649183963574,-0.012801649183963574,1.0020137790804995,1.0020137790804995,0.0,0.0,0.7075873505380889,-0.012801649183963574
2023-04-06 00:00:00+00:00,20260201_193432_85ab9324_StateSignal_XLE,0.00975748784965586,0.00975748784965586,1.0117909163550651,1.0117909163550651,0.0,0.0,0.7075873505380889,0.00975748784965586
2023-04-10 00:00:00+00:00,20260201_193432_85ab9324_StateSignal_XLE,-0.008121867202307414,-0.008121867202307414,1.0035732848959282,1.0035732848959282,0.0,0.0,0.7075873505380889,-0.008121867202307414
2023-04-11 00:00:00+00:00,20260201_193432_85ab9324_StateSignal_XLE,0.006145113953270319,0.006145113953270319,1.0097403570920713,1.0097403570920713,0.0,0.0,0.7075873505380889,0.006145113953270319
2023-04-12 00:00:00+00:00,20260201_193432_85ab9324_StateSignal_XLE,0.007161876430145035,0.007161876430145035,1.0169719927560954,1.0169719927560954,0.0,0.0,0.7075873505380889,0.007161876430145035
2023-04-13 00:00:00+00:00,20260201_193432_85ab9324_StateSignal_XLE,-0.004826306058541426,-0.004826306058541426,1.0120637746660897,1.0120637746660897,0.0,0.0,0.7075873505380889,-0.004826306058541426
2023-04-14 00:00:00+00:00,20260201_193432_85ab9324_StateSignal_XLE,0.008734656871829592,0.008734656871829592,1.0209038044702066,1.0209038044702066,0.0,0.0,0.7075873505380889,0.008734656871829592
2023-04-17 00:00:00+00:00,20260201_193432_85ab9324_StateSignal_XLE,-0.0028402942323299788,-0.0028402942323299788,1.018004137282606,1.018004137282606,0.0,0.0,0.7075873505380889,-0.0028402942323299788
2023-04-18 00:00:00+00:00,20260201_193432_85ab9324_StateSignal_XLE,-0.010031786163388564,-0.010031786163388564,1.0077917374639422,1.0077917374639422,0.0,0.0,0.7075873505380889,-0.010031786163388564
2023-04-19 00:00:00+00:00,20260201_193432_85ab9324_StateSignal_XLE,0.0,0.0,1.0077917374639422,1.0077917374639422,0.0,0.0,0.0,-0.0
2023-04-20 00:00:00+00:00,20260201_193432_85ab9324_StateSignal_XLE,0.0,0.0,1.0077917374639422,1.0077917374639422,0.0,0.0,0.0,-0.0
2023-04-21 00:00:00+00:00,20260201_193432_85ab9324_StateSignal_XLE,0.0,0.0,1.0077917374639422,1.0077917374639422,0.0,0.0,0.0,0.0
2023-04-24 00:00:00+00:00,20260201_193432_85ab9324_StateSignal_XLE,0.0,0.0,1.0077917374639422,1.0077917374639422,0.0,0.0,0.0,-0.0
2023-04-25 00:00:00+00:00,20260201_193432_85ab9324_StateSignal_XLE,0.0,0.0,1.0077917374639422,1.0077917374639422,0.0,0.0,0.0,0.0
2023-04-26 00:00:00+00:00,20260201_193432_85ab9324_StateSignal_XLE,0.0,0.0,1.0077917374639422,1.0077917374639422,0.0,0.0,0.0,-0.0
2023-04-27 00:00:00+00:00,20260201_193432_85ab9324_StateSignal_XLE,0.0,0.0,1.0077917374639422,1.0077917374639422,0.0,0.0,0.0,-0.0
2023-04-28 00:00:00+00:00,20260201_193432_85ab9324_StateSignal_XLE,0.0,0.0,1.0077917374639422,1.0077917374639422,0.0,0.0,0.0,0.0
2023-05-01 00:00:00+00:00,20260201_193432_85ab9324_StateSignal_XLE,0.0,0.0,1.0077917374639422,1.0077917374639422,0.0,0.0,0.0,0.0
2023-05-02 00:00:00+00:00,20260201_193432_85ab9324_StateSignal_XLE,0.0,0.0,1.0077917374639422,1.0077917374639422,0.0,0.0,0.0,-0.0
2023-05-03 00:00:00+00:00,20260201_193432_85ab9324_StateSignal_XLE,-0.03993181095442247,-0.03993181095442247,0.9675487883221031,0.9675487883221031,0.0,0.0,0.8471961885034672,-0.03993181095442247
2023-05-04 00:00:00+00:00,20260201_193432_85ab9324_StateSignal_XLE,-0.00374658958198975,-0.00374658958198975,0.9639237801117088,0.9639237801117088,0.0,0.0,0.8471961885034672,-0.00374658958198975
2023-05-05 00:00:00+00:00,20260201_193432_85ab9324_StateSignal_XLE,0.011190426057744837,0.011190426057744837,0.9747104978983507,0.9747104978983507,0.0,0.0,0.8471961885034672,0.011190426057744837
2023-05-08 00:00:00+00:00,20260201_193432_85ab9324_StateSignal_XLE,0.015149400806320688,0.015149400806320688,0.9894767779011412,0.9894767779011412,0.0,0.0,0.8471961885034672,0.015149400806320688
2023-05-09 00:00:00+00:00,20260201_193432_85ab9324_StateSignal_XLE,-0.02142581779391229,-0.02142581779391229,0.968276428746524,0.968276428746524,0.0,0.0,0.8471961885034672,-0.02142581779391229
2023-05-10 00:00:00+00:00,20260201_193432_85ab9324_StateSignal_XLE,0.01204674435228757,0.01204674435228757,0.9799410073459793,0.9799410073459793,0.0,0.0,0.8471961885034672,0.01204674435228757
2023-05-11 00:00:00+00:00,20260201_193432_85ab9324_StateSignal_XLE,-0.024740820404210835,-0.024740820404210835,0.955696462876511,0.955696462876511,0.0,0.0,0.8471961885034672,-0.024740820404210835
2023-05-12 00:00:00+00:00,20260201_193432_85ab9324_StateSignal_XLE,0.0,0.0,0.955696462876511,0.955696462876511,0.0,0.0,0.0,0.0
2023-05-15 00:00:00+00:00,20260201_193432_85ab9324_StateSignal_XLE,0.0,0.0,0.955696462876511,0.955696462876511,0.0,0.0,0.0,-0.0
2023-05-16 00:00:00+00:00,20260201_193432_85ab9324_StateSignal_XLE,0.0,0.0,0.955696462876511,0.955696462876511,0.0,0.0,0.0,0.0
2023-05-17 00:00:00+00:00,20260201_193432_85ab9324_StateSignal_XLE,0.0,0.0,0.955696462876511,0.955696462876511,0.0,0.0,0.0,-0.0
2023-05-18 00:00:00+00:00,20260201_193432_85ab9324_StateSignal_XLE,0.0,0.0,0.955696462876511,0.955696462876511,0.0,0.0,0.0,0.0
2023-05-19 00:00:00+00:00,20260201_193432_85ab9324_StateSignal_XLE,0.0,0.0,0.955696462876511,0.955696462876511,0.0,0.0,0.0,0.0
2023-05-22 00:00:00+00:00,20260201_193432_85ab9324_StateSignal_XLE,0.0,0.0,0.955696462876511,0.955696462876511,0.0,0.0,0.0,-0.0
2023-05-23 00:00:00+00:00,20260201_193432_85ab9324_StateSignal_XLE,0.0,0.0,0.955696462876511,0.955696462876511,0.0,0.0,0.0,0.0
2023-05-24 00:00:00+00:00,20260201_193432_85ab9324_StateSignal_XLE,0.0,0.0,0.955696462876511,0.955696462876511,0.0,0.0,0.0,0.0
2023-05-25 00:00:00+00:00,20260201_193432_85ab9324_StateSignal_XLE,0.0,0.0,0.955696462876511,0.955696462876511,0.0,0.0,0.0,-0.0
2023-05-26 00:00:00+00:00,20260201_193432_85ab9324_StateSignal_XLE,0.0,0.0,0.955696462876511,0.955696462876511,0.0,0.0,0.0,0.0
2023-05-30 00:00:00+00:00,20260201_193432_85ab9324_StateSignal_XLE,0.0,0.0,0.955696462876511,0.955696462876511,0.0,0.0,0.0,-0.0
2023-05-31 00:00:00+00:00,20260201_193432_85ab9324_StateSignal_XLE,0.0,0.0,0.955696462876511,0.955696462876511,0.0,0.0,0.0,-0.0
2023-06-01 00:00:00+00:00,20260201_193432_85ab9324_StateSignal_XLE,0.0,0.0,0.955696462876511,0.955696462876511,0.0,0.0,0.0,-0.0
2023-06-02 00:00:00+00:00,20260201_193432_85ab9324_StateSignal_XLE,0.0,0.0,0.955696462876511,0.955696462876511,0.0,0.0,0.0,0.0
2023-06-05 00:00:00+00:00,20260201_193432_85ab9324_StateSignal_XLE,0.0,0.0,0.955696462876511,0.955696462876511,0.0,0.0,0.0,0.0
2023-06-06 00:00:00+00:00,20260201_193432_85ab9324_StateSignal_XLE,0.0,0.0,0.955696462876511,0.955696462876511,0.0,0.0,0.0,-0.0
2023-06-07 00:00:00+00:00,20260201_193432_85ab9324_StateSignal_XLE,0.0,0.0,0.955696462876511,0.955696462876511,0.0,0.0,0.0,0.0
2023-06-08 00:00:00+00:00,20260201_193432_85ab9324_StateSignal_XLE,0.012477007955892079,0.012477007955892079,0.967620695247239,0.967620695247239,0.0,0.0,0.5790667286751329,0.012477007955892079
2023-06-09 00:00:00+00:00,20260201_193432_85ab9324_StateSignal_XLE,0.0,0.0,0.967620695247239,0.967620695247239,0.0,0.0,0.0,-0.0
2023-06-12 00:00:00+00:00,20260201_193432_85ab9324_StateSignal_XLE,0.0,0.0,0.967620695247239,0.967620695247239,0.0,0.0,0.0,-0.0
2023-06-13 00:00:00+00:00,20260201_193432_85ab9324_StateSignal_XLE,0.0,0.0,0.967620695247239,0.967620695247239,0.0,0.0,0.0,0.0
2023-06-14 00:00:00+00:00,20260201_193432_85ab9324_StateSignal_XLE,0.0,0.0,0.967620695247239,0.967620695247239,0.0,0.0,0.0,0.0
2023-06-15 00:00:00+00:00,20260201_193432_85ab9324_StateSignal_XLE,0.0,0.0,0.967620695247239,0.967620695247239,0.0,0.0,0.0,-0.0
2023-06-16 00:00:00+00:00,20260201_193432_85ab9324_StateSignal_XLE,0.0,0.0,0.967620695247239,0.967620695247239,0.0,0.0,0.0,0.0
2023-06-20 00:00:00+00:00,20260201_193432_85ab9324_StateSignal_XLE,0.0,0.0,0.967620695247239,0.967620695247239,0.0,0.0,0.0,-0.0
2023-06-21 00:00:00+00:00,20260201_193432_85ab9324_StateSignal_XLE,0.0,0.0,0.967620695247239,0.967620695247239,0.0,0.0,0.0,-0.0
2023-06-22 00:00:00+00:00,20260201_193432_85ab9324_StateSignal_XLE,0.0,0.0,0.967620695247239,0.967620695247239,0.0,0.0,0.0,-0.0
2023-06-23 00:00:00+00:00,20260201_193432_85ab9324_StateSignal_XLE,0.0,0.0,0.967620695247239,0.967620695247239,0.0,0.0,0.0,-0.0
2023-06-26 00:00:00+00:00,20260201_193432_85ab9324_StateSignal_XLE,0.0,0.0,0.967620695247239,0.967620695247239,0.0,0.0,0.0,0.0
2023-06-27 00:00:00+00:00,20260201_193432_85ab9324_StateSignal_XLE,0.0,0.0,0.967620695247239,0.967620695247239,0.0,0.0,0.0,0.0
2023-06-28 00:00:00+00:00,20260201_193432_85ab9324_StateSignal_XLE,0.0,0.0,0.967620695247239,0.967620695247239,0.0,0.0,0.0,0.0
2023-06-29 00:00:00+00:00,20260201_193432_85ab9324_StateSignal_XLE,0.0,0.0,0.967620695247239,0.967620695247239,0.0,0.0,0.0,0.0
2023-06-30 00:00:00+00:00,20260201_193432_85ab9324_StateSignal_XLE,0.0,0.0,0.967620695247239,0.967620695247239,0.0,0.0,0.0,0.0
2023-07-03 00:00:00+00:00,20260201_193432_85ab9324_StateSignal_XLE,0.0,0.0,0.967620695247239,0.967620695247239,0.0,0.0,0.0,0.0
2023-07-05 00:00:00+00:00,20260201_193432_85ab9324_StateSignal_XLE,0.0,0.0,0.967620695247239,0.967620695247239,0.0,0.0,0.0,0.0
2023-07-06 00:00:00+00:00,20260201_193432_85ab9324_StateSignal_XLE,0.0,0.0,0.967620695247239,0.967620695247239,0.0,0.0,0.0,-0.0
2023-07-07 00:00:00+00:00,20260201_193432_85ab9324_StateSignal_XLE,0.0,0.0,0.967620695247239,0.967620695247239,0.0,0.0,0.0,-0.0
2023-07-10 00:00:00+00:00,20260201_193432_85ab9324_StateSignal_XLE,0.0,0.0,0.967620695247239,0.967620695247239,0.0,0.0,0.0,0.0
2023-07-11 00:00:00+00:00,20260201_193432_85ab9324_StateSignal_XLE,0.0,0.0,0.967620695247239,0.967620695247239,0.0,0.0,0.0,0.0
2023-07-12 00:00:00+00:00,20260201_193432_85ab9324_StateSignal_XLE,0.0,0.0,0.967620695247239,0.967620695247239,0.0,0.0,0.0,0.0
2023-07-13 00:00:00+00:00,20260201_193432_85ab9324_StateSignal_XLE,0.0,0.0,0.967620695247239,0.967620695247239,0.0,0.0,0.0,0.0
2023-07-14 00:00:00+00:00,20260201_193432_85ab9324_StateSignal_XLE,0.0,0.0,0.967620695247239,0.967620695247239,0.0,0.0,0.0,-0.0
2023-07-17 00:00:00+00:00,20260201_193432_85ab9324_StateSignal_XLE,0.0,0.0,0.967620695247239,0.967620695247239,0.0,0.0,0.0,-0.0
2023-07-18 00:00:00+00:00,20260201_193432_85ab9324_StateSignal_XLE,0.0,0.0,0.967620695247239,0.967620695247239,0.0,0.0,0.0,-0.0
2023-07-19 00:00:00+00:00,20260201_193432_85ab9324_StateSignal_XLE,0.0,0.0,0.967620695247239,0.967620695247239,0.0,0.0,0.0,0.0
2023-07-20 00:00:00+00:00,20260201_193432_85ab9324_StateSignal_XLE,0.0,0.0,0.967620695247239,0.967620695247239,0.0,0.0,0.0,0.0
2023-07-21 00:00:00+00:00,20260201_193432_85ab9324_StateSignal_XLE,0.0,0.0,0.967620695247239,0.967620695247239,0.0,0.0,0.0,0.0
2023-07-24 00:00:00+00:00,20260201_193432_85ab9324_StateSignal_XLE,0.0,0.0,0.967620695247239,0.967620695247239,0.0,0.0,0.0,0.0
2023-07-25 00:00:00+00:00,20260201_193432_85ab9324_StateSignal_XLE,0.0,0.0,0.967620695247239,0.967620695247239,0.0,0.0,0.0,0.0
2023-07-26 00:00:00+00:00,20260201_193432_85ab9324_StateSignal_XLE,0.0,0.0,0.967620695247239,0.967620695247239,0.0,0.0,0.0,-0.0
2023-07-27 00:00:00+00:00,20260201_193432_85ab9324_StateSignal_XLE,0.0,0.0,0.967620695247239,0.967620695247239,0.0,0.0,0.0,0.0
2023-07-28 00:00:00+00:00,20260201_193432_85ab9324_StateSignal_XLE,0.0,0.0,0.967620695247239,0.967620695247239,0.0,0.0,0.0,-0.0
2023-07-31 00:00:00+00:00,20260201_193432_85ab9324_StateSignal_XLE,0.0,0.0,0.967620695247239,0.967620695247239,0.0,0.0,0.0,0.0
2023-08-01 00:00:00+00:00,20260201_193432_85ab9324_StateSignal_XLE,0.0,0.0,0.967620695247239,0.967620695247239,0.0,0.0,0.0,0.0
2023-08-02 00:00:00+00:00,20260201_193432_85ab9324_StateSignal_XLE,-0.005995273307887792,-0.005995273307887792,0.9618195447208635,0.9618195447208635,0.0,0.0,0.7989663405635143,-0.005995273307887792
2023-08-03 00:00:00+00:00,20260201_193432_85ab9324_StateSignal_XLE,-0.0028132646691997345,-0.0028132646691997345,0.9591136917775546,0.9591136917775546,0.0,0.0,0.7989663405635143,-0.0028132646691997345
2023-08-04 00:00:00+00:00,20260201_193432_85ab9324_StateSignal_XLE,0.008011762702313829,0.008011762702313829,0.9667978830806164,0.9667978830806164,0.0,0.0,0.7989663405635143,0.008011762702313829
2023-08-07 00:00:00+00:00,20260201_193432_85ab9324_StateSignal_XLE,0.002387946008428492,0.002387946008428492,0.9691065442264758,0.9691065442264758,0.0,0.0,0.7989663405635143,0.002387946008428492
2023-08-08 00:00:00+00:00,20260201_193432_85ab9324_StateSignal_XLE,-0.015043114284170031,-0.015043114284170031,0.9545281637281399,0.9545281637281399,0.0,0.0,0.7989663405635143,-0.015043114284170031
2023-08-09 00:00:00+00:00,20260201_193432_85ab9324_StateSignal_XLE,0.02314849617393424,0.02314849617393424,0.9766240552741132,0.9766240552741132,0.0,0.0,0.7989663405635143,0.02314849617393424
2023-08-10 00:00:00+00:00,20260201_193432_85ab9324_StateSignal_XLE,0.005488504786586187,0.005488504786586187,0.9819842610761804,0.9819842610761804,0.0,0.0,0.7989663405635143,0.005488504786586187
2023-08-11 00:00:00+00:00,20260201_193432_85ab9324_StateSignal_XLE,-0.0025435462714857022,-0.0025435462714857022,0.9794865386702625,0.9794865386702625,0.0,0.0,0.7989663405635143,-0.0025435462714857022
2023-08-14 00:00:00+00:00,20260201_193432_85ab9324_StateSignal_XLE,0.011286122336202074,0.011286122336202074,0.9905411435723581,0.9905411435723581,0.0,0.0,0.7989663405635143,0.011286122336202074
2023-08-15 00:00:00+00:00,20260201_193432_85ab9324_StateSignal_XLE,-0.007181332108103682,-0.007181332108103682,0.9834277386536242,0.9834277386536242,0.0,0.0,0.7989663405635143,-0.007181332108103682
2023-08-16 00:00:00+00:00,20260201_193432_85ab9324_StateSignal_XLE,-0.010005602431146648,-0.010005602431146648,0.9735879516808944,0.9735879516808944,0.0,0.0,0.7989663405635143,-0.010005602431146648
2023-08-17 00:00:00+00:00,20260201_193432_85ab9324_StateSignal_XLE,0.0029558536879477717,0.0029558536879477717,0.9764657352184118,0.9764657352184118,0.0,0.0,0.7989663405635143,0.0029558536879477717
2023-08-18 00:00:00+00:00,20260201_193432_85ab9324_StateSignal_XLE,-0.008502877589785934,-0.008502877589785934,0.9681629666012294,0.9681629666012294,0.0,0.0,0.7989663405635143,-0.008502877589785934
2023-08-21 00:00:00+00:00,20260201_193432_85ab9324_StateSignal_XLE,0.017888786887966694,0.017888786887966694,0.9854822275835804,0.9854822275835804,0.0,0.0,0.7989663405635143,0.017888786887966694
2023-08-22 00:00:00+00:00,20260201_193432_85ab9324_StateSignal_XLE,-0.00702907472613527,-0.00702907472613527,0.9785551993646172,0.9785551993646172,0.0,0.0,0.7989663405635143,-0.00702907472613527
2023-08-23 00:00:00+00:00,20260201_193432_85ab9324_StateSignal_XLE,-0.016045233323813232,-0.016045233323813232,0.9628540528705813,0.9628540528705813,0.0,0.0,0.7989663405635143,-0.016045233323813232
2023-08-24 00:00:00+00:00,20260201_193432_85ab9324_StateSignal_XLE,0.004588906567565369,0.004588906567565369,0.967272500157406,0.967272500157406,0.0,0.0,0.7989663405635143,0.004588906567565369
2023-08-25 00:00:00+00:00,20260201_193432_85ab9324_StateSignal_XLE,0.001986985208547515,0.001986985208547515,0.9691944563078534,0.9691944563078534,0.0,0.0,0.7989663405635143,0.001986985208547515
2023-08-28 00:00:00+00:00,20260201_193432_85ab9324_StateSignal_XLE,0.0023778777687957255,0.0023778777687957255,0.9714990822591479,0.9714990822591479,0.0,0.0,0.7989663405635143,0.0023778777687957255
2023-08-29 00:00:00+00:00,20260201_193432_85ab9324_StateSignal_XLE,0.007091463778904622,0.007091463778904622,0.9783884328122278,0.9783884328122278,0.0,0.0,0.7989663405635143,0.007091463778904622
2023-08-30 00:00:00+00:00,20260201_193432_85ab9324_StateSignal_XLE,0.0029363000361461856,0.0029363000361461856,0.9812612748028593,0.9812612748028593,0.0,0.0,0.7989663405635143,0.0029363000361461856
2023-08-31 00:00:00+00:00,20260201_193432_85ab9324_StateSignal_XLE,0.004879248518767643,0.004879248518767643,0.9860490924244651,0.9860490924244651,0.0,0.0,1.0,0.004879248518767643
2023-09-01 00:00:00+00:00,20260201_193432_85ab9324_StateSignal_XLE,0.007999073072119778,0.007999073072119778,0.9939365711674658,0.9939365711674658,0.0,0.0,1.0,0.007999073072119778
2023-09-05 00:00:00+00:00,20260201_193432_85ab9324_StateSignal_XLE,0.009610838033049518,0.009610838033049518,1.003489134568081,1.003489134568081,0.0,0.0,1.0,0.009610838033049518
2023-09-06 00:00:00+00:00,20260201_193432_85ab9324_StateSignal_XLE,0.002865331473286048,0.002865331473286048,1.0063644635684594,1.0063644635684594,0.0,0.0,1.0,0.002865331473286048
2023-09-07 00:00:00+00:00,20260201_193432_85ab9324_StateSignal_XLE,-0.00023846429110241374,-0.00023846429110241374,1.0061244815800638,1.0061244815800638,0.0,0.0,1.0,-0.00023846429110241374
2023-09-08 00:00:00+00:00,20260201_193432_85ab9324_StateSignal_XLE,0.006892481237503301,0.006892481237503301,1.0130591756919471,1.0130591756919471,0.0,0.0,1.0,0.006892481237503301
2023-09-11 00:00:00+00:00,20260201_193432_85ab9324_StateSignal_XLE,0.010836384013377831,0.010836384013377831,1.0240370739480211,1.0240370739480211,0.0,0.0,1.0,0.010836384013377831
2023-09-12 00:00:00+00:00,20260201_193432_85ab9324_StateSignal_XLE,-0.010126072630369798,-0.010126072630369798,1.013667600161032,1.013667600161032,0.0,0.0,1.0,-0.010126072630369798
2023-09-13 00:00:00+00:00,20260201_193432_85ab9324_StateSignal_XLE,0.015267472130788384,0.015267472130788384,1.0291437419963738,1.0291437419963738,0.0,0.0,1.0,0.015267472130788384
2023-09-14 00:00:00+00:00,20260201_193432_85ab9324_StateSignal_XLE,0.0002330730694621863,0.0002330730694621863,1.0293836076872387,1.0293836076872387,0.0,0.0,1.0,0.0002330730694621863
2023-09-15 00:00:00+00:00,20260201_193432_85ab9324_StateSignal_XLE,-0.0051401982335628205,-0.0051401982335628205,1.0240923718853463,1.0240923718853463,0.0,0.0,1.0,-0.0051401982335628205
2023-09-18 00:00:00+00:00,20260201_193432_85ab9324_StateSignal_XLE,0.0023397296588552052,0.0023397296588552052,1.0264884711812539,1.0264884711812539,0.0,0.0,1.0,0.0023397296588552052
2023-09-19 00:00:00+00:00,20260201_193432_85ab9324_StateSignal_XLE,0.0067544218594619565,0.0067544218594619565,1.0334218073494863,1.0334218073494863,0.0,0.0,1.0,0.0067544218594619565
2023-09-20 00:00:00+00:00,20260201_193432_85ab9324_StateSignal_XLE,-0.021586948055080768,-0.021586948055080768,1.0111133844752453,1.0111133844752453,0.0,0.0,1.0,-0.021586948055080768
2023-09-21 00:00:00+00:00,20260201_193432_85ab9324_StateSignal_XLE,0.0007113219031404938,0.0007113219031404938,1.0118326115721812,1.0118326115721812,0.0,0.0,1.0,0.0007113219031404938
2023-09-22 00:00:00+00:00,20260201_193432_85ab9324_StateSignal_XLE,-0.012161828691136023,-0.012161828691136023,0.9995268766861355,0.9995268766861355,0.0,0.0,1.0,-0.012161828691136023
2023-09-25 00:00:00+00:00,20260201_193432_85ab9324_StateSignal_XLE,-0.006016141355800642,-0.006016141355800642,0.9935135817070698,0.9935135817070698,0.0,0.0,1.0,-0.006016141355800642
2023-09-26 00:00:00+00:00,20260201_193432_85ab9324_StateSignal_XLE,0.004094911177907168,0.004094911177907168,0.9975819315782047,0.9975819315782047,0.0,0.0,1.0,0.004094911177907168
2023-09-27 00:00:00+00:00,20260201_193432_85ab9324_StateSignal_XLE,0.01384600778341083,0.01384600778341083,1.0113944587674266,1.0113944587674266,0.0,0.0,1.0,0.01384600778341083
2023-09-28 00:00:00+00:00,20260201_193432_85ab9324_StateSignal_XLE,0.010612055726490155,0.010612055726490155,1.0221274331253298,1.0221274331253298,0.0,0.0,1.0,0.010612055726490155
2023-09-29 00:00:00+00:00,20260201_193432_85ab9324_StateSignal_XLE,0.0032786914616984575,0.0032786914616984575,1.0254786736130856,1.0254786736130856,0.0,0.0,1.0,0.0032786914616984575
2023-10-02 00:00:00+00:00,20260201_193432_85ab9324_StateSignal_XLE,-0.019120138710720713,-0.019120138710720713,1.0058713791287175,1.0058713791287175,0.0,0.0,1.0,-0.019120138710720713
2023-10-03 00:00:00+00:00,20260201_193432_85ab9324_StateSignal_XLE,-0.023388649011850227,-0.023388649011850227,0.9823454064912102,0.9823454064912102,0.0,0.0,1.0,-0.023388649011850227
2023-10-04 00:00:00+00:00,20260201_193432_85ab9324_StateSignal_XLE,-0.012520109537036195,-0.012520109537036195,0.9700463343987359,0.9700463343987359,0.0,0.0,1.0,-0.012520109537036195
2023-10-05 00:00:00+00:00,20260201_193432_85ab9324_StateSignal_XLE,-0.016515025997357602,-0.016515025997357602,0.9540259939674993,0.9540259939674993,0.0,0.0,0.5582511396486393,-0.016515025997357602
2023-10-06 00:00:00+00:00,20260201_193432_85ab9324_StateSignal_XLE,0.005090471195829515,0.005090471195829515,0.9588824358098635,0.9588824358098635,0.0,0.0,0.5582511396486393,0.005090471195829515
2023-10-09 00:00:00+00:00,20260201_193432_85ab9324_StateSignal_XLE,0.017868886112203813,0.017868886112203813,0.9760165968503426,0.9760165968503426,0.0,0.0,0.5582511396486393,0.017868886112203813
2023-10-10 00:00:00+00:00,20260201_193432_85ab9324_StateSignal_XLE,0.0021769509025911177,0.0021769509025911177,0.9781413370617998,0.9781413370617998,0.0,0.0,0.5582511396486393,0.0021769509025911177
2023-10-11 00:00:00+00:00,20260201_193432_85ab9324_StateSignal_XLE,-0.006419105236645811,-0.006419105236645811,0.9718625448828867,0.9718625448828867,0.0,0.0,0.5582511396486393,-0.006419105236645811
2023-10-12 00:00:00+00:00,20260201_193432_85ab9324_StateSignal_XLE,0.005739719562374121,0.005739719562374121,0.9774407633436897,0.9774407633436897,0.0,0.0,0.5582511396486393,0.005739719562374121
2023-10-13 00:00:00+00:00,20260201_193432_85ab9324_StateSignal_XLE,0.0037939543867423226,0.0037939543867423226,0.9811491290155582,0.9811491290155582,0.0,0.0,0.5582511396486393,0.0037939543867423226
2023-10-16 00:00:00+00:00,20260201_193432_85ab9324_StateSignal_XLE,0.002828640129015954,0.002828640129015954,0.9839244468144406,0.9839244468144406,0.0,0.0,0.5582511396486393,0.002828640129015954
2023-10-17 00:00:00+00:00,20260201_193432_85ab9324_StateSignal_XLE,0.003882803289217608,0.003882803289217608,0.9877448318928732,0.9877448318928732,0.0,0.0,0.5582511396486393,0.003882803289217608
2023-10-18 00:00:00+00:00,20260201_193432_85ab9324_StateSignal_XLE,0.008605962930830626,0.008605962930830626,0.9962453273012628,0.9962453273012628,0.0,0.0,0.5582511396486393,0.008605962930830626
2023-10-19 00:00:00+00:00,20260201_193432_85ab9324_StateSignal_XLE,0.0003940132898409473,0.0003940132898409473,0.9966378612001615,0.9966378612001615,0.0,0.0,0.5582511396486393,0.0003940132898409473
2023-10-20 00:00:00+00:00,20260201_193432_85ab9324_StateSignal_XLE,-0.00026264462476870197,-0.00026264462476870197,0.9963760996230764,0.9963760996230764,0.0,0.0,0.5582511396486393,-0.00026264462476870197
2023-10-23 00:00:00+00:00,20260201_193432_85ab9324_StateSignal_XLE,-0.012351486593290743,-0.012351486593290743,0.9840693735867067,0.9840693735867067,0.0,0.0,0.5582511396486393,-0.012351486593290743
2023-10-24 00:00:00+00:00,20260201_193432_85ab9324_StateSignal_XLE,-0.003367431731052444,-0.003367431731052444,0.9807555871525339,0.9807555871525339,0.0,0.0,0.5582511396486393,-0.003367431731052444
2023-10-25 00:00:00+00:00,20260201_193432_85ab9324_StateSignal_XLE,-0.010363533240432894,-0.010363533240432894,0.9705914940243383,0.9705914940243383,0.0,0.0,0.5582511396486393,-0.010363533240432894
2023-10-26 00:00:00+00:00,20260201_193432_85ab9324_StateSignal_XLE,-0.005671786299167942,-0.005671786299167942,0.9650865064864421,0.9650865064864421,0.0,0.0,0.5582511396486393,-0.005671786299167942
2023-10-27 00:00:00+00:00,20260201_193432_85ab9324_StateSignal_XLE,0.00024903499070294544,0.00024903499070294544,0.9653268467956125,0.9653268467956125,0.0,0.0,1.0,0.00024903499070294544
2023-10-30 00:00:00+00:00,20260201_193432_85ab9324_StateSignal_XLE,-0.009816273965514596,-0.009816273965514596,0.9558509340012005,0.9558509340012005,0.0,0.0,0.5582511396486393,-0.009816273965514596
2023-10-31 00:00:00+00:00,20260201_193432_85ab9324_StateSignal_XLE,0.0,0.0,0.9558509340012005,0.9558509340012005,0.0,0.0,0.894258371775434,0.0
2023-11-01 00:00:00+00:00,20260201_193432_85ab9324_StateSignal_XLE,0.005647728584987521,0.005647728584987521,0.9612493206441461,0.9612493206441461,0.0,0.0,0.894258371775434,0.005647728584987521
2023-11-02 00:00:00+00:00,20260201_193432_85ab9324_StateSignal_XLE,-0.005647728584987521,-0.005647728584987521,0.9558204453786444,0.9558204453786444,0.0,0.0,0.894258371775434,-0.005647728584987521
2023-11-03 00:00:00+00:00,20260201_193432_85ab9324_StateSignal_XLE,0.023263660730823185,0.023263660730823185,0.9780563279395176,0.9780563279395176,0.0,0.0,0.894258371775434,0.023263660730823185
2023-11-06 00:00:00+00:00,20260201_193432_85ab9324_StateSignal_XLE,0.0017646939555473254,0.0017646939555473254,0.9797822980296172,0.9797822980296172,0.0,0.0,0.894258371775434,0.0017646939555473254
2023-11-07 00:00:00+00:00,20260201_193432_85ab9324_StateSignal_XLE,-0.030711978571269432,-0.030711978571269432,0.9496912450880226,0.9496912450880226,0.0,0.0,0.894258371775434,-0.030711978571269432
2023-11-08 00:00:00+00:00,20260201_193432_85ab9324_StateSignal_XLE,-0.011476779337980464,-0.011476779337980464,0.9387918482289355,0.9387918482289355,0.0,0.0,0.894258371775434,-0.011476779337980464
2023-11-09 00:00:00+00:00,20260201_193432_85ab9324_StateSignal_XLE,-0.0011558207267234138,-0.0011558207267234138,0.9377067731526735,0.9377067731526735,0.0,0.0,0.894258371775434,-0.0011558207267234138
2023-11-10 00:00:00+00:00,20260201_193432_85ab9324_StateSignal_XLE,0.0006936716870963707,0.0006936716870963707,0.9383572337920081,0.9383572337920081,0.0,0.0,0.894258371775434,0.0006936716870963707
2023-11-13 00:00:00+00:00,20260201_193432_85ab9324_StateSignal_XLE,0.0018471648638916064,0.0018471648638916064,0.9400905343040472,0.9400905343040472,0.0,0.0,0.894258371775434,0.0018471648638916064
2023-11-14 00:00:00+00:00,20260201_193432_85ab9324_StateSignal_XLE,0.009179022049659376,0.009179022049659376,0.9487196460471002,0.9487196460471002,0.0,0.0,0.894258371775434,0.009179022049659376
2023-11-15 00:00:00+00:00,20260201_193432_85ab9324_StateSignal_XLE,0.0020523597803560815,0.0020523597803560815,0.950666760091481,0.950666760091481,0.0,0.0,0.894258371775434,0.0020523597803560815
2023-11-16 00:00:00+00:00,20260201_193432_85ab9324_StateSignal_XLE,-0.007778198088288692,-0.007778198088288692,0.9432722857155378,0.9432722857155378,0.0,0.0,0.894258371775434,-0.007778198088288692
2023-11-17 00:00:00+00:00,20260201_193432_85ab9324_StateSignal_XLE,-0.0018400384511992043,-0.0018400384511992043,0.9415366284398706,0.9415366284398706,0.0,0.0,0.894258371775434,-0.0018400384511992043
2023-11-20 00:00:00+00:00,20260201_193432_85ab9324_StateSignal_XLE,0.015068279036428506,0.015068279036428506,0.9557239650802207,0.9557239650802207,0.0,0.0,0.894258371775434,0.015068279036428506
2023-11-21 00:00:00+00:00,20260201_193432_85ab9324_StateSignal_XLE,-0.006361620936503843,-0.006361620936503843,0.949644011494448,0.949644011494448,0.0,0.0,0.894258371775434,-0.006361620936503843
2023-11-22 00:00:00+00:00,20260201_193432_85ab9324_StateSignal_XLE,-0.01703400781975461,-0.01703400781975461,0.9334677679766684,0.9334677679766684,0.0,0.0,0.894258371775434,-0.01703400781975461
2023-11-24 00:00:00+00:00,20260201_193432_85ab9324_StateSignal_XLE,0.017261989560129056,0.017261989560129056,0.9495812788421987,0.9495812788421987,0.0,0.0,0.894258371775434,0.017261989560129056
2023-11-27 00:00:00+00:00,20260201_193432_85ab9324_StateSignal_XLE,0.0002279236336476378,0.0002279236336476378,0.949797710857716,0.949797710857716,0.0,0.0,0.894258371775434,0.0002279236336476378
2023-11-28 00:00:00+00:00,20260201_193432_85ab9324_StateSignal_XLE,0.0036388997180889222,0.0036388997180889222,0.9532539294799977,0.9532539294799977,0.0,0.0,0.894258371775434,0.0036388997180889222
2023-11-29 00:00:00+00:00,20260201_193432_85ab9324_StateSignal_XLE,0.0033980726325408173,0.0033980726325408173,0.9564931555696257,0.9564931555696257,0.0,0.0,0.894258371775434,0.0033980726325408173
2023-11-30 00:00:00+00:00,20260201_193432_85ab9324_StateSignal_XLE,-0.004147761656076357,-0.004147761656076357,0.9525258499346545,0.9525258499346545,0.0,0.0,0.7790860575513049,-0.004147761656076357
2023-12-01 00:00:00+00:00,20260201_193432_85ab9324_StateSignal_XLE,-0.0033739609420415117,-0.0033739609420415117,0.94931206492069,0.94931206492069,0.0,0.0,0.7790860575513049,-0.0033739609420415117
2023-12-04 00:00:00+00:00,20260201_193432_85ab9324_StateSignal_XLE,-0.0009951285776913829,-0.0009951285776913829,0.9483673773557402,0.9483673773557402,0.0,0.0,0.7790860575513049,-0.0009951285776913829
2023-12-05 00:00:00+00:00,20260201_193432_85ab9324_StateSignal_XLE,0.002783163155192675,0.002783163155192675,0.9510068384979834,0.9510068384979834,0.0,0.0,0.7790860575513049,0.002783163155192675
2023-12-06 00:00:00+00:00,20260201_193432_85ab9324_StateSignal_XLE,-0.013208556754280093,-0.013208556754280093,0.9384454106979743,0.9384454106979743,0.0,0.0,0.7790860575513049,-0.013208556754280093
2023-12-07 00:00:00+00:00,20260201_193432_85ab9324_StateSignal_XLE,-0.00770776143250795,-0.00770776143250795,0.9312120973548823,0.9312120973548823,0.0,0.0,0.7790860575513049,-0.00770776143250795
2023-12-08 00:00:00+00:00,20260201_193432_85ab9324_StateSignal_XLE,-0.005318014215680599,-0.005318014215680599,0.9262598981833353,0.9262598981833353,0.0,0.0,0.7790860575513049,-0.005318014215680599
2023-12-11 00:00:00+00:00,20260201_193432_85ab9324_StateSignal_XLE,0.004093998162570041,0.004093998162570041,0.9300520045045603,0.9300520045045603,0.0,0.0,0.7790860575513049,0.004093998162570041
2023-12-12 00:00:00+00:00,20260201_193432_85ab9324_StateSignal_XLE,-0.006149093148853807,-0.006149093148853807,0.9243330280955835,0.9243330280955835,0.0,0.0,0.7790860575513049,-0.006149093148853807
2023-12-13 00:00:00+00:00,20260201_193432_85ab9324_StateSignal_XLE,-0.0026797536006313086,-0.0026797536006313086,0.9218560433353619,0.9218560433353619,0.0,0.0,0.7790860575513049,-0.0026797536006313086
2023-12-14 00:00:00+00:00,20260201_193432_85ab9324_StateSignal_XLE,0.010460441183616165,0.010460441183616165,0.9314990642564326,0.9314990642564326,0.0,0.0,0.7790860575513049,0.010460441183616165
2023-12-15 00:00:00+00:00,20260201_193432_85ab9324_StateSignal_XLE,0.014332600113629216,0.014332600113629216,0.9448498678506398,0.9448498678506398,0.0,0.0,0.7790860575513049,0.014332600113629216
2023-12-18 00:00:00+00:00,20260201_193432_85ab9324_StateSignal_XLE,0.015447560591796751,0.015447560591796751,0.9594454934344138,0.9594454934344138,0.0,0.0,0.7790860575513049,0.015447560591796751
2023-12-19 00:00:00+00:00,20260201_193432_85ab9324_StateSignal_XLE,-0.0035377328790418415,-0.0035377328790418415,0.9560512315666424,0.9560512315666424,0.0,0.0,0.7790860575513049,-0.0035377328790418415
2023-12-20 00:00:00+00:00,20260201_193432_85ab9324_StateSignal_XLE,0.009398488131493247,0.009398488131493247,0.9650366677196209,0.9650366677196209,0.0,0.0,0.7790860575513049,0.009398488131493247
2023-12-21 00:00:00+00:00,20260201_193432_85ab9324_StateSignal_XLE,-0.0076276136430780935,-0.0076276136430780935,0.9576757408668521,0.9576757408668521,0.0,0.0,0.7790860575513049,-0.0076276136430780935
2023-12-22 00:00:00+00:00,20260201_193432_85ab9324_StateSignal_XLE,0.006458984337633034,0.006458984337633034,0.9638613534776422,0.9638613534776422,0.0,0.0,0.7790860575513049,0.006458984337633034
2023-12-26 00:00:00+00:00,20260201_193432_85ab9324_StateSignal_XLE,0.0031124578027189494,0.0031124578027189494,0.9668613312680129,0.9668613312680129,0.0,0.0,0.7790860575513049,0.0031124578027189494
2023-12-27 00:00:00+00:00,20260201_193432_85ab9324_StateSignal_XLE,-0.0013601705419819172,-0.0013601705419819172,0.9655462349670407,0.9655462349670407,0.0,0.0,0.7790860575513049,-0.0013601705419819172
2023-12-28 00:00:00+00:00,20260201_193432_85ab9324_StateSignal_XLE,-0.005660427171723638,-0.005660427171723638,0.9600808308230778,0.9600808308230778,0.0,0.0,0.7790860575513049,-0.005660427171723638
2023-12-29 00:00:00+00:00,20260201_193432_85ab9324_StateSignal_XLE,-0.006689163808624236,-0.006689163808624236,0.9536586928761822,0.9536586928761822,0.0,0.0,0.7790860575513049,-0.006689163808624236
2024-01-02 00:00:00+00:00,20260201_193432_85ab9324_StateSignal_XLE,0.002355640093282252,0.002355640093282252,0.9559051695284285,0.9559051695284285,0.0,0.0,0.9300062116054497,0.002355640093282252
2024-01-03 00:00:00+00:00,20260201_193432_85ab9324_StateSignal_XLE,0.003522310276378916,0.003522310276378916,0.9592721641303021,0.9592721641303021,0.0,0.0,0.9300062116054497,0.003522310276378916
2024-01-04 00:00:00+00:00,20260201_193432_85ab9324_StateSignal_XLE,0.02177449000809543,0.02177449000809543,0.9801598262832014,0.9801598262832014,0.0,0.0,0.9300062116054497,0.02177449000809543
2024-01-05 00:00:00+00:00,20260201_193432_85ab9324_StateSignal_XLE,-0.015467755374858932,-0.015467755374858932,0.9649989538619886,0.9649989538619886,0.0,0.0,0.9300062116054497,-0.015467755374858932
2024-01-08 00:00:00+00:00,20260201_193432_85ab9324_StateSignal_XLE,-0.02309814843621636,-0.02309814843621636,0.9427092647848909,0.9427092647848909,0.0,0.0,0.9300062116054497,-0.02309814843621636
2024-01-09 00:00:00+00:00,20260201_193432_85ab9324_StateSignal_XLE,0.006421242160411605,0.006421242160411605,0.9487626292609382,0.9487626292609382,0.0,0.0,0.9300062116054497,0.006421242160411605
2024-01-10 00:00:00+00:00,20260201_193432_85ab9324_StateSignal_XLE,-0.015052452248395447,-0.015052452248395447,0.9344814250889258,0.9344814250889258,0.0,0.0,0.9300062116054497,-0.015052452248395447
2024-01-11 00:00:00+00:00,20260201_193432_85ab9324_StateSignal_XLE,-0.006041376393607437,-0.006041376393607437,0.928835871067129,0.928835871067129,0.0,0.0,0.9300062116054497,-0.006041376393607437
2024-01-12 00:00:00+00:00,20260201_193432_85ab9324_StateSignal_XLE,0.013956370649808529,0.013956370649808529,0.9417990487565795,0.9417990487565795,0.0,0.0,0.9300062116054497,0.013956370649808529
2024-01-16 00:00:00+00:00,20260201_193432_85ab9324_StateSignal_XLE,-0.0074333752855178,-0.0074333752855178,0.9347983029836282,0.9347983029836282,0.0,0.0,0.9300062116054497,-0.0074333752855178
2024-01-17 00:00:00+00:00,20260201_193432_85ab9324_StateSignal_XLE,-0.03083987384077462,-0.03083987384077462,0.9059692412530429,0.9059692412530429,0.0,0.0,0.9300062116054497,-0.03083987384077462
2024-01-18 00:00:00+00:00,20260201_193432_85ab9324_StateSignal_XLE,0.0032296227864213193,0.0032296227864213193,0.9088951801583905,0.9088951801583905,0.0,0.0,0.9300062116054497,0.0032296227864213193
2024-01-19 00:00:00+00:00,20260201_193432_85ab9324_StateSignal_XLE,-0.0032296227864213193,-0.0032296227864213193,0.9059597915740825,0.9059597915740825,0.0,0.0,0.9300062116054497,-0.0032296227864213193
2024-01-22 00:00:00+00:00,20260201_193432_85ab9324_StateSignal_XLE,0.0027334871589676994,0.0027334871589676994,0.9084362210308913,0.9084362210308913,0.0,0.0,0.9300062116054497,0.0027334871589676994
2024-01-23 00:00:00+00:00,20260201_193432_85ab9324_StateSignal_XLE,0.0024780356030912176,0.0024780356030912176,0.9106873583297433,0.9106873583297433,0.0,0.0,0.9300062116054497,0.0024780356030912176
2024-01-24 00:00:00+00:00,20260201_193432_85ab9324_StateSignal_XLE,0.009846637367588817,0.009846637367588817,0.9196545665024637,0.9196545665024637,0.0,0.0,0.9300062116054497,0.009846637367588817
2024-01-25 00:00:00+00:00,20260201_193432_85ab9324_StateSignal_XLE,0.015540935402570089,0.015540935402570089,0.9339468587131572,0.9339468587131572,0.0,0.0,0.9300062116054497,0.015540935402570089
2024-01-26 00:00:00+00:00,20260201_193432_85ab9324_StateSignal_XLE,0.012438540098098694,0.012438540098098694,0.9455637941647541,0.9455637941647541,0.0,0.0,0.9300062116054497,0.012438540098098694
2024-01-29 00:00:00+00:00,20260201_193432_85ab9324_StateSignal_XLE,0.006865292761077348,0.006865292761077348,0.9520553664359702,0.9520553664359702,0.0,0.0,0.9300062116054497,0.006865292761077348
2024-01-30 00:00:00+00:00,20260201_193432_85ab9324_StateSignal_XLE,-0.010913463433318692,-0.010913463433318692,0.9416651450078765,0.9416651450078765,0.0,0.0,0.9300062116054497,-0.010913463433318692
2024-01-31 00:00:00+00:00,20260201_193432_85ab9324_StateSignal_XLE,0.021233940923297143,0.021233940923297143,0.9616604070665017,0.9616604070665017,0.0,0.0,0.9300062116054497,0.021233940923297143
2024-02-01 00:00:00+00:00,20260201_193432_85ab9324_StateSignal_XLE,-0.012667991158540096,-0.012667991158540096,0.9494781015322652,0.9494781015322652,0.0,0.0,0.864465719941931,-0.012667991158540096
2024-02-02 00:00:00+00:00,20260201_193432_85ab9324_StateSignal_XLE,0.0015387823617030913,0.0015387823617030913,0.9509391416877263,0.9509391416877263,0.0,0.0,0.864465719941931,0.0015387823617030913
2024-02-05 00:00:00+00:00,20260201_193432_85ab9324_StateSignal_XLE,-0.010607074426136833,-0.010607074426136833,0.9408524594371179,0.9408524594371179,0.0,0.0,0.864465719941931,-0.010607074426136833
2024-02-06 00:00:00+00:00,20260201_193432_85ab9324_StateSignal_XLE,0.00642399006904254,0.00642399006904254,0.9468964862929763,0.9468964862929763,0.0,0.0,0.864465719941931,0.00642399006904254
2024-02-07 00:00:00+00:00,20260201_193432_85ab9324_StateSignal_XLE,0.001983984417817582,0.001983984417817582,0.9487751141670677,0.9487751141670677,0.0,0.0,0.864465719941931,0.001983984417817582
2024-02-08 00:00:00+00:00,20260201_193432_85ab9324_StateSignal_XLE,-0.0004404920961255436,-0.0004404920961255436,0.9483571862282766,0.9483571862282766,0.0,0.0,0.864465719941931,-0.0004404920961255436
2024-02-09 00:00:00+00:00,20260201_193432_85ab9324_StateSignal_XLE,0.00898552760253738,0.00898552760253738,0.9568786759021956,0.9568786759021956,0.0,0.0,0.864465719941931,0.00898552760253738
2024-02-12 00:00:00+00:00,20260201_193432_85ab9324_StateSignal_XLE,-0.009867185730915572,-0.009867185730915572,0.947436976285116,0.947436976285116,0.0,0.0,0.864465719941931,-0.009867185730915572
2024-02-13 00:00:00+00:00,20260201_193432_85ab9324_StateSignal_XLE,0.007465587287850172,0.007465587287850172,0.9545101497313094,0.9545101497313094,0.0,0.0,0.864465719941931,0.007465587287850172
2024-02-14 00:00:00+00:00,20260201_193432_85ab9324_StateSignal_XLE,-0.005043187812185469,-0.005043187812185469,0.9496963757775772,0.9496963757775772,0.0,0.0,0.864465719941931,-0.005043187812185469
2024-02-15 00:00:00+00:00,20260201_193432_85ab9324_StateSignal_XLE,-0.005958051520675985,-0.005958051520675985,0.9440380358416951,0.9440380358416951,0.0,0.0,0.864465719941931,-0.005958051520675985
2024-02-16 00:00:00+00:00,20260201_193432_85ab9324_StateSignal_XLE,0.026386296646844533,0.026386296646844533,0.9689477035013184,0.9689477035013184,0.0,0.0,0.864465719941931,0.026386296646844533
2024-02-20 00:00:00+00:00,20260201_193432_85ab9324_StateSignal_XLE,-0.0025811386778095526,-0.0025811386778095526,0.9664467151070365,0.9664467151070365,0.0,0.0,0.864465719941931,-0.0025811386778095526
2024-02-21 00:00:00+00:00,20260201_193432_85ab9324_StateSignal_XLE,-0.005619046963406244,-0.005619046963406244,0.9610162056272205,0.9610162056272205,0.0,0.0,0.864465719941931,-0.005619046963406244
2024-02-22 00:00:00+00:00,20260201_193432_85ab9324_StateSignal_XLE,0.008200185641215796,0.008200185641215796,0.9688967169175804,0.9688967169175804,0.0,0.0,0.864465719941931,0.008200185641215796
2024-02-23 00:00:00+00:00,20260201_193432_85ab9324_StateSignal_XLE,-0.0025811386778095526,-0.0025811386778095526,0.9663958601267417,0.9663958601267417,0.0,0.0,0.864465719941931,-0.0025811386778095526
2024-02-26 00:00:00+00:00,20260201_193432_85ab9324_StateSignal_XLE,0.0012915326903490361,0.0012915326903490361,0.9676439919719134,0.9676439919719134,0.0,0.0,0.864465719941931,0.0012915326903490361
2024-02-27 00:00:00+00:00,20260201_193432_85ab9324_StateSignal_XLE,0.006855773984291955,0.006855773984291955,0.974277940478131,0.974277940478131,0.0,0.0,0.864465719941931,0.006855773984291955
2024-02-28 00:00:00+00:00,20260201_193432_85ab9324_StateSignal_XLE,-0.004707498226761416,-0.004707498226761416,0.9696915288009574,0.9696915288009574,0.0,0.0,0.864465719941931,-0.004707498226761416
2024-02-29 00:00:00+00:00,20260201_193432_85ab9324_StateSignal_XLE,-0.00021458749519184545,-0.00021458749519184545,0.9694834451246832,0.9694834451246832,0.0,0.0,0.864465719941931,-0.00021458749519184545
2024-03-01 00:00:00+00:00,20260201_193432_85ab9324_StateSignal_XLE,0.00790447411111658,0.00790447411111658,0.9771467019178273,0.9771467019178273,0.0,0.0,0.864465719941931,0.00790447411111658
2024-03-04 00:00:00+00:00,20260201_193432_85ab9324_StateSignal_XLE,0.0022913932290025895,0.0022913932290025895,0.9793857292543439,0.9793857292543439,0.0,0.0,0.6664674312434629,0.0022913932290025895
2024-03-05 00:00:00+00:00,20260201_193432_85ab9324_StateSignal_XLE,-0.007558636698566846,-0.007558636698566846,0.9719829083391494,0.9719829083391494,0.0,0.0,0.6664674312434629,-0.007558636698566846
2024-03-06 00:00:00+00:00,20260201_193432_85ab9324_StateSignal_XLE,0.011306049314277446,0.011306049314277446,0.9829721950334666,0.9829721950334666,0.0,0.0,0.6664674312434629,0.011306049314277446
2024-03-07 00:00:00+00:00,20260201_193432_85ab9324_StateSignal_XLE,-0.0024415734886784578,-0.0024415734886784578,0.9805721961819648,0.9805721961819648,0.0,0.0,0.6664674312434629,-0.0024415734886784578
2024-03-08 00:00:00+00:00,20260201_193432_85ab9324_StateSignal_XLE,0.0032534476678239502,0.0032534476678239502,0.983762436506766,0.983762436506766,0.0,0.0,0.6664674312434629,0.0032534476678239502
2024-03-11 00:00:00+00:00,20260201_193432_85ab9324_StateSignal_XLE,0.0027529977988863773,0.0027529977988863773,0.9864707323290961,0.9864707323290961,0.0,0.0,0.6664674312434629,0.0027529977988863773
2024-03-12 00:00:00+00:00,20260201_193432_85ab9324_StateSignal_XLE,0.007392769757778287,0.007392769757778287,0.993763483325992,0.993763483325992,0.0,0.0,0.6664674312434629,0.007392769757778287
2024-03-13 00:00:00+00:00,20260201_193432_85ab9324_StateSignal_XLE,0.006362505899127637,0.006362505899127637,1.0000863093509913,1.0000863093509913,0.0,0.0,0.6664674312434629,0.006362505899127637
2024-03-14 00:00:00+00:00,20260201_193432_85ab9324_StateSignal_XLE,0.005988633906524929,0.005988633906524929,1.006075460132622,1.006075460132622,0.0,0.0,0.6664674312434629,0.005988633906524929
2024-03-15 00:00:00+00:00,20260201_193432_85ab9324_StateSignal_XLE,0.00281804830534644,0.00281804830534644,1.0089106293780994,1.0089106293780994,0.0,0.0,0.6664674312434629,0.00281804830534644
2024-03-18 00:00:00+00:00,20260201_193432_85ab9324_StateSignal_XLE,0.00714800552922945,0.00714800552922945,1.0161223281353924,1.0161223281353924,0.0,0.0,0.6664674312434629,0.00714800552922945
2024-03-19 00:00:00+00:00,20260201_193432_85ab9324_StateSignal_XLE,-0.0006185313030908591,-0.0006185313030908591,1.015493824667671,1.015493824667671,0.0,0.0,0.6664674312434629,-0.0006185313030908591
2024-03-20 00:00:00+00:00,20260201_193432_85ab9324_StateSignal_XLE,0.00339484028488177,0.00339484028488177,1.0189412640127016,1.0189412640127016,0.0,0.0,0.6664674312434629,0.00339484028488177
2024-03-21 00:00:00+00:00,20260201_193432_85ab9324_StateSignal_XLE,0.00245815836528127,0.00245815836528127,1.0214459830045646,1.0214459830045646,0.0,0.0,0.6664674312434629,0.00245815836528127
2024-03-22 00:00:00+00:00,20260201_193432_85ab9324_StateSignal_XLE,0.004737034815436437,0.004737034815436437,1.026284608188145,1.026284608188145,0.0,0.0,0.6664674312434629,0.004737034815436437
2024-03-25 00:00:00+00:00,20260201_193432_85ab9324_StateSignal_XLE,-0.0010667138480953832,-0.0010667138480953832,1.0251898561845034,1.0251898561845034,0.0,0.0,0.6664674312434629,-0.0010667138480953832
2024-03-26 00:00:00+00:00,20260201_193432_85ab9324_StateSignal_XLE,0.005770316835948127,0.005770316835948127,1.0311055264716882,1.0311055264716882,0.0,0.0,0.6664674312434629,0.005770316835948127
2024-03-27 00:00:00+00:00,20260201_193432_85ab9324_StateSignal_XLE,-0.00683874074934361,-0.00683874074934361,1.0240540630909327,1.0240540630909327,0.0,0.0,0.6664674312434629,-0.00683874074934361
2024-03-28 00:00:00+00:00,20260201_193432_85ab9324_StateSignal_XLE,0.011058810949452963,0.011058810949452963,1.0353788833766744,1.0353788833766744,0.0,0.0,0.6664674312434629,0.011058810949452963
2024-04-01 00:00:00+00:00,20260201_193432_85ab9324_StateSignal_XLE,0.0049395903221075435,0.0049395903221075435,1.0404932308887163,1.0404932308887163,0.0,0.0,0.6664674312434629,0.0049395903221075435
2024-04-02 00:00:00+00:00,20260201_193432_85ab9324_StateSignal_XLE,0.007562621806339094,0.007562621806339094,1.0483620876859836,1.0483620876859836,0.0,0.0,0.6664674312434629,0.007562621806339094
2024-04-03 00:00:00+00:00,20260201_193432_85ab9324_StateSignal_XLE,0.011001211061973493,0.011001211061973493,1.0598953402819882,1.0598953402819882,0.0,0.0,1.0,0.011001211061973493
2024-04-04 00:00:00+00:00,20260201_193432_85ab9324_StateSignal_XLE,0.005237899360793108,0.005237899360793108,1.0654469654073588,1.0654469654073588,0.0,0.0,1.0,0.005237899360793108
2024-04-05 00:00:00+00:00,20260201_193432_85ab9324_StateSignal_XLE,0.0013051992281427616,0.0013051992281427616,1.0668375859642356,1.0668375859642356,0.0,0.0,1.0,0.0013051992281427616
2024-04-08 00:00:00+00:00,20260201_193432_85ab9324_StateSignal_XLE,0.007364122515135296,0.007364122515135296,1.0746939086510274,1.0746939086510274,0.0,0.0,1.0,0.007364122515135296
2024-04-09 00:00:00+00:00,20260201_193432_85ab9324_StateSignal_XLE,-0.002376581004096323,-0.002376581004096323,1.0721398115225094,1.0721398115225094,0.0,0.0,1.0,-0.002376581004096323
2024-04-10 00:00:00+00:00,20260201_193432_85ab9324_StateSignal_XLE,-0.007163820933634657,-0.007163820933634657,1.0644591938969412,1.0644591938969412,0.0,0.0,1.0,-0.007163820933634657
2024-04-11 00:00:00+00:00,20260201_193432_85ab9324_StateSignal_XLE,0.009324582362057576,0.009324582362057576,1.0743848313214825,1.0743848313214825,0.0,0.0,1.0,0.009324582362057576
2024-04-12 00:00:00+00:00,20260201_193432_85ab9324_StateSignal_XLE,0.00366261316475347,0.00366261316475347,1.078319887348692,1.078319887348692,0.0,0.0,1.0,0.00366261316475347
2024-04-15 00:00:00+00:00,20260201_193432_85ab9324_StateSignal_XLE,-0.017791747245555545,-0.017791747245555545,1.0591346924631282,1.0591346924631282,0.0,0.0,1.0,-0.017791747245555545
2024-04-16 00:00:00+00:00,20260201_193432_85ab9324_StateSignal_XLE,-0.01700007824810834,-0.01700007824810834,1.0411293198159688,1.0411293198159688,0.0,0.0,1.0,-0.01700007824810834
2024-04-17 00:00:00+00:00,20260201_193432_85ab9324_StateSignal_XLE,-0.008497367766035602,-0.008497367766035602,1.03228246109349,1.03228246109349,0.0,0.0,1.0,-0.008497367766035602
2024-04-18 00:00:00+00:00,20260201_193432_85ab9324_StateSignal_XLE,0.001794929806562262,0.001794929806562262,1.0341353356516982,1.0341353356516982,0.0,0.0,1.0,0.001794929806562262
2024-04-19 00:00:00+00:00,20260201_193432_85ab9324_StateSignal_XLE,-0.004493379836162603,-0.004493379836162603,1.0294885727866177,1.0294885727866177,0.0,0.0,1.0,-0.004493379836162603
2024-04-22 00:00:00+00:00,20260201_193432_85ab9324_StateSignal_XLE,0.004269189722007738,0.004269189722007738,1.0338836548204826,1.0338836548204826,0.0,0.0,1.0,0.004269189722007738
2024-04-23 00:00:00+00:00,20260201_193432_85ab9324_StateSignal_XLE,0.007371864056050281,0.007371864056050281,1.0415053045735916,1.0415053045735916,0.0,0.0,1.0,0.007371864056050281
2024-04-24 00:00:00+00:00,20260201_193432_85ab9324_StateSignal_XLE,0.005770100341119466,0.005770100341119466,1.0475148946867894,1.0475148946867894,0.0,0.0,1.0,0.005770100341119466
2024-04-25 00:00:00+00:00,20260201_193432_85ab9324_StateSignal_XLE,0.006836502533716704,0.006836502533716704,1.0546762329184216,1.0546762329184216,0.0,0.0,1.0,0.006836502533716704
2024-04-26 00:00:00+00:00,20260201_193432_85ab9324_StateSignal_XLE,-0.007057814917047711,-0.007057814917047711,1.0472325232690742,1.0472325232690742,0.0,0.0,1.0,-0.007057814917047711
2024-04-29 00:00:00+00:00,20260201_193432_85ab9324_StateSignal_XLE,-0.0008857396504673432,-0.0008857396504673432,1.0463049478999558,1.0463049478999558,0.0,0.0,1.0,-0.0008857396504673432
2024-04-30 00:00:00+00:00,20260201_193432_85ab9324_StateSignal_XLE,0.0024338987565455383,0.0024338987565455383,1.048851548211617,1.048851548211617,0.0,0.0,1.0,0.0024338987565455383
2024-05-01 00:00:00+00:00,20260201_193432_85ab9324_StateSignal_XLE,-0.02687731776374669,-0.02687731776374669,1.0206612318633357,1.0206612318633357,0.0,0.0,1.0,-0.02687731776374669
2024-05-02 00:00:00+00:00,20260201_193432_85ab9324_StateSignal_XLE,-0.0011136735229973034,-0.0011136735229973034,1.0195245484734596,1.0195245484734596,0.0,0.0,0.13960619058167265,-0.0011136735229973034
2024-05-03 00:00:00+00:00,20260201_193432_85ab9324_StateSignal_XLE,0.00022344656286574417,0.00022344656286574417,1.0197523577295733,1.0197523577295733,0.0,0.0,0.13960619058167265,0.00022344656286574417
2024-05-06 00:00:00+00:00,20260201_193432_85ab9324_StateSignal_XLE,0.0031934333708223406,0.0031934333708223406,1.0230088689387216,1.0230088689387216,0.0,0.0,1.0,0.0031934333708223406
2024-05-07 00:00:00+00:00,20260201_193432_85ab9324_StateSignal_XLE,0.006356434569022351,0.006356434569022351,1.0295115578776601,1.0295115578776601,0.0,0.0,1.0,0.006356434569022351
2024-05-08 00:00:00+00:00,20260201_193432_85ab9324_StateSignal_XLE,-0.009549867939844692,-0.009549867939844692,1.0196798584573847,1.0196798584573847,0.0,0.0,1.0,-0.009549867939844692
2024-05-09 00:00:00+00:00,20260201_193432_85ab9324_StateSignal_XLE,0.00751113124999625,0.00751113124999625,1.0273388077072358,1.0273388077072358,0.0,0.0,1.0,0.00751113124999625
2024-05-10 00:00:00+00:00,20260201_193432_85ab9324_StateSignal_XLE,0.01351371916672317,0.01351371916672317,1.0412219758436676,1.0412219758436676,0.0,0.0,1.0,0.01351371916672317
2024-05-13 00:00:00+00:00,20260201_193432_85ab9324_StateSignal_XLE,-0.0038103822859123504,-0.0038103822859123504,1.0372545220712102,1.0372545220712102,0.0,0.0,1.0,-0.0038103822859123504
2024-05-14 00:00:00+00:00,20260201_193432_85ab9324_StateSignal_XLE,-0.007890921341640045,-0.007890921341640045,1.029069628226286,1.029069628226286,0.0,0.0,1.0,-0.007890921341640045
2024-05-15 00:00:00+00:00,20260201_193432_85ab9324_StateSignal_XLE,0.00022632115067766634,0.00022632115067766634,1.0293025284486734,1.0293025284486734,0.0,0.0,1.0,0.00022632115067766634
2024-05-16 00:00:00+00:00,20260201_193432_85ab9324_StateSignal_XLE,0.0020345886977874983,0.0020345886977874983,1.0313967357396592,1.0313967357396592,0.0,0.0,1.0,0.0020345886977874983
2024-05-17 00:00:00+00:00,20260201_193432_85ab9324_StateSignal_XLE,0.0013540963477294277,0.0013540963477294277,1.0327933462925842,1.0327933462925842,0.0,0.0,1.0,0.0013540963477294277
2024-05-20 00:00:00+00:00,20260201_193432_85ab9324_StateSignal_XLE,0.012550590560043151,0.012550590560043151,1.0457555127150393,1.0457555127150393,0.0,0.0,1.0,0.012550590560043151
2024-05-21 00:00:00+00:00,20260201_193432_85ab9324_StateSignal_XLE,-0.00872391172044562,-0.00872391172044562,1.0366324339409438,1.0366324339409438,0.0,0.0,1.0,-0.00872391172044562
2024-05-22 00:00:00+00:00,20260201_193432_85ab9324_StateSignal_XLE,-0.008574059746307316,-0.008574059746307316,1.0277442855173742,1.0277442855173742,0.0,0.0,1.0,-0.008574059746307316
2024-05-23 00:00:00+00:00,20260201_193432_85ab9324_StateSignal_XLE,-0.011394836145937504,-0.011394836145937504,1.01603330778398,1.01603330778398,0.0,0.0,1.0,-0.011394836145937504
2024-05-24 00:00:00+00:00,20260201_193432_85ab9324_StateSignal_XLE,-0.004824822685372432,-0.004824822685372432,1.01113112723149,1.01113112723149,0.0,0.0,1.0,-0.004824822685372432
2024-05-28 00:00:00+00:00,20260201_193432_85ab9324_StateSignal_XLE,-0.003229529911919826,-0.003229529911919826,1.0078656490112228,1.0078656490112228,0.0,0.0,1.0,-0.003229529911919826
2024-05-29 00:00:00+00:00,20260201_193432_85ab9324_StateSignal_XLE,0.0039202171731753666,0.0039202171731753666,1.01181670123673,1.01181670123673,0.0,0.0,1.0,0.0039202171731753666
2024-05-30 00:00:00+00:00,20260201_193432_85ab9324_StateSignal_XLE,-0.015540148057141767,-0.015540148057141767,0.9960929198928224,0.9960929198928224,0.0,0.0,1.0,-0.015540148057141767
2024-05-31 00:00:00+00:00,20260201_193432_85ab9324_StateSignal_XLE,0.003733088796375572,0.003733088796375572,0.9998114232122234,0.9998114232122234,0.0,0.0,1.0,0.003733088796375572
2024-06-03 00:00:00+00:00,20260201_193432_85ab9324_StateSignal_XLE,0.0014790671988350488,0.0014790671988350488,1.001290211493317,1.001290211493317,0.0,0.0,0.07634565231570521,0.0014790671988350488
2024-06-04 00:00:00+00:00,20260201_193432_85ab9324_StateSignal_XLE,-0.0025173124691207313,-0.0025173124691207313,0.9987696511587165,0.9987696511587165,0.0,0.0,0.07634565231570521,-0.0025173124691207313
2024-06-05 00:00:00+00:00,20260201_193432_85ab9324_StateSignal_XLE,0.00016203540355344862,0.00016203540355344862,0.9989314872021989,0.9989314872021989,0.0,0.0,0.07634565231570521,0.00016203540355344862
2024-06-06 00:00:00+00:00,20260201_193432_85ab9324_StateSignal_XLE,-0.0003424790051977466,-0.0003424790051977466,0.9985893741402012,0.9985893741402012,0.0,0.0,0.07634565231570521,-0.0003424790051977466
2024-06-07 00:00:00+00:00,20260201_193432_85ab9324_StateSignal_XLE,0.00037844021750452694,0.00037844021750452694,0.9989672805201485,0.9989672805201485,0.0,0.0,0.07634565231570521,0.00037844021750452694
2024-06-10 00:00:00+00:00,20260201_193432_85ab9324_StateSignal_XLE,0.00026917051850921896,0.00026917051850921896,0.9992361730610198,0.9992361730610198,0.0,0.0,0.07634565231570521,0.00026917051850921896
2024-06-11 00:00:00+00:00,20260201_193432_85ab9324_StateSignal_XLE,0.0,0.0,0.9992361730610198,0.9992361730610198,0.0,0.0,0.07634565231570521,0.0
2024-06-12 00:00:00+00:00,20260201_193432_85ab9324_StateSignal_XLE,0.0008018639133572003,0.0008018639133572003,1.0000374244891184,1.0000374244891184,0.0,0.0,0.07634565231570521,0.0008018639133572003
2024-06-13 00:00:00+00:00,20260201_193432_85ab9324_StateSignal_XLE,-0.0016122393375375365,-0.0016122393375375365,0.9984251248143473,0.9984251248143473,0.0,0.0,0.07634565231570521,-0.0016122393375375365
2024-06-14 00:00:00+00:00,20260201_193432_85ab9324_StateSignal_XLE,-0.0006545511595074368,-0.0006545511595074368,0.9977716044912187,0.9977716044912187,0.0,0.0,0.07634565231570521,-0.0006545511595074368
2024-06-17 00:00:00+00:00,20260201_193432_85ab9324_StateSignal_XLE,-0.0004762460165574483,-0.0004762460165574483,0.9972964197391456,0.9972964197391456,0.0,0.0,0.07634565231570521,-0.0004762460165574483
2024-06-18 00:00:00+00:00,20260201_193432_85ab9324_StateSignal_XLE,0.00910403988121411,0.00910403988121411,1.006375846117843,1.006375846117843,0.0,0.0,1.0,0.00910403988121411
2024-06-20 00:00:00+00:00,20260201_193432_85ab9324_StateSignal_XLE,-0.0009544262237279888,-0.0009544262237279888,1.0054153346193817,1.0054153346193817,0.0,0.0,1.0,-0.0009544262237279888
2024-06-21 00:00:00+00:00,20260201_193432_85ab9324_StateSignal_XLE,0.0016585776282226532,0.0016585776282226532,1.0070828940004535,1.0070828940004535,0.0,0.0,0.07634565231570521,0.0016585776282226532
2024-06-24 00:00:00+00:00,20260201_193432_85ab9324_StateSignal_XLE,-0.0004112786625584949,-0.0004112786625584949,1.0066687022947234,1.0066687022947234,0.0,0.0,0.07634565231570521,-0.0004112786625584949
2024-06-25 00:00:00+00:00,20260201_193432_85ab9324_StateSignal_XLE,0.0013154174700917656,0.0013154174700917656,1.0079928918923164,1.0079928918923164,0.0,0.0,0.07634565231570521,0.0013154174700917656
2024-06-26 00:00:00+00:00,20260201_193432_85ab9324_StateSignal_XLE,0.0003692024923767876,0.0003692024923767876,1.008365045380301,1.008365045380301,0.0,0.0,0.07634565231570521,0.0003692024923767876
2024-06-27 00:00:00+00:00,20260201_193432_85ab9324_StateSignal_XLE,-0.00028113505578498764,-0.00028113505578498764,1.0080815586170164,1.0080815586170164,0.0,0.0,0.07634565231570521,-0.00028113505578498764
2024-06-28 00:00:00+00:00,20260201_193432_85ab9324_StateSignal_XLE,0.00040380685222477295,0.00040380685222477295,1.0084886288579873,1.0084886288579873,0.0,0.0,0.07634565231570521,0.00040380685222477295
2024-07-01 00:00:00+00:00,20260201_193432_85ab9324_StateSignal_XLE,0.00010499059960708039,0.00010499059960708039,1.008594510683828,1.008594510683828,0.0,0.0,0.07634565231570521,0.00010499059960708039
2024-07-02 00:00:00+00:00,20260201_193432_85ab9324_StateSignal_XLE,0.0,0.0,1.008594510683828,1.008594510683828,0.0,0.0,0.07634565231570521,0.0
2024-07-03 00:00:00+00:00,20260201_193432_85ab9324_StateSignal_XLE,-0.004131288868788996,-0.004131288868788996,1.0044277154087182,1.0044277154087182,0.0,0.0,1.0,-0.004131288868788996
2024-07-05 00:00:00+00:00,20260201_193432_85ab9324_StateSignal_XLE,-0.00046008742472514186,-0.00046008742472514186,1.0039655908478133,1.0039655908478133,0.0,0.0,1.0,-0.00046008742472514186
2024-07-08 00:00:00+00:00,20260201_193432_85ab9324_StateSignal_XLE,-0.020221490893161498,-0.020221490893161498,0.9836639097954368,0.9836639097954368,0.0,0.0,1.0,-0.020221490893161498
2024-07-09 00:00:00+00:00,20260201_193432_85ab9324_StateSignal_XLE,-0.008725441514947363,-0.008725441514947363,0.9750810078801523,0.9750810078801523,0.0,0.0,1.0,-0.008725441514947363
2024-07-10 00:00:00+00:00,20260201_193432_85ab9324_StateSignal_XLE,-0.0016593579723100937,-0.0016593579723100937,0.9734629994360782,0.9734629994360782,0.0,0.0,1.0,-0.0016593579723100937
2024-07-11 00:00:00+00:00,20260201_193432_85ab9324_StateSignal_XLE,0.0066209747663688034,0.0066209747663688034,0.9799082733913381,0.9799082733913381,0.0,0.0,1.0,0.0066209747663688034
2024-07-12 00:00:00+00:00,20260201_193432_85ab9324_StateSignal_XLE,0.018447691864506677,0.018447691864506677,0.9979853192743423,0.9979853192743423,0.0,0.0,1.0,0.018447691864506677
2024-07-15 00:00:00+00:00,20260201_193432_85ab9324_StateSignal_XLE,0.002080204147795417,0.002080204147795417,1.0000613324749357,1.0000613324749357,0.0,0.0,1.0,0.002080204147795417
2024-07-16 00:00:00+00:00,20260201_193432_85ab9324_StateSignal_XLE,0.0032272964848658603,0.0032272964848658603,1.0032888268978823,1.0032888268978823,0.0,0.0,1.0,0.0032272964848658603
2024-07-17 00:00:00+00:00,20260201_193432_85ab9324_StateSignal_XLE,0.013033224386914455,0.013033224386914455,1.0163649153037266,1.0163649153037266,0.0,0.0,1.0,0.013033224386914455
2024-07-18 00:00:00+00:00,20260201_193432_85ab9324_StateSignal_XLE,0.0074686326572726,0.0074686326572726,1.0239557715018701,1.0239557715018701,0.0,0.0,1.0,0.0074686326572726
2024-07-19 00:00:00+00:00,20260201_193432_85ab9324_StateSignal_XLE,0.0,0.0,1.0239557715018701,1.0239557715018701,0.0,0.0,1.0,0.0
2024-07-22 00:00:00+00:00,20260201_193432_85ab9324_StateSignal_XLE,-0.01384969350696652,-0.01384969350696652,1.0097742979018798,1.0097742979018798,0.0,0.0,1.0,-0.01384969350696652
2024-07-23 00:00:00+00:00,20260201_193432_85ab9324_StateSignal_XLE,-0.004812659684415799,-0.004812659684415799,1.004914597848008,1.004914597848008,0.0,0.0,1.0,-0.004812659684415799
2024-07-24 00:00:00+00:00,20260201_193432_85ab9324_StateSignal_XLE,-0.007609860314141237,-0.007609860314141237,0.9972673381307433,0.9972673381307433,0.0,0.0,1.0,-0.007609860314141237
2024-07-25 00:00:00+00:00,20260201_193432_85ab9324_StateSignal_XLE,-0.004175371410480633,-0.004175371410480633,0.9931033765985061,0.9931033765985061,0.0,0.0,1.0,-0.004175371410480633
2024-07-26 00:00:00+00:00,20260201_193432_85ab9324_StateSignal_XLE,0.0156829782619603,0.0156829782619603,1.00867819526558,1.00867819526558,0.0,0.0,1.0,0.0156829782619603
2024-07-29 00:00:00+00:00,20260201_193432_85ab9324_StateSignal_XLE,0.004338401598598107,0.004338401598598107,1.013054246360391,1.013054246360391,0.0,0.0,1.0,0.004338401598598107
2024-07-30 00:00:00+00:00,20260201_193432_85ab9324_StateSignal_XLE,-0.0068587374498414455,-0.0068587374498414455,1.0061059732621582,1.0061059732621582,0.0,0.0,1.0,-0.0068587374498414455
2024-07-31 00:00:00+00:00,20260201_193432_85ab9324_StateSignal_XLE,0.026040189811682435,0.026040189811682435,1.0323051637765723,1.0323051637765723,0.0,0.0,1.0,0.026040189811682435
2024-08-01 00:00:00+00:00,20260201_193432_85ab9324_StateSignal_XLE,-0.01010903812687669,-0.01010903812687669,1.0218695515173832,1.0218695515173832,0.0,0.0,1.0,-0.01010903812687669
2024-08-02 00:00:00+00:00,20260201_193432_85ab9324_StateSignal_XLE,-0.010939275469216046,-0.010939275469216046,1.0106910389997303,1.0106910389997303,0.0,0.0,0.32863830161110236,-0.010939275469216046
2024-08-05 00:00:00+00:00,20260201_193432_85ab9324_StateSignal_XLE,-0.01346681689760001,-0.01346681689760001,0.9970802478374758,0.9970802478374758,0.0,0.0,0.32863830161110236,-0.01346681689760001
2024-08-06 00:00:00+00:00,20260201_193432_85ab9324_StateSignal_XLE,0.0007185098731135669,0.0007185098731135669,0.9977966598398336,0.9977966598398336,0.0,0.0,0.32863830161110236,0.0007185098731135669
2024-08-07 00:00:00+00:00,20260201_193432_85ab9324_StateSignal_XLE,0.005848936085481212,0.005848936085481212,1.0036327087295434,1.0036327087295434,0.0,0.0,0.32863830161110236,0.005848936085481212
2024-08-08 00:00:00+00:00,20260201_193432_85ab9324_StateSignal_XLE,-0.00196437107041717,-0.00196437107041717,1.0016612016711905,1.0016612016711905,0.0,0.0,0.32863830161110236,-0.00196437107041717
2024-08-09 00:00:00+00:00,20260201_193432_85ab9324_StateSignal_XLE,0.005315863882832296,0.005315863882832296,1.0069858962759888,1.0069858962759888,0.0,0.0,0.32863830161110236,0.005315863882832296
2024-08-12 00:00:00+00:00,20260201_193432_85ab9324_StateSignal_XLE,0.0030872777686264947,0.0030872777686264947,1.010094741446882,1.010094741446882,0.0,0.0,0.32863830161110236,0.0030872777686264947
2024-08-13 00:00:00+00:00,20260201_193432_85ab9324_StateSignal_XLE,-0.0017716393396083024,-0.0017716393396083024,1.008305217866203,1.008305217866203,0.0,0.0,0.32863830161110236,-0.0017716393396083024
2024-08-14 00:00:00+00:00,20260201_193432_85ab9324_StateSignal_XLE,-0.0015483576420554338,-0.0015483576420554338,1.0067440007765955,1.0067440007765955,0.0,0.0,0.32863830161110236,-0.0015483576420554338
2024-08-15 00:00:00+00:00,20260201_193432_85ab9324_StateSignal_XLE,0.00401065566306572,0.00401065566306572,1.0107817043045677,1.0107817043045677,0.0,0.0,0.32863830161110236,0.00401065566306572
2024-08-16 00:00:00+00:00,20260201_193432_85ab9324_StateSignal_XLE,-0.00038352005940984156,-0.00038352005940984156,1.0103940492452823,1.0103940492452823,0.0,0.0,0.32863830161110236,-0.00038352005940984156
2024-08-19 00:00:00+00:00,20260201_193432_85ab9324_StateSignal_XLE,0.002751406503120049,0.002751406503120049,1.0131740540030896,1.0131740540030896,0.0,0.0,0.32863830161110236,0.002751406503120049
2024-08-20 00:00:00+00:00,20260201_193432_85ab9324_StateSignal_XLE,0.000760209225432922,0.000760209225432922,1.0139442782659118,1.0139442782659118,0.0,0.0,0.32863830161110236,0.000760209225432922
2024-08-21 00:00:00+00:00,20260201_193432_85ab9324_StateSignal_XLE,-0.006054135490920002,-0.006054135490920002,1.007805722225047,1.007805722225047,0.0,0.0,0.32863830161110236,-0.006054135490920002
2024-08-22 00:00:00+00:00,20260201_193432_85ab9324_StateSignal_XLE,-0.0016282690696701007,-0.0016282690696701007,1.0061647433393115,1.0061647433393115,0.0,0.0,0.32863830161110236,-0.0016282690696701007
2024-08-23 00:00:00+00:00,20260201_193432_85ab9324_StateSignal_XLE,0.002786398900696591,0.002786398900696591,1.008968319674072,1.008968319674072,0.0,0.0,0.32863830161110236,0.002786398900696591
2024-08-26 00:00:00+00:00,20260201_193432_85ab9324_StateSignal_XLE,0.007015283488915091,0.007015283488915091,1.0160465184679197,1.0160465184679197,0.0,0.0,0.32863830161110236,0.007015283488915091
2024-08-27 00:00:00+00:00,20260201_193432_85ab9324_StateSignal_XLE,-0.0015881757600035393,-0.0015881757600035393,1.014432858016253,1.014432858016253,0.0,0.0,0.32863830161110236,-0.0015881757600035393
2024-08-28 00:00:00+00:00,20260201_193432_85ab9324_StateSignal_XLE,-0.004580398906471935,-0.004580398906471935,1.009786350862706,1.009786350862706,0.0,0.0,0.32863830161110236,-0.004580398906471935
2024-08-29 00:00:00+00:00,20260201_193432_85ab9324_StateSignal_XLE,0.0017633731650572497,0.0017633731650572497,1.0115669810162584,1.0115669810162584,0.0,0.0,0.32863830161110236,0.0017633731650572497
2024-08-30 00:00:00+00:00,20260201_193432_85ab9324_StateSignal_XLE,-0.0007655216636616216,-0.0007655216636616216,1.0107926045780458,1.0107926045780458,0.0,0.0,0.32863830161110236,-0.0007655216636616216
2024-09-03 00:00:00+00:00,20260201_193432_85ab9324_StateSignal_XLE,-0.0006331864204313646,-0.0006331864204313646,1.0101525844269545,1.0101525844269545,0.0,0.0,0.1593951601711415,-0.0006331864204313646
2024-09-04 00:00:00+00:00,20260201_193432_85ab9324_StateSignal_XLE,-0.0011611495280940407,-0.0011611495280940407,1.0089796462302443,1.0089796462302443,0.0,0.0,0.1593951601711415,-0.0011611495280940407
2024-09-05 00:00:00+00:00,20260201_193432_85ab9324_StateSignal_XLE,-0.001207544867522664,-0.001207544867522664,1.0077612580370041,1.0077612580370041,0.0,0.0,0.1593951601711415,-0.001207544867522664
2024-09-06 00:00:00+00:00,20260201_193432_85ab9324_StateSignal_XLE,-0.0018669659711182058,-0.0018669659711182058,1.0058798020612376,1.0058798020612376,0.0,0.0,0.1593951601711415,-0.0018669659711182058
2024-09-09 00:00:00+00:00,20260201_193432_85ab9324_StateSignal_XLE,-0.0020054821364611395,-0.0020054821364611395,1.0038625280867768,1.0038625280867768,0.0,0.0,0.1593951601711415,-0.0020054821364611395
2024-09-10 00:00:00+00:00,20260201_193432_85ab9324_StateSignal_XLE,0.0009673240039573254,0.0009673240039573254,1.0048335884068684,1.0048335884068684,0.0,0.0,0.1593951601711415,0.0009673240039573254
2024-09-11 00:00:00+00:00,20260201_193432_85ab9324_StateSignal_XLE,-0.003431339477601017,-0.003431339477601017,1.0013856632465485,1.0013856632465485,0.0,0.0,0.1593951601711415,-0.003431339477601017
2024-09-12 00:00:00+00:00,20260201_193432_85ab9324_StateSignal_XLE,-0.0007506540192160782,-0.0007506540192160782,1.0006339690736472,1.0006339690736472,0.0,0.0,0.1593951601711415,-0.0007506540192160782
2024-09-13 00:00:00+00:00,20260201_193432_85ab9324_StateSignal_XLE,0.0015762319811469202,0.0015762319811469202,1.002211200337123,1.002211200337123,0.0,0.0,0.1593951601711415,0.0015762319811469202
2024-09-16 00:00:00+00:00,20260201_193432_85ab9324_StateSignal_XLE,0.0019486203586550682,0.0019486203586550682,1.0041641294857722,1.0041641294857722,0.0,0.0,0.1593951601711415,0.0019486203586550682
2024-09-17 00:00:00+00:00,20260201_193432_85ab9324_StateSignal_XLE,0.00011616312442060252,0.00011616312442060252,1.0042807763284844,1.0042807763284844,0.0,0.0,0.1593951601711415,0.00011616312442060252
2024-09-18 00:00:00+00:00,20260201_193432_85ab9324_StateSignal_XLE,0.0020001585642548713,0.0020001585642548713,1.0062894971241743,1.0062894971241743,0.0,0.0,0.1593951601711415,0.0020001585642548713
2024-09-19 00:00:00+00:00,20260201_193432_85ab9324_StateSignal_XLE,0.003028977800811173,0.003028977800811173,1.0093375256721528,1.0093375256721528,0.0,0.0,0.1593951601711415,0.003028977800811173
2024-09-20 00:00:00+00:00,20260201_193432_85ab9324_StateSignal_XLE,-0.0012424865760958242,-0.0012424865760958242,1.0080834373457555,1.0080834373457555,0.0,0.0,0.1593951601711415,-0.0012424865760958242
2024-09-23 00:00:00+00:00,20260201_193432_85ab9324_StateSignal_XLE,0.00037753489978342995,0.00037753489978342995,1.0084640240252472,1.0084640240252472,0.0,0.0,0.1593951601711415,0.00037753489978342995
2024-09-24 00:00:00+00:00,20260201_193432_85ab9324_StateSignal_XLE,0.0034688978503978765,0.0034688978503978765,1.0119622827103918,1.0119622827103918,0.0,0.0,0.1593951601711415,0.0034688978503978765
2024-09-25 00:00:00+00:00,20260201_193432_85ab9324_StateSignal_XLE,-0.002491471635603815,-0.002491471635603815,1.009441007386718,1.009441007386718,0.0,0.0,0.1593951601711415,-0.002491471635603815
2024-09-26 00:00:00+00:00,20260201_193432_85ab9324_StateSignal_XLE,-0.005995446284356939,-0.005995446284356939,1.0033889580497037,1.0033889580497037,0.0,0.0,0.1593951601711415,-0.005995446284356939
2024-09-27 00:00:00+00:00,20260201_193432_85ab9324_StateSignal_XLE,0.0010859079675529524,0.0010859079675529524,1.0044785461138046,1.0044785461138046,0.0,0.0,0.1593951601711415,0.0010859079675529524
2024-09-30 00:00:00+00:00,20260201_193432_85ab9324_StateSignal_XLE,0.001997266693012277,0.001997266693012277,1.006484757657803,1.006484757657803,0.0,0.0,0.1593951601711415,0.001997266693012277
2024-10-01 00:00:00+00:00,20260201_193432_85ab9324_StateSignal_XLE,0.00022885166913473774,0.00022885166913473774,1.0067150933745517,1.0067150933745517,0.0,0.0,0.1593951601711415,0.00022885166913473774
2024-10-02 00:00:00+00:00,20260201_193432_85ab9324_StateSignal_XLE,0.0,0.0,1.0067150933745517,1.0067150933745517,0.0,0.0,0.0,0.0
2024-10-03 00:00:00+00:00,20260201_193432_85ab9324_StateSignal_XLE,0.0,0.0,1.0067150933745517,1.0067150933745517,0.0,0.0,0.0,0.0
2024-10-04 00:00:00+00:00,20260201_193432_85ab9324_StateSignal_XLE,0.0,0.0,1.0067150933745517,1.0067150933745517,0.0,0.0,0.0,0.0
2024-10-07 00:00:00+00:00,20260201_193432_85ab9324_StateSignal_XLE,0.0,0.0,1.0067150933745517,1.0067150933745517,0.0,0.0,0.0,0.0
2024-10-08 00:00:00+00:00,20260201_193432_85ab9324_StateSignal_XLE,0.0,0.0,1.0067150933745517,1.0067150933745517,0.0,0.0,0.0,-0.0
2024-10-09 00:00:00+00:00,20260201_193432_85ab9324_StateSignal_XLE,0.0,0.0,1.0067150933745517,1.0067150933745517,0.0,0.0,0.0,-0.0
2024-10-10 00:00:00+00:00,20260201_193432_85ab9324_StateSignal_XLE,0.0,0.0,1.0067150933745517,1.0067150933745517,0.0,0.0,0.0,0.0
2024-10-11 00:00:00+00:00,20260201_193432_85ab9324_StateSignal_XLE,0.0,0.0,1.0067150933745517,1.0067150933745517,0.0,0.0,0.0,0.0
2024-10-14 00:00:00+00:00,20260201_193432_85ab9324_StateSignal_XLE,0.0,0.0,1.0067150933745517,1.0067150933745517,0.0,0.0,0.0,0.0
2024-10-15 00:00:00+00:00,20260201_193432_85ab9324_StateSignal_XLE,0.0,0.0,1.0067150933745517,1.0067150933745517,0.0,0.0,0.0,0.0
2024-10-16 00:00:00+00:00,20260201_193432_85ab9324_StateSignal_XLE,0.0,0.0,1.0067150933745517,1.0067150933745517,0.0,0.0,0.0,-0.0
2024-10-17 00:00:00+00:00,20260201_193432_85ab9324_StateSignal_XLE,0.0,0.0,1.0067150933745517,1.0067150933745517,0.0,0.0,0.0,0.0
2024-10-18 00:00:00+00:00,20260201_193432_85ab9324_StateSignal_XLE,0.0,0.0,1.0067150933745517,1.0067150933745517,0.0,0.0,0.0,0.0
2024-10-21 00:00:00+00:00,20260201_193432_85ab9324_StateSignal_XLE,0.0,0.0,1.0067150933745517,1.0067150933745517,0.0,0.0,0.0,-0.0
2024-10-22 00:00:00+00:00,20260201_193432_85ab9324_StateSignal_XLE,0.0,0.0,1.0067150933745517,1.0067150933745517,0.0,0.0,0.0,0.0
2024-10-23 00:00:00+00:00,20260201_193432_85ab9324_StateSignal_XLE,0.0,0.0,1.0067150933745517,1.0067150933745517,0.0,0.0,0.0,-0.0
2024-10-24 00:00:00+00:00,20260201_193432_85ab9324_StateSignal_XLE,0.0,0.0,1.0067150933745517,1.0067150933745517,0.0,0.0,0.0,-0.0
2024-10-25 00:00:00+00:00,20260201_193432_85ab9324_StateSignal_XLE,0.0,0.0,1.0067150933745517,1.0067150933745517,0.0,0.0,0.0,0.0
2024-10-28 00:00:00+00:00,20260201_193432_85ab9324_StateSignal_XLE,0.0,0.0,1.0067150933745517,1.0067150933745517,0.0,0.0,0.0,-0.0
2024-10-29 00:00:00+00:00,20260201_193432_85ab9324_StateSignal_XLE,0.0,0.0,1.0067150933745517,1.0067150933745517,0.0,0.0,0.0,0.0
2024-10-30 00:00:00+00:00,20260201_193432_85ab9324_StateSignal_XLE,0.0,0.0,1.0067150933745517,1.0067150933745517,0.0,0.0,0.0,-0.0
2024-10-31 00:00:00+00:00,20260201_193432_85ab9324_StateSignal_XLE,0.0004411872640923979,0.0004411872640923979,1.007159243252318,1.007159243252318,0.0,0.0,0.08908813189802604,0.0004411872640923979
2024-11-01 00:00:00+00:00,20260201_193432_85ab9324_StateSignal_XLE,0.001124549555892978,0.001124549555892978,1.0082918437320307,1.0082918437320307,0.0,0.0,0.08908813189802604,0.001124549555892978
2024-11-04 00:00:00+00:00,20260201_193432_85ab9324_StateSignal_XLE,-0.0009779713295521074,-0.0009779713295521074,1.0073057632170395,1.0073057632170395,0.0,0.0,0.08908813189802604,-0.0009779713295521074
2024-11-05 00:00:00+00:00,20260201_193432_85ab9324_StateSignal_XLE,0.0012465893492910438,0.0012465893492910438,1.0085614598529453,1.0085614598529453,0.0,0.0,0.08908813189802604,0.0012465893492910438
2024-11-06 00:00:00+00:00,20260201_193432_85ab9324_StateSignal_XLE,0.002782643641820073,0.002782643641820073,1.0113679269865898,1.0113679269865898,0.0,0.0,0.08908813189802604,0.002782643641820073
2024-11-07 00:00:00+00:00,20260201_193432_85ab9324_StateSignal_XLE,0.0006177705302425331,0.0006177705302425331,1.0119927202871146,1.0119927202871146,0.0,0.0,0.08908813189802604,0.0006177705302425331
2024-11-08 00:00:00+00:00,20260201_193432_85ab9324_StateSignal_XLE,-0.00027846279571972,-0.00027846279571972,1.0117109179649755,1.0117109179649755,0.0,0.0,0.08908813189802604,-0.00027846279571972
2024-11-11 00:00:00+00:00,20260201_193432_85ab9324_StateSignal_XLE,0.0005560579116133948,0.0005560579116133948,1.0122734878251756,1.0122734878251756,0.0,0.0,0.08908813189802604,0.0005560579116133948
2024-11-12 00:00:00+00:00,20260201_193432_85ab9324_StateSignal_XLE,0.0007295074247985756,0.0007295074247985756,1.0130119488504707,1.0130119488504707,0.0,0.0,0.08908813189802604,0.0007295074247985756
2024-11-13 00:00:00+00:00,20260201_193432_85ab9324_StateSignal_XLE,-0.0006108023680647896,-0.0006108023680647896,1.012393198753235,1.012393198753235,0.0,0.0,0.08908813189802604,-0.0006108023680647896
2024-11-14 00:00:00+00:00,20260201_193432_85ab9324_StateSignal_XLE,0.0011394006799308651,0.0011394006799308651,1.013546720252252,1.013546720252252,0.0,0.0,0.08908813189802604,0.0011394006799308651
2024-11-15 00:00:00+00:00,20260201_193432_85ab9324_StateSignal_XLE,-0.00039125285502146625,-0.00039125285502146625,1.0131501672042555,1.0131501672042555,0.0,0.0,0.08908813189802604,-0.00039125285502146625
2024-11-18 00:00:00+00:00,20260201_193432_85ab9324_StateSignal_XLE,0.0007419172863721857,0.0007419172863721857,1.0139018408269953,1.0139018408269953,0.0,0.0,0.08908813189802604,0.0007419172863721857
2024-11-19 00:00:00+00:00,20260201_193432_85ab9324_StateSignal_XLE,-0.0002921244236164271,-0.0002921244236164271,1.01360565533614,1.01360565533614,0.0,0.0,0.08908813189802604,-0.0002921244236164271
2024-11-20 00:00:00+00:00,20260201_193432_85ab9324_StateSignal_XLE,0.0004863432315133535,0.0004863432315133535,1.0140986155860365,1.0140986155860365,0.0,0.0,0.08908813189802604,0.0004863432315133535
2024-11-21 00:00:00+00:00,20260201_193432_85ab9324_StateSignal_XLE,0.0009839828730482947,0.0009839828730482947,1.0150964712553552,1.0150964712553552,0.0,0.0,0.08908813189802604,0.0009839828730482947
2024-11-22 00:00:00+00:00,20260201_193432_85ab9324_StateSignal_XLE,0.00030647420256156533,0.00030647420256156533,1.0154075721369062,1.0154075721369062,0.0,0.0,0.08908813189802604,0.00030647420256156533
2024-11-25 00:00:00+00:00,20260201_193432_85ab9324_StateSignal_XLE,0.00017192954560629316,0.00017192954560629316,1.0155821506993887,1.0155821506993887,0.0,0.0,0.08908813189802604,0.00017192954560629316
2024-11-26 00:00:00+00:00,20260201_193432_85ab9324_StateSignal_XLE,-0.0016566054291130795,-0.0016566054291130795,1.0138997317948297,1.0138997317948297,0.0,0.0,0.08908813189802604,-0.0016566054291130795
2024-11-27 00:00:00+00:00,20260201_193432_85ab9324_StateSignal_XLE,-0.0001946431447163751,-0.0001946431447163751,1.013702383162606,1.013702383162606,0.0,0.0,0.08908813189802604,-0.0001946431447163751
2024-11-29 00:00:00+00:00,20260201_193432_85ab9324_StateSignal_XLE,-5.847596658781783e-05,-5.847596658781783e-05,1.013643105935918,1.013643105935918,0.0,0.0,0.08908813189802604,-5.847596658781783e-05
2024-12-02 00:00:00+00:00,20260201_193432_85ab9324_StateSignal_XLE,0.0,0.0,1.013643105935918,1.013643105935918,0.0,0.0,0.0,0.0
2024-12-03 00:00:00+00:00,20260201_193432_85ab9324_StateSignal_XLE,0.0,0.0,1.013643105935918,1.013643105935918,0.0,0.0,0.0,-0.0
2024-12-04 00:00:00+00:00,20260201_193432_85ab9324_StateSignal_XLE,0.0,0.0,1.013643105935918,1.013643105935918,0.0,0.0,0.0,-0.0
2024-12-05 00:00:00+00:00,20260201_193432_85ab9324_StateSignal_XLE,0.0,0.0,1.013643105935918,1.013643105935918,0.0,0.0,0.0,-0.0
2024-12-06 00:00:00+00:00,20260201_193432_85ab9324_StateSignal_XLE,0.0,0.0,1.013643105935918,1.013643105935918,0.0,0.0,0.0,-0.0
2024-12-09 00:00:00+00:00,20260201_193432_85ab9324_StateSignal_XLE,0.0,0.0,1.013643105935918,1.013643105935918,0.0,0.0,0.0,-0.0
2024-12-10 00:00:00+00:00,20260201_193432_85ab9324_StateSignal_XLE,0.0,0.0,1.013643105935918,1.013643105935918,0.0,0.0,0.0,-0.0
2024-12-11 00:00:00+00:00,20260201_193432_85ab9324_StateSignal_XLE,0.0,0.0,1.013643105935918,1.013643105935918,0.0,0.0,0.0,-0.0
2024-12-12 00:00:00+00:00,20260201_193432_85ab9324_StateSignal_XLE,0.0,0.0,1.013643105935918,1.013643105935918,0.0,0.0,0.0,-0.0
2024-12-13 00:00:00+00:00,20260201_193432_85ab9324_StateSignal_XLE,0.0,0.0,1.013643105935918,1.013643105935918,0.0,0.0,0.0,-0.0
2024-12-16 00:00:00+00:00,20260201_193432_85ab9324_StateSignal_XLE,0.0,0.0,1.013643105935918,1.013643105935918,0.0,0.0,0.0,-0.0
2024-12-17 00:00:00+00:00,20260201_193432_85ab9324_StateSignal_XLE,0.0,0.0,1.013643105935918,1.013643105935918,0.0,0.0,0.0,-0.0
2024-12-18 00:00:00+00:00,20260201_193432_85ab9324_StateSignal_XLE,0.0,0.0,1.013643105935918,1.013643105935918,0.0,0.0,0.0,-0.0
2024-12-19 00:00:00+00:00,20260201_193432_85ab9324_StateSignal_XLE,0.0,0.0,1.013643105935918,1.013643105935918,0.0,0.0,0.0,-0.0
2024-12-20 00:00:00+00:00,20260201_193432_85ab9324_StateSignal_XLE,0.0,0.0,1.013643105935918,1.013643105935918,0.0,0.0,0.0,-0.0
2024-12-23 00:00:00+00:00,20260201_193432_85ab9324_StateSignal_XLE,0.0,0.0,1.013643105935918,1.013643105935918,0.0,0.0,0.0,0.0
2024-12-24 00:00:00+00:00,20260201_193432_85ab9324_StateSignal_XLE,0.0,0.0,1.013643105935918,1.013643105935918,0.0,0.0,0.0,0.0
2024-12-26 00:00:00+00:00,20260201_193432_85ab9324_StateSignal_XLE,0.0,0.0,1.013643105935918,1.013643105935918,0.0,0.0,0.0,0.0
2024-12-27 00:00:00+00:00,20260201_193432_85ab9324_StateSignal_XLE,0.0,0.0,1.013643105935918,1.013643105935918,0.0,0.0,0.0,-0.0
2024-12-30 00:00:00+00:00,20260201_193432_85ab9324_StateSignal_XLE,0.0,0.0,1.013643105935918,1.013643105935918,0.0,0.0,0.0,0.0
2024-12-31 00:00:00+00:00,20260201_193432_85ab9324_StateSignal_XLE,0.0,0.0,1.013643105935918,1.013643105935918,0.0,0.0,0.0,0.0
2025-01-02 00:00:00+00:00,20260201_193432_85ab9324_StateSignal_XLE,0.0,0.0,1.013643105935918,1.013643105935918,0.0,0.0,0.0,0.0
2025-01-03 00:00:00+00:00,20260201_193432_85ab9324_StateSignal_XLE,0.0,0.0,1.013643105935918,1.013643105935918,0.0,0.0,0.0,0.0
2025-01-06 00:00:00+00:00,20260201_193432_85ab9324_StateSignal_XLE,0.0,0.0,1.013643105935918,1.013643105935918,0.0,0.0,0.0,0.0
2025-01-07 00:00:00+00:00,20260201_193432_85ab9324_StateSignal_XLE,0.0,0.0,1.013643105935918,1.013643105935918,0.0,0.0,0.0,-0.0
2025-01-08 00:00:00+00:00,20260201_193432_85ab9324_StateSignal_XLE,0.0,0.0,1.013643105935918,1.013643105935918,0.0,0.0,0.0,-0.0
2025-01-10 00:00:00+00:00,20260201_193432_85ab9324_StateSignal_XLE,0.0,0.0,1.013643105935918,1.013643105935918,0.0,0.0,0.0,0.0
2025-01-13 00:00:00+00:00,20260201_193432_85ab9324_StateSignal_XLE,0.0,0.0,1.013643105935918,1.013643105935918,0.0,0.0,0.0,-0.0
2025-01-14 00:00:00+00:00,20260201_193432_85ab9324_StateSignal_XLE,0.0,0.0,1.013643105935918,1.013643105935918,0.0,0.0,0.0,0.0
2025-01-15 00:00:00+00:00,20260201_193432_85ab9324_StateSignal_XLE,0.0,0.0,1.013643105935918,1.013643105935918,0.0,0.0,0.0,0.0
2025-01-16 00:00:00+00:00,20260201_193432_85ab9324_StateSignal_XLE,0.0,0.0,1.013643105935918,1.013643105935918,0.0,0.0,0.0,0.0
2025-01-17 00:00:00+00:00,20260201_193432_85ab9324_StateSignal_XLE,0.0,0.0,1.013643105935918,1.013643105935918,0.0,0.0,0.0,0.0
2025-01-21 00:00:00+00:00,20260201_193432_85ab9324_StateSignal_XLE,0.0,0.0,1.013643105935918,1.013643105935918,0.0,0.0,0.0,0.0
2025-01-22 00:00:00+00:00,20260201_193432_85ab9324_StateSignal_XLE,0.0,0.0,1.013643105935918,1.013643105935918,0.0,0.0,0.0,-0.0
2025-01-23 00:00:00+00:00,20260201_193432_85ab9324_StateSignal_XLE,0.0,0.0,1.013643105935918,1.013643105935918,0.0,0.0,0.0,-0.0
2025-01-24 00:00:00+00:00,20260201_193432_85ab9324_StateSignal_XLE,0.0,0.0,1.013643105935918,1.013643105935918,0.0,0.0,0.0,-0.0
2025-01-27 00:00:00+00:00,20260201_193432_85ab9324_StateSignal_XLE,0.0,0.0,1.013643105935918,1.013643105935918,0.0,0.0,0.0,-0.0
2025-01-28 00:00:00+00:00,20260201_193432_85ab9324_StateSignal_XLE,0.0,0.0,1.013643105935918,1.013643105935918,0.0,0.0,0.0,-0.0
2025-01-29 00:00:00+00:00,20260201_193432_85ab9324_StateSignal_XLE,0.0,0.0,1.013643105935918,1.013643105935918,0.0,0.0,0.0,-0.0
2025-01-30 00:00:00+00:00,20260201_193432_85ab9324_StateSignal_XLE,0.0,0.0,1.013643105935918,1.013643105935918,0.0,0.0,0.0,0.0
2025-01-31 00:00:00+00:00,20260201_193432_85ab9324_StateSignal_XLE,0.0,0.0,1.013643105935918,1.013643105935918,0.0,0.0,0.0,-0.0
2025-02-03 00:00:00+00:00,20260201_193432_85ab9324_StateSignal_XLE,0.0,0.0,1.013643105935918,1.013643105935918,0.0,0.0,0.0,-0.0
2025-02-04 00:00:00+00:00,20260201_193432_85ab9324_StateSignal_XLE,0.0,0.0,1.013643105935918,1.013643105935918,0.0,0.0,0.0,0.0
2025-02-05 00:00:00+00:00,20260201_193432_85ab9324_StateSignal_XLE,0.0,0.0,1.013643105935918,1.013643105935918,0.0,0.0,0.0,0.0
2025-02-06 00:00:00+00:00,20260201_193432_85ab9324_StateSignal_XLE,0.0,0.0,1.013643105935918,1.013643105935918,0.0,0.0,0.0,0.0
2025-02-07 00:00:00+00:00,20260201_193432_85ab9324_StateSignal_XLE,0.0,0.0,1.013643105935918,1.013643105935918,0.0,0.0,0.0,-0.0
2025-02-10 00:00:00+00:00,20260201_193432_85ab9324_StateSignal_XLE,0.0,0.0,1.013643105935918,1.013643105935918,0.0,0.0,0.0,0.0
2025-02-11 00:00:00+00:00,20260201_193432_85ab9324_StateSignal_XLE,0.0,0.0,1.013643105935918,1.013643105935918,0.0,0.0,0.0,0.0
2025-02-12 00:00:00+00:00,20260201_193432_85ab9324_StateSignal_XLE,0.0,0.0,1.013643105935918,1.013643105935918,0.0,0.0,0.0,-0.0
2025-02-13 00:00:00+00:00,20260201_193432_85ab9324_StateSignal_XLE,0.0,0.0,1.013643105935918,1.013643105935918,0.0,0.0,0.0,-0.0
2025-02-14 00:00:00+00:00,20260201_193432_85ab9324_StateSignal_XLE,0.0,0.0,1.013643105935918,1.013643105935918,0.0,0.0,0.0,0.0
2025-02-18 00:00:00+00:00,20260201_193432_85ab9324_StateSignal_XLE,0.0,0.0,1.013643105935918,1.013643105935918,0.0,0.0,0.0,0.0
2025-02-19 00:00:00+00:00,20260201_193432_85ab9324_StateSignal_XLE,0.0,0.0,1.013643105935918,1.013643105935918,0.0,0.0,0.0,0.0
2025-02-20 00:00:00+00:00,20260201_193432_85ab9324_StateSignal_XLE,0.0,0.0,1.013643105935918,1.013643105935918,0.0,0.0,0.0,-0.0
2025-02-21 00:00:00+00:00,20260201_193432_85ab9324_StateSignal_XLE,0.0,0.0,1.013643105935918,1.013643105935918,0.0,0.0,0.0,0.0
2025-02-24 00:00:00+00:00,20260201_193432_85ab9324_StateSignal_XLE,0.0,0.0,1.013643105935918,1.013643105935918,0.0,0.0,0.0,-0.0
2025-02-25 00:00:00+00:00,20260201_193432_85ab9324_StateSignal_XLE,0.0,0.0,1.013643105935918,1.013643105935918,0.0,0.0,0.0,-0.0
2025-02-26 00:00:00+00:00,20260201_193432_85ab9324_StateSignal_XLE,0.0,0.0,1.013643105935918,1.013643105935918,0.0,0.0,0.0,-0.0
2025-02-27 00:00:00+00:00,20260201_193432_85ab9324_StateSignal_XLE,0.0,0.0,1.013643105935918,1.013643105935918,0.0,0.0,0.0,0.0
2025-02-28 00:00:00+00:00,20260201_193432_85ab9324_StateSignal_XLE,0.0,0.0,1.013643105935918,1.013643105935918,0.0,0.0,0.0,-0.0
2025-03-03 00:00:00+00:00,20260201_193432_85ab9324_StateSignal_XLE,0.0,0.0,1.013643105935918,1.013643105935918,0.0,0.0,0.0,0.0
2025-03-04 00:00:00+00:00,20260201_193432_85ab9324_StateSignal_XLE,0.0,0.0,1.013643105935918,1.013643105935918,0.0,0.0,0.0,-0.0
2025-03-05 00:00:00+00:00,20260201_193432_85ab9324_StateSignal_XLE,0.0,0.0,1.013643105935918,1.013643105935918,0.0,0.0,0.0,-0.0
2025-03-06 00:00:00+00:00,20260201_193432_85ab9324_StateSignal_XLE,0.0,0.0,1.013643105935918,1.013643105935918,0.0,0.0,0.0,-0.0
2025-03-07 00:00:00+00:00,20260201_193432_85ab9324_StateSignal_XLE,0.0,0.0,1.013643105935918,1.013643105935918,0.0,0.0,0.0,0.0
2025-03-11 00:00:00+00:00,20260201_193432_85ab9324_StateSignal_XLE,0.0,0.0,1.013643105935918,1.013643105935918,0.0,0.0,0.0,0.0
2025-03-12 00:00:00+00:00,20260201_193432_85ab9324_StateSignal_XLE,0.0,0.0,1.013643105935918,1.013643105935918,0.0,0.0,0.0,-0.0
2025-03-13 00:00:00+00:00,20260201_193432_85ab9324_StateSignal_XLE,0.0,0.0,1.013643105935918,1.013643105935918,0.0,0.0,0.0,0.0
2025-03-14 00:00:00+00:00,20260201_193432_85ab9324_StateSignal_XLE,0.0,0.0,1.013643105935918,1.013643105935918,0.0,0.0,0.0,0.0
2025-03-17 00:00:00+00:00,20260201_193432_85ab9324_StateSignal_XLE,0.0,0.0,1.013643105935918,1.013643105935918,0.0,0.0,0.0,0.0
2025-03-18 00:00:00+00:00,20260201_193432_85ab9324_StateSignal_XLE,0.0,0.0,1.013643105935918,1.013643105935918,0.0,0.0,0.0,0.0
2025-03-19 00:00:00+00:00,20260201_193432_85ab9324_StateSignal_XLE,0.0,0.0,1.013643105935918,1.013643105935918,0.0,0.0,0.0,-0.0
2025-03-20 00:00:00+00:00,20260201_193432_85ab9324_StateSignal_XLE,0.0,0.0,1.013643105935918,1.013643105935918,0.0,0.0,0.0,0.0
2025-03-21 00:00:00+00:00,20260201_193432_85ab9324_StateSignal_XLE,0.0,0.0,1.013643105935918,1.013643105935918,0.0,0.0,0.0,0.0
2025-03-24 00:00:00+00:00,20260201_193432_85ab9324_StateSignal_XLE,0.0,0.0,1.013643105935918,1.013643105935918,0.0,0.0,0.0,0.0
2025-03-25 00:00:00+00:00,20260201_193432_85ab9324_StateSignal_XLE,0.0,0.0,1.013643105935918,1.013643105935918,0.0,0.0,0.0,0.0
2025-03-26 00:00:00+00:00,20260201_193432_85ab9324_StateSignal_XLE,0.0,0.0,1.013643105935918,1.013643105935918,0.0,0.0,0.0,0.0
2025-03-27 00:00:00+00:00,20260201_193432_85ab9324_StateSignal_XLE,0.0,0.0,1.013643105935918,1.013643105935918,0.0,0.0,0.0,-0.0
2025-03-28 00:00:00+00:00,20260201_193432_85ab9324_StateSignal_XLE,0.0,0.0,1.013643105935918,1.013643105935918,0.0,0.0,0.0,-0.0
2025-03-31 00:00:00+00:00,20260201_193432_85ab9324_StateSignal_XLE,0.0,0.0,1.013643105935918,1.013643105935918,0.0,0.0,0.0,-0.0
2025-04-01 00:00:00+00:00,20260201_193432_85ab9324_StateSignal_XLE,0.0,0.0,1.013643105935918,1.013643105935918,0.0,0.0,0.0,0.0
2025-04-02 00:00:00+00:00,20260201_193432_85ab9324_StateSignal_XLE,0.0,0.0,1.013643105935918,1.013643105935918,0.0,0.0,0.0,-0.0
2025-04-03 00:00:00+00:00,20260201_193432_85ab9324_StateSignal_XLE,0.0,0.0,1.013643105935918,1.013643105935918,0.0,0.0,0.0,-0.0
2025-04-04 00:00:00+00:00,20260201_193432_85ab9324_StateSignal_XLE,0.0,0.0,1.013643105935918,1.013643105935918,0.0,0.0,0.0,-0.0
2025-04-07 00:00:00+00:00,20260201_193432_85ab9324_StateSignal_XLE,0.0,0.0,1.013643105935918,1.013643105935918,0.0,0.0,0.0,-0.0
2025-04-08 00:00:00+00:00,20260201_193432_85ab9324_StateSignal_XLE,0.0,0.0,1.013643105935918,1.013643105935918,0.0,0.0,0.0,0.0
2025-04-09 00:00:00+00:00,20260201_193432_85ab9324_StateSignal_XLE,0.0,0.0,1.013643105935918,1.013643105935918,0.0,0.0,0.0,-0.0
2025-04-10 00:00:00+00:00,20260201_193432_85ab9324_StateSignal_XLE,0.0,0.0,1.013643105935918,1.013643105935918,0.0,0.0,0.0,0.0
2025-04-11 00:00:00+00:00,20260201_193432_85ab9324_StateSignal_XLE,0.0,0.0,1.013643105935918,1.013643105935918,0.0,0.0,0.0,-0.0
2025-04-14 00:00:00+00:00,20260201_193432_85ab9324_StateSignal_XLE,0.0,0.0,1.013643105935918,1.013643105935918,0.0,0.0,0.0,0.0
2025-04-15 00:00:00+00:00,20260201_193432_85ab9324_StateSignal_XLE,0.0,0.0,1.013643105935918,1.013643105935918,0.0,0.0,0.0,-0.0
2025-04-16 00:00:00+00:00,20260201_193432_85ab9324_StateSignal_XLE,0.0,0.0,1.013643105935918,1.013643105935918,0.0,0.0,0.0,0.0
2025-04-17 00:00:00+00:00,20260201_193432_85ab9324_StateSignal_XLE,0.0,0.0,1.013643105935918,1.013643105935918,0.0,0.0,0.0,0.0
2025-04-21 00:00:00+00:00,20260201_193432_85ab9324_StateSignal_XLE,0.0,0.0,1.013643105935918,1.013643105935918,0.0,0.0,0.0,0.0
2025-04-22 00:00:00+00:00,20260201_193432_85ab9324_StateSignal_XLE,0.0,0.0,1.013643105935918,1.013643105935918,0.0,0.0,0.0,-0.0
2025-04-23 00:00:00+00:00,20260201_193432_85ab9324_StateSignal_XLE,0.0,0.0,1.013643105935918,1.013643105935918,0.0,0.0,0.0,0.0
2025-04-24 00:00:00+00:00,20260201_193432_85ab9324_StateSignal_XLE,0.0,0.0,1.013643105935918,1.013643105935918,0.0,0.0,0.0,-0.0
2025-04-25 00:00:00+00:00,20260201_193432_85ab9324_StateSignal_XLE,0.0,0.0,1.013643105935918,1.013643105935918,0.0,0.0,0.0,0.0
2025-04-28 00:00:00+00:00,20260201_193432_85ab9324_StateSignal_XLE,0.0,0.0,1.013643105935918,1.013643105935918,0.0,0.0,0.0,0.0
2025-04-29 00:00:00+00:00,20260201_193432_85ab9324_StateSignal_XLE,0.0,0.0,1.013643105935918,1.013643105935918,0.0,0.0,0.0,-0.0
2025-04-30 00:00:00+00:00,20260201_193432_85ab9324_StateSignal_XLE,0.0,0.0,1.013643105935918,1.013643105935918,0.0,0.0,0.0,-0.0
2025-05-01 00:00:00+00:00,20260201_193432_85ab9324_StateSignal_XLE,0.0,0.0,1.013643105935918,1.013643105935918,0.0,0.0,0.0,-0.0
2025-05-02 00:00:00+00:00,20260201_193432_85ab9324_StateSignal_XLE,0.0,0.0,1.013643105935918,1.013643105935918,0.0,0.0,0.0,0.0
2025-05-05 00:00:00+00:00,20260201_193432_85ab9324_StateSignal_XLE,0.0,0.0,1.013643105935918,1.013643105935918,0.0,0.0,0.0,-0.0
2025-05-06 00:00:00+00:00,20260201_193432_85ab9324_StateSignal_XLE,0.0,0.0,1.013643105935918,1.013643105935918,0.0,0.0,0.0,-0.0
2025-05-07 00:00:00+00:00,20260201_193432_85ab9324_StateSignal_XLE,0.0,0.0,1.013643105935918,1.013643105935918,0.0,0.0,0.0,-0.0
2025-05-08 00:00:00+00:00,20260201_193432_85ab9324_StateSignal_XLE,0.0,0.0,1.013643105935918,1.013643105935918,0.0,0.0,0.0,0.0
2025-05-09 00:00:00+00:00,20260201_193432_85ab9324_StateSignal_XLE,0.0,0.0,1.013643105935918,1.013643105935918,0.0,0.0,0.0,0.0
2025-05-12 00:00:00+00:00,20260201_193432_85ab9324_StateSignal_XLE,0.0,0.0,1.013643105935918,1.013643105935918,0.0,0.0,0.0,0.0
2025-05-13 00:00:00+00:00,20260201_193432_85ab9324_StateSignal_XLE,0.0,0.0,1.013643105935918,1.013643105935918,0.0,0.0,0.0,-0.0
2025-05-14 00:00:00+00:00,20260201_193432_85ab9324_StateSignal_XLE,0.0,0.0,1.013643105935918,1.013643105935918,0.0,0.0,0.0,0.0
2025-05-15 00:00:00+00:00,20260201_193432_85ab9324_StateSignal_XLE,0.0,0.0,1.013643105935918,1.013643105935918,0.0,0.0,0.0,-0.0
2025-05-16 00:00:00+00:00,20260201_193432_85ab9324_StateSignal_XLE,0.0,0.0,1.013643105935918,1.013643105935918,0.0,0.0,0.0,0.0
2025-05-19 00:00:00+00:00,20260201_193432_85ab9324_StateSignal_XLE,0.0,0.0,1.013643105935918,1.013643105935918,0.0,0.0,0.0,-0.0
2025-05-20 00:00:00+00:00,20260201_193432_85ab9324_StateSignal_XLE,0.0,0.0,1.013643105935918,1.013643105935918,0.0,0.0,0.0,-0.0
2025-05-21 00:00:00+00:00,20260201_193432_85ab9324_StateSignal_XLE,0.0,0.0,1.013643105935918,1.013643105935918,0.0,0.0,0.0,-0.0
2025-05-22 00:00:00+00:00,20260201_193432_85ab9324_StateSignal_XLE,0.0,0.0,1.013643105935918,1.013643105935918,0.0,0.0,0.0,-0.0
2025-05-23 00:00:00+00:00,20260201_193432_85ab9324_StateSignal_XLE,0.0,0.0,1.013643105935918,1.013643105935918,0.0,0.0,0.0,-0.0
2025-05-27 00:00:00+00:00,20260201_193432_85ab9324_StateSignal_XLE,0.0,0.0,1.013643105935918,1.013643105935918,0.0,0.0,0.0,0.0
2025-05-28 00:00:00+00:00,20260201_193432_85ab9324_StateSignal_XLE,0.0,0.0,1.013643105935918,1.013643105935918,0.0,0.0,0.0,0.0
2025-05-29 00:00:00+00:00,20260201_193432_85ab9324_StateSignal_XLE,0.0,0.0,1.013643105935918,1.013643105935918,0.0,0.0,0.0,-0.0
2025-05-30 00:00:00+00:00,20260201_193432_85ab9324_StateSignal_XLE,0.0,0.0,1.013643105935918,1.013643105935918,0.0,0.0,0.0,-0.0
2025-06-02 00:00:00+00:00,20260201_193432_85ab9324_StateSignal_XLE,0.0,0.0,1.013643105935918,1.013643105935918,0.0,0.0,0.0,0.0
2025-06-03 00:00:00+00:00,20260201_193432_85ab9324_StateSignal_XLE,0.0,0.0,1.013643105935918,1.013643105935918,0.0,0.0,0.0,-0.0
2025-06-04 00:00:00+00:00,20260201_193432_85ab9324_StateSignal_XLE,0.0,0.0,1.013643105935918,1.013643105935918,0.0,0.0,0.0,0.0
2025-06-05 00:00:00+00:00,20260201_193432_85ab9324_StateSignal_XLE,0.0,0.0,1.013643105935918,1.013643105935918,0.0,0.0,0.0,-0.0
2025-06-06 00:00:00+00:00,20260201_193432_85ab9324_StateSignal_XLE,0.0,0.0,1.013643105935918,1.013643105935918,0.0,0.0,0.0,0.0
2025-06-09 00:00:00+00:00,20260201_193432_85ab9324_StateSignal_XLE,0.0,0.0,1.013643105935918,1.013643105935918,0.0,0.0,0.0,0.0
2025-06-10 00:00:00+00:00,20260201_193432_85ab9324_StateSignal_XLE,0.0,0.0,1.013643105935918,1.013643105935918,0.0,0.0,0.0,0.0
2025-06-11 00:00:00+00:00,20260201_193432_85ab9324_StateSignal_XLE,0.0,0.0,1.013643105935918,1.013643105935918,0.0,0.0,0.0,0.0
2025-06-12 00:00:00+00:00,20260201_193432_85ab9324_StateSignal_XLE,0.0,0.0,1.013643105935918,1.013643105935918,0.0,0.0,0.0,0.0
2025-06-13 00:00:00+00:00,20260201_193432_85ab9324_StateSignal_XLE,0.0,0.0,1.013643105935918,1.013643105935918,0.0,0.0,0.0,0.0
2025-06-16 00:00:00+00:00,20260201_193432_85ab9324_StateSignal_XLE,0.0,0.0,1.013643105935918,1.013643105935918,0.0,0.0,0.0,-0.0
2025-06-17 00:00:00+00:00,20260201_193432_85ab9324_StateSignal_XLE,0.0,0.0,1.013643105935918,1.013643105935918,0.0,0.0,0.0,0.0
2025-06-18 00:00:00+00:00,20260201_193432_85ab9324_StateSignal_XLE,0.0,0.0,1.013643105935918,1.013643105935918,0.0,0.0,0.0,0.0
2025-06-20 00:00:00+00:00,20260201_193432_85ab9324_StateSignal_XLE,0.0,0.0,1.013643105935918,1.013643105935918,0.0,0.0,0.0,-0.0
2025-06-23 00:00:00+00:00,20260201_193432_85ab9324_StateSignal_XLE,0.0,0.0,1.013643105935918,1.013643105935918,0.0,0.0,0.0,0.0
2025-06-24 00:00:00+00:00,20260201_193432_85ab9324_StateSignal_XLE,0.0,0.0,1.013643105935918,1.013643105935918,0.0,0.0,0.0,-0.0
2025-06-25 00:00:00+00:00,20260201_193432_85ab9324_StateSignal_XLE,0.0,0.0,1.013643105935918,1.013643105935918,0.0,0.0,0.0,-0.0
2025-06-26 00:00:00+00:00,20260201_193432_85ab9324_StateSignal_XLE,0.0,0.0,1.013643105935918,1.013643105935918,0.0,0.0,0.0,-0.0
2025-06-27 00:00:00+00:00,20260201_193432_85ab9324_StateSignal_XLE,0.0,0.0,1.013643105935918,1.013643105935918,0.0,0.0,0.0,0.0
2025-06-30 00:00:00+00:00,20260201_193432_85ab9324_StateSignal_XLE,0.0,0.0,1.013643105935918,1.013643105935918,0.0,0.0,0.0,-0.0
2025-07-01 00:00:00+00:00,20260201_193432_85ab9324_StateSignal_XLE,0.0,0.0,1.013643105935918,1.013643105935918,0.0,0.0,0.0,0.0
2025-07-02 00:00:00+00:00,20260201_193432_85ab9324_StateSignal_XLE,0.0,0.0,1.013643105935918,1.013643105935918,0.0,0.0,0.0,0.0
2025-07-03 00:00:00+00:00,20260201_193432_85ab9324_StateSignal_XLE,0.0,0.0,1.013643105935918,1.013643105935918,0.0,0.0,0.0,0.0
2025-07-07 00:00:00+00:00,20260201_193432_85ab9324_StateSignal_XLE,0.0,0.0,1.013643105935918,1.013643105935918,0.0,0.0,0.0,-0.0
2025-07-08 00:00:00+00:00,20260201_193432_85ab9324_StateSignal_XLE,0.0,0.0,1.013643105935918,1.013643105935918,0.0,0.0,0.0,-0.0
2025-07-09 00:00:00+00:00,20260201_193432_85ab9324_StateSignal_XLE,0.0,0.0,1.013643105935918,1.013643105935918,0.0,0.0,0.0,0.0
2025-07-10 00:00:00+00:00,20260201_193432_85ab9324_StateSignal_XLE,0.0,0.0,1.013643105935918,1.013643105935918,0.0,0.0,0.0,-0.0
2025-07-11 00:00:00+00:00,20260201_193432_85ab9324_StateSignal_XLE,0.0,0.0,1.013643105935918,1.013643105935918,0.0,0.0,0.0,0.0
2025-07-14 00:00:00+00:00,20260201_193432_85ab9324_StateSignal_XLE,0.0,0.0,1.013643105935918,1.013643105935918,0.0,0.0,0.0,0.0
2025-07-15 00:00:00+00:00,20260201_193432_85ab9324_StateSignal_XLE,0.0,0.0,1.013643105935918,1.013643105935918,0.0,0.0,0.0,-0.0
2025-07-16 00:00:00+00:00,20260201_193432_85ab9324_StateSignal_XLE,0.0,0.0,1.013643105935918,1.013643105935918,0.0,0.0,0.0,-0.0
2025-07-17 00:00:00+00:00,20260201_193432_85ab9324_StateSignal_XLE,0.0,0.0,1.013643105935918,1.013643105935918,0.0,0.0,0.0,-0.0
2025-07-18 00:00:00+00:00,20260201_193432_85ab9324_StateSignal_XLE,0.0,0.0,1.013643105935918,1.013643105935918,0.0,0.0,0.0,0.0
2025-07-21 00:00:00+00:00,20260201_193432_85ab9324_StateSignal_XLE,0.0,0.0,1.013643105935918,1.013643105935918,0.0,0.0,0.0,-0.0
2025-07-22 00:00:00+00:00,20260201_193432_85ab9324_StateSignal_XLE,0.0,0.0,1.013643105935918,1.013643105935918,0.0,0.0,0.0,-0.0
2025-07-23 00:00:00+00:00,20260201_193432_85ab9324_StateSignal_XLE,0.0,0.0,1.013643105935918,1.013643105935918,0.0,0.0,0.0,0.0
2025-07-24 00:00:00+00:00,20260201_193432_85ab9324_StateSignal_XLE,0.0,0.0,1.013643105935918,1.013643105935918,0.0,0.0,0.0,0.0
2025-07-25 00:00:00+00:00,20260201_193432_85ab9324_StateSignal_XLE,0.0,0.0,1.013643105935918,1.013643105935918,0.0,0.0,0.0,0.0
2025-07-28 00:00:00+00:00,20260201_193432_85ab9324_StateSignal_XLE,0.0,0.0,1.013643105935918,1.013643105935918,0.0,0.0,0.0,0.0
2025-07-29 00:00:00+00:00,20260201_193432_85ab9324_StateSignal_XLE,0.0,0.0,1.013643105935918,1.013643105935918,0.0,0.0,0.0,0.0
2025-07-30 00:00:00+00:00,20260201_193432_85ab9324_StateSignal_XLE,0.0,0.0,1.013643105935918,1.013643105935918,0.0,0.0,0.0,0.0
2025-07-31 00:00:00+00:00,20260201_193432_85ab9324_StateSignal_XLE,0.0,0.0,1.013643105935918,1.013643105935918,0.0,0.0,0.0,-0.0
2025-08-01 00:00:00+00:00,20260201_193432_85ab9324_StateSignal_XLE,0.0,0.0,1.013643105935918,1.013643105935918,0.0,0.0,0.0,0.0
2025-08-04 00:00:00+00:00,20260201_193432_85ab9324_StateSignal_XLE,0.0,0.0,1.013643105935918,1.013643105935918,0.0,0.0,0.0,-0.0
2025-08-05 00:00:00+00:00,20260201_193432_85ab9324_StateSignal_XLE,0.0,0.0,1.013643105935918,1.013643105935918,0.0,0.0,0.0,0.0
2025-08-06 00:00:00+00:00,20260201_193432_85ab9324_StateSignal_XLE,0.0,0.0,1.013643105935918,1.013643105935918,0.0,0.0,0.0,0.0
2025-08-07 00:00:00+00:00,20260201_193432_85ab9324_StateSignal_XLE,0.0,0.0,1.013643105935918,1.013643105935918,0.0,0.0,0.0,-0.0
2025-08-08 00:00:00+00:00,20260201_193432_85ab9324_StateSignal_XLE,0.0,0.0,1.013643105935918,1.013643105935918,0.0,0.0,0.0,-0.0
2025-08-11 00:00:00+00:00,20260201_193432_85ab9324_StateSignal_XLE,0.0,0.0,1.013643105935918,1.013643105935918,0.0,0.0,0.0,0.0
2025-08-12 00:00:00+00:00,20260201_193432_85ab9324_StateSignal_XLE,0.0,0.0,1.013643105935918,1.013643105935918,0.0,0.0,0.0,-0.0
2025-08-13 00:00:00+00:00,20260201_193432_85ab9324_StateSignal_XLE,0.0,0.0,1.013643105935918,1.013643105935918,0.0,0.0,0.0,0.0
2025-08-14 00:00:00+00:00,20260201_193432_85ab9324_StateSignal_XLE,0.0,0.0,1.013643105935918,1.013643105935918,0.0,0.0,0.0,0.0
2025-08-15 00:00:00+00:00,20260201_193432_85ab9324_StateSignal_XLE,0.0011897681355885759,0.0011897681355885759,1.0148491062042198,1.0148491062042198,0.0,0.0,1.0,0.0011897681355885759
2025-08-18 00:00:00+00:00,20260201_193432_85ab9324_StateSignal_XLE,-0.00500656666228938,-0.00500656666228938,1.0097681965018435,1.0097681965018435,0.0,0.0,1.0,-0.00500656666228938
2025-08-19 00:00:00+00:00,20260201_193432_85ab9324_StateSignal_XLE,-0.00407137432230531,-0.00407137432230531,1.0056570521951254,1.0056570521951254,0.0,0.0,1.0,-0.00407137432230531
2025-08-20 00:00:00+00:00,20260201_193432_85ab9324_StateSignal_XLE,0.00574301650261777,0.00574301650261777,1.0114325572418559,1.0114325572418559,0.0,0.0,1.0,0.00574301650261777
2025-08-21 00:00:00+00:00,20260201_193432_85ab9324_StateSignal_XLE,0.0038104356654495852,0.0038104356654495852,1.0152865559311672,1.0152865559311672,0.0,0.0,1.0,0.0038104356654495852
2025-08-22 00:00:00+00:00,20260201_193432_85ab9324_StateSignal_XLE,0.01228458633269236,0.01228458633269236,1.0277589312799256,1.0277589312799256,0.0,0.0,1.0,0.01228458633269236
2025-08-25 00:00:00+00:00,20260201_193432_85ab9324_StateSignal_XLE,0.017687219291429024,0.017687219291429024,1.0459371288761983,1.0459371288761983,0.0,0.0,1.0,0.017687219291429024
2025-08-26 00:00:00+00:00,20260201_193432_85ab9324_StateSignal_XLE,-0.0018471489897575744,-0.0018471489897575744,1.0440051271652446,1.0440051271652446,0.0,0.0,1.0,-0.0018471489897575744
2025-08-27 00:00:00+00:00,20260201_193432_85ab9324_StateSignal_XLE,0.0,0.0,1.0440051271652446,1.0440051271652446,0.0,0.0,1.0,0.0
2025-08-28 00:00:00+00:00,20260201_193432_85ab9324_StateSignal_XLE,0.013771160941328908,0.013771160941328908,1.0583822897950097,1.0583822897950097,0.0,0.0,1.0,0.013771160941328908
2025-08-29 00:00:00+00:00,20260201_193432_85ab9324_StateSignal_XLE,0.00885061944478105,0.00885061944478105,1.0677496286690813,1.0677496286690813,0.0,0.0,1.0,0.00885061944478105
2025-09-02 00:00:00+00:00,20260201_193432_85ab9324_StateSignal_XLE,0.0013547078161249004,0.0013547078161249004,1.0691961174367037,1.0691961174367037,0.0,0.0,1.0,0.0013547078161249004
2025-09-03 00:00:00+00:00,20260201_193432_85ab9324_StateSignal_XLE,-0.006564822671365711,-0.006564822671365711,1.0621770345248192,1.0621770345248192,0.0,0.0,1.0,-0.006564822671365711
2025-09-04 00:00:00+00:00,20260201_193432_85ab9324_StateSignal_XLE,0.0,0.0,1.0621770345248192,1.0621770345248192,0.0,0.0,0.0,-0.0
2025-09-05 00:00:00+00:00,20260201_193432_85ab9324_StateSignal_XLE,0.0,0.0,1.0621770345248192,1.0621770345248192,0.0,0.0,0.0,-0.0
2025-09-08 00:00:00+00:00,20260201_193432_85ab9324_StateSignal_XLE,0.0,0.0,1.0621770345248192,1.0621770345248192,0.0,0.0,0.0,-0.0
2025-09-09 00:00:00+00:00,20260201_193432_85ab9324_StateSignal_XLE,0.0,0.0,1.0621770345248192,1.0621770345248192,0.0,0.0,0.0,-0.0
2025-09-10 00:00:00+00:00,20260201_193432_85ab9324_StateSignal_XLE,0.0,0.0,1.0621770345248192,1.0621770345248192,0.0,0.0,0.0,0.0
2025-09-11 00:00:00+00:00,20260201_193432_85ab9324_StateSignal_XLE,0.0,0.0,1.0621770345248192,1.0621770345248192,0.0,0.0,0.0,0.0
2025-09-12 00:00:00+00:00,20260201_193432_85ab9324_StateSignal_XLE,0.0,0.0,1.0621770345248192,1.0621770345248192,0.0,0.0,0.0,0.0
2025-09-15 00:00:00+00:00,20260201_193432_85ab9324_StateSignal_XLE,0.0,0.0,1.0621770345248192,1.0621770345248192,0.0,0.0,0.0,-0.0
2025-09-16 00:00:00+00:00,20260201_193432_85ab9324_StateSignal_XLE,0.0006878367805294161,0.0006878367805294161,1.062907638956599,1.062907638956599,0.0,0.0,1.0,0.0006878367805294161
2025-09-17 00:00:00+00:00,20260201_193432_85ab9324_StateSignal_XLE,0.0,0.0,1.062907638956599,1.062907638956599,0.0,0.0,0.0,0.0
2025-09-18 00:00:00+00:00,20260201_193432_85ab9324_StateSignal_XLE,0.0,0.0,1.062907638956599,1.062907638956599,0.0,0.0,0.0,0.0
2025-09-19 00:00:00+00:00,20260201_193432_85ab9324_StateSignal_XLE,-0.0054311063575025464,-0.0054311063575025464,1.057134874521224,1.057134874521224,0.0,0.0,1.0,-0.0054311063575025464
2025-09-22 00:00:00+00:00,20260201_193432_85ab9324_StateSignal_XLE,0.0,0.0,1.057134874521224,1.057134874521224,0.0,0.0,0.0,-0.0
2025-09-23 00:00:00+00:00,20260201_193432_85ab9324_StateSignal_XLE,0.008510689667908355,0.008510689667908355,1.0661318213753972,1.0661318213753972,0.0,0.0,1.0,0.008510689667908355
2025-09-24 00:00:00+00:00,20260201_193432_85ab9324_StateSignal_XLE,0.0,0.0,1.0661318213753972,1.0661318213753972,0.0,0.0,0.0,0.0
2025-09-25 00:00:00+00:00,20260201_193432_85ab9324_StateSignal_XLE,0.0,0.0,1.0661318213753972,1.0661318213753972,0.0,0.0,0.0,0.0
2025-09-26 00:00:00+00:00,20260201_193432_85ab9324_StateSignal_XLE,0.0,0.0,1.0661318213753972,1.0661318213753972,0.0,0.0,0.0,0.0
2025-09-29 00:00:00+00:00,20260201_193432_85ab9324_StateSignal_XLE,0.0,0.0,1.0661318213753972,1.0661318213753972,0.0,0.0,0.0,0.0
2025-09-30 00:00:00+00:00,20260201_193432_85ab9324_StateSignal_XLE,0.0,0.0,1.0661318213753972,1.0661318213753972,0.0,0.0,0.0,-0.0
2025-10-01 00:00:00+00:00,20260201_193432_85ab9324_StateSignal_XLE,0.0,0.0,1.0661318213753972,1.0661318213753972,0.0,0.0,0.0,-0.0
2025-10-02 00:00:00+00:00,20260201_193432_85ab9324_StateSignal_XLE,0.0,0.0,1.0661318213753972,1.0661318213753972,0.0,0.0,0.0,0.0
2025-10-03 00:00:00+00:00,20260201_193432_85ab9324_StateSignal_XLE,0.0,0.0,1.0661318213753972,1.0661318213753972,0.0,0.0,0.0,-0.0
2025-10-06 00:00:00+00:00,20260201_193432_85ab9324_StateSignal_XLE,0.0,0.0,1.0661318213753972,1.0661318213753972,0.0,0.0,0.0,0.0
2025-10-07 00:00:00+00:00,20260201_193432_85ab9324_StateSignal_XLE,0.0,0.0,1.0661318213753972,1.0661318213753972,0.0,0.0,0.0,-0.0
2025-10-08 00:00:00+00:00,20260201_193432_85ab9324_StateSignal_XLE,0.001355319837010427,0.001355319837010427,1.0675767709817754,1.0675767709817754,0.0,0.0,1.0,0.001355319837010427
2025-10-09 00:00:00+00:00,20260201_193432_85ab9324_StateSignal_XLE,0.0,0.0,1.0675767709817754,1.0675767709817754,0.0,0.0,1.0,0.0
2025-10-10 00:00:00+00:00,20260201_193432_85ab9324_StateSignal_XLE,-0.025144181801024956,-0.025144181801024956,1.0407334265656585,1.0407334265656585,0.0,0.0,1.0,-0.025144181801024956
2025-10-13 00:00:00+00:00,20260201_193432_85ab9324_StateSignal_XLE,0.0,0.0,1.0407334265656585,1.0407334265656585,0.0,0.0,0.0,-0.0
2025-10-14 00:00:00+00:00,20260201_193432_85ab9324_StateSignal_XLE,0.0,0.0,1.0407334265656585,1.0407334265656585,0.0,0.0,0.0,-0.0
2025-10-15 00:00:00+00:00,20260201_193432_85ab9324_StateSignal_XLE,0.0,0.0,1.0407334265656585,1.0407334265656585,0.0,0.0,0.0,0.0
2025-10-16 00:00:00+00:00,20260201_193432_85ab9324_StateSignal_XLE,0.0,0.0,1.0407334265656585,1.0407334265656585,0.0,0.0,0.0,-0.0
2025-10-17 00:00:00+00:00,20260201_193432_85ab9324_StateSignal_XLE,0.0,0.0,1.0407334265656585,1.0407334265656585,0.0,0.0,0.0,-0.0
2025-10-20 00:00:00+00:00,20260201_193432_85ab9324_StateSignal_XLE,0.0,0.0,1.0407334265656585,1.0407334265656585,0.0,0.0,0.0,0.0
2025-10-21 00:00:00+00:00,20260201_193432_85ab9324_StateSignal_XLE,0.0,0.0,1.0407334265656585,1.0407334265656585,0.0,0.0,0.0,0.0
2025-10-22 00:00:00+00:00,20260201_193432_85ab9324_StateSignal_XLE,0.0,0.0,1.0407334265656585,1.0407334265656585,0.0,0.0,0.0,0.0
2025-10-23 00:00:00+00:00,20260201_193432_85ab9324_StateSignal_XLE,0.0,0.0,1.0407334265656585,1.0407334265656585,0.0,0.0,0.0,0.0
2025-10-24 00:00:00+00:00,20260201_193432_85ab9324_StateSignal_XLE,0.0,0.0,1.0407334265656585,1.0407334265656585,0.0,0.0,0.0,0.0
2025-10-27 00:00:00+00:00,20260201_193432_85ab9324_StateSignal_XLE,0.0,0.0,1.0407334265656585,1.0407334265656585,0.0,0.0,0.0,-0.0
2025-10-28 00:00:00+00:00,20260201_193432_85ab9324_StateSignal_XLE,0.0,0.0,1.0407334265656585,1.0407334265656585,0.0,0.0,0.0,-0.0
2025-10-29 00:00:00+00:00,20260201_193432_85ab9324_StateSignal_XLE,0.0,0.0,1.0407334265656585,1.0407334265656585,0.0,0.0,0.0,-0.0
2025-10-30 00:00:00+00:00,20260201_193432_85ab9324_StateSignal_XLE,0.0,0.0,1.0407334265656585,1.0407334265656585,0.0,0.0,0.0,0.0
2025-10-31 00:00:00+00:00,20260201_193432_85ab9324_StateSignal_XLE,0.0,0.0,1.0407334265656585,1.0407334265656585,0.0,0.0,0.0,-0.0
2025-11-03 00:00:00+00:00,20260201_193432_85ab9324_StateSignal_XLE,0.0,0.0,1.0407334265656585,1.0407334265656585,0.0,0.0,0.0,0.0
2025-11-04 00:00:00+00:00,20260201_193432_85ab9324_StateSignal_XLE,-0.011967921902613643,-0.011967921902613643,1.0282780101950812,1.0282780101950812,0.0,0.0,1.0,-0.011967921902613643
2025-11-05 00:00:00+00:00,20260201_193432_85ab9324_StateSignal_XLE,0.0006943641061303296,0.0006943641061303296,1.0289920095364837,1.0289920095364837,0.0,0.0,1.0,0.0006943641061303296
2025-11-06 00:00:00+00:00,20260201_193432_85ab9324_StateSignal_XLE,0.004616813371405737,0.004616813371405737,1.0337426736051814,1.0337426736051814,0.0,0.0,1.0,0.004616813371405737
2025-11-07 00:00:00+00:00,20260201_193432_85ab9324_StateSignal_XLE,0.012132459681040153,0.012132459681040153,1.046284514913267,1.046284514913267,0.0,0.0,1.0,0.012132459681040153
2025-11-10 00:00:00+00:00,20260201_193432_85ab9324_StateSignal_XLE,0.012211820686764518,0.012211820686764518,1.059061553796726,1.059061553796726,0.0,0.0,1.0,0.012211820686764518
2025-11-11 00:00:00+00:00,20260201_193432_85ab9324_StateSignal_XLE,0.011620242486890753,0.011620242486890753,1.0713681058603872,1.0713681058603872,0.0,0.0,1.0,0.011620242486890753
2025-11-12 00:00:00+00:00,20260201_193432_85ab9324_StateSignal_XLE,0.0,0.0,1.0713681058603872,1.0713681058603872,0.0,0.0,0.0,0.0
2025-11-13 00:00:00+00:00,20260201_193432_85ab9324_StateSignal_XLE,0.0,0.0,1.0713681058603872,1.0713681058603872,0.0,0.0,0.0,-0.0
2025-11-14 00:00:00+00:00,20260201_193432_85ab9324_StateSignal_XLE,0.0,0.0,1.0713681058603872,1.0713681058603872,0.0,0.0,0.0,0.0
2025-11-17 00:00:00+00:00,20260201_193432_85ab9324_StateSignal_XLE,0.0,0.0,1.0713681058603872,1.0713681058603872,0.0,0.0,0.0,0.0
2025-11-18 00:00:00+00:00,20260201_193432_85ab9324_StateSignal_XLE,0.0,0.0,1.0713681058603872,1.0713681058603872,0.0,0.0,0.0,-0.0
2025-11-19 00:00:00+00:00,20260201_193432_85ab9324_StateSignal_XLE,0.0,0.0,1.0713681058603872,1.0713681058603872,0.0,0.0,0.0,-0.0
2025-11-20 00:00:00+00:00,20260201_193432_85ab9324_StateSignal_XLE,0.0,0.0,1.0713681058603872,1.0713681058603872,0.0,0.0,0.0,0.0
2025-11-21 00:00:00+00:00,20260201_193432_85ab9324_StateSignal_XLE,0.0,0.0,1.0713681058603872,1.0713681058603872,0.0,0.0,0.0,-0.0
2025-11-24 00:00:00+00:00,20260201_193432_85ab9324_StateSignal_XLE,0.0,0.0,1.0713681058603872,1.0713681058603872,0.0,0.0,0.0,0.0
2025-11-25 00:00:00+00:00,20260201_193432_85ab9324_StateSignal_XLE,0.0,0.0,1.0713681058603872,1.0713681058603872,0.0,0.0,0.0,-0.0
2025-11-26 00:00:00+00:00,20260201_193432_85ab9324_StateSignal_XLE,0.0,0.0,1.0713681058603872,1.0713681058603872,0.0,0.0,0.0,0.0
2025-11-28 00:00:00+00:00,20260201_193432_85ab9324_StateSignal_XLE,0.0,0.0,1.0713681058603872,1.0713681058603872,0.0,0.0,0.0,0.0
2025-12-01 00:00:00+00:00,20260201_193432_85ab9324_StateSignal_XLE,0.0,0.0,1.0713681058603872,1.0713681058603872,0.0,0.0,0.0,0.0
2025-12-02 00:00:00+00:00,20260201_193432_85ab9324_StateSignal_XLE,0.0,0.0,1.0713681058603872,1.0713681058603872,0.0,0.0,0.0,0.0
2025-12-03 00:00:00+00:00,20260201_193432_85ab9324_StateSignal_XLE,0.0,0.0,1.0713681058603872,1.0713681058603872,0.0,0.0,0.0,-0.0
2025-12-04 00:00:00+00:00,20260201_193432_85ab9324_StateSignal_XLE,0.0,0.0,1.0713681058603872,1.0713681058603872,0.0,0.0,0.0,0.0
2025-12-05 00:00:00+00:00,20260201_193432_85ab9324_StateSignal_XLE,0.0,0.0,1.0713681058603872,1.0713681058603872,0.0,0.0,0.0,0.0
2025-12-08 00:00:00+00:00,20260201_193432_85ab9324_StateSignal_XLE,0.0,0.0,1.0713681058603872,1.0713681058603872,0.0,0.0,0.0,-0.0
2025-12-09 00:00:00+00:00,20260201_193432_85ab9324_StateSignal_XLE,0.0,0.0,1.0713681058603872,1.0713681058603872,0.0,0.0,0.0,-0.0
2025-12-10 00:00:00+00:00,20260201_193432_85ab9324_StateSignal_XLE,0.0,0.0,1.0713681058603872,1.0713681058603872,0.0,0.0,0.0,0.0
2025-12-11 00:00:00+00:00,20260201_193432_85ab9324_StateSignal_XLE,0.0,0.0,1.0713681058603872,1.0713681058603872,0.0,0.0,0.0,0.0
2025-12-12 00:00:00+00:00,20260201_193432_85ab9324_StateSignal_XLE,0.0,0.0,1.0713681058603872,1.0713681058603872,0.0,0.0,0.0,0.0
2025-12-15 00:00:00+00:00,20260201_193432_85ab9324_StateSignal_XLE,0.0,0.0,1.0713681058603872,1.0713681058603872,0.0,0.0,0.0,-0.0
2025-12-16 00:00:00+00:00,20260201_193432_85ab9324_StateSignal_XLE,0.0,0.0,1.0713681058603872,1.0713681058603872,0.0,0.0,0.0,-0.0
2025-12-17 00:00:00+00:00,20260201_193432_85ab9324_StateSignal_XLE,0.0,0.0,1.0713681058603872,1.0713681058603872,0.0,0.0,0.0,-0.0
2025-12-18 00:00:00+00:00,20260201_193432_85ab9324_StateSignal_XLE,0.0,0.0,1.0713681058603872,1.0713681058603872,0.0,0.0,0.0,0.0
2025-12-19 00:00:00+00:00,20260201_193432_85ab9324_StateSignal_XLE,0.0,0.0,1.0713681058603872,1.0713681058603872,0.0,0.0,0.0,-0.0
2025-12-22 00:00:00+00:00,20260201_193432_85ab9324_StateSignal_XLE,0.0,0.0,1.0713681058603872,1.0713681058603872,0.0,0.0,0.0,0.0
2025-12-23 00:00:00+00:00,20260201_193432_85ab9324_StateSignal_XLE,0.0,0.0,1.0713681058603872,1.0713681058603872,0.0,0.0,0.0,0.0
2025-12-24 00:00:00+00:00,20260201_193432_85ab9324_StateSignal_XLE,0.0,0.0,1.0713681058603872,1.0713681058603872,0.0,0.0,0.0,0.0
2025-12-26 00:00:00+00:00,20260201_193432_85ab9324_StateSignal_XLE,0.0,0.0,1.0713681058603872,1.0713681058603872,0.0,0.0,0.0,-0.0
2025-12-29 00:00:00+00:00,20260201_193432_85ab9324_StateSignal_XLE,0.0,0.0,1.0713681058603872,1.0713681058603872,0.0,0.0,0.0,0.0
2025-12-30 00:00:00+00:00,20260201_193432_85ab9324_StateSignal_XLE,0.0,0.0,1.0713681058603872,1.0713681058603872,0.0,0.0,0.0,0.0
2025-12-31 00:00:00+00:00,20260201_193432_85ab9324_StateSignal_XLE,0.0,0.0,1.0713681058603872,1.0713681058603872,0.0,0.0,0.0,0.0
2026-01-02 00:00:00+00:00,20260201_193432_85ab9324_StateSignal_XLE,0.0,0.0,1.0713681058603872,1.0713681058603872,0.0,0.0,0.0,-0.0
2026-01-05 00:00:00+00:00,20260201_193432_85ab9324_StateSignal_XLE,0.0,0.0,1.0713681058603872,1.0713681058603872,0.0,0.0,0.0,0.0
2026-01-06 00:00:00+00:00,20260201_193432_85ab9324_StateSignal_XLE,0.0,0.0,1.0713681058603872,1.0713681058603872,0.0,0.0,0.0,-0.0
2026-01-07 00:00:00+00:00,20260201_193432_85ab9324_StateSignal_XLE,0.0,0.0,1.0713681058603872,1.0713681058603872,0.0,0.0,0.0,-0.0
2026-01-08 00:00:00+00:00,20260201_193432_85ab9324_StateSignal_XLE,0.0,0.0,1.0713681058603872,1.0713681058603872,0.0,0.0,0.0,-0.0
2026-01-09 00:00:00+00:00,20260201_193432_85ab9324_StateSignal_XLE,0.0,0.0,1.0713681058603872,1.0713681058603872,0.0,0.0,0.0,0.0
2026-01-12 00:00:00+00:00,20260201_193432_85ab9324_StateSignal_XLE,0.0,0.0,1.0713681058603872,1.0713681058603872,0.0,0.0,0.0,0.0
2026-01-13 00:00:00+00:00,20260201_193432_85ab9324_StateSignal_XLE,0.0,0.0,1.0713681058603872,1.0713681058603872,0.0,0.0,0.0,-0.0
2026-01-14 00:00:00+00:00,20260201_193432_85ab9324_StateSignal_XLE,0.0,0.0,1.0713681058603872,1.0713681058603872,0.0,0.0,0.0,0.0
2026-01-15 00:00:00+00:00,20260201_193432_85ab9324_StateSignal_XLE,0.0,0.0,1.0713681058603872,1.0713681058603872,0.0,0.0,0.0,0.0
2026-01-16 00:00:00+00:00,20260201_193432_85ab9324_StateSignal_XLE,0.0,0.0,1.0713681058603872,1.0713681058603872,0.0,0.0,0.0,0.0
2026-01-20 00:00:00+00:00,20260201_193432_85ab9324_StateSignal_XLE,0.0,0.0,1.0713681058603872,1.0713681058603872,0.0,0.0,0.0,0.0
2026-01-21 00:00:00+00:00,20260201_193432_85ab9324_StateSignal_XLE,0.0,0.0,1.0713681058603872,1.0713681058603872,0.0,0.0,0.0,-0.0
2026-01-22 00:00:00+00:00,20260201_193432_85ab9324_StateSignal_XLE,0.0,0.0,1.0713681058603872,1.0713681058603872,0.0,0.0,0.0,0.0
2026-01-23 00:00:00+00:00,20260201_193432_85ab9324_StateSignal_XLE,0.0,0.0,1.0713681058603872,1.0713681058603872,0.0,0.0,0.0,0.0
2026-01-26 00:00:00+00:00,20260201_193432_85ab9324_StateSignal_XLE,0.0,0.0,1.0713681058603872,1.0713681058603872,0.0,0.0,0.0,0.0
2026-01-27 00:00:00+00:00,20260201_193432_85ab9324_StateSignal_XLE,0.0,0.0,1.0713681058603872,1.0713681058603872,0.0,0.0,0.0,-0.0
2026-01-28 00:00:00+00:00,20260201_193432_85ab9324_StateSignal_XLE,0.0,0.0,1.0713681058603872,1.0713681058603872,0.0,0.0,0.0,0.0
2026-01-29 00:00:00+00:00,20260201_193432_85ab9324_StateSignal_XLE,0.0,0.0,1.0713681058603872,1.0713681058603872,0.0,0.0,0.0,0.0
2026-01-30 00:00:00+00:00,20260201_193432_85ab9324_StateSignal_XLE,0.0,0.0,1.0713681058603872,1.0713681058603872,0.0,0.0,0.0,-0.0
