timestamp,run_id,port_ret_gross,port_ret_net,equity_gross,equity_net,turnover,cost,weight_XLE,asset_ret_gross_XLE
2021-01-05 00:00:00+00:00,20260201_193429_0a830b80_StateSignal_XLE,0.0,0.0,1.0,1.0,0.0,0.0,0.0,-0.0
2021-01-06 00:00:00+00:00,20260201_193429_0a830b80_StateSignal_XLE,0.0,0.0,1.0,1.0,0.0,0.0,0.0,0.0
2021-01-07 00:00:00+00:00,20260201_193429_0a830b80_StateSignal_XLE,0.0,0.0,1.0,1.0,0.0,0.0,0.0,0.0
2021-01-08 00:00:00+00:00,20260201_193429_0a830b80_StateSignal_XLE,0.0,0.0,1.0,1.0,0.0,0.0,0.0,0.0
2021-01-11 00:00:00+00:00,20260201_193429_0a830b80_StateSignal_XLE,0.0,0.0,1.0,1.0,0.0,0.0,0.0,0.0
2021-01-12 00:00:00+00:00,20260201_193429_0a830b80_StateSignal_XLE,0.0,0.0,1.0,1.0,0.0,0.0,0.0,0.0
2021-01-13 00:00:00+00:00,20260201_193429_0a830b80_StateSignal_XLE,0.0,0.0,1.0,1.0,0.0,0.0,0.0,0.0
2021-01-14 00:00:00+00:00,20260201_193429_0a830b80_StateSignal_XLE,0.0,0.0,1.0,1.0,0.0,0.0,0.0,-0.0
2021-01-15 00:00:00+00:00,20260201_193429_0a830b80_StateSignal_XLE,0.0,0.0,1.0,1.0,0.0,0.0,0.0,0.0
2021-01-19 00:00:00+00:00,20260201_193429_0a830b80_StateSignal_XLE,0.0,0.0,1.0,1.0,0.0,0.0,0.0,-0.0
2021-01-20 00:00:00+00:00,20260201_193429_0a830b80_StateSignal_XLE,0.0,0.0,1.0,1.0,0.0,0.0,0.0,0.0
2021-01-21 00:00:00+00:00,20260201_193429_0a830b80_StateSignal_XLE,0.0,0.0,1.0,1.0,0.0,0.0,0.0,-0.0
2021-01-22 00:00:00+00:00,20260201_193429_0a830b80_StateSignal_XLE,0.0,0.0,1.0,1.0,0.0,0.0,0.0,-0.0
2021-01-25 00:00:00+00:00,20260201_193429_0a830b80_StateSignal_XLE,0.0,0.0,1.0,1.0,0.0,0.0,0.0,-0.0
2021-01-26 00:00:00+00:00,20260201_193429_0a830b80_StateSignal_XLE,0.0,0.0,1.0,1.0,0.0,0.0,0.0,-0.0
2021-01-27 00:00:00+00:00,20260201_193429_0a830b80_StateSignal_XLE,0.0,0.0,1.0,1.0,0.0,0.0,0.0,-0.0
2021-01-28 00:00:00+00:00,20260201_193429_0a830b80_StateSignal_XLE,0.0,0.0,1.0,1.0,0.0,0.0,0.0,-0.0
2021-01-29 00:00:00+00:00,20260201_193429_0a830b80_StateSignal_XLE,0.0,0.0,1.0,1.0,0.0,0.0,0.0,0.0
2021-02-01 00:00:00+00:00,20260201_193429_0a830b80_StateSignal_XLE,0.0,0.0,1.0,1.0,0.0,0.0,0.0,-0.0
2021-02-02 00:00:00+00:00,20260201_193429_0a830b80_StateSignal_XLE,0.0,0.0,1.0,1.0,0.0,0.0,0.0,0.0
2021-02-03 00:00:00+00:00,20260201_193429_0a830b80_StateSignal_XLE,0.0,0.0,1.0,1.0,0.0,0.0,0.0,0.0
2021-02-04 00:00:00+00:00,20260201_193429_0a830b80_StateSignal_XLE,0.0,0.0,1.0,1.0,0.0,0.0,0.0,0.0
2021-02-05 00:00:00+00:00,20260201_193429_0a830b80_StateSignal_XLE,0.0,0.0,1.0,1.0,0.0,0.0,0.0,0.0
2021-02-08 00:00:00+00:00,20260201_193429_0a830b80_StateSignal_XLE,0.0,0.0,1.0,1.0,0.0,0.0,0.0,0.0
2021-02-09 00:00:00+00:00,20260201_193429_0a830b80_StateSignal_XLE,0.0,0.0,1.0,1.0,0.0,0.0,0.0,0.0
2021-02-10 00:00:00+00:00,20260201_193429_0a830b80_StateSignal_XLE,0.0,0.0,1.0,1.0,0.0,0.0,0.0,-0.0
2021-02-11 00:00:00+00:00,20260201_193429_0a830b80_StateSignal_XLE,0.0,0.0,1.0,1.0,0.0,0.0,0.0,0.0
2021-02-12 00:00:00+00:00,20260201_193429_0a830b80_StateSignal_XLE,0.0,0.0,1.0,1.0,0.0,0.0,0.0,-0.0
2021-02-16 00:00:00+00:00,20260201_193429_0a830b80_StateSignal_XLE,0.0,0.0,1.0,1.0,0.0,0.0,0.0,0.0
2021-02-17 00:00:00+00:00,20260201_193429_0a830b80_StateSignal_XLE,0.0,0.0,1.0,1.0,0.0,0.0,0.0,0.0
2021-02-18 00:00:00+00:00,20260201_193429_0a830b80_StateSignal_XLE,0.0,0.0,1.0,1.0,0.0,0.0,0.0,0.0
2021-02-19 00:00:00+00:00,20260201_193429_0a830b80_StateSignal_XLE,0.0,0.0,1.0,1.0,0.0,0.0,0.0,-0.0
2021-02-22 00:00:00+00:00,20260201_193429_0a830b80_StateSignal_XLE,0.0,0.0,1.0,1.0,0.0,0.0,0.0,0.0
2021-02-23 00:00:00+00:00,20260201_193429_0a830b80_StateSignal_XLE,0.0,0.0,1.0,1.0,0.0,0.0,0.0,0.0
2021-02-24 00:00:00+00:00,20260201_193429_0a830b80_StateSignal_XLE,0.0,0.0,1.0,1.0,0.0,0.0,0.0,0.0
2021-02-25 00:00:00+00:00,20260201_193429_0a830b80_StateSignal_XLE,0.0,0.0,1.0,1.0,0.0,0.0,0.0,0.0
2021-02-26 00:00:00+00:00,20260201_193429_0a830b80_StateSignal_XLE,0.0,0.0,1.0,1.0,0.0,0.0,0.0,-0.0
2021-03-01 00:00:00+00:00,20260201_193429_0a830b80_StateSignal_XLE,0.0,0.0,1.0,1.0,0.0,0.0,0.0,-0.0
2021-03-02 00:00:00+00:00,20260201_193429_0a830b80_StateSignal_XLE,0.0,0.0,1.0,1.0,0.0,0.0,0.0,0.0
2021-03-03 00:00:00+00:00,20260201_193429_0a830b80_StateSignal_XLE,0.0,0.0,1.0,1.0,0.0,0.0,0.0,-0.0
2021-03-04 00:00:00+00:00,20260201_193429_0a830b80_StateSignal_XLE,0.0,0.0,1.0,1.0,0.0,0.0,0.0,0.0
2021-03-05 00:00:00+00:00,20260201_193429_0a830b80_StateSignal_XLE,0.0,0.0,1.0,1.0,0.0,0.0,0.0,0.0
2021-03-08 00:00:00+00:00,20260201_193429_0a830b80_StateSignal_XLE,0.0,0.0,1.0,1.0,0.0,0.0,0.0,0.0
2021-03-09 00:00:00+00:00,20260201_193429_0a830b80_StateSignal_XLE,0.0,0.0,1.0,1.0,0.0,0.0,0.0,0.0
2021-03-10 00:00:00+00:00,20260201_193429_0a830b80_StateSignal_XLE,0.0,0.0,1.0,1.0,0.0,0.0,0.0,-0.0
2021-03-11 00:00:00+00:00,20260201_193429_0a830b80_StateSignal_XLE,0.0,0.0,1.0,1.0,0.0,0.0,0.0,0.0
2021-03-12 00:00:00+00:00,20260201_193429_0a830b80_StateSignal_XLE,0.0,0.0,1.0,1.0,0.0,0.0,0.0,0.0
2021-03-15 00:00:00+00:00,20260201_193429_0a830b80_StateSignal_XLE,0.0,0.0,1.0,1.0,0.0,0.0,0.0,-0.0
2021-03-16 00:00:00+00:00,20260201_193429_0a830b80_StateSignal_XLE,0.0,0.0,1.0,1.0,0.0,0.0,0.0,-0.0
2021-03-17 00:00:00+00:00,20260201_193429_0a830b80_StateSignal_XLE,0.0,0.0,1.0,1.0,0.0,0.0,0.0,-0.0
2021-03-18 00:00:00+00:00,20260201_193429_0a830b80_StateSignal_XLE,0.0,0.0,1.0,1.0,0.0,0.0,0.0,0.0
2021-03-19 00:00:00+00:00,20260201_193429_0a830b80_StateSignal_XLE,0.0,0.0,1.0,1.0,0.0,0.0,0.0,-0.0
2021-03-22 00:00:00+00:00,20260201_193429_0a830b80_StateSignal_XLE,0.0,0.0,1.0,1.0,0.0,0.0,0.0,-0.0
2021-03-23 00:00:00+00:00,20260201_193429_0a830b80_StateSignal_XLE,0.0,0.0,1.0,1.0,0.0,0.0,0.0,-0.0
2021-03-24 00:00:00+00:00,20260201_193429_0a830b80_StateSignal_XLE,0.0,0.0,1.0,1.0,0.0,0.0,0.0,-0.0
2021-03-25 00:00:00+00:00,20260201_193429_0a830b80_StateSignal_XLE,0.0,0.0,1.0,1.0,0.0,0.0,0.0,0.0
2021-03-26 00:00:00+00:00,20260201_193429_0a830b80_StateSignal_XLE,0.0,0.0,1.0,1.0,0.0,0.0,0.0,-0.0
2021-03-29 00:00:00+00:00,20260201_193429_0a830b80_StateSignal_XLE,0.0,0.0,1.0,1.0,0.0,0.0,0.0,0.0
2021-03-30 00:00:00+00:00,20260201_193429_0a830b80_StateSignal_XLE,0.0,0.0,1.0,1.0,0.0,0.0,0.0,0.0
2021-03-31 00:00:00+00:00,20260201_193429_0a830b80_StateSignal_XLE,0.0,0.0,1.0,1.0,0.0,0.0,0.0,-0.0
2021-04-01 00:00:00+00:00,20260201_193429_0a830b80_StateSignal_XLE,0.0,0.0,1.0,1.0,0.0,0.0,0.0,-0.0
2021-04-05 00:00:00+00:00,20260201_193429_0a830b80_StateSignal_XLE,0.0,0.0,1.0,1.0,0.0,0.0,0.0,0.0
2021-04-06 00:00:00+00:00,20260201_193429_0a830b80_StateSignal_XLE,0.0,0.0,1.0,1.0,0.0,0.0,0.0,-0.0
2021-04-07 00:00:00+00:00,20260201_193429_0a830b80_StateSignal_XLE,0.0,0.0,1.0,1.0,0.0,0.0,0.0,0.0
2021-04-08 00:00:00+00:00,20260201_193429_0a830b80_StateSignal_XLE,0.0,0.0,1.0,1.0,0.0,0.0,0.0,0.0
2021-04-09 00:00:00+00:00,20260201_193429_0a830b80_StateSignal_XLE,0.0,0.0,1.0,1.0,0.0,0.0,0.0,-0.0
2021-04-12 00:00:00+00:00,20260201_193429_0a830b80_StateSignal_XLE,0.0,0.0,1.0,1.0,0.0,0.0,0.0,-0.0
2021-04-13 00:00:00+00:00,20260201_193429_0a830b80_StateSignal_XLE,0.0,0.0,1.0,1.0,0.0,0.0,0.0,-0.0
2021-04-14 00:00:00+00:00,20260201_193429_0a830b80_StateSignal_XLE,0.0,0.0,1.0,1.0,0.0,0.0,0.0,0.0
2021-04-15 00:00:00+00:00,20260201_193429_0a830b80_StateSignal_XLE,0.0,0.0,1.0,1.0,0.0,0.0,0.0,0.0
2021-04-16 00:00:00+00:00,20260201_193429_0a830b80_StateSignal_XLE,0.0,0.0,1.0,1.0,0.0,0.0,0.0,-0.0
2021-04-19 00:00:00+00:00,20260201_193429_0a830b80_StateSignal_XLE,0.0,0.0,1.0,1.0,0.0,0.0,0.0,-0.0
2021-04-20 00:00:00+00:00,20260201_193429_0a830b80_StateSignal_XLE,0.0,0.0,1.0,1.0,0.0,0.0,0.0,-0.0
2021-04-21 00:00:00+00:00,20260201_193429_0a830b80_StateSignal_XLE,0.0,0.0,1.0,1.0,0.0,0.0,0.0,-0.0
2021-04-22 00:00:00+00:00,20260201_193429_0a830b80_StateSignal_XLE,0.0,0.0,1.0,1.0,0.0,0.0,0.0,0.0
2021-04-23 00:00:00+00:00,20260201_193429_0a830b80_StateSignal_XLE,0.0,0.0,1.0,1.0,0.0,0.0,0.0,-0.0
2021-04-26 00:00:00+00:00,20260201_193429_0a830b80_StateSignal_XLE,0.0,0.0,1.0,1.0,0.0,0.0,0.0,0.0
2021-04-27 00:00:00+00:00,20260201_193429_0a830b80_StateSignal_XLE,0.0,0.0,1.0,1.0,0.0,0.0,0.0,0.0
2021-04-28 00:00:00+00:00,20260201_193429_0a830b80_StateSignal_XLE,0.0,0.0,1.0,1.0,0.0,0.0,0.0,0.0
2021-04-29 00:00:00+00:00,20260201_193429_0a830b80_StateSignal_XLE,0.0,0.0,1.0,1.0,0.0,0.0,0.0,0.0
2021-04-30 00:00:00+00:00,20260201_193429_0a830b80_StateSignal_XLE,0.0,0.0,1.0,1.0,0.0,0.0,0.0,0.0
2021-05-03 00:00:00+00:00,20260201_193429_0a830b80_StateSignal_XLE,0.0,0.0,1.0,1.0,0.0,0.0,0.0,-0.0
2021-05-04 00:00:00+00:00,20260201_193429_0a830b80_StateSignal_XLE,0.0,0.0,1.0,1.0,0.0,0.0,0.0,0.0
2021-05-05 00:00:00+00:00,20260201_193429_0a830b80_StateSignal_XLE,0.0,0.0,1.0,1.0,0.0,0.0,0.0,-0.0
2021-05-06 00:00:00+00:00,20260201_193429_0a830b80_StateSignal_XLE,0.0,0.0,1.0,1.0,0.0,0.0,0.0,0.0
2021-05-07 00:00:00+00:00,20260201_193429_0a830b80_StateSignal_XLE,0.0,0.0,1.0,1.0,0.0,0.0,0.0,0.0
2021-05-10 00:00:00+00:00,20260201_193429_0a830b80_StateSignal_XLE,0.0,0.0,1.0,1.0,0.0,0.0,0.0,0.0
2021-05-11 00:00:00+00:00,20260201_193429_0a830b80_StateSignal_XLE,0.0,0.0,1.0,1.0,0.0,0.0,0.0,0.0
2021-05-12 00:00:00+00:00,20260201_193429_0a830b80_StateSignal_XLE,0.0,0.0,1.0,1.0,0.0,0.0,0.0,-0.0
2021-05-13 00:00:00+00:00,20260201_193429_0a830b80_StateSignal_XLE,0.0,0.0,1.0,1.0,0.0,0.0,0.0,0.0
2021-05-14 00:00:00+00:00,20260201_193429_0a830b80_StateSignal_XLE,0.0,0.0,1.0,1.0,0.0,0.0,0.0,-0.0
2021-05-17 00:00:00+00:00,20260201_193429_0a830b80_StateSignal_XLE,0.0,0.0,1.0,1.0,0.0,0.0,0.0,0.0
2021-05-18 00:00:00+00:00,20260201_193429_0a830b80_StateSignal_XLE,0.0,0.0,1.0,1.0,0.0,0.0,0.0,0.0
2021-05-19 00:00:00+00:00,20260201_193429_0a830b80_StateSignal_XLE,0.0,0.0,1.0,1.0,0.0,0.0,0.0,-0.0
2021-05-20 00:00:00+00:00,20260201_193429_0a830b80_StateSignal_XLE,0.0,0.0,1.0,1.0,0.0,0.0,0.0,-0.0
2021-05-21 00:00:00+00:00,20260201_193429_0a830b80_StateSignal_XLE,0.0,0.0,1.0,1.0,0.0,0.0,0.0,0.0
2021-05-24 00:00:00+00:00,20260201_193429_0a830b80_StateSignal_XLE,0.0,0.0,1.0,1.0,0.0,0.0,0.0,0.0
2021-05-25 00:00:00+00:00,20260201_193429_0a830b80_StateSignal_XLE,0.0,0.0,1.0,1.0,0.0,0.0,0.0,0.0
2021-05-26 00:00:00+00:00,20260201_193429_0a830b80_StateSignal_XLE,0.0,0.0,1.0,1.0,0.0,0.0,0.0,-0.0
2021-05-27 00:00:00+00:00,20260201_193429_0a830b80_StateSignal_XLE,0.0,0.0,1.0,1.0,0.0,0.0,0.0,0.0
2021-05-28 00:00:00+00:00,20260201_193429_0a830b80_StateSignal_XLE,0.0,0.0,1.0,1.0,0.0,0.0,0.0,0.0
2021-06-01 00:00:00+00:00,20260201_193429_0a830b80_StateSignal_XLE,0.0,0.0,1.0,1.0,0.0,0.0,0.0,0.0
2021-06-02 00:00:00+00:00,20260201_193429_0a830b80_StateSignal_XLE,0.0,0.0,1.0,1.0,0.0,0.0,0.0,0.0
2021-06-03 00:00:00+00:00,20260201_193429_0a830b80_StateSignal_XLE,0.0,0.0,1.0,1.0,0.0,0.0,0.0,0.0
2021-06-04 00:00:00+00:00,20260201_193429_0a830b80_StateSignal_XLE,0.0,0.0,1.0,1.0,0.0,0.0,0.0,0.0
2021-06-07 00:00:00+00:00,20260201_193429_0a830b80_StateSignal_XLE,0.0,0.0,1.0,1.0,0.0,0.0,0.0,0.0
2021-06-08 00:00:00+00:00,20260201_193429_0a830b80_StateSignal_XLE,0.0,0.0,1.0,1.0,0.0,0.0,0.0,-0.0
2021-06-09 00:00:00+00:00,20260201_193429_0a830b80_StateSignal_XLE,0.0,0.0,1.0,1.0,0.0,0.0,0.0,0.0
2021-06-10 00:00:00+00:00,20260201_193429_0a830b80_StateSignal_XLE,0.0,0.0,1.0,1.0,0.0,0.0,0.0,0.0
2021-06-11 00:00:00+00:00,20260201_193429_0a830b80_StateSignal_XLE,0.0,0.0,1.0,1.0,0.0,0.0,0.0,-0.0
2021-06-14 00:00:00+00:00,20260201_193429_0a830b80_StateSignal_XLE,0.0,0.0,1.0,1.0,0.0,0.0,0.0,-0.0
2021-06-15 00:00:00+00:00,20260201_193429_0a830b80_StateSignal_XLE,0.0,0.0,1.0,1.0,0.0,0.0,0.0,-0.0
2021-06-16 00:00:00+00:00,20260201_193429_0a830b80_StateSignal_XLE,0.0,0.0,1.0,1.0,0.0,0.0,0.0,0.0
2021-06-17 00:00:00+00:00,20260201_193429_0a830b80_StateSignal_XLE,0.0,0.0,1.0,1.0,0.0,0.0,0.0,-0.0
2021-06-18 00:00:00+00:00,20260201_193429_0a830b80_StateSignal_XLE,0.0,0.0,1.0,1.0,0.0,0.0,0.0,-0.0
2021-06-21 00:00:00+00:00,20260201_193429_0a830b80_StateSignal_XLE,0.0,0.0,1.0,1.0,0.0,0.0,0.0,-0.0
2021-06-22 00:00:00+00:00,20260201_193429_0a830b80_StateSignal_XLE,0.0,0.0,1.0,1.0,0.0,0.0,0.0,0.0
2021-06-23 00:00:00+00:00,20260201_193429_0a830b80_StateSignal_XLE,0.0,0.0,1.0,1.0,0.0,0.0,0.0,0.0
2021-06-24 00:00:00+00:00,20260201_193429_0a830b80_StateSignal_XLE,0.0,0.0,1.0,1.0,0.0,0.0,0.0,0.0
2021-06-25 00:00:00+00:00,20260201_193429_0a830b80_StateSignal_XLE,0.0,0.0,1.0,1.0,0.0,0.0,0.0,0.0
2021-06-28 00:00:00+00:00,20260201_193429_0a830b80_StateSignal_XLE,0.0,0.0,1.0,1.0,0.0,0.0,0.0,0.0
2021-06-29 00:00:00+00:00,20260201_193429_0a830b80_StateSignal_XLE,0.0,0.0,1.0,1.0,0.0,0.0,0.0,-0.0
2021-06-30 00:00:00+00:00,20260201_193429_0a830b80_StateSignal_XLE,0.0,0.0,1.0,1.0,0.0,0.0,0.0,-0.0
2021-07-01 00:00:00+00:00,20260201_193429_0a830b80_StateSignal_XLE,0.0,0.0,1.0,1.0,0.0,0.0,0.0,0.0
2021-07-02 00:00:00+00:00,20260201_193429_0a830b80_StateSignal_XLE,0.0,0.0,1.0,1.0,0.0,0.0,0.0,0.0
2021-07-06 00:00:00+00:00,20260201_193429_0a830b80_StateSignal_XLE,0.0,0.0,1.0,1.0,0.0,0.0,0.0,-0.0
2021-07-07 00:00:00+00:00,20260201_193429_0a830b80_StateSignal_XLE,0.0,0.0,1.0,1.0,0.0,0.0,0.0,-0.0
2021-07-08 00:00:00+00:00,20260201_193429_0a830b80_StateSignal_XLE,0.0,0.0,1.0,1.0,0.0,0.0,0.0,-0.0
2021-07-09 00:00:00+00:00,20260201_193429_0a830b80_StateSignal_XLE,0.0,0.0,1.0,1.0,0.0,0.0,0.0,-0.0
2021-07-12 00:00:00+00:00,20260201_193429_0a830b80_StateSignal_XLE,0.0,0.0,1.0,1.0,0.0,0.0,0.0,0.0
2021-07-13 00:00:00+00:00,20260201_193429_0a830b80_StateSignal_XLE,0.0,0.0,1.0,1.0,0.0,0.0,0.0,0.0
2021-07-14 00:00:00+00:00,20260201_193429_0a830b80_StateSignal_XLE,0.0,0.0,1.0,1.0,0.0,0.0,0.0,-0.0
2021-07-15 00:00:00+00:00,20260201_193429_0a830b80_StateSignal_XLE,0.0,0.0,1.0,1.0,0.0,0.0,0.0,-0.0
2021-07-16 00:00:00+00:00,20260201_193429_0a830b80_StateSignal_XLE,0.0,0.0,1.0,1.0,0.0,0.0,0.0,-0.0
2021-07-19 00:00:00+00:00,20260201_193429_0a830b80_StateSignal_XLE,0.0,0.0,1.0,1.0,0.0,0.0,0.0,-0.0
2021-07-20 00:00:00+00:00,20260201_193429_0a830b80_StateSignal_XLE,0.0,0.0,1.0,1.0,0.0,0.0,0.0,-0.0
2021-07-21 00:00:00+00:00,20260201_193429_0a830b80_StateSignal_XLE,0.0,0.0,1.0,1.0,0.0,0.0,0.0,0.0
2021-07-22 00:00:00+00:00,20260201_193429_0a830b80_StateSignal_XLE,0.0,0.0,1.0,1.0,0.0,0.0,0.0,0.0
2021-07-23 00:00:00+00:00,20260201_193429_0a830b80_StateSignal_XLE,0.0,0.0,1.0,1.0,0.0,0.0,0.0,-0.0
2021-07-26 00:00:00+00:00,20260201_193429_0a830b80_StateSignal_XLE,0.0,0.0,1.0,1.0,0.0,0.0,0.0,-0.0
2021-07-27 00:00:00+00:00,20260201_193429_0a830b80_StateSignal_XLE,0.0,0.0,1.0,1.0,0.0,0.0,0.0,0.0
2021-07-28 00:00:00+00:00,20260201_193429_0a830b80_StateSignal_XLE,0.0,0.0,1.0,1.0,0.0,0.0,0.0,-0.0
2021-07-29 00:00:00+00:00,20260201_193429_0a830b80_StateSignal_XLE,0.0,0.0,1.0,1.0,0.0,0.0,0.0,0.0
2021-07-30 00:00:00+00:00,20260201_193429_0a830b80_StateSignal_XLE,0.0,0.0,1.0,1.0,0.0,0.0,0.0,0.0
2021-08-02 00:00:00+00:00,20260201_193429_0a830b80_StateSignal_XLE,0.0,0.0,1.0,1.0,0.0,0.0,0.0,-0.0
2021-08-03 00:00:00+00:00,20260201_193429_0a830b80_StateSignal_XLE,0.0,0.0,1.0,1.0,0.0,0.0,0.0,0.0
2021-08-04 00:00:00+00:00,20260201_193429_0a830b80_StateSignal_XLE,0.0,0.0,1.0,1.0,0.0,0.0,0.0,0.0
2021-08-05 00:00:00+00:00,20260201_193429_0a830b80_StateSignal_XLE,0.0,0.0,1.0,1.0,0.0,0.0,0.0,-0.0
2021-08-06 00:00:00+00:00,20260201_193429_0a830b80_StateSignal_XLE,0.0,0.0,1.0,1.0,0.0,0.0,0.0,0.0
2021-08-09 00:00:00+00:00,20260201_193429_0a830b80_StateSignal_XLE,0.0,0.0,1.0,1.0,0.0,0.0,0.0,0.0
2021-08-10 00:00:00+00:00,20260201_193429_0a830b80_StateSignal_XLE,0.0,0.0,1.0,1.0,0.0,0.0,0.0,-0.0
2021-08-11 00:00:00+00:00,20260201_193429_0a830b80_StateSignal_XLE,0.0,0.0,1.0,1.0,0.0,0.0,0.0,0.0
2021-08-12 00:00:00+00:00,20260201_193429_0a830b80_StateSignal_XLE,0.0,0.0,1.0,1.0,0.0,0.0,0.0,0.0
2021-08-13 00:00:00+00:00,20260201_193429_0a830b80_StateSignal_XLE,0.0,0.0,1.0,1.0,0.0,0.0,0.0,-0.0
2021-08-16 00:00:00+00:00,20260201_193429_0a830b80_StateSignal_XLE,0.0,0.0,1.0,1.0,0.0,0.0,0.0,-0.0
2021-08-17 00:00:00+00:00,20260201_193429_0a830b80_StateSignal_XLE,0.0,0.0,1.0,1.0,0.0,0.0,0.0,-0.0
2021-08-18 00:00:00+00:00,20260201_193429_0a830b80_StateSignal_XLE,0.0,0.0,1.0,1.0,0.0,0.0,0.0,-0.0
2021-08-19 00:00:00+00:00,20260201_193429_0a830b80_StateSignal_XLE,0.0,0.0,1.0,1.0,0.0,0.0,0.0,-0.0
2021-08-20 00:00:00+00:00,20260201_193429_0a830b80_StateSignal_XLE,0.0,0.0,1.0,1.0,0.0,0.0,0.0,-0.0
2021-08-23 00:00:00+00:00,20260201_193429_0a830b80_StateSignal_XLE,0.0,0.0,1.0,1.0,0.0,0.0,0.0,0.0
2021-08-24 00:00:00+00:00,20260201_193429_0a830b80_StateSignal_XLE,0.0,0.0,1.0,1.0,0.0,0.0,0.0,0.0
2021-08-25 00:00:00+00:00,20260201_193429_0a830b80_StateSignal_XLE,0.0,0.0,1.0,1.0,0.0,0.0,0.0,0.0
2021-08-26 00:00:00+00:00,20260201_193429_0a830b80_StateSignal_XLE,0.0,0.0,1.0,1.0,0.0,0.0,0.0,0.0
2021-08-27 00:00:00+00:00,20260201_193429_0a830b80_StateSignal_XLE,0.0,0.0,1.0,1.0,0.0,0.0,0.0,-0.0
2021-08-30 00:00:00+00:00,20260201_193429_0a830b80_StateSignal_XLE,0.0,0.0,1.0,1.0,0.0,0.0,0.0,0.0
2021-08-31 00:00:00+00:00,20260201_193429_0a830b80_StateSignal_XLE,0.0,0.0,1.0,1.0,0.0,0.0,0.0,-0.0
2021-09-01 00:00:00+00:00,20260201_193429_0a830b80_StateSignal_XLE,0.0,0.0,1.0,1.0,0.0,0.0,0.0,-0.0
2021-09-02 00:00:00+00:00,20260201_193429_0a830b80_StateSignal_XLE,0.0,0.0,1.0,1.0,0.0,0.0,0.0,-0.0
2021-09-03 00:00:00+00:00,20260201_193429_0a830b80_StateSignal_XLE,0.0,0.0,1.0,1.0,0.0,0.0,0.0,0.0
2021-09-07 00:00:00+00:00,20260201_193429_0a830b80_StateSignal_XLE,0.0,0.0,1.0,1.0,0.0,0.0,0.0,-0.0
2021-09-08 00:00:00+00:00,20260201_193429_0a830b80_StateSignal_XLE,0.0,0.0,1.0,1.0,0.0,0.0,0.0,-0.0
2021-09-09 00:00:00+00:00,20260201_193429_0a830b80_StateSignal_XLE,0.0,0.0,1.0,1.0,0.0,0.0,0.0,-0.0
2021-09-10 00:00:00+00:00,20260201_193429_0a830b80_StateSignal_XLE,0.0,0.0,1.0,1.0,0.0,0.0,0.0,-0.0
2021-09-13 00:00:00+00:00,20260201_193429_0a830b80_StateSignal_XLE,0.0,0.0,1.0,1.0,0.0,0.0,0.0,0.0
2021-09-14 00:00:00+00:00,20260201_193429_0a830b80_StateSignal_XLE,0.0,0.0,1.0,1.0,0.0,0.0,0.0,0.0
2021-09-15 00:00:00+00:00,20260201_193429_0a830b80_StateSignal_XLE,0.0,0.0,1.0,1.0,0.0,0.0,0.0,-0.0
2021-09-16 00:00:00+00:00,20260201_193429_0a830b80_StateSignal_XLE,0.0,0.0,1.0,1.0,0.0,0.0,0.0,0.0
2021-09-17 00:00:00+00:00,20260201_193429_0a830b80_StateSignal_XLE,0.0,0.0,1.0,1.0,0.0,0.0,0.0,-0.0
2021-09-20 00:00:00+00:00,20260201_193429_0a830b80_StateSignal_XLE,0.0,0.0,1.0,1.0,0.0,0.0,0.0,-0.0
2021-09-21 00:00:00+00:00,20260201_193429_0a830b80_StateSignal_XLE,0.0,0.0,1.0,1.0,0.0,0.0,0.0,-0.0
2021-09-22 00:00:00+00:00,20260201_193429_0a830b80_StateSignal_XLE,0.0,0.0,1.0,1.0,0.0,0.0,0.0,0.0
2021-09-23 00:00:00+00:00,20260201_193429_0a830b80_StateSignal_XLE,0.0,0.0,1.0,1.0,0.0,0.0,0.0,0.0
2021-09-24 00:00:00+00:00,20260201_193429_0a830b80_StateSignal_XLE,0.0,0.0,1.0,1.0,0.0,0.0,0.0,0.0
2021-09-27 00:00:00+00:00,20260201_193429_0a830b80_StateSignal_XLE,0.0,0.0,1.0,1.0,0.0,0.0,0.0,0.0
2021-09-28 00:00:00+00:00,20260201_193429_0a830b80_StateSignal_XLE,0.0,0.0,1.0,1.0,0.0,0.0,0.0,0.0
2021-09-29 00:00:00+00:00,20260201_193429_0a830b80_StateSignal_XLE,0.0,0.0,1.0,1.0,0.0,0.0,0.0,0.0
2021-09-30 00:00:00+00:00,20260201_193429_0a830b80_StateSignal_XLE,0.0,0.0,1.0,1.0,0.0,0.0,0.0,-0.0
2021-10-01 00:00:00+00:00,20260201_193429_0a830b80_StateSignal_XLE,0.0,0.0,1.0,1.0,0.0,0.0,0.0,-0.0
2021-10-04 00:00:00+00:00,20260201_193429_0a830b80_StateSignal_XLE,0.0,0.0,1.0,1.0,0.0,0.0,0.0,0.0
2021-10-05 00:00:00+00:00,20260201_193429_0a830b80_StateSignal_XLE,0.0,0.0,1.0,1.0,0.0,0.0,0.0,0.0
2021-10-06 00:00:00+00:00,20260201_193429_0a830b80_StateSignal_XLE,0.0,0.0,1.0,1.0,0.0,0.0,0.0,0.0
2021-10-07 00:00:00+00:00,20260201_193429_0a830b80_StateSignal_XLE,0.0,0.0,1.0,1.0,0.0,0.0,0.0,-0.0
2021-10-08 00:00:00+00:00,20260201_193429_0a830b80_StateSignal_XLE,0.0,0.0,1.0,1.0,0.0,0.0,0.0,0.0
2021-10-11 00:00:00+00:00,20260201_193429_0a830b80_StateSignal_XLE,0.0,0.0,1.0,1.0,0.0,0.0,0.0,0.0
2021-10-12 00:00:00+00:00,20260201_193429_0a830b80_StateSignal_XLE,0.0,0.0,1.0,1.0,0.0,0.0,0.0,0.0
2021-10-13 00:00:00+00:00,20260201_193429_0a830b80_StateSignal_XLE,0.0,0.0,1.0,1.0,0.0,0.0,0.0,0.0
2021-10-14 00:00:00+00:00,20260201_193429_0a830b80_StateSignal_XLE,0.0,0.0,1.0,1.0,0.0,0.0,0.0,-0.0
2021-10-15 00:00:00+00:00,20260201_193429_0a830b80_StateSignal_XLE,0.0,0.0,1.0,1.0,0.0,0.0,0.0,0.0
2021-10-18 00:00:00+00:00,20260201_193429_0a830b80_StateSignal_XLE,0.0,0.0,1.0,1.0,0.0,0.0,0.0,0.0
2021-10-19 00:00:00+00:00,20260201_193429_0a830b80_StateSignal_XLE,0.0,0.0,1.0,1.0,0.0,0.0,0.0,-0.0
2021-10-20 00:00:00+00:00,20260201_193429_0a830b80_StateSignal_XLE,0.0,0.0,1.0,1.0,0.0,0.0,0.0,0.0
2021-10-21 00:00:00+00:00,20260201_193429_0a830b80_StateSignal_XLE,0.0,0.0,1.0,1.0,0.0,0.0,0.0,0.0
2021-10-22 00:00:00+00:00,20260201_193429_0a830b80_StateSignal_XLE,0.0,0.0,1.0,1.0,0.0,0.0,0.0,-0.0
2021-10-25 00:00:00+00:00,20260201_193429_0a830b80_StateSignal_XLE,0.0,0.0,1.0,1.0,0.0,0.0,0.0,0.0
2021-10-26 00:00:00+00:00,20260201_193429_0a830b80_StateSignal_XLE,0.0,0.0,1.0,1.0,0.0,0.0,0.0,0.0
2021-10-27 00:00:00+00:00,20260201_193429_0a830b80_StateSignal_XLE,0.0,0.0,1.0,1.0,0.0,0.0,0.0,0.0
2021-10-28 00:00:00+00:00,20260201_193429_0a830b80_StateSignal_XLE,0.0,0.0,1.0,1.0,0.0,0.0,0.0,-0.0
2021-10-29 00:00:00+00:00,20260201_193429_0a830b80_StateSignal_XLE,0.0,0.0,1.0,1.0,0.0,0.0,0.0,0.0
2021-11-01 00:00:00+00:00,20260201_193429_0a830b80_StateSignal_XLE,0.0,0.0,1.0,1.0,0.0,0.0,0.0,-0.0
2021-11-02 00:00:00+00:00,20260201_193429_0a830b80_StateSignal_XLE,0.0,0.0,1.0,1.0,0.0,0.0,0.0,0.0
2021-11-03 00:00:00+00:00,20260201_193429_0a830b80_StateSignal_XLE,0.0,0.0,1.0,1.0,0.0,0.0,0.0,-0.0
2021-11-04 00:00:00+00:00,20260201_193429_0a830b80_StateSignal_XLE,0.0,0.0,1.0,1.0,0.0,0.0,0.0,-0.0
2021-11-05 00:00:00+00:00,20260201_193429_0a830b80_StateSignal_XLE,0.0,0.0,1.0,1.0,0.0,0.0,0.0,-0.0
2021-11-08 00:00:00+00:00,20260201_193429_0a830b80_StateSignal_XLE,0.0,0.0,1.0,1.0,0.0,0.0,0.0,0.0
2021-11-09 00:00:00+00:00,20260201_193429_0a830b80_StateSignal_XLE,0.0,0.0,1.0,1.0,0.0,0.0,0.0,0.0
2021-11-10 00:00:00+00:00,20260201_193429_0a830b80_StateSignal_XLE,0.0,0.0,1.0,1.0,0.0,0.0,0.0,0.0
2021-11-11 00:00:00+00:00,20260201_193429_0a830b80_StateSignal_XLE,0.0,0.0,1.0,1.0,0.0,0.0,0.0,-0.0
2021-11-12 00:00:00+00:00,20260201_193429_0a830b80_StateSignal_XLE,0.0,0.0,1.0,1.0,0.0,0.0,0.0,0.0
2021-11-15 00:00:00+00:00,20260201_193429_0a830b80_StateSignal_XLE,0.0,0.0,1.0,1.0,0.0,0.0,0.0,-0.0
2021-11-16 00:00:00+00:00,20260201_193429_0a830b80_StateSignal_XLE,0.0,0.0,1.0,1.0,0.0,0.0,0.0,0.0
2021-11-17 00:00:00+00:00,20260201_193429_0a830b80_StateSignal_XLE,0.0,0.0,1.0,1.0,0.0,0.0,0.0,0.0
2021-11-18 00:00:00+00:00,20260201_193429_0a830b80_StateSignal_XLE,0.0,0.0,1.0,1.0,0.0,0.0,0.0,-0.0
2021-11-19 00:00:00+00:00,20260201_193429_0a830b80_StateSignal_XLE,0.0,0.0,1.0,1.0,0.0,0.0,0.0,-0.0
2021-11-22 00:00:00+00:00,20260201_193429_0a830b80_StateSignal_XLE,0.0,0.0,1.0,1.0,0.0,0.0,0.0,-0.0
2021-11-23 00:00:00+00:00,20260201_193429_0a830b80_StateSignal_XLE,0.0,0.0,1.0,1.0,0.0,0.0,0.0,0.0
2021-11-24 00:00:00+00:00,20260201_193429_0a830b80_StateSignal_XLE,0.0,0.0,1.0,1.0,0.0,0.0,0.0,0.0
2021-11-26 00:00:00+00:00,20260201_193429_0a830b80_StateSignal_XLE,0.0,0.0,1.0,1.0,0.0,0.0,0.0,0.0
2021-11-29 00:00:00+00:00,20260201_193429_0a830b80_StateSignal_XLE,0.0,0.0,1.0,1.0,0.0,0.0,0.0,-0.0
2021-11-30 00:00:00+00:00,20260201_193429_0a830b80_StateSignal_XLE,0.0,0.0,1.0,1.0,0.0,0.0,0.0,-0.0
2021-12-01 00:00:00+00:00,20260201_193429_0a830b80_StateSignal_XLE,0.0,0.0,1.0,1.0,0.0,0.0,0.0,-0.0
2021-12-02 00:00:00+00:00,20260201_193429_0a830b80_StateSignal_XLE,0.0,0.0,1.0,1.0,0.0,0.0,0.0,-0.0
2021-12-03 00:00:00+00:00,20260201_193429_0a830b80_StateSignal_XLE,0.0,0.0,1.0,1.0,0.0,0.0,0.0,0.0
2021-12-06 00:00:00+00:00,20260201_193429_0a830b80_StateSignal_XLE,0.0,0.0,1.0,1.0,0.0,0.0,0.0,-0.0
2021-12-07 00:00:00+00:00,20260201_193429_0a830b80_StateSignal_XLE,0.0,0.0,1.0,1.0,0.0,0.0,0.0,0.0
2021-12-08 00:00:00+00:00,20260201_193429_0a830b80_StateSignal_XLE,0.0,0.0,1.0,1.0,0.0,0.0,0.0,0.0
2021-12-09 00:00:00+00:00,20260201_193429_0a830b80_StateSignal_XLE,0.0,0.0,1.0,1.0,0.0,0.0,0.0,-0.0
2021-12-10 00:00:00+00:00,20260201_193429_0a830b80_StateSignal_XLE,0.0,0.0,1.0,1.0,0.0,0.0,0.0,-0.0
2021-12-13 00:00:00+00:00,20260201_193429_0a830b80_StateSignal_XLE,0.0,0.0,1.0,1.0,0.0,0.0,0.0,0.0
2021-12-14 00:00:00+00:00,20260201_193429_0a830b80_StateSignal_XLE,0.0,0.0,1.0,1.0,0.0,0.0,0.0,-0.0
2021-12-15 00:00:00+00:00,20260201_193429_0a830b80_StateSignal_XLE,0.0,0.0,1.0,1.0,0.0,0.0,0.0,-0.0
2021-12-16 00:00:00+00:00,20260201_193429_0a830b80_StateSignal_XLE,0.0,0.0,1.0,1.0,0.0,0.0,0.0,-0.0
2021-12-17 00:00:00+00:00,20260201_193429_0a830b80_StateSignal_XLE,0.0,0.0,1.0,1.0,0.0,0.0,0.0,0.0
2021-12-20 00:00:00+00:00,20260201_193429_0a830b80_StateSignal_XLE,0.0,0.0,1.0,1.0,0.0,0.0,0.0,-0.0
2021-12-21 00:00:00+00:00,20260201_193429_0a830b80_StateSignal_XLE,0.0,0.0,1.0,1.0,0.0,0.0,0.0,-0.0
2021-12-22 00:00:00+00:00,20260201_193429_0a830b80_StateSignal_XLE,0.0,0.0,1.0,1.0,0.0,0.0,0.0,0.0
2021-12-23 00:00:00+00:00,20260201_193429_0a830b80_StateSignal_XLE,0.0,0.0,1.0,1.0,0.0,0.0,0.0,0.0
2021-12-27 00:00:00+00:00,20260201_193429_0a830b80_StateSignal_XLE,0.0,0.0,1.0,1.0,0.0,0.0,0.0,0.0
2021-12-28 00:00:00+00:00,20260201_193429_0a830b80_StateSignal_XLE,0.0,0.0,1.0,1.0,0.0,0.0,0.0,0.0
2021-12-29 00:00:00+00:00,20260201_193429_0a830b80_StateSignal_XLE,0.0,0.0,1.0,1.0,0.0,0.0,0.0,0.0
2021-12-30 00:00:00+00:00,20260201_193429_0a830b80_StateSignal_XLE,0.0,0.0,1.0,1.0,0.0,0.0,0.0,-0.0
2021-12-31 00:00:00+00:00,20260201_193429_0a830b80_StateSignal_XLE,0.0,0.0,1.0,1.0,0.0,0.0,0.0,-0.0
2022-01-03 00:00:00+00:00,20260201_193429_0a830b80_StateSignal_XLE,0.0,0.0,1.0,1.0,0.0,0.0,0.0,0.0
2022-01-04 00:00:00+00:00,20260201_193429_0a830b80_StateSignal_XLE,0.0,0.0,1.0,1.0,0.0,0.0,0.0,0.0
2022-01-05 00:00:00+00:00,20260201_193429_0a830b80_StateSignal_XLE,0.0,0.0,1.0,1.0,0.0,0.0,0.0,0.0
2022-01-06 00:00:00+00:00,20260201_193429_0a830b80_StateSignal_XLE,0.0,0.0,1.0,1.0,0.0,0.0,0.0,0.0
2022-01-07 00:00:00+00:00,20260201_193429_0a830b80_StateSignal_XLE,0.0,0.0,1.0,1.0,0.0,0.0,0.0,0.0
2022-01-10 00:00:00+00:00,20260201_193429_0a830b80_StateSignal_XLE,0.0,0.0,1.0,1.0,0.0,0.0,0.0,0.0
2022-01-11 00:00:00+00:00,20260201_193429_0a830b80_StateSignal_XLE,0.0,0.0,1.0,1.0,0.0,0.0,0.0,-0.0
2022-01-12 00:00:00+00:00,20260201_193429_0a830b80_StateSignal_XLE,0.0,0.0,1.0,1.0,0.0,0.0,0.0,0.0
2022-01-13 00:00:00+00:00,20260201_193429_0a830b80_StateSignal_XLE,0.0,0.0,1.0,1.0,0.0,0.0,0.0,0.0
2022-01-14 00:00:00+00:00,20260201_193429_0a830b80_StateSignal_XLE,0.0,0.0,1.0,1.0,0.0,0.0,0.0,0.0
2022-01-18 00:00:00+00:00,20260201_193429_0a830b80_StateSignal_XLE,0.0,0.0,1.0,1.0,0.0,0.0,0.0,0.0
2022-01-19 00:00:00+00:00,20260201_193429_0a830b80_StateSignal_XLE,0.0,0.0,1.0,1.0,0.0,0.0,0.0,0.0
2022-01-20 00:00:00+00:00,20260201_193429_0a830b80_StateSignal_XLE,0.0,0.0,1.0,1.0,0.0,0.0,0.0,-0.0
2022-01-21 00:00:00+00:00,20260201_193429_0a830b80_StateSignal_XLE,0.0,0.0,1.0,1.0,0.0,0.0,0.0,0.0
2022-01-24 00:00:00+00:00,20260201_193429_0a830b80_StateSignal_XLE,0.0,0.0,1.0,1.0,0.0,0.0,0.0,-0.0
2022-01-25 00:00:00+00:00,20260201_193429_0a830b80_StateSignal_XLE,0.0,0.0,1.0,1.0,0.0,0.0,0.0,-0.0
2022-01-26 00:00:00+00:00,20260201_193429_0a830b80_StateSignal_XLE,0.0,0.0,1.0,1.0,0.0,0.0,0.0,0.0
2022-01-27 00:00:00+00:00,20260201_193429_0a830b80_StateSignal_XLE,0.0,0.0,1.0,1.0,0.0,0.0,0.0,0.0
2022-01-28 00:00:00+00:00,20260201_193429_0a830b80_StateSignal_XLE,0.0,0.0,1.0,1.0,0.0,0.0,0.0,-0.0
2022-01-31 00:00:00+00:00,20260201_193429_0a830b80_StateSignal_XLE,0.0,0.0,1.0,1.0,0.0,0.0,0.0,-0.0
2022-02-01 00:00:00+00:00,20260201_193429_0a830b80_StateSignal_XLE,0.0,0.0,1.0,1.0,0.0,0.0,0.0,0.0
2022-02-02 00:00:00+00:00,20260201_193429_0a830b80_StateSignal_XLE,0.0,0.0,1.0,1.0,0.0,0.0,0.0,0.0
2022-02-03 00:00:00+00:00,20260201_193429_0a830b80_StateSignal_XLE,0.0,0.0,1.0,1.0,0.0,0.0,0.0,0.0
2022-02-04 00:00:00+00:00,20260201_193429_0a830b80_StateSignal_XLE,0.0,0.0,1.0,1.0,0.0,0.0,0.0,-0.0
2022-02-07 00:00:00+00:00,20260201_193429_0a830b80_StateSignal_XLE,0.0,0.0,1.0,1.0,0.0,0.0,0.0,0.0
2022-02-08 00:00:00+00:00,20260201_193429_0a830b80_StateSignal_XLE,0.0,0.0,1.0,1.0,0.0,0.0,0.0,0.0
2022-02-09 00:00:00+00:00,20260201_193429_0a830b80_StateSignal_XLE,0.0,0.0,1.0,1.0,0.0,0.0,0.0,-0.0
2022-02-10 00:00:00+00:00,20260201_193429_0a830b80_StateSignal_XLE,0.0,0.0,1.0,1.0,0.0,0.0,0.0,0.0
2022-02-11 00:00:00+00:00,20260201_193429_0a830b80_StateSignal_XLE,0.0,0.0,1.0,1.0,0.0,0.0,0.0,-0.0
2022-02-14 00:00:00+00:00,20260201_193429_0a830b80_StateSignal_XLE,0.0,0.0,1.0,1.0,0.0,0.0,0.0,0.0
2022-02-15 00:00:00+00:00,20260201_193429_0a830b80_StateSignal_XLE,0.0,0.0,1.0,1.0,0.0,0.0,0.0,-0.0
2022-02-16 00:00:00+00:00,20260201_193429_0a830b80_StateSignal_XLE,0.0,0.0,1.0,1.0,0.0,0.0,0.0,-0.0
2022-02-17 00:00:00+00:00,20260201_193429_0a830b80_StateSignal_XLE,0.0,0.0,1.0,1.0,0.0,0.0,0.0,0.0
2022-02-18 00:00:00+00:00,20260201_193429_0a830b80_StateSignal_XLE,0.0,0.0,1.0,1.0,0.0,0.0,0.0,-0.0
2022-02-22 00:00:00+00:00,20260201_193429_0a830b80_StateSignal_XLE,0.0,0.0,1.0,1.0,0.0,0.0,0.0,-0.0
2022-02-23 00:00:00+00:00,20260201_193429_0a830b80_StateSignal_XLE,0.0,0.0,1.0,1.0,0.0,0.0,0.0,-0.0
2022-02-24 00:00:00+00:00,20260201_193429_0a830b80_StateSignal_XLE,0.0,0.0,1.0,1.0,0.0,0.0,0.0,0.0
2022-02-25 00:00:00+00:00,20260201_193429_0a830b80_StateSignal_XLE,0.0,0.0,1.0,1.0,0.0,0.0,0.0,-0.0
2022-02-28 00:00:00+00:00,20260201_193429_0a830b80_StateSignal_XLE,0.0,0.0,1.0,1.0,0.0,0.0,0.0,0.0
2022-03-01 00:00:00+00:00,20260201_193429_0a830b80_StateSignal_XLE,0.0,0.0,1.0,1.0,0.0,0.0,0.0,0.0
2022-03-02 00:00:00+00:00,20260201_193429_0a830b80_StateSignal_XLE,0.0,0.0,1.0,1.0,0.0,0.0,0.0,0.0
2022-03-03 00:00:00+00:00,20260201_193429_0a830b80_StateSignal_XLE,0.0,0.0,1.0,1.0,0.0,0.0,0.0,0.0
2022-03-04 00:00:00+00:00,20260201_193429_0a830b80_StateSignal_XLE,0.0,0.0,1.0,1.0,0.0,0.0,0.0,-0.0
2022-03-07 00:00:00+00:00,20260201_193429_0a830b80_StateSignal_XLE,0.0,0.0,1.0,1.0,0.0,0.0,0.0,0.0
2022-03-08 00:00:00+00:00,20260201_193429_0a830b80_StateSignal_XLE,0.0,0.0,1.0,1.0,0.0,0.0,0.0,0.0
2022-03-09 00:00:00+00:00,20260201_193429_0a830b80_StateSignal_XLE,0.0,0.0,1.0,1.0,0.0,0.0,0.0,0.0
2022-03-10 00:00:00+00:00,20260201_193429_0a830b80_StateSignal_XLE,0.0,0.0,1.0,1.0,0.0,0.0,0.0,-0.0
2022-03-11 00:00:00+00:00,20260201_193429_0a830b80_StateSignal_XLE,0.0,0.0,1.0,1.0,0.0,0.0,0.0,0.0
2022-03-14 00:00:00+00:00,20260201_193429_0a830b80_StateSignal_XLE,0.0,0.0,1.0,1.0,0.0,0.0,0.0,0.0
2022-03-15 00:00:00+00:00,20260201_193429_0a830b80_StateSignal_XLE,0.0,0.0,1.0,1.0,0.0,0.0,0.0,-0.0
2022-03-16 00:00:00+00:00,20260201_193429_0a830b80_StateSignal_XLE,0.0,0.0,1.0,1.0,0.0,0.0,0.0,-0.0
2022-03-17 00:00:00+00:00,20260201_193429_0a830b80_StateSignal_XLE,0.0,0.0,1.0,1.0,0.0,0.0,0.0,-0.0
2022-03-18 00:00:00+00:00,20260201_193429_0a830b80_StateSignal_XLE,0.0,0.0,1.0,1.0,0.0,0.0,0.0,0.0
2022-03-21 00:00:00+00:00,20260201_193429_0a830b80_StateSignal_XLE,0.0,0.0,1.0,1.0,0.0,0.0,0.0,-0.0
2022-03-22 00:00:00+00:00,20260201_193429_0a830b80_StateSignal_XLE,0.0,0.0,1.0,1.0,0.0,0.0,0.0,0.0
2022-03-23 00:00:00+00:00,20260201_193429_0a830b80_StateSignal_XLE,0.0,0.0,1.0,1.0,0.0,0.0,0.0,-0.0
2022-03-24 00:00:00+00:00,20260201_193429_0a830b80_StateSignal_XLE,0.0,0.0,1.0,1.0,0.0,0.0,0.0,0.0
2022-03-25 00:00:00+00:00,20260201_193429_0a830b80_StateSignal_XLE,0.0,0.0,1.0,1.0,0.0,0.0,0.0,-0.0
2022-03-28 00:00:00+00:00,20260201_193429_0a830b80_StateSignal_XLE,0.0,0.0,1.0,1.0,0.0,0.0,0.0,0.0
2022-03-29 00:00:00+00:00,20260201_193429_0a830b80_StateSignal_XLE,0.0,0.0,1.0,1.0,0.0,0.0,0.0,-0.0
2022-03-30 00:00:00+00:00,20260201_193429_0a830b80_StateSignal_XLE,0.0,0.0,1.0,1.0,0.0,0.0,0.0,-0.0
2022-03-31 00:00:00+00:00,20260201_193429_0a830b80_StateSignal_XLE,0.0,0.0,1.0,1.0,0.0,0.0,0.0,0.0
2022-04-01 00:00:00+00:00,20260201_193429_0a830b80_StateSignal_XLE,0.0,0.0,1.0,1.0,0.0,0.0,0.0,-0.0
2022-04-04 00:00:00+00:00,20260201_193429_0a830b80_StateSignal_XLE,0.0,0.0,1.0,1.0,0.0,0.0,0.0,-0.0
2022-04-05 00:00:00+00:00,20260201_193429_0a830b80_StateSignal_XLE,0.0,0.0,1.0,1.0,0.0,0.0,0.0,0.0
2022-04-06 00:00:00+00:00,20260201_193429_0a830b80_StateSignal_XLE,0.0,0.0,1.0,1.0,0.0,0.0,0.0,-0.0
2022-04-07 00:00:00+00:00,20260201_193429_0a830b80_StateSignal_XLE,0.0,0.0,1.0,1.0,0.0,0.0,0.0,-0.0
2022-04-08 00:00:00+00:00,20260201_193429_0a830b80_StateSignal_XLE,0.0,0.0,1.0,1.0,0.0,0.0,0.0,0.0
2022-04-11 00:00:00+00:00,20260201_193429_0a830b80_StateSignal_XLE,0.0,0.0,1.0,1.0,0.0,0.0,0.0,0.0
2022-04-12 00:00:00+00:00,20260201_193429_0a830b80_StateSignal_XLE,0.0,0.0,1.0,1.0,0.0,0.0,0.0,-0.0
2022-04-13 00:00:00+00:00,20260201_193429_0a830b80_StateSignal_XLE,0.0,0.0,1.0,1.0,0.0,0.0,0.0,0.0
2022-04-14 00:00:00+00:00,20260201_193429_0a830b80_StateSignal_XLE,0.0,0.0,1.0,1.0,0.0,0.0,0.0,0.0
2022-04-18 00:00:00+00:00,20260201_193429_0a830b80_StateSignal_XLE,0.0,0.0,1.0,1.0,0.0,0.0,0.0,0.0
2022-04-19 00:00:00+00:00,20260201_193429_0a830b80_StateSignal_XLE,0.0,0.0,1.0,1.0,0.0,0.0,0.0,0.0
2022-04-20 00:00:00+00:00,20260201_193429_0a830b80_StateSignal_XLE,0.0,0.0,1.0,1.0,0.0,0.0,0.0,-0.0
2022-04-21 00:00:00+00:00,20260201_193429_0a830b80_StateSignal_XLE,0.0,0.0,1.0,1.0,0.0,0.0,0.0,-0.0
2022-04-22 00:00:00+00:00,20260201_193429_0a830b80_StateSignal_XLE,0.0,0.0,1.0,1.0,0.0,0.0,0.0,-0.0
2022-04-25 00:00:00+00:00,20260201_193429_0a830b80_StateSignal_XLE,0.0,0.0,1.0,1.0,0.0,0.0,0.0,-0.0
2022-04-26 00:00:00+00:00,20260201_193429_0a830b80_StateSignal_XLE,0.0,0.0,1.0,1.0,0.0,0.0,0.0,-0.0
2022-04-27 00:00:00+00:00,20260201_193429_0a830b80_StateSignal_XLE,0.0,0.0,1.0,1.0,0.0,0.0,0.0,0.0
2022-04-28 00:00:00+00:00,20260201_193429_0a830b80_StateSignal_XLE,0.0,0.0,1.0,1.0,0.0,0.0,0.0,0.0
2022-04-29 00:00:00+00:00,20260201_193429_0a830b80_StateSignal_XLE,0.0,0.0,1.0,1.0,0.0,0.0,0.0,0.0
2022-05-02 00:00:00+00:00,20260201_193429_0a830b80_StateSignal_XLE,0.0,0.0,1.0,1.0,0.0,0.0,0.0,-0.0
2022-05-03 00:00:00+00:00,20260201_193429_0a830b80_StateSignal_XLE,0.0,0.0,1.0,1.0,0.0,0.0,0.0,-0.0
2022-05-04 00:00:00+00:00,20260201_193429_0a830b80_StateSignal_XLE,0.0,0.0,1.0,1.0,0.0,0.0,0.0,0.0
2022-05-05 00:00:00+00:00,20260201_193429_0a830b80_StateSignal_XLE,0.0,0.0,1.0,1.0,0.0,0.0,0.0,0.0
2022-05-06 00:00:00+00:00,20260201_193429_0a830b80_StateSignal_XLE,0.0,0.0,1.0,1.0,0.0,0.0,0.0,-0.0
2022-05-09 00:00:00+00:00,20260201_193429_0a830b80_StateSignal_XLE,0.0,0.0,1.0,1.0,0.0,0.0,0.0,0.0
2022-05-10 00:00:00+00:00,20260201_193429_0a830b80_StateSignal_XLE,0.0,0.0,1.0,1.0,0.0,0.0,0.0,-0.0
2022-05-11 00:00:00+00:00,20260201_193429_0a830b80_StateSignal_XLE,0.0,0.0,1.0,1.0,0.0,0.0,0.0,-0.0
2022-05-12 00:00:00+00:00,20260201_193429_0a830b80_StateSignal_XLE,0.0,0.0,1.0,1.0,0.0,0.0,0.0,0.0
2022-05-13 00:00:00+00:00,20260201_193429_0a830b80_StateSignal_XLE,0.0,0.0,1.0,1.0,0.0,0.0,0.0,-0.0
2022-05-16 00:00:00+00:00,20260201_193429_0a830b80_StateSignal_XLE,0.0,0.0,1.0,1.0,0.0,0.0,0.0,0.0
2022-05-17 00:00:00+00:00,20260201_193429_0a830b80_StateSignal_XLE,0.0,0.0,1.0,1.0,0.0,0.0,0.0,0.0
2022-05-18 00:00:00+00:00,20260201_193429_0a830b80_StateSignal_XLE,0.0,0.0,1.0,1.0,0.0,0.0,0.0,0.0
2022-05-19 00:00:00+00:00,20260201_193429_0a830b80_StateSignal_XLE,0.0,0.0,1.0,1.0,0.0,0.0,0.0,-0.0
2022-05-20 00:00:00+00:00,20260201_193429_0a830b80_StateSignal_XLE,0.0,0.0,1.0,1.0,0.0,0.0,0.0,0.0
2022-05-23 00:00:00+00:00,20260201_193429_0a830b80_StateSignal_XLE,0.0,0.0,1.0,1.0,0.0,0.0,0.0,-0.0
2022-05-24 00:00:00+00:00,20260201_193429_0a830b80_StateSignal_XLE,0.0,0.0,1.0,1.0,0.0,0.0,0.0,0.0
2022-05-25 00:00:00+00:00,20260201_193429_0a830b80_StateSignal_XLE,0.0,0.0,1.0,1.0,0.0,0.0,0.0,-0.0
2022-05-26 00:00:00+00:00,20260201_193429_0a830b80_StateSignal_XLE,0.0,0.0,1.0,1.0,0.0,0.0,0.0,0.0
2022-05-27 00:00:00+00:00,20260201_193429_0a830b80_StateSignal_XLE,0.0,0.0,1.0,1.0,0.0,0.0,0.0,0.0
2022-05-31 00:00:00+00:00,20260201_193429_0a830b80_StateSignal_XLE,0.0,0.0,1.0,1.0,0.0,0.0,0.0,0.0
2022-06-01 00:00:00+00:00,20260201_193429_0a830b80_StateSignal_XLE,0.0,0.0,1.0,1.0,0.0,0.0,0.0,-0.0
2022-06-02 00:00:00+00:00,20260201_193429_0a830b80_StateSignal_XLE,0.0,0.0,1.0,1.0,0.0,0.0,0.0,0.0
2022-06-03 00:00:00+00:00,20260201_193429_0a830b80_StateSignal_XLE,0.0,0.0,1.0,1.0,0.0,0.0,0.0,-0.0
2022-06-06 00:00:00+00:00,20260201_193429_0a830b80_StateSignal_XLE,0.0,0.0,1.0,1.0,0.0,0.0,0.0,0.0
2022-06-07 00:00:00+00:00,20260201_193429_0a830b80_StateSignal_XLE,0.0,0.0,1.0,1.0,0.0,0.0,0.0,-0.0
2022-06-08 00:00:00+00:00,20260201_193429_0a830b80_StateSignal_XLE,0.0,0.0,1.0,1.0,0.0,0.0,0.0,0.0
2022-06-09 00:00:00+00:00,20260201_193429_0a830b80_StateSignal_XLE,0.0,0.0,1.0,1.0,0.0,0.0,0.0,0.0
2022-06-10 00:00:00+00:00,20260201_193429_0a830b80_StateSignal_XLE,0.0,0.0,1.0,1.0,0.0,0.0,0.0,-0.0
2022-06-13 00:00:00+00:00,20260201_193429_0a830b80_StateSignal_XLE,0.0,0.0,1.0,1.0,0.0,0.0,0.0,-0.0
2022-06-14 00:00:00+00:00,20260201_193429_0a830b80_StateSignal_XLE,0.0,0.0,1.0,1.0,0.0,0.0,0.0,-0.0
2022-06-15 00:00:00+00:00,20260201_193429_0a830b80_StateSignal_XLE,0.0,0.0,1.0,1.0,0.0,0.0,0.0,-0.0
2022-06-16 00:00:00+00:00,20260201_193429_0a830b80_StateSignal_XLE,0.0,0.0,1.0,1.0,0.0,0.0,0.0,-0.0
2022-06-17 00:00:00+00:00,20260201_193429_0a830b80_StateSignal_XLE,0.0,0.0,1.0,1.0,0.0,0.0,0.0,-0.0
2022-06-21 00:00:00+00:00,20260201_193429_0a830b80_StateSignal_XLE,0.0,0.0,1.0,1.0,0.0,0.0,0.0,-0.0
2022-06-22 00:00:00+00:00,20260201_193429_0a830b80_StateSignal_XLE,0.0,0.0,1.0,1.0,0.0,0.0,0.0,0.0
2022-06-23 00:00:00+00:00,20260201_193429_0a830b80_StateSignal_XLE,0.0,0.0,1.0,1.0,0.0,0.0,0.0,-0.0
2022-06-24 00:00:00+00:00,20260201_193429_0a830b80_StateSignal_XLE,0.0,0.0,1.0,1.0,0.0,0.0,0.0,-0.0
2022-06-27 00:00:00+00:00,20260201_193429_0a830b80_StateSignal_XLE,0.0,0.0,1.0,1.0,0.0,0.0,0.0,0.0
2022-06-28 00:00:00+00:00,20260201_193429_0a830b80_StateSignal_XLE,0.0,0.0,1.0,1.0,0.0,0.0,0.0,0.0
2022-06-29 00:00:00+00:00,20260201_193429_0a830b80_StateSignal_XLE,0.0,0.0,1.0,1.0,0.0,0.0,0.0,0.0
2022-06-30 00:00:00+00:00,20260201_193429_0a830b80_StateSignal_XLE,0.0,0.0,1.0,1.0,0.0,0.0,0.0,-0.0
2022-07-01 00:00:00+00:00,20260201_193429_0a830b80_StateSignal_XLE,0.0,0.0,1.0,1.0,0.0,0.0,0.0,-0.0
2022-07-05 00:00:00+00:00,20260201_193429_0a830b80_StateSignal_XLE,0.0,0.0,1.0,1.0,0.0,0.0,0.0,0.0
2022-07-06 00:00:00+00:00,20260201_193429_0a830b80_StateSignal_XLE,0.0,0.0,1.0,1.0,0.0,0.0,0.0,-0.0
2022-07-07 00:00:00+00:00,20260201_193429_0a830b80_StateSignal_XLE,0.0,0.0,1.0,1.0,0.0,0.0,0.0,-0.0
2022-07-08 00:00:00+00:00,20260201_193429_0a830b80_StateSignal_XLE,0.0,0.0,1.0,1.0,0.0,0.0,0.0,0.0
2022-07-11 00:00:00+00:00,20260201_193429_0a830b80_StateSignal_XLE,0.0,0.0,1.0,1.0,0.0,0.0,0.0,-0.0
2022-07-12 00:00:00+00:00,20260201_193429_0a830b80_StateSignal_XLE,0.0,0.0,1.0,1.0,0.0,0.0,0.0,-0.0
2022-07-13 00:00:00+00:00,20260201_193429_0a830b80_StateSignal_XLE,0.0,0.0,1.0,1.0,0.0,0.0,0.0,-0.0
2022-07-14 00:00:00+00:00,20260201_193429_0a830b80_StateSignal_XLE,0.0,0.0,1.0,1.0,0.0,0.0,0.0,0.0
2022-07-15 00:00:00+00:00,20260201_193429_0a830b80_StateSignal_XLE,0.0,0.0,1.0,1.0,0.0,0.0,0.0,-0.0
2022-07-18 00:00:00+00:00,20260201_193429_0a830b80_StateSignal_XLE,0.0,0.0,1.0,1.0,0.0,0.0,0.0,0.0
2022-07-19 00:00:00+00:00,20260201_193429_0a830b80_StateSignal_XLE,0.0,0.0,1.0,1.0,0.0,0.0,0.0,0.0
2022-07-20 00:00:00+00:00,20260201_193429_0a830b80_StateSignal_XLE,0.0,0.0,1.0,1.0,0.0,0.0,0.0,0.0
2022-07-21 00:00:00+00:00,20260201_193429_0a830b80_StateSignal_XLE,0.0,0.0,1.0,1.0,0.0,0.0,0.0,0.0
2022-07-22 00:00:00+00:00,20260201_193429_0a830b80_StateSignal_XLE,0.0,0.0,1.0,1.0,0.0,0.0,0.0,-0.0
2022-07-25 00:00:00+00:00,20260201_193429_0a830b80_StateSignal_XLE,0.0,0.0,1.0,1.0,0.0,0.0,0.0,0.0
2022-07-26 00:00:00+00:00,20260201_193429_0a830b80_StateSignal_XLE,0.0,0.0,1.0,1.0,0.0,0.0,0.0,0.0
2022-07-27 00:00:00+00:00,20260201_193429_0a830b80_StateSignal_XLE,0.0,0.0,1.0,1.0,0.0,0.0,0.0,-0.0
2022-07-28 00:00:00+00:00,20260201_193429_0a830b80_StateSignal_XLE,0.0,0.0,1.0,1.0,0.0,0.0,0.0,0.0
2022-07-29 00:00:00+00:00,20260201_193429_0a830b80_StateSignal_XLE,0.0,0.0,1.0,1.0,0.0,0.0,0.0,0.0
2022-08-01 00:00:00+00:00,20260201_193429_0a830b80_StateSignal_XLE,0.0,0.0,1.0,1.0,0.0,0.0,0.0,0.0
2022-08-02 00:00:00+00:00,20260201_193429_0a830b80_StateSignal_XLE,0.0,0.0,1.0,1.0,0.0,0.0,0.0,-0.0
2022-08-03 00:00:00+00:00,20260201_193429_0a830b80_StateSignal_XLE,0.0,0.0,1.0,1.0,0.0,0.0,0.0,0.0
2022-08-04 00:00:00+00:00,20260201_193429_0a830b80_StateSignal_XLE,0.0,0.0,1.0,1.0,0.0,0.0,0.0,-0.0
2022-08-05 00:00:00+00:00,20260201_193429_0a830b80_StateSignal_XLE,0.0,0.0,1.0,1.0,0.0,0.0,0.0,-0.0
2022-08-08 00:00:00+00:00,20260201_193429_0a830b80_StateSignal_XLE,0.0,0.0,1.0,1.0,0.0,0.0,0.0,0.0
2022-08-09 00:00:00+00:00,20260201_193429_0a830b80_StateSignal_XLE,0.0,0.0,1.0,1.0,0.0,0.0,0.0,0.0
2022-08-10 00:00:00+00:00,20260201_193429_0a830b80_StateSignal_XLE,0.0,0.0,1.0,1.0,0.0,0.0,0.0,0.0
2022-08-11 00:00:00+00:00,20260201_193429_0a830b80_StateSignal_XLE,0.0,0.0,1.0,1.0,0.0,0.0,0.0,0.0
2022-08-12 00:00:00+00:00,20260201_193429_0a830b80_StateSignal_XLE,0.0,0.0,1.0,1.0,0.0,0.0,0.0,0.0
2022-08-15 00:00:00+00:00,20260201_193429_0a830b80_StateSignal_XLE,0.0,0.0,1.0,1.0,0.0,0.0,0.0,0.0
2022-08-16 00:00:00+00:00,20260201_193429_0a830b80_StateSignal_XLE,0.0,0.0,1.0,1.0,0.0,0.0,0.0,-0.0
2022-08-17 00:00:00+00:00,20260201_193429_0a830b80_StateSignal_XLE,0.0,0.0,1.0,1.0,0.0,0.0,0.0,0.0
2022-08-18 00:00:00+00:00,20260201_193429_0a830b80_StateSignal_XLE,0.0,0.0,1.0,1.0,0.0,0.0,0.0,0.0
2022-08-19 00:00:00+00:00,20260201_193429_0a830b80_StateSignal_XLE,0.0,0.0,1.0,1.0,0.0,0.0,0.0,0.0
2022-08-22 00:00:00+00:00,20260201_193429_0a830b80_StateSignal_XLE,0.0,0.0,1.0,1.0,0.0,0.0,0.0,0.0
2022-08-23 00:00:00+00:00,20260201_193429_0a830b80_StateSignal_XLE,0.0,0.0,1.0,1.0,0.0,0.0,0.0,-0.0
2022-08-24 00:00:00+00:00,20260201_193429_0a830b80_StateSignal_XLE,0.0,0.0,1.0,1.0,0.0,0.0,0.0,0.0
2022-08-25 00:00:00+00:00,20260201_193429_0a830b80_StateSignal_XLE,0.0,0.0,1.0,1.0,0.0,0.0,0.0,0.0
2022-08-26 00:00:00+00:00,20260201_193429_0a830b80_StateSignal_XLE,0.0,0.0,1.0,1.0,0.0,0.0,0.0,0.0
2022-08-29 00:00:00+00:00,20260201_193429_0a830b80_StateSignal_XLE,0.0,0.0,1.0,1.0,0.0,0.0,0.0,-0.0
2022-08-30 00:00:00+00:00,20260201_193429_0a830b80_StateSignal_XLE,0.0,0.0,1.0,1.0,0.0,0.0,0.0,0.0
2022-08-31 00:00:00+00:00,20260201_193429_0a830b80_StateSignal_XLE,0.0,0.0,1.0,1.0,0.0,0.0,0.0,-0.0
2022-09-01 00:00:00+00:00,20260201_193429_0a830b80_StateSignal_XLE,0.0,0.0,1.0,1.0,0.0,0.0,0.0,-0.0
2022-09-02 00:00:00+00:00,20260201_193429_0a830b80_StateSignal_XLE,0.0,0.0,1.0,1.0,0.0,0.0,0.0,-0.0
2022-09-06 00:00:00+00:00,20260201_193429_0a830b80_StateSignal_XLE,0.0,0.0,1.0,1.0,0.0,0.0,0.0,0.0
2022-09-07 00:00:00+00:00,20260201_193429_0a830b80_StateSignal_XLE,0.0,0.0,1.0,1.0,0.0,0.0,0.0,-0.0
2022-09-08 00:00:00+00:00,20260201_193429_0a830b80_StateSignal_XLE,0.0,0.0,1.0,1.0,0.0,0.0,0.0,-0.0
2022-09-09 00:00:00+00:00,20260201_193429_0a830b80_StateSignal_XLE,0.0,0.0,1.0,1.0,0.0,0.0,0.0,0.0
2022-09-12 00:00:00+00:00,20260201_193429_0a830b80_StateSignal_XLE,0.0,0.0,1.0,1.0,0.0,0.0,0.0,0.0
2022-09-13 00:00:00+00:00,20260201_193429_0a830b80_StateSignal_XLE,0.0,0.0,1.0,1.0,0.0,0.0,0.0,0.0
2022-09-14 00:00:00+00:00,20260201_193429_0a830b80_StateSignal_XLE,0.0,0.0,1.0,1.0,0.0,0.0,0.0,-0.0
2022-09-15 00:00:00+00:00,20260201_193429_0a830b80_StateSignal_XLE,0.0,0.0,1.0,1.0,0.0,0.0,0.0,0.0
2022-09-16 00:00:00+00:00,20260201_193429_0a830b80_StateSignal_XLE,0.0,0.0,1.0,1.0,0.0,0.0,0.0,-0.0
2022-09-19 00:00:00+00:00,20260201_193429_0a830b80_StateSignal_XLE,0.0,0.0,1.0,1.0,0.0,0.0,0.0,-0.0
2022-09-20 00:00:00+00:00,20260201_193429_0a830b80_StateSignal_XLE,0.0,0.0,1.0,1.0,0.0,0.0,0.0,-0.0
2022-09-21 00:00:00+00:00,20260201_193429_0a830b80_StateSignal_XLE,0.0,0.0,1.0,1.0,0.0,0.0,0.0,-0.0
2022-09-22 00:00:00+00:00,20260201_193429_0a830b80_StateSignal_XLE,0.0,0.0,1.0,1.0,0.0,0.0,0.0,0.0
2022-09-23 00:00:00+00:00,20260201_193429_0a830b80_StateSignal_XLE,0.0,0.0,1.0,1.0,0.0,0.0,0.0,-0.0
2022-09-26 00:00:00+00:00,20260201_193429_0a830b80_StateSignal_XLE,0.0,0.0,1.0,1.0,0.0,0.0,0.0,-0.0
2022-09-27 00:00:00+00:00,20260201_193429_0a830b80_StateSignal_XLE,0.0,0.0,1.0,1.0,0.0,0.0,0.0,-0.0
2022-09-28 00:00:00+00:00,20260201_193429_0a830b80_StateSignal_XLE,0.0,0.0,1.0,1.0,0.0,0.0,0.0,0.0
2022-09-29 00:00:00+00:00,20260201_193429_0a830b80_StateSignal_XLE,0.0,0.0,1.0,1.0,0.0,0.0,0.0,0.0
2022-09-30 00:00:00+00:00,20260201_193429_0a830b80_StateSignal_XLE,0.0,0.0,1.0,1.0,0.0,0.0,0.0,-0.0
2022-10-03 00:00:00+00:00,20260201_193429_0a830b80_StateSignal_XLE,0.0,0.0,1.0,1.0,0.0,0.0,0.0,0.0
2022-10-04 00:00:00+00:00,20260201_193429_0a830b80_StateSignal_XLE,0.0,0.0,1.0,1.0,0.0,0.0,0.0,0.0
2022-10-05 00:00:00+00:00,20260201_193429_0a830b80_StateSignal_XLE,0.0,0.0,1.0,1.0,0.0,0.0,0.0,0.0
2022-10-06 00:00:00+00:00,20260201_193429_0a830b80_StateSignal_XLE,0.0,0.0,1.0,1.0,0.0,0.0,0.0,0.0
2022-10-07 00:00:00+00:00,20260201_193429_0a830b80_StateSignal_XLE,0.0,0.0,1.0,1.0,0.0,0.0,0.0,0.0
2022-10-10 00:00:00+00:00,20260201_193429_0a830b80_StateSignal_XLE,0.0,0.0,1.0,1.0,0.0,0.0,0.0,0.0
2022-10-11 00:00:00+00:00,20260201_193429_0a830b80_StateSignal_XLE,0.0,0.0,1.0,1.0,0.0,0.0,0.0,-0.0
2022-10-12 00:00:00+00:00,20260201_193429_0a830b80_StateSignal_XLE,0.0,0.0,1.0,1.0,0.0,0.0,0.0,-0.0
2022-10-13 00:00:00+00:00,20260201_193429_0a830b80_StateSignal_XLE,0.0,0.0,1.0,1.0,0.0,0.0,0.0,0.0
2022-10-14 00:00:00+00:00,20260201_193429_0a830b80_StateSignal_XLE,0.0,0.0,1.0,1.0,0.0,0.0,0.0,0.0
2022-10-17 00:00:00+00:00,20260201_193429_0a830b80_StateSignal_XLE,0.0,0.0,1.0,1.0,0.0,0.0,0.0,-0.0
2022-10-18 00:00:00+00:00,20260201_193429_0a830b80_StateSignal_XLE,0.0,0.0,1.0,1.0,0.0,0.0,0.0,0.0
2022-10-19 00:00:00+00:00,20260201_193429_0a830b80_StateSignal_XLE,0.0,0.0,1.0,1.0,0.0,0.0,0.0,0.0
2022-10-20 00:00:00+00:00,20260201_193429_0a830b80_StateSignal_XLE,0.0,0.0,1.0,1.0,0.0,0.0,0.0,0.0
2022-10-21 00:00:00+00:00,20260201_193429_0a830b80_StateSignal_XLE,0.0,0.0,1.0,1.0,0.0,0.0,0.0,0.0
2022-10-24 00:00:00+00:00,20260201_193429_0a830b80_StateSignal_XLE,0.0,0.0,1.0,1.0,0.0,0.0,0.0,0.0
2022-10-25 00:00:00+00:00,20260201_193429_0a830b80_StateSignal_XLE,0.0,0.0,1.0,1.0,0.0,0.0,0.0,0.0
2022-10-26 00:00:00+00:00,20260201_193429_0a830b80_StateSignal_XLE,0.0,0.0,1.0,1.0,0.0,0.0,0.0,-0.0
2022-10-27 00:00:00+00:00,20260201_193429_0a830b80_StateSignal_XLE,0.0,0.0,1.0,1.0,0.0,0.0,0.0,0.0
2022-10-28 00:00:00+00:00,20260201_193429_0a830b80_StateSignal_XLE,0.0,0.0,1.0,1.0,0.0,0.0,0.0,0.0
2022-10-31 00:00:00+00:00,20260201_193429_0a830b80_StateSignal_XLE,0.0,0.0,1.0,1.0,0.0,0.0,0.0,0.0
2022-11-01 00:00:00+00:00,20260201_193429_0a830b80_StateSignal_XLE,0.0,0.0,1.0,1.0,0.0,0.0,0.0,0.0
2022-11-02 00:00:00+00:00,20260201_193429_0a830b80_StateSignal_XLE,0.0,0.0,1.0,1.0,0.0,0.0,0.0,0.0
2022-11-03 00:00:00+00:00,20260201_193429_0a830b80_StateSignal_XLE,0.0,0.0,1.0,1.0,0.0,0.0,0.0,-0.0
2022-11-04 00:00:00+00:00,20260201_193429_0a830b80_StateSignal_XLE,0.0,0.0,1.0,1.0,0.0,0.0,0.0,0.0
2022-11-07 00:00:00+00:00,20260201_193429_0a830b80_StateSignal_XLE,0.0,0.0,1.0,1.0,0.0,0.0,0.0,0.0
2022-11-08 00:00:00+00:00,20260201_193429_0a830b80_StateSignal_XLE,0.0,0.0,1.0,1.0,0.0,0.0,0.0,0.0
2022-11-09 00:00:00+00:00,20260201_193429_0a830b80_StateSignal_XLE,0.0,0.0,1.0,1.0,0.0,0.0,0.0,-0.0
2022-11-10 00:00:00+00:00,20260201_193429_0a830b80_StateSignal_XLE,0.0,0.0,1.0,1.0,0.0,0.0,0.0,-0.0
2022-11-11 00:00:00+00:00,20260201_193429_0a830b80_StateSignal_XLE,0.0,0.0,1.0,1.0,0.0,0.0,0.0,0.0
2022-11-14 00:00:00+00:00,20260201_193429_0a830b80_StateSignal_XLE,0.0,0.0,1.0,1.0,0.0,0.0,0.0,0.0
2022-11-15 00:00:00+00:00,20260201_193429_0a830b80_StateSignal_XLE,0.0,0.0,1.0,1.0,0.0,0.0,0.0,0.0
2022-11-16 00:00:00+00:00,20260201_193429_0a830b80_StateSignal_XLE,0.0,0.0,1.0,1.0,0.0,0.0,0.0,-0.0
2022-11-17 00:00:00+00:00,20260201_193429_0a830b80_StateSignal_XLE,0.0,0.0,1.0,1.0,0.0,0.0,0.0,-0.0
2022-11-18 00:00:00+00:00,20260201_193429_0a830b80_StateSignal_XLE,0.0,0.0,1.0,1.0,0.0,0.0,0.0,-0.0
2022-11-21 00:00:00+00:00,20260201_193429_0a830b80_StateSignal_XLE,0.0,0.0,1.0,1.0,0.0,0.0,0.0,-0.0
2022-11-22 00:00:00+00:00,20260201_193429_0a830b80_StateSignal_XLE,0.0,0.0,1.0,1.0,0.0,0.0,0.0,-0.0
2022-11-23 00:00:00+00:00,20260201_193429_0a830b80_StateSignal_XLE,0.0,0.0,1.0,1.0,0.0,0.0,0.0,0.0
2022-11-25 00:00:00+00:00,20260201_193429_0a830b80_StateSignal_XLE,0.0,0.0,1.0,1.0,0.0,0.0,0.0,-0.0
2022-11-28 00:00:00+00:00,20260201_193429_0a830b80_StateSignal_XLE,0.0,0.0,1.0,1.0,0.0,0.0,0.0,-0.0
2022-11-29 00:00:00+00:00,20260201_193429_0a830b80_StateSignal_XLE,0.0,0.0,1.0,1.0,0.0,0.0,0.0,0.0
2022-11-30 00:00:00+00:00,20260201_193429_0a830b80_StateSignal_XLE,0.0,0.0,1.0,1.0,0.0,0.0,0.0,0.0
2022-12-01 00:00:00+00:00,20260201_193429_0a830b80_StateSignal_XLE,0.0,0.0,1.0,1.0,0.0,0.0,0.0,0.0
2022-12-02 00:00:00+00:00,20260201_193429_0a830b80_StateSignal_XLE,0.0,0.0,1.0,1.0,0.0,0.0,0.0,-0.0
2022-12-05 00:00:00+00:00,20260201_193429_0a830b80_StateSignal_XLE,0.0,0.0,1.0,1.0,0.0,0.0,0.0,-0.0
2022-12-06 00:00:00+00:00,20260201_193429_0a830b80_StateSignal_XLE,0.0,0.0,1.0,1.0,0.0,0.0,0.0,-0.0
2022-12-07 00:00:00+00:00,20260201_193429_0a830b80_StateSignal_XLE,0.0,0.0,1.0,1.0,0.0,0.0,0.0,-0.0
2022-12-08 00:00:00+00:00,20260201_193429_0a830b80_StateSignal_XLE,0.0,0.0,1.0,1.0,0.0,0.0,0.0,-0.0
2022-12-09 00:00:00+00:00,20260201_193429_0a830b80_StateSignal_XLE,0.0,0.0,1.0,1.0,0.0,0.0,0.0,-0.0
2022-12-12 00:00:00+00:00,20260201_193429_0a830b80_StateSignal_XLE,0.0,0.0,1.0,1.0,0.0,0.0,0.0,-0.0
2022-12-13 00:00:00+00:00,20260201_193429_0a830b80_StateSignal_XLE,0.0,0.0,1.0,1.0,0.0,0.0,0.0,0.0
2022-12-14 00:00:00+00:00,20260201_193429_0a830b80_StateSignal_XLE,0.0,0.0,1.0,1.0,0.0,0.0,0.0,0.0
2022-12-15 00:00:00+00:00,20260201_193429_0a830b80_StateSignal_XLE,0.0,0.0,1.0,1.0,0.0,0.0,0.0,-0.0
2022-12-16 00:00:00+00:00,20260201_193429_0a830b80_StateSignal_XLE,0.0,0.0,1.0,1.0,0.0,0.0,0.0,-0.0
2022-12-19 00:00:00+00:00,20260201_193429_0a830b80_StateSignal_XLE,0.0,0.0,1.0,1.0,0.0,0.0,0.0,-0.0
2022-12-20 00:00:00+00:00,20260201_193429_0a830b80_StateSignal_XLE,0.0,0.0,1.0,1.0,0.0,0.0,0.0,-0.0
2022-12-21 00:00:00+00:00,20260201_193429_0a830b80_StateSignal_XLE,0.0,0.0,1.0,1.0,0.0,0.0,0.0,0.0
2022-12-22 00:00:00+00:00,20260201_193429_0a830b80_StateSignal_XLE,0.0,0.0,1.0,1.0,0.0,0.0,0.0,0.0
2022-12-23 00:00:00+00:00,20260201_193429_0a830b80_StateSignal_XLE,0.0,0.0,1.0,1.0,0.0,0.0,0.0,-0.0
2022-12-27 00:00:00+00:00,20260201_193429_0a830b80_StateSignal_XLE,0.0,0.0,1.0,1.0,0.0,0.0,0.0,0.0
2022-12-28 00:00:00+00:00,20260201_193429_0a830b80_StateSignal_XLE,0.0,0.0,1.0,1.0,0.0,0.0,0.0,0.0
2022-12-29 00:00:00+00:00,20260201_193429_0a830b80_StateSignal_XLE,0.0,0.0,1.0,1.0,0.0,0.0,0.0,-0.0
2022-12-30 00:00:00+00:00,20260201_193429_0a830b80_StateSignal_XLE,0.0,0.0,1.0,1.0,0.0,0.0,0.0,0.0
2023-01-03 00:00:00+00:00,20260201_193429_0a830b80_StateSignal_XLE,0.0,0.0,1.0,1.0,0.0,0.0,0.0,-0.0
2023-01-04 00:00:00+00:00,20260201_193429_0a830b80_StateSignal_XLE,0.0,0.0,1.0,1.0,0.0,0.0,0.0,-0.0
2023-01-05 00:00:00+00:00,20260201_193429_0a830b80_StateSignal_XLE,0.0,0.0,1.0,1.0,0.0,0.0,0.0,0.0
2023-01-06 00:00:00+00:00,20260201_193429_0a830b80_StateSignal_XLE,0.0,0.0,1.0,1.0,0.0,0.0,0.0,0.0
2023-01-09 00:00:00+00:00,20260201_193429_0a830b80_StateSignal_XLE,0.0,0.0,1.0,1.0,0.0,0.0,0.0,0.0
2023-01-10 00:00:00+00:00,20260201_193429_0a830b80_StateSignal_XLE,0.0,0.0,1.0,1.0,0.0,0.0,0.0,-0.0
2023-01-11 00:00:00+00:00,20260201_193429_0a830b80_StateSignal_XLE,0.0,0.0,1.0,1.0,0.0,0.0,0.0,0.0
2023-01-12 00:00:00+00:00,20260201_193429_0a830b80_StateSignal_XLE,0.0,0.0,1.0,1.0,0.0,0.0,0.0,0.0
2023-01-13 00:00:00+00:00,20260201_193429_0a830b80_StateSignal_XLE,0.0,0.0,1.0,1.0,0.0,0.0,0.0,0.0
2023-01-17 00:00:00+00:00,20260201_193429_0a830b80_StateSignal_XLE,0.0,0.0,1.0,1.0,0.0,0.0,0.0,-0.0
2023-01-18 00:00:00+00:00,20260201_193429_0a830b80_StateSignal_XLE,0.0,0.0,1.0,1.0,0.0,0.0,0.0,0.0
2023-01-19 00:00:00+00:00,20260201_193429_0a830b80_StateSignal_XLE,0.0,0.0,1.0,1.0,0.0,0.0,0.0,-0.0
2023-01-20 00:00:00+00:00,20260201_193429_0a830b80_StateSignal_XLE,0.0,0.0,1.0,1.0,0.0,0.0,0.0,0.0
2023-01-23 00:00:00+00:00,20260201_193429_0a830b80_StateSignal_XLE,0.0,0.0,1.0,1.0,0.0,0.0,0.0,0.0
2023-01-24 00:00:00+00:00,20260201_193429_0a830b80_StateSignal_XLE,0.0,0.0,1.0,1.0,0.0,0.0,0.0,0.0
2023-01-25 00:00:00+00:00,20260201_193429_0a830b80_StateSignal_XLE,0.0,0.0,1.0,1.0,0.0,0.0,0.0,-0.0
2023-01-26 00:00:00+00:00,20260201_193429_0a830b80_StateSignal_XLE,0.0,0.0,1.0,1.0,0.0,0.0,0.0,-0.0
2023-01-27 00:00:00+00:00,20260201_193429_0a830b80_StateSignal_XLE,0.0,0.0,1.0,1.0,0.0,0.0,0.0,0.0
2023-01-30 00:00:00+00:00,20260201_193429_0a830b80_StateSignal_XLE,0.0,0.0,1.0,1.0,0.0,0.0,0.0,-0.0
2023-01-31 00:00:00+00:00,20260201_193429_0a830b80_StateSignal_XLE,-0.023505144064062018,-0.023505144064062018,0.976494855935938,0.976494855935938,0.0,0.0,0.8736976137328336,-0.023505144064062018
2023-02-01 00:00:00+00:00,20260201_193429_0a830b80_StateSignal_XLE,0.0025951433349366637,0.0025951433349366637,0.9790290000529202,0.9790290000529202,0.0,0.0,0.8736976137328336,0.0025951433349366637
2023-02-02 00:00:00+00:00,20260201_193429_0a830b80_StateSignal_XLE,-0.012396166622175466,-0.012396166622175466,0.9668927934403223,0.9668927934403223,0.0,0.0,0.8736976137328336,-0.012396166622175466
2023-02-03 00:00:00+00:00,20260201_193429_0a830b80_StateSignal_XLE,-0.027364377131864532,-0.027364377131864532,0.9404343743945393,0.9404343743945393,0.0,0.0,0.8736976137328336,-0.027364377131864532
2023-02-06 00:00:00+00:00,20260201_193429_0a830b80_StateSignal_XLE,0.0065294030981163965,0.0065294030981163965,0.9465748495122862,0.9465748495122862,0.0,0.0,0.8736976137328336,0.0065294030981163965
2023-02-07 00:00:00+00:00,20260201_193429_0a830b80_StateSignal_XLE,-0.006303437077528632,-0.006303437077528632,0.9406081745092143,0.9406081745092143,0.0,0.0,0.8736976137328336,-0.006303437077528632
2023-02-08 00:00:00+00:00,20260201_193429_0a830b80_StateSignal_XLE,0.023406999979572456,0.023406999979572456,0.9626249900307372,0.9626249900307372,0.0,0.0,0.8736976137328336,0.023406999979572456
2023-02-09 00:00:00+00:00,20260201_193429_0a830b80_StateSignal_XLE,-0.0011005135775923405,-0.0011005135775923405,0.9615656081590787,0.9615656081590787,0.0,0.0,0.8736976137328336,-0.0011005135775923405
2023-02-10 00:00:00+00:00,20260201_193429_0a830b80_StateSignal_XLE,-0.006632351791363507,-0.006632351791363507,0.9551881667752913,0.9551881667752913,0.0,0.0,0.8736976137328336,-0.006632351791363507
2023-02-13 00:00:00+00:00,20260201_193429_0a830b80_StateSignal_XLE,0.029671484515292692,0.029671484515292692,0.9835300176749552,0.9835300176749552,0.0,0.0,0.8736976137328336,0.029671484515292692
2023-02-14 00:00:00+00:00,20260201_193429_0a830b80_StateSignal_XLE,0.0006432919277483036,0.0006432919277483036,0.9841627145960237,0.9841627145960237,0.0,0.0,0.8736976137328336,0.0006432919277483036
2023-02-15 00:00:00+00:00,20260201_193429_0a830b80_StateSignal_XLE,0.0008569864480455846,0.0008569864480455846,0.9850061287051043,0.9850061287051043,0.0,0.0,0.8736976137328336,0.0008569864480455846
2023-02-16 00:00:00+00:00,20260201_193429_0a830b80_StateSignal_XLE,-0.020145649696366643,-0.020145649696366643,0.965162540287437,0.965162540287437,0.0,0.0,0.8736976137328336,-0.020145649696366643
2023-02-17 00:00:00+00:00,20260201_193429_0a830b80_StateSignal_XLE,0.00021910912058005928,0.00021910912058005928,0.9653740162028562,0.9653740162028562,0.0,0.0,0.8736976137328336,0.00021910912058005928
2023-02-21 00:00:00+00:00,20260201_193429_0a830b80_StateSignal_XLE,-0.03554741803229985,-0.03554741803229985,0.9310574624913731,0.9310574624913731,0.0,0.0,0.8736976137328336,-0.03554741803229985
2023-02-22 00:00:00+00:00,20260201_193429_0a830b80_StateSignal_XLE,-0.004116907368008978,-0.004116907368008978,0.9272243851640026,0.9272243851640026,0.0,0.0,0.8736976137328336,-0.004116907368008978
2023-02-23 00:00:00+00:00,20260201_193429_0a830b80_StateSignal_XLE,-0.010842063315153043,-0.010842063315153043,0.9171713596727007,0.9171713596727007,0.0,0.0,0.8736976137328336,-0.010842063315153043
2023-02-24 00:00:00+00:00,20260201_193429_0a830b80_StateSignal_XLE,0.017010172492302172,0.017010172492302172,0.9327726027057327,0.9327726027057327,0.0,0.0,0.8736976137328336,0.017010172492302172
2023-02-27 00:00:00+00:00,20260201_193429_0a830b80_StateSignal_XLE,-0.0047936501410940375,-0.0047936501410940375,0.9283012171871637,0.9283012171871637,0.0,0.0,0.8736976137328336,-0.0047936501410940375
2023-02-28 00:00:00+00:00,20260201_193429_0a830b80_StateSignal_XLE,0.005248819525565557,0.005248819525565557,0.933173702741542,0.933173702741542,0.0,0.0,0.8736976137328336,0.005248819525565557
2023-03-01 00:00:00+00:00,20260201_193429_0a830b80_StateSignal_XLE,-0.010990051997798352,-0.010990051997798352,0.9229180752254345,0.9229180752254345,0.0,0.0,0.8736976137328336,-0.010990051997798352
2023-03-02 00:00:00+00:00,20260201_193429_0a830b80_StateSignal_XLE,0.011870248265894261,0.011870248265894261,0.9338733419074418,0.9338733419074418,0.0,0.0,0.7438206730962077,0.011870248265894261
2023-03-03 00:00:00+00:00,20260201_193429_0a830b80_StateSignal_XLE,0.007108762594117435,0.007108762594117435,0.9405120257880369,0.9405120257880369,0.0,0.0,0.7438206730962077,0.007108762594117435
2023-03-06 00:00:00+00:00,20260201_193429_0a830b80_StateSignal_XLE,0.012326182324741104,0.012326182324741104,0.952104948496512,0.952104948496512,0.0,0.0,0.7438206730962077,0.012326182324741104
2023-03-07 00:00:00+00:00,20260201_193429_0a830b80_StateSignal_XLE,-0.0011292826153408422,-0.0011292826153408422,0.9510297529301949,0.9510297529301949,0.0,0.0,0.7438206730962077,-0.0011292826153408422
2023-03-08 00:00:00+00:00,20260201_193429_0a830b80_StateSignal_XLE,-0.01560786415872232,-0.01560786415872232,0.9361862097355572,0.9361862097355572,0.0,0.0,0.7438206730962077,-0.01560786415872232
2023-03-09 00:00:00+00:00,20260201_193429_0a830b80_StateSignal_XLE,-0.010655251101195385,-0.010655251101195385,0.9262109105933485,0.9262109105933485,0.0,0.0,0.7438206730962077,-0.010655251101195385
2023-03-10 00:00:00+00:00,20260201_193429_0a830b80_StateSignal_XLE,-0.0005856087480778464,-0.0005856087480778464,0.9256685133815398,0.9256685133815398,0.0,0.0,0.7438206730962077,-0.0005856087480778464
2023-03-13 00:00:00+00:00,20260201_193429_0a830b80_StateSignal_XLE,-0.012405503276009483,-0.012405503276009483,0.9141851296062862,0.9141851296062862,0.0,0.0,0.7438206730962077,-0.012405503276009483
2023-03-14 00:00:00+00:00,20260201_193429_0a830b80_StateSignal_XLE,-0.012817905526318661,-0.012817905526318661,0.9024671909814274,0.9024671909814274,0.0,0.0,0.7438206730962077,-0.012817905526318661
2023-03-15 00:00:00+00:00,20260201_193429_0a830b80_StateSignal_XLE,-0.003442214239744148,-0.003442214239744148,0.8993607055657292,0.8993607055657292,0.0,0.0,0.7438206730962077,-0.003442214239744148
2023-03-16 00:00:00+00:00,20260201_193429_0a830b80_StateSignal_XLE,-0.033202529488804054,-0.033202529488804054,0.8694996552181115,0.8694996552181115,0.0,0.0,0.7438206730962077,-0.033202529488804054
2023-03-17 00:00:00+00:00,20260201_193429_0a830b80_StateSignal_XLE,0.0042322769836134885,0.0042322769836134885,0.8731796185961509,0.8731796185961509,0.0,0.0,0.7438206730962077,0.0042322769836134885
2023-03-20 00:00:00+00:00,20260201_193429_0a830b80_StateSignal_XLE,-0.009770486274518974,-0.009770486274518974,0.8646482291174675,0.8646482291174675,0.0,0.0,0.7438206730962077,-0.009770486274518974
2023-03-21 00:00:00+00:00,20260201_193429_0a830b80_StateSignal_XLE,0.016074089027183148,0.016074089027183148,0.8785466617294979,0.8785466617294979,0.0,0.0,0.7438206730962077,0.016074089027183148
2023-03-22 00:00:00+00:00,20260201_193429_0a830b80_StateSignal_XLE,0.023680720356896487,0.023680720356896487,0.8993512795463992,0.8993512795463992,0.0,0.0,0.7438206730962077,0.023680720356896487
2023-03-23 00:00:00+00:00,20260201_193429_0a830b80_StateSignal_XLE,-0.0034534956050425144,-0.0034534956050425144,0.8962453738550963,0.8962453738550963,0.0,0.0,0.7438206730962077,-0.0034534956050425144
2023-03-24 00:00:00+00:00,20260201_193429_0a830b80_StateSignal_XLE,-0.025265826054898206,-0.025265826054898206,0.8736009941367662,0.8736009941367662,0.0,0.0,0.7438206730962077,-0.025265826054898206
2023-03-27 00:00:00+00:00,20260201_193429_0a830b80_StateSignal_XLE,0.006084027579278003,0.006084027579278003,0.8789160066783789,0.8789160066783789,0.0,0.0,0.7438206730962077,0.006084027579278003
2023-03-28 00:00:00+00:00,20260201_193429_0a830b80_StateSignal_XLE,0.01836687571747384,0.01836687571747384,0.895058947739139,0.895058947739139,0.0,0.0,0.7438206730962077,0.01836687571747384
2023-03-29 00:00:00+00:00,20260201_193429_0a830b80_StateSignal_XLE,0.006898549962627375,0.006898549962627375,0.901233556609614,0.901233556609614,0.0,0.0,0.7438206730962077,0.006898549962627375
2023-03-30 00:00:00+00:00,20260201_193429_0a830b80_StateSignal_XLE,0.010826691506984858,0.010826691506984858,0.910990934302769,0.910990934302769,0.0,0.0,0.7438206730962077,0.010826691506984858
2023-03-31 00:00:00+00:00,20260201_193429_0a830b80_StateSignal_XLE,0.0023227645092734465,0.0023227645092734465,0.9131069517132373,0.9131069517132373,0.0,0.0,0.6688661693877408,0.0023227645092734465
2023-04-03 00:00:00+00:00,20260201_193429_0a830b80_StateSignal_XLE,0.0032028768434461106,0.0032028768434461106,0.9160315208244691,0.9160315208244691,0.0,0.0,0.6688661693877408,0.0032028768434461106
2023-04-04 00:00:00+00:00,20260201_193429_0a830b80_StateSignal_XLE,0.03307349999601336,0.03307349999601336,0.9463278893248054,0.9463278893248054,0.0,0.0,0.6688661693877408,0.03307349999601336
2023-04-05 00:00:00+00:00,20260201_193429_0a830b80_StateSignal_XLE,-0.01296491212890109,-0.01296491212890109,0.9340588313945809,0.9340588313945809,0.0,0.0,0.6688661693877408,-0.01296491212890109
2023-04-06 00:00:00+00:00,20260201_193429_0a830b80_StateSignal_XLE,0.005660396286801084,0.005660396286801084,0.9393459745354606,0.9393459745354606,0.0,0.0,0.6688661693877408,0.005660396286801084
2023-04-10 00:00:00+00:00,20260201_193429_0a830b80_StateSignal_XLE,-0.004111895138709284,-0.004111895138709284,0.9354834823892022,0.9354834823892022,0.0,0.0,0.6688661693877408,-0.004111895138709284
2023-04-11 00:00:00+00:00,20260201_193429_0a830b80_StateSignal_XLE,0.003428332310295461,0.003428332310295461,0.9386906306376248,0.9386906306376248,0.0,0.0,0.6688661693877408,0.003428332310295461
2023-04-12 00:00:00+00:00,20260201_193429_0a830b80_StateSignal_XLE,0.007819109067647753,0.007819109067647753,0.9460303550593595,0.9460303550593595,0.0,0.0,0.6688661693877408,0.007819109067647753
2023-04-13 00:00:00+00:00,20260201_193429_0a830b80_StateSignal_XLE,0.001350563143141106,0.001350563143141106,0.9473080287891954,0.9473080287891954,0.0,0.0,0.6688661693877408,0.001350563143141106
2023-04-14 00:00:00+00:00,20260201_193429_0a830b80_StateSignal_XLE,0.002188865440409365,0.002188865440409365,0.9493815585948344,0.9493815585948344,0.0,0.0,0.6688661693877408,0.002188865440409365
2023-04-17 00:00:00+00:00,20260201_193429_0a830b80_StateSignal_XLE,-0.0005044873924046224,-0.0005044873924046224,0.9489026075679419,0.9489026075679419,0.0,0.0,0.6688661693877408,-0.0005044873924046224
2023-04-18 00:00:00+00:00,20260201_193429_0a830b80_StateSignal_XLE,-0.006083716044023042,-0.006083716044023042,0.9431297535500655,0.9431297535500655,0.0,0.0,0.6688661693877408,-0.006083716044023042
2023-04-19 00:00:00+00:00,20260201_193429_0a830b80_StateSignal_XLE,-0.0003396121775866936,-0.0003396121775866936,0.9428094552007155,0.9428094552007155,0.0,0.0,0.6688661693877408,-0.0003396121775866936
2023-04-20 00:00:00+00:00,20260201_193429_0a830b80_StateSignal_XLE,-0.0018709555398828549,-0.0018709555398828549,0.9410455006274537,0.9410455006274537,0.0,0.0,0.6688661693877408,-0.0018709555398828549
2023-04-21 00:00:00+00:00,20260201_193429_0a830b80_StateSignal_XLE,-0.007364367131410193,-0.007364367131410193,0.9341152960734714,0.9341152960734714,0.0,0.0,0.6688661693877408,-0.007364367131410193
2023-04-24 00:00:00+00:00,20260201_193429_0a830b80_StateSignal_XLE,-0.0020697267759607297,-0.0020697267759607297,0.9321819326333537,0.9321819326333537,0.0,0.0,0.6688661693877408,-0.0020697267759607297
2023-04-25 00:00:00+00:00,20260201_193429_0a830b80_StateSignal_XLE,0.014017130889878137,0.014017130889878137,0.945248448796255,0.945248448796255,0.0,0.0,0.6688661693877408,0.014017130889878137
2023-04-26 00:00:00+00:00,20260201_193429_0a830b80_StateSignal_XLE,-0.01609328207378803,-0.01609328207378803,0.9300362988799663,0.9300362988799663,0.0,0.0,0.6688661693877408,-0.01609328207378803
2023-04-27 00:00:00+00:00,20260201_193429_0a830b80_StateSignal_XLE,-0.0094232639081088,-0.0094232639081088,0.9212723213914996,0.9212723213914996,0.0,0.0,0.6688661693877408,-0.0094232639081088
2023-04-28 00:00:00+00:00,20260201_193429_0a830b80_StateSignal_XLE,0.004553701904966747,0.004553701904966747,0.9254675209164133,0.9254675209164133,0.0,0.0,0.6688661693877408,0.004553701904966747
2023-05-01 00:00:00+00:00,20260201_193429_0a830b80_StateSignal_XLE,0.009359772618950596,0.009359772618950596,0.9341296864784147,0.9341296864784147,0.0,0.0,0.6688661693877408,0.009359772618950596
2023-05-02 00:00:00+00:00,20260201_193429_0a830b80_StateSignal_XLE,-0.007412816963269807,-0.007412816963269807,0.9272051540925936,0.9272051540925936,0.0,0.0,0.7543455927207438,-0.007412816963269807
2023-05-03 00:00:00+00:00,20260201_193429_0a830b80_StateSignal_XLE,-0.03244566638238248,-0.03244566638238248,0.8971213649948798,0.8971213649948798,0.0,0.0,0.7543455927207438,-0.03244566638238248
2023-05-04 00:00:00+00:00,20260201_193429_0a830b80_StateSignal_XLE,-0.006783913975450957,-0.006783913975450957,0.8910353708292154,0.8910353708292154,0.0,0.0,0.7543455927207438,-0.006783913975450957
2023-05-05 00:00:00+00:00,20260201_193429_0a830b80_StateSignal_XLE,-0.01396397235880627,-0.01396397235880627,0.8785929775402375,0.8785929775402375,0.0,0.0,0.7543455927207438,-0.01396397235880627
2023-05-08 00:00:00+00:00,20260201_193429_0a830b80_StateSignal_XLE,0.019928835664518342,0.019928835664518342,0.8961023126056368,0.8961023126056368,0.0,0.0,0.7543455927207438,0.019928835664518342
2023-05-09 00:00:00+00:00,20260201_193429_0a830b80_StateSignal_XLE,0.0,0.0,0.8961023126056368,0.8961023126056368,0.0,0.0,0.7543455927207438,0.0
2023-05-10 00:00:00+00:00,20260201_193429_0a830b80_StateSignal_XLE,0.0022502529283160017,0.0022502529283160017,0.8981187694586483,0.8981187694586483,0.0,0.0,0.7543455927207438,0.0022502529283160017
2023-05-11 00:00:00+00:00,20260201_193429_0a830b80_StateSignal_XLE,-0.014227521895137808,-0.014227521895137808,0.8853407650017412,0.8853407650017412,0.0,0.0,0.7543455927207438,-0.014227521895137808
2023-05-12 00:00:00+00:00,20260201_193429_0a830b80_StateSignal_XLE,-0.010902349532138781,-0.010902349532138781,0.8756884705266411,0.8756884705266411,0.0,0.0,0.7543455927207438,-0.010902349532138781
2023-05-15 00:00:00+00:00,20260201_193429_0a830b80_StateSignal_XLE,0.0002111534213147221,0.0002111534213147221,0.8758733751431986,0.8758733751431986,0.0,0.0,0.7543455927207438,0.0002111534213147221
2023-05-16 00:00:00+00:00,20260201_193429_0a830b80_StateSignal_XLE,0.006097879111937002,0.006097879111937002,0.8812143451021861,0.8812143451021861,0.0,0.0,0.7543455927207438,0.006097879111937002
2023-05-17 00:00:00+00:00,20260201_193429_0a830b80_StateSignal_XLE,-0.016728629919809026,-0.016728629919809026,0.8664728364429447,0.8664728364429447,0.0,0.0,0.7543455927207438,-0.016728629919809026
2023-05-18 00:00:00+00:00,20260201_193429_0a830b80_StateSignal_XLE,0.012107172123318124,0.012107172123318124,0.8769633722139392,0.8769633722139392,0.0,0.0,0.7543455927207438,0.012107172123318124
2023-05-19 00:00:00+00:00,20260201_193429_0a830b80_StateSignal_XLE,0.002524304394828274,0.002524304394828274,0.8791770947085221,0.8791770947085221,0.0,0.0,0.7543455927207438,0.002524304394828274
2023-05-22 00:00:00+00:00,20260201_193429_0a830b80_StateSignal_XLE,0.008976682791070872,0.008976682791070872,0.8870691886048958,0.8870691886048958,0.0,0.0,0.7543455927207438,0.008976682791070872
2023-05-23 00:00:00+00:00,20260201_193429_0a830b80_StateSignal_XLE,0.0041390808521719795,0.0041390808521719795,0.890740839698002,0.890740839698002,0.0,0.0,0.7543455927207438,0.0041390808521719795
2023-05-24 00:00:00+00:00,20260201_193429_0a830b80_StateSignal_XLE,0.0016492941092560354,0.0016492941092560354,0.8922099333177897,0.8922099333177897,0.0,0.0,0.7543455927207438,0.0016492941092560354
2023-05-25 00:00:00+00:00,20260201_193429_0a830b80_StateSignal_XLE,-0.001030386163102729,-0.001030386163102729,0.8912906125479163,0.8912906125479163,0.0,0.0,0.7543455927207438,-0.001030386163102729
2023-05-26 00:00:00+00:00,20260201_193429_0a830b80_StateSignal_XLE,-0.010800286589336116,-0.010800286589336116,0.8816644184980139,0.8816644184980139,0.0,0.0,0.7543455927207438,-0.010800286589336116
2023-05-30 00:00:00+00:00,20260201_193429_0a830b80_StateSignal_XLE,-0.0008372315983974136,-0.0008372315983974136,0.8809262611876647,0.8809262611876647,0.0,0.0,0.7543455927207438,-0.0008372315983974136
2023-05-31 00:00:00+00:00,20260201_193429_0a830b80_StateSignal_XLE,-0.012884278261608708,-0.012884278261608708,0.8695761621105642,0.8695761621105642,0.0,0.0,0.7543455927207438,-0.012884278261608708
2023-06-01 00:00:00+00:00,20260201_193429_0a830b80_StateSignal_XLE,0.0,0.0,0.8695761621105642,0.8695761621105642,0.0,0.0,0.0,-0.0
2023-06-02 00:00:00+00:00,20260201_193429_0a830b80_StateSignal_XLE,0.0,0.0,0.8695761621105642,0.8695761621105642,0.0,0.0,0.0,0.0
2023-06-05 00:00:00+00:00,20260201_193429_0a830b80_StateSignal_XLE,0.0,0.0,0.8695761621105642,0.8695761621105642,0.0,0.0,0.0,0.0
2023-06-06 00:00:00+00:00,20260201_193429_0a830b80_StateSignal_XLE,0.0,0.0,0.8695761621105642,0.8695761621105642,0.0,0.0,0.0,-0.0
2023-06-07 00:00:00+00:00,20260201_193429_0a830b80_StateSignal_XLE,0.0,0.0,0.8695761621105642,0.8695761621105642,0.0,0.0,0.0,0.0
2023-06-08 00:00:00+00:00,20260201_193429_0a830b80_StateSignal_XLE,0.019722803581491876,0.019722803581491876,0.8867266419550184,0.8867266419550184,0.0,0.0,0.6809420957627451,0.019722803581491876
2023-06-09 00:00:00+00:00,20260201_193429_0a830b80_StateSignal_XLE,-0.0014550050317198762,-0.0014550050317198762,0.8854364502292137,0.8854364502292137,0.0,0.0,0.6809420957627451,-0.0014550050317198762
2023-06-12 00:00:00+00:00,20260201_193429_0a830b80_StateSignal_XLE,-0.0045670331879704125,-0.0045670331879704125,0.8813926325751782,0.8813926325751782,0.0,0.0,0.6809420957627451,-0.0045670331879704125
2023-06-13 00:00:00+00:00,20260201_193429_0a830b80_StateSignal_XLE,-0.009226998845718301,-0.009226998845718301,0.8732600237717824,0.8732600237717824,0.0,0.0,0.6809420957627451,-0.009226998845718301
2023-06-14 00:00:00+00:00,20260201_193429_0a830b80_StateSignal_XLE,0.008493422587577225,0.008493422587577225,0.8806769901825139,0.8806769901825139,0.0,0.0,0.6809420957627451,0.008493422587577225
2023-06-15 00:00:00+00:00,20260201_193429_0a830b80_StateSignal_XLE,0.0,0.0,0.8806769901825139,0.8806769901825139,0.0,0.0,0.0,-0.0
2023-06-16 00:00:00+00:00,20260201_193429_0a830b80_StateSignal_XLE,0.0,0.0,0.8806769901825139,0.8806769901825139,0.0,0.0,0.0,0.0
2023-06-20 00:00:00+00:00,20260201_193429_0a830b80_StateSignal_XLE,0.0,0.0,0.8806769901825139,0.8806769901825139,0.0,0.0,0.0,-0.0
2023-06-21 00:00:00+00:00,20260201_193429_0a830b80_StateSignal_XLE,0.0,0.0,0.8806769901825139,0.8806769901825139,0.0,0.0,0.0,-0.0
2023-06-22 00:00:00+00:00,20260201_193429_0a830b80_StateSignal_XLE,0.0,0.0,0.8806769901825139,0.8806769901825139,0.0,0.0,0.0,0.0
2023-06-23 00:00:00+00:00,20260201_193429_0a830b80_StateSignal_XLE,0.0,0.0,0.8806769901825139,0.8806769901825139,0.0,0.0,0.0,-0.0
2023-06-26 00:00:00+00:00,20260201_193429_0a830b80_StateSignal_XLE,0.0,0.0,0.8806769901825139,0.8806769901825139,0.0,0.0,0.0,-0.0
2023-06-27 00:00:00+00:00,20260201_193429_0a830b80_StateSignal_XLE,0.0,0.0,0.8806769901825139,0.8806769901825139,0.0,0.0,0.0,0.0
2023-06-28 00:00:00+00:00,20260201_193429_0a830b80_StateSignal_XLE,0.0,0.0,0.8806769901825139,0.8806769901825139,0.0,0.0,0.0,-0.0
2023-06-29 00:00:00+00:00,20260201_193429_0a830b80_StateSignal_XLE,0.0,0.0,0.8806769901825139,0.8806769901825139,0.0,0.0,0.0,0.0
2023-06-30 00:00:00+00:00,20260201_193429_0a830b80_StateSignal_XLE,0.0,0.0,0.8806769901825139,0.8806769901825139,0.0,0.0,0.0,0.0
2023-07-03 00:00:00+00:00,20260201_193429_0a830b80_StateSignal_XLE,0.0,0.0,0.8806769901825139,0.8806769901825139,0.0,0.0,0.0,0.0
2023-07-05 00:00:00+00:00,20260201_193429_0a830b80_StateSignal_XLE,0.0,0.0,0.8806769901825139,0.8806769901825139,0.0,0.0,0.0,0.0
2023-07-06 00:00:00+00:00,20260201_193429_0a830b80_StateSignal_XLE,0.0,0.0,0.8806769901825139,0.8806769901825139,0.0,0.0,0.0,-0.0
2023-07-07 00:00:00+00:00,20260201_193429_0a830b80_StateSignal_XLE,0.0,0.0,0.8806769901825139,0.8806769901825139,0.0,0.0,0.0,-0.0
2023-07-10 00:00:00+00:00,20260201_193429_0a830b80_StateSignal_XLE,0.0,0.0,0.8806769901825139,0.8806769901825139,0.0,0.0,0.0,0.0
2023-07-11 00:00:00+00:00,20260201_193429_0a830b80_StateSignal_XLE,0.0,0.0,0.8806769901825139,0.8806769901825139,0.0,0.0,0.0,-0.0
2023-07-12 00:00:00+00:00,20260201_193429_0a830b80_StateSignal_XLE,0.0,0.0,0.8806769901825139,0.8806769901825139,0.0,0.0,0.0,0.0
2023-07-13 00:00:00+00:00,20260201_193429_0a830b80_StateSignal_XLE,0.0,0.0,0.8806769901825139,0.8806769901825139,0.0,0.0,0.0,0.0
2023-07-14 00:00:00+00:00,20260201_193429_0a830b80_StateSignal_XLE,0.0,0.0,0.8806769901825139,0.8806769901825139,0.0,0.0,0.0,-0.0
2023-07-17 00:00:00+00:00,20260201_193429_0a830b80_StateSignal_XLE,0.0,0.0,0.8806769901825139,0.8806769901825139,0.0,0.0,0.0,-0.0
2023-07-18 00:00:00+00:00,20260201_193429_0a830b80_StateSignal_XLE,0.0,0.0,0.8806769901825139,0.8806769901825139,0.0,0.0,0.0,0.0
2023-07-19 00:00:00+00:00,20260201_193429_0a830b80_StateSignal_XLE,0.0,0.0,0.8806769901825139,0.8806769901825139,0.0,0.0,0.0,0.0
2023-07-20 00:00:00+00:00,20260201_193429_0a830b80_StateSignal_XLE,0.0,0.0,0.8806769901825139,0.8806769901825139,0.0,0.0,0.0,0.0
2023-07-21 00:00:00+00:00,20260201_193429_0a830b80_StateSignal_XLE,0.0,0.0,0.8806769901825139,0.8806769901825139,0.0,0.0,0.0,0.0
2023-07-24 00:00:00+00:00,20260201_193429_0a830b80_StateSignal_XLE,0.0,0.0,0.8806769901825139,0.8806769901825139,0.0,0.0,0.0,0.0
2023-07-25 00:00:00+00:00,20260201_193429_0a830b80_StateSignal_XLE,0.0,0.0,0.8806769901825139,0.8806769901825139,0.0,0.0,0.0,0.0
2023-07-26 00:00:00+00:00,20260201_193429_0a830b80_StateSignal_XLE,0.0,0.0,0.8806769901825139,0.8806769901825139,0.0,0.0,0.0,0.0
2023-07-27 00:00:00+00:00,20260201_193429_0a830b80_StateSignal_XLE,0.0,0.0,0.8806769901825139,0.8806769901825139,0.0,0.0,0.0,-0.0
2023-07-28 00:00:00+00:00,20260201_193429_0a830b80_StateSignal_XLE,0.0,0.0,0.8806769901825139,0.8806769901825139,0.0,0.0,0.0,-0.0
2023-07-31 00:00:00+00:00,20260201_193429_0a830b80_StateSignal_XLE,0.0,0.0,0.8806769901825139,0.8806769901825139,0.0,0.0,0.0,-0.0
2023-08-01 00:00:00+00:00,20260201_193429_0a830b80_StateSignal_XLE,0.0,0.0,0.8806769901825139,0.8806769901825139,0.0,0.0,0.0,0.0
2023-08-02 00:00:00+00:00,20260201_193429_0a830b80_StateSignal_XLE,0.0,0.0,0.8806769901825139,0.8806769901825139,0.0,0.0,0.0,-0.0
2023-08-03 00:00:00+00:00,20260201_193429_0a830b80_StateSignal_XLE,0.0,0.0,0.8806769901825139,0.8806769901825139,0.0,0.0,0.0,-0.0
2023-08-04 00:00:00+00:00,20260201_193429_0a830b80_StateSignal_XLE,0.0,0.0,0.8806769901825139,0.8806769901825139,0.0,0.0,0.0,0.0
2023-08-07 00:00:00+00:00,20260201_193429_0a830b80_StateSignal_XLE,0.0,0.0,0.8806769901825139,0.8806769901825139,0.0,0.0,0.0,-0.0
2023-08-08 00:00:00+00:00,20260201_193429_0a830b80_StateSignal_XLE,0.0,0.0,0.8806769901825139,0.8806769901825139,0.0,0.0,0.0,-0.0
2023-08-09 00:00:00+00:00,20260201_193429_0a830b80_StateSignal_XLE,0.0,0.0,0.8806769901825139,0.8806769901825139,0.0,0.0,0.0,0.0
2023-08-10 00:00:00+00:00,20260201_193429_0a830b80_StateSignal_XLE,0.0,0.0,0.8806769901825139,0.8806769901825139,0.0,0.0,0.0,0.0
2023-08-11 00:00:00+00:00,20260201_193429_0a830b80_StateSignal_XLE,0.0,0.0,0.8806769901825139,0.8806769901825139,0.0,0.0,0.0,-0.0
2023-08-14 00:00:00+00:00,20260201_193429_0a830b80_StateSignal_XLE,0.0,0.0,0.8806769901825139,0.8806769901825139,0.0,0.0,0.0,0.0
2023-08-15 00:00:00+00:00,20260201_193429_0a830b80_StateSignal_XLE,0.0,0.0,0.8806769901825139,0.8806769901825139,0.0,0.0,0.0,-0.0
2023-08-16 00:00:00+00:00,20260201_193429_0a830b80_StateSignal_XLE,0.0,0.0,0.8806769901825139,0.8806769901825139,0.0,0.0,0.0,-0.0
2023-08-17 00:00:00+00:00,20260201_193429_0a830b80_StateSignal_XLE,0.0,0.0,0.8806769901825139,0.8806769901825139,0.0,0.0,0.0,-0.0
2023-08-18 00:00:00+00:00,20260201_193429_0a830b80_StateSignal_XLE,0.0,0.0,0.8806769901825139,0.8806769901825139,0.0,0.0,0.0,0.0
2023-08-21 00:00:00+00:00,20260201_193429_0a830b80_StateSignal_XLE,0.0,0.0,0.8806769901825139,0.8806769901825139,0.0,0.0,0.0,0.0
2023-08-22 00:00:00+00:00,20260201_193429_0a830b80_StateSignal_XLE,0.0,0.0,0.8806769901825139,0.8806769901825139,0.0,0.0,0.0,-0.0
2023-08-23 00:00:00+00:00,20260201_193429_0a830b80_StateSignal_XLE,0.0,0.0,0.8806769901825139,0.8806769901825139,0.0,0.0,0.0,-0.0
2023-08-24 00:00:00+00:00,20260201_193429_0a830b80_StateSignal_XLE,0.0,0.0,0.8806769901825139,0.8806769901825139,0.0,0.0,0.0,-0.0
2023-08-25 00:00:00+00:00,20260201_193429_0a830b80_StateSignal_XLE,0.0,0.0,0.8806769901825139,0.8806769901825139,0.0,0.0,0.0,0.0
2023-08-28 00:00:00+00:00,20260201_193429_0a830b80_StateSignal_XLE,0.0,0.0,0.8806769901825139,0.8806769901825139,0.0,0.0,0.0,0.0
2023-08-29 00:00:00+00:00,20260201_193429_0a830b80_StateSignal_XLE,0.0,0.0,0.8806769901825139,0.8806769901825139,0.0,0.0,0.0,0.0
2023-08-30 00:00:00+00:00,20260201_193429_0a830b80_StateSignal_XLE,0.0,0.0,0.8806769901825139,0.8806769901825139,0.0,0.0,0.0,0.0
2023-08-31 00:00:00+00:00,20260201_193429_0a830b80_StateSignal_XLE,0.0,0.0,0.8806769901825139,0.8806769901825139,0.0,0.0,0.0,0.0
2023-09-01 00:00:00+00:00,20260201_193429_0a830b80_StateSignal_XLE,0.0,0.0,0.8806769901825139,0.8806769901825139,0.0,0.0,0.0,-0.0
2023-09-05 00:00:00+00:00,20260201_193429_0a830b80_StateSignal_XLE,0.0,0.0,0.8806769901825139,0.8806769901825139,0.0,0.0,0.0,0.0
2023-09-06 00:00:00+00:00,20260201_193429_0a830b80_StateSignal_XLE,0.0,0.0,0.8806769901825139,0.8806769901825139,0.0,0.0,0.0,0.0
2023-09-07 00:00:00+00:00,20260201_193429_0a830b80_StateSignal_XLE,0.0,0.0,0.8806769901825139,0.8806769901825139,0.0,0.0,0.0,-0.0
2023-09-08 00:00:00+00:00,20260201_193429_0a830b80_StateSignal_XLE,0.0,0.0,0.8806769901825139,0.8806769901825139,0.0,0.0,0.0,0.0
2023-09-11 00:00:00+00:00,20260201_193429_0a830b80_StateSignal_XLE,0.0,0.0,0.8806769901825139,0.8806769901825139,0.0,0.0,0.0,0.0
2023-09-12 00:00:00+00:00,20260201_193429_0a830b80_StateSignal_XLE,0.0,0.0,0.8806769901825139,0.8806769901825139,0.0,0.0,0.0,-0.0
2023-09-13 00:00:00+00:00,20260201_193429_0a830b80_StateSignal_XLE,0.0,0.0,0.8806769901825139,0.8806769901825139,0.0,0.0,0.0,0.0
2023-09-14 00:00:00+00:00,20260201_193429_0a830b80_StateSignal_XLE,0.0,0.0,0.8806769901825139,0.8806769901825139,0.0,0.0,0.0,-0.0
2023-09-15 00:00:00+00:00,20260201_193429_0a830b80_StateSignal_XLE,0.0,0.0,0.8806769901825139,0.8806769901825139,0.0,0.0,0.0,0.0
2023-09-18 00:00:00+00:00,20260201_193429_0a830b80_StateSignal_XLE,0.0,0.0,0.8806769901825139,0.8806769901825139,0.0,0.0,0.0,-0.0
2023-09-19 00:00:00+00:00,20260201_193429_0a830b80_StateSignal_XLE,0.0,0.0,0.8806769901825139,0.8806769901825139,0.0,0.0,0.0,0.0
2023-09-20 00:00:00+00:00,20260201_193429_0a830b80_StateSignal_XLE,0.0,0.0,0.8806769901825139,0.8806769901825139,0.0,0.0,0.0,-0.0
2023-09-21 00:00:00+00:00,20260201_193429_0a830b80_StateSignal_XLE,0.0,0.0,0.8806769901825139,0.8806769901825139,0.0,0.0,0.0,-0.0
2023-09-22 00:00:00+00:00,20260201_193429_0a830b80_StateSignal_XLE,0.0,0.0,0.8806769901825139,0.8806769901825139,0.0,0.0,0.0,-0.0
2023-09-25 00:00:00+00:00,20260201_193429_0a830b80_StateSignal_XLE,0.0,0.0,0.8806769901825139,0.8806769901825139,0.0,0.0,0.0,-0.0
2023-09-26 00:00:00+00:00,20260201_193429_0a830b80_StateSignal_XLE,0.0,0.0,0.8806769901825139,0.8806769901825139,0.0,0.0,0.0,0.0
2023-09-27 00:00:00+00:00,20260201_193429_0a830b80_StateSignal_XLE,0.0,0.0,0.8806769901825139,0.8806769901825139,0.0,0.0,0.0,-0.0
2023-09-28 00:00:00+00:00,20260201_193429_0a830b80_StateSignal_XLE,0.0,0.0,0.8806769901825139,0.8806769901825139,0.0,0.0,0.0,0.0
2023-09-29 00:00:00+00:00,20260201_193429_0a830b80_StateSignal_XLE,0.0,0.0,0.8806769901825139,0.8806769901825139,0.0,0.0,0.0,-0.0
2023-10-02 00:00:00+00:00,20260201_193429_0a830b80_StateSignal_XLE,-0.0176870546372343,-0.0176870546372343,0.8651004081394007,0.8651004081394007,0.0,0.0,1.0,-0.0176870546372343
2023-10-03 00:00:00+00:00,20260201_193429_0a830b80_StateSignal_XLE,-0.027253585968269434,-0.027253585968269434,0.8415233197949886,0.8415233197949886,0.0,0.0,1.0,-0.027253585968269434
2023-10-04 00:00:00+00:00,20260201_193429_0a830b80_StateSignal_XLE,0.0012217472503226467,0.0012217472503226467,0.8425514485970306,0.8425514485970306,0.0,0.0,1.0,0.0012217472503226467
2023-10-05 00:00:00+00:00,20260201_193429_0a830b80_StateSignal_XLE,-0.03554493741941123,-0.03554493741941123,0.8126030100840148,0.8126030100840148,0.0,0.0,1.0,-0.03554493741941123
2023-10-06 00:00:00+00:00,20260201_193429_0a830b80_StateSignal_XLE,0.0,0.0,0.8126030100840148,0.8126030100840148,0.0,0.0,1.0,0.0
2023-10-09 00:00:00+00:00,20260201_193429_0a830b80_StateSignal_XLE,0.01207258123426902,0.01207258123426902,0.8224132259344656,0.8224132259344656,0.0,0.0,1.0,0.01207258123426902
2023-10-10 00:00:00+00:00,20260201_193429_0a830b80_StateSignal_XLE,0.030529205034822926,0.030529205034822926,0.8475208479323691,0.8475208479323691,0.0,0.0,1.0,0.030529205034822926
2023-10-11 00:00:00+00:00,20260201_193429_0a830b80_StateSignal_XLE,0.0012116807492397186,0.0012116807492397186,0.8485477726283881,0.8485477726283881,0.0,0.0,1.0,0.0012116807492397186
2023-10-12 00:00:00+00:00,20260201_193429_0a830b80_StateSignal_XLE,-0.016852273290311803,-0.016852273290311803,0.8342478136641691,0.8342478136641691,0.0,0.0,1.0,-0.016852273290311803
2023-10-13 00:00:00+00:00,20260201_193429_0a830b80_StateSignal_XLE,0.0031968550526340067,0.0031968550526340067,0.8369147830024303,0.8369147830024303,0.0,0.0,1.0,0.0031968550526340067
2023-10-16 00:00:00+00:00,20260201_193429_0a830b80_StateSignal_XLE,0.022816523774041197,0.022816523774041197,0.8560102690456518,0.8560102690456518,0.0,0.0,1.0,0.022816523774041197
2023-10-17 00:00:00+00:00,20260201_193429_0a830b80_StateSignal_XLE,0.004788134596689808,0.004788134596689808,0.860108961429991,0.860108961429991,0.0,0.0,1.0,0.004788134596689808
2023-10-18 00:00:00+00:00,20260201_193429_0a830b80_StateSignal_XLE,0.008798059366954103,0.008798059366954103,0.8676762511347014,0.8676762511347014,0.0,0.0,1.0,0.008798059366954103
2023-10-19 00:00:00+00:00,20260201_193429_0a830b80_StateSignal_XLE,0.00872132811381432,0.00872132811381432,0.8752435404174115,0.8752435404174115,0.0,0.0,1.0,0.00872132811381432
2023-10-20 00:00:00+00:00,20260201_193429_0a830b80_StateSignal_XLE,0.0,0.0,0.8752435404174115,0.8752435404174115,0.0,0.0,1.0,0.0
2023-10-23 00:00:00+00:00,20260201_193429_0a830b80_StateSignal_XLE,-0.01465747281571872,-0.01465747281571872,0.8624146820166099,0.8624146820166099,0.0,0.0,1.0,-0.01465747281571872
2023-10-24 00:00:00+00:00,20260201_193429_0a830b80_StateSignal_XLE,-0.01778038191541187,-0.01778038191541187,0.8470806196008961,0.8470806196008961,0.0,0.0,1.0,-0.01778038191541187
2023-10-25 00:00:00+00:00,20260201_193429_0a830b80_StateSignal_XLE,-0.010723963362975653,-0.010723963362975653,0.8379965580708094,0.8379965580708094,0.0,0.0,1.0,-0.010723963362975653
2023-10-26 00:00:00+00:00,20260201_193429_0a830b80_StateSignal_XLE,-0.00491280771950775,-0.00491280771950775,0.8338796421113982,0.8338796421113982,0.0,0.0,1.0,-0.00491280771950775
2023-10-27 00:00:00+00:00,20260201_193429_0a830b80_StateSignal_XLE,-0.00840756683484356,-0.00840756683484356,0.8268687432881312,0.8268687432881312,0.0,0.0,1.0,-0.00840756683484356
2023-10-30 00:00:00+00:00,20260201_193429_0a830b80_StateSignal_XLE,-0.026165014641901685,-0.026165014641901685,0.8052337105130664,0.8052337105130664,0.0,0.0,1.0,-0.026165014641901685
2023-10-31 00:00:00+00:00,20260201_193429_0a830b80_StateSignal_XLE,0.0005521677395957024,0.0005521677395957024,0.8056783345908466,0.8056783345908466,0.0,0.0,0.4335068337475258,0.0005521677395957024
2023-11-01 00:00:00+00:00,20260201_193429_0a830b80_StateSignal_XLE,0.002201664629519245,0.002201664629519245,0.8074521680828853,0.8074521680828853,0.0,0.0,0.4335068337475258,0.002201664629519245
2023-11-02 00:00:00+00:00,20260201_193429_0a830b80_StateSignal_XLE,0.0006583248550625182,0.0006583248550625182,0.8079837339144084,0.8079837339144084,0.0,0.0,0.4335068337475258,0.0006583248550625182
2023-11-03 00:00:00+00:00,20260201_193429_0a830b80_StateSignal_XLE,0.009113091851793209,0.009113091851793209,0.8153469638963252,0.8153469638963252,0.0,0.0,0.4335068337475258,0.009113091851793209
2023-11-06 00:00:00+00:00,20260201_193429_0a830b80_StateSignal_XLE,-0.0012901998623148754,-0.0012901998623148754,0.8142950033557673,0.8142950033557673,0.0,0.0,0.4335068337475258,-0.0012901998623148754
2023-11-07 00:00:00+00:00,20260201_193429_0a830b80_StateSignal_XLE,-0.004981647213927182,-0.004981647213927182,0.8102384729209853,0.8102384729209853,0.0,0.0,0.4335068337475258,-0.004981647213927182
2023-11-08 00:00:00+00:00,20260201_193429_0a830b80_StateSignal_XLE,-0.010138395145042911,-0.010138395145042911,0.8020239551207962,0.8020239551207962,0.0,0.0,0.4335068337475258,-0.010138395145042911
2023-11-09 00:00:00+00:00,20260201_193429_0a830b80_StateSignal_XLE,-0.004821152458238333,-0.004821152458238333,0.7981572753579995,0.7981572753579995,0.0,0.0,0.4335068337475258,-0.004821152458238333
2023-11-10 00:00:00+00:00,20260201_193429_0a830b80_StateSignal_XLE,-0.0013550628394497913,-0.0013550628394497913,0.7970757220941255,0.7970757220941255,0.0,0.0,0.4335068337475258,-0.0013550628394497913
2023-11-13 00:00:00+00:00,20260201_193429_0a830b80_StateSignal_XLE,0.003267513371698857,0.003267513371698857,0.7996801776743245,0.7996801776743245,0.0,0.0,0.4335068337475258,0.003267513371698857
2023-11-14 00:00:00+00:00,20260201_193429_0a830b80_StateSignal_XLE,0.0037997748681903427,0.0037997748681903427,0.8027187823160414,0.8027187823160414,0.0,0.0,0.4335068337475258,0.0037997748681903427
2023-11-15 00:00:00+00:00,20260201_193429_0a830b80_StateSignal_XLE,0.00420776220051897,0.00420776220051897,0.8060964320659175,0.8060964320659175,0.0,0.0,0.4335068337475258,0.00420776220051897
2023-11-16 00:00:00+00:00,20260201_193429_0a830b80_StateSignal_XLE,-0.0002204458902054929,-0.0002204458902054929,0.8059187314203593,0.8059187314203593,0.0,0.0,0.4335068337475258,-0.0002204458902054929
2023-11-17 00:00:00+00:00,20260201_193429_0a830b80_StateSignal_XLE,-0.010715441538706898,-0.010715441538706898,0.7972829563688757,0.7972829563688757,0.0,0.0,0.4335068337475258,-0.010715441538706898
2023-11-20 00:00:00+00:00,20260201_193429_0a830b80_StateSignal_XLE,0.012146340092812569,0.012146340092812569,0.8069670263071351,0.8069670263071351,0.0,0.0,0.4335068337475258,0.012146340092812569
2023-11-21 00:00:00+00:00,20260201_193429_0a830b80_StateSignal_XLE,0.00043932796640451906,0.00043932796640451906,0.8073215494897582,0.8073215494897582,0.0,0.0,0.4335068337475258,0.00043932796640451906
2023-11-22 00:00:00+00:00,20260201_193429_0a830b80_StateSignal_XLE,-0.0024218321856549607,-0.0024218321856549607,0.8053663521770311,0.8053663521770311,0.0,0.0,0.4335068337475258,-0.0024218321856549607
2023-11-24 00:00:00+00:00,20260201_193429_0a830b80_StateSignal_XLE,-0.001326724321688004,-0.001326724321688004,0.8042978530497287,0.8042978530497287,0.0,0.0,0.4335068337475258,-0.001326724321688004
2023-11-27 00:00:00+00:00,20260201_193429_0a830b80_StateSignal_XLE,0.0009954237065967872,0.0009954237065967872,0.8050984701998193,0.8050984701998193,0.0,0.0,0.4335068337475258,0.0009954237065967872
2023-11-28 00:00:00+00:00,20260201_193429_0a830b80_StateSignal_XLE,-0.0014385689879637398,-0.0014385689879637398,0.8039402805083328,0.8039402805083328,0.0,0.0,0.4335068337475258,-0.0014385689879637398
2023-11-29 00:00:00+00:00,20260201_193429_0a830b80_StateSignal_XLE,0.0026521020800169765,0.0026521020800169765,0.8060724121984784,0.8060724121984784,0.0,0.0,0.4335068337475258,0.0026521020800169765
2023-11-30 00:00:00+00:00,20260201_193429_0a830b80_StateSignal_XLE,0.0,0.0,0.8060724121984784,0.8060724121984784,0.0,0.0,0.0,-0.0
2023-12-01 00:00:00+00:00,20260201_193429_0a830b80_StateSignal_XLE,0.0,0.0,0.8060724121984784,0.8060724121984784,0.0,0.0,0.0,-0.0
2023-12-04 00:00:00+00:00,20260201_193429_0a830b80_StateSignal_XLE,0.0,0.0,0.8060724121984784,0.8060724121984784,0.0,0.0,0.0,0.0
2023-12-05 00:00:00+00:00,20260201_193429_0a830b80_StateSignal_XLE,0.0,0.0,0.8060724121984784,0.8060724121984784,0.0,0.0,0.0,-0.0
2023-12-06 00:00:00+00:00,20260201_193429_0a830b80_StateSignal_XLE,0.0,0.0,0.8060724121984784,0.8060724121984784,0.0,0.0,0.0,-0.0
2023-12-07 00:00:00+00:00,20260201_193429_0a830b80_StateSignal_XLE,0.0,0.0,0.8060724121984784,0.8060724121984784,0.0,0.0,0.0,-0.0
2023-12-08 00:00:00+00:00,20260201_193429_0a830b80_StateSignal_XLE,0.0,0.0,0.8060724121984784,0.8060724121984784,0.0,0.0,0.0,-0.0
2023-12-11 00:00:00+00:00,20260201_193429_0a830b80_StateSignal_XLE,0.0,0.0,0.8060724121984784,0.8060724121984784,0.0,0.0,0.0,0.0
2023-12-12 00:00:00+00:00,20260201_193429_0a830b80_StateSignal_XLE,0.0,0.0,0.8060724121984784,0.8060724121984784,0.0,0.0,0.0,0.0
2023-12-13 00:00:00+00:00,20260201_193429_0a830b80_StateSignal_XLE,0.0,0.0,0.8060724121984784,0.8060724121984784,0.0,0.0,0.0,-0.0
2023-12-14 00:00:00+00:00,20260201_193429_0a830b80_StateSignal_XLE,0.0,0.0,0.8060724121984784,0.8060724121984784,0.0,0.0,0.0,0.0
2023-12-15 00:00:00+00:00,20260201_193429_0a830b80_StateSignal_XLE,0.0,0.0,0.8060724121984784,0.8060724121984784,0.0,0.0,0.0,0.0
2023-12-18 00:00:00+00:00,20260201_193429_0a830b80_StateSignal_XLE,0.0,0.0,0.8060724121984784,0.8060724121984784,0.0,0.0,0.0,-0.0
2023-12-19 00:00:00+00:00,20260201_193429_0a830b80_StateSignal_XLE,0.0,0.0,0.8060724121984784,0.8060724121984784,0.0,0.0,0.0,0.0
2023-12-20 00:00:00+00:00,20260201_193429_0a830b80_StateSignal_XLE,0.0,0.0,0.8060724121984784,0.8060724121984784,0.0,0.0,0.0,0.0
2023-12-21 00:00:00+00:00,20260201_193429_0a830b80_StateSignal_XLE,0.0,0.0,0.8060724121984784,0.8060724121984784,0.0,0.0,0.0,-0.0
2023-12-22 00:00:00+00:00,20260201_193429_0a830b80_StateSignal_XLE,0.0,0.0,0.8060724121984784,0.8060724121984784,0.0,0.0,0.0,-0.0
2023-12-26 00:00:00+00:00,20260201_193429_0a830b80_StateSignal_XLE,0.0,0.0,0.8060724121984784,0.8060724121984784,0.0,0.0,0.0,0.0
2023-12-27 00:00:00+00:00,20260201_193429_0a830b80_StateSignal_XLE,0.0,0.0,0.8060724121984784,0.8060724121984784,0.0,0.0,0.0,0.0
2023-12-28 00:00:00+00:00,20260201_193429_0a830b80_StateSignal_XLE,0.0,0.0,0.8060724121984784,0.8060724121984784,0.0,0.0,0.0,-0.0
2023-12-29 00:00:00+00:00,20260201_193429_0a830b80_StateSignal_XLE,0.0,0.0,0.8060724121984784,0.8060724121984784,0.0,0.0,0.0,-0.0
2024-01-02 00:00:00+00:00,20260201_193429_0a830b80_StateSignal_XLE,0.0,0.0,0.8060724121984784,0.8060724121984784,0.0,0.0,0.0,-0.0
2024-01-03 00:00:00+00:00,20260201_193429_0a830b80_StateSignal_XLE,0.0,0.0,0.8060724121984784,0.8060724121984784,0.0,0.0,0.0,0.0
2024-01-04 00:00:00+00:00,20260201_193429_0a830b80_StateSignal_XLE,0.0,0.0,0.8060724121984784,0.8060724121984784,0.0,0.0,0.0,0.0
2024-01-05 00:00:00+00:00,20260201_193429_0a830b80_StateSignal_XLE,0.0,0.0,0.8060724121984784,0.8060724121984784,0.0,0.0,0.0,-0.0
2024-01-08 00:00:00+00:00,20260201_193429_0a830b80_StateSignal_XLE,0.0,0.0,0.8060724121984784,0.8060724121984784,0.0,0.0,0.0,-0.0
2024-01-09 00:00:00+00:00,20260201_193429_0a830b80_StateSignal_XLE,0.0,0.0,0.8060724121984784,0.8060724121984784,0.0,0.0,0.0,-0.0
2024-01-10 00:00:00+00:00,20260201_193429_0a830b80_StateSignal_XLE,0.0,0.0,0.8060724121984784,0.8060724121984784,0.0,0.0,0.0,-0.0
2024-01-11 00:00:00+00:00,20260201_193429_0a830b80_StateSignal_XLE,0.0,0.0,0.8060724121984784,0.8060724121984784,0.0,0.0,0.0,-0.0
2024-01-12 00:00:00+00:00,20260201_193429_0a830b80_StateSignal_XLE,0.0,0.0,0.8060724121984784,0.8060724121984784,0.0,0.0,0.0,0.0
2024-01-16 00:00:00+00:00,20260201_193429_0a830b80_StateSignal_XLE,0.0,0.0,0.8060724121984784,0.8060724121984784,0.0,0.0,0.0,0.0
2024-01-17 00:00:00+00:00,20260201_193429_0a830b80_StateSignal_XLE,0.0,0.0,0.8060724121984784,0.8060724121984784,0.0,0.0,0.0,-0.0
2024-01-18 00:00:00+00:00,20260201_193429_0a830b80_StateSignal_XLE,0.0,0.0,0.8060724121984784,0.8060724121984784,0.0,0.0,0.0,-0.0
2024-01-19 00:00:00+00:00,20260201_193429_0a830b80_StateSignal_XLE,0.0,0.0,0.8060724121984784,0.8060724121984784,0.0,0.0,0.0,-0.0
2024-01-22 00:00:00+00:00,20260201_193429_0a830b80_StateSignal_XLE,0.0,0.0,0.8060724121984784,0.8060724121984784,0.0,0.0,0.0,0.0
2024-01-23 00:00:00+00:00,20260201_193429_0a830b80_StateSignal_XLE,0.0,0.0,0.8060724121984784,0.8060724121984784,0.0,0.0,0.0,0.0
2024-01-24 00:00:00+00:00,20260201_193429_0a830b80_StateSignal_XLE,0.0,0.0,0.8060724121984784,0.8060724121984784,0.0,0.0,0.0,0.0
2024-01-25 00:00:00+00:00,20260201_193429_0a830b80_StateSignal_XLE,0.0,0.0,0.8060724121984784,0.8060724121984784,0.0,0.0,0.0,0.0
2024-01-26 00:00:00+00:00,20260201_193429_0a830b80_StateSignal_XLE,0.0,0.0,0.8060724121984784,0.8060724121984784,0.0,0.0,0.0,0.0
2024-01-29 00:00:00+00:00,20260201_193429_0a830b80_StateSignal_XLE,0.0,0.0,0.8060724121984784,0.8060724121984784,0.0,0.0,0.0,0.0
2024-01-30 00:00:00+00:00,20260201_193429_0a830b80_StateSignal_XLE,0.0,0.0,0.8060724121984784,0.8060724121984784,0.0,0.0,0.0,-0.0
2024-01-31 00:00:00+00:00,20260201_193429_0a830b80_StateSignal_XLE,0.0,0.0,0.8060724121984784,0.8060724121984784,0.0,0.0,0.0,0.0
2024-02-01 00:00:00+00:00,20260201_193429_0a830b80_StateSignal_XLE,0.0,0.0,0.8060724121984784,0.8060724121984784,0.0,0.0,0.0,-0.0
2024-02-02 00:00:00+00:00,20260201_193429_0a830b80_StateSignal_XLE,0.0,0.0,0.8060724121984784,0.8060724121984784,0.0,0.0,0.0,-0.0
2024-02-05 00:00:00+00:00,20260201_193429_0a830b80_StateSignal_XLE,0.0,0.0,0.8060724121984784,0.8060724121984784,0.0,0.0,0.0,0.0
2024-02-06 00:00:00+00:00,20260201_193429_0a830b80_StateSignal_XLE,0.0,0.0,0.8060724121984784,0.8060724121984784,0.0,0.0,0.0,-0.0
2024-02-07 00:00:00+00:00,20260201_193429_0a830b80_StateSignal_XLE,0.0,0.0,0.8060724121984784,0.8060724121984784,0.0,0.0,0.0,0.0
2024-02-08 00:00:00+00:00,20260201_193429_0a830b80_StateSignal_XLE,0.0,0.0,0.8060724121984784,0.8060724121984784,0.0,0.0,0.0,-0.0
2024-02-09 00:00:00+00:00,20260201_193429_0a830b80_StateSignal_XLE,0.0,0.0,0.8060724121984784,0.8060724121984784,0.0,0.0,0.0,0.0
2024-02-12 00:00:00+00:00,20260201_193429_0a830b80_StateSignal_XLE,0.0,0.0,0.8060724121984784,0.8060724121984784,0.0,0.0,0.0,-0.0
2024-02-13 00:00:00+00:00,20260201_193429_0a830b80_StateSignal_XLE,0.0,0.0,0.8060724121984784,0.8060724121984784,0.0,0.0,0.0,0.0
2024-02-14 00:00:00+00:00,20260201_193429_0a830b80_StateSignal_XLE,0.0,0.0,0.8060724121984784,0.8060724121984784,0.0,0.0,0.0,-0.0
2024-02-15 00:00:00+00:00,20260201_193429_0a830b80_StateSignal_XLE,0.0,0.0,0.8060724121984784,0.8060724121984784,0.0,0.0,0.0,0.0
2024-02-16 00:00:00+00:00,20260201_193429_0a830b80_StateSignal_XLE,0.0,0.0,0.8060724121984784,0.8060724121984784,0.0,0.0,0.0,0.0
2024-02-20 00:00:00+00:00,20260201_193429_0a830b80_StateSignal_XLE,0.0,0.0,0.8060724121984784,0.8060724121984784,0.0,0.0,0.0,0.0
2024-02-21 00:00:00+00:00,20260201_193429_0a830b80_StateSignal_XLE,0.0,0.0,0.8060724121984784,0.8060724121984784,0.0,0.0,0.0,-0.0
2024-02-22 00:00:00+00:00,20260201_193429_0a830b80_StateSignal_XLE,0.0,0.0,0.8060724121984784,0.8060724121984784,0.0,0.0,0.0,0.0
2024-02-23 00:00:00+00:00,20260201_193429_0a830b80_StateSignal_XLE,0.0,0.0,0.8060724121984784,0.8060724121984784,0.0,0.0,0.0,0.0
2024-02-26 00:00:00+00:00,20260201_193429_0a830b80_StateSignal_XLE,0.0,0.0,0.8060724121984784,0.8060724121984784,0.0,0.0,0.0,-0.0
2024-02-27 00:00:00+00:00,20260201_193429_0a830b80_StateSignal_XLE,0.0,0.0,0.8060724121984784,0.8060724121984784,0.0,0.0,0.0,0.0
2024-02-28 00:00:00+00:00,20260201_193429_0a830b80_StateSignal_XLE,0.0,0.0,0.8060724121984784,0.8060724121984784,0.0,0.0,0.0,-0.0
2024-02-29 00:00:00+00:00,20260201_193429_0a830b80_StateSignal_XLE,0.0,0.0,0.8060724121984784,0.8060724121984784,0.0,0.0,0.0,0.0
2024-03-01 00:00:00+00:00,20260201_193429_0a830b80_StateSignal_XLE,0.0,0.0,0.8060724121984784,0.8060724121984784,0.0,0.0,0.0,0.0
2024-03-04 00:00:00+00:00,20260201_193429_0a830b80_StateSignal_XLE,0.014793169177830912,0.014793169177830912,0.8179967777617128,0.8179967777617128,0.0,0.0,1.0,0.014793169177830912
2024-03-05 00:00:00+00:00,20260201_193429_0a830b80_StateSignal_XLE,-0.008602732174876948,-0.008602732174876948,0.8109597705627164,0.8109597705627164,0.0,0.0,1.0,-0.008602732174876948
2024-03-06 00:00:00+00:00,20260201_193429_0a830b80_StateSignal_XLE,0.004433504798999177,0.004433504798999177,0.8145551645973015,0.8145551645973015,0.0,0.0,1.0,0.004433504798999177
2024-03-07 00:00:00+00:00,20260201_193429_0a830b80_StateSignal_XLE,0.002944787404115967,0.002944787404115967,0.8169538563859652,0.8169538563859652,0.0,0.0,1.0,0.002944787404115967
2024-03-08 00:00:00+00:00,20260201_193429_0a830b80_StateSignal_XLE,0.00781063282461858,0.00781063282461858,0.8233347829928521,0.8233347829928521,0.0,0.0,1.0,0.00781063282461858
2024-03-11 00:00:00+00:00,20260201_193429_0a830b80_StateSignal_XLE,0.0014577262056563178,0.0014577262056563178,0.8245349796820491,0.8245349796820491,0.0,0.0,1.0,0.0014577262056563178
2024-03-12 00:00:00+00:00,20260201_193429_0a830b80_StateSignal_XLE,0.009423773981877659,0.009423773981877659,0.8323052109707249,0.8323052109707249,0.0,0.0,1.0,0.009423773981877659
2024-03-13 00:00:00+00:00,20260201_193429_0a830b80_StateSignal_XLE,0.004080168866997802,0.004080168866997802,0.8357011567803676,0.8357011567803676,0.0,0.0,1.0,0.004080168866997802
2024-03-14 00:00:00+00:00,20260201_193429_0a830b80_StateSignal_XLE,0.014977101543288462,0.014977101543288462,0.8482175378653108,0.8482175378653108,0.0,0.0,1.0,0.014977101543288462
2024-03-15 00:00:00+00:00,20260201_193429_0a830b80_StateSignal_XLE,0.006819544359755625,0.006819544359755625,0.854001994991506,0.854001994991506,0.0,0.0,1.0,0.006819544359755625
2024-03-18 00:00:00+00:00,20260201_193429_0a830b80_StateSignal_XLE,0.005142601328880225,0.005142601328880225,0.8583937867858157,0.8583937867858157,0.0,0.0,1.0,0.005142601328880225
2024-03-19 00:00:00+00:00,20260201_193429_0a830b80_StateSignal_XLE,0.003955793407428132,0.003955793407428132,0.8617894152685602,0.8617894152685602,0.0,0.0,1.0,0.003955793407428132
2024-03-20 00:00:00+00:00,20260201_193429_0a830b80_StateSignal_XLE,0.008555954610513616,0.008555954610513616,0.8691628463894191,0.8691628463894191,0.0,0.0,1.0,0.008555954610513616
2024-03-21 00:00:00+00:00,20260201_193429_0a830b80_StateSignal_XLE,0.0029888515180291897,0.0029888515180291897,0.8717606450822647,0.8717606450822647,0.0,0.0,1.0,0.0029888515180291897
2024-03-22 00:00:00+00:00,20260201_193429_0a830b80_StateSignal_XLE,0.0029799448985845522,0.0029799448985845522,0.8743584437693643,0.8743584437693643,0.0,0.0,1.0,0.0029799448985845522
2024-03-25 00:00:00+00:00,20260201_193429_0a830b80_StateSignal_XLE,-0.001374255827826243,-0.001374255827826243,0.8731568515824052,0.8731568515824052,0.0,0.0,1.0,-0.001374255827826243
2024-03-26 00:00:00+00:00,20260201_193429_0a830b80_StateSignal_XLE,0.010034291718377553,0.010034291718377553,0.8819183621470832,0.8819183621470832,0.0,0.0,1.0,0.010034291718377553
2024-03-27 00:00:00+00:00,20260201_193429_0a830b80_StateSignal_XLE,-0.006373798040588685,-0.006373798040588685,0.8762971926184709,0.8762971926184709,0.0,0.0,1.0,-0.006373798040588685
2024-03-28 00:00:00+00:00,20260201_193429_0a830b80_StateSignal_XLE,0.003191977174381133,0.003191977174381133,0.8790943132552834,0.8790943132552834,0.0,0.0,1.0,0.003191977174381133
2024-04-01 00:00:00+00:00,20260201_193429_0a830b80_StateSignal_XLE,0.014463528970776185,0.014463528970776185,0.8918091193230958,0.8918091193230958,0.0,0.0,1.0,0.014463528970776185
2024-04-02 00:00:00+00:00,20260201_193429_0a830b80_StateSignal_XLE,0.009379255894616634,0.009379255894616634,0.9001736252623799,0.9001736252623799,0.0,0.0,1.0,0.009379255894616634
2024-04-03 00:00:00+00:00,20260201_193429_0a830b80_StateSignal_XLE,0.007969933708064758,0.007969933708064758,0.9073479493814693,0.9073479493814693,0.0,0.0,1.0,0.007969933708064758
2024-04-04 00:00:00+00:00,20260201_193429_0a830b80_StateSignal_XLE,0.011401132047934581,0.011401132047934581,0.9176927431657902,0.9176927431657902,0.0,0.0,1.0,0.011401132047934581
2024-04-05 00:00:00+00:00,20260201_193429_0a830b80_StateSignal_XLE,-0.002619516887550244,-0.002619516887550244,0.9152888315274851,0.9152888315274851,0.0,0.0,1.0,-0.002619516887550244
2024-04-08 00:00:00+00:00,20260201_193429_0a830b80_StateSignal_XLE,0.010220813124704353,0.010220813124704353,0.9246438276296565,0.9246438276296565,0.0,0.0,1.0,0.010220813124704353
2024-04-09 00:00:00+00:00,20260201_193429_0a830b80_StateSignal_XLE,0.002161228418505523,0.002161228418505523,0.9266421941469254,0.9266421941469254,0.0,0.0,1.0,0.002161228418505523
2024-04-10 00:00:00+00:00,20260201_193429_0a830b80_StateSignal_XLE,-0.010634934743707358,-0.010634934743707358,0.916787414881407,0.916787414881407,0.0,0.0,1.0,-0.010634934743707358
2024-04-11 00:00:00+00:00,20260201_193429_0a830b80_StateSignal_XLE,0.005440117866603256,0.005440117866603256,0.9217748464769804,0.9217748464769804,0.0,0.0,1.0,0.005440117866603256
2024-04-12 00:00:00+00:00,20260201_193429_0a830b80_StateSignal_XLE,0.0,0.0,0.9217748464769804,0.9217748464769804,0.0,0.0,1.0,0.0
2024-04-15 00:00:00+00:00,20260201_193429_0a830b80_StateSignal_XLE,-0.016851257708589085,-0.016851257708589085,0.9062417809897017,0.9062417809897017,0.0,0.0,1.0,-0.016851257708589085
2024-04-16 00:00:00+00:00,20260201_193429_0a830b80_StateSignal_XLE,-0.006643071374205611,-0.006643071374205611,0.9002215521562998,0.9002215521562998,0.0,0.0,1.0,-0.006643071374205611
2024-04-17 00:00:00+00:00,20260201_193429_0a830b80_StateSignal_XLE,-0.006463858457997684,-0.006463858457997684,0.8944026474623226,0.8944026474623226,0.0,0.0,1.0,-0.006463858457997684
2024-04-18 00:00:00+00:00,20260201_193429_0a830b80_StateSignal_XLE,-0.0049316396746488245,-0.0049316396746488245,0.8899917758809864,0.8899917758809864,0.0,0.0,1.0,-0.0049316396746488245
2024-04-19 00:00:00+00:00,20260201_193429_0a830b80_StateSignal_XLE,-0.006538181334042825,-0.006538181334042825,0.8841728482644697,0.8841728482644697,0.0,0.0,1.0,-0.006538181334042825
2024-04-22 00:00:00+00:00,20260201_193429_0a830b80_StateSignal_XLE,0.013257131582787629,0.013257131582787629,0.89589444405584,0.89589444405584,0.0,0.0,1.0,0.013257131582787629
2024-04-23 00:00:00+00:00,20260201_193429_0a830b80_StateSignal_XLE,0.012422519998557036,0.012422519998557036,0.9070237107037198,0.9070237107037198,0.0,0.0,1.0,0.012422519998557036
2024-04-24 00:00:00+00:00,20260201_193429_0a830b80_StateSignal_XLE,-0.0006615944667385243,-0.0006615944667385243,0.9064236288355175,0.9064236288355175,0.0,0.0,1.0,-0.0006615944667385243
2024-04-25 00:00:00+00:00,20260201_193429_0a830b80_StateSignal_XLE,-0.0017663948068227242,-0.0017663948068227242,0.904822526844761,0.904822526844761,0.0,0.0,1.0,-0.0017663948068227242
2024-04-26 00:00:00+00:00,20260201_193429_0a830b80_StateSignal_XLE,0.008800936895042355,0.008800936895042355,0.9127858128047346,0.9127858128047346,0.0,0.0,1.0,0.008800936895042355
2024-04-29 00:00:00+00:00,20260201_193429_0a830b80_StateSignal_XLE,-0.007255170881172113,-0.007255170881172113,0.9061633957549267,0.9061633957549267,0.0,0.0,1.0,-0.007255170881172113
2024-04-30 00:00:00+00:00,20260201_193429_0a830b80_StateSignal_XLE,0.0015433803085689313,0.0015433803085689313,0.9075619504962807,0.9075619504962807,0.0,0.0,1.0,0.0015433803085689313
2024-05-01 00:00:00+00:00,20260201_193429_0a830b80_StateSignal_XLE,-0.02002737165042401,-0.02002737165042401,0.889385870017908,0.889385870017908,0.0,0.0,1.0,-0.02002737165042401
2024-05-02 00:00:00+00:00,20260201_193429_0a830b80_StateSignal_XLE,-0.01723007939312149,-0.01723007939312149,0.874061680866379,0.874061680866379,0.0,0.0,1.0,-0.01723007939312149
2024-05-03 00:00:00+00:00,20260201_193429_0a830b80_StateSignal_XLE,0.002968377564913194,0.002968377564913194,0.8766562259502131,0.8766562259502131,0.0,0.0,1.0,0.002968377564913194
2024-05-06 00:00:00+00:00,20260201_193429_0a830b80_StateSignal_XLE,-0.009161768161458639,-0.009161768161458639,0.8686245048507579,0.8686245048507579,0.0,0.0,1.0,-0.009161768161458639
2024-05-07 00:00:00+00:00,20260201_193429_0a830b80_StateSignal_XLE,0.015298848453172198,0.015298848453172198,0.8819134595131815,0.8819134595131815,0.0,0.0,1.0,0.015298848453172198
2024-05-08 00:00:00+00:00,20260201_193429_0a830b80_StateSignal_XLE,-0.0011336584367969138,-0.0011336584367969138,0.8809136708792796,0.8809136708792796,0.0,0.0,1.0,-0.0011336584367969138
2024-05-09 00:00:00+00:00,20260201_193429_0a830b80_StateSignal_XLE,-0.003408706856970589,-0.003408706856970589,0.8779108944089543,0.8779108944089543,0.0,0.0,1.0,-0.003408706856970589
2024-05-10 00:00:00+00:00,20260201_193429_0a830b80_StateSignal_XLE,0.012666986830262239,0.012666986830262239,0.8890313801465762,0.8890313801465762,0.0,0.0,1.0,0.012666986830262239
2024-05-13 00:00:00+00:00,20260201_193429_0a830b80_StateSignal_XLE,-0.005861152937715275,-0.005861152937715275,0.8838206312611091,0.8838206312611091,0.0,0.0,1.0,-0.005861152937715275
2024-05-14 00:00:00+00:00,20260201_193429_0a830b80_StateSignal_XLE,0.00067804274266825,0.00067804274266825,0.8844198994259561,0.8844198994259561,0.0,0.0,1.0,0.00067804274266825
2024-05-15 00:00:00+00:00,20260201_193429_0a830b80_StateSignal_XLE,-0.002261932654063603,-0.002261932654063603,0.8824194011755409,0.8824194011755409,0.0,0.0,1.0,-0.002261932654063603
2024-05-16 00:00:00+00:00,20260201_193429_0a830b80_StateSignal_XLE,0.0018099552452395251,0.0018099552452395251,0.8840165407991997,0.8840165407991997,0.0,0.0,1.0,0.0018099552452395251
2024-05-17 00:00:00+00:00,20260201_193429_0a830b80_StateSignal_XLE,0.0006778895299701659,0.0006778895299701659,0.8846158063565279,0.8846158063565279,0.0,0.0,1.0,0.0006778895299701659
2024-05-20 00:00:00+00:00,20260201_193429_0a830b80_StateSignal_XLE,0.013907806049791471,0.013907806049791471,0.8969188714199144,0.8969188714199144,0.0,0.0,1.0,0.013907806049791471
2024-05-21 00:00:00+00:00,20260201_193429_0a830b80_StateSignal_XLE,-0.00872586362164629,-0.00872586362164629,0.8890924796682234,0.8890924796682234,0.0,0.0,1.0,-0.00872586362164629
2024-05-22 00:00:00+00:00,20260201_193429_0a830b80_StateSignal_XLE,-0.0029256237813766184,-0.0029256237813766184,0.8864913295658629,0.8864913295658629,0.0,0.0,1.0,-0.0029256237813766184
2024-05-23 00:00:00+00:00,20260201_193429_0a830b80_StateSignal_XLE,-0.023718329639000224,-0.023718329639000224,0.8654652359891041,0.8654652359891041,0.0,0.0,1.0,-0.023718329639000224
2024-05-24 00:00:00+00:00,20260201_193429_0a830b80_StateSignal_XLE,-0.006018536685798548,-0.006018536685798548,0.8602564017160204,0.8602564017160204,0.0,0.0,1.0,-0.006018536685798548
2024-05-28 00:00:00+00:00,20260201_193429_0a830b80_StateSignal_XLE,0.0004642525617275517,0.0004642525617275517,0.8606557779542595,0.8606557779542595,0.0,0.0,1.0,0.0004642525617275517
2024-05-29 00:00:00+00:00,20260201_193429_0a830b80_StateSignal_XLE,0.010389104178654573,0.010389104178654573,0.8695972204933873,0.8695972204933873,0.0,0.0,1.0,0.010389104178654573
2024-05-30 00:00:00+00:00,20260201_193429_0a830b80_StateSignal_XLE,-0.018778806150467897,-0.018778806150467897,0.8532672228607563,0.8532672228607563,0.0,0.0,1.0,-0.018778806150467897
2024-05-31 00:00:00+00:00,20260201_193429_0a830b80_StateSignal_XLE,0.004436668106564401,0.004436668106564401,0.8570528863347994,0.8570528863347994,0.0,0.0,1.0,0.004436668106564401
2024-06-03 00:00:00+00:00,20260201_193429_0a830b80_StateSignal_XLE,0.020067563050809145,0.020067563050809145,0.874251849169201,0.874251849169201,0.0,0.0,1.0,0.020067563050809145
2024-06-04 00:00:00+00:00,20260201_193429_0a830b80_StateSignal_XLE,-0.023334777159047526,-0.023334777159047526,0.8538513770879524,0.8538513770879524,0.0,0.0,1.0,-0.023334777159047526
2024-06-05 00:00:00+00:00,20260201_193429_0a830b80_StateSignal_XLE,-0.01199308907556107,-0.01199308907556107,0.8436110614652461,0.8436110614652461,0.0,0.0,1.0,-0.01199308907556107
2024-06-06 00:00:00+00:00,20260201_193429_0a830b80_StateSignal_XLE,0.0049557623549847385,0.0049557623549847385,0.8477917974059043,0.8477917974059043,0.0,0.0,1.0,0.0049557623549847385
2024-06-07 00:00:00+00:00,20260201_193429_0a830b80_StateSignal_XLE,0.003993897004004765,0.003993897004004765,0.8511777905255835,0.8511777905255835,0.0,0.0,1.0,0.003993897004004765
2024-06-10 00:00:00+00:00,20260201_193429_0a830b80_StateSignal_XLE,0.0002344391055162376,0.0002344391055162376,0.8513773398854296,0.8513773398854296,0.0,0.0,1.0,0.0002344391055162376
2024-06-11 00:00:00+00:00,20260201_193429_0a830b80_StateSignal_XLE,0.007938402650358167,0.007938402650358167,0.858135916016831,0.858135916016831,0.0,0.0,1.0,0.007938402650358167
2024-06-12 00:00:00+00:00,20260201_193429_0a830b80_StateSignal_XLE,-0.008407335835973306,-0.008407335835973306,0.850921279177967,0.850921279177967,0.0,0.0,1.0,-0.008407335835973306
2024-06-13 00:00:00+00:00,20260201_193429_0a830b80_StateSignal_XLE,-0.009898737437414429,-0.009898737437414429,0.8424982328554755,0.8424982328554755,0.0,0.0,1.0,-0.009898737437414429
2024-06-14 00:00:00+00:00,20260201_193429_0a830b80_StateSignal_XLE,-0.005700728027687951,-0.005700728027687951,0.8376953795661588,0.8376953795661588,0.0,0.0,1.0,-0.005700728027687951
2024-06-17 00:00:00+00:00,20260201_193429_0a830b80_StateSignal_XLE,-0.0117408800477099,-0.0117408800477099,0.8278600985981517,0.8278600985981517,0.0,0.0,1.0,-0.0117408800477099
2024-06-18 00:00:00+00:00,20260201_193429_0a830b80_StateSignal_XLE,0.007204642115047122,0.007204642115047122,0.833824534329879,0.833824534329879,0.0,0.0,1.0,0.007204642115047122
2024-06-20 00:00:00+00:00,20260201_193429_0a830b80_StateSignal_XLE,0.0016736405580295433,0.0016736405580295433,0.8352200568888136,0.8352200568888136,0.0,0.0,1.0,0.0016736405580295433
2024-06-21 00:00:00+00:00,20260201_193429_0a830b80_StateSignal_XLE,0.022441003139001214,0.022441003139001214,0.8539632328072123,0.8539632328072123,0.0,0.0,1.0,0.022441003139001214
2024-06-24 00:00:00+00:00,20260201_193429_0a830b80_StateSignal_XLE,-0.007267644226483405,-0.007267644226483405,0.8477569318486718,0.8477569318486718,0.0,0.0,1.0,-0.007267644226483405
2024-06-25 00:00:00+00:00,20260201_193429_0a830b80_StateSignal_XLE,0.02279698632263738,0.02279698632263738,0.867083235028947,0.867083235028947,0.0,0.0,1.0,0.02279698632263738
2024-06-26 00:00:00+00:00,20260201_193429_0a830b80_StateSignal_XLE,-0.0018416211466494303,-0.0018416211466494303,0.8654863962074125,0.8654863962074125,0.0,0.0,1.0,-0.0018416211466494303
2024-06-27 00:00:00+00:00,20260201_193429_0a830b80_StateSignal_XLE,-0.0060088001453491025,-0.0060088001453491025,0.8602858614240837,0.8602858614240837,0.0,0.0,1.0,-0.0060088001453491025
2024-06-28 00:00:00+00:00,20260201_193429_0a830b80_StateSignal_XLE,-0.0023207251074812696,-0.0023207251074812696,0.8582893744258657,0.8582893744258657,0.0,0.0,1.0,-0.0023207251074812696
2024-07-01 00:00:00+00:00,20260201_193429_0a830b80_StateSignal_XLE,0.006484506279261115,0.006484506279261115,0.8638549572637534,0.8638549572637534,0.0,0.0,1.0,0.006484506279261115
2024-07-02 00:00:00+00:00,20260201_193429_0a830b80_StateSignal_XLE,0.0016145776774694198,0.0016145776774694198,0.8652497181943227,0.8652497181943227,0.0,0.0,1.0,0.0016145776774694198
2024-07-03 00:00:00+00:00,20260201_193429_0a830b80_StateSignal_XLE,-0.006242073209517862,-0.006242073209517862,0.8598487661088391,0.8598487661088391,0.0,0.0,1.0,-0.006242073209517862
2024-07-05 00:00:00+00:00,20260201_193429_0a830b80_StateSignal_XLE,0.007854048227541988,0.007854048227541988,0.8666020597862504,0.8666020597862504,0.0,0.0,1.0,0.007854048227541988
2024-07-08 00:00:00+00:00,20260201_193429_0a830b80_StateSignal_XLE,-0.014835691666746698,-0.014835691666746698,0.853745418829494,0.853745418829494,0.0,0.0,1.0,-0.014835691666746698
2024-07-09 00:00:00+00:00,20260201_193429_0a830b80_StateSignal_XLE,-0.006325428142153644,-0.006325428142153644,0.8483451135309952,0.8483451135309952,0.0,0.0,1.0,-0.006325428142153644
2024-07-10 00:00:00+00:00,20260201_193429_0a830b80_StateSignal_XLE,-0.0032956715328840147,-0.0032956715328840147,0.8455492466902699,0.8455492466902699,0.0,0.0,1.0,-0.0032956715328840147
2024-07-11 00:00:00+00:00,20260201_193429_0a830b80_StateSignal_XLE,-0.0004716981219532457,-0.0004716981219532457,0.8451504026985871,0.8451504026985871,0.0,0.0,1.0,-0.0004716981219532457
2024-07-12 00:00:00+00:00,20260201_193429_0a830b80_StateSignal_XLE,0.01312416306571862,0.01312416306571862,0.8562422943986611,0.8562422943986611,0.0,0.0,1.0,0.01312416306571862
2024-07-15 00:00:00+00:00,20260201_193429_0a830b80_StateSignal_XLE,0.0032543031974823222,0.0032543031974823222,0.8590287664351423,0.8590287664351423,0.0,0.0,1.0,0.0032543031974823222
2024-07-16 00:00:00+00:00,20260201_193429_0a830b80_StateSignal_XLE,0.02226138974645009,0.02226138974645009,0.8781519406081671,0.8781519406081671,0.0,0.0,1.0,0.02226138974645009
2024-07-17 00:00:00+00:00,20260201_193429_0a830b80_StateSignal_XLE,-0.004321626196074568,-0.004321626196074568,0.8743568961775011,0.8743568961775011,0.0,0.0,1.0,-0.004321626196074568
2024-07-18 00:00:00+00:00,20260201_193429_0a830b80_StateSignal_XLE,0.010656489010043124,0.010656489010043124,0.8836744708324721,0.8836744708324721,0.0,0.0,1.0,0.010656489010043124
2024-07-19 00:00:00+00:00,20260201_193429_0a830b80_StateSignal_XLE,0.004051322219178477,0.004051322219178477,0.8872545208506765,0.8872545208506765,0.0,0.0,1.0,0.004051322219178477
2024-07-22 00:00:00+00:00,20260201_193429_0a830b80_StateSignal_XLE,-0.011294450309028203,-0.011294450309028203,0.8772334687534679,0.8772334687534679,0.0,0.0,1.0,-0.011294450309028203
2024-07-23 00:00:00+00:00,20260201_193429_0a830b80_StateSignal_XLE,-0.006838412789977877,-0.006838412789977877,0.8712345841809475,0.8712345841809475,0.0,0.0,1.0,-0.006838412789977877
2024-07-24 00:00:00+00:00,20260201_193429_0a830b80_StateSignal_XLE,-0.015211171372120802,-0.015211171372120802,0.8579820856156527,0.8579820856156527,0.0,0.0,1.0,-0.015211171372120802
2024-07-25 00:00:00+00:00,20260201_193429_0a830b80_StateSignal_XLE,0.0018561490247930301,0.0018561490247930301,0.8595746282271581,0.8595746282271581,0.0,0.0,1.0,0.0018561490247930301
2024-07-26 00:00:00+00:00,20260201_193429_0a830b80_StateSignal_XLE,0.01060650939397867,0.01060650939397867,0.8686917145962753,0.8686917145962753,0.0,0.0,1.0,0.01060650939397867
2024-07-29 00:00:00+00:00,20260201_193429_0a830b80_StateSignal_XLE,0.006629353345153799,0.006629353345153799,0.8744505789203415,0.8744505789203415,0.0,0.0,1.0,0.006629353345153799
2024-07-30 00:00:00+00:00,20260201_193429_0a830b80_StateSignal_XLE,-0.010996674388640493,-0.010996674388640493,0.8648345306349964,0.8648345306349964,0.0,0.0,1.0,-0.010996674388640493
2024-07-31 00:00:00+00:00,20260201_193429_0a830b80_StateSignal_XLE,0.014635523070686496,0.014635523070686496,0.8774918363604312,0.8774918363604312,0.0,0.0,1.0,0.014635523070686496
2024-08-01 00:00:00+00:00,20260201_193429_0a830b80_StateSignal_XLE,0.011959975575534187,0.011959975575534187,0.8879866172910326,0.8879866172910326,0.0,0.0,1.0,0.011959975575534187
2024-08-02 00:00:00+00:00,20260201_193429_0a830b80_StateSignal_XLE,-0.008127272985888556,-0.008127272985888556,0.8807697076444926,0.8807697076444926,0.0,0.0,0.24072013933140468,-0.008127272985888556
2024-08-05 00:00:00+00:00,20260201_193429_0a830b80_StateSignal_XLE,-0.006912185186612232,-0.006912185186612232,0.8746816643184956,0.8746816643184956,0.0,0.0,0.24072013933140468,-0.006912185186612232
2024-08-06 00:00:00+00:00,20260201_193429_0a830b80_StateSignal_XLE,-0.003298776936754102,-0.003298776936754102,0.8717962846172401,0.8717962846172401,0.0,0.0,0.24072013933140468,-0.003298776936754102
2024-08-07 00:00:00+00:00,20260201_193429_0a830b80_StateSignal_XLE,0.0020886911028207816,0.0020886911028207816,0.8736171977603924,0.8736171977603924,0.0,0.0,0.24072013933140468,0.0020886911028207816
2024-08-08 00:00:00+00:00,20260201_193429_0a830b80_StateSignal_XLE,0.000519353252873042,0.000519353252873042,0.8740709136938152,0.8740709136938152,0.0,0.0,0.24072013933140468,0.000519353252873042
2024-08-09 00:00:00+00:00,20260201_193429_0a830b80_StateSignal_XLE,0.0036612133798344174,0.0036612133798344174,0.877271073817955,0.877271073817955,0.0,0.0,0.24072013933140468,0.0036612133798344174
2024-08-12 00:00:00+00:00,20260201_193429_0a830b80_StateSignal_XLE,0.001132802746204394,0.001132802746204394,0.8782648488995416,0.8782648488995416,0.0,0.0,0.24072013933140468,0.001132802746204394
2024-08-13 00:00:00+00:00,20260201_193429_0a830b80_StateSignal_XLE,0.0005644085571173516,0.0005644085571173516,0.8787605490956758,0.8787605490956758,0.0,0.0,0.24072013933140468,0.0005644085571173516
2024-08-14 00:00:00+00:00,20260201_193429_0a830b80_StateSignal_XLE,-0.0016404443795046018,-0.0016404443795046018,0.8773189912919814,0.8773189912919814,0.0,0.0,0.24072013933140468,-0.0016404443795046018
2024-08-15 00:00:00+00:00,20260201_193429_0a830b80_StateSignal_XLE,0.001978455395956803,0.001978455395956803,0.8790547277842784,0.8790547277842784,0.0,0.0,0.24072013933140468,0.001978455395956803
2024-08-16 00:00:00+00:00,20260201_193429_0a830b80_StateSignal_XLE,0.0016829721733329403,0.0016829721733329403,0.8805341524299761,0.8805341524299761,0.0,0.0,0.24072013933140468,0.0016829721733329403
2024-08-19 00:00:00+00:00,20260201_193429_0a830b80_StateSignal_XLE,0.0,0.0,0.8805341524299761,0.8805341524299761,0.0,0.0,0.24072013933140468,0.0
2024-08-20 00:00:00+00:00,20260201_193429_0a830b80_StateSignal_XLE,0.0015046799222163303,0.0015046799222163303,0.8818590744899633,0.8818590744899633,0.0,0.0,0.24072013933140468,0.0015046799222163303
2024-08-21 00:00:00+00:00,20260201_193429_0a830b80_StateSignal_XLE,-0.005166107491506073,-0.005166107491506073,0.8773032957187881,0.8773032957187881,0.0,0.0,0.24072013933140468,-0.005166107491506073
2024-08-22 00:00:00+00:00,20260201_193429_0a830b80_StateSignal_XLE,-0.0004545106648023718,-0.0004545106648023718,0.8769045520146176,0.8769045520146176,0.0,0.0,0.24072013933140468,-0.0004545106648023718
2024-08-23 00:00:00+00:00,20260201_193429_0a830b80_StateSignal_XLE,0.0005112642049288699,0.0005112642049288699,0.8773528819232019,0.8773528819232019,0.0,0.0,0.24072013933140468,0.0005112642049288699
2024-08-26 00:00:00+00:00,20260201_193429_0a830b80_StateSignal_XLE,0.0031570306842980678,0.0031570306842980678,0.8801227118923908,0.8801227118923908,0.0,0.0,0.24072013933140468,0.0031570306842980678
2024-08-27 00:00:00+00:00,20260201_193429_0a830b80_StateSignal_XLE,0.002340895004936207,0.002340895004936207,0.8821829867523906,0.8821829867523906,0.0,0.0,0.24072013933140468,0.002340895004936207
2024-08-28 00:00:00+00:00,20260201_193429_0a830b80_StateSignal_XLE,-0.002565029229072401,-0.002565029229072401,0.8799201616059803,0.8799201616059803,0.0,0.0,0.24072013933140468,-0.002565029229072401
2024-08-29 00:00:00+00:00,20260201_193429_0a830b80_StateSignal_XLE,-0.0013492056207837701,-0.0013492056207837701,0.8787329683781006,0.8787329683781006,0.0,0.0,0.24072013933140468,-0.0013492056207837701
2024-08-30 00:00:00+00:00,20260201_193429_0a830b80_StateSignal_XLE,0.0030808117230644327,0.0030808117230644327,0.8814401792085231,0.8814401792085231,0.0,0.0,0.24072013933140468,0.0030808117230644327
2024-09-03 00:00:00+00:00,20260201_193429_0a830b80_StateSignal_XLE,-0.003706281750141649,-0.003706281750141649,0.878173313558481,0.878173313558481,0.0,0.0,1.0,-0.003706281750141649
2024-09-04 00:00:00+00:00,20260201_193429_0a830b80_StateSignal_XLE,-0.014728495352636983,-0.014728495352636983,0.8652391419909251,0.8652391419909251,0.0,0.0,1.0,-0.014728495352636983
2024-09-05 00:00:00+00:00,20260201_193429_0a830b80_StateSignal_XLE,-0.012560895092438518,-0.012560895092438518,0.8543709638985055,0.8543709638985055,0.0,0.0,1.0,-0.012560895092438518
2024-09-06 00:00:00+00:00,20260201_193429_0a830b80_StateSignal_XLE,-0.007901393915453525,-0.007901393915453525,0.8476202423628177,0.8476202423628177,0.0,0.0,1.0,-0.007901393915453525
2024-09-09 00:00:00+00:00,20260201_193429_0a830b80_StateSignal_XLE,-0.01819334596120603,-0.01819334596120603,0.8321991940497897,0.8321991940497897,0.0,0.0,1.0,-0.01819334596120603
2024-09-10 00:00:00+00:00,20260201_193429_0a830b80_StateSignal_XLE,0.014098434783298863,0.014098434783298863,0.8439319001138146,0.8439319001138146,0.0,0.0,1.0,0.014098434783298863
2024-09-11 00:00:00+00:00,20260201_193429_0a830b80_StateSignal_XLE,-0.0246805441138358,-0.0246805441138358,0.8231032016239823,0.8231032016239823,0.0,0.0,1.0,-0.0246805441138358
2024-09-12 00:00:00+00:00,20260201_193429_0a830b80_StateSignal_XLE,-0.0069513686072828484,-0.0069513686072828484,0.8173815078676594,0.8173815078676594,0.0,0.0,1.0,-0.0069513686072828484
2024-09-13 00:00:00+00:00,20260201_193429_0a830b80_StateSignal_XLE,0.007940488371407373,0.007940488371407373,0.823871916225886,0.823871916225886,0.0,0.0,1.0,0.007940488371407373
2024-09-16 00:00:00+00:00,20260201_193429_0a830b80_StateSignal_XLE,0.00566853027399894,0.00566853027399894,0.8285420591249099,0.8285420591249099,0.0,0.0,1.0,0.00566853027399894
2024-09-17 00:00:00+00:00,20260201_193429_0a830b80_StateSignal_XLE,0.010269038896188576,0.010269038896188576,0.8370503897571917,0.8370503897571917,0.0,0.0,1.0,0.010269038896188576
2024-09-18 00:00:00+00:00,20260201_193429_0a830b80_StateSignal_XLE,0.014729229222784745,0.014729229222784745,0.8493794968189466,0.8493794968189466,0.0,0.0,1.0,0.014729229222784745
2024-09-19 00:00:00+00:00,20260201_193429_0a830b80_StateSignal_XLE,0.005020931050099708,0.005020931050099708,0.853644172707843,0.853644172707843,0.0,0.0,1.0,0.005020931050099708
2024-09-20 00:00:00+00:00,20260201_193429_0a830b80_StateSignal_XLE,0.015148218657389467,0.015148218657389467,0.8665753612916277,0.8665753612916277,0.0,0.0,1.0,0.015148218657389467
2024-09-23 00:00:00+00:00,20260201_193429_0a830b80_StateSignal_XLE,-0.00967787560695399,-0.00967787560695399,0.8581887527409962,0.8581887527409962,0.0,0.0,1.0,-0.00967787560695399
2024-09-24 00:00:00+00:00,20260201_193429_0a830b80_StateSignal_XLE,0.009442940800282074,0.009442940800282074,0.8662925783285973,0.8662925783285973,0.0,0.0,1.0,0.009442940800282074
2024-09-25 00:00:00+00:00,20260201_193429_0a830b80_StateSignal_XLE,0.0028155814001635804,0.0028155814001635804,0.868731695599239,0.868731695599239,0.0,0.0,1.0,0.0028155814001635804
2024-09-26 00:00:00+00:00,20260201_193429_0a830b80_StateSignal_XLE,-0.020355732433064766,-0.020355732433064766,0.8510480256474983,0.8510480256474983,0.0,0.0,1.0,-0.020355732433064766
2024-09-27 00:00:00+00:00,20260201_193429_0a830b80_StateSignal_XLE,-0.018340282409700315,-0.018340282409700315,0.8354395645129052,0.8354395645129052,0.0,0.0,1.0,-0.018340282409700315
2024-09-30 00:00:00+00:00,20260201_193429_0a830b80_StateSignal_XLE,0.01594621854178424,0.01594621854178424,0.8487616663870811,0.8487616663870811,0.0,0.0,1.0,0.01594621854178424
2024-10-01 00:00:00+00:00,20260201_193429_0a830b80_StateSignal_XLE,0.0,0.0,0.8487616663870811,0.8487616663870811,0.0,0.0,0.0,0.0
2024-10-02 00:00:00+00:00,20260201_193429_0a830b80_StateSignal_XLE,0.0,0.0,0.8487616663870811,0.8487616663870811,0.0,0.0,0.0,0.0
2024-10-03 00:00:00+00:00,20260201_193429_0a830b80_StateSignal_XLE,0.0,0.0,0.8487616663870811,0.8487616663870811,0.0,0.0,0.0,0.0
2024-10-04 00:00:00+00:00,20260201_193429_0a830b80_StateSignal_XLE,0.0,0.0,0.8487616663870811,0.8487616663870811,0.0,0.0,0.0,0.0
2024-10-07 00:00:00+00:00,20260201_193429_0a830b80_StateSignal_XLE,0.0,0.0,0.8487616663870811,0.8487616663870811,0.0,0.0,0.0,0.0
2024-10-08 00:00:00+00:00,20260201_193429_0a830b80_StateSignal_XLE,0.0,0.0,0.8487616663870811,0.8487616663870811,0.0,0.0,0.0,0.0
2024-10-09 00:00:00+00:00,20260201_193429_0a830b80_StateSignal_XLE,0.0,0.0,0.8487616663870811,0.8487616663870811,0.0,0.0,0.0,-0.0
2024-10-10 00:00:00+00:00,20260201_193429_0a830b80_StateSignal_XLE,0.0,0.0,0.8487616663870811,0.8487616663870811,0.0,0.0,0.0,0.0
2024-10-11 00:00:00+00:00,20260201_193429_0a830b80_StateSignal_XLE,0.0,0.0,0.8487616663870811,0.8487616663870811,0.0,0.0,0.0,0.0
2024-10-14 00:00:00+00:00,20260201_193429_0a830b80_StateSignal_XLE,0.0,0.0,0.8487616663870811,0.8487616663870811,0.0,0.0,0.0,0.0
2024-10-15 00:00:00+00:00,20260201_193429_0a830b80_StateSignal_XLE,0.0,0.0,0.8487616663870811,0.8487616663870811,0.0,0.0,0.0,-0.0
2024-10-16 00:00:00+00:00,20260201_193429_0a830b80_StateSignal_XLE,0.0,0.0,0.8487616663870811,0.8487616663870811,0.0,0.0,0.0,-0.0
2024-10-17 00:00:00+00:00,20260201_193429_0a830b80_StateSignal_XLE,0.0,0.0,0.8487616663870811,0.8487616663870811,0.0,0.0,0.0,0.0
2024-10-18 00:00:00+00:00,20260201_193429_0a830b80_StateSignal_XLE,0.0,0.0,0.8487616663870811,0.8487616663870811,0.0,0.0,0.0,0.0
2024-10-21 00:00:00+00:00,20260201_193429_0a830b80_StateSignal_XLE,0.0,0.0,0.8487616663870811,0.8487616663870811,0.0,0.0,0.0,-0.0
2024-10-22 00:00:00+00:00,20260201_193429_0a830b80_StateSignal_XLE,0.0,0.0,0.8487616663870811,0.8487616663870811,0.0,0.0,0.0,-0.0
2024-10-23 00:00:00+00:00,20260201_193429_0a830b80_StateSignal_XLE,0.0,0.0,0.8487616663870811,0.8487616663870811,0.0,0.0,0.0,0.0
2024-10-24 00:00:00+00:00,20260201_193429_0a830b80_StateSignal_XLE,0.0,0.0,0.8487616663870811,0.8487616663870811,0.0,0.0,0.0,-0.0
2024-10-25 00:00:00+00:00,20260201_193429_0a830b80_StateSignal_XLE,0.0,0.0,0.8487616663870811,0.8487616663870811,0.0,0.0,0.0,0.0
2024-10-28 00:00:00+00:00,20260201_193429_0a830b80_StateSignal_XLE,0.0,0.0,0.8487616663870811,0.8487616663870811,0.0,0.0,0.0,0.0
2024-10-29 00:00:00+00:00,20260201_193429_0a830b80_StateSignal_XLE,0.0,0.0,0.8487616663870811,0.8487616663870811,0.0,0.0,0.0,-0.0
2024-10-30 00:00:00+00:00,20260201_193429_0a830b80_StateSignal_XLE,0.0,0.0,0.8487616663870811,0.8487616663870811,0.0,0.0,0.0,-0.0
2024-10-31 00:00:00+00:00,20260201_193429_0a830b80_StateSignal_XLE,7.298997490517058e-05,7.298997490517058e-05,0.8488236174798112,0.8488236174798112,0.0,0.0,0.03082365199918876,7.298997490517058e-05
2024-11-01 00:00:00+00:00,20260201_193429_0a830b80_StateSignal_XLE,0.00031911830636049184,0.00031911830636049184,0.84909449263502,0.84909449263502,0.0,0.0,0.03082365199918876,0.00031911830636049184
2024-11-04 00:00:00+00:00,20260201_193429_0a830b80_StateSignal_XLE,-0.0002826880314671603,-0.0002826880314671603,0.8488544637843675,0.8488544637843675,0.0,0.0,0.03082365199918876,-0.0002826880314671603
2024-11-05 00:00:00+00:00,20260201_193429_0a830b80_StateSignal_XLE,0.0004122901228894063,0.0004122901228894063,0.8492044380955563,0.8492044380955563,0.0,0.0,0.03082365199918876,0.0004122901228894063
2024-11-06 00:00:00+00:00,20260201_193429_0a830b80_StateSignal_XLE,0.0001433660817093864,0.0001433660817093864,0.8493261852084163,0.8493261852084163,0.0,0.0,0.03082365199918876,0.0001433660817093864
2024-11-07 00:00:00+00:00,20260201_193429_0a830b80_StateSignal_XLE,0.0014664071859689638,0.0014664071859689638,0.8505716432296375,0.8505716432296375,0.0,0.0,0.03082365199918876,0.0014664071859689638
2024-11-08 00:00:00+00:00,20260201_193429_0a830b80_StateSignal_XLE,-0.0003152991672998462,-0.0003152991672998462,0.8503034586987983,0.8503034586987983,0.0,0.0,0.03082365199918876,-0.0003152991672998462
2024-11-11 00:00:00+00:00,20260201_193429_0a830b80_StateSignal_XLE,0.0001649062444211674,0.0001649062444211674,0.8504436790487906,0.8504436790487906,0.0,0.0,0.03082365199918876,0.0001649062444211674
2024-11-12 00:00:00+00:00,20260201_193429_0a830b80_StateSignal_XLE,0.00022531510582560877,0.00022531510582560877,0.8506352968563342,0.8506352968563342,0.0,0.0,0.03082365199918876,0.00022531510582560877
2024-11-13 00:00:00+00:00,20260201_193429_0a830b80_StateSignal_XLE,-0.00011586571608576321,-0.00011586571608576321,0.8505367373885361,0.8505367373885361,0.0,0.0,0.03082365199918876,-0.00011586571608576321
2024-11-14 00:00:00+00:00,20260201_193429_0a830b80_StateSignal_XLE,0.00019739184339906052,0.00019739184339906052,0.8507046264030078,0.8507046264030078,0.0,0.0,0.03082365199918876,0.00019739184339906052
2024-11-15 00:00:00+00:00,20260201_193429_0a830b80_StateSignal_XLE,2.0347884113915728e-05,2.0347884113915728e-05,0.850721936442161,0.850721936442161,0.0,0.0,0.03082365199918876,2.0347884113915728e-05
2024-11-18 00:00:00+00:00,20260201_193429_0a830b80_StateSignal_XLE,-6.108399400671392e-05,-6.108399400671392e-05,0.850669970948494,0.850669970948494,0.0,0.0,0.03082365199918876,-6.108399400671392e-05
2024-11-19 00:00:00+00:00,20260201_193429_0a830b80_StateSignal_XLE,0.0004853157208124202,0.0004853157208124202,0.8510828144586183,0.8510828144586183,0.0,0.0,0.03082365199918876,0.0004853157208124202
2024-11-20 00:00:00+00:00,20260201_193429_0a830b80_StateSignal_XLE,-0.00028892136026394805,-0.00028892136026394805,0.8508369184541676,0.8508369184541676,0.0,0.0,0.03082365199918876,-0.00028892136026394805
2024-11-21 00:00:00+00:00,20260201_193429_0a830b80_StateSignal_XLE,0.0002487689637925201,0.0002487689637925201,0.8510485802727279,0.8510485802727279,0.0,0.0,0.03082365199918876,0.0002487689637925201
2024-11-22 00:00:00+00:00,20260201_193429_0a830b80_StateSignal_XLE,0.0004652213451994303,0.0004652213451994303,0.8514445062380724,0.8514445062380724,0.0,0.0,0.03082365199918876,0.0004652213451994303
2024-11-25 00:00:00+00:00,20260201_193429_0a830b80_StateSignal_XLE,3.296295041894234e-05,3.296295041894234e-05,0.8514725723611161,0.8514725723611161,0.0,0.0,0.03082365199918876,3.296295041894234e-05
2024-11-26 00:00:00+00:00,20260201_193429_0a830b80_StateSignal_XLE,-0.000632404633976415,-0.000632404633976415,0.850934097160651,0.850934097160651,0.0,0.0,0.03082365199918876,-0.000632404633976415
2024-11-27 00:00:00+00:00,20260201_193429_0a830b80_StateSignal_XLE,-0.00013480735242018586,-0.00013480735242018586,0.8508193849879288,0.8508193849879288,0.0,0.0,0.03082365199918876,-0.00013480735242018586
2024-11-29 00:00:00+00:00,20260201_193429_0a830b80_StateSignal_XLE,8.095514042690379e-05,8.095514042690379e-05,0.8508882631907183,0.8508882631907183,0.0,0.0,0.03082365199918876,8.095514042690379e-05
2024-12-02 00:00:00+00:00,20260201_193429_0a830b80_StateSignal_XLE,0.0,0.0,0.8508882631907183,0.8508882631907183,0.0,0.0,0.0,0.0
2024-12-03 00:00:00+00:00,20260201_193429_0a830b80_StateSignal_XLE,0.0,0.0,0.8508882631907183,0.8508882631907183,0.0,0.0,0.0,-0.0
2024-12-04 00:00:00+00:00,20260201_193429_0a830b80_StateSignal_XLE,0.0033043316771137476,0.0033043316771137476,0.8536998802324637,0.8536998802324637,0.0,0.0,1.0,0.0033043316771137476
2024-12-05 00:00:00+00:00,20260201_193429_0a830b80_StateSignal_XLE,-0.03013957345161744,-0.03013957345161744,0.8279697299865604,0.8279697299865604,0.0,0.0,1.0,-0.03013957345161744
2024-12-06 00:00:00+00:00,20260201_193429_0a830b80_StateSignal_XLE,0.01037213357242095,0.01037213357242095,0.8365575426199023,0.8365575426199023,0.0,0.0,1.0,0.01037213357242095
2024-12-09 00:00:00+00:00,20260201_193429_0a830b80_StateSignal_XLE,-0.020623960460253166,-0.020623960460253166,0.8193044129381829,0.8193044129381829,0.0,0.0,1.0,-0.020623960460253166
2024-12-10 00:00:00+00:00,20260201_193429_0a830b80_StateSignal_XLE,0.002058790616255912,0.002058790616255912,0.820991189175397,0.820991189175397,0.0,0.0,1.0,0.002058790616255912
2024-12-11 00:00:00+00:00,20260201_193429_0a830b80_StateSignal_XLE,0.0,0.0,0.820991189175397,0.820991189175397,0.0,0.0,0.0,-0.0
2024-12-12 00:00:00+00:00,20260201_193429_0a830b80_StateSignal_XLE,0.0,0.0,0.820991189175397,0.820991189175397,0.0,0.0,0.0,-0.0
2024-12-13 00:00:00+00:00,20260201_193429_0a830b80_StateSignal_XLE,0.0,0.0,0.820991189175397,0.820991189175397,0.0,0.0,0.0,-0.0
2024-12-16 00:00:00+00:00,20260201_193429_0a830b80_StateSignal_XLE,0.0,0.0,0.820991189175397,0.820991189175397,0.0,0.0,0.0,-0.0
2024-12-17 00:00:00+00:00,20260201_193429_0a830b80_StateSignal_XLE,0.0,0.0,0.820991189175397,0.820991189175397,0.0,0.0,0.0,-0.0
2024-12-18 00:00:00+00:00,20260201_193429_0a830b80_StateSignal_XLE,0.0,0.0,0.820991189175397,0.820991189175397,0.0,0.0,0.0,-0.0
2024-12-19 00:00:00+00:00,20260201_193429_0a830b80_StateSignal_XLE,0.0,0.0,0.820991189175397,0.820991189175397,0.0,0.0,0.0,-0.0
2024-12-20 00:00:00+00:00,20260201_193429_0a830b80_StateSignal_XLE,0.0,0.0,0.820991189175397,0.820991189175397,0.0,0.0,0.0,-0.0
2024-12-23 00:00:00+00:00,20260201_193429_0a830b80_StateSignal_XLE,0.0,0.0,0.820991189175397,0.820991189175397,0.0,0.0,0.0,0.0
2024-12-24 00:00:00+00:00,20260201_193429_0a830b80_StateSignal_XLE,0.0,0.0,0.820991189175397,0.820991189175397,0.0,0.0,0.0,0.0
2024-12-26 00:00:00+00:00,20260201_193429_0a830b80_StateSignal_XLE,0.0,0.0,0.820991189175397,0.820991189175397,0.0,0.0,0.0,0.0
2024-12-27 00:00:00+00:00,20260201_193429_0a830b80_StateSignal_XLE,0.0,0.0,0.820991189175397,0.820991189175397,0.0,0.0,0.0,-0.0
2024-12-30 00:00:00+00:00,20260201_193429_0a830b80_StateSignal_XLE,0.0,0.0,0.820991189175397,0.820991189175397,0.0,0.0,0.0,0.0
2024-12-31 00:00:00+00:00,20260201_193429_0a830b80_StateSignal_XLE,0.0,0.0,0.820991189175397,0.820991189175397,0.0,0.0,0.0,-0.0
2025-01-02 00:00:00+00:00,20260201_193429_0a830b80_StateSignal_XLE,0.0,0.0,0.820991189175397,0.820991189175397,0.0,0.0,0.0,0.0
2025-01-03 00:00:00+00:00,20260201_193429_0a830b80_StateSignal_XLE,0.007683111023697009,0.007683111023697009,0.8272989556313086,0.8272989556313086,0.0,0.0,1.0,0.007683111023697009
2025-01-06 00:00:00+00:00,20260201_193429_0a830b80_StateSignal_XLE,0.01401281686943845,0.01401281686943845,0.8388917443928479,0.8388917443928479,0.0,0.0,1.0,0.01401281686943845
2025-01-07 00:00:00+00:00,20260201_193429_0a830b80_StateSignal_XLE,-0.005676458004805429,-0.005676458004805429,0.8341298106352238,0.8341298106352238,0.0,0.0,1.0,-0.005676458004805429
2025-01-08 00:00:00+00:00,20260201_193429_0a830b80_StateSignal_XLE,0.011086326544011982,0.011086326544011982,0.8433772460960208,0.8433772460960208,0.0,0.0,1.0,0.011086326544011982
2025-01-10 00:00:00+00:00,20260201_193429_0a830b80_StateSignal_XLE,-0.005881677936965701,-0.005881677936965701,0.8384167727551189,0.8384167727551189,0.0,0.0,1.0,-0.005881677936965701
2025-01-13 00:00:00+00:00,20260201_193429_0a830b80_StateSignal_XLE,0.007990641811786325,0.007990641811786325,0.845116260875199,0.845116260875199,0.0,0.0,1.0,0.007990641811786325
2025-01-14 00:00:00+00:00,20260201_193429_0a830b80_StateSignal_XLE,0.02313846865639846,0.02313846865639846,0.8646709569884724,0.8646709569884724,0.0,0.0,1.0,0.02313846865639846
2025-01-15 00:00:00+00:00,20260201_193429_0a830b80_StateSignal_XLE,0.005701919884380846,0.005701919884380846,0.8696012415115716,0.8696012415115716,0.0,0.0,1.0,0.005701919884380846
2025-01-16 00:00:00+00:00,20260201_193429_0a830b80_StateSignal_XLE,0.019816005312086382,0.019816005312086382,0.8868332643327618,0.8868332643327618,0.0,0.0,1.0,0.019816005312086382
2025-01-17 00:00:00+00:00,20260201_193429_0a830b80_StateSignal_XLE,0.005780362915499548,0.005780362915499548,0.8919594824461423,0.8919594824461423,0.0,0.0,1.0,0.005780362915499548
2025-01-21 00:00:00+00:00,20260201_193429_0a830b80_StateSignal_XLE,0.006848585257107853,0.006848585257107853,0.8980681430075605,0.8980681430075605,0.0,0.0,1.0,0.006848585257107853
2025-01-22 00:00:00+00:00,20260201_193429_0a830b80_StateSignal_XLE,-0.0044130698275886004,-0.0044130698275886004,0.8941049055825354,0.8941049055825354,0.0,0.0,1.0,-0.0044130698275886004
2025-01-23 00:00:00+00:00,20260201_193429_0a830b80_StateSignal_XLE,-0.011565965230300623,-0.011565965230300623,0.8837637193323266,0.8837637193323266,0.0,0.0,1.0,-0.011565965230300623
2025-01-24 00:00:00+00:00,20260201_193429_0a830b80_StateSignal_XLE,-0.0020154524793500883,-0.0020154524793500883,0.8819825355530385,0.8819825355530385,0.0,0.0,1.0,-0.0020154524793500883
2025-01-27 00:00:00+00:00,20260201_193429_0a830b80_StateSignal_XLE,-0.005619886658006834,-0.005619886658006834,0.877025893668889,0.877025893668889,0.0,0.0,1.0,-0.005619886658006834
2025-01-28 00:00:00+00:00,20260201_193429_0a830b80_StateSignal_XLE,-0.015218919518821927,-0.015218919518821927,0.8636785071772193,0.8636785071772193,0.0,0.0,1.0,-0.015218919518821927
2025-01-29 00:00:00+00:00,20260201_193429_0a830b80_StateSignal_XLE,-0.009428608425118501,-0.009428608425118501,0.8555352207278544,0.8555352207278544,0.0,0.0,1.0,-0.009428608425118501
2025-01-30 00:00:00+00:00,20260201_193429_0a830b80_StateSignal_XLE,0.0016160686883250897,0.0016160686883250897,0.856917824409832,0.856917824409832,0.0,0.0,1.0,0.0016160686883250897
2025-01-31 00:00:00+00:00,20260201_193429_0a830b80_StateSignal_XLE,0.006896579059060048,0.006896579059060048,0.8628276259329921,0.8628276259329921,0.0,0.0,1.0,0.006896579059060048
2025-02-03 00:00:00+00:00,20260201_193429_0a830b80_StateSignal_XLE,-0.02811196853982878,-0.02811196853982878,0.8385718428574687,0.8385718428574687,0.0,0.0,1.0,-0.02811196853982878
2025-02-04 00:00:00+00:00,20260201_193429_0a830b80_StateSignal_XLE,0.007979389908477241,0.007979389908477241,0.8452631345578987,0.8452631345578987,0.0,0.0,1.0,0.007979389908477241
2025-02-05 00:00:00+00:00,20260201_193429_0a830b80_StateSignal_XLE,0.015540148057141767,0.015540148057141767,0.8583986488161722,0.8583986488161722,0.0,0.0,1.0,0.015540148057141767
2025-02-06 00:00:00+00:00,20260201_193429_0a830b80_StateSignal_XLE,0.005279479725248226,0.005279479725248226,0.8629305470787777,0.8629305470787777,0.0,0.0,1.0,0.005279479725248226
2025-02-07 00:00:00+00:00,20260201_193429_0a830b80_StateSignal_XLE,-0.02315990500309706,-0.02315990500309706,0.8429451575841627,0.8429451575841627,0.0,0.0,1.0,-0.02315990500309706
2025-02-10 00:00:00+00:00,20260201_193429_0a830b80_StateSignal_XLE,0.009328425854635114,0.009328425854635114,0.8508085089862102,0.8508085089862102,0.0,0.0,1.0,0.009328425854635114
2025-02-11 00:00:00+00:00,20260201_193429_0a830b80_StateSignal_XLE,0.016118239806529377,0.016118239806529377,0.8645220445634856,0.8645220445634856,0.0,0.0,1.0,0.016118239806529377
2025-02-12 00:00:00+00:00,20260201_193429_0a830b80_StateSignal_XLE,0.008189308733873357,0.008189308733873357,0.8716018824936553,0.8716018824936553,0.0,0.0,1.0,0.008189308733873357
2025-02-13 00:00:00+00:00,20260201_193429_0a830b80_StateSignal_XLE,-0.021063049749850293,-0.021063049749850293,0.8532432886806283,0.8532432886806283,0.0,0.0,1.0,-0.021063049749850293
2025-02-14 00:00:00+00:00,20260201_193429_0a830b80_StateSignal_XLE,0.0050773245469399875,0.0050773245469399875,0.8575754817747582,0.8575754817747582,0.0,0.0,1.0,0.0050773245469399875
2025-02-18 00:00:00+00:00,20260201_193429_0a830b80_StateSignal_XLE,0.0071109371779432,0.0071109371779432,0.8636736471510028,0.8636736471510028,0.0,0.0,1.0,0.0071109371779432
2025-02-19 00:00:00+00:00,20260201_193429_0a830b80_StateSignal_XLE,0.013170035953339099,0.013170035953339099,0.8750482601359331,0.8750482601359331,0.0,0.0,1.0,0.013170035953339099
2025-02-20 00:00:00+00:00,20260201_193429_0a830b80_StateSignal_XLE,0.0033780011853643543,0.0033780011853643543,0.8780041741959232,0.8780041741959232,0.0,0.0,1.0,0.0033780011853643543
2025-02-21 00:00:00+00:00,20260201_193429_0a830b80_StateSignal_XLE,0.0073916788557251145,0.0073916788557251145,0.8844940990855656,0.8844940990855656,0.0,0.0,1.0,0.0073916788557251145
2025-02-24 00:00:00+00:00,20260201_193429_0a830b80_StateSignal_XLE,-0.016652049944156033,-0.016652049944156033,0.8697654591722815,0.8697654591722815,0.0,0.0,1.0,-0.016652049944156033
2025-02-25 00:00:00+00:00,20260201_193429_0a830b80_StateSignal_XLE,-0.0004539264717071667,-0.0004539264717071667,0.8693706496061867,0.8693706496061867,0.0,0.0,1.0,-0.0004539264717071667
2025-02-26 00:00:00+00:00,20260201_193429_0a830b80_StateSignal_XLE,-0.014635523070686496,-0.014635523070686496,0.8566469554068976,0.8566469554068976,0.0,0.0,1.0,-0.014635523070686496
2025-02-27 00:00:00+00:00,20260201_193429_0a830b80_StateSignal_XLE,-0.010187631524598562,-0.010187631524598562,0.847919751878543,0.847919751878543,0.0,0.0,1.0,-0.010187631524598562
2025-02-28 00:00:00+00:00,20260201_193429_0a830b80_StateSignal_XLE,0.01317785801949789,0.01317785801949789,0.8590935179807263,0.8590935179807263,0.0,0.0,1.0,0.01317785801949789
2025-03-03 00:00:00+00:00,20260201_193429_0a830b80_StateSignal_XLE,0.005953761575999028,0.005953761575999028,0.8642083559582698,0.8642083559582698,0.0,0.0,1.0,0.005953761575999028
2025-03-04 00:00:00+00:00,20260201_193429_0a830b80_StateSignal_XLE,-0.02942410811685825,-0.02942410811685825,0.8387797958570614,0.8387797958570614,0.0,0.0,1.0,-0.02942410811685825
2025-03-05 00:00:00+00:00,20260201_193429_0a830b80_StateSignal_XLE,-0.0011763323318589869,-0.0011763323318589869,0.8377931120638846,0.8377931120638846,0.0,0.0,1.0,-0.0011763323318589869
2025-03-06 00:00:00+00:00,20260201_193429_0a830b80_StateSignal_XLE,-0.022617319291021065,-0.022617319291021065,0.8188444777485175,0.8188444777485175,0.0,0.0,1.0,-0.022617319291021065
2025-03-07 00:00:00+00:00,20260201_193429_0a830b80_StateSignal_XLE,-0.002652201675223953,-0.002652201675223953,0.816672737052885,0.816672737052885,0.0,0.0,1.0,-0.002652201675223953
2025-03-10 00:00:00+00:00,20260201_193429_0a830b80_StateSignal_XLE,0.022440664765767337,0.022440664765767337,0.8349994161684304,0.8349994161684304,0.0,0.0,1.0,0.022440664765767337
2025-03-11 00:00:00+00:00,20260201_193429_0a830b80_StateSignal_XLE,0.009398565423639038,0.009398565423639038,0.8428472128099899,0.8428472128099899,0.0,0.0,1.0,0.009398565423639038
2025-03-12 00:00:00+00:00,20260201_193429_0a830b80_StateSignal_XLE,-0.006805141831664585,-0.006805141831664585,0.8371115179843946,0.8371115179843946,0.0,0.0,1.0,-0.006805141831664585
2025-03-13 00:00:00+00:00,20260201_193429_0a830b80_StateSignal_XLE,0.007506486103545651,0.007506486103545651,0.8433952839612625,0.8433952839612625,0.0,0.0,1.0,0.007506486103545651
2025-03-14 00:00:00+00:00,20260201_193429_0a830b80_StateSignal_XLE,-0.01530702205268275,-0.01530702205268275,0.8304854137505389,0.8304854137505389,0.0,0.0,1.0,-0.01530702205268275
2025-03-17 00:00:00+00:00,20260201_193429_0a830b80_StateSignal_XLE,0.027617013756747077,0.027617013756747077,0.8534209408468653,0.8534209408468653,0.0,0.0,1.0,0.027617013756747077
2025-03-18 00:00:00+00:00,20260201_193429_0a830b80_StateSignal_XLE,0.022370254918299803,0.022370254918299803,0.872512184846225,0.872512184846225,0.0,0.0,1.0,0.022370254918299803
2025-03-19 00:00:00+00:00,20260201_193429_0a830b80_StateSignal_XLE,0.0,0.0,0.872512184846225,0.872512184846225,0.0,0.0,0.0,-0.0
2025-03-20 00:00:00+00:00,20260201_193429_0a830b80_StateSignal_XLE,0.0,0.0,0.872512184846225,0.872512184846225,0.0,0.0,0.0,0.0
2025-03-21 00:00:00+00:00,20260201_193429_0a830b80_StateSignal_XLE,0.0,0.0,0.872512184846225,0.872512184846225,0.0,0.0,0.0,0.0
2025-03-24 00:00:00+00:00,20260201_193429_0a830b80_StateSignal_XLE,0.0,0.0,0.872512184846225,0.872512184846225,0.0,0.0,0.0,-0.0
2025-03-25 00:00:00+00:00,20260201_193429_0a830b80_StateSignal_XLE,0.0,0.0,0.872512184846225,0.872512184846225,0.0,0.0,0.0,0.0
2025-03-26 00:00:00+00:00,20260201_193429_0a830b80_StateSignal_XLE,0.0,0.0,0.872512184846225,0.872512184846225,0.0,0.0,0.0,0.0
2025-03-27 00:00:00+00:00,20260201_193429_0a830b80_StateSignal_XLE,0.0,0.0,0.872512184846225,0.872512184846225,0.0,0.0,0.0,0.0
2025-03-28 00:00:00+00:00,20260201_193429_0a830b80_StateSignal_XLE,0.0,0.0,0.872512184846225,0.872512184846225,0.0,0.0,0.0,-0.0
2025-03-31 00:00:00+00:00,20260201_193429_0a830b80_StateSignal_XLE,0.0,0.0,0.872512184846225,0.872512184846225,0.0,0.0,0.0,-0.0
2025-04-01 00:00:00+00:00,20260201_193429_0a830b80_StateSignal_XLE,0.0,0.0,0.872512184846225,0.872512184846225,0.0,0.0,0.0,0.0
2025-04-02 00:00:00+00:00,20260201_193429_0a830b80_StateSignal_XLE,-0.0017586287232029818,-0.0017586287232029818,0.8709777598566097,0.8709777598566097,0.0,0.0,1.0,-0.0017586287232029818
2025-04-03 00:00:00+00:00,20260201_193429_0a830b80_StateSignal_XLE,0.004390786417489689,0.004390786417489689,0.8748020371745238,0.8748020371745238,0.0,0.0,1.0,0.004390786417489689
2025-04-04 00:00:00+00:00,20260201_193429_0a830b80_StateSignal_XLE,-0.06774189399777342,-0.06774189399777342,0.815541290303211,0.815541290303211,0.0,0.0,1.0,-0.06774189399777342
2025-04-07 00:00:00+00:00,20260201_193429_0a830b80_StateSignal_XLE,-0.10078694082306772,-0.10078694082306772,0.733345378538653,0.733345378538653,0.0,0.0,1.0,-0.10078694082306772
2025-04-08 00:00:00+00:00,20260201_193429_0a830b80_StateSignal_XLE,-0.014625489218979215,-0.014625489218979215,0.7226198436110477,0.7226198436110477,0.0,0.0,1.0,-0.014625489218979215
2025-04-09 00:00:00+00:00,20260201_193429_0a830b80_StateSignal_XLE,0.0,0.0,0.7226198436110477,0.7226198436110477,0.0,0.0,0.0,-0.0
2025-04-10 00:00:00+00:00,20260201_193429_0a830b80_StateSignal_XLE,0.0,0.0,0.7226198436110477,0.7226198436110477,0.0,0.0,0.0,0.0
2025-04-11 00:00:00+00:00,20260201_193429_0a830b80_StateSignal_XLE,0.0,0.0,0.7226198436110477,0.7226198436110477,0.0,0.0,0.0,-0.0
2025-04-14 00:00:00+00:00,20260201_193429_0a830b80_StateSignal_XLE,0.0,0.0,0.7226198436110477,0.7226198436110477,0.0,0.0,0.0,0.0
2025-04-15 00:00:00+00:00,20260201_193429_0a830b80_StateSignal_XLE,0.0,0.0,0.7226198436110477,0.7226198436110477,0.0,0.0,0.0,0.0
2025-04-16 00:00:00+00:00,20260201_193429_0a830b80_StateSignal_XLE,0.0,0.0,0.7226198436110477,0.7226198436110477,0.0,0.0,0.0,-0.0
2025-04-17 00:00:00+00:00,20260201_193429_0a830b80_StateSignal_XLE,0.0,0.0,0.7226198436110477,0.7226198436110477,0.0,0.0,0.0,0.0
2025-04-21 00:00:00+00:00,20260201_193429_0a830b80_StateSignal_XLE,0.0,0.0,0.7226198436110477,0.7226198436110477,0.0,0.0,0.0,0.0
2025-04-22 00:00:00+00:00,20260201_193429_0a830b80_StateSignal_XLE,0.0,0.0,0.7226198436110477,0.7226198436110477,0.0,0.0,0.0,-0.0
2025-04-23 00:00:00+00:00,20260201_193429_0a830b80_StateSignal_XLE,0.0,0.0,0.7226198436110477,0.7226198436110477,0.0,0.0,0.0,0.0
2025-04-24 00:00:00+00:00,20260201_193429_0a830b80_StateSignal_XLE,0.0,0.0,0.7226198436110477,0.7226198436110477,0.0,0.0,0.0,-0.0
2025-04-25 00:00:00+00:00,20260201_193429_0a830b80_StateSignal_XLE,0.0,0.0,0.7226198436110477,0.7226198436110477,0.0,0.0,0.0,0.0
2025-04-28 00:00:00+00:00,20260201_193429_0a830b80_StateSignal_XLE,0.0,0.0,0.7226198436110477,0.7226198436110477,0.0,0.0,0.0,-0.0
2025-04-29 00:00:00+00:00,20260201_193429_0a830b80_StateSignal_XLE,0.0,0.0,0.7226198436110477,0.7226198436110477,0.0,0.0,0.0,0.0
2025-04-30 00:00:00+00:00,20260201_193429_0a830b80_StateSignal_XLE,0.0,0.0,0.7226198436110477,0.7226198436110477,0.0,0.0,0.0,-0.0
2025-05-01 00:00:00+00:00,20260201_193429_0a830b80_StateSignal_XLE,0.0,0.0,0.7226198436110477,0.7226198436110477,0.0,0.0,0.0,-0.0
2025-05-02 00:00:00+00:00,20260201_193429_0a830b80_StateSignal_XLE,0.0,0.0,0.7226198436110477,0.7226198436110477,0.0,0.0,0.0,0.0
2025-05-05 00:00:00+00:00,20260201_193429_0a830b80_StateSignal_XLE,0.0,0.0,0.7226198436110477,0.7226198436110477,0.0,0.0,0.0,0.0
2025-05-06 00:00:00+00:00,20260201_193429_0a830b80_StateSignal_XLE,0.0,0.0,0.7226198436110477,0.7226198436110477,0.0,0.0,0.0,-0.0
2025-05-07 00:00:00+00:00,20260201_193429_0a830b80_StateSignal_XLE,0.0,0.0,0.7226198436110477,0.7226198436110477,0.0,0.0,0.0,0.0
2025-05-08 00:00:00+00:00,20260201_193429_0a830b80_StateSignal_XLE,0.0,0.0,0.7226198436110477,0.7226198436110477,0.0,0.0,0.0,-0.0
2025-05-09 00:00:00+00:00,20260201_193429_0a830b80_StateSignal_XLE,0.0,0.0,0.7226198436110477,0.7226198436110477,0.0,0.0,0.0,0.0
2025-05-12 00:00:00+00:00,20260201_193429_0a830b80_StateSignal_XLE,0.0,0.0,0.7226198436110477,0.7226198436110477,0.0,0.0,0.0,0.0
2025-05-13 00:00:00+00:00,20260201_193429_0a830b80_StateSignal_XLE,0.0,0.0,0.7226198436110477,0.7226198436110477,0.0,0.0,0.0,0.0
2025-05-14 00:00:00+00:00,20260201_193429_0a830b80_StateSignal_XLE,0.0,0.0,0.7226198436110477,0.7226198436110477,0.0,0.0,0.0,0.0
2025-05-15 00:00:00+00:00,20260201_193429_0a830b80_StateSignal_XLE,0.0,0.0,0.7226198436110477,0.7226198436110477,0.0,0.0,0.0,-0.0
2025-05-16 00:00:00+00:00,20260201_193429_0a830b80_StateSignal_XLE,0.0,0.0,0.7226198436110477,0.7226198436110477,0.0,0.0,0.0,0.0
2025-05-19 00:00:00+00:00,20260201_193429_0a830b80_StateSignal_XLE,0.0,0.0,0.7226198436110477,0.7226198436110477,0.0,0.0,0.0,0.0
2025-05-20 00:00:00+00:00,20260201_193429_0a830b80_StateSignal_XLE,0.0,0.0,0.7226198436110477,0.7226198436110477,0.0,0.0,0.0,-0.0
2025-05-21 00:00:00+00:00,20260201_193429_0a830b80_StateSignal_XLE,0.0,0.0,0.7226198436110477,0.7226198436110477,0.0,0.0,0.0,-0.0
2025-05-22 00:00:00+00:00,20260201_193429_0a830b80_StateSignal_XLE,0.0,0.0,0.7226198436110477,0.7226198436110477,0.0,0.0,0.0,-0.0
2025-05-23 00:00:00+00:00,20260201_193429_0a830b80_StateSignal_XLE,0.0,0.0,0.7226198436110477,0.7226198436110477,0.0,0.0,0.0,-0.0
2025-05-27 00:00:00+00:00,20260201_193429_0a830b80_StateSignal_XLE,0.0,0.0,0.7226198436110477,0.7226198436110477,0.0,0.0,0.0,0.0
2025-05-28 00:00:00+00:00,20260201_193429_0a830b80_StateSignal_XLE,0.0,0.0,0.7226198436110477,0.7226198436110477,0.0,0.0,0.0,0.0
2025-05-29 00:00:00+00:00,20260201_193429_0a830b80_StateSignal_XLE,0.0,0.0,0.7226198436110477,0.7226198436110477,0.0,0.0,0.0,-0.0
2025-05-30 00:00:00+00:00,20260201_193429_0a830b80_StateSignal_XLE,0.0,0.0,0.7226198436110477,0.7226198436110477,0.0,0.0,0.0,0.0
2025-06-02 00:00:00+00:00,20260201_193429_0a830b80_StateSignal_XLE,0.0,0.0,0.7226198436110477,0.7226198436110477,0.0,0.0,0.0,-0.0
2025-06-03 00:00:00+00:00,20260201_193429_0a830b80_StateSignal_XLE,0.0,0.0,0.7226198436110477,0.7226198436110477,0.0,0.0,0.0,0.0
2025-06-04 00:00:00+00:00,20260201_193429_0a830b80_StateSignal_XLE,0.0,0.0,0.7226198436110477,0.7226198436110477,0.0,0.0,0.0,0.0
2025-06-05 00:00:00+00:00,20260201_193429_0a830b80_StateSignal_XLE,-0.020282664140877316,-0.020282664140877316,0.7079631880215516,0.7079631880215516,0.0,0.0,1.0,-0.020282664140877316
2025-06-06 00:00:00+00:00,20260201_193429_0a830b80_StateSignal_XLE,0.00024984384889492617,0.00024984384889492617,0.7081400682693227,0.7081400682693227,0.0,0.0,1.0,0.00024984384889492617
2025-06-09 00:00:00+00:00,20260201_193429_0a830b80_StateSignal_XLE,0.01684458951040524,0.01684458951040524,0.7200683970351899,0.7200683970351899,0.0,0.0,1.0,0.01684458951040524
2025-06-10 00:00:00+00:00,20260201_193429_0a830b80_StateSignal_XLE,0.008317073383549367,0.008317073383549367,0.7260572587345063,0.7260572587345063,0.0,0.0,1.0,0.008317073383549367
2025-06-11 00:00:00+00:00,20260201_193429_0a830b80_StateSignal_XLE,0.009938271109196428,0.009938271109196428,0.7332730126126098,0.7332730126126098,0.0,0.0,1.0,0.009938271109196428
2025-06-12 00:00:00+00:00,20260201_193429_0a830b80_StateSignal_XLE,0.011510918466140385,0.011510918466140385,0.7417136584742147,0.7417136584742147,0.0,0.0,1.0,0.011510918466140385
2025-06-13 00:00:00+00:00,20260201_193429_0a830b80_StateSignal_XLE,0.0,0.0,0.7417136584742147,0.7417136584742147,0.0,0.0,0.0,0.0
2025-06-16 00:00:00+00:00,20260201_193429_0a830b80_StateSignal_XLE,0.0,0.0,0.7417136584742147,0.7417136584742147,0.0,0.0,0.0,0.0
2025-06-17 00:00:00+00:00,20260201_193429_0a830b80_StateSignal_XLE,0.0,0.0,0.7417136584742147,0.7417136584742147,0.0,0.0,0.0,-0.0
2025-06-18 00:00:00+00:00,20260201_193429_0a830b80_StateSignal_XLE,0.0,0.0,0.7417136584742147,0.7417136584742147,0.0,0.0,0.0,0.0
2025-06-20 00:00:00+00:00,20260201_193429_0a830b80_StateSignal_XLE,0.0,0.0,0.7417136584742147,0.7417136584742147,0.0,0.0,0.0,-0.0
2025-06-23 00:00:00+00:00,20260201_193429_0a830b80_StateSignal_XLE,0.0,0.0,0.7417136584742147,0.7417136584742147,0.0,0.0,0.0,0.0
2025-06-24 00:00:00+00:00,20260201_193429_0a830b80_StateSignal_XLE,0.0,0.0,0.7417136584742147,0.7417136584742147,0.0,0.0,0.0,-0.0
2025-06-25 00:00:00+00:00,20260201_193429_0a830b80_StateSignal_XLE,0.0,0.0,0.7417136584742147,0.7417136584742147,0.0,0.0,0.0,-0.0
2025-06-26 00:00:00+00:00,20260201_193429_0a830b80_StateSignal_XLE,0.0,0.0,0.7417136584742147,0.7417136584742147,0.0,0.0,0.0,-0.0
2025-06-27 00:00:00+00:00,20260201_193429_0a830b80_StateSignal_XLE,0.0,0.0,0.7417136584742147,0.7417136584742147,0.0,0.0,0.0,0.0
2025-06-30 00:00:00+00:00,20260201_193429_0a830b80_StateSignal_XLE,0.0,0.0,0.7417136584742147,0.7417136584742147,0.0,0.0,0.0,-0.0
2025-07-01 00:00:00+00:00,20260201_193429_0a830b80_StateSignal_XLE,0.0,0.0,0.7417136584742147,0.7417136584742147,0.0,0.0,0.0,-0.0
2025-07-02 00:00:00+00:00,20260201_193429_0a830b80_StateSignal_XLE,0.0,0.0,0.7417136584742147,0.7417136584742147,0.0,0.0,0.0,0.0
2025-07-03 00:00:00+00:00,20260201_193429_0a830b80_StateSignal_XLE,0.0,0.0,0.7417136584742147,0.7417136584742147,0.0,0.0,0.0,0.0
2025-07-07 00:00:00+00:00,20260201_193429_0a830b80_StateSignal_XLE,0.0,0.0,0.7417136584742147,0.7417136584742147,0.0,0.0,0.0,-0.0
2025-07-08 00:00:00+00:00,20260201_193429_0a830b80_StateSignal_XLE,0.0,0.0,0.7417136584742147,0.7417136584742147,0.0,0.0,0.0,-0.0
2025-07-09 00:00:00+00:00,20260201_193429_0a830b80_StateSignal_XLE,0.0,0.0,0.7417136584742147,0.7417136584742147,0.0,0.0,0.0,0.0
2025-07-10 00:00:00+00:00,20260201_193429_0a830b80_StateSignal_XLE,0.0,0.0,0.7417136584742147,0.7417136584742147,0.0,0.0,0.0,-0.0
2025-07-11 00:00:00+00:00,20260201_193429_0a830b80_StateSignal_XLE,0.0,0.0,0.7417136584742147,0.7417136584742147,0.0,0.0,0.0,0.0
2025-07-14 00:00:00+00:00,20260201_193429_0a830b80_StateSignal_XLE,0.0,0.0,0.7417136584742147,0.7417136584742147,0.0,0.0,0.0,0.0
2025-07-15 00:00:00+00:00,20260201_193429_0a830b80_StateSignal_XLE,0.0,0.0,0.7417136584742147,0.7417136584742147,0.0,0.0,0.0,-0.0
2025-07-16 00:00:00+00:00,20260201_193429_0a830b80_StateSignal_XLE,0.0,0.0,0.7417136584742147,0.7417136584742147,0.0,0.0,0.0,-0.0
2025-07-17 00:00:00+00:00,20260201_193429_0a830b80_StateSignal_XLE,0.0,0.0,0.7417136584742147,0.7417136584742147,0.0,0.0,0.0,-0.0
2025-07-18 00:00:00+00:00,20260201_193429_0a830b80_StateSignal_XLE,0.0,0.0,0.7417136584742147,0.7417136584742147,0.0,0.0,0.0,-0.0
2025-07-21 00:00:00+00:00,20260201_193429_0a830b80_StateSignal_XLE,0.0,0.0,0.7417136584742147,0.7417136584742147,0.0,0.0,0.0,-0.0
2025-07-22 00:00:00+00:00,20260201_193429_0a830b80_StateSignal_XLE,0.0,0.0,0.7417136584742147,0.7417136584742147,0.0,0.0,0.0,-0.0
2025-07-23 00:00:00+00:00,20260201_193429_0a830b80_StateSignal_XLE,0.0,0.0,0.7417136584742147,0.7417136584742147,0.0,0.0,0.0,0.0
2025-07-24 00:00:00+00:00,20260201_193429_0a830b80_StateSignal_XLE,0.0,0.0,0.7417136584742147,0.7417136584742147,0.0,0.0,0.0,0.0
2025-07-25 00:00:00+00:00,20260201_193429_0a830b80_StateSignal_XLE,0.0,0.0,0.7417136584742147,0.7417136584742147,0.0,0.0,0.0,0.0
2025-07-28 00:00:00+00:00,20260201_193429_0a830b80_StateSignal_XLE,0.0,0.0,0.7417136584742147,0.7417136584742147,0.0,0.0,0.0,0.0
2025-07-29 00:00:00+00:00,20260201_193429_0a830b80_StateSignal_XLE,0.0,0.0,0.7417136584742147,0.7417136584742147,0.0,0.0,0.0,0.0
2025-07-30 00:00:00+00:00,20260201_193429_0a830b80_StateSignal_XLE,0.0,0.0,0.7417136584742147,0.7417136584742147,0.0,0.0,0.0,0.0
2025-07-31 00:00:00+00:00,20260201_193429_0a830b80_StateSignal_XLE,0.0,0.0,0.7417136584742147,0.7417136584742147,0.0,0.0,0.0,-0.0
2025-08-01 00:00:00+00:00,20260201_193429_0a830b80_StateSignal_XLE,0.0,0.0,0.7417136584742147,0.7417136584742147,0.0,0.0,0.0,-0.0
2025-08-04 00:00:00+00:00,20260201_193429_0a830b80_StateSignal_XLE,0.0,0.0,0.7417136584742147,0.7417136584742147,0.0,0.0,0.0,-0.0
2025-08-05 00:00:00+00:00,20260201_193429_0a830b80_StateSignal_XLE,0.0,0.0,0.7417136584742147,0.7417136584742147,0.0,0.0,0.0,-0.0
2025-08-06 00:00:00+00:00,20260201_193429_0a830b80_StateSignal_XLE,0.0,0.0,0.7417136584742147,0.7417136584742147,0.0,0.0,0.0,0.0
2025-08-07 00:00:00+00:00,20260201_193429_0a830b80_StateSignal_XLE,0.0,0.0,0.7417136584742147,0.7417136584742147,0.0,0.0,0.0,-0.0
2025-08-08 00:00:00+00:00,20260201_193429_0a830b80_StateSignal_XLE,0.0,0.0,0.7417136584742147,0.7417136584742147,0.0,0.0,0.0,0.0
2025-08-11 00:00:00+00:00,20260201_193429_0a830b80_StateSignal_XLE,0.0,0.0,0.7417136584742147,0.7417136584742147,0.0,0.0,0.0,-0.0
2025-08-12 00:00:00+00:00,20260201_193429_0a830b80_StateSignal_XLE,0.0,0.0,0.7417136584742147,0.7417136584742147,0.0,0.0,0.0,-0.0
2025-08-13 00:00:00+00:00,20260201_193429_0a830b80_StateSignal_XLE,0.0,0.0,0.7417136584742147,0.7417136584742147,0.0,0.0,0.0,0.0
2025-08-14 00:00:00+00:00,20260201_193429_0a830b80_StateSignal_XLE,0.0,0.0,0.7417136584742147,0.7417136584742147,0.0,0.0,0.0,0.0
2025-08-15 00:00:00+00:00,20260201_193429_0a830b80_StateSignal_XLE,0.0,0.0,0.7417136584742147,0.7417136584742147,0.0,0.0,0.0,0.0
2025-08-18 00:00:00+00:00,20260201_193429_0a830b80_StateSignal_XLE,0.0,0.0,0.7417136584742147,0.7417136584742147,0.0,0.0,0.0,0.0
2025-08-19 00:00:00+00:00,20260201_193429_0a830b80_StateSignal_XLE,0.0,0.0,0.7417136584742147,0.7417136584742147,0.0,0.0,0.0,-0.0
2025-08-20 00:00:00+00:00,20260201_193429_0a830b80_StateSignal_XLE,0.0,0.0,0.7417136584742147,0.7417136584742147,0.0,0.0,0.0,-0.0
2025-08-21 00:00:00+00:00,20260201_193429_0a830b80_StateSignal_XLE,0.0,0.0,0.7417136584742147,0.7417136584742147,0.0,0.0,0.0,0.0
2025-08-22 00:00:00+00:00,20260201_193429_0a830b80_StateSignal_XLE,0.0,0.0,0.7417136584742147,0.7417136584742147,0.0,0.0,0.0,0.0
2025-08-25 00:00:00+00:00,20260201_193429_0a830b80_StateSignal_XLE,0.0,0.0,0.7417136584742147,0.7417136584742147,0.0,0.0,0.0,0.0
2025-08-26 00:00:00+00:00,20260201_193429_0a830b80_StateSignal_XLE,0.0,0.0,0.7417136584742147,0.7417136584742147,0.0,0.0,0.0,0.0
2025-08-27 00:00:00+00:00,20260201_193429_0a830b80_StateSignal_XLE,0.0,0.0,0.7417136584742147,0.7417136584742147,0.0,0.0,0.0,-0.0
2025-08-28 00:00:00+00:00,20260201_193429_0a830b80_StateSignal_XLE,0.0,0.0,0.7417136584742147,0.7417136584742147,0.0,0.0,0.0,0.0
2025-08-29 00:00:00+00:00,20260201_193429_0a830b80_StateSignal_XLE,0.0,0.0,0.7417136584742147,0.7417136584742147,0.0,0.0,0.0,0.0
2025-09-02 00:00:00+00:00,20260201_193429_0a830b80_StateSignal_XLE,0.0,0.0,0.7417136584742147,0.7417136584742147,0.0,0.0,0.0,0.0
2025-09-03 00:00:00+00:00,20260201_193429_0a830b80_StateSignal_XLE,0.0,0.0,0.7417136584742147,0.7417136584742147,0.0,0.0,0.0,-0.0
2025-09-04 00:00:00+00:00,20260201_193429_0a830b80_StateSignal_XLE,0.0,0.0,0.7417136584742147,0.7417136584742147,0.0,0.0,0.0,-0.0
2025-09-05 00:00:00+00:00,20260201_193429_0a830b80_StateSignal_XLE,0.0,0.0,0.7417136584742147,0.7417136584742147,0.0,0.0,0.0,0.0
2025-09-08 00:00:00+00:00,20260201_193429_0a830b80_StateSignal_XLE,0.0,0.0,0.7417136584742147,0.7417136584742147,0.0,0.0,0.0,-0.0
2025-09-09 00:00:00+00:00,20260201_193429_0a830b80_StateSignal_XLE,0.0,0.0,0.7417136584742147,0.7417136584742147,0.0,0.0,0.0,-0.0
2025-09-10 00:00:00+00:00,20260201_193429_0a830b80_StateSignal_XLE,0.0,0.0,0.7417136584742147,0.7417136584742147,0.0,0.0,0.0,0.0
2025-09-11 00:00:00+00:00,20260201_193429_0a830b80_StateSignal_XLE,0.0,0.0,0.7417136584742147,0.7417136584742147,0.0,0.0,0.0,0.0
2025-09-12 00:00:00+00:00,20260201_193429_0a830b80_StateSignal_XLE,0.0,0.0,0.7417136584742147,0.7417136584742147,0.0,0.0,0.0,-0.0
2025-09-15 00:00:00+00:00,20260201_193429_0a830b80_StateSignal_XLE,0.0,0.0,0.7417136584742147,0.7417136584742147,0.0,0.0,0.0,-0.0
2025-09-16 00:00:00+00:00,20260201_193429_0a830b80_StateSignal_XLE,0.0,0.0,0.7417136584742147,0.7417136584742147,0.0,0.0,0.0,-0.0
2025-09-17 00:00:00+00:00,20260201_193429_0a830b80_StateSignal_XLE,0.0,0.0,0.7417136584742147,0.7417136584742147,0.0,0.0,0.0,0.0
2025-09-18 00:00:00+00:00,20260201_193429_0a830b80_StateSignal_XLE,0.0,0.0,0.7417136584742147,0.7417136584742147,0.0,0.0,0.0,0.0
2025-09-19 00:00:00+00:00,20260201_193429_0a830b80_StateSignal_XLE,0.0,0.0,0.7417136584742147,0.7417136584742147,0.0,0.0,0.0,-0.0
2025-09-22 00:00:00+00:00,20260201_193429_0a830b80_StateSignal_XLE,0.0,0.0,0.7417136584742147,0.7417136584742147,0.0,0.0,0.0,-0.0
2025-09-23 00:00:00+00:00,20260201_193429_0a830b80_StateSignal_XLE,0.0,0.0,0.7417136584742147,0.7417136584742147,0.0,0.0,0.0,0.0
2025-09-24 00:00:00+00:00,20260201_193429_0a830b80_StateSignal_XLE,0.0,0.0,0.7417136584742147,0.7417136584742147,0.0,0.0,0.0,0.0
2025-09-25 00:00:00+00:00,20260201_193429_0a830b80_StateSignal_XLE,0.0,0.0,0.7417136584742147,0.7417136584742147,0.0,0.0,0.0,0.0
2025-09-26 00:00:00+00:00,20260201_193429_0a830b80_StateSignal_XLE,0.0,0.0,0.7417136584742147,0.7417136584742147,0.0,0.0,0.0,0.0
2025-09-29 00:00:00+00:00,20260201_193429_0a830b80_StateSignal_XLE,0.0,0.0,0.7417136584742147,0.7417136584742147,0.0,0.0,0.0,0.0
2025-09-30 00:00:00+00:00,20260201_193429_0a830b80_StateSignal_XLE,0.0,0.0,0.7417136584742147,0.7417136584742147,0.0,0.0,0.0,-0.0
2025-10-01 00:00:00+00:00,20260201_193429_0a830b80_StateSignal_XLE,0.0,0.0,0.7417136584742147,0.7417136584742147,0.0,0.0,0.0,-0.0
2025-10-02 00:00:00+00:00,20260201_193429_0a830b80_StateSignal_XLE,0.0,0.0,0.7417136584742147,0.7417136584742147,0.0,0.0,0.0,0.0
2025-10-03 00:00:00+00:00,20260201_193429_0a830b80_StateSignal_XLE,0.0,0.0,0.7417136584742147,0.7417136584742147,0.0,0.0,0.0,-0.0
2025-10-06 00:00:00+00:00,20260201_193429_0a830b80_StateSignal_XLE,0.0,0.0,0.7417136584742147,0.7417136584742147,0.0,0.0,0.0,0.0
2025-10-07 00:00:00+00:00,20260201_193429_0a830b80_StateSignal_XLE,0.0,0.0,0.7417136584742147,0.7417136584742147,0.0,0.0,0.0,0.0
2025-10-08 00:00:00+00:00,20260201_193429_0a830b80_StateSignal_XLE,-0.003163844447057418,-0.003163844447057418,0.7393669918345444,0.7393669918345444,0.0,0.0,1.0,-0.003163844447057418
2025-10-09 00:00:00+00:00,20260201_193429_0a830b80_StateSignal_XLE,-0.0027198566177739636,-0.0027198566177739636,0.7373560196288396,0.7373560196288396,0.0,0.0,1.0,-0.0027198566177739636
2025-10-10 00:00:00+00:00,20260201_193429_0a830b80_StateSignal_XLE,-0.01256154464160808,-0.01256154464160808,0.7280936890715135,0.7280936890715135,0.0,0.0,1.0,-0.01256154464160808
2025-10-13 00:00:00+00:00,20260201_193429_0a830b80_StateSignal_XLE,-0.02372204260586841,-0.02372204260586841,0.7108218195582952,0.7108218195582952,0.0,0.0,1.0,-0.02372204260586841
2025-10-14 00:00:00+00:00,20260201_193429_0a830b80_StateSignal_XLE,0.0032894766503983597,0.0032894766503983597,0.7131600513363259,0.7131600513363259,0.0,0.0,1.0,0.0032894766503983597
2025-10-15 00:00:00+00:00,20260201_193429_0a830b80_StateSignal_XLE,0.0,0.0,0.7131600513363259,0.7131600513363259,0.0,0.0,0.0,0.0
2025-10-16 00:00:00+00:00,20260201_193429_0a830b80_StateSignal_XLE,0.0,0.0,0.7131600513363259,0.7131600513363259,0.0,0.0,0.0,-0.0
2025-10-17 00:00:00+00:00,20260201_193429_0a830b80_StateSignal_XLE,0.0,0.0,0.7131600513363259,0.7131600513363259,0.0,0.0,0.0,-0.0
2025-10-20 00:00:00+00:00,20260201_193429_0a830b80_StateSignal_XLE,0.0,0.0,0.7131600513363259,0.7131600513363259,0.0,0.0,0.0,0.0
2025-10-21 00:00:00+00:00,20260201_193429_0a830b80_StateSignal_XLE,0.0,0.0,0.7131600513363259,0.7131600513363259,0.0,0.0,0.0,0.0
2025-10-22 00:00:00+00:00,20260201_193429_0a830b80_StateSignal_XLE,-0.0009306654929530644,-0.0009306654929530644,0.7124963378855945,0.7124963378855945,0.0,0.0,1.0,-0.0009306654929530644
2025-10-23 00:00:00+00:00,20260201_193429_0a830b80_StateSignal_XLE,0.005571045049455492,0.005571045049455492,0.7164656870815272,0.7164656870815272,0.0,0.0,1.0,0.005571045049455492
2025-10-24 00:00:00+00:00,20260201_193429_0a830b80_StateSignal_XLE,0.026948422254382987,0.026948422254382987,0.7357733069477769,0.7357733069477769,0.0,0.0,1.0,0.026948422254382987
2025-10-27 00:00:00+00:00,20260201_193429_0a830b80_StateSignal_XLE,-0.014297304700824576,-0.014297304700824576,0.7252537317876112,0.7252537317876112,0.0,0.0,1.0,-0.014297304700824576
2025-10-28 00:00:00+00:00,20260201_193429_0a830b80_StateSignal_XLE,-0.0004572473787942677,-0.0004572473787942677,0.7249221114197906,0.7249221114197906,0.0,0.0,1.0,-0.0004572473787942677
2025-10-29 00:00:00+00:00,20260201_193429_0a830b80_StateSignal_XLE,0.0,0.0,0.7249221114197906,0.7249221114197906,0.0,0.0,0.0,-0.0
2025-10-30 00:00:00+00:00,20260201_193429_0a830b80_StateSignal_XLE,0.0,0.0,0.7249221114197906,0.7249221114197906,0.0,0.0,0.0,0.0
2025-10-31 00:00:00+00:00,20260201_193429_0a830b80_StateSignal_XLE,0.0,0.0,0.7249221114197906,0.7249221114197906,0.0,0.0,0.0,-0.0
2025-11-03 00:00:00+00:00,20260201_193429_0a830b80_StateSignal_XLE,0.0,0.0,0.7249221114197906,0.7249221114197906,0.0,0.0,0.0,0.0
2025-11-04 00:00:00+00:00,20260201_193429_0a830b80_StateSignal_XLE,0.0,0.0,0.7249221114197906,0.7249221114197906,0.0,0.0,0.0,-0.0
2025-11-05 00:00:00+00:00,20260201_193429_0a830b80_StateSignal_XLE,0.0,0.0,0.7249221114197906,0.7249221114197906,0.0,0.0,0.0,-0.0
2025-11-06 00:00:00+00:00,20260201_193429_0a830b80_StateSignal_XLE,0.0,0.0,0.7249221114197906,0.7249221114197906,0.0,0.0,0.0,0.0
2025-11-07 00:00:00+00:00,20260201_193429_0a830b80_StateSignal_XLE,0.0,0.0,0.7249221114197906,0.7249221114197906,0.0,0.0,0.0,0.0
2025-11-10 00:00:00+00:00,20260201_193429_0a830b80_StateSignal_XLE,0.0,0.0,0.7249221114197906,0.7249221114197906,0.0,0.0,0.0,0.0
2025-11-11 00:00:00+00:00,20260201_193429_0a830b80_StateSignal_XLE,0.0,0.0,0.7249221114197906,0.7249221114197906,0.0,0.0,0.0,0.0
2025-11-12 00:00:00+00:00,20260201_193429_0a830b80_StateSignal_XLE,0.0,0.0,0.7249221114197906,0.7249221114197906,0.0,0.0,0.0,0.0
2025-11-13 00:00:00+00:00,20260201_193429_0a830b80_StateSignal_XLE,0.0,0.0,0.7249221114197906,0.7249221114197906,0.0,0.0,0.0,-0.0
2025-11-14 00:00:00+00:00,20260201_193429_0a830b80_StateSignal_XLE,0.0,0.0,0.7249221114197906,0.7249221114197906,0.0,0.0,0.0,0.0
2025-11-17 00:00:00+00:00,20260201_193429_0a830b80_StateSignal_XLE,0.0,0.0,0.7249221114197906,0.7249221114197906,0.0,0.0,0.0,0.0
2025-11-18 00:00:00+00:00,20260201_193429_0a830b80_StateSignal_XLE,0.0,0.0,0.7249221114197906,0.7249221114197906,0.0,0.0,0.0,-0.0
2025-11-19 00:00:00+00:00,20260201_193429_0a830b80_StateSignal_XLE,0.0,0.0,0.7249221114197906,0.7249221114197906,0.0,0.0,0.0,0.0
2025-11-20 00:00:00+00:00,20260201_193429_0a830b80_StateSignal_XLE,0.0,0.0,0.7249221114197906,0.7249221114197906,0.0,0.0,0.0,-0.0
2025-11-21 00:00:00+00:00,20260201_193429_0a830b80_StateSignal_XLE,0.0,0.0,0.7249221114197906,0.7249221114197906,0.0,0.0,0.0,-0.0
2025-11-24 00:00:00+00:00,20260201_193429_0a830b80_StateSignal_XLE,0.0,0.0,0.7249221114197906,0.7249221114197906,0.0,0.0,0.0,0.0
2025-11-25 00:00:00+00:00,20260201_193429_0a830b80_StateSignal_XLE,0.0,0.0,0.7249221114197906,0.7249221114197906,0.0,0.0,0.0,-0.0
2025-11-26 00:00:00+00:00,20260201_193429_0a830b80_StateSignal_XLE,0.0,0.0,0.7249221114197906,0.7249221114197906,0.0,0.0,0.0,-0.0
2025-11-28 00:00:00+00:00,20260201_193429_0a830b80_StateSignal_XLE,0.0,0.0,0.7249221114197906,0.7249221114197906,0.0,0.0,0.0,0.0
2025-12-01 00:00:00+00:00,20260201_193429_0a830b80_StateSignal_XLE,0.0,0.0,0.7249221114197906,0.7249221114197906,0.0,0.0,0.0,0.0
2025-12-02 00:00:00+00:00,20260201_193429_0a830b80_StateSignal_XLE,0.0,0.0,0.7249221114197906,0.7249221114197906,0.0,0.0,0.0,0.0
2025-12-03 00:00:00+00:00,20260201_193429_0a830b80_StateSignal_XLE,0.0,0.0,0.7249221114197906,0.7249221114197906,0.0,0.0,0.0,-0.0
2025-12-04 00:00:00+00:00,20260201_193429_0a830b80_StateSignal_XLE,0.0,0.0,0.7249221114197906,0.7249221114197906,0.0,0.0,0.0,0.0
2025-12-05 00:00:00+00:00,20260201_193429_0a830b80_StateSignal_XLE,0.0,0.0,0.7249221114197906,0.7249221114197906,0.0,0.0,0.0,-0.0
2025-12-08 00:00:00+00:00,20260201_193429_0a830b80_StateSignal_XLE,0.0,0.0,0.7249221114197906,0.7249221114197906,0.0,0.0,0.0,0.0
2025-12-09 00:00:00+00:00,20260201_193429_0a830b80_StateSignal_XLE,0.0,0.0,0.7249221114197906,0.7249221114197906,0.0,0.0,0.0,-0.0
2025-12-10 00:00:00+00:00,20260201_193429_0a830b80_StateSignal_XLE,0.0,0.0,0.7249221114197906,0.7249221114197906,0.0,0.0,0.0,0.0
2025-12-11 00:00:00+00:00,20260201_193429_0a830b80_StateSignal_XLE,0.0,0.0,0.7249221114197906,0.7249221114197906,0.0,0.0,0.0,0.0
2025-12-12 00:00:00+00:00,20260201_193429_0a830b80_StateSignal_XLE,0.0,0.0,0.7249221114197906,0.7249221114197906,0.0,0.0,0.0,-0.0
2025-12-15 00:00:00+00:00,20260201_193429_0a830b80_StateSignal_XLE,0.0,0.0,0.7249221114197906,0.7249221114197906,0.0,0.0,0.0,-0.0
2025-12-16 00:00:00+00:00,20260201_193429_0a830b80_StateSignal_XLE,0.0,0.0,0.7249221114197906,0.7249221114197906,0.0,0.0,0.0,-0.0
2025-12-17 00:00:00+00:00,20260201_193429_0a830b80_StateSignal_XLE,0.0,0.0,0.7249221114197906,0.7249221114197906,0.0,0.0,0.0,-0.0
2025-12-18 00:00:00+00:00,20260201_193429_0a830b80_StateSignal_XLE,0.0,0.0,0.7249221114197906,0.7249221114197906,0.0,0.0,0.0,0.0
2025-12-19 00:00:00+00:00,20260201_193429_0a830b80_StateSignal_XLE,0.0,0.0,0.7249221114197906,0.7249221114197906,0.0,0.0,0.0,-0.0
2025-12-22 00:00:00+00:00,20260201_193429_0a830b80_StateSignal_XLE,0.0,0.0,0.7249221114197906,0.7249221114197906,0.0,0.0,0.0,0.0
2025-12-23 00:00:00+00:00,20260201_193429_0a830b80_StateSignal_XLE,0.0,0.0,0.7249221114197906,0.7249221114197906,0.0,0.0,0.0,0.0
2025-12-24 00:00:00+00:00,20260201_193429_0a830b80_StateSignal_XLE,0.0,0.0,0.7249221114197906,0.7249221114197906,0.0,0.0,0.0,0.0
2025-12-26 00:00:00+00:00,20260201_193429_0a830b80_StateSignal_XLE,0.0,0.0,0.7249221114197906,0.7249221114197906,0.0,0.0,0.0,-0.0
2025-12-29 00:00:00+00:00,20260201_193429_0a830b80_StateSignal_XLE,0.0,0.0,0.7249221114197906,0.7249221114197906,0.0,0.0,0.0,-0.0
2025-12-30 00:00:00+00:00,20260201_193429_0a830b80_StateSignal_XLE,0.0,0.0,0.7249221114197906,0.7249221114197906,0.0,0.0,0.0,0.0
2025-12-31 00:00:00+00:00,20260201_193429_0a830b80_StateSignal_XLE,0.0,0.0,0.7249221114197906,0.7249221114197906,0.0,0.0,0.0,0.0
2026-01-02 00:00:00+00:00,20260201_193429_0a830b80_StateSignal_XLE,0.0,0.0,0.7249221114197906,0.7249221114197906,0.0,0.0,0.0,-0.0
2026-01-05 00:00:00+00:00,20260201_193429_0a830b80_StateSignal_XLE,0.0,0.0,0.7249221114197906,0.7249221114197906,0.0,0.0,0.0,0.0
2026-01-06 00:00:00+00:00,20260201_193429_0a830b80_StateSignal_XLE,0.0,0.0,0.7249221114197906,0.7249221114197906,0.0,0.0,0.0,0.0
2026-01-07 00:00:00+00:00,20260201_193429_0a830b80_StateSignal_XLE,0.0,0.0,0.7249221114197906,0.7249221114197906,0.0,0.0,0.0,-0.0
2026-01-08 00:00:00+00:00,20260201_193429_0a830b80_StateSignal_XLE,0.0,0.0,0.7249221114197906,0.7249221114197906,0.0,0.0,0.0,-0.0
2026-01-09 00:00:00+00:00,20260201_193429_0a830b80_StateSignal_XLE,0.0,0.0,0.7249221114197906,0.7249221114197906,0.0,0.0,0.0,0.0
2026-01-12 00:00:00+00:00,20260201_193429_0a830b80_StateSignal_XLE,0.0,0.0,0.7249221114197906,0.7249221114197906,0.0,0.0,0.0,-0.0
2026-01-13 00:00:00+00:00,20260201_193429_0a830b80_StateSignal_XLE,0.0,0.0,0.7249221114197906,0.7249221114197906,0.0,0.0,0.0,-0.0
2026-01-14 00:00:00+00:00,20260201_193429_0a830b80_StateSignal_XLE,0.0,0.0,0.7249221114197906,0.7249221114197906,0.0,0.0,0.0,0.0
2026-01-15 00:00:00+00:00,20260201_193429_0a830b80_StateSignal_XLE,0.0,0.0,0.7249221114197906,0.7249221114197906,0.0,0.0,0.0,0.0
2026-01-16 00:00:00+00:00,20260201_193429_0a830b80_StateSignal_XLE,0.0,0.0,0.7249221114197906,0.7249221114197906,0.0,0.0,0.0,-0.0
2026-01-20 00:00:00+00:00,20260201_193429_0a830b80_StateSignal_XLE,0.0,0.0,0.7249221114197906,0.7249221114197906,0.0,0.0,0.0,-0.0
2026-01-21 00:00:00+00:00,20260201_193429_0a830b80_StateSignal_XLE,0.0,0.0,0.7249221114197906,0.7249221114197906,0.0,0.0,0.0,-0.0
2026-01-22 00:00:00+00:00,20260201_193429_0a830b80_StateSignal_XLE,0.0,0.0,0.7249221114197906,0.7249221114197906,0.0,0.0,0.0,0.0
2026-01-23 00:00:00+00:00,20260201_193429_0a830b80_StateSignal_XLE,0.0,0.0,0.7249221114197906,0.7249221114197906,0.0,0.0,0.0,0.0
2026-01-26 00:00:00+00:00,20260201_193429_0a830b80_StateSignal_XLE,0.0,0.0,0.7249221114197906,0.7249221114197906,0.0,0.0,0.0,0.0
2026-01-27 00:00:00+00:00,20260201_193429_0a830b80_StateSignal_XLE,0.0,0.0,0.7249221114197906,0.7249221114197906,0.0,0.0,0.0,-0.0
2026-01-28 00:00:00+00:00,20260201_193429_0a830b80_StateSignal_XLE,0.0,0.0,0.7249221114197906,0.7249221114197906,0.0,0.0,0.0,0.0
2026-01-29 00:00:00+00:00,20260201_193429_0a830b80_StateSignal_XLE,0.0,0.0,0.7249221114197906,0.7249221114197906,0.0,0.0,0.0,0.0
2026-01-30 00:00:00+00:00,20260201_193429_0a830b80_StateSignal_XLE,0.0,0.0,0.7249221114197906,0.7249221114197906,0.0,0.0,0.0,0.0
2026-02-02 00:00:00+00:00,20260201_193429_0a830b80_StateSignal_XLE,0.0,0.0,0.7249221114197906,0.7249221114197906,0.0,0.0,0.0,0.0
