timestamp,run_id,port_ret_gross,port_ret_net,equity_gross,equity_net,turnover,cost,weight_XLE,asset_ret_gross_XLE
2021-01-05 00:00:00+00:00,20260201_193431_8feb5101_StateSignal_XLE,0.0,0.0,1.0,1.0,0.0,0.0,0.0,-0.0
2021-01-06 00:00:00+00:00,20260201_193431_8feb5101_StateSignal_XLE,0.0,0.0,1.0,1.0,0.0,0.0,0.0,0.0
2021-01-07 00:00:00+00:00,20260201_193431_8feb5101_StateSignal_XLE,0.0,0.0,1.0,1.0,0.0,0.0,0.0,0.0
2021-01-08 00:00:00+00:00,20260201_193431_8feb5101_StateSignal_XLE,0.0,0.0,1.0,1.0,0.0,0.0,0.0,0.0
2021-01-11 00:00:00+00:00,20260201_193431_8feb5101_StateSignal_XLE,0.0,0.0,1.0,1.0,0.0,0.0,0.0,-0.0
2021-01-12 00:00:00+00:00,20260201_193431_8feb5101_StateSignal_XLE,0.0,0.0,1.0,1.0,0.0,0.0,0.0,0.0
2021-01-13 00:00:00+00:00,20260201_193431_8feb5101_StateSignal_XLE,0.0,0.0,1.0,1.0,0.0,0.0,0.0,0.0
2021-01-14 00:00:00+00:00,20260201_193431_8feb5101_StateSignal_XLE,0.0,0.0,1.0,1.0,0.0,0.0,0.0,-0.0
2021-01-15 00:00:00+00:00,20260201_193431_8feb5101_StateSignal_XLE,0.0,0.0,1.0,1.0,0.0,0.0,0.0,0.0
2021-01-19 00:00:00+00:00,20260201_193431_8feb5101_StateSignal_XLE,0.0,0.0,1.0,1.0,0.0,0.0,0.0,-0.0
2021-01-20 00:00:00+00:00,20260201_193431_8feb5101_StateSignal_XLE,0.0,0.0,1.0,1.0,0.0,0.0,0.0,0.0
2021-01-21 00:00:00+00:00,20260201_193431_8feb5101_StateSignal_XLE,0.0,0.0,1.0,1.0,0.0,0.0,0.0,-0.0
2021-01-22 00:00:00+00:00,20260201_193431_8feb5101_StateSignal_XLE,0.0,0.0,1.0,1.0,0.0,0.0,0.0,-0.0
2021-01-25 00:00:00+00:00,20260201_193431_8feb5101_StateSignal_XLE,0.0,0.0,1.0,1.0,0.0,0.0,0.0,0.0
2021-01-26 00:00:00+00:00,20260201_193431_8feb5101_StateSignal_XLE,0.0,0.0,1.0,1.0,0.0,0.0,0.0,0.0
2021-01-27 00:00:00+00:00,20260201_193431_8feb5101_StateSignal_XLE,0.0,0.0,1.0,1.0,0.0,0.0,0.0,-0.0
2021-01-28 00:00:00+00:00,20260201_193431_8feb5101_StateSignal_XLE,0.0,0.0,1.0,1.0,0.0,0.0,0.0,0.0
2021-01-29 00:00:00+00:00,20260201_193431_8feb5101_StateSignal_XLE,0.0,0.0,1.0,1.0,0.0,0.0,0.0,-0.0
2021-02-01 00:00:00+00:00,20260201_193431_8feb5101_StateSignal_XLE,0.0,0.0,1.0,1.0,0.0,0.0,0.0,-0.0
2021-02-02 00:00:00+00:00,20260201_193431_8feb5101_StateSignal_XLE,0.0,0.0,1.0,1.0,0.0,0.0,0.0,0.0
2021-02-03 00:00:00+00:00,20260201_193431_8feb5101_StateSignal_XLE,0.0,0.0,1.0,1.0,0.0,0.0,0.0,-0.0
2021-02-04 00:00:00+00:00,20260201_193431_8feb5101_StateSignal_XLE,0.0,0.0,1.0,1.0,0.0,0.0,0.0,0.0
2021-02-05 00:00:00+00:00,20260201_193431_8feb5101_StateSignal_XLE,0.0,0.0,1.0,1.0,0.0,0.0,0.0,0.0
2021-02-08 00:00:00+00:00,20260201_193431_8feb5101_StateSignal_XLE,0.0,0.0,1.0,1.0,0.0,0.0,0.0,0.0
2021-02-09 00:00:00+00:00,20260201_193431_8feb5101_StateSignal_XLE,0.0,0.0,1.0,1.0,0.0,0.0,0.0,0.0
2021-02-10 00:00:00+00:00,20260201_193431_8feb5101_StateSignal_XLE,0.0,0.0,1.0,1.0,0.0,0.0,0.0,0.0
2021-02-11 00:00:00+00:00,20260201_193431_8feb5101_StateSignal_XLE,0.0,0.0,1.0,1.0,0.0,0.0,0.0,0.0
2021-02-12 00:00:00+00:00,20260201_193431_8feb5101_StateSignal_XLE,0.0,0.0,1.0,1.0,0.0,0.0,0.0,-0.0
2021-02-16 00:00:00+00:00,20260201_193431_8feb5101_StateSignal_XLE,0.0,0.0,1.0,1.0,0.0,0.0,0.0,0.0
2021-02-17 00:00:00+00:00,20260201_193431_8feb5101_StateSignal_XLE,0.0,0.0,1.0,1.0,0.0,0.0,0.0,0.0
2021-02-18 00:00:00+00:00,20260201_193431_8feb5101_StateSignal_XLE,0.0,0.0,1.0,1.0,0.0,0.0,0.0,-0.0
2021-02-19 00:00:00+00:00,20260201_193431_8feb5101_StateSignal_XLE,0.0,0.0,1.0,1.0,0.0,0.0,0.0,-0.0
2021-02-22 00:00:00+00:00,20260201_193431_8feb5101_StateSignal_XLE,0.0,0.0,1.0,1.0,0.0,0.0,0.0,0.0
2021-02-23 00:00:00+00:00,20260201_193431_8feb5101_StateSignal_XLE,0.0,0.0,1.0,1.0,0.0,0.0,0.0,0.0
2021-02-24 00:00:00+00:00,20260201_193431_8feb5101_StateSignal_XLE,0.0,0.0,1.0,1.0,0.0,0.0,0.0,0.0
2021-02-25 00:00:00+00:00,20260201_193431_8feb5101_StateSignal_XLE,0.0,0.0,1.0,1.0,0.0,0.0,0.0,0.0
2021-02-26 00:00:00+00:00,20260201_193431_8feb5101_StateSignal_XLE,0.0,0.0,1.0,1.0,0.0,0.0,0.0,-0.0
2021-03-01 00:00:00+00:00,20260201_193431_8feb5101_StateSignal_XLE,0.0,0.0,1.0,1.0,0.0,0.0,0.0,0.0
2021-03-02 00:00:00+00:00,20260201_193431_8feb5101_StateSignal_XLE,0.0,0.0,1.0,1.0,0.0,0.0,0.0,0.0
2021-03-03 00:00:00+00:00,20260201_193431_8feb5101_StateSignal_XLE,0.0,0.0,1.0,1.0,0.0,0.0,0.0,-0.0
2021-03-04 00:00:00+00:00,20260201_193431_8feb5101_StateSignal_XLE,0.0,0.0,1.0,1.0,0.0,0.0,0.0,0.0
2021-03-05 00:00:00+00:00,20260201_193431_8feb5101_StateSignal_XLE,0.0,0.0,1.0,1.0,0.0,0.0,0.0,0.0
2021-03-08 00:00:00+00:00,20260201_193431_8feb5101_StateSignal_XLE,0.0,0.0,1.0,1.0,0.0,0.0,0.0,0.0
2021-03-09 00:00:00+00:00,20260201_193431_8feb5101_StateSignal_XLE,0.0,0.0,1.0,1.0,0.0,0.0,0.0,-0.0
2021-03-10 00:00:00+00:00,20260201_193431_8feb5101_StateSignal_XLE,0.0,0.0,1.0,1.0,0.0,0.0,0.0,-0.0
2021-03-11 00:00:00+00:00,20260201_193431_8feb5101_StateSignal_XLE,0.0,0.0,1.0,1.0,0.0,0.0,0.0,0.0
2021-03-12 00:00:00+00:00,20260201_193431_8feb5101_StateSignal_XLE,0.0,0.0,1.0,1.0,0.0,0.0,0.0,-0.0
2021-03-15 00:00:00+00:00,20260201_193431_8feb5101_StateSignal_XLE,0.0,0.0,1.0,1.0,0.0,0.0,0.0,-0.0
2021-03-16 00:00:00+00:00,20260201_193431_8feb5101_StateSignal_XLE,0.0,0.0,1.0,1.0,0.0,0.0,0.0,-0.0
2021-03-17 00:00:00+00:00,20260201_193431_8feb5101_StateSignal_XLE,0.0,0.0,1.0,1.0,0.0,0.0,0.0,-0.0
2021-03-18 00:00:00+00:00,20260201_193431_8feb5101_StateSignal_XLE,0.0,0.0,1.0,1.0,0.0,0.0,0.0,0.0
2021-03-19 00:00:00+00:00,20260201_193431_8feb5101_StateSignal_XLE,0.0,0.0,1.0,1.0,0.0,0.0,0.0,-0.0
2021-03-22 00:00:00+00:00,20260201_193431_8feb5101_StateSignal_XLE,0.0,0.0,1.0,1.0,0.0,0.0,0.0,-0.0
2021-03-23 00:00:00+00:00,20260201_193431_8feb5101_StateSignal_XLE,0.0,0.0,1.0,1.0,0.0,0.0,0.0,-0.0
2021-03-24 00:00:00+00:00,20260201_193431_8feb5101_StateSignal_XLE,0.0,0.0,1.0,1.0,0.0,0.0,0.0,0.0
2021-03-25 00:00:00+00:00,20260201_193431_8feb5101_StateSignal_XLE,0.0,0.0,1.0,1.0,0.0,0.0,0.0,0.0
2021-03-26 00:00:00+00:00,20260201_193431_8feb5101_StateSignal_XLE,0.0,0.0,1.0,1.0,0.0,0.0,0.0,0.0
2021-03-29 00:00:00+00:00,20260201_193431_8feb5101_StateSignal_XLE,0.0,0.0,1.0,1.0,0.0,0.0,0.0,-0.0
2021-03-30 00:00:00+00:00,20260201_193431_8feb5101_StateSignal_XLE,0.0,0.0,1.0,1.0,0.0,0.0,0.0,-0.0
2021-03-31 00:00:00+00:00,20260201_193431_8feb5101_StateSignal_XLE,0.0,0.0,1.0,1.0,0.0,0.0,0.0,-0.0
2021-04-01 00:00:00+00:00,20260201_193431_8feb5101_StateSignal_XLE,0.0,0.0,1.0,1.0,0.0,0.0,0.0,-0.0
2021-04-05 00:00:00+00:00,20260201_193431_8feb5101_StateSignal_XLE,0.0,0.0,1.0,1.0,0.0,0.0,0.0,0.0
2021-04-06 00:00:00+00:00,20260201_193431_8feb5101_StateSignal_XLE,0.0,0.0,1.0,1.0,0.0,0.0,0.0,-0.0
2021-04-07 00:00:00+00:00,20260201_193431_8feb5101_StateSignal_XLE,0.0,0.0,1.0,1.0,0.0,0.0,0.0,-0.0
2021-04-08 00:00:00+00:00,20260201_193431_8feb5101_StateSignal_XLE,0.0,0.0,1.0,1.0,0.0,0.0,0.0,0.0
2021-04-09 00:00:00+00:00,20260201_193431_8feb5101_StateSignal_XLE,0.0,0.0,1.0,1.0,0.0,0.0,0.0,-0.0
2021-04-12 00:00:00+00:00,20260201_193431_8feb5101_StateSignal_XLE,0.0,0.0,1.0,1.0,0.0,0.0,0.0,0.0
2021-04-13 00:00:00+00:00,20260201_193431_8feb5101_StateSignal_XLE,0.0,0.0,1.0,1.0,0.0,0.0,0.0,-0.0
2021-04-14 00:00:00+00:00,20260201_193431_8feb5101_StateSignal_XLE,0.0,0.0,1.0,1.0,0.0,0.0,0.0,0.0
2021-04-15 00:00:00+00:00,20260201_193431_8feb5101_StateSignal_XLE,0.0,0.0,1.0,1.0,0.0,0.0,0.0,0.0
2021-04-16 00:00:00+00:00,20260201_193431_8feb5101_StateSignal_XLE,0.0,0.0,1.0,1.0,0.0,0.0,0.0,-0.0
2021-04-19 00:00:00+00:00,20260201_193431_8feb5101_StateSignal_XLE,0.0,0.0,1.0,1.0,0.0,0.0,0.0,-0.0
2021-04-20 00:00:00+00:00,20260201_193431_8feb5101_StateSignal_XLE,0.0,0.0,1.0,1.0,0.0,0.0,0.0,-0.0
2021-04-21 00:00:00+00:00,20260201_193431_8feb5101_StateSignal_XLE,0.0,0.0,1.0,1.0,0.0,0.0,0.0,-0.0
2021-04-22 00:00:00+00:00,20260201_193431_8feb5101_StateSignal_XLE,0.0,0.0,1.0,1.0,0.0,0.0,0.0,0.0
2021-04-23 00:00:00+00:00,20260201_193431_8feb5101_StateSignal_XLE,0.0,0.0,1.0,1.0,0.0,0.0,0.0,-0.0
2021-04-26 00:00:00+00:00,20260201_193431_8feb5101_StateSignal_XLE,0.0,0.0,1.0,1.0,0.0,0.0,0.0,0.0
2021-04-27 00:00:00+00:00,20260201_193431_8feb5101_StateSignal_XLE,0.0,0.0,1.0,1.0,0.0,0.0,0.0,0.0
2021-04-28 00:00:00+00:00,20260201_193431_8feb5101_StateSignal_XLE,0.0,0.0,1.0,1.0,0.0,0.0,0.0,0.0
2021-04-29 00:00:00+00:00,20260201_193431_8feb5101_StateSignal_XLE,0.0,0.0,1.0,1.0,0.0,0.0,0.0,0.0
2021-04-30 00:00:00+00:00,20260201_193431_8feb5101_StateSignal_XLE,0.0,0.0,1.0,1.0,0.0,0.0,0.0,-0.0
2021-05-03 00:00:00+00:00,20260201_193431_8feb5101_StateSignal_XLE,0.0,0.0,1.0,1.0,0.0,0.0,0.0,0.0
2021-05-04 00:00:00+00:00,20260201_193431_8feb5101_StateSignal_XLE,0.0,0.0,1.0,1.0,0.0,0.0,0.0,0.0
2021-05-05 00:00:00+00:00,20260201_193431_8feb5101_StateSignal_XLE,0.0,0.0,1.0,1.0,0.0,0.0,0.0,0.0
2021-05-06 00:00:00+00:00,20260201_193431_8feb5101_StateSignal_XLE,0.0,0.0,1.0,1.0,0.0,0.0,0.0,0.0
2021-05-07 00:00:00+00:00,20260201_193431_8feb5101_StateSignal_XLE,0.0,0.0,1.0,1.0,0.0,0.0,0.0,0.0
2021-05-10 00:00:00+00:00,20260201_193431_8feb5101_StateSignal_XLE,0.0,0.0,1.0,1.0,0.0,0.0,0.0,0.0
2021-05-11 00:00:00+00:00,20260201_193431_8feb5101_StateSignal_XLE,0.0,0.0,1.0,1.0,0.0,0.0,0.0,-0.0
2021-05-12 00:00:00+00:00,20260201_193431_8feb5101_StateSignal_XLE,0.0,0.0,1.0,1.0,0.0,0.0,0.0,-0.0
2021-05-13 00:00:00+00:00,20260201_193431_8feb5101_StateSignal_XLE,0.0,0.0,1.0,1.0,0.0,0.0,0.0,-0.0
2021-05-14 00:00:00+00:00,20260201_193431_8feb5101_StateSignal_XLE,0.0,0.0,1.0,1.0,0.0,0.0,0.0,0.0
2021-05-17 00:00:00+00:00,20260201_193431_8feb5101_StateSignal_XLE,0.0,0.0,1.0,1.0,0.0,0.0,0.0,0.0
2021-05-18 00:00:00+00:00,20260201_193431_8feb5101_StateSignal_XLE,0.0,0.0,1.0,1.0,0.0,0.0,0.0,0.0
2021-05-19 00:00:00+00:00,20260201_193431_8feb5101_StateSignal_XLE,0.0,0.0,1.0,1.0,0.0,0.0,0.0,-0.0
2021-05-20 00:00:00+00:00,20260201_193431_8feb5101_StateSignal_XLE,0.0,0.0,1.0,1.0,0.0,0.0,0.0,-0.0
2021-05-21 00:00:00+00:00,20260201_193431_8feb5101_StateSignal_XLE,0.0,0.0,1.0,1.0,0.0,0.0,0.0,0.0
2021-05-24 00:00:00+00:00,20260201_193431_8feb5101_StateSignal_XLE,0.0,0.0,1.0,1.0,0.0,0.0,0.0,-0.0
2021-05-25 00:00:00+00:00,20260201_193431_8feb5101_StateSignal_XLE,0.0,0.0,1.0,1.0,0.0,0.0,0.0,0.0
2021-05-26 00:00:00+00:00,20260201_193431_8feb5101_StateSignal_XLE,0.0,0.0,1.0,1.0,0.0,0.0,0.0,-0.0
2021-05-27 00:00:00+00:00,20260201_193431_8feb5101_StateSignal_XLE,0.0,0.0,1.0,1.0,0.0,0.0,0.0,0.0
2021-05-28 00:00:00+00:00,20260201_193431_8feb5101_StateSignal_XLE,0.0,0.0,1.0,1.0,0.0,0.0,0.0,0.0
2021-06-01 00:00:00+00:00,20260201_193431_8feb5101_StateSignal_XLE,0.0,0.0,1.0,1.0,0.0,0.0,0.0,0.0
2021-06-02 00:00:00+00:00,20260201_193431_8feb5101_StateSignal_XLE,0.0,0.0,1.0,1.0,0.0,0.0,0.0,0.0
2021-06-03 00:00:00+00:00,20260201_193431_8feb5101_StateSignal_XLE,0.0,0.0,1.0,1.0,0.0,0.0,0.0,0.0
2021-06-04 00:00:00+00:00,20260201_193431_8feb5101_StateSignal_XLE,0.0,0.0,1.0,1.0,0.0,0.0,0.0,0.0
2021-06-07 00:00:00+00:00,20260201_193431_8feb5101_StateSignal_XLE,0.0,0.0,1.0,1.0,0.0,0.0,0.0,-0.0
2021-06-08 00:00:00+00:00,20260201_193431_8feb5101_StateSignal_XLE,0.0,0.0,1.0,1.0,0.0,0.0,0.0,-0.0
2021-06-09 00:00:00+00:00,20260201_193431_8feb5101_StateSignal_XLE,0.0,0.0,1.0,1.0,0.0,0.0,0.0,0.0
2021-06-10 00:00:00+00:00,20260201_193431_8feb5101_StateSignal_XLE,0.0,0.0,1.0,1.0,0.0,0.0,0.0,0.0
2021-06-11 00:00:00+00:00,20260201_193431_8feb5101_StateSignal_XLE,0.0,0.0,1.0,1.0,0.0,0.0,0.0,-0.0
2021-06-14 00:00:00+00:00,20260201_193431_8feb5101_StateSignal_XLE,0.0,0.0,1.0,1.0,0.0,0.0,0.0,-0.0
2021-06-15 00:00:00+00:00,20260201_193431_8feb5101_StateSignal_XLE,0.0,0.0,1.0,1.0,0.0,0.0,0.0,-0.0
2021-06-16 00:00:00+00:00,20260201_193431_8feb5101_StateSignal_XLE,0.0,0.0,1.0,1.0,0.0,0.0,0.0,0.0
2021-06-17 00:00:00+00:00,20260201_193431_8feb5101_StateSignal_XLE,0.0,0.0,1.0,1.0,0.0,0.0,0.0,-0.0
2021-06-18 00:00:00+00:00,20260201_193431_8feb5101_StateSignal_XLE,0.0,0.0,1.0,1.0,0.0,0.0,0.0,-0.0
2021-06-21 00:00:00+00:00,20260201_193431_8feb5101_StateSignal_XLE,0.0,0.0,1.0,1.0,0.0,0.0,0.0,-0.0
2021-06-22 00:00:00+00:00,20260201_193431_8feb5101_StateSignal_XLE,0.0,0.0,1.0,1.0,0.0,0.0,0.0,0.0
2021-06-23 00:00:00+00:00,20260201_193431_8feb5101_StateSignal_XLE,0.0,0.0,1.0,1.0,0.0,0.0,0.0,0.0
2021-06-24 00:00:00+00:00,20260201_193431_8feb5101_StateSignal_XLE,0.0,0.0,1.0,1.0,0.0,0.0,0.0,-0.0
2021-06-25 00:00:00+00:00,20260201_193431_8feb5101_StateSignal_XLE,0.0,0.0,1.0,1.0,0.0,0.0,0.0,0.0
2021-06-28 00:00:00+00:00,20260201_193431_8feb5101_StateSignal_XLE,0.0,0.0,1.0,1.0,0.0,0.0,0.0,-0.0
2021-06-29 00:00:00+00:00,20260201_193431_8feb5101_StateSignal_XLE,0.0,0.0,1.0,1.0,0.0,0.0,0.0,-0.0
2021-06-30 00:00:00+00:00,20260201_193431_8feb5101_StateSignal_XLE,0.0,0.0,1.0,1.0,0.0,0.0,0.0,-0.0
2021-07-01 00:00:00+00:00,20260201_193431_8feb5101_StateSignal_XLE,0.0,0.0,1.0,1.0,0.0,0.0,0.0,0.0
2021-07-02 00:00:00+00:00,20260201_193431_8feb5101_StateSignal_XLE,0.0,0.0,1.0,1.0,0.0,0.0,0.0,-0.0
2021-07-06 00:00:00+00:00,20260201_193431_8feb5101_StateSignal_XLE,0.0,0.0,1.0,1.0,0.0,0.0,0.0,0.0
2021-07-07 00:00:00+00:00,20260201_193431_8feb5101_StateSignal_XLE,0.0,0.0,1.0,1.0,0.0,0.0,0.0,-0.0
2021-07-08 00:00:00+00:00,20260201_193431_8feb5101_StateSignal_XLE,0.0,0.0,1.0,1.0,0.0,0.0,0.0,-0.0
2021-07-09 00:00:00+00:00,20260201_193431_8feb5101_StateSignal_XLE,0.0,0.0,1.0,1.0,0.0,0.0,0.0,0.0
2021-07-12 00:00:00+00:00,20260201_193431_8feb5101_StateSignal_XLE,0.0,0.0,1.0,1.0,0.0,0.0,0.0,0.0
2021-07-13 00:00:00+00:00,20260201_193431_8feb5101_StateSignal_XLE,0.0,0.0,1.0,1.0,0.0,0.0,0.0,0.0
2021-07-14 00:00:00+00:00,20260201_193431_8feb5101_StateSignal_XLE,0.0,0.0,1.0,1.0,0.0,0.0,0.0,0.0
2021-07-15 00:00:00+00:00,20260201_193431_8feb5101_StateSignal_XLE,0.0,0.0,1.0,1.0,0.0,0.0,0.0,-0.0
2021-07-16 00:00:00+00:00,20260201_193431_8feb5101_StateSignal_XLE,0.0,0.0,1.0,1.0,0.0,0.0,0.0,0.0
2021-07-19 00:00:00+00:00,20260201_193431_8feb5101_StateSignal_XLE,0.0,0.0,1.0,1.0,0.0,0.0,0.0,-0.0
2021-07-20 00:00:00+00:00,20260201_193431_8feb5101_StateSignal_XLE,0.0,0.0,1.0,1.0,0.0,0.0,0.0,0.0
2021-07-21 00:00:00+00:00,20260201_193431_8feb5101_StateSignal_XLE,0.0,0.0,1.0,1.0,0.0,0.0,0.0,0.0
2021-07-22 00:00:00+00:00,20260201_193431_8feb5101_StateSignal_XLE,0.0,0.0,1.0,1.0,0.0,0.0,0.0,0.0
2021-07-23 00:00:00+00:00,20260201_193431_8feb5101_StateSignal_XLE,0.0,0.0,1.0,1.0,0.0,0.0,0.0,-0.0
2021-07-26 00:00:00+00:00,20260201_193431_8feb5101_StateSignal_XLE,0.0,0.0,1.0,1.0,0.0,0.0,0.0,0.0
2021-07-27 00:00:00+00:00,20260201_193431_8feb5101_StateSignal_XLE,0.0,0.0,1.0,1.0,0.0,0.0,0.0,0.0
2021-07-28 00:00:00+00:00,20260201_193431_8feb5101_StateSignal_XLE,0.0,0.0,1.0,1.0,0.0,0.0,0.0,-0.0
2021-07-29 00:00:00+00:00,20260201_193431_8feb5101_StateSignal_XLE,0.0,0.0,1.0,1.0,0.0,0.0,0.0,0.0
2021-07-30 00:00:00+00:00,20260201_193431_8feb5101_StateSignal_XLE,0.0,0.0,1.0,1.0,0.0,0.0,0.0,-0.0
2021-08-02 00:00:00+00:00,20260201_193431_8feb5101_StateSignal_XLE,0.0,0.0,1.0,1.0,0.0,0.0,0.0,-0.0
2021-08-03 00:00:00+00:00,20260201_193431_8feb5101_StateSignal_XLE,0.0,0.0,1.0,1.0,0.0,0.0,0.0,-0.0
2021-08-04 00:00:00+00:00,20260201_193431_8feb5101_StateSignal_XLE,0.0,0.0,1.0,1.0,0.0,0.0,0.0,0.0
2021-08-05 00:00:00+00:00,20260201_193431_8feb5101_StateSignal_XLE,0.0,0.0,1.0,1.0,0.0,0.0,0.0,-0.0
2021-08-06 00:00:00+00:00,20260201_193431_8feb5101_StateSignal_XLE,0.0,0.0,1.0,1.0,0.0,0.0,0.0,0.0
2021-08-09 00:00:00+00:00,20260201_193431_8feb5101_StateSignal_XLE,0.0,0.0,1.0,1.0,0.0,0.0,0.0,-0.0
2021-08-10 00:00:00+00:00,20260201_193431_8feb5101_StateSignal_XLE,0.0,0.0,1.0,1.0,0.0,0.0,0.0,0.0
2021-08-11 00:00:00+00:00,20260201_193431_8feb5101_StateSignal_XLE,0.0,0.0,1.0,1.0,0.0,0.0,0.0,0.0
2021-08-12 00:00:00+00:00,20260201_193431_8feb5101_StateSignal_XLE,0.0,0.0,1.0,1.0,0.0,0.0,0.0,0.0
2021-08-13 00:00:00+00:00,20260201_193431_8feb5101_StateSignal_XLE,0.0,0.0,1.0,1.0,0.0,0.0,0.0,-0.0
2021-08-16 00:00:00+00:00,20260201_193431_8feb5101_StateSignal_XLE,0.0,0.0,1.0,1.0,0.0,0.0,0.0,-0.0
2021-08-17 00:00:00+00:00,20260201_193431_8feb5101_StateSignal_XLE,0.0,0.0,1.0,1.0,0.0,0.0,0.0,-0.0
2021-08-18 00:00:00+00:00,20260201_193431_8feb5101_StateSignal_XLE,0.0,0.0,1.0,1.0,0.0,0.0,0.0,-0.0
2021-08-19 00:00:00+00:00,20260201_193431_8feb5101_StateSignal_XLE,0.0,0.0,1.0,1.0,0.0,0.0,0.0,-0.0
2021-08-20 00:00:00+00:00,20260201_193431_8feb5101_StateSignal_XLE,0.0,0.0,1.0,1.0,0.0,0.0,0.0,-0.0
2021-08-23 00:00:00+00:00,20260201_193431_8feb5101_StateSignal_XLE,0.0,0.0,1.0,1.0,0.0,0.0,0.0,0.0
2021-08-24 00:00:00+00:00,20260201_193431_8feb5101_StateSignal_XLE,0.0,0.0,1.0,1.0,0.0,0.0,0.0,0.0
2021-08-25 00:00:00+00:00,20260201_193431_8feb5101_StateSignal_XLE,0.0,0.0,1.0,1.0,0.0,0.0,0.0,0.0
2021-08-26 00:00:00+00:00,20260201_193431_8feb5101_StateSignal_XLE,0.0,0.0,1.0,1.0,0.0,0.0,0.0,0.0
2021-08-27 00:00:00+00:00,20260201_193431_8feb5101_StateSignal_XLE,0.0,0.0,1.0,1.0,0.0,0.0,0.0,0.0
2021-08-30 00:00:00+00:00,20260201_193431_8feb5101_StateSignal_XLE,0.0,0.0,1.0,1.0,0.0,0.0,0.0,0.0
2021-08-31 00:00:00+00:00,20260201_193431_8feb5101_StateSignal_XLE,0.0,0.0,1.0,1.0,0.0,0.0,0.0,-0.0
2021-09-01 00:00:00+00:00,20260201_193431_8feb5101_StateSignal_XLE,0.0,0.0,1.0,1.0,0.0,0.0,0.0,-0.0
2021-09-02 00:00:00+00:00,20260201_193431_8feb5101_StateSignal_XLE,0.0,0.0,1.0,1.0,0.0,0.0,0.0,-0.0
2021-09-03 00:00:00+00:00,20260201_193431_8feb5101_StateSignal_XLE,0.0,0.0,1.0,1.0,0.0,0.0,0.0,0.0
2021-09-07 00:00:00+00:00,20260201_193431_8feb5101_StateSignal_XLE,0.0,0.0,1.0,1.0,0.0,0.0,0.0,-0.0
2021-09-08 00:00:00+00:00,20260201_193431_8feb5101_StateSignal_XLE,0.0,0.0,1.0,1.0,0.0,0.0,0.0,0.0
2021-09-09 00:00:00+00:00,20260201_193431_8feb5101_StateSignal_XLE,0.0,0.0,1.0,1.0,0.0,0.0,0.0,-0.0
2021-09-10 00:00:00+00:00,20260201_193431_8feb5101_StateSignal_XLE,0.0,0.0,1.0,1.0,0.0,0.0,0.0,0.0
2021-09-13 00:00:00+00:00,20260201_193431_8feb5101_StateSignal_XLE,0.0,0.0,1.0,1.0,0.0,0.0,0.0,-0.0
2021-09-14 00:00:00+00:00,20260201_193431_8feb5101_StateSignal_XLE,0.0,0.0,1.0,1.0,0.0,0.0,0.0,0.0
2021-09-15 00:00:00+00:00,20260201_193431_8feb5101_StateSignal_XLE,0.0,0.0,1.0,1.0,0.0,0.0,0.0,-0.0
2021-09-16 00:00:00+00:00,20260201_193431_8feb5101_StateSignal_XLE,0.0,0.0,1.0,1.0,0.0,0.0,0.0,0.0
2021-09-17 00:00:00+00:00,20260201_193431_8feb5101_StateSignal_XLE,0.0,0.0,1.0,1.0,0.0,0.0,0.0,-0.0
2021-09-20 00:00:00+00:00,20260201_193431_8feb5101_StateSignal_XLE,0.0,0.0,1.0,1.0,0.0,0.0,0.0,-0.0
2021-09-21 00:00:00+00:00,20260201_193431_8feb5101_StateSignal_XLE,0.0,0.0,1.0,1.0,0.0,0.0,0.0,0.0
2021-09-22 00:00:00+00:00,20260201_193431_8feb5101_StateSignal_XLE,0.0,0.0,1.0,1.0,0.0,0.0,0.0,0.0
2021-09-23 00:00:00+00:00,20260201_193431_8feb5101_StateSignal_XLE,0.0,0.0,1.0,1.0,0.0,0.0,0.0,0.0
2021-09-24 00:00:00+00:00,20260201_193431_8feb5101_StateSignal_XLE,0.0,0.0,1.0,1.0,0.0,0.0,0.0,0.0
2021-09-27 00:00:00+00:00,20260201_193431_8feb5101_StateSignal_XLE,0.0,0.0,1.0,1.0,0.0,0.0,0.0,0.0
2021-09-28 00:00:00+00:00,20260201_193431_8feb5101_StateSignal_XLE,0.0,0.0,1.0,1.0,0.0,0.0,0.0,0.0
2021-09-29 00:00:00+00:00,20260201_193431_8feb5101_StateSignal_XLE,0.0,0.0,1.0,1.0,0.0,0.0,0.0,0.0
2021-09-30 00:00:00+00:00,20260201_193431_8feb5101_StateSignal_XLE,0.0,0.0,1.0,1.0,0.0,0.0,0.0,0.0
2021-10-01 00:00:00+00:00,20260201_193431_8feb5101_StateSignal_XLE,0.0,0.0,1.0,1.0,0.0,0.0,0.0,-0.0
2021-10-04 00:00:00+00:00,20260201_193431_8feb5101_StateSignal_XLE,0.0,0.0,1.0,1.0,0.0,0.0,0.0,0.0
2021-10-05 00:00:00+00:00,20260201_193431_8feb5101_StateSignal_XLE,0.0,0.0,1.0,1.0,0.0,0.0,0.0,0.0
2021-10-06 00:00:00+00:00,20260201_193431_8feb5101_StateSignal_XLE,0.0,0.0,1.0,1.0,0.0,0.0,0.0,-0.0
2021-10-07 00:00:00+00:00,20260201_193431_8feb5101_StateSignal_XLE,0.0,0.0,1.0,1.0,0.0,0.0,0.0,0.0
2021-10-08 00:00:00+00:00,20260201_193431_8feb5101_StateSignal_XLE,0.0,0.0,1.0,1.0,0.0,0.0,0.0,0.0
2021-10-11 00:00:00+00:00,20260201_193431_8feb5101_StateSignal_XLE,0.0,0.0,1.0,1.0,0.0,0.0,0.0,0.0
2021-10-12 00:00:00+00:00,20260201_193431_8feb5101_StateSignal_XLE,0.0,0.0,1.0,1.0,0.0,0.0,0.0,-0.0
2021-10-13 00:00:00+00:00,20260201_193431_8feb5101_StateSignal_XLE,0.0,0.0,1.0,1.0,0.0,0.0,0.0,-0.0
2021-10-14 00:00:00+00:00,20260201_193431_8feb5101_StateSignal_XLE,0.0,0.0,1.0,1.0,0.0,0.0,0.0,0.0
2021-10-15 00:00:00+00:00,20260201_193431_8feb5101_StateSignal_XLE,0.0,0.0,1.0,1.0,0.0,0.0,0.0,0.0
2021-10-18 00:00:00+00:00,20260201_193431_8feb5101_StateSignal_XLE,0.0,0.0,1.0,1.0,0.0,0.0,0.0,0.0
2021-10-19 00:00:00+00:00,20260201_193431_8feb5101_StateSignal_XLE,0.0,0.0,1.0,1.0,0.0,0.0,0.0,-0.0
2021-10-20 00:00:00+00:00,20260201_193431_8feb5101_StateSignal_XLE,0.0,0.0,1.0,1.0,0.0,0.0,0.0,-0.0
2021-10-21 00:00:00+00:00,20260201_193431_8feb5101_StateSignal_XLE,0.0,0.0,1.0,1.0,0.0,0.0,0.0,0.0
2021-10-22 00:00:00+00:00,20260201_193431_8feb5101_StateSignal_XLE,0.0,0.0,1.0,1.0,0.0,0.0,0.0,-0.0
2021-10-25 00:00:00+00:00,20260201_193431_8feb5101_StateSignal_XLE,0.0,0.0,1.0,1.0,0.0,0.0,0.0,0.0
2021-10-26 00:00:00+00:00,20260201_193431_8feb5101_StateSignal_XLE,0.0,0.0,1.0,1.0,0.0,0.0,0.0,0.0
2021-10-27 00:00:00+00:00,20260201_193431_8feb5101_StateSignal_XLE,0.0,0.0,1.0,1.0,0.0,0.0,0.0,-0.0
2021-10-28 00:00:00+00:00,20260201_193431_8feb5101_StateSignal_XLE,0.0,0.0,1.0,1.0,0.0,0.0,0.0,-0.0
2021-10-29 00:00:00+00:00,20260201_193431_8feb5101_StateSignal_XLE,0.0,0.0,1.0,1.0,0.0,0.0,0.0,0.0
2021-11-01 00:00:00+00:00,20260201_193431_8feb5101_StateSignal_XLE,0.0,0.0,1.0,1.0,0.0,0.0,0.0,-0.0
2021-11-02 00:00:00+00:00,20260201_193431_8feb5101_StateSignal_XLE,0.0,0.0,1.0,1.0,0.0,0.0,0.0,0.0
2021-11-03 00:00:00+00:00,20260201_193431_8feb5101_StateSignal_XLE,0.0,0.0,1.0,1.0,0.0,0.0,0.0,-0.0
2021-11-04 00:00:00+00:00,20260201_193431_8feb5101_StateSignal_XLE,0.0,0.0,1.0,1.0,0.0,0.0,0.0,0.0
2021-11-05 00:00:00+00:00,20260201_193431_8feb5101_StateSignal_XLE,0.0,0.0,1.0,1.0,0.0,0.0,0.0,0.0
2021-11-08 00:00:00+00:00,20260201_193431_8feb5101_StateSignal_XLE,0.0,0.0,1.0,1.0,0.0,0.0,0.0,0.0
2021-11-09 00:00:00+00:00,20260201_193431_8feb5101_StateSignal_XLE,0.0,0.0,1.0,1.0,0.0,0.0,0.0,0.0
2021-11-10 00:00:00+00:00,20260201_193431_8feb5101_StateSignal_XLE,0.0,0.0,1.0,1.0,0.0,0.0,0.0,-0.0
2021-11-11 00:00:00+00:00,20260201_193431_8feb5101_StateSignal_XLE,0.0,0.0,1.0,1.0,0.0,0.0,0.0,-0.0
2021-11-12 00:00:00+00:00,20260201_193431_8feb5101_StateSignal_XLE,0.0,0.0,1.0,1.0,0.0,0.0,0.0,-0.0
2021-11-15 00:00:00+00:00,20260201_193431_8feb5101_StateSignal_XLE,0.0,0.0,1.0,1.0,0.0,0.0,0.0,0.0
2021-11-16 00:00:00+00:00,20260201_193431_8feb5101_StateSignal_XLE,0.0,0.0,1.0,1.0,0.0,0.0,0.0,0.0
2021-11-17 00:00:00+00:00,20260201_193431_8feb5101_StateSignal_XLE,0.0,0.0,1.0,1.0,0.0,0.0,0.0,-0.0
2021-11-18 00:00:00+00:00,20260201_193431_8feb5101_StateSignal_XLE,0.0,0.0,1.0,1.0,0.0,0.0,0.0,-0.0
2021-11-19 00:00:00+00:00,20260201_193431_8feb5101_StateSignal_XLE,0.0,0.0,1.0,1.0,0.0,0.0,0.0,-0.0
2021-11-22 00:00:00+00:00,20260201_193431_8feb5101_StateSignal_XLE,0.0,0.0,1.0,1.0,0.0,0.0,0.0,-0.0
2021-11-23 00:00:00+00:00,20260201_193431_8feb5101_StateSignal_XLE,0.0,0.0,1.0,1.0,0.0,0.0,0.0,0.0
2021-11-24 00:00:00+00:00,20260201_193431_8feb5101_StateSignal_XLE,0.0,0.0,1.0,1.0,0.0,0.0,0.0,0.0
2021-11-26 00:00:00+00:00,20260201_193431_8feb5101_StateSignal_XLE,0.0,0.0,1.0,1.0,0.0,0.0,0.0,-0.0
2021-11-29 00:00:00+00:00,20260201_193431_8feb5101_StateSignal_XLE,0.0,0.0,1.0,1.0,0.0,0.0,0.0,0.0
2021-11-30 00:00:00+00:00,20260201_193431_8feb5101_StateSignal_XLE,0.0,0.0,1.0,1.0,0.0,0.0,0.0,-0.0
2021-12-01 00:00:00+00:00,20260201_193431_8feb5101_StateSignal_XLE,0.0,0.0,1.0,1.0,0.0,0.0,0.0,0.0
2021-12-02 00:00:00+00:00,20260201_193431_8feb5101_StateSignal_XLE,0.0,0.0,1.0,1.0,0.0,0.0,0.0,-0.0
2021-12-03 00:00:00+00:00,20260201_193431_8feb5101_StateSignal_XLE,0.0,0.0,1.0,1.0,0.0,0.0,0.0,0.0
2021-12-06 00:00:00+00:00,20260201_193431_8feb5101_StateSignal_XLE,0.0,0.0,1.0,1.0,0.0,0.0,0.0,-0.0
2021-12-07 00:00:00+00:00,20260201_193431_8feb5101_StateSignal_XLE,0.0,0.0,1.0,1.0,0.0,0.0,0.0,-0.0
2021-12-08 00:00:00+00:00,20260201_193431_8feb5101_StateSignal_XLE,0.0,0.0,1.0,1.0,0.0,0.0,0.0,0.0
2021-12-09 00:00:00+00:00,20260201_193431_8feb5101_StateSignal_XLE,0.0,0.0,1.0,1.0,0.0,0.0,0.0,-0.0
2021-12-10 00:00:00+00:00,20260201_193431_8feb5101_StateSignal_XLE,0.0,0.0,1.0,1.0,0.0,0.0,0.0,0.0
2021-12-13 00:00:00+00:00,20260201_193431_8feb5101_StateSignal_XLE,0.0,0.0,1.0,1.0,0.0,0.0,0.0,-0.0
2021-12-14 00:00:00+00:00,20260201_193431_8feb5101_StateSignal_XLE,0.0,0.0,1.0,1.0,0.0,0.0,0.0,-0.0
2021-12-15 00:00:00+00:00,20260201_193431_8feb5101_StateSignal_XLE,0.0,0.0,1.0,1.0,0.0,0.0,0.0,0.0
2021-12-16 00:00:00+00:00,20260201_193431_8feb5101_StateSignal_XLE,0.0,0.0,1.0,1.0,0.0,0.0,0.0,0.0
2021-12-17 00:00:00+00:00,20260201_193431_8feb5101_StateSignal_XLE,0.0,0.0,1.0,1.0,0.0,0.0,0.0,-0.0
2021-12-20 00:00:00+00:00,20260201_193431_8feb5101_StateSignal_XLE,0.0,0.0,1.0,1.0,0.0,0.0,0.0,-0.0
2021-12-21 00:00:00+00:00,20260201_193431_8feb5101_StateSignal_XLE,0.0,0.0,1.0,1.0,0.0,0.0,0.0,0.0
2021-12-22 00:00:00+00:00,20260201_193431_8feb5101_StateSignal_XLE,0.0,0.0,1.0,1.0,0.0,0.0,0.0,0.0
2021-12-23 00:00:00+00:00,20260201_193431_8feb5101_StateSignal_XLE,0.0,0.0,1.0,1.0,0.0,0.0,0.0,0.0
2021-12-27 00:00:00+00:00,20260201_193431_8feb5101_StateSignal_XLE,0.0,0.0,1.0,1.0,0.0,0.0,0.0,-0.0
2021-12-28 00:00:00+00:00,20260201_193431_8feb5101_StateSignal_XLE,0.0,0.0,1.0,1.0,0.0,0.0,0.0,0.0
2021-12-29 00:00:00+00:00,20260201_193431_8feb5101_StateSignal_XLE,0.0,0.0,1.0,1.0,0.0,0.0,0.0,-0.0
2021-12-30 00:00:00+00:00,20260201_193431_8feb5101_StateSignal_XLE,0.0,0.0,1.0,1.0,0.0,0.0,0.0,-0.0
2021-12-31 00:00:00+00:00,20260201_193431_8feb5101_StateSignal_XLE,0.0,0.0,1.0,1.0,0.0,0.0,0.0,-0.0
2022-01-03 00:00:00+00:00,20260201_193431_8feb5101_StateSignal_XLE,0.0,0.0,1.0,1.0,0.0,0.0,0.0,0.0
2022-01-04 00:00:00+00:00,20260201_193431_8feb5101_StateSignal_XLE,0.0,0.0,1.0,1.0,0.0,0.0,0.0,0.0
2022-01-05 00:00:00+00:00,20260201_193431_8feb5101_StateSignal_XLE,0.0,0.0,1.0,1.0,0.0,0.0,0.0,0.0
2022-01-06 00:00:00+00:00,20260201_193431_8feb5101_StateSignal_XLE,0.0,0.0,1.0,1.0,0.0,0.0,0.0,0.0
2022-01-07 00:00:00+00:00,20260201_193431_8feb5101_StateSignal_XLE,0.0,0.0,1.0,1.0,0.0,0.0,0.0,0.0
2022-01-10 00:00:00+00:00,20260201_193431_8feb5101_StateSignal_XLE,0.0,0.0,1.0,1.0,0.0,0.0,0.0,0.0
2022-01-11 00:00:00+00:00,20260201_193431_8feb5101_StateSignal_XLE,0.0,0.0,1.0,1.0,0.0,0.0,0.0,0.0
2022-01-12 00:00:00+00:00,20260201_193431_8feb5101_StateSignal_XLE,0.0,0.0,1.0,1.0,0.0,0.0,0.0,0.0
2022-01-13 00:00:00+00:00,20260201_193431_8feb5101_StateSignal_XLE,0.0,0.0,1.0,1.0,0.0,0.0,0.0,-0.0
2022-01-14 00:00:00+00:00,20260201_193431_8feb5101_StateSignal_XLE,0.0,0.0,1.0,1.0,0.0,0.0,0.0,-0.0
2022-01-18 00:00:00+00:00,20260201_193431_8feb5101_StateSignal_XLE,0.0,0.0,1.0,1.0,0.0,0.0,0.0,0.0
2022-01-19 00:00:00+00:00,20260201_193431_8feb5101_StateSignal_XLE,0.0,0.0,1.0,1.0,0.0,0.0,0.0,0.0
2022-01-20 00:00:00+00:00,20260201_193431_8feb5101_StateSignal_XLE,0.0,0.0,1.0,1.0,0.0,0.0,0.0,-0.0
2022-01-21 00:00:00+00:00,20260201_193431_8feb5101_StateSignal_XLE,0.0,0.0,1.0,1.0,0.0,0.0,0.0,-0.0
2022-01-24 00:00:00+00:00,20260201_193431_8feb5101_StateSignal_XLE,0.0,0.0,1.0,1.0,0.0,0.0,0.0,-0.0
2022-01-25 00:00:00+00:00,20260201_193431_8feb5101_StateSignal_XLE,0.0,0.0,1.0,1.0,0.0,0.0,0.0,0.0
2022-01-26 00:00:00+00:00,20260201_193431_8feb5101_StateSignal_XLE,0.0,0.0,1.0,1.0,0.0,0.0,0.0,0.0
2022-01-27 00:00:00+00:00,20260201_193431_8feb5101_StateSignal_XLE,0.0,0.0,1.0,1.0,0.0,0.0,0.0,0.0
2022-01-28 00:00:00+00:00,20260201_193431_8feb5101_StateSignal_XLE,0.0,0.0,1.0,1.0,0.0,0.0,0.0,-0.0
2022-01-31 00:00:00+00:00,20260201_193431_8feb5101_StateSignal_XLE,0.0,0.0,1.0,1.0,0.0,0.0,0.0,-0.0
2022-02-01 00:00:00+00:00,20260201_193431_8feb5101_StateSignal_XLE,0.0,0.0,1.0,1.0,0.0,0.0,0.0,0.0
2022-02-02 00:00:00+00:00,20260201_193431_8feb5101_StateSignal_XLE,0.0,0.0,1.0,1.0,0.0,0.0,0.0,0.0
2022-02-03 00:00:00+00:00,20260201_193431_8feb5101_StateSignal_XLE,0.0,0.0,1.0,1.0,0.0,0.0,0.0,0.0
2022-02-04 00:00:00+00:00,20260201_193431_8feb5101_StateSignal_XLE,0.0,0.0,1.0,1.0,0.0,0.0,0.0,-0.0
2022-02-07 00:00:00+00:00,20260201_193431_8feb5101_StateSignal_XLE,0.0,0.0,1.0,1.0,0.0,0.0,0.0,0.0
2022-02-08 00:00:00+00:00,20260201_193431_8feb5101_StateSignal_XLE,0.0,0.0,1.0,1.0,0.0,0.0,0.0,0.0
2022-02-09 00:00:00+00:00,20260201_193431_8feb5101_StateSignal_XLE,0.0,0.0,1.0,1.0,0.0,0.0,0.0,-0.0
2022-02-10 00:00:00+00:00,20260201_193431_8feb5101_StateSignal_XLE,0.0,0.0,1.0,1.0,0.0,0.0,0.0,0.0
2022-02-11 00:00:00+00:00,20260201_193431_8feb5101_StateSignal_XLE,0.0,0.0,1.0,1.0,0.0,0.0,0.0,0.0
2022-02-14 00:00:00+00:00,20260201_193431_8feb5101_StateSignal_XLE,0.0,0.0,1.0,1.0,0.0,0.0,0.0,0.0
2022-02-15 00:00:00+00:00,20260201_193431_8feb5101_StateSignal_XLE,0.0,0.0,1.0,1.0,0.0,0.0,0.0,-0.0
2022-02-16 00:00:00+00:00,20260201_193431_8feb5101_StateSignal_XLE,0.0,0.0,1.0,1.0,0.0,0.0,0.0,0.0
2022-02-17 00:00:00+00:00,20260201_193431_8feb5101_StateSignal_XLE,0.0,0.0,1.0,1.0,0.0,0.0,0.0,-0.0
2022-02-18 00:00:00+00:00,20260201_193431_8feb5101_StateSignal_XLE,0.0,0.0,1.0,1.0,0.0,0.0,0.0,-0.0
2022-02-22 00:00:00+00:00,20260201_193431_8feb5101_StateSignal_XLE,0.0,0.0,1.0,1.0,0.0,0.0,0.0,0.0
2022-02-23 00:00:00+00:00,20260201_193431_8feb5101_StateSignal_XLE,0.0,0.0,1.0,1.0,0.0,0.0,0.0,-0.0
2022-02-24 00:00:00+00:00,20260201_193431_8feb5101_StateSignal_XLE,0.0,0.0,1.0,1.0,0.0,0.0,0.0,0.0
2022-02-25 00:00:00+00:00,20260201_193431_8feb5101_StateSignal_XLE,0.0,0.0,1.0,1.0,0.0,0.0,0.0,-0.0
2022-02-28 00:00:00+00:00,20260201_193431_8feb5101_StateSignal_XLE,0.0,0.0,1.0,1.0,0.0,0.0,0.0,0.0
2022-03-01 00:00:00+00:00,20260201_193431_8feb5101_StateSignal_XLE,0.0,0.0,1.0,1.0,0.0,0.0,0.0,0.0
2022-03-02 00:00:00+00:00,20260201_193431_8feb5101_StateSignal_XLE,0.0,0.0,1.0,1.0,0.0,0.0,0.0,0.0
2022-03-03 00:00:00+00:00,20260201_193431_8feb5101_StateSignal_XLE,0.0,0.0,1.0,1.0,0.0,0.0,0.0,-0.0
2022-03-04 00:00:00+00:00,20260201_193431_8feb5101_StateSignal_XLE,0.0,0.0,1.0,1.0,0.0,0.0,0.0,0.0
2022-03-07 00:00:00+00:00,20260201_193431_8feb5101_StateSignal_XLE,0.0,0.0,1.0,1.0,0.0,0.0,0.0,0.0
2022-03-08 00:00:00+00:00,20260201_193431_8feb5101_StateSignal_XLE,0.0,0.0,1.0,1.0,0.0,0.0,0.0,0.0
2022-03-09 00:00:00+00:00,20260201_193431_8feb5101_StateSignal_XLE,0.0,0.0,1.0,1.0,0.0,0.0,0.0,-0.0
2022-03-10 00:00:00+00:00,20260201_193431_8feb5101_StateSignal_XLE,0.0,0.0,1.0,1.0,0.0,0.0,0.0,-0.0
2022-03-11 00:00:00+00:00,20260201_193431_8feb5101_StateSignal_XLE,0.0,0.0,1.0,1.0,0.0,0.0,0.0,0.0
2022-03-14 00:00:00+00:00,20260201_193431_8feb5101_StateSignal_XLE,0.0,0.0,1.0,1.0,0.0,0.0,0.0,-0.0
2022-03-15 00:00:00+00:00,20260201_193431_8feb5101_StateSignal_XLE,0.0,0.0,1.0,1.0,0.0,0.0,0.0,-0.0
2022-03-16 00:00:00+00:00,20260201_193431_8feb5101_StateSignal_XLE,0.0,0.0,1.0,1.0,0.0,0.0,0.0,0.0
2022-03-17 00:00:00+00:00,20260201_193431_8feb5101_StateSignal_XLE,0.0,0.0,1.0,1.0,0.0,0.0,0.0,0.0
2022-03-18 00:00:00+00:00,20260201_193431_8feb5101_StateSignal_XLE,0.0,0.0,1.0,1.0,0.0,0.0,0.0,0.0
2022-03-21 00:00:00+00:00,20260201_193431_8feb5101_StateSignal_XLE,0.0,0.0,1.0,1.0,0.0,0.0,0.0,-0.0
2022-03-22 00:00:00+00:00,20260201_193431_8feb5101_StateSignal_XLE,0.0,0.0,1.0,1.0,0.0,0.0,0.0,0.0
2022-03-23 00:00:00+00:00,20260201_193431_8feb5101_StateSignal_XLE,0.0,0.0,1.0,1.0,0.0,0.0,0.0,0.0
2022-03-24 00:00:00+00:00,20260201_193431_8feb5101_StateSignal_XLE,0.0,0.0,1.0,1.0,0.0,0.0,0.0,0.0
2022-03-25 00:00:00+00:00,20260201_193431_8feb5101_StateSignal_XLE,0.0,0.0,1.0,1.0,0.0,0.0,0.0,-0.0
2022-03-28 00:00:00+00:00,20260201_193431_8feb5101_StateSignal_XLE,0.0,0.0,1.0,1.0,0.0,0.0,0.0,0.0
2022-03-29 00:00:00+00:00,20260201_193431_8feb5101_StateSignal_XLE,0.0,0.0,1.0,1.0,0.0,0.0,0.0,-0.0
2022-03-30 00:00:00+00:00,20260201_193431_8feb5101_StateSignal_XLE,0.0,0.0,1.0,1.0,0.0,0.0,0.0,0.0
2022-03-31 00:00:00+00:00,20260201_193431_8feb5101_StateSignal_XLE,0.0,0.0,1.0,1.0,0.0,0.0,0.0,-0.0
2022-04-01 00:00:00+00:00,20260201_193431_8feb5101_StateSignal_XLE,0.0,0.0,1.0,1.0,0.0,0.0,0.0,-0.0
2022-04-04 00:00:00+00:00,20260201_193431_8feb5101_StateSignal_XLE,0.0,0.0,1.0,1.0,0.0,0.0,0.0,0.0
2022-04-05 00:00:00+00:00,20260201_193431_8feb5101_StateSignal_XLE,0.0,0.0,1.0,1.0,0.0,0.0,0.0,-0.0
2022-04-06 00:00:00+00:00,20260201_193431_8feb5101_StateSignal_XLE,0.0,0.0,1.0,1.0,0.0,0.0,0.0,-0.0
2022-04-07 00:00:00+00:00,20260201_193431_8feb5101_StateSignal_XLE,0.0,0.0,1.0,1.0,0.0,0.0,0.0,-0.0
2022-04-08 00:00:00+00:00,20260201_193431_8feb5101_StateSignal_XLE,0.0,0.0,1.0,1.0,0.0,0.0,0.0,0.0
2022-04-11 00:00:00+00:00,20260201_193431_8feb5101_StateSignal_XLE,0.0,0.0,1.0,1.0,0.0,0.0,0.0,0.0
2022-04-12 00:00:00+00:00,20260201_193431_8feb5101_StateSignal_XLE,0.0,0.0,1.0,1.0,0.0,0.0,0.0,-0.0
2022-04-13 00:00:00+00:00,20260201_193431_8feb5101_StateSignal_XLE,0.0,0.0,1.0,1.0,0.0,0.0,0.0,0.0
2022-04-14 00:00:00+00:00,20260201_193431_8feb5101_StateSignal_XLE,0.0,0.0,1.0,1.0,0.0,0.0,0.0,-0.0
2022-04-18 00:00:00+00:00,20260201_193431_8feb5101_StateSignal_XLE,0.0,0.0,1.0,1.0,0.0,0.0,0.0,0.0
2022-04-19 00:00:00+00:00,20260201_193431_8feb5101_StateSignal_XLE,0.0,0.0,1.0,1.0,0.0,0.0,0.0,-0.0
2022-04-20 00:00:00+00:00,20260201_193431_8feb5101_StateSignal_XLE,0.0,0.0,1.0,1.0,0.0,0.0,0.0,0.0
2022-04-21 00:00:00+00:00,20260201_193431_8feb5101_StateSignal_XLE,0.0,0.0,1.0,1.0,0.0,0.0,0.0,0.0
2022-04-22 00:00:00+00:00,20260201_193431_8feb5101_StateSignal_XLE,0.0,0.0,1.0,1.0,0.0,0.0,0.0,-0.0
2022-04-25 00:00:00+00:00,20260201_193431_8feb5101_StateSignal_XLE,0.0,0.0,1.0,1.0,0.0,0.0,0.0,-0.0
2022-04-26 00:00:00+00:00,20260201_193431_8feb5101_StateSignal_XLE,0.0,0.0,1.0,1.0,0.0,0.0,0.0,0.0
2022-04-27 00:00:00+00:00,20260201_193431_8feb5101_StateSignal_XLE,0.0,0.0,1.0,1.0,0.0,0.0,0.0,0.0
2022-04-28 00:00:00+00:00,20260201_193431_8feb5101_StateSignal_XLE,0.0,0.0,1.0,1.0,0.0,0.0,0.0,0.0
2022-04-29 00:00:00+00:00,20260201_193431_8feb5101_StateSignal_XLE,0.0,0.0,1.0,1.0,0.0,0.0,0.0,0.0
2022-05-02 00:00:00+00:00,20260201_193431_8feb5101_StateSignal_XLE,0.0,0.0,1.0,1.0,0.0,0.0,0.0,-0.0
2022-05-03 00:00:00+00:00,20260201_193431_8feb5101_StateSignal_XLE,0.0,0.0,1.0,1.0,0.0,0.0,0.0,0.0
2022-05-04 00:00:00+00:00,20260201_193431_8feb5101_StateSignal_XLE,0.0,0.0,1.0,1.0,0.0,0.0,0.0,0.0
2022-05-05 00:00:00+00:00,20260201_193431_8feb5101_StateSignal_XLE,0.0,0.0,1.0,1.0,0.0,0.0,0.0,0.0
2022-05-06 00:00:00+00:00,20260201_193431_8feb5101_StateSignal_XLE,0.0,0.0,1.0,1.0,0.0,0.0,0.0,-0.0
2022-05-09 00:00:00+00:00,20260201_193431_8feb5101_StateSignal_XLE,0.0,0.0,1.0,1.0,0.0,0.0,0.0,0.0
2022-05-10 00:00:00+00:00,20260201_193431_8feb5101_StateSignal_XLE,0.0,0.0,1.0,1.0,0.0,0.0,0.0,-0.0
2022-05-11 00:00:00+00:00,20260201_193431_8feb5101_StateSignal_XLE,0.0,0.0,1.0,1.0,0.0,0.0,0.0,0.0
2022-05-12 00:00:00+00:00,20260201_193431_8feb5101_StateSignal_XLE,0.0,0.0,1.0,1.0,0.0,0.0,0.0,-0.0
2022-05-13 00:00:00+00:00,20260201_193431_8feb5101_StateSignal_XLE,0.0,0.0,1.0,1.0,0.0,0.0,0.0,0.0
2022-05-16 00:00:00+00:00,20260201_193431_8feb5101_StateSignal_XLE,0.0,0.0,1.0,1.0,0.0,0.0,0.0,0.0
2022-05-17 00:00:00+00:00,20260201_193431_8feb5101_StateSignal_XLE,0.0,0.0,1.0,1.0,0.0,0.0,0.0,0.0
2022-05-18 00:00:00+00:00,20260201_193431_8feb5101_StateSignal_XLE,0.0,0.0,1.0,1.0,0.0,0.0,0.0,0.0
2022-05-19 00:00:00+00:00,20260201_193431_8feb5101_StateSignal_XLE,0.0,0.0,1.0,1.0,0.0,0.0,0.0,-0.0
2022-05-20 00:00:00+00:00,20260201_193431_8feb5101_StateSignal_XLE,0.0,0.0,1.0,1.0,0.0,0.0,0.0,0.0
2022-05-23 00:00:00+00:00,20260201_193431_8feb5101_StateSignal_XLE,0.0,0.0,1.0,1.0,0.0,0.0,0.0,0.0
2022-05-24 00:00:00+00:00,20260201_193431_8feb5101_StateSignal_XLE,0.0,0.0,1.0,1.0,0.0,0.0,0.0,0.0
2022-05-25 00:00:00+00:00,20260201_193431_8feb5101_StateSignal_XLE,0.0,0.0,1.0,1.0,0.0,0.0,0.0,0.0
2022-05-26 00:00:00+00:00,20260201_193431_8feb5101_StateSignal_XLE,0.0,0.0,1.0,1.0,0.0,0.0,0.0,0.0
2022-05-27 00:00:00+00:00,20260201_193431_8feb5101_StateSignal_XLE,0.0,0.0,1.0,1.0,0.0,0.0,0.0,0.0
2022-05-31 00:00:00+00:00,20260201_193431_8feb5101_StateSignal_XLE,0.0,0.0,1.0,1.0,0.0,0.0,0.0,0.0
2022-06-01 00:00:00+00:00,20260201_193431_8feb5101_StateSignal_XLE,0.0,0.0,1.0,1.0,0.0,0.0,0.0,-0.0
2022-06-02 00:00:00+00:00,20260201_193431_8feb5101_StateSignal_XLE,0.0,0.0,1.0,1.0,0.0,0.0,0.0,0.0
2022-06-03 00:00:00+00:00,20260201_193431_8feb5101_StateSignal_XLE,0.0,0.0,1.0,1.0,0.0,0.0,0.0,0.0
2022-06-06 00:00:00+00:00,20260201_193431_8feb5101_StateSignal_XLE,0.0,0.0,1.0,1.0,0.0,0.0,0.0,0.0
2022-06-07 00:00:00+00:00,20260201_193431_8feb5101_StateSignal_XLE,0.0,0.0,1.0,1.0,0.0,0.0,0.0,-0.0
2022-06-08 00:00:00+00:00,20260201_193431_8feb5101_StateSignal_XLE,0.0,0.0,1.0,1.0,0.0,0.0,0.0,0.0
2022-06-09 00:00:00+00:00,20260201_193431_8feb5101_StateSignal_XLE,0.0,0.0,1.0,1.0,0.0,0.0,0.0,-0.0
2022-06-10 00:00:00+00:00,20260201_193431_8feb5101_StateSignal_XLE,0.0,0.0,1.0,1.0,0.0,0.0,0.0,-0.0
2022-06-13 00:00:00+00:00,20260201_193431_8feb5101_StateSignal_XLE,0.0,0.0,1.0,1.0,0.0,0.0,0.0,-0.0
2022-06-14 00:00:00+00:00,20260201_193431_8feb5101_StateSignal_XLE,0.0,0.0,1.0,1.0,0.0,0.0,0.0,-0.0
2022-06-15 00:00:00+00:00,20260201_193431_8feb5101_StateSignal_XLE,0.0,0.0,1.0,1.0,0.0,0.0,0.0,-0.0
2022-06-16 00:00:00+00:00,20260201_193431_8feb5101_StateSignal_XLE,0.0,0.0,1.0,1.0,0.0,0.0,0.0,-0.0
2022-06-17 00:00:00+00:00,20260201_193431_8feb5101_StateSignal_XLE,0.0,0.0,1.0,1.0,0.0,0.0,0.0,-0.0
2022-06-21 00:00:00+00:00,20260201_193431_8feb5101_StateSignal_XLE,0.0,0.0,1.0,1.0,0.0,0.0,0.0,-0.0
2022-06-22 00:00:00+00:00,20260201_193431_8feb5101_StateSignal_XLE,0.0,0.0,1.0,1.0,0.0,0.0,0.0,-0.0
2022-06-23 00:00:00+00:00,20260201_193431_8feb5101_StateSignal_XLE,0.0,0.0,1.0,1.0,0.0,0.0,0.0,0.0
2022-06-24 00:00:00+00:00,20260201_193431_8feb5101_StateSignal_XLE,0.0,0.0,1.0,1.0,0.0,0.0,0.0,-0.0
2022-06-27 00:00:00+00:00,20260201_193431_8feb5101_StateSignal_XLE,0.0,0.0,1.0,1.0,0.0,0.0,0.0,0.0
2022-06-28 00:00:00+00:00,20260201_193431_8feb5101_StateSignal_XLE,0.0,0.0,1.0,1.0,0.0,0.0,0.0,0.0
2022-06-29 00:00:00+00:00,20260201_193431_8feb5101_StateSignal_XLE,0.0,0.0,1.0,1.0,0.0,0.0,0.0,0.0
2022-06-30 00:00:00+00:00,20260201_193431_8feb5101_StateSignal_XLE,0.0,0.0,1.0,1.0,0.0,0.0,0.0,-0.0
2022-07-01 00:00:00+00:00,20260201_193431_8feb5101_StateSignal_XLE,0.0,0.0,1.0,1.0,0.0,0.0,0.0,0.0
2022-07-05 00:00:00+00:00,20260201_193431_8feb5101_StateSignal_XLE,0.0,0.0,1.0,1.0,0.0,0.0,0.0,-0.0
2022-07-06 00:00:00+00:00,20260201_193431_8feb5101_StateSignal_XLE,0.0,0.0,1.0,1.0,0.0,0.0,0.0,-0.0
2022-07-07 00:00:00+00:00,20260201_193431_8feb5101_StateSignal_XLE,0.0,0.0,1.0,1.0,0.0,0.0,0.0,0.0
2022-07-08 00:00:00+00:00,20260201_193431_8feb5101_StateSignal_XLE,0.0,0.0,1.0,1.0,0.0,0.0,0.0,0.0
2022-07-11 00:00:00+00:00,20260201_193431_8feb5101_StateSignal_XLE,0.0,0.0,1.0,1.0,0.0,0.0,0.0,-0.0
2022-07-12 00:00:00+00:00,20260201_193431_8feb5101_StateSignal_XLE,0.0,0.0,1.0,1.0,0.0,0.0,0.0,-0.0
2022-07-13 00:00:00+00:00,20260201_193431_8feb5101_StateSignal_XLE,0.0,0.0,1.0,1.0,0.0,0.0,0.0,-0.0
2022-07-14 00:00:00+00:00,20260201_193431_8feb5101_StateSignal_XLE,0.0,0.0,1.0,1.0,0.0,0.0,0.0,-0.0
2022-07-15 00:00:00+00:00,20260201_193431_8feb5101_StateSignal_XLE,0.0,0.0,1.0,1.0,0.0,0.0,0.0,0.0
2022-07-18 00:00:00+00:00,20260201_193431_8feb5101_StateSignal_XLE,0.0,0.0,1.0,1.0,0.0,0.0,0.0,0.0
2022-07-19 00:00:00+00:00,20260201_193431_8feb5101_StateSignal_XLE,0.0,0.0,1.0,1.0,0.0,0.0,0.0,-0.0
2022-07-20 00:00:00+00:00,20260201_193431_8feb5101_StateSignal_XLE,0.0,0.0,1.0,1.0,0.0,0.0,0.0,0.0
2022-07-21 00:00:00+00:00,20260201_193431_8feb5101_StateSignal_XLE,0.0,0.0,1.0,1.0,0.0,0.0,0.0,-0.0
2022-07-22 00:00:00+00:00,20260201_193431_8feb5101_StateSignal_XLE,0.0,0.0,1.0,1.0,0.0,0.0,0.0,0.0
2022-07-25 00:00:00+00:00,20260201_193431_8feb5101_StateSignal_XLE,0.0,0.0,1.0,1.0,0.0,0.0,0.0,0.0
2022-07-26 00:00:00+00:00,20260201_193431_8feb5101_StateSignal_XLE,0.0,0.0,1.0,1.0,0.0,0.0,0.0,0.0
2022-07-27 00:00:00+00:00,20260201_193431_8feb5101_StateSignal_XLE,0.0,0.0,1.0,1.0,0.0,0.0,0.0,-0.0
2022-07-28 00:00:00+00:00,20260201_193431_8feb5101_StateSignal_XLE,0.0,0.0,1.0,1.0,0.0,0.0,0.0,0.0
2022-07-29 00:00:00+00:00,20260201_193431_8feb5101_StateSignal_XLE,0.0,0.0,1.0,1.0,0.0,0.0,0.0,0.0
2022-08-01 00:00:00+00:00,20260201_193431_8feb5101_StateSignal_XLE,0.0,0.0,1.0,1.0,0.0,0.0,0.0,0.0
2022-08-02 00:00:00+00:00,20260201_193431_8feb5101_StateSignal_XLE,0.0,0.0,1.0,1.0,0.0,0.0,0.0,0.0
2022-08-03 00:00:00+00:00,20260201_193431_8feb5101_StateSignal_XLE,0.0,0.0,1.0,1.0,0.0,0.0,0.0,0.0
2022-08-04 00:00:00+00:00,20260201_193431_8feb5101_StateSignal_XLE,0.0,0.0,1.0,1.0,0.0,0.0,0.0,-0.0
2022-08-05 00:00:00+00:00,20260201_193431_8feb5101_StateSignal_XLE,0.0,0.0,1.0,1.0,0.0,0.0,0.0,-0.0
2022-08-08 00:00:00+00:00,20260201_193431_8feb5101_StateSignal_XLE,0.0,0.0,1.0,1.0,0.0,0.0,0.0,0.0
2022-08-09 00:00:00+00:00,20260201_193431_8feb5101_StateSignal_XLE,0.0,0.0,1.0,1.0,0.0,0.0,0.0,0.0
2022-08-10 00:00:00+00:00,20260201_193431_8feb5101_StateSignal_XLE,0.0,0.0,1.0,1.0,0.0,0.0,0.0,0.0
2022-08-11 00:00:00+00:00,20260201_193431_8feb5101_StateSignal_XLE,0.0,0.0,1.0,1.0,0.0,0.0,0.0,0.0
2022-08-12 00:00:00+00:00,20260201_193431_8feb5101_StateSignal_XLE,0.0,0.0,1.0,1.0,0.0,0.0,0.0,0.0
2022-08-15 00:00:00+00:00,20260201_193431_8feb5101_StateSignal_XLE,0.0,0.0,1.0,1.0,0.0,0.0,0.0,-0.0
2022-08-16 00:00:00+00:00,20260201_193431_8feb5101_StateSignal_XLE,0.0,0.0,1.0,1.0,0.0,0.0,0.0,0.0
2022-08-17 00:00:00+00:00,20260201_193431_8feb5101_StateSignal_XLE,0.0,0.0,1.0,1.0,0.0,0.0,0.0,-0.0
2022-08-18 00:00:00+00:00,20260201_193431_8feb5101_StateSignal_XLE,0.0,0.0,1.0,1.0,0.0,0.0,0.0,0.0
2022-08-19 00:00:00+00:00,20260201_193431_8feb5101_StateSignal_XLE,0.0,0.0,1.0,1.0,0.0,0.0,0.0,0.0
2022-08-22 00:00:00+00:00,20260201_193431_8feb5101_StateSignal_XLE,0.0,0.0,1.0,1.0,0.0,0.0,0.0,0.0
2022-08-23 00:00:00+00:00,20260201_193431_8feb5101_StateSignal_XLE,0.0,0.0,1.0,1.0,0.0,0.0,0.0,0.0
2022-08-24 00:00:00+00:00,20260201_193431_8feb5101_StateSignal_XLE,0.0,0.0,1.0,1.0,0.0,0.0,0.0,0.0
2022-08-25 00:00:00+00:00,20260201_193431_8feb5101_StateSignal_XLE,0.0,0.0,1.0,1.0,0.0,0.0,0.0,0.0
2022-08-26 00:00:00+00:00,20260201_193431_8feb5101_StateSignal_XLE,0.0,0.0,1.0,1.0,0.0,0.0,0.0,0.0
2022-08-29 00:00:00+00:00,20260201_193431_8feb5101_StateSignal_XLE,0.0,0.0,1.0,1.0,0.0,0.0,0.0,-0.0
2022-08-30 00:00:00+00:00,20260201_193431_8feb5101_StateSignal_XLE,0.0,0.0,1.0,1.0,0.0,0.0,0.0,-0.0
2022-08-31 00:00:00+00:00,20260201_193431_8feb5101_StateSignal_XLE,0.0,0.0,1.0,1.0,0.0,0.0,0.0,-0.0
2022-09-01 00:00:00+00:00,20260201_193431_8feb5101_StateSignal_XLE,0.0,0.0,1.0,1.0,0.0,0.0,0.0,-0.0
2022-09-02 00:00:00+00:00,20260201_193431_8feb5101_StateSignal_XLE,0.0,0.0,1.0,1.0,0.0,0.0,0.0,0.0
2022-09-06 00:00:00+00:00,20260201_193431_8feb5101_StateSignal_XLE,0.0,0.0,1.0,1.0,0.0,0.0,0.0,0.0
2022-09-07 00:00:00+00:00,20260201_193431_8feb5101_StateSignal_XLE,0.0,0.0,1.0,1.0,0.0,0.0,0.0,-0.0
2022-09-08 00:00:00+00:00,20260201_193431_8feb5101_StateSignal_XLE,0.0,0.0,1.0,1.0,0.0,0.0,0.0,0.0
2022-09-09 00:00:00+00:00,20260201_193431_8feb5101_StateSignal_XLE,0.0,0.0,1.0,1.0,0.0,0.0,0.0,0.0
2022-09-12 00:00:00+00:00,20260201_193431_8feb5101_StateSignal_XLE,0.0,0.0,1.0,1.0,0.0,0.0,0.0,0.0
2022-09-13 00:00:00+00:00,20260201_193431_8feb5101_StateSignal_XLE,0.0,0.0,1.0,1.0,0.0,0.0,0.0,-0.0
2022-09-14 00:00:00+00:00,20260201_193431_8feb5101_StateSignal_XLE,0.0,0.0,1.0,1.0,0.0,0.0,0.0,-0.0
2022-09-15 00:00:00+00:00,20260201_193431_8feb5101_StateSignal_XLE,0.0,0.0,1.0,1.0,0.0,0.0,0.0,0.0
2022-09-16 00:00:00+00:00,20260201_193431_8feb5101_StateSignal_XLE,0.0,0.0,1.0,1.0,0.0,0.0,0.0,-0.0
2022-09-19 00:00:00+00:00,20260201_193431_8feb5101_StateSignal_XLE,0.0,0.0,1.0,1.0,0.0,0.0,0.0,-0.0
2022-09-20 00:00:00+00:00,20260201_193431_8feb5101_StateSignal_XLE,0.0,0.0,1.0,1.0,0.0,0.0,0.0,0.0
2022-09-21 00:00:00+00:00,20260201_193431_8feb5101_StateSignal_XLE,0.0,0.0,1.0,1.0,0.0,0.0,0.0,0.0
2022-09-22 00:00:00+00:00,20260201_193431_8feb5101_StateSignal_XLE,0.0,0.0,1.0,1.0,0.0,0.0,0.0,-0.0
2022-09-23 00:00:00+00:00,20260201_193431_8feb5101_StateSignal_XLE,0.0,0.0,1.0,1.0,0.0,0.0,0.0,-0.0
2022-09-26 00:00:00+00:00,20260201_193431_8feb5101_StateSignal_XLE,0.0,0.0,1.0,1.0,0.0,0.0,0.0,-0.0
2022-09-27 00:00:00+00:00,20260201_193431_8feb5101_StateSignal_XLE,0.0,0.0,1.0,1.0,0.0,0.0,0.0,-0.0
2022-09-28 00:00:00+00:00,20260201_193431_8feb5101_StateSignal_XLE,0.0,0.0,1.0,1.0,0.0,0.0,0.0,0.0
2022-09-29 00:00:00+00:00,20260201_193431_8feb5101_StateSignal_XLE,0.0,0.0,1.0,1.0,0.0,0.0,0.0,0.0
2022-09-30 00:00:00+00:00,20260201_193431_8feb5101_StateSignal_XLE,0.0,0.0,1.0,1.0,0.0,0.0,0.0,-0.0
2022-10-03 00:00:00+00:00,20260201_193431_8feb5101_StateSignal_XLE,0.0,0.0,1.0,1.0,0.0,0.0,0.0,0.0
2022-10-04 00:00:00+00:00,20260201_193431_8feb5101_StateSignal_XLE,0.0,0.0,1.0,1.0,0.0,0.0,0.0,0.0
2022-10-05 00:00:00+00:00,20260201_193431_8feb5101_StateSignal_XLE,0.0,0.0,1.0,1.0,0.0,0.0,0.0,0.0
2022-10-06 00:00:00+00:00,20260201_193431_8feb5101_StateSignal_XLE,0.0,0.0,1.0,1.0,0.0,0.0,0.0,0.0
2022-10-07 00:00:00+00:00,20260201_193431_8feb5101_StateSignal_XLE,0.0,0.0,1.0,1.0,0.0,0.0,0.0,0.0
2022-10-10 00:00:00+00:00,20260201_193431_8feb5101_StateSignal_XLE,0.0,0.0,1.0,1.0,0.0,0.0,0.0,-0.0
2022-10-11 00:00:00+00:00,20260201_193431_8feb5101_StateSignal_XLE,0.0,0.0,1.0,1.0,0.0,0.0,0.0,-0.0
2022-10-12 00:00:00+00:00,20260201_193431_8feb5101_StateSignal_XLE,0.0,0.0,1.0,1.0,0.0,0.0,0.0,0.0
2022-10-13 00:00:00+00:00,20260201_193431_8feb5101_StateSignal_XLE,0.0,0.0,1.0,1.0,0.0,0.0,0.0,0.0
2022-10-14 00:00:00+00:00,20260201_193431_8feb5101_StateSignal_XLE,0.0,0.0,1.0,1.0,0.0,0.0,0.0,0.0
2022-10-17 00:00:00+00:00,20260201_193431_8feb5101_StateSignal_XLE,0.0,0.0,1.0,1.0,0.0,0.0,0.0,-0.0
2022-10-18 00:00:00+00:00,20260201_193431_8feb5101_StateSignal_XLE,0.0,0.0,1.0,1.0,0.0,0.0,0.0,0.0
2022-10-19 00:00:00+00:00,20260201_193431_8feb5101_StateSignal_XLE,0.0,0.0,1.0,1.0,0.0,0.0,0.0,0.0
2022-10-20 00:00:00+00:00,20260201_193431_8feb5101_StateSignal_XLE,0.0,0.0,1.0,1.0,0.0,0.0,0.0,0.0
2022-10-21 00:00:00+00:00,20260201_193431_8feb5101_StateSignal_XLE,0.0,0.0,1.0,1.0,0.0,0.0,0.0,-0.0
2022-10-24 00:00:00+00:00,20260201_193431_8feb5101_StateSignal_XLE,0.0,0.0,1.0,1.0,0.0,0.0,0.0,0.0
2022-10-25 00:00:00+00:00,20260201_193431_8feb5101_StateSignal_XLE,0.0,0.0,1.0,1.0,0.0,0.0,0.0,0.0
2022-10-26 00:00:00+00:00,20260201_193431_8feb5101_StateSignal_XLE,0.0,0.0,1.0,1.0,0.0,0.0,0.0,0.0
2022-10-27 00:00:00+00:00,20260201_193431_8feb5101_StateSignal_XLE,0.0,0.0,1.0,1.0,0.0,0.0,0.0,0.0
2022-10-28 00:00:00+00:00,20260201_193431_8feb5101_StateSignal_XLE,0.0,0.0,1.0,1.0,0.0,0.0,0.0,0.0
2022-10-31 00:00:00+00:00,20260201_193431_8feb5101_StateSignal_XLE,0.0,0.0,1.0,1.0,0.0,0.0,0.0,-0.0
2022-11-01 00:00:00+00:00,20260201_193431_8feb5101_StateSignal_XLE,0.0,0.0,1.0,1.0,0.0,0.0,0.0,0.0
2022-11-02 00:00:00+00:00,20260201_193431_8feb5101_StateSignal_XLE,0.0,0.0,1.0,1.0,0.0,0.0,0.0,-0.0
2022-11-03 00:00:00+00:00,20260201_193431_8feb5101_StateSignal_XLE,0.0,0.0,1.0,1.0,0.0,0.0,0.0,-0.0
2022-11-04 00:00:00+00:00,20260201_193431_8feb5101_StateSignal_XLE,0.0,0.0,1.0,1.0,0.0,0.0,0.0,0.0
2022-11-07 00:00:00+00:00,20260201_193431_8feb5101_StateSignal_XLE,0.0,0.0,1.0,1.0,0.0,0.0,0.0,-0.0
2022-11-08 00:00:00+00:00,20260201_193431_8feb5101_StateSignal_XLE,0.0,0.0,1.0,1.0,0.0,0.0,0.0,0.0
2022-11-09 00:00:00+00:00,20260201_193431_8feb5101_StateSignal_XLE,0.0,0.0,1.0,1.0,0.0,0.0,0.0,-0.0
2022-11-10 00:00:00+00:00,20260201_193431_8feb5101_StateSignal_XLE,0.0,0.0,1.0,1.0,0.0,0.0,0.0,-0.0
2022-11-11 00:00:00+00:00,20260201_193431_8feb5101_StateSignal_XLE,0.0,0.0,1.0,1.0,0.0,0.0,0.0,0.0
2022-11-14 00:00:00+00:00,20260201_193431_8feb5101_StateSignal_XLE,0.0,0.0,1.0,1.0,0.0,0.0,0.0,0.0
2022-11-15 00:00:00+00:00,20260201_193431_8feb5101_StateSignal_XLE,0.0,0.0,1.0,1.0,0.0,0.0,0.0,0.0
2022-11-16 00:00:00+00:00,20260201_193431_8feb5101_StateSignal_XLE,0.0,0.0,1.0,1.0,0.0,0.0,0.0,-0.0
2022-11-17 00:00:00+00:00,20260201_193431_8feb5101_StateSignal_XLE,0.0,0.0,1.0,1.0,0.0,0.0,0.0,-0.0
2022-11-18 00:00:00+00:00,20260201_193431_8feb5101_StateSignal_XLE,0.0,0.0,1.0,1.0,0.0,0.0,0.0,-0.0
2022-11-21 00:00:00+00:00,20260201_193431_8feb5101_StateSignal_XLE,0.0,0.0,1.0,1.0,0.0,0.0,0.0,-0.0
2022-11-22 00:00:00+00:00,20260201_193431_8feb5101_StateSignal_XLE,0.0,0.0,1.0,1.0,0.0,0.0,0.0,0.0
2022-11-23 00:00:00+00:00,20260201_193431_8feb5101_StateSignal_XLE,0.0,0.0,1.0,1.0,0.0,0.0,0.0,0.0
2022-11-25 00:00:00+00:00,20260201_193431_8feb5101_StateSignal_XLE,0.0,0.0,1.0,1.0,0.0,0.0,0.0,0.0
2022-11-28 00:00:00+00:00,20260201_193431_8feb5101_StateSignal_XLE,0.0,0.0,1.0,1.0,0.0,0.0,0.0,-0.0
2022-11-29 00:00:00+00:00,20260201_193431_8feb5101_StateSignal_XLE,0.0,0.0,1.0,1.0,0.0,0.0,0.0,0.0
2022-11-30 00:00:00+00:00,20260201_193431_8feb5101_StateSignal_XLE,0.0,0.0,1.0,1.0,0.0,0.0,0.0,0.0
2022-12-01 00:00:00+00:00,20260201_193431_8feb5101_StateSignal_XLE,0.0,0.0,1.0,1.0,0.0,0.0,0.0,-0.0
2022-12-02 00:00:00+00:00,20260201_193431_8feb5101_StateSignal_XLE,0.0,0.0,1.0,1.0,0.0,0.0,0.0,-0.0
2022-12-05 00:00:00+00:00,20260201_193431_8feb5101_StateSignal_XLE,0.0,0.0,1.0,1.0,0.0,0.0,0.0,0.0
2022-12-06 00:00:00+00:00,20260201_193431_8feb5101_StateSignal_XLE,0.0,0.0,1.0,1.0,0.0,0.0,0.0,-0.0
2022-12-07 00:00:00+00:00,20260201_193431_8feb5101_StateSignal_XLE,0.0,0.0,1.0,1.0,0.0,0.0,0.0,-0.0
2022-12-08 00:00:00+00:00,20260201_193431_8feb5101_StateSignal_XLE,0.0,0.0,1.0,1.0,0.0,0.0,0.0,0.0
2022-12-09 00:00:00+00:00,20260201_193431_8feb5101_StateSignal_XLE,0.0,0.0,1.0,1.0,0.0,0.0,0.0,-0.0
2022-12-12 00:00:00+00:00,20260201_193431_8feb5101_StateSignal_XLE,0.0,0.0,1.0,1.0,0.0,0.0,0.0,-0.0
2022-12-13 00:00:00+00:00,20260201_193431_8feb5101_StateSignal_XLE,0.0,0.0,1.0,1.0,0.0,0.0,0.0,0.0
2022-12-14 00:00:00+00:00,20260201_193431_8feb5101_StateSignal_XLE,0.0,0.0,1.0,1.0,0.0,0.0,0.0,0.0
2022-12-15 00:00:00+00:00,20260201_193431_8feb5101_StateSignal_XLE,0.0,0.0,1.0,1.0,0.0,0.0,0.0,-0.0
2022-12-16 00:00:00+00:00,20260201_193431_8feb5101_StateSignal_XLE,0.0,0.0,1.0,1.0,0.0,0.0,0.0,-0.0
2022-12-19 00:00:00+00:00,20260201_193431_8feb5101_StateSignal_XLE,0.0,0.0,1.0,1.0,0.0,0.0,0.0,0.0
2022-12-20 00:00:00+00:00,20260201_193431_8feb5101_StateSignal_XLE,0.0,0.0,1.0,1.0,0.0,0.0,0.0,-0.0
2022-12-21 00:00:00+00:00,20260201_193431_8feb5101_StateSignal_XLE,0.0,0.0,1.0,1.0,0.0,0.0,0.0,0.0
2022-12-22 00:00:00+00:00,20260201_193431_8feb5101_StateSignal_XLE,0.0,0.0,1.0,1.0,0.0,0.0,0.0,0.0
2022-12-23 00:00:00+00:00,20260201_193431_8feb5101_StateSignal_XLE,0.0,0.0,1.0,1.0,0.0,0.0,0.0,-0.0
2022-12-27 00:00:00+00:00,20260201_193431_8feb5101_StateSignal_XLE,0.0,0.0,1.0,1.0,0.0,0.0,0.0,0.0
2022-12-28 00:00:00+00:00,20260201_193431_8feb5101_StateSignal_XLE,0.0,0.0,1.0,1.0,0.0,0.0,0.0,0.0
2022-12-29 00:00:00+00:00,20260201_193431_8feb5101_StateSignal_XLE,0.0,0.0,1.0,1.0,0.0,0.0,0.0,-0.0
2022-12-30 00:00:00+00:00,20260201_193431_8feb5101_StateSignal_XLE,0.0,0.0,1.0,1.0,0.0,0.0,0.0,0.0
2023-01-03 00:00:00+00:00,20260201_193431_8feb5101_StateSignal_XLE,0.0,0.0,1.0,1.0,0.0,0.0,0.0,0.0
2023-01-04 00:00:00+00:00,20260201_193431_8feb5101_StateSignal_XLE,0.0,0.0,1.0,1.0,0.0,0.0,0.0,-0.0
2023-01-05 00:00:00+00:00,20260201_193431_8feb5101_StateSignal_XLE,0.0,0.0,1.0,1.0,0.0,0.0,0.0,-0.0
2023-01-06 00:00:00+00:00,20260201_193431_8feb5101_StateSignal_XLE,0.0,0.0,1.0,1.0,0.0,0.0,0.0,0.0
2023-01-09 00:00:00+00:00,20260201_193431_8feb5101_StateSignal_XLE,0.0,0.0,1.0,1.0,0.0,0.0,0.0,0.0
2023-01-10 00:00:00+00:00,20260201_193431_8feb5101_StateSignal_XLE,0.0,0.0,1.0,1.0,0.0,0.0,0.0,-0.0
2023-01-11 00:00:00+00:00,20260201_193431_8feb5101_StateSignal_XLE,0.0,0.0,1.0,1.0,0.0,0.0,0.0,0.0
2023-01-12 00:00:00+00:00,20260201_193431_8feb5101_StateSignal_XLE,0.0,0.0,1.0,1.0,0.0,0.0,0.0,-0.0
2023-01-13 00:00:00+00:00,20260201_193431_8feb5101_StateSignal_XLE,0.0,0.0,1.0,1.0,0.0,0.0,0.0,0.0
2023-01-17 00:00:00+00:00,20260201_193431_8feb5101_StateSignal_XLE,0.0,0.0,1.0,1.0,0.0,0.0,0.0,0.0
2023-01-18 00:00:00+00:00,20260201_193431_8feb5101_StateSignal_XLE,0.0,0.0,1.0,1.0,0.0,0.0,0.0,0.0
2023-01-19 00:00:00+00:00,20260201_193431_8feb5101_StateSignal_XLE,0.0,0.0,1.0,1.0,0.0,0.0,0.0,-0.0
2023-01-20 00:00:00+00:00,20260201_193431_8feb5101_StateSignal_XLE,0.0,0.0,1.0,1.0,0.0,0.0,0.0,0.0
2023-01-23 00:00:00+00:00,20260201_193431_8feb5101_StateSignal_XLE,0.0,0.0,1.0,1.0,0.0,0.0,0.0,0.0
2023-01-24 00:00:00+00:00,20260201_193431_8feb5101_StateSignal_XLE,0.0,0.0,1.0,1.0,0.0,0.0,0.0,-0.0
2023-01-25 00:00:00+00:00,20260201_193431_8feb5101_StateSignal_XLE,0.0,0.0,1.0,1.0,0.0,0.0,0.0,-0.0
2023-01-26 00:00:00+00:00,20260201_193431_8feb5101_StateSignal_XLE,0.0,0.0,1.0,1.0,0.0,0.0,0.0,0.0
2023-01-27 00:00:00+00:00,20260201_193431_8feb5101_StateSignal_XLE,0.0,0.0,1.0,1.0,0.0,0.0,0.0,0.0
2023-01-30 00:00:00+00:00,20260201_193431_8feb5101_StateSignal_XLE,0.0,0.0,1.0,1.0,0.0,0.0,0.0,-0.0
2023-01-31 00:00:00+00:00,20260201_193431_8feb5101_StateSignal_XLE,0.0,0.0,1.0,1.0,0.0,0.0,0.0,-0.0
2023-02-01 00:00:00+00:00,20260201_193431_8feb5101_StateSignal_XLE,0.0,0.0,1.0,1.0,0.0,0.0,0.0,0.0
2023-02-02 00:00:00+00:00,20260201_193431_8feb5101_StateSignal_XLE,0.0,0.0,1.0,1.0,0.0,0.0,0.0,-0.0
2023-02-03 00:00:00+00:00,20260201_193431_8feb5101_StateSignal_XLE,0.0,0.0,1.0,1.0,0.0,0.0,0.0,-0.0
2023-02-06 00:00:00+00:00,20260201_193431_8feb5101_StateSignal_XLE,0.0,0.0,1.0,1.0,0.0,0.0,0.0,-0.0
2023-02-07 00:00:00+00:00,20260201_193431_8feb5101_StateSignal_XLE,0.0,0.0,1.0,1.0,0.0,0.0,0.0,0.0
2023-02-08 00:00:00+00:00,20260201_193431_8feb5101_StateSignal_XLE,0.0,0.0,1.0,1.0,0.0,0.0,0.0,0.0
2023-02-09 00:00:00+00:00,20260201_193431_8feb5101_StateSignal_XLE,0.0,0.0,1.0,1.0,0.0,0.0,0.0,-0.0
2023-02-10 00:00:00+00:00,20260201_193431_8feb5101_StateSignal_XLE,0.0,0.0,1.0,1.0,0.0,0.0,0.0,0.0
2023-02-13 00:00:00+00:00,20260201_193431_8feb5101_StateSignal_XLE,0.0,0.0,1.0,1.0,0.0,0.0,0.0,0.0
2023-02-14 00:00:00+00:00,20260201_193431_8feb5101_StateSignal_XLE,0.0,0.0,1.0,1.0,0.0,0.0,0.0,-0.0
2023-02-15 00:00:00+00:00,20260201_193431_8feb5101_StateSignal_XLE,0.0,0.0,1.0,1.0,0.0,0.0,0.0,-0.0
2023-02-16 00:00:00+00:00,20260201_193431_8feb5101_StateSignal_XLE,0.0,0.0,1.0,1.0,0.0,0.0,0.0,-0.0
2023-02-17 00:00:00+00:00,20260201_193431_8feb5101_StateSignal_XLE,0.0,0.0,1.0,1.0,0.0,0.0,0.0,-0.0
2023-02-21 00:00:00+00:00,20260201_193431_8feb5101_StateSignal_XLE,0.0,0.0,1.0,1.0,0.0,0.0,0.0,-0.0
2023-02-22 00:00:00+00:00,20260201_193431_8feb5101_StateSignal_XLE,0.0,0.0,1.0,1.0,0.0,0.0,0.0,-0.0
2023-02-23 00:00:00+00:00,20260201_193431_8feb5101_StateSignal_XLE,0.0,0.0,1.0,1.0,0.0,0.0,0.0,0.0
2023-02-24 00:00:00+00:00,20260201_193431_8feb5101_StateSignal_XLE,0.0,0.0,1.0,1.0,0.0,0.0,0.0,-0.0
2023-02-27 00:00:00+00:00,20260201_193431_8feb5101_StateSignal_XLE,0.0,0.0,1.0,1.0,0.0,0.0,0.0,0.0
2023-02-28 00:00:00+00:00,20260201_193431_8feb5101_StateSignal_XLE,0.008557033932979685,0.008557033932979685,1.0085570339329797,1.0085570339329797,0.0,0.0,1.0,0.008557033932979685
2023-03-01 00:00:00+00:00,20260201_193431_8feb5101_StateSignal_XLE,-0.02404087562381907,-0.02404087562381907,0.984310439720669,0.984310439720669,0.0,0.0,1.0,-0.02404087562381907
2023-03-02 00:00:00+00:00,20260201_193431_8feb5101_StateSignal_XLE,0.017045122257791867,0.017045122257791867,1.0010881315053286,1.0010881315053286,0.0,0.0,1.0,0.017045122257791867
2023-03-03 00:00:00+00:00,20260201_193431_8feb5101_StateSignal_XLE,0.00025997660357024444,0.00025997660357024444,1.0013483909976317,1.0013483909976317,0.0,0.0,1.0,0.00025997660357024444
2023-03-06 00:00:00+00:00,20260201_193431_8feb5101_StateSignal_XLE,0.01854289544733634,0.01854289544733634,1.0199162895182592,1.0199162895182592,0.0,0.0,1.0,0.01854289544733634
2023-03-07 00:00:00+00:00,20260201_193431_8feb5101_StateSignal_XLE,0.001020148009921229,0.001020148009921229,1.0209567550912975,1.0209567550912975,0.0,0.0,1.0,0.001020148009921229
2023-03-08 00:00:00+00:00,20260201_193431_8feb5101_StateSignal_XLE,-0.015153750877144212,-0.015153750877144212,1.0054854307683063,1.0054854307683063,0.0,0.0,1.0,-0.015153750877144212
2023-03-09 00:00:00+00:00,20260201_193431_8feb5101_StateSignal_XLE,-0.0002588326661272511,-0.0002588326661272511,1.0052251782935084,1.0052251782935084,0.0,0.0,1.0,-0.0002588326661272511
2023-03-10 00:00:00+00:00,20260201_193431_8feb5101_StateSignal_XLE,-0.020926738033252068,-0.020926738033252068,0.9841890943229311,0.9841890943229311,0.0,0.0,1.0,-0.020926738033252068
2023-03-13 00:00:00+00:00,20260201_193431_8feb5101_StateSignal_XLE,-0.038808427020869285,-0.038808427020869285,0.9459942636811642,0.9459942636811642,0.0,0.0,1.0,-0.038808427020869285
2023-03-14 00:00:00+00:00,20260201_193431_8feb5101_StateSignal_XLE,0.006846528181861267,0.006846528181861267,0.9524710400673364,0.9524710400673364,0.0,0.0,1.0,0.006846528181861267
2023-03-15 00:00:00+00:00,20260201_193431_8feb5101_StateSignal_XLE,-0.030763129772994002,-0.030763129772994002,0.9231700498567263,0.9231700498567263,0.0,0.0,1.0,-0.030763129772994002
2023-03-16 00:00:00+00:00,20260201_193431_8feb5101_StateSignal_XLE,-0.038444206381726076,-0.038444206381726076,0.887679509934606,0.887679509934606,0.0,0.0,1.0,-0.038444206381726076
2023-03-17 00:00:00+00:00,20260201_193431_8feb5101_StateSignal_XLE,0.03223300628908543,0.03223300628908543,0.9162920891610205,0.9162920891610205,0.0,0.0,1.0,0.03223300628908543
2023-03-20 00:00:00+00:00,20260201_193431_8feb5101_StateSignal_XLE,-0.013687125562385383,-0.013687125562385383,0.9037506842848532,0.9037506842848532,0.0,0.0,1.0,-0.013687125562385383
2023-03-21 00:00:00+00:00,20260201_193431_8feb5101_StateSignal_XLE,0.0,0.0,0.9037506842848532,0.9037506842848532,0.0,0.0,0.0,0.0
2023-03-22 00:00:00+00:00,20260201_193431_8feb5101_StateSignal_XLE,0.0,0.0,0.9037506842848532,0.9037506842848532,0.0,0.0,0.0,0.0
2023-03-23 00:00:00+00:00,20260201_193431_8feb5101_StateSignal_XLE,0.0,0.0,0.9037506842848532,0.9037506842848532,0.0,0.0,0.0,-0.0
2023-03-24 00:00:00+00:00,20260201_193431_8feb5101_StateSignal_XLE,0.0,0.0,0.9037506842848532,0.9037506842848532,0.0,0.0,0.0,-0.0
2023-03-27 00:00:00+00:00,20260201_193431_8feb5101_StateSignal_XLE,0.0,0.0,0.9037506842848532,0.9037506842848532,0.0,0.0,0.0,0.0
2023-03-28 00:00:00+00:00,20260201_193431_8feb5101_StateSignal_XLE,0.0,0.0,0.9037506842848532,0.9037506842848532,0.0,0.0,0.0,0.0
2023-03-29 00:00:00+00:00,20260201_193431_8feb5101_StateSignal_XLE,0.0,0.0,0.9037506842848532,0.9037506842848532,0.0,0.0,0.0,0.0
2023-03-30 00:00:00+00:00,20260201_193431_8feb5101_StateSignal_XLE,0.0,0.0,0.9037506842848532,0.9037506842848532,0.0,0.0,0.0,0.0
2023-03-31 00:00:00+00:00,20260201_193431_8feb5101_StateSignal_XLE,0.0,0.0,0.9037506842848532,0.9037506842848532,0.0,0.0,0.0,-0.0
2023-04-03 00:00:00+00:00,20260201_193431_8feb5101_StateSignal_XLE,0.0,0.0,0.9037506842848532,0.9037506842848532,0.0,0.0,0.0,0.0
2023-04-04 00:00:00+00:00,20260201_193431_8feb5101_StateSignal_XLE,0.0,0.0,0.9037506842848532,0.9037506842848532,0.0,0.0,0.0,0.0
2023-04-05 00:00:00+00:00,20260201_193431_8feb5101_StateSignal_XLE,0.0,0.0,0.9037506842848532,0.9037506842848532,0.0,0.0,0.0,-0.0
2023-04-06 00:00:00+00:00,20260201_193431_8feb5101_StateSignal_XLE,0.0,0.0,0.9037506842848532,0.9037506842848532,0.0,0.0,0.0,0.0
2023-04-10 00:00:00+00:00,20260201_193431_8feb5101_StateSignal_XLE,0.0,0.0,0.9037506842848532,0.9037506842848532,0.0,0.0,0.0,-0.0
2023-04-11 00:00:00+00:00,20260201_193431_8feb5101_StateSignal_XLE,0.0,0.0,0.9037506842848532,0.9037506842848532,0.0,0.0,0.0,0.0
2023-04-12 00:00:00+00:00,20260201_193431_8feb5101_StateSignal_XLE,0.0,0.0,0.9037506842848532,0.9037506842848532,0.0,0.0,0.0,0.0
2023-04-13 00:00:00+00:00,20260201_193431_8feb5101_StateSignal_XLE,0.0,0.0,0.9037506842848532,0.9037506842848532,0.0,0.0,0.0,-0.0
2023-04-14 00:00:00+00:00,20260201_193431_8feb5101_StateSignal_XLE,0.0,0.0,0.9037506842848532,0.9037506842848532,0.0,0.0,0.0,0.0
2023-04-17 00:00:00+00:00,20260201_193431_8feb5101_StateSignal_XLE,0.0,0.0,0.9037506842848532,0.9037506842848532,0.0,0.0,0.0,-0.0
2023-04-18 00:00:00+00:00,20260201_193431_8feb5101_StateSignal_XLE,0.0,0.0,0.9037506842848532,0.9037506842848532,0.0,0.0,0.0,-0.0
2023-04-19 00:00:00+00:00,20260201_193431_8feb5101_StateSignal_XLE,-0.0005100739717835978,-0.0005100739717835978,0.9032897045838179,0.9032897045838179,0.0,0.0,1.0,-0.0005100739717835978
2023-04-20 00:00:00+00:00,20260201_193431_8feb5101_StateSignal_XLE,-0.007939598628760702,-0.007939598628760702,0.8961179468839305,0.8961179468839305,0.0,0.0,1.0,-0.007939598628760702
2023-04-21 00:00:00+00:00,20260201_193431_8feb5101_StateSignal_XLE,0.006918669494653695,0.006918669494653695,0.902317890786648,0.902317890786648,0.0,0.0,1.0,0.006918669494653695
2023-04-24 00:00:00+00:00,20260201_193431_8feb5101_StateSignal_XLE,-0.011041324135649067,-0.011041324135649067,0.8923551064810774,0.8923551064810774,0.0,0.0,1.0,-0.011041324135649067
2023-04-25 00:00:00+00:00,20260201_193431_8feb5101_StateSignal_XLE,0.0061776258239572,0.0061776258239572,0.897867742431015,0.897867742431015,0.0,0.0,1.0,0.0061776258239572
2023-04-26 00:00:00+00:00,20260201_193431_8feb5101_StateSignal_XLE,-0.011614532420693102,-0.011614532420693102,0.8874394284270555,0.8874394284270555,0.0,0.0,1.0,-0.011614532420693102
2023-04-27 00:00:00+00:00,20260201_193431_8feb5101_StateSignal_XLE,-0.01148837700676042,-0.01148837700676042,0.8772441897026215,0.8772441897026215,0.0,0.0,1.0,-0.01148837700676042
2023-04-28 00:00:00+00:00,20260201_193431_8feb5101_StateSignal_XLE,0.0015743902491087702,0.0015743902491087702,0.8786253144009767,0.8786253144009767,0.0,0.0,1.0,0.0015743902491087702
2023-05-01 00:00:00+00:00,20260201_193431_8feb5101_StateSignal_XLE,0.006012304086588038,0.006012304086588038,0.8839078769693294,0.8839078769693294,0.0,0.0,1.0,0.006012304086588038
2023-05-02 00:00:00+00:00,20260201_193431_8feb5101_StateSignal_XLE,-0.0037741840105655284,-0.0037741840105655284,0.8805718459932589,0.8805718459932589,0.0,0.0,0.400375055641605,-0.0037741840105655284
2023-05-03 00:00:00+00:00,20260201_193431_8feb5101_StateSignal_XLE,-0.018871308971524628,-0.018871308971524628,0.8639543026158942,0.8639543026158942,0.0,0.0,0.400375055641605,-0.018871308971524628
2023-05-04 00:00:00+00:00,20260201_193431_8feb5101_StateSignal_XLE,-0.0017705946187094594,-0.0017705946187094594,0.8624245897768716,0.8624245897768716,0.0,0.0,0.400375055641605,-0.0017705946187094594
2023-05-05 00:00:00+00:00,20260201_193431_8feb5101_StateSignal_XLE,0.005288465076120346,0.005288465076120346,0.866985492100694,0.866985492100694,0.0,0.0,0.400375055641605,0.005288465076120346
2023-05-08 00:00:00+00:00,20260201_193431_8feb5101_StateSignal_XLE,0.00715943045197352,0.00715943045197352,0.873192614434259,0.873192614434259,0.0,0.0,0.400375055641605,0.00715943045197352
2023-05-09 00:00:00+00:00,20260201_193431_8feb5101_StateSignal_XLE,-0.010125592050358258,-0.010125592050358258,0.864351022239112,0.864351022239112,0.0,0.0,0.400375055641605,-0.010125592050358258
2023-05-10 00:00:00+00:00,20260201_193431_8feb5101_StateSignal_XLE,0.005693151132876688,0.005693151132876688,0.8692719032405757,0.8692719032405757,0.0,0.0,0.400375055641605,0.005693151132876688
2023-05-11 00:00:00+00:00,20260201_193431_8feb5101_StateSignal_XLE,-0.01169222369077541,-0.01169222369077541,0.8591081816997809,0.8591081816997809,0.0,0.0,0.400375055641605,-0.01169222369077541
2023-05-12 00:00:00+00:00,20260201_193431_8feb5101_StateSignal_XLE,0.0035658464985860528,0.0035658464985860528,0.8621716296014017,0.8621716296014017,0.0,0.0,0.400375055641605,0.0035658464985860528
2023-05-15 00:00:00+00:00,20260201_193431_8feb5101_StateSignal_XLE,-0.002894826695190363,-0.002894826695190363,0.8596757921521958,0.8596757921521958,0.0,0.0,0.400375055641605,-0.002894826695190363
2023-05-16 00:00:00+00:00,20260201_193431_8feb5101_StateSignal_XLE,0.0004467225630993867,0.0004467225630993867,0.8600598287255005,0.8600598287255005,0.0,0.0,0.400375055641605,0.0004467225630993867
2023-05-17 00:00:00+00:00,20260201_193431_8feb5101_StateSignal_XLE,-0.00415132682520221,-0.00415132682520221,0.8564894392872334,0.8564894392872334,0.0,0.0,0.400375055641605,-0.00415132682520221
2023-05-18 00:00:00+00:00,20260201_193431_8feb5101_StateSignal_XLE,0.0015758386322910906,0.0015758386322910906,0.8578391284338115,0.8578391284338115,0.0,0.0,0.400375055641605,0.0015758386322910906
2023-05-19 00:00:00+00:00,20260201_193431_8feb5101_StateSignal_XLE,0.008777826090189145,0.008777826090189145,0.8653690911165629,0.8653690911165629,0.0,0.0,0.400375055641605,0.008777826090189145
2023-05-22 00:00:00+00:00,20260201_193431_8feb5101_StateSignal_XLE,-0.0019831496246659765,-0.0019831496246659765,0.8636529347283176,0.8636529347283176,0.0,0.0,0.400375055641605,-0.0019831496246659765
2023-05-23 00:00:00+00:00,20260201_193431_8feb5101_StateSignal_XLE,0.0028614061997924347,0.0028614061997924347,0.8661241965902182,0.8661241965902182,0.0,0.0,0.400375055641605,0.0028614061997924347
2023-05-24 00:00:00+00:00,20260201_193431_8feb5101_StateSignal_XLE,0.0013137831497736134,0.0013137831497736134,0.8672620959653097,0.8672620959653097,0.0,0.0,0.400375055641605,0.0013137831497736134
2023-05-25 00:00:00+00:00,20260201_193431_8feb5101_StateSignal_XLE,-0.005391967634358093,-0.005391967634358093,0.8625858468133591,0.8625858468133591,0.0,0.0,0.400375055641605,-0.005391967634358093
2023-05-26 00:00:00+00:00,20260201_193431_8feb5101_StateSignal_XLE,0.0026500376216154206,0.0026500376216154206,0.8648717317592876,0.8648717317592876,0.0,0.0,0.400375055641605,0.0026500376216154206
2023-05-30 00:00:00+00:00,20260201_193431_8feb5101_StateSignal_XLE,-0.011385839936291059,-0.011385839936291059,0.8550244406560534,0.8550244406560534,0.0,0.0,0.400375055641605,-0.011385839936291059
2023-05-31 00:00:00+00:00,20260201_193431_8feb5101_StateSignal_XLE,-0.0034113389189817317,-0.0034113389189817317,0.8521076625049628,0.8521076625049628,0.0,0.0,0.400375055641605,-0.0034113389189817317
2023-06-01 00:00:00+00:00,20260201_193431_8feb5101_StateSignal_XLE,-0.0001503874130441635,-0.0001503874130441635,0.8519795162379636,0.8519795162379636,0.0,0.0,0.26355393420881795,-0.0001503874130441635
2023-06-02 00:00:00+00:00,20260201_193431_8feb5101_StateSignal_XLE,0.007708538565646294,0.007708538565646294,0.8585470331960247,0.8585470331960247,0.0,0.0,0.26355393420881795,0.007708538565646294
2023-06-05 00:00:00+00:00,20260201_193431_8feb5101_StateSignal_XLE,0.006778504915991376,0.006778504915991376,0.8643666984811538,0.8643666984811538,0.0,0.0,0.26355393420881795,0.006778504915991376
2023-06-06 00:00:00+00:00,20260201_193431_8feb5101_StateSignal_XLE,-0.009273882444620893,-0.009273882444620893,0.8563506633303944,0.8563506633303944,0.0,0.0,0.26355393420881795,-0.009273882444620893
2023-06-07 00:00:00+00:00,20260201_193431_8feb5101_StateSignal_XLE,0.007201176414697287,0.007201176414697287,0.8625173955298797,0.8625173955298797,0.0,0.0,0.26355393420881795,0.007201176414697287
2023-06-08 00:00:00+00:00,20260201_193431_8feb5101_StateSignal_XLE,0.005678731605688422,0.005678731605688422,0.8674154003243312,0.8674154003243312,0.0,0.0,0.26355393420881795,0.005678731605688422
2023-06-09 00:00:00+00:00,20260201_193431_8feb5101_StateSignal_XLE,-0.0009849864852301226,-0.0009849864852301226,0.8665610078779312,0.8665610078779312,0.0,0.0,0.26355393420881795,-0.0009849864852301226
2023-06-12 00:00:00+00:00,20260201_193431_8feb5101_StateSignal_XLE,-0.005628207068928002,-0.005628207068928002,0.8616838230877353,0.8616838230877353,0.0,0.0,0.26355393420881795,-0.005628207068928002
2023-06-13 00:00:00+00:00,20260201_193431_8feb5101_StateSignal_XLE,0.0037891222340881185,0.0037891222340881185,0.8649488484205512,0.8649488484205512,0.0,0.0,0.26355393420881795,0.0037891222340881185
2023-06-14 00:00:00+00:00,20260201_193431_8feb5101_StateSignal_XLE,0.001345207688721056,0.001345207688721056,0.8661123842617969,0.8661123842617969,0.0,0.0,0.26355393420881795,0.001345207688721056
2023-06-15 00:00:00+00:00,20260201_193431_8feb5101_StateSignal_XLE,-0.005566740084137598,-0.005566740084137598,0.8612909617349588,0.8612909617349588,0.0,0.0,0.26355393420881795,-0.005566740084137598
2023-06-16 00:00:00+00:00,20260201_193431_8feb5101_StateSignal_XLE,0.003937453753836777,0.003937453753836777,0.8646822550653878,0.8646822550653878,0.0,0.0,0.26355393420881795,0.003937453753836777
2023-06-20 00:00:00+00:00,20260201_193431_8feb5101_StateSignal_XLE,-0.0013535709573887188,-0.0013535709573887188,0.8635118462775618,0.8635118462775618,0.0,0.0,0.26355393420881795,-0.0013535709573887188
2023-06-21 00:00:00+00:00,20260201_193431_8feb5101_StateSignal_XLE,-0.005995866796805416,-0.005995866796805416,0.858334344269818,0.858334344269818,0.0,0.0,0.26355393420881795,-0.005995866796805416
2023-06-22 00:00:00+00:00,20260201_193431_8feb5101_StateSignal_XLE,-0.0001461752307071648,-0.0001461752307071648,0.8582088770490205,0.8582088770490205,0.0,0.0,0.26355393420881795,-0.0001461752307071648
2023-06-23 00:00:00+00:00,20260201_193431_8feb5101_StateSignal_XLE,-0.004274738059140895,-0.004274738059140895,0.8545402588996065,0.8545402588996065,0.0,0.0,0.26355393420881795,-0.004274738059140895
2023-06-26 00:00:00+00:00,20260201_193431_8feb5101_StateSignal_XLE,0.0012601393382566633,0.0012601393382566633,0.85561709869597,0.85561709869597,0.0,0.0,0.26355393420881795,0.0012601393382566633
2023-06-27 00:00:00+00:00,20260201_193431_8feb5101_StateSignal_XLE,0.004327266297708737,0.004327266297708737,0.8593195817309004,0.8593195817309004,0.0,0.0,0.26355393420881795,0.004327266297708737
2023-06-28 00:00:00+00:00,20260201_193431_8feb5101_StateSignal_XLE,0.0010889174044726294,0.0010889174044726294,0.8602553097794513,0.8602553097794513,0.0,0.0,0.26355393420881795,0.0010889174044726294
2023-06-29 00:00:00+00:00,20260201_193431_8feb5101_StateSignal_XLE,0.0032400154094940027,0.0032400154094940027,0.8630425502392358,0.8630425502392358,0.0,0.0,0.26355393420881795,0.0032400154094940027
2023-06-30 00:00:00+00:00,20260201_193431_8feb5101_StateSignal_XLE,0.002421864005187404,0.002421864005187404,0.8651327219266054,0.8651327219266054,0.0,0.0,0.26355393420881795,0.002421864005187404
2023-07-03 00:00:00+00:00,20260201_193431_8feb5101_StateSignal_XLE,0.0,0.0,0.8651327219266054,0.8651327219266054,0.0,0.0,0.0,0.0
2023-07-05 00:00:00+00:00,20260201_193431_8feb5101_StateSignal_XLE,0.0,0.0,0.8651327219266054,0.8651327219266054,0.0,0.0,0.0,0.0
2023-07-06 00:00:00+00:00,20260201_193431_8feb5101_StateSignal_XLE,0.0,0.0,0.8651327219266054,0.8651327219266054,0.0,0.0,0.0,-0.0
2023-07-07 00:00:00+00:00,20260201_193431_8feb5101_StateSignal_XLE,0.0,0.0,0.8651327219266054,0.8651327219266054,0.0,0.0,0.0,-0.0
2023-07-10 00:00:00+00:00,20260201_193431_8feb5101_StateSignal_XLE,0.0,0.0,0.8651327219266054,0.8651327219266054,0.0,0.0,0.0,0.0
2023-07-11 00:00:00+00:00,20260201_193431_8feb5101_StateSignal_XLE,0.0,0.0,0.8651327219266054,0.8651327219266054,0.0,0.0,0.0,0.0
2023-07-12 00:00:00+00:00,20260201_193431_8feb5101_StateSignal_XLE,0.0,0.0,0.8651327219266054,0.8651327219266054,0.0,0.0,0.0,0.0
2023-07-13 00:00:00+00:00,20260201_193431_8feb5101_StateSignal_XLE,0.0,0.0,0.8651327219266054,0.8651327219266054,0.0,0.0,0.0,0.0
2023-07-14 00:00:00+00:00,20260201_193431_8feb5101_StateSignal_XLE,0.0,0.0,0.8651327219266054,0.8651327219266054,0.0,0.0,0.0,-0.0
2023-07-17 00:00:00+00:00,20260201_193431_8feb5101_StateSignal_XLE,0.0,0.0,0.8651327219266054,0.8651327219266054,0.0,0.0,0.0,-0.0
2023-07-18 00:00:00+00:00,20260201_193431_8feb5101_StateSignal_XLE,0.0,0.0,0.8651327219266054,0.8651327219266054,0.0,0.0,0.0,-0.0
2023-07-19 00:00:00+00:00,20260201_193431_8feb5101_StateSignal_XLE,0.0,0.0,0.8651327219266054,0.8651327219266054,0.0,0.0,0.0,0.0
2023-07-20 00:00:00+00:00,20260201_193431_8feb5101_StateSignal_XLE,0.0,0.0,0.8651327219266054,0.8651327219266054,0.0,0.0,0.0,0.0
2023-07-21 00:00:00+00:00,20260201_193431_8feb5101_StateSignal_XLE,0.0,0.0,0.8651327219266054,0.8651327219266054,0.0,0.0,0.0,0.0
2023-07-24 00:00:00+00:00,20260201_193431_8feb5101_StateSignal_XLE,0.0,0.0,0.8651327219266054,0.8651327219266054,0.0,0.0,0.0,0.0
2023-07-25 00:00:00+00:00,20260201_193431_8feb5101_StateSignal_XLE,0.0,0.0,0.8651327219266054,0.8651327219266054,0.0,0.0,0.0,0.0
2023-07-26 00:00:00+00:00,20260201_193431_8feb5101_StateSignal_XLE,0.0,0.0,0.8651327219266054,0.8651327219266054,0.0,0.0,0.0,-0.0
2023-07-27 00:00:00+00:00,20260201_193431_8feb5101_StateSignal_XLE,0.0,0.0,0.8651327219266054,0.8651327219266054,0.0,0.0,0.0,0.0
2023-07-28 00:00:00+00:00,20260201_193431_8feb5101_StateSignal_XLE,0.0,0.0,0.8651327219266054,0.8651327219266054,0.0,0.0,0.0,-0.0
2023-07-31 00:00:00+00:00,20260201_193431_8feb5101_StateSignal_XLE,0.0,0.0,0.8651327219266054,0.8651327219266054,0.0,0.0,0.0,0.0
2023-08-01 00:00:00+00:00,20260201_193431_8feb5101_StateSignal_XLE,0.0,0.0,0.8651327219266054,0.8651327219266054,0.0,0.0,0.0,0.0
2023-08-02 00:00:00+00:00,20260201_193431_8feb5101_StateSignal_XLE,-0.0024363584309238366,-0.0024363584309238366,0.8630249485256715,0.8630249485256715,0.0,0.0,0.3246838434029763,-0.0024363584309238366
2023-08-03 00:00:00+00:00,20260201_193431_8feb5101_StateSignal_XLE,-0.0011432541509337332,-0.0011432541509337332,0.8620382916709101,0.8620382916709101,0.0,0.0,0.3246838434029763,-0.0011432541509337332
2023-08-04 00:00:00+00:00,20260201_193431_8feb5101_StateSignal_XLE,0.0032558191435013003,0.0032558191435013003,0.8648449324433634,0.8648449324433634,0.0,0.0,0.3246838434029763,0.0032558191435013003
2023-08-07 00:00:00+00:00,20260201_193431_8feb5101_StateSignal_XLE,0.0009704132057785026,0.0009704132057785026,0.865684189386757,0.865684189386757,0.0,0.0,0.3246838434029763,0.0009704132057785026
2023-08-08 00:00:00+00:00,20260201_193431_8feb5101_StateSignal_XLE,-0.00611321893621908,-0.00611321893621908,0.8603920724074123,0.8603920724074123,0.0,0.0,0.3246838434029763,-0.00611321893621908
2023-08-09 00:00:00+00:00,20260201_193431_8feb5101_StateSignal_XLE,0.009407083033624463,0.009407083033624463,0.868485852074021,0.868485852074021,0.0,0.0,0.3246838434029763,0.009407083033624463
2023-08-10 00:00:00+00:00,20260201_193431_8feb5101_StateSignal_XLE,0.002230417901444462,0.002230417901444462,0.8704229384656381,0.8704229384656381,0.0,0.0,0.3246838434029763,0.002230417901444462
2023-08-11 00:00:00+00:00,20260201_193431_8feb5101_StateSignal_XLE,-0.0010336460215793492,-0.0010336460215793492,0.8695232292582017,0.8695232292582017,0.0,0.0,0.3246838434029763,-0.0010336460215793492
2023-08-14 00:00:00+00:00,20260201_193431_8feb5101_StateSignal_XLE,0.0045864530095845275,0.0045864530095845275,0.8735112566899366,0.8735112566899366,0.0,0.0,0.3246838434029763,0.0045864530095845275
2023-08-15 00:00:00+00:00,20260201_193431_8feb5101_StateSignal_XLE,-0.002918348860563725,-0.002918348860563725,0.8709620461092858,0.8709620461092858,0.0,0.0,0.3246838434029763,-0.002918348860563725
2023-08-16 00:00:00+00:00,20260201_193431_8feb5101_StateSignal_XLE,-0.0040660754877552985,-0.0040660754877552985,0.8674206486828357,0.8674206486828357,0.0,0.0,0.3246838434029763,-0.0040660754877552985
2023-08-17 00:00:00+00:00,20260201_193431_8feb5101_StateSignal_XLE,0.0012011994588693826,0.0012011994588693826,0.8684625938966457,0.8684625938966457,0.0,0.0,0.3246838434029763,0.0012011994588693826
2023-08-18 00:00:00+00:00,20260201_193431_8feb5101_StateSignal_XLE,-0.0034553983511865674,-0.0034553983511865674,0.865461709681628,0.865461709681628,0.0,0.0,0.3246838434029763,-0.0034553983511865674
2023-08-21 00:00:00+00:00,20260201_193431_8feb5101_StateSignal_XLE,0.007269643019636153,0.007269643019636153,0.8717533073581775,0.8717533073581775,0.0,0.0,0.3246838434029763,0.007269643019636153
2023-08-22 00:00:00+00:00,20260201_193431_8feb5101_StateSignal_XLE,-0.002856474524369397,-0.002856474524369397,0.869263166244174,0.869263166244174,0.0,0.0,0.3246838434029763,-0.002856474524369397
2023-08-23 00:00:00+00:00,20260201_193431_8feb5101_StateSignal_XLE,-0.00652045994853653,-0.00652045994853653,0.8635951705839408,0.8635951705839408,0.0,0.0,0.3246838434029763,-0.00652045994853653
2023-08-24 00:00:00+00:00,20260201_193431_8feb5101_StateSignal_XLE,0.0018648392876268354,0.0018648392876268354,0.8652056367866505,0.8652056367866505,0.0,0.0,0.3246838434029763,0.0018648392876268354
2023-08-25 00:00:00+00:00,20260201_193431_8feb5101_StateSignal_XLE,0.0008074708051418663,0.0008074708051418663,0.8659042650787998,0.8659042650787998,0.0,0.0,0.3246838434029763,0.0008074708051418663
2023-08-28 00:00:00+00:00,20260201_193431_8feb5101_StateSignal_XLE,0.0009663216757924419,0.0009663216757924419,0.8667410071393066,0.8667410071393066,0.0,0.0,0.3246838434029763,0.0009663216757924419
2023-08-29 00:00:00+00:00,20260201_193431_8feb5101_StateSignal_XLE,0.002881828179975386,0.002881828179975386,0.8692388057984208,0.8692388057984208,0.0,0.0,0.3246838434029763,0.002881828179975386
2023-08-30 00:00:00+00:00,20260201_193431_8feb5101_StateSignal_XLE,0.0011932532482505163,0.0011932532482505163,0.8702760278269452,0.8702760278269452,0.0,0.0,0.3246838434029763,0.0011932532482505163
2023-08-31 00:00:00+00:00,20260201_193431_8feb5101_StateSignal_XLE,0.004879248518767643,0.004879248518767643,0.8745223208466388,0.8745223208466388,0.0,0.0,1.0,0.004879248518767643
2023-09-01 00:00:00+00:00,20260201_193431_8feb5101_StateSignal_XLE,0.007999073072119778,0.007999073072119778,0.8815176887942908,0.8815176887942908,0.0,0.0,1.0,0.007999073072119778
2023-09-05 00:00:00+00:00,20260201_193431_8feb5101_StateSignal_XLE,0.009610838033049518,0.009610838033049518,0.8899898125245609,0.8899898125245609,0.0,0.0,1.0,0.009610838033049518
2023-09-06 00:00:00+00:00,20260201_193431_8feb5101_StateSignal_XLE,0.002865331473286048,0.002865331473286048,0.8925399283452915,0.8925399283452915,0.0,0.0,1.0,0.002865331473286048
2023-09-07 00:00:00+00:00,20260201_193431_8feb5101_StateSignal_XLE,-0.00023846429110241374,-0.00023846429110241374,0.8923270894439981,0.8923270894439981,0.0,0.0,1.0,-0.00023846429110241374
2023-09-08 00:00:00+00:00,20260201_193431_8feb5101_StateSignal_XLE,0.006892481237503301,0.006892481237503301,0.8984774371657067,0.8984774371657067,0.0,0.0,1.0,0.006892481237503301
2023-09-11 00:00:00+00:00,20260201_193431_8feb5101_StateSignal_XLE,0.010836384013377831,0.010836384013377831,0.9082136837021899,0.9082136837021899,0.0,0.0,1.0,0.010836384013377831
2023-09-12 00:00:00+00:00,20260201_193431_8feb5101_StateSignal_XLE,-0.010126072630369798,-0.010126072630369798,0.8990170459771258,0.8990170459771258,0.0,0.0,1.0,-0.010126072630369798
2023-09-13 00:00:00+00:00,20260201_193431_8feb5101_StateSignal_XLE,0.015267472130788384,0.015267472130788384,0.9127427636716853,0.9127427636716853,0.0,0.0,1.0,0.015267472130788384
2023-09-14 00:00:00+00:00,20260201_193431_8feb5101_StateSignal_XLE,0.0002330730694621863,0.0002330730694621863,0.9129554994292436,0.9129554994292436,0.0,0.0,1.0,0.0002330730694621863
2023-09-15 00:00:00+00:00,20260201_193431_8feb5101_StateSignal_XLE,-0.0051401982335628205,-0.0051401982335628205,0.9082627271837559,0.9082627271837559,0.0,0.0,1.0,-0.0051401982335628205
2023-09-18 00:00:00+00:00,20260201_193431_8feb5101_StateSignal_XLE,0.0023397296588552052,0.0023397296588552052,0.9103878164245804,0.9103878164245804,0.0,0.0,1.0,0.0023397296588552052
2023-09-19 00:00:00+00:00,20260201_193431_8feb5101_StateSignal_XLE,0.0067544218594619565,0.0067544218594619565,0.9165369597924264,0.9165369597924264,0.0,0.0,1.0,0.0067544218594619565
2023-09-20 00:00:00+00:00,20260201_193431_8feb5101_StateSignal_XLE,-0.021586948055080768,-0.021586948055080768,0.8967517240508257,0.8967517240508257,0.0,0.0,1.0,-0.021586948055080768
2023-09-21 00:00:00+00:00,20260201_193431_8feb5101_StateSignal_XLE,0.0007113219031404938,0.0007113219031404938,0.8973896031938221,0.8973896031938221,0.0,0.0,1.0,0.0007113219031404938
2023-09-22 00:00:00+00:00,20260201_193431_8feb5101_StateSignal_XLE,-0.012161828691136023,-0.012161828691136023,0.8864757045705723,0.8864757045705723,0.0,0.0,1.0,-0.012161828691136023
2023-09-25 00:00:00+00:00,20260201_193431_8feb5101_StateSignal_XLE,-0.006016141355800642,-0.006016141355800642,0.8811425414233928,0.8811425414233928,0.0,0.0,1.0,-0.006016141355800642
2023-09-26 00:00:00+00:00,20260201_193431_8feb5101_StateSignal_XLE,0.004094911177907168,0.004094911177907168,0.884750741865597,0.884750741865597,0.0,0.0,1.0,0.004094911177907168
2023-09-27 00:00:00+00:00,20260201_193431_8feb5101_StateSignal_XLE,0.01384600778341083,0.01384600778341083,0.8970010075238466,0.8970010075238466,0.0,0.0,1.0,0.01384600778341083
2023-09-28 00:00:00+00:00,20260201_193431_8feb5101_StateSignal_XLE,0.010612055726490155,0.010612055726490155,0.9065200322024075,0.9065200322024075,0.0,0.0,1.0,0.010612055726490155
2023-09-29 00:00:00+00:00,20260201_193431_8feb5101_StateSignal_XLE,0.0032786914616984575,0.0032786914616984575,0.9094922316918481,0.9094922316918481,0.0,0.0,1.0,0.0032786914616984575
2023-10-02 00:00:00+00:00,20260201_193431_8feb5101_StateSignal_XLE,-0.019120138710720713,-0.019120138710720713,0.892102614065577,0.892102614065577,0.0,0.0,1.0,-0.019120138710720713
2023-10-03 00:00:00+00:00,20260201_193431_8feb5101_StateSignal_XLE,-0.023388649011850227,-0.023388649011850227,0.8712375391426431,0.8712375391426431,0.0,0.0,1.0,-0.023388649011850227
2023-10-04 00:00:00+00:00,20260201_193431_8feb5101_StateSignal_XLE,-0.012520109537036195,-0.012520109537036195,0.8603295497197994,0.8603295497197994,0.0,0.0,1.0,-0.012520109537036195
2023-10-05 00:00:00+00:00,20260201_193431_8feb5101_StateSignal_XLE,-0.02958350610399485,-0.02958350610399485,0.8348779852342165,0.8348779852342165,0.0,0.0,1.0,-0.02958350610399485
2023-10-06 00:00:00+00:00,20260201_193431_8feb5101_StateSignal_XLE,0.009118604216434623,0.009118604216434623,0.8424909071505817,0.8424909071505817,0.0,0.0,1.0,0.009118604216434623
2023-10-09 00:00:00+00:00,20260201_193431_8feb5101_StateSignal_XLE,0.032008687207428554,0.032008687207428554,0.8694579350726674,0.8694579350726674,0.0,0.0,1.0,0.032008687207428554
2023-10-10 00:00:00+00:00,20260201_193431_8feb5101_StateSignal_XLE,0.0038995906107084366,0.0038995906107084366,0.8728484650726828,0.8728484650726828,0.0,0.0,1.0,0.0038995906107084366
2023-10-11 00:00:00+00:00,20260201_193431_8feb5101_StateSignal_XLE,-0.011498597639560515,-0.011498597639560515,0.862811931772504,0.862811931772504,0.0,0.0,1.0,-0.011498597639560515
2023-10-12 00:00:00+00:00,20260201_193431_8feb5101_StateSignal_XLE,0.01028160832056102,0.01028160832056102,0.8716830261092955,0.8716830261092955,0.0,0.0,1.0,0.01028160832056102
2023-10-13 00:00:00+00:00,20260201_193431_8feb5101_StateSignal_XLE,0.006796142662834903,0.006796142662834903,0.8776071083115059,0.8776071083115059,0.0,0.0,1.0,0.006796142662834903
2023-10-16 00:00:00+00:00,20260201_193431_8feb5101_StateSignal_XLE,0.005066967047834936,0.005066967047834936,0.882053914610266,0.882053914610266,0.0,0.0,1.0,0.005066967047834936
2023-10-17 00:00:00+00:00,20260201_193431_8feb5101_StateSignal_XLE,0.006955298455210368,0.006955298455210368,0.8881888628399671,0.8881888628399671,0.0,0.0,1.0,0.006955298455210368
2023-10-18 00:00:00+00:00,20260201_193431_8feb5101_StateSignal_XLE,0.015415934370052842,0.015415934370052842,0.9018811240577199,0.9018811240577199,0.0,0.0,1.0,0.015415934370052842
2023-10-19 00:00:00+00:00,20260201_193431_8feb5101_StateSignal_XLE,0.0007057993470267476,0.0007057993470267476,0.9025176711661757,0.9025176711661757,0.0,0.0,1.0,0.0007057993470267476
2023-10-20 00:00:00+00:00,20260201_193431_8feb5101_StateSignal_XLE,-0.0004704775433759245,-0.0004704775433759245,0.902093056869392,0.902093056869392,0.0,0.0,1.0,-0.0004704775433759245
2023-10-23 00:00:00+00:00,20260201_193431_8feb5101_StateSignal_XLE,-0.02212532266582512,-0.02212532266582512,0.8821339569115562,0.8821339569115562,0.0,0.0,1.0,-0.02212532266582512
2023-10-24 00:00:00+00:00,20260201_193431_8feb5101_StateSignal_XLE,-0.006032109013108133,-0.006032109013108133,0.8768128287193012,0.8768128287193012,0.0,0.0,1.0,-0.006032109013108133
2023-10-25 00:00:00+00:00,20260201_193431_8feb5101_StateSignal_XLE,-0.018564284968510147,-0.018564284968510147,0.8605354255029106,0.8605354255029106,0.0,0.0,1.0,-0.018564284968510147
2023-10-26 00:00:00+00:00,20260201_193431_8feb5101_StateSignal_XLE,-0.010159918890157105,-0.010159918890157105,0.8517924553776942,0.8517924553776942,0.0,0.0,1.0,-0.010159918890157105
2023-10-27 00:00:00+00:00,20260201_193431_8feb5101_StateSignal_XLE,0.00024903499070294544,0.00024903499070294544,0.8520045815039,0.8520045815039,0.0,0.0,1.0,0.00024903499070294544
2023-10-30 00:00:00+00:00,20260201_193431_8feb5101_StateSignal_XLE,-0.01758397478900431,-0.01758397478900431,0.8370229544226193,0.8370229544226193,0.0,0.0,1.0,-0.01758397478900431
2023-10-31 00:00:00+00:00,20260201_193431_8feb5101_StateSignal_XLE,0.0,0.0,0.8370229544226193,0.8370229544226193,0.0,0.0,0.0,0.0
2023-11-01 00:00:00+00:00,20260201_193431_8feb5101_StateSignal_XLE,0.0,0.0,0.8370229544226193,0.8370229544226193,0.0,0.0,0.0,0.0
2023-11-02 00:00:00+00:00,20260201_193431_8feb5101_StateSignal_XLE,0.0,0.0,0.8370229544226193,0.8370229544226193,0.0,0.0,0.0,-0.0
2023-11-03 00:00:00+00:00,20260201_193431_8feb5101_StateSignal_XLE,0.0,0.0,0.8370229544226193,0.8370229544226193,0.0,0.0,0.0,0.0
2023-11-06 00:00:00+00:00,20260201_193431_8feb5101_StateSignal_XLE,0.0,0.0,0.8370229544226193,0.8370229544226193,0.0,0.0,0.0,0.0
2023-11-07 00:00:00+00:00,20260201_193431_8feb5101_StateSignal_XLE,0.0,0.0,0.8370229544226193,0.8370229544226193,0.0,0.0,0.0,-0.0
2023-11-08 00:00:00+00:00,20260201_193431_8feb5101_StateSignal_XLE,0.0,0.0,0.8370229544226193,0.8370229544226193,0.0,0.0,0.0,-0.0
2023-11-09 00:00:00+00:00,20260201_193431_8feb5101_StateSignal_XLE,0.0,0.0,0.8370229544226193,0.8370229544226193,0.0,0.0,0.0,-0.0
2023-11-10 00:00:00+00:00,20260201_193431_8feb5101_StateSignal_XLE,0.0,0.0,0.8370229544226193,0.8370229544226193,0.0,0.0,0.0,0.0
2023-11-13 00:00:00+00:00,20260201_193431_8feb5101_StateSignal_XLE,0.0,0.0,0.8370229544226193,0.8370229544226193,0.0,0.0,0.0,0.0
2023-11-14 00:00:00+00:00,20260201_193431_8feb5101_StateSignal_XLE,0.0,0.0,0.8370229544226193,0.8370229544226193,0.0,0.0,0.0,0.0
2023-11-15 00:00:00+00:00,20260201_193431_8feb5101_StateSignal_XLE,0.0,0.0,0.8370229544226193,0.8370229544226193,0.0,0.0,0.0,0.0
2023-11-16 00:00:00+00:00,20260201_193431_8feb5101_StateSignal_XLE,0.0,0.0,0.8370229544226193,0.8370229544226193,0.0,0.0,0.0,-0.0
2023-11-17 00:00:00+00:00,20260201_193431_8feb5101_StateSignal_XLE,0.0,0.0,0.8370229544226193,0.8370229544226193,0.0,0.0,0.0,-0.0
2023-11-20 00:00:00+00:00,20260201_193431_8feb5101_StateSignal_XLE,0.0,0.0,0.8370229544226193,0.8370229544226193,0.0,0.0,0.0,0.0
2023-11-21 00:00:00+00:00,20260201_193431_8feb5101_StateSignal_XLE,0.0,0.0,0.8370229544226193,0.8370229544226193,0.0,0.0,0.0,-0.0
2023-11-22 00:00:00+00:00,20260201_193431_8feb5101_StateSignal_XLE,0.0,0.0,0.8370229544226193,0.8370229544226193,0.0,0.0,0.0,-0.0
2023-11-24 00:00:00+00:00,20260201_193431_8feb5101_StateSignal_XLE,0.0,0.0,0.8370229544226193,0.8370229544226193,0.0,0.0,0.0,0.0
2023-11-27 00:00:00+00:00,20260201_193431_8feb5101_StateSignal_XLE,0.0,0.0,0.8370229544226193,0.8370229544226193,0.0,0.0,0.0,0.0
2023-11-28 00:00:00+00:00,20260201_193431_8feb5101_StateSignal_XLE,0.0,0.0,0.8370229544226193,0.8370229544226193,0.0,0.0,0.0,0.0
2023-11-29 00:00:00+00:00,20260201_193431_8feb5101_StateSignal_XLE,0.0,0.0,0.8370229544226193,0.8370229544226193,0.0,0.0,0.0,0.0
2023-11-30 00:00:00+00:00,20260201_193431_8feb5101_StateSignal_XLE,0.0,0.0,0.8370229544226193,0.8370229544226193,0.0,0.0,0.0,-0.0
2023-12-01 00:00:00+00:00,20260201_193431_8feb5101_StateSignal_XLE,0.0,0.0,0.8370229544226193,0.8370229544226193,0.0,0.0,0.0,-0.0
2023-12-04 00:00:00+00:00,20260201_193431_8feb5101_StateSignal_XLE,0.0,0.0,0.8370229544226193,0.8370229544226193,0.0,0.0,0.0,-0.0
2023-12-05 00:00:00+00:00,20260201_193431_8feb5101_StateSignal_XLE,0.0,0.0,0.8370229544226193,0.8370229544226193,0.0,0.0,0.0,0.0
2023-12-06 00:00:00+00:00,20260201_193431_8feb5101_StateSignal_XLE,0.0,0.0,0.8370229544226193,0.8370229544226193,0.0,0.0,0.0,-0.0
2023-12-07 00:00:00+00:00,20260201_193431_8feb5101_StateSignal_XLE,0.0,0.0,0.8370229544226193,0.8370229544226193,0.0,0.0,0.0,-0.0
2023-12-08 00:00:00+00:00,20260201_193431_8feb5101_StateSignal_XLE,0.0,0.0,0.8370229544226193,0.8370229544226193,0.0,0.0,0.0,-0.0
2023-12-11 00:00:00+00:00,20260201_193431_8feb5101_StateSignal_XLE,0.0,0.0,0.8370229544226193,0.8370229544226193,0.0,0.0,0.0,0.0
2023-12-12 00:00:00+00:00,20260201_193431_8feb5101_StateSignal_XLE,0.0,0.0,0.8370229544226193,0.8370229544226193,0.0,0.0,0.0,-0.0
2023-12-13 00:00:00+00:00,20260201_193431_8feb5101_StateSignal_XLE,0.0,0.0,0.8370229544226193,0.8370229544226193,0.0,0.0,0.0,-0.0
2023-12-14 00:00:00+00:00,20260201_193431_8feb5101_StateSignal_XLE,0.0,0.0,0.8370229544226193,0.8370229544226193,0.0,0.0,0.0,0.0
2023-12-15 00:00:00+00:00,20260201_193431_8feb5101_StateSignal_XLE,0.0,0.0,0.8370229544226193,0.8370229544226193,0.0,0.0,0.0,0.0
2023-12-18 00:00:00+00:00,20260201_193431_8feb5101_StateSignal_XLE,0.0,0.0,0.8370229544226193,0.8370229544226193,0.0,0.0,0.0,0.0
2023-12-19 00:00:00+00:00,20260201_193431_8feb5101_StateSignal_XLE,0.0,0.0,0.8370229544226193,0.8370229544226193,0.0,0.0,0.0,-0.0
2023-12-20 00:00:00+00:00,20260201_193431_8feb5101_StateSignal_XLE,0.0,0.0,0.8370229544226193,0.8370229544226193,0.0,0.0,0.0,0.0
2023-12-21 00:00:00+00:00,20260201_193431_8feb5101_StateSignal_XLE,0.0,0.0,0.8370229544226193,0.8370229544226193,0.0,0.0,0.0,-0.0
2023-12-22 00:00:00+00:00,20260201_193431_8feb5101_StateSignal_XLE,0.0,0.0,0.8370229544226193,0.8370229544226193,0.0,0.0,0.0,0.0
2023-12-26 00:00:00+00:00,20260201_193431_8feb5101_StateSignal_XLE,0.0,0.0,0.8370229544226193,0.8370229544226193,0.0,0.0,0.0,0.0
2023-12-27 00:00:00+00:00,20260201_193431_8feb5101_StateSignal_XLE,0.0,0.0,0.8370229544226193,0.8370229544226193,0.0,0.0,0.0,-0.0
2023-12-28 00:00:00+00:00,20260201_193431_8feb5101_StateSignal_XLE,0.0,0.0,0.8370229544226193,0.8370229544226193,0.0,0.0,0.0,-0.0
2023-12-29 00:00:00+00:00,20260201_193431_8feb5101_StateSignal_XLE,0.0,0.0,0.8370229544226193,0.8370229544226193,0.0,0.0,0.0,-0.0
2024-01-02 00:00:00+00:00,20260201_193431_8feb5101_StateSignal_XLE,0.0,0.0,0.8370229544226193,0.8370229544226193,0.0,0.0,0.0,0.0
2024-01-03 00:00:00+00:00,20260201_193431_8feb5101_StateSignal_XLE,0.0,0.0,0.8370229544226193,0.8370229544226193,0.0,0.0,0.0,0.0
2024-01-04 00:00:00+00:00,20260201_193431_8feb5101_StateSignal_XLE,0.0,0.0,0.8370229544226193,0.8370229544226193,0.0,0.0,0.0,0.0
2024-01-05 00:00:00+00:00,20260201_193431_8feb5101_StateSignal_XLE,0.0,0.0,0.8370229544226193,0.8370229544226193,0.0,0.0,0.0,-0.0
2024-01-08 00:00:00+00:00,20260201_193431_8feb5101_StateSignal_XLE,0.0,0.0,0.8370229544226193,0.8370229544226193,0.0,0.0,0.0,-0.0
2024-01-09 00:00:00+00:00,20260201_193431_8feb5101_StateSignal_XLE,0.0,0.0,0.8370229544226193,0.8370229544226193,0.0,0.0,0.0,0.0
2024-01-10 00:00:00+00:00,20260201_193431_8feb5101_StateSignal_XLE,0.0,0.0,0.8370229544226193,0.8370229544226193,0.0,0.0,0.0,-0.0
2024-01-11 00:00:00+00:00,20260201_193431_8feb5101_StateSignal_XLE,0.0,0.0,0.8370229544226193,0.8370229544226193,0.0,0.0,0.0,-0.0
2024-01-12 00:00:00+00:00,20260201_193431_8feb5101_StateSignal_XLE,0.0,0.0,0.8370229544226193,0.8370229544226193,0.0,0.0,0.0,0.0
2024-01-16 00:00:00+00:00,20260201_193431_8feb5101_StateSignal_XLE,0.0,0.0,0.8370229544226193,0.8370229544226193,0.0,0.0,0.0,-0.0
2024-01-17 00:00:00+00:00,20260201_193431_8feb5101_StateSignal_XLE,0.0,0.0,0.8370229544226193,0.8370229544226193,0.0,0.0,0.0,-0.0
2024-01-18 00:00:00+00:00,20260201_193431_8feb5101_StateSignal_XLE,0.0,0.0,0.8370229544226193,0.8370229544226193,0.0,0.0,0.0,0.0
2024-01-19 00:00:00+00:00,20260201_193431_8feb5101_StateSignal_XLE,0.0,0.0,0.8370229544226193,0.8370229544226193,0.0,0.0,0.0,-0.0
2024-01-22 00:00:00+00:00,20260201_193431_8feb5101_StateSignal_XLE,0.0,0.0,0.8370229544226193,0.8370229544226193,0.0,0.0,0.0,0.0
2024-01-23 00:00:00+00:00,20260201_193431_8feb5101_StateSignal_XLE,0.0,0.0,0.8370229544226193,0.8370229544226193,0.0,0.0,0.0,0.0
2024-01-24 00:00:00+00:00,20260201_193431_8feb5101_StateSignal_XLE,0.0,0.0,0.8370229544226193,0.8370229544226193,0.0,0.0,0.0,0.0
2024-01-25 00:00:00+00:00,20260201_193431_8feb5101_StateSignal_XLE,0.0,0.0,0.8370229544226193,0.8370229544226193,0.0,0.0,0.0,0.0
2024-01-26 00:00:00+00:00,20260201_193431_8feb5101_StateSignal_XLE,0.0,0.0,0.8370229544226193,0.8370229544226193,0.0,0.0,0.0,0.0
2024-01-29 00:00:00+00:00,20260201_193431_8feb5101_StateSignal_XLE,0.0,0.0,0.8370229544226193,0.8370229544226193,0.0,0.0,0.0,0.0
2024-01-30 00:00:00+00:00,20260201_193431_8feb5101_StateSignal_XLE,0.0,0.0,0.8370229544226193,0.8370229544226193,0.0,0.0,0.0,-0.0
2024-01-31 00:00:00+00:00,20260201_193431_8feb5101_StateSignal_XLE,0.0,0.0,0.8370229544226193,0.8370229544226193,0.0,0.0,0.0,0.0
2024-02-01 00:00:00+00:00,20260201_193431_8feb5101_StateSignal_XLE,0.0,0.0,0.8370229544226193,0.8370229544226193,0.0,0.0,0.0,-0.0
2024-02-02 00:00:00+00:00,20260201_193431_8feb5101_StateSignal_XLE,0.0,0.0,0.8370229544226193,0.8370229544226193,0.0,0.0,0.0,0.0
2024-02-05 00:00:00+00:00,20260201_193431_8feb5101_StateSignal_XLE,0.0,0.0,0.8370229544226193,0.8370229544226193,0.0,0.0,0.0,-0.0
2024-02-06 00:00:00+00:00,20260201_193431_8feb5101_StateSignal_XLE,0.0,0.0,0.8370229544226193,0.8370229544226193,0.0,0.0,0.0,0.0
2024-02-07 00:00:00+00:00,20260201_193431_8feb5101_StateSignal_XLE,0.0,0.0,0.8370229544226193,0.8370229544226193,0.0,0.0,0.0,0.0
2024-02-08 00:00:00+00:00,20260201_193431_8feb5101_StateSignal_XLE,0.0,0.0,0.8370229544226193,0.8370229544226193,0.0,0.0,0.0,-0.0
2024-02-09 00:00:00+00:00,20260201_193431_8feb5101_StateSignal_XLE,0.0,0.0,0.8370229544226193,0.8370229544226193,0.0,0.0,0.0,0.0
2024-02-12 00:00:00+00:00,20260201_193431_8feb5101_StateSignal_XLE,0.0,0.0,0.8370229544226193,0.8370229544226193,0.0,0.0,0.0,-0.0
2024-02-13 00:00:00+00:00,20260201_193431_8feb5101_StateSignal_XLE,0.0,0.0,0.8370229544226193,0.8370229544226193,0.0,0.0,0.0,0.0
2024-02-14 00:00:00+00:00,20260201_193431_8feb5101_StateSignal_XLE,0.0,0.0,0.8370229544226193,0.8370229544226193,0.0,0.0,0.0,-0.0
2024-02-15 00:00:00+00:00,20260201_193431_8feb5101_StateSignal_XLE,0.0,0.0,0.8370229544226193,0.8370229544226193,0.0,0.0,0.0,-0.0
2024-02-16 00:00:00+00:00,20260201_193431_8feb5101_StateSignal_XLE,0.0,0.0,0.8370229544226193,0.8370229544226193,0.0,0.0,0.0,0.0
2024-02-20 00:00:00+00:00,20260201_193431_8feb5101_StateSignal_XLE,0.0,0.0,0.8370229544226193,0.8370229544226193,0.0,0.0,0.0,-0.0
2024-02-21 00:00:00+00:00,20260201_193431_8feb5101_StateSignal_XLE,0.0,0.0,0.8370229544226193,0.8370229544226193,0.0,0.0,0.0,-0.0
2024-02-22 00:00:00+00:00,20260201_193431_8feb5101_StateSignal_XLE,0.0,0.0,0.8370229544226193,0.8370229544226193,0.0,0.0,0.0,0.0
2024-02-23 00:00:00+00:00,20260201_193431_8feb5101_StateSignal_XLE,0.0,0.0,0.8370229544226193,0.8370229544226193,0.0,0.0,0.0,-0.0
2024-02-26 00:00:00+00:00,20260201_193431_8feb5101_StateSignal_XLE,0.0,0.0,0.8370229544226193,0.8370229544226193,0.0,0.0,0.0,0.0
2024-02-27 00:00:00+00:00,20260201_193431_8feb5101_StateSignal_XLE,0.0,0.0,0.8370229544226193,0.8370229544226193,0.0,0.0,0.0,0.0
2024-02-28 00:00:00+00:00,20260201_193431_8feb5101_StateSignal_XLE,0.0,0.0,0.8370229544226193,0.8370229544226193,0.0,0.0,0.0,-0.0
2024-02-29 00:00:00+00:00,20260201_193431_8feb5101_StateSignal_XLE,0.0,0.0,0.8370229544226193,0.8370229544226193,0.0,0.0,0.0,-0.0
2024-03-01 00:00:00+00:00,20260201_193431_8feb5101_StateSignal_XLE,0.0,0.0,0.8370229544226193,0.8370229544226193,0.0,0.0,0.0,0.0
2024-03-04 00:00:00+00:00,20260201_193431_8feb5101_StateSignal_XLE,0.0034381173356474726,0.0034381173356474726,0.8399007375525546,0.8399007375525546,0.0,0.0,1.0,0.0034381173356474726
2024-03-05 00:00:00+00:00,20260201_193431_8feb5101_StateSignal_XLE,-0.011341344444190327,-0.011341344444190327,0.8303751339890415,0.8303751339890415,0.0,0.0,1.0,-0.011341344444190327
2024-03-06 00:00:00+00:00,20260201_193431_8feb5101_StateSignal_XLE,0.016964143758957828,0.016964143758957828,0.8444617371358955,0.8444617371358955,0.0,0.0,1.0,0.016964143758957828
2024-03-07 00:00:00+00:00,20260201_193431_8feb5101_StateSignal_XLE,-0.003663455068048993,-0.003663455068048993,0.8413680895052115,0.8413680895052115,0.0,0.0,1.0,-0.003663455068048993
2024-03-08 00:00:00+00:00,20260201_193431_8feb5101_StateSignal_XLE,0.004881630392281622,0.004881630392281622,0.8454753375420361,0.8454753375420361,0.0,0.0,1.0,0.004881630392281622
2024-03-11 00:00:00+00:00,20260201_193431_8feb5101_StateSignal_XLE,0.004130731180291836,0.004130731180291836,0.8489677688809887,0.8489677688809887,0.0,0.0,1.0,0.004130731180291836
2024-03-12 00:00:00+00:00,20260201_193431_8feb5101_StateSignal_XLE,0.011092469655996862,0.011092469655996862,0.8583849180962204,0.8583849180962204,0.0,0.0,1.0,0.011092469655996862
2024-03-13 00:00:00+00:00,20260201_193431_8feb5101_StateSignal_XLE,0.009546611883579637,0.009546611883579637,0.8665795857560034,0.8665795857560034,0.0,0.0,1.0,0.009546611883579637
2024-03-14 00:00:00+00:00,20260201_193431_8feb5101_StateSignal_XLE,0.008985636245347539,0.008985636245347539,0.8743663546912508,0.8743663546912508,0.0,0.0,1.0,0.008985636245347539
2024-03-15 00:00:00+00:00,20260201_193431_8feb5101_StateSignal_XLE,0.004228336109521003,0.004228336109521003,0.8780634695217421,0.8780634695217421,0.0,0.0,1.0,0.004228336109521003
2024-03-18 00:00:00+00:00,20260201_193431_8feb5101_StateSignal_XLE,0.010725213557537305,0.010725213557537305,0.8874808877494349,0.8874808877494349,0.0,0.0,1.0,0.010725213557537305
2024-03-19 00:00:00+00:00,20260201_193431_8feb5101_StateSignal_XLE,-0.0009280743125539281,-0.0009280743125539281,0.886657239534632,0.886657239534632,0.0,0.0,1.0,-0.0009280743125539281
2024-03-20 00:00:00+00:00,20260201_193431_8feb5101_StateSignal_XLE,0.005093782720256623,0.005093782720256623,0.891173678860164,0.891173678860164,0.0,0.0,1.0,0.005093782720256623
2024-03-21 00:00:00+00:00,20260201_193431_8feb5101_StateSignal_XLE,0.0036883398198392925,0.0036883398198392925,0.8944606302262966,0.8944606302262966,0.0,0.0,1.0,0.0036883398198392925
2024-03-22 00:00:00+00:00,20260201_193431_8feb5101_StateSignal_XLE,0.007107676374520366,0.007107676374520366,0.9008181669156947,0.9008181669156947,0.0,0.0,1.0,0.007107676374520366
2024-03-25 00:00:00+00:00,20260201_193431_8feb5101_StateSignal_XLE,-0.0016005491012593964,-0.0016005491012593964,0.8993763632082397,0.8993763632082397,0.0,0.0,1.0,-0.0016005491012593964
2024-03-26 00:00:00+00:00,20260201_193431_8feb5101_StateSignal_XLE,0.008658062743114314,0.008658062743114314,0.9071632201905706,0.9071632201905706,0.0,0.0,1.0,0.008658062743114314
2024-03-27 00:00:00+00:00,20260201_193431_8feb5101_StateSignal_XLE,-0.01026117770914059,-0.01026117770914059,0.897854657176999,0.897854657176999,0.0,0.0,1.0,-0.01026117770914059
2024-03-28 00:00:00+00:00,20260201_193431_8feb5101_StateSignal_XLE,0.01659317534664817,0.01659317534664817,0.9127529169393416,0.9127529169393416,0.0,0.0,1.0,0.01659317534664817
2024-04-01 00:00:00+00:00,20260201_193431_8feb5101_StateSignal_XLE,0.007411600463193668,0.007411600463193668,0.9195178768813106,0.9195178768813106,0.0,0.0,1.0,0.007411600463193668
2024-04-02 00:00:00+00:00,20260201_193431_8feb5101_StateSignal_XLE,0.011347323892825667,0.011347323892825667,0.9299519440555262,0.9299519440555262,0.0,0.0,1.0,0.011347323892825667
2024-04-03 00:00:00+00:00,20260201_193431_8feb5101_StateSignal_XLE,0.011001211061973493,0.011001211061973493,0.9401825416695736,0.9401825416695736,0.0,0.0,1.0,0.011001211061973493
2024-04-04 00:00:00+00:00,20260201_193431_8feb5101_StateSignal_XLE,0.005237899360793108,0.005237899360793108,0.9451071232036135,0.9451071232036135,0.0,0.0,1.0,0.005237899360793108
2024-04-05 00:00:00+00:00,20260201_193431_8feb5101_StateSignal_XLE,0.0013051992281427616,0.0013051992281427616,0.946340676291331,0.946340676291331,0.0,0.0,1.0,0.0013051992281427616
2024-04-08 00:00:00+00:00,20260201_193431_8feb5101_StateSignal_XLE,0.007364122515135296,0.007364122515135296,0.9533096449725964,0.9533096449725964,0.0,0.0,1.0,0.007364122515135296
2024-04-09 00:00:00+00:00,20260201_193431_8feb5101_StateSignal_XLE,-0.002376581004096323,-0.002376581004096323,0.9510440273793327,0.9510440273793327,0.0,0.0,1.0,-0.002376581004096323
2024-04-10 00:00:00+00:00,20260201_193431_8feb5101_StateSignal_XLE,-0.007163820933634657,-0.007163820933634657,0.9442309182671844,0.9442309182671844,0.0,0.0,1.0,-0.007163820933634657
2024-04-11 00:00:00+00:00,20260201_193431_8feb5101_StateSignal_XLE,0.009324582362057576,0.009324582362057576,0.953035477233368,0.953035477233368,0.0,0.0,1.0,0.009324582362057576
2024-04-12 00:00:00+00:00,20260201_193431_8feb5101_StateSignal_XLE,0.00366261316475347,0.00366261316475347,0.9565260775187601,0.9565260775187601,0.0,0.0,1.0,0.00366261316475347
2024-04-15 00:00:00+00:00,20260201_193431_8feb5101_StateSignal_XLE,-0.017791747245555545,-0.017791747245555545,0.9395078073137636,0.9395078073137636,0.0,0.0,1.0,-0.017791747245555545
2024-04-16 00:00:00+00:00,20260201_193431_8feb5101_StateSignal_XLE,-0.01700007824810834,-0.01700007824810834,0.923536101074721,0.923536101074721,0.0,0.0,1.0,-0.01700007824810834
2024-04-17 00:00:00+00:00,20260201_193431_8feb5101_StateSignal_XLE,-0.008497367766035602,-0.008497367766035602,0.9156884751786785,0.9156884751786785,0.0,0.0,1.0,-0.008497367766035602
2024-04-18 00:00:00+00:00,20260201_193431_8feb5101_StateSignal_XLE,0.001794929806562262,0.001794929806562262,0.9173320717163023,0.9173320717163023,0.0,0.0,1.0,0.001794929806562262
2024-04-19 00:00:00+00:00,20260201_193431_8feb5101_StateSignal_XLE,-0.004493379836162603,-0.004493379836162603,0.913210150282187,0.913210150282187,0.0,0.0,1.0,-0.004493379836162603
2024-04-22 00:00:00+00:00,20260201_193431_8feb5101_StateSignal_XLE,0.004269189722007738,0.004269189722007738,0.9171088176698049,0.9171088176698049,0.0,0.0,1.0,0.004269189722007738
2024-04-23 00:00:00+00:00,20260201_193431_8feb5101_StateSignal_XLE,0.007371864056050281,0.007371864056050281,0.9238696191982717,0.9238696191982717,0.0,0.0,1.0,0.007371864056050281
2024-04-24 00:00:00+00:00,20260201_193431_8feb5101_StateSignal_XLE,0.005770100341119466,0.005770100341119466,0.9292004396031576,0.9292004396031576,0.0,0.0,1.0,0.005770100341119466
2024-04-25 00:00:00+00:00,20260201_193431_8feb5101_StateSignal_XLE,0.006836502533716704,0.006836502533716704,0.9355529207628352,0.9355529207628352,0.0,0.0,1.0,0.006836502533716704
2024-04-26 00:00:00+00:00,20260201_193431_8feb5101_StateSignal_XLE,-0.007057814917047711,-0.007057814917047711,0.9289499614029878,0.9289499614029878,0.0,0.0,1.0,-0.007057814917047711
2024-04-29 00:00:00+00:00,20260201_193431_8feb5101_StateSignal_XLE,-0.0008857396504673432,-0.0008857396504673432,0.9281271535888731,0.9281271535888731,0.0,0.0,1.0,-0.0008857396504673432
2024-04-30 00:00:00+00:00,20260201_193431_8feb5101_StateSignal_XLE,0.0024338987565455383,0.0024338987565455383,0.9303861211139092,0.9303861211139092,0.0,0.0,1.0,0.0024338987565455383
2024-05-01 00:00:00+00:00,20260201_193431_8feb5101_StateSignal_XLE,-0.02687731776374669,-0.02687731776374669,0.905379837693751,0.905379837693751,0.0,0.0,1.0,-0.02687731776374669
2024-05-02 00:00:00+00:00,20260201_193431_8feb5101_StateSignal_XLE,-0.00797725028064411,-0.00797725028064411,0.8981573961294189,0.8981573961294189,0.0,0.0,1.0,-0.00797725028064411
2024-05-03 00:00:00+00:00,20260201_193431_8feb5101_StateSignal_XLE,0.0016005491012593964,0.0016005491012593964,0.8995949411425833,0.8995949411425833,0.0,0.0,1.0,0.0016005491012593964
2024-05-06 00:00:00+00:00,20260201_193431_8feb5101_StateSignal_XLE,0.0031934333708223406,0.0031934333708223406,0.902467737647851,0.902467737647851,0.0,0.0,1.0,0.0031934333708223406
2024-05-07 00:00:00+00:00,20260201_193431_8feb5101_StateSignal_XLE,0.006356434569022351,0.006356434569022351,0.9082042147728633,0.9082042147728633,0.0,0.0,1.0,0.006356434569022351
2024-05-08 00:00:00+00:00,20260201_193431_8feb5101_StateSignal_XLE,-0.009549867939844692,-0.009549867939844692,0.8995309844593721,0.8995309844593721,0.0,0.0,1.0,-0.009549867939844692
2024-05-09 00:00:00+00:00,20260201_193431_8feb5101_StateSignal_XLE,0.00751113124999625,0.00751113124999625,0.9062874797470848,0.9062874797470848,0.0,0.0,1.0,0.00751113124999625
2024-05-10 00:00:00+00:00,20260201_193431_8feb5101_StateSignal_XLE,0.01351371916672317,0.01351371916672317,0.9185347942327042,0.9185347942327042,0.0,0.0,1.0,0.01351371916672317
2024-05-13 00:00:00+00:00,20260201_193431_8feb5101_StateSignal_XLE,-0.0038103822859123504,-0.0038103822859123504,0.9150348255237658,0.9150348255237658,0.0,0.0,1.0,-0.0038103822859123504
2024-05-14 00:00:00+00:00,20260201_193431_8feb5101_StateSignal_XLE,-0.007890921341640045,-0.007890921341640045,0.9078143576906964,0.9078143576906964,0.0,0.0,1.0,-0.007890921341640045
2024-05-15 00:00:00+00:00,20260201_193431_8feb5101_StateSignal_XLE,0.00022632115067766634,0.00022632115067766634,0.9080198152807307,0.9080198152807307,0.0,0.0,1.0,0.00022632115067766634
2024-05-16 00:00:00+00:00,20260201_193431_8feb5101_StateSignal_XLE,0.0020345886977874983,0.0020345886977874983,0.9098672621342679,0.9098672621342679,0.0,0.0,1.0,0.0020345886977874983
2024-05-17 00:00:00+00:00,20260201_193431_8feb5101_StateSignal_XLE,0.0013540963477294277,0.0013540963477294277,0.9110993100708425,0.9110993100708425,0.0,0.0,1.0,0.0013540963477294277
2024-05-20 00:00:00+00:00,20260201_193431_8feb5101_StateSignal_XLE,0.012550590560043151,0.012550590560043151,0.9225341444710795,0.9225341444710795,0.0,0.0,1.0,0.012550590560043151
2024-05-21 00:00:00+00:00,20260201_193431_8feb5101_StateSignal_XLE,-0.00872391172044562,-0.00872391172044562,0.914486038035617,0.914486038035617,0.0,0.0,1.0,-0.00872391172044562
2024-05-22 00:00:00+00:00,20260201_193431_8feb5101_StateSignal_XLE,-0.008574059746307316,-0.008574059746307316,0.9066451801083357,0.9066451801083357,0.0,0.0,1.0,-0.008574059746307316
2024-05-23 00:00:00+00:00,20260201_193431_8feb5101_StateSignal_XLE,-0.011394836145937504,-0.011394836145937504,0.8963141068384972,0.8963141068384972,0.0,0.0,1.0,-0.011394836145937504
2024-05-24 00:00:00+00:00,20260201_193431_8feb5101_StateSignal_XLE,-0.004824822685372432,-0.004824822685372432,0.8919895502026035,0.8919895502026035,0.0,0.0,1.0,-0.004824822685372432
2024-05-28 00:00:00+00:00,20260201_193431_8feb5101_StateSignal_XLE,-0.003229529911919826,-0.003229529911919826,0.8891088432691043,0.8891088432691043,0.0,0.0,1.0,-0.003229529911919826
2024-05-29 00:00:00+00:00,20260201_193431_8feb5101_StateSignal_XLE,0.0039202171731753666,0.0039202171731753666,0.8925943430253099,0.8925943430253099,0.0,0.0,1.0,0.0039202171731753666
2024-05-30 00:00:00+00:00,20260201_193431_8feb5101_StateSignal_XLE,-0.015540148057141767,-0.015540148057141767,0.8787232947797294,0.8787232947797294,0.0,0.0,1.0,-0.015540148057141767
2024-05-31 00:00:00+00:00,20260201_193431_8feb5101_StateSignal_XLE,0.003733088796375572,0.003733088796375572,0.8820036468665858,0.8820036468665858,0.0,0.0,1.0,0.003733088796375572
2024-06-03 00:00:00+00:00,20260201_193431_8feb5101_StateSignal_XLE,0.019373299644081854,0.019373299644081854,0.8990909678045051,0.8990909678045051,0.0,0.0,1.0,0.019373299644081854
2024-06-04 00:00:00+00:00,20260201_193431_8feb5101_StateSignal_XLE,-0.03297257136151144,-0.03297257136151144,0.8694456267080807,0.8694456267080807,0.0,0.0,1.0,-0.03297257136151144
2024-06-05 00:00:00+00:00,20260201_193431_8feb5101_StateSignal_XLE,0.0021223920241508765,0.0021223920241508765,0.8712909311716388,0.8712909311716388,0.0,0.0,1.0,0.0021223920241508765
2024-06-06 00:00:00+00:00,20260201_193431_8feb5101_StateSignal_XLE,-0.0044859005694459775,-0.0044859005694459775,0.8673824066873428,0.8673824066873428,0.0,0.0,1.0,-0.0044859005694459775
2024-06-07 00:00:00+00:00,20260201_193431_8feb5101_StateSignal_XLE,0.004956932137269554,0.004956932137269554,0.8716819624143535,0.8716819624143535,0.0,0.0,1.0,0.004956932137269554
2024-06-10 00:00:00+00:00,20260201_193431_8feb5101_StateSignal_XLE,0.003525682345291159,0.003525682345291159,0.8747552361199465,0.8747552361199465,0.0,0.0,1.0,0.003525682345291159
2024-06-11 00:00:00+00:00,20260201_193431_8feb5101_StateSignal_XLE,0.0,0.0,0.8747552361199465,0.8747552361199465,0.0,0.0,1.0,0.0
2024-06-12 00:00:00+00:00,20260201_193431_8feb5101_StateSignal_XLE,0.010503072395548152,0.010503072395548152,0.8839428536932992,0.8839428536932992,0.0,0.0,1.0,0.010503072395548152
2024-06-13 00:00:00+00:00,20260201_193431_8feb5101_StateSignal_XLE,-0.021117631307550955,-0.021117631307550955,0.8652760744120597,0.8652760744120597,0.0,0.0,1.0,-0.021117631307550955
2024-06-14 00:00:00+00:00,20260201_193431_8feb5101_StateSignal_XLE,-0.008573522389994537,-0.008573522389994537,0.8578576106145613,0.8578576106145613,0.0,0.0,1.0,-0.008573522389994537
2024-06-17 00:00:00+00:00,20260201_193431_8feb5101_StateSignal_XLE,-0.006238024067016568,-0.006238024067016568,0.8525062741934744,0.8525062741934744,0.0,0.0,1.0,-0.006238024067016568
2024-06-18 00:00:00+00:00,20260201_193431_8feb5101_StateSignal_XLE,0.00910403988121411,0.00910403988121411,0.860267525312717,0.860267525312717,0.0,0.0,1.0,0.00910403988121411
2024-06-20 00:00:00+00:00,20260201_193431_8feb5101_StateSignal_XLE,-0.0009544262237279888,-0.0009544262237279888,0.8594464634271369,0.8594464634271369,0.0,0.0,1.0,-0.0009544262237279888
2024-06-21 00:00:00+00:00,20260201_193431_8feb5101_StateSignal_XLE,0.021724585197911317,0.021724585197911317,0.8781175813449034,0.8781175813449034,0.0,0.0,1.0,0.021724585197911317
2024-06-24 00:00:00+00:00,20260201_193431_8feb5101_StateSignal_XLE,-0.005387060691521395,-0.005387060691521395,0.8733871086399064,0.8733871086399064,0.0,0.0,1.0,-0.005387060691521395
2024-06-25 00:00:00+00:00,20260201_193431_8feb5101_StateSignal_XLE,0.017229762667456683,0.017229762667456683,0.8884353612385882,0.8884353612385882,0.0,0.0,1.0,0.017229762667456683
2024-06-26 00:00:00+00:00,20260201_193431_8feb5101_StateSignal_XLE,0.004835933431416084,0.004835933431416084,0.8927317755036541,0.8927317755036541,0.0,0.0,1.0,0.004835933431416084
2024-06-27 00:00:00+00:00,20260201_193431_8feb5101_StateSignal_XLE,-0.0036823977169313515,-0.0036823977169313515,0.8894443820517074,0.8894443820517074,0.0,0.0,1.0,-0.0036823977169313515
2024-06-28 00:00:00+00:00,20260201_193431_8feb5101_StateSignal_XLE,0.005289192507714091,0.005289192507714091,0.8941488246132837,0.8941488246132837,0.0,0.0,1.0,0.005289192507714091
2024-07-01 00:00:00+00:00,20260201_193431_8feb5101_StateSignal_XLE,0.0013752007668088595,0.0013752007668088595,0.8953784587625332,0.8953784587625332,0.0,0.0,1.0,0.0013752007668088595
2024-07-02 00:00:00+00:00,20260201_193431_8feb5101_StateSignal_XLE,0.0,0.0,0.8953784587625332,0.8953784587625332,0.0,0.0,1.0,0.0
2024-07-03 00:00:00+00:00,20260201_193431_8feb5101_StateSignal_XLE,-0.004131288868788996,-0.004131288868788996,0.8916793917024941,0.8916793917024941,0.0,0.0,1.0,-0.004131288868788996
2024-07-05 00:00:00+00:00,20260201_193431_8feb5101_StateSignal_XLE,-0.00046008742472514186,-0.00046008742472514186,0.8912691412274852,0.8912691412274852,0.0,0.0,1.0,-0.00046008742472514186
2024-07-08 00:00:00+00:00,20260201_193431_8feb5101_StateSignal_XLE,-0.020221490893161498,-0.020221490893161498,0.8732463504047978,0.8732463504047978,0.0,0.0,1.0,-0.020221490893161498
2024-07-09 00:00:00+00:00,20260201_193431_8feb5101_StateSignal_XLE,-0.008725441514947363,-0.008725441514947363,0.8656268904461996,0.8656268904461996,0.0,0.0,1.0,-0.008725441514947363
2024-07-10 00:00:00+00:00,20260201_193431_8feb5101_StateSignal_XLE,-0.0016593579723100937,-0.0016593579723100937,0.8641905055644916,0.8641905055644916,0.0,0.0,1.0,-0.0016593579723100937
2024-07-11 00:00:00+00:00,20260201_193431_8feb5101_StateSignal_XLE,0.0066209747663688034,0.0066209747663688034,0.8699122890951696,0.8699122890951696,0.0,0.0,1.0,0.0066209747663688034
2024-07-12 00:00:00+00:00,20260201_193431_8feb5101_StateSignal_XLE,0.018447691864506677,0.018447691864506677,0.885960162953545,0.885960162953545,0.0,0.0,1.0,0.018447691864506677
2024-07-15 00:00:00+00:00,20260201_193431_8feb5101_StateSignal_XLE,0.002080204147795417,0.002080204147795417,0.8878031409593025,0.8878031409593025,0.0,0.0,1.0,0.002080204147795417
2024-07-16 00:00:00+00:00,20260201_193431_8feb5101_StateSignal_XLE,0.0032272964848658603,0.0032272964848658603,0.8906683449153733,0.8906683449153733,0.0,0.0,1.0,0.0032272964848658603
2024-07-17 00:00:00+00:00,20260201_193431_8feb5101_StateSignal_XLE,0.013033224386914455,0.013033224386914455,0.902276625308977,0.902276625308977,0.0,0.0,1.0,0.013033224386914455
2024-07-18 00:00:00+00:00,20260201_193431_8feb5101_StateSignal_XLE,0.0074686326572726,0.0074686326572726,0.9090153979786534,0.9090153979786534,0.0,0.0,1.0,0.0074686326572726
2024-07-19 00:00:00+00:00,20260201_193431_8feb5101_StateSignal_XLE,0.0,0.0,0.9090153979786534,0.9090153979786534,0.0,0.0,1.0,0.0
2024-07-22 00:00:00+00:00,20260201_193431_8feb5101_StateSignal_XLE,-0.01384969350696652,-0.01384969350696652,0.8964258133235359,0.8964258133235359,0.0,0.0,1.0,-0.01384969350696652
2024-07-23 00:00:00+00:00,20260201_193431_8feb5101_StateSignal_XLE,-0.004812659684415799,-0.004812659684415799,0.8921116209516841,0.8921116209516841,0.0,0.0,1.0,-0.004812659684415799
2024-07-24 00:00:00+00:00,20260201_193431_8feb5101_StateSignal_XLE,-0.007609860314141237,-0.007609860314141237,0.8853227761316196,0.8853227761316196,0.0,0.0,1.0,-0.007609860314141237
2024-07-25 00:00:00+00:00,20260201_193431_8feb5101_StateSignal_XLE,-0.004175371410480633,-0.004175371410480633,0.8816262247231123,0.8816262247231123,0.0,0.0,1.0,-0.004175371410480633
2024-07-26 00:00:00+00:00,20260201_193431_8feb5101_StateSignal_XLE,0.0156829782619603,0.0156829782619603,0.8954527496406189,0.8954527496406189,0.0,0.0,1.0,0.0156829782619603
2024-07-29 00:00:00+00:00,20260201_193431_8feb5101_StateSignal_XLE,0.004338401598598107,0.004338401598598107,0.8993375832811289,0.8993375832811289,0.0,0.0,1.0,0.004338401598598107
2024-07-30 00:00:00+00:00,20260201_193431_8feb5101_StateSignal_XLE,-0.0068587374498414455,-0.0068587374498414455,0.8931692629186287,0.8931692629186287,0.0,0.0,1.0,-0.0068587374498414455
2024-07-31 00:00:00+00:00,20260201_193431_8feb5101_StateSignal_XLE,0.026040189811682435,0.026040189811682435,0.9164275600589903,0.9164275600589903,0.0,0.0,1.0,0.026040189811682435
2024-08-01 00:00:00+00:00,20260201_193431_8feb5101_StateSignal_XLE,-0.01010903812687669,-0.01010903812687669,0.9071633589138334,0.9071633589138334,0.0,0.0,1.0,-0.01010903812687669
2024-08-02 00:00:00+00:00,20260201_193431_8feb5101_StateSignal_XLE,-0.009107475685180963,-0.009107475685180963,0.8989013906800385,0.8989013906800385,0.0,0.0,0.27360727404342233,-0.009107475685180963
2024-08-05 00:00:00+00:00,20260201_193431_8feb5101_StateSignal_XLE,-0.011211776117789429,-0.011211776117789429,0.8888231095357643,0.8888231095357643,0.0,0.0,0.27360727404342233,-0.011211776117789429
2024-08-06 00:00:00+00:00,20260201_193431_8feb5101_StateSignal_XLE,0.0005981942055814438,0.0005981942055814438,0.8893547983696755,0.8893547983696755,0.0,0.0,0.27360727404342233,0.0005981942055814438
2024-08-07 00:00:00+00:00,20260201_193431_8feb5101_StateSignal_XLE,0.004869522056794419,0.004869522056794419,0.8936855311766526,0.8936855311766526,0.0,0.0,0.27360727404342233,0.004869522056794419
2024-08-08 00:00:00+00:00,20260201_193431_8feb5101_StateSignal_XLE,-0.001635433883244132,-0.001635433883244132,0.8922239675780013,0.8922239675780013,0.0,0.0,0.27360727404342233,-0.001635433883244132
2024-08-09 00:00:00+00:00,20260201_193431_8feb5101_StateSignal_XLE,0.004425713676821446,0.004425713676821446,0.8961726953940992,0.8961726953940992,0.0,0.0,0.27360727404342233,0.004425713676821446
2024-08-12 00:00:00+00:00,20260201_193431_8feb5101_StateSignal_XLE,0.0025703079962004593,0.0025703079962004593,0.8984761352390471,0.8984761352390471,0.0,0.0,0.27360727404342233,0.0025703079962004593
2024-08-13 00:00:00+00:00,20260201_193431_8feb5101_StateSignal_XLE,-0.0014749753997692302,-0.0014749753997692302,0.8971509050422898,0.8971509050422898,0.0,0.0,0.27360727404342233,-0.0014749753997692302
2024-08-14 00:00:00+00:00,20260201_193431_8feb5101_StateSignal_XLE,-0.001289082592047988,-0.001289082592047988,0.8959944034281597,0.8959944034281597,0.0,0.0,0.27360727404342233,-0.001289082592047988
2024-08-15 00:00:00+00:00,20260201_193431_8feb5101_StateSignal_XLE,0.003339064733838542,0.003339064733838542,0.8989861867423633,0.8989861867423633,0.0,0.0,0.27360727404342233,0.003339064733838542
2024-08-16 00:00:00+00:00,20260201_193431_8feb5101_StateSignal_XLE,-0.00031929899065834624,-0.00031929899065834624,0.8986991413603207,0.8986991413603207,0.0,0.0,0.27360727404342233,-0.00031929899065834624
2024-08-19 00:00:00+00:00,20260201_193431_8feb5101_StateSignal_XLE,0.0022906789300379884,0.0022906789300379884,0.9007577725478781,0.9007577725478781,0.0,0.0,0.27360727404342233,0.0022906789300379884
2024-08-20 00:00:00+00:00,20260201_193431_8feb5101_StateSignal_XLE,0.0006329109323340555,0.0006329109323340555,0.9013278719895085,0.9013278719895085,0.0,0.0,0.27360727404342233,0.0006329109323340555
2024-08-21 00:00:00+00:00,20260201_193431_8feb5101_StateSignal_XLE,-0.005040360482145938,-0.005040360482145938,0.8967848546020758,0.8967848546020758,0.0,0.0,0.27360727404342233,-0.005040360482145938
2024-08-22 00:00:00+00:00,20260201_193431_8feb5101_StateSignal_XLE,-0.0013556127188389933,-0.0013556127188389933,0.8955691616471151,0.8955691616471151,0.0,0.0,0.27360727404342233,-0.0013556127188389933
2024-08-23 00:00:00+00:00,20260201_193431_8feb5101_StateSignal_XLE,0.002319811792720838,0.002319811792720838,0.8976467135495011,0.8976467135495011,0.0,0.0,0.27360727404342233,0.002319811792720838
2024-08-26 00:00:00+00:00,20260201_193431_8feb5101_StateSignal_XLE,0.00584056265698229,0.00584056265698229,0.9028894754238211,0.9028894754238211,0.0,0.0,0.27360727404342233,0.00584056265698229
2024-08-27 00:00:00+00:00,20260201_193431_8feb5101_StateSignal_XLE,-0.0013222331002386396,-0.0013222331002386396,0.9016956450735587,0.9016956450735587,0.0,0.0,0.27360727404342233,-0.0013222331002386396
2024-08-28 00:00:00+00:00,20260201_193431_8feb5101_StateSignal_XLE,-0.0038134035280960113,-0.0038134035280960113,0.8982571157193664,0.8982571157193664,0.0,0.0,0.27360727404342233,-0.0038134035280960113
2024-08-29 00:00:00+00:00,20260201_193431_8feb5101_StateSignal_XLE,0.001468093409828943,0.001468093409828943,0.899575841071286,0.899575841071286,0.0,0.0,0.27360727404342233,0.001468093409828943
2024-08-30 00:00:00+00:00,20260201_193431_8feb5101_StateSignal_XLE,-0.0006373337939881989,-0.0006373337939881989,0.8990025109875158,0.8990025109875158,0.0,0.0,0.27360727404342233,-0.0006373337939881989
2024-09-03 00:00:00+00:00,20260201_193431_8feb5101_StateSignal_XLE,0.0,0.0,0.8990025109875158,0.8990025109875158,0.0,0.0,0.0,-0.0
2024-09-04 00:00:00+00:00,20260201_193431_8feb5101_StateSignal_XLE,0.0,0.0,0.8990025109875158,0.8990025109875158,0.0,0.0,0.0,-0.0
2024-09-05 00:00:00+00:00,20260201_193431_8feb5101_StateSignal_XLE,0.0,0.0,0.8990025109875158,0.8990025109875158,0.0,0.0,0.0,-0.0
2024-09-06 00:00:00+00:00,20260201_193431_8feb5101_StateSignal_XLE,0.0,0.0,0.8990025109875158,0.8990025109875158,0.0,0.0,0.0,-0.0
2024-09-09 00:00:00+00:00,20260201_193431_8feb5101_StateSignal_XLE,0.0,0.0,0.8990025109875158,0.8990025109875158,0.0,0.0,0.0,-0.0
2024-09-10 00:00:00+00:00,20260201_193431_8feb5101_StateSignal_XLE,0.0,0.0,0.8990025109875158,0.8990025109875158,0.0,0.0,0.0,0.0
2024-09-11 00:00:00+00:00,20260201_193431_8feb5101_StateSignal_XLE,0.0,0.0,0.8990025109875158,0.8990025109875158,0.0,0.0,0.0,-0.0
2024-09-12 00:00:00+00:00,20260201_193431_8feb5101_StateSignal_XLE,0.0,0.0,0.8990025109875158,0.8990025109875158,0.0,0.0,0.0,-0.0
2024-09-13 00:00:00+00:00,20260201_193431_8feb5101_StateSignal_XLE,0.0,0.0,0.8990025109875158,0.8990025109875158,0.0,0.0,0.0,0.0
2024-09-16 00:00:00+00:00,20260201_193431_8feb5101_StateSignal_XLE,0.0,0.0,0.8990025109875158,0.8990025109875158,0.0,0.0,0.0,0.0
2024-09-17 00:00:00+00:00,20260201_193431_8feb5101_StateSignal_XLE,0.0,0.0,0.8990025109875158,0.8990025109875158,0.0,0.0,0.0,0.0
2024-09-18 00:00:00+00:00,20260201_193431_8feb5101_StateSignal_XLE,0.0,0.0,0.8990025109875158,0.8990025109875158,0.0,0.0,0.0,0.0
2024-09-19 00:00:00+00:00,20260201_193431_8feb5101_StateSignal_XLE,0.0,0.0,0.8990025109875158,0.8990025109875158,0.0,0.0,0.0,0.0
2024-09-20 00:00:00+00:00,20260201_193431_8feb5101_StateSignal_XLE,0.0,0.0,0.8990025109875158,0.8990025109875158,0.0,0.0,0.0,-0.0
2024-09-23 00:00:00+00:00,20260201_193431_8feb5101_StateSignal_XLE,0.0,0.0,0.8990025109875158,0.8990025109875158,0.0,0.0,0.0,0.0
2024-09-24 00:00:00+00:00,20260201_193431_8feb5101_StateSignal_XLE,0.0,0.0,0.8990025109875158,0.8990025109875158,0.0,0.0,0.0,0.0
2024-09-25 00:00:00+00:00,20260201_193431_8feb5101_StateSignal_XLE,0.0,0.0,0.8990025109875158,0.8990025109875158,0.0,0.0,0.0,-0.0
2024-09-26 00:00:00+00:00,20260201_193431_8feb5101_StateSignal_XLE,0.0,0.0,0.8990025109875158,0.8990025109875158,0.0,0.0,0.0,-0.0
2024-09-27 00:00:00+00:00,20260201_193431_8feb5101_StateSignal_XLE,0.0,0.0,0.8990025109875158,0.8990025109875158,0.0,0.0,0.0,0.0
2024-09-30 00:00:00+00:00,20260201_193431_8feb5101_StateSignal_XLE,0.0,0.0,0.8990025109875158,0.8990025109875158,0.0,0.0,0.0,0.0
2024-10-01 00:00:00+00:00,20260201_193431_8feb5101_StateSignal_XLE,0.0,0.0,0.8990025109875158,0.8990025109875158,0.0,0.0,0.0,0.0
2024-10-02 00:00:00+00:00,20260201_193431_8feb5101_StateSignal_XLE,0.015648562408319994,0.015648562408319994,0.9130706078859404,0.9130706078859404,0.0,0.0,0.37133759552446644,0.015648562408319994
2024-10-03 00:00:00+00:00,20260201_193431_8feb5101_StateSignal_XLE,0.00025530258518505076,0.00025530258518505076,0.9133037171725902,0.9133037171725902,0.0,0.0,0.37133759552446644,0.00025530258518505076
2024-10-04 00:00:00+00:00,20260201_193431_8feb5101_StateSignal_XLE,0.008328001544050813,0.008328001544050813,0.9209097119393909,0.9209097119393909,0.0,0.0,0.37133759552446644,0.008328001544050813
2024-10-07 00:00:00+00:00,20260201_193431_8feb5101_StateSignal_XLE,0.0008309191104627091,0.0008309191104627091,0.9216749134180521,0.9216749134180521,0.0,0.0,0.37133759552446644,0.0008309191104627091
2024-10-08 00:00:00+00:00,20260201_193431_8feb5101_StateSignal_XLE,-0.0036700330638027336,-0.0036700330638027336,0.9182923360117303,0.9182923360117303,0.0,0.0,0.37133759552446644,-0.0036700330638027336
2024-10-09 00:00:00+00:00,20260201_193431_8feb5101_StateSignal_XLE,-0.00787856549406246,-0.00787856549406246,0.9110575096997664,0.9110575096997664,0.0,0.0,0.37133759552446644,-0.00787856549406246
2024-10-10 00:00:00+00:00,20260201_193431_8feb5101_StateSignal_XLE,0.007039384130079594,0.007039384130079594,0.9174707934751367,0.9174707934751367,0.0,0.0,0.37133759552446644,0.007039384130079594
2024-10-11 00:00:00+00:00,20260201_193431_8feb5101_StateSignal_XLE,0.00041982773892438143,0.00041982773892438143,0.9178559731638906,0.9178559731638906,0.0,0.0,0.37133759552446644,0.00041982773892438143
2024-10-14 00:00:00+00:00,20260201_193431_8feb5101_StateSignal_XLE,0.00025166900016145775,0.00025166900016145775,0.9180869690589489,0.9180869690589489,0.0,0.0,0.37133759552446644,0.00025166900016145775
2024-10-15 00:00:00+00:00,20260201_193431_8feb5101_StateSignal_XLE,0.001840379324958942,0.001840379324958942,0.9197765973353191,0.9197765973353191,0.0,0.0,0.37133759552446644,0.001840379324958942
2024-10-16 00:00:00+00:00,20260201_193431_8feb5101_StateSignal_XLE,-0.011525779861311506,-0.011525779861311506,0.9091754547528461,0.9091754547528461,0.0,0.0,0.37133759552446644,-0.011525779861311506
2024-10-17 00:00:00+00:00,20260201_193431_8feb5101_StateSignal_XLE,0.0018032384854030571,0.0018032384854030571,0.9108149149228402,0.9108149149228402,0.0,0.0,0.37133759552446644,0.0018032384854030571
2024-10-18 00:00:00+00:00,20260201_193431_8feb5101_StateSignal_XLE,0.0009410703229932752,0.0009410703229932752,0.9116720558090137,0.9116720558090137,0.0,0.0,0.37133759552446644,0.0009410703229932752
2024-10-21 00:00:00+00:00,20260201_193431_8feb5101_StateSignal_XLE,-0.0015411773839182923,-0.0015411773839182923,0.9102670074550505,0.9102670074550505,0.0,0.0,0.37133759552446644,-0.0015411773839182923
2024-10-22 00:00:00+00:00,20260201_193431_8feb5101_StateSignal_XLE,0.0015411773839182923,0.0015411773839182923,0.9116698903802671,0.9116698903802671,0.0,0.0,0.37133759552446644,0.0015411773839182923
2024-10-23 00:00:00+00:00,20260201_193431_8feb5101_StateSignal_XLE,-0.0019704198262630577,-0.0019704198262630577,0.9098735179532549,0.9098735179532549,0.0,0.0,0.37133759552446644,-0.0019704198262630577
2024-10-24 00:00:00+00:00,20260201_193431_8feb5101_StateSignal_XLE,-0.0004297391933436828,-0.0004297391933436828,0.9094825096416049,0.9094825096416049,0.0,0.0,0.37133759552446644,-0.0004297391933436828
2024-10-25 00:00:00+00:00,20260201_193431_8feb5101_StateSignal_XLE,0.0013734184700195148,0.0013734184700195148,0.9107316097185065,0.9107316097185065,0.0,0.0,0.37133759552446644,0.0013734184700195148
2024-10-28 00:00:00+00:00,20260201_193431_8feb5101_StateSignal_XLE,-0.01025043710353846,-0.01025043710353846,0.9013962126348827,0.9013962126348827,0.0,0.0,0.37133759552446644,-0.01025043710353846
2024-10-29 00:00:00+00:00,20260201_193431_8feb5101_StateSignal_XLE,0.004116769842052477,0.004116769842052477,0.9051070533787984,0.9051070533787984,0.0,0.0,0.37133759552446644,0.004116769842052477
2024-10-30 00:00:00+00:00,20260201_193431_8feb5101_StateSignal_XLE,-0.0028857181966120736,-0.0028857181966120736,0.9024951694849812,0.9024951694849812,0.0,0.0,0.37133759552446644,-0.0028857181966120736
2024-10-31 00:00:00+00:00,20260201_193431_8feb5101_StateSignal_XLE,0.0025637319629791913,0.0025637319629791913,0.9048089251974242,0.9048089251974242,0.0,0.0,0.5176896747890755,0.0025637319629791913
2024-11-01 00:00:00+00:00,20260201_193431_8feb5101_StateSignal_XLE,0.006534739044037967,0.006534739044037967,0.9107216154083059,0.9107216154083059,0.0,0.0,0.5176896747890755,0.006534739044037967
2024-11-04 00:00:00+00:00,20260201_193431_8feb5101_StateSignal_XLE,-0.0056829753723917536,-0.0056829753723917536,0.9055460068968357,0.9055460068968357,0.0,0.0,0.5176896747890755,-0.0056829753723917536
2024-11-05 00:00:00+00:00,20260201_193431_8feb5101_StateSignal_XLE,0.007243910283905109,0.007243910283905109,0.9121057009287449,0.9121057009287449,0.0,0.0,0.5176896747890755,0.007243910283905109
2024-11-06 00:00:00+00:00,20260201_193431_8feb5101_StateSignal_XLE,0.016169896610208758,0.016169896610208758,0.9268543558103447,0.9268543558103447,0.0,0.0,0.5176896747890755,0.016169896610208758
2024-11-07 00:00:00+00:00,20260201_193431_8feb5101_StateSignal_XLE,0.0035898544293374935,0.0035898544293374935,0.9301816280249012,0.9301816280249012,0.0,0.0,0.5176896747890755,0.0035898544293374935
2024-11-08 00:00:00+00:00,20260201_193431_8feb5101_StateSignal_XLE,-0.0016181427434353096,-0.0016181427434353096,0.9286764613734358,0.9286764613734358,0.0,0.0,0.5176896747890755,-0.0016181427434353096
2024-11-11 00:00:00+00:00,20260201_193431_8feb5101_StateSignal_XLE,0.0032312434136180282,0.0032312434136180282,0.931677241072631,0.931677241072631,0.0,0.0,0.5176896747890755,0.0032312434136180282
2024-11-12 00:00:00+00:00,20260201_193431_8feb5101_StateSignal_XLE,0.004239155692842162,0.004239155692842162,0.9356267659530154,0.9356267659530154,0.0,0.0,0.5176896747890755,0.004239155692842162
2024-11-13 00:00:00+00:00,20260201_193431_8feb5101_StateSignal_XLE,-0.0035493625530929377,-0.0035493625530929377,0.9323058873462704,0.9323058873462704,0.0,0.0,0.5176896747890755,-0.0035493625530929377
2024-11-14 00:00:00+00:00,20260201_193431_8feb5101_StateSignal_XLE,0.006621038682492911,0.006621038682492911,0.938478720690306,0.938478720690306,0.0,0.0,0.5176896747890755,0.006621038682492911
2024-11-15 00:00:00+00:00,20260201_193431_8feb5101_StateSignal_XLE,-0.002273563930021616,-0.002273563930021616,0.9363450293218517,0.9363450293218517,0.0,0.0,0.5176896747890755,-0.002273563930021616
2024-11-18 00:00:00+00:00,20260201_193431_8feb5101_StateSignal_XLE,0.004311269195116218,0.004311269195116218,0.9403818648027671,0.9403818648027671,0.0,0.0,0.5176896747890755,0.004311269195116218
2024-11-19 00:00:00+00:00,20260201_193431_8feb5101_StateSignal_XLE,-0.0016975302393032344,-0.0016975302393032344,0.938785538150772,0.938785538150772,0.0,0.0,0.5176896747890755,-0.0016975302393032344
2024-11-20 00:00:00+00:00,20260201_193431_8feb5101_StateSignal_XLE,0.0028261325498014473,0.0028261325498014473,0.9414386705174227,0.9414386705174227,0.0,0.0,0.5176896747890755,0.0028261325498014473
2024-11-21 00:00:00+00:00,20260201_193431_8feb5101_StateSignal_XLE,0.005717908353151569,0.005717908353151569,0.9468217305555542,0.9468217305555542,0.0,0.0,0.5176896747890755,0.005717908353151569
2024-11-22 00:00:00+00:00,20260201_193431_8feb5101_StateSignal_XLE,0.0017809165696385362,0.0017809165696385362,0.9485079410639944,0.9485079410639944,0.0,0.0,0.5176896747890755,0.0017809165696385362
2024-11-25 00:00:00+00:00,20260201_193431_8feb5101_StateSignal_XLE,0.0009990797725272266,0.0009990797725272266,0.9494555761619928,0.9494555761619928,0.0,0.0,0.5176896747890755,0.0009990797725272266
2024-11-26 00:00:00+00:00,20260201_193431_8feb5101_StateSignal_XLE,-0.009626507005815544,-0.009626507005815544,0.9403156354063588,0.9403156354063588,0.0,0.0,0.5176896747890755,-0.009626507005815544
2024-11-27 00:00:00+00:00,20260201_193431_8feb5101_StateSignal_XLE,-0.001131068124803455,-0.001131068124803455,0.9392520743638963,0.9392520743638963,0.0,0.0,0.5176896747890755,-0.001131068124803455
2024-11-29 00:00:00+00:00,20260201_193431_8feb5101_StateSignal_XLE,-0.00033980288373849053,-0.00033980288373849053,0.9389329138004702,0.9389329138004702,0.0,0.0,0.5176896747890755,-0.00033980288373849053
2024-12-02 00:00:00+00:00,20260201_193431_8feb5101_StateSignal_XLE,0.0010055073309824531,0.0010055073309824531,0.9398770177285973,0.9398770177285973,0.0,0.0,0.35389966907454545,0.0010055073309824531
2024-12-03 00:00:00+00:00,20260201_193431_8feb5101_StateSignal_XLE,-0.0010829725100319483,-0.0010829725100319483,0.9388591567555864,0.9388591567555864,0.0,0.0,0.35389966907454545,-0.0010829725100319483
2024-12-04 00:00:00+00:00,20260201_193431_8feb5101_StateSignal_XLE,-0.0031907607965449753,-0.0031907607965449753,0.9358634817647333,0.9358634817647333,0.0,0.0,0.35389966907454545,-0.0031907607965449753
2024-12-05 00:00:00+00:00,20260201_193431_8feb5101_StateSignal_XLE,-0.005991761490082505,-0.005991761490082505,0.9302560109947209,0.9302560109947209,0.0,0.0,0.35389966907454545,-0.005991761490082505
2024-12-06 00:00:00+00:00,20260201_193431_8feb5101_StateSignal_XLE,-0.0017535605065669318,-0.0017535605065669318,0.928624750792844,0.928624750792844,0.0,0.0,0.35389966907454545,-0.0017535605065669318
2024-12-09 00:00:00+00:00,20260201_193431_8feb5101_StateSignal_XLE,-0.0019229370510726344,-0.0019229370510726344,0.9268390638530014,0.9268390638530014,0.0,0.0,0.35389966907454545,-0.0019229370510726344
2024-12-10 00:00:00+00:00,20260201_193431_8feb5101_StateSignal_XLE,-0.0016104677123778563,-0.0016104677123778563,0.9253464194660956,0.9253464194660956,0.0,0.0,0.35389966907454545,-0.0016104677123778563
2024-12-11 00:00:00+00:00,20260201_193431_8feb5101_StateSignal_XLE,-0.004140174095656424,-0.004140174095656424,0.9215153241907137,0.9215153241907137,0.0,0.0,0.35389966907454545,-0.004140174095656424
2024-12-12 00:00:00+00:00,20260201_193431_8feb5101_StateSignal_XLE,-0.0005720582433736843,-0.0005720582433736843,0.9209881637531152,0.9209881637531152,0.0,0.0,0.35389966907454545,-0.0005720582433736843
2024-12-13 00:00:00+00:00,20260201_193431_8feb5101_StateSignal_XLE,-0.0012289617712179025,-0.0012289617712179025,0.9198563045081185,0.9198563045081185,0.0,0.0,0.35389966907454545,-0.0012289617712179025
2024-12-16 00:00:00+00:00,20260201_193431_8feb5101_StateSignal_XLE,-0.0037956495287662807,-0.0037956495287662807,0.9163648523593796,0.9163648523593796,0.0,0.0,0.35389966907454545,-0.0037956495287662807
2024-12-17 00:00:00+00:00,20260201_193431_8feb5101_StateSignal_XLE,-0.010097679833822898,-0.010097679833822898,0.9071116934692861,0.9071116934692861,0.0,0.0,0.35389966907454545,-0.010097679833822898
2024-12-18 00:00:00+00:00,20260201_193431_8feb5101_StateSignal_XLE,-0.0006835340977136727,-0.0006835340977136727,0.906491651696365,0.906491651696365,0.0,0.0,0.35389966907454545,-0.0006835340977136727
2024-12-19 00:00:00+00:00,20260201_193431_8feb5101_StateSignal_XLE,-0.005516326693259545,-0.005516326693259545,0.9014911476008954,0.9014911476008954,0.0,0.0,0.35389966907454545,-0.005516326693259545
2024-12-20 00:00:00+00:00,20260201_193431_8feb5101_StateSignal_XLE,-0.007373176460386124,-0.007373176460386124,0.8948442942921581,0.8948442942921581,0.0,0.0,0.35389966907454545,-0.007373176460386124
2024-12-23 00:00:00+00:00,20260201_193431_8feb5101_StateSignal_XLE,0.0035302005345789348,0.0035302005345789348,0.8980032740982332,0.8980032740982332,0.0,0.0,0.35389966907454545,0.0035302005345789348
2024-12-24 00:00:00+00:00,20260201_193431_8feb5101_StateSignal_XLE,0.0035822763419558444,0.0035822763419558444,0.9012201699820341,0.9012201699820341,0.0,0.0,0.35389966907454545,0.0035822763419558444
2024-12-26 00:00:00+00:00,20260201_193431_8feb5101_StateSignal_XLE,0.0019073521719250922,0.0019073521719250922,0.902939114230632,0.902939114230632,0.0,0.0,0.35389966907454545,0.0019073521719250922
2024-12-27 00:00:00+00:00,20260201_193431_8feb5101_StateSignal_XLE,-0.0005191683117983793,-0.0005191683117983793,0.9024703368550401,0.9024703368550401,0.0,0.0,0.35389966907454545,-0.0005191683117983793
2024-12-30 00:00:00+00:00,20260201_193431_8feb5101_StateSignal_XLE,0.0004326931326084546,0.0004326931326084546,0.9028608295721801,0.9028608295721801,0.0,0.0,0.35389966907454545,0.0004326931326084546
2024-12-31 00:00:00+00:00,20260201_193431_8feb5101_StateSignal_XLE,0.0006048829902595218,0.0006048829902595218,0.90340695473056,0.90340695473056,0.0,0.0,0.35389966907454545,0.0006048829902595218
2025-01-02 00:00:00+00:00,20260201_193431_8feb5101_StateSignal_XLE,0.002922542322770348,0.002922542322770348,0.9060471997904451,0.9060471997904451,0.0,0.0,0.15504002621296673,0.002922542322770348
2025-01-03 00:00:00+00:00,20260201_193431_8feb5101_StateSignal_XLE,0.0015878955347671485,0.0015878955347671485,0.9074859080932808,0.9074859080932808,0.0,0.0,0.15504002621296673,0.0015878955347671485
2025-01-06 00:00:00+00:00,20260201_193431_8feb5101_StateSignal_XLE,0.0010617967489806772,0.0010617967489806772,0.9084494736802401,0.9084494736802401,0.0,0.0,0.15504002621296673,0.0010617967489806772
2025-01-07 00:00:00+00:00,20260201_193431_8feb5101_StateSignal_XLE,-0.0002556307688982226,-0.0002556307688982226,0.908217246042778,0.908217246042778,0.0,0.0,0.15504002621296673,-0.0002556307688982226
2025-01-08 00:00:00+00:00,20260201_193431_8feb5101_StateSignal_XLE,-0.0008061659800824546,-0.0008061659800824546,0.9074850721964941,0.9074850721964941,0.0,0.0,0.15504002621296673,-0.0008061659800824546
2025-01-10 00:00:00+00:00,20260201_193431_8feb5101_StateSignal_XLE,0.003631079927138486,0.003631079927138486,0.9107802230263246,0.9107802230263246,0.0,0.0,0.15504002621296673,0.003631079927138486
2025-01-13 00:00:00+00:00,20260201_193431_8feb5101_StateSignal_XLE,-0.0007915729835280317,-0.0007915729835280317,0.9100592740078453,0.9100592740078453,0.0,0.0,0.15504002621296673,-0.0007915729835280317
2025-01-14 00:00:00+00:00,20260201_193431_8feb5101_StateSignal_XLE,0.0021138077971657706,0.0021138077971657706,0.9119829643971261,0.9119829643971261,0.0,0.0,0.15504002621296673,0.0021138077971657706
2025-01-15 00:00:00+00:00,20260201_193431_8feb5101_StateSignal_XLE,0.0028209106814755945,0.0028209106814755945,0.9145555868827178,0.9145555868827178,0.0,0.0,0.15504002621296673,0.0028209106814755945
2025-01-16 00:00:00+00:00,20260201_193431_8feb5101_StateSignal_XLE,0.0009058544154907328,0.0009058544154907328,0.9153840410993072,0.9153840410993072,0.0,0.0,0.15504002621296673,0.0009058544154907328
2025-01-17 00:00:00+00:00,20260201_193431_8feb5101_StateSignal_XLE,0.0014177953324072132,0.0014177953324072132,0.9166818683201379,0.9166818683201379,0.0,0.0,0.15504002621296673,0.0014177953324072132
2025-01-21 00:00:00+00:00,20260201_193431_8feb5101_StateSignal_XLE,0.0009266393290427386,0.0009266393290427386,0.9175313017915437,0.9175313017915437,0.0,0.0,0.15504002621296673,0.0009266393290427386
2025-01-22 00:00:00+00:00,20260201_193431_8feb5101_StateSignal_XLE,-0.0007546210863737076,-0.0007546210863737076,0.916838913323804,0.916838913323804,0.0,0.0,0.15504002621296673,-0.0007546210863737076
2025-01-23 00:00:00+00:00,20260201_193431_8feb5101_StateSignal_XLE,-0.0011388634102463585,-0.0011388634102463585,0.9157947590323294,0.9157947590323294,0.0,0.0,0.15504002621296673,-0.0011388634102463585
2025-01-24 00:00:00+00:00,20260201_193431_8feb5101_StateSignal_XLE,-0.00034676826402561643,-0.00034676826402561643,0.915477190473536,0.915477190473536,0.0,0.0,0.15504002621296673,-0.00034676826402561643
2025-01-27 00:00:00+00:00,20260201_193431_8feb5101_StateSignal_XLE,-0.0023435712456393613,-0.0023435712456393613,0.9133317044539035,0.9133317044539035,0.0,0.0,0.15504002621296673,-0.0023435712456393613
2025-01-28 00:00:00+00:00,20260201_193431_8feb5101_StateSignal_XLE,-0.0004235104646996079,-0.0004235104646996079,0.9129448989193254,0.9129448989193254,0.0,0.0,0.15504002621296673,-0.0004235104646996079
2025-01-29 00:00:00+00:00,20260201_193431_8feb5101_StateSignal_XLE,-0.0022784707831663255,-0.0022784707831663255,0.9108647806404969,0.9108647806404969,0.0,0.0,0.15504002621296673,-0.0022784707831663255
2025-01-30 00:00:00+00:00,20260201_193431_8feb5101_StateSignal_XLE,0.0017474506514941694,0.0017474506514941694,0.9124564718948501,0.9124564718948501,0.0,0.0,0.15504002621296673,0.0017474506514941694
2025-01-31 00:00:00+00:00,20260201_193431_8feb5101_StateSignal_XLE,-0.0006396342952446421,-0.0006396342952446421,0.9118728334425082,0.9118728334425082,0.0,0.0,0.15504002621296673,-0.0006396342952446421
2025-02-03 00:00:00+00:00,20260201_193431_8feb5101_StateSignal_XLE,-0.004442918631353151,-0.004442918631353151,0.9078214566413817,0.9078214566413817,0.0,0.0,0.15504002621296673,-0.004442918631353151
2025-02-04 00:00:00+00:00,20260201_193431_8feb5101_StateSignal_XLE,0.001223994733979047,0.001223994733979047,0.9089326253237039,0.9089326253237039,0.0,0.0,0.43217185177325024,0.001223994733979047
2025-02-05 00:00:00+00:00,20260201_193431_8feb5101_StateSignal_XLE,0.011259824478084426,0.011259824478084426,0.9191670471472533,0.9191670471472533,0.0,0.0,0.43217185177325024,0.011259824478084426
2025-02-06 00:00:00+00:00,20260201_193431_8feb5101_StateSignal_XLE,0.0036562144481329713,0.0036562144481329713,0.9225277189852807,0.9225277189852807,0.0,0.0,0.43217185177325024,0.0036562144481329713
2025-02-07 00:00:00+00:00,20260201_193431_8feb5101_StateSignal_XLE,-0.009048447061656435,-0.009048447061656435,0.9141802757571318,0.9141802757571318,0.0,0.0,0.43217185177325024,-0.009048447061656435
2025-02-10 00:00:00+00:00,20260201_193431_8feb5101_StateSignal_XLE,0.002404857687600881,0.002404857687600881,0.9163787492211394,0.9163787492211394,0.0,0.0,0.43217185177325024,0.002404857687600881
2025-02-11 00:00:00+00:00,20260201_193431_8feb5101_StateSignal_XLE,0.007135308452899323,0.007135308452899323,0.9229173942565143,0.9229173942565143,0.0,0.0,0.43217185177325024,0.007135308452899323
2025-02-12 00:00:00+00:00,20260201_193431_8feb5101_StateSignal_XLE,-0.0017728131814737952,-0.0017728131814737952,0.9212812341345649,0.9212812341345649,0.0,0.0,0.43217185177325024,-0.0017728131814737952
2025-02-13 00:00:00+00:00,20260201_193431_8feb5101_StateSignal_XLE,-0.008169466830114668,-0.008169466830114668,0.9137548576510954,0.9137548576510954,0.0,0.0,0.43217185177325024,-0.008169466830114668
2025-02-14 00:00:00+00:00,20260201_193431_8feb5101_StateSignal_XLE,0.006389351422710638,0.006389351422710638,0.9195931585508372,0.9195931585508372,0.0,0.0,0.43217185177325024,0.006389351422710638
2025-02-18 00:00:00+00:00,20260201_193431_8feb5101_StateSignal_XLE,0.0013851673773826257,0.0013851673773826257,0.920866948994526,0.920866948994526,0.0,0.0,0.43217185177325024,0.0013851673773826257
2025-02-19 00:00:00+00:00,20260201_193431_8feb5101_StateSignal_XLE,0.006762777247126354,0.006762777247126354,0.9270945670448169,0.9270945670448169,0.0,0.0,0.43217185177325024,0.006762777247126354
2025-02-20 00:00:00+00:00,20260201_193431_8feb5101_StateSignal_XLE,-9.725933466798156e-05,-9.725933466798156e-05,0.9270043984440518,0.9270043984440518,0.0,0.0,0.43217185177325024,-9.725933466798156e-05
2025-02-21 00:00:00+00:00,20260201_193431_8feb5101_StateSignal_XLE,0.0022314456558563734,0.0022314456558563734,0.9290729583819195,0.9290729583819195,0.0,0.0,0.43217185177325024,0.0022314456558563734
2025-02-24 00:00:00+00:00,20260201_193431_8feb5101_StateSignal_XLE,-0.005649385697493946,-0.005649385697493946,0.9238242668989083,0.9238242668989083,0.0,0.0,0.43217185177325024,-0.005649385697493946
2025-02-25 00:00:00+00:00,20260201_193431_8feb5101_StateSignal_XLE,-0.0008832855728221708,-0.0008832855728221708,0.9230082662521335,0.9230082662521335,0.0,0.0,0.43217185177325024,-0.0008832855728221708
2025-02-26 00:00:00+00:00,20260201_193431_8feb5101_StateSignal_XLE,-0.006732710258919284,-0.006732710258919284,0.9167939190288704,0.9167939190288704,0.0,0.0,0.43217185177325024,-0.006732710258919284
2025-02-27 00:00:00+00:00,20260201_193431_8feb5101_StateSignal_XLE,0.0007975492030928866,0.0007975492030928866,0.9175251072883923,0.9175251072883923,0.0,0.0,0.43217185177325024,0.0007975492030928866
2025-02-28 00:00:00+00:00,20260201_193431_8feb5101_StateSignal_XLE,-0.0019966395032632502,-0.0019966395032632502,0.9156931404139445,0.9156931404139445,0.0,0.0,0.43217185177325024,-0.0019966395032632502
2025-03-03 00:00:00+00:00,20260201_193431_8feb5101_StateSignal_XLE,0.010576259801266183,0.010576259801266183,0.9253777489651996,0.9253777489651996,0.0,0.0,0.43217185177325024,0.010576259801266183
2025-03-04 00:00:00+00:00,20260201_193431_8feb5101_StateSignal_XLE,-0.023474837966819054,-0.023474837966819054,0.9036546562501419,0.9036546562501419,0.0,0.0,0.43217185177325024,-0.023474837966819054
2025-03-05 00:00:00+00:00,20260201_193431_8feb5101_StateSignal_XLE,-0.004455953544447656,-0.004455953544447656,0.8996280130816674,0.8996280130816674,0.0,0.0,0.43217185177325024,-0.004455953544447656
2025-03-06 00:00:00+00:00,20260201_193431_8feb5101_StateSignal_XLE,-0.0015725629070564562,-0.0015725629070564562,0.8982132914381463,0.8982132914381463,0.0,0.0,0.2957840900684571,-0.0015725629070564562
2025-03-07 00:00:00+00:00,20260201_193431_8feb5101_StateSignal_XLE,0.003774351629033704,0.003774351629033704,0.9016034642379055,0.9016034642379055,0.0,0.0,0.2957840900684571,0.003774351629033704
2025-03-11 00:00:00+00:00,20260201_193431_8feb5101_StateSignal_XLE,0.006716294389226095,0.006716294389226095,0.9076588985260733,0.9076588985260733,0.0,0.0,0.2957840900684571,0.006716294389226095
2025-03-12 00:00:00+00:00,20260201_193431_8feb5101_StateSignal_XLE,-0.0033390844547657524,-0.0033390844547657524,0.9046281488077751,0.9046281488077751,0.0,0.0,0.2957840900684571,-0.0033390844547657524
2025-03-13 00:00:00+00:00,20260201_193431_8feb5101_StateSignal_XLE,0.00027970128804682834,0.00027970128804682834,0.9048811744662001,0.9048811744662001,0.0,0.0,0.2957840900684571,0.00027970128804682834
2025-03-14 00:00:00+00:00,20260201_193431_8feb5101_StateSignal_XLE,0.0006283625190095925,0.0006283625190095925,0.905449767880392,0.905449767880392,0.0,0.0,0.2957840900684571,0.0006283625190095925
2025-03-17 00:00:00+00:00,20260201_193431_8feb5101_StateSignal_XLE,0.007029682493598173,0.007029682493598173,0.9118147922624934,0.9118147922624934,0.0,0.0,0.2957840900684571,0.007029682493598173
2025-03-18 00:00:00+00:00,20260201_193431_8feb5101_StateSignal_XLE,0.006333659872826113,0.006333659872826113,0.9175899170236956,0.9175899170236956,0.0,0.0,0.2957840900684571,0.006333659872826113
2025-03-19 00:00:00+00:00,20260201_193431_8feb5101_StateSignal_XLE,-0.0005337860055818886,-0.0005337860055818886,0.9171001203671254,0.9171001203671254,0.0,0.0,0.2957840900684571,-0.0005337860055818886
2025-03-20 00:00:00+00:00,20260201_193431_8feb5101_StateSignal_XLE,0.0027916907872630277,0.0027916907872630277,0.919660380324152,0.919660380324152,0.0,0.0,0.2957840900684571,0.0027916907872630277
2025-03-21 00:00:00+00:00,20260201_193431_8feb5101_StateSignal_XLE,0.001254303344058792,0.001254303344058792,0.920813913414591,0.920813913414591,0.0,0.0,0.2957840900684571,0.001254303344058792
2025-03-24 00:00:00+00:00,20260201_193431_8feb5101_StateSignal_XLE,0.0003291976856991415,0.0003291976856991415,0.9211170432238467,0.9211170432238467,0.0,0.0,0.2957840900684571,0.0003291976856991415
2025-03-25 00:00:00+00:00,20260201_193431_8feb5101_StateSignal_XLE,0.0034671538812066855,0.0034671538812066855,0.9243106977553059,0.9243106977553059,0.0,0.0,0.2957840900684571,0.0034671538812066855
2025-03-26 00:00:00+00:00,20260201_193431_8feb5101_StateSignal_XLE,0.0030410094472782057,0.0030410094472782057,0.9271215353194001,0.9271215353194001,0.0,0.0,0.2957840900684571,0.0030410094472782057
2025-03-27 00:00:00+00:00,20260201_193431_8feb5101_StateSignal_XLE,-0.002196746458694522,-0.002196746458694522,0.9250848843699078,0.9250848843699078,0.0,0.0,0.2957840900684571,-0.002196746458694522
2025-03-28 00:00:00+00:00,20260201_193431_8feb5101_StateSignal_XLE,-0.00234388795147799,-0.00234388795147799,0.9229165890553387,0.9229165890553387,0.0,0.0,0.2957840900684571,-0.00234388795147799
2025-03-31 00:00:00+00:00,20260201_193431_8feb5101_StateSignal_XLE,-0.0016386972112165993,-0.0016386972112165993,0.9214042082146682,0.9214042082146682,0.0,0.0,0.2957840900684571,-0.0016386972112165993
2025-04-01 00:00:00+00:00,20260201_193431_8feb5101_StateSignal_XLE,0.0038528552965499206,0.0038528552965499206,0.9249542452985515,0.9249542452985515,0.0,0.0,0.2957840900684571,0.0038528552965499206
2025-04-02 00:00:00+00:00,20260201_193431_8feb5101_StateSignal_XLE,-0.0009747919074383737,-0.0009747919074383737,0.9240526073854838,0.9240526073854838,0.0,0.0,0.2957840900684571,-0.0009747919074383737
2025-04-03 00:00:00+00:00,20260201_193431_8feb5101_StateSignal_XLE,-0.011481115468280097,-0.011481115468280097,0.9134434527013258,0.9134434527013258,0.0,0.0,0.2957840900684571,-0.011481115468280097
2025-04-04 00:00:00+00:00,20260201_193431_8feb5101_StateSignal_XLE,-0.019509317486061398,-0.019509317486061398,0.8956227943770114,0.8956227943770114,0.0,0.0,0.2957840900684571,-0.019509317486061398
2025-04-07 00:00:00+00:00,20260201_193431_8feb5101_StateSignal_XLE,-0.03495175607665626,-0.03495175607665626,0.8643192049312529,0.8643192049312529,0.0,0.0,0.37089801908240105,-0.03495175607665626
2025-04-08 00:00:00+00:00,20260201_193431_8feb5101_StateSignal_XLE,0.020158249057959737,0.020158249057959737,0.8817423667298349,0.8817423667298349,0.0,0.0,0.37089801908240105,0.020158249057959737
2025-04-09 00:00:00+00:00,20260201_193431_8feb5101_StateSignal_XLE,-0.026385223692478043,-0.026385223692478043,0.8584773971445331,0.8584773971445331,0.0,0.0,0.37089801908240105,-0.026385223692478043
2025-04-10 00:00:00+00:00,20260201_193431_8feb5101_StateSignal_XLE,0.023924549064510407,0.023924549064510407,0.8790160817532906,0.8790160817532906,0.0,0.0,0.37089801908240105,0.023924549064510407
2025-04-11 00:00:00+00:00,20260201_193431_8feb5101_StateSignal_XLE,-0.012750875084216086,-0.012750875084216086,0.8678078574978373,0.8678078574978373,0.0,0.0,0.37089801908240105,-0.012750875084216086
2025-04-14 00:00:00+00:00,20260201_193431_8feb5101_StateSignal_XLE,0.013793922738248483,0.013793922738248483,0.8797783320358074,0.8797783320358074,0.0,0.0,0.37089801908240105,0.013793922738248483
2025-04-15 00:00:00+00:00,20260201_193431_8feb5101_StateSignal_XLE,-0.005533046311080547,-0.005533046311080547,0.874910477781168,0.874910477781168,0.0,0.0,0.37089801908240105,-0.005533046311080547
2025-04-16 00:00:00+00:00,20260201_193431_8feb5101_StateSignal_XLE,0.0018216560756546389,0.0018216560756546389,0.876504263768672,0.876504263768672,0.0,0.0,0.37089801908240105,0.0018216560756546389
2025-04-17 00:00:00+00:00,20260201_193431_8feb5101_StateSignal_XLE,0.0035219632552703356,0.0035219632552703356,0.879591279578753,0.879591279578753,0.0,0.0,0.37089801908240105,0.0035219632552703356
2025-04-21 00:00:00+00:00,20260201_193431_8feb5101_StateSignal_XLE,0.0002841042031539823,0.0002841042031539823,0.879841175158339,0.879841175158339,0.0,0.0,0.37089801908240105,0.0002841042031539823
2025-04-22 00:00:00+00:00,20260201_193431_8feb5101_StateSignal_XLE,-0.000378853985016106,-0.000378853985016106,0.879507843822949,0.879507843822949,0.0,0.0,0.37089801908240105,-0.000378853985016106
2025-04-23 00:00:00+00:00,20260201_193431_8feb5101_StateSignal_XLE,0.00843199277632857,0.00843199277632857,0.8869238476087884,0.8869238476087884,0.0,0.0,0.37089801908240105,0.00843199277632857
2025-04-24 00:00:00+00:00,20260201_193431_8feb5101_StateSignal_XLE,-0.0012061734827933368,-0.0012061734827933368,0.8858540635825457,0.8858540635825457,0.0,0.0,0.37089801908240105,-0.0012061734827933368
2025-04-25 00:00:00+00:00,20260201_193431_8feb5101_StateSignal_XLE,0.00018582065472972484,0.00018582065472972484,0.8860186735646357,0.8860186735646357,0.0,0.0,0.37089801908240105,0.00018582065472972484
2025-04-28 00:00:00+00:00,20260201_193431_8feb5101_StateSignal_XLE,0.002037906330723033,0.002037906330723033,0.8878242966286318,0.8878242966286318,0.0,0.0,0.37089801908240105,0.002037906330723033
2025-04-29 00:00:00+00:00,20260201_193431_8feb5101_StateSignal_XLE,-0.0009249331952527585,-0.0009249331952527585,0.887003118465128,0.887003118465128,0.0,0.0,0.37089801908240105,-0.0009249331952527585
2025-04-30 00:00:00+00:00,20260201_193431_8feb5101_StateSignal_XLE,-0.004003707716009112,-0.004003707716009112,0.8834518172356051,0.8834518172356051,0.0,0.0,0.37089801908240105,-0.004003707716009112
2025-05-01 00:00:00+00:00,20260201_193431_8feb5101_StateSignal_XLE,-0.0063257654698253936,-0.0063257654698253936,0.8778633082358815,0.8778633082358815,0.0,0.0,0.37089801908240105,-0.0063257654698253936
2025-05-02 00:00:00+00:00,20260201_193431_8feb5101_StateSignal_XLE,0.009030679395634508,0.009030679395634508,0.8857910103257509,0.8857910103257509,0.0,0.0,0.37089801908240105,0.009030679395634508
2025-05-05 00:00:00+00:00,20260201_193431_8feb5101_StateSignal_XLE,-0.004487855338317481,-0.004487855338317481,0.8818157084114269,0.8818157084114269,0.0,0.0,0.37089801908240105,-0.004487855338317481
2025-05-06 00:00:00+00:00,20260201_193431_8feb5101_StateSignal_XLE,-0.00018817758855334661,-0.00018817758855334661,0.8816497704578695,0.8816497704578695,0.0,0.0,0.37089801908240105,-0.00018817758855334661
2025-05-07 00:00:00+00:00,20260201_193431_8feb5101_StateSignal_XLE,0.0,0.0,0.8816497704578695,0.8816497704578695,0.0,0.0,0.0,-0.0
2025-05-08 00:00:00+00:00,20260201_193431_8feb5101_StateSignal_XLE,0.0,0.0,0.8816497704578695,0.8816497704578695,0.0,0.0,0.0,0.0
2025-05-09 00:00:00+00:00,20260201_193431_8feb5101_StateSignal_XLE,0.0,0.0,0.8816497704578695,0.8816497704578695,0.0,0.0,0.0,0.0
2025-05-12 00:00:00+00:00,20260201_193431_8feb5101_StateSignal_XLE,0.0,0.0,0.8816497704578695,0.8816497704578695,0.0,0.0,0.0,0.0
2025-05-13 00:00:00+00:00,20260201_193431_8feb5101_StateSignal_XLE,0.0,0.0,0.8816497704578695,0.8816497704578695,0.0,0.0,0.0,-0.0
2025-05-14 00:00:00+00:00,20260201_193431_8feb5101_StateSignal_XLE,0.0,0.0,0.8816497704578695,0.8816497704578695,0.0,0.0,0.0,0.0
2025-05-15 00:00:00+00:00,20260201_193431_8feb5101_StateSignal_XLE,0.0,0.0,0.8816497704578695,0.8816497704578695,0.0,0.0,0.0,-0.0
2025-05-16 00:00:00+00:00,20260201_193431_8feb5101_StateSignal_XLE,0.0,0.0,0.8816497704578695,0.8816497704578695,0.0,0.0,0.0,0.0
2025-05-19 00:00:00+00:00,20260201_193431_8feb5101_StateSignal_XLE,0.0,0.0,0.8816497704578695,0.8816497704578695,0.0,0.0,0.0,-0.0
2025-05-20 00:00:00+00:00,20260201_193431_8feb5101_StateSignal_XLE,0.0,0.0,0.8816497704578695,0.8816497704578695,0.0,0.0,0.0,-0.0
2025-05-21 00:00:00+00:00,20260201_193431_8feb5101_StateSignal_XLE,0.0,0.0,0.8816497704578695,0.8816497704578695,0.0,0.0,0.0,-0.0
2025-05-22 00:00:00+00:00,20260201_193431_8feb5101_StateSignal_XLE,0.0,0.0,0.8816497704578695,0.8816497704578695,0.0,0.0,0.0,-0.0
2025-05-23 00:00:00+00:00,20260201_193431_8feb5101_StateSignal_XLE,0.0,0.0,0.8816497704578695,0.8816497704578695,0.0,0.0,0.0,-0.0
2025-05-27 00:00:00+00:00,20260201_193431_8feb5101_StateSignal_XLE,0.0,0.0,0.8816497704578695,0.8816497704578695,0.0,0.0,0.0,0.0
2025-05-28 00:00:00+00:00,20260201_193431_8feb5101_StateSignal_XLE,0.0,0.0,0.8816497704578695,0.8816497704578695,0.0,0.0,0.0,0.0
2025-05-29 00:00:00+00:00,20260201_193431_8feb5101_StateSignal_XLE,0.0,0.0,0.8816497704578695,0.8816497704578695,0.0,0.0,0.0,-0.0
2025-05-30 00:00:00+00:00,20260201_193431_8feb5101_StateSignal_XLE,0.0,0.0,0.8816497704578695,0.8816497704578695,0.0,0.0,0.0,-0.0
2025-06-02 00:00:00+00:00,20260201_193431_8feb5101_StateSignal_XLE,0.0,0.0,0.8816497704578695,0.8816497704578695,0.0,0.0,0.0,0.0
2025-06-03 00:00:00+00:00,20260201_193431_8feb5101_StateSignal_XLE,0.0,0.0,0.8816497704578695,0.8816497704578695,0.0,0.0,0.0,-0.0
2025-06-04 00:00:00+00:00,20260201_193431_8feb5101_StateSignal_XLE,0.0,0.0,0.8816497704578695,0.8816497704578695,0.0,0.0,0.0,0.0
2025-06-05 00:00:00+00:00,20260201_193431_8feb5101_StateSignal_XLE,0.0,0.0,0.8816497704578695,0.8816497704578695,0.0,0.0,0.0,-0.0
2025-06-06 00:00:00+00:00,20260201_193431_8feb5101_StateSignal_XLE,0.0005460792504475201,0.0005460792504475201,0.8821312211036784,0.8821312211036784,0.0,0.0,0.3142685295593669,0.0005460792504475201
2025-06-09 00:00:00+00:00,20260201_193431_8feb5101_StateSignal_XLE,0.0037962147652461464,0.0037962147652461464,0.8854799806701168,0.8854799806701168,0.0,0.0,0.3142685295593669,0.0037962147652461464
2025-06-10 00:00:00+00:00,20260201_193431_8feb5101_StateSignal_XLE,0.0023017817465366577,0.0023017817465366577,0.887518162326547,0.887518162326547,0.0,0.0,0.3142685295593669,0.0023017817465366577
2025-06-11 00:00:00+00:00,20260201_193431_8feb5101_StateSignal_XLE,0.004779553164132209,0.004779553164132209,0.8917601025675196,0.8917601025675196,0.0,0.0,0.3142685295593669,0.004779553164132209
2025-06-12 00:00:00+00:00,20260201_193431_8feb5101_StateSignal_XLE,0.0024001531807854807,0.0024001531807854807,0.8939004634141947,0.8939004634141947,0.0,0.0,0.3142685295593669,0.0024001531807854807
2025-06-13 00:00:00+00:00,20260201_193431_8feb5101_StateSignal_XLE,0.00694626015576281,0.00694626015576281,0.9001097285864267,0.9001097285864267,0.0,0.0,0.3142685295593669,0.00694626015576281
2025-06-16 00:00:00+00:00,20260201_193431_8feb5101_StateSignal_XLE,-0.0006584606683151258,-0.0006584606683151258,0.8995170417329847,0.8995170417329847,0.0,0.0,0.3142685295593669,-0.0006584606683151258
2025-06-17 00:00:00+00:00,20260201_193431_8feb5101_StateSignal_XLE,0.002334952219130883,0.002334952219130883,0.9016173710457253,0.9016173710457253,0.0,0.0,0.3142685295593669,0.002334952219130883
2025-06-18 00:00:00+00:00,20260201_193431_8feb5101_StateSignal_XLE,0.0010161116043281707,0.0010161116043281707,0.9025335149191086,0.9025335149191086,0.0,0.0,0.3142685295593669,0.0010161116043281707
2025-06-20 00:00:00+00:00,20260201_193431_8feb5101_StateSignal_XLE,-0.0019625946281529665,-0.0019625946281529665,0.9007622074910003,0.9007622074910003,0.0,0.0,0.3142685295593669,-0.0019625946281529665
2025-06-23 00:00:00+00:00,20260201_193431_8feb5101_StateSignal_XLE,0.006209044955740284,0.006209044955740284,0.9063550805317439,0.9063550805317439,0.0,0.0,0.3142685295593669,0.006209044955740284
2025-06-24 00:00:00+00:00,20260201_193431_8feb5101_StateSignal_XLE,-0.01590923245187355,-0.01590923245187355,0.8919356668716277,0.8919356668716277,0.0,0.0,0.3142685295593669,-0.01590923245187355
2025-06-25 00:00:00+00:00,20260201_193431_8feb5101_StateSignal_XLE,-0.0009791477984820455,-0.0009791477984820455,0.8910623300270227,0.8910623300270227,0.0,0.0,0.3142685295593669,-0.0009791477984820455
2025-06-26 00:00:00+00:00,20260201_193431_8feb5101_StateSignal_XLE,-7.544557221671938e-05,-7.544557221671938e-05,0.890995103319653,0.890995103319653,0.0,0.0,0.3142685295593669,-7.544557221671938e-05
2025-06-27 00:00:00+00:00,20260201_193431_8feb5101_StateSignal_XLE,0.0036011111183582717,0.0036011111183582717,0.8942036756926202,0.8942036756926202,0.0,0.0,0.3142685295593669,0.0036011111183582717
2025-06-30 00:00:00+00:00,20260201_193431_8feb5101_StateSignal_XLE,-0.0032994374407088016,-0.0032994374407088016,0.8912533066054205,0.8912533066054205,0.0,0.0,0.3142685295593669,-0.0032994374407088016
2025-07-01 00:00:00+00:00,20260201_193431_8feb5101_StateSignal_XLE,0.0006777088444052466,0.0006777088444052466,0.8918573168539123,0.8918573168539123,0.0,0.0,0.3142685295593669,0.0006777088444052466
2025-07-02 00:00:00+00:00,20260201_193431_8feb5101_StateSignal_XLE,0.004332746239727154,0.004332746239727154,0.8957215082898843,0.8957215082898843,0.0,0.0,0.3142685295593669,0.004332746239727154
2025-07-03 00:00:00+00:00,20260201_193431_8feb5101_StateSignal_XLE,0.0020704825073760984,0.0020704825073760984,0.897576084004279,0.897576084004279,0.0,0.0,0.3142685295593669,0.0020704825073760984
2025-07-07 00:00:00+00:00,20260201_193431_8feb5101_StateSignal_XLE,-0.0006640257819724344,-0.0006640257819724344,0.8969800703432184,0.8969800703432184,0.0,0.0,0.3142685295593669,-0.0006640257819724344
2025-07-08 00:00:00+00:00,20260201_193431_8feb5101_StateSignal_XLE,-0.001629105356437508,-0.001629105356437508,0.8955187953060045,0.8955187953060045,0.0,0.0,0.3142685295593669,-0.001629105356437508
2025-07-09 00:00:00+00:00,20260201_193431_8feb5101_StateSignal_XLE,0.0,0.0,0.8955187953060045,0.8955187953060045,0.0,0.0,0.0,0.0
2025-07-10 00:00:00+00:00,20260201_193431_8feb5101_StateSignal_XLE,0.0,0.0,0.8955187953060045,0.8955187953060045,0.0,0.0,0.0,-0.0
2025-07-11 00:00:00+00:00,20260201_193431_8feb5101_StateSignal_XLE,0.0,0.0,0.8955187953060045,0.8955187953060045,0.0,0.0,0.0,0.0
2025-07-14 00:00:00+00:00,20260201_193431_8feb5101_StateSignal_XLE,0.0,0.0,0.8955187953060045,0.8955187953060045,0.0,0.0,0.0,0.0
2025-07-15 00:00:00+00:00,20260201_193431_8feb5101_StateSignal_XLE,0.0,0.0,0.8955187953060045,0.8955187953060045,0.0,0.0,0.0,-0.0
2025-07-16 00:00:00+00:00,20260201_193431_8feb5101_StateSignal_XLE,0.0,0.0,0.8955187953060045,0.8955187953060045,0.0,0.0,0.0,-0.0
2025-07-17 00:00:00+00:00,20260201_193431_8feb5101_StateSignal_XLE,0.0,0.0,0.8955187953060045,0.8955187953060045,0.0,0.0,0.0,-0.0
2025-07-18 00:00:00+00:00,20260201_193431_8feb5101_StateSignal_XLE,0.0,0.0,0.8955187953060045,0.8955187953060045,0.0,0.0,0.0,0.0
2025-07-21 00:00:00+00:00,20260201_193431_8feb5101_StateSignal_XLE,0.0,0.0,0.8955187953060045,0.8955187953060045,0.0,0.0,0.0,-0.0
2025-07-22 00:00:00+00:00,20260201_193431_8feb5101_StateSignal_XLE,0.0,0.0,0.8955187953060045,0.8955187953060045,0.0,0.0,0.0,-0.0
2025-07-23 00:00:00+00:00,20260201_193431_8feb5101_StateSignal_XLE,0.0,0.0,0.8955187953060045,0.8955187953060045,0.0,0.0,0.0,0.0
2025-07-24 00:00:00+00:00,20260201_193431_8feb5101_StateSignal_XLE,0.0,0.0,0.8955187953060045,0.8955187953060045,0.0,0.0,0.0,0.0
2025-07-25 00:00:00+00:00,20260201_193431_8feb5101_StateSignal_XLE,0.0,0.0,0.8955187953060045,0.8955187953060045,0.0,0.0,0.0,0.0
2025-07-28 00:00:00+00:00,20260201_193431_8feb5101_StateSignal_XLE,0.0,0.0,0.8955187953060045,0.8955187953060045,0.0,0.0,0.0,0.0
2025-07-29 00:00:00+00:00,20260201_193431_8feb5101_StateSignal_XLE,0.0,0.0,0.8955187953060045,0.8955187953060045,0.0,0.0,0.0,0.0
2025-07-30 00:00:00+00:00,20260201_193431_8feb5101_StateSignal_XLE,0.0,0.0,0.8955187953060045,0.8955187953060045,0.0,0.0,0.0,0.0
2025-07-31 00:00:00+00:00,20260201_193431_8feb5101_StateSignal_XLE,0.0,0.0,0.8955187953060045,0.8955187953060045,0.0,0.0,0.0,-0.0
2025-08-01 00:00:00+00:00,20260201_193431_8feb5101_StateSignal_XLE,0.0,0.0,0.8955187953060045,0.8955187953060045,0.0,0.0,0.0,0.0
2025-08-04 00:00:00+00:00,20260201_193431_8feb5101_StateSignal_XLE,0.0,0.0,0.8955187953060045,0.8955187953060045,0.0,0.0,0.0,-0.0
2025-08-05 00:00:00+00:00,20260201_193431_8feb5101_StateSignal_XLE,0.0,0.0,0.8955187953060045,0.8955187953060045,0.0,0.0,0.0,0.0
2025-08-06 00:00:00+00:00,20260201_193431_8feb5101_StateSignal_XLE,0.0,0.0,0.8955187953060045,0.8955187953060045,0.0,0.0,0.0,0.0
2025-08-07 00:00:00+00:00,20260201_193431_8feb5101_StateSignal_XLE,0.0,0.0,0.8955187953060045,0.8955187953060045,0.0,0.0,0.0,-0.0
2025-08-08 00:00:00+00:00,20260201_193431_8feb5101_StateSignal_XLE,0.0,0.0,0.8955187953060045,0.8955187953060045,0.0,0.0,0.0,-0.0
2025-08-11 00:00:00+00:00,20260201_193431_8feb5101_StateSignal_XLE,0.0,0.0,0.8955187953060045,0.8955187953060045,0.0,0.0,0.0,0.0
2025-08-12 00:00:00+00:00,20260201_193431_8feb5101_StateSignal_XLE,0.0,0.0,0.8955187953060045,0.8955187953060045,0.0,0.0,0.0,-0.0
2025-08-13 00:00:00+00:00,20260201_193431_8feb5101_StateSignal_XLE,0.0,0.0,0.8955187953060045,0.8955187953060045,0.0,0.0,0.0,0.0
2025-08-14 00:00:00+00:00,20260201_193431_8feb5101_StateSignal_XLE,0.0,0.0,0.8955187953060045,0.8955187953060045,0.0,0.0,0.0,0.0
2025-08-15 00:00:00+00:00,20260201_193431_8feb5101_StateSignal_XLE,0.0,0.0,0.8955187953060045,0.8955187953060045,0.0,0.0,0.0,0.0
2025-08-18 00:00:00+00:00,20260201_193431_8feb5101_StateSignal_XLE,0.0,0.0,0.8955187953060045,0.8955187953060045,0.0,0.0,0.0,-0.0
2025-08-19 00:00:00+00:00,20260201_193431_8feb5101_StateSignal_XLE,0.0,0.0,0.8955187953060045,0.8955187953060045,0.0,0.0,0.0,-0.0
2025-08-20 00:00:00+00:00,20260201_193431_8feb5101_StateSignal_XLE,0.0,0.0,0.8955187953060045,0.8955187953060045,0.0,0.0,0.0,0.0
2025-08-21 00:00:00+00:00,20260201_193431_8feb5101_StateSignal_XLE,0.0,0.0,0.8955187953060045,0.8955187953060045,0.0,0.0,0.0,0.0
2025-08-22 00:00:00+00:00,20260201_193431_8feb5101_StateSignal_XLE,0.0,0.0,0.8955187953060045,0.8955187953060045,0.0,0.0,0.0,0.0
2025-08-25 00:00:00+00:00,20260201_193431_8feb5101_StateSignal_XLE,0.0,0.0,0.8955187953060045,0.8955187953060045,0.0,0.0,0.0,0.0
2025-08-26 00:00:00+00:00,20260201_193431_8feb5101_StateSignal_XLE,0.0,0.0,0.8955187953060045,0.8955187953060045,0.0,0.0,0.0,-0.0
2025-08-27 00:00:00+00:00,20260201_193431_8feb5101_StateSignal_XLE,0.0,0.0,0.8955187953060045,0.8955187953060045,0.0,0.0,0.0,0.0
2025-08-28 00:00:00+00:00,20260201_193431_8feb5101_StateSignal_XLE,0.0,0.0,0.8955187953060045,0.8955187953060045,0.0,0.0,0.0,0.0
2025-08-29 00:00:00+00:00,20260201_193431_8feb5101_StateSignal_XLE,0.0,0.0,0.8955187953060045,0.8955187953060045,0.0,0.0,0.0,0.0
2025-09-02 00:00:00+00:00,20260201_193431_8feb5101_StateSignal_XLE,0.0,0.0,0.8955187953060045,0.8955187953060045,0.0,0.0,0.0,0.0
2025-09-03 00:00:00+00:00,20260201_193431_8feb5101_StateSignal_XLE,0.0,0.0,0.8955187953060045,0.8955187953060045,0.0,0.0,0.0,-0.0
2025-09-04 00:00:00+00:00,20260201_193431_8feb5101_StateSignal_XLE,0.0,0.0,0.8955187953060045,0.8955187953060045,0.0,0.0,0.0,-0.0
2025-09-05 00:00:00+00:00,20260201_193431_8feb5101_StateSignal_XLE,0.0,0.0,0.8955187953060045,0.8955187953060045,0.0,0.0,0.0,-0.0
2025-09-08 00:00:00+00:00,20260201_193431_8feb5101_StateSignal_XLE,0.0,0.0,0.8955187953060045,0.8955187953060045,0.0,0.0,0.0,-0.0
2025-09-09 00:00:00+00:00,20260201_193431_8feb5101_StateSignal_XLE,0.0,0.0,0.8955187953060045,0.8955187953060045,0.0,0.0,0.0,-0.0
2025-09-10 00:00:00+00:00,20260201_193431_8feb5101_StateSignal_XLE,0.0,0.0,0.8955187953060045,0.8955187953060045,0.0,0.0,0.0,0.0
2025-09-11 00:00:00+00:00,20260201_193431_8feb5101_StateSignal_XLE,0.0,0.0,0.8955187953060045,0.8955187953060045,0.0,0.0,0.0,0.0
2025-09-12 00:00:00+00:00,20260201_193431_8feb5101_StateSignal_XLE,0.0,0.0,0.8955187953060045,0.8955187953060045,0.0,0.0,0.0,0.0
2025-09-15 00:00:00+00:00,20260201_193431_8feb5101_StateSignal_XLE,0.0,0.0,0.8955187953060045,0.8955187953060045,0.0,0.0,0.0,-0.0
2025-09-16 00:00:00+00:00,20260201_193431_8feb5101_StateSignal_XLE,0.0,0.0,0.8955187953060045,0.8955187953060045,0.0,0.0,0.0,0.0
2025-09-17 00:00:00+00:00,20260201_193431_8feb5101_StateSignal_XLE,0.0,0.0,0.8955187953060045,0.8955187953060045,0.0,0.0,0.0,0.0
2025-09-18 00:00:00+00:00,20260201_193431_8feb5101_StateSignal_XLE,0.0,0.0,0.8955187953060045,0.8955187953060045,0.0,0.0,0.0,0.0
2025-09-19 00:00:00+00:00,20260201_193431_8feb5101_StateSignal_XLE,0.0,0.0,0.8955187953060045,0.8955187953060045,0.0,0.0,0.0,-0.0
2025-09-22 00:00:00+00:00,20260201_193431_8feb5101_StateSignal_XLE,0.0,0.0,0.8955187953060045,0.8955187953060045,0.0,0.0,0.0,-0.0
2025-09-23 00:00:00+00:00,20260201_193431_8feb5101_StateSignal_XLE,0.0,0.0,0.8955187953060045,0.8955187953060045,0.0,0.0,0.0,0.0
2025-09-24 00:00:00+00:00,20260201_193431_8feb5101_StateSignal_XLE,0.0,0.0,0.8955187953060045,0.8955187953060045,0.0,0.0,0.0,0.0
2025-09-25 00:00:00+00:00,20260201_193431_8feb5101_StateSignal_XLE,0.0,0.0,0.8955187953060045,0.8955187953060045,0.0,0.0,0.0,0.0
2025-09-26 00:00:00+00:00,20260201_193431_8feb5101_StateSignal_XLE,0.0,0.0,0.8955187953060045,0.8955187953060045,0.0,0.0,0.0,0.0
2025-09-29 00:00:00+00:00,20260201_193431_8feb5101_StateSignal_XLE,0.0,0.0,0.8955187953060045,0.8955187953060045,0.0,0.0,0.0,0.0
2025-09-30 00:00:00+00:00,20260201_193431_8feb5101_StateSignal_XLE,0.0,0.0,0.8955187953060045,0.8955187953060045,0.0,0.0,0.0,-0.0
2025-10-01 00:00:00+00:00,20260201_193431_8feb5101_StateSignal_XLE,0.0,0.0,0.8955187953060045,0.8955187953060045,0.0,0.0,0.0,-0.0
2025-10-02 00:00:00+00:00,20260201_193431_8feb5101_StateSignal_XLE,0.0,0.0,0.8955187953060045,0.8955187953060045,0.0,0.0,0.0,0.0
2025-10-03 00:00:00+00:00,20260201_193431_8feb5101_StateSignal_XLE,0.0,0.0,0.8955187953060045,0.8955187953060045,0.0,0.0,0.0,-0.0
2025-10-06 00:00:00+00:00,20260201_193431_8feb5101_StateSignal_XLE,0.0,0.0,0.8955187953060045,0.8955187953060045,0.0,0.0,0.0,0.0
2025-10-07 00:00:00+00:00,20260201_193431_8feb5101_StateSignal_XLE,0.0,0.0,0.8955187953060045,0.8955187953060045,0.0,0.0,0.0,-0.0
2025-10-08 00:00:00+00:00,20260201_193431_8feb5101_StateSignal_XLE,0.0,0.0,0.8955187953060045,0.8955187953060045,0.0,0.0,0.0,0.0
2025-10-09 00:00:00+00:00,20260201_193431_8feb5101_StateSignal_XLE,0.0,0.0,0.8955187953060045,0.8955187953060045,0.0,0.0,1.0,0.0
2025-10-10 00:00:00+00:00,20260201_193431_8feb5101_StateSignal_XLE,-0.025144181801024956,-0.025144181801024956,0.8730017079105955,0.8730017079105955,0.0,0.0,1.0,-0.025144181801024956
2025-10-13 00:00:00+00:00,20260201_193431_8feb5101_StateSignal_XLE,-0.014690715410003996,-0.014690715410003996,0.8601766882672335,0.8601766882672335,0.0,0.0,1.0,-0.014690715410003996
2025-10-14 00:00:00+00:00,20260201_193431_8feb5101_StateSignal_XLE,-0.008018910894208808,-0.008018910894208808,0.8532790080507429,0.8532790080507429,0.0,0.0,1.0,-0.008018910894208808
2025-10-15 00:00:00+00:00,20260201_193431_8feb5101_StateSignal_XLE,0.019927983342335587,0.019927983342335587,0.8702831379095427,0.8702831379095427,0.0,0.0,1.0,0.019927983342335587
2025-10-16 00:00:00+00:00,20260201_193431_8feb5101_StateSignal_XLE,0.0,0.0,0.8702831379095427,0.8702831379095427,0.0,0.0,0.0,-0.0
2025-10-17 00:00:00+00:00,20260201_193431_8feb5101_StateSignal_XLE,0.0,0.0,0.8702831379095427,0.8702831379095427,0.0,0.0,0.0,-0.0
2025-10-20 00:00:00+00:00,20260201_193431_8feb5101_StateSignal_XLE,0.0,0.0,0.8702831379095427,0.8702831379095427,0.0,0.0,0.0,0.0
2025-10-21 00:00:00+00:00,20260201_193431_8feb5101_StateSignal_XLE,0.0,0.0,0.8702831379095427,0.8702831379095427,0.0,0.0,0.0,0.0
2025-10-22 00:00:00+00:00,20260201_193431_8feb5101_StateSignal_XLE,0.0,0.0,0.8702831379095427,0.8702831379095427,0.0,0.0,0.0,0.0
2025-10-23 00:00:00+00:00,20260201_193431_8feb5101_StateSignal_XLE,0.0,0.0,0.8702831379095427,0.8702831379095427,0.0,0.0,0.0,0.0
2025-10-24 00:00:00+00:00,20260201_193431_8feb5101_StateSignal_XLE,0.0,0.0,0.8702831379095427,0.8702831379095427,0.0,0.0,0.0,0.0
2025-10-27 00:00:00+00:00,20260201_193431_8feb5101_StateSignal_XLE,0.0,0.0,0.8702831379095427,0.8702831379095427,0.0,0.0,0.0,-0.0
2025-10-28 00:00:00+00:00,20260201_193431_8feb5101_StateSignal_XLE,0.0,0.0,0.8702831379095427,0.8702831379095427,0.0,0.0,0.0,-0.0
2025-10-29 00:00:00+00:00,20260201_193431_8feb5101_StateSignal_XLE,0.0,0.0,0.8702831379095427,0.8702831379095427,0.0,0.0,0.0,-0.0
2025-10-30 00:00:00+00:00,20260201_193431_8feb5101_StateSignal_XLE,0.0,0.0,0.8702831379095427,0.8702831379095427,0.0,0.0,0.0,0.0
2025-10-31 00:00:00+00:00,20260201_193431_8feb5101_StateSignal_XLE,0.0,0.0,0.8702831379095427,0.8702831379095427,0.0,0.0,0.0,-0.0
2025-11-03 00:00:00+00:00,20260201_193431_8feb5101_StateSignal_XLE,0.0,0.0,0.8702831379095427,0.8702831379095427,0.0,0.0,0.0,0.0
2025-11-04 00:00:00+00:00,20260201_193431_8feb5101_StateSignal_XLE,0.0,0.0,0.8702831379095427,0.8702831379095427,0.0,0.0,0.0,-0.0
2025-11-05 00:00:00+00:00,20260201_193431_8feb5101_StateSignal_XLE,0.0,0.0,0.8702831379095427,0.8702831379095427,0.0,0.0,0.0,0.0
2025-11-06 00:00:00+00:00,20260201_193431_8feb5101_StateSignal_XLE,0.0,0.0,0.8702831379095427,0.8702831379095427,0.0,0.0,0.0,0.0
2025-11-07 00:00:00+00:00,20260201_193431_8feb5101_StateSignal_XLE,0.0,0.0,0.8702831379095427,0.8702831379095427,0.0,0.0,0.0,0.0
2025-11-10 00:00:00+00:00,20260201_193431_8feb5101_StateSignal_XLE,0.0,0.0,0.8702831379095427,0.8702831379095427,0.0,0.0,0.0,0.0
2025-11-11 00:00:00+00:00,20260201_193431_8feb5101_StateSignal_XLE,0.0,0.0,0.8702831379095427,0.8702831379095427,0.0,0.0,0.0,0.0
2025-11-12 00:00:00+00:00,20260201_193431_8feb5101_StateSignal_XLE,0.0,0.0,0.8702831379095427,0.8702831379095427,0.0,0.0,0.0,0.0
2025-11-13 00:00:00+00:00,20260201_193431_8feb5101_StateSignal_XLE,0.0,0.0,0.8702831379095427,0.8702831379095427,0.0,0.0,0.0,-0.0
2025-11-14 00:00:00+00:00,20260201_193431_8feb5101_StateSignal_XLE,0.0,0.0,0.8702831379095427,0.8702831379095427,0.0,0.0,0.0,0.0
2025-11-17 00:00:00+00:00,20260201_193431_8feb5101_StateSignal_XLE,0.0,0.0,0.8702831379095427,0.8702831379095427,0.0,0.0,0.0,0.0
2025-11-18 00:00:00+00:00,20260201_193431_8feb5101_StateSignal_XLE,0.0,0.0,0.8702831379095427,0.8702831379095427,0.0,0.0,0.0,-0.0
2025-11-19 00:00:00+00:00,20260201_193431_8feb5101_StateSignal_XLE,0.0,0.0,0.8702831379095427,0.8702831379095427,0.0,0.0,0.0,-0.0
2025-11-20 00:00:00+00:00,20260201_193431_8feb5101_StateSignal_XLE,0.011231025508824821,0.011231025508824821,0.8800573100313049,0.8800573100313049,0.0,0.0,1.0,0.011231025508824821
2025-11-21 00:00:00+00:00,20260201_193431_8feb5101_StateSignal_XLE,-0.01598593087867739,-0.01598593087867739,0.8659887747038697,0.8659887747038697,0.0,0.0,1.0,-0.01598593087867739
2025-11-24 00:00:00+00:00,20260201_193431_8feb5101_StateSignal_XLE,0.004754905369852569,0.004754905369852569,0.8701064693789412,0.8701064693789412,0.0,0.0,1.0,0.004754905369852569
2025-11-25 00:00:00+00:00,20260201_193431_8feb5101_StateSignal_XLE,-0.008848611337020085,-0.008848611337020085,0.8624072354095802,0.8624072354095802,0.0,0.0,1.0,-0.008848611337020085
2025-11-26 00:00:00+00:00,20260201_193431_8feb5101_StateSignal_XLE,0.0004556846740961795,0.0004556846740961795,0.862800221169586,0.862800221169586,0.0,0.0,1.0,0.0004556846740961795
2025-11-28 00:00:00+00:00,20260201_193431_8feb5101_StateSignal_XLE,0.0,0.0,0.862800221169586,0.862800221169586,0.0,0.0,0.0,0.0
2025-12-01 00:00:00+00:00,20260201_193431_8feb5101_StateSignal_XLE,0.0,0.0,0.862800221169586,0.862800221169586,0.0,0.0,0.0,0.0
2025-12-02 00:00:00+00:00,20260201_193431_8feb5101_StateSignal_XLE,0.0,0.0,0.862800221169586,0.862800221169586,0.0,0.0,0.0,0.0
2025-12-03 00:00:00+00:00,20260201_193431_8feb5101_StateSignal_XLE,0.0,0.0,0.862800221169586,0.862800221169586,0.0,0.0,0.0,-0.0
2025-12-04 00:00:00+00:00,20260201_193431_8feb5101_StateSignal_XLE,0.0,0.0,0.862800221169586,0.862800221169586,0.0,0.0,0.0,0.0
2025-12-05 00:00:00+00:00,20260201_193431_8feb5101_StateSignal_XLE,0.0,0.0,0.862800221169586,0.862800221169586,0.0,0.0,0.0,0.0
2025-12-08 00:00:00+00:00,20260201_193431_8feb5101_StateSignal_XLE,0.0,0.0,0.862800221169586,0.862800221169586,0.0,0.0,0.0,-0.0
2025-12-09 00:00:00+00:00,20260201_193431_8feb5101_StateSignal_XLE,0.0,0.0,0.862800221169586,0.862800221169586,0.0,0.0,0.0,-0.0
2025-12-10 00:00:00+00:00,20260201_193431_8feb5101_StateSignal_XLE,0.0,0.0,0.862800221169586,0.862800221169586,0.0,0.0,0.0,0.0
2025-12-11 00:00:00+00:00,20260201_193431_8feb5101_StateSignal_XLE,0.0,0.0,0.862800221169586,0.862800221169586,0.0,0.0,0.0,0.0
2025-12-12 00:00:00+00:00,20260201_193431_8feb5101_StateSignal_XLE,0.0,0.0,0.862800221169586,0.862800221169586,0.0,0.0,0.0,0.0
2025-12-15 00:00:00+00:00,20260201_193431_8feb5101_StateSignal_XLE,0.0,0.0,0.862800221169586,0.862800221169586,0.0,0.0,0.0,-0.0
2025-12-16 00:00:00+00:00,20260201_193431_8feb5101_StateSignal_XLE,0.0,0.0,0.862800221169586,0.862800221169586,0.0,0.0,0.0,-0.0
2025-12-17 00:00:00+00:00,20260201_193431_8feb5101_StateSignal_XLE,0.0,0.0,0.862800221169586,0.862800221169586,0.0,0.0,0.0,-0.0
2025-12-18 00:00:00+00:00,20260201_193431_8feb5101_StateSignal_XLE,0.0,0.0,0.862800221169586,0.862800221169586,0.0,0.0,0.0,0.0
2025-12-19 00:00:00+00:00,20260201_193431_8feb5101_StateSignal_XLE,0.0,0.0,0.862800221169586,0.862800221169586,0.0,0.0,0.0,-0.0
2025-12-22 00:00:00+00:00,20260201_193431_8feb5101_StateSignal_XLE,0.0,0.0,0.862800221169586,0.862800221169586,0.0,0.0,0.0,0.0
2025-12-23 00:00:00+00:00,20260201_193431_8feb5101_StateSignal_XLE,0.0,0.0,0.862800221169586,0.862800221169586,0.0,0.0,0.0,0.0
2025-12-24 00:00:00+00:00,20260201_193431_8feb5101_StateSignal_XLE,0.0,0.0,0.862800221169586,0.862800221169586,0.0,0.0,0.0,0.0
2025-12-26 00:00:00+00:00,20260201_193431_8feb5101_StateSignal_XLE,0.0,0.0,0.862800221169586,0.862800221169586,0.0,0.0,0.0,-0.0
2025-12-29 00:00:00+00:00,20260201_193431_8feb5101_StateSignal_XLE,0.0,0.0,0.862800221169586,0.862800221169586,0.0,0.0,0.0,0.0
2025-12-30 00:00:00+00:00,20260201_193431_8feb5101_StateSignal_XLE,0.0,0.0,0.862800221169586,0.862800221169586,0.0,0.0,0.0,0.0
2025-12-31 00:00:00+00:00,20260201_193431_8feb5101_StateSignal_XLE,0.0,0.0,0.862800221169586,0.862800221169586,0.0,0.0,0.0,0.0
2026-01-02 00:00:00+00:00,20260201_193431_8feb5101_StateSignal_XLE,0.0,0.0,0.862800221169586,0.862800221169586,0.0,0.0,0.0,-0.0
2026-01-05 00:00:00+00:00,20260201_193431_8feb5101_StateSignal_XLE,0.0,0.0,0.862800221169586,0.862800221169586,0.0,0.0,0.0,0.0
2026-01-06 00:00:00+00:00,20260201_193431_8feb5101_StateSignal_XLE,0.0,0.0,0.862800221169586,0.862800221169586,0.0,0.0,0.0,-0.0
2026-01-07 00:00:00+00:00,20260201_193431_8feb5101_StateSignal_XLE,0.0,0.0,0.862800221169586,0.862800221169586,0.0,0.0,0.0,-0.0
2026-01-08 00:00:00+00:00,20260201_193431_8feb5101_StateSignal_XLE,0.0,0.0,0.862800221169586,0.862800221169586,0.0,0.0,0.0,-0.0
2026-01-09 00:00:00+00:00,20260201_193431_8feb5101_StateSignal_XLE,0.0,0.0,0.862800221169586,0.862800221169586,0.0,0.0,0.0,0.0
2026-01-12 00:00:00+00:00,20260201_193431_8feb5101_StateSignal_XLE,0.0,0.0,0.862800221169586,0.862800221169586,0.0,0.0,0.0,0.0
2026-01-13 00:00:00+00:00,20260201_193431_8feb5101_StateSignal_XLE,0.0,0.0,0.862800221169586,0.862800221169586,0.0,0.0,0.0,-0.0
2026-01-14 00:00:00+00:00,20260201_193431_8feb5101_StateSignal_XLE,0.0,0.0,0.862800221169586,0.862800221169586,0.0,0.0,0.0,0.0
2026-01-15 00:00:00+00:00,20260201_193431_8feb5101_StateSignal_XLE,0.0,0.0,0.862800221169586,0.862800221169586,0.0,0.0,0.0,0.0
2026-01-16 00:00:00+00:00,20260201_193431_8feb5101_StateSignal_XLE,0.0,0.0,0.862800221169586,0.862800221169586,0.0,0.0,0.0,0.0
2026-01-20 00:00:00+00:00,20260201_193431_8feb5101_StateSignal_XLE,0.0,0.0,0.862800221169586,0.862800221169586,0.0,0.0,0.0,0.0
2026-01-21 00:00:00+00:00,20260201_193431_8feb5101_StateSignal_XLE,0.0,0.0,0.862800221169586,0.862800221169586,0.0,0.0,0.0,-0.0
2026-01-22 00:00:00+00:00,20260201_193431_8feb5101_StateSignal_XLE,0.0,0.0,0.862800221169586,0.862800221169586,0.0,0.0,0.0,0.0
2026-01-23 00:00:00+00:00,20260201_193431_8feb5101_StateSignal_XLE,0.0,0.0,0.862800221169586,0.862800221169586,0.0,0.0,0.0,0.0
2026-01-26 00:00:00+00:00,20260201_193431_8feb5101_StateSignal_XLE,0.0,0.0,0.862800221169586,0.862800221169586,0.0,0.0,0.0,0.0
2026-01-27 00:00:00+00:00,20260201_193431_8feb5101_StateSignal_XLE,0.0,0.0,0.862800221169586,0.862800221169586,0.0,0.0,0.0,-0.0
2026-01-28 00:00:00+00:00,20260201_193431_8feb5101_StateSignal_XLE,0.0,0.0,0.862800221169586,0.862800221169586,0.0,0.0,0.0,0.0
2026-01-29 00:00:00+00:00,20260201_193431_8feb5101_StateSignal_XLE,0.0,0.0,0.862800221169586,0.862800221169586,0.0,0.0,0.0,0.0
2026-01-30 00:00:00+00:00,20260201_193431_8feb5101_StateSignal_XLE,0.0,0.0,0.862800221169586,0.862800221169586,0.0,0.0,0.0,-0.0
