timestamp,run_id,port_ret_gross,port_ret_net,equity_gross,equity_net,turnover,cost,weight_ret_xle,asset_ret_gross_ret_xle
2021-01-06 21:00:00+00:00,20260126_001632_dd9b60c3_StateSignal_XLE,0.0,0.0,1.0,1.0,0.0,0.0,0.0,-0.0
2021-01-07 21:00:00+00:00,20260126_001632_dd9b60c3_StateSignal_XLE,0.0,0.0,1.0,1.0,0.0,0.0,0.0,0.0
2021-01-08 21:00:00+00:00,20260126_001632_dd9b60c3_StateSignal_XLE,0.0,0.0,1.0,1.0,0.0,0.0,0.0,-0.0
2021-01-11 21:00:00+00:00,20260126_001632_dd9b60c3_StateSignal_XLE,0.0,0.0,1.0,1.0,0.0,0.0,0.0,0.0
2021-01-12 21:00:00+00:00,20260126_001632_dd9b60c3_StateSignal_XLE,0.0,0.0,1.0,1.0,0.0,0.0,0.0,0.0
2021-01-13 21:00:00+00:00,20260126_001632_dd9b60c3_StateSignal_XLE,0.0,0.0,1.0,1.0,0.0,0.0,0.0,-0.0
2021-01-14 21:00:00+00:00,20260126_001632_dd9b60c3_StateSignal_XLE,0.0,0.0,1.0,1.0,0.0,0.0,0.0,0.0
2021-01-15 21:00:00+00:00,20260126_001632_dd9b60c3_StateSignal_XLE,0.0,0.0,1.0,1.0,0.0,0.0,0.0,-0.0
2021-01-19 21:00:00+00:00,20260126_001632_dd9b60c3_StateSignal_XLE,0.0,0.0,1.0,1.0,0.0,0.0,0.0,0.0
2021-01-20 21:00:00+00:00,20260126_001632_dd9b60c3_StateSignal_XLE,0.0,0.0,1.0,1.0,0.0,0.0,0.0,0.0
2021-01-21 21:00:00+00:00,20260126_001632_dd9b60c3_StateSignal_XLE,0.0,0.0,1.0,1.0,0.0,0.0,0.0,-0.0
2021-01-22 21:00:00+00:00,20260126_001632_dd9b60c3_StateSignal_XLE,0.0,0.0,1.0,1.0,0.0,0.0,0.0,0.0
2021-01-25 21:00:00+00:00,20260126_001632_dd9b60c3_StateSignal_XLE,0.0,0.0,1.0,1.0,0.0,0.0,0.0,0.0
2021-01-26 21:00:00+00:00,20260126_001632_dd9b60c3_StateSignal_XLE,0.0,0.0,1.0,1.0,0.0,0.0,0.0,-0.0
2021-01-27 21:00:00+00:00,20260126_001632_dd9b60c3_StateSignal_XLE,0.0,0.0,1.0,1.0,0.0,0.0,0.0,0.0
2021-01-28 21:00:00+00:00,20260126_001632_dd9b60c3_StateSignal_XLE,0.0,0.0,1.0,1.0,0.0,0.0,0.0,-0.0
2021-01-29 21:00:00+00:00,20260126_001632_dd9b60c3_StateSignal_XLE,0.0,0.0,1.0,1.0,0.0,0.0,0.0,-0.0
2021-02-01 21:00:00+00:00,20260126_001632_dd9b60c3_StateSignal_XLE,0.0,0.0,1.0,1.0,0.0,0.0,0.0,0.0
2021-02-02 21:00:00+00:00,20260126_001632_dd9b60c3_StateSignal_XLE,0.0,0.0,1.0,1.0,0.0,0.0,0.0,-0.0
2021-02-03 21:00:00+00:00,20260126_001632_dd9b60c3_StateSignal_XLE,0.0,0.0,1.0,1.0,0.0,0.0,0.0,0.0
2021-02-04 21:00:00+00:00,20260126_001632_dd9b60c3_StateSignal_XLE,0.0,0.0,1.0,1.0,0.0,0.0,0.0,0.0
2021-02-05 21:00:00+00:00,20260126_001632_dd9b60c3_StateSignal_XLE,0.0,0.0,1.0,1.0,0.0,0.0,0.0,-0.0
2021-02-08 21:00:00+00:00,20260126_001632_dd9b60c3_StateSignal_XLE,0.0,0.0,1.0,1.0,0.0,0.0,0.0,0.0
2021-02-09 21:00:00+00:00,20260126_001632_dd9b60c3_StateSignal_XLE,0.0,0.0,1.0,1.0,0.0,0.0,0.0,0.0
2021-02-10 21:00:00+00:00,20260126_001632_dd9b60c3_StateSignal_XLE,0.0,0.0,1.0,1.0,0.0,0.0,0.0,0.0
2021-02-11 21:00:00+00:00,20260126_001632_dd9b60c3_StateSignal_XLE,0.0,0.0,1.0,1.0,0.0,0.0,0.0,-0.0
2021-02-12 21:00:00+00:00,20260126_001632_dd9b60c3_StateSignal_XLE,0.0,0.0,1.0,1.0,0.0,0.0,0.0,0.0
2021-02-16 21:00:00+00:00,20260126_001632_dd9b60c3_StateSignal_XLE,0.0,0.0,1.0,1.0,0.0,0.0,0.0,-0.0
2021-02-17 21:00:00+00:00,20260126_001632_dd9b60c3_StateSignal_XLE,0.0,0.0,1.0,1.0,0.0,0.0,0.0,0.0
2021-02-18 21:00:00+00:00,20260126_001632_dd9b60c3_StateSignal_XLE,0.0,0.0,1.0,1.0,0.0,0.0,0.0,-0.0
2021-02-19 21:00:00+00:00,20260126_001632_dd9b60c3_StateSignal_XLE,0.0,0.0,1.0,1.0,0.0,0.0,0.0,0.0
2021-02-22 21:00:00+00:00,20260126_001632_dd9b60c3_StateSignal_XLE,0.0,0.0,1.0,1.0,0.0,0.0,0.0,0.0
2021-02-23 21:00:00+00:00,20260126_001632_dd9b60c3_StateSignal_XLE,0.0,0.0,1.0,1.0,0.0,0.0,0.0,0.0
2021-02-24 21:00:00+00:00,20260126_001632_dd9b60c3_StateSignal_XLE,0.0,0.0,1.0,1.0,0.0,0.0,0.0,0.0
2021-02-25 21:00:00+00:00,20260126_001632_dd9b60c3_StateSignal_XLE,0.0,0.0,1.0,1.0,0.0,0.0,0.0,-0.0
2021-02-26 21:00:00+00:00,20260126_001632_dd9b60c3_StateSignal_XLE,0.0,0.0,1.0,1.0,0.0,0.0,0.0,-0.0
2021-03-01 21:00:00+00:00,20260126_001632_dd9b60c3_StateSignal_XLE,0.0,0.0,1.0,1.0,0.0,0.0,0.0,-0.0
2021-03-02 21:00:00+00:00,20260126_001632_dd9b60c3_StateSignal_XLE,0.0,0.0,1.0,1.0,0.0,0.0,0.0,-0.0
2021-03-03 21:00:00+00:00,20260126_001632_dd9b60c3_StateSignal_XLE,0.0,0.0,1.0,1.0,0.0,0.0,0.0,0.0
2021-03-04 21:00:00+00:00,20260126_001632_dd9b60c3_StateSignal_XLE,0.0,0.0,1.0,1.0,0.0,0.0,0.0,0.0
2021-03-05 21:00:00+00:00,20260126_001632_dd9b60c3_StateSignal_XLE,0.0,0.0,1.0,1.0,0.0,0.0,0.0,0.0
2021-03-08 21:00:00+00:00,20260126_001632_dd9b60c3_StateSignal_XLE,0.0,0.0,1.0,1.0,0.0,0.0,0.0,-0.0
2021-03-09 21:00:00+00:00,20260126_001632_dd9b60c3_StateSignal_XLE,0.0,0.0,1.0,1.0,0.0,0.0,0.0,-0.0
2021-03-10 21:00:00+00:00,20260126_001632_dd9b60c3_StateSignal_XLE,0.0,0.0,1.0,1.0,0.0,0.0,0.0,0.0
2021-03-11 21:00:00+00:00,20260126_001632_dd9b60c3_StateSignal_XLE,0.0,0.0,1.0,1.0,0.0,0.0,0.0,-0.0
2021-03-12 21:00:00+00:00,20260126_001632_dd9b60c3_StateSignal_XLE,0.0,0.0,1.0,1.0,0.0,0.0,0.0,-0.0
2021-03-15 20:00:00+00:00,20260126_001632_dd9b60c3_StateSignal_XLE,0.0,0.0,1.0,1.0,0.0,0.0,0.0,-0.0
2021-03-16 20:00:00+00:00,20260126_001632_dd9b60c3_StateSignal_XLE,0.0,0.0,1.0,1.0,0.0,0.0,0.0,-0.0
2021-03-17 20:00:00+00:00,20260126_001632_dd9b60c3_StateSignal_XLE,0.0,0.0,1.0,1.0,0.0,0.0,0.0,0.0
2021-03-18 20:00:00+00:00,20260126_001632_dd9b60c3_StateSignal_XLE,0.0,0.0,1.0,1.0,0.0,0.0,0.0,-0.0
2021-03-19 20:00:00+00:00,20260126_001632_dd9b60c3_StateSignal_XLE,0.0,0.0,1.0,1.0,0.0,0.0,0.0,0.0
2021-03-22 20:00:00+00:00,20260126_001632_dd9b60c3_StateSignal_XLE,0.0,0.0,1.0,1.0,0.0,0.0,0.0,-0.0
2021-03-23 20:00:00+00:00,20260126_001632_dd9b60c3_StateSignal_XLE,0.0,0.0,1.0,1.0,0.0,0.0,0.0,-0.0
2021-03-24 20:00:00+00:00,20260126_001632_dd9b60c3_StateSignal_XLE,0.0,0.0,1.0,1.0,0.0,0.0,0.0,-0.0
2021-03-25 20:00:00+00:00,20260126_001632_dd9b60c3_StateSignal_XLE,0.0,0.0,1.0,1.0,0.0,0.0,0.0,0.0
2021-03-26 20:00:00+00:00,20260126_001632_dd9b60c3_StateSignal_XLE,0.0,0.0,1.0,1.0,0.0,0.0,0.0,0.0
2021-03-29 20:00:00+00:00,20260126_001632_dd9b60c3_StateSignal_XLE,0.0,0.0,1.0,1.0,0.0,0.0,0.0,-0.0
2021-03-30 20:00:00+00:00,20260126_001632_dd9b60c3_StateSignal_XLE,0.0,0.0,1.0,1.0,0.0,0.0,0.0,0.0
2021-03-31 20:00:00+00:00,20260126_001632_dd9b60c3_StateSignal_XLE,0.0,0.0,1.0,1.0,0.0,0.0,0.0,-0.0
2021-04-01 20:00:00+00:00,20260126_001632_dd9b60c3_StateSignal_XLE,0.0,0.0,1.0,1.0,0.0,0.0,0.0,0.0
2021-04-05 20:00:00+00:00,20260126_001632_dd9b60c3_StateSignal_XLE,0.0,0.0,1.0,1.0,0.0,0.0,0.0,-0.0
2021-04-06 20:00:00+00:00,20260126_001632_dd9b60c3_StateSignal_XLE,0.0,0.0,1.0,1.0,0.0,0.0,0.0,-0.0
2021-04-07 20:00:00+00:00,20260126_001632_dd9b60c3_StateSignal_XLE,0.0,0.0,1.0,1.0,0.0,0.0,0.0,0.0
2021-04-08 20:00:00+00:00,20260126_001632_dd9b60c3_StateSignal_XLE,0.0,0.0,1.0,1.0,0.0,0.0,0.0,0.0
2021-04-09 20:00:00+00:00,20260126_001632_dd9b60c3_StateSignal_XLE,0.0,0.0,1.0,1.0,0.0,0.0,0.0,-0.0
2021-04-12 20:00:00+00:00,20260126_001632_dd9b60c3_StateSignal_XLE,0.0,0.0,1.0,1.0,0.0,0.0,0.0,-0.0
2021-04-13 20:00:00+00:00,20260126_001632_dd9b60c3_StateSignal_XLE,0.0,0.0,1.0,1.0,0.0,0.0,0.0,0.0
2021-04-14 20:00:00+00:00,20260126_001632_dd9b60c3_StateSignal_XLE,0.0,0.0,1.0,1.0,0.0,0.0,0.0,0.0
2021-04-15 20:00:00+00:00,20260126_001632_dd9b60c3_StateSignal_XLE,0.0,0.0,1.0,1.0,0.0,0.0,0.0,0.0
2021-04-16 20:00:00+00:00,20260126_001632_dd9b60c3_StateSignal_XLE,0.0,0.0,1.0,1.0,0.0,0.0,0.0,-0.0
2021-04-19 20:00:00+00:00,20260126_001632_dd9b60c3_StateSignal_XLE,0.0,0.0,1.0,1.0,0.0,0.0,0.0,-0.0
2021-04-20 20:00:00+00:00,20260126_001632_dd9b60c3_StateSignal_XLE,0.0,0.0,1.0,1.0,0.0,0.0,0.0,-0.0
2021-04-21 20:00:00+00:00,20260126_001632_dd9b60c3_StateSignal_XLE,0.0,0.0,1.0,1.0,0.0,0.0,0.0,0.0
2021-04-22 20:00:00+00:00,20260126_001632_dd9b60c3_StateSignal_XLE,0.0,0.0,1.0,1.0,0.0,0.0,0.0,-0.0
2021-04-23 20:00:00+00:00,20260126_001632_dd9b60c3_StateSignal_XLE,0.0,0.0,1.0,1.0,0.0,0.0,0.0,0.0
2021-04-26 20:00:00+00:00,20260126_001632_dd9b60c3_StateSignal_XLE,0.0,0.0,1.0,1.0,0.0,0.0,0.0,-0.0
2021-04-27 20:00:00+00:00,20260126_001632_dd9b60c3_StateSignal_XLE,0.0,0.0,1.0,1.0,0.0,0.0,0.0,0.0
2021-04-28 20:00:00+00:00,20260126_001632_dd9b60c3_StateSignal_XLE,0.0,0.0,1.0,1.0,0.0,0.0,0.0,0.0
2021-04-29 20:00:00+00:00,20260126_001632_dd9b60c3_StateSignal_XLE,0.0,0.0,1.0,1.0,0.0,0.0,0.0,-0.0
2021-04-30 20:00:00+00:00,20260126_001632_dd9b60c3_StateSignal_XLE,0.0,0.0,1.0,1.0,0.0,0.0,0.0,-0.0
2021-05-03 20:00:00+00:00,20260126_001632_dd9b60c3_StateSignal_XLE,0.0,0.0,1.0,1.0,0.0,0.0,0.0,0.0
2021-05-04 20:00:00+00:00,20260126_001632_dd9b60c3_StateSignal_XLE,0.0,0.0,1.0,1.0,0.0,0.0,0.0,0.0
2021-05-05 20:00:00+00:00,20260126_001632_dd9b60c3_StateSignal_XLE,0.0,0.0,1.0,1.0,0.0,0.0,0.0,0.0
2021-05-06 20:00:00+00:00,20260126_001632_dd9b60c3_StateSignal_XLE,0.0,0.0,1.0,1.0,0.0,0.0,0.0,0.0
2021-05-07 20:00:00+00:00,20260126_001632_dd9b60c3_StateSignal_XLE,0.0,0.0,1.0,1.0,0.0,0.0,0.0,0.0
2021-05-10 20:00:00+00:00,20260126_001632_dd9b60c3_StateSignal_XLE,0.0,0.0,1.0,1.0,0.0,0.0,0.0,-0.0
2021-05-11 20:00:00+00:00,20260126_001632_dd9b60c3_StateSignal_XLE,0.0,0.0,1.0,1.0,0.0,0.0,0.0,-0.0
2021-05-12 20:00:00+00:00,20260126_001632_dd9b60c3_StateSignal_XLE,0.0,0.0,1.0,1.0,0.0,0.0,0.0,-0.0
2021-05-13 20:00:00+00:00,20260126_001632_dd9b60c3_StateSignal_XLE,0.0,0.0,1.0,1.0,0.0,0.0,0.0,-0.0
2021-05-14 20:00:00+00:00,20260126_001632_dd9b60c3_StateSignal_XLE,0.0,0.0,1.0,1.0,0.0,0.0,0.0,0.0
2021-05-17 20:00:00+00:00,20260126_001632_dd9b60c3_StateSignal_XLE,0.0,0.0,1.0,1.0,0.0,0.0,0.0,0.0
2021-05-18 20:00:00+00:00,20260126_001632_dd9b60c3_StateSignal_XLE,0.0,0.0,1.0,1.0,0.0,0.0,0.0,-0.0
2021-05-19 20:00:00+00:00,20260126_001632_dd9b60c3_StateSignal_XLE,0.0,0.0,1.0,1.0,0.0,0.0,0.0,0.0
2021-05-20 20:00:00+00:00,20260126_001632_dd9b60c3_StateSignal_XLE,0.0,0.0,1.0,1.0,0.0,0.0,0.0,0.0
2021-05-21 20:00:00+00:00,20260126_001632_dd9b60c3_StateSignal_XLE,0.0,0.0,1.0,1.0,0.0,0.0,0.0,-0.0
2021-05-24 20:00:00+00:00,20260126_001632_dd9b60c3_StateSignal_XLE,0.0,0.0,1.0,1.0,0.0,0.0,0.0,0.0
2021-05-25 20:00:00+00:00,20260126_001632_dd9b60c3_StateSignal_XLE,0.0,0.0,1.0,1.0,0.0,0.0,0.0,-0.0
2021-05-26 20:00:00+00:00,20260126_001632_dd9b60c3_StateSignal_XLE,0.0,0.0,1.0,1.0,0.0,0.0,0.0,0.0
2021-05-27 20:00:00+00:00,20260126_001632_dd9b60c3_StateSignal_XLE,0.0,0.0,1.0,1.0,0.0,0.0,0.0,-0.0
2021-05-28 20:00:00+00:00,20260126_001632_dd9b60c3_StateSignal_XLE,0.0,0.0,1.0,1.0,0.0,0.0,0.0,0.0
2021-06-01 20:00:00+00:00,20260126_001632_dd9b60c3_StateSignal_XLE,0.0,0.0,1.0,1.0,0.0,0.0,0.0,0.0
2021-06-02 20:00:00+00:00,20260126_001632_dd9b60c3_StateSignal_XLE,0.0,0.0,1.0,1.0,0.0,0.0,0.0,0.0
2021-06-03 20:00:00+00:00,20260126_001632_dd9b60c3_StateSignal_XLE,0.0,0.0,1.0,1.0,0.0,0.0,0.0,0.0
2021-06-04 20:00:00+00:00,20260126_001632_dd9b60c3_StateSignal_XLE,0.0,0.0,1.0,1.0,0.0,0.0,0.0,-0.0
2021-06-07 20:00:00+00:00,20260126_001632_dd9b60c3_StateSignal_XLE,0.0,0.0,1.0,1.0,0.0,0.0,0.0,-0.0
2021-06-08 20:00:00+00:00,20260126_001632_dd9b60c3_StateSignal_XLE,0.0,0.0,1.0,1.0,0.0,0.0,0.0,0.0
2021-06-09 20:00:00+00:00,20260126_001632_dd9b60c3_StateSignal_XLE,0.0,0.0,1.0,1.0,0.0,0.0,0.0,-0.0
2021-06-10 20:00:00+00:00,20260126_001632_dd9b60c3_StateSignal_XLE,0.0,0.0,1.0,1.0,0.0,0.0,0.0,-0.0
2021-06-11 20:00:00+00:00,20260126_001632_dd9b60c3_StateSignal_XLE,0.0,0.0,1.0,1.0,0.0,0.0,0.0,-0.0
2021-06-14 20:00:00+00:00,20260126_001632_dd9b60c3_StateSignal_XLE,0.0,0.0,1.0,1.0,0.0,0.0,0.0,-0.0
2021-06-15 20:00:00+00:00,20260126_001632_dd9b60c3_StateSignal_XLE,0.0,0.0,1.0,1.0,0.0,0.0,0.0,0.0
2021-06-16 20:00:00+00:00,20260126_001632_dd9b60c3_StateSignal_XLE,0.0,0.0,1.0,1.0,0.0,0.0,0.0,0.0
2021-06-17 20:00:00+00:00,20260126_001632_dd9b60c3_StateSignal_XLE,0.0,0.0,1.0,1.0,0.0,0.0,0.0,-0.0
2021-06-18 20:00:00+00:00,20260126_001632_dd9b60c3_StateSignal_XLE,0.0,0.0,1.0,1.0,0.0,0.0,0.0,-0.0
2021-06-21 20:00:00+00:00,20260126_001632_dd9b60c3_StateSignal_XLE,0.0,0.0,1.0,1.0,0.0,0.0,0.0,0.0
2021-06-22 20:00:00+00:00,20260126_001632_dd9b60c3_StateSignal_XLE,0.0,0.0,1.0,1.0,0.0,0.0,0.0,0.0
2021-06-23 20:00:00+00:00,20260126_001632_dd9b60c3_StateSignal_XLE,0.0,0.0,1.0,1.0,0.0,0.0,0.0,-0.0
2021-06-24 20:00:00+00:00,20260126_001632_dd9b60c3_StateSignal_XLE,0.0,0.0,1.0,1.0,0.0,0.0,0.0,0.0
2021-06-25 20:00:00+00:00,20260126_001632_dd9b60c3_StateSignal_XLE,0.0,0.0,1.0,1.0,0.0,0.0,0.0,0.0
2021-06-28 20:00:00+00:00,20260126_001632_dd9b60c3_StateSignal_XLE,0.0,0.0,1.0,1.0,0.0,0.0,0.0,-0.0
2021-06-29 20:00:00+00:00,20260126_001632_dd9b60c3_StateSignal_XLE,0.0,0.0,1.0,1.0,0.0,0.0,0.0,-0.0
2021-06-30 20:00:00+00:00,20260126_001632_dd9b60c3_StateSignal_XLE,0.0,0.0,1.0,1.0,0.0,0.0,0.0,0.0
2021-07-01 20:00:00+00:00,20260126_001632_dd9b60c3_StateSignal_XLE,0.0,0.0,1.0,1.0,0.0,0.0,0.0,-0.0
2021-07-02 20:00:00+00:00,20260126_001632_dd9b60c3_StateSignal_XLE,0.0,0.0,1.0,1.0,0.0,0.0,0.0,0.0
2021-07-06 20:00:00+00:00,20260126_001632_dd9b60c3_StateSignal_XLE,0.0,0.0,1.0,1.0,0.0,0.0,0.0,-0.0
2021-07-07 20:00:00+00:00,20260126_001632_dd9b60c3_StateSignal_XLE,0.0,0.0,1.0,1.0,0.0,0.0,0.0,-0.0
2021-07-08 20:00:00+00:00,20260126_001632_dd9b60c3_StateSignal_XLE,0.0,0.0,1.0,1.0,0.0,0.0,0.0,0.0
2021-07-09 20:00:00+00:00,20260126_001632_dd9b60c3_StateSignal_XLE,0.0,0.0,1.0,1.0,0.0,0.0,0.0,0.0
2021-07-12 20:00:00+00:00,20260126_001632_dd9b60c3_StateSignal_XLE,0.0,0.0,1.0,1.0,0.0,0.0,0.0,0.0
2021-07-13 20:00:00+00:00,20260126_001632_dd9b60c3_StateSignal_XLE,0.0,0.0,1.0,1.0,0.0,0.0,0.0,-0.0
2021-07-14 20:00:00+00:00,20260126_001632_dd9b60c3_StateSignal_XLE,0.0,0.0,1.0,1.0,0.0,0.0,0.0,-0.0
2021-07-15 20:00:00+00:00,20260126_001632_dd9b60c3_StateSignal_XLE,0.0,0.0,1.0,1.0,0.0,0.0,0.0,-0.0
2021-07-16 20:00:00+00:00,20260126_001632_dd9b60c3_StateSignal_XLE,0.0,0.0,1.0,1.0,0.0,0.0,0.0,-0.0
2021-07-19 20:00:00+00:00,20260126_001632_dd9b60c3_StateSignal_XLE,0.0,0.0,1.0,1.0,0.0,0.0,0.0,0.0
2021-07-20 20:00:00+00:00,20260126_001632_dd9b60c3_StateSignal_XLE,0.0,0.0,1.0,1.0,0.0,0.0,0.0,0.0
2021-07-21 20:00:00+00:00,20260126_001632_dd9b60c3_StateSignal_XLE,0.0,0.0,1.0,1.0,0.0,0.0,0.0,0.0
2021-07-22 20:00:00+00:00,20260126_001632_dd9b60c3_StateSignal_XLE,0.0,0.0,1.0,1.0,0.0,0.0,0.0,-0.0
2021-07-23 20:00:00+00:00,20260126_001632_dd9b60c3_StateSignal_XLE,0.0,0.0,1.0,1.0,0.0,0.0,0.0,-0.0
2021-07-26 20:00:00+00:00,20260126_001632_dd9b60c3_StateSignal_XLE,0.0,0.0,1.0,1.0,0.0,0.0,0.0,0.0
2021-07-27 20:00:00+00:00,20260126_001632_dd9b60c3_StateSignal_XLE,0.0,0.0,1.0,1.0,0.0,0.0,0.0,0.0
2021-07-28 20:00:00+00:00,20260126_001632_dd9b60c3_StateSignal_XLE,0.0,0.0,1.0,1.0,0.0,0.0,0.0,0.0
2021-07-29 20:00:00+00:00,20260126_001632_dd9b60c3_StateSignal_XLE,0.0,0.0,1.0,1.0,0.0,0.0,0.0,0.0
2021-07-30 20:00:00+00:00,20260126_001632_dd9b60c3_StateSignal_XLE,0.0,0.0,1.0,1.0,0.0,0.0,0.0,-0.0
2021-08-02 20:00:00+00:00,20260126_001632_dd9b60c3_StateSignal_XLE,0.0,0.0,1.0,1.0,0.0,0.0,0.0,-0.0
2021-08-03 20:00:00+00:00,20260126_001632_dd9b60c3_StateSignal_XLE,0.0,0.0,1.0,1.0,0.0,0.0,0.0,0.0
2021-08-04 20:00:00+00:00,20260126_001632_dd9b60c3_StateSignal_XLE,0.0,0.0,1.0,1.0,0.0,0.0,0.0,-0.0
2021-08-05 20:00:00+00:00,20260126_001632_dd9b60c3_StateSignal_XLE,0.0,0.0,1.0,1.0,0.0,0.0,0.0,0.0
2021-08-06 20:00:00+00:00,20260126_001632_dd9b60c3_StateSignal_XLE,0.0,0.0,1.0,1.0,0.0,0.0,0.0,-0.0
2021-08-09 20:00:00+00:00,20260126_001632_dd9b60c3_StateSignal_XLE,0.0,0.0,1.0,1.0,0.0,0.0,0.0,-0.0
2021-08-10 20:00:00+00:00,20260126_001632_dd9b60c3_StateSignal_XLE,0.0,0.0,1.0,1.0,0.0,0.0,0.0,0.0
2021-08-11 20:00:00+00:00,20260126_001632_dd9b60c3_StateSignal_XLE,0.0,0.0,1.0,1.0,0.0,0.0,0.0,0.0
2021-08-12 20:00:00+00:00,20260126_001632_dd9b60c3_StateSignal_XLE,0.0,0.0,1.0,1.0,0.0,0.0,0.0,-0.0
2021-08-13 20:00:00+00:00,20260126_001632_dd9b60c3_StateSignal_XLE,0.0,0.0,1.0,1.0,0.0,0.0,0.0,-0.0
2021-08-16 20:00:00+00:00,20260126_001632_dd9b60c3_StateSignal_XLE,0.0,0.0,1.0,1.0,0.0,0.0,0.0,0.0
2021-08-17 20:00:00+00:00,20260126_001632_dd9b60c3_StateSignal_XLE,0.0,0.0,1.0,1.0,0.0,0.0,0.0,-0.0
2021-08-18 20:00:00+00:00,20260126_001632_dd9b60c3_StateSignal_XLE,0.0,0.0,1.0,1.0,0.0,0.0,0.0,-0.0
2021-08-19 20:00:00+00:00,20260126_001632_dd9b60c3_StateSignal_XLE,0.0,0.0,1.0,1.0,0.0,0.0,0.0,-0.0
2021-08-20 20:00:00+00:00,20260126_001632_dd9b60c3_StateSignal_XLE,0.0,0.0,1.0,1.0,0.0,0.0,0.0,0.0
2021-08-23 20:00:00+00:00,20260126_001632_dd9b60c3_StateSignal_XLE,0.0,0.0,1.0,1.0,0.0,0.0,0.0,0.0
2021-08-24 20:00:00+00:00,20260126_001632_dd9b60c3_StateSignal_XLE,0.0,0.0,1.0,1.0,0.0,0.0,0.0,0.0
2021-08-25 20:00:00+00:00,20260126_001632_dd9b60c3_StateSignal_XLE,0.0,0.0,1.0,1.0,0.0,0.0,0.0,0.0
2021-08-26 20:00:00+00:00,20260126_001632_dd9b60c3_StateSignal_XLE,0.0,0.0,1.0,1.0,0.0,0.0,0.0,-0.0
2021-08-27 20:00:00+00:00,20260126_001632_dd9b60c3_StateSignal_XLE,0.0,0.0,1.0,1.0,0.0,0.0,0.0,0.0
2021-08-30 20:00:00+00:00,20260126_001632_dd9b60c3_StateSignal_XLE,0.0,0.0,1.0,1.0,0.0,0.0,0.0,-0.0
2021-08-31 20:00:00+00:00,20260126_001632_dd9b60c3_StateSignal_XLE,0.0,0.0,1.0,1.0,0.0,0.0,0.0,-0.0
2021-09-01 20:00:00+00:00,20260126_001632_dd9b60c3_StateSignal_XLE,0.0,0.0,1.0,1.0,0.0,0.0,0.0,-0.0
2021-09-02 20:00:00+00:00,20260126_001632_dd9b60c3_StateSignal_XLE,0.0,0.0,1.0,1.0,0.0,0.0,0.0,0.0
2021-09-03 20:00:00+00:00,20260126_001632_dd9b60c3_StateSignal_XLE,0.0,0.0,1.0,1.0,0.0,0.0,0.0,-0.0
2021-09-07 20:00:00+00:00,20260126_001632_dd9b60c3_StateSignal_XLE,0.0,0.0,1.0,1.0,0.0,0.0,0.0,-0.0
2021-09-08 20:00:00+00:00,20260126_001632_dd9b60c3_StateSignal_XLE,0.0,0.0,1.0,1.0,0.0,0.0,0.0,-0.0
2021-09-09 20:00:00+00:00,20260126_001632_dd9b60c3_StateSignal_XLE,0.0,0.0,1.0,1.0,0.0,0.0,0.0,0.0
2021-09-10 20:00:00+00:00,20260126_001632_dd9b60c3_StateSignal_XLE,0.0,0.0,1.0,1.0,0.0,0.0,0.0,-0.0
2021-09-13 20:00:00+00:00,20260126_001632_dd9b60c3_StateSignal_XLE,0.0,0.0,1.0,1.0,0.0,0.0,0.0,0.0
2021-09-14 20:00:00+00:00,20260126_001632_dd9b60c3_StateSignal_XLE,0.0,0.0,1.0,1.0,0.0,0.0,0.0,-0.0
2021-09-15 20:00:00+00:00,20260126_001632_dd9b60c3_StateSignal_XLE,0.0,0.0,1.0,1.0,0.0,0.0,0.0,0.0
2021-09-16 20:00:00+00:00,20260126_001632_dd9b60c3_StateSignal_XLE,0.0,0.0,1.0,1.0,0.0,0.0,0.0,-0.0
2021-09-17 20:00:00+00:00,20260126_001632_dd9b60c3_StateSignal_XLE,0.0,0.0,1.0,1.0,0.0,0.0,0.0,-0.0
2021-09-20 20:00:00+00:00,20260126_001632_dd9b60c3_StateSignal_XLE,0.0,0.0,1.0,1.0,0.0,0.0,0.0,-0.0
2021-09-21 20:00:00+00:00,20260126_001632_dd9b60c3_StateSignal_XLE,0.0,0.0,1.0,1.0,0.0,0.0,0.0,-0.0
2021-09-22 20:00:00+00:00,20260126_001632_dd9b60c3_StateSignal_XLE,0.0,0.0,1.0,1.0,0.0,0.0,0.0,0.0
2021-09-23 20:00:00+00:00,20260126_001632_dd9b60c3_StateSignal_XLE,0.0,0.0,1.0,1.0,0.0,0.0,0.0,0.0
2021-09-24 20:00:00+00:00,20260126_001632_dd9b60c3_StateSignal_XLE,0.0,0.0,1.0,1.0,0.0,0.0,0.0,0.0
2021-09-27 20:00:00+00:00,20260126_001632_dd9b60c3_StateSignal_XLE,0.0,0.0,1.0,1.0,0.0,0.0,0.0,0.0
2021-09-28 20:00:00+00:00,20260126_001632_dd9b60c3_StateSignal_XLE,0.0,0.0,1.0,1.0,0.0,0.0,0.0,0.0
2021-09-29 20:00:00+00:00,20260126_001632_dd9b60c3_StateSignal_XLE,0.0,0.0,1.0,1.0,0.0,0.0,0.0,0.0
2021-09-30 20:00:00+00:00,20260126_001632_dd9b60c3_StateSignal_XLE,0.0,0.0,1.0,1.0,0.0,0.0,0.0,-0.0
2021-10-01 20:00:00+00:00,20260126_001632_dd9b60c3_StateSignal_XLE,0.0,0.0,1.0,1.0,0.0,0.0,0.0,0.0
2021-10-04 20:00:00+00:00,20260126_001632_dd9b60c3_StateSignal_XLE,0.0,0.0,1.0,1.0,0.0,0.0,0.0,0.0
2021-10-05 20:00:00+00:00,20260126_001632_dd9b60c3_StateSignal_XLE,0.0,0.0,1.0,1.0,0.0,0.0,0.0,-0.0
2021-10-06 20:00:00+00:00,20260126_001632_dd9b60c3_StateSignal_XLE,0.0,0.0,1.0,1.0,0.0,0.0,0.0,0.0
2021-10-07 20:00:00+00:00,20260126_001632_dd9b60c3_StateSignal_XLE,0.0,0.0,1.0,1.0,0.0,0.0,0.0,0.0
2021-10-08 20:00:00+00:00,20260126_001632_dd9b60c3_StateSignal_XLE,0.0,0.0,1.0,1.0,0.0,0.0,0.0,0.0
2021-10-11 20:00:00+00:00,20260126_001632_dd9b60c3_StateSignal_XLE,0.0,0.0,1.0,1.0,0.0,0.0,0.0,-0.0
2021-10-12 20:00:00+00:00,20260126_001632_dd9b60c3_StateSignal_XLE,0.0,0.0,1.0,1.0,0.0,0.0,0.0,-0.0
2021-10-13 20:00:00+00:00,20260126_001632_dd9b60c3_StateSignal_XLE,0.0,0.0,1.0,1.0,0.0,0.0,0.0,0.0
2021-10-14 20:00:00+00:00,20260126_001632_dd9b60c3_StateSignal_XLE,0.0,0.0,1.0,1.0,0.0,0.0,0.0,0.0
2021-10-15 20:00:00+00:00,20260126_001632_dd9b60c3_StateSignal_XLE,0.0,0.0,1.0,1.0,0.0,0.0,0.0,-0.0
2021-10-18 20:00:00+00:00,20260126_001632_dd9b60c3_StateSignal_XLE,0.0,0.0,1.0,1.0,0.0,0.0,0.0,-0.0
2021-10-19 20:00:00+00:00,20260126_001632_dd9b60c3_StateSignal_XLE,0.0,0.0,1.0,1.0,0.0,0.0,0.0,0.0
2021-10-20 20:00:00+00:00,20260126_001632_dd9b60c3_StateSignal_XLE,0.0,0.0,1.0,1.0,0.0,0.0,0.0,0.0
2021-10-21 20:00:00+00:00,20260126_001632_dd9b60c3_StateSignal_XLE,0.0,0.0,1.0,1.0,0.0,0.0,0.0,-0.0
2021-10-22 20:00:00+00:00,20260126_001632_dd9b60c3_StateSignal_XLE,0.0,0.0,1.0,1.0,0.0,0.0,0.0,0.0
2021-10-25 20:00:00+00:00,20260126_001632_dd9b60c3_StateSignal_XLE,0.0,0.0,1.0,1.0,0.0,0.0,0.0,0.0
2021-10-26 20:00:00+00:00,20260126_001632_dd9b60c3_StateSignal_XLE,0.0,0.0,1.0,1.0,0.0,0.0,0.0,0.0
2021-10-27 20:00:00+00:00,20260126_001632_dd9b60c3_StateSignal_XLE,0.0,0.0,1.0,1.0,0.0,0.0,0.0,-0.0
2021-10-28 20:00:00+00:00,20260126_001632_dd9b60c3_StateSignal_XLE,0.0,0.0,1.0,1.0,0.0,0.0,0.0,0.0
2021-10-29 20:00:00+00:00,20260126_001632_dd9b60c3_StateSignal_XLE,0.0,0.0,1.0,1.0,0.0,0.0,0.0,-0.0
2021-11-01 20:00:00+00:00,20260126_001632_dd9b60c3_StateSignal_XLE,0.0,0.0,1.0,1.0,0.0,0.0,0.0,0.0
2021-11-02 20:00:00+00:00,20260126_001632_dd9b60c3_StateSignal_XLE,0.0,0.0,1.0,1.0,0.0,0.0,0.0,-0.0
2021-11-03 20:00:00+00:00,20260126_001632_dd9b60c3_StateSignal_XLE,0.0,0.0,1.0,1.0,0.0,0.0,0.0,0.0
2021-11-04 20:00:00+00:00,20260126_001632_dd9b60c3_StateSignal_XLE,0.0,0.0,1.0,1.0,0.0,0.0,0.0,-0.0
2021-11-05 20:00:00+00:00,20260126_001632_dd9b60c3_StateSignal_XLE,0.0,0.0,1.0,1.0,0.0,0.0,0.0,0.0
2021-11-08 21:00:00+00:00,20260126_001632_dd9b60c3_StateSignal_XLE,0.0,0.0,1.0,1.0,0.0,0.0,0.0,-0.0
2021-11-09 21:00:00+00:00,20260126_001632_dd9b60c3_StateSignal_XLE,0.0,0.0,1.0,1.0,0.0,0.0,0.0,0.0
2021-11-10 21:00:00+00:00,20260126_001632_dd9b60c3_StateSignal_XLE,0.0,0.0,1.0,1.0,0.0,0.0,0.0,-0.0
2021-11-11 21:00:00+00:00,20260126_001632_dd9b60c3_StateSignal_XLE,0.0,0.0,1.0,1.0,0.0,0.0,0.0,-0.0
2021-11-12 21:00:00+00:00,20260126_001632_dd9b60c3_StateSignal_XLE,0.0,0.0,1.0,1.0,0.0,0.0,0.0,-0.0
2021-11-15 21:00:00+00:00,20260126_001632_dd9b60c3_StateSignal_XLE,0.0,0.0,1.0,1.0,0.0,0.0,0.0,0.0
2021-11-16 21:00:00+00:00,20260126_001632_dd9b60c3_StateSignal_XLE,0.0,0.0,1.0,1.0,0.0,0.0,0.0,0.0
2021-11-17 21:00:00+00:00,20260126_001632_dd9b60c3_StateSignal_XLE,0.0,0.0,1.0,1.0,0.0,0.0,0.0,-0.0
2021-11-18 21:00:00+00:00,20260126_001632_dd9b60c3_StateSignal_XLE,0.0,0.0,1.0,1.0,0.0,0.0,0.0,-0.0
2021-11-19 21:00:00+00:00,20260126_001632_dd9b60c3_StateSignal_XLE,0.0,0.0,1.0,1.0,0.0,0.0,0.0,-0.0
2021-11-22 21:00:00+00:00,20260126_001632_dd9b60c3_StateSignal_XLE,0.0,0.0,1.0,1.0,0.0,0.0,0.0,0.0
2021-11-23 21:00:00+00:00,20260126_001632_dd9b60c3_StateSignal_XLE,0.0,0.0,1.0,1.0,0.0,0.0,0.0,0.0
2021-11-24 21:00:00+00:00,20260126_001632_dd9b60c3_StateSignal_XLE,0.0,0.0,1.0,1.0,0.0,0.0,0.0,0.0
2021-11-26 21:00:00+00:00,20260126_001632_dd9b60c3_StateSignal_XLE,0.0,0.0,1.0,1.0,0.0,0.0,0.0,0.0
2021-11-29 21:00:00+00:00,20260126_001632_dd9b60c3_StateSignal_XLE,0.0,0.0,1.0,1.0,0.0,0.0,0.0,-0.0
2021-11-30 21:00:00+00:00,20260126_001632_dd9b60c3_StateSignal_XLE,0.0,0.0,1.0,1.0,0.0,0.0,0.0,-0.0
2021-12-01 21:00:00+00:00,20260126_001632_dd9b60c3_StateSignal_XLE,0.0,0.0,1.0,1.0,0.0,0.0,0.0,-0.0
2021-12-02 21:00:00+00:00,20260126_001632_dd9b60c3_StateSignal_XLE,0.0,0.0,1.0,1.0,0.0,0.0,0.0,0.0
2021-12-03 21:00:00+00:00,20260126_001632_dd9b60c3_StateSignal_XLE,0.0,0.0,1.0,1.0,0.0,0.0,0.0,-0.0
2021-12-06 21:00:00+00:00,20260126_001632_dd9b60c3_StateSignal_XLE,0.0,0.0,1.0,1.0,0.0,0.0,0.0,0.0
2021-12-07 21:00:00+00:00,20260126_001632_dd9b60c3_StateSignal_XLE,0.0,0.0,1.0,1.0,0.0,0.0,0.0,0.0
2021-12-08 21:00:00+00:00,20260126_001632_dd9b60c3_StateSignal_XLE,0.0,0.0,1.0,1.0,0.0,0.0,0.0,-0.0
2021-12-09 21:00:00+00:00,20260126_001632_dd9b60c3_StateSignal_XLE,0.0,0.0,1.0,1.0,0.0,0.0,0.0,0.0
2021-12-10 21:00:00+00:00,20260126_001632_dd9b60c3_StateSignal_XLE,0.0,0.0,1.0,1.0,0.0,0.0,0.0,0.0
2021-12-13 21:00:00+00:00,20260126_001632_dd9b60c3_StateSignal_XLE,0.0,0.0,1.0,1.0,0.0,0.0,0.0,-0.0
2021-12-14 21:00:00+00:00,20260126_001632_dd9b60c3_StateSignal_XLE,0.0,0.0,1.0,1.0,0.0,0.0,0.0,-0.0
2021-12-15 21:00:00+00:00,20260126_001632_dd9b60c3_StateSignal_XLE,0.0,0.0,1.0,1.0,0.0,0.0,0.0,0.0
2021-12-16 21:00:00+00:00,20260126_001632_dd9b60c3_StateSignal_XLE,0.0,0.0,1.0,1.0,0.0,0.0,0.0,-0.0
2021-12-17 21:00:00+00:00,20260126_001632_dd9b60c3_StateSignal_XLE,0.0,0.0,1.0,1.0,0.0,0.0,0.0,-0.0
2021-12-20 21:00:00+00:00,20260126_001632_dd9b60c3_StateSignal_XLE,0.0,0.0,1.0,1.0,0.0,0.0,0.0,0.0
2021-12-21 21:00:00+00:00,20260126_001632_dd9b60c3_StateSignal_XLE,0.0,0.0,1.0,1.0,0.0,0.0,0.0,0.0
2021-12-22 21:00:00+00:00,20260126_001632_dd9b60c3_StateSignal_XLE,0.0,0.0,1.0,1.0,0.0,0.0,0.0,0.0
2021-12-23 21:00:00+00:00,20260126_001632_dd9b60c3_StateSignal_XLE,0.0,0.0,1.0,1.0,0.0,0.0,0.0,-0.0
2021-12-27 21:00:00+00:00,20260126_001632_dd9b60c3_StateSignal_XLE,0.0,0.0,1.0,1.0,0.0,0.0,0.0,0.0
2021-12-28 21:00:00+00:00,20260126_001632_dd9b60c3_StateSignal_XLE,0.0,0.0,1.0,1.0,0.0,0.0,0.0,-0.0
2021-12-29 21:00:00+00:00,20260126_001632_dd9b60c3_StateSignal_XLE,0.0,0.0,1.0,1.0,0.0,0.0,0.0,0.0
2021-12-30 21:00:00+00:00,20260126_001632_dd9b60c3_StateSignal_XLE,0.0,0.0,1.0,1.0,0.0,0.0,0.0,-0.0
2021-12-31 21:00:00+00:00,20260126_001632_dd9b60c3_StateSignal_XLE,0.0,0.0,1.0,1.0,0.0,0.0,0.0,0.0
2022-01-03 21:00:00+00:00,20260126_001632_dd9b60c3_StateSignal_XLE,0.0,0.0,1.0,1.0,0.0,0.0,0.0,0.0
2022-01-04 21:00:00+00:00,20260126_001632_dd9b60c3_StateSignal_XLE,0.0,0.0,1.0,1.0,0.0,0.0,0.0,0.0
2022-01-05 21:00:00+00:00,20260126_001632_dd9b60c3_StateSignal_XLE,0.0,0.0,1.0,1.0,0.0,0.0,0.0,-0.0
2022-01-06 21:00:00+00:00,20260126_001632_dd9b60c3_StateSignal_XLE,0.0,0.0,1.0,1.0,0.0,0.0,0.0,-0.0
2022-01-07 21:00:00+00:00,20260126_001632_dd9b60c3_StateSignal_XLE,0.0,0.0,1.0,1.0,0.0,0.0,0.0,0.0
2022-01-10 21:00:00+00:00,20260126_001632_dd9b60c3_StateSignal_XLE,0.0,0.0,1.0,1.0,0.0,0.0,0.0,-0.0
2022-01-11 21:00:00+00:00,20260126_001632_dd9b60c3_StateSignal_XLE,0.0,0.0,1.0,1.0,0.0,0.0,0.0,0.0
2022-01-12 21:00:00+00:00,20260126_001632_dd9b60c3_StateSignal_XLE,0.0,0.0,1.0,1.0,0.0,0.0,0.0,-0.0
2022-01-13 21:00:00+00:00,20260126_001632_dd9b60c3_StateSignal_XLE,0.0,0.0,1.0,1.0,0.0,0.0,0.0,-0.0
2022-01-14 21:00:00+00:00,20260126_001632_dd9b60c3_StateSignal_XLE,0.0,0.0,1.0,1.0,0.0,0.0,0.0,0.0
2022-01-18 21:00:00+00:00,20260126_001632_dd9b60c3_StateSignal_XLE,0.0,0.0,1.0,1.0,0.0,0.0,0.0,-0.0
2022-01-19 21:00:00+00:00,20260126_001632_dd9b60c3_StateSignal_XLE,0.0,0.0,1.0,1.0,0.0,0.0,0.0,-0.0
2022-01-20 21:00:00+00:00,20260126_001632_dd9b60c3_StateSignal_XLE,0.0,0.0,1.0,1.0,0.0,0.0,0.0,-0.0
2022-01-21 21:00:00+00:00,20260126_001632_dd9b60c3_StateSignal_XLE,0.0,0.0,1.0,1.0,0.0,0.0,0.0,-0.0
2022-01-24 21:00:00+00:00,20260126_001632_dd9b60c3_StateSignal_XLE,0.0,0.0,1.0,1.0,0.0,0.0,0.0,0.0
2022-01-25 21:00:00+00:00,20260126_001632_dd9b60c3_StateSignal_XLE,0.0,0.0,1.0,1.0,0.0,0.0,0.0,0.0
2022-01-26 21:00:00+00:00,20260126_001632_dd9b60c3_StateSignal_XLE,0.0,0.0,1.0,1.0,0.0,0.0,0.0,-0.0
2022-01-27 21:00:00+00:00,20260126_001632_dd9b60c3_StateSignal_XLE,0.0,0.0,1.0,1.0,0.0,0.0,0.0,-0.0
2022-01-28 21:00:00+00:00,20260126_001632_dd9b60c3_StateSignal_XLE,0.0,0.0,1.0,1.0,0.0,0.0,0.0,-0.0
2022-01-31 21:00:00+00:00,20260126_001632_dd9b60c3_StateSignal_XLE,0.0,0.0,1.0,1.0,0.0,0.0,0.0,0.0
2022-02-01 21:00:00+00:00,20260126_001632_dd9b60c3_StateSignal_XLE,0.0,0.0,1.0,1.0,0.0,0.0,0.0,0.0
2022-02-02 21:00:00+00:00,20260126_001632_dd9b60c3_StateSignal_XLE,0.0,0.0,1.0,1.0,0.0,0.0,0.0,0.0
2022-02-03 21:00:00+00:00,20260126_001632_dd9b60c3_StateSignal_XLE,0.0,0.0,1.0,1.0,0.0,0.0,0.0,-0.0
2022-02-04 21:00:00+00:00,20260126_001632_dd9b60c3_StateSignal_XLE,0.0,0.0,1.0,1.0,0.0,0.0,0.0,-0.0
2022-02-07 21:00:00+00:00,20260126_001632_dd9b60c3_StateSignal_XLE,0.0,0.0,1.0,1.0,0.0,0.0,0.0,0.0
2022-02-08 21:00:00+00:00,20260126_001632_dd9b60c3_StateSignal_XLE,0.0,0.0,1.0,1.0,0.0,0.0,0.0,-0.0
2022-02-09 21:00:00+00:00,20260126_001632_dd9b60c3_StateSignal_XLE,0.0,0.0,1.0,1.0,0.0,0.0,0.0,0.0
2022-02-10 21:00:00+00:00,20260126_001632_dd9b60c3_StateSignal_XLE,0.0,0.0,1.0,1.0,0.0,0.0,0.0,-0.0
2022-02-11 21:00:00+00:00,20260126_001632_dd9b60c3_StateSignal_XLE,0.0,0.0,1.0,1.0,0.0,0.0,0.0,0.0
2022-02-14 21:00:00+00:00,20260126_001632_dd9b60c3_StateSignal_XLE,0.0,0.0,1.0,1.0,0.0,0.0,0.0,-0.0
2022-02-15 21:00:00+00:00,20260126_001632_dd9b60c3_StateSignal_XLE,0.0,0.0,1.0,1.0,0.0,0.0,0.0,0.0
2022-02-16 21:00:00+00:00,20260126_001632_dd9b60c3_StateSignal_XLE,0.0,0.0,1.0,1.0,0.0,0.0,0.0,-0.0
2022-02-17 21:00:00+00:00,20260126_001632_dd9b60c3_StateSignal_XLE,0.0,0.0,1.0,1.0,0.0,0.0,0.0,-0.0
2022-02-18 21:00:00+00:00,20260126_001632_dd9b60c3_StateSignal_XLE,0.0,0.0,1.0,1.0,0.0,0.0,0.0,0.0
2022-02-22 21:00:00+00:00,20260126_001632_dd9b60c3_StateSignal_XLE,0.0,0.0,1.0,1.0,0.0,0.0,0.0,-0.0
2022-02-23 21:00:00+00:00,20260126_001632_dd9b60c3_StateSignal_XLE,0.0,0.0,1.0,1.0,0.0,0.0,0.0,-0.0
2022-02-24 21:00:00+00:00,20260126_001632_dd9b60c3_StateSignal_XLE,0.0,0.0,1.0,1.0,0.0,0.0,0.0,0.0
2022-02-25 21:00:00+00:00,20260126_001632_dd9b60c3_StateSignal_XLE,0.0,0.0,1.0,1.0,0.0,0.0,0.0,0.0
2022-02-28 21:00:00+00:00,20260126_001632_dd9b60c3_StateSignal_XLE,0.0,0.0,1.0,1.0,0.0,0.0,0.0,0.0
2022-03-01 21:00:00+00:00,20260126_001632_dd9b60c3_StateSignal_XLE,0.0,0.0,1.0,1.0,0.0,0.0,0.0,-0.0
2022-03-02 21:00:00+00:00,20260126_001632_dd9b60c3_StateSignal_XLE,0.0,0.0,1.0,1.0,0.0,0.0,0.0,0.0
2022-03-03 21:00:00+00:00,20260126_001632_dd9b60c3_StateSignal_XLE,0.0,0.0,1.0,1.0,0.0,0.0,0.0,0.0
2022-03-04 21:00:00+00:00,20260126_001632_dd9b60c3_StateSignal_XLE,0.0,0.0,1.0,1.0,0.0,0.0,0.0,0.0
2022-03-07 21:00:00+00:00,20260126_001632_dd9b60c3_StateSignal_XLE,0.0,0.0,1.0,1.0,0.0,0.0,0.0,0.0
2022-03-08 21:00:00+00:00,20260126_001632_dd9b60c3_StateSignal_XLE,0.0,0.0,1.0,1.0,0.0,0.0,0.0,-0.0
2022-03-09 21:00:00+00:00,20260126_001632_dd9b60c3_StateSignal_XLE,0.0,0.0,1.0,1.0,0.0,0.0,0.0,-0.0
2022-03-10 21:00:00+00:00,20260126_001632_dd9b60c3_StateSignal_XLE,0.0,0.0,1.0,1.0,0.0,0.0,0.0,0.0
2022-03-11 21:00:00+00:00,20260126_001632_dd9b60c3_StateSignal_XLE,0.0,0.0,1.0,1.0,0.0,0.0,0.0,-0.0
2022-03-14 20:00:00+00:00,20260126_001632_dd9b60c3_StateSignal_XLE,0.0,0.0,1.0,1.0,0.0,0.0,0.0,0.0
2022-03-15 20:00:00+00:00,20260126_001632_dd9b60c3_StateSignal_XLE,0.0,0.0,1.0,1.0,0.0,0.0,0.0,0.0
2022-03-16 20:00:00+00:00,20260126_001632_dd9b60c3_StateSignal_XLE,0.0,0.0,1.0,1.0,0.0,0.0,0.0,-0.0
2022-03-17 20:00:00+00:00,20260126_001632_dd9b60c3_StateSignal_XLE,0.0,0.0,1.0,1.0,0.0,0.0,0.0,0.0
2022-03-18 20:00:00+00:00,20260126_001632_dd9b60c3_StateSignal_XLE,0.0,0.0,1.0,1.0,0.0,0.0,0.0,-0.0
2022-03-21 20:00:00+00:00,20260126_001632_dd9b60c3_StateSignal_XLE,0.0,0.0,1.0,1.0,0.0,0.0,0.0,0.0
2022-03-22 20:00:00+00:00,20260126_001632_dd9b60c3_StateSignal_XLE,0.0,0.0,1.0,1.0,0.0,0.0,0.0,-0.0
2022-03-23 20:00:00+00:00,20260126_001632_dd9b60c3_StateSignal_XLE,0.0,0.0,1.0,1.0,0.0,0.0,0.0,-0.0
2022-03-24 20:00:00+00:00,20260126_001632_dd9b60c3_StateSignal_XLE,0.0,0.0,1.0,1.0,0.0,0.0,0.0,-0.0
2022-03-25 20:00:00+00:00,20260126_001632_dd9b60c3_StateSignal_XLE,0.0,0.0,1.0,1.0,0.0,0.0,0.0,0.0
2022-03-28 20:00:00+00:00,20260126_001632_dd9b60c3_StateSignal_XLE,0.0,0.0,1.0,1.0,0.0,0.0,0.0,-0.0
2022-03-29 20:00:00+00:00,20260126_001632_dd9b60c3_StateSignal_XLE,0.0,0.0,1.0,1.0,0.0,0.0,0.0,0.0
2022-03-30 20:00:00+00:00,20260126_001632_dd9b60c3_StateSignal_XLE,0.0,0.0,1.0,1.0,0.0,0.0,0.0,0.0
2022-03-31 20:00:00+00:00,20260126_001632_dd9b60c3_StateSignal_XLE,0.0,0.0,1.0,1.0,0.0,0.0,0.0,-0.0
2022-04-01 20:00:00+00:00,20260126_001632_dd9b60c3_StateSignal_XLE,0.0,0.0,1.0,1.0,0.0,0.0,0.0,-0.0
2022-04-04 20:00:00+00:00,20260126_001632_dd9b60c3_StateSignal_XLE,0.0,0.0,1.0,1.0,0.0,0.0,0.0,0.0
2022-04-05 20:00:00+00:00,20260126_001632_dd9b60c3_StateSignal_XLE,0.0,0.0,1.0,1.0,0.0,0.0,0.0,-0.0
2022-04-06 20:00:00+00:00,20260126_001632_dd9b60c3_StateSignal_XLE,0.0,0.0,1.0,1.0,0.0,0.0,0.0,0.0
2022-04-07 20:00:00+00:00,20260126_001632_dd9b60c3_StateSignal_XLE,0.0,0.0,1.0,1.0,0.0,0.0,0.0,0.0
2022-04-08 20:00:00+00:00,20260126_001632_dd9b60c3_StateSignal_XLE,0.0,0.0,1.0,1.0,0.0,0.0,0.0,0.0
2022-04-11 20:00:00+00:00,20260126_001632_dd9b60c3_StateSignal_XLE,0.0,0.0,1.0,1.0,0.0,0.0,0.0,-0.0
2022-04-12 20:00:00+00:00,20260126_001632_dd9b60c3_StateSignal_XLE,0.0,0.0,1.0,1.0,0.0,0.0,0.0,-0.0
2022-04-13 20:00:00+00:00,20260126_001632_dd9b60c3_StateSignal_XLE,0.0,0.0,1.0,1.0,0.0,0.0,0.0,0.0
2022-04-14 20:00:00+00:00,20260126_001632_dd9b60c3_StateSignal_XLE,0.0,0.0,1.0,1.0,0.0,0.0,0.0,0.0
2022-04-18 20:00:00+00:00,20260126_001632_dd9b60c3_StateSignal_XLE,0.0,0.0,1.0,1.0,0.0,0.0,0.0,0.0
2022-04-19 20:00:00+00:00,20260126_001632_dd9b60c3_StateSignal_XLE,0.0,0.0,1.0,1.0,0.0,0.0,0.0,-0.0
2022-04-20 20:00:00+00:00,20260126_001632_dd9b60c3_StateSignal_XLE,0.0,0.0,1.0,1.0,0.0,0.0,0.0,0.0
2022-04-21 20:00:00+00:00,20260126_001632_dd9b60c3_StateSignal_XLE,0.0,0.0,1.0,1.0,0.0,0.0,0.0,-0.0
2022-04-22 20:00:00+00:00,20260126_001632_dd9b60c3_StateSignal_XLE,0.0,0.0,1.0,1.0,0.0,0.0,0.0,-0.0
2022-04-25 20:00:00+00:00,20260126_001632_dd9b60c3_StateSignal_XLE,0.0,0.0,1.0,1.0,0.0,0.0,0.0,0.0
2022-04-26 20:00:00+00:00,20260126_001632_dd9b60c3_StateSignal_XLE,0.0,0.0,1.0,1.0,0.0,0.0,0.0,-0.0
2022-04-27 20:00:00+00:00,20260126_001632_dd9b60c3_StateSignal_XLE,0.0,0.0,1.0,1.0,0.0,0.0,0.0,0.0
2022-04-28 20:00:00+00:00,20260126_001632_dd9b60c3_StateSignal_XLE,0.0,0.0,1.0,1.0,0.0,0.0,0.0,0.0
2022-04-29 20:00:00+00:00,20260126_001632_dd9b60c3_StateSignal_XLE,0.0,0.0,1.0,1.0,0.0,0.0,0.0,-0.0
2022-05-02 20:00:00+00:00,20260126_001632_dd9b60c3_StateSignal_XLE,0.0,0.0,1.0,1.0,0.0,0.0,0.0,0.0
2022-05-03 20:00:00+00:00,20260126_001632_dd9b60c3_StateSignal_XLE,0.0,0.0,1.0,1.0,0.0,0.0,0.0,0.0
2022-05-04 20:00:00+00:00,20260126_001632_dd9b60c3_StateSignal_XLE,0.0,0.0,1.0,1.0,0.0,0.0,0.0,0.0
2022-05-05 20:00:00+00:00,20260126_001632_dd9b60c3_StateSignal_XLE,0.0,0.0,1.0,1.0,0.0,0.0,0.0,-0.0
2022-05-06 20:00:00+00:00,20260126_001632_dd9b60c3_StateSignal_XLE,0.0,0.0,1.0,1.0,0.0,0.0,0.0,0.0
2022-05-09 20:00:00+00:00,20260126_001632_dd9b60c3_StateSignal_XLE,0.0,0.0,1.0,1.0,0.0,0.0,0.0,-0.0
2022-05-10 20:00:00+00:00,20260126_001632_dd9b60c3_StateSignal_XLE,0.0,0.0,1.0,1.0,0.0,0.0,0.0,-0.0
2022-05-11 20:00:00+00:00,20260126_001632_dd9b60c3_StateSignal_XLE,0.0,0.0,1.0,1.0,0.0,0.0,0.0,-0.0
2022-05-12 20:00:00+00:00,20260126_001632_dd9b60c3_StateSignal_XLE,0.0,0.0,1.0,1.0,0.0,0.0,0.0,0.0
2022-05-13 20:00:00+00:00,20260126_001632_dd9b60c3_StateSignal_XLE,0.0,0.0,1.0,1.0,0.0,0.0,0.0,0.0
2022-05-16 20:00:00+00:00,20260126_001632_dd9b60c3_StateSignal_XLE,0.0,0.0,1.0,1.0,0.0,0.0,0.0,0.0
2022-05-17 20:00:00+00:00,20260126_001632_dd9b60c3_StateSignal_XLE,0.0,0.0,1.0,1.0,0.0,0.0,0.0,0.0
2022-05-18 20:00:00+00:00,20260126_001632_dd9b60c3_StateSignal_XLE,0.0,0.0,1.0,1.0,0.0,0.0,0.0,-0.0
2022-05-19 20:00:00+00:00,20260126_001632_dd9b60c3_StateSignal_XLE,0.0,0.0,1.0,1.0,0.0,0.0,0.0,0.0
2022-05-20 20:00:00+00:00,20260126_001632_dd9b60c3_StateSignal_XLE,0.0,0.0,1.0,1.0,0.0,0.0,0.0,-0.0
2022-05-23 20:00:00+00:00,20260126_001632_dd9b60c3_StateSignal_XLE,0.0,0.0,1.0,1.0,0.0,0.0,0.0,0.0
2022-05-24 20:00:00+00:00,20260126_001632_dd9b60c3_StateSignal_XLE,0.0,0.0,1.0,1.0,0.0,0.0,0.0,0.0
2022-05-25 20:00:00+00:00,20260126_001632_dd9b60c3_StateSignal_XLE,0.0,0.0,1.0,1.0,0.0,0.0,0.0,0.0
2022-05-26 20:00:00+00:00,20260126_001632_dd9b60c3_StateSignal_XLE,0.0,0.0,1.0,1.0,0.0,0.0,0.0,0.0
2022-05-27 20:00:00+00:00,20260126_001632_dd9b60c3_StateSignal_XLE,0.0,0.0,1.0,1.0,0.0,0.0,0.0,0.0
2022-05-31 20:00:00+00:00,20260126_001632_dd9b60c3_StateSignal_XLE,0.0,0.0,1.0,1.0,0.0,0.0,0.0,-0.0
2022-06-01 20:00:00+00:00,20260126_001632_dd9b60c3_StateSignal_XLE,0.0,0.0,1.0,1.0,0.0,0.0,0.0,0.0
2022-06-02 20:00:00+00:00,20260126_001632_dd9b60c3_StateSignal_XLE,0.0,0.0,1.0,1.0,0.0,0.0,0.0,0.0
2022-06-03 20:00:00+00:00,20260126_001632_dd9b60c3_StateSignal_XLE,0.0,0.0,1.0,1.0,0.0,0.0,0.0,0.0
2022-06-06 20:00:00+00:00,20260126_001632_dd9b60c3_StateSignal_XLE,0.0,0.0,1.0,1.0,0.0,0.0,0.0,-0.0
2022-06-07 20:00:00+00:00,20260126_001632_dd9b60c3_StateSignal_XLE,0.0,0.0,1.0,1.0,0.0,0.0,0.0,0.0
2022-06-08 20:00:00+00:00,20260126_001632_dd9b60c3_StateSignal_XLE,0.0,0.0,1.0,1.0,0.0,0.0,0.0,-0.0
2022-06-09 20:00:00+00:00,20260126_001632_dd9b60c3_StateSignal_XLE,0.0,0.0,1.0,1.0,0.0,0.0,0.0,-0.0
2022-06-10 20:00:00+00:00,20260126_001632_dd9b60c3_StateSignal_XLE,0.0,0.0,1.0,1.0,0.0,0.0,0.0,-0.0
2022-06-13 20:00:00+00:00,20260126_001632_dd9b60c3_StateSignal_XLE,0.0,0.0,1.0,1.0,0.0,0.0,0.0,-0.0
2022-06-14 20:00:00+00:00,20260126_001632_dd9b60c3_StateSignal_XLE,0.0,0.0,1.0,1.0,0.0,0.0,0.0,-0.0
2022-06-15 20:00:00+00:00,20260126_001632_dd9b60c3_StateSignal_XLE,0.0,0.0,1.0,1.0,0.0,0.0,0.0,-0.0
2022-06-16 20:00:00+00:00,20260126_001632_dd9b60c3_StateSignal_XLE,0.0,0.0,1.0,1.0,0.0,0.0,0.0,-0.0
2022-06-17 20:00:00+00:00,20260126_001632_dd9b60c3_StateSignal_XLE,0.0,0.0,1.0,1.0,0.0,0.0,0.0,-0.0
2022-06-21 20:00:00+00:00,20260126_001632_dd9b60c3_StateSignal_XLE,0.0,0.0,1.0,1.0,0.0,0.0,0.0,0.0
2022-06-22 20:00:00+00:00,20260126_001632_dd9b60c3_StateSignal_XLE,0.0,0.0,1.0,1.0,0.0,0.0,0.0,0.0
2022-06-23 20:00:00+00:00,20260126_001632_dd9b60c3_StateSignal_XLE,0.0,0.0,1.0,1.0,0.0,0.0,0.0,-0.0
2022-06-24 20:00:00+00:00,20260126_001632_dd9b60c3_StateSignal_XLE,0.0,0.0,1.0,1.0,0.0,0.0,0.0,0.0
2022-06-27 20:00:00+00:00,20260126_001632_dd9b60c3_StateSignal_XLE,0.0,0.0,1.0,1.0,0.0,0.0,0.0,0.0
2022-06-28 20:00:00+00:00,20260126_001632_dd9b60c3_StateSignal_XLE,0.0,0.0,1.0,1.0,0.0,0.0,0.0,0.0
2022-06-29 20:00:00+00:00,20260126_001632_dd9b60c3_StateSignal_XLE,0.0,0.0,1.0,1.0,0.0,0.0,0.0,-0.0
2022-06-30 20:00:00+00:00,20260126_001632_dd9b60c3_StateSignal_XLE,0.0,0.0,1.0,1.0,0.0,0.0,0.0,-0.0
2022-07-01 20:00:00+00:00,20260126_001632_dd9b60c3_StateSignal_XLE,0.0,0.0,1.0,1.0,0.0,0.0,0.0,0.0
2022-07-05 20:00:00+00:00,20260126_001632_dd9b60c3_StateSignal_XLE,0.0,0.0,1.0,1.0,0.0,0.0,0.0,-0.0
2022-07-06 20:00:00+00:00,20260126_001632_dd9b60c3_StateSignal_XLE,0.0,0.0,1.0,1.0,0.0,0.0,0.0,-0.0
2022-07-07 20:00:00+00:00,20260126_001632_dd9b60c3_StateSignal_XLE,0.0,0.0,1.0,1.0,0.0,0.0,0.0,0.0
2022-07-08 20:00:00+00:00,20260126_001632_dd9b60c3_StateSignal_XLE,0.0,0.0,1.0,1.0,0.0,0.0,0.0,-0.0
2022-07-11 20:00:00+00:00,20260126_001632_dd9b60c3_StateSignal_XLE,0.0,0.0,1.0,1.0,0.0,0.0,0.0,0.0
2022-07-12 20:00:00+00:00,20260126_001632_dd9b60c3_StateSignal_XLE,0.0,0.0,1.0,1.0,0.0,0.0,0.0,0.0
2022-07-13 20:00:00+00:00,20260126_001632_dd9b60c3_StateSignal_XLE,0.0,0.0,1.0,1.0,0.0,0.0,0.0,-0.0
2022-07-14 20:00:00+00:00,20260126_001632_dd9b60c3_StateSignal_XLE,0.0,0.0,1.0,1.0,0.0,0.0,0.0,0.0
2022-07-15 20:00:00+00:00,20260126_001632_dd9b60c3_StateSignal_XLE,0.0,0.0,1.0,1.0,0.0,0.0,0.0,0.0
2022-07-18 20:00:00+00:00,20260126_001632_dd9b60c3_StateSignal_XLE,0.0,0.0,1.0,1.0,0.0,0.0,0.0,-0.0
2022-07-19 20:00:00+00:00,20260126_001632_dd9b60c3_StateSignal_XLE,0.0,0.0,1.0,1.0,0.0,0.0,0.0,0.0
2022-07-20 20:00:00+00:00,20260126_001632_dd9b60c3_StateSignal_XLE,0.0,0.0,1.0,1.0,0.0,0.0,0.0,0.0
2022-07-21 20:00:00+00:00,20260126_001632_dd9b60c3_StateSignal_XLE,0.0,0.0,1.0,1.0,0.0,0.0,0.0,0.0
2022-07-22 20:00:00+00:00,20260126_001632_dd9b60c3_StateSignal_XLE,0.0,0.0,1.0,1.0,0.0,0.0,0.0,-0.0
2022-07-25 20:00:00+00:00,20260126_001632_dd9b60c3_StateSignal_XLE,0.0,0.0,1.0,1.0,0.0,0.0,0.0,0.0
2022-07-26 20:00:00+00:00,20260126_001632_dd9b60c3_StateSignal_XLE,0.0,0.0,1.0,1.0,0.0,0.0,0.0,-0.0
2022-07-27 20:00:00+00:00,20260126_001632_dd9b60c3_StateSignal_XLE,0.0,0.0,1.0,1.0,0.0,0.0,0.0,0.0
2022-07-28 20:00:00+00:00,20260126_001632_dd9b60c3_StateSignal_XLE,0.0,0.0,1.0,1.0,0.0,0.0,0.0,-0.0
2022-07-29 20:00:00+00:00,20260126_001632_dd9b60c3_StateSignal_XLE,0.0,0.0,1.0,1.0,0.0,0.0,0.0,0.0
2022-08-01 20:00:00+00:00,20260126_001632_dd9b60c3_StateSignal_XLE,0.0,0.0,1.0,1.0,0.0,0.0,0.0,-0.0
2022-08-02 20:00:00+00:00,20260126_001632_dd9b60c3_StateSignal_XLE,0.0,0.0,1.0,1.0,0.0,0.0,0.0,-0.0
2022-08-03 20:00:00+00:00,20260126_001632_dd9b60c3_StateSignal_XLE,0.0,0.0,1.0,1.0,0.0,0.0,0.0,-0.0
2022-08-04 20:00:00+00:00,20260126_001632_dd9b60c3_StateSignal_XLE,0.0,0.0,1.0,1.0,0.0,0.0,0.0,-0.0
2022-08-05 20:00:00+00:00,20260126_001632_dd9b60c3_StateSignal_XLE,0.0,0.0,1.0,1.0,0.0,0.0,0.0,0.0
2022-08-08 20:00:00+00:00,20260126_001632_dd9b60c3_StateSignal_XLE,0.0,0.0,1.0,1.0,0.0,0.0,0.0,0.0
2022-08-09 20:00:00+00:00,20260126_001632_dd9b60c3_StateSignal_XLE,0.0,0.0,1.0,1.0,0.0,0.0,0.0,-0.0
2022-08-10 20:00:00+00:00,20260126_001632_dd9b60c3_StateSignal_XLE,0.0,0.0,1.0,1.0,0.0,0.0,0.0,0.0
2022-08-11 20:00:00+00:00,20260126_001632_dd9b60c3_StateSignal_XLE,0.0,0.0,1.0,1.0,0.0,0.0,0.0,0.0
2022-08-12 20:00:00+00:00,20260126_001632_dd9b60c3_StateSignal_XLE,0.0,0.0,1.0,1.0,0.0,0.0,0.0,0.0
2022-08-15 20:00:00+00:00,20260126_001632_dd9b60c3_StateSignal_XLE,0.0,0.0,1.0,1.0,0.0,0.0,0.0,0.0
2022-08-16 20:00:00+00:00,20260126_001632_dd9b60c3_StateSignal_XLE,0.0,0.0,1.0,1.0,0.0,0.0,0.0,-0.0
2022-08-17 20:00:00+00:00,20260126_001632_dd9b60c3_StateSignal_XLE,0.0,0.0,1.0,1.0,0.0,0.0,0.0,0.0
2022-08-18 20:00:00+00:00,20260126_001632_dd9b60c3_StateSignal_XLE,0.0,0.0,1.0,1.0,0.0,0.0,0.0,0.0
2022-08-19 20:00:00+00:00,20260126_001632_dd9b60c3_StateSignal_XLE,0.0,0.0,1.0,1.0,0.0,0.0,0.0,0.0
2022-08-22 20:00:00+00:00,20260126_001632_dd9b60c3_StateSignal_XLE,0.0,0.0,1.0,1.0,0.0,0.0,0.0,0.0
2022-08-23 20:00:00+00:00,20260126_001632_dd9b60c3_StateSignal_XLE,0.0,0.0,1.0,1.0,0.0,0.0,0.0,0.0
2022-08-24 20:00:00+00:00,20260126_001632_dd9b60c3_StateSignal_XLE,0.0,0.0,1.0,1.0,0.0,0.0,0.0,0.0
2022-08-25 20:00:00+00:00,20260126_001632_dd9b60c3_StateSignal_XLE,0.0,0.0,1.0,1.0,0.0,0.0,0.0,-0.0
2022-08-26 20:00:00+00:00,20260126_001632_dd9b60c3_StateSignal_XLE,0.0,0.0,1.0,1.0,0.0,0.0,0.0,-0.0
2022-08-29 20:00:00+00:00,20260126_001632_dd9b60c3_StateSignal_XLE,0.0,0.0,1.0,1.0,0.0,0.0,0.0,0.0
2022-08-30 20:00:00+00:00,20260126_001632_dd9b60c3_StateSignal_XLE,0.0,0.0,1.0,1.0,0.0,0.0,0.0,-0.0
2022-08-31 20:00:00+00:00,20260126_001632_dd9b60c3_StateSignal_XLE,0.0,0.0,1.0,1.0,0.0,0.0,0.0,0.0
2022-09-01 20:00:00+00:00,20260126_001632_dd9b60c3_StateSignal_XLE,0.0,0.0,1.0,1.0,0.0,0.0,0.0,-0.0
2022-09-02 20:00:00+00:00,20260126_001632_dd9b60c3_StateSignal_XLE,0.0,0.0,1.0,1.0,0.0,0.0,0.0,-0.0
2022-09-06 20:00:00+00:00,20260126_001632_dd9b60c3_StateSignal_XLE,0.0,0.0,1.0,1.0,0.0,0.0,0.0,-0.0
2022-09-07 20:00:00+00:00,20260126_001632_dd9b60c3_StateSignal_XLE,0.0,0.0,1.0,1.0,0.0,0.0,0.0,0.0
2022-09-08 20:00:00+00:00,20260126_001632_dd9b60c3_StateSignal_XLE,0.0,0.0,1.0,1.0,0.0,0.0,0.0,0.0
2022-09-09 20:00:00+00:00,20260126_001632_dd9b60c3_StateSignal_XLE,0.0,0.0,1.0,1.0,0.0,0.0,0.0,0.0
2022-09-12 20:00:00+00:00,20260126_001632_dd9b60c3_StateSignal_XLE,0.0,0.0,1.0,1.0,0.0,0.0,0.0,0.0
2022-09-13 20:00:00+00:00,20260126_001632_dd9b60c3_StateSignal_XLE,0.0,0.0,1.0,1.0,0.0,0.0,0.0,-0.0
2022-09-14 20:00:00+00:00,20260126_001632_dd9b60c3_StateSignal_XLE,0.0,0.0,1.0,1.0,0.0,0.0,0.0,-0.0
2022-09-15 20:00:00+00:00,20260126_001632_dd9b60c3_StateSignal_XLE,0.0,0.0,1.0,1.0,0.0,0.0,0.0,-0.0
2022-09-16 20:00:00+00:00,20260126_001632_dd9b60c3_StateSignal_XLE,0.0,0.0,1.0,1.0,0.0,0.0,0.0,0.0
2022-09-19 20:00:00+00:00,20260126_001632_dd9b60c3_StateSignal_XLE,0.0,0.0,1.0,1.0,0.0,0.0,0.0,0.0
2022-09-20 20:00:00+00:00,20260126_001632_dd9b60c3_StateSignal_XLE,0.0,0.0,1.0,1.0,0.0,0.0,0.0,0.0
2022-09-21 20:00:00+00:00,20260126_001632_dd9b60c3_StateSignal_XLE,0.0,0.0,1.0,1.0,0.0,0.0,0.0,-0.0
2022-09-22 20:00:00+00:00,20260126_001632_dd9b60c3_StateSignal_XLE,0.0,0.0,1.0,1.0,0.0,0.0,0.0,-0.0
2022-09-23 20:00:00+00:00,20260126_001632_dd9b60c3_StateSignal_XLE,0.0,0.0,1.0,1.0,0.0,0.0,0.0,-0.0
2022-09-26 20:00:00+00:00,20260126_001632_dd9b60c3_StateSignal_XLE,0.0,0.0,1.0,1.0,0.0,0.0,0.0,-0.0
2022-09-27 20:00:00+00:00,20260126_001632_dd9b60c3_StateSignal_XLE,0.0,0.0,1.0,1.0,0.0,0.0,0.0,-0.0
2022-09-28 20:00:00+00:00,20260126_001632_dd9b60c3_StateSignal_XLE,0.0,0.0,1.0,1.0,0.0,0.0,0.0,0.0
2022-09-29 20:00:00+00:00,20260126_001632_dd9b60c3_StateSignal_XLE,0.0,0.0,1.0,1.0,0.0,0.0,0.0,0.0
2022-09-30 20:00:00+00:00,20260126_001632_dd9b60c3_StateSignal_XLE,0.0,0.0,1.0,1.0,0.0,0.0,0.0,0.0
2022-10-03 20:00:00+00:00,20260126_001632_dd9b60c3_StateSignal_XLE,0.0,0.0,1.0,1.0,0.0,0.0,0.0,0.0
2022-10-04 20:00:00+00:00,20260126_001632_dd9b60c3_StateSignal_XLE,0.0,0.0,1.0,1.0,0.0,0.0,0.0,0.0
2022-10-05 20:00:00+00:00,20260126_001632_dd9b60c3_StateSignal_XLE,0.0,0.0,1.0,1.0,0.0,0.0,0.0,0.0
2022-10-06 20:00:00+00:00,20260126_001632_dd9b60c3_StateSignal_XLE,0.0,0.0,1.0,1.0,0.0,0.0,0.0,0.0
2022-10-07 20:00:00+00:00,20260126_001632_dd9b60c3_StateSignal_XLE,0.0,0.0,1.0,1.0,0.0,0.0,0.0,-0.0
2022-10-10 20:00:00+00:00,20260126_001632_dd9b60c3_StateSignal_XLE,0.0,0.0,1.0,1.0,0.0,0.0,0.0,-0.0
2022-10-11 20:00:00+00:00,20260126_001632_dd9b60c3_StateSignal_XLE,0.0,0.0,1.0,1.0,0.0,0.0,0.0,0.0
2022-10-12 20:00:00+00:00,20260126_001632_dd9b60c3_StateSignal_XLE,0.0,0.0,1.0,1.0,0.0,0.0,0.0,0.0
2022-10-13 20:00:00+00:00,20260126_001632_dd9b60c3_StateSignal_XLE,0.0,0.0,1.0,1.0,0.0,0.0,0.0,0.0
2022-10-14 20:00:00+00:00,20260126_001632_dd9b60c3_StateSignal_XLE,0.0,0.0,1.0,1.0,0.0,0.0,0.0,-0.0
2022-10-17 20:00:00+00:00,20260126_001632_dd9b60c3_StateSignal_XLE,0.0,0.0,1.0,1.0,0.0,0.0,0.0,0.0
2022-10-18 20:00:00+00:00,20260126_001632_dd9b60c3_StateSignal_XLE,0.0,0.0,1.0,1.0,0.0,0.0,0.0,-0.0
2022-10-19 20:00:00+00:00,20260126_001632_dd9b60c3_StateSignal_XLE,0.0,0.0,1.0,1.0,0.0,0.0,0.0,0.0
2022-10-20 20:00:00+00:00,20260126_001632_dd9b60c3_StateSignal_XLE,0.0,0.0,1.0,1.0,0.0,0.0,0.0,-0.0
2022-10-21 20:00:00+00:00,20260126_001632_dd9b60c3_StateSignal_XLE,0.0,0.0,1.0,1.0,0.0,0.0,0.0,0.0
2022-10-24 20:00:00+00:00,20260126_001632_dd9b60c3_StateSignal_XLE,0.0,0.0,1.0,1.0,0.0,0.0,0.0,0.0
2022-10-25 20:00:00+00:00,20260126_001632_dd9b60c3_StateSignal_XLE,0.0,0.0,1.0,1.0,0.0,0.0,0.0,0.0
2022-10-26 20:00:00+00:00,20260126_001632_dd9b60c3_StateSignal_XLE,0.0,0.0,1.0,1.0,0.0,0.0,0.0,0.0
2022-10-27 20:00:00+00:00,20260126_001632_dd9b60c3_StateSignal_XLE,0.0,0.0,1.0,1.0,0.0,0.0,0.0,0.0
2022-10-28 20:00:00+00:00,20260126_001632_dd9b60c3_StateSignal_XLE,0.0,0.0,1.0,1.0,0.0,0.0,0.0,0.0
2022-10-31 20:00:00+00:00,20260126_001632_dd9b60c3_StateSignal_XLE,0.0,0.0,1.0,1.0,0.0,0.0,0.0,-0.0
2022-11-01 20:00:00+00:00,20260126_001632_dd9b60c3_StateSignal_XLE,0.0,0.0,1.0,1.0,0.0,0.0,0.0,-0.0
2022-11-02 20:00:00+00:00,20260126_001632_dd9b60c3_StateSignal_XLE,0.0,0.0,1.0,1.0,0.0,0.0,0.0,-0.0
2022-11-03 20:00:00+00:00,20260126_001632_dd9b60c3_StateSignal_XLE,0.0,0.0,1.0,1.0,0.0,0.0,0.0,0.0
2022-11-04 20:00:00+00:00,20260126_001632_dd9b60c3_StateSignal_XLE,0.0,0.0,1.0,1.0,0.0,0.0,0.0,-0.0
2022-11-07 21:00:00+00:00,20260126_001632_dd9b60c3_StateSignal_XLE,0.0,0.0,1.0,1.0,0.0,0.0,0.0,0.0
2022-11-08 21:00:00+00:00,20260126_001632_dd9b60c3_StateSignal_XLE,0.0,0.0,1.0,1.0,0.0,0.0,0.0,0.0
2022-11-09 21:00:00+00:00,20260126_001632_dd9b60c3_StateSignal_XLE,0.0,0.0,1.0,1.0,0.0,0.0,0.0,-0.0
2022-11-10 21:00:00+00:00,20260126_001632_dd9b60c3_StateSignal_XLE,0.0,0.0,1.0,1.0,0.0,0.0,0.0,0.0
2022-11-11 21:00:00+00:00,20260126_001632_dd9b60c3_StateSignal_XLE,0.0,0.0,1.0,1.0,0.0,0.0,0.0,0.0
2022-11-14 21:00:00+00:00,20260126_001632_dd9b60c3_StateSignal_XLE,0.0,0.0,1.0,1.0,0.0,0.0,0.0,-0.0
2022-11-15 21:00:00+00:00,20260126_001632_dd9b60c3_StateSignal_XLE,0.0,0.0,1.0,1.0,0.0,0.0,0.0,0.0
2022-11-16 21:00:00+00:00,20260126_001632_dd9b60c3_StateSignal_XLE,0.0,0.0,1.0,1.0,0.0,0.0,0.0,-0.0
2022-11-17 21:00:00+00:00,20260126_001632_dd9b60c3_StateSignal_XLE,0.0,0.0,1.0,1.0,0.0,0.0,0.0,0.0
2022-11-18 21:00:00+00:00,20260126_001632_dd9b60c3_StateSignal_XLE,0.0,0.0,1.0,1.0,0.0,0.0,0.0,-0.0
2022-11-21 21:00:00+00:00,20260126_001632_dd9b60c3_StateSignal_XLE,0.0,0.0,1.0,1.0,0.0,0.0,0.0,-0.0
2022-11-22 21:00:00+00:00,20260126_001632_dd9b60c3_StateSignal_XLE,0.0,0.0,1.0,1.0,0.0,0.0,0.0,0.0
2022-11-23 21:00:00+00:00,20260126_001632_dd9b60c3_StateSignal_XLE,0.0,0.0,1.0,1.0,0.0,0.0,0.0,-0.0
2022-11-25 21:00:00+00:00,20260126_001632_dd9b60c3_StateSignal_XLE,0.0,0.0,1.0,1.0,0.0,0.0,0.0,-0.0
2022-11-28 21:00:00+00:00,20260126_001632_dd9b60c3_StateSignal_XLE,0.0,0.0,1.0,1.0,0.0,0.0,0.0,-0.0
2022-11-29 21:00:00+00:00,20260126_001632_dd9b60c3_StateSignal_XLE,0.0,0.0,1.0,1.0,0.0,0.0,0.0,0.0
2022-11-30 21:00:00+00:00,20260126_001632_dd9b60c3_StateSignal_XLE,0.0,0.0,1.0,1.0,0.0,0.0,0.0,-0.0
2022-12-01 21:00:00+00:00,20260126_001632_dd9b60c3_StateSignal_XLE,0.0,0.0,1.0,1.0,0.0,0.0,0.0,-0.0
2022-12-02 21:00:00+00:00,20260126_001632_dd9b60c3_StateSignal_XLE,0.0,0.0,1.0,1.0,0.0,0.0,0.0,-0.0
2022-12-05 21:00:00+00:00,20260126_001632_dd9b60c3_StateSignal_XLE,0.0,0.0,1.0,1.0,0.0,0.0,0.0,-0.0
2022-12-06 21:00:00+00:00,20260126_001632_dd9b60c3_StateSignal_XLE,0.0,0.0,1.0,1.0,0.0,0.0,0.0,-0.0
2022-12-07 21:00:00+00:00,20260126_001632_dd9b60c3_StateSignal_XLE,0.0,0.0,1.0,1.0,0.0,0.0,0.0,-0.0
2022-12-08 21:00:00+00:00,20260126_001632_dd9b60c3_StateSignal_XLE,0.0,0.0,1.0,1.0,0.0,0.0,0.0,-0.0
2022-12-09 21:00:00+00:00,20260126_001632_dd9b60c3_StateSignal_XLE,0.0,0.0,1.0,1.0,0.0,0.0,0.0,-0.0
2022-12-12 21:00:00+00:00,20260126_001632_dd9b60c3_StateSignal_XLE,0.0,0.0,1.0,1.0,0.0,0.0,0.0,0.0
2022-12-13 21:00:00+00:00,20260126_001632_dd9b60c3_StateSignal_XLE,0.0,0.0,1.0,1.0,0.0,0.0,0.0,-0.0
2022-12-14 21:00:00+00:00,20260126_001632_dd9b60c3_StateSignal_XLE,0.0,0.0,1.0,1.0,0.0,0.0,0.0,-0.0
2022-12-15 21:00:00+00:00,20260126_001632_dd9b60c3_StateSignal_XLE,0.0,0.0,1.0,1.0,0.0,0.0,0.0,0.0
2022-12-16 21:00:00+00:00,20260126_001632_dd9b60c3_StateSignal_XLE,0.0,0.0,1.0,1.0,0.0,0.0,0.0,0.0
2022-12-19 21:00:00+00:00,20260126_001632_dd9b60c3_StateSignal_XLE,0.0,0.0,1.0,1.0,0.0,0.0,0.0,-0.0
2022-12-20 21:00:00+00:00,20260126_001632_dd9b60c3_StateSignal_XLE,0.0,0.0,1.0,1.0,0.0,0.0,0.0,0.0
2022-12-21 21:00:00+00:00,20260126_001632_dd9b60c3_StateSignal_XLE,0.0,0.0,1.0,1.0,0.0,0.0,0.0,0.0
2022-12-22 21:00:00+00:00,20260126_001632_dd9b60c3_StateSignal_XLE,0.0,0.0,1.0,1.0,0.0,0.0,0.0,-0.0
2022-12-23 21:00:00+00:00,20260126_001632_dd9b60c3_StateSignal_XLE,0.0,0.0,1.0,1.0,0.0,0.0,0.0,0.0
2022-12-27 21:00:00+00:00,20260126_001632_dd9b60c3_StateSignal_XLE,0.0,0.0,1.0,1.0,0.0,0.0,0.0,0.0
2022-12-28 21:00:00+00:00,20260126_001632_dd9b60c3_StateSignal_XLE,0.0,0.0,1.0,1.0,0.0,0.0,0.0,-0.0
2022-12-29 21:00:00+00:00,20260126_001632_dd9b60c3_StateSignal_XLE,0.0,0.0,1.0,1.0,0.0,0.0,0.0,0.0
2022-12-30 21:00:00+00:00,20260126_001632_dd9b60c3_StateSignal_XLE,0.0,0.0,1.0,1.0,0.0,0.0,0.0,0.0
2023-01-03 21:00:00+00:00,20260126_001632_dd9b60c3_StateSignal_XLE,0.0,0.0,1.0,1.0,0.0,0.0,0.0,-0.0
2023-01-04 21:00:00+00:00,20260126_001632_dd9b60c3_StateSignal_XLE,0.0,0.0,1.0,1.0,0.0,0.0,0.0,0.0
2023-01-05 21:00:00+00:00,20260126_001632_dd9b60c3_StateSignal_XLE,0.0,0.0,1.0,1.0,0.0,0.0,0.0,0.0
2023-01-06 21:00:00+00:00,20260126_001632_dd9b60c3_StateSignal_XLE,0.0,0.0,1.0,1.0,0.0,0.0,0.0,-0.0
2023-01-09 21:00:00+00:00,20260126_001632_dd9b60c3_StateSignal_XLE,0.0,0.0,1.0,1.0,0.0,0.0,0.0,-0.0
2023-01-10 21:00:00+00:00,20260126_001632_dd9b60c3_StateSignal_XLE,0.0,0.0,1.0,1.0,0.0,0.0,0.0,0.0
2023-01-11 21:00:00+00:00,20260126_001632_dd9b60c3_StateSignal_XLE,0.0,0.0,1.0,1.0,0.0,0.0,0.0,-0.0
2023-01-12 21:00:00+00:00,20260126_001632_dd9b60c3_StateSignal_XLE,0.0,0.0,1.0,1.0,0.0,0.0,0.0,0.0
2023-01-13 21:00:00+00:00,20260126_001632_dd9b60c3_StateSignal_XLE,0.0,0.0,1.0,1.0,0.0,0.0,0.0,0.0
2023-01-17 21:00:00+00:00,20260126_001632_dd9b60c3_StateSignal_XLE,0.0,0.0,1.0,1.0,0.0,0.0,0.0,-0.0
2023-01-18 21:00:00+00:00,20260126_001632_dd9b60c3_StateSignal_XLE,0.0,0.0,1.0,1.0,0.0,0.0,0.0,-0.0
2023-01-19 21:00:00+00:00,20260126_001632_dd9b60c3_StateSignal_XLE,0.0,0.0,1.0,1.0,0.0,0.0,0.0,0.0
2023-01-20 21:00:00+00:00,20260126_001632_dd9b60c3_StateSignal_XLE,0.0,0.0,1.0,1.0,0.0,0.0,0.0,0.0
2023-01-23 21:00:00+00:00,20260126_001632_dd9b60c3_StateSignal_XLE,0.0,0.0,1.0,1.0,0.0,0.0,0.0,-0.0
2023-01-24 21:00:00+00:00,20260126_001632_dd9b60c3_StateSignal_XLE,0.0,0.0,1.0,1.0,0.0,0.0,0.0,0.0
2023-01-25 21:00:00+00:00,20260126_001632_dd9b60c3_StateSignal_XLE,0.0,0.0,1.0,1.0,0.0,0.0,0.0,0.0
2023-01-26 21:00:00+00:00,20260126_001632_dd9b60c3_StateSignal_XLE,0.0,0.0,1.0,1.0,0.0,0.0,0.0,0.0
2023-01-27 21:00:00+00:00,20260126_001632_dd9b60c3_StateSignal_XLE,0.0,0.0,1.0,1.0,0.0,0.0,0.0,-0.0
2023-01-30 21:00:00+00:00,20260126_001632_dd9b60c3_StateSignal_XLE,0.0,0.0,1.0,1.0,0.0,0.0,0.0,-0.0
2023-01-31 21:00:00+00:00,20260126_001632_dd9b60c3_StateSignal_XLE,0.0,0.0,1.0,1.0,0.0,0.0,0.0,0.0
2023-02-01 21:00:00+00:00,20260126_001632_dd9b60c3_StateSignal_XLE,0.0,0.0,1.0,1.0,0.0,0.0,0.0,-0.0
2023-02-02 21:00:00+00:00,20260126_001632_dd9b60c3_StateSignal_XLE,0.0,0.0,1.0,1.0,0.0,0.0,0.0,-0.0
2023-02-03 21:00:00+00:00,20260126_001632_dd9b60c3_StateSignal_XLE,0.0,0.0,1.0,1.0,0.0,0.0,0.0,-0.0
2023-02-06 21:00:00+00:00,20260126_001632_dd9b60c3_StateSignal_XLE,0.0,0.0,1.0,1.0,0.0,0.0,0.0,-0.0
2023-02-07 21:00:00+00:00,20260126_001632_dd9b60c3_StateSignal_XLE,0.0,0.0,1.0,1.0,0.0,0.0,0.0,0.0
2023-02-08 21:00:00+00:00,20260126_001632_dd9b60c3_StateSignal_XLE,0.0,0.0,1.0,1.0,0.0,0.0,0.0,-0.0
2023-02-09 21:00:00+00:00,20260126_001632_dd9b60c3_StateSignal_XLE,0.0,0.0,1.0,1.0,0.0,0.0,0.0,-0.0
2023-02-10 21:00:00+00:00,20260126_001632_dd9b60c3_StateSignal_XLE,0.0,0.0,1.0,1.0,0.0,0.0,0.0,0.0
2023-02-13 21:00:00+00:00,20260126_001632_dd9b60c3_StateSignal_XLE,0.0,0.0,1.0,1.0,0.0,0.0,0.0,0.0
2023-02-14 21:00:00+00:00,20260126_001632_dd9b60c3_StateSignal_XLE,0.0,0.0,1.0,1.0,0.0,0.0,0.0,0.0
2023-02-15 21:00:00+00:00,20260126_001632_dd9b60c3_StateSignal_XLE,0.0,0.0,1.0,1.0,0.0,0.0,0.0,0.0
2023-02-16 21:00:00+00:00,20260126_001632_dd9b60c3_StateSignal_XLE,0.0,0.0,1.0,1.0,0.0,0.0,0.0,-0.0
2023-02-17 21:00:00+00:00,20260126_001632_dd9b60c3_StateSignal_XLE,0.0,0.0,1.0,1.0,0.0,0.0,0.0,-0.0
2023-02-21 21:00:00+00:00,20260126_001632_dd9b60c3_StateSignal_XLE,0.0,0.0,1.0,1.0,0.0,0.0,0.0,-0.0
2023-02-22 21:00:00+00:00,20260126_001632_dd9b60c3_StateSignal_XLE,0.0,0.0,1.0,1.0,0.0,0.0,0.0,-0.0
2023-02-23 21:00:00+00:00,20260126_001632_dd9b60c3_StateSignal_XLE,0.0,0.0,1.0,1.0,0.0,0.0,0.0,0.0
2023-02-24 21:00:00+00:00,20260126_001632_dd9b60c3_StateSignal_XLE,0.0,0.0,1.0,1.0,0.0,0.0,0.0,0.0
2023-02-27 21:00:00+00:00,20260126_001632_dd9b60c3_StateSignal_XLE,0.0,0.0,1.0,1.0,0.0,0.0,0.0,0.0
2023-02-28 21:00:00+00:00,20260126_001632_dd9b60c3_StateSignal_XLE,0.0,0.0,1.0,1.0,0.0,0.0,0.0,-0.0
2023-03-01 21:00:00+00:00,20260126_001632_dd9b60c3_StateSignal_XLE,0.0,0.0,1.0,1.0,0.0,0.0,0.0,0.0
2023-03-02 21:00:00+00:00,20260126_001632_dd9b60c3_StateSignal_XLE,0.0,0.0,1.0,1.0,0.0,0.0,0.0,0.0
2023-03-03 21:00:00+00:00,20260126_001632_dd9b60c3_StateSignal_XLE,0.0,0.0,1.0,1.0,0.0,0.0,0.0,0.0
2023-03-06 21:00:00+00:00,20260126_001632_dd9b60c3_StateSignal_XLE,0.0,0.0,1.0,1.0,0.0,0.0,0.0,0.0
2023-03-07 21:00:00+00:00,20260126_001632_dd9b60c3_StateSignal_XLE,0.0,0.0,1.0,1.0,0.0,0.0,0.0,-0.0
2023-03-08 21:00:00+00:00,20260126_001632_dd9b60c3_StateSignal_XLE,0.0,0.0,1.0,1.0,0.0,0.0,0.0,-0.0
2023-03-09 21:00:00+00:00,20260126_001632_dd9b60c3_StateSignal_XLE,0.0,0.0,1.0,1.0,0.0,0.0,0.0,-0.0
2023-03-10 21:00:00+00:00,20260126_001632_dd9b60c3_StateSignal_XLE,0.0,0.0,1.0,1.0,0.0,0.0,0.0,-0.0
2023-03-13 20:00:00+00:00,20260126_001632_dd9b60c3_StateSignal_XLE,0.0,0.0,1.0,1.0,0.0,0.0,0.0,0.0
2023-03-14 20:00:00+00:00,20260126_001632_dd9b60c3_StateSignal_XLE,0.0,0.0,1.0,1.0,0.0,0.0,0.0,-0.0
2023-03-15 20:00:00+00:00,20260126_001632_dd9b60c3_StateSignal_XLE,0.0,0.0,1.0,1.0,0.0,0.0,0.0,-0.0
2023-03-16 20:00:00+00:00,20260126_001632_dd9b60c3_StateSignal_XLE,0.0,0.0,1.0,1.0,0.0,0.0,0.0,0.0
2023-03-17 20:00:00+00:00,20260126_001632_dd9b60c3_StateSignal_XLE,0.0,0.0,1.0,1.0,0.0,0.0,0.0,-0.0
2023-03-20 20:00:00+00:00,20260126_001632_dd9b60c3_StateSignal_XLE,0.0,0.0,1.0,1.0,0.0,0.0,0.0,0.0
2023-03-21 20:00:00+00:00,20260126_001632_dd9b60c3_StateSignal_XLE,0.0,0.0,1.0,1.0,0.0,0.0,0.0,0.0
2023-03-22 20:00:00+00:00,20260126_001632_dd9b60c3_StateSignal_XLE,0.0,0.0,1.0,1.0,0.0,0.0,0.0,-0.0
2023-03-23 20:00:00+00:00,20260126_001632_dd9b60c3_StateSignal_XLE,0.0,0.0,1.0,1.0,0.0,0.0,0.0,-0.0
2023-03-24 20:00:00+00:00,20260126_001632_dd9b60c3_StateSignal_XLE,0.0,0.0,1.0,1.0,0.0,0.0,0.0,0.0
2023-03-27 20:00:00+00:00,20260126_001632_dd9b60c3_StateSignal_XLE,0.0,0.0,1.0,1.0,0.0,0.0,0.0,0.0
2023-03-28 20:00:00+00:00,20260126_001632_dd9b60c3_StateSignal_XLE,0.0,0.0,1.0,1.0,0.0,0.0,0.0,0.0
2023-03-29 20:00:00+00:00,20260126_001632_dd9b60c3_StateSignal_XLE,0.0,0.0,1.0,1.0,0.0,0.0,0.0,0.0
2023-03-30 20:00:00+00:00,20260126_001632_dd9b60c3_StateSignal_XLE,0.0,0.0,1.0,1.0,0.0,0.0,0.0,-0.0
2023-03-31 20:00:00+00:00,20260126_001632_dd9b60c3_StateSignal_XLE,0.0,0.0,1.0,1.0,0.0,0.0,0.0,0.0
2023-04-03 20:00:00+00:00,20260126_001632_dd9b60c3_StateSignal_XLE,0.0,0.0,1.0,1.0,0.0,0.0,0.0,-0.0
2023-04-04 20:00:00+00:00,20260126_001632_dd9b60c3_StateSignal_XLE,0.0,0.0,1.0,1.0,0.0,0.0,0.0,-0.0
2023-04-05 20:00:00+00:00,20260126_001632_dd9b60c3_StateSignal_XLE,0.0,0.0,1.0,1.0,0.0,0.0,0.0,0.0
2023-04-06 20:00:00+00:00,20260126_001632_dd9b60c3_StateSignal_XLE,0.0,0.0,1.0,1.0,0.0,0.0,0.0,-0.0
2023-04-10 20:00:00+00:00,20260126_001632_dd9b60c3_StateSignal_XLE,0.0,0.0,1.0,1.0,0.0,0.0,0.0,-0.0
2023-04-11 20:00:00+00:00,20260126_001632_dd9b60c3_StateSignal_XLE,0.0,0.0,1.0,1.0,0.0,0.0,0.0,0.0
2023-04-12 20:00:00+00:00,20260126_001632_dd9b60c3_StateSignal_XLE,0.0,0.0,1.0,1.0,0.0,0.0,0.0,-0.0
2023-04-13 20:00:00+00:00,20260126_001632_dd9b60c3_StateSignal_XLE,0.0,0.0,1.0,1.0,0.0,0.0,0.0,0.0
2023-04-14 20:00:00+00:00,20260126_001632_dd9b60c3_StateSignal_XLE,0.0,0.0,1.0,1.0,0.0,0.0,0.0,-0.0
2023-04-17 20:00:00+00:00,20260126_001632_dd9b60c3_StateSignal_XLE,0.0,0.0,1.0,1.0,0.0,0.0,0.0,-0.0
2023-04-18 20:00:00+00:00,20260126_001632_dd9b60c3_StateSignal_XLE,0.0,0.0,1.0,1.0,0.0,0.0,0.0,0.0
2023-04-19 20:00:00+00:00,20260126_001632_dd9b60c3_StateSignal_XLE,0.0,0.0,1.0,1.0,0.0,0.0,0.0,0.0
2023-04-20 20:00:00+00:00,20260126_001632_dd9b60c3_StateSignal_XLE,0.0,0.0,1.0,1.0,0.0,0.0,0.0,0.0
2023-04-21 20:00:00+00:00,20260126_001632_dd9b60c3_StateSignal_XLE,0.0,0.0,1.0,1.0,0.0,0.0,0.0,-0.0
2023-04-24 20:00:00+00:00,20260126_001632_dd9b60c3_StateSignal_XLE,0.0,0.0,1.0,1.0,0.0,0.0,0.0,0.0
2023-04-25 20:00:00+00:00,20260126_001632_dd9b60c3_StateSignal_XLE,0.0,0.0,1.0,1.0,0.0,0.0,0.0,-0.0
2023-04-26 20:00:00+00:00,20260126_001632_dd9b60c3_StateSignal_XLE,0.0,0.0,1.0,1.0,0.0,0.0,0.0,-0.0
2023-04-27 20:00:00+00:00,20260126_001632_dd9b60c3_StateSignal_XLE,0.0,0.0,1.0,1.0,0.0,0.0,0.0,0.0
2023-04-28 20:00:00+00:00,20260126_001632_dd9b60c3_StateSignal_XLE,0.0,0.0,1.0,1.0,0.0,0.0,0.0,0.0
2023-05-01 20:00:00+00:00,20260126_001632_dd9b60c3_StateSignal_XLE,0.0,0.0,1.0,1.0,0.0,0.0,0.0,-0.0
2023-05-02 20:00:00+00:00,20260126_001632_dd9b60c3_StateSignal_XLE,0.0,0.0,1.0,1.0,0.0,0.0,0.0,-0.0
2023-05-03 20:00:00+00:00,20260126_001632_dd9b60c3_StateSignal_XLE,0.0,0.0,1.0,1.0,0.0,0.0,0.0,-0.0
2023-05-04 20:00:00+00:00,20260126_001632_dd9b60c3_StateSignal_XLE,0.0,0.0,1.0,1.0,0.0,0.0,0.0,-0.0
2023-05-05 20:00:00+00:00,20260126_001632_dd9b60c3_StateSignal_XLE,0.0,0.0,1.0,1.0,0.0,0.0,0.0,-0.0
2023-05-08 20:00:00+00:00,20260126_001632_dd9b60c3_StateSignal_XLE,0.0,0.0,1.0,1.0,0.0,0.0,0.0,-0.0
2023-05-09 20:00:00+00:00,20260126_001632_dd9b60c3_StateSignal_XLE,0.0,0.0,1.0,1.0,0.0,0.0,0.0,-0.0
2023-05-10 20:00:00+00:00,20260126_001632_dd9b60c3_StateSignal_XLE,0.0,0.0,1.0,1.0,0.0,0.0,0.0,-0.0
2023-05-11 20:00:00+00:00,20260126_001632_dd9b60c3_StateSignal_XLE,0.0,0.0,1.0,1.0,0.0,0.0,0.0,-0.0
2023-05-12 20:00:00+00:00,20260126_001632_dd9b60c3_StateSignal_XLE,0.0,0.0,1.0,1.0,0.0,0.0,0.0,-0.0
2023-05-15 20:00:00+00:00,20260126_001632_dd9b60c3_StateSignal_XLE,0.0,0.0,1.0,1.0,0.0,0.0,0.0,0.0
2023-05-16 20:00:00+00:00,20260126_001632_dd9b60c3_StateSignal_XLE,0.0,0.0,1.0,1.0,0.0,0.0,0.0,-0.0
2023-05-17 20:00:00+00:00,20260126_001632_dd9b60c3_StateSignal_XLE,0.0,0.0,1.0,1.0,0.0,0.0,0.0,0.0
2023-05-18 20:00:00+00:00,20260126_001632_dd9b60c3_StateSignal_XLE,0.0,0.0,1.0,1.0,0.0,0.0,0.0,0.0
2023-05-19 20:00:00+00:00,20260126_001632_dd9b60c3_StateSignal_XLE,0.0,0.0,1.0,1.0,0.0,0.0,0.0,-0.0
2023-05-22 20:00:00+00:00,20260126_001632_dd9b60c3_StateSignal_XLE,0.0,0.0,1.0,1.0,0.0,0.0,0.0,-0.0
2023-05-23 20:00:00+00:00,20260126_001632_dd9b60c3_StateSignal_XLE,0.0,0.0,1.0,1.0,0.0,0.0,0.0,0.0
2023-05-24 20:00:00+00:00,20260126_001632_dd9b60c3_StateSignal_XLE,0.0,0.0,1.0,1.0,0.0,0.0,0.0,-0.0
2023-05-25 20:00:00+00:00,20260126_001632_dd9b60c3_StateSignal_XLE,0.0,0.0,1.0,1.0,0.0,0.0,0.0,0.0
2023-05-26 20:00:00+00:00,20260126_001632_dd9b60c3_StateSignal_XLE,0.0,0.0,1.0,1.0,0.0,0.0,0.0,-0.0
2023-05-30 20:00:00+00:00,20260126_001632_dd9b60c3_StateSignal_XLE,0.0,0.0,1.0,1.0,0.0,0.0,0.0,0.0
2023-05-31 20:00:00+00:00,20260126_001632_dd9b60c3_StateSignal_XLE,0.0,0.0,1.0,1.0,0.0,0.0,0.0,-0.0
2023-06-01 20:00:00+00:00,20260126_001632_dd9b60c3_StateSignal_XLE,0.0,0.0,1.0,1.0,0.0,0.0,0.0,0.0
2023-06-02 20:00:00+00:00,20260126_001632_dd9b60c3_StateSignal_XLE,0.0,0.0,1.0,1.0,0.0,0.0,0.0,0.0
2023-06-05 20:00:00+00:00,20260126_001632_dd9b60c3_StateSignal_XLE,0.0,0.0,1.0,1.0,0.0,0.0,0.0,-0.0
2023-06-06 20:00:00+00:00,20260126_001632_dd9b60c3_StateSignal_XLE,0.0,0.0,1.0,1.0,0.0,0.0,0.0,0.0
2023-06-07 20:00:00+00:00,20260126_001632_dd9b60c3_StateSignal_XLE,0.0,0.0,1.0,1.0,0.0,0.0,0.0,0.0
2023-06-08 20:00:00+00:00,20260126_001632_dd9b60c3_StateSignal_XLE,0.0,0.0,1.0,1.0,0.0,0.0,0.0,-0.0
2023-06-09 20:00:00+00:00,20260126_001632_dd9b60c3_StateSignal_XLE,0.0,0.0,1.0,1.0,0.0,0.0,0.0,-0.0
2023-06-12 20:00:00+00:00,20260126_001632_dd9b60c3_StateSignal_XLE,0.0,0.0,1.0,1.0,0.0,0.0,0.0,-0.0
2023-06-13 20:00:00+00:00,20260126_001632_dd9b60c3_StateSignal_XLE,0.0,0.0,1.0,1.0,0.0,0.0,0.0,-0.0
2023-06-14 20:00:00+00:00,20260126_001632_dd9b60c3_StateSignal_XLE,0.0,0.0,1.0,1.0,0.0,0.0,0.0,-0.0
2023-06-15 20:00:00+00:00,20260126_001632_dd9b60c3_StateSignal_XLE,0.0,0.0,1.0,1.0,0.0,0.0,0.0,-0.0
2023-06-16 20:00:00+00:00,20260126_001632_dd9b60c3_StateSignal_XLE,0.0,0.0,1.0,1.0,0.0,0.0,0.0,-0.0
2023-06-20 20:00:00+00:00,20260126_001632_dd9b60c3_StateSignal_XLE,0.0,0.0,1.0,1.0,0.0,0.0,0.0,-0.0
2023-06-21 20:00:00+00:00,20260126_001632_dd9b60c3_StateSignal_XLE,0.0,0.0,1.0,1.0,0.0,0.0,0.0,0.0
2023-06-22 20:00:00+00:00,20260126_001632_dd9b60c3_StateSignal_XLE,0.0,0.0,1.0,1.0,0.0,0.0,0.0,0.0
2023-06-23 20:00:00+00:00,20260126_001632_dd9b60c3_StateSignal_XLE,0.0,0.0,1.0,1.0,0.0,0.0,0.0,0.0
2023-06-26 20:00:00+00:00,20260126_001632_dd9b60c3_StateSignal_XLE,0.0,0.0,1.0,1.0,0.0,0.0,0.0,0.0
2023-06-27 20:00:00+00:00,20260126_001632_dd9b60c3_StateSignal_XLE,0.0,0.0,1.0,1.0,0.0,0.0,0.0,0.0
2023-06-28 20:00:00+00:00,20260126_001632_dd9b60c3_StateSignal_XLE,0.0,0.0,1.0,1.0,0.0,0.0,0.0,0.0
2023-06-29 20:00:00+00:00,20260126_001632_dd9b60c3_StateSignal_XLE,0.0,0.0,1.0,1.0,0.0,0.0,0.0,0.0
2023-06-30 20:00:00+00:00,20260126_001632_dd9b60c3_StateSignal_XLE,0.0,0.0,1.0,1.0,0.0,0.0,0.0,0.0
2023-07-03 20:00:00+00:00,20260126_001632_dd9b60c3_StateSignal_XLE,0.0,0.0,1.0,1.0,0.0,0.0,0.0,-0.0
2023-07-05 20:00:00+00:00,20260126_001632_dd9b60c3_StateSignal_XLE,0.0,0.0,1.0,1.0,0.0,0.0,0.0,-0.0
2023-07-06 20:00:00+00:00,20260126_001632_dd9b60c3_StateSignal_XLE,0.0,0.0,1.0,1.0,0.0,0.0,0.0,-0.0
2023-07-07 20:00:00+00:00,20260126_001632_dd9b60c3_StateSignal_XLE,0.0,0.0,1.0,1.0,0.0,0.0,0.0,0.0
2023-07-10 20:00:00+00:00,20260126_001632_dd9b60c3_StateSignal_XLE,0.0,0.0,1.0,1.0,0.0,0.0,0.0,0.0
2023-07-11 20:00:00+00:00,20260126_001632_dd9b60c3_StateSignal_XLE,0.0,0.0,1.0,1.0,0.0,0.0,0.0,0.0
2023-07-12 20:00:00+00:00,20260126_001632_dd9b60c3_StateSignal_XLE,0.0,0.0,1.0,1.0,0.0,0.0,0.0,-0.0
2023-07-13 20:00:00+00:00,20260126_001632_dd9b60c3_StateSignal_XLE,0.0,0.0,1.0,1.0,0.0,0.0,0.0,-0.0
2023-07-14 20:00:00+00:00,20260126_001632_dd9b60c3_StateSignal_XLE,0.0,0.0,1.0,1.0,0.0,0.0,0.0,-0.0
2023-07-17 20:00:00+00:00,20260126_001632_dd9b60c3_StateSignal_XLE,0.0,0.0,1.0,1.0,0.0,0.0,0.0,0.0
2023-07-18 20:00:00+00:00,20260126_001632_dd9b60c3_StateSignal_XLE,0.0,0.0,1.0,1.0,0.0,0.0,0.0,0.0
2023-07-19 20:00:00+00:00,20260126_001632_dd9b60c3_StateSignal_XLE,0.0,0.0,1.0,1.0,0.0,0.0,0.0,-0.0
2023-07-20 20:00:00+00:00,20260126_001632_dd9b60c3_StateSignal_XLE,0.0,0.0,1.0,1.0,0.0,0.0,0.0,0.0
2023-07-21 20:00:00+00:00,20260126_001632_dd9b60c3_StateSignal_XLE,0.0,0.0,1.0,1.0,0.0,0.0,0.0,0.0
2023-07-24 20:00:00+00:00,20260126_001632_dd9b60c3_StateSignal_XLE,0.0,0.0,1.0,1.0,0.0,0.0,0.0,0.0
2023-07-25 20:00:00+00:00,20260126_001632_dd9b60c3_StateSignal_XLE,0.0,0.0,1.0,1.0,0.0,0.0,0.0,0.0
2023-07-26 20:00:00+00:00,20260126_001632_dd9b60c3_StateSignal_XLE,0.0,0.0,1.0,1.0,0.0,0.0,0.0,0.0
2023-07-27 20:00:00+00:00,20260126_001632_dd9b60c3_StateSignal_XLE,0.0,0.0,1.0,1.0,0.0,0.0,0.0,-0.0
2023-07-28 20:00:00+00:00,20260126_001632_dd9b60c3_StateSignal_XLE,0.0,0.0,1.0,1.0,0.0,0.0,0.0,0.0
2023-07-31 20:00:00+00:00,20260126_001632_dd9b60c3_StateSignal_XLE,0.0,0.0,1.0,1.0,0.0,0.0,0.0,0.0
2023-08-01 20:00:00+00:00,20260126_001632_dd9b60c3_StateSignal_XLE,0.0,0.0,1.0,1.0,0.0,0.0,0.0,0.0
2023-08-02 20:00:00+00:00,20260126_001632_dd9b60c3_StateSignal_XLE,0.0,0.0,1.0,1.0,0.0,0.0,0.0,-0.0
2023-08-03 20:00:00+00:00,20260126_001632_dd9b60c3_StateSignal_XLE,0.0,0.0,1.0,1.0,0.0,0.0,0.0,0.0
2023-08-04 20:00:00+00:00,20260126_001632_dd9b60c3_StateSignal_XLE,0.0,0.0,1.0,1.0,0.0,0.0,0.0,-0.0
2023-08-07 20:00:00+00:00,20260126_001632_dd9b60c3_StateSignal_XLE,0.0,0.0,1.0,1.0,0.0,0.0,0.0,-0.0
2023-08-08 20:00:00+00:00,20260126_001632_dd9b60c3_StateSignal_XLE,0.0,0.0,1.0,1.0,0.0,0.0,0.0,0.0
2023-08-09 20:00:00+00:00,20260126_001632_dd9b60c3_StateSignal_XLE,0.0,0.0,1.0,1.0,0.0,0.0,0.0,0.0
2023-08-10 20:00:00+00:00,20260126_001632_dd9b60c3_StateSignal_XLE,0.0,0.0,1.0,1.0,0.0,0.0,0.0,-0.0
2023-08-11 20:00:00+00:00,20260126_001632_dd9b60c3_StateSignal_XLE,0.0,0.0,1.0,1.0,0.0,0.0,0.0,0.0
2023-08-14 20:00:00+00:00,20260126_001632_dd9b60c3_StateSignal_XLE,0.0,0.0,1.0,1.0,0.0,0.0,0.0,0.0
2023-08-15 20:00:00+00:00,20260126_001632_dd9b60c3_StateSignal_XLE,0.0,0.0,1.0,1.0,0.0,0.0,0.0,-0.0
2023-08-16 20:00:00+00:00,20260126_001632_dd9b60c3_StateSignal_XLE,0.0,0.0,1.0,1.0,0.0,0.0,0.0,-0.0
2023-08-17 20:00:00+00:00,20260126_001632_dd9b60c3_StateSignal_XLE,0.0,0.0,1.0,1.0,0.0,0.0,0.0,-0.0
2023-08-18 20:00:00+00:00,20260126_001632_dd9b60c3_StateSignal_XLE,0.0,0.0,1.0,1.0,0.0,0.0,0.0,0.0
2023-08-21 20:00:00+00:00,20260126_001632_dd9b60c3_StateSignal_XLE,0.0,0.0,1.0,1.0,0.0,0.0,0.0,-0.0
2023-08-22 20:00:00+00:00,20260126_001632_dd9b60c3_StateSignal_XLE,0.0,0.0,1.0,1.0,0.0,0.0,0.0,-0.0
2023-08-23 20:00:00+00:00,20260126_001632_dd9b60c3_StateSignal_XLE,0.0,0.0,1.0,1.0,0.0,0.0,0.0,-0.0
2023-08-24 20:00:00+00:00,20260126_001632_dd9b60c3_StateSignal_XLE,0.0,0.0,1.0,1.0,0.0,0.0,0.0,0.0
2023-08-25 20:00:00+00:00,20260126_001632_dd9b60c3_StateSignal_XLE,0.0,0.0,1.0,1.0,0.0,0.0,0.0,0.0
2023-08-28 20:00:00+00:00,20260126_001632_dd9b60c3_StateSignal_XLE,0.0,0.0,1.0,1.0,0.0,0.0,0.0,0.0
2023-08-29 20:00:00+00:00,20260126_001632_dd9b60c3_StateSignal_XLE,0.0,0.0,1.0,1.0,0.0,0.0,0.0,0.0
2023-08-30 20:00:00+00:00,20260126_001632_dd9b60c3_StateSignal_XLE,0.0,0.0,1.0,1.0,0.0,0.0,0.0,0.0
2023-08-31 20:00:00+00:00,20260126_001632_dd9b60c3_StateSignal_XLE,0.0,0.0,1.0,1.0,0.0,0.0,0.0,0.0
2023-09-01 20:00:00+00:00,20260126_001632_dd9b60c3_StateSignal_XLE,0.0,0.0,1.0,1.0,0.0,0.0,0.0,0.0
2023-09-05 20:00:00+00:00,20260126_001632_dd9b60c3_StateSignal_XLE,0.0,0.0,1.0,1.0,0.0,0.0,0.0,0.0
2023-09-06 20:00:00+00:00,20260126_001632_dd9b60c3_StateSignal_XLE,0.0,0.0,1.0,1.0,0.0,0.0,0.0,-0.0
2023-09-07 20:00:00+00:00,20260126_001632_dd9b60c3_StateSignal_XLE,0.0,0.0,1.0,1.0,0.0,0.0,0.0,-0.0
2023-09-08 20:00:00+00:00,20260126_001632_dd9b60c3_StateSignal_XLE,0.0,0.0,1.0,1.0,0.0,0.0,0.0,0.0
2023-09-11 20:00:00+00:00,20260126_001632_dd9b60c3_StateSignal_XLE,0.0,0.0,1.0,1.0,0.0,0.0,0.0,-0.0
2023-09-12 20:00:00+00:00,20260126_001632_dd9b60c3_StateSignal_XLE,0.0,0.0,1.0,1.0,0.0,0.0,0.0,0.0
2023-09-13 20:00:00+00:00,20260126_001632_dd9b60c3_StateSignal_XLE,0.0,0.0,1.0,1.0,0.0,0.0,0.0,-0.0
2023-09-14 20:00:00+00:00,20260126_001632_dd9b60c3_StateSignal_XLE,0.0,0.0,1.0,1.0,0.0,0.0,0.0,0.0
2023-09-15 20:00:00+00:00,20260126_001632_dd9b60c3_StateSignal_XLE,0.0,0.0,1.0,1.0,0.0,0.0,0.0,-0.0
2023-09-18 20:00:00+00:00,20260126_001632_dd9b60c3_StateSignal_XLE,0.0,0.0,1.0,1.0,0.0,0.0,0.0,0.0
2023-09-19 20:00:00+00:00,20260126_001632_dd9b60c3_StateSignal_XLE,0.0,0.0,1.0,1.0,0.0,0.0,0.0,-0.0
2023-09-20 20:00:00+00:00,20260126_001632_dd9b60c3_StateSignal_XLE,0.0,0.0,1.0,1.0,0.0,0.0,0.0,-0.0
2023-09-21 20:00:00+00:00,20260126_001632_dd9b60c3_StateSignal_XLE,0.0,0.0,1.0,1.0,0.0,0.0,0.0,-0.0
2023-09-22 20:00:00+00:00,20260126_001632_dd9b60c3_StateSignal_XLE,0.0,0.0,1.0,1.0,0.0,0.0,0.0,0.0
2023-09-25 20:00:00+00:00,20260126_001632_dd9b60c3_StateSignal_XLE,0.0,0.0,1.0,1.0,0.0,0.0,0.0,0.0
2023-09-26 20:00:00+00:00,20260126_001632_dd9b60c3_StateSignal_XLE,0.0,0.0,1.0,1.0,0.0,0.0,0.0,-0.0
2023-09-27 20:00:00+00:00,20260126_001632_dd9b60c3_StateSignal_XLE,0.0,0.0,1.0,1.0,0.0,0.0,0.0,0.0
2023-09-28 20:00:00+00:00,20260126_001632_dd9b60c3_StateSignal_XLE,0.0,0.0,1.0,1.0,0.0,0.0,0.0,0.0
2023-09-29 20:00:00+00:00,20260126_001632_dd9b60c3_StateSignal_XLE,0.0,0.0,1.0,1.0,0.0,0.0,0.0,-0.0
2023-10-02 20:00:00+00:00,20260126_001632_dd9b60c3_StateSignal_XLE,0.0,0.0,1.0,1.0,0.0,0.0,0.0,-0.0
2023-10-03 20:00:00+00:00,20260126_001632_dd9b60c3_StateSignal_XLE,0.0,0.0,1.0,1.0,0.0,0.0,0.0,-0.0
2023-10-04 20:00:00+00:00,20260126_001632_dd9b60c3_StateSignal_XLE,0.0,0.0,1.0,1.0,0.0,0.0,0.0,-0.0
2023-10-05 20:00:00+00:00,20260126_001632_dd9b60c3_StateSignal_XLE,0.0,0.0,1.0,1.0,0.0,0.0,0.0,0.0
2023-10-06 20:00:00+00:00,20260126_001632_dd9b60c3_StateSignal_XLE,0.0,0.0,1.0,1.0,0.0,0.0,0.0,0.0
2023-10-09 20:00:00+00:00,20260126_001632_dd9b60c3_StateSignal_XLE,0.0,0.0,1.0,1.0,0.0,0.0,0.0,0.0
2023-10-10 20:00:00+00:00,20260126_001632_dd9b60c3_StateSignal_XLE,0.0,0.0,1.0,1.0,0.0,0.0,0.0,0.0
2023-10-11 20:00:00+00:00,20260126_001632_dd9b60c3_StateSignal_XLE,0.0,0.0,1.0,1.0,0.0,0.0,0.0,0.0
2023-10-12 20:00:00+00:00,20260126_001632_dd9b60c3_StateSignal_XLE,0.0,0.0,1.0,1.0,0.0,0.0,0.0,-0.0
2023-10-13 20:00:00+00:00,20260126_001632_dd9b60c3_StateSignal_XLE,0.0,0.0,1.0,1.0,0.0,0.0,0.0,0.0
2023-10-16 20:00:00+00:00,20260126_001632_dd9b60c3_StateSignal_XLE,0.0,0.0,1.0,1.0,0.0,0.0,0.0,0.0
2023-10-17 20:00:00+00:00,20260126_001632_dd9b60c3_StateSignal_XLE,0.0,0.0,1.0,1.0,0.0,0.0,0.0,0.0
2023-10-18 20:00:00+00:00,20260126_001632_dd9b60c3_StateSignal_XLE,0.0,0.0,1.0,1.0,0.0,0.0,0.0,-0.0
2023-10-19 20:00:00+00:00,20260126_001632_dd9b60c3_StateSignal_XLE,0.0,0.0,1.0,1.0,0.0,0.0,0.0,-0.0
2023-10-20 20:00:00+00:00,20260126_001632_dd9b60c3_StateSignal_XLE,0.0,0.0,1.0,1.0,0.0,0.0,0.0,-0.0
2023-10-23 20:00:00+00:00,20260126_001632_dd9b60c3_StateSignal_XLE,0.0,0.0,1.0,1.0,0.0,0.0,0.0,-0.0
2023-10-24 20:00:00+00:00,20260126_001632_dd9b60c3_StateSignal_XLE,0.0,0.0,1.0,1.0,0.0,0.0,0.0,-0.0
2023-10-25 20:00:00+00:00,20260126_001632_dd9b60c3_StateSignal_XLE,0.0,0.0,1.0,1.0,0.0,0.0,0.0,-0.0
2023-10-26 20:00:00+00:00,20260126_001632_dd9b60c3_StateSignal_XLE,0.0,0.0,1.0,1.0,0.0,0.0,0.0,0.0
2023-10-27 20:00:00+00:00,20260126_001632_dd9b60c3_StateSignal_XLE,0.0,0.0,1.0,1.0,0.0,0.0,0.0,-0.0
2023-10-30 20:00:00+00:00,20260126_001632_dd9b60c3_StateSignal_XLE,0.0,0.0,1.0,1.0,0.0,0.0,0.0,-0.0
2023-10-31 20:00:00+00:00,20260126_001632_dd9b60c3_StateSignal_XLE,0.0,0.0,1.0,1.0,0.0,0.0,0.0,0.0
2023-11-01 20:00:00+00:00,20260126_001632_dd9b60c3_StateSignal_XLE,0.0,0.0,1.0,1.0,0.0,0.0,0.0,-0.0
2023-11-02 20:00:00+00:00,20260126_001632_dd9b60c3_StateSignal_XLE,0.0,0.0,1.0,1.0,0.0,0.0,0.0,0.0
2023-11-03 20:00:00+00:00,20260126_001632_dd9b60c3_StateSignal_XLE,0.0,0.0,1.0,1.0,0.0,0.0,0.0,-0.0
2023-11-06 21:00:00+00:00,20260126_001632_dd9b60c3_StateSignal_XLE,0.0,0.0,1.0,1.0,0.0,0.0,0.0,-0.0
2023-11-07 21:00:00+00:00,20260126_001632_dd9b60c3_StateSignal_XLE,0.0,0.0,1.0,1.0,0.0,0.0,0.0,0.0
2023-11-08 21:00:00+00:00,20260126_001632_dd9b60c3_StateSignal_XLE,0.0,0.0,1.0,1.0,0.0,0.0,0.0,-0.0
2023-11-09 21:00:00+00:00,20260126_001632_dd9b60c3_StateSignal_XLE,0.0,0.0,1.0,1.0,0.0,0.0,0.0,-0.0
2023-11-10 21:00:00+00:00,20260126_001632_dd9b60c3_StateSignal_XLE,0.0,0.0,1.0,1.0,0.0,0.0,0.0,0.0
2023-11-13 21:00:00+00:00,20260126_001632_dd9b60c3_StateSignal_XLE,0.0,0.0,1.0,1.0,0.0,0.0,0.0,0.0
2023-11-14 21:00:00+00:00,20260126_001632_dd9b60c3_StateSignal_XLE,0.0,0.0,1.0,1.0,0.0,0.0,0.0,0.0
2023-11-15 21:00:00+00:00,20260126_001632_dd9b60c3_StateSignal_XLE,0.0,0.0,1.0,1.0,0.0,0.0,0.0,-0.0
2023-11-16 21:00:00+00:00,20260126_001632_dd9b60c3_StateSignal_XLE,0.0,0.0,1.0,1.0,0.0,0.0,0.0,-0.0
2023-11-17 21:00:00+00:00,20260126_001632_dd9b60c3_StateSignal_XLE,0.0,0.0,1.0,1.0,0.0,0.0,0.0,0.0
2023-11-20 21:00:00+00:00,20260126_001632_dd9b60c3_StateSignal_XLE,0.0,0.0,1.0,1.0,0.0,0.0,0.0,-0.0
2023-11-21 21:00:00+00:00,20260126_001632_dd9b60c3_StateSignal_XLE,0.0,0.0,1.0,1.0,0.0,0.0,0.0,0.0
2023-11-22 21:00:00+00:00,20260126_001632_dd9b60c3_StateSignal_XLE,0.0,0.0,1.0,1.0,0.0,0.0,0.0,0.0
2023-11-24 21:00:00+00:00,20260126_001632_dd9b60c3_StateSignal_XLE,0.0,0.0,1.0,1.0,0.0,0.0,0.0,-0.0
2023-11-27 21:00:00+00:00,20260126_001632_dd9b60c3_StateSignal_XLE,0.0,0.0,1.0,1.0,0.0,0.0,0.0,0.0
2023-11-28 21:00:00+00:00,20260126_001632_dd9b60c3_StateSignal_XLE,0.0,0.0,1.0,1.0,0.0,0.0,0.0,-0.0
2023-11-29 21:00:00+00:00,20260126_001632_dd9b60c3_StateSignal_XLE,0.0,0.0,1.0,1.0,0.0,0.0,0.0,-0.0
2023-11-30 21:00:00+00:00,20260126_001632_dd9b60c3_StateSignal_XLE,0.0,0.0,1.0,1.0,0.0,0.0,0.0,0.0
2023-12-01 21:00:00+00:00,20260126_001632_dd9b60c3_StateSignal_XLE,0.0,0.0,1.0,1.0,0.0,0.0,0.0,0.0
2023-12-04 21:00:00+00:00,20260126_001632_dd9b60c3_StateSignal_XLE,0.0,0.0,1.0,1.0,0.0,0.0,0.0,-0.0
2023-12-05 21:00:00+00:00,20260126_001632_dd9b60c3_StateSignal_XLE,0.0,0.0,1.0,1.0,0.0,0.0,0.0,-0.0
2023-12-06 21:00:00+00:00,20260126_001632_dd9b60c3_StateSignal_XLE,0.0,0.0,1.0,1.0,0.0,0.0,0.0,-0.0
2023-12-07 21:00:00+00:00,20260126_001632_dd9b60c3_StateSignal_XLE,0.0,0.0,1.0,1.0,0.0,0.0,0.0,-0.0
2023-12-08 21:00:00+00:00,20260126_001632_dd9b60c3_StateSignal_XLE,0.0,0.0,1.0,1.0,0.0,0.0,0.0,0.0
2023-12-11 21:00:00+00:00,20260126_001632_dd9b60c3_StateSignal_XLE,0.0,0.0,1.0,1.0,0.0,0.0,0.0,0.0
2023-12-12 21:00:00+00:00,20260126_001632_dd9b60c3_StateSignal_XLE,0.0,0.0,1.0,1.0,0.0,0.0,0.0,0.0
2023-12-13 21:00:00+00:00,20260126_001632_dd9b60c3_StateSignal_XLE,0.0,0.0,1.0,1.0,0.0,0.0,0.0,0.0
2023-12-14 21:00:00+00:00,20260126_001632_dd9b60c3_StateSignal_XLE,0.0,0.0,1.0,1.0,0.0,0.0,0.0,0.0
2023-12-15 21:00:00+00:00,20260126_001632_dd9b60c3_StateSignal_XLE,0.0,0.0,1.0,1.0,0.0,0.0,0.0,0.0
2023-12-18 21:00:00+00:00,20260126_001632_dd9b60c3_StateSignal_XLE,0.0,0.0,1.0,1.0,0.0,0.0,0.0,-0.0
2023-12-19 21:00:00+00:00,20260126_001632_dd9b60c3_StateSignal_XLE,0.0,0.0,1.0,1.0,0.0,0.0,0.0,0.0
2023-12-20 21:00:00+00:00,20260126_001632_dd9b60c3_StateSignal_XLE,0.0,0.0,1.0,1.0,0.0,0.0,0.0,-0.0
2023-12-21 21:00:00+00:00,20260126_001632_dd9b60c3_StateSignal_XLE,0.0,0.0,1.0,1.0,0.0,0.0,0.0,0.0
2023-12-22 21:00:00+00:00,20260126_001632_dd9b60c3_StateSignal_XLE,0.0,0.0,1.0,1.0,0.0,0.0,0.0,-0.0
2023-12-26 21:00:00+00:00,20260126_001632_dd9b60c3_StateSignal_XLE,0.0,0.0,1.0,1.0,0.0,0.0,0.0,0.0
2023-12-27 21:00:00+00:00,20260126_001632_dd9b60c3_StateSignal_XLE,0.0,0.0,1.0,1.0,0.0,0.0,0.0,-0.0
2023-12-28 21:00:00+00:00,20260126_001632_dd9b60c3_StateSignal_XLE,0.0,0.0,1.0,1.0,0.0,0.0,0.0,-0.0
2023-12-29 21:00:00+00:00,20260126_001632_dd9b60c3_StateSignal_XLE,0.0,0.0,1.0,1.0,0.0,0.0,0.0,-0.0
2024-01-02 21:00:00+00:00,20260126_001632_dd9b60c3_StateSignal_XLE,0.0,0.0,1.0,1.0,0.0,0.0,0.0,0.0
2024-01-03 21:00:00+00:00,20260126_001632_dd9b60c3_StateSignal_XLE,0.0,0.0,1.0,1.0,0.0,0.0,0.0,0.0
2024-01-04 21:00:00+00:00,20260126_001632_dd9b60c3_StateSignal_XLE,0.0,0.0,1.0,1.0,0.0,0.0,0.0,-0.0
2024-01-05 21:00:00+00:00,20260126_001632_dd9b60c3_StateSignal_XLE,0.0,0.0,1.0,1.0,0.0,0.0,0.0,-0.0
2024-01-08 21:00:00+00:00,20260126_001632_dd9b60c3_StateSignal_XLE,0.0,0.0,1.0,1.0,0.0,0.0,0.0,0.0
2024-01-09 21:00:00+00:00,20260126_001632_dd9b60c3_StateSignal_XLE,0.0,0.0,1.0,1.0,0.0,0.0,0.0,-0.0
2024-01-10 21:00:00+00:00,20260126_001632_dd9b60c3_StateSignal_XLE,0.0,0.0,1.0,1.0,0.0,0.0,0.0,-0.0
2024-01-11 21:00:00+00:00,20260126_001632_dd9b60c3_StateSignal_XLE,0.0,0.0,1.0,1.0,0.0,0.0,0.0,-0.0
2024-01-12 21:00:00+00:00,20260126_001632_dd9b60c3_StateSignal_XLE,0.0,0.0,1.0,1.0,0.0,0.0,0.0,-0.0
2024-01-16 21:00:00+00:00,20260126_001632_dd9b60c3_StateSignal_XLE,0.0,0.0,1.0,1.0,0.0,0.0,0.0,-0.0
2024-01-17 21:00:00+00:00,20260126_001632_dd9b60c3_StateSignal_XLE,-0.005319161477599775,-0.005319161477599775,0.9946808385224002,0.9946808385224002,0.0,0.0,1.0,-0.005319161477599775
2024-01-18 21:00:00+00:00,20260126_001632_dd9b60c3_StateSignal_XLE,0.004553376020375018,0.004553376020375018,0.9992099944004547,0.9992099944004547,0.0,0.0,1.0,0.004553376020375018
2024-01-19 21:00:00+00:00,20260126_001632_dd9b60c3_StateSignal_XLE,0.005339040979420641,0.005339040979420641,1.0045448175076055,1.0045448175076055,0.0,0.0,1.0,0.005339040979420641
2024-01-22 21:00:00+00:00,20260126_001632_dd9b60c3_StateSignal_XLE,0.003456990545586924,0.003456990545586924,1.0080175194443477,1.0080175194443477,0.0,0.0,1.0,0.003456990545586924
2024-01-23 21:00:00+00:00,20260126_001632_dd9b60c3_StateSignal_XLE,-0.0023793798403399526,-0.0023793798403399526,1.0056190628798722,1.0056190628798722,0.0,0.0,1.0,-0.0023793798403399526
2024-01-24 21:00:00+00:00,20260126_001632_dd9b60c3_StateSignal_XLE,0.014192091029296115,0.014192091029296115,1.0198909001610588,1.0198909001610588,0.0,0.0,1.0,0.014192091029296115
2024-01-25 21:00:00+00:00,20260126_001632_dd9b60c3_StateSignal_XLE,0.018547672355760964,0.018547672355760964,1.0388075024158683,1.0388075024158683,0.0,0.0,1.0,0.018547672355760964
2024-01-26 21:00:00+00:00,20260126_001632_dd9b60c3_StateSignal_XLE,0.007885072012446252,0.007885072012446252,1.0469985743794867,1.0469985743794867,0.0,0.0,1.0,0.007885072012446252
2024-01-29 21:00:00+00:00,20260126_001632_dd9b60c3_StateSignal_XLE,0.010201567688347003,0.010201567688347003,1.0576796012056218,1.0576796012056218,0.0,0.0,1.0,0.010201567688347003
2024-01-30 21:00:00+00:00,20260126_001632_dd9b60c3_StateSignal_XLE,0.017484291845609498,0.017484291845609498,1.0761723800322487,1.0761723800322487,0.0,0.0,1.0,0.017484291845609498
2024-01-31 21:00:00+00:00,20260126_001632_dd9b60c3_StateSignal_XLE,-0.015244197643116493,-0.015244197643116493,1.059766995572974,1.059766995572974,0.0,0.0,1.0,-0.015244197643116493
2024-02-01 21:00:00+00:00,20260126_001632_dd9b60c3_StateSignal_XLE,2.547961841514734e-16,2.547961841514734e-16,1.0597669955729743,1.0597669955729743,0.0,0.0,1.0,2.547961841514734e-16
2024-02-02 21:00:00+00:00,20260126_001632_dd9b60c3_StateSignal_XLE,0.001278936099637078,0.001278936099637078,1.0611223698408163,1.0611223698408163,0.0,0.0,1.0,0.001278936099637078
2024-02-05 21:00:00+00:00,20260126_001632_dd9b60c3_StateSignal_XLE,-0.0025595099716510823,-0.0025595099716510823,1.0584064165540668,1.0584064165540668,0.0,0.0,1.0,-0.0025595099716510823
2024-02-06 21:00:00+00:00,20260126_001632_dd9b60c3_StateSignal_XLE,0.0005107252409279642,0.0005107252409279642,1.058946971426161,1.058946971426161,0.0,0.0,1.0,0.0005107252409279642
2024-02-07 21:00:00+00:00,20260126_001632_dd9b60c3_StateSignal_XLE,-0.0007644286268536752,-0.0007644286268536752,1.058137482046883,1.058137482046883,0.0,0.0,1.0,-0.0007644286268536752
2024-02-08 21:00:00+00:00,20260126_001632_dd9b60c3_StateSignal_XLE,0.006325131776969071,0.006325131776969071,1.0648303410589797,1.0648303410589797,0.0,0.0,1.0,0.006325131776969071
2024-02-09 21:00:00+00:00,20260126_001632_dd9b60c3_StateSignal_XLE,-0.019787555819702,-0.019787555819702,1.0437599512467628,1.0437599512467628,0.0,0.0,1.0,-0.019787555819702
2024-02-12 21:00:00+00:00,20260126_001632_dd9b60c3_StateSignal_XLE,0.001775523611654427,0.001775523611654427,1.0456131716851007,1.0456131716851007,0.0,0.0,1.0,0.001775523611654427
2024-02-13 21:00:00+00:00,20260126_001632_dd9b60c3_StateSignal_XLE,-0.005612259628905571,-0.005612259628905571,1.0397449190942005,1.0397449190942005,0.0,0.0,1.0,-0.005612259628905571
2024-02-14 21:00:00+00:00,20260126_001632_dd9b60c3_StateSignal_XLE,-0.008417343410754492,-0.008417343410754492,1.0309930290505975,1.0309930290505975,0.0,0.0,1.0,-0.008417343410754492
2024-02-15 21:00:00+00:00,20260126_001632_dd9b60c3_StateSignal_XLE,0.016342287020640136,0.016342287020640136,1.0478418130476217,1.0478418130476217,0.0,0.0,1.0,0.016342287020640136
2024-02-16 21:00:00+00:00,20260126_001632_dd9b60c3_StateSignal_XLE,-0.00024940765810794877,-0.00024940765810794877,1.0475804732749618,1.0475804732749618,0.0,0.0,1.0,-0.00024940765810794877
2024-02-20 21:00:00+00:00,20260126_001632_dd9b60c3_StateSignal_XLE,-0.009020356827908152,-0.009020356827908152,1.0381309236000729,1.0381309236000729,0.0,0.0,1.0,-0.009020356827908152
2024-02-21 21:00:00+00:00,20260126_001632_dd9b60c3_StateSignal_XLE,0.0182072619130919,0.0182072619130919,1.0570324452261395,1.0570324452261395,0.0,0.0,1.0,0.0182072619130919
2024-02-22 21:00:00+00:00,20260126_001632_dd9b60c3_StateSignal_XLE,0.0012350254749993524,0.0012350254749993524,1.0583379072238945,1.0583379072238945,0.0,0.0,1.0,0.0012350254749993524
2024-02-23 21:00:00+00:00,20260126_001632_dd9b60c3_StateSignal_XLE,0.008226395638077783,0.008226395638077783,1.0670442135674936,1.0670442135674936,0.0,0.0,1.0,0.008226395638077783
2024-02-26 21:00:00+00:00,20260126_001632_dd9b60c3_StateSignal_XLE,0.002477701961307505,0.002477701961307505,1.0696880311082517,1.0696880311082517,0.0,0.0,1.0,0.002477701961307505
2024-02-27 21:00:00+00:00,20260126_001632_dd9b60c3_StateSignal_XLE,-0.005205117713016869,-0.005205117713016869,1.064120178990128,1.064120178990128,0.0,0.0,1.0,-0.005205117713016869
2024-02-28 21:00:00+00:00,20260126_001632_dd9b60c3_StateSignal_XLE,-0.007689483504300817,-0.007689483504300817,1.0559376444271897,1.0559376444271897,0.0,0.0,1.0,-0.007689483504300817
2024-02-29 21:00:00+00:00,20260126_001632_dd9b60c3_StateSignal_XLE,-0.0004959087629524731,-0.0004959087629524731,1.055413995696187,1.055413995696187,0.0,0.0,1.0,-0.0004959087629524731
2024-03-01 21:00:00+00:00,20260126_001632_dd9b60c3_StateSignal_XLE,0.0009811136425952806,0.0009811136425952806,1.0564494767659505,1.0564494767659505,0.0,0.0,1.0,0.0009811136425952806
2024-03-04 21:00:00+00:00,20260126_001632_dd9b60c3_StateSignal_XLE,-0.009854723754146252,-0.009854723754146252,1.0460384590122098,1.0460384590122098,0.0,0.0,1.0,-0.009854723754146252
2024-03-05 21:00:00+00:00,20260126_001632_dd9b60c3_StateSignal_XLE,1.1657341758564144e-16,1.1657341758564144e-16,1.04603845901221,1.04603845901221,0.0,0.0,1.0,1.1657341758564144e-16
2024-03-06 21:00:00+00:00,20260126_001632_dd9b60c3_StateSignal_XLE,-0.0009794320077768928,-0.0009794320077768928,1.0450139354640877,1.0450139354640877,0.0,0.0,1.0,-0.0009794320077768928
2024-03-07 21:00:00+00:00,20260126_001632_dd9b60c3_StateSignal_XLE,-0.0012146242231780033,-0.0012146242231780033,1.0437446362245144,1.0437446362245144,0.0,0.0,1.0,-0.0012146242231780033
2024-03-08 21:00:00+00:00,20260126_001632_dd9b60c3_StateSignal_XLE,0.004123717183862068,0.004123717183862068,1.0480487439164774,1.0480487439164774,0.0,0.0,1.0,0.004123717183862068
2024-03-11 20:00:00+00:00,20260126_001632_dd9b60c3_StateSignal_XLE,0.010115693194787527,0.010115693194787527,1.0586504834631187,1.0586504834631187,0.0,0.0,1.0,0.010115693194787527
2024-03-12 20:00:00+00:00,20260126_001632_dd9b60c3_StateSignal_XLE,-0.0016788587706353746,-0.0016788587706353746,1.0568731588139193,1.0568731588139193,0.0,0.0,1.0,-0.0016788587706353746
2024-03-13 20:00:00+00:00,20260126_001632_dd9b60c3_StateSignal_XLE,0.00023632281806748167,0.00023632281806748167,1.05712292205715,1.05712292205715,0.0,0.0,1.0,0.00023632281806748167
2024-03-14 20:00:00+00:00,20260126_001632_dd9b60c3_StateSignal_XLE,0.006803545305133483,0.006803545305133483,1.064315105750461,1.064315105750461,0.0,0.0,1.0,0.006803545305133483
2024-03-15 20:00:00+00:00,20260126_001632_dd9b60c3_StateSignal_XLE,-0.0032588483217187414,-0.0032588483217187414,1.0608466642543062,1.0608466642543062,0.0,0.0,1.0,-0.0032588483217187414
2024-03-18 20:00:00+00:00,20260126_001632_dd9b60c3_StateSignal_XLE,0.0046565858299506225,0.0046565858299506225,1.065786587798823,1.065786587798823,0.0,0.0,1.0,0.0046565858299506225
2024-03-19 20:00:00+00:00,20260126_001632_dd9b60c3_StateSignal_XLE,0.002760526252704126,0.002760526252704126,1.0687287196542217,1.0687287196542217,0.0,0.0,1.0,0.002760526252704126
2024-03-20 20:00:00+00:00,20260126_001632_dd9b60c3_StateSignal_XLE,0.002302556854280032,0.002302556854280032,1.0711895282930275,1.0711895282930275,0.0,0.0,1.0,0.002302556854280032
2024-03-21 20:00:00+00:00,20260126_001632_dd9b60c3_StateSignal_XLE,0.0006865774385734069,0.0006865774385734069,1.0719249828555895,1.0719249828555895,0.0,0.0,1.0,0.0006865774385734069
2024-03-22 20:00:00+00:00,20260126_001632_dd9b60c3_StateSignal_XLE,-0.0020611481017401615,-0.0020611481017401615,1.0697155867119688,1.0697155867119688,0.0,0.0,1.0,-0.0020611481017401615
2024-03-25 20:00:00+00:00,20260126_001632_dd9b60c3_StateSignal_XLE,-0.006114841836790797,-0.006114841836790797,1.0631744450888752,1.0631744450888752,0.0,0.0,1.0,-0.006114841836790797
2024-03-26 20:00:00+00:00,20260126_001632_dd9b60c3_StateSignal_XLE,-0.004111472214778347,-0.004111472214778347,1.0588032328984298,1.0588032328984298,0.0,0.0,1.0,-0.004111472214778347
2024-03-27 20:00:00+00:00,20260126_001632_dd9b60c3_StateSignal_XLE,0.009567271153503904,0.009567271153503904,1.0689330905257757,1.0689330905257757,0.0,0.0,1.0,0.009567271153503904
2024-03-28 20:00:00+00:00,20260126_001632_dd9b60c3_StateSignal_XLE,0.006753740214414931,0.006753740214414931,1.0761523869257783,1.0761523869257783,0.0,0.0,1.0,0.006753740214414931
2024-04-01 20:00:00+00:00,20260126_001632_dd9b60c3_StateSignal_XLE,0.008046534251213648,0.008046534251213648,1.084811683966702,1.084811683966702,0.0,0.0,1.0,0.008046534251213648
2024-04-02 20:00:00+00:00,20260126_001632_dd9b60c3_StateSignal_XLE,0.004179964286470548,0.004179964286470548,1.0893461580632287,1.0893461580632287,0.0,0.0,1.0,0.004179964286470548
2024-04-03 20:00:00+00:00,20260126_001632_dd9b60c3_StateSignal_XLE,0.003057438503148713,0.003057438503148713,1.0926767669501483,1.0926767669501483,0.0,0.0,1.0,0.003057438503148713
2024-04-04 20:00:00+00:00,20260126_001632_dd9b60c3_StateSignal_XLE,-0.0019622812357809245,-0.0019622812357809245,1.0905326278335883,1.0905326278335883,0.0,0.0,1.0,-0.0019622812357809245
2024-04-05 20:00:00+00:00,20260126_001632_dd9b60c3_StateSignal_XLE,0.010637243467311328,0.010637243467311328,1.1021328889049011,1.1021328889049011,0.0,0.0,1.0,0.010637243467311328
2024-04-08 20:00:00+00:00,20260126_001632_dd9b60c3_StateSignal_XLE,-0.006281835885440781,-0.006281835885440781,1.095209470972854,1.095209470972854,0.0,0.0,1.0,-0.006281835885440781
2024-04-09 20:00:00+00:00,20260126_001632_dd9b60c3_StateSignal_XLE,-0.0019529137160472331,-0.0019529137160472331,1.0930706213750463,1.0930706213750463,0.0,0.0,1.0,-0.0019529137160472331
2024-04-10 20:00:00+00:00,20260126_001632_dd9b60c3_StateSignal_XLE,0.003252740588831916,0.003252740588831916,1.0966260965516526,1.0966260965516526,0.0,0.0,1.0,0.003252740588831916
2024-04-11 20:00:00+00:00,20260126_001632_dd9b60c3_StateSignal_XLE,0.0017364883894638932,0.0017364883894638932,1.0985303750358977,1.0985303750358977,0.0,0.0,1.0,0.0017364883894638932
2024-04-12 20:00:00+00:00,20260126_001632_dd9b60c3_StateSignal_XLE,-0.02759545012490935,-0.02759545012490935,1.0682159348608966,1.0682159348608966,0.0,0.0,1.0,-0.02759545012490935
2024-04-15 20:00:00+00:00,20260126_001632_dd9b60c3_StateSignal_XLE,-0.016536591138794316,-0.016536591138794316,1.050551284698157,1.050551284698157,0.0,0.0,1.0,-0.016536591138794316
2024-04-16 20:00:00+00:00,20260126_001632_dd9b60c3_StateSignal_XLE,-0.006036910452677253,-0.006036910452677253,1.0442092006664891,1.0442092006664891,0.0,0.0,1.0,-0.006036910452677253
2024-04-17 20:00:00+00:00,20260126_001632_dd9b60c3_StateSignal_XLE,-0.006729500496939378,-0.006729500496939378,1.0371821943316952,1.0371821943316952,0.0,0.0,1.0,-0.006729500496939378
2024-04-18 20:00:00+00:00,20260126_001632_dd9b60c3_StateSignal_XLE,-0.0009019166338558076,-0.0009019166338558076,1.0362467424582884,1.0362467424582884,0.0,0.0,1.0,-0.0009019166338558076
2024-04-19 20:00:00+00:00,20260126_001632_dd9b60c3_StateSignal_XLE,0.002009153483094718,0.002009153483094718,1.038328721210244,1.038328721210244,0.0,0.0,1.0,0.002009153483094718
2024-04-22 20:00:00+00:00,20260126_001632_dd9b60c3_StateSignal_XLE,0.014957305302859308,0.014957305302859308,1.0538593208981133,1.0538593208981133,0.0,0.0,1.0,0.014957305302859308
2024-04-23 20:00:00+00:00,20260126_001632_dd9b60c3_StateSignal_XLE,0.011976191046715275,0.011976191046715275,1.0664805414615508,1.0664805414615508,0.0,0.0,1.0,0.011976191046715275
2024-04-24 20:00:00+00:00,20260126_001632_dd9b60c3_StateSignal_XLE,0.007955843068755077,0.007955843068755077,1.0749652932853,1.0749652932853,0.0,0.0,1.0,0.007955843068755077
2024-04-25 20:00:00+00:00,20260126_001632_dd9b60c3_StateSignal_XLE,0.005051070363565131,0.005051070363565131,1.0803950186200744,1.0803950186200744,0.0,0.0,1.0,0.005051070363565131
2024-04-26 20:00:00+00:00,20260126_001632_dd9b60c3_StateSignal_XLE,0.0008851516400013748,0.0008851516400013748,1.0813513320426553,1.0813513320426553,0.0,0.0,1.0,0.0008851516400013748
2024-04-29 20:00:00+00:00,20260126_001632_dd9b60c3_StateSignal_XLE,0.0039621447386927015,0.0039621447386927015,1.0856358025335864,1.0856358025335864,0.0,0.0,1.0,0.0039621447386927015
2024-04-30 20:00:00+00:00,20260126_001632_dd9b60c3_StateSignal_XLE,-0.024598735839432204,-0.024598735839432204,1.0589305342092328,1.0589305342092328,0.0,0.0,1.0,-0.024598735839432204
2024-05-01 20:00:00+00:00,20260126_001632_dd9b60c3_StateSignal_XLE,-0.011209084534719976,-0.011209084534719976,1.0470608923348852,1.0470608923348852,0.0,0.0,1.0,-0.011209084534719976
2024-05-02 20:00:00+00:00,20260126_001632_dd9b60c3_StateSignal_XLE,0.005734618307637515,0.005734618307637515,1.0530653868972801,1.0530653868972801,0.0,0.0,1.0,0.005734618307637515
2024-05-03 20:00:00+00:00,20260126_001632_dd9b60c3_StateSignal_XLE,0.0034376108104631816,0.0034376108104631816,1.0566854158554029,1.0566854158554029,0.0,0.0,1.0,0.0034376108104631816
2024-05-06 20:00:00+00:00,20260126_001632_dd9b60c3_StateSignal_XLE,0.00820236997867241,0.00820236997867241,1.0653527405873162,1.0653527405873162,0.0,0.0,1.0,0.00820236997867241
2024-05-07 20:00:00+00:00,20260126_001632_dd9b60c3_StateSignal_XLE,-0.0052101148552411635,-0.0052101148552411635,1.0598021304475105,1.0598021304475105,0.0,0.0,1.0,-0.0052101148552411635
2024-05-08 20:00:00+00:00,20260126_001632_dd9b60c3_StateSignal_XLE,-0.0015910902322418474,-0.0015910902322418474,1.0581158896296463,1.0581158896296463,0.0,0.0,1.0,-0.0015910902322418474
2024-05-09 20:00:00+00:00,20260126_001632_dd9b60c3_StateSignal_XLE,0.010832875062922747,0.010832875062922747,1.0695783268640977,1.0695783268640977,0.0,0.0,1.0,0.010832875062922747
2024-05-10 20:00:00+00:00,20260126_001632_dd9b60c3_StateSignal_XLE,-0.006524941588295419,-0.006524941588295419,1.0625993907572027,1.0625993907572027,0.0,0.0,1.0,-0.006524941588295419
2024-05-13 20:00:00+00:00,20260126_001632_dd9b60c3_StateSignal_XLE,-0.003387919671936355,-0.003387919671936355,1.0589993893778689,1.0589993893778689,0.0,0.0,1.0,-0.003387919671936355
2024-05-14 20:00:00+00:00,20260126_001632_dd9b60c3_StateSignal_XLE,0.0015835316056443266,0.0015835316056443266,1.0606763483813066,1.0606763483813066,0.0,0.0,1.0,0.0015835316056443266
2024-05-15 20:00:00+00:00,20260126_001632_dd9b60c3_StateSignal_XLE,0.009519564183335726,0.009519564183335726,1.0707735249574686,1.0707735249574686,0.0,0.0,1.0,0.009519564183335726
2024-05-16 20:00:00+00:00,20260126_001632_dd9b60c3_StateSignal_XLE,-0.0006781960246382765,-0.0006781960246382765,1.0700473306095546,1.0700473306095546,0.0,0.0,1.0,-0.0006781960246382765
2024-05-17 20:00:00+00:00,20260126_001632_dd9b60c3_StateSignal_XLE,0.010309369658861369,0.010309369658861369,1.0810788440932864,1.0810788440932864,0.0,0.0,1.0,0.010309369658861369
2024-05-20 20:00:00+00:00,20260126_001632_dd9b60c3_StateSignal_XLE,-0.0013458952233553418,-0.0013458952233553418,1.0796238252409507,1.0796238252409507,0.0,0.0,1.0,-0.0013458952233553418
2024-05-21 20:00:00+00:00,20260126_001632_dd9b60c3_StateSignal_XLE,-0.005399338201502488,-0.005399338201502488,1.073794571078075,1.073794571078075,0.0,0.0,1.0,-0.005399338201502488
2024-05-22 20:00:00+00:00,20260126_001632_dd9b60c3_StateSignal_XLE,-0.006644542718668414,-0.006644542718668414,1.0666596971794724,1.0666596971794724,0.0,0.0,1.0,-0.006644542718668414
2024-05-23 20:00:00+00:00,20260126_001632_dd9b60c3_StateSignal_XLE,-0.009469986466891898,-0.009469986466891898,1.0565584442824039,1.0565584442824039,0.0,0.0,1.0,-0.009469986466891898
2024-05-24 20:00:00+00:00,20260126_001632_dd9b60c3_StateSignal_XLE,-0.007616886219612992,-0.007616886219612992,1.0485107588279334,1.0485107588279334,0.0,0.0,1.0,-0.007616886219612992
2024-05-28 20:00:00+00:00,20260126_001632_dd9b60c3_StateSignal_XLE,0.0039058062289952468,0.0039058062289952468,1.052606038680932,1.052606038680932,0.0,0.0,1.0,0.0039058062289952468
2024-05-29 20:00:00+00:00,20260126_001632_dd9b60c3_StateSignal_XLE,-0.005586606708639725,-0.005586606708639725,1.0467255427236823,1.0467255427236823,0.0,0.0,1.0,-0.005586606708639725
2024-05-30 20:00:00+00:00,20260126_001632_dd9b60c3_StateSignal_XLE,0.00023291021416581458,0.00023291021416581458,1.0469693357940109,1.0469693357940109,0.0,0.0,1.0,0.00023291021416581458
2024-05-31 20:00:00+00:00,20260126_001632_dd9b60c3_StateSignal_XLE,0.01580245869021033,0.01580245869021033,1.0635140254728126,1.0635140254728126,0.0,0.0,1.0,0.01580245869021033
2024-06-03 20:00:00+00:00,20260126_001632_dd9b60c3_StateSignal_XLE,-0.01505529305084989,-0.01505529305084989,1.0475025101556303,1.0475025101556303,0.0,0.0,1.0,-0.01505529305084989
2024-06-04 20:00:00+00:00,20260126_001632_dd9b60c3_StateSignal_XLE,0.009467526338398959,0.009467526338398959,1.0574197677600679,1.0574197677600679,0.0,0.0,1.0,0.009467526338398959
2024-06-05 20:00:00+00:00,20260126_001632_dd9b60c3_StateSignal_XLE,-5.287437154777308e-17,-5.287437154777308e-17,1.0574197677600679,1.0574197677600679,0.0,0.0,1.0,-5.287437154777308e-17
2024-06-06 20:00:00+00:00,20260126_001632_dd9b60c3_StateSignal_XLE,0.005874767219318928,0.005874767219318928,1.0636318627487644,1.0636318627487644,0.0,0.0,1.0,0.005874767219318928
2024-06-07 20:00:00+00:00,20260126_001632_dd9b60c3_StateSignal_XLE,-0.003991084062854475,-0.003991084062854475,1.0593868185726036,1.0593868185726036,0.0,0.0,1.0,-0.003991084062854475
2024-06-10 20:00:00+00:00,20260126_001632_dd9b60c3_StateSignal_XLE,0.00749944925658051,0.00749944925658051,1.0673316362615792,1.0673316362615792,0.0,0.0,1.0,0.00749944925658051
2024-06-11 20:00:00+00:00,20260126_001632_dd9b60c3_StateSignal_XLE,-0.0021035417362781656,-0.0021035417362781656,1.065086459618253,1.065086459618253,0.0,0.0,1.0,-0.0021035417362781656
2024-06-12 20:00:00+00:00,20260126_001632_dd9b60c3_StateSignal_XLE,-0.011294237703091157,-0.011294237703091157,1.0530571199689807,1.0530571199689807,0.0,0.0,1.0,-0.011294237703091157
2024-06-13 20:00:00+00:00,20260126_001632_dd9b60c3_StateSignal_XLE,0.0023906298739162207,0.0023906298739162207,1.0555745897789186,1.0555745897789186,0.0,0.0,1.0,0.0023906298739162207
2024-06-14 20:00:00+00:00,20260126_001632_dd9b60c3_StateSignal_XLE,-0.002881846374889123,-0.002881846374889123,1.0525325859739392,1.0525325859739392,0.0,0.0,1.0,-0.002881846374889123
2024-06-17 20:00:00+00:00,20260126_001632_dd9b60c3_StateSignal_XLE,0.0024026921698160567,0.0024026921698160567,1.0550614977767352,1.0550614977767352,0.0,0.0,1.0,0.0024026921698160567
2024-06-18 20:00:00+00:00,20260126_001632_dd9b60c3_StateSignal_XLE,0.0043103515011224695,0.0043103515011224695,1.0596091836874537,1.0596091836874537,0.0,0.0,1.0,0.0043103515011224695
2024-06-20 20:00:00+00:00,20260126_001632_dd9b60c3_StateSignal_XLE,0.0096664668760638,0.0096664668760638,1.0698518607631415,1.0698518607631415,0.0,0.0,1.0,0.0096664668760638
2024-06-21 20:00:00+00:00,20260126_001632_dd9b60c3_StateSignal_XLE,-0.004711433921319536,-0.004711433921319536,1.0648113244155553,1.0648113244155553,0.0,0.0,1.0,-0.004711433921319536
2024-06-24 20:00:00+00:00,20260126_001632_dd9b60c3_StateSignal_XLE,0.025642430613337267,0.025642430613337267,1.092115674918177,1.092115674918177,0.0,0.0,1.0,0.025642430613337267
2024-06-25 20:00:00+00:00,20260126_001632_dd9b60c3_StateSignal_XLE,0.00599218202277487,0.00599218202277487,1.0986598308322124,1.0986598308322124,0.0,0.0,1.0,0.00599218202277487
2024-06-26 20:00:00+00:00,20260126_001632_dd9b60c3_StateSignal_XLE,-0.00923367594694558,-0.00923367594694558,1.0885151619783817,1.0885151619783817,0.0,0.0,1.0,-0.00923367594694558
2024-06-27 20:00:00+00:00,20260126_001632_dd9b60c3_StateSignal_XLE,-0.0034654071875490065,-0.0034654071875490065,1.0847430137123057,1.0847430137123057,0.0,0.0,1.0,-0.0034654071875490065
2024-06-28 20:00:00+00:00,20260126_001632_dd9b60c3_StateSignal_XLE,0.004157049866417669,0.004157049866417669,1.089252344512556,1.089252344512556,0.0,0.0,1.0,0.004157049866417669
2024-07-01 20:00:00+00:00,20260126_001632_dd9b60c3_StateSignal_XLE,0.0004608295012429632,0.0004608295012429632,1.0897543041272053,1.0897543041272053,0.0,0.0,1.0,0.0004608295012429632
2024-07-02 20:00:00+00:00,20260126_001632_dd9b60c3_StateSignal_XLE,-0.005749124723284215,-0.005749124723284215,1.0834891707150422,1.0834891707150422,0.0,0.0,1.0,-0.005749124723284215
2024-07-03 20:00:00+00:00,20260126_001632_dd9b60c3_StateSignal_XLE,0.0011487652038733997,0.0011487652038733997,1.0847338453731332,1.0847338453731332,0.0,0.0,1.0,0.0011487652038733997
2024-07-05 20:00:00+00:00,20260126_001632_dd9b60c3_StateSignal_XLE,-0.012978165936844746,-0.012978165936844746,1.070655989530569,1.070655989530569,0.0,0.0,1.0,-0.012978165936844746
2024-07-08 20:00:00+00:00,20260126_001632_dd9b60c3_StateSignal_XLE,-0.0037479547269963654,-0.0037479547269963654,1.0666432193536208,1.0666432193536208,0.0,0.0,1.0,-0.0037479547269963654
2024-07-09 20:00:00+00:00,20260126_001632_dd9b60c3_StateSignal_XLE,-0.0007101432420586295,-0.0007101432420586295,1.0658857498797092,1.0658857498797092,0.0,0.0,1.0,-0.0007101432420586295
2024-07-10 20:00:00+00:00,20260126_001632_dd9b60c3_StateSignal_XLE,0.009926812785411538,0.009926812785411538,1.076466598169403,1.076466598169403,0.0,0.0,1.0,0.009926812785411538
2024-07-11 20:00:00+00:00,20260126_001632_dd9b60c3_StateSignal_XLE,0.012410884041121617,0.012410884041121617,1.0898265002934242,1.0898265002934242,0.0,0.0,1.0,0.012410884041121617
2024-07-12 20:00:00+00:00,20260126_001632_dd9b60c3_StateSignal_XLE,0.0027887538408430446,0.0027887538408430446,1.09286575813197,1.09286575813197,0.0,0.0,1.0,0.0027887538408430446
2024-07-15 20:00:00+00:00,20260126_001632_dd9b60c3_StateSignal_XLE,0.01497206362087502,0.01497206362087502,1.1092282137917977,1.1092282137917977,0.0,0.0,1.0,0.01497206362087502
2024-07-16 20:00:00+00:00,20260126_001632_dd9b60c3_StateSignal_XLE,0.009385441447133682,0.009385441447133682,1.1196388102438493,1.1196388102438493,0.0,0.0,1.0,0.009385441447133682
2024-07-17 20:00:00+00:00,20260126_001632_dd9b60c3_StateSignal_XLE,0.010651658782023267,0.010651658782023267,1.1315648208096774,1.1315648208096774,0.0,0.0,1.0,0.010651658782023267
2024-07-18 20:00:00+00:00,20260126_001632_dd9b60c3_StateSignal_XLE,0.0,0.0,1.1315648208096774,1.1315648208096774,0.0,0.0,0.0,0.0
2024-07-19 20:00:00+00:00,20260126_001632_dd9b60c3_StateSignal_XLE,0.0,0.0,1.1315648208096774,1.1315648208096774,0.0,0.0,0.0,-0.0
2024-07-22 20:00:00+00:00,20260126_001632_dd9b60c3_StateSignal_XLE,0.0,0.0,1.1315648208096774,1.1315648208096774,0.0,0.0,0.0,-0.0
2024-07-23 20:00:00+00:00,20260126_001632_dd9b60c3_StateSignal_XLE,0.0,0.0,1.1315648208096774,1.1315648208096774,0.0,0.0,0.0,-0.0
2024-07-24 20:00:00+00:00,20260126_001632_dd9b60c3_StateSignal_XLE,0.0,0.0,1.1315648208096774,1.1315648208096774,0.0,0.0,0.0,0.0
2024-07-25 20:00:00+00:00,20260126_001632_dd9b60c3_StateSignal_XLE,0.0,0.0,1.1315648208096774,1.1315648208096774,0.0,0.0,0.0,0.0
2024-07-26 20:00:00+00:00,20260126_001632_dd9b60c3_StateSignal_XLE,0.0,0.0,1.1315648208096774,1.1315648208096774,0.0,0.0,0.0,0.0
2024-07-29 20:00:00+00:00,20260126_001632_dd9b60c3_StateSignal_XLE,0.0,0.0,1.1315648208096774,1.1315648208096774,0.0,0.0,0.0,-0.0
2024-07-30 20:00:00+00:00,20260126_001632_dd9b60c3_StateSignal_XLE,0.0,0.0,1.1315648208096774,1.1315648208096774,0.0,0.0,0.0,0.0
2024-07-31 20:00:00+00:00,20260126_001632_dd9b60c3_StateSignal_XLE,0.0,0.0,1.1315648208096774,1.1315648208096774,0.0,0.0,0.0,0.0
2024-08-01 20:00:00+00:00,20260126_001632_dd9b60c3_StateSignal_XLE,0.0,0.0,1.1315648208096774,1.1315648208096774,0.0,0.0,0.0,-0.0
2024-08-02 20:00:00+00:00,20260126_001632_dd9b60c3_StateSignal_XLE,0.0,0.0,1.1315648208096774,1.1315648208096774,0.0,0.0,0.0,-0.0
2024-08-05 20:00:00+00:00,20260126_001632_dd9b60c3_StateSignal_XLE,0.0,0.0,1.1315648208096774,1.1315648208096774,0.0,0.0,0.0,-0.0
2024-08-06 20:00:00+00:00,20260126_001632_dd9b60c3_StateSignal_XLE,0.0,0.0,1.1315648208096774,1.1315648208096774,0.0,0.0,0.0,-0.0
2024-08-07 20:00:00+00:00,20260126_001632_dd9b60c3_StateSignal_XLE,0.0,0.0,1.1315648208096774,1.1315648208096774,0.0,0.0,0.0,-0.0
2024-08-08 20:00:00+00:00,20260126_001632_dd9b60c3_StateSignal_XLE,0.0,0.0,1.1315648208096774,1.1315648208096774,0.0,0.0,0.0,0.0
2024-08-09 20:00:00+00:00,20260126_001632_dd9b60c3_StateSignal_XLE,0.0,0.0,1.1315648208096774,1.1315648208096774,0.0,0.0,0.0,0.0
2024-08-12 20:00:00+00:00,20260126_001632_dd9b60c3_StateSignal_XLE,0.0,0.0,1.1315648208096774,1.1315648208096774,0.0,0.0,0.0,0.0
2024-08-13 20:00:00+00:00,20260126_001632_dd9b60c3_StateSignal_XLE,0.0,0.0,1.1315648208096774,1.1315648208096774,0.0,0.0,0.0,-0.0
2024-08-14 20:00:00+00:00,20260126_001632_dd9b60c3_StateSignal_XLE,0.0,0.0,1.1315648208096774,1.1315648208096774,0.0,0.0,0.0,0.0
2024-08-15 20:00:00+00:00,20260126_001632_dd9b60c3_StateSignal_XLE,0.0,0.0,1.1315648208096774,1.1315648208096774,0.0,0.0,0.0,0.0
2024-08-16 20:00:00+00:00,20260126_001632_dd9b60c3_StateSignal_XLE,0.0,0.0,1.1315648208096774,1.1315648208096774,0.0,0.0,0.0,-0.0
2024-08-19 20:00:00+00:00,20260126_001632_dd9b60c3_StateSignal_XLE,0.0,0.0,1.1315648208096774,1.1315648208096774,0.0,0.0,0.0,0.0
2024-08-20 20:00:00+00:00,20260126_001632_dd9b60c3_StateSignal_XLE,0.0,0.0,1.1315648208096774,1.1315648208096774,0.0,0.0,0.0,-0.0
2024-08-21 20:00:00+00:00,20260126_001632_dd9b60c3_StateSignal_XLE,0.0,0.0,1.1315648208096774,1.1315648208096774,0.0,0.0,0.0,0.0
2024-08-22 20:00:00+00:00,20260126_001632_dd9b60c3_StateSignal_XLE,0.0,0.0,1.1315648208096774,1.1315648208096774,0.0,0.0,0.0,-0.0
2024-08-23 20:00:00+00:00,20260126_001632_dd9b60c3_StateSignal_XLE,0.0,0.0,1.1315648208096774,1.1315648208096774,0.0,0.0,0.0,0.0
2024-08-26 20:00:00+00:00,20260126_001632_dd9b60c3_StateSignal_XLE,0.0,0.0,1.1315648208096774,1.1315648208096774,0.0,0.0,0.0,-0.0
2024-08-27 20:00:00+00:00,20260126_001632_dd9b60c3_StateSignal_XLE,0.0,0.0,1.1315648208096774,1.1315648208096774,0.0,0.0,0.0,-0.0
2024-08-28 20:00:00+00:00,20260126_001632_dd9b60c3_StateSignal_XLE,0.0,0.0,1.1315648208096774,1.1315648208096774,0.0,0.0,0.0,-0.0
2024-08-29 20:00:00+00:00,20260126_001632_dd9b60c3_StateSignal_XLE,0.0,0.0,1.1315648208096774,1.1315648208096774,0.0,0.0,0.0,0.0
2024-08-30 20:00:00+00:00,20260126_001632_dd9b60c3_StateSignal_XLE,0.0,0.0,1.1315648208096774,1.1315648208096774,0.0,0.0,0.0,0.0
2024-09-03 20:00:00+00:00,20260126_001632_dd9b60c3_StateSignal_XLE,0.0,0.0,1.1315648208096774,1.1315648208096774,0.0,0.0,0.0,-0.0
2024-09-04 20:00:00+00:00,20260126_001632_dd9b60c3_StateSignal_XLE,0.0,0.0,1.1315648208096774,1.1315648208096774,0.0,0.0,0.0,-0.0
2024-09-05 20:00:00+00:00,20260126_001632_dd9b60c3_StateSignal_XLE,0.0,0.0,1.1315648208096774,1.1315648208096774,0.0,0.0,0.0,-0.0
2024-09-06 20:00:00+00:00,20260126_001632_dd9b60c3_StateSignal_XLE,0.0,0.0,1.1315648208096774,1.1315648208096774,0.0,0.0,0.0,-0.0
2024-09-09 20:00:00+00:00,20260126_001632_dd9b60c3_StateSignal_XLE,0.0,0.0,1.1315648208096774,1.1315648208096774,0.0,0.0,0.0,0.0
2024-09-10 20:00:00+00:00,20260126_001632_dd9b60c3_StateSignal_XLE,0.0,0.0,1.1315648208096774,1.1315648208096774,0.0,0.0,0.0,-0.0
2024-09-11 20:00:00+00:00,20260126_001632_dd9b60c3_StateSignal_XLE,0.0,0.0,1.1315648208096774,1.1315648208096774,0.0,0.0,0.0,-0.0
2024-09-12 20:00:00+00:00,20260126_001632_dd9b60c3_StateSignal_XLE,0.0,0.0,1.1315648208096774,1.1315648208096774,0.0,0.0,0.0,0.0
2024-09-13 20:00:00+00:00,20260126_001632_dd9b60c3_StateSignal_XLE,0.0,0.0,1.1315648208096774,1.1315648208096774,0.0,0.0,0.0,0.0
2024-09-16 20:00:00+00:00,20260126_001632_dd9b60c3_StateSignal_XLE,0.0,0.0,1.1315648208096774,1.1315648208096774,0.0,0.0,0.0,0.0
2024-09-17 20:00:00+00:00,20260126_001632_dd9b60c3_StateSignal_XLE,0.0,0.0,1.1315648208096774,1.1315648208096774,0.0,0.0,0.0,0.0
2024-09-18 20:00:00+00:00,20260126_001632_dd9b60c3_StateSignal_XLE,0.0,0.0,1.1315648208096774,1.1315648208096774,0.0,0.0,0.0,0.0
2024-09-19 20:00:00+00:00,20260126_001632_dd9b60c3_StateSignal_XLE,0.0,0.0,1.1315648208096774,1.1315648208096774,0.0,0.0,0.0,0.0
2024-09-20 20:00:00+00:00,20260126_001632_dd9b60c3_StateSignal_XLE,0.0,0.0,1.1315648208096774,1.1315648208096774,0.0,0.0,0.0,0.0
2024-09-23 20:00:00+00:00,20260126_001632_dd9b60c3_StateSignal_XLE,0.0,0.0,1.1315648208096774,1.1315648208096774,0.0,0.0,0.0,0.0
2024-09-24 20:00:00+00:00,20260126_001632_dd9b60c3_StateSignal_XLE,0.0,0.0,1.1315648208096774,1.1315648208096774,0.0,0.0,0.0,-0.0
2024-09-25 20:00:00+00:00,20260126_001632_dd9b60c3_StateSignal_XLE,0.0,0.0,1.1315648208096774,1.1315648208096774,0.0,0.0,0.0,-0.0
2024-09-26 20:00:00+00:00,20260126_001632_dd9b60c3_StateSignal_XLE,0.0,0.0,1.1315648208096774,1.1315648208096774,0.0,0.0,0.0,-0.0
2024-09-27 20:00:00+00:00,20260126_001632_dd9b60c3_StateSignal_XLE,0.0,0.0,1.1315648208096774,1.1315648208096774,0.0,0.0,0.0,0.0
2024-09-30 20:00:00+00:00,20260126_001632_dd9b60c3_StateSignal_XLE,0.0,0.0,1.1315648208096774,1.1315648208096774,0.0,0.0,0.0,0.0
2024-10-01 20:00:00+00:00,20260126_001632_dd9b60c3_StateSignal_XLE,0.0,0.0,1.1315648208096774,1.1315648208096774,0.0,0.0,0.0,0.0
2024-10-02 20:00:00+00:00,20260126_001632_dd9b60c3_StateSignal_XLE,0.0,0.0,1.1315648208096774,1.1315648208096774,0.0,0.0,0.0,0.0
2024-10-03 20:00:00+00:00,20260126_001632_dd9b60c3_StateSignal_XLE,0.0,0.0,1.1315648208096774,1.1315648208096774,0.0,0.0,0.0,0.0
2024-10-04 20:00:00+00:00,20260126_001632_dd9b60c3_StateSignal_XLE,0.0,0.0,1.1315648208096774,1.1315648208096774,0.0,0.0,0.0,0.0
2024-10-07 20:00:00+00:00,20260126_001632_dd9b60c3_StateSignal_XLE,0.0,0.0,1.1315648208096774,1.1315648208096774,0.0,0.0,0.0,-0.0
2024-10-08 20:00:00+00:00,20260126_001632_dd9b60c3_StateSignal_XLE,0.0,0.0,1.1315648208096774,1.1315648208096774,0.0,0.0,0.0,-0.0
2024-10-09 20:00:00+00:00,20260126_001632_dd9b60c3_StateSignal_XLE,0.0,0.0,1.1315648208096774,1.1315648208096774,0.0,0.0,0.0,0.0
2024-10-10 20:00:00+00:00,20260126_001632_dd9b60c3_StateSignal_XLE,0.0,0.0,1.1315648208096774,1.1315648208096774,0.0,0.0,0.0,0.0
2024-10-11 20:00:00+00:00,20260126_001632_dd9b60c3_StateSignal_XLE,0.0,0.0,1.1315648208096774,1.1315648208096774,0.0,0.0,0.0,0.0
2024-10-14 20:00:00+00:00,20260126_001632_dd9b60c3_StateSignal_XLE,0.0,0.0,1.1315648208096774,1.1315648208096774,0.0,0.0,0.0,0.0
2024-10-15 20:00:00+00:00,20260126_001632_dd9b60c3_StateSignal_XLE,0.0,0.0,1.1315648208096774,1.1315648208096774,0.0,0.0,0.0,-0.0
2024-10-16 20:00:00+00:00,20260126_001632_dd9b60c3_StateSignal_XLE,0.0,0.0,1.1315648208096774,1.1315648208096774,0.0,0.0,0.0,0.0
2024-10-17 20:00:00+00:00,20260126_001632_dd9b60c3_StateSignal_XLE,0.0,0.0,1.1315648208096774,1.1315648208096774,0.0,0.0,0.0,-0.0
2024-10-18 20:00:00+00:00,20260126_001632_dd9b60c3_StateSignal_XLE,0.0,0.0,1.1315648208096774,1.1315648208096774,0.0,0.0,0.0,-0.0
2024-10-21 20:00:00+00:00,20260126_001632_dd9b60c3_StateSignal_XLE,0.0,0.0,1.1315648208096774,1.1315648208096774,0.0,0.0,0.0,-0.0
2024-10-22 20:00:00+00:00,20260126_001632_dd9b60c3_StateSignal_XLE,0.0,0.0,1.1315648208096774,1.1315648208096774,0.0,0.0,0.0,0.0
2024-10-23 20:00:00+00:00,20260126_001632_dd9b60c3_StateSignal_XLE,0.0,0.0,1.1315648208096774,1.1315648208096774,0.0,0.0,0.0,-0.0
2024-10-24 20:00:00+00:00,20260126_001632_dd9b60c3_StateSignal_XLE,0.0,0.0,1.1315648208096774,1.1315648208096774,0.0,0.0,0.0,-0.0
2024-10-25 20:00:00+00:00,20260126_001632_dd9b60c3_StateSignal_XLE,0.0,0.0,1.1315648208096774,1.1315648208096774,0.0,0.0,0.0,0.0
2024-10-28 20:00:00+00:00,20260126_001632_dd9b60c3_StateSignal_XLE,0.0,0.0,1.1315648208096774,1.1315648208096774,0.0,0.0,0.0,-0.0
2024-10-29 20:00:00+00:00,20260126_001632_dd9b60c3_StateSignal_XLE,0.0,0.0,1.1315648208096774,1.1315648208096774,0.0,0.0,0.0,-0.0
2024-10-30 20:00:00+00:00,20260126_001632_dd9b60c3_StateSignal_XLE,0.0,0.0,1.1315648208096774,1.1315648208096774,0.0,0.0,0.0,-0.0
2024-10-31 20:00:00+00:00,20260126_001632_dd9b60c3_StateSignal_XLE,0.0,0.0,1.1315648208096774,1.1315648208096774,0.0,0.0,0.0,-0.0
2024-11-01 20:00:00+00:00,20260126_001632_dd9b60c3_StateSignal_XLE,0.0,0.0,1.1315648208096774,1.1315648208096774,0.0,0.0,0.0,-0.0
2024-11-04 21:00:00+00:00,20260126_001632_dd9b60c3_StateSignal_XLE,0.0,0.0,1.1315648208096774,1.1315648208096774,0.0,0.0,0.0,0.0
2024-11-05 21:00:00+00:00,20260126_001632_dd9b60c3_StateSignal_XLE,0.0020826109575260744,0.0020826109575260744,1.1339214301046465,1.1339214301046465,0.0,0.0,1.0,0.0020826109575260744
2024-11-06 21:00:00+00:00,20260126_001632_dd9b60c3_StateSignal_XLE,0.0,0.0,1.1339214301046465,1.1339214301046465,0.0,0.0,0.0,0.0
2024-11-07 21:00:00+00:00,20260126_001632_dd9b60c3_StateSignal_XLE,0.0,0.0,1.1339214301046465,1.1339214301046465,0.0,0.0,0.0,0.0
2024-11-08 21:00:00+00:00,20260126_001632_dd9b60c3_StateSignal_XLE,0.00736363920866141,0.00736363920866141,1.1422712184069064,1.1422712184069064,0.0,0.0,1.0,0.00736363920866141
2024-11-11 21:00:00+00:00,20260126_001632_dd9b60c3_StateSignal_XLE,0.0,0.0,1.1422712184069064,1.1422712184069064,0.0,0.0,0.0,0.0
2024-11-12 21:00:00+00:00,20260126_001632_dd9b60c3_StateSignal_XLE,0.0,0.0,1.1422712184069064,1.1422712184069064,0.0,0.0,0.0,-0.0
2024-11-13 21:00:00+00:00,20260126_001632_dd9b60c3_StateSignal_XLE,0.0,0.0,1.1422712184069064,1.1422712184069064,0.0,0.0,0.0,0.0
2024-11-14 21:00:00+00:00,20260126_001632_dd9b60c3_StateSignal_XLE,0.004180884074447798,0.004180884074447798,1.1470469219526438,1.1470469219526438,0.0,0.0,1.0,0.004180884074447798
2024-11-15 21:00:00+00:00,20260126_001632_dd9b60c3_StateSignal_XLE,-0.008766218749720705,-0.008766218749720705,1.136991657718613,1.136991657718613,0.0,0.0,1.0,-0.008766218749720705
2024-11-18 21:00:00+00:00,20260126_001632_dd9b60c3_StateSignal_XLE,0.0060989080357650004,0.0060989080357650004,1.1439260652764707,1.1439260652764707,0.0,0.0,1.0,0.0060989080357650004
2024-11-19 21:00:00+00:00,20260126_001632_dd9b60c3_StateSignal_XLE,-0.0032718973457602986,-0.0032718973457602986,1.1401832566197465,1.1401832566197465,0.0,0.0,1.0,-0.0032718973457602986
2024-11-20 21:00:00+00:00,20260126_001632_dd9b60c3_StateSignal_XLE,0.01021636969857183,0.01021636969857183,1.1518317902934954,1.1518317902934954,0.0,0.0,1.0,0.01021636969857183
2024-11-21 21:00:00+00:00,20260126_001632_dd9b60c3_StateSignal_XLE,0.007969886020527095,0.007969886020527095,1.1610117583769541,1.1610117583769541,0.0,0.0,1.0,0.007969886020527095
2024-11-22 21:00:00+00:00,20260126_001632_dd9b60c3_StateSignal_XLE,-0.0034224632337258435,-0.0034224632337258435,1.1570382383199855,1.1570382383199855,0.0,0.0,1.0,-0.0034224632337258435
2024-11-25 21:00:00+00:00,20260126_001632_dd9b60c3_StateSignal_XLE,-0.02078446761807159,-0.02078446761807159,1.1329898145227533,1.1329898145227533,0.0,0.0,1.0,-0.02078446761807159
2024-11-26 21:00:00+00:00,20260126_001632_dd9b60c3_StateSignal_XLE,-0.002405687327513298,-0.002405687327513298,1.1302641952837542,1.1302641952837542,0.0,0.0,1.0,-0.002405687327513298
2024-11-27 21:00:00+00:00,20260126_001632_dd9b60c3_StateSignal_XLE,0.0,0.0,1.1302641952837542,1.1302641952837542,0.0,0.0,0.0,-0.0
2024-11-29 21:00:00+00:00,20260126_001632_dd9b60c3_StateSignal_XLE,0.0,0.0,1.1302641952837542,1.1302641952837542,0.0,0.0,0.0,-0.0
2024-12-02 21:00:00+00:00,20260126_001632_dd9b60c3_StateSignal_XLE,0.0,0.0,1.1302641952837542,1.1302641952837542,0.0,0.0,0.0,-0.0
2024-12-03 21:00:00+00:00,20260126_001632_dd9b60c3_StateSignal_XLE,0.0,0.0,1.1302641952837542,1.1302641952837542,0.0,0.0,0.0,-0.0
2024-12-04 21:00:00+00:00,20260126_001632_dd9b60c3_StateSignal_XLE,0.0,0.0,1.1302641952837542,1.1302641952837542,0.0,0.0,0.0,-0.0
2024-12-05 21:00:00+00:00,20260126_001632_dd9b60c3_StateSignal_XLE,0.0,0.0,1.1302641952837542,1.1302641952837542,0.0,0.0,0.0,-0.0
2024-12-06 21:00:00+00:00,20260126_001632_dd9b60c3_StateSignal_XLE,0.0,0.0,1.1302641952837542,1.1302641952837542,0.0,0.0,0.0,-0.0
2024-12-09 21:00:00+00:00,20260126_001632_dd9b60c3_StateSignal_XLE,0.0,0.0,1.1302641952837542,1.1302641952837542,0.0,0.0,0.0,-0.0
2024-12-10 21:00:00+00:00,20260126_001632_dd9b60c3_StateSignal_XLE,0.0,0.0,1.1302641952837542,1.1302641952837542,0.0,0.0,0.0,-0.0
2024-12-11 21:00:00+00:00,20260126_001632_dd9b60c3_StateSignal_XLE,0.0,0.0,1.1302641952837542,1.1302641952837542,0.0,0.0,0.0,0.0
2024-12-12 21:00:00+00:00,20260126_001632_dd9b60c3_StateSignal_XLE,0.0,0.0,1.1302641952837542,1.1302641952837542,0.0,0.0,0.0,-0.0
2024-12-13 21:00:00+00:00,20260126_001632_dd9b60c3_StateSignal_XLE,0.0,0.0,1.1302641952837542,1.1302641952837542,0.0,0.0,0.0,0.0
2024-12-16 21:00:00+00:00,20260126_001632_dd9b60c3_StateSignal_XLE,0.0,0.0,1.1302641952837542,1.1302641952837542,0.0,0.0,0.0,-0.0
2024-12-17 21:00:00+00:00,20260126_001632_dd9b60c3_StateSignal_XLE,0.007973945839144056,0.007973945839144056,1.1392768607608708,1.1392768607608708,0.0,0.0,1.0,0.007973945839144056
2024-12-18 21:00:00+00:00,20260126_001632_dd9b60c3_StateSignal_XLE,-0.02422136758862843,-0.02422136758862843,1.111682017131163,1.111682017131163,0.0,0.0,1.0,-0.02422136758862843
2024-12-19 21:00:00+00:00,20260126_001632_dd9b60c3_StateSignal_XLE,-0.016857117066422903,-0.016857117066422903,1.092942263227746,1.092942263227746,0.0,0.0,1.0,-0.016857117066422903
2024-12-20 21:00:00+00:00,20260126_001632_dd9b60c3_StateSignal_XLE,0.007954304927268395,0.007954304927268395,1.101635859257358,1.101635859257358,0.0,0.0,1.0,0.007954304927268395
2024-12-23 21:00:00+00:00,20260126_001632_dd9b60c3_StateSignal_XLE,0.0030788103842601146,0.0030788103842601146,1.1050275871805129,1.1050275871805129,0.0,0.0,1.0,0.0030788103842601146
2024-12-24 21:00:00+00:00,20260126_001632_dd9b60c3_StateSignal_XLE,0.010060200169830431,0.010060200169830431,1.1161443859007336,1.1161443859007336,0.0,0.0,1.0,0.010060200169830431
2024-12-26 21:00:00+00:00,20260126_001632_dd9b60c3_StateSignal_XLE,0.004655159699039889,0.004655159699039889,1.1213402162642883,1.1213402162642883,0.0,0.0,1.0,0.004655159699039889
2024-12-27 21:00:00+00:00,20260126_001632_dd9b60c3_StateSignal_XLE,-0.005361943141385094,-0.005361943141385094,1.1153276537825307,1.1153276537825307,0.0,0.0,1.0,-0.005361943141385094
2024-12-30 21:00:00+00:00,20260126_001632_dd9b60c3_StateSignal_XLE,0.0044106908064885965,0.0044106908064885965,1.1202470192112919,1.1202470192112919,0.0,0.0,1.0,0.0044106908064885965
2024-12-31 21:00:00+00:00,20260126_001632_dd9b60c3_StateSignal_XLE,0.007022670828148872,0.007022670828148872,1.1281141452734278,1.1281141452734278,0.0,0.0,1.0,0.007022670828148872
2025-01-02 21:00:00+00:00,20260126_001632_dd9b60c3_StateSignal_XLE,0.011754963231443654,0.011754963231443654,1.1413750855719886,1.1413750855719886,0.0,0.0,1.0,0.011754963231443654
2025-01-03 21:00:00+00:00,20260126_001632_dd9b60c3_StateSignal_XLE,0.009258226367372583,0.009258226367372583,1.1519421944842934,1.1519421944842934,0.0,0.0,1.0,0.009258226367372583
2025-01-06 21:00:00+00:00,20260126_001632_dd9b60c3_StateSignal_XLE,-0.0042623791740006725,-0.0042623791740006725,1.1470321800648708,1.1470321800648708,0.0,0.0,1.0,-0.0042623791740006725
2025-01-07 21:00:00+00:00,20260126_001632_dd9b60c3_StateSignal_XLE,0.010387251089290233,0.010387251089290233,1.1589466913267006,1.1589466913267006,0.0,0.0,1.0,0.010387251089290233
2025-01-08 21:00:00+00:00,20260126_001632_dd9b60c3_StateSignal_XLE,0.005177700435171929,0.005177700435171929,1.1649473701147237,1.1649473701147237,0.0,0.0,1.0,0.005177700435171929
2025-01-10 21:00:00+00:00,20260126_001632_dd9b60c3_StateSignal_XLE,0.0037488328815194682,0.0037488328815194682,1.1693145631210493,1.1693145631210493,0.0,0.0,1.0,0.0037488328815194682
2025-01-13 21:00:00+00:00,20260126_001632_dd9b60c3_StateSignal_XLE,0.007117467768864579,0.007117467768864579,1.1776371218357273,1.1776371218357273,0.0,0.0,1.0,0.007117467768864579
2025-01-14 21:00:00+00:00,20260126_001632_dd9b60c3_StateSignal_XLE,0.010016018174745709,0.010016018174745709,1.1894323566512892,1.1894323566512892,0.0,0.0,1.0,0.010016018174745709
2025-01-15 21:00:00+00:00,20260126_001632_dd9b60c3_StateSignal_XLE,0.013945345202905229,0.013945345202905229,1.2060194014602965,1.2060194014602965,0.0,0.0,1.0,0.013945345202905229
2025-01-16 21:00:00+00:00,20260126_001632_dd9b60c3_StateSignal_XLE,0.0031090409231969906,0.0031090409231969906,1.2097689651336063,1.2097689651336063,0.0,0.0,1.0,0.0031090409231969906
2025-01-17 21:00:00+00:00,20260126_001632_dd9b60c3_StateSignal_XLE,0.0017613390727011225,0.0017613390727011225,1.2118997784808374,1.2118997784808374,0.0,0.0,1.0,0.0017613390727011225
2025-01-21 21:00:00+00:00,20260126_001632_dd9b60c3_StateSignal_XLE,0.001549872999276033,0.001549872999276033,1.2137780692253335,1.2137780692253335,0.0,0.0,1.0,0.001549872999276033
2025-01-22 21:00:00+00:00,20260126_001632_dd9b60c3_StateSignal_XLE,-0.011423575902264593,-0.011423575902264593,1.1999123833230336,1.1999123833230336,0.0,0.0,1.0,-0.011423575902264593
2025-01-23 21:00:00+00:00,20260126_001632_dd9b60c3_StateSignal_XLE,-0.00044843050078822696,-0.00044843050078822696,1.199374306012078,1.199374306012078,0.0,0.0,1.0,-0.00044843050078822696
2025-01-24 21:00:00+00:00,20260126_001632_dd9b60c3_StateSignal_XLE,-0.012595758070012614,-0.012595758070012614,1.1842672774181606,1.1842672774181606,0.0,0.0,1.0,-0.012595758070012614
2025-01-27 21:00:00+00:00,20260126_001632_dd9b60c3_StateSignal_XLE,0.0025180281131040477,0.0025180281131040477,1.1872492957161287,1.1872492957161287,0.0,0.0,1.0,0.0025180281131040477
2025-01-28 21:00:00+00:00,20260126_001632_dd9b60c3_StateSignal_XLE,-0.013302948473607322,-0.013302948473607322,1.1714553795098903,1.1714553795098903,0.0,0.0,1.0,-0.013302948473607322
2025-01-29 21:00:00+00:00,20260126_001632_dd9b60c3_StateSignal_XLE,0.0016149501721928513,0.0016149501721928513,1.1733472215767462,1.1733472215767462,0.0,0.0,1.0,0.0016149501721928513
2025-01-30 21:00:00+00:00,20260126_001632_dd9b60c3_StateSignal_XLE,-0.0011458692671224209,-0.0011458692671224209,1.172002719055878,1.172002719055878,0.0,0.0,1.0,-0.0011458692671224209
2025-01-31 21:00:00+00:00,20260126_001632_dd9b60c3_StateSignal_XLE,-0.01404517470304773,-0.01404517470304773,1.155541736114291,1.155541736114291,0.0,0.0,1.0,-0.01404517470304773
2025-02-03 21:00:00+00:00,20260126_001632_dd9b60c3_StateSignal_XLE,0.008476622453291111,0.008476622453291111,1.1653368271403524,1.1653368271403524,0.0,0.0,1.0,0.008476622453291111
2025-02-04 21:00:00+00:00,20260126_001632_dd9b60c3_StateSignal_XLE,0.01084834643701306,0.01084834643701306,1.1779788047569806,1.1779788047569806,0.0,0.0,1.0,0.01084834643701306
2025-02-05 21:00:00+00:00,20260126_001632_dd9b60c3_StateSignal_XLE,0.003673098711861077,0.003673098711861077,1.1823056371873333,1.1823056371873333,0.0,0.0,1.0,0.003673098711861077
2025-02-06 21:00:00+00:00,20260126_001632_dd9b60c3_StateSignal_XLE,-0.017568644202323524,-0.017568644202323524,1.1615341301091877,1.1615341301091877,0.0,0.0,1.0,-0.017568644202323524
2025-02-07 21:00:00+00:00,20260126_001632_dd9b60c3_StateSignal_XLE,-0.0034944706497739837,-0.0034944706497739837,1.1574751831828105,1.1574751831828105,0.0,0.0,1.0,-0.0034944706497739837
2025-02-10 21:00:00+00:00,20260126_001632_dd9b60c3_StateSignal_XLE,0.009176481003047852,0.009176481003047852,1.1680967322127869,1.1680967322127869,0.0,0.0,1.0,0.009176481003047852
2025-02-11 21:00:00+00:00,20260126_001632_dd9b60c3_StateSignal_XLE,0.007734342468148891,0.007734342468148891,1.1771311923756462,1.1771311923756462,0.0,0.0,1.0,0.007734342468148891
2025-02-12 21:00:00+00:00,20260126_001632_dd9b60c3_StateSignal_XLE,-0.02431312421543624,-0.02431312421543624,1.1485114554775526,1.1485114554775526,0.0,0.0,1.0,-0.02431312421543624
2025-02-13 21:00:00+00:00,20260126_001632_dd9b60c3_StateSignal_XLE,0.009257182515856886,0.009257182515856886,1.1591434356424608,1.1591434356424608,0.0,0.0,1.0,0.009257182515856886
2025-02-14 21:00:00+00:00,20260126_001632_dd9b60c3_StateSignal_XLE,-0.013450561839488848,-0.013450561839488848,1.1435523051805143,1.1435523051805143,0.0,0.0,1.0,-0.013450561839488848
2025-02-18 21:00:00+00:00,20260126_001632_dd9b60c3_StateSignal_XLE,0.01344749609196142,0.01344749609196142,1.1589302203353828,1.1589302203353828,0.0,0.0,1.0,0.01344749609196142
2025-02-19 21:00:00+00:00,20260126_001632_dd9b60c3_StateSignal_XLE,-0.0035874477936561123,-0.0035874477936561123,1.1547726186734393,1.1547726186734393,0.0,0.0,1.0,-0.0035874477936561123
2025-02-20 21:00:00+00:00,20260126_001632_dd9b60c3_StateSignal_XLE,0.008721960692302128,0.008721960692302128,1.1648445000620558,1.1648445000620558,0.0,0.0,1.0,0.008721960692302128
2025-02-21 21:00:00+00:00,20260126_001632_dd9b60c3_StateSignal_XLE,-0.012198027910960151,-0.012198027910960151,1.1506356943383704,1.1506356943383704,0.0,0.0,1.0,-0.012198027910960151
2025-02-24 21:00:00+00:00,20260126_001632_dd9b60c3_StateSignal_XLE,0.0006815858494014671,0.0006815858494014671,1.1514199513454475,1.1514199513454475,0.0,0.0,1.0,0.0006815858494014671
2025-02-25 21:00:00+00:00,20260126_001632_dd9b60c3_StateSignal_XLE,-0.01421390276115283,-0.01421390276115283,1.135053780119772,1.135053780119772,0.0,0.0,1.0,-0.01421390276115283
2025-02-26 21:00:00+00:00,20260126_001632_dd9b60c3_StateSignal_XLE,-0.003701137697098416,-0.003701137697098416,1.1308527897859366,1.1308527897859366,0.0,0.0,1.0,-0.003701137697098416
2025-02-27 21:00:00+00:00,20260126_001632_dd9b60c3_StateSignal_XLE,0.0,0.0,1.1308527897859366,1.1308527897859366,0.0,0.0,0.0,-0.0
2025-02-28 21:00:00+00:00,20260126_001632_dd9b60c3_StateSignal_XLE,0.0,0.0,1.1308527897859366,1.1308527897859366,0.0,0.0,0.0,0.0
2025-03-03 21:00:00+00:00,20260126_001632_dd9b60c3_StateSignal_XLE,0.0,0.0,1.1308527897859366,1.1308527897859366,0.0,0.0,0.0,-0.0
2025-03-04 21:00:00+00:00,20260126_001632_dd9b60c3_StateSignal_XLE,0.0,0.0,1.1308527897859366,1.1308527897859366,0.0,0.0,0.0,0.0
2025-03-05 21:00:00+00:00,20260126_001632_dd9b60c3_StateSignal_XLE,0.0,0.0,1.1308527897859366,1.1308527897859366,0.0,0.0,0.0,-0.0
2025-03-06 21:00:00+00:00,20260126_001632_dd9b60c3_StateSignal_XLE,0.0,0.0,1.1308527897859366,1.1308527897859366,0.0,0.0,0.0,0.0
2025-03-07 21:00:00+00:00,20260126_001632_dd9b60c3_StateSignal_XLE,0.0,0.0,1.1308527897859366,1.1308527897859366,0.0,0.0,0.0,0.0
2025-03-10 20:00:00+00:00,20260126_001632_dd9b60c3_StateSignal_XLE,0.0,0.0,1.1308527897859366,1.1308527897859366,0.0,0.0,0.0,0.0
2025-03-11 20:00:00+00:00,20260126_001632_dd9b60c3_StateSignal_XLE,0.0,0.0,1.1308527897859366,1.1308527897859366,0.0,0.0,0.0,-0.0
2025-03-12 20:00:00+00:00,20260126_001632_dd9b60c3_StateSignal_XLE,0.0,0.0,1.1308527897859366,1.1308527897859366,0.0,0.0,0.0,0.0
2025-03-13 20:00:00+00:00,20260126_001632_dd9b60c3_StateSignal_XLE,0.0,0.0,1.1308527897859366,1.1308527897859366,0.0,0.0,0.0,-0.0
2025-03-14 20:00:00+00:00,20260126_001632_dd9b60c3_StateSignal_XLE,0.0,0.0,1.1308527897859366,1.1308527897859366,0.0,0.0,0.0,0.0
2025-03-17 20:00:00+00:00,20260126_001632_dd9b60c3_StateSignal_XLE,0.0,0.0,1.1308527897859366,1.1308527897859366,0.0,0.0,0.0,0.0
2025-03-18 20:00:00+00:00,20260126_001632_dd9b60c3_StateSignal_XLE,0.0,0.0,1.1308527897859366,1.1308527897859366,0.0,0.0,0.0,-0.0
2025-03-19 20:00:00+00:00,20260126_001632_dd9b60c3_StateSignal_XLE,0.0,0.0,1.1308527897859366,1.1308527897859366,0.0,0.0,0.0,0.0
2025-03-20 20:00:00+00:00,20260126_001632_dd9b60c3_StateSignal_XLE,0.0,0.0,1.1308527897859366,1.1308527897859366,0.0,0.0,0.0,0.0
2025-03-21 20:00:00+00:00,20260126_001632_dd9b60c3_StateSignal_XLE,0.0,0.0,1.1308527897859366,1.1308527897859366,0.0,0.0,0.0,-0.0
2025-03-24 20:00:00+00:00,20260126_001632_dd9b60c3_StateSignal_XLE,0.0,0.0,1.1308527897859366,1.1308527897859366,0.0,0.0,0.0,0.0
2025-03-25 20:00:00+00:00,20260126_001632_dd9b60c3_StateSignal_XLE,0.0,0.0,1.1308527897859366,1.1308527897859366,0.0,0.0,0.0,-0.0
2025-03-26 20:00:00+00:00,20260126_001632_dd9b60c3_StateSignal_XLE,0.005045530063240133,0.005045530063240133,1.1365585415339006,1.1365585415339006,0.0,0.0,1.0,0.005045530063240133
2025-03-27 20:00:00+00:00,20260126_001632_dd9b60c3_StateSignal_XLE,0.0,0.0,1.1365585415339006,1.1365585415339006,0.0,0.0,0.0,-0.0
2025-03-28 20:00:00+00:00,20260126_001632_dd9b60c3_StateSignal_XLE,-0.003102151834087136,-0.003102151834087136,1.1330327643697338,1.1330327643697338,0.0,0.0,1.0,-0.003102151834087136
2025-03-31 20:00:00+00:00,20260126_001632_dd9b60c3_StateSignal_XLE,0.009704531389177951,0.009704531389177951,1.1440283163965268,1.1440283163965268,0.0,0.0,1.0,0.009704531389177951
2025-04-01 20:00:00+00:00,20260126_001632_dd9b60c3_StateSignal_XLE,0.0,0.0,1.1440283163965268,1.1440283163965268,0.0,0.0,0.0,0.0
2025-04-02 20:00:00+00:00,20260126_001632_dd9b60c3_StateSignal_XLE,0.0,0.0,1.1440283163965268,1.1440283163965268,0.0,0.0,0.0,0.0
2025-04-03 20:00:00+00:00,20260126_001632_dd9b60c3_StateSignal_XLE,0.0,0.0,1.1440283163965268,1.1440283163965268,0.0,0.0,0.0,-0.0
2025-04-04 20:00:00+00:00,20260126_001632_dd9b60c3_StateSignal_XLE,0.0,0.0,1.1440283163965268,1.1440283163965268,0.0,0.0,0.0,-0.0
2025-04-07 20:00:00+00:00,20260126_001632_dd9b60c3_StateSignal_XLE,0.0,0.0,1.1440283163965268,1.1440283163965268,0.0,0.0,0.0,0.0
2025-04-08 20:00:00+00:00,20260126_001632_dd9b60c3_StateSignal_XLE,0.0,0.0,1.1440283163965268,1.1440283163965268,0.0,0.0,0.0,-0.0
2025-04-09 20:00:00+00:00,20260126_001632_dd9b60c3_StateSignal_XLE,0.0,0.0,1.1440283163965268,1.1440283163965268,0.0,0.0,0.0,0.0
2025-04-10 20:00:00+00:00,20260126_001632_dd9b60c3_StateSignal_XLE,0.0,0.0,1.1440283163965268,1.1440283163965268,0.0,0.0,0.0,-0.0
2025-04-11 20:00:00+00:00,20260126_001632_dd9b60c3_StateSignal_XLE,0.024725089085511152,0.024725089085511152,1.1723145184357782,1.1723145184357782,0.0,0.0,1.0,0.024725089085511152
2025-04-14 20:00:00+00:00,20260126_001632_dd9b60c3_StateSignal_XLE,0.002594708253872624,0.002594708253872624,1.1753563325928982,1.1753563325928982,0.0,0.0,1.0,0.002594708253872624
2025-04-15 20:00:00+00:00,20260126_001632_dd9b60c3_StateSignal_XLE,-0.012630661535553056,-0.012630661535553056,1.1605108045722483,1.1605108045722483,0.0,0.0,1.0,-0.012630661535553056
2025-04-16 20:00:00+00:00,20260126_001632_dd9b60c3_StateSignal_XLE,0.008266644854793219,0.008266644854793219,1.1701043352437974,1.1701043352437974,0.0,0.0,1.0,0.008266644854793219
2025-04-17 20:00:00+00:00,20260126_001632_dd9b60c3_StateSignal_XLE,0.022135492259538977,0.022135492259538977,1.1960051706994395,1.1960051706994395,0.0,0.0,1.0,0.022135492259538977
2025-04-21 20:00:00+00:00,20260126_001632_dd9b60c3_StateSignal_XLE,0.0,0.0,1.1960051706994395,1.1960051706994395,0.0,0.0,0.0,-0.0
2025-04-22 20:00:00+00:00,20260126_001632_dd9b60c3_StateSignal_XLE,0.009617892414178923,0.009617892414178923,1.2075082197580285,1.2075082197580285,0.0,0.0,1.0,0.009617892414178923
2025-04-23 20:00:00+00:00,20260126_001632_dd9b60c3_StateSignal_XLE,-0.01079734281319476,-0.01079734281319476,1.1944703395595504,1.1944703395595504,0.0,0.0,1.0,-0.01079734281319476
2025-04-24 20:00:00+00:00,20260126_001632_dd9b60c3_StateSignal_XLE,0.014785383991149975,0.014785383991149975,1.2121310421959777,1.2121310421959777,0.0,0.0,1.0,0.014785383991149975
2025-04-25 20:00:00+00:00,20260126_001632_dd9b60c3_StateSignal_XLE,0.002992520936454165,0.002992520936454165,1.215758369717475,1.215758369717475,0.0,0.0,1.0,0.002992520936454165
2025-04-28 20:00:00+00:00,20260126_001632_dd9b60c3_StateSignal_XLE,0.0,0.0,1.215758369717475,1.215758369717475,0.0,0.0,0.0,0.0
2025-04-29 20:00:00+00:00,20260126_001632_dd9b60c3_StateSignal_XLE,0.0,0.0,1.215758369717475,1.215758369717475,0.0,0.0,0.0,-0.0
2025-04-30 20:00:00+00:00,20260126_001632_dd9b60c3_StateSignal_XLE,0.0,0.0,1.215758369717475,1.215758369717475,0.0,0.0,0.0,0.0
2025-05-01 20:00:00+00:00,20260126_001632_dd9b60c3_StateSignal_XLE,0.0,0.0,1.215758369717475,1.215758369717475,0.0,0.0,0.0,0.0
2025-05-02 20:00:00+00:00,20260126_001632_dd9b60c3_StateSignal_XLE,0.0,0.0,1.215758369717475,1.215758369717475,0.0,0.0,0.0,0.0
2025-05-05 20:00:00+00:00,20260126_001632_dd9b60c3_StateSignal_XLE,0.0,0.0,1.215758369717475,1.215758369717475,0.0,0.0,0.0,0.0
2025-05-06 20:00:00+00:00,20260126_001632_dd9b60c3_StateSignal_XLE,0.0,0.0,1.215758369717475,1.215758369717475,0.0,0.0,0.0,-0.0
2025-05-07 20:00:00+00:00,20260126_001632_dd9b60c3_StateSignal_XLE,0.0005095541511526969,0.0005095541511526969,1.216377864441563,1.216377864441563,0.0,0.0,1.0,0.0005095541511526969
2025-05-08 20:00:00+00:00,20260126_001632_dd9b60c3_StateSignal_XLE,0.0,0.0,1.216377864441563,1.216377864441563,0.0,0.0,0.0,-0.0
2025-05-09 20:00:00+00:00,20260126_001632_dd9b60c3_StateSignal_XLE,0.0,0.0,1.216377864441563,1.216377864441563,0.0,0.0,0.0,0.0
2025-05-12 20:00:00+00:00,20260126_001632_dd9b60c3_StateSignal_XLE,-0.010375289114017427,-0.010375289114017427,1.2037575924260908,1.2037575924260908,0.0,0.0,1.0,-0.010375289114017427
2025-05-13 20:00:00+00:00,20260126_001632_dd9b60c3_StateSignal_XLE,0.008408457949406251,0.008408457949406251,1.213879337523284,1.213879337523284,0.0,0.0,1.0,0.008408457949406251
2025-05-14 20:00:00+00:00,20260126_001632_dd9b60c3_StateSignal_XLE,0.0007221085883645904,0.0007221085883645904,1.214755890218148,1.214755890218148,0.0,0.0,1.0,0.0007221085883645904
2025-05-15 20:00:00+00:00,20260126_001632_dd9b60c3_StateSignal_XLE,0.0043217354180282615,0.0043217354180282615,1.2200057437731622,1.2200057437731622,0.0,0.0,1.0,0.0043217354180282615
2025-05-16 20:00:00+00:00,20260126_001632_dd9b60c3_StateSignal_XLE,0.0009606148673375366,0.0009606148673375366,1.221177699428868,1.221177699428868,0.0,0.0,1.0,0.0009606148673375366
2025-05-19 20:00:00+00:00,20260126_001632_dd9b60c3_StateSignal_XLE,0.006584586648625372,0.006584586648625372,1.2292186498041262,1.2292186498041262,0.0,0.0,1.0,0.006584586648625372
2025-05-20 20:00:00+00:00,20260126_001632_dd9b60c3_StateSignal_XLE,-0.004161063401981337,-0.004161063401981337,1.2241037930673935,1.2241037930673935,0.0,0.0,1.0,-0.004161063401981337
2025-05-21 20:00:00+00:00,20260126_001632_dd9b60c3_StateSignal_XLE,-0.01881709396201833,-0.01881709396201833,1.2010697169739812,1.2010697169739812,0.0,0.0,1.0,-0.01881709396201833
2025-05-22 20:00:00+00:00,20260126_001632_dd9b60c3_StateSignal_XLE,0.007560519884958757,0.007560519884958757,1.2101504284523847,1.2101504284523847,0.0,0.0,1.0,0.007560519884958757
2025-05-23 20:00:00+00:00,20260126_001632_dd9b60c3_StateSignal_XLE,0.005772383953845206,0.005772383953845206,1.2171358813673223,1.2171358813673223,0.0,0.0,1.0,0.005772383953845206
2025-05-27 20:00:00+00:00,20260126_001632_dd9b60c3_StateSignal_XLE,0.004971424606451202,0.004971424606451202,1.2231867806373464,1.2231867806373464,0.0,0.0,1.0,0.004971424606451202
2025-05-28 20:00:00+00:00,20260126_001632_dd9b60c3_StateSignal_XLE,-0.010991866852346514,-0.010991866852346514,1.2097416744090304,1.2097416744090304,0.0,0.0,1.0,-0.010991866852346514
2025-05-29 20:00:00+00:00,20260126_001632_dd9b60c3_StateSignal_XLE,0.007008789642189689,0.007008789642189689,1.2182204993263537,1.2182204993263537,0.0,0.0,1.0,0.007008789642189689
2025-05-30 20:00:00+00:00,20260126_001632_dd9b60c3_StateSignal_XLE,-0.0007542426504643201,-0.0007542426504643201,1.2173016654680917,1.2173016654680917,0.0,0.0,1.0,-0.0007542426504643201
2025-06-02 20:00:00+00:00,20260126_001632_dd9b60c3_StateSignal_XLE,0.0057278204163433,0.0057278204163433,1.2242741508004087,1.2242741508004087,0.0,0.0,1.0,0.0057278204163433
2025-06-03 20:00:00+00:00,20260126_001632_dd9b60c3_StateSignal_XLE,0.01160363593529725,0.01160363593529725,1.2384801823312919,1.2384801823312919,0.0,0.0,1.0,0.01160363593529725
2025-06-04 20:00:00+00:00,20260126_001632_dd9b60c3_StateSignal_XLE,-0.022761992115095962,-0.022761992115095962,1.2102899061863643,1.2102899061863643,0.0,0.0,1.0,-0.022761992115095962
2025-06-05 20:00:00+00:00,20260126_001632_dd9b60c3_StateSignal_XLE,-0.0025012519293526716,-0.0025012519293526716,1.2072626662234396,1.2072626662234396,0.0,0.0,1.0,-0.0025012519293526716
2025-06-06 20:00:00+00:00,20260126_001632_dd9b60c3_StateSignal_XLE,0.0024618427007770407,0.0024618427007770407,1.2102347570062024,1.2102347570062024,0.0,0.0,1.0,0.0024618427007770407
2025-06-09 20:00:00+00:00,20260126_001632_dd9b60c3_StateSignal_XLE,-0.001471670611456041,-0.001471670611456041,1.2084536900813538,1.2084536900813538,0.0,0.0,1.0,-0.001471670611456041
2025-06-10 20:00:00+00:00,20260126_001632_dd9b60c3_StateSignal_XLE,0.017759863459629936,0.017759863459629936,1.2299156626144845,1.2299156626144845,0.0,0.0,1.0,0.017759863459629936
2025-06-11 20:00:00+00:00,20260126_001632_dd9b60c3_StateSignal_XLE,0.011959004043527111,0.011959004043527111,1.2446242289968885,1.2446242289968885,0.0,0.0,1.0,0.011959004043527111
2025-06-12 20:00:00+00:00,20260126_001632_dd9b60c3_StateSignal_XLE,0.008324462389123148,0.008324462389123148,1.2549850565797647,1.2549850565797647,0.0,0.0,1.0,0.008324462389123148
2025-06-13 20:00:00+00:00,20260126_001632_dd9b60c3_StateSignal_XLE,0.008182395154939681,0.008182395154939681,1.2652538402262445,1.2652538402262445,0.0,0.0,1.0,0.008182395154939681
2025-06-16 20:00:00+00:00,20260126_001632_dd9b60c3_StateSignal_XLE,-0.003031365268727469,-0.003031365268727469,1.2614183936788586,1.2614183936788586,0.0,0.0,1.0,-0.003031365268727469
2025-06-17 20:00:00+00:00,20260126_001632_dd9b60c3_StateSignal_XLE,-0.003232512627721053,-0.003232512627721053,1.257340842792452,1.257340842792452,0.0,0.0,1.0,-0.003232512627721053
2025-06-18 20:00:00+00:00,20260126_001632_dd9b60c3_StateSignal_XLE,-0.006729344340743192,-0.006729344340743192,1.2488797633076212,1.2488797633076212,0.0,0.0,1.0,-0.006729344340743192
2025-06-20 20:00:00+00:00,20260126_001632_dd9b60c3_StateSignal_XLE,0.009731309417010297,0.009731309417010297,1.2610329987090103,1.2610329987090103,0.0,0.0,1.0,0.009731309417010297
2025-06-23 20:00:00+00:00,20260126_001632_dd9b60c3_StateSignal_XLE,-0.02545379684523822,-0.02545379684523822,1.2289349209447296,1.2289349209447296,0.0,0.0,1.0,-0.02545379684523822
2025-06-24 20:00:00+00:00,20260126_001632_dd9b60c3_StateSignal_XLE,-0.007161644359695331,-0.007161644359695331,1.2201337260997132,1.2201337260997132,0.0,0.0,1.0,-0.007161644359695331
2025-06-25 20:00:00+00:00,20260126_001632_dd9b60c3_StateSignal_XLE,0.0014447389943743852,0.0014447389943743852,1.2218965008721607,1.2218965008721607,0.0,0.0,1.0,0.0014447389943743852
2025-06-26 20:00:00+00:00,20260126_001632_dd9b60c3_StateSignal_XLE,0.0,0.0,1.2218965008721607,1.2218965008721607,0.0,0.0,0.0,0.0
2025-06-27 20:00:00+00:00,20260126_001632_dd9b60c3_StateSignal_XLE,0.0,0.0,1.2218965008721607,1.2218965008721607,0.0,0.0,0.0,-0.0
2025-06-30 20:00:00+00:00,20260126_001632_dd9b60c3_StateSignal_XLE,0.0,0.0,1.2218965008721607,1.2218965008721607,0.0,0.0,0.0,-0.0
2025-07-01 20:00:00+00:00,20260126_001632_dd9b60c3_StateSignal_XLE,0.0,0.0,1.2218965008721607,1.2218965008721607,0.0,0.0,0.0,0.0
2025-07-02 20:00:00+00:00,20260126_001632_dd9b60c3_StateSignal_XLE,0.0,0.0,1.2218965008721607,1.2218965008721607,0.0,0.0,0.0,0.0
2025-07-03 20:00:00+00:00,20260126_001632_dd9b60c3_StateSignal_XLE,0.0,0.0,1.2218965008721607,1.2218965008721607,0.0,0.0,0.0,0.0
2025-07-07 20:00:00+00:00,20260126_001632_dd9b60c3_StateSignal_XLE,0.0,0.0,1.2218965008721607,1.2218965008721607,0.0,0.0,0.0,-0.0
2025-07-08 20:00:00+00:00,20260126_001632_dd9b60c3_StateSignal_XLE,0.02089697587721609,0.02089697587721609,1.247430442575341,1.247430442575341,0.0,0.0,1.0,0.02089697587721609
2025-07-09 20:00:00+00:00,20260126_001632_dd9b60c3_StateSignal_XLE,-0.0032295299119195725,-0.0032295299119195725,1.2434018286480049,1.2434018286480049,0.0,0.0,1.0,-0.0032295299119195725
2025-07-10 20:00:00+00:00,20260126_001632_dd9b60c3_StateSignal_XLE,0.01617784301098503,0.01617784301098503,1.263517388231444,1.263517388231444,0.0,0.0,1.0,0.01617784301098503
2025-07-11 20:00:00+00:00,20260126_001632_dd9b60c3_StateSignal_XLE,0.004573527295199732,0.004573527295199732,1.26929611949448,1.26929611949448,0.0,0.0,1.0,0.004573527295199732
2025-07-14 20:00:00+00:00,20260126_001632_dd9b60c3_StateSignal_XLE,-0.006681282773599092,-0.006681282773599092,1.2608155931967053,1.2608155931967053,0.0,0.0,1.0,-0.006681282773599092
2025-07-15 20:00:00+00:00,20260126_001632_dd9b60c3_StateSignal_XLE,-0.012795335671537735,-0.012795335671537735,1.2446830344618445,1.2446830344618445,0.0,0.0,1.0,-0.012795335671537735
2025-07-16 20:00:00+00:00,20260126_001632_dd9b60c3_StateSignal_XLE,-0.008700819146656144,-0.008700819146656144,1.233853272484081,1.233853272484081,0.0,0.0,1.0,-0.008700819146656144
2025-07-17 20:00:00+00:00,20260126_001632_dd9b60c3_StateSignal_XLE,0.005178919296654323,0.005178919296654323,1.2402432990061887,1.2402432990061887,0.0,0.0,1.0,0.005178919296654323
2025-07-18 20:00:00+00:00,20260126_001632_dd9b60c3_StateSignal_XLE,-0.007778471747211753,-0.007778471747211753,1.2305961015452003,1.2305961015452003,0.0,0.0,1.0,-0.007778471747211753
2025-07-21 20:00:00+00:00,20260126_001632_dd9b60c3_StateSignal_XLE,-0.009045527041478933,-0.009045527041478933,1.2194647112315344,1.2194647112315344,0.0,0.0,1.0,-0.009045527041478933
2025-07-22 20:00:00+00:00,20260126_001632_dd9b60c3_StateSignal_XLE,-0.0021395467569818283,-0.0021395467569818283,1.2168556094633654,1.2168556094633654,0.0,0.0,1.0,-0.0021395467569818283
2025-07-23 20:00:00+00:00,20260126_001632_dd9b60c3_StateSignal_XLE,0.0,0.0,1.2168556094633654,1.2168556094633654,0.0,0.0,0.0,0.0
2025-07-24 20:00:00+00:00,20260126_001632_dd9b60c3_StateSignal_XLE,0.0,0.0,1.2168556094633654,1.2168556094633654,0.0,0.0,0.0,0.0
2025-07-25 20:00:00+00:00,20260126_001632_dd9b60c3_StateSignal_XLE,0.0,0.0,1.2168556094633654,1.2168556094633654,0.0,0.0,0.0,-0.0
2025-07-28 20:00:00+00:00,20260126_001632_dd9b60c3_StateSignal_XLE,0.0,0.0,1.2168556094633654,1.2168556094633654,0.0,0.0,0.0,0.0
2025-07-29 20:00:00+00:00,20260126_001632_dd9b60c3_StateSignal_XLE,0.0,0.0,1.2168556094633654,1.2168556094633654,0.0,0.0,0.0,0.0
2025-07-30 20:00:00+00:00,20260126_001632_dd9b60c3_StateSignal_XLE,0.0,0.0,1.2168556094633654,1.2168556094633654,0.0,0.0,0.0,-0.0
2025-07-31 20:00:00+00:00,20260126_001632_dd9b60c3_StateSignal_XLE,0.0,0.0,1.2168556094633654,1.2168556094633654,0.0,0.0,0.0,-0.0
2025-08-01 20:00:00+00:00,20260126_001632_dd9b60c3_StateSignal_XLE,0.0,0.0,1.2168556094633654,1.2168556094633654,0.0,0.0,0.0,-0.0
2025-08-04 20:00:00+00:00,20260126_001632_dd9b60c3_StateSignal_XLE,0.0,0.0,1.2168556094633654,1.2168556094633654,0.0,0.0,0.0,-0.0
2025-08-05 20:00:00+00:00,20260126_001632_dd9b60c3_StateSignal_XLE,0.0,0.0,1.2168556094633654,1.2168556094633654,0.0,0.0,0.0,0.0
2025-08-06 20:00:00+00:00,20260126_001632_dd9b60c3_StateSignal_XLE,0.0,0.0,1.2168556094633654,1.2168556094633654,0.0,0.0,0.0,-0.0
2025-08-07 20:00:00+00:00,20260126_001632_dd9b60c3_StateSignal_XLE,0.0,0.0,1.2168556094633654,1.2168556094633654,0.0,0.0,0.0,-0.0
2025-08-08 20:00:00+00:00,20260126_001632_dd9b60c3_StateSignal_XLE,0.0,0.0,1.2168556094633654,1.2168556094633654,0.0,0.0,0.0,0.0
2025-08-11 20:00:00+00:00,20260126_001632_dd9b60c3_StateSignal_XLE,0.0,0.0,1.2168556094633654,1.2168556094633654,0.0,0.0,0.0,-0.0
2025-08-12 20:00:00+00:00,20260126_001632_dd9b60c3_StateSignal_XLE,0.0,0.0,1.2168556094633654,1.2168556094633654,0.0,0.0,0.0,0.0
2025-08-13 20:00:00+00:00,20260126_001632_dd9b60c3_StateSignal_XLE,0.0,0.0,1.2168556094633654,1.2168556094633654,0.0,0.0,0.0,0.0
2025-08-14 20:00:00+00:00,20260126_001632_dd9b60c3_StateSignal_XLE,0.0,0.0,1.2168556094633654,1.2168556094633654,0.0,0.0,0.0,0.0
2025-08-15 20:00:00+00:00,20260126_001632_dd9b60c3_StateSignal_XLE,0.0,0.0,1.2168556094633654,1.2168556094633654,0.0,0.0,0.0,-0.0
2025-08-18 20:00:00+00:00,20260126_001632_dd9b60c3_StateSignal_XLE,0.0,0.0,1.2168556094633654,1.2168556094633654,0.0,0.0,0.0,0.0
2025-08-19 20:00:00+00:00,20260126_001632_dd9b60c3_StateSignal_XLE,0.0,0.0,1.2168556094633654,1.2168556094633654,0.0,0.0,0.0,-0.0
2025-08-20 20:00:00+00:00,20260126_001632_dd9b60c3_StateSignal_XLE,0.0,0.0,1.2168556094633654,1.2168556094633654,0.0,0.0,0.0,0.0
2025-08-21 20:00:00+00:00,20260126_001632_dd9b60c3_StateSignal_XLE,0.0,0.0,1.2168556094633654,1.2168556094633654,0.0,0.0,0.0,0.0
2025-08-22 20:00:00+00:00,20260126_001632_dd9b60c3_StateSignal_XLE,0.0,0.0,1.2168556094633654,1.2168556094633654,0.0,0.0,0.0,0.0
2025-08-25 20:00:00+00:00,20260126_001632_dd9b60c3_StateSignal_XLE,0.0,0.0,1.2168556094633654,1.2168556094633654,0.0,0.0,0.0,0.0
2025-08-26 20:00:00+00:00,20260126_001632_dd9b60c3_StateSignal_XLE,0.0,0.0,1.2168556094633654,1.2168556094633654,0.0,0.0,0.0,0.0
2025-08-27 20:00:00+00:00,20260126_001632_dd9b60c3_StateSignal_XLE,0.0,0.0,1.2168556094633654,1.2168556094633654,0.0,0.0,0.0,0.0
2025-08-28 20:00:00+00:00,20260126_001632_dd9b60c3_StateSignal_XLE,0.0,0.0,1.2168556094633654,1.2168556094633654,0.0,0.0,0.0,0.0
2025-08-29 20:00:00+00:00,20260126_001632_dd9b60c3_StateSignal_XLE,0.0,0.0,1.2168556094633654,1.2168556094633654,0.0,0.0,0.0,-0.0
2025-09-02 20:00:00+00:00,20260126_001632_dd9b60c3_StateSignal_XLE,0.0,0.0,1.2168556094633654,1.2168556094633654,0.0,0.0,0.0,0.0
2025-09-03 20:00:00+00:00,20260126_001632_dd9b60c3_StateSignal_XLE,0.0,0.0,1.2168556094633654,1.2168556094633654,0.0,0.0,0.0,-0.0
2025-09-04 20:00:00+00:00,20260126_001632_dd9b60c3_StateSignal_XLE,0.0,0.0,1.2168556094633654,1.2168556094633654,0.0,0.0,0.0,0.0
2025-09-05 20:00:00+00:00,20260126_001632_dd9b60c3_StateSignal_XLE,0.0,0.0,1.2168556094633654,1.2168556094633654,0.0,0.0,0.0,-0.0
2025-09-08 20:00:00+00:00,20260126_001632_dd9b60c3_StateSignal_XLE,0.0,0.0,1.2168556094633654,1.2168556094633654,0.0,0.0,0.0,-0.0
2025-09-09 20:00:00+00:00,20260126_001632_dd9b60c3_StateSignal_XLE,0.0,0.0,1.2168556094633654,1.2168556094633654,0.0,0.0,0.0,-0.0
2025-09-10 20:00:00+00:00,20260126_001632_dd9b60c3_StateSignal_XLE,0.0,0.0,1.2168556094633654,1.2168556094633654,0.0,0.0,0.0,0.0
2025-09-11 20:00:00+00:00,20260126_001632_dd9b60c3_StateSignal_XLE,0.0,0.0,1.2168556094633654,1.2168556094633654,0.0,0.0,0.0,0.0
2025-09-12 20:00:00+00:00,20260126_001632_dd9b60c3_StateSignal_XLE,0.0,0.0,1.2168556094633654,1.2168556094633654,0.0,0.0,0.0,-0.0
2025-09-15 20:00:00+00:00,20260126_001632_dd9b60c3_StateSignal_XLE,0.0,0.0,1.2168556094633654,1.2168556094633654,0.0,0.0,0.0,0.0
2025-09-16 20:00:00+00:00,20260126_001632_dd9b60c3_StateSignal_XLE,0.0,0.0,1.2168556094633654,1.2168556094633654,0.0,0.0,0.0,0.0
2025-09-17 20:00:00+00:00,20260126_001632_dd9b60c3_StateSignal_XLE,0.0,0.0,1.2168556094633654,1.2168556094633654,0.0,0.0,0.0,-0.0
2025-09-18 20:00:00+00:00,20260126_001632_dd9b60c3_StateSignal_XLE,0.0,0.0,1.2168556094633654,1.2168556094633654,0.0,0.0,0.0,-0.0
2025-09-19 20:00:00+00:00,20260126_001632_dd9b60c3_StateSignal_XLE,0.0,0.0,1.2168556094633654,1.2168556094633654,0.0,0.0,0.0,-0.0
2025-09-22 20:00:00+00:00,20260126_001632_dd9b60c3_StateSignal_XLE,0.0,0.0,1.2168556094633654,1.2168556094633654,0.0,0.0,0.0,0.0
2025-09-23 20:00:00+00:00,20260126_001632_dd9b60c3_StateSignal_XLE,0.0,0.0,1.2168556094633654,1.2168556094633654,0.0,0.0,0.0,0.0
2025-09-24 20:00:00+00:00,20260126_001632_dd9b60c3_StateSignal_XLE,0.0,0.0,1.2168556094633654,1.2168556094633654,0.0,0.0,0.0,-0.0
2025-09-25 20:00:00+00:00,20260126_001632_dd9b60c3_StateSignal_XLE,0.0,0.0,1.2168556094633654,1.2168556094633654,0.0,0.0,0.0,0.0
2025-09-26 20:00:00+00:00,20260126_001632_dd9b60c3_StateSignal_XLE,0.0,0.0,1.2168556094633654,1.2168556094633654,0.0,0.0,0.0,-0.0
2025-09-29 20:00:00+00:00,20260126_001632_dd9b60c3_StateSignal_XLE,0.0,0.0,1.2168556094633654,1.2168556094633654,0.0,0.0,0.0,-0.0
2025-09-30 20:00:00+00:00,20260126_001632_dd9b60c3_StateSignal_XLE,0.0,0.0,1.2168556094633654,1.2168556094633654,0.0,0.0,0.0,-0.0
2025-10-01 20:00:00+00:00,20260126_001632_dd9b60c3_StateSignal_XLE,0.0,0.0,1.2168556094633654,1.2168556094633654,0.0,0.0,0.0,0.0
2025-10-02 20:00:00+00:00,20260126_001632_dd9b60c3_StateSignal_XLE,0.0,0.0,1.2168556094633654,1.2168556094633654,0.0,0.0,0.0,-0.0
2025-10-03 20:00:00+00:00,20260126_001632_dd9b60c3_StateSignal_XLE,0.0,0.0,1.2168556094633654,1.2168556094633654,0.0,0.0,0.0,-0.0
2025-10-06 20:00:00+00:00,20260126_001632_dd9b60c3_StateSignal_XLE,0.0,0.0,1.2168556094633654,1.2168556094633654,0.0,0.0,0.0,0.0
2025-10-07 20:00:00+00:00,20260126_001632_dd9b60c3_StateSignal_XLE,0.0,0.0,1.2168556094633654,1.2168556094633654,0.0,0.0,0.0,0.0
2025-10-08 20:00:00+00:00,20260126_001632_dd9b60c3_StateSignal_XLE,0.0,0.0,1.2168556094633654,1.2168556094633654,0.0,0.0,0.0,0.0
2025-10-09 20:00:00+00:00,20260126_001632_dd9b60c3_StateSignal_XLE,0.0,0.0,1.2168556094633654,1.2168556094633654,0.0,0.0,0.0,-0.0
2025-10-10 20:00:00+00:00,20260126_001632_dd9b60c3_StateSignal_XLE,0.0,0.0,1.2168556094633654,1.2168556094633654,0.0,0.0,0.0,-0.0
2025-10-13 20:00:00+00:00,20260126_001632_dd9b60c3_StateSignal_XLE,0.0,0.0,1.2168556094633654,1.2168556094633654,0.0,0.0,0.0,0.0
2025-10-14 20:00:00+00:00,20260126_001632_dd9b60c3_StateSignal_XLE,0.0,0.0,1.2168556094633654,1.2168556094633654,0.0,0.0,0.0,0.0
2025-10-15 20:00:00+00:00,20260126_001632_dd9b60c3_StateSignal_XLE,0.0,0.0,1.2168556094633654,1.2168556094633654,0.0,0.0,0.0,-0.0
2025-10-16 20:00:00+00:00,20260126_001632_dd9b60c3_StateSignal_XLE,0.0,0.0,1.2168556094633654,1.2168556094633654,0.0,0.0,0.0,-0.0
2025-10-17 20:00:00+00:00,20260126_001632_dd9b60c3_StateSignal_XLE,0.0,0.0,1.2168556094633654,1.2168556094633654,0.0,0.0,0.0,0.0
2025-10-20 20:00:00+00:00,20260126_001632_dd9b60c3_StateSignal_XLE,0.0,0.0,1.2168556094633654,1.2168556094633654,0.0,0.0,0.0,0.0
2025-10-21 20:00:00+00:00,20260126_001632_dd9b60c3_StateSignal_XLE,0.0,0.0,1.2168556094633654,1.2168556094633654,0.0,0.0,0.0,-0.0
2025-10-22 20:00:00+00:00,20260126_001632_dd9b60c3_StateSignal_XLE,0.0,0.0,1.2168556094633654,1.2168556094633654,0.0,0.0,0.0,0.0
2025-10-23 20:00:00+00:00,20260126_001632_dd9b60c3_StateSignal_XLE,0.0,0.0,1.2168556094633654,1.2168556094633654,0.0,0.0,0.0,0.0
2025-10-24 20:00:00+00:00,20260126_001632_dd9b60c3_StateSignal_XLE,0.0,0.0,1.2168556094633654,1.2168556094633654,0.0,0.0,0.0,-0.0
2025-10-27 20:00:00+00:00,20260126_001632_dd9b60c3_StateSignal_XLE,0.0,0.0,1.2168556094633654,1.2168556094633654,0.0,0.0,0.0,-0.0
2025-10-28 20:00:00+00:00,20260126_001632_dd9b60c3_StateSignal_XLE,0.0,0.0,1.2168556094633654,1.2168556094633654,0.0,0.0,0.0,-0.0
2025-10-29 20:00:00+00:00,20260126_001632_dd9b60c3_StateSignal_XLE,0.0,0.0,1.2168556094633654,1.2168556094633654,0.0,0.0,0.0,0.0
2025-10-30 20:00:00+00:00,20260126_001632_dd9b60c3_StateSignal_XLE,0.0,0.0,1.2168556094633654,1.2168556094633654,0.0,0.0,0.0,-0.0
2025-10-31 20:00:00+00:00,20260126_001632_dd9b60c3_StateSignal_XLE,0.0,0.0,1.2168556094633654,1.2168556094633654,0.0,0.0,0.0,0.0
2025-11-03 21:00:00+00:00,20260126_001632_dd9b60c3_StateSignal_XLE,0.0,0.0,1.2168556094633654,1.2168556094633654,0.0,0.0,0.0,0.0
2025-11-04 21:00:00+00:00,20260126_001632_dd9b60c3_StateSignal_XLE,0.0,0.0,1.2168556094633654,1.2168556094633654,0.0,0.0,0.0,0.0
2025-11-05 21:00:00+00:00,20260126_001632_dd9b60c3_StateSignal_XLE,0.0,0.0,1.2168556094633654,1.2168556094633654,0.0,0.0,0.0,-0.0
2025-11-06 21:00:00+00:00,20260126_001632_dd9b60c3_StateSignal_XLE,0.0,0.0,1.2168556094633654,1.2168556094633654,0.0,0.0,0.0,-0.0
2025-11-07 21:00:00+00:00,20260126_001632_dd9b60c3_StateSignal_XLE,0.0,0.0,1.2168556094633654,1.2168556094633654,0.0,0.0,0.0,0.0
2025-11-10 21:00:00+00:00,20260126_001632_dd9b60c3_StateSignal_XLE,0.0,0.0,1.2168556094633654,1.2168556094633654,0.0,0.0,0.0,0.0
2025-11-11 21:00:00+00:00,20260126_001632_dd9b60c3_StateSignal_XLE,0.0,0.0,1.2168556094633654,1.2168556094633654,0.0,0.0,0.0,0.0
2025-11-12 21:00:00+00:00,20260126_001632_dd9b60c3_StateSignal_XLE,0.0,0.0,1.2168556094633654,1.2168556094633654,0.0,0.0,0.0,-0.0
2025-11-13 21:00:00+00:00,20260126_001632_dd9b60c3_StateSignal_XLE,0.0,0.0,1.2168556094633654,1.2168556094633654,0.0,0.0,0.0,-0.0
2025-11-14 21:00:00+00:00,20260126_001632_dd9b60c3_StateSignal_XLE,0.0,0.0,1.2168556094633654,1.2168556094633654,0.0,0.0,0.0,0.0
2025-11-17 21:00:00+00:00,20260126_001632_dd9b60c3_StateSignal_XLE,0.0,0.0,1.2168556094633654,1.2168556094633654,0.0,0.0,0.0,-0.0
2025-11-18 21:00:00+00:00,20260126_001632_dd9b60c3_StateSignal_XLE,0.0,0.0,1.2168556094633654,1.2168556094633654,0.0,0.0,0.0,0.0
2025-11-19 21:00:00+00:00,20260126_001632_dd9b60c3_StateSignal_XLE,0.0,0.0,1.2168556094633654,1.2168556094633654,0.0,0.0,0.0,0.0
2025-11-20 21:00:00+00:00,20260126_001632_dd9b60c3_StateSignal_XLE,0.0,0.0,1.2168556094633654,1.2168556094633654,0.0,0.0,0.0,-0.0
2025-11-21 21:00:00+00:00,20260126_001632_dd9b60c3_StateSignal_XLE,0.0,0.0,1.2168556094633654,1.2168556094633654,0.0,0.0,0.0,0.0
2025-11-24 21:00:00+00:00,20260126_001632_dd9b60c3_StateSignal_XLE,0.0,0.0,1.2168556094633654,1.2168556094633654,0.0,0.0,0.0,0.0
2025-11-25 21:00:00+00:00,20260126_001632_dd9b60c3_StateSignal_XLE,0.0,0.0,1.2168556094633654,1.2168556094633654,0.0,0.0,0.0,-0.0
2025-11-26 21:00:00+00:00,20260126_001632_dd9b60c3_StateSignal_XLE,0.0,0.0,1.2168556094633654,1.2168556094633654,0.0,0.0,0.0,0.0
2025-11-28 21:00:00+00:00,20260126_001632_dd9b60c3_StateSignal_XLE,0.0,0.0,1.2168556094633654,1.2168556094633654,0.0,0.0,0.0,0.0
2025-12-01 21:00:00+00:00,20260126_001632_dd9b60c3_StateSignal_XLE,0.0,0.0,1.2168556094633654,1.2168556094633654,0.0,0.0,0.0,-0.0
2025-12-02 21:00:00+00:00,20260126_001632_dd9b60c3_StateSignal_XLE,0.0,0.0,1.2168556094633654,1.2168556094633654,0.0,0.0,0.0,0.0
2025-12-03 21:00:00+00:00,20260126_001632_dd9b60c3_StateSignal_XLE,0.0,0.0,1.2168556094633654,1.2168556094633654,0.0,0.0,0.0,0.0
2025-12-04 21:00:00+00:00,20260126_001632_dd9b60c3_StateSignal_XLE,0.0,0.0,1.2168556094633654,1.2168556094633654,0.0,0.0,0.0,0.0
2025-12-05 21:00:00+00:00,20260126_001632_dd9b60c3_StateSignal_XLE,0.0,0.0,1.2168556094633654,1.2168556094633654,0.0,0.0,0.0,-0.0
2025-12-08 21:00:00+00:00,20260126_001632_dd9b60c3_StateSignal_XLE,0.0,0.0,1.2168556094633654,1.2168556094633654,0.0,0.0,0.0,-0.0
2025-12-09 21:00:00+00:00,20260126_001632_dd9b60c3_StateSignal_XLE,0.0,0.0,1.2168556094633654,1.2168556094633654,0.0,0.0,0.0,-0.0
2025-12-10 21:00:00+00:00,20260126_001632_dd9b60c3_StateSignal_XLE,0.0,0.0,1.2168556094633654,1.2168556094633654,0.0,0.0,0.0,0.0
2025-12-11 21:00:00+00:00,20260126_001632_dd9b60c3_StateSignal_XLE,0.0,0.0,1.2168556094633654,1.2168556094633654,0.0,0.0,0.0,-0.0
2025-12-12 21:00:00+00:00,20260126_001632_dd9b60c3_StateSignal_XLE,0.0,0.0,1.2168556094633654,1.2168556094633654,0.0,0.0,0.0,-0.0
2025-12-15 21:00:00+00:00,20260126_001632_dd9b60c3_StateSignal_XLE,0.0,0.0,1.2168556094633654,1.2168556094633654,0.0,0.0,0.0,0.0
2025-12-16 21:00:00+00:00,20260126_001632_dd9b60c3_StateSignal_XLE,0.0,0.0,1.2168556094633654,1.2168556094633654,0.0,0.0,0.0,-0.0
2025-12-17 21:00:00+00:00,20260126_001632_dd9b60c3_StateSignal_XLE,0.0,0.0,1.2168556094633654,1.2168556094633654,0.0,0.0,0.0,0.0
2025-12-18 21:00:00+00:00,20260126_001632_dd9b60c3_StateSignal_XLE,0.0,0.0,1.2168556094633654,1.2168556094633654,0.0,0.0,0.0,-0.0
2025-12-19 21:00:00+00:00,20260126_001632_dd9b60c3_StateSignal_XLE,0.0,0.0,1.2168556094633654,1.2168556094633654,0.0,0.0,0.0,-0.0
2025-12-22 21:00:00+00:00,20260126_001632_dd9b60c3_StateSignal_XLE,0.0,0.0,1.2168556094633654,1.2168556094633654,0.0,0.0,0.0,-0.0
2025-12-23 21:00:00+00:00,20260126_001632_dd9b60c3_StateSignal_XLE,0.0,0.0,1.2168556094633654,1.2168556094633654,0.0,0.0,0.0,0.0
2025-12-24 21:00:00+00:00,20260126_001632_dd9b60c3_StateSignal_XLE,0.0,0.0,1.2168556094633654,1.2168556094633654,0.0,0.0,0.0,-0.0
2025-12-26 21:00:00+00:00,20260126_001632_dd9b60c3_StateSignal_XLE,0.0,0.0,1.2168556094633654,1.2168556094633654,0.0,0.0,0.0,-0.0
2025-12-29 21:00:00+00:00,20260126_001632_dd9b60c3_StateSignal_XLE,0.0,0.0,1.2168556094633654,1.2168556094633654,0.0,0.0,0.0,0.0
2025-12-30 21:00:00+00:00,20260126_001632_dd9b60c3_StateSignal_XLE,0.0,0.0,1.2168556094633654,1.2168556094633654,0.0,0.0,0.0,0.0
2025-12-31 21:00:00+00:00,20260126_001632_dd9b60c3_StateSignal_XLE,0.0,0.0,1.2168556094633654,1.2168556094633654,0.0,0.0,0.0,-0.0
2026-01-02 21:00:00+00:00,20260126_001632_dd9b60c3_StateSignal_XLE,0.0,0.0,1.2168556094633654,1.2168556094633654,0.0,0.0,0.0,0.0
2026-01-05 21:00:00+00:00,20260126_001632_dd9b60c3_StateSignal_XLE,0.0,0.0,1.2168556094633654,1.2168556094633654,0.0,0.0,0.0,0.0
2026-01-06 21:00:00+00:00,20260126_001632_dd9b60c3_StateSignal_XLE,0.0,0.0,1.2168556094633654,1.2168556094633654,0.0,0.0,0.0,-0.0
2026-01-07 21:00:00+00:00,20260126_001632_dd9b60c3_StateSignal_XLE,0.0,0.0,1.2168556094633654,1.2168556094633654,0.0,0.0,0.0,-0.0
2026-01-08 21:00:00+00:00,20260126_001632_dd9b60c3_StateSignal_XLE,0.0,0.0,1.2168556094633654,1.2168556094633654,0.0,0.0,0.0,0.0
2026-01-09 21:00:00+00:00,20260126_001632_dd9b60c3_StateSignal_XLE,0.0,0.0,1.2168556094633654,1.2168556094633654,0.0,0.0,0.0,0.0
2026-01-12 21:00:00+00:00,20260126_001632_dd9b60c3_StateSignal_XLE,0.0,0.0,1.2168556094633654,1.2168556094633654,0.0,0.0,0.0,-0.0
2026-01-13 21:00:00+00:00,20260126_001632_dd9b60c3_StateSignal_XLE,0.0,0.0,1.2168556094633654,1.2168556094633654,0.0,0.0,0.0,0.0
2026-01-14 21:00:00+00:00,20260126_001632_dd9b60c3_StateSignal_XLE,0.0,0.0,1.2168556094633654,1.2168556094633654,0.0,0.0,0.0,0.0
2026-01-15 21:00:00+00:00,20260126_001632_dd9b60c3_StateSignal_XLE,0.0,0.0,1.2168556094633654,1.2168556094633654,0.0,0.0,0.0,-0.0
2026-01-16 21:00:00+00:00,20260126_001632_dd9b60c3_StateSignal_XLE,0.0,0.0,1.2168556094633654,1.2168556094633654,0.0,0.0,0.0,0.0
