timestamp,run_id,port_ret_gross,port_ret_net,equity_gross,equity_net,turnover,cost,weight_XLE,asset_ret_gross_XLE
2021-01-05 00:00:00+00:00,20260201_193427_57760e3f_StateSignal_XLE,0.0,0.0,1.0,1.0,0.0,0.0,0.0,-0.0
2021-01-06 00:00:00+00:00,20260201_193427_57760e3f_StateSignal_XLE,0.0,0.0,1.0,1.0,0.0,0.0,0.0,0.0
2021-01-07 00:00:00+00:00,20260201_193427_57760e3f_StateSignal_XLE,0.0,0.0,1.0,1.0,0.0,0.0,0.0,0.0
2021-01-08 00:00:00+00:00,20260201_193427_57760e3f_StateSignal_XLE,0.0,0.0,1.0,1.0,0.0,0.0,0.0,0.0
2021-01-11 00:00:00+00:00,20260201_193427_57760e3f_StateSignal_XLE,0.0,0.0,1.0,1.0,0.0,0.0,0.0,0.0
2021-01-12 00:00:00+00:00,20260201_193427_57760e3f_StateSignal_XLE,0.0,0.0,1.0,1.0,0.0,0.0,0.0,0.0
2021-01-13 00:00:00+00:00,20260201_193427_57760e3f_StateSignal_XLE,0.0,0.0,1.0,1.0,0.0,0.0,0.0,0.0
2021-01-14 00:00:00+00:00,20260201_193427_57760e3f_StateSignal_XLE,0.0,0.0,1.0,1.0,0.0,0.0,0.0,-0.0
2021-01-15 00:00:00+00:00,20260201_193427_57760e3f_StateSignal_XLE,0.0,0.0,1.0,1.0,0.0,0.0,0.0,0.0
2021-01-19 00:00:00+00:00,20260201_193427_57760e3f_StateSignal_XLE,0.0,0.0,1.0,1.0,0.0,0.0,0.0,-0.0
2021-01-20 00:00:00+00:00,20260201_193427_57760e3f_StateSignal_XLE,0.0,0.0,1.0,1.0,0.0,0.0,0.0,0.0
2021-01-21 00:00:00+00:00,20260201_193427_57760e3f_StateSignal_XLE,0.0,0.0,1.0,1.0,0.0,0.0,0.0,-0.0
2021-01-22 00:00:00+00:00,20260201_193427_57760e3f_StateSignal_XLE,0.0,0.0,1.0,1.0,0.0,0.0,0.0,-0.0
2021-01-25 00:00:00+00:00,20260201_193427_57760e3f_StateSignal_XLE,0.0,0.0,1.0,1.0,0.0,0.0,0.0,-0.0
2021-01-26 00:00:00+00:00,20260201_193427_57760e3f_StateSignal_XLE,0.0,0.0,1.0,1.0,0.0,0.0,0.0,-0.0
2021-01-27 00:00:00+00:00,20260201_193427_57760e3f_StateSignal_XLE,0.0,0.0,1.0,1.0,0.0,0.0,0.0,-0.0
2021-01-28 00:00:00+00:00,20260201_193427_57760e3f_StateSignal_XLE,0.0,0.0,1.0,1.0,0.0,0.0,0.0,-0.0
2021-01-29 00:00:00+00:00,20260201_193427_57760e3f_StateSignal_XLE,0.0,0.0,1.0,1.0,0.0,0.0,0.0,-0.0
2021-02-01 00:00:00+00:00,20260201_193427_57760e3f_StateSignal_XLE,0.0,0.0,1.0,1.0,0.0,0.0,0.0,-0.0
2021-02-02 00:00:00+00:00,20260201_193427_57760e3f_StateSignal_XLE,0.0,0.0,1.0,1.0,0.0,0.0,0.0,-0.0
2021-02-03 00:00:00+00:00,20260201_193427_57760e3f_StateSignal_XLE,0.0,0.0,1.0,1.0,0.0,0.0,0.0,0.0
2021-02-04 00:00:00+00:00,20260201_193427_57760e3f_StateSignal_XLE,0.0,0.0,1.0,1.0,0.0,0.0,0.0,0.0
2021-02-05 00:00:00+00:00,20260201_193427_57760e3f_StateSignal_XLE,0.0,0.0,1.0,1.0,0.0,0.0,0.0,0.0
2021-02-08 00:00:00+00:00,20260201_193427_57760e3f_StateSignal_XLE,0.0,0.0,1.0,1.0,0.0,0.0,0.0,0.0
2021-02-09 00:00:00+00:00,20260201_193427_57760e3f_StateSignal_XLE,0.0,0.0,1.0,1.0,0.0,0.0,0.0,0.0
2021-02-10 00:00:00+00:00,20260201_193427_57760e3f_StateSignal_XLE,0.0,0.0,1.0,1.0,0.0,0.0,0.0,-0.0
2021-02-11 00:00:00+00:00,20260201_193427_57760e3f_StateSignal_XLE,0.0,0.0,1.0,1.0,0.0,0.0,0.0,0.0
2021-02-12 00:00:00+00:00,20260201_193427_57760e3f_StateSignal_XLE,0.0,0.0,1.0,1.0,0.0,0.0,0.0,-0.0
2021-02-16 00:00:00+00:00,20260201_193427_57760e3f_StateSignal_XLE,0.0,0.0,1.0,1.0,0.0,0.0,0.0,0.0
2021-02-17 00:00:00+00:00,20260201_193427_57760e3f_StateSignal_XLE,0.0,0.0,1.0,1.0,0.0,0.0,0.0,0.0
2021-02-18 00:00:00+00:00,20260201_193427_57760e3f_StateSignal_XLE,0.0,0.0,1.0,1.0,0.0,0.0,0.0,0.0
2021-02-19 00:00:00+00:00,20260201_193427_57760e3f_StateSignal_XLE,0.0,0.0,1.0,1.0,0.0,0.0,0.0,0.0
2021-02-22 00:00:00+00:00,20260201_193427_57760e3f_StateSignal_XLE,0.0,0.0,1.0,1.0,0.0,0.0,0.0,0.0
2021-02-23 00:00:00+00:00,20260201_193427_57760e3f_StateSignal_XLE,0.0,0.0,1.0,1.0,0.0,0.0,0.0,0.0
2021-02-24 00:00:00+00:00,20260201_193427_57760e3f_StateSignal_XLE,0.0,0.0,1.0,1.0,0.0,0.0,0.0,-0.0
2021-02-25 00:00:00+00:00,20260201_193427_57760e3f_StateSignal_XLE,0.0,0.0,1.0,1.0,0.0,0.0,0.0,0.0
2021-02-26 00:00:00+00:00,20260201_193427_57760e3f_StateSignal_XLE,0.0,0.0,1.0,1.0,0.0,0.0,0.0,-0.0
2021-03-01 00:00:00+00:00,20260201_193427_57760e3f_StateSignal_XLE,0.0,0.0,1.0,1.0,0.0,0.0,0.0,-0.0
2021-03-02 00:00:00+00:00,20260201_193427_57760e3f_StateSignal_XLE,0.0,0.0,1.0,1.0,0.0,0.0,0.0,0.0
2021-03-03 00:00:00+00:00,20260201_193427_57760e3f_StateSignal_XLE,0.0,0.0,1.0,1.0,0.0,0.0,0.0,-0.0
2021-03-04 00:00:00+00:00,20260201_193427_57760e3f_StateSignal_XLE,0.0,0.0,1.0,1.0,0.0,0.0,0.0,0.0
2021-03-05 00:00:00+00:00,20260201_193427_57760e3f_StateSignal_XLE,0.0,0.0,1.0,1.0,0.0,0.0,0.0,0.0
2021-03-08 00:00:00+00:00,20260201_193427_57760e3f_StateSignal_XLE,0.0,0.0,1.0,1.0,0.0,0.0,0.0,0.0
2021-03-09 00:00:00+00:00,20260201_193427_57760e3f_StateSignal_XLE,0.0,0.0,1.0,1.0,0.0,0.0,0.0,0.0
2021-03-10 00:00:00+00:00,20260201_193427_57760e3f_StateSignal_XLE,0.0,0.0,1.0,1.0,0.0,0.0,0.0,0.0
2021-03-11 00:00:00+00:00,20260201_193427_57760e3f_StateSignal_XLE,0.0,0.0,1.0,1.0,0.0,0.0,0.0,-0.0
2021-03-12 00:00:00+00:00,20260201_193427_57760e3f_StateSignal_XLE,0.0,0.0,1.0,1.0,0.0,0.0,0.0,0.0
2021-03-15 00:00:00+00:00,20260201_193427_57760e3f_StateSignal_XLE,0.0,0.0,1.0,1.0,0.0,0.0,0.0,-0.0
2021-03-16 00:00:00+00:00,20260201_193427_57760e3f_StateSignal_XLE,0.0,0.0,1.0,1.0,0.0,0.0,0.0,-0.0
2021-03-17 00:00:00+00:00,20260201_193427_57760e3f_StateSignal_XLE,0.0,0.0,1.0,1.0,0.0,0.0,0.0,-0.0
2021-03-18 00:00:00+00:00,20260201_193427_57760e3f_StateSignal_XLE,0.0,0.0,1.0,1.0,0.0,0.0,0.0,-0.0
2021-03-19 00:00:00+00:00,20260201_193427_57760e3f_StateSignal_XLE,0.0,0.0,1.0,1.0,0.0,0.0,0.0,-0.0
2021-03-22 00:00:00+00:00,20260201_193427_57760e3f_StateSignal_XLE,0.0,0.0,1.0,1.0,0.0,0.0,0.0,-0.0
2021-03-23 00:00:00+00:00,20260201_193427_57760e3f_StateSignal_XLE,0.0,0.0,1.0,1.0,0.0,0.0,0.0,-0.0
2021-03-24 00:00:00+00:00,20260201_193427_57760e3f_StateSignal_XLE,0.0,0.0,1.0,1.0,0.0,0.0,0.0,-0.0
2021-03-25 00:00:00+00:00,20260201_193427_57760e3f_StateSignal_XLE,0.0,0.0,1.0,1.0,0.0,0.0,0.0,0.0
2021-03-26 00:00:00+00:00,20260201_193427_57760e3f_StateSignal_XLE,0.0,0.0,1.0,1.0,0.0,0.0,0.0,-0.0
2021-03-29 00:00:00+00:00,20260201_193427_57760e3f_StateSignal_XLE,0.0,0.0,1.0,1.0,0.0,0.0,0.0,0.0
2021-03-30 00:00:00+00:00,20260201_193427_57760e3f_StateSignal_XLE,0.0,0.0,1.0,1.0,0.0,0.0,0.0,0.0
2021-03-31 00:00:00+00:00,20260201_193427_57760e3f_StateSignal_XLE,0.0,0.0,1.0,1.0,0.0,0.0,0.0,-0.0
2021-04-01 00:00:00+00:00,20260201_193427_57760e3f_StateSignal_XLE,0.0,0.0,1.0,1.0,0.0,0.0,0.0,-0.0
2021-04-05 00:00:00+00:00,20260201_193427_57760e3f_StateSignal_XLE,0.0,0.0,1.0,1.0,0.0,0.0,0.0,0.0
2021-04-06 00:00:00+00:00,20260201_193427_57760e3f_StateSignal_XLE,0.0,0.0,1.0,1.0,0.0,0.0,0.0,0.0
2021-04-07 00:00:00+00:00,20260201_193427_57760e3f_StateSignal_XLE,0.0,0.0,1.0,1.0,0.0,0.0,0.0,-0.0
2021-04-08 00:00:00+00:00,20260201_193427_57760e3f_StateSignal_XLE,0.0,0.0,1.0,1.0,0.0,0.0,0.0,-0.0
2021-04-09 00:00:00+00:00,20260201_193427_57760e3f_StateSignal_XLE,0.0,0.0,1.0,1.0,0.0,0.0,0.0,-0.0
2021-04-12 00:00:00+00:00,20260201_193427_57760e3f_StateSignal_XLE,0.0,0.0,1.0,1.0,0.0,0.0,0.0,-0.0
2021-04-13 00:00:00+00:00,20260201_193427_57760e3f_StateSignal_XLE,0.0,0.0,1.0,1.0,0.0,0.0,0.0,-0.0
2021-04-14 00:00:00+00:00,20260201_193427_57760e3f_StateSignal_XLE,0.0,0.0,1.0,1.0,0.0,0.0,0.0,-0.0
2021-04-15 00:00:00+00:00,20260201_193427_57760e3f_StateSignal_XLE,0.0,0.0,1.0,1.0,0.0,0.0,0.0,0.0
2021-04-16 00:00:00+00:00,20260201_193427_57760e3f_StateSignal_XLE,0.0,0.0,1.0,1.0,0.0,0.0,0.0,-0.0
2021-04-19 00:00:00+00:00,20260201_193427_57760e3f_StateSignal_XLE,0.0,0.0,1.0,1.0,0.0,0.0,0.0,-0.0
2021-04-20 00:00:00+00:00,20260201_193427_57760e3f_StateSignal_XLE,0.0,0.0,1.0,1.0,0.0,0.0,0.0,-0.0
2021-04-21 00:00:00+00:00,20260201_193427_57760e3f_StateSignal_XLE,0.0,0.0,1.0,1.0,0.0,0.0,0.0,-0.0
2021-04-22 00:00:00+00:00,20260201_193427_57760e3f_StateSignal_XLE,0.0,0.0,1.0,1.0,0.0,0.0,0.0,0.0
2021-04-23 00:00:00+00:00,20260201_193427_57760e3f_StateSignal_XLE,0.0,0.0,1.0,1.0,0.0,0.0,0.0,-0.0
2021-04-26 00:00:00+00:00,20260201_193427_57760e3f_StateSignal_XLE,0.0,0.0,1.0,1.0,0.0,0.0,0.0,-0.0
2021-04-27 00:00:00+00:00,20260201_193427_57760e3f_StateSignal_XLE,0.0,0.0,1.0,1.0,0.0,0.0,0.0,0.0
2021-04-28 00:00:00+00:00,20260201_193427_57760e3f_StateSignal_XLE,0.0,0.0,1.0,1.0,0.0,0.0,0.0,0.0
2021-04-29 00:00:00+00:00,20260201_193427_57760e3f_StateSignal_XLE,0.0,0.0,1.0,1.0,0.0,0.0,0.0,0.0
2021-04-30 00:00:00+00:00,20260201_193427_57760e3f_StateSignal_XLE,0.0,0.0,1.0,1.0,0.0,0.0,0.0,0.0
2021-05-03 00:00:00+00:00,20260201_193427_57760e3f_StateSignal_XLE,0.0,0.0,1.0,1.0,0.0,0.0,0.0,-0.0
2021-05-04 00:00:00+00:00,20260201_193427_57760e3f_StateSignal_XLE,0.0,0.0,1.0,1.0,0.0,0.0,0.0,0.0
2021-05-05 00:00:00+00:00,20260201_193427_57760e3f_StateSignal_XLE,0.0,0.0,1.0,1.0,0.0,0.0,0.0,0.0
2021-05-06 00:00:00+00:00,20260201_193427_57760e3f_StateSignal_XLE,0.0,0.0,1.0,1.0,0.0,0.0,0.0,0.0
2021-05-07 00:00:00+00:00,20260201_193427_57760e3f_StateSignal_XLE,0.0,0.0,1.0,1.0,0.0,0.0,0.0,-0.0
2021-05-10 00:00:00+00:00,20260201_193427_57760e3f_StateSignal_XLE,0.0,0.0,1.0,1.0,0.0,0.0,0.0,0.0
2021-05-11 00:00:00+00:00,20260201_193427_57760e3f_StateSignal_XLE,0.0,0.0,1.0,1.0,0.0,0.0,0.0,0.0
2021-05-12 00:00:00+00:00,20260201_193427_57760e3f_StateSignal_XLE,0.0,0.0,1.0,1.0,0.0,0.0,0.0,-0.0
2021-05-13 00:00:00+00:00,20260201_193427_57760e3f_StateSignal_XLE,0.0,0.0,1.0,1.0,0.0,0.0,0.0,0.0
2021-05-14 00:00:00+00:00,20260201_193427_57760e3f_StateSignal_XLE,0.0,0.0,1.0,1.0,0.0,0.0,0.0,-0.0
2021-05-17 00:00:00+00:00,20260201_193427_57760e3f_StateSignal_XLE,0.0,0.0,1.0,1.0,0.0,0.0,0.0,0.0
2021-05-18 00:00:00+00:00,20260201_193427_57760e3f_StateSignal_XLE,0.0,0.0,1.0,1.0,0.0,0.0,0.0,0.0
2021-05-19 00:00:00+00:00,20260201_193427_57760e3f_StateSignal_XLE,0.0,0.0,1.0,1.0,0.0,0.0,0.0,0.0
2021-05-20 00:00:00+00:00,20260201_193427_57760e3f_StateSignal_XLE,0.0,0.0,1.0,1.0,0.0,0.0,0.0,-0.0
2021-05-21 00:00:00+00:00,20260201_193427_57760e3f_StateSignal_XLE,0.0,0.0,1.0,1.0,0.0,0.0,0.0,-0.0
2021-05-24 00:00:00+00:00,20260201_193427_57760e3f_StateSignal_XLE,0.0,0.0,1.0,1.0,0.0,0.0,0.0,0.0
2021-05-25 00:00:00+00:00,20260201_193427_57760e3f_StateSignal_XLE,0.0,0.0,1.0,1.0,0.0,0.0,0.0,-0.0
2021-05-26 00:00:00+00:00,20260201_193427_57760e3f_StateSignal_XLE,0.0,0.0,1.0,1.0,0.0,0.0,0.0,-0.0
2021-05-27 00:00:00+00:00,20260201_193427_57760e3f_StateSignal_XLE,0.0,0.0,1.0,1.0,0.0,0.0,0.0,0.0
2021-05-28 00:00:00+00:00,20260201_193427_57760e3f_StateSignal_XLE,0.0,0.0,1.0,1.0,0.0,0.0,0.0,0.0
2021-06-01 00:00:00+00:00,20260201_193427_57760e3f_StateSignal_XLE,0.0,0.0,1.0,1.0,0.0,0.0,0.0,-0.0
2021-06-02 00:00:00+00:00,20260201_193427_57760e3f_StateSignal_XLE,0.0,0.0,1.0,1.0,0.0,0.0,0.0,0.0
2021-06-03 00:00:00+00:00,20260201_193427_57760e3f_StateSignal_XLE,0.0,0.0,1.0,1.0,0.0,0.0,0.0,0.0
2021-06-04 00:00:00+00:00,20260201_193427_57760e3f_StateSignal_XLE,0.0,0.0,1.0,1.0,0.0,0.0,0.0,0.0
2021-06-07 00:00:00+00:00,20260201_193427_57760e3f_StateSignal_XLE,0.0,0.0,1.0,1.0,0.0,0.0,0.0,-0.0
2021-06-08 00:00:00+00:00,20260201_193427_57760e3f_StateSignal_XLE,0.0,0.0,1.0,1.0,0.0,0.0,0.0,0.0
2021-06-09 00:00:00+00:00,20260201_193427_57760e3f_StateSignal_XLE,0.0,0.0,1.0,1.0,0.0,0.0,0.0,0.0
2021-06-10 00:00:00+00:00,20260201_193427_57760e3f_StateSignal_XLE,0.0,0.0,1.0,1.0,0.0,0.0,0.0,0.0
2021-06-11 00:00:00+00:00,20260201_193427_57760e3f_StateSignal_XLE,0.0,0.0,1.0,1.0,0.0,0.0,0.0,-0.0
2021-06-14 00:00:00+00:00,20260201_193427_57760e3f_StateSignal_XLE,0.0,0.0,1.0,1.0,0.0,0.0,0.0,-0.0
2021-06-15 00:00:00+00:00,20260201_193427_57760e3f_StateSignal_XLE,0.0,0.0,1.0,1.0,0.0,0.0,0.0,-0.0
2021-06-16 00:00:00+00:00,20260201_193427_57760e3f_StateSignal_XLE,0.0,0.0,1.0,1.0,0.0,0.0,0.0,0.0
2021-06-17 00:00:00+00:00,20260201_193427_57760e3f_StateSignal_XLE,0.0,0.0,1.0,1.0,0.0,0.0,0.0,0.0
2021-06-18 00:00:00+00:00,20260201_193427_57760e3f_StateSignal_XLE,0.0,0.0,1.0,1.0,0.0,0.0,0.0,-0.0
2021-06-21 00:00:00+00:00,20260201_193427_57760e3f_StateSignal_XLE,0.0,0.0,1.0,1.0,0.0,0.0,0.0,-0.0
2021-06-22 00:00:00+00:00,20260201_193427_57760e3f_StateSignal_XLE,0.0,0.0,1.0,1.0,0.0,0.0,0.0,0.0
2021-06-23 00:00:00+00:00,20260201_193427_57760e3f_StateSignal_XLE,0.0,0.0,1.0,1.0,0.0,0.0,0.0,0.0
2021-06-24 00:00:00+00:00,20260201_193427_57760e3f_StateSignal_XLE,0.0,0.0,1.0,1.0,0.0,0.0,0.0,0.0
2021-06-25 00:00:00+00:00,20260201_193427_57760e3f_StateSignal_XLE,0.0,0.0,1.0,1.0,0.0,0.0,0.0,-0.0
2021-06-28 00:00:00+00:00,20260201_193427_57760e3f_StateSignal_XLE,0.0,0.0,1.0,1.0,0.0,0.0,0.0,0.0
2021-06-29 00:00:00+00:00,20260201_193427_57760e3f_StateSignal_XLE,0.0,0.0,1.0,1.0,0.0,0.0,0.0,-0.0
2021-06-30 00:00:00+00:00,20260201_193427_57760e3f_StateSignal_XLE,0.0,0.0,1.0,1.0,0.0,0.0,0.0,0.0
2021-07-01 00:00:00+00:00,20260201_193427_57760e3f_StateSignal_XLE,0.0,0.0,1.0,1.0,0.0,0.0,0.0,0.0
2021-07-02 00:00:00+00:00,20260201_193427_57760e3f_StateSignal_XLE,0.0,0.0,1.0,1.0,0.0,0.0,0.0,0.0
2021-07-06 00:00:00+00:00,20260201_193427_57760e3f_StateSignal_XLE,0.0,0.0,1.0,1.0,0.0,0.0,0.0,-0.0
2021-07-07 00:00:00+00:00,20260201_193427_57760e3f_StateSignal_XLE,0.0,0.0,1.0,1.0,0.0,0.0,0.0,-0.0
2021-07-08 00:00:00+00:00,20260201_193427_57760e3f_StateSignal_XLE,0.0,0.0,1.0,1.0,0.0,0.0,0.0,-0.0
2021-07-09 00:00:00+00:00,20260201_193427_57760e3f_StateSignal_XLE,0.0,0.0,1.0,1.0,0.0,0.0,0.0,0.0
2021-07-12 00:00:00+00:00,20260201_193427_57760e3f_StateSignal_XLE,0.0,0.0,1.0,1.0,0.0,0.0,0.0,0.0
2021-07-13 00:00:00+00:00,20260201_193427_57760e3f_StateSignal_XLE,0.0,0.0,1.0,1.0,0.0,0.0,0.0,0.0
2021-07-14 00:00:00+00:00,20260201_193427_57760e3f_StateSignal_XLE,0.0,0.0,1.0,1.0,0.0,0.0,0.0,-0.0
2021-07-15 00:00:00+00:00,20260201_193427_57760e3f_StateSignal_XLE,0.0,0.0,1.0,1.0,0.0,0.0,0.0,-0.0
2021-07-16 00:00:00+00:00,20260201_193427_57760e3f_StateSignal_XLE,0.0,0.0,1.0,1.0,0.0,0.0,0.0,-0.0
2021-07-19 00:00:00+00:00,20260201_193427_57760e3f_StateSignal_XLE,0.0,0.0,1.0,1.0,0.0,0.0,0.0,-0.0
2021-07-20 00:00:00+00:00,20260201_193427_57760e3f_StateSignal_XLE,0.0,0.0,1.0,1.0,0.0,0.0,0.0,-0.0
2021-07-21 00:00:00+00:00,20260201_193427_57760e3f_StateSignal_XLE,0.0,0.0,1.0,1.0,0.0,0.0,0.0,0.0
2021-07-22 00:00:00+00:00,20260201_193427_57760e3f_StateSignal_XLE,0.0,0.0,1.0,1.0,0.0,0.0,0.0,0.0
2021-07-23 00:00:00+00:00,20260201_193427_57760e3f_StateSignal_XLE,0.0,0.0,1.0,1.0,0.0,0.0,0.0,-0.0
2021-07-26 00:00:00+00:00,20260201_193427_57760e3f_StateSignal_XLE,0.0,0.0,1.0,1.0,0.0,0.0,0.0,-0.0
2021-07-27 00:00:00+00:00,20260201_193427_57760e3f_StateSignal_XLE,0.0,0.0,1.0,1.0,0.0,0.0,0.0,0.0
2021-07-28 00:00:00+00:00,20260201_193427_57760e3f_StateSignal_XLE,0.0,0.0,1.0,1.0,0.0,0.0,0.0,-0.0
2021-07-29 00:00:00+00:00,20260201_193427_57760e3f_StateSignal_XLE,0.0,0.0,1.0,1.0,0.0,0.0,0.0,0.0
2021-07-30 00:00:00+00:00,20260201_193427_57760e3f_StateSignal_XLE,0.0,0.0,1.0,1.0,0.0,0.0,0.0,0.0
2021-08-02 00:00:00+00:00,20260201_193427_57760e3f_StateSignal_XLE,0.0,0.0,1.0,1.0,0.0,0.0,0.0,-0.0
2021-08-03 00:00:00+00:00,20260201_193427_57760e3f_StateSignal_XLE,0.0,0.0,1.0,1.0,0.0,0.0,0.0,-0.0
2021-08-04 00:00:00+00:00,20260201_193427_57760e3f_StateSignal_XLE,0.0,0.0,1.0,1.0,0.0,0.0,0.0,0.0
2021-08-05 00:00:00+00:00,20260201_193427_57760e3f_StateSignal_XLE,0.0,0.0,1.0,1.0,0.0,0.0,0.0,-0.0
2021-08-06 00:00:00+00:00,20260201_193427_57760e3f_StateSignal_XLE,0.0,0.0,1.0,1.0,0.0,0.0,0.0,0.0
2021-08-09 00:00:00+00:00,20260201_193427_57760e3f_StateSignal_XLE,0.0,0.0,1.0,1.0,0.0,0.0,0.0,0.0
2021-08-10 00:00:00+00:00,20260201_193427_57760e3f_StateSignal_XLE,0.0,0.0,1.0,1.0,0.0,0.0,0.0,-0.0
2021-08-11 00:00:00+00:00,20260201_193427_57760e3f_StateSignal_XLE,0.0,0.0,1.0,1.0,0.0,0.0,0.0,0.0
2021-08-12 00:00:00+00:00,20260201_193427_57760e3f_StateSignal_XLE,0.0,0.0,1.0,1.0,0.0,0.0,0.0,0.0
2021-08-13 00:00:00+00:00,20260201_193427_57760e3f_StateSignal_XLE,0.0,0.0,1.0,1.0,0.0,0.0,0.0,0.0
2021-08-16 00:00:00+00:00,20260201_193427_57760e3f_StateSignal_XLE,0.0,0.0,1.0,1.0,0.0,0.0,0.0,-0.0
2021-08-17 00:00:00+00:00,20260201_193427_57760e3f_StateSignal_XLE,0.0,0.0,1.0,1.0,0.0,0.0,0.0,-0.0
2021-08-18 00:00:00+00:00,20260201_193427_57760e3f_StateSignal_XLE,0.0,0.0,1.0,1.0,0.0,0.0,0.0,-0.0
2021-08-19 00:00:00+00:00,20260201_193427_57760e3f_StateSignal_XLE,0.0,0.0,1.0,1.0,0.0,0.0,0.0,0.0
2021-08-20 00:00:00+00:00,20260201_193427_57760e3f_StateSignal_XLE,0.0,0.0,1.0,1.0,0.0,0.0,0.0,-0.0
2021-08-23 00:00:00+00:00,20260201_193427_57760e3f_StateSignal_XLE,0.0,0.0,1.0,1.0,0.0,0.0,0.0,0.0
2021-08-24 00:00:00+00:00,20260201_193427_57760e3f_StateSignal_XLE,0.0,0.0,1.0,1.0,0.0,0.0,0.0,0.0
2021-08-25 00:00:00+00:00,20260201_193427_57760e3f_StateSignal_XLE,0.0,0.0,1.0,1.0,0.0,0.0,0.0,0.0
2021-08-26 00:00:00+00:00,20260201_193427_57760e3f_StateSignal_XLE,0.0,0.0,1.0,1.0,0.0,0.0,0.0,0.0
2021-08-27 00:00:00+00:00,20260201_193427_57760e3f_StateSignal_XLE,0.0,0.0,1.0,1.0,0.0,0.0,0.0,-0.0
2021-08-30 00:00:00+00:00,20260201_193427_57760e3f_StateSignal_XLE,0.0,0.0,1.0,1.0,0.0,0.0,0.0,0.0
2021-08-31 00:00:00+00:00,20260201_193427_57760e3f_StateSignal_XLE,0.0,0.0,1.0,1.0,0.0,0.0,0.0,-0.0
2021-09-01 00:00:00+00:00,20260201_193427_57760e3f_StateSignal_XLE,0.0,0.0,1.0,1.0,0.0,0.0,0.0,-0.0
2021-09-02 00:00:00+00:00,20260201_193427_57760e3f_StateSignal_XLE,0.0,0.0,1.0,1.0,0.0,0.0,0.0,-0.0
2021-09-03 00:00:00+00:00,20260201_193427_57760e3f_StateSignal_XLE,0.0,0.0,1.0,1.0,0.0,0.0,0.0,0.0
2021-09-07 00:00:00+00:00,20260201_193427_57760e3f_StateSignal_XLE,0.0,0.0,1.0,1.0,0.0,0.0,0.0,-0.0
2021-09-08 00:00:00+00:00,20260201_193427_57760e3f_StateSignal_XLE,0.0,0.0,1.0,1.0,0.0,0.0,0.0,-0.0
2021-09-09 00:00:00+00:00,20260201_193427_57760e3f_StateSignal_XLE,0.0,0.0,1.0,1.0,0.0,0.0,0.0,-0.0
2021-09-10 00:00:00+00:00,20260201_193427_57760e3f_StateSignal_XLE,0.0,0.0,1.0,1.0,0.0,0.0,0.0,0.0
2021-09-13 00:00:00+00:00,20260201_193427_57760e3f_StateSignal_XLE,0.0,0.0,1.0,1.0,0.0,0.0,0.0,-0.0
2021-09-14 00:00:00+00:00,20260201_193427_57760e3f_StateSignal_XLE,0.0,0.0,1.0,1.0,0.0,0.0,0.0,0.0
2021-09-15 00:00:00+00:00,20260201_193427_57760e3f_StateSignal_XLE,0.0,0.0,1.0,1.0,0.0,0.0,0.0,-0.0
2021-09-16 00:00:00+00:00,20260201_193427_57760e3f_StateSignal_XLE,0.0,0.0,1.0,1.0,0.0,0.0,0.0,0.0
2021-09-17 00:00:00+00:00,20260201_193427_57760e3f_StateSignal_XLE,0.0,0.0,1.0,1.0,0.0,0.0,0.0,-0.0
2021-09-20 00:00:00+00:00,20260201_193427_57760e3f_StateSignal_XLE,0.0,0.0,1.0,1.0,0.0,0.0,0.0,-0.0
2021-09-21 00:00:00+00:00,20260201_193427_57760e3f_StateSignal_XLE,0.0,0.0,1.0,1.0,0.0,0.0,0.0,-0.0
2021-09-22 00:00:00+00:00,20260201_193427_57760e3f_StateSignal_XLE,0.0,0.0,1.0,1.0,0.0,0.0,0.0,0.0
2021-09-23 00:00:00+00:00,20260201_193427_57760e3f_StateSignal_XLE,0.0,0.0,1.0,1.0,0.0,0.0,0.0,0.0
2021-09-24 00:00:00+00:00,20260201_193427_57760e3f_StateSignal_XLE,0.0,0.0,1.0,1.0,0.0,0.0,0.0,0.0
2021-09-27 00:00:00+00:00,20260201_193427_57760e3f_StateSignal_XLE,0.0,0.0,1.0,1.0,0.0,0.0,0.0,0.0
2021-09-28 00:00:00+00:00,20260201_193427_57760e3f_StateSignal_XLE,0.0,0.0,1.0,1.0,0.0,0.0,0.0,0.0
2021-09-29 00:00:00+00:00,20260201_193427_57760e3f_StateSignal_XLE,0.0,0.0,1.0,1.0,0.0,0.0,0.0,0.0
2021-09-30 00:00:00+00:00,20260201_193427_57760e3f_StateSignal_XLE,0.0,0.0,1.0,1.0,0.0,0.0,0.0,0.0
2021-10-01 00:00:00+00:00,20260201_193427_57760e3f_StateSignal_XLE,0.0,0.0,1.0,1.0,0.0,0.0,0.0,-0.0
2021-10-04 00:00:00+00:00,20260201_193427_57760e3f_StateSignal_XLE,0.0,0.0,1.0,1.0,0.0,0.0,0.0,0.0
2021-10-05 00:00:00+00:00,20260201_193427_57760e3f_StateSignal_XLE,0.0,0.0,1.0,1.0,0.0,0.0,0.0,0.0
2021-10-06 00:00:00+00:00,20260201_193427_57760e3f_StateSignal_XLE,0.0,0.0,1.0,1.0,0.0,0.0,0.0,0.0
2021-10-07 00:00:00+00:00,20260201_193427_57760e3f_StateSignal_XLE,0.0,0.0,1.0,1.0,0.0,0.0,0.0,-0.0
2021-10-08 00:00:00+00:00,20260201_193427_57760e3f_StateSignal_XLE,0.0,0.0,1.0,1.0,0.0,0.0,0.0,0.0
2021-10-11 00:00:00+00:00,20260201_193427_57760e3f_StateSignal_XLE,0.0,0.0,1.0,1.0,0.0,0.0,0.0,0.0
2021-10-12 00:00:00+00:00,20260201_193427_57760e3f_StateSignal_XLE,0.0,0.0,1.0,1.0,0.0,0.0,0.0,0.0
2021-10-13 00:00:00+00:00,20260201_193427_57760e3f_StateSignal_XLE,0.0,0.0,1.0,1.0,0.0,0.0,0.0,-0.0
2021-10-14 00:00:00+00:00,20260201_193427_57760e3f_StateSignal_XLE,0.0,0.0,1.0,1.0,0.0,0.0,0.0,-0.0
2021-10-15 00:00:00+00:00,20260201_193427_57760e3f_StateSignal_XLE,0.0,0.0,1.0,1.0,0.0,0.0,0.0,0.0
2021-10-18 00:00:00+00:00,20260201_193427_57760e3f_StateSignal_XLE,0.0,0.0,1.0,1.0,0.0,0.0,0.0,0.0
2021-10-19 00:00:00+00:00,20260201_193427_57760e3f_StateSignal_XLE,0.0,0.0,1.0,1.0,0.0,0.0,0.0,0.0
2021-10-20 00:00:00+00:00,20260201_193427_57760e3f_StateSignal_XLE,0.0,0.0,1.0,1.0,0.0,0.0,0.0,0.0
2021-10-21 00:00:00+00:00,20260201_193427_57760e3f_StateSignal_XLE,0.0,0.0,1.0,1.0,0.0,0.0,0.0,-0.0
2021-10-22 00:00:00+00:00,20260201_193427_57760e3f_StateSignal_XLE,0.0,0.0,1.0,1.0,0.0,0.0,0.0,-0.0
2021-10-25 00:00:00+00:00,20260201_193427_57760e3f_StateSignal_XLE,0.0,0.0,1.0,1.0,0.0,0.0,0.0,-0.0
2021-10-26 00:00:00+00:00,20260201_193427_57760e3f_StateSignal_XLE,0.0,0.0,1.0,1.0,0.0,0.0,0.0,0.0
2021-10-27 00:00:00+00:00,20260201_193427_57760e3f_StateSignal_XLE,0.0,0.0,1.0,1.0,0.0,0.0,0.0,0.0
2021-10-28 00:00:00+00:00,20260201_193427_57760e3f_StateSignal_XLE,0.0,0.0,1.0,1.0,0.0,0.0,0.0,-0.0
2021-10-29 00:00:00+00:00,20260201_193427_57760e3f_StateSignal_XLE,0.0,0.0,1.0,1.0,0.0,0.0,0.0,-0.0
2021-11-01 00:00:00+00:00,20260201_193427_57760e3f_StateSignal_XLE,0.0,0.0,1.0,1.0,0.0,0.0,0.0,0.0
2021-11-02 00:00:00+00:00,20260201_193427_57760e3f_StateSignal_XLE,0.0,0.0,1.0,1.0,0.0,0.0,0.0,0.0
2021-11-03 00:00:00+00:00,20260201_193427_57760e3f_StateSignal_XLE,0.0,0.0,1.0,1.0,0.0,0.0,0.0,-0.0
2021-11-04 00:00:00+00:00,20260201_193427_57760e3f_StateSignal_XLE,0.0,0.0,1.0,1.0,0.0,0.0,0.0,-0.0
2021-11-05 00:00:00+00:00,20260201_193427_57760e3f_StateSignal_XLE,0.0,0.0,1.0,1.0,0.0,0.0,0.0,-0.0
2021-11-08 00:00:00+00:00,20260201_193427_57760e3f_StateSignal_XLE,0.0,0.0,1.0,1.0,0.0,0.0,0.0,0.0
2021-11-09 00:00:00+00:00,20260201_193427_57760e3f_StateSignal_XLE,0.0,0.0,1.0,1.0,0.0,0.0,0.0,0.0
2021-11-10 00:00:00+00:00,20260201_193427_57760e3f_StateSignal_XLE,0.0,0.0,1.0,1.0,0.0,0.0,0.0,-0.0
2021-11-11 00:00:00+00:00,20260201_193427_57760e3f_StateSignal_XLE,0.0,0.0,1.0,1.0,0.0,0.0,0.0,0.0
2021-11-12 00:00:00+00:00,20260201_193427_57760e3f_StateSignal_XLE,0.0,0.0,1.0,1.0,0.0,0.0,0.0,-0.0
2021-11-15 00:00:00+00:00,20260201_193427_57760e3f_StateSignal_XLE,0.0,0.0,1.0,1.0,0.0,0.0,0.0,-0.0
2021-11-16 00:00:00+00:00,20260201_193427_57760e3f_StateSignal_XLE,0.0,0.0,1.0,1.0,0.0,0.0,0.0,0.0
2021-11-17 00:00:00+00:00,20260201_193427_57760e3f_StateSignal_XLE,0.0,0.0,1.0,1.0,0.0,0.0,0.0,0.0
2021-11-18 00:00:00+00:00,20260201_193427_57760e3f_StateSignal_XLE,0.0,0.0,1.0,1.0,0.0,0.0,0.0,-0.0
2021-11-19 00:00:00+00:00,20260201_193427_57760e3f_StateSignal_XLE,0.0,0.0,1.0,1.0,0.0,0.0,0.0,-0.0
2021-11-22 00:00:00+00:00,20260201_193427_57760e3f_StateSignal_XLE,0.0,0.0,1.0,1.0,0.0,0.0,0.0,-0.0
2021-11-23 00:00:00+00:00,20260201_193427_57760e3f_StateSignal_XLE,0.0,0.0,1.0,1.0,0.0,0.0,0.0,0.0
2021-11-24 00:00:00+00:00,20260201_193427_57760e3f_StateSignal_XLE,0.0,0.0,1.0,1.0,0.0,0.0,0.0,0.0
2021-11-26 00:00:00+00:00,20260201_193427_57760e3f_StateSignal_XLE,0.0,0.0,1.0,1.0,0.0,0.0,0.0,0.0
2021-11-29 00:00:00+00:00,20260201_193427_57760e3f_StateSignal_XLE,0.0,0.0,1.0,1.0,0.0,0.0,0.0,-0.0
2021-11-30 00:00:00+00:00,20260201_193427_57760e3f_StateSignal_XLE,0.0,0.0,1.0,1.0,0.0,0.0,0.0,0.0
2021-12-01 00:00:00+00:00,20260201_193427_57760e3f_StateSignal_XLE,0.0,0.0,1.0,1.0,0.0,0.0,0.0,-0.0
2021-12-02 00:00:00+00:00,20260201_193427_57760e3f_StateSignal_XLE,0.0,0.0,1.0,1.0,0.0,0.0,0.0,0.0
2021-12-03 00:00:00+00:00,20260201_193427_57760e3f_StateSignal_XLE,0.0,0.0,1.0,1.0,0.0,0.0,0.0,-0.0
2021-12-06 00:00:00+00:00,20260201_193427_57760e3f_StateSignal_XLE,0.0,0.0,1.0,1.0,0.0,0.0,0.0,-0.0
2021-12-07 00:00:00+00:00,20260201_193427_57760e3f_StateSignal_XLE,0.0,0.0,1.0,1.0,0.0,0.0,0.0,0.0
2021-12-08 00:00:00+00:00,20260201_193427_57760e3f_StateSignal_XLE,0.0,0.0,1.0,1.0,0.0,0.0,0.0,0.0
2021-12-09 00:00:00+00:00,20260201_193427_57760e3f_StateSignal_XLE,0.0,0.0,1.0,1.0,0.0,0.0,0.0,-0.0
2021-12-10 00:00:00+00:00,20260201_193427_57760e3f_StateSignal_XLE,0.0,0.0,1.0,1.0,0.0,0.0,0.0,-0.0
2021-12-13 00:00:00+00:00,20260201_193427_57760e3f_StateSignal_XLE,0.0,0.0,1.0,1.0,0.0,0.0,0.0,-0.0
2021-12-14 00:00:00+00:00,20260201_193427_57760e3f_StateSignal_XLE,0.0,0.0,1.0,1.0,0.0,0.0,0.0,-0.0
2021-12-15 00:00:00+00:00,20260201_193427_57760e3f_StateSignal_XLE,0.0,0.0,1.0,1.0,0.0,0.0,0.0,0.0
2021-12-16 00:00:00+00:00,20260201_193427_57760e3f_StateSignal_XLE,0.0,0.0,1.0,1.0,0.0,0.0,0.0,-0.0
2021-12-17 00:00:00+00:00,20260201_193427_57760e3f_StateSignal_XLE,0.0,0.0,1.0,1.0,0.0,0.0,0.0,0.0
2021-12-20 00:00:00+00:00,20260201_193427_57760e3f_StateSignal_XLE,0.0,0.0,1.0,1.0,0.0,0.0,0.0,-0.0
2021-12-21 00:00:00+00:00,20260201_193427_57760e3f_StateSignal_XLE,0.0,0.0,1.0,1.0,0.0,0.0,0.0,-0.0
2021-12-22 00:00:00+00:00,20260201_193427_57760e3f_StateSignal_XLE,0.0,0.0,1.0,1.0,0.0,0.0,0.0,0.0
2021-12-23 00:00:00+00:00,20260201_193427_57760e3f_StateSignal_XLE,0.0,0.0,1.0,1.0,0.0,0.0,0.0,0.0
2021-12-27 00:00:00+00:00,20260201_193427_57760e3f_StateSignal_XLE,0.0,0.0,1.0,1.0,0.0,0.0,0.0,0.0
2021-12-28 00:00:00+00:00,20260201_193427_57760e3f_StateSignal_XLE,0.0,0.0,1.0,1.0,0.0,0.0,0.0,0.0
2021-12-29 00:00:00+00:00,20260201_193427_57760e3f_StateSignal_XLE,0.0,0.0,1.0,1.0,0.0,0.0,0.0,0.0
2021-12-30 00:00:00+00:00,20260201_193427_57760e3f_StateSignal_XLE,0.0,0.0,1.0,1.0,0.0,0.0,0.0,-0.0
2021-12-31 00:00:00+00:00,20260201_193427_57760e3f_StateSignal_XLE,0.0,0.0,1.0,1.0,0.0,0.0,0.0,-0.0
2022-01-03 00:00:00+00:00,20260201_193427_57760e3f_StateSignal_XLE,0.0,0.0,1.0,1.0,0.0,0.0,0.0,-0.0
2022-01-04 00:00:00+00:00,20260201_193427_57760e3f_StateSignal_XLE,0.0,0.0,1.0,1.0,0.0,0.0,0.0,0.0
2022-01-05 00:00:00+00:00,20260201_193427_57760e3f_StateSignal_XLE,0.0,0.0,1.0,1.0,0.0,0.0,0.0,0.0
2022-01-06 00:00:00+00:00,20260201_193427_57760e3f_StateSignal_XLE,0.0,0.0,1.0,1.0,0.0,0.0,0.0,0.0
2022-01-07 00:00:00+00:00,20260201_193427_57760e3f_StateSignal_XLE,0.0,0.0,1.0,1.0,0.0,0.0,0.0,0.0
2022-01-10 00:00:00+00:00,20260201_193427_57760e3f_StateSignal_XLE,0.0,0.0,1.0,1.0,0.0,0.0,0.0,0.0
2022-01-11 00:00:00+00:00,20260201_193427_57760e3f_StateSignal_XLE,0.0,0.0,1.0,1.0,0.0,0.0,0.0,-0.0
2022-01-12 00:00:00+00:00,20260201_193427_57760e3f_StateSignal_XLE,0.0,0.0,1.0,1.0,0.0,0.0,0.0,0.0
2022-01-13 00:00:00+00:00,20260201_193427_57760e3f_StateSignal_XLE,0.0,0.0,1.0,1.0,0.0,0.0,0.0,0.0
2022-01-14 00:00:00+00:00,20260201_193427_57760e3f_StateSignal_XLE,0.0,0.0,1.0,1.0,0.0,0.0,0.0,0.0
2022-01-18 00:00:00+00:00,20260201_193427_57760e3f_StateSignal_XLE,0.0,0.0,1.0,1.0,0.0,0.0,0.0,0.0
2022-01-19 00:00:00+00:00,20260201_193427_57760e3f_StateSignal_XLE,0.0,0.0,1.0,1.0,0.0,0.0,0.0,0.0
2022-01-20 00:00:00+00:00,20260201_193427_57760e3f_StateSignal_XLE,0.0,0.0,1.0,1.0,0.0,0.0,0.0,0.0
2022-01-21 00:00:00+00:00,20260201_193427_57760e3f_StateSignal_XLE,0.0,0.0,1.0,1.0,0.0,0.0,0.0,0.0
2022-01-24 00:00:00+00:00,20260201_193427_57760e3f_StateSignal_XLE,0.0,0.0,1.0,1.0,0.0,0.0,0.0,-0.0
2022-01-25 00:00:00+00:00,20260201_193427_57760e3f_StateSignal_XLE,0.0,0.0,1.0,1.0,0.0,0.0,0.0,-0.0
2022-01-26 00:00:00+00:00,20260201_193427_57760e3f_StateSignal_XLE,0.0,0.0,1.0,1.0,0.0,0.0,0.0,0.0
2022-01-27 00:00:00+00:00,20260201_193427_57760e3f_StateSignal_XLE,0.0,0.0,1.0,1.0,0.0,0.0,0.0,0.0
2022-01-28 00:00:00+00:00,20260201_193427_57760e3f_StateSignal_XLE,0.0,0.0,1.0,1.0,0.0,0.0,0.0,0.0
2022-01-31 00:00:00+00:00,20260201_193427_57760e3f_StateSignal_XLE,0.0,0.0,1.0,1.0,0.0,0.0,0.0,-0.0
2022-02-01 00:00:00+00:00,20260201_193427_57760e3f_StateSignal_XLE,0.0,0.0,1.0,1.0,0.0,0.0,0.0,0.0
2022-02-02 00:00:00+00:00,20260201_193427_57760e3f_StateSignal_XLE,0.0,0.0,1.0,1.0,0.0,0.0,0.0,0.0
2022-02-03 00:00:00+00:00,20260201_193427_57760e3f_StateSignal_XLE,0.0,0.0,1.0,1.0,0.0,0.0,0.0,-0.0
2022-02-04 00:00:00+00:00,20260201_193427_57760e3f_StateSignal_XLE,0.0,0.0,1.0,1.0,0.0,0.0,0.0,-0.0
2022-02-07 00:00:00+00:00,20260201_193427_57760e3f_StateSignal_XLE,0.0,0.0,1.0,1.0,0.0,0.0,0.0,0.0
2022-02-08 00:00:00+00:00,20260201_193427_57760e3f_StateSignal_XLE,0.0,0.0,1.0,1.0,0.0,0.0,0.0,0.0
2022-02-09 00:00:00+00:00,20260201_193427_57760e3f_StateSignal_XLE,0.0,0.0,1.0,1.0,0.0,0.0,0.0,-0.0
2022-02-10 00:00:00+00:00,20260201_193427_57760e3f_StateSignal_XLE,0.0,0.0,1.0,1.0,0.0,0.0,0.0,0.0
2022-02-11 00:00:00+00:00,20260201_193427_57760e3f_StateSignal_XLE,0.0,0.0,1.0,1.0,0.0,0.0,0.0,0.0
2022-02-14 00:00:00+00:00,20260201_193427_57760e3f_StateSignal_XLE,0.0,0.0,1.0,1.0,0.0,0.0,0.0,0.0
2022-02-15 00:00:00+00:00,20260201_193427_57760e3f_StateSignal_XLE,0.0,0.0,1.0,1.0,0.0,0.0,0.0,-0.0
2022-02-16 00:00:00+00:00,20260201_193427_57760e3f_StateSignal_XLE,0.0,0.0,1.0,1.0,0.0,0.0,0.0,-0.0
2022-02-17 00:00:00+00:00,20260201_193427_57760e3f_StateSignal_XLE,0.0,0.0,1.0,1.0,0.0,0.0,0.0,0.0
2022-02-18 00:00:00+00:00,20260201_193427_57760e3f_StateSignal_XLE,0.0,0.0,1.0,1.0,0.0,0.0,0.0,-0.0
2022-02-22 00:00:00+00:00,20260201_193427_57760e3f_StateSignal_XLE,0.0,0.0,1.0,1.0,0.0,0.0,0.0,-0.0
2022-02-23 00:00:00+00:00,20260201_193427_57760e3f_StateSignal_XLE,0.0,0.0,1.0,1.0,0.0,0.0,0.0,-0.0
2022-02-24 00:00:00+00:00,20260201_193427_57760e3f_StateSignal_XLE,0.0,0.0,1.0,1.0,0.0,0.0,0.0,-0.0
2022-02-25 00:00:00+00:00,20260201_193427_57760e3f_StateSignal_XLE,0.0,0.0,1.0,1.0,0.0,0.0,0.0,-0.0
2022-02-28 00:00:00+00:00,20260201_193427_57760e3f_StateSignal_XLE,0.0,0.0,1.0,1.0,0.0,0.0,0.0,0.0
2022-03-01 00:00:00+00:00,20260201_193427_57760e3f_StateSignal_XLE,0.0,0.0,1.0,1.0,0.0,0.0,0.0,0.0
2022-03-02 00:00:00+00:00,20260201_193427_57760e3f_StateSignal_XLE,0.0,0.0,1.0,1.0,0.0,0.0,0.0,0.0
2022-03-03 00:00:00+00:00,20260201_193427_57760e3f_StateSignal_XLE,0.0,0.0,1.0,1.0,0.0,0.0,0.0,0.0
2022-03-04 00:00:00+00:00,20260201_193427_57760e3f_StateSignal_XLE,0.0,0.0,1.0,1.0,0.0,0.0,0.0,-0.0
2022-03-07 00:00:00+00:00,20260201_193427_57760e3f_StateSignal_XLE,0.0,0.0,1.0,1.0,0.0,0.0,0.0,0.0
2022-03-08 00:00:00+00:00,20260201_193427_57760e3f_StateSignal_XLE,0.0,0.0,1.0,1.0,0.0,0.0,0.0,0.0
2022-03-09 00:00:00+00:00,20260201_193427_57760e3f_StateSignal_XLE,0.0,0.0,1.0,1.0,0.0,0.0,0.0,0.0
2022-03-10 00:00:00+00:00,20260201_193427_57760e3f_StateSignal_XLE,0.0,0.0,1.0,1.0,0.0,0.0,0.0,-0.0
2022-03-11 00:00:00+00:00,20260201_193427_57760e3f_StateSignal_XLE,0.0,0.0,1.0,1.0,0.0,0.0,0.0,-0.0
2022-03-14 00:00:00+00:00,20260201_193427_57760e3f_StateSignal_XLE,0.0,0.0,1.0,1.0,0.0,0.0,0.0,0.0
2022-03-15 00:00:00+00:00,20260201_193427_57760e3f_StateSignal_XLE,0.0,0.0,1.0,1.0,0.0,0.0,0.0,-0.0
2022-03-16 00:00:00+00:00,20260201_193427_57760e3f_StateSignal_XLE,0.0,0.0,1.0,1.0,0.0,0.0,0.0,-0.0
2022-03-17 00:00:00+00:00,20260201_193427_57760e3f_StateSignal_XLE,0.0,0.0,1.0,1.0,0.0,0.0,0.0,-0.0
2022-03-18 00:00:00+00:00,20260201_193427_57760e3f_StateSignal_XLE,0.0,0.0,1.0,1.0,0.0,0.0,0.0,0.0
2022-03-21 00:00:00+00:00,20260201_193427_57760e3f_StateSignal_XLE,0.0,0.0,1.0,1.0,0.0,0.0,0.0,-0.0
2022-03-22 00:00:00+00:00,20260201_193427_57760e3f_StateSignal_XLE,0.0,0.0,1.0,1.0,0.0,0.0,0.0,0.0
2022-03-23 00:00:00+00:00,20260201_193427_57760e3f_StateSignal_XLE,0.0,0.0,1.0,1.0,0.0,0.0,0.0,-0.0
2022-03-24 00:00:00+00:00,20260201_193427_57760e3f_StateSignal_XLE,0.0,0.0,1.0,1.0,0.0,0.0,0.0,0.0
2022-03-25 00:00:00+00:00,20260201_193427_57760e3f_StateSignal_XLE,0.0,0.0,1.0,1.0,0.0,0.0,0.0,0.0
2022-03-28 00:00:00+00:00,20260201_193427_57760e3f_StateSignal_XLE,0.0,0.0,1.0,1.0,0.0,0.0,0.0,0.0
2022-03-29 00:00:00+00:00,20260201_193427_57760e3f_StateSignal_XLE,0.0,0.0,1.0,1.0,0.0,0.0,0.0,-0.0
2022-03-30 00:00:00+00:00,20260201_193427_57760e3f_StateSignal_XLE,0.0,0.0,1.0,1.0,0.0,0.0,0.0,-0.0
2022-03-31 00:00:00+00:00,20260201_193427_57760e3f_StateSignal_XLE,0.0,0.0,1.0,1.0,0.0,0.0,0.0,0.0
2022-04-01 00:00:00+00:00,20260201_193427_57760e3f_StateSignal_XLE,0.0,0.0,1.0,1.0,0.0,0.0,0.0,0.0
2022-04-04 00:00:00+00:00,20260201_193427_57760e3f_StateSignal_XLE,0.0,0.0,1.0,1.0,0.0,0.0,0.0,-0.0
2022-04-05 00:00:00+00:00,20260201_193427_57760e3f_StateSignal_XLE,0.0,0.0,1.0,1.0,0.0,0.0,0.0,-0.0
2022-04-06 00:00:00+00:00,20260201_193427_57760e3f_StateSignal_XLE,0.0,0.0,1.0,1.0,0.0,0.0,0.0,0.0
2022-04-07 00:00:00+00:00,20260201_193427_57760e3f_StateSignal_XLE,0.0,0.0,1.0,1.0,0.0,0.0,0.0,-0.0
2022-04-08 00:00:00+00:00,20260201_193427_57760e3f_StateSignal_XLE,0.0,0.0,1.0,1.0,0.0,0.0,0.0,-0.0
2022-04-11 00:00:00+00:00,20260201_193427_57760e3f_StateSignal_XLE,0.0,0.0,1.0,1.0,0.0,0.0,0.0,0.0
2022-04-12 00:00:00+00:00,20260201_193427_57760e3f_StateSignal_XLE,0.0,0.0,1.0,1.0,0.0,0.0,0.0,-0.0
2022-04-13 00:00:00+00:00,20260201_193427_57760e3f_StateSignal_XLE,0.0,0.0,1.0,1.0,0.0,0.0,0.0,0.0
2022-04-14 00:00:00+00:00,20260201_193427_57760e3f_StateSignal_XLE,0.0,0.0,1.0,1.0,0.0,0.0,0.0,-0.0
2022-04-18 00:00:00+00:00,20260201_193427_57760e3f_StateSignal_XLE,0.0,0.0,1.0,1.0,0.0,0.0,0.0,0.0
2022-04-19 00:00:00+00:00,20260201_193427_57760e3f_StateSignal_XLE,0.0,0.0,1.0,1.0,0.0,0.0,0.0,0.0
2022-04-20 00:00:00+00:00,20260201_193427_57760e3f_StateSignal_XLE,0.0,0.0,1.0,1.0,0.0,0.0,0.0,-0.0
2022-04-21 00:00:00+00:00,20260201_193427_57760e3f_StateSignal_XLE,0.0,0.0,1.0,1.0,0.0,0.0,0.0,0.0
2022-04-22 00:00:00+00:00,20260201_193427_57760e3f_StateSignal_XLE,0.0,0.0,1.0,1.0,0.0,0.0,0.0,0.0
2022-04-25 00:00:00+00:00,20260201_193427_57760e3f_StateSignal_XLE,0.0,0.0,1.0,1.0,0.0,0.0,0.0,-0.0
2022-04-26 00:00:00+00:00,20260201_193427_57760e3f_StateSignal_XLE,0.0,0.0,1.0,1.0,0.0,0.0,0.0,-0.0
2022-04-27 00:00:00+00:00,20260201_193427_57760e3f_StateSignal_XLE,0.0,0.0,1.0,1.0,0.0,0.0,0.0,0.0
2022-04-28 00:00:00+00:00,20260201_193427_57760e3f_StateSignal_XLE,0.0,0.0,1.0,1.0,0.0,0.0,0.0,0.0
2022-04-29 00:00:00+00:00,20260201_193427_57760e3f_StateSignal_XLE,0.0,0.0,1.0,1.0,0.0,0.0,0.0,0.0
2022-05-02 00:00:00+00:00,20260201_193427_57760e3f_StateSignal_XLE,0.0,0.0,1.0,1.0,0.0,0.0,0.0,0.0
2022-05-03 00:00:00+00:00,20260201_193427_57760e3f_StateSignal_XLE,0.0,0.0,1.0,1.0,0.0,0.0,0.0,-0.0
2022-05-04 00:00:00+00:00,20260201_193427_57760e3f_StateSignal_XLE,0.0,0.0,1.0,1.0,0.0,0.0,0.0,0.0
2022-05-05 00:00:00+00:00,20260201_193427_57760e3f_StateSignal_XLE,0.0,0.0,1.0,1.0,0.0,0.0,0.0,0.0
2022-05-06 00:00:00+00:00,20260201_193427_57760e3f_StateSignal_XLE,0.0,0.0,1.0,1.0,0.0,0.0,0.0,-0.0
2022-05-09 00:00:00+00:00,20260201_193427_57760e3f_StateSignal_XLE,0.0,0.0,1.0,1.0,0.0,0.0,0.0,0.0
2022-05-10 00:00:00+00:00,20260201_193427_57760e3f_StateSignal_XLE,0.0,0.0,1.0,1.0,0.0,0.0,0.0,-0.0
2022-05-11 00:00:00+00:00,20260201_193427_57760e3f_StateSignal_XLE,0.0,0.0,1.0,1.0,0.0,0.0,0.0,-0.0
2022-05-12 00:00:00+00:00,20260201_193427_57760e3f_StateSignal_XLE,0.0,0.0,1.0,1.0,0.0,0.0,0.0,0.0
2022-05-13 00:00:00+00:00,20260201_193427_57760e3f_StateSignal_XLE,0.0,0.0,1.0,1.0,0.0,0.0,0.0,-0.0
2022-05-16 00:00:00+00:00,20260201_193427_57760e3f_StateSignal_XLE,0.0,0.0,1.0,1.0,0.0,0.0,0.0,0.0
2022-05-17 00:00:00+00:00,20260201_193427_57760e3f_StateSignal_XLE,0.0,0.0,1.0,1.0,0.0,0.0,0.0,0.0
2022-05-18 00:00:00+00:00,20260201_193427_57760e3f_StateSignal_XLE,0.0,0.0,1.0,1.0,0.0,0.0,0.0,0.0
2022-05-19 00:00:00+00:00,20260201_193427_57760e3f_StateSignal_XLE,0.0,0.0,1.0,1.0,0.0,0.0,0.0,-0.0
2022-05-20 00:00:00+00:00,20260201_193427_57760e3f_StateSignal_XLE,0.0,0.0,1.0,1.0,0.0,0.0,0.0,-0.0
2022-05-23 00:00:00+00:00,20260201_193427_57760e3f_StateSignal_XLE,0.0,0.0,1.0,1.0,0.0,0.0,0.0,-0.0
2022-05-24 00:00:00+00:00,20260201_193427_57760e3f_StateSignal_XLE,0.0,0.0,1.0,1.0,0.0,0.0,0.0,0.0
2022-05-25 00:00:00+00:00,20260201_193427_57760e3f_StateSignal_XLE,0.0,0.0,1.0,1.0,0.0,0.0,0.0,-0.0
2022-05-26 00:00:00+00:00,20260201_193427_57760e3f_StateSignal_XLE,0.0,0.0,1.0,1.0,0.0,0.0,0.0,0.0
2022-05-27 00:00:00+00:00,20260201_193427_57760e3f_StateSignal_XLE,0.0,0.0,1.0,1.0,0.0,0.0,0.0,0.0
2022-05-31 00:00:00+00:00,20260201_193427_57760e3f_StateSignal_XLE,0.0,0.0,1.0,1.0,0.0,0.0,0.0,0.0
2022-06-01 00:00:00+00:00,20260201_193427_57760e3f_StateSignal_XLE,0.0,0.0,1.0,1.0,0.0,0.0,0.0,0.0
2022-06-02 00:00:00+00:00,20260201_193427_57760e3f_StateSignal_XLE,0.0,0.0,1.0,1.0,0.0,0.0,0.0,-0.0
2022-06-03 00:00:00+00:00,20260201_193427_57760e3f_StateSignal_XLE,0.0,0.0,1.0,1.0,0.0,0.0,0.0,0.0
2022-06-06 00:00:00+00:00,20260201_193427_57760e3f_StateSignal_XLE,0.0,0.0,1.0,1.0,0.0,0.0,0.0,0.0
2022-06-07 00:00:00+00:00,20260201_193427_57760e3f_StateSignal_XLE,0.0,0.0,1.0,1.0,0.0,0.0,0.0,0.0
2022-06-08 00:00:00+00:00,20260201_193427_57760e3f_StateSignal_XLE,0.0,0.0,1.0,1.0,0.0,0.0,0.0,0.0
2022-06-09 00:00:00+00:00,20260201_193427_57760e3f_StateSignal_XLE,0.0,0.0,1.0,1.0,0.0,0.0,0.0,0.0
2022-06-10 00:00:00+00:00,20260201_193427_57760e3f_StateSignal_XLE,0.0,0.0,1.0,1.0,0.0,0.0,0.0,-0.0
2022-06-13 00:00:00+00:00,20260201_193427_57760e3f_StateSignal_XLE,0.0,0.0,1.0,1.0,0.0,0.0,0.0,-0.0
2022-06-14 00:00:00+00:00,20260201_193427_57760e3f_StateSignal_XLE,0.0,0.0,1.0,1.0,0.0,0.0,0.0,-0.0
2022-06-15 00:00:00+00:00,20260201_193427_57760e3f_StateSignal_XLE,0.0,0.0,1.0,1.0,0.0,0.0,0.0,0.0
2022-06-16 00:00:00+00:00,20260201_193427_57760e3f_StateSignal_XLE,0.0,0.0,1.0,1.0,0.0,0.0,0.0,-0.0
2022-06-17 00:00:00+00:00,20260201_193427_57760e3f_StateSignal_XLE,0.0,0.0,1.0,1.0,0.0,0.0,0.0,-0.0
2022-06-21 00:00:00+00:00,20260201_193427_57760e3f_StateSignal_XLE,0.0,0.0,1.0,1.0,0.0,0.0,0.0,-0.0
2022-06-22 00:00:00+00:00,20260201_193427_57760e3f_StateSignal_XLE,0.0,0.0,1.0,1.0,0.0,0.0,0.0,0.0
2022-06-23 00:00:00+00:00,20260201_193427_57760e3f_StateSignal_XLE,0.0,0.0,1.0,1.0,0.0,0.0,0.0,-0.0
2022-06-24 00:00:00+00:00,20260201_193427_57760e3f_StateSignal_XLE,0.0,0.0,1.0,1.0,0.0,0.0,0.0,-0.0
2022-06-27 00:00:00+00:00,20260201_193427_57760e3f_StateSignal_XLE,0.0,0.0,1.0,1.0,0.0,0.0,0.0,0.0
2022-06-28 00:00:00+00:00,20260201_193427_57760e3f_StateSignal_XLE,0.0,0.0,1.0,1.0,0.0,0.0,0.0,0.0
2022-06-29 00:00:00+00:00,20260201_193427_57760e3f_StateSignal_XLE,0.0,0.0,1.0,1.0,0.0,0.0,0.0,0.0
2022-06-30 00:00:00+00:00,20260201_193427_57760e3f_StateSignal_XLE,0.0,0.0,1.0,1.0,0.0,0.0,0.0,-0.0
2022-07-01 00:00:00+00:00,20260201_193427_57760e3f_StateSignal_XLE,0.0,0.0,1.0,1.0,0.0,0.0,0.0,-0.0
2022-07-05 00:00:00+00:00,20260201_193427_57760e3f_StateSignal_XLE,0.0,0.0,1.0,1.0,0.0,0.0,0.0,-0.0
2022-07-06 00:00:00+00:00,20260201_193427_57760e3f_StateSignal_XLE,0.0,0.0,1.0,1.0,0.0,0.0,0.0,-0.0
2022-07-07 00:00:00+00:00,20260201_193427_57760e3f_StateSignal_XLE,0.0,0.0,1.0,1.0,0.0,0.0,0.0,-0.0
2022-07-08 00:00:00+00:00,20260201_193427_57760e3f_StateSignal_XLE,0.0,0.0,1.0,1.0,0.0,0.0,0.0,0.0
2022-07-11 00:00:00+00:00,20260201_193427_57760e3f_StateSignal_XLE,0.0,0.0,1.0,1.0,0.0,0.0,0.0,-0.0
2022-07-12 00:00:00+00:00,20260201_193427_57760e3f_StateSignal_XLE,0.0,0.0,1.0,1.0,0.0,0.0,0.0,-0.0
2022-07-13 00:00:00+00:00,20260201_193427_57760e3f_StateSignal_XLE,0.0,0.0,1.0,1.0,0.0,0.0,0.0,-0.0
2022-07-14 00:00:00+00:00,20260201_193427_57760e3f_StateSignal_XLE,0.0,0.0,1.0,1.0,0.0,0.0,0.0,-0.0
2022-07-15 00:00:00+00:00,20260201_193427_57760e3f_StateSignal_XLE,0.0,0.0,1.0,1.0,0.0,0.0,0.0,-0.0
2022-07-18 00:00:00+00:00,20260201_193427_57760e3f_StateSignal_XLE,0.0,0.0,1.0,1.0,0.0,0.0,0.0,0.0
2022-07-19 00:00:00+00:00,20260201_193427_57760e3f_StateSignal_XLE,0.0,0.0,1.0,1.0,0.0,0.0,0.0,0.0
2022-07-20 00:00:00+00:00,20260201_193427_57760e3f_StateSignal_XLE,0.0,0.0,1.0,1.0,0.0,0.0,0.0,0.0
2022-07-21 00:00:00+00:00,20260201_193427_57760e3f_StateSignal_XLE,0.0,0.0,1.0,1.0,0.0,0.0,0.0,0.0
2022-07-22 00:00:00+00:00,20260201_193427_57760e3f_StateSignal_XLE,0.0,0.0,1.0,1.0,0.0,0.0,0.0,-0.0
2022-07-25 00:00:00+00:00,20260201_193427_57760e3f_StateSignal_XLE,0.0,0.0,1.0,1.0,0.0,0.0,0.0,0.0
2022-07-26 00:00:00+00:00,20260201_193427_57760e3f_StateSignal_XLE,0.0,0.0,1.0,1.0,0.0,0.0,0.0,0.0
2022-07-27 00:00:00+00:00,20260201_193427_57760e3f_StateSignal_XLE,0.0,0.0,1.0,1.0,0.0,0.0,0.0,-0.0
2022-07-28 00:00:00+00:00,20260201_193427_57760e3f_StateSignal_XLE,0.0,0.0,1.0,1.0,0.0,0.0,0.0,0.0
2022-07-29 00:00:00+00:00,20260201_193427_57760e3f_StateSignal_XLE,0.0,0.0,1.0,1.0,0.0,0.0,0.0,0.0
2022-08-01 00:00:00+00:00,20260201_193427_57760e3f_StateSignal_XLE,0.0,0.0,1.0,1.0,0.0,0.0,0.0,0.0
2022-08-02 00:00:00+00:00,20260201_193427_57760e3f_StateSignal_XLE,0.0,0.0,1.0,1.0,0.0,0.0,0.0,-0.0
2022-08-03 00:00:00+00:00,20260201_193427_57760e3f_StateSignal_XLE,0.0,0.0,1.0,1.0,0.0,0.0,0.0,0.0
2022-08-04 00:00:00+00:00,20260201_193427_57760e3f_StateSignal_XLE,0.0,0.0,1.0,1.0,0.0,0.0,0.0,-0.0
2022-08-05 00:00:00+00:00,20260201_193427_57760e3f_StateSignal_XLE,0.0,0.0,1.0,1.0,0.0,0.0,0.0,-0.0
2022-08-08 00:00:00+00:00,20260201_193427_57760e3f_StateSignal_XLE,0.0,0.0,1.0,1.0,0.0,0.0,0.0,0.0
2022-08-09 00:00:00+00:00,20260201_193427_57760e3f_StateSignal_XLE,0.0,0.0,1.0,1.0,0.0,0.0,0.0,0.0
2022-08-10 00:00:00+00:00,20260201_193427_57760e3f_StateSignal_XLE,0.0,0.0,1.0,1.0,0.0,0.0,0.0,0.0
2022-08-11 00:00:00+00:00,20260201_193427_57760e3f_StateSignal_XLE,0.0,0.0,1.0,1.0,0.0,0.0,0.0,0.0
2022-08-12 00:00:00+00:00,20260201_193427_57760e3f_StateSignal_XLE,0.0,0.0,1.0,1.0,0.0,0.0,0.0,0.0
2022-08-15 00:00:00+00:00,20260201_193427_57760e3f_StateSignal_XLE,0.0,0.0,1.0,1.0,0.0,0.0,0.0,0.0
2022-08-16 00:00:00+00:00,20260201_193427_57760e3f_StateSignal_XLE,0.0,0.0,1.0,1.0,0.0,0.0,0.0,-0.0
2022-08-17 00:00:00+00:00,20260201_193427_57760e3f_StateSignal_XLE,0.0,0.0,1.0,1.0,0.0,0.0,0.0,-0.0
2022-08-18 00:00:00+00:00,20260201_193427_57760e3f_StateSignal_XLE,0.0,0.0,1.0,1.0,0.0,0.0,0.0,-0.0
2022-08-19 00:00:00+00:00,20260201_193427_57760e3f_StateSignal_XLE,0.0,0.0,1.0,1.0,0.0,0.0,0.0,0.0
2022-08-22 00:00:00+00:00,20260201_193427_57760e3f_StateSignal_XLE,0.0,0.0,1.0,1.0,0.0,0.0,0.0,0.0
2022-08-23 00:00:00+00:00,20260201_193427_57760e3f_StateSignal_XLE,0.0,0.0,1.0,1.0,0.0,0.0,0.0,-0.0
2022-08-24 00:00:00+00:00,20260201_193427_57760e3f_StateSignal_XLE,0.0,0.0,1.0,1.0,0.0,0.0,0.0,0.0
2022-08-25 00:00:00+00:00,20260201_193427_57760e3f_StateSignal_XLE,0.0,0.0,1.0,1.0,0.0,0.0,0.0,0.0
2022-08-26 00:00:00+00:00,20260201_193427_57760e3f_StateSignal_XLE,0.0,0.0,1.0,1.0,0.0,0.0,0.0,0.0
2022-08-29 00:00:00+00:00,20260201_193427_57760e3f_StateSignal_XLE,0.0,0.0,1.0,1.0,0.0,0.0,0.0,-0.0
2022-08-30 00:00:00+00:00,20260201_193427_57760e3f_StateSignal_XLE,0.0,0.0,1.0,1.0,0.0,0.0,0.0,0.0
2022-08-31 00:00:00+00:00,20260201_193427_57760e3f_StateSignal_XLE,0.0,0.0,1.0,1.0,0.0,0.0,0.0,-0.0
2022-09-01 00:00:00+00:00,20260201_193427_57760e3f_StateSignal_XLE,0.0,0.0,1.0,1.0,0.0,0.0,0.0,0.0
2022-09-02 00:00:00+00:00,20260201_193427_57760e3f_StateSignal_XLE,0.0,0.0,1.0,1.0,0.0,0.0,0.0,-0.0
2022-09-06 00:00:00+00:00,20260201_193427_57760e3f_StateSignal_XLE,0.0,0.0,1.0,1.0,0.0,0.0,0.0,0.0
2022-09-07 00:00:00+00:00,20260201_193427_57760e3f_StateSignal_XLE,0.0,0.0,1.0,1.0,0.0,0.0,0.0,-0.0
2022-09-08 00:00:00+00:00,20260201_193427_57760e3f_StateSignal_XLE,0.0,0.0,1.0,1.0,0.0,0.0,0.0,-0.0
2022-09-09 00:00:00+00:00,20260201_193427_57760e3f_StateSignal_XLE,0.0,0.0,1.0,1.0,0.0,0.0,0.0,0.0
2022-09-12 00:00:00+00:00,20260201_193427_57760e3f_StateSignal_XLE,0.0,0.0,1.0,1.0,0.0,0.0,0.0,0.0
2022-09-13 00:00:00+00:00,20260201_193427_57760e3f_StateSignal_XLE,0.0,0.0,1.0,1.0,0.0,0.0,0.0,0.0
2022-09-14 00:00:00+00:00,20260201_193427_57760e3f_StateSignal_XLE,0.0,0.0,1.0,1.0,0.0,0.0,0.0,-0.0
2022-09-15 00:00:00+00:00,20260201_193427_57760e3f_StateSignal_XLE,0.0,0.0,1.0,1.0,0.0,0.0,0.0,0.0
2022-09-16 00:00:00+00:00,20260201_193427_57760e3f_StateSignal_XLE,0.0,0.0,1.0,1.0,0.0,0.0,0.0,-0.0
2022-09-19 00:00:00+00:00,20260201_193427_57760e3f_StateSignal_XLE,0.0,0.0,1.0,1.0,0.0,0.0,0.0,-0.0
2022-09-20 00:00:00+00:00,20260201_193427_57760e3f_StateSignal_XLE,0.0,0.0,1.0,1.0,0.0,0.0,0.0,-0.0
2022-09-21 00:00:00+00:00,20260201_193427_57760e3f_StateSignal_XLE,0.0,0.0,1.0,1.0,0.0,0.0,0.0,-0.0
2022-09-22 00:00:00+00:00,20260201_193427_57760e3f_StateSignal_XLE,0.0,0.0,1.0,1.0,0.0,0.0,0.0,0.0
2022-09-23 00:00:00+00:00,20260201_193427_57760e3f_StateSignal_XLE,0.0,0.0,1.0,1.0,0.0,0.0,0.0,-0.0
2022-09-26 00:00:00+00:00,20260201_193427_57760e3f_StateSignal_XLE,0.0,0.0,1.0,1.0,0.0,0.0,0.0,-0.0
2022-09-27 00:00:00+00:00,20260201_193427_57760e3f_StateSignal_XLE,0.0,0.0,1.0,1.0,0.0,0.0,0.0,-0.0
2022-09-28 00:00:00+00:00,20260201_193427_57760e3f_StateSignal_XLE,0.0,0.0,1.0,1.0,0.0,0.0,0.0,0.0
2022-09-29 00:00:00+00:00,20260201_193427_57760e3f_StateSignal_XLE,0.0,0.0,1.0,1.0,0.0,0.0,0.0,0.0
2022-09-30 00:00:00+00:00,20260201_193427_57760e3f_StateSignal_XLE,0.0,0.0,1.0,1.0,0.0,0.0,0.0,0.0
2022-10-03 00:00:00+00:00,20260201_193427_57760e3f_StateSignal_XLE,0.0,0.0,1.0,1.0,0.0,0.0,0.0,0.0
2022-10-04 00:00:00+00:00,20260201_193427_57760e3f_StateSignal_XLE,0.0,0.0,1.0,1.0,0.0,0.0,0.0,0.0
2022-10-05 00:00:00+00:00,20260201_193427_57760e3f_StateSignal_XLE,0.0,0.0,1.0,1.0,0.0,0.0,0.0,0.0
2022-10-06 00:00:00+00:00,20260201_193427_57760e3f_StateSignal_XLE,0.0,0.0,1.0,1.0,0.0,0.0,0.0,0.0
2022-10-07 00:00:00+00:00,20260201_193427_57760e3f_StateSignal_XLE,0.0,0.0,1.0,1.0,0.0,0.0,0.0,0.0
2022-10-10 00:00:00+00:00,20260201_193427_57760e3f_StateSignal_XLE,0.0,0.0,1.0,1.0,0.0,0.0,0.0,0.0
2022-10-11 00:00:00+00:00,20260201_193427_57760e3f_StateSignal_XLE,0.0,0.0,1.0,1.0,0.0,0.0,0.0,-0.0
2022-10-12 00:00:00+00:00,20260201_193427_57760e3f_StateSignal_XLE,0.0,0.0,1.0,1.0,0.0,0.0,0.0,-0.0
2022-10-13 00:00:00+00:00,20260201_193427_57760e3f_StateSignal_XLE,0.0,0.0,1.0,1.0,0.0,0.0,0.0,-0.0
2022-10-14 00:00:00+00:00,20260201_193427_57760e3f_StateSignal_XLE,0.0,0.0,1.0,1.0,0.0,0.0,0.0,0.0
2022-10-17 00:00:00+00:00,20260201_193427_57760e3f_StateSignal_XLE,0.0,0.0,1.0,1.0,0.0,0.0,0.0,-0.0
2022-10-18 00:00:00+00:00,20260201_193427_57760e3f_StateSignal_XLE,0.0,0.0,1.0,1.0,0.0,0.0,0.0,0.0
2022-10-19 00:00:00+00:00,20260201_193427_57760e3f_StateSignal_XLE,0.0,0.0,1.0,1.0,0.0,0.0,0.0,-0.0
2022-10-20 00:00:00+00:00,20260201_193427_57760e3f_StateSignal_XLE,0.0,0.0,1.0,1.0,0.0,0.0,0.0,0.0
2022-10-21 00:00:00+00:00,20260201_193427_57760e3f_StateSignal_XLE,0.0,0.0,1.0,1.0,0.0,0.0,0.0,0.0
2022-10-24 00:00:00+00:00,20260201_193427_57760e3f_StateSignal_XLE,0.0,0.0,1.0,1.0,0.0,0.0,0.0,0.0
2022-10-25 00:00:00+00:00,20260201_193427_57760e3f_StateSignal_XLE,0.0,0.0,1.0,1.0,0.0,0.0,0.0,0.0
2022-10-26 00:00:00+00:00,20260201_193427_57760e3f_StateSignal_XLE,0.0,0.0,1.0,1.0,0.0,0.0,0.0,-0.0
2022-10-27 00:00:00+00:00,20260201_193427_57760e3f_StateSignal_XLE,0.0,0.0,1.0,1.0,0.0,0.0,0.0,0.0
2022-10-28 00:00:00+00:00,20260201_193427_57760e3f_StateSignal_XLE,0.0,0.0,1.0,1.0,0.0,0.0,0.0,0.0
2022-10-31 00:00:00+00:00,20260201_193427_57760e3f_StateSignal_XLE,0.0,0.0,1.0,1.0,0.0,0.0,0.0,-0.0
2022-11-01 00:00:00+00:00,20260201_193427_57760e3f_StateSignal_XLE,0.0,0.0,1.0,1.0,0.0,0.0,0.0,0.0
2022-11-02 00:00:00+00:00,20260201_193427_57760e3f_StateSignal_XLE,0.0,0.0,1.0,1.0,0.0,0.0,0.0,0.0
2022-11-03 00:00:00+00:00,20260201_193427_57760e3f_StateSignal_XLE,0.0,0.0,1.0,1.0,0.0,0.0,0.0,-0.0
2022-11-04 00:00:00+00:00,20260201_193427_57760e3f_StateSignal_XLE,0.0,0.0,1.0,1.0,0.0,0.0,0.0,-0.0
2022-11-07 00:00:00+00:00,20260201_193427_57760e3f_StateSignal_XLE,0.0,0.0,1.0,1.0,0.0,0.0,0.0,0.0
2022-11-08 00:00:00+00:00,20260201_193427_57760e3f_StateSignal_XLE,0.0,0.0,1.0,1.0,0.0,0.0,0.0,0.0
2022-11-09 00:00:00+00:00,20260201_193427_57760e3f_StateSignal_XLE,0.0,0.0,1.0,1.0,0.0,0.0,0.0,0.0
2022-11-10 00:00:00+00:00,20260201_193427_57760e3f_StateSignal_XLE,0.0,0.0,1.0,1.0,0.0,0.0,0.0,-0.0
2022-11-11 00:00:00+00:00,20260201_193427_57760e3f_StateSignal_XLE,0.0,0.0,1.0,1.0,0.0,0.0,0.0,-0.0
2022-11-14 00:00:00+00:00,20260201_193427_57760e3f_StateSignal_XLE,0.0,0.0,1.0,1.0,0.0,0.0,0.0,0.0
2022-11-15 00:00:00+00:00,20260201_193427_57760e3f_StateSignal_XLE,0.0,0.0,1.0,1.0,0.0,0.0,0.0,0.0
2022-11-16 00:00:00+00:00,20260201_193427_57760e3f_StateSignal_XLE,0.0,0.0,1.0,1.0,0.0,0.0,0.0,-0.0
2022-11-17 00:00:00+00:00,20260201_193427_57760e3f_StateSignal_XLE,0.0,0.0,1.0,1.0,0.0,0.0,0.0,-0.0
2022-11-18 00:00:00+00:00,20260201_193427_57760e3f_StateSignal_XLE,0.0,0.0,1.0,1.0,0.0,0.0,0.0,-0.0
2022-11-21 00:00:00+00:00,20260201_193427_57760e3f_StateSignal_XLE,0.0,0.0,1.0,1.0,0.0,0.0,0.0,-0.0
2022-11-22 00:00:00+00:00,20260201_193427_57760e3f_StateSignal_XLE,0.0,0.0,1.0,1.0,0.0,0.0,0.0,-0.0
2022-11-23 00:00:00+00:00,20260201_193427_57760e3f_StateSignal_XLE,0.0,0.0,1.0,1.0,0.0,0.0,0.0,0.0
2022-11-25 00:00:00+00:00,20260201_193427_57760e3f_StateSignal_XLE,0.0,0.0,1.0,1.0,0.0,0.0,0.0,-0.0
2022-11-28 00:00:00+00:00,20260201_193427_57760e3f_StateSignal_XLE,0.0,0.0,1.0,1.0,0.0,0.0,0.0,0.0
2022-11-29 00:00:00+00:00,20260201_193427_57760e3f_StateSignal_XLE,0.0,0.0,1.0,1.0,0.0,0.0,0.0,-0.0
2022-11-30 00:00:00+00:00,20260201_193427_57760e3f_StateSignal_XLE,0.0,0.0,1.0,1.0,0.0,0.0,0.0,0.0
2022-12-01 00:00:00+00:00,20260201_193427_57760e3f_StateSignal_XLE,0.0,0.0,1.0,1.0,0.0,0.0,0.0,0.0
2022-12-02 00:00:00+00:00,20260201_193427_57760e3f_StateSignal_XLE,0.0,0.0,1.0,1.0,0.0,0.0,0.0,0.0
2022-12-05 00:00:00+00:00,20260201_193427_57760e3f_StateSignal_XLE,0.0,0.0,1.0,1.0,0.0,0.0,0.0,-0.0
2022-12-06 00:00:00+00:00,20260201_193427_57760e3f_StateSignal_XLE,0.0,0.0,1.0,1.0,0.0,0.0,0.0,-0.0
2022-12-07 00:00:00+00:00,20260201_193427_57760e3f_StateSignal_XLE,0.0,0.0,1.0,1.0,0.0,0.0,0.0,-0.0
2022-12-08 00:00:00+00:00,20260201_193427_57760e3f_StateSignal_XLE,0.0,0.0,1.0,1.0,0.0,0.0,0.0,-0.0
2022-12-09 00:00:00+00:00,20260201_193427_57760e3f_StateSignal_XLE,0.0,0.0,1.0,1.0,0.0,0.0,0.0,0.0
2022-12-12 00:00:00+00:00,20260201_193427_57760e3f_StateSignal_XLE,0.0,0.0,1.0,1.0,0.0,0.0,0.0,-0.0
2022-12-13 00:00:00+00:00,20260201_193427_57760e3f_StateSignal_XLE,0.0,0.0,1.0,1.0,0.0,0.0,0.0,-0.0
2022-12-14 00:00:00+00:00,20260201_193427_57760e3f_StateSignal_XLE,0.0,0.0,1.0,1.0,0.0,0.0,0.0,0.0
2022-12-15 00:00:00+00:00,20260201_193427_57760e3f_StateSignal_XLE,0.0,0.0,1.0,1.0,0.0,0.0,0.0,-0.0
2022-12-16 00:00:00+00:00,20260201_193427_57760e3f_StateSignal_XLE,0.0,0.0,1.0,1.0,0.0,0.0,0.0,-0.0
2022-12-19 00:00:00+00:00,20260201_193427_57760e3f_StateSignal_XLE,0.0,0.0,1.0,1.0,0.0,0.0,0.0,-0.0
2022-12-20 00:00:00+00:00,20260201_193427_57760e3f_StateSignal_XLE,0.0,0.0,1.0,1.0,0.0,0.0,0.0,0.0
2022-12-21 00:00:00+00:00,20260201_193427_57760e3f_StateSignal_XLE,0.0,0.0,1.0,1.0,0.0,0.0,0.0,0.0
2022-12-22 00:00:00+00:00,20260201_193427_57760e3f_StateSignal_XLE,0.0,0.0,1.0,1.0,0.0,0.0,0.0,0.0
2022-12-23 00:00:00+00:00,20260201_193427_57760e3f_StateSignal_XLE,0.0,0.0,1.0,1.0,0.0,0.0,0.0,-0.0
2022-12-27 00:00:00+00:00,20260201_193427_57760e3f_StateSignal_XLE,0.0,0.0,1.0,1.0,0.0,0.0,0.0,0.0
2022-12-28 00:00:00+00:00,20260201_193427_57760e3f_StateSignal_XLE,0.0,0.0,1.0,1.0,0.0,0.0,0.0,0.0
2022-12-29 00:00:00+00:00,20260201_193427_57760e3f_StateSignal_XLE,0.0,0.0,1.0,1.0,0.0,0.0,0.0,-0.0
2022-12-30 00:00:00+00:00,20260201_193427_57760e3f_StateSignal_XLE,0.0,0.0,1.0,1.0,0.0,0.0,0.0,0.0
2023-01-03 00:00:00+00:00,20260201_193427_57760e3f_StateSignal_XLE,0.0,0.0,1.0,1.0,0.0,0.0,0.0,0.0
2023-01-04 00:00:00+00:00,20260201_193427_57760e3f_StateSignal_XLE,0.0,0.0,1.0,1.0,0.0,0.0,0.0,-0.0
2023-01-05 00:00:00+00:00,20260201_193427_57760e3f_StateSignal_XLE,0.0,0.0,1.0,1.0,0.0,0.0,0.0,-0.0
2023-01-06 00:00:00+00:00,20260201_193427_57760e3f_StateSignal_XLE,0.0,0.0,1.0,1.0,0.0,0.0,0.0,0.0
2023-01-09 00:00:00+00:00,20260201_193427_57760e3f_StateSignal_XLE,0.0,0.0,1.0,1.0,0.0,0.0,0.0,0.0
2023-01-10 00:00:00+00:00,20260201_193427_57760e3f_StateSignal_XLE,0.0,0.0,1.0,1.0,0.0,0.0,0.0,-0.0
2023-01-11 00:00:00+00:00,20260201_193427_57760e3f_StateSignal_XLE,0.0,0.0,1.0,1.0,0.0,0.0,0.0,-0.0
2023-01-12 00:00:00+00:00,20260201_193427_57760e3f_StateSignal_XLE,0.0,0.0,1.0,1.0,0.0,0.0,0.0,0.0
2023-01-13 00:00:00+00:00,20260201_193427_57760e3f_StateSignal_XLE,0.0,0.0,1.0,1.0,0.0,0.0,0.0,0.0
2023-01-17 00:00:00+00:00,20260201_193427_57760e3f_StateSignal_XLE,0.0,0.0,1.0,1.0,0.0,0.0,0.0,-0.0
2023-01-18 00:00:00+00:00,20260201_193427_57760e3f_StateSignal_XLE,0.0,0.0,1.0,1.0,0.0,0.0,0.0,0.0
2023-01-19 00:00:00+00:00,20260201_193427_57760e3f_StateSignal_XLE,0.0,0.0,1.0,1.0,0.0,0.0,0.0,0.0
2023-01-20 00:00:00+00:00,20260201_193427_57760e3f_StateSignal_XLE,0.0,0.0,1.0,1.0,0.0,0.0,0.0,-0.0
2023-01-23 00:00:00+00:00,20260201_193427_57760e3f_StateSignal_XLE,0.0,0.0,1.0,1.0,0.0,0.0,0.0,0.0
2023-01-24 00:00:00+00:00,20260201_193427_57760e3f_StateSignal_XLE,0.0,0.0,1.0,1.0,0.0,0.0,0.0,0.0
2023-01-25 00:00:00+00:00,20260201_193427_57760e3f_StateSignal_XLE,0.0,0.0,1.0,1.0,0.0,0.0,0.0,-0.0
2023-01-26 00:00:00+00:00,20260201_193427_57760e3f_StateSignal_XLE,0.0,0.0,1.0,1.0,0.0,0.0,0.0,-0.0
2023-01-27 00:00:00+00:00,20260201_193427_57760e3f_StateSignal_XLE,0.0,0.0,1.0,1.0,0.0,0.0,0.0,0.0
2023-01-30 00:00:00+00:00,20260201_193427_57760e3f_StateSignal_XLE,0.0,0.0,1.0,1.0,0.0,0.0,0.0,-0.0
2023-01-31 00:00:00+00:00,20260201_193427_57760e3f_StateSignal_XLE,-0.016394279616467767,-0.016394279616467767,0.9836057203835322,0.9836057203835322,0.0,0.0,0.8202864669930331,-0.016394279616467767
2023-02-01 00:00:00+00:00,20260201_193427_57760e3f_StateSignal_XLE,-0.004657854446212001,-0.004657854446212001,0.9790242281055243,0.9790242281055243,0.0,0.0,0.8202864669930331,-0.004657854446212001
2023-02-02 00:00:00+00:00,20260201_193427_57760e3f_StateSignal_XLE,-0.015996092995410743,-0.015996092995410743,0.9633636655079881,0.9633636655079881,0.0,0.0,0.8202864669930331,-0.015996092995410743
2023-02-03 00:00:00+00:00,20260201_193427_57760e3f_StateSignal_XLE,-0.010210734377340963,-0.010210734377340963,0.9535270150107045,0.9535270150107045,0.0,0.0,0.8202864669930331,-0.010210734377340963
2023-02-06 00:00:00+00:00,20260201_193427_57760e3f_StateSignal_XLE,-0.0016791949917039288,-0.0016791949917039288,0.9519258572226441,0.9519258572226441,0.0,0.0,0.8202864669930331,-0.0016791949917039288
2023-02-07 00:00:00+00:00,20260201_193427_57760e3f_StateSignal_XLE,-0.009297524716624364,-0.009297524716624364,0.9430753030367227,0.9430753030367227,0.0,0.0,0.8202864669930331,-0.009297524716624364
2023-02-08 00:00:00+00:00,20260201_193427_57760e3f_StateSignal_XLE,0.016410484327394916,0.016410484327394916,0.95855162551676,0.95855162551676,0.0,0.0,0.8202864669930331,0.016410484327394916
2023-02-09 00:00:00+00:00,20260201_193427_57760e3f_StateSignal_XLE,0.001872563451864558,0.001872563451864558,0.9603465742574281,0.9603465742574281,0.0,0.0,0.8202864669930331,0.001872563451864558
2023-02-10 00:00:00+00:00,20260201_193427_57760e3f_StateSignal_XLE,0.0012460049995672243,0.0012460049995672243,0.9615431708902702,0.9615431708902702,0.0,0.0,0.8202864669930331,0.0012460049995672243
2023-02-13 00:00:00+00:00,20260201_193427_57760e3f_StateSignal_XLE,0.019885463939773588,0.019885463939773588,0.9806639029415443,0.9806639029415443,0.0,0.0,0.8202864669930331,0.019885463939773588
2023-02-14 00:00:00+00:00,20260201_193427_57760e3f_StateSignal_XLE,0.0004049797500148894,0.0004049797500148894,0.9810610519638062,0.9810610519638062,0.0,0.0,0.8202864669930331,0.0004049797500148894
2023-02-15 00:00:00+00:00,20260201_193427_57760e3f_StateSignal_XLE,-0.0008101595394300001,-0.0008101595394300001,0.9802662359937945,0.9802662359937945,0.0,0.0,0.8202864669930331,-0.0008101595394300001
2023-02-16 00:00:00+00:00,20260201_193427_57760e3f_StateSignal_XLE,-0.014515105003807168,-0.014515105003807168,0.9660375686466578,0.9660375686466578,0.0,0.0,0.8202864669930331,-0.014515105003807168
2023-02-17 00:00:00+00:00,20260201_193427_57760e3f_StateSignal_XLE,0.004525162497482083,0.004525162497482083,0.9704090456234564,0.9704090456234564,0.0,0.0,0.8202864669930331,0.004525162497482083
2023-02-21 00:00:00+00:00,20260201_193427_57760e3f_StateSignal_XLE,-0.03413554281862329,-0.03413554281862329,0.9372836060949975,0.9372836060949975,0.0,0.0,0.8202864669930331,-0.03413554281862329
2023-02-22 00:00:00+00:00,20260201_193427_57760e3f_StateSignal_XLE,-0.008598469370442738,-0.008598469370442738,0.9292244017165715,0.9292244017165715,0.0,0.0,0.8202864669930331,-0.008598469370442738
2023-02-23 00:00:00+00:00,20260201_193427_57760e3f_StateSignal_XLE,-0.0023804662892353712,-0.0023804662892353712,0.9270124143531503,0.9270124143531503,0.0,0.0,0.8202864669930331,-0.0023804662892353712
2023-02-24 00:00:00+00:00,20260201_193427_57760e3f_StateSignal_XLE,-0.00021674896862611547,-0.00021674896862611547,0.9268114853684356,0.9268114853684356,0.0,0.0,0.8202864669930331,-0.00021674896862611547
2023-02-27 00:00:00+00:00,20260201_193427_57760e3f_StateSignal_XLE,0.006692728396443522,0.006692728396443522,0.933014382914711,0.933014382914711,0.0,0.0,0.8202864669930331,0.006692728396443522
2023-02-28 00:00:00+00:00,20260201_193427_57760e3f_StateSignal_XLE,0.00578498795986444,0.00578498795986444,0.9384118598862529,0.9384118598862529,0.0,0.0,0.8202864669930331,0.00578498795986444
2023-03-01 00:00:00+00:00,20260201_193427_57760e3f_StateSignal_XLE,-0.00944843026043834,-0.00944843026043834,0.9295453408725494,0.9295453408725494,0.0,0.0,0.8202864669930331,-0.00944843026043834
2023-03-02 00:00:00+00:00,20260201_193427_57760e3f_StateSignal_XLE,0.00994543405975969,0.00994543405975969,0.9387900727657542,0.9387900727657542,0.0,0.0,0.7176547892632993,0.00994543405975969
2023-03-03 00:00:00+00:00,20260201_193427_57760e3f_StateSignal_XLE,0.004643828739381054,0.004643828739381054,0.9431496530859095,0.9431496530859095,0.0,0.0,0.7176547892632993,0.004643828739381054
2023-03-06 00:00:00+00:00,20260201_193427_57760e3f_StateSignal_XLE,0.009563967542232417,0.009563967542232417,0.9521699057554908,0.9521699057554908,0.0,0.0,0.7176547892632993,0.009563967542232417
2023-03-07 00:00:00+00:00,20260201_193427_57760e3f_StateSignal_XLE,0.001824701693072971,0.001824701693072971,0.953907331794616,0.953907331794616,0.0,0.0,0.7176547892632993,0.001824701693072971
2023-03-08 00:00:00+00:00,20260201_193427_57760e3f_StateSignal_XLE,-0.007510941912097328,-0.007510941912097328,0.9467425892359829,0.9467425892359829,0.0,0.0,0.7176547892632993,-0.007510941912097328
2023-03-09 00:00:00+00:00,20260201_193427_57760e3f_StateSignal_XLE,-0.0154500448940859,-0.0154500448940859,0.9321153737291439,0.9321153737291439,0.0,0.0,0.7176547892632993,-0.0154500448940859
2023-03-10 00:00:00+00:00,20260201_193427_57760e3f_StateSignal_XLE,0.007487337495114108,0.007487337495114108,0.9390944361166383,0.9390944361166383,0.0,0.0,0.7176547892632993,0.007487337495114108
2023-03-13 00:00:00+00:00,20260201_193427_57760e3f_StateSignal_XLE,-0.012585814224019084,-0.012585814224019084,0.9272751680048644,0.9272751680048644,0.0,0.0,0.7176547892632993,-0.012585814224019084
2023-03-14 00:00:00+00:00,20260201_193427_57760e3f_StateSignal_XLE,-0.016097604768300893,-0.016097604768300893,0.9123482588388623,0.9123482588388623,0.0,0.0,0.7176547892632993,-0.016097604768300893
2023-03-15 00:00:00+00:00,20260201_193427_57760e3f_StateSignal_XLE,0.012297464624567576,0.012297464624567576,0.9235678292772189,0.9235678292772189,0.0,0.0,0.7176547892632993,0.012297464624567576
2023-03-16 00:00:00+00:00,20260201_193427_57760e3f_StateSignal_XLE,-0.05378503506175382,-0.05378503506175382,0.8738937011976359,0.8738937011976359,0.0,0.0,0.7176547892632993,-0.05378503506175382
2023-03-17 00:00:00+00:00,20260201_193427_57760e3f_StateSignal_XLE,-0.003086692024111433,-0.003086692024111433,0.8711962604802279,0.8711962604802279,0.0,0.0,0.7176547892632993,-0.003086692024111433
2023-03-20 00:00:00+00:00,20260201_193427_57760e3f_StateSignal_XLE,0.00164788772580563,0.00164788772580563,0.8726318941046411,0.8726318941046411,0.0,0.0,0.7176547892632993,0.00164788772580563
2023-03-21 00:00:00+00:00,20260201_193427_57760e3f_StateSignal_XLE,0.011632935780445317,0.011632935780445317,0.8827831648887288,0.8827831648887288,0.0,0.0,0.7176547892632993,0.011632935780445317
2023-03-22 00:00:00+00:00,20260201_193427_57760e3f_StateSignal_XLE,0.01759732118500938,0.01759732118500938,0.8983177837779948,0.8983177837779948,0.0,0.0,0.7176547892632993,0.01759732118500938
2023-03-23 00:00:00+00:00,20260201_193427_57760e3f_StateSignal_XLE,0.004529047862778346,0.004529047862778346,0.9023863080167104,0.9023863080167104,0.0,0.0,0.7176547892632993,0.004529047862778346
2023-03-24 00:00:00+00:00,20260201_193427_57760e3f_StateSignal_XLE,-0.007101644650585625,-0.007101644650585625,0.8959778811196218,0.8959778811196218,0.0,0.0,0.7176547892632993,-0.007101644650585625
2023-03-27 00:00:00+00:00,20260201_193427_57760e3f_StateSignal_XLE,-0.015632305742309498,-0.015632305742309498,0.8819716809436133,0.8819716809436133,0.0,0.0,0.7176547892632993,-0.015632305742309498
2023-03-28 00:00:00+00:00,20260201_193427_57760e3f_StateSignal_XLE,0.013845859486301171,0.013845859486301171,0.8941833369088554,0.8941833369088554,0.0,0.0,0.7176547892632993,0.013845859486301171
2023-03-29 00:00:00+00:00,20260201_193427_57760e3f_StateSignal_XLE,0.017279527353576,0.017279527353576,0.9096344023380838,0.9096344023380838,0.0,0.0,0.7176547892632993,0.017279527353576
2023-03-30 00:00:00+00:00,20260201_193427_57760e3f_StateSignal_XLE,0.0025177497853278406,0.0025177497853278406,0.9119246341592974,0.9119246341592974,0.0,0.0,0.7176547892632993,0.0025177497853278406
2023-03-31 00:00:00+00:00,20260201_193427_57760e3f_StateSignal_XLE,0.007782140442055052,0.007782140442055052,0.9190213597348947,0.9190213597348947,0.0,0.0,1.0,0.007782140442055052
2023-04-03 00:00:00+00:00,20260201_193427_57760e3f_StateSignal_XLE,0.01116439028488303,0.01116439028488303,0.929281672875119,0.929281672875119,0.0,0.0,1.0,0.01116439028488303
2023-04-04 00:00:00+00:00,20260201_193427_57760e3f_StateSignal_XLE,0.0,0.0,0.929281672875119,0.929281672875119,0.0,0.0,0.0,0.0
2023-04-05 00:00:00+00:00,20260201_193427_57760e3f_StateSignal_XLE,0.0,0.0,0.929281672875119,0.929281672875119,0.0,0.0,0.0,-0.0
2023-04-06 00:00:00+00:00,20260201_193427_57760e3f_StateSignal_XLE,0.0,0.0,0.929281672875119,0.929281672875119,0.0,0.0,0.0,0.0
2023-04-10 00:00:00+00:00,20260201_193427_57760e3f_StateSignal_XLE,0.0,0.0,0.929281672875119,0.929281672875119,0.0,0.0,0.0,0.0
2023-04-11 00:00:00+00:00,20260201_193427_57760e3f_StateSignal_XLE,0.0,0.0,0.929281672875119,0.929281672875119,0.0,0.0,0.0,-0.0
2023-04-12 00:00:00+00:00,20260201_193427_57760e3f_StateSignal_XLE,0.015996278626165594,0.015996278626165594,0.9441467214366187,0.9441467214366187,0.0,0.0,1.0,0.015996278626165594
2023-04-13 00:00:00+00:00,20260201_193427_57760e3f_StateSignal_XLE,-0.003279932295811694,-0.003279932295811694,0.941049984112994,0.941049984112994,0.0,0.0,1.0,-0.003279932295811694
2023-04-14 00:00:00+00:00,20260201_193427_57760e3f_StateSignal_XLE,0.0007578628631015327,0.0007578628631015327,0.9417631709482756,0.9417631709482756,0.0,0.0,1.0,0.0007578628631015327
2023-04-17 00:00:00+00:00,20260201_193427_57760e3f_StateSignal_XLE,0.003277451566072731,0.003277451566072731,0.9448497541277696,0.9448497541277696,0.0,0.0,1.0,0.003277451566072731
2023-04-18 00:00:00+00:00,20260201_193427_57760e3f_StateSignal_XLE,-0.006819069232038011,-0.006819069232038011,0.9384067582404982,0.9384067582404982,0.0,0.0,1.0,-0.006819069232038011
2023-04-19 00:00:00+00:00,20260201_193427_57760e3f_StateSignal_XLE,-0.0012679093875571645,-0.0012679093875571645,0.937216943502378,0.937216943502378,0.0,0.0,1.0,-0.0012679093875571645
2023-04-20 00:00:00+00:00,20260201_193427_57760e3f_StateSignal_XLE,-0.008664682139932989,-0.008664682139932989,0.9290962565907704,0.9290962565907704,0.0,0.0,1.0,-0.008664682139932989
2023-04-21 00:00:00+00:00,20260201_193427_57760e3f_StateSignal_XLE,-0.009773740354557692,-0.009773740354557692,0.9200155110144608,0.9200155110144608,0.0,0.0,1.0,-0.009773740354557692
2023-04-24 00:00:00+00:00,20260201_193427_57760e3f_StateSignal_XLE,0.0041269081012349496,0.0041269081012349496,0.9238123304801281,0.9238123304801281,0.0,0.0,1.0,0.0041269081012349496
2023-04-25 00:00:00+00:00,20260201_193427_57760e3f_StateSignal_XLE,0.010498112034658558,0.010498112034658558,0.9335106158245076,0.9335106158245076,0.0,0.0,1.0,0.010498112034658558
2023-04-26 00:00:00+00:00,20260201_193427_57760e3f_StateSignal_XLE,-0.015400715068130122,-0.015400715068130122,0.9191338848171197,0.9191338848171197,0.0,0.0,1.0,-0.015400715068130122
2023-04-27 00:00:00+00:00,20260201_193427_57760e3f_StateSignal_XLE,0.0005171968049086928,0.0005171968049086928,0.9196092579256304,0.9196092579256304,0.0,0.0,1.0,0.0005171968049086928
2023-04-28 00:00:00+00:00,20260201_193427_57760e3f_StateSignal_XLE,-0.019316706078225554,-0.019316706078225554,0.9018454361834659,0.9018454361834659,0.0,0.0,1.0,-0.019316706078225554
2023-05-01 00:00:00+00:00,20260201_193427_57760e3f_StateSignal_XLE,0.026529514267466414,0.026529514267466414,0.9257709575497446,0.9257709575497446,0.0,0.0,1.0,0.026529514267466414
2023-05-02 00:00:00+00:00,20260201_193427_57760e3f_StateSignal_XLE,-0.009727912946941994,-0.009727912946941994,0.9167651382658936,0.9167651382658936,0.0,0.0,0.7102183142630091,-0.009727912946941994
2023-05-03 00:00:00+00:00,20260201_193427_57760e3f_StateSignal_XLE,-0.03310097252367369,-0.03310097252367369,0.8864193206134923,0.8864193206134923,0.0,0.0,0.7102183142630091,-0.03310097252367369
2023-05-04 00:00:00+00:00,20260201_193427_57760e3f_StateSignal_XLE,-0.007787559541070539,-0.007787559541070539,0.8795162773758594,0.8795162773758594,0.0,0.0,0.7102183142630091,-0.007787559541070539
2023-05-05 00:00:00+00:00,20260201_193427_57760e3f_StateSignal_XLE,-0.012242042182227264,-0.012242042182227264,0.8687492020082687,0.8687492020082687,0.0,0.0,0.7102183142630091,-0.012242042182227264
2023-05-08 00:00:00+00:00,20260201_193427_57760e3f_StateSignal_XLE,0.01886689753849166,0.01886689753849166,0.885139804189205,0.885139804189205,0.0,0.0,0.7102183142630091,0.01886689753849166
2023-05-09 00:00:00+00:00,20260201_193427_57760e3f_StateSignal_XLE,0.005409741280400608,0.005409741280400608,0.889928181526853,0.889928181526853,0.0,0.0,0.7102183142630091,0.005409741280400608
2023-05-10 00:00:00+00:00,20260201_193427_57760e3f_StateSignal_XLE,-0.005215825015915661,-0.005215825015915661,0.885286471855277,0.885286471855277,0.0,0.0,0.7102183142630091,-0.005215825015915661
2023-05-11 00:00:00+00:00,20260201_193427_57760e3f_StateSignal_XLE,-0.009368225714295356,-0.009368225714295356,0.8769929083651246,0.8769929083651246,0.0,0.0,0.7102183142630091,-0.009368225714295356
2023-05-12 00:00:00+00:00,20260201_193427_57760e3f_StateSignal_XLE,-0.00770373684705645,-0.00770373684705645,0.8702367857823449,0.8702367857823449,0.0,0.0,0.7102183142630091,-0.00770373684705645
2023-05-15 00:00:00+00:00,20260201_193427_57760e3f_StateSignal_XLE,0.0019832973353692434,0.0019832973353692434,0.8719627240807273,0.8719627240807273,0.0,0.0,0.7102183142630091,0.0019832973353692434
2023-05-16 00:00:00+00:00,20260201_193427_57760e3f_StateSignal_XLE,0.002372669180867079,0.002372669180867079,0.8740316031630184,0.8740316031630184,0.0,0.0,0.7102183142630091,0.002372669180867079
2023-05-17 00:00:00+00:00,20260201_193427_57760e3f_StateSignal_XLE,-0.014960916521670626,-0.014960916521670626,0.8609552893107946,0.8609552893107946,0.0,0.0,0.7102183142630091,-0.014960916521670626
2023-05-18 00:00:00+00:00,20260201_193427_57760e3f_StateSignal_XLE,0.008217659306367779,0.008217659306367779,0.868030326556366,0.868030326556366,0.0,0.0,0.7102183142630091,0.008217659306367779
2023-05-19 00:00:00+00:00,20260201_193427_57760e3f_StateSignal_XLE,0.0015924184121077476,0.0015924184121077476,0.8694125940306422,0.8694125940306422,0.0,0.0,0.7102183142630091,0.0015924184121077476
2023-05-22 00:00:00+00:00,20260201_193427_57760e3f_StateSignal_XLE,0.0118306730194378,0.0118306730194378,0.8796983301495999,0.8796983301495999,0.0,0.0,0.7102183142630091,0.0118306730194378
2023-05-23 00:00:00+00:00,20260201_193427_57760e3f_StateSignal_XLE,0.002732362919391566,0.002732362919391566,0.8821019852471513,0.8821019852471513,0.0,0.0,0.7102183142630091,0.002732362919391566
2023-05-24 00:00:00+00:00,20260201_193427_57760e3f_StateSignal_XLE,0.007556615894105238,0.007556615894105238,0.8887676911290917,0.8887676911290917,0.0,0.0,0.7102183142630091,0.007556615894105238
2023-05-25 00:00:00+00:00,20260201_193427_57760e3f_StateSignal_XLE,0.0021168966917132124,0.0021168966917132124,0.8906491205141444,0.8906491205141444,0.0,0.0,0.7102183142630091,0.0021168966917132124
2023-05-26 00:00:00+00:00,20260201_193427_57760e3f_StateSignal_XLE,-0.021656459593678432,-0.021656459593678432,0.8713608138235845,0.8713608138235845,0.0,0.0,0.7102183142630091,-0.021656459593678432
2023-05-30 00:00:00+00:00,20260201_193427_57760e3f_StateSignal_XLE,0.00019808069135863617,0.00019808069135863617,0.8715334135760096,0.8715334135760096,0.0,0.0,0.7102183142630091,0.00019808069135863617
2023-05-31 00:00:00+00:00,20260201_193427_57760e3f_StateSignal_XLE,-0.008567753647595005,-0.008567753647595005,0.8640663299928428,0.8640663299928428,0.0,0.0,0.7102183142630091,-0.008567753647595005
2023-06-01 00:00:00+00:00,20260201_193427_57760e3f_StateSignal_XLE,-0.010783305396781184,-0.010783305396781184,0.8547488388734541,0.8547488388734541,0.0,0.0,1.0,-0.010783305396781184
2023-06-02 00:00:00+00:00,20260201_193427_57760e3f_StateSignal_XLE,0.013883209245905803,0.013883209245905803,0.8666154958562293,0.8666154958562293,0.0,0.0,1.0,0.013883209245905803
2023-06-05 00:00:00+00:00,20260201_193427_57760e3f_StateSignal_XLE,0.02226024024152018,0.02226024024152018,0.8859065649910132,0.8859065649910132,0.0,0.0,1.0,0.02226024024152018
2023-06-06 00:00:00+00:00,20260201_193427_57760e3f_StateSignal_XLE,0.0011001101219512144,0.0011001101219512144,0.8868811597702628,0.8868811597702628,0.0,0.0,1.0,0.0011001101219512144
2023-06-07 00:00:00+00:00,20260201_193427_57760e3f_StateSignal_XLE,0.0005496015527186593,0.0005496015527186593,0.8873685910327495,0.8873685910327495,0.0,0.0,1.0,0.0005496015527186593
2023-06-08 00:00:00+00:00,20260201_193427_57760e3f_StateSignal_XLE,0.0,0.0,0.8873685910327495,0.8873685910327495,0.0,0.0,0.0,0.0
2023-06-09 00:00:00+00:00,20260201_193427_57760e3f_StateSignal_XLE,0.0,0.0,0.8873685910327495,0.8873685910327495,0.0,0.0,0.0,-0.0
2023-06-12 00:00:00+00:00,20260201_193427_57760e3f_StateSignal_XLE,0.0,0.0,0.8873685910327495,0.8873685910327495,0.0,0.0,0.0,0.0
2023-06-13 00:00:00+00:00,20260201_193427_57760e3f_StateSignal_XLE,0.0,0.0,0.8873685910327495,0.8873685910327495,0.0,0.0,0.0,-0.0
2023-06-14 00:00:00+00:00,20260201_193427_57760e3f_StateSignal_XLE,0.0,0.0,0.8873685910327495,0.8873685910327495,0.0,0.0,0.0,0.0
2023-06-15 00:00:00+00:00,20260201_193427_57760e3f_StateSignal_XLE,-0.017029739844802272,-0.017029739844802272,0.872256934781013,0.872256934781013,0.0,0.0,1.0,-0.017029739844802272
2023-06-16 00:00:00+00:00,20260201_193427_57760e3f_StateSignal_XLE,0.012462908536295725,0.012462908536295725,0.8831277931793384,0.8831277931793384,0.0,0.0,1.0,0.012462908536295725
2023-06-20 00:00:00+00:00,20260201_193427_57760e3f_StateSignal_XLE,-0.005941146289908161,-0.005941146289908161,0.8778810017673763,0.8778810017673763,0.0,0.0,1.0,-0.005941146289908161
2023-06-21 00:00:00+00:00,20260201_193427_57760e3f_StateSignal_XLE,-0.02690252827923878,-0.02690252827923878,0.854263783291523,0.854263783291523,0.0,0.0,1.0,-0.02690252827923878
2023-06-22 00:00:00+00:00,20260201_193427_57760e3f_StateSignal_XLE,0.020108100727821654,0.020108100727821654,0.8714414054940789,0.8714414054940789,0.0,0.0,1.0,0.020108100727821654
2023-06-23 00:00:00+00:00,20260201_193427_57760e3f_StateSignal_XLE,-0.020386380957807315,-0.020386380957807315,0.8536758690192695,0.8536758690192695,0.0,0.0,1.0,-0.020386380957807315
2023-06-26 00:00:00+00:00,20260201_193427_57760e3f_StateSignal_XLE,-0.0081039985228184,-0.0081039985228184,0.8467576810377716,0.8467576810377716,0.0,0.0,1.0,-0.0081039985228184
2023-06-27 00:00:00+00:00,20260201_193427_57760e3f_StateSignal_XLE,0.017798022644327283,0.017798022644327283,0.8618282934191399,0.8618282934191399,0.0,0.0,1.0,0.017798022644327283
2023-06-28 00:00:00+00:00,20260201_193427_57760e3f_StateSignal_XLE,-0.0019313014693862485,-0.0019313014693862485,0.8601638431697008,0.8601638431697008,0.0,0.0,1.0,-0.0019313014693862485
2023-06-29 00:00:00+00:00,20260201_193427_57760e3f_StateSignal_XLE,0.011259215468814698,0.011259215468814698,0.8698486132184322,0.8698486132184322,0.0,0.0,1.0,0.011259215468814698
2023-06-30 00:00:00+00:00,20260201_193427_57760e3f_StateSignal_XLE,0.006261079388981017,0.006261079388981017,0.8752948044421879,0.8752948044421879,0.0,0.0,1.0,0.006261079388981017
2023-07-03 00:00:00+00:00,20260201_193427_57760e3f_StateSignal_XLE,0.01053624861063275,0.01053624861063275,0.884517128109386,0.884517128109386,0.0,0.0,0.6025770200719391,0.01053624861063275
2023-07-05 00:00:00+00:00,20260201_193427_57760e3f_StateSignal_XLE,0.0030453485171263984,0.0030453485171263984,0.8872107910338468,0.8872107910338468,0.0,0.0,0.6025770200719391,0.0030453485171263984
2023-07-06 00:00:00+00:00,20260201_193427_57760e3f_StateSignal_XLE,-0.007237766424698375,-0.007237766424698375,0.8807893665588719,0.8807893665588719,0.0,0.0,0.6025770200719391,-0.007237766424698375
2023-07-07 00:00:00+00:00,20260201_193427_57760e3f_StateSignal_XLE,-0.015903513468398522,-0.015903513468398522,0.8667817210049806,0.8667817210049806,0.0,0.0,0.6025770200719391,-0.015903513468398522
2023-07-10 00:00:00+00:00,20260201_193427_57760e3f_StateSignal_XLE,0.012658610526917868,0.012658610526917868,0.8777539732230344,0.8777539732230344,0.0,0.0,0.6025770200719391,0.012658610526917868
2023-07-11 00:00:00+00:00,20260201_193427_57760e3f_StateSignal_XLE,0.007276612214929727,0.007276612214929727,0.8841410485062922,0.8841410485062922,0.0,0.0,0.6025770200719391,0.007276612214929727
2023-07-12 00:00:00+00:00,20260201_193427_57760e3f_StateSignal_XLE,0.01035791900470228,0.01035791900470228,0.8932989098754529,0.8932989098754529,0.0,0.0,0.6025770200719391,0.01035791900470228
2023-07-13 00:00:00+00:00,20260201_193427_57760e3f_StateSignal_XLE,0.0070679725775350056,0.0070679725775350056,0.8996127220739946,0.8996127220739946,0.0,0.0,0.6025770200719391,0.0070679725775350056
2023-07-14 00:00:00+00:00,20260201_193427_57760e3f_StateSignal_XLE,-0.001094031980076609,-0.001094031980076609,0.8986285169863618,0.8986285169863618,0.0,0.0,0.6025770200719391,-0.001094031980076609
2023-07-17 00:00:00+00:00,20260201_193427_57760e3f_StateSignal_XLE,-0.012646361751910626,-0.012646361751910626,0.8872641356799693,0.8872641356799693,0.0,0.0,0.6025770200719391,-0.012646361751910626
2023-07-18 00:00:00+00:00,20260201_193427_57760e3f_StateSignal_XLE,-0.0067471339009249655,-0.0067471339009249655,0.881277645751048,0.881277645751048,0.0,0.0,0.6025770200719391,-0.0067471339009249655
2023-07-19 00:00:00+00:00,20260201_193427_57760e3f_StateSignal_XLE,0.01215430100505953,0.01215430100505953,0.8919889595265366,0.8919889595265366,0.0,0.0,0.6025770200719391,0.01215430100505953
2023-07-20 00:00:00+00:00,20260201_193427_57760e3f_StateSignal_XLE,0.00173904022600804,0.00173904022600804,0.8935401642083083,0.8935401642083083,0.0,0.0,0.6025770200719391,0.00173904022600804
2023-07-21 00:00:00+00:00,20260201_193427_57760e3f_StateSignal_XLE,0.0020487796017618688,0.0020487796017618688,0.8953708310700932,0.8953708310700932,0.0,0.0,0.6025770200719391,0.0020487796017618688
2023-07-24 00:00:00+00:00,20260201_193427_57760e3f_StateSignal_XLE,0.0073495448391709805,0.0073495448391709805,0.9019513991407286,0.9019513991407286,0.0,0.0,0.6025770200719391,0.0073495448391709805
2023-07-25 00:00:00+00:00,20260201_193427_57760e3f_StateSignal_XLE,0.01367631184996788,0.01367631184996788,0.9142867677488921,0.9142867677488921,0.0,0.0,0.6025770200719391,0.01367631184996788
2023-07-26 00:00:00+00:00,20260201_193427_57760e3f_StateSignal_XLE,-0.0004559796056191189,-0.0004559796056191189,0.9138698716291112,0.9138698716291112,0.0,0.0,0.6025770200719391,-0.0004559796056191189
2023-07-27 00:00:00+00:00,20260201_193427_57760e3f_StateSignal_XLE,0.0004559796056191189,0.0004559796056191189,0.9142865776527638,0.9142865776527638,0.0,0.0,0.6025770200719391,0.0004559796056191189
2023-07-28 00:00:00+00:00,20260201_193427_57760e3f_StateSignal_XLE,0.002426080861831331,0.002426080861831331,0.9165047108210364,0.9165047108210364,0.0,0.0,0.6025770200719391,0.002426080861831331
2023-07-31 00:00:00+00:00,20260201_193427_57760e3f_StateSignal_XLE,-0.006848404540478414,-0.006848404540478414,0.9102281157980797,0.9102281157980797,0.0,0.0,0.6025770200719391,-0.006848404540478414
2023-08-01 00:00:00+00:00,20260201_193427_57760e3f_StateSignal_XLE,0.013919043635787564,0.013919043635787564,0.9228976206603939,0.9228976206603939,0.0,0.0,0.6025770200719391,0.013919043635787564
2023-08-02 00:00:00+00:00,20260201_193427_57760e3f_StateSignal_XLE,0.0,0.0,0.9228976206603939,0.9228976206603939,0.0,0.0,0.0,-0.0
2023-08-03 00:00:00+00:00,20260201_193427_57760e3f_StateSignal_XLE,0.0,0.0,0.9228976206603939,0.9228976206603939,0.0,0.0,0.0,-0.0
2023-08-04 00:00:00+00:00,20260201_193427_57760e3f_StateSignal_XLE,0.0,0.0,0.9228976206603939,0.9228976206603939,0.0,0.0,0.0,0.0
2023-08-07 00:00:00+00:00,20260201_193427_57760e3f_StateSignal_XLE,0.006483920031658828,0.006483920031658828,0.9288816150301642,0.9288816150301642,0.0,0.0,0.845101625003781,0.006483920031658828
2023-08-08 00:00:00+00:00,20260201_193427_57760e3f_StateSignal_XLE,-0.007954941508387844,-0.007954941508387844,0.9214924161143824,0.9214924161143824,0.0,0.0,0.845101625003781,-0.007954941508387844
2023-08-09 00:00:00+00:00,20260201_193427_57760e3f_StateSignal_XLE,-0.007605965965581531,-0.007605965965581531,0.914483576159875,0.914483576159875,0.0,0.0,0.845101625003781,-0.007605965965581531
2023-08-10 00:00:00+00:00,20260201_193427_57760e3f_StateSignal_XLE,0.02013240515941793,0.02013240515941793,0.9328943300267589,0.9328943300267589,0.0,0.0,0.845101625003781,0.02013240515941793
2023-08-11 00:00:00+00:00,20260201_193427_57760e3f_StateSignal_XLE,0.004340754101153499,0.004340754101153499,0.9369437949157654,0.9369437949157654,0.0,0.0,0.845101625003781,0.004340754101153499
2023-08-14 00:00:00+00:00,20260201_193427_57760e3f_StateSignal_XLE,0.008819245156489066,0.008819245156489066,0.9452069319409787,0.9452069319409787,0.0,0.0,0.845101625003781,0.008819245156489066
2023-08-15 00:00:00+00:00,20260201_193427_57760e3f_StateSignal_XLE,-0.003270837658224081,-0.003270837658224081,0.9421153135131717,0.9421153135131717,0.0,0.0,0.845101625003781,-0.003270837658224081
2023-08-16 00:00:00+00:00,20260201_193427_57760e3f_StateSignal_XLE,-0.01508596573219237,-0.01508596573219237,0.9279025941777383,0.9279025941777383,0.0,0.0,0.845101625003781,-0.01508596573219237
2023-08-17 00:00:00+00:00,20260201_193427_57760e3f_StateSignal_XLE,0.00020848689510035622,0.00020848689510035622,0.9280960497085541,0.9280960497085541,0.0,0.0,0.845101625003781,0.00020848689510035622
2023-08-18 00:00:00+00:00,20260201_193427_57760e3f_StateSignal_XLE,0.0056097916804401775,0.0056097916804401775,0.9333024752068584,0.9333024752068584,0.0,0.0,0.845101625003781,0.0056097916804401775
2023-08-21 00:00:00+00:00,20260201_193427_57760e3f_StateSignal_XLE,0.0,0.0,0.9333024752068584,0.9333024752068584,0.0,0.0,0.0,0.0
2023-08-22 00:00:00+00:00,20260201_193427_57760e3f_StateSignal_XLE,0.0,0.0,0.9333024752068584,0.9333024752068584,0.0,0.0,0.0,-0.0
2023-08-23 00:00:00+00:00,20260201_193427_57760e3f_StateSignal_XLE,0.0,0.0,0.9333024752068584,0.9333024752068584,0.0,0.0,0.0,0.0
2023-08-24 00:00:00+00:00,20260201_193427_57760e3f_StateSignal_XLE,0.0,0.0,0.9333024752068584,0.9333024752068584,0.0,0.0,0.0,-0.0
2023-08-25 00:00:00+00:00,20260201_193427_57760e3f_StateSignal_XLE,0.0,0.0,0.9333024752068584,0.9333024752068584,0.0,0.0,0.0,0.0
2023-08-28 00:00:00+00:00,20260201_193427_57760e3f_StateSignal_XLE,0.0,0.0,0.9333024752068584,0.9333024752068584,0.0,0.0,0.0,0.0
2023-08-29 00:00:00+00:00,20260201_193427_57760e3f_StateSignal_XLE,0.0,0.0,0.9333024752068584,0.9333024752068584,0.0,0.0,0.0,0.0
2023-08-30 00:00:00+00:00,20260201_193427_57760e3f_StateSignal_XLE,0.0,0.0,0.9333024752068584,0.9333024752068584,0.0,0.0,0.0,-0.0
2023-08-31 00:00:00+00:00,20260201_193427_57760e3f_StateSignal_XLE,0.00982084986409415,0.00982084986409415,0.9424682986936523,0.9424682986936523,0.0,0.0,1.0,0.00982084986409415
2023-09-01 00:00:00+00:00,20260201_193427_57760e3f_StateSignal_XLE,-0.0014669929281256877,-0.0014669929281256877,0.9410857043644861,0.9410857043644861,0.0,0.0,1.0,-0.0014669929281256877
2023-09-05 00:00:00+00:00,20260201_193427_57760e3f_StateSignal_XLE,0.01650122372527152,0.01650122372527152,0.9566147701168592,0.9566147701168592,0.0,0.0,1.0,0.01650122372527152
2023-09-06 00:00:00+00:00,20260201_193427_57760e3f_StateSignal_XLE,0.020250840936455017,0.020250840936455017,0.9759870236639593,0.9759870236639593,0.0,0.0,1.0,0.020250840936455017
2023-09-07 00:00:00+00:00,20260201_193427_57760e3f_StateSignal_XLE,-0.01138532222512545,-0.01138532222512545,0.964875096912004,0.964875096912004,0.0,0.0,1.0,-0.01138532222512545
2023-09-08 00:00:00+00:00,20260201_193427_57760e3f_StateSignal_XLE,0.004759647252988053,0.004759647252988053,0.9694675620164979,0.9694675620164979,0.0,0.0,1.0,0.004759647252988053
2023-09-11 00:00:00+00:00,20260201_193427_57760e3f_StateSignal_XLE,0.009922122506316189,0.009922122506316189,0.9790867379327253,0.9790867379327253,0.0,0.0,1.0,0.009922122506316189
2023-09-12 00:00:00+00:00,20260201_193427_57760e3f_StateSignal_XLE,-0.013489732426591683,-0.013489732426591683,0.9658791198155883,0.9658791198155883,0.0,0.0,1.0,-0.013489732426591683
2023-09-13 00:00:00+00:00,20260201_193427_57760e3f_StateSignal_XLE,0.01911562630876018,0.01911562630876018,0.9843425041294173,0.9843425041294173,0.0,0.0,1.0,0.01911562630876018
2023-09-14 00:00:00+00:00,20260201_193427_57760e3f_StateSignal_XLE,-0.007272759329079559,-0.007272759329079559,0.9771836179995005,0.9771836179995005,0.0,0.0,1.0,-0.007272759329079559
2023-09-15 00:00:00+00:00,20260201_193427_57760e3f_StateSignal_XLE,0.011936946889184341,0.011936946889184341,0.9888482069485415,0.9888482069485415,0.0,0.0,1.0,0.011936946889184341
2023-09-18 00:00:00+00:00,20260201_193427_57760e3f_StateSignal_XLE,-0.0065359709797854215,-0.0065359709797854215,0.9823851237645129,0.9823851237645129,0.0,0.0,1.0,-0.0065359709797854215
2023-09-19 00:00:00+00:00,20260201_193427_57760e3f_StateSignal_XLE,0.0037400698108518426,0.0037400698108518426,0.9860593127085345,0.9860593127085345,0.0,0.0,1.0,0.0037400698108518426
2023-09-20 00:00:00+00:00,20260201_193427_57760e3f_StateSignal_XLE,-0.01008333083119739,-0.01008333083119739,0.9761165504393112,0.9761165504393112,0.0,0.0,1.0,-0.01008333083119739
2023-09-21 00:00:00+00:00,20260201_193427_57760e3f_StateSignal_XLE,-0.0030685731620012646,-0.0030685731620012646,0.9731212653896479,0.9731212653896479,0.0,0.0,1.0,-0.0030685731620012646
2023-09-22 00:00:00+00:00,20260201_193427_57760e3f_StateSignal_XLE,-0.01668691878501427,-0.01668691878501427,0.9568828698661206,0.9568828698661206,0.0,0.0,1.0,-0.01668691878501427
2023-09-25 00:00:00+00:00,20260201_193427_57760e3f_StateSignal_XLE,-0.0019249284095845809,-0.0019249284095845809,0.9550409388452704,0.9550409388452704,0.0,0.0,1.0,-0.0019249284095845809
2023-09-26 00:00:00+00:00,20260201_193427_57760e3f_StateSignal_XLE,0.008394341173418862,0.008394341173418862,0.9630578783205199,0.9630578783205199,0.0,0.0,1.0,0.008394341173418862
2023-09-27 00:00:00+00:00,20260201_193427_57760e3f_StateSignal_XLE,0.0,0.0,0.9630578783205199,0.9630578783205199,0.0,0.0,1.0,0.0
2023-09-28 00:00:00+00:00,20260201_193427_57760e3f_StateSignal_XLE,0.019160846402500376,0.019160846402500376,0.9815108824037373,0.9815108824037373,0.0,0.0,1.0,0.019160846402500376
2023-09-29 00:00:00+00:00,20260201_193427_57760e3f_StateSignal_XLE,0.003508365193726881,0.003508365193726881,0.9849543810208268,0.9849543810208268,0.0,0.0,1.0,0.003508365193726881
2023-10-02 00:00:00+00:00,20260201_193427_57760e3f_StateSignal_XLE,-0.019093096210424765,-0.019093096210424765,0.9661485522611167,0.9661485522611167,0.0,0.0,1.0,-0.019093096210424765
2023-10-03 00:00:00+00:00,20260201_193427_57760e3f_StateSignal_XLE,-0.02530560385807501,-0.02530560385807501,0.9416995797295442,0.9416995797295442,0.0,0.0,1.0,-0.02530560385807501
2023-10-04 00:00:00+00:00,20260201_193427_57760e3f_StateSignal_XLE,-0.005384251871908052,-0.005384251871908052,0.9366292320046103,0.9366292320046103,0.0,0.0,1.0,-0.005384251871908052
2023-10-05 00:00:00+00:00,20260201_193427_57760e3f_StateSignal_XLE,-0.021079515791053716,-0.021079515791053716,0.9168855413182067,0.9168855413182067,0.0,0.0,1.0,-0.021079515791053716
2023-10-06 00:00:00+00:00,20260201_193427_57760e3f_StateSignal_XLE,-0.009569451016150587,-0.009569451016150587,0.9081114500431453,0.9081114500431453,0.0,0.0,1.0,-0.009569451016150587
2023-10-09 00:00:00+00:00,20260201_193427_57760e3f_StateSignal_XLE,0.009318793037647932,0.009318793037647932,0.9165739527012158,0.9165739527012158,0.0,0.0,1.0,0.009318793037647932
2023-10-10 00:00:00+00:00,20260201_193427_57760e3f_StateSignal_XLE,0.0,0.0,0.9165739527012158,0.9165739527012158,0.0,0.0,0.0,0.0
2023-10-11 00:00:00+00:00,20260201_193427_57760e3f_StateSignal_XLE,0.0,0.0,0.9165739527012158,0.9165739527012158,0.0,0.0,0.0,0.0
2023-10-12 00:00:00+00:00,20260201_193427_57760e3f_StateSignal_XLE,0.0,0.0,0.9165739527012158,0.9165739527012158,0.0,0.0,0.0,-0.0
2023-10-13 00:00:00+00:00,20260201_193427_57760e3f_StateSignal_XLE,0.0,0.0,0.9165739527012158,0.9165739527012158,0.0,0.0,0.0,0.0
2023-10-16 00:00:00+00:00,20260201_193427_57760e3f_StateSignal_XLE,0.0,0.0,0.9165739527012158,0.9165739527012158,0.0,0.0,0.0,0.0
2023-10-17 00:00:00+00:00,20260201_193427_57760e3f_StateSignal_XLE,0.007440331935540279,0.007440331935540279,0.923393567152783,0.923393567152783,0.0,0.0,1.0,0.007440331935540279
2023-10-18 00:00:00+00:00,20260201_193427_57760e3f_StateSignal_XLE,0.009519348419686935,0.009519348419686935,0.9321836722470079,0.9321836722470079,0.0,0.0,1.0,0.009519348419686935
2023-10-19 00:00:00+00:00,20260201_193427_57760e3f_StateSignal_XLE,0.010602054779734083,0.010602054779734083,0.9420667346049444,0.9420667346049444,0.0,0.0,1.0,0.010602054779734083
2023-10-20 00:00:00+00:00,20260201_193427_57760e3f_StateSignal_XLE,0.0030420053878423836,0.0030420053878423836,0.9449325066873198,0.9449325066873198,0.0,0.0,1.0,0.0030420053878423836
2023-10-23 00:00:00+00:00,20260201_193427_57760e3f_StateSignal_XLE,-0.015066198354644289,-0.015066198354644289,0.9306959661098173,0.9306959661098173,0.0,0.0,1.0,-0.015066198354644289
2023-10-24 00:00:00+00:00,20260201_193427_57760e3f_StateSignal_XLE,-0.016984022651802988,-0.016984022651802988,0.9148890047394665,0.9148890047394665,0.0,0.0,1.0,-0.016984022651802988
2023-10-25 00:00:00+00:00,20260201_193427_57760e3f_StateSignal_XLE,-0.014336292191827749,-0.014336292191827749,0.9017728886444311,0.9017728886444311,0.0,0.0,1.0,-0.014336292191827749
2023-10-26 00:00:00+00:00,20260201_193427_57760e3f_StateSignal_XLE,-0.009343564410265959,-0.009343564410265959,0.8933471155759503,0.8933471155759503,0.0,0.0,1.0,-0.009343564410265959
2023-10-27 00:00:00+00:00,20260201_193427_57760e3f_StateSignal_XLE,-0.005201250115847156,-0.005201250115847156,0.8887005937875692,0.8887005937875692,0.0,0.0,1.0,-0.005201250115847156
2023-10-30 00:00:00+00:00,20260201_193427_57760e3f_StateSignal_XLE,-0.02133347313878886,-0.02133347313878886,0.8697415235415763,0.8697415235415763,0.0,0.0,1.0,-0.02133347313878886
2023-10-31 00:00:00+00:00,20260201_193427_57760e3f_StateSignal_XLE,-0.007895112957151174,-0.007895112957151174,0.8628748159696908,0.8628748159696908,0.0,0.0,1.0,-0.007895112957151174
2023-11-01 00:00:00+00:00,20260201_193427_57760e3f_StateSignal_XLE,0.009416025797857941,0.009416025797857941,0.8709996674971834,0.8709996674971834,0.0,0.0,1.0,0.009416025797857941
2023-11-02 00:00:00+00:00,20260201_193427_57760e3f_StateSignal_XLE,0.008575084070769456,0.008575084070769456,0.8784685628715839,0.8784685628715839,0.0,0.0,1.0,0.008575084070769456
2023-11-03 00:00:00+00:00,20260201_193427_57760e3f_StateSignal_XLE,0.011982170316586771,0.011982170316586771,0.8889945228096785,0.8889945228096785,0.0,0.0,1.0,0.011982170316586771
2023-11-06 00:00:00+00:00,20260201_193427_57760e3f_StateSignal_XLE,-0.0004964011022754455,-0.0004964011022754455,0.888553224948639,0.888553224948639,0.0,0.0,1.0,-0.0004964011022754455
2023-11-07 00:00:00+00:00,20260201_193427_57760e3f_StateSignal_XLE,-0.004728141195946112,-0.004728141195946112,0.8843520198409686,0.8843520198409686,0.0,0.0,1.0,-0.004728141195946112
2023-11-08 00:00:00+00:00,20260201_193427_57760e3f_StateSignal_XLE,-0.033480174971577625,-0.033480174971577625,0.8547437594802249,0.8547437594802249,0.0,0.0,1.0,-0.033480174971577625
2023-11-09 00:00:00+00:00,20260201_193427_57760e3f_StateSignal_XLE,-0.004912744205254782,-0.004912744205254782,0.8505446220288607,0.8505446220288607,0.0,0.0,1.0,-0.004912744205254782
2023-11-10 00:00:00+00:00,20260201_193427_57760e3f_StateSignal_XLE,-0.004155850137172568,-0.004155850137172568,0.8470098860447307,0.8470098860447307,0.0,0.0,1.0,-0.004155850137172568
2023-11-13 00:00:00+00:00,20260201_193427_57760e3f_StateSignal_XLE,0.002080083953328149,0.002080083953328149,0.8487717377170027,0.8487717377170027,0.0,0.0,1.0,0.002080083953328149
2023-11-14 00:00:00+00:00,20260201_193427_57760e3f_StateSignal_XLE,0.013928520251153209,0.013928520251153209,0.8605938720544004,0.8605938720544004,0.0,0.0,1.0,0.013928520251153209
2023-11-15 00:00:00+00:00,20260201_193427_57760e3f_StateSignal_XLE,0.009179054758996052,0.009179054758996052,0.8684933103312442,0.8684933103312442,0.0,0.0,1.0,0.009179054758996052
2023-11-16 00:00:00+00:00,20260201_193427_57760e3f_StateSignal_XLE,0.004810744814151224,0.004810744814151224,0.8726714100200453,0.8726714100200453,0.0,0.0,1.0,0.004810744814151224
2023-11-17 00:00:00+00:00,20260201_193427_57760e3f_StateSignal_XLE,-0.03600285988061458,-0.03600285988061458,0.8412527435232753,0.8412527435232753,0.0,0.0,1.0,-0.03600285988061458
2023-11-20 00:00:00+00:00,20260201_193427_57760e3f_StateSignal_XLE,0.027632487610890433,0.027632487610890433,0.8644986495363097,0.8644986495363097,0.0,0.0,1.0,0.027632487610890433
2023-11-21 00:00:00+00:00,20260201_193427_57760e3f_StateSignal_XLE,0.0063476155749842,0.0063476155749842,0.8699861546286592,0.8699861546286592,0.0,0.0,1.0,0.0063476155749842
2023-11-22 00:00:00+00:00,20260201_193427_57760e3f_StateSignal_XLE,-0.005838320937034069,-0.005838320937034069,0.864906896247161,0.864906896247161,0.0,0.0,1.0,-0.005838320937034069
2023-11-24 00:00:00+00:00,20260201_193427_57760e3f_StateSignal_XLE,-0.006641148291299803,-0.006641148291299803,0.8591629212910158,0.8591629212910158,0.0,0.0,1.0,-0.006641148291299803
2023-11-27 00:00:00+00:00,20260201_193427_57760e3f_StateSignal_XLE,0.011973140103592517,0.011973140103592517,0.869449799319445,0.869449799319445,0.0,0.0,1.0,0.011973140103592517
2023-11-28 00:00:00+00:00,20260201_193427_57760e3f_StateSignal_XLE,-0.010436648123976155,-0.010436648123976155,0.8603756577024863,0.8603756577024863,0.0,0.0,1.0,-0.010436648123976155
2023-11-29 00:00:00+00:00,20260201_193427_57760e3f_StateSignal_XLE,0.012460428222751396,0.012460428222751396,0.8710963068298906,0.8710963068298906,0.0,0.0,1.0,0.012460428222751396
2023-11-30 00:00:00+00:00,20260201_193427_57760e3f_StateSignal_XLE,0.0,0.0,0.8710963068298906,0.8710963068298906,0.0,0.0,0.0,-0.0
2023-12-01 00:00:00+00:00,20260201_193427_57760e3f_StateSignal_XLE,0.0,0.0,0.8710963068298906,0.8710963068298906,0.0,0.0,0.0,-0.0
2023-12-04 00:00:00+00:00,20260201_193427_57760e3f_StateSignal_XLE,0.0,0.0,0.8710963068298906,0.8710963068298906,0.0,0.0,0.0,0.0
2023-12-05 00:00:00+00:00,20260201_193427_57760e3f_StateSignal_XLE,0.0,0.0,0.8710963068298906,0.8710963068298906,0.0,0.0,0.0,-0.0
2023-12-06 00:00:00+00:00,20260201_193427_57760e3f_StateSignal_XLE,0.0,0.0,0.8710963068298906,0.8710963068298906,0.0,0.0,0.0,-0.0
2023-12-07 00:00:00+00:00,20260201_193427_57760e3f_StateSignal_XLE,0.0,0.0,0.8710963068298906,0.8710963068298906,0.0,0.0,0.0,-0.0
2023-12-08 00:00:00+00:00,20260201_193427_57760e3f_StateSignal_XLE,0.0,0.0,0.8710963068298906,0.8710963068298906,0.0,0.0,0.0,-0.0
2023-12-11 00:00:00+00:00,20260201_193427_57760e3f_StateSignal_XLE,0.0,0.0,0.8710963068298906,0.8710963068298906,0.0,0.0,0.0,0.0
2023-12-12 00:00:00+00:00,20260201_193427_57760e3f_StateSignal_XLE,0.0,0.0,0.8710963068298906,0.8710963068298906,0.0,0.0,0.0,0.0
2023-12-13 00:00:00+00:00,20260201_193427_57760e3f_StateSignal_XLE,0.0,0.0,0.8710963068298906,0.8710963068298906,0.0,0.0,0.0,-0.0
2023-12-14 00:00:00+00:00,20260201_193427_57760e3f_StateSignal_XLE,0.0,0.0,0.8710963068298906,0.8710963068298906,0.0,0.0,0.0,0.0
2023-12-15 00:00:00+00:00,20260201_193427_57760e3f_StateSignal_XLE,0.0,0.0,0.8710963068298906,0.8710963068298906,0.0,0.0,0.0,0.0
2023-12-18 00:00:00+00:00,20260201_193427_57760e3f_StateSignal_XLE,0.0,0.0,0.8710963068298906,0.8710963068298906,0.0,0.0,0.0,-0.0
2023-12-19 00:00:00+00:00,20260201_193427_57760e3f_StateSignal_XLE,0.0,0.0,0.8710963068298906,0.8710963068298906,0.0,0.0,0.0,0.0
2023-12-20 00:00:00+00:00,20260201_193427_57760e3f_StateSignal_XLE,0.0,0.0,0.8710963068298906,0.8710963068298906,0.0,0.0,0.0,0.0
2023-12-21 00:00:00+00:00,20260201_193427_57760e3f_StateSignal_XLE,0.0,0.0,0.8710963068298906,0.8710963068298906,0.0,0.0,0.0,0.0
2023-12-22 00:00:00+00:00,20260201_193427_57760e3f_StateSignal_XLE,0.0,0.0,0.8710963068298906,0.8710963068298906,0.0,0.0,0.0,-0.0
2023-12-26 00:00:00+00:00,20260201_193427_57760e3f_StateSignal_XLE,0.0,0.0,0.8710963068298906,0.8710963068298906,0.0,0.0,0.0,0.0
2023-12-27 00:00:00+00:00,20260201_193427_57760e3f_StateSignal_XLE,0.0,0.0,0.8710963068298906,0.8710963068298906,0.0,0.0,0.0,0.0
2023-12-28 00:00:00+00:00,20260201_193427_57760e3f_StateSignal_XLE,0.0,0.0,0.8710963068298906,0.8710963068298906,0.0,0.0,0.0,-0.0
2023-12-29 00:00:00+00:00,20260201_193427_57760e3f_StateSignal_XLE,0.0,0.0,0.8710963068298906,0.8710963068298906,0.0,0.0,0.0,-0.0
2024-01-02 00:00:00+00:00,20260201_193427_57760e3f_StateSignal_XLE,-0.010399586434143515,-0.010399586434143515,0.86203726549455,0.86203726549455,0.0,0.0,1.0,-0.010399586434143515
2024-01-03 00:00:00+00:00,20260201_193427_57760e3f_StateSignal_XLE,0.016688124325437315,0.016688124325437315,0.876423050554283,0.876423050554283,0.0,0.0,1.0,0.016688124325437315
2024-01-04 00:00:00+00:00,20260201_193427_57760e3f_StateSignal_XLE,0.00350438406194975,0.00350438406194975,0.8794943735241708,0.8794943735241708,0.0,0.0,1.0,0.00350438406194975
2024-01-05 00:00:00+00:00,20260201_193427_57760e3f_StateSignal_XLE,-0.0010000000833336742,-0.0010000000833336742,0.8786148790773551,0.8786148790773551,0.0,0.0,1.0,-0.0010000000833336742
2024-01-08 00:00:00+00:00,20260201_193427_57760e3f_StateSignal_XLE,-0.005266469852654332,-0.005266469852654332,0.8739876803046007,0.8739876803046007,0.0,0.0,1.0,-0.005266469852654332
2024-01-09 00:00:00+00:00,20260201_193427_57760e3f_StateSignal_XLE,-0.023662215796475206,-0.023662215796475206,0.8533071952097725,0.8533071952097725,0.0,0.0,1.0,-0.023662215796475206
2024-01-10 00:00:00+00:00,20260201_193427_57760e3f_StateSignal_XLE,-0.0030943810147481265,-0.0030943810147481265,0.8506667376251674,0.8506667376251674,0.0,0.0,1.0,-0.0030943810147481265
2024-01-11 00:00:00+00:00,20260201_193427_57760e3f_StateSignal_XLE,-0.012997323596249277,-0.012997323596249277,0.8396103467636874,0.8396103467636874,0.0,0.0,1.0,-0.012997323596249277
2024-01-12 00:00:00+00:00,20260201_193427_57760e3f_StateSignal_XLE,0.004438070200579514,0.004438070200579514,0.8433365964237576,0.8433365964237576,0.0,0.0,1.0,0.004438070200579514
2024-01-16 00:00:00+00:00,20260201_193427_57760e3f_StateSignal_XLE,0.005455267458078783,0.005455267458078783,0.847937223114435,0.847937223114435,0.0,0.0,1.0,0.005455267458078783
2024-01-17 00:00:00+00:00,20260201_193427_57760e3f_StateSignal_XLE,-0.013300495980272498,-0.013300495980272498,0.836659237486878,0.836659237486878,0.0,0.0,1.0,-0.013300495980272498
2024-01-18 00:00:00+00:00,20260201_193427_57760e3f_StateSignal_XLE,-0.014012126150450221,-0.014012126150450221,0.8249358627062724,0.8249358627062724,0.0,0.0,1.0,-0.014012126150450221
2024-01-19 00:00:00+00:00,20260201_193427_57760e3f_StateSignal_XLE,-0.006946327690292797,-0.006946327690292797,0.8192055878804403,0.8192055878804403,0.0,0.0,1.0,-0.006946327690292797
2024-01-22 00:00:00+00:00,20260201_193427_57760e3f_StateSignal_XLE,0.002142475377647113,0.002142475377647113,0.820960715681705,0.820960715681705,0.0,0.0,1.0,0.002142475377647113
2024-01-23 00:00:00+00:00,20260201_193427_57760e3f_StateSignal_XLE,0.004271229130945908,0.004271229130945908,0.8244672270058869,0.8244672270058869,0.0,0.0,1.0,0.004271229130945908
2024-01-24 00:00:00+00:00,20260201_193427_57760e3f_StateSignal_XLE,0.006902071467179471,0.006902071467179471,0.8301577587290289,0.8301577587290289,0.0,0.0,1.0,0.006902071467179471
2024-01-25 00:00:00+00:00,20260201_193427_57760e3f_StateSignal_XLE,0.013401856087015496,0.013401856087015496,0.8412834135410346,0.8412834135410346,0.0,0.0,1.0,0.013401856087015496
2024-01-26 00:00:00+00:00,20260201_193427_57760e3f_StateSignal_XLE,0.0046875085830970775,0.0046875085830970775,0.8452269367628255,0.8452269367628255,0.0,0.0,1.0,0.0046875085830970775
2024-01-29 00:00:00+00:00,20260201_193427_57760e3f_StateSignal_XLE,0.012906735698851257,0.012906735698851257,0.8561360574411729,0.8561360574411729,0.0,0.0,1.0,0.012906735698851257
2024-01-30 00:00:00+00:00,20260201_193427_57760e3f_StateSignal_XLE,0.005626613309734463,0.005626613309734463,0.860953203976915,0.860953203976915,0.0,0.0,1.0,0.005626613309734463
2024-01-31 00:00:00+00:00,20260201_193427_57760e3f_StateSignal_XLE,0.006609073370515528,0.006609073370515528,0.8666433068705789,0.8666433068705789,0.0,0.0,1.0,0.006609073370515528
2024-02-01 00:00:00+00:00,20260201_193427_57760e3f_StateSignal_XLE,0.0,0.0,0.8666433068705789,0.8666433068705789,0.0,0.0,0.0,-0.0
2024-02-02 00:00:00+00:00,20260201_193427_57760e3f_StateSignal_XLE,0.0,0.0,0.8666433068705789,0.8666433068705789,0.0,0.0,0.0,0.0
2024-02-05 00:00:00+00:00,20260201_193427_57760e3f_StateSignal_XLE,0.0,0.0,0.8666433068705789,0.8666433068705789,0.0,0.0,0.0,-0.0
2024-02-06 00:00:00+00:00,20260201_193427_57760e3f_StateSignal_XLE,0.0,0.0,0.8666433068705789,0.8666433068705789,0.0,0.0,0.0,-0.0
2024-02-07 00:00:00+00:00,20260201_193427_57760e3f_StateSignal_XLE,0.0,0.0,0.8666433068705789,0.8666433068705789,0.0,0.0,0.0,0.0
2024-02-08 00:00:00+00:00,20260201_193427_57760e3f_StateSignal_XLE,0.0,0.0,0.8666433068705789,0.8666433068705789,0.0,0.0,0.0,-0.0
2024-02-09 00:00:00+00:00,20260201_193427_57760e3f_StateSignal_XLE,0.0,0.0,0.8666433068705789,0.8666433068705789,0.0,0.0,0.0,0.0
2024-02-12 00:00:00+00:00,20260201_193427_57760e3f_StateSignal_XLE,0.0,0.0,0.8666433068705789,0.8666433068705789,0.0,0.0,0.0,-0.0
2024-02-13 00:00:00+00:00,20260201_193427_57760e3f_StateSignal_XLE,0.0,0.0,0.8666433068705789,0.8666433068705789,0.0,0.0,0.0,0.0
2024-02-14 00:00:00+00:00,20260201_193427_57760e3f_StateSignal_XLE,0.0,0.0,0.8666433068705789,0.8666433068705789,0.0,0.0,0.0,-0.0
2024-02-15 00:00:00+00:00,20260201_193427_57760e3f_StateSignal_XLE,0.0,0.0,0.8666433068705789,0.8666433068705789,0.0,0.0,0.0,-0.0
2024-02-16 00:00:00+00:00,20260201_193427_57760e3f_StateSignal_XLE,0.0,0.0,0.8666433068705789,0.8666433068705789,0.0,0.0,0.0,0.0
2024-02-20 00:00:00+00:00,20260201_193427_57760e3f_StateSignal_XLE,0.0,0.0,0.8666433068705789,0.8666433068705789,0.0,0.0,0.0,0.0
2024-02-21 00:00:00+00:00,20260201_193427_57760e3f_StateSignal_XLE,0.0,0.0,0.8666433068705789,0.8666433068705789,0.0,0.0,0.0,-0.0
2024-02-22 00:00:00+00:00,20260201_193427_57760e3f_StateSignal_XLE,0.0,0.0,0.8666433068705789,0.8666433068705789,0.0,0.0,0.0,0.0
2024-02-23 00:00:00+00:00,20260201_193427_57760e3f_StateSignal_XLE,0.0,0.0,0.8666433068705789,0.8666433068705789,0.0,0.0,0.0,0.0
2024-02-26 00:00:00+00:00,20260201_193427_57760e3f_StateSignal_XLE,0.0,0.0,0.8666433068705789,0.8666433068705789,0.0,0.0,0.0,-0.0
2024-02-27 00:00:00+00:00,20260201_193427_57760e3f_StateSignal_XLE,0.0,0.0,0.8666433068705789,0.8666433068705789,0.0,0.0,0.0,0.0
2024-02-28 00:00:00+00:00,20260201_193427_57760e3f_StateSignal_XLE,0.0,0.0,0.8666433068705789,0.8666433068705789,0.0,0.0,0.0,-0.0
2024-02-29 00:00:00+00:00,20260201_193427_57760e3f_StateSignal_XLE,0.0,0.0,0.8666433068705789,0.8666433068705789,0.0,0.0,0.0,-0.0
2024-03-01 00:00:00+00:00,20260201_193427_57760e3f_StateSignal_XLE,0.0,0.0,0.8666433068705789,0.8666433068705789,0.0,0.0,0.0,0.0
2024-03-04 00:00:00+00:00,20260201_193427_57760e3f_StateSignal_XLE,0.0,0.0,0.8666433068705789,0.8666433068705789,0.0,0.0,0.0,0.0
2024-03-05 00:00:00+00:00,20260201_193427_57760e3f_StateSignal_XLE,0.0,0.0,0.8666433068705789,0.8666433068705789,0.0,0.0,0.0,-0.0
2024-03-06 00:00:00+00:00,20260201_193427_57760e3f_StateSignal_XLE,0.0,0.0,0.8666433068705789,0.8666433068705789,0.0,0.0,0.0,0.0
2024-03-07 00:00:00+00:00,20260201_193427_57760e3f_StateSignal_XLE,0.0,0.0,0.8666433068705789,0.8666433068705789,0.0,0.0,0.0,0.0
2024-03-08 00:00:00+00:00,20260201_193427_57760e3f_StateSignal_XLE,0.0,0.0,0.8666433068705789,0.8666433068705789,0.0,0.0,0.0,0.0
2024-03-11 00:00:00+00:00,20260201_193427_57760e3f_StateSignal_XLE,0.0,0.0,0.8666433068705789,0.8666433068705789,0.0,0.0,0.0,-0.0
2024-03-12 00:00:00+00:00,20260201_193427_57760e3f_StateSignal_XLE,0.0,0.0,0.8666433068705789,0.8666433068705789,0.0,0.0,0.0,0.0
2024-03-13 00:00:00+00:00,20260201_193427_57760e3f_StateSignal_XLE,0.0,0.0,0.8666433068705789,0.8666433068705789,0.0,0.0,0.0,0.0
2024-03-14 00:00:00+00:00,20260201_193427_57760e3f_StateSignal_XLE,0.0,0.0,0.8666433068705789,0.8666433068705789,0.0,0.0,0.0,0.0
2024-03-15 00:00:00+00:00,20260201_193427_57760e3f_StateSignal_XLE,0.0,0.0,0.8666433068705789,0.8666433068705789,0.0,0.0,0.0,0.0
2024-03-18 00:00:00+00:00,20260201_193427_57760e3f_StateSignal_XLE,0.0,0.0,0.8666433068705789,0.8666433068705789,0.0,0.0,0.0,0.0
2024-03-19 00:00:00+00:00,20260201_193427_57760e3f_StateSignal_XLE,0.0,0.0,0.8666433068705789,0.8666433068705789,0.0,0.0,0.0,0.0
2024-03-20 00:00:00+00:00,20260201_193427_57760e3f_StateSignal_XLE,0.0,0.0,0.8666433068705789,0.8666433068705789,0.0,0.0,0.0,0.0
2024-03-21 00:00:00+00:00,20260201_193427_57760e3f_StateSignal_XLE,0.0,0.0,0.8666433068705789,0.8666433068705789,0.0,0.0,0.0,-0.0
2024-03-22 00:00:00+00:00,20260201_193427_57760e3f_StateSignal_XLE,0.0,0.0,0.8666433068705789,0.8666433068705789,0.0,0.0,0.0,0.0
2024-03-25 00:00:00+00:00,20260201_193427_57760e3f_StateSignal_XLE,0.0,0.0,0.8666433068705789,0.8666433068705789,0.0,0.0,0.0,-0.0
2024-03-26 00:00:00+00:00,20260201_193427_57760e3f_StateSignal_XLE,0.0,0.0,0.8666433068705789,0.8666433068705789,0.0,0.0,0.0,0.0
2024-03-27 00:00:00+00:00,20260201_193427_57760e3f_StateSignal_XLE,0.0,0.0,0.8666433068705789,0.8666433068705789,0.0,0.0,0.0,-0.0
2024-03-28 00:00:00+00:00,20260201_193427_57760e3f_StateSignal_XLE,0.0,0.0,0.8666433068705789,0.8666433068705789,0.0,0.0,0.0,0.0
2024-04-01 00:00:00+00:00,20260201_193427_57760e3f_StateSignal_XLE,0.0,0.0,0.8666433068705789,0.8666433068705789,0.0,0.0,0.0,0.0
2024-04-02 00:00:00+00:00,20260201_193427_57760e3f_StateSignal_XLE,0.0,0.0,0.8666433068705789,0.8666433068705789,0.0,0.0,0.0,0.0
2024-04-03 00:00:00+00:00,20260201_193427_57760e3f_StateSignal_XLE,0.0064451828845846215,0.0064451828845846215,0.8722289814790609,0.8722289814790609,0.0,0.0,1.0,0.0064451828845846215
2024-04-04 00:00:00+00:00,20260201_193427_57760e3f_StateSignal_XLE,0.015170127131642897,0.015170127131642897,0.8854608060160016,0.8854608060160016,0.0,0.0,1.0,0.015170127131642897
2024-04-05 00:00:00+00:00,20260201_193427_57760e3f_StateSignal_XLE,0.0041371860861874055,0.0041371860861874055,0.8891241221425153,0.8891241221425153,0.0,0.0,1.0,0.0041371860861874055
2024-04-08 00:00:00+00:00,20260201_193427_57760e3f_StateSignal_XLE,0.006929434397010326,0.006929434397010326,0.8952852494177013,0.8952852494177013,0.0,0.0,1.0,0.006929434397010326
2024-04-09 00:00:00+00:00,20260201_193427_57760e3f_StateSignal_XLE,-0.0038918968043861746,-0.0038918968043861746,0.8918008916164785,0.8918008916164785,0.0,0.0,1.0,-0.0038918968043861746
2024-04-10 00:00:00+00:00,20260201_193427_57760e3f_StateSignal_XLE,-0.005430663938713387,-0.005430663938713387,0.8869578206738644,0.8869578206738644,0.0,0.0,1.0,-0.005430663938713387
2024-04-11 00:00:00+00:00,20260201_193427_57760e3f_StateSignal_XLE,0.00021779375018038394,0.00021779375018038394,0.8871509945438808,0.8871509945438808,0.0,0.0,1.0,0.00021779375018038394
2024-04-12 00:00:00+00:00,20260201_193427_57760e3f_StateSignal_XLE,-0.005678110909661971,-0.005678110909661971,0.8821136528032437,0.8821136528032437,0.0,0.0,1.0,-0.005678110909661971
2024-04-15 00:00:00+00:00,20260201_193427_57760e3f_StateSignal_XLE,0.00937336563076796,0.00937336563076796,0.8903820265988608,0.8903820265988608,0.0,0.0,1.0,0.00937336563076796
2024-04-16 00:00:00+00:00,20260201_193427_57760e3f_StateSignal_XLE,-0.012883680775512385,-0.012883680775512385,0.8789106287999073,0.8789106287999073,0.0,0.0,1.0,-0.012883680775512385
2024-04-17 00:00:00+00:00,20260201_193427_57760e3f_StateSignal_XLE,-0.019530136952518262,-0.019530136952518262,0.8617453838504212,0.8617453838504212,0.0,0.0,1.0,-0.019530136952518262
2024-04-18 00:00:00+00:00,20260201_193427_57760e3f_StateSignal_XLE,-0.0026929998321918447,-0.0026929998321918447,0.85942470367632,0.85942470367632,0.0,0.0,1.0,-0.0026929998321918447
2024-04-19 00:00:00+00:00,20260201_193427_57760e3f_StateSignal_XLE,0.0008984726570266943,0.0008984726570266943,0.8601968732733464,0.8601968732733464,0.0,0.0,1.0,0.0008984726570266943
2024-04-22 00:00:00+00:00,20260201_193427_57760e3f_StateSignal_XLE,0.007827390964619596,0.007827390964619596,0.8669299705070002,0.8669299705070002,0.0,0.0,1.0,0.007827390964619596
2024-04-23 00:00:00+00:00,20260201_193427_57760e3f_StateSignal_XLE,0.0037798822102574903,0.0037798822102574903,0.8702068636800586,0.8702068636800586,0.0,0.0,1.0,0.0037798822102574903
2024-04-24 00:00:00+00:00,20260201_193427_57760e3f_StateSignal_XLE,0.0013306721857051507,0.0013306721857051507,0.8713648237493674,0.8713648237493674,0.0,0.0,1.0,0.0013306721857051507
2024-04-25 00:00:00+00:00,20260201_193427_57760e3f_StateSignal_XLE,0.001992694116710325,0.001992694116710325,0.8731011873071611,0.8731011873071611,0.0,0.0,1.0,0.001992694116710325
2024-04-26 00:00:00+00:00,20260201_193427_57760e3f_StateSignal_XLE,0.0035327923693584395,0.0035327923693584395,0.8761856725193576,0.8761856725193576,0.0,0.0,1.0,0.0035327923693584395
2024-04-29 00:00:00+00:00,20260201_193427_57760e3f_StateSignal_XLE,-0.00841085082279136,-0.00841085082279136,0.8688162055347302,0.8688162055347302,0.0,0.0,1.0,-0.00841085082279136
2024-04-30 00:00:00+00:00,20260201_193427_57760e3f_StateSignal_XLE,0.010832426029254272,0.010832426029254272,0.8782275928142025,0.8782275928142025,0.0,0.0,1.0,0.010832426029254272
2024-05-01 00:00:00+00:00,20260201_193427_57760e3f_StateSignal_XLE,-0.01618122416147072,-0.01618122416147072,0.864016795270087,0.864016795270087,0.0,0.0,1.0,-0.01618122416147072
2024-05-02 00:00:00+00:00,20260201_193427_57760e3f_StateSignal_XLE,-0.02856041811131771,-0.02856041811131771,0.8393401143419725,0.8393401143419725,0.0,0.0,1.0,-0.02856041811131771
2024-05-03 00:00:00+00:00,20260201_193427_57760e3f_StateSignal_XLE,0.0025261237454419216,0.0025261237454419216,0.8414603913353137,0.8414603913353137,0.0,0.0,1.0,0.0025261237454419216
2024-05-06 00:00:00+00:00,20260201_193427_57760e3f_StateSignal_XLE,-0.0059811542467755885,-0.0059811542467755885,0.836427486942185,0.836427486942185,0.0,0.0,1.0,-0.0059811542467755885
2024-05-07 00:00:00+00:00,20260201_193427_57760e3f_StateSignal_XLE,0.023262166373953175,0.023262166373953175,0.8558846023031818,0.8558846023031818,0.0,0.0,1.0,0.023262166373953175
2024-05-08 00:00:00+00:00,20260201_193427_57760e3f_StateSignal_XLE,-0.005424968096864546,-0.005424968096864546,0.8512414556410894,0.8512414556410894,0.0,0.0,1.0,-0.005424968096864546
2024-05-09 00:00:00+00:00,20260201_193427_57760e3f_StateSignal_XLE,0.00022662889615387982,0.00022662889615387982,0.8514343715525418,0.8514343715525418,0.0,0.0,1.0,0.00022662889615387982
2024-05-10 00:00:00+00:00,20260201_193427_57760e3f_StateSignal_XLE,0.00384485376963406,0.00384485376963406,0.8547080122056016,0.8547080122056016,0.0,0.0,1.0,0.00384485376963406
2024-05-13 00:00:00+00:00,20260201_193427_57760e3f_StateSignal_XLE,0.000902527137075726,0.000902527137075726,0.8554794093808932,0.8554794093808932,0.0,0.0,1.0,0.000902527137075726
2024-05-14 00:00:00+00:00,20260201_193427_57760e3f_StateSignal_XLE,-0.0029361963500136312,-0.0029361963500136312,0.8529675538615572,0.8529675538615572,0.0,0.0,1.0,-0.0029361963500136312
2024-05-15 00:00:00+00:00,20260201_193427_57760e3f_StateSignal_XLE,-0.0027180084683053884,-0.0027180084683053884,0.8506491808269717,0.8506491808269717,0.0,0.0,1.0,-0.0027180084683053884
2024-05-16 00:00:00+00:00,20260201_193427_57760e3f_StateSignal_XLE,0.003396357844232867,0.003396357844232867,0.8535382898449637,0.8535382898449637,0.0,0.0,1.0,0.003396357844232867
2024-05-17 00:00:00+00:00,20260201_193427_57760e3f_StateSignal_XLE,0.003610112224099904,0.003610112224099904,0.8566196588588704,0.8566196588588704,0.0,0.0,1.0,0.003610112224099904
2024-05-20 00:00:00+00:00,20260201_193427_57760e3f_StateSignal_XLE,0.002249719734015443,0.002249719734015443,0.8585468130099507,0.8585468130099507,0.0,0.0,1.0,0.002249719734015443
2024-05-21 00:00:00+00:00,20260201_193427_57760e3f_StateSignal_XLE,0.005155228272561985,0.005155228272561985,0.8629728178136976,0.8629728178136976,0.0,0.0,1.0,0.005155228272561985
2024-05-22 00:00:00+00:00,20260201_193427_57760e3f_StateSignal_XLE,-0.006954598978475168,-0.006954598978475168,0.8569711879364786,0.8569711879364786,0.0,0.0,1.0,-0.006954598978475168
2024-05-23 00:00:00+00:00,20260201_193427_57760e3f_StateSignal_XLE,-0.0209288803716432,-0.0209288803716432,0.8390357404622111,0.8390357404622111,0.0,0.0,1.0,-0.0209288803716432
2024-05-24 00:00:00+00:00,20260201_193427_57760e3f_StateSignal_XLE,-0.0011500863832369923,-0.0011500863832369923,0.8380707768820563,0.8380707768820563,0.0,0.0,1.0,-0.0011500863832369923
2024-05-28 00:00:00+00:00,20260201_193427_57760e3f_StateSignal_XLE,-0.005307500632661277,-0.005307500632661277,0.8336227157035399,0.8336227157035399,0.0,0.0,1.0,-0.005307500632661277
2024-05-29 00:00:00+00:00,20260201_193427_57760e3f_StateSignal_XLE,0.010358016418729576,0.010358016418729576,0.8422573934798231,0.8422573934798231,0.0,0.0,1.0,0.010358016418729576
2024-05-30 00:00:00+00:00,20260201_193427_57760e3f_StateSignal_XLE,-0.020590663843210066,-0.020590663843210066,0.8249147546212218,0.8249147546212218,0.0,0.0,1.0,-0.020590663843210066
2024-05-31 00:00:00+00:00,20260201_193427_57760e3f_StateSignal_XLE,0.0018682863911712033,0.0018682863911712033,0.8264559316311569,0.8264559316311569,0.0,0.0,1.0,0.0018682863911712033
2024-06-03 00:00:00+00:00,20260201_193427_57760e3f_StateSignal_XLE,0.010675432087359216,0.010675432087359216,0.8352787058024805,0.8352787058024805,0.0,0.0,1.0,0.010675432087359216
2024-06-04 00:00:00+00:00,20260201_193427_57760e3f_StateSignal_XLE,-0.008810629682154847,-0.008810629682154847,0.8279193744442653,0.8279193744442653,0.0,0.0,1.0,-0.008810629682154847
2024-06-05 00:00:00+00:00,20260201_193427_57760e3f_StateSignal_XLE,-0.019043716459709703,-0.019043716459709703,0.8121527126258485,0.8121527126258485,0.0,0.0,1.0,-0.019043716459709703
2024-06-06 00:00:00+00:00,20260201_193427_57760e3f_StateSignal_XLE,0.005208345107138079,0.005208345107138079,0.8163826842329023,0.8163826842329023,0.0,0.0,1.0,0.005208345107138079
2024-06-07 00:00:00+00:00,20260201_193427_57760e3f_StateSignal_XLE,0.005885832177261463,0.005885832177261463,0.8211877757047193,0.8211877757047193,0.0,0.0,1.0,0.005885832177261463
2024-06-10 00:00:00+00:00,20260201_193427_57760e3f_StateSignal_XLE,-0.0004695938099916752,-0.0004695938099916752,0.8208021510084076,0.8208021510084076,0.0,0.0,1.0,-0.0004695938099916752
2024-06-11 00:00:00+00:00,20260201_193427_57760e3f_StateSignal_XLE,0.011442039600686016,0.011442039600686016,0.830193801724574,0.830193801724574,0.0,0.0,1.0,0.011442039600686016
2024-06-12 00:00:00+00:00,20260201_193427_57760e3f_StateSignal_XLE,-0.008861998296148865,-0.008861998296148865,0.8228366256682175,0.8228366256682175,0.0,0.0,1.0,-0.008861998296148865
2024-06-13 00:00:00+00:00,20260201_193427_57760e3f_StateSignal_XLE,-0.008704913219826693,-0.008704913219826693,0.8156739042476806,0.8156739042476806,0.0,0.0,1.0,-0.008704913219826693
2024-06-14 00:00:00+00:00,20260201_193427_57760e3f_StateSignal_XLE,-0.01308140904095989,-0.01308140904095989,0.8050037402621799,0.8050037402621799,0.0,0.0,1.0,-0.01308140904095989
2024-06-17 00:00:00+00:00,20260201_193427_57760e3f_StateSignal_XLE,-0.0057623208664217,-0.0057623208664217,0.8003650504121197,0.8003650504121197,0.0,0.0,1.0,-0.0057623208664217
2024-06-18 00:00:00+00:00,20260201_193427_57760e3f_StateSignal_XLE,0.002405003564221797,0.002405003564221797,0.8022899312110394,0.8022899312110394,0.0,0.0,1.0,0.002405003564221797
2024-06-20 00:00:00+00:00,20260201_193427_57760e3f_StateSignal_XLE,0.007657371706331517,0.007657371706331517,0.8084333634305695,0.8084333634305695,0.0,0.0,1.0,0.007657371706331517
2024-06-21 00:00:00+00:00,20260201_193427_57760e3f_StateSignal_XLE,0.012084023361894403,0.012084023361894403,0.8182024910807993,0.8182024910807993,0.0,0.0,1.0,0.012084023361894403
2024-06-24 00:00:00+00:00,20260201_193427_57760e3f_StateSignal_XLE,0.0028222031902234157,0.0028222031902234157,0.8205116247613763,0.8205116247613763,0.0,0.0,1.0,0.0028222031902234157
2024-06-25 00:00:00+00:00,20260201_193427_57760e3f_StateSignal_XLE,0.014918691613406754,0.014918691613406754,0.8327525846564066,0.8327525846564066,0.0,0.0,1.0,0.014918691613406754
2024-06-26 00:00:00+00:00,20260201_193427_57760e3f_StateSignal_XLE,0.0013872834594859107,0.0013872834594859107,0.8339078485429445,0.8339078485429445,0.0,0.0,1.0,0.0013872834594859107
2024-06-27 00:00:00+00:00,20260201_193427_57760e3f_StateSignal_XLE,-0.006257987742581239,-0.006257987742581239,0.8286892634483205,0.8286892634483205,0.0,0.0,1.0,-0.006257987742581239
2024-06-28 00:00:00+00:00,20260201_193427_57760e3f_StateSignal_XLE,0.0027861638641071274,0.0027861638641071274,0.8309981275287137,0.8309981275287137,0.0,0.0,1.0,0.0027861638641071274
2024-07-01 00:00:00+00:00,20260201_193427_57760e3f_StateSignal_XLE,0.008312215949795032,0.008312215949795032,0.8379055634186077,0.8379055634186077,0.0,0.0,1.0,0.008312215949795032
2024-07-02 00:00:00+00:00,20260201_193427_57760e3f_StateSignal_XLE,-0.0009201748981455538,-0.0009201748981455538,0.8371345437521334,0.8371345437521334,0.0,0.0,1.0,-0.0009201748981455538
2024-07-03 00:00:00+00:00,20260201_193427_57760e3f_StateSignal_XLE,0.0,0.0,0.8371345437521334,0.8371345437521334,0.0,0.0,0.0,-0.0
2024-07-05 00:00:00+00:00,20260201_193427_57760e3f_StateSignal_XLE,0.0,0.0,0.8371345437521334,0.8371345437521334,0.0,0.0,0.0,0.0
2024-07-08 00:00:00+00:00,20260201_193427_57760e3f_StateSignal_XLE,0.0,0.0,0.8371345437521334,0.8371345437521334,0.0,0.0,0.0,-0.0
2024-07-09 00:00:00+00:00,20260201_193427_57760e3f_StateSignal_XLE,0.0,0.0,0.8371345437521334,0.8371345437521334,0.0,0.0,0.0,-0.0
2024-07-10 00:00:00+00:00,20260201_193427_57760e3f_StateSignal_XLE,0.0,0.0,0.8371345437521334,0.8371345437521334,0.0,0.0,0.0,-0.0
2024-07-11 00:00:00+00:00,20260201_193427_57760e3f_StateSignal_XLE,0.0,0.0,0.8371345437521334,0.8371345437521334,0.0,0.0,0.0,-0.0
2024-07-12 00:00:00+00:00,20260201_193427_57760e3f_StateSignal_XLE,0.0,0.0,0.8371345437521334,0.8371345437521334,0.0,0.0,0.0,0.0
2024-07-15 00:00:00+00:00,20260201_193427_57760e3f_StateSignal_XLE,0.0,0.0,0.8371345437521334,0.8371345437521334,0.0,0.0,0.0,0.0
2024-07-16 00:00:00+00:00,20260201_193427_57760e3f_StateSignal_XLE,0.0,0.0,0.8371345437521334,0.8371345437521334,0.0,0.0,0.0,0.0
2024-07-17 00:00:00+00:00,20260201_193427_57760e3f_StateSignal_XLE,0.0,0.0,0.8371345437521334,0.8371345437521334,0.0,0.0,0.0,-0.0
2024-07-18 00:00:00+00:00,20260201_193427_57760e3f_StateSignal_XLE,0.0,0.0,0.8371345437521334,0.8371345437521334,0.0,0.0,0.0,0.0
2024-07-19 00:00:00+00:00,20260201_193427_57760e3f_StateSignal_XLE,0.0,0.0,0.8371345437521334,0.8371345437521334,0.0,0.0,0.0,0.0
2024-07-22 00:00:00+00:00,20260201_193427_57760e3f_StateSignal_XLE,0.0,0.0,0.8371345437521334,0.8371345437521334,0.0,0.0,0.0,-0.0
2024-07-23 00:00:00+00:00,20260201_193427_57760e3f_StateSignal_XLE,0.0,0.0,0.8371345437521334,0.8371345437521334,0.0,0.0,0.0,-0.0
2024-07-24 00:00:00+00:00,20260201_193427_57760e3f_StateSignal_XLE,0.0,0.0,0.8371345437521334,0.8371345437521334,0.0,0.0,0.0,-0.0
2024-07-25 00:00:00+00:00,20260201_193427_57760e3f_StateSignal_XLE,0.0,0.0,0.8371345437521334,0.8371345437521334,0.0,0.0,0.0,0.0
2024-07-26 00:00:00+00:00,20260201_193427_57760e3f_StateSignal_XLE,0.0,0.0,0.8371345437521334,0.8371345437521334,0.0,0.0,0.0,0.0
2024-07-29 00:00:00+00:00,20260201_193427_57760e3f_StateSignal_XLE,0.0,0.0,0.8371345437521334,0.8371345437521334,0.0,0.0,0.0,0.0
2024-07-30 00:00:00+00:00,20260201_193427_57760e3f_StateSignal_XLE,0.0,0.0,0.8371345437521334,0.8371345437521334,0.0,0.0,0.0,-0.0
2024-07-31 00:00:00+00:00,20260201_193427_57760e3f_StateSignal_XLE,0.0,0.0,0.8371345437521334,0.8371345437521334,0.0,0.0,0.0,0.0
2024-08-01 00:00:00+00:00,20260201_193427_57760e3f_StateSignal_XLE,0.0,0.0,0.8371345437521334,0.8371345437521334,0.0,0.0,0.0,0.0
2024-08-02 00:00:00+00:00,20260201_193427_57760e3f_StateSignal_XLE,0.0,0.0,0.8371345437521334,0.8371345437521334,0.0,0.0,0.0,-0.0
2024-08-05 00:00:00+00:00,20260201_193427_57760e3f_StateSignal_XLE,-0.022961742373610608,-0.022961742373610608,0.8179124760264468,0.8179124760264468,0.0,0.0,0.730945809124905,-0.022961742373610608
2024-08-06 00:00:00+00:00,20260201_193427_57760e3f_StateSignal_XLE,-0.012642183564548406,-0.012642183564548406,0.8075722763647861,0.8075722763647861,0.0,0.0,0.730945809124905,-0.012642183564548406
2024-08-07 00:00:00+00:00,20260201_193427_57760e3f_StateSignal_XLE,0.006172820693224708,0.006172820693224708,0.8125572752236053,0.8125572752236053,0.0,0.0,0.730945809124905,0.006172820693224708
2024-08-08 00:00:00+00:00,20260201_193427_57760e3f_StateSignal_XLE,0.009769349556003636,0.009769349556003636,0.8204954312795386,0.8204954312795386,0.0,0.0,0.730945809124905,0.009769349556003636
2024-08-09 00:00:00+00:00,20260201_193427_57760e3f_StateSignal_XLE,0.0003465019307005998,0.0003465019307005998,0.8207797345306079,0.8207797345306079,0.0,0.0,0.730945809124905,0.0003465019307005998
2024-08-12 00:00:00+00:00,20260201_193427_57760e3f_StateSignal_XLE,0.004489641102325738,0.004489641102325738,0.8244647409627125,0.8244647409627125,0.0,0.0,0.730945809124905,0.004489641102325738
2024-08-13 00:00:00+00:00,20260201_193427_57760e3f_StateSignal_XLE,0.0046333144566217425,0.0046333144566217425,0.82828474536599,0.82828474536599,0.0,0.0,0.730945809124905,0.0046333144566217425
2024-08-14 00:00:00+00:00,20260201_193427_57760e3f_StateSignal_XLE,-0.006184302255842482,-0.006184302255842482,0.8231623821467432,0.8231623821467432,0.0,0.0,0.730945809124905,-0.006184302255842482
2024-08-15 00:00:00+00:00,20260201_193427_57760e3f_StateSignal_XLE,0.00172311680251849,0.00172311680251849,0.8245807870786214,0.8245807870786214,0.0,0.0,0.730945809124905,0.00172311680251849
2024-08-16 00:00:00+00:00,20260201_193427_57760e3f_StateSignal_XLE,0.012457181175342337,0.012457181175342337,0.8348527393369662,0.8348527393369662,0.0,0.0,0.730945809124905,0.012457181175342337
2024-08-19 00:00:00+00:00,20260201_193427_57760e3f_StateSignal_XLE,-0.003561873156086661,-0.003561873156086661,0.8318790997754365,0.8318790997754365,0.0,0.0,0.730945809124905,-0.003561873156086661
2024-08-20 00:00:00+00:00,20260201_193427_57760e3f_StateSignal_XLE,0.008116067384858329,0.008116067384858329,0.8386306866052693,0.8386306866052693,0.0,0.0,0.730945809124905,0.008116067384858329
2024-08-21 00:00:00+00:00,20260201_193427_57760e3f_StateSignal_XLE,-0.01977031544439377,-0.01977031544439377,0.8220506933897346,0.8220506933897346,0.0,0.0,0.730945809124905,-0.01977031544439377
2024-08-22 00:00:00+00:00,20260201_193427_57760e3f_StateSignal_XLE,0.001897889393971352,0.001897889393971352,0.8236108546820258,0.8236108546820258,0.0,0.0,0.730945809124905,0.001897889393971352
2024-08-23 00:00:00+00:00,20260201_193427_57760e3f_StateSignal_XLE,0.00017229129346117984,0.00017229129346117984,0.8237527556614876,0.8237527556614876,0.0,0.0,0.730945809124905,0.00017229129346117984
2024-08-26 00:00:00+00:00,20260201_193427_57760e3f_StateSignal_XLE,0.006175593911488265,0.006175593911488265,0.8288399181639224,0.8288399181639224,0.0,0.0,0.730945809124905,0.006175593911488265
2024-08-27 00:00:00+00:00,20260201_193427_57760e3f_StateSignal_XLE,0.007815859503489017,0.007815859503489017,0.835318014515175,0.835318014515175,0.0,0.0,0.730945809124905,0.007815859503489017
2024-08-28 00:00:00+00:00,20260201_193427_57760e3f_StateSignal_XLE,-0.002709091112702157,-0.002709091112702157,0.8330550619057719,0.8330550619057719,0.0,0.0,0.730945809124905,-0.002709091112702157
2024-08-29 00:00:00+00:00,20260201_193427_57760e3f_StateSignal_XLE,-0.005790374528175581,-0.005790374528175581,0.828231361094745,0.828231361094745,0.0,0.0,0.730945809124905,-0.005790374528175581
2024-08-30 00:00:00+00:00,20260201_193427_57760e3f_StateSignal_XLE,0.006638044586211223,0.006638044586211223,0.8337291977973904,0.8337291977973904,0.0,0.0,0.730945809124905,0.006638044586211223
2024-09-03 00:00:00+00:00,20260201_193427_57760e3f_StateSignal_XLE,-0.0020884100872704536,-0.0020884100872704536,0.8319880293306584,0.8319880293306584,0.0,0.0,1.0,-0.0020884100872704536
2024-09-04 00:00:00+00:00,20260201_193427_57760e3f_StateSignal_XLE,-0.01615771014053413,-0.01615771014053413,0.8185450079123394,0.8185450079123394,0.0,0.0,1.0,-0.01615771014053413
2024-09-05 00:00:00+00:00,20260201_193427_57760e3f_StateSignal_XLE,-0.0052071123571626465,-0.0052071123571626465,0.8142827520867453,0.8142827520867453,0.0,0.0,1.0,-0.0052071123571626465
2024-09-06 00:00:00+00:00,20260201_193427_57760e3f_StateSignal_XLE,-0.013378125946176045,-0.013378125946176045,0.8033891748735299,0.8033891748735299,0.0,0.0,1.0,-0.013378125946176045
2024-09-09 00:00:00+00:00,20260201_193427_57760e3f_StateSignal_XLE,-0.014291147913620517,-0.014291147913620517,0.7919078213432107,0.7919078213432107,0.0,0.0,1.0,-0.014291147913620517
2024-09-10 00:00:00+00:00,20260201_193427_57760e3f_StateSignal_XLE,0.01043572145119187,0.01043572145119187,0.8001719507817686,0.8001719507817686,0.0,0.0,1.0,0.01043572145119187
2024-09-11 00:00:00+00:00,20260201_193427_57760e3f_StateSignal_XLE,-0.024686576877055888,-0.024686576877055888,0.7804184444039307,0.7804184444039307,0.0,0.0,1.0,-0.024686576877055888
2024-09-12 00:00:00+00:00,20260201_193427_57760e3f_StateSignal_XLE,-0.01270095519456449,-0.01270095519456449,0.7705063847085447,0.7705063847085447,0.0,0.0,1.0,-0.01270095519456449
2024-09-13 00:00:00+00:00,20260201_193427_57760e3f_StateSignal_XLE,0.011462871589590584,0.011462871589590584,0.7793386004554185,0.7793386004554185,0.0,0.0,1.0,0.011462871589590584
2024-09-16 00:00:00+00:00,20260201_193427_57760e3f_StateSignal_XLE,0.014268384747734952,0.014268384747734952,0.7904585034554776,0.7904585034554776,0.0,0.0,1.0,0.014268384747734952
2024-09-17 00:00:00+00:00,20260201_193427_57760e3f_StateSignal_XLE,0.0034138048272138732,0.0034138048272138732,0.7931569745102862,0.7931569745102862,0.0,0.0,1.0,0.0034138048272138732
2024-09-18 00:00:00+00:00,20260201_193427_57760e3f_StateSignal_XLE,0.014260060374005068,0.014260060374005068,0.8044674408528661,0.8044674408528661,0.0,0.0,1.0,0.014260060374005068
2024-09-19 00:00:00+00:00,20260201_193427_57760e3f_StateSignal_XLE,0.003114894096348131,0.003114894096348131,0.806973271735083,0.806973271735083,0.0,0.0,1.0,0.003114894096348131
2024-09-20 00:00:00+00:00,20260201_193427_57760e3f_StateSignal_XLE,0.0191926279811101,0.0191926279811101,0.8224612095301937,0.8224612095301937,0.0,0.0,1.0,0.0191926279811101
2024-09-23 00:00:00+00:00,20260201_193427_57760e3f_StateSignal_XLE,-0.012991797237266844,-0.012991797237266844,0.8117759602604603,0.8117759602604603,0.0,0.0,1.0,-0.012991797237266844
2024-09-24 00:00:00+00:00,20260201_193427_57760e3f_StateSignal_XLE,0.009936206659129532,0.009936206659129532,0.8198419339625216,0.8198419339625216,0.0,0.0,1.0,0.009936206659129532
2024-09-25 00:00:00+00:00,20260201_193427_57760e3f_StateSignal_XLE,0.004462720266225517,0.004462720266225517,0.8235006591763177,0.8235006591763177,0.0,0.0,1.0,0.004462720266225517
2024-09-26 00:00:00+00:00,20260201_193427_57760e3f_StateSignal_XLE,-0.011787029441440389,-0.011787029441440389,0.8137940326615608,0.8137940326615608,0.0,0.0,1.0,-0.011787029441440389
2024-09-27 00:00:00+00:00,20260201_193427_57760e3f_StateSignal_XLE,-0.02351355931047916,-0.02351355931047916,0.7946588384080592,0.7946588384080592,0.0,0.0,1.0,-0.02351355931047916
2024-09-30 00:00:00+00:00,20260201_193427_57760e3f_StateSignal_XLE,0.011345927384836862,0.011345927384836862,0.8036749798843559,0.8036749798843559,0.0,0.0,1.0,0.011345927384836862
2024-10-01 00:00:00+00:00,20260201_193427_57760e3f_StateSignal_XLE,0.005744391095265922,0.005744391095265922,0.8082916032822915,0.8082916032822915,0.0,0.0,1.0,0.005744391095265922
2024-10-02 00:00:00+00:00,20260201_193427_57760e3f_StateSignal_XLE,0.010380360910931608,0.010380360910931608,0.8166819618456373,0.8166819618456373,0.0,0.0,0.4401069002141557,0.010380360910931608
2024-10-03 00:00:00+00:00,20260201_193427_57760e3f_StateSignal_XLE,0.0037795184832365367,0.0037795184832365367,0.8197686264153589,0.8197686264153589,0.0,0.0,0.4401069002141557,0.0037795184832365367
2024-10-04 00:00:00+00:00,20260201_193427_57760e3f_StateSignal_XLE,0.007162929438569022,0.007162929438569022,0.8256405712423248,0.8256405712423248,0.0,0.0,0.4401069002141557,0.007162929438569022
2024-10-07 00:00:00+00:00,20260201_193427_57760e3f_StateSignal_XLE,0.006456937510826651,0.006456937510826651,0.8309716808172396,0.8309716808172396,0.0,0.0,0.4401069002141557,0.006456937510826651
2024-10-08 00:00:00+00:00,20260201_193427_57760e3f_StateSignal_XLE,0.004220033829103438,0.004220033829103438,0.8344784094213152,0.8344784094213152,0.0,0.0,0.4401069002141557,0.004220033829103438
2024-10-09 00:00:00+00:00,20260201_193427_57760e3f_StateSignal_XLE,-0.014092563604862733,-0.014092563604862733,0.8227184693596606,0.8227184693596606,0.0,0.0,0.4401069002141557,-0.014092563604862733
2024-10-10 00:00:00+00:00,20260201_193427_57760e3f_StateSignal_XLE,0.0019119799372889115,0.0019119799372889115,0.8242914905671134,0.8242914905671134,0.0,0.0,0.4401069002141557,0.0019119799372889115
2024-10-11 00:00:00+00:00,20260201_193427_57760e3f_StateSignal_XLE,0.005488310441200359,0.005488310441200359,0.8288154581613856,0.8288154581613856,0.0,0.0,0.4401069002141557,0.005488310441200359
2024-10-14 00:00:00+00:00,20260201_193427_57760e3f_StateSignal_XLE,0.0011884081934281923,0.0011884081934281923,0.8298004292427045,0.8298004292427045,0.0,0.0,0.4401069002141557,0.0011884081934281923
2024-10-15 00:00:00+00:00,20260201_193427_57760e3f_StateSignal_XLE,-0.0007919154637156085,-0.0007919154637156085,0.8291432974509894,0.8291432974509894,0.0,0.0,0.4401069002141557,-0.0007919154637156085
2024-10-16 00:00:00+00:00,20260201_193427_57760e3f_StateSignal_XLE,-0.009818407702011943,-0.009818407702011943,0.821002430513225,0.821002430513225,0.0,0.0,0.4401069002141557,-0.009818407702011943
2024-10-17 00:00:00+00:00,20260201_193427_57760e3f_StateSignal_XLE,-0.0012174472499624246,-0.0012174472499624246,0.8200029033619842,0.8200029033619842,0.0,0.0,0.4401069002141557,-0.0012174472499624246
2024-10-18 00:00:00+00:00,20260201_193427_57760e3f_StateSignal_XLE,0.0,0.0,0.8200029033619842,0.8200029033619842,0.0,0.0,0.4401069002141557,0.0
2024-10-21 00:00:00+00:00,20260201_193427_57760e3f_StateSignal_XLE,-0.0013227127521415682,-0.0013227127521415682,0.8189182750649142,0.8189182750649142,0.0,0.0,0.4401069002141557,-0.0013227127521415682
2024-10-22 00:00:00+00:00,20260201_193427_57760e3f_StateSignal_XLE,0.0003055944343689924,0.0003055944343689924,0.8191685319319771,0.8191685319319771,0.0,0.0,0.4401069002141557,0.0003055944343689924
2024-10-23 00:00:00+00:00,20260201_193427_57760e3f_StateSignal_XLE,0.0016262629135830181,0.0016262629135830181,0.8205007153354323,0.8205007153354323,0.0,0.0,0.4401069002141557,0.0016262629135830181
2024-10-24 00:00:00+00:00,20260201_193427_57760e3f_StateSignal_XLE,-0.0031563614540248476,-0.0031563614540248476,0.8179109185045478,0.8179109185045478,0.0,0.0,0.4401069002141557,-0.0031563614540248476
2024-10-25 00:00:00+00:00,20260201_193427_57760e3f_StateSignal_XLE,-0.0015354367250178921,-0.0015354367250178921,0.8166550680424828,0.8166550680424828,0.0,0.0,0.4401069002141557,-0.0015354367250178921
2024-10-28 00:00:00+00:00,20260201_193427_57760e3f_StateSignal_XLE,0.002352151225622783,0.002352151225622783,0.81857596426169,0.81857596426169,0.0,0.0,0.4401069002141557,0.002352151225622783
2024-10-29 00:00:00+00:00,20260201_193427_57760e3f_StateSignal_XLE,-0.005335938249180241,-0.005335938249180241,0.8142080934641265,0.8142080934641265,0.0,0.0,0.4401069002141557,-0.005335938249180241
2024-10-30 00:00:00+00:00,20260201_193427_57760e3f_StateSignal_XLE,-0.003212095225057008,-0.003212095225057008,0.8115927795349076,0.8115927795349076,0.0,0.0,0.4401069002141557,-0.003212095225057008
2024-10-31 00:00:00+00:00,20260201_193427_57760e3f_StateSignal_XLE,0.003773589383639475,0.003773589383639475,0.814655397431599,0.814655397431599,0.0,0.0,1.0,0.003773589383639475
2024-11-01 00:00:00+00:00,20260201_193427_57760e3f_StateSignal_XLE,-0.00023543260850322767,-0.00023543260850322767,0.8144636009863504,0.8144636009863504,0.0,0.0,1.0,-0.00023543260850322767
2024-11-04 00:00:00+00:00,20260201_193427_57760e3f_StateSignal_XLE,0.00446376871802423,0.00446376871802423,0.8180991781304027,0.8180991781304027,0.0,0.0,1.0,0.00446376871802423
2024-11-05 00:00:00+00:00,20260201_193427_57760e3f_StateSignal_XLE,0.0030427173855214207,0.0030427173855214207,0.8205884227227809,0.8205884227227809,0.0,0.0,1.0,0.0030427173855214207
2024-11-06 00:00:00+00:00,20260201_193427_57760e3f_StateSignal_XLE,0.012309991704064327,0.012309991704064327,0.8306898593989496,0.8306898593989496,0.0,0.0,1.0,0.012309991704064327
2024-11-07 00:00:00+00:00,20260201_193427_57760e3f_StateSignal_XLE,0.032923850120084364,0.032923850120084364,0.8580393678260746,0.8580393678260746,0.0,0.0,1.0,0.032923850120084364
2024-11-08 00:00:00+00:00,20260201_193427_57760e3f_StateSignal_XLE,-0.004926118336056273,-0.004926118336056273,0.8538125643631684,0.8538125643631684,0.0,0.0,1.0,-0.004926118336056273
2024-11-11 00:00:00+00:00,20260201_193427_57760e3f_StateSignal_XLE,0.002242153405689784,0.002242153405689784,0.855726943112176,0.855726943112176,0.0,0.0,1.0,0.002242153405689784
2024-11-12 00:00:00+00:00,20260201_193427_57760e3f_StateSignal_XLE,0.010914464066881902,0.010914464066881902,0.8650667440838365,0.8650667440838365,0.0,0.0,1.0,0.010914464066881902
2024-11-13 00:00:00+00:00,20260201_193427_57760e3f_StateSignal_XLE,-0.00022155755047981174,-0.00022155755047981174,0.8648750820150158,0.8648750820150158,0.0,0.0,1.0,-0.00022155755047981174
2024-11-14 00:00:00+00:00,20260201_193427_57760e3f_StateSignal_XLE,0.001328609584278162,0.001328609584278162,0.8660241633381843,0.8660241633381843,0.0,0.0,1.0,0.001328609584278162
2024-11-15 00:00:00+00:00,20260201_193427_57760e3f_StateSignal_XLE,0.004636281624114336,0.004636281624114336,0.8700392952527082,0.8700392952527082,0.0,0.0,1.0,0.004636281624114336
2024-11-18 00:00:00+00:00,20260201_193427_57760e3f_StateSignal_XLE,0.0022002209096023684,0.0022002209096023684,0.8719535739022989,0.8719535739022989,0.0,0.0,1.0,0.0022002209096023684
2024-11-19 00:00:00+00:00,20260201_193427_57760e3f_StateSignal_XLE,0.008534902449837567,0.008534902449837567,0.8793956125963422,0.8793956125963422,0.0,0.0,1.0,0.008534902449837567
2024-11-20 00:00:00+00:00,20260201_193427_57760e3f_StateSignal_XLE,-0.00043591979766199884,-0.00043591979766199884,0.8790122666388344,0.8790122666388344,0.0,0.0,1.0,-0.00043591979766199884
2024-11-21 00:00:00+00:00,20260201_193427_57760e3f_StateSignal_XLE,0.0010894434022308275,0.0010894434022308275,0.879969900753204,0.879969900753204,0.0,0.0,1.0,0.0010894434022308275
2024-11-22 00:00:00+00:00,20260201_193427_57760e3f_StateSignal_XLE,0.018341219726483615,0.018341219726483615,0.8961096220556105,0.8961096220556105,0.0,0.0,1.0,0.018341219726483615
2024-11-25 00:00:00+00:00,20260201_193427_57760e3f_StateSignal_XLE,-0.0004277160030987659,-0.0004277160030987659,0.8957263416297265,0.8957263416297265,0.0,0.0,1.0,-0.0004277160030987659
2024-11-26 00:00:00+00:00,20260201_193427_57760e3f_StateSignal_XLE,-0.018349138668196652,-0.018349138668196652,0.8792905347784062,0.8792905347784062,0.0,0.0,1.0,-0.018349138668196652
2024-11-27 00:00:00+00:00,20260201_193427_57760e3f_StateSignal_XLE,-0.007654493360532033,-0.007654493360532033,0.8725600112179662,0.8725600112179662,0.0,0.0,1.0,-0.007654493360532033
2024-11-29 00:00:00+00:00,20260201_193427_57760e3f_StateSignal_XLE,0.005473467414171651,0.005473467414171651,0.877335940006277,0.877335940006277,0.0,0.0,1.0,0.005473467414171651
2024-12-02 00:00:00+00:00,20260201_193427_57760e3f_StateSignal_XLE,-0.0022908001520865287,-0.0022908001520865287,0.8753261387014797,0.8753261387014797,0.0,0.0,0.9526600223843243,-0.0022908001520865287
2024-12-03 00:00:00+00:00,20260201_193427_57760e3f_StateSignal_XLE,-0.01492009355643948,-0.01492009355643948,0.8622661908196566,0.8622661908196566,0.0,0.0,0.9526600223843243,-0.01492009355643948
2024-12-04 00:00:00+00:00,20260201_193427_57760e3f_StateSignal_XLE,0.006963765804421882,0.006963765804421882,0.8682708106335957,0.8682708106335957,0.0,0.0,0.9526600223843243,0.006963765804421882
2024-12-05 00:00:00+00:00,20260201_193427_57760e3f_StateSignal_XLE,-0.021690964332786923,-0.021690964332786923,0.8494371794489424,0.8494371794489424,0.0,0.0,0.9526600223843243,-0.021690964332786923
2024-12-06 00:00:00+00:00,20260201_193427_57760e3f_StateSignal_XLE,0.0030065940900935507,0.0030065940900935507,0.8519910922525794,0.8519910922525794,0.0,0.0,0.9526600223843243,0.0030065940900935507
2024-12-09 00:00:00+00:00,20260201_193427_57760e3f_StateSignal_XLE,-0.014040136554450753,-0.014040136554450753,0.8400290209741775,0.8400290209741775,0.0,0.0,0.9526600223843243,-0.014040136554450753
2024-12-10 00:00:00+00:00,20260201_193427_57760e3f_StateSignal_XLE,0.006937927959549601,0.006937927959549601,0.8458570818056274,0.8458570818056274,0.0,0.0,0.9526600223843243,0.006937927959549601
2024-12-11 00:00:00+00:00,20260201_193427_57760e3f_StateSignal_XLE,-0.008898358559106513,-0.008898358559106513,0.8383303422019615,0.8383303422019615,0.0,0.0,0.9526600223843243,-0.008898358559106513
2024-12-12 00:00:00+00:00,20260201_193427_57760e3f_StateSignal_XLE,-0.008762168206679195,-0.008762168206679195,0.8309847507308249,0.8309847507308249,0.0,0.0,0.9526600223843243,-0.008762168206679195
2024-12-13 00:00:00+00:00,20260201_193427_57760e3f_StateSignal_XLE,-0.00485376698247552,-0.00485376698247552,0.826951344384787,0.826951344384787,0.0,0.0,0.9526600223843243,-0.00485376698247552
2024-12-16 00:00:00+00:00,20260201_193427_57760e3f_StateSignal_XLE,-0.0006637975108081718,-0.0006637975108081718,0.826402416140825,0.826402416140825,0.0,0.0,0.9526600223843243,-0.0006637975108081718
2024-12-17 00:00:00+00:00,20260201_193427_57760e3f_StateSignal_XLE,-0.01945412560334723,-0.01945412560334723,0.8103254797383117,0.8103254797383117,0.0,0.0,0.9526600223843243,-0.01945412560334723
2024-12-18 00:00:00+00:00,20260201_193427_57760e3f_StateSignal_XLE,-0.018707047893010826,-0.018707047893010826,0.7951666821799201,0.7951666821799201,0.0,0.0,0.9526600223843243,-0.018707047893010826
2024-12-19 00:00:00+00:00,20260201_193427_57760e3f_StateSignal_XLE,0.0020712510155592597,0.0020712510155592597,0.7968136719779241,0.7968136719779241,0.0,0.0,0.9526600223843243,0.0020712510155592597
2024-12-20 00:00:00+00:00,20260201_193427_57760e3f_StateSignal_XLE,-0.03202716606153327,-0.03202716606153327,0.7712939881853871,0.7712939881853871,0.0,0.0,0.9526600223843243,-0.03202716606153327
2024-12-23 00:00:00+00:00,20260201_193427_57760e3f_StateSignal_XLE,0.008756345543632423,0.008756345543632423,0.7780477048616646,0.7780477048616646,0.0,0.0,0.9526600223843243,0.008756345543632423
2024-12-24 00:00:00+00:00,20260201_193427_57760e3f_StateSignal_XLE,0.006339350713284264,0.006339350713284264,0.7829800221344486,0.7829800221344486,0.0,0.0,0.9526600223843243,0.006339350713284264
2024-12-26 00:00:00+00:00,20260201_193427_57760e3f_StateSignal_XLE,0.004202918680486591,0.004202918680486591,0.7862708234959254,0.7862708234959254,0.0,0.0,0.9526600223843243,0.004202918680486591
2024-12-27 00:00:00+00:00,20260201_193427_57760e3f_StateSignal_XLE,0.002094526360142139,0.002094526360142139,0.7879176884619483,0.7879176884619483,0.0,0.0,0.9526600223843243,0.002094526360142139
2024-12-30 00:00:00+00:00,20260201_193427_57760e3f_StateSignal_XLE,-0.0025606027013291488,-0.0025606027013291488,0.7859001443004476,0.7859001443004476,0.0,0.0,0.9526600223843243,-0.0025606027013291488
2024-12-31 00:00:00+00:00,20260201_193427_57760e3f_StateSignal_XLE,0.00302542828868437,0.00302542828868437,0.7882778288290954,0.7882778288290954,0.0,0.0,0.9526600223843243,0.00302542828868437
2025-01-02 00:00:00+00:00,20260201_193427_57760e3f_StateSignal_XLE,0.0046855176853452885,0.0046855176853452885,0.7919713185370397,0.7919713185370397,0.0,0.0,0.6647752657401804,0.0046855176853452885
2025-01-03 00:00:00+00:00,20260201_193427_57760e3f_StateSignal_XLE,0.011966756575918596,0.011966756575918596,0.8014486465210817,0.8014486465210817,0.0,0.0,0.6647752657401804,0.011966756575918596
2025-01-06 00:00:00+00:00,20260201_193427_57760e3f_StateSignal_XLE,0.003155085494070239,0.003155085494070239,0.8039772855199626,0.8039772855199626,0.0,0.0,0.6647752657401804,0.003155085494070239
2025-01-07 00:00:00+00:00,20260201_193427_57760e3f_StateSignal_XLE,0.0065773354367394225,0.0065773354367394225,0.8092653138103466,0.8092653138103466,0.0,0.0,0.6647752657401804,0.0065773354367394225
2025-01-08 00:00:00+00:00,20260201_193427_57760e3f_StateSignal_XLE,0.0001558127900585318,0.0001558127900585318,0.809391407696789,0.809391407696789,0.0,0.0,0.6647752657401804,0.0001558127900585318
2025-01-10 00:00:00+00:00,20260201_193427_57760e3f_StateSignal_XLE,-0.0020284204106771724,-0.0020284204106771724,0.80774962164519,0.80774962164519,0.0,0.0,0.6647752657401804,-0.0020284204106771724
2025-01-13 00:00:00+00:00,20260201_193427_57760e3f_StateSignal_XLE,0.002962531008036522,0.002962531008036522,0.8101426049460437,0.8101426049460437,0.0,0.0,0.6647752657401804,0.002962531008036522
2025-01-14 00:00:00+00:00,20260201_193427_57760e3f_StateSignal_XLE,0.014161064402199894,0.014161064402199894,0.8216150865496507,0.8216150865496507,0.0,0.0,0.6647752657401804,0.014161064402199894
2025-01-15 00:00:00+00:00,20260201_193427_57760e3f_StateSignal_XLE,-0.0001523141868823684,-0.0001523141868823684,0.8214899429158126,0.8214899429158126,0.0,0.0,0.6647752657401804,-0.0001523141868823684
2025-01-16 00:00:00+00:00,20260201_193427_57760e3f_StateSignal_XLE,0.01491231698938297,0.01491231698938297,0.8337402613481633,0.8337402613481633,0.0,0.0,0.6647752657401804,0.01491231698938297
2025-01-17 00:00:00+00:00,20260201_193427_57760e3f_StateSignal_XLE,0.0038615293809608747,0.0038615293809608747,0.8369597738634492,0.8369597738634492,0.0,0.0,0.6647752657401804,0.0038615293809608747
2025-01-21 00:00:00+00:00,20260201_193427_57760e3f_StateSignal_XLE,0.009994598621473267,0.009994598621473267,0.8453248508655334,0.8453248508655334,0.0,0.0,0.6647752657401804,0.009994598621473267
2025-01-22 00:00:00+00:00,20260201_193427_57760e3f_StateSignal_XLE,-0.003070560959057917,-0.003070560959057917,0.8427292293807443,0.8427292293807443,0.0,0.0,0.6647752657401804,-0.003070560959057917
2025-01-23 00:00:00+00:00,20260201_193427_57760e3f_StateSignal_XLE,-0.004411265461624848,-0.004411265461624848,0.8390117270376753,0.8390117270376753,0.0,0.0,0.6647752657401804,-0.004411265461624848
2025-01-24 00:00:00+00:00,20260201_193427_57760e3f_StateSignal_XLE,-0.009360047744990893,-0.009360047744990893,0.8311585372139955,0.8311585372139955,0.0,0.0,0.6647752657401804,-0.009360047744990893
2025-01-27 00:00:00+00:00,20260201_193427_57760e3f_StateSignal_XLE,-0.0013479732886422435,-0.0013479732886422435,0.830038157707204,0.830038157707204,0.0,0.0,0.6647752657401804,-0.0013479732886422435
2025-01-28 00:00:00+00:00,20260201_193427_57760e3f_StateSignal_XLE,-0.012103661903858106,-0.012103661903858106,0.8199916564790147,0.8199916564790147,0.0,0.0,0.6647752657401804,-0.012103661903858106
2025-01-29 00:00:00+00:00,20260201_193427_57760e3f_StateSignal_XLE,-0.005673355811433626,-0.005673355811433626,0.8153395520494024,0.8153395520494024,0.0,0.0,0.6647752657401804,-0.005673355811433626
2025-01-30 00:00:00+00:00,20260201_193427_57760e3f_StateSignal_XLE,0.0053679226492766175,0.0053679226492766175,0.8197162316976995,0.8197162316976995,0.0,0.0,0.6647752657401804,0.0053679226492766175
2025-01-31 00:00:00+00:00,20260201_193427_57760e3f_StateSignal_XLE,-0.00015276922180057026,-0.00015276922180057026,0.8195910042868858,0.8195910042868858,0.0,0.0,0.6647752657401804,-0.00015276922180057026
2025-02-03 00:00:00+00:00,20260201_193427_57760e3f_StateSignal_XLE,-0.008766394275852695,-0.008766394275852695,0.812406146398365,0.812406146398365,0.0,0.0,0.6647752657401804,-0.008766394275852695
2025-02-04 00:00:00+00:00,20260201_193427_57760e3f_StateSignal_XLE,-0.00421899044778434,-0.00421899044778434,0.808978612626989,0.808978612626989,0.0,0.0,0.6946708688258749,-0.00421899044778434
2025-02-05 00:00:00+00:00,20260201_193427_57760e3f_StateSignal_XLE,0.014177448587806606,0.014177448587806606,0.8204478653161432,0.8204478653161432,0.0,0.0,0.6946708688258749,0.014177448587806606
2025-02-06 00:00:00+00:00,20260201_193427_57760e3f_StateSignal_XLE,0.00047825879260891146,0.00047825879260891146,0.8208402517216079,0.8208402517216079,0.0,0.0,0.6946708688258749,0.00047825879260891146
2025-02-07 00:00:00+00:00,20260201_193427_57760e3f_StateSignal_XLE,-0.007691935960167795,-0.007691935960167795,0.8145264010718373,0.8145264010718373,0.0,0.0,0.6946708688258749,-0.007691935960167795
2025-02-10 00:00:00+00:00,20260201_193427_57760e3f_StateSignal_XLE,-0.0033921909623110236,-0.0033921909623110236,0.8117633719755577,0.8117633719755577,0.0,0.0,0.6946708688258749,-0.0033921909623110236
2025-02-11 00:00:00+00:00,20260201_193427_57760e3f_StateSignal_XLE,0.0120396578418115,0.0120396578418115,0.8215367252226586,0.8215367252226586,0.0,0.0,0.6946708688258749,0.0120396578418115
2025-02-12 00:00:00+00:00,20260201_193427_57760e3f_StateSignal_XLE,0.009954512368293495,0.009954512368293495,0.829714722714895,0.829714722714895,0.0,0.0,0.6946708688258749,0.009954512368293495
2025-02-13 00:00:00+00:00,20260201_193427_57760e3f_StateSignal_XLE,-0.00693730645745283,-0.00693730645745283,0.8239587374111612,0.8239587374111612,0.0,0.0,0.6946708688258749,-0.00693730645745283
2025-02-14 00:00:00+00:00,20260201_193427_57760e3f_StateSignal_XLE,-0.010055147351061097,-0.010055147351061097,0.8156737108952977,0.8156737108952977,0.0,0.0,0.6946708688258749,-0.010055147351061097
2025-02-18 00:00:00+00:00,20260201_193427_57760e3f_StateSignal_XLE,0.011479789030607642,0.011479789030607642,0.8250374730141885,0.8250374730141885,0.0,0.0,0.6946708688258749,0.011479789030607642
2025-02-19 00:00:00+00:00,20260201_193427_57760e3f_StateSignal_XLE,0.0028405481739213435,0.0028405481739213435,0.8273810317015756,0.8273810317015756,0.0,0.0,0.6946708688258749,0.0028405481739213435
2025-02-20 00:00:00+00:00,20260201_193427_57760e3f_StateSignal_XLE,0.010937464094094088,0.010937464094094088,0.8364304820279461,0.8364304820279461,0.0,0.0,0.6946708688258749,0.010937464094094088
2025-02-21 00:00:00+00:00,20260201_193427_57760e3f_StateSignal_XLE,-0.003730620031598127,-0.003730620031598127,0.8333100777166534,0.8333100777166534,0.0,0.0,0.6946708688258749,-0.003730620031598127
2025-02-24 00:00:00+00:00,20260201_193427_57760e3f_StateSignal_XLE,0.0018678143508949524,0.0018678143508949524,0.834866546238558,0.834866546238558,0.0,0.0,0.6946708688258749,0.0018678143508949524
2025-02-25 00:00:00+00:00,20260201_193427_57760e3f_StateSignal_XLE,-0.00891719023435855,-0.00891719023435855,0.8274218824254469,0.8274218824254469,0.0,0.0,0.6946708688258749,-0.00891719023435855
2025-02-26 00:00:00+00:00,20260201_193427_57760e3f_StateSignal_XLE,-0.015121168123528761,-0.015121168123528761,0.814910297032205,0.814910297032205,0.0,0.0,0.6946708688258749,-0.015121168123528761
2025-02-27 00:00:00+00:00,20260201_193427_57760e3f_StateSignal_XLE,-0.00032190494960909077,-0.00032190494960909077,0.8146479733741029,0.8146479733741029,0.0,0.0,0.6946708688258749,-0.00032190494960909077
2025-02-28 00:00:00+00:00,20260201_193427_57760e3f_StateSignal_XLE,0.005931228404823943,0.005931228404823943,0.8194798365737116,0.8194798365737116,0.0,0.0,0.6946708688258749,0.005931228404823943
2025-03-03 00:00:00+00:00,20260201_193427_57760e3f_StateSignal_XLE,-0.0006387778554246763,-0.0006387778554246763,0.8189563710011413,0.8189563710011413,0.0,0.0,0.6946708688258749,-0.0006387778554246763
2025-03-04 00:00:00+00:00,20260201_193427_57760e3f_StateSignal_XLE,0.003982758695610555,0.003982758695610555,0.8222180766090716,0.8222180766090716,0.0,0.0,0.6946708688258749,0.003982758695610555
2025-03-05 00:00:00+00:00,20260201_193427_57760e3f_StateSignal_XLE,-0.02804021396669515,-0.02804021396669515,0.7991629058136688,0.7991629058136688,0.0,0.0,0.6946708688258749,-0.02804021396669515
2025-03-06 00:00:00+00:00,20260201_193427_57760e3f_StateSignal_XLE,-0.02055198659469381,-0.02055198659469381,0.7827385204864097,0.7827385204864097,0.0,0.0,0.7402707519511108,-0.02055198659469381
2025-03-07 00:00:00+00:00,20260201_193427_57760e3f_StateSignal_XLE,0.007392851804260367,0.007392851804260367,0.7885251903698517,0.7885251903698517,0.0,0.0,0.7402707519511108,0.007392851804260367
2025-03-10 00:00:00+00:00,20260201_193427_57760e3f_StateSignal_XLE,0.013159134790433442,0.013159134790433442,0.7989014996355808,0.7989014996355808,0.0,0.0,0.7402707519511108,0.013159134790433442
2025-03-11 00:00:00+00:00,20260201_193427_57760e3f_StateSignal_XLE,0.013275621747789285,0.013275621747789285,0.8095074137584842,0.8095074137584842,0.0,0.0,0.7402707519511108,0.013275621747789285
2025-03-12 00:00:00+00:00,20260201_193427_57760e3f_StateSignal_XLE,-0.008531969511745367,-0.008531969511745367,0.802600721184765,0.802600721184765,0.0,0.0,0.7402707519511108,-0.008531969511745367
2025-03-13 00:00:00+00:00,20260201_193427_57760e3f_StateSignal_XLE,0.004539410344865216,0.004539410344865216,0.8062440552013075,0.8062440552013075,0.0,0.0,0.7402707519511108,0.004539410344865216
2025-03-14 00:00:00+00:00,20260201_193427_57760e3f_StateSignal_XLE,-0.004539410344865216,-0.004539410344865216,0.8025841825966405,0.8025841825966405,0.0,0.0,0.7402707519511108,-0.004539410344865216
2025-03-17 00:00:00+00:00,20260201_193427_57760e3f_StateSignal_XLE,0.01833474554986533,0.01833474554986533,0.8172993593668966,0.8172993593668966,0.0,0.0,0.7402707519511108,0.01833474554986533
2025-03-18 00:00:00+00:00,20260201_193427_57760e3f_StateSignal_XLE,0.012535776820747737,0.012535776820747737,0.8275448417316601,0.8275448417316601,0.0,0.0,0.7402707519511108,0.012535776820747737
2025-03-19 00:00:00+00:00,20260201_193427_57760e3f_StateSignal_XLE,-0.0008403573974901718,-0.0008403573974901718,0.826849408302156,0.826849408302156,0.0,0.0,0.7402707519511108,-0.0008403573974901718
2025-03-20 00:00:00+00:00,20260201_193427_57760e3f_StateSignal_XLE,0.01118229816099947,0.01118229816099947,0.8360954849200367,0.8360954849200367,0.0,0.0,0.7402707519511108,0.01118229816099947
2025-03-21 00:00:00+00:00,20260201_193427_57760e3f_StateSignal_XLE,0.0023154153209300867,0.0023154153209300867,0.8380313932155811,0.8380313932155811,0.0,0.0,0.7402707519511108,0.0023154153209300867
2025-03-24 00:00:00+00:00,20260201_193427_57760e3f_StateSignal_XLE,-0.005469393471734385,-0.005469393471734385,0.8334478697844193,0.8334478697844193,0.0,0.0,0.7402707519511108,-0.005469393471734385
2025-03-25 00:00:00+00:00,20260201_193427_57760e3f_StateSignal_XLE,0.01677646042129405,0.01677646042129405,0.8474301749850696,0.8474301749850696,0.0,0.0,0.7402707519511108,0.01677646042129405
2025-03-26 00:00:00+00:00,20260201_193427_57760e3f_StateSignal_XLE,-0.0013021476566859218,-0.0013021476566859218,0.8463266957685078,0.8463266957685078,0.0,0.0,0.7402707519511108,-0.0013021476566859218
2025-03-27 00:00:00+00:00,20260201_193427_57760e3f_StateSignal_XLE,0.006810863286621089,0.006810863286621089,0.8520909111892049,0.8520909111892049,0.0,0.0,0.7402707519511108,0.006810863286621089
2025-03-28 00:00:00+00:00,20260201_193427_57760e3f_StateSignal_XLE,-0.0077889793751251,-0.0077889793751251,0.8454539926562206,0.8454539926562206,0.0,0.0,0.7402707519511108,-0.0077889793751251
2025-03-31 00:00:00+00:00,20260201_193427_57760e3f_StateSignal_XLE,-0.005402862601880145,-0.005402862601880145,0.840886120897688,0.840886120897688,0.0,0.0,0.7402707519511108,-0.005402862601880145
2025-04-01 00:00:00+00:00,20260201_193427_57760e3f_StateSignal_XLE,0.00946984762508018,0.00946984762508018,0.8488491843326338,0.8488491843326338,0.0,0.0,0.7402707519511108,0.00946984762508018
2025-04-02 00:00:00+00:00,20260201_193427_57760e3f_StateSignal_XLE,0.0,0.0,0.8488491843326338,0.8488491843326338,0.0,0.0,0.7402707519511108,0.0
2025-04-03 00:00:00+00:00,20260201_193427_57760e3f_StateSignal_XLE,0.00048654011081091577,0.00048654011081091577,0.8492621835088408,0.8492621835088408,0.0,0.0,0.7402707519511108,0.00048654011081091577
2025-04-04 00:00:00+00:00,20260201_193427_57760e3f_StateSignal_XLE,-0.03093522587205816,-0.03093522587205816,0.8229900660373975,0.8229900660373975,0.0,0.0,0.5114296023526086,-0.03093522587205816
2025-04-07 00:00:00+00:00,20260201_193427_57760e3f_StateSignal_XLE,-0.04708126019298994,-0.04708126019298994,0.7842426566020448,0.7842426566020448,0.0,0.0,0.5114296023526086,-0.04708126019298994
2025-04-08 00:00:00+00:00,20260201_193427_57760e3f_StateSignal_XLE,-0.018870159081961074,-0.018870159081961074,0.7694438729131045,0.7694438729131045,0.0,0.0,0.5114296023526086,-0.018870159081961074
2025-04-09 00:00:00+00:00,20260201_193427_57760e3f_StateSignal_XLE,0.010849116475695593,0.010849116475695593,0.7777916591118491,0.7777916591118491,0.0,0.0,0.5114296023526086,0.010849116475695593
2025-04-10 00:00:00+00:00,20260201_193427_57760e3f_StateSignal_XLE,-0.023041266004242292,-0.023041266004242292,0.759870354598372,0.759870354598372,0.0,0.0,0.5114296023526086,-0.023041266004242292
2025-04-11 00:00:00+00:00,20260201_193427_57760e3f_StateSignal_XLE,0.009341439652859301,0.009341439652859301,0.7669686376598495,0.7669686376598495,0.0,0.0,0.5114296023526086,0.009341439652859301
2025-04-14 00:00:00+00:00,20260201_193427_57760e3f_StateSignal_XLE,-0.0024561767706200326,-0.0024561767706200326,0.7650848271082352,0.7650848271082352,0.0,0.0,0.5114296023526086,-0.0024561767706200326
2025-04-15 00:00:00+00:00,20260201_193427_57760e3f_StateSignal_XLE,0.012831998164910138,0.012831998164910138,0.7749023942056886,0.7749023942056886,0.0,0.0,0.5114296023526086,0.012831998164910138
2025-04-16 00:00:00+00:00,20260201_193427_57760e3f_StateSignal_XLE,0.007021420716841685,0.007021420716841685,0.7803433099298948,0.7803433099298948,0.0,0.0,0.5114296023526086,0.007021420716841685
2025-04-17 00:00:00+00:00,20260201_193427_57760e3f_StateSignal_XLE,0.005626632907661692,0.005626632907661692,0.78473401527682,0.78473401527682,0.0,0.0,0.5114296023526086,0.005626632907661692
2025-04-21 00:00:00+00:00,20260201_193427_57760e3f_StateSignal_XLE,0.009284907402477772,0.009284907402477772,0.7920201979442397,0.7920201979442397,0.0,0.0,0.5114296023526086,0.009284907402477772
2025-04-22 00:00:00+00:00,20260201_193427_57760e3f_StateSignal_XLE,-0.020467736525387744,-0.020467736525387744,0.7758093372099316,0.7758093372099316,0.0,0.0,0.5114296023526086,-0.020467736525387744
2025-04-23 00:00:00+00:00,20260201_193427_57760e3f_StateSignal_XLE,0.016748232113710133,0.016748232113710133,0.7888027720655072,0.7888027720655072,0.0,0.0,0.5114296023526086,0.016748232113710133
2025-04-24 00:00:00+00:00,20260201_193427_57760e3f_StateSignal_XLE,-0.002451666722115853,-0.002451666722115853,0.7868688905589215,0.7868688905589215,0.0,0.0,0.5114296023526086,-0.002451666722115853
2025-04-25 00:00:00+00:00,20260201_193427_57760e3f_StateSignal_XLE,0.006298948674084041,0.006298948674084041,0.7918253373137857,0.7918253373137857,0.0,0.0,0.5114296023526086,0.006298948674084041
2025-04-28 00:00:00+00:00,20260201_193427_57760e3f_StateSignal_XLE,0.0007659955536075091,0.0007659955536075091,0.7924318720014017,0.7924318720014017,0.0,0.0,0.5114296023526086,0.0007659955536075091
2025-04-29 00:00:00+00:00,20260201_193427_57760e3f_StateSignal_XLE,0.0010195460188916548,0.0010195460188916548,0.7932397927617437,0.7932397927617437,0.0,0.0,0.5114296023526086,0.0010195460188916548
2025-04-30 00:00:00+00:00,20260201_193427_57760e3f_StateSignal_XLE,0.0007633279064088859,0.0007633279064088859,0.7938452948320328,0.7938452948320328,0.0,0.0,0.5114296023526086,0.0007633279064088859
2025-05-01 00:00:00+00:00,20260201_193427_57760e3f_StateSignal_XLE,-0.017062160435597454,-0.017062160435597454,0.7803005790505645,0.7803005790505645,0.0,0.0,0.5114296023526086,-0.017062160435597454
2025-05-02 00:00:00+00:00,20260201_193427_57760e3f_StateSignal_XLE,0.006530088745067609,0.006530088745067609,0.7853960110795923,0.7853960110795923,0.0,0.0,0.5114296023526086,0.006530088745067609
2025-05-05 00:00:00+00:00,20260201_193427_57760e3f_StateSignal_XLE,0.004264630365366993,0.004264630365366993,0.7887454347572805,0.7887454347572805,0.0,0.0,0.5114296023526086,0.004264630365366993
2025-05-06 00:00:00+00:00,20260201_193427_57760e3f_StateSignal_XLE,-0.004686711336414437,-0.004686711336414437,0.7850488125866585,0.7850488125866585,0.0,0.0,0.5796844507796712,-0.004686711336414437
2025-05-07 00:00:00+00:00,20260201_193427_57760e3f_StateSignal_XLE,0.0001470347378282615,0.0001470347378282615,0.7851642420329996,0.7851642420329996,0.0,0.0,0.5796844507796712,0.0001470347378282615
2025-05-08 00:00:00+00:00,20260201_193427_57760e3f_StateSignal_XLE,-0.0011773234831968151,-0.0011773234831968151,0.7842398497326878,0.7842398497326878,0.0,0.0,0.5796844507796712,-0.0011773234831968151
2025-05-09 00:00:00+00:00,20260201_193427_57760e3f_StateSignal_XLE,0.012244230382321062,0.012244230382321062,0.7938422631278117,0.7938422631278117,0.0,0.0,0.5796844507796712,0.012244230382321062
2025-05-12 00:00:00+00:00,20260201_193427_57760e3f_StateSignal_XLE,-0.0011550378930346573,-0.0011550378930346573,0.7929253452328067,0.7929253452328067,0.0,0.0,0.5796844507796712,-0.0011550378930346573
2025-05-13 00:00:00+00:00,20260201_193427_57760e3f_StateSignal_XLE,0.013004683205917949,0.013004683205917949,0.8032370881535024,0.8032370881535024,0.0,0.0,0.5796844507796712,0.013004683205917949
2025-05-14 00:00:00+00:00,20260201_193427_57760e3f_StateSignal_XLE,0.0118892280243131,0.0118892280243131,0.8127869570521445,0.8127869570521445,0.0,0.0,0.5796844507796712,0.0118892280243131
2025-05-15 00:00:00+00:00,20260201_193427_57760e3f_StateSignal_XLE,-0.0036108875069061457,-0.0036108875069061457,0.8098520747831487,0.8098520747831487,0.0,0.0,0.5796844507796712,-0.0036108875069061457
2025-05-16 00:00:00+00:00,20260201_193427_57760e3f_StateSignal_XLE,-0.003493348228919461,-0.003493348228919461,0.8070229794720183,0.8070229794720183,0.0,0.0,0.5796844507796712,-0.003493348228919461
2025-05-19 00:00:00+00:00,20260201_193427_57760e3f_StateSignal_XLE,0.0,0.0,0.8070229794720183,0.8070229794720183,0.0,0.0,0.5796844507796712,0.0
2025-05-20 00:00:00+00:00,20260201_193427_57760e3f_StateSignal_XLE,-0.0019655098295000826,-0.0019655098295000826,0.8054367678732336,0.8054367678732336,0.0,0.0,0.5796844507796712,-0.0019655098295000826
2025-05-21 00:00:00+00:00,20260201_193427_57760e3f_StateSignal_XLE,-0.004234382968071517,-0.004234382968071517,0.8020262401414926,0.8020262401414926,0.0,0.0,0.5796844507796712,-0.004234382968071517
2025-05-22 00:00:00+00:00,20260201_193427_57760e3f_StateSignal_XLE,-0.008418949848774749,-0.008418949848774749,0.7952740214483399,0.7952740214483399,0.0,0.0,0.5796844507796712,-0.008418949848774749
2025-05-23 00:00:00+00:00,20260201_193427_57760e3f_StateSignal_XLE,-0.0097111555264729,-0.0097111555264729,0.7875509917398915,0.7875509917398915,0.0,0.0,0.5796844507796712,-0.0097111555264729
2025-05-27 00:00:00+00:00,20260201_193427_57760e3f_StateSignal_XLE,0.0005843593748680225,0.0005843593748680225,0.7880112045451013,0.7880112045451013,0.0,0.0,0.5796844507796712,0.0005843593748680225
2025-05-28 00:00:00+00:00,20260201_193427_57760e3f_StateSignal_XLE,0.0072552192470272045,0.0072552192470272045,0.79372839860319,0.79372839860319,0.0,0.0,0.5796844507796712,0.0072552192470272045
2025-05-29 00:00:00+00:00,20260201_193427_57760e3f_StateSignal_XLE,-0.0028912002615676963,-0.0028912002615676963,0.7914335708495347,0.7914335708495347,0.0,0.0,0.5796844507796712,-0.0028912002615676963
2025-05-30 00:00:00+00:00,20260201_193427_57760e3f_StateSignal_XLE,-0.004948378360327531,-0.004948378360327531,0.787517258093906,0.787517258093906,0.0,0.0,0.5796844507796712,-0.004948378360327531
2025-06-02 00:00:00+00:00,20260201_193427_57760e3f_StateSignal_XLE,-0.001024048507440766,-0.001024048507440766,0.7867108022211712,0.7867108022211712,0.0,0.0,0.5796844507796712,-0.001024048507440766
2025-06-03 00:00:00+00:00,20260201_193427_57760e3f_StateSignal_XLE,0.009440140802691978,0.009440140802691978,0.7941374629651379,0.7941374629651379,0.0,0.0,0.5796844507796712,0.009440140802691978
2025-06-04 00:00:00+00:00,20260201_193427_57760e3f_StateSignal_XLE,0.010421895022621152,0.010421895022621152,0.8024138802376912,0.8024138802376912,0.0,0.0,0.5796844507796712,0.010421895022621152
2025-06-05 00:00:00+00:00,20260201_193427_57760e3f_StateSignal_XLE,-0.020084443986512327,-0.020084443986512327,0.7862978436060573,0.7862978436060573,0.0,0.0,0.9357375671035221,-0.020084443986512327
2025-06-06 00:00:00+00:00,20260201_193427_57760e3f_StateSignal_XLE,-0.0002333801152148554,-0.0002333801152148554,0.7861143373247232,0.7861143373247232,0.0,0.0,0.9357375671035221,-0.0002333801152148554
2025-06-09 00:00:00+00:00,20260201_193427_57760e3f_StateSignal_XLE,0.014820206914623789,0.014820206914623789,0.7977647144624279,0.7977647144624279,0.0,0.0,0.9357375671035221,0.014820206914623789
2025-06-10 00:00:00+00:00,20260201_193427_57760e3f_StateSignal_XLE,0.003668664604639889,0.003668664604639889,0.8006914456332069,0.8006914456332069,0.0,0.0,0.9357375671035221,0.003668664604639889
2025-06-11 00:00:00+00:00,20260201_193427_57760e3f_StateSignal_XLE,0.016333288583506852,0.016333288583506852,0.8137693700810793,0.8137693700810793,0.0,0.0,0.9357375671035221,0.016333288583506852
2025-06-12 00:00:00+00:00,20260201_193427_57760e3f_StateSignal_XLE,-0.0018007945266311502,-0.0018007945266311502,0.8123039386534971,0.8123039386534971,0.0,0.0,0.9357375671035221,-0.0018007945266311502
2025-06-13 00:00:00+00:00,20260201_193427_57760e3f_StateSignal_XLE,0.01408832125922656,0.01408832125922656,0.8237479375013828,0.8237479375013828,0.0,0.0,0.9357375671035221,0.01408832125922656
2025-06-16 00:00:00+00:00,20260201_193427_57760e3f_StateSignal_XLE,0.013441887000061775,0.013441887000061775,0.8348206641938104,0.8348206641938104,0.0,0.0,0.9357375671035221,0.013441887000061775
2025-06-17 00:00:00+00:00,20260201_193427_57760e3f_StateSignal_XLE,-0.0026290934657152622,-0.0026290934657152622,0.8326258426405344,0.8326258426405344,0.0,0.0,0.9357375671035221,-0.0026290934657152622
2025-06-18 00:00:00+00:00,20260201_193427_57760e3f_StateSignal_XLE,0.015664886833205754,0.015664886833205754,0.8456688322399009,0.8456688322399009,0.0,0.0,0.9357375671035221,0.015664886833205754
2025-06-20 00:00:00+00:00,20260201_193427_57760e3f_StateSignal_XLE,-0.0069298169408486005,-0.0069298169408486005,0.8398085020398971,0.8398085020398971,0.0,0.0,0.9357375671035221,-0.0069298169408486005
2025-06-23 00:00:00+00:00,20260201_193427_57760e3f_StateSignal_XLE,0.006066391212133142,0.006066391212133142,0.8449031089565465,0.8449031089565465,0.0,0.0,0.9357375671035221,0.006066391212133142
2025-06-24 00:00:00+00:00,20260201_193427_57760e3f_StateSignal_XLE,-0.00021598097432350849,-0.00021598097432350849,0.8447206259598651,0.8447206259598651,0.0,0.0,0.9357375671035221,-0.00021598097432350849
2025-06-25 00:00:00+00:00,20260201_193427_57760e3f_StateSignal_XLE,-0.034318623078601077,-0.034318623078601077,0.8157309771908284,0.8157309771908284,0.0,0.0,0.9357375671035221,-0.034318623078601077
2025-06-26 00:00:00+00:00,20260201_193427_57760e3f_StateSignal_XLE,0.0008958713629285307,0.0008958713629285307,0.8164617672131474,0.8164617672131474,0.0,0.0,0.9357375671035221,0.0008958713629285307
2025-06-27 00:00:00+00:00,20260201_193427_57760e3f_StateSignal_XLE,0.005579846987732063,0.005579846987732063,0.8210174989455302,0.8210174989455302,0.0,0.0,0.9357375671035221,0.005579846987732063
2025-06-30 00:00:00+00:00,20260201_193427_57760e3f_StateSignal_XLE,-0.0037906732741842765,-0.0037906732741842765,0.8179052898546398,0.8179052898546398,0.0,0.0,0.9357375671035221,-0.0037906732741842765
2025-07-01 00:00:00+00:00,20260201_193427_57760e3f_StateSignal_XLE,0.0,0.0,0.8179052898546398,0.8179052898546398,0.0,0.0,0.9357375671035221,0.0
2025-07-02 00:00:00+00:00,20260201_193427_57760e3f_StateSignal_XLE,0.002677362533571329,0.002677362533571329,0.8200951188337066,0.8200951188337066,0.0,0.0,0.9357375671035221,0.002677362533571329
2025-07-03 00:00:00+00:00,20260201_193427_57760e3f_StateSignal_XLE,0.007102406523502696,0.007102406523502696,0.8259197677556038,0.8259197677556038,0.0,0.0,0.9357375671035221,0.007102406523502696
2025-07-07 00:00:00+00:00,20260201_193427_57760e3f_StateSignal_XLE,0.010990701487923624,0.010990701487923624,0.8349972053759809,0.8349972053759809,0.0,0.0,0.9357375671035221,0.010990701487923624
2025-07-08 00:00:00+00:00,20260201_193427_57760e3f_StateSignal_XLE,-0.011745495611493073,-0.011745495611493073,0.8251897493646283,0.8251897493646283,0.0,0.0,1.0,-0.011745495611493073
2025-07-09 00:00:00+00:00,20260201_193427_57760e3f_StateSignal_XLE,0.022892847458400478,0.022892847458400478,0.8440806924210684,0.8440806924210684,0.0,0.0,1.0,0.022892847458400478
2025-07-10 00:00:00+00:00,20260201_193427_57760e3f_StateSignal_XLE,0.002537194303057877,0.002537194303057877,0.8462222891452003,0.8462222891452003,0.0,0.0,1.0,0.002537194303057877
2025-07-11 00:00:00+00:00,20260201_193427_57760e3f_StateSignal_XLE,-0.0016138332032888947,-0.0016138332032888947,0.8448566275176146,0.8448566275176146,0.0,0.0,1.0,-0.0016138332032888947
2025-07-14 00:00:00+00:00,20260201_193427_57760e3f_StateSignal_XLE,0.012610507591929387,0.012610507591929387,0.8555106984330173,0.8555106984330173,0.0,0.0,1.0,0.012610507591929387
2025-07-15 00:00:00+00:00,20260201_193427_57760e3f_StateSignal_XLE,-0.016309078613481187,-0.016309078613481187,0.841558107197599,0.841558107197599,0.0,0.0,1.0,-0.016309078613481187
2025-07-16 00:00:00+00:00,20260201_193427_57760e3f_StateSignal_XLE,-0.006971908324114651,-0.006971908324114651,0.835690841224802,0.835690841224802,0.0,0.0,1.0,-0.006971908324114651
2025-07-17 00:00:00+00:00,20260201_193427_57760e3f_StateSignal_XLE,-0.009607572437366763,-0.009607572437366763,0.8276618809324907,0.8276618809324907,0.0,0.0,1.0,-0.009607572437366763
2025-07-18 00:00:00+00:00,20260201_193427_57760e3f_StateSignal_XLE,-0.0009422851109466279,-0.0009422851109466279,0.8268819874651899,0.8268819874651899,0.0,0.0,1.0,-0.0009422851109466279
2025-07-21 00:00:00+00:00,20260201_193427_57760e3f_StateSignal_XLE,0.0011777177194498556,0.0011777177194498556,0.8278558210337216,0.8278558210337216,0.0,0.0,1.0,0.0011777177194498556
2025-07-22 00:00:00+00:00,20260201_193427_57760e3f_StateSignal_XLE,-0.01064972791665797,-0.01064972791665797,0.819039381785491,0.819039381785491,0.0,0.0,1.0,-0.01064972791665797
2025-07-23 00:00:00+00:00,20260201_193427_57760e3f_StateSignal_XLE,-0.003575263014689245,-0.003575263014689245,0.8161111005762194,0.8161111005762194,0.0,0.0,1.0,-0.003575263014689245
2025-07-24 00:00:00+00:00,20260201_193427_57760e3f_StateSignal_XLE,0.015166167471411196,0.015166167471411196,0.828488378202836,0.828488378202836,0.0,0.0,1.0,0.015166167471411196
2025-07-25 00:00:00+00:00,20260201_193427_57760e3f_StateSignal_XLE,0.009829238976887922,0.009829238976887922,0.836631788461766,0.836631788461766,0.0,0.0,1.0,0.009829238976887922
2025-07-28 00:00:00+00:00,20260201_193427_57760e3f_StateSignal_XLE,-0.004902542794701592,-0.004902542794701592,0.8325301653154245,0.8325301653154245,0.0,0.0,1.0,-0.004902542794701592
2025-07-29 00:00:00+00:00,20260201_193427_57760e3f_StateSignal_XLE,0.013713172476856439,0.013713172476856439,0.8439467950645807,0.8439467950645807,0.0,0.0,1.0,0.013713172476856439
2025-07-30 00:00:00+00:00,20260201_193427_57760e3f_StateSignal_XLE,0.0016145776774694198,0.0016145776774694198,0.8453094127208638,0.8453094127208638,0.0,0.0,1.0,0.0016145776774694198
2025-07-31 00:00:00+00:00,20260201_193427_57760e3f_StateSignal_XLE,-0.002769445573465923,-0.002769445573465923,0.8429683743095949,0.8429683743095949,0.0,0.0,1.0,-0.002769445573465923
2025-08-01 00:00:00+00:00,20260201_193427_57760e3f_StateSignal_XLE,-0.007655761786158344,-0.007655761786158344,0.8365148092426155,0.8365148092426155,0.0,0.0,1.0,-0.007655761786158344
2025-08-04 00:00:00+00:00,20260201_193427_57760e3f_StateSignal_XLE,-0.01928110518486026,-0.01928110518486026,0.8203858792169153,0.8203858792169153,0.0,0.0,1.0,-0.01928110518486026
2025-08-05 00:00:00+00:00,20260201_193427_57760e3f_StateSignal_XLE,-0.0011877896633452067,-0.0011877896633452067,0.8194114333496271,0.8194114333496271,0.0,0.0,1.0,-0.0011877896633452067
2025-08-06 00:00:00+00:00,20260201_193427_57760e3f_StateSignal_XLE,0.0,0.0,0.8194114333496271,0.8194114333496271,0.0,0.0,0.0,-0.0
2025-08-07 00:00:00+00:00,20260201_193427_57760e3f_StateSignal_XLE,0.0,0.0,0.8194114333496271,0.8194114333496271,0.0,0.0,0.0,0.0
2025-08-08 00:00:00+00:00,20260201_193427_57760e3f_StateSignal_XLE,0.0,0.0,0.8194114333496271,0.8194114333496271,0.0,0.0,0.0,-0.0
2025-08-11 00:00:00+00:00,20260201_193427_57760e3f_StateSignal_XLE,0.0,0.0,0.8194114333496271,0.8194114333496271,0.0,0.0,0.0,-0.0
2025-08-12 00:00:00+00:00,20260201_193427_57760e3f_StateSignal_XLE,0.0,0.0,0.8194114333496271,0.8194114333496271,0.0,0.0,0.0,-0.0
2025-08-13 00:00:00+00:00,20260201_193427_57760e3f_StateSignal_XLE,0.0,0.0,0.8194114333496271,0.8194114333496271,0.0,0.0,0.0,0.0
2025-08-14 00:00:00+00:00,20260201_193427_57760e3f_StateSignal_XLE,0.0,0.0,0.8194114333496271,0.8194114333496271,0.0,0.0,0.0,-0.0
2025-08-15 00:00:00+00:00,20260201_193427_57760e3f_StateSignal_XLE,0.0,0.0,0.8194114333496271,0.8194114333496271,0.0,0.0,0.0,0.0
2025-08-18 00:00:00+00:00,20260201_193427_57760e3f_StateSignal_XLE,0.0,0.0,0.8194114333496271,0.8194114333496271,0.0,0.0,0.0,0.0
2025-08-19 00:00:00+00:00,20260201_193427_57760e3f_StateSignal_XLE,0.0,0.0,0.8194114333496271,0.8194114333496271,0.0,0.0,0.0,-0.0
2025-08-20 00:00:00+00:00,20260201_193427_57760e3f_StateSignal_XLE,0.0,0.0,0.8194114333496271,0.8194114333496271,0.0,0.0,0.0,-0.0
2025-08-21 00:00:00+00:00,20260201_193427_57760e3f_StateSignal_XLE,0.0,0.0,0.8194114333496271,0.8194114333496271,0.0,0.0,0.0,0.0
2025-08-22 00:00:00+00:00,20260201_193427_57760e3f_StateSignal_XLE,0.0,0.0,0.8194114333496271,0.8194114333496271,0.0,0.0,0.0,0.0
2025-08-25 00:00:00+00:00,20260201_193427_57760e3f_StateSignal_XLE,0.0,0.0,0.8194114333496271,0.8194114333496271,0.0,0.0,0.0,0.0
2025-08-26 00:00:00+00:00,20260201_193427_57760e3f_StateSignal_XLE,0.0,0.0,0.8194114333496271,0.8194114333496271,0.0,0.0,0.0,-0.0
2025-08-27 00:00:00+00:00,20260201_193427_57760e3f_StateSignal_XLE,0.0,0.0,0.8194114333496271,0.8194114333496271,0.0,0.0,0.0,-0.0
2025-08-28 00:00:00+00:00,20260201_193427_57760e3f_StateSignal_XLE,0.0,0.0,0.8194114333496271,0.8194114333496271,0.0,0.0,0.0,0.0
2025-08-29 00:00:00+00:00,20260201_193427_57760e3f_StateSignal_XLE,0.0,0.0,0.8194114333496271,0.8194114333496271,0.0,0.0,0.0,0.0
2025-09-02 00:00:00+00:00,20260201_193427_57760e3f_StateSignal_XLE,0.0,0.0,0.8194114333496271,0.8194114333496271,0.0,0.0,0.0,0.0
2025-09-03 00:00:00+00:00,20260201_193427_57760e3f_StateSignal_XLE,0.0,0.0,0.8194114333496271,0.8194114333496271,0.0,0.0,0.0,-0.0
2025-09-04 00:00:00+00:00,20260201_193427_57760e3f_StateSignal_XLE,0.0,0.0,0.8194114333496271,0.8194114333496271,0.0,0.0,0.0,-0.0
2025-09-05 00:00:00+00:00,20260201_193427_57760e3f_StateSignal_XLE,0.00041173570863919505,0.00041173570863919505,0.8197488142968045,0.8197488142968045,0.0,0.0,0.36096865662704336,0.00041173570863919505
2025-09-08 00:00:00+00:00,20260201_193427_57760e3f_StateSignal_XLE,-0.007904435326766502,-0.007904435326766502,0.8132691628100018,0.8132691628100018,0.0,0.0,0.36096865662704336,-0.007904435326766502
2025-09-09 00:00:00+00:00,20260201_193427_57760e3f_StateSignal_XLE,-0.0017709045656341496,-0.0017709045656341496,0.8118289407364921,0.8118289407364921,0.0,0.0,0.36096865662704336,-0.0017709045656341496
2025-09-10 00:00:00+00:00,20260201_193427_57760e3f_StateSignal_XLE,0.005453436131225073,0.005453436131225073,0.8162561980142787,0.8162561980142787,0.0,0.0,0.36096865662704336,0.005453436131225073
2025-09-11 00:00:00+00:00,20260201_193427_57760e3f_StateSignal_XLE,0.0012468705200077538,0.0012468705200077538,0.8172739638043564,0.8172739638043564,0.0,0.0,0.36096865662704336,0.0012468705200077538
2025-09-12 00:00:00+00:00,20260201_193427_57760e3f_StateSignal_XLE,0.00305732405575576,0.00305732405575576,0.8197726351540382,0.8197726351540382,0.0,0.0,0.36096865662704336,0.00305732405575576
2025-09-15 00:00:00+00:00,20260201_193427_57760e3f_StateSignal_XLE,-0.00016460039347082994,-0.00016460039347082994,0.8196377002557352,0.8196377002557352,0.0,0.0,0.36096865662704336,-0.00016460039347082994
2025-09-16 00:00:00+00:00,20260201_193427_57760e3f_StateSignal_XLE,-0.0031417534456197917,-0.0031417534456197917,0.8170626006867968,0.8170626006867968,0.0,0.0,0.36096865662704336,-0.0031417534456197917
2025-09-17 00:00:00+00:00,20260201_193427_57760e3f_StateSignal_XLE,0.005030141490010337,0.005030141490010337,0.8211725411744472,0.8211725411744472,0.0,0.0,0.36096865662704336,0.005030141490010337
2025-09-18 00:00:00+00:00,20260201_193427_57760e3f_StateSignal_XLE,0.0015525557552659578,0.0015525557552659578,0.822447457329314,0.822447457329314,0.0,0.0,0.36096865662704336,0.0015525557552659578
2025-09-19 00:00:00+00:00,20260201_193427_57760e3f_StateSignal_XLE,-0.0008163021493906706,-0.0008163021493906706,0.8217760917021352,0.8217760917021352,0.0,0.0,0.36096865662704336,-0.0008163021493906706
2025-09-22 00:00:00+00:00,20260201_193427_57760e3f_StateSignal_XLE,-0.005766395095885624,-0.005766395095885624,0.8170374060770279,0.8170374060770279,0.0,0.0,0.36096865662704336,-0.005766395095885624
2025-09-23 00:00:00+00:00,20260201_193427_57760e3f_StateSignal_XLE,-8.304812106745564e-05,-8.304812106745564e-05,0.8169695526556114,0.8169695526556114,0.0,0.0,0.36096865662704336,-8.304812106745564e-05
2025-09-24 00:00:00+00:00,20260201_193427_57760e3f_StateSignal_XLE,0.008455138495713938,0.008455138495713938,0.8238771433700961,0.8238771433700961,0.0,0.0,0.36096865662704336,0.008455138495713938
2025-09-25 00:00:00+00:00,20260201_193427_57760e3f_StateSignal_XLE,0.00491559958249906,0.00491559958249906,0.8279269935120765,0.8279269935120765,0.0,0.0,0.36096865662704336,0.00491559958249906
2025-09-26 00:00:00+00:00,20260201_193427_57760e3f_StateSignal_XLE,0.0004799052202032505,0.0004799052202032505,0.8283243199982102,0.8283243199982102,0.0,0.0,0.36096865662704336,0.0004799052202032505
2025-09-29 00:00:00+00:00,20260201_193427_57760e3f_StateSignal_XLE,0.0059455937881012074,0.0059455937881012074,0.8332491999297248,0.8332491999297248,0.0,0.0,0.36096865662704336,0.0059455937881012074
2025-09-30 00:00:00+00:00,20260201_193427_57760e3f_StateSignal_XLE,-0.008995825180602029,-0.008995825180602029,0.8257534357952805,0.8257534357952805,0.0,0.0,0.36096865662704336,-0.008995825180602029
2025-10-01 00:00:00+00:00,20260201_193427_57760e3f_StateSignal_XLE,-0.004624226275498882,-0.004624226275498882,0.8219349650603925,0.8219349650603925,0.0,0.0,0.36096865662704336,-0.004624226275498882
2025-10-02 00:00:00+00:00,20260201_193427_57760e3f_StateSignal_XLE,0.0004080125410413345,0.0004080125410413345,0.8222703248340575,0.8222703248340575,0.0,0.0,0.36096865662704336,0.0004080125410413345
2025-10-03 00:00:00+00:00,20260201_193427_57760e3f_StateSignal_XLE,-0.0010617933973755926,-0.0010617933973755926,0.8213972436322908,0.8213972436322908,0.0,0.0,0.36096865662704336,-0.0010617933973755926
2025-10-06 00:00:00+00:00,20260201_193427_57760e3f_StateSignal_XLE,0.0005086751944237455,0.0005086751944237455,0.8218150680348946,0.8218150680348946,0.0,0.0,0.24967465490046628,0.0005086751944237455
2025-10-07 00:00:00+00:00,20260201_193427_57760e3f_StateSignal_XLE,0.0011828939786434046,0.0011828939786434046,0.8227871881304314,0.8227871881304314,0.0,0.0,0.24967465490046628,0.0011828939786434046
2025-10-08 00:00:00+00:00,20260201_193427_57760e3f_StateSignal_XLE,-0.002712039210420237,-0.002712039210420237,0.8205557570143902,0.8205557570143902,0.0,0.0,0.24967465490046628,-0.002712039210420237
2025-10-09 00:00:00+00:00,20260201_193427_57760e3f_StateSignal_XLE,0.0007374242583708154,0.0007374242583708154,0.8211608547349585,0.8211608547349585,0.0,0.0,0.24967465490046628,0.0007374242583708154
2025-10-10 00:00:00+00:00,20260201_193427_57760e3f_StateSignal_XLE,-0.0015910136535452139,-0.0015910136535452139,0.8198543766033183,0.8198543766033183,0.0,0.0,0.24967465490046628,-0.0015910136535452139
2025-10-13 00:00:00+00:00,20260201_193427_57760e3f_StateSignal_XLE,-0.006233532914257992,-0.006233532914257992,0.814743787361863,0.814743787361863,0.0,0.0,0.24967465490046628,-0.006233532914257992
2025-10-14 00:00:00+00:00,20260201_193427_57760e3f_StateSignal_XLE,-0.00023388728164748686,-0.00023388728164748686,0.8145532291521977,0.8145532291521977,0.0,0.0,0.24967465490046628,-0.00023388728164748686
2025-10-15 00:00:00+00:00,20260201_193427_57760e3f_StateSignal_XLE,0.0008759498690085666,0.0008759498690085666,0.815266736946574,0.815266736946574,0.0,0.0,0.24967465490046628,0.0008759498690085666
2025-10-16 00:00:00+00:00,20260201_193427_57760e3f_StateSignal_XLE,-0.0003500112557798015,-0.0003500112557798015,0.8149813844121798,0.8149813844121798,0.0,0.0,0.24967465490046628,-0.0003500112557798015
2025-10-17 00:00:00+00:00,20260201_193427_57760e3f_StateSignal_XLE,-0.0005844446837718587,-0.0005844446837718587,0.8145050728746871,0.8145050728746871,0.0,0.0,0.24967465490046628,-0.0005844446837718587
2025-10-20 00:00:00+00:00,20260201_193427_57760e3f_StateSignal_XLE,0.0,0.0,0.8145050728746871,0.8145050728746871,0.0,0.0,0.24967465490046628,0.0
2025-10-21 00:00:00+00:00,20260201_193427_57760e3f_StateSignal_XLE,0.0007595116454149062,0.0007595116454149062,0.8151236989627849,0.8151236989627849,0.0,0.0,0.24967465490046628,0.0007595116454149062
2025-10-22 00:00:00+00:00,20260201_193427_57760e3f_StateSignal_XLE,0.0012220436360009088,0.0012220436360009088,0.8161198156916559,0.8161198156916559,0.0,0.0,0.24967465490046628,0.0012220436360009088
2025-10-23 00:00:00+00:00,20260201_193427_57760e3f_StateSignal_XLE,0.0015047660354858675,0.0015047660354858675,0.8173478850711957,0.8173478850711957,0.0,0.0,0.24967465490046628,0.0015047660354858675
2025-10-24 00:00:00+00:00,20260201_193427_57760e3f_StateSignal_XLE,0.005704489742021123,0.005704489742021123,0.822010437697247,0.822010437697247,0.0,0.0,0.24967465490046628,0.005704489742021123
2025-10-27 00:00:00+00:00,20260201_193427_57760e3f_StateSignal_XLE,-0.001981779975382012,-0.001981779975382012,0.8203813938722636,0.8203813938722636,0.0,0.0,0.24967465490046628,-0.001981779975382012
2025-10-28 00:00:00+00:00,20260201_193427_57760e3f_StateSignal_XLE,-0.000227494006536831,-0.000227494006536831,0.8201947620220833,0.8201947620220833,0.0,0.0,0.24967465490046628,-0.000227494006536831
2025-10-29 00:00:00+00:00,20260201_193427_57760e3f_StateSignal_XLE,-0.002573693496343913,-0.002573693496343913,0.8180838320973317,0.8180838320973317,0.0,0.0,0.24967465490046628,-0.002573693496343913
2025-10-30 00:00:00+00:00,20260201_193427_57760e3f_StateSignal_XLE,0.0014902571854891757,0.0014902571854891757,0.8193029874064472,0.8193029874064472,0.0,0.0,0.24967465490046628,0.0014902571854891757
2025-10-31 00:00:00+00:00,20260201_193427_57760e3f_StateSignal_XLE,0.0005137927717126594,0.0005137927717126594,0.8197239393592193,0.8197239393592193,0.0,0.0,0.24967465490046628,0.0005137927717126594
2025-11-03 00:00:00+00:00,20260201_193427_57760e3f_StateSignal_XLE,-0.0013151334799191565,-0.0013151334799191565,0.8186458929622767,0.8186458929622767,0.0,0.0,0.24967465490046628,-0.0013151334799191565
2025-11-04 00:00:00+00:00,20260201_193427_57760e3f_StateSignal_XLE,0.0,0.0,0.8186458929622767,0.8186458929622767,0.0,0.0,0.0,0.0
2025-11-05 00:00:00+00:00,20260201_193427_57760e3f_StateSignal_XLE,-0.008743728048817623,-0.008743728048817623,0.8114878759059332,0.8114878759059332,0.0,0.0,1.0,-0.008743728048817623
2025-11-06 00:00:00+00:00,20260201_193427_57760e3f_StateSignal_XLE,0.009659688726550986,0.009659688726550986,0.8193265961925545,0.8193265961925545,0.0,0.0,1.0,0.009659688726550986
2025-11-07 00:00:00+00:00,20260201_193427_57760e3f_StateSignal_XLE,0.0025145744190560038,0.0025145744190560038,0.8213868538921926,0.8213868538921926,0.0,0.0,1.0,0.0025145744190560038
2025-11-10 00:00:00+00:00,20260201_193427_57760e3f_StateSignal_XLE,0.005237402385262158,0.005237402385262158,0.8256887873599905,0.8256887873599905,0.0,0.0,1.0,0.005237402385262158
2025-11-11 00:00:00+00:00,20260201_193427_57760e3f_StateSignal_XLE,0.010168430174664067,0.010168430174664067,0.8340847461402636,0.8340847461402636,0.0,0.0,1.0,0.010168430174664067
2025-11-12 00:00:00+00:00,20260201_193427_57760e3f_StateSignal_XLE,0.0,0.0,0.8340847461402636,0.8340847461402636,0.0,0.0,0.0,0.0
2025-11-13 00:00:00+00:00,20260201_193427_57760e3f_StateSignal_XLE,0.0,0.0,0.8340847461402636,0.8340847461402636,0.0,0.0,0.0,-0.0
2025-11-14 00:00:00+00:00,20260201_193427_57760e3f_StateSignal_XLE,0.0,0.0,0.8340847461402636,0.8340847461402636,0.0,0.0,0.0,0.0
2025-11-17 00:00:00+00:00,20260201_193427_57760e3f_StateSignal_XLE,0.0,0.0,0.8340847461402636,0.8340847461402636,0.0,0.0,0.0,0.0
2025-11-18 00:00:00+00:00,20260201_193427_57760e3f_StateSignal_XLE,0.0,0.0,0.8340847461402636,0.8340847461402636,0.0,0.0,0.0,-0.0
2025-11-19 00:00:00+00:00,20260201_193427_57760e3f_StateSignal_XLE,0.0,0.0,0.8340847461402636,0.8340847461402636,0.0,0.0,0.0,-0.0
2025-11-20 00:00:00+00:00,20260201_193427_57760e3f_StateSignal_XLE,0.0,0.0,0.8340847461402636,0.8340847461402636,0.0,0.0,0.0,-0.0
2025-11-21 00:00:00+00:00,20260201_193427_57760e3f_StateSignal_XLE,0.0,0.0,0.8340847461402636,0.8340847461402636,0.0,0.0,0.0,0.0
2025-11-24 00:00:00+00:00,20260201_193427_57760e3f_StateSignal_XLE,0.0,0.0,0.8340847461402636,0.8340847461402636,0.0,0.0,0.0,-0.0
2025-11-25 00:00:00+00:00,20260201_193427_57760e3f_StateSignal_XLE,0.0,0.0,0.8340847461402636,0.8340847461402636,0.0,0.0,0.0,-0.0
2025-11-26 00:00:00+00:00,20260201_193427_57760e3f_StateSignal_XLE,-0.004089056129159996,-0.004089056129159996,0.83067412679682,0.83067412679682,0.0,0.0,1.0,-0.004089056129159996
2025-11-28 00:00:00+00:00,20260201_193427_57760e3f_StateSignal_XLE,0.013790203841533177,0.013790203841533177,0.8421292923312357,0.8421292923312357,0.0,0.0,1.0,0.013790203841533177
2025-12-01 00:00:00+00:00,20260201_193427_57760e3f_StateSignal_XLE,0.010052581023859641,0.010052581023859641,0.850594865274961,0.850594865274961,0.0,0.0,1.0,0.010052581023859641
2025-12-02 00:00:00+00:00,20260201_193427_57760e3f_StateSignal_XLE,0.0075288220996769795,0.0075288220996769795,0.8569988426945149,0.8569988426945149,0.0,0.0,1.0,0.0075288220996769795
2025-12-03 00:00:00+00:00,20260201_193427_57760e3f_StateSignal_XLE,-0.013995563333234706,-0.013995563333234706,0.845004661115075,0.845004661115075,0.0,0.0,1.0,-0.013995563333234706
2025-12-04 00:00:00+00:00,20260201_193427_57760e3f_StateSignal_XLE,0.0,0.0,0.845004661115075,0.845004661115075,0.0,0.0,0.0,0.0
2025-12-05 00:00:00+00:00,20260201_193427_57760e3f_StateSignal_XLE,0.0,0.0,0.845004661115075,0.845004661115075,0.0,0.0,0.0,0.0
2025-12-08 00:00:00+00:00,20260201_193427_57760e3f_StateSignal_XLE,0.0,0.0,0.845004661115075,0.845004661115075,0.0,0.0,0.0,0.0
2025-12-09 00:00:00+00:00,20260201_193427_57760e3f_StateSignal_XLE,0.0,0.0,0.845004661115075,0.845004661115075,0.0,0.0,0.0,-0.0
2025-12-10 00:00:00+00:00,20260201_193427_57760e3f_StateSignal_XLE,0.0,0.0,0.845004661115075,0.845004661115075,0.0,0.0,0.0,0.0
2025-12-11 00:00:00+00:00,20260201_193427_57760e3f_StateSignal_XLE,0.0,0.0,0.845004661115075,0.845004661115075,0.0,0.0,0.0,-0.0
2025-12-12 00:00:00+00:00,20260201_193427_57760e3f_StateSignal_XLE,0.0,0.0,0.845004661115075,0.845004661115075,0.0,0.0,0.0,0.0
2025-12-15 00:00:00+00:00,20260201_193427_57760e3f_StateSignal_XLE,0.0,0.0,0.845004661115075,0.845004661115075,0.0,0.0,0.0,-0.0
2025-12-16 00:00:00+00:00,20260201_193427_57760e3f_StateSignal_XLE,0.0,0.0,0.845004661115075,0.845004661115075,0.0,0.0,0.0,-0.0
2025-12-17 00:00:00+00:00,20260201_193427_57760e3f_StateSignal_XLE,0.0,0.0,0.845004661115075,0.845004661115075,0.0,0.0,0.0,-0.0
2025-12-18 00:00:00+00:00,20260201_193427_57760e3f_StateSignal_XLE,0.0,0.0,0.845004661115075,0.845004661115075,0.0,0.0,0.0,0.0
2025-12-19 00:00:00+00:00,20260201_193427_57760e3f_StateSignal_XLE,0.0,0.0,0.845004661115075,0.845004661115075,0.0,0.0,0.0,-0.0
2025-12-22 00:00:00+00:00,20260201_193427_57760e3f_StateSignal_XLE,0.0,0.0,0.845004661115075,0.845004661115075,0.0,0.0,0.0,-0.0
2025-12-23 00:00:00+00:00,20260201_193427_57760e3f_StateSignal_XLE,0.0,0.0,0.845004661115075,0.845004661115075,0.0,0.0,0.0,0.0
2025-12-24 00:00:00+00:00,20260201_193427_57760e3f_StateSignal_XLE,0.0,0.0,0.845004661115075,0.845004661115075,0.0,0.0,0.0,0.0
2025-12-26 00:00:00+00:00,20260201_193427_57760e3f_StateSignal_XLE,0.003491191112870773,0.003491191112870773,0.8479547338782943,0.8479547338782943,0.0,0.0,1.0,0.003491191112870773
2025-12-29 00:00:00+00:00,20260201_193427_57760e3f_StateSignal_XLE,-0.0075608327233087635,-0.0075608327233087635,0.8415434899785028,0.8415434899785028,0.0,0.0,1.0,-0.0075608327233087635
2025-12-30 00:00:00+00:00,20260201_193427_57760e3f_StateSignal_XLE,0.011823796325212133,0.011823796325212133,0.8514937288028168,0.8514937288028168,0.0,0.0,1.0,0.011823796325212133
2025-12-31 00:00:00+00:00,20260201_193427_57760e3f_StateSignal_XLE,0.004579222834089514,0.004579222834089514,0.8553929083288347,0.8553929083288347,0.0,0.0,1.0,0.004579222834089514
2026-01-02 00:00:00+00:00,20260201_193427_57760e3f_StateSignal_XLE,-0.005027101018712177,-0.005027101018712177,0.8510927617679757,0.8510927617679757,0.0,0.0,1.0,-0.005027101018712177
2026-01-05 00:00:00+00:00,20260201_193427_57760e3f_StateSignal_XLE,0.013018264520571865,0.013018264520571865,0.8621725124722153,0.8621725124722153,0.0,0.0,1.0,0.013018264520571865
2026-01-06 00:00:00+00:00,20260201_193427_57760e3f_StateSignal_XLE,0.0,0.0,0.8621725124722153,0.8621725124722153,0.0,0.0,0.0,0.0
2026-01-07 00:00:00+00:00,20260201_193427_57760e3f_StateSignal_XLE,0.0,0.0,0.8621725124722153,0.8621725124722153,0.0,0.0,0.0,-0.0
2026-01-08 00:00:00+00:00,20260201_193427_57760e3f_StateSignal_XLE,0.0,0.0,0.8621725124722153,0.8621725124722153,0.0,0.0,0.0,-0.0
2026-01-09 00:00:00+00:00,20260201_193427_57760e3f_StateSignal_XLE,0.0,0.0,0.8621725124722153,0.8621725124722153,0.0,0.0,0.0,0.0
2026-01-12 00:00:00+00:00,20260201_193427_57760e3f_StateSignal_XLE,0.0,0.0,0.8621725124722153,0.8621725124722153,0.0,0.0,0.0,0.0
2026-01-13 00:00:00+00:00,20260201_193427_57760e3f_StateSignal_XLE,0.0,0.0,0.8621725124722153,0.8621725124722153,0.0,0.0,0.0,-0.0
2026-01-14 00:00:00+00:00,20260201_193427_57760e3f_StateSignal_XLE,0.0,0.0,0.8621725124722153,0.8621725124722153,0.0,0.0,0.0,0.0
2026-01-15 00:00:00+00:00,20260201_193427_57760e3f_StateSignal_XLE,0.0,0.0,0.8621725124722153,0.8621725124722153,0.0,0.0,0.0,0.0
2026-01-16 00:00:00+00:00,20260201_193427_57760e3f_StateSignal_XLE,0.0,0.0,0.8621725124722153,0.8621725124722153,0.0,0.0,0.0,-0.0
2026-01-20 00:00:00+00:00,20260201_193427_57760e3f_StateSignal_XLE,0.0,0.0,0.8621725124722153,0.8621725124722153,0.0,0.0,0.0,-0.0
2026-01-21 00:00:00+00:00,20260201_193427_57760e3f_StateSignal_XLE,0.0,0.0,0.8621725124722153,0.8621725124722153,0.0,0.0,0.0,0.0
2026-01-22 00:00:00+00:00,20260201_193427_57760e3f_StateSignal_XLE,0.0,0.0,0.8621725124722153,0.8621725124722153,0.0,0.0,0.0,0.0
2026-01-23 00:00:00+00:00,20260201_193427_57760e3f_StateSignal_XLE,0.0,0.0,0.8621725124722153,0.8621725124722153,0.0,0.0,0.0,-0.0
2026-01-26 00:00:00+00:00,20260201_193427_57760e3f_StateSignal_XLE,0.0,0.0,0.8621725124722153,0.8621725124722153,0.0,0.0,0.0,0.0
2026-01-27 00:00:00+00:00,20260201_193427_57760e3f_StateSignal_XLE,0.0,0.0,0.8621725124722153,0.8621725124722153,0.0,0.0,0.0,-0.0
2026-01-28 00:00:00+00:00,20260201_193427_57760e3f_StateSignal_XLE,0.0,0.0,0.8621725124722153,0.8621725124722153,0.0,0.0,0.0,0.0
2026-01-29 00:00:00+00:00,20260201_193427_57760e3f_StateSignal_XLE,0.0,0.0,0.8621725124722153,0.8621725124722153,0.0,0.0,0.0,0.0
2026-01-30 00:00:00+00:00,20260201_193427_57760e3f_StateSignal_XLE,0.0,0.0,0.8621725124722153,0.8621725124722153,0.0,0.0,0.0,0.0
2026-02-02 00:00:00+00:00,20260201_193427_57760e3f_StateSignal_XLE,0.0,0.0,0.8621725124722153,0.8621725124722153,0.0,0.0,0.0,-0.0
