timestamp,run_id,port_ret_gross,port_ret_net,equity_gross,equity_net,turnover,cost,weight_XLE,asset_ret_gross_XLE
2021-01-05 00:00:00+00:00,20260201_193426_95a6098b_BuyHold_XLE,0.0,0.0,1.0,1.0,0.0,0.0,0.0,-0.0
2021-01-06 00:00:00+00:00,20260201_193426_95a6098b_BuyHold_XLE,0.0,0.0,1.0,1.0,0.0,0.0,0.0,0.0
2021-01-07 00:00:00+00:00,20260201_193426_95a6098b_BuyHold_XLE,0.0,0.0,1.0,1.0,0.0,0.0,0.0,0.0
2021-01-08 00:00:00+00:00,20260201_193426_95a6098b_BuyHold_XLE,0.0,0.0,1.0,1.0,0.0,0.0,0.0,0.0
2021-01-11 00:00:00+00:00,20260201_193426_95a6098b_BuyHold_XLE,0.0,0.0,1.0,1.0,0.0,0.0,0.0,-0.0
2021-01-12 00:00:00+00:00,20260201_193426_95a6098b_BuyHold_XLE,0.0,0.0,1.0,1.0,0.0,0.0,0.0,0.0
2021-01-13 00:00:00+00:00,20260201_193426_95a6098b_BuyHold_XLE,0.0,0.0,1.0,1.0,0.0,0.0,0.0,0.0
2021-01-14 00:00:00+00:00,20260201_193426_95a6098b_BuyHold_XLE,0.0,0.0,1.0,1.0,0.0,0.0,0.0,-0.0
2021-01-15 00:00:00+00:00,20260201_193426_95a6098b_BuyHold_XLE,0.0,0.0,1.0,1.0,0.0,0.0,0.0,0.0
2021-01-19 00:00:00+00:00,20260201_193426_95a6098b_BuyHold_XLE,0.0,0.0,1.0,1.0,0.0,0.0,0.0,-0.0
2021-01-20 00:00:00+00:00,20260201_193426_95a6098b_BuyHold_XLE,0.0,0.0,1.0,1.0,0.0,0.0,0.0,0.0
2021-01-21 00:00:00+00:00,20260201_193426_95a6098b_BuyHold_XLE,0.0,0.0,1.0,1.0,0.0,0.0,0.0,-0.0
2021-01-22 00:00:00+00:00,20260201_193426_95a6098b_BuyHold_XLE,0.0,0.0,1.0,1.0,0.0,0.0,0.0,-0.0
2021-01-25 00:00:00+00:00,20260201_193426_95a6098b_BuyHold_XLE,0.0,0.0,1.0,1.0,0.0,0.0,0.0,0.0
2021-01-26 00:00:00+00:00,20260201_193426_95a6098b_BuyHold_XLE,0.0,0.0,1.0,1.0,0.0,0.0,0.0,0.0
2021-01-27 00:00:00+00:00,20260201_193426_95a6098b_BuyHold_XLE,0.0,0.0,1.0,1.0,0.0,0.0,0.0,-0.0
2021-01-28 00:00:00+00:00,20260201_193426_95a6098b_BuyHold_XLE,0.0,0.0,1.0,1.0,0.0,0.0,0.0,0.0
2021-01-29 00:00:00+00:00,20260201_193426_95a6098b_BuyHold_XLE,0.0,0.0,1.0,1.0,0.0,0.0,0.0,-0.0
2021-02-01 00:00:00+00:00,20260201_193426_95a6098b_BuyHold_XLE,0.0,0.0,1.0,1.0,0.0,0.0,0.0,-0.0
2021-02-02 00:00:00+00:00,20260201_193426_95a6098b_BuyHold_XLE,0.0,0.0,1.0,1.0,0.0,0.0,0.0,0.0
2021-02-03 00:00:00+00:00,20260201_193426_95a6098b_BuyHold_XLE,0.0,0.0,1.0,1.0,0.0,0.0,0.0,-0.0
2021-02-04 00:00:00+00:00,20260201_193426_95a6098b_BuyHold_XLE,0.0,0.0,1.0,1.0,0.0,0.0,0.0,0.0
2021-02-05 00:00:00+00:00,20260201_193426_95a6098b_BuyHold_XLE,0.0,0.0,1.0,1.0,0.0,0.0,0.0,0.0
2021-02-08 00:00:00+00:00,20260201_193426_95a6098b_BuyHold_XLE,0.0,0.0,1.0,1.0,0.0,0.0,0.0,0.0
2021-02-09 00:00:00+00:00,20260201_193426_95a6098b_BuyHold_XLE,0.0,0.0,1.0,1.0,0.0,0.0,0.0,0.0
2021-02-10 00:00:00+00:00,20260201_193426_95a6098b_BuyHold_XLE,0.0,0.0,1.0,1.0,0.0,0.0,0.0,0.0
2021-02-11 00:00:00+00:00,20260201_193426_95a6098b_BuyHold_XLE,0.0,0.0,1.0,1.0,0.0,0.0,0.0,0.0
2021-02-12 00:00:00+00:00,20260201_193426_95a6098b_BuyHold_XLE,0.0,0.0,1.0,1.0,0.0,0.0,0.0,-0.0
2021-02-16 00:00:00+00:00,20260201_193426_95a6098b_BuyHold_XLE,0.0,0.0,1.0,1.0,0.0,0.0,0.0,0.0
2021-02-17 00:00:00+00:00,20260201_193426_95a6098b_BuyHold_XLE,0.0,0.0,1.0,1.0,0.0,0.0,0.0,0.0
2021-02-18 00:00:00+00:00,20260201_193426_95a6098b_BuyHold_XLE,0.0,0.0,1.0,1.0,0.0,0.0,0.0,-0.0
2021-02-19 00:00:00+00:00,20260201_193426_95a6098b_BuyHold_XLE,0.0,0.0,1.0,1.0,0.0,0.0,0.0,-0.0
2021-02-22 00:00:00+00:00,20260201_193426_95a6098b_BuyHold_XLE,0.0,0.0,1.0,1.0,0.0,0.0,0.0,0.0
2021-02-23 00:00:00+00:00,20260201_193426_95a6098b_BuyHold_XLE,0.0,0.0,1.0,1.0,0.0,0.0,0.0,0.0
2021-02-24 00:00:00+00:00,20260201_193426_95a6098b_BuyHold_XLE,0.0,0.0,1.0,1.0,0.0,0.0,0.0,0.0
2021-02-25 00:00:00+00:00,20260201_193426_95a6098b_BuyHold_XLE,0.0,0.0,1.0,1.0,0.0,0.0,0.0,0.0
2021-02-26 00:00:00+00:00,20260201_193426_95a6098b_BuyHold_XLE,0.0,0.0,1.0,1.0,0.0,0.0,0.0,-0.0
2021-03-01 00:00:00+00:00,20260201_193426_95a6098b_BuyHold_XLE,0.0,0.0,1.0,1.0,0.0,0.0,0.0,0.0
2021-03-02 00:00:00+00:00,20260201_193426_95a6098b_BuyHold_XLE,0.0,0.0,1.0,1.0,0.0,0.0,0.0,0.0
2021-03-03 00:00:00+00:00,20260201_193426_95a6098b_BuyHold_XLE,0.0,0.0,1.0,1.0,0.0,0.0,0.0,-0.0
2021-03-04 00:00:00+00:00,20260201_193426_95a6098b_BuyHold_XLE,0.0,0.0,1.0,1.0,0.0,0.0,0.0,0.0
2021-03-05 00:00:00+00:00,20260201_193426_95a6098b_BuyHold_XLE,0.0,0.0,1.0,1.0,0.0,0.0,0.0,0.0
2021-03-08 00:00:00+00:00,20260201_193426_95a6098b_BuyHold_XLE,0.0,0.0,1.0,1.0,0.0,0.0,0.0,0.0
2021-03-09 00:00:00+00:00,20260201_193426_95a6098b_BuyHold_XLE,0.0,0.0,1.0,1.0,0.0,0.0,0.0,-0.0
2021-03-10 00:00:00+00:00,20260201_193426_95a6098b_BuyHold_XLE,0.0,0.0,1.0,1.0,0.0,0.0,0.0,-0.0
2021-03-11 00:00:00+00:00,20260201_193426_95a6098b_BuyHold_XLE,0.0,0.0,1.0,1.0,0.0,0.0,0.0,0.0
2021-03-12 00:00:00+00:00,20260201_193426_95a6098b_BuyHold_XLE,0.0,0.0,1.0,1.0,0.0,0.0,0.0,-0.0
2021-03-15 00:00:00+00:00,20260201_193426_95a6098b_BuyHold_XLE,0.0,0.0,1.0,1.0,0.0,0.0,0.0,-0.0
2021-03-16 00:00:00+00:00,20260201_193426_95a6098b_BuyHold_XLE,0.0,0.0,1.0,1.0,0.0,0.0,0.0,-0.0
2021-03-17 00:00:00+00:00,20260201_193426_95a6098b_BuyHold_XLE,0.0,0.0,1.0,1.0,0.0,0.0,0.0,-0.0
2021-03-18 00:00:00+00:00,20260201_193426_95a6098b_BuyHold_XLE,0.0,0.0,1.0,1.0,0.0,0.0,0.0,0.0
2021-03-19 00:00:00+00:00,20260201_193426_95a6098b_BuyHold_XLE,0.0,0.0,1.0,1.0,0.0,0.0,0.0,-0.0
2021-03-22 00:00:00+00:00,20260201_193426_95a6098b_BuyHold_XLE,0.0,0.0,1.0,1.0,0.0,0.0,0.0,-0.0
2021-03-23 00:00:00+00:00,20260201_193426_95a6098b_BuyHold_XLE,0.0,0.0,1.0,1.0,0.0,0.0,0.0,-0.0
2021-03-24 00:00:00+00:00,20260201_193426_95a6098b_BuyHold_XLE,0.0,0.0,1.0,1.0,0.0,0.0,0.0,0.0
2021-03-25 00:00:00+00:00,20260201_193426_95a6098b_BuyHold_XLE,0.0,0.0,1.0,1.0,0.0,0.0,0.0,0.0
2021-03-26 00:00:00+00:00,20260201_193426_95a6098b_BuyHold_XLE,0.0,0.0,1.0,1.0,0.0,0.0,0.0,0.0
2021-03-29 00:00:00+00:00,20260201_193426_95a6098b_BuyHold_XLE,0.0,0.0,1.0,1.0,0.0,0.0,0.0,-0.0
2021-03-30 00:00:00+00:00,20260201_193426_95a6098b_BuyHold_XLE,0.0,0.0,1.0,1.0,0.0,0.0,0.0,-0.0
2021-03-31 00:00:00+00:00,20260201_193426_95a6098b_BuyHold_XLE,0.0,0.0,1.0,1.0,0.0,0.0,0.0,-0.0
2021-04-01 00:00:00+00:00,20260201_193426_95a6098b_BuyHold_XLE,0.0,0.0,1.0,1.0,0.0,0.0,0.0,-0.0
2021-04-05 00:00:00+00:00,20260201_193426_95a6098b_BuyHold_XLE,0.0,0.0,1.0,1.0,0.0,0.0,0.0,0.0
2021-04-06 00:00:00+00:00,20260201_193426_95a6098b_BuyHold_XLE,0.0,0.0,1.0,1.0,0.0,0.0,0.0,-0.0
2021-04-07 00:00:00+00:00,20260201_193426_95a6098b_BuyHold_XLE,0.0,0.0,1.0,1.0,0.0,0.0,0.0,-0.0
2021-04-08 00:00:00+00:00,20260201_193426_95a6098b_BuyHold_XLE,0.0,0.0,1.0,1.0,0.0,0.0,0.0,0.0
2021-04-09 00:00:00+00:00,20260201_193426_95a6098b_BuyHold_XLE,0.0,0.0,1.0,1.0,0.0,0.0,0.0,-0.0
2021-04-12 00:00:00+00:00,20260201_193426_95a6098b_BuyHold_XLE,0.0,0.0,1.0,1.0,0.0,0.0,0.0,0.0
2021-04-13 00:00:00+00:00,20260201_193426_95a6098b_BuyHold_XLE,0.0,0.0,1.0,1.0,0.0,0.0,0.0,-0.0
2021-04-14 00:00:00+00:00,20260201_193426_95a6098b_BuyHold_XLE,0.0,0.0,1.0,1.0,0.0,0.0,0.0,0.0
2021-04-15 00:00:00+00:00,20260201_193426_95a6098b_BuyHold_XLE,0.0,0.0,1.0,1.0,0.0,0.0,0.0,0.0
2021-04-16 00:00:00+00:00,20260201_193426_95a6098b_BuyHold_XLE,0.0,0.0,1.0,1.0,0.0,0.0,0.0,-0.0
2021-04-19 00:00:00+00:00,20260201_193426_95a6098b_BuyHold_XLE,0.0,0.0,1.0,1.0,0.0,0.0,0.0,-0.0
2021-04-20 00:00:00+00:00,20260201_193426_95a6098b_BuyHold_XLE,0.0,0.0,1.0,1.0,0.0,0.0,0.0,-0.0
2021-04-21 00:00:00+00:00,20260201_193426_95a6098b_BuyHold_XLE,0.0,0.0,1.0,1.0,0.0,0.0,0.0,-0.0
2021-04-22 00:00:00+00:00,20260201_193426_95a6098b_BuyHold_XLE,0.0,0.0,1.0,1.0,0.0,0.0,0.0,0.0
2021-04-23 00:00:00+00:00,20260201_193426_95a6098b_BuyHold_XLE,0.0,0.0,1.0,1.0,0.0,0.0,0.0,-0.0
2021-04-26 00:00:00+00:00,20260201_193426_95a6098b_BuyHold_XLE,0.0,0.0,1.0,1.0,0.0,0.0,0.0,0.0
2021-04-27 00:00:00+00:00,20260201_193426_95a6098b_BuyHold_XLE,0.0,0.0,1.0,1.0,0.0,0.0,0.0,0.0
2021-04-28 00:00:00+00:00,20260201_193426_95a6098b_BuyHold_XLE,0.0,0.0,1.0,1.0,0.0,0.0,0.0,0.0
2021-04-29 00:00:00+00:00,20260201_193426_95a6098b_BuyHold_XLE,0.0,0.0,1.0,1.0,0.0,0.0,0.0,0.0
2021-04-30 00:00:00+00:00,20260201_193426_95a6098b_BuyHold_XLE,0.0,0.0,1.0,1.0,0.0,0.0,0.0,-0.0
2021-05-03 00:00:00+00:00,20260201_193426_95a6098b_BuyHold_XLE,0.0,0.0,1.0,1.0,0.0,0.0,0.0,0.0
2021-05-04 00:00:00+00:00,20260201_193426_95a6098b_BuyHold_XLE,0.0,0.0,1.0,1.0,0.0,0.0,0.0,0.0
2021-05-05 00:00:00+00:00,20260201_193426_95a6098b_BuyHold_XLE,0.0,0.0,1.0,1.0,0.0,0.0,0.0,0.0
2021-05-06 00:00:00+00:00,20260201_193426_95a6098b_BuyHold_XLE,0.0,0.0,1.0,1.0,0.0,0.0,0.0,0.0
2021-05-07 00:00:00+00:00,20260201_193426_95a6098b_BuyHold_XLE,0.0,0.0,1.0,1.0,0.0,0.0,0.0,0.0
2021-05-10 00:00:00+00:00,20260201_193426_95a6098b_BuyHold_XLE,0.0,0.0,1.0,1.0,0.0,0.0,0.0,0.0
2021-05-11 00:00:00+00:00,20260201_193426_95a6098b_BuyHold_XLE,0.0,0.0,1.0,1.0,0.0,0.0,0.0,-0.0
2021-05-12 00:00:00+00:00,20260201_193426_95a6098b_BuyHold_XLE,0.0,0.0,1.0,1.0,0.0,0.0,0.0,-0.0
2021-05-13 00:00:00+00:00,20260201_193426_95a6098b_BuyHold_XLE,0.0,0.0,1.0,1.0,0.0,0.0,0.0,-0.0
2021-05-14 00:00:00+00:00,20260201_193426_95a6098b_BuyHold_XLE,0.0,0.0,1.0,1.0,0.0,0.0,0.0,0.0
2021-05-17 00:00:00+00:00,20260201_193426_95a6098b_BuyHold_XLE,0.0,0.0,1.0,1.0,0.0,0.0,0.0,0.0
2021-05-18 00:00:00+00:00,20260201_193426_95a6098b_BuyHold_XLE,0.0,0.0,1.0,1.0,0.0,0.0,0.0,0.0
2021-05-19 00:00:00+00:00,20260201_193426_95a6098b_BuyHold_XLE,0.0,0.0,1.0,1.0,0.0,0.0,0.0,-0.0
2021-05-20 00:00:00+00:00,20260201_193426_95a6098b_BuyHold_XLE,0.0,0.0,1.0,1.0,0.0,0.0,0.0,-0.0
2021-05-21 00:00:00+00:00,20260201_193426_95a6098b_BuyHold_XLE,0.0,0.0,1.0,1.0,0.0,0.0,0.0,0.0
2021-05-24 00:00:00+00:00,20260201_193426_95a6098b_BuyHold_XLE,0.0,0.0,1.0,1.0,0.0,0.0,0.0,-0.0
2021-05-25 00:00:00+00:00,20260201_193426_95a6098b_BuyHold_XLE,0.0,0.0,1.0,1.0,0.0,0.0,0.0,0.0
2021-05-26 00:00:00+00:00,20260201_193426_95a6098b_BuyHold_XLE,0.0,0.0,1.0,1.0,0.0,0.0,0.0,-0.0
2021-05-27 00:00:00+00:00,20260201_193426_95a6098b_BuyHold_XLE,0.0,0.0,1.0,1.0,0.0,0.0,0.0,0.0
2021-05-28 00:00:00+00:00,20260201_193426_95a6098b_BuyHold_XLE,0.0,0.0,1.0,1.0,0.0,0.0,0.0,0.0
2021-06-01 00:00:00+00:00,20260201_193426_95a6098b_BuyHold_XLE,0.0,0.0,1.0,1.0,0.0,0.0,0.0,0.0
2021-06-02 00:00:00+00:00,20260201_193426_95a6098b_BuyHold_XLE,0.0,0.0,1.0,1.0,0.0,0.0,0.0,0.0
2021-06-03 00:00:00+00:00,20260201_193426_95a6098b_BuyHold_XLE,0.0,0.0,1.0,1.0,0.0,0.0,0.0,0.0
2021-06-04 00:00:00+00:00,20260201_193426_95a6098b_BuyHold_XLE,0.0,0.0,1.0,1.0,0.0,0.0,0.0,0.0
2021-06-07 00:00:00+00:00,20260201_193426_95a6098b_BuyHold_XLE,0.0,0.0,1.0,1.0,0.0,0.0,0.0,-0.0
2021-06-08 00:00:00+00:00,20260201_193426_95a6098b_BuyHold_XLE,0.0,0.0,1.0,1.0,0.0,0.0,0.0,-0.0
2021-06-09 00:00:00+00:00,20260201_193426_95a6098b_BuyHold_XLE,0.0,0.0,1.0,1.0,0.0,0.0,0.0,0.0
2021-06-10 00:00:00+00:00,20260201_193426_95a6098b_BuyHold_XLE,0.0,0.0,1.0,1.0,0.0,0.0,0.0,0.0
2021-06-11 00:00:00+00:00,20260201_193426_95a6098b_BuyHold_XLE,0.0,0.0,1.0,1.0,0.0,0.0,0.0,-0.0
2021-06-14 00:00:00+00:00,20260201_193426_95a6098b_BuyHold_XLE,0.0,0.0,1.0,1.0,0.0,0.0,0.0,-0.0
2021-06-15 00:00:00+00:00,20260201_193426_95a6098b_BuyHold_XLE,0.0,0.0,1.0,1.0,0.0,0.0,0.0,-0.0
2021-06-16 00:00:00+00:00,20260201_193426_95a6098b_BuyHold_XLE,0.0,0.0,1.0,1.0,0.0,0.0,0.0,0.0
2021-06-17 00:00:00+00:00,20260201_193426_95a6098b_BuyHold_XLE,0.0,0.0,1.0,1.0,0.0,0.0,0.0,-0.0
2021-06-18 00:00:00+00:00,20260201_193426_95a6098b_BuyHold_XLE,0.0,0.0,1.0,1.0,0.0,0.0,0.0,-0.0
2021-06-21 00:00:00+00:00,20260201_193426_95a6098b_BuyHold_XLE,0.0,0.0,1.0,1.0,0.0,0.0,0.0,-0.0
2021-06-22 00:00:00+00:00,20260201_193426_95a6098b_BuyHold_XLE,0.0,0.0,1.0,1.0,0.0,0.0,0.0,0.0
2021-06-23 00:00:00+00:00,20260201_193426_95a6098b_BuyHold_XLE,0.0,0.0,1.0,1.0,0.0,0.0,0.0,0.0
2021-06-24 00:00:00+00:00,20260201_193426_95a6098b_BuyHold_XLE,0.0,0.0,1.0,1.0,0.0,0.0,0.0,-0.0
2021-06-25 00:00:00+00:00,20260201_193426_95a6098b_BuyHold_XLE,0.0,0.0,1.0,1.0,0.0,0.0,0.0,0.0
2021-06-28 00:00:00+00:00,20260201_193426_95a6098b_BuyHold_XLE,0.0,0.0,1.0,1.0,0.0,0.0,0.0,-0.0
2021-06-29 00:00:00+00:00,20260201_193426_95a6098b_BuyHold_XLE,0.0,0.0,1.0,1.0,0.0,0.0,0.0,-0.0
2021-06-30 00:00:00+00:00,20260201_193426_95a6098b_BuyHold_XLE,0.0,0.0,1.0,1.0,0.0,0.0,0.0,-0.0
2021-07-01 00:00:00+00:00,20260201_193426_95a6098b_BuyHold_XLE,0.0,0.0,1.0,1.0,0.0,0.0,0.0,0.0
2021-07-02 00:00:00+00:00,20260201_193426_95a6098b_BuyHold_XLE,0.0,0.0,1.0,1.0,0.0,0.0,0.0,-0.0
2021-07-06 00:00:00+00:00,20260201_193426_95a6098b_BuyHold_XLE,0.0,0.0,1.0,1.0,0.0,0.0,0.0,0.0
2021-07-07 00:00:00+00:00,20260201_193426_95a6098b_BuyHold_XLE,0.0,0.0,1.0,1.0,0.0,0.0,0.0,-0.0
2021-07-08 00:00:00+00:00,20260201_193426_95a6098b_BuyHold_XLE,0.0,0.0,1.0,1.0,0.0,0.0,0.0,-0.0
2021-07-09 00:00:00+00:00,20260201_193426_95a6098b_BuyHold_XLE,0.0,0.0,1.0,1.0,0.0,0.0,0.0,0.0
2021-07-12 00:00:00+00:00,20260201_193426_95a6098b_BuyHold_XLE,0.0,0.0,1.0,1.0,0.0,0.0,0.0,0.0
2021-07-13 00:00:00+00:00,20260201_193426_95a6098b_BuyHold_XLE,0.0,0.0,1.0,1.0,0.0,0.0,0.0,0.0
2021-07-14 00:00:00+00:00,20260201_193426_95a6098b_BuyHold_XLE,0.0,0.0,1.0,1.0,0.0,0.0,0.0,0.0
2021-07-15 00:00:00+00:00,20260201_193426_95a6098b_BuyHold_XLE,0.0,0.0,1.0,1.0,0.0,0.0,0.0,-0.0
2021-07-16 00:00:00+00:00,20260201_193426_95a6098b_BuyHold_XLE,0.0,0.0,1.0,1.0,0.0,0.0,0.0,0.0
2021-07-19 00:00:00+00:00,20260201_193426_95a6098b_BuyHold_XLE,0.0,0.0,1.0,1.0,0.0,0.0,0.0,-0.0
2021-07-20 00:00:00+00:00,20260201_193426_95a6098b_BuyHold_XLE,0.0,0.0,1.0,1.0,0.0,0.0,0.0,0.0
2021-07-21 00:00:00+00:00,20260201_193426_95a6098b_BuyHold_XLE,0.0,0.0,1.0,1.0,0.0,0.0,0.0,0.0
2021-07-22 00:00:00+00:00,20260201_193426_95a6098b_BuyHold_XLE,0.0,0.0,1.0,1.0,0.0,0.0,0.0,0.0
2021-07-23 00:00:00+00:00,20260201_193426_95a6098b_BuyHold_XLE,0.0,0.0,1.0,1.0,0.0,0.0,0.0,-0.0
2021-07-26 00:00:00+00:00,20260201_193426_95a6098b_BuyHold_XLE,0.0,0.0,1.0,1.0,0.0,0.0,0.0,0.0
2021-07-27 00:00:00+00:00,20260201_193426_95a6098b_BuyHold_XLE,0.0,0.0,1.0,1.0,0.0,0.0,0.0,0.0
2021-07-28 00:00:00+00:00,20260201_193426_95a6098b_BuyHold_XLE,0.0,0.0,1.0,1.0,0.0,0.0,0.0,-0.0
2021-07-29 00:00:00+00:00,20260201_193426_95a6098b_BuyHold_XLE,0.0,0.0,1.0,1.0,0.0,0.0,0.0,0.0
2021-07-30 00:00:00+00:00,20260201_193426_95a6098b_BuyHold_XLE,0.0,0.0,1.0,1.0,0.0,0.0,0.0,-0.0
2021-08-02 00:00:00+00:00,20260201_193426_95a6098b_BuyHold_XLE,0.0,0.0,1.0,1.0,0.0,0.0,0.0,-0.0
2021-08-03 00:00:00+00:00,20260201_193426_95a6098b_BuyHold_XLE,0.0,0.0,1.0,1.0,0.0,0.0,0.0,-0.0
2021-08-04 00:00:00+00:00,20260201_193426_95a6098b_BuyHold_XLE,0.0,0.0,1.0,1.0,0.0,0.0,0.0,0.0
2021-08-05 00:00:00+00:00,20260201_193426_95a6098b_BuyHold_XLE,0.0,0.0,1.0,1.0,0.0,0.0,0.0,-0.0
2021-08-06 00:00:00+00:00,20260201_193426_95a6098b_BuyHold_XLE,0.0,0.0,1.0,1.0,0.0,0.0,0.0,0.0
2021-08-09 00:00:00+00:00,20260201_193426_95a6098b_BuyHold_XLE,0.0,0.0,1.0,1.0,0.0,0.0,0.0,-0.0
2021-08-10 00:00:00+00:00,20260201_193426_95a6098b_BuyHold_XLE,0.0,0.0,1.0,1.0,0.0,0.0,0.0,0.0
2021-08-11 00:00:00+00:00,20260201_193426_95a6098b_BuyHold_XLE,0.0,0.0,1.0,1.0,0.0,0.0,0.0,0.0
2021-08-12 00:00:00+00:00,20260201_193426_95a6098b_BuyHold_XLE,0.0,0.0,1.0,1.0,0.0,0.0,0.0,0.0
2021-08-13 00:00:00+00:00,20260201_193426_95a6098b_BuyHold_XLE,0.0,0.0,1.0,1.0,0.0,0.0,0.0,-0.0
2021-08-16 00:00:00+00:00,20260201_193426_95a6098b_BuyHold_XLE,0.0,0.0,1.0,1.0,0.0,0.0,0.0,-0.0
2021-08-17 00:00:00+00:00,20260201_193426_95a6098b_BuyHold_XLE,0.0,0.0,1.0,1.0,0.0,0.0,0.0,-0.0
2021-08-18 00:00:00+00:00,20260201_193426_95a6098b_BuyHold_XLE,0.0,0.0,1.0,1.0,0.0,0.0,0.0,-0.0
2021-08-19 00:00:00+00:00,20260201_193426_95a6098b_BuyHold_XLE,0.0,0.0,1.0,1.0,0.0,0.0,0.0,-0.0
2021-08-20 00:00:00+00:00,20260201_193426_95a6098b_BuyHold_XLE,0.0,0.0,1.0,1.0,0.0,0.0,0.0,-0.0
2021-08-23 00:00:00+00:00,20260201_193426_95a6098b_BuyHold_XLE,0.0,0.0,1.0,1.0,0.0,0.0,0.0,0.0
2021-08-24 00:00:00+00:00,20260201_193426_95a6098b_BuyHold_XLE,0.0,0.0,1.0,1.0,0.0,0.0,0.0,0.0
2021-08-25 00:00:00+00:00,20260201_193426_95a6098b_BuyHold_XLE,0.0,0.0,1.0,1.0,0.0,0.0,0.0,0.0
2021-08-26 00:00:00+00:00,20260201_193426_95a6098b_BuyHold_XLE,0.0,0.0,1.0,1.0,0.0,0.0,0.0,0.0
2021-08-27 00:00:00+00:00,20260201_193426_95a6098b_BuyHold_XLE,0.0,0.0,1.0,1.0,0.0,0.0,0.0,0.0
2021-08-30 00:00:00+00:00,20260201_193426_95a6098b_BuyHold_XLE,0.0,0.0,1.0,1.0,0.0,0.0,0.0,0.0
2021-08-31 00:00:00+00:00,20260201_193426_95a6098b_BuyHold_XLE,0.0,0.0,1.0,1.0,0.0,0.0,0.0,-0.0
2021-09-01 00:00:00+00:00,20260201_193426_95a6098b_BuyHold_XLE,0.0,0.0,1.0,1.0,0.0,0.0,0.0,-0.0
2021-09-02 00:00:00+00:00,20260201_193426_95a6098b_BuyHold_XLE,0.0,0.0,1.0,1.0,0.0,0.0,0.0,-0.0
2021-09-03 00:00:00+00:00,20260201_193426_95a6098b_BuyHold_XLE,0.0,0.0,1.0,1.0,0.0,0.0,0.0,0.0
2021-09-07 00:00:00+00:00,20260201_193426_95a6098b_BuyHold_XLE,0.0,0.0,1.0,1.0,0.0,0.0,0.0,-0.0
2021-09-08 00:00:00+00:00,20260201_193426_95a6098b_BuyHold_XLE,0.0,0.0,1.0,1.0,0.0,0.0,0.0,0.0
2021-09-09 00:00:00+00:00,20260201_193426_95a6098b_BuyHold_XLE,0.0,0.0,1.0,1.0,0.0,0.0,0.0,-0.0
2021-09-10 00:00:00+00:00,20260201_193426_95a6098b_BuyHold_XLE,0.0,0.0,1.0,1.0,0.0,0.0,0.0,0.0
2021-09-13 00:00:00+00:00,20260201_193426_95a6098b_BuyHold_XLE,0.0,0.0,1.0,1.0,0.0,0.0,0.0,-0.0
2021-09-14 00:00:00+00:00,20260201_193426_95a6098b_BuyHold_XLE,0.0,0.0,1.0,1.0,0.0,0.0,0.0,0.0
2021-09-15 00:00:00+00:00,20260201_193426_95a6098b_BuyHold_XLE,0.0,0.0,1.0,1.0,0.0,0.0,0.0,-0.0
2021-09-16 00:00:00+00:00,20260201_193426_95a6098b_BuyHold_XLE,0.0,0.0,1.0,1.0,0.0,0.0,0.0,0.0
2021-09-17 00:00:00+00:00,20260201_193426_95a6098b_BuyHold_XLE,0.0,0.0,1.0,1.0,0.0,0.0,0.0,-0.0
2021-09-20 00:00:00+00:00,20260201_193426_95a6098b_BuyHold_XLE,0.0,0.0,1.0,1.0,0.0,0.0,0.0,-0.0
2021-09-21 00:00:00+00:00,20260201_193426_95a6098b_BuyHold_XLE,0.0,0.0,1.0,1.0,0.0,0.0,0.0,0.0
2021-09-22 00:00:00+00:00,20260201_193426_95a6098b_BuyHold_XLE,0.0,0.0,1.0,1.0,0.0,0.0,0.0,0.0
2021-09-23 00:00:00+00:00,20260201_193426_95a6098b_BuyHold_XLE,0.0,0.0,1.0,1.0,0.0,0.0,0.0,0.0
2021-09-24 00:00:00+00:00,20260201_193426_95a6098b_BuyHold_XLE,0.0,0.0,1.0,1.0,0.0,0.0,0.0,0.0
2021-09-27 00:00:00+00:00,20260201_193426_95a6098b_BuyHold_XLE,0.0,0.0,1.0,1.0,0.0,0.0,0.0,0.0
2021-09-28 00:00:00+00:00,20260201_193426_95a6098b_BuyHold_XLE,0.0,0.0,1.0,1.0,0.0,0.0,0.0,0.0
2021-09-29 00:00:00+00:00,20260201_193426_95a6098b_BuyHold_XLE,0.0,0.0,1.0,1.0,0.0,0.0,0.0,0.0
2021-09-30 00:00:00+00:00,20260201_193426_95a6098b_BuyHold_XLE,0.0,0.0,1.0,1.0,0.0,0.0,0.0,0.0
2021-10-01 00:00:00+00:00,20260201_193426_95a6098b_BuyHold_XLE,0.0,0.0,1.0,1.0,0.0,0.0,0.0,-0.0
2021-10-04 00:00:00+00:00,20260201_193426_95a6098b_BuyHold_XLE,0.0,0.0,1.0,1.0,0.0,0.0,0.0,0.0
2021-10-05 00:00:00+00:00,20260201_193426_95a6098b_BuyHold_XLE,0.0,0.0,1.0,1.0,0.0,0.0,0.0,0.0
2021-10-06 00:00:00+00:00,20260201_193426_95a6098b_BuyHold_XLE,0.0,0.0,1.0,1.0,0.0,0.0,0.0,-0.0
2021-10-07 00:00:00+00:00,20260201_193426_95a6098b_BuyHold_XLE,0.0,0.0,1.0,1.0,0.0,0.0,0.0,0.0
2021-10-08 00:00:00+00:00,20260201_193426_95a6098b_BuyHold_XLE,0.0,0.0,1.0,1.0,0.0,0.0,0.0,0.0
2021-10-11 00:00:00+00:00,20260201_193426_95a6098b_BuyHold_XLE,0.0,0.0,1.0,1.0,0.0,0.0,0.0,0.0
2021-10-12 00:00:00+00:00,20260201_193426_95a6098b_BuyHold_XLE,0.0,0.0,1.0,1.0,0.0,0.0,0.0,-0.0
2021-10-13 00:00:00+00:00,20260201_193426_95a6098b_BuyHold_XLE,0.0,0.0,1.0,1.0,0.0,0.0,0.0,-0.0
2021-10-14 00:00:00+00:00,20260201_193426_95a6098b_BuyHold_XLE,0.0,0.0,1.0,1.0,0.0,0.0,0.0,0.0
2021-10-15 00:00:00+00:00,20260201_193426_95a6098b_BuyHold_XLE,0.0,0.0,1.0,1.0,0.0,0.0,0.0,0.0
2021-10-18 00:00:00+00:00,20260201_193426_95a6098b_BuyHold_XLE,0.0,0.0,1.0,1.0,0.0,0.0,0.0,0.0
2021-10-19 00:00:00+00:00,20260201_193426_95a6098b_BuyHold_XLE,0.0,0.0,1.0,1.0,0.0,0.0,0.0,-0.0
2021-10-20 00:00:00+00:00,20260201_193426_95a6098b_BuyHold_XLE,0.0,0.0,1.0,1.0,0.0,0.0,0.0,-0.0
2021-10-21 00:00:00+00:00,20260201_193426_95a6098b_BuyHold_XLE,0.0,0.0,1.0,1.0,0.0,0.0,0.0,0.0
2021-10-22 00:00:00+00:00,20260201_193426_95a6098b_BuyHold_XLE,0.0,0.0,1.0,1.0,0.0,0.0,0.0,-0.0
2021-10-25 00:00:00+00:00,20260201_193426_95a6098b_BuyHold_XLE,0.0,0.0,1.0,1.0,0.0,0.0,0.0,0.0
2021-10-26 00:00:00+00:00,20260201_193426_95a6098b_BuyHold_XLE,0.0,0.0,1.0,1.0,0.0,0.0,0.0,0.0
2021-10-27 00:00:00+00:00,20260201_193426_95a6098b_BuyHold_XLE,0.0,0.0,1.0,1.0,0.0,0.0,0.0,-0.0
2021-10-28 00:00:00+00:00,20260201_193426_95a6098b_BuyHold_XLE,0.0,0.0,1.0,1.0,0.0,0.0,0.0,-0.0
2021-10-29 00:00:00+00:00,20260201_193426_95a6098b_BuyHold_XLE,0.0,0.0,1.0,1.0,0.0,0.0,0.0,0.0
2021-11-01 00:00:00+00:00,20260201_193426_95a6098b_BuyHold_XLE,0.0,0.0,1.0,1.0,0.0,0.0,0.0,-0.0
2021-11-02 00:00:00+00:00,20260201_193426_95a6098b_BuyHold_XLE,0.0,0.0,1.0,1.0,0.0,0.0,0.0,0.0
2021-11-03 00:00:00+00:00,20260201_193426_95a6098b_BuyHold_XLE,0.0,0.0,1.0,1.0,0.0,0.0,0.0,-0.0
2021-11-04 00:00:00+00:00,20260201_193426_95a6098b_BuyHold_XLE,0.0,0.0,1.0,1.0,0.0,0.0,0.0,0.0
2021-11-05 00:00:00+00:00,20260201_193426_95a6098b_BuyHold_XLE,0.0,0.0,1.0,1.0,0.0,0.0,0.0,0.0
2021-11-08 00:00:00+00:00,20260201_193426_95a6098b_BuyHold_XLE,0.0,0.0,1.0,1.0,0.0,0.0,0.0,0.0
2021-11-09 00:00:00+00:00,20260201_193426_95a6098b_BuyHold_XLE,0.0,0.0,1.0,1.0,0.0,0.0,0.0,0.0
2021-11-10 00:00:00+00:00,20260201_193426_95a6098b_BuyHold_XLE,0.0,0.0,1.0,1.0,0.0,0.0,0.0,-0.0
2021-11-11 00:00:00+00:00,20260201_193426_95a6098b_BuyHold_XLE,0.0,0.0,1.0,1.0,0.0,0.0,0.0,-0.0
2021-11-12 00:00:00+00:00,20260201_193426_95a6098b_BuyHold_XLE,0.0,0.0,1.0,1.0,0.0,0.0,0.0,-0.0
2021-11-15 00:00:00+00:00,20260201_193426_95a6098b_BuyHold_XLE,0.0,0.0,1.0,1.0,0.0,0.0,0.0,0.0
2021-11-16 00:00:00+00:00,20260201_193426_95a6098b_BuyHold_XLE,0.0,0.0,1.0,1.0,0.0,0.0,0.0,0.0
2021-11-17 00:00:00+00:00,20260201_193426_95a6098b_BuyHold_XLE,0.0,0.0,1.0,1.0,0.0,0.0,0.0,-0.0
2021-11-18 00:00:00+00:00,20260201_193426_95a6098b_BuyHold_XLE,0.0,0.0,1.0,1.0,0.0,0.0,0.0,-0.0
2021-11-19 00:00:00+00:00,20260201_193426_95a6098b_BuyHold_XLE,0.0,0.0,1.0,1.0,0.0,0.0,0.0,-0.0
2021-11-22 00:00:00+00:00,20260201_193426_95a6098b_BuyHold_XLE,0.0,0.0,1.0,1.0,0.0,0.0,0.0,-0.0
2021-11-23 00:00:00+00:00,20260201_193426_95a6098b_BuyHold_XLE,0.0,0.0,1.0,1.0,0.0,0.0,0.0,0.0
2021-11-24 00:00:00+00:00,20260201_193426_95a6098b_BuyHold_XLE,0.0,0.0,1.0,1.0,0.0,0.0,0.0,0.0
2021-11-26 00:00:00+00:00,20260201_193426_95a6098b_BuyHold_XLE,0.0,0.0,1.0,1.0,0.0,0.0,0.0,-0.0
2021-11-29 00:00:00+00:00,20260201_193426_95a6098b_BuyHold_XLE,0.0,0.0,1.0,1.0,0.0,0.0,0.0,0.0
2021-11-30 00:00:00+00:00,20260201_193426_95a6098b_BuyHold_XLE,0.0,0.0,1.0,1.0,0.0,0.0,0.0,-0.0
2021-12-01 00:00:00+00:00,20260201_193426_95a6098b_BuyHold_XLE,0.0,0.0,1.0,1.0,0.0,0.0,0.0,0.0
2021-12-02 00:00:00+00:00,20260201_193426_95a6098b_BuyHold_XLE,0.0,0.0,1.0,1.0,0.0,0.0,0.0,-0.0
2021-12-03 00:00:00+00:00,20260201_193426_95a6098b_BuyHold_XLE,0.0,0.0,1.0,1.0,0.0,0.0,0.0,0.0
2021-12-06 00:00:00+00:00,20260201_193426_95a6098b_BuyHold_XLE,0.0,0.0,1.0,1.0,0.0,0.0,0.0,-0.0
2021-12-07 00:00:00+00:00,20260201_193426_95a6098b_BuyHold_XLE,0.0,0.0,1.0,1.0,0.0,0.0,0.0,-0.0
2021-12-08 00:00:00+00:00,20260201_193426_95a6098b_BuyHold_XLE,0.0,0.0,1.0,1.0,0.0,0.0,0.0,0.0
2021-12-09 00:00:00+00:00,20260201_193426_95a6098b_BuyHold_XLE,0.0,0.0,1.0,1.0,0.0,0.0,0.0,-0.0
2021-12-10 00:00:00+00:00,20260201_193426_95a6098b_BuyHold_XLE,0.0,0.0,1.0,1.0,0.0,0.0,0.0,0.0
2021-12-13 00:00:00+00:00,20260201_193426_95a6098b_BuyHold_XLE,0.0,0.0,1.0,1.0,0.0,0.0,0.0,-0.0
2021-12-14 00:00:00+00:00,20260201_193426_95a6098b_BuyHold_XLE,0.0,0.0,1.0,1.0,0.0,0.0,0.0,-0.0
2021-12-15 00:00:00+00:00,20260201_193426_95a6098b_BuyHold_XLE,0.0,0.0,1.0,1.0,0.0,0.0,0.0,0.0
2021-12-16 00:00:00+00:00,20260201_193426_95a6098b_BuyHold_XLE,0.0,0.0,1.0,1.0,0.0,0.0,0.0,0.0
2021-12-17 00:00:00+00:00,20260201_193426_95a6098b_BuyHold_XLE,0.0,0.0,1.0,1.0,0.0,0.0,0.0,-0.0
2021-12-20 00:00:00+00:00,20260201_193426_95a6098b_BuyHold_XLE,0.0,0.0,1.0,1.0,0.0,0.0,0.0,-0.0
2021-12-21 00:00:00+00:00,20260201_193426_95a6098b_BuyHold_XLE,0.0,0.0,1.0,1.0,0.0,0.0,0.0,0.0
2021-12-22 00:00:00+00:00,20260201_193426_95a6098b_BuyHold_XLE,0.0,0.0,1.0,1.0,0.0,0.0,0.0,0.0
2021-12-23 00:00:00+00:00,20260201_193426_95a6098b_BuyHold_XLE,0.0,0.0,1.0,1.0,0.0,0.0,0.0,0.0
2021-12-27 00:00:00+00:00,20260201_193426_95a6098b_BuyHold_XLE,0.0,0.0,1.0,1.0,0.0,0.0,0.0,-0.0
2021-12-28 00:00:00+00:00,20260201_193426_95a6098b_BuyHold_XLE,0.0,0.0,1.0,1.0,0.0,0.0,0.0,0.0
2021-12-29 00:00:00+00:00,20260201_193426_95a6098b_BuyHold_XLE,0.0,0.0,1.0,1.0,0.0,0.0,0.0,-0.0
2021-12-30 00:00:00+00:00,20260201_193426_95a6098b_BuyHold_XLE,0.0,0.0,1.0,1.0,0.0,0.0,0.0,-0.0
2021-12-31 00:00:00+00:00,20260201_193426_95a6098b_BuyHold_XLE,0.0,0.0,1.0,1.0,0.0,0.0,0.0,-0.0
2022-01-03 00:00:00+00:00,20260201_193426_95a6098b_BuyHold_XLE,0.0,0.0,1.0,1.0,0.0,0.0,0.0,0.0
2022-01-04 00:00:00+00:00,20260201_193426_95a6098b_BuyHold_XLE,0.0,0.0,1.0,1.0,0.0,0.0,0.0,0.0
2022-01-05 00:00:00+00:00,20260201_193426_95a6098b_BuyHold_XLE,0.0,0.0,1.0,1.0,0.0,0.0,0.0,0.0
2022-01-06 00:00:00+00:00,20260201_193426_95a6098b_BuyHold_XLE,0.0,0.0,1.0,1.0,0.0,0.0,0.0,0.0
2022-01-07 00:00:00+00:00,20260201_193426_95a6098b_BuyHold_XLE,0.0,0.0,1.0,1.0,0.0,0.0,0.0,0.0
2022-01-10 00:00:00+00:00,20260201_193426_95a6098b_BuyHold_XLE,0.0,0.0,1.0,1.0,0.0,0.0,0.0,0.0
2022-01-11 00:00:00+00:00,20260201_193426_95a6098b_BuyHold_XLE,0.0,0.0,1.0,1.0,0.0,0.0,0.0,0.0
2022-01-12 00:00:00+00:00,20260201_193426_95a6098b_BuyHold_XLE,0.0,0.0,1.0,1.0,0.0,0.0,0.0,0.0
2022-01-13 00:00:00+00:00,20260201_193426_95a6098b_BuyHold_XLE,0.0,0.0,1.0,1.0,0.0,0.0,0.0,-0.0
2022-01-14 00:00:00+00:00,20260201_193426_95a6098b_BuyHold_XLE,0.0,0.0,1.0,1.0,0.0,0.0,0.0,-0.0
2022-01-18 00:00:00+00:00,20260201_193426_95a6098b_BuyHold_XLE,0.0,0.0,1.0,1.0,0.0,0.0,0.0,0.0
2022-01-19 00:00:00+00:00,20260201_193426_95a6098b_BuyHold_XLE,0.0,0.0,1.0,1.0,0.0,0.0,0.0,0.0
2022-01-20 00:00:00+00:00,20260201_193426_95a6098b_BuyHold_XLE,0.0,0.0,1.0,1.0,0.0,0.0,0.0,-0.0
2022-01-21 00:00:00+00:00,20260201_193426_95a6098b_BuyHold_XLE,0.0,0.0,1.0,1.0,0.0,0.0,0.0,-0.0
2022-01-24 00:00:00+00:00,20260201_193426_95a6098b_BuyHold_XLE,0.0,0.0,1.0,1.0,0.0,0.0,0.0,-0.0
2022-01-25 00:00:00+00:00,20260201_193426_95a6098b_BuyHold_XLE,0.0,0.0,1.0,1.0,0.0,0.0,0.0,0.0
2022-01-26 00:00:00+00:00,20260201_193426_95a6098b_BuyHold_XLE,0.0,0.0,1.0,1.0,0.0,0.0,0.0,0.0
2022-01-27 00:00:00+00:00,20260201_193426_95a6098b_BuyHold_XLE,0.0,0.0,1.0,1.0,0.0,0.0,0.0,0.0
2022-01-28 00:00:00+00:00,20260201_193426_95a6098b_BuyHold_XLE,0.0,0.0,1.0,1.0,0.0,0.0,0.0,-0.0
2022-01-31 00:00:00+00:00,20260201_193426_95a6098b_BuyHold_XLE,0.0,0.0,1.0,1.0,0.0,0.0,0.0,-0.0
2022-02-01 00:00:00+00:00,20260201_193426_95a6098b_BuyHold_XLE,0.0,0.0,1.0,1.0,0.0,0.0,0.0,0.0
2022-02-02 00:00:00+00:00,20260201_193426_95a6098b_BuyHold_XLE,0.0,0.0,1.0,1.0,0.0,0.0,0.0,0.0
2022-02-03 00:00:00+00:00,20260201_193426_95a6098b_BuyHold_XLE,0.0,0.0,1.0,1.0,0.0,0.0,0.0,0.0
2022-02-04 00:00:00+00:00,20260201_193426_95a6098b_BuyHold_XLE,0.0,0.0,1.0,1.0,0.0,0.0,0.0,-0.0
2022-02-07 00:00:00+00:00,20260201_193426_95a6098b_BuyHold_XLE,0.0,0.0,1.0,1.0,0.0,0.0,0.0,0.0
2022-02-08 00:00:00+00:00,20260201_193426_95a6098b_BuyHold_XLE,0.0,0.0,1.0,1.0,0.0,0.0,0.0,0.0
2022-02-09 00:00:00+00:00,20260201_193426_95a6098b_BuyHold_XLE,0.0,0.0,1.0,1.0,0.0,0.0,0.0,-0.0
2022-02-10 00:00:00+00:00,20260201_193426_95a6098b_BuyHold_XLE,0.0,0.0,1.0,1.0,0.0,0.0,0.0,0.0
2022-02-11 00:00:00+00:00,20260201_193426_95a6098b_BuyHold_XLE,0.0,0.0,1.0,1.0,0.0,0.0,0.0,0.0
2022-02-14 00:00:00+00:00,20260201_193426_95a6098b_BuyHold_XLE,0.0,0.0,1.0,1.0,0.0,0.0,0.0,0.0
2022-02-15 00:00:00+00:00,20260201_193426_95a6098b_BuyHold_XLE,0.0,0.0,1.0,1.0,0.0,0.0,0.0,-0.0
2022-02-16 00:00:00+00:00,20260201_193426_95a6098b_BuyHold_XLE,0.0,0.0,1.0,1.0,0.0,0.0,0.0,0.0
2022-02-17 00:00:00+00:00,20260201_193426_95a6098b_BuyHold_XLE,0.0,0.0,1.0,1.0,0.0,0.0,0.0,-0.0
2022-02-18 00:00:00+00:00,20260201_193426_95a6098b_BuyHold_XLE,0.0,0.0,1.0,1.0,0.0,0.0,0.0,-0.0
2022-02-22 00:00:00+00:00,20260201_193426_95a6098b_BuyHold_XLE,0.0,0.0,1.0,1.0,0.0,0.0,0.0,0.0
2022-02-23 00:00:00+00:00,20260201_193426_95a6098b_BuyHold_XLE,0.0,0.0,1.0,1.0,0.0,0.0,0.0,-0.0
2022-02-24 00:00:00+00:00,20260201_193426_95a6098b_BuyHold_XLE,0.0,0.0,1.0,1.0,0.0,0.0,0.0,0.0
2022-02-25 00:00:00+00:00,20260201_193426_95a6098b_BuyHold_XLE,0.0,0.0,1.0,1.0,0.0,0.0,0.0,-0.0
2022-02-28 00:00:00+00:00,20260201_193426_95a6098b_BuyHold_XLE,0.0,0.0,1.0,1.0,0.0,0.0,0.0,0.0
2022-03-01 00:00:00+00:00,20260201_193426_95a6098b_BuyHold_XLE,0.0,0.0,1.0,1.0,0.0,0.0,0.0,0.0
2022-03-02 00:00:00+00:00,20260201_193426_95a6098b_BuyHold_XLE,0.0,0.0,1.0,1.0,0.0,0.0,0.0,0.0
2022-03-03 00:00:00+00:00,20260201_193426_95a6098b_BuyHold_XLE,0.0,0.0,1.0,1.0,0.0,0.0,0.0,-0.0
2022-03-04 00:00:00+00:00,20260201_193426_95a6098b_BuyHold_XLE,0.0,0.0,1.0,1.0,0.0,0.0,0.0,0.0
2022-03-07 00:00:00+00:00,20260201_193426_95a6098b_BuyHold_XLE,0.0,0.0,1.0,1.0,0.0,0.0,0.0,0.0
2022-03-08 00:00:00+00:00,20260201_193426_95a6098b_BuyHold_XLE,0.0,0.0,1.0,1.0,0.0,0.0,0.0,0.0
2022-03-09 00:00:00+00:00,20260201_193426_95a6098b_BuyHold_XLE,0.0,0.0,1.0,1.0,0.0,0.0,0.0,-0.0
2022-03-10 00:00:00+00:00,20260201_193426_95a6098b_BuyHold_XLE,0.0,0.0,1.0,1.0,0.0,0.0,0.0,-0.0
2022-03-11 00:00:00+00:00,20260201_193426_95a6098b_BuyHold_XLE,0.0,0.0,1.0,1.0,0.0,0.0,0.0,0.0
2022-03-14 00:00:00+00:00,20260201_193426_95a6098b_BuyHold_XLE,0.0,0.0,1.0,1.0,0.0,0.0,0.0,-0.0
2022-03-15 00:00:00+00:00,20260201_193426_95a6098b_BuyHold_XLE,0.0,0.0,1.0,1.0,0.0,0.0,0.0,-0.0
2022-03-16 00:00:00+00:00,20260201_193426_95a6098b_BuyHold_XLE,0.0,0.0,1.0,1.0,0.0,0.0,0.0,0.0
2022-03-17 00:00:00+00:00,20260201_193426_95a6098b_BuyHold_XLE,0.0,0.0,1.0,1.0,0.0,0.0,0.0,0.0
2022-03-18 00:00:00+00:00,20260201_193426_95a6098b_BuyHold_XLE,0.0,0.0,1.0,1.0,0.0,0.0,0.0,0.0
2022-03-21 00:00:00+00:00,20260201_193426_95a6098b_BuyHold_XLE,0.0,0.0,1.0,1.0,0.0,0.0,0.0,-0.0
2022-03-22 00:00:00+00:00,20260201_193426_95a6098b_BuyHold_XLE,0.0,0.0,1.0,1.0,0.0,0.0,0.0,0.0
2022-03-23 00:00:00+00:00,20260201_193426_95a6098b_BuyHold_XLE,0.0,0.0,1.0,1.0,0.0,0.0,0.0,0.0
2022-03-24 00:00:00+00:00,20260201_193426_95a6098b_BuyHold_XLE,0.0,0.0,1.0,1.0,0.0,0.0,0.0,0.0
2022-03-25 00:00:00+00:00,20260201_193426_95a6098b_BuyHold_XLE,0.0,0.0,1.0,1.0,0.0,0.0,0.0,-0.0
2022-03-28 00:00:00+00:00,20260201_193426_95a6098b_BuyHold_XLE,0.0,0.0,1.0,1.0,0.0,0.0,0.0,0.0
2022-03-29 00:00:00+00:00,20260201_193426_95a6098b_BuyHold_XLE,0.0,0.0,1.0,1.0,0.0,0.0,0.0,-0.0
2022-03-30 00:00:00+00:00,20260201_193426_95a6098b_BuyHold_XLE,0.0,0.0,1.0,1.0,0.0,0.0,0.0,0.0
2022-03-31 00:00:00+00:00,20260201_193426_95a6098b_BuyHold_XLE,0.0,0.0,1.0,1.0,0.0,0.0,0.0,-0.0
2022-04-01 00:00:00+00:00,20260201_193426_95a6098b_BuyHold_XLE,0.0,0.0,1.0,1.0,0.0,0.0,0.0,-0.0
2022-04-04 00:00:00+00:00,20260201_193426_95a6098b_BuyHold_XLE,0.0,0.0,1.0,1.0,0.0,0.0,0.0,0.0
2022-04-05 00:00:00+00:00,20260201_193426_95a6098b_BuyHold_XLE,0.0,0.0,1.0,1.0,0.0,0.0,0.0,-0.0
2022-04-06 00:00:00+00:00,20260201_193426_95a6098b_BuyHold_XLE,0.0,0.0,1.0,1.0,0.0,0.0,0.0,-0.0
2022-04-07 00:00:00+00:00,20260201_193426_95a6098b_BuyHold_XLE,0.0,0.0,1.0,1.0,0.0,0.0,0.0,-0.0
2022-04-08 00:00:00+00:00,20260201_193426_95a6098b_BuyHold_XLE,0.0,0.0,1.0,1.0,0.0,0.0,0.0,0.0
2022-04-11 00:00:00+00:00,20260201_193426_95a6098b_BuyHold_XLE,0.0,0.0,1.0,1.0,0.0,0.0,0.0,0.0
2022-04-12 00:00:00+00:00,20260201_193426_95a6098b_BuyHold_XLE,0.0,0.0,1.0,1.0,0.0,0.0,0.0,-0.0
2022-04-13 00:00:00+00:00,20260201_193426_95a6098b_BuyHold_XLE,0.0,0.0,1.0,1.0,0.0,0.0,0.0,0.0
2022-04-14 00:00:00+00:00,20260201_193426_95a6098b_BuyHold_XLE,0.0,0.0,1.0,1.0,0.0,0.0,0.0,-0.0
2022-04-18 00:00:00+00:00,20260201_193426_95a6098b_BuyHold_XLE,0.0,0.0,1.0,1.0,0.0,0.0,0.0,0.0
2022-04-19 00:00:00+00:00,20260201_193426_95a6098b_BuyHold_XLE,0.0,0.0,1.0,1.0,0.0,0.0,0.0,-0.0
2022-04-20 00:00:00+00:00,20260201_193426_95a6098b_BuyHold_XLE,0.0,0.0,1.0,1.0,0.0,0.0,0.0,0.0
2022-04-21 00:00:00+00:00,20260201_193426_95a6098b_BuyHold_XLE,0.0,0.0,1.0,1.0,0.0,0.0,0.0,0.0
2022-04-22 00:00:00+00:00,20260201_193426_95a6098b_BuyHold_XLE,0.0,0.0,1.0,1.0,0.0,0.0,0.0,-0.0
2022-04-25 00:00:00+00:00,20260201_193426_95a6098b_BuyHold_XLE,0.0,0.0,1.0,1.0,0.0,0.0,0.0,-0.0
2022-04-26 00:00:00+00:00,20260201_193426_95a6098b_BuyHold_XLE,0.0,0.0,1.0,1.0,0.0,0.0,0.0,0.0
2022-04-27 00:00:00+00:00,20260201_193426_95a6098b_BuyHold_XLE,0.0,0.0,1.0,1.0,0.0,0.0,0.0,0.0
2022-04-28 00:00:00+00:00,20260201_193426_95a6098b_BuyHold_XLE,0.0,0.0,1.0,1.0,0.0,0.0,0.0,0.0
2022-04-29 00:00:00+00:00,20260201_193426_95a6098b_BuyHold_XLE,0.0,0.0,1.0,1.0,0.0,0.0,0.0,0.0
2022-05-02 00:00:00+00:00,20260201_193426_95a6098b_BuyHold_XLE,0.0,0.0,1.0,1.0,0.0,0.0,0.0,-0.0
2022-05-03 00:00:00+00:00,20260201_193426_95a6098b_BuyHold_XLE,0.0,0.0,1.0,1.0,0.0,0.0,0.0,0.0
2022-05-04 00:00:00+00:00,20260201_193426_95a6098b_BuyHold_XLE,0.0,0.0,1.0,1.0,0.0,0.0,0.0,0.0
2022-05-05 00:00:00+00:00,20260201_193426_95a6098b_BuyHold_XLE,0.0,0.0,1.0,1.0,0.0,0.0,0.0,0.0
2022-05-06 00:00:00+00:00,20260201_193426_95a6098b_BuyHold_XLE,0.0,0.0,1.0,1.0,0.0,0.0,0.0,-0.0
2022-05-09 00:00:00+00:00,20260201_193426_95a6098b_BuyHold_XLE,0.0,0.0,1.0,1.0,0.0,0.0,0.0,0.0
2022-05-10 00:00:00+00:00,20260201_193426_95a6098b_BuyHold_XLE,0.0,0.0,1.0,1.0,0.0,0.0,0.0,-0.0
2022-05-11 00:00:00+00:00,20260201_193426_95a6098b_BuyHold_XLE,0.0,0.0,1.0,1.0,0.0,0.0,0.0,0.0
2022-05-12 00:00:00+00:00,20260201_193426_95a6098b_BuyHold_XLE,0.0,0.0,1.0,1.0,0.0,0.0,0.0,-0.0
2022-05-13 00:00:00+00:00,20260201_193426_95a6098b_BuyHold_XLE,0.0,0.0,1.0,1.0,0.0,0.0,0.0,0.0
2022-05-16 00:00:00+00:00,20260201_193426_95a6098b_BuyHold_XLE,0.0,0.0,1.0,1.0,0.0,0.0,0.0,0.0
2022-05-17 00:00:00+00:00,20260201_193426_95a6098b_BuyHold_XLE,0.0,0.0,1.0,1.0,0.0,0.0,0.0,0.0
2022-05-18 00:00:00+00:00,20260201_193426_95a6098b_BuyHold_XLE,0.0,0.0,1.0,1.0,0.0,0.0,0.0,0.0
2022-05-19 00:00:00+00:00,20260201_193426_95a6098b_BuyHold_XLE,0.0,0.0,1.0,1.0,0.0,0.0,0.0,-0.0
2022-05-20 00:00:00+00:00,20260201_193426_95a6098b_BuyHold_XLE,0.0,0.0,1.0,1.0,0.0,0.0,0.0,0.0
2022-05-23 00:00:00+00:00,20260201_193426_95a6098b_BuyHold_XLE,0.0,0.0,1.0,1.0,0.0,0.0,0.0,0.0
2022-05-24 00:00:00+00:00,20260201_193426_95a6098b_BuyHold_XLE,0.0,0.0,1.0,1.0,0.0,0.0,0.0,0.0
2022-05-25 00:00:00+00:00,20260201_193426_95a6098b_BuyHold_XLE,0.0,0.0,1.0,1.0,0.0,0.0,0.0,0.0
2022-05-26 00:00:00+00:00,20260201_193426_95a6098b_BuyHold_XLE,0.0,0.0,1.0,1.0,0.0,0.0,0.0,0.0
2022-05-27 00:00:00+00:00,20260201_193426_95a6098b_BuyHold_XLE,0.0,0.0,1.0,1.0,0.0,0.0,0.0,0.0
2022-05-31 00:00:00+00:00,20260201_193426_95a6098b_BuyHold_XLE,0.0,0.0,1.0,1.0,0.0,0.0,0.0,0.0
2022-06-01 00:00:00+00:00,20260201_193426_95a6098b_BuyHold_XLE,0.0,0.0,1.0,1.0,0.0,0.0,0.0,-0.0
2022-06-02 00:00:00+00:00,20260201_193426_95a6098b_BuyHold_XLE,0.0,0.0,1.0,1.0,0.0,0.0,0.0,0.0
2022-06-03 00:00:00+00:00,20260201_193426_95a6098b_BuyHold_XLE,0.0,0.0,1.0,1.0,0.0,0.0,0.0,0.0
2022-06-06 00:00:00+00:00,20260201_193426_95a6098b_BuyHold_XLE,0.0,0.0,1.0,1.0,0.0,0.0,0.0,0.0
2022-06-07 00:00:00+00:00,20260201_193426_95a6098b_BuyHold_XLE,0.0,0.0,1.0,1.0,0.0,0.0,0.0,-0.0
2022-06-08 00:00:00+00:00,20260201_193426_95a6098b_BuyHold_XLE,0.0,0.0,1.0,1.0,0.0,0.0,0.0,0.0
2022-06-09 00:00:00+00:00,20260201_193426_95a6098b_BuyHold_XLE,0.0,0.0,1.0,1.0,0.0,0.0,0.0,-0.0
2022-06-10 00:00:00+00:00,20260201_193426_95a6098b_BuyHold_XLE,0.0,0.0,1.0,1.0,0.0,0.0,0.0,-0.0
2022-06-13 00:00:00+00:00,20260201_193426_95a6098b_BuyHold_XLE,0.0,0.0,1.0,1.0,0.0,0.0,0.0,-0.0
2022-06-14 00:00:00+00:00,20260201_193426_95a6098b_BuyHold_XLE,0.0,0.0,1.0,1.0,0.0,0.0,0.0,-0.0
2022-06-15 00:00:00+00:00,20260201_193426_95a6098b_BuyHold_XLE,0.0,0.0,1.0,1.0,0.0,0.0,0.0,-0.0
2022-06-16 00:00:00+00:00,20260201_193426_95a6098b_BuyHold_XLE,0.0,0.0,1.0,1.0,0.0,0.0,0.0,-0.0
2022-06-17 00:00:00+00:00,20260201_193426_95a6098b_BuyHold_XLE,0.0,0.0,1.0,1.0,0.0,0.0,0.0,-0.0
2022-06-21 00:00:00+00:00,20260201_193426_95a6098b_BuyHold_XLE,0.0,0.0,1.0,1.0,0.0,0.0,0.0,-0.0
2022-06-22 00:00:00+00:00,20260201_193426_95a6098b_BuyHold_XLE,0.0,0.0,1.0,1.0,0.0,0.0,0.0,-0.0
2022-06-23 00:00:00+00:00,20260201_193426_95a6098b_BuyHold_XLE,0.0,0.0,1.0,1.0,0.0,0.0,0.0,0.0
2022-06-24 00:00:00+00:00,20260201_193426_95a6098b_BuyHold_XLE,0.0,0.0,1.0,1.0,0.0,0.0,0.0,-0.0
2022-06-27 00:00:00+00:00,20260201_193426_95a6098b_BuyHold_XLE,0.0,0.0,1.0,1.0,0.0,0.0,0.0,0.0
2022-06-28 00:00:00+00:00,20260201_193426_95a6098b_BuyHold_XLE,0.0,0.0,1.0,1.0,0.0,0.0,0.0,0.0
2022-06-29 00:00:00+00:00,20260201_193426_95a6098b_BuyHold_XLE,0.0,0.0,1.0,1.0,0.0,0.0,0.0,0.0
2022-06-30 00:00:00+00:00,20260201_193426_95a6098b_BuyHold_XLE,0.0,0.0,1.0,1.0,0.0,0.0,0.0,-0.0
2022-07-01 00:00:00+00:00,20260201_193426_95a6098b_BuyHold_XLE,0.0,0.0,1.0,1.0,0.0,0.0,0.0,0.0
2022-07-05 00:00:00+00:00,20260201_193426_95a6098b_BuyHold_XLE,0.0,0.0,1.0,1.0,0.0,0.0,0.0,-0.0
2022-07-06 00:00:00+00:00,20260201_193426_95a6098b_BuyHold_XLE,0.0,0.0,1.0,1.0,0.0,0.0,0.0,-0.0
2022-07-07 00:00:00+00:00,20260201_193426_95a6098b_BuyHold_XLE,0.0,0.0,1.0,1.0,0.0,0.0,0.0,0.0
2022-07-08 00:00:00+00:00,20260201_193426_95a6098b_BuyHold_XLE,0.0,0.0,1.0,1.0,0.0,0.0,0.0,0.0
2022-07-11 00:00:00+00:00,20260201_193426_95a6098b_BuyHold_XLE,0.0,0.0,1.0,1.0,0.0,0.0,0.0,-0.0
2022-07-12 00:00:00+00:00,20260201_193426_95a6098b_BuyHold_XLE,0.0,0.0,1.0,1.0,0.0,0.0,0.0,-0.0
2022-07-13 00:00:00+00:00,20260201_193426_95a6098b_BuyHold_XLE,0.0,0.0,1.0,1.0,0.0,0.0,0.0,-0.0
2022-07-14 00:00:00+00:00,20260201_193426_95a6098b_BuyHold_XLE,0.0,0.0,1.0,1.0,0.0,0.0,0.0,-0.0
2022-07-15 00:00:00+00:00,20260201_193426_95a6098b_BuyHold_XLE,0.0,0.0,1.0,1.0,0.0,0.0,0.0,0.0
2022-07-18 00:00:00+00:00,20260201_193426_95a6098b_BuyHold_XLE,0.0,0.0,1.0,1.0,0.0,0.0,0.0,0.0
2022-07-19 00:00:00+00:00,20260201_193426_95a6098b_BuyHold_XLE,0.0,0.0,1.0,1.0,0.0,0.0,0.0,-0.0
2022-07-20 00:00:00+00:00,20260201_193426_95a6098b_BuyHold_XLE,0.0,0.0,1.0,1.0,0.0,0.0,0.0,0.0
2022-07-21 00:00:00+00:00,20260201_193426_95a6098b_BuyHold_XLE,0.0,0.0,1.0,1.0,0.0,0.0,0.0,-0.0
2022-07-22 00:00:00+00:00,20260201_193426_95a6098b_BuyHold_XLE,0.0,0.0,1.0,1.0,0.0,0.0,0.0,0.0
2022-07-25 00:00:00+00:00,20260201_193426_95a6098b_BuyHold_XLE,0.0,0.0,1.0,1.0,0.0,0.0,0.0,0.0
2022-07-26 00:00:00+00:00,20260201_193426_95a6098b_BuyHold_XLE,0.0,0.0,1.0,1.0,0.0,0.0,0.0,0.0
2022-07-27 00:00:00+00:00,20260201_193426_95a6098b_BuyHold_XLE,0.0,0.0,1.0,1.0,0.0,0.0,0.0,-0.0
2022-07-28 00:00:00+00:00,20260201_193426_95a6098b_BuyHold_XLE,0.0,0.0,1.0,1.0,0.0,0.0,0.0,0.0
2022-07-29 00:00:00+00:00,20260201_193426_95a6098b_BuyHold_XLE,0.0,0.0,1.0,1.0,0.0,0.0,0.0,0.0
2022-08-01 00:00:00+00:00,20260201_193426_95a6098b_BuyHold_XLE,0.0,0.0,1.0,1.0,0.0,0.0,0.0,0.0
2022-08-02 00:00:00+00:00,20260201_193426_95a6098b_BuyHold_XLE,0.0,0.0,1.0,1.0,0.0,0.0,0.0,0.0
2022-08-03 00:00:00+00:00,20260201_193426_95a6098b_BuyHold_XLE,0.0,0.0,1.0,1.0,0.0,0.0,0.0,0.0
2022-08-04 00:00:00+00:00,20260201_193426_95a6098b_BuyHold_XLE,0.0,0.0,1.0,1.0,0.0,0.0,0.0,-0.0
2022-08-05 00:00:00+00:00,20260201_193426_95a6098b_BuyHold_XLE,0.0,0.0,1.0,1.0,0.0,0.0,0.0,-0.0
2022-08-08 00:00:00+00:00,20260201_193426_95a6098b_BuyHold_XLE,0.0,0.0,1.0,1.0,0.0,0.0,0.0,0.0
2022-08-09 00:00:00+00:00,20260201_193426_95a6098b_BuyHold_XLE,0.0,0.0,1.0,1.0,0.0,0.0,0.0,0.0
2022-08-10 00:00:00+00:00,20260201_193426_95a6098b_BuyHold_XLE,0.0,0.0,1.0,1.0,0.0,0.0,0.0,0.0
2022-08-11 00:00:00+00:00,20260201_193426_95a6098b_BuyHold_XLE,0.0,0.0,1.0,1.0,0.0,0.0,0.0,0.0
2022-08-12 00:00:00+00:00,20260201_193426_95a6098b_BuyHold_XLE,0.0,0.0,1.0,1.0,0.0,0.0,0.0,0.0
2022-08-15 00:00:00+00:00,20260201_193426_95a6098b_BuyHold_XLE,0.0,0.0,1.0,1.0,0.0,0.0,0.0,-0.0
2022-08-16 00:00:00+00:00,20260201_193426_95a6098b_BuyHold_XLE,0.0,0.0,1.0,1.0,0.0,0.0,0.0,0.0
2022-08-17 00:00:00+00:00,20260201_193426_95a6098b_BuyHold_XLE,0.0,0.0,1.0,1.0,0.0,0.0,0.0,-0.0
2022-08-18 00:00:00+00:00,20260201_193426_95a6098b_BuyHold_XLE,0.0,0.0,1.0,1.0,0.0,0.0,0.0,0.0
2022-08-19 00:00:00+00:00,20260201_193426_95a6098b_BuyHold_XLE,0.0,0.0,1.0,1.0,0.0,0.0,0.0,0.0
2022-08-22 00:00:00+00:00,20260201_193426_95a6098b_BuyHold_XLE,0.0,0.0,1.0,1.0,0.0,0.0,0.0,0.0
2022-08-23 00:00:00+00:00,20260201_193426_95a6098b_BuyHold_XLE,0.0,0.0,1.0,1.0,0.0,0.0,0.0,0.0
2022-08-24 00:00:00+00:00,20260201_193426_95a6098b_BuyHold_XLE,0.0,0.0,1.0,1.0,0.0,0.0,0.0,0.0
2022-08-25 00:00:00+00:00,20260201_193426_95a6098b_BuyHold_XLE,0.0,0.0,1.0,1.0,0.0,0.0,0.0,0.0
2022-08-26 00:00:00+00:00,20260201_193426_95a6098b_BuyHold_XLE,0.0,0.0,1.0,1.0,0.0,0.0,0.0,0.0
2022-08-29 00:00:00+00:00,20260201_193426_95a6098b_BuyHold_XLE,0.0,0.0,1.0,1.0,0.0,0.0,0.0,-0.0
2022-08-30 00:00:00+00:00,20260201_193426_95a6098b_BuyHold_XLE,0.0,0.0,1.0,1.0,0.0,0.0,0.0,-0.0
2022-08-31 00:00:00+00:00,20260201_193426_95a6098b_BuyHold_XLE,0.0,0.0,1.0,1.0,0.0,0.0,0.0,-0.0
2022-09-01 00:00:00+00:00,20260201_193426_95a6098b_BuyHold_XLE,0.0,0.0,1.0,1.0,0.0,0.0,0.0,-0.0
2022-09-02 00:00:00+00:00,20260201_193426_95a6098b_BuyHold_XLE,0.0,0.0,1.0,1.0,0.0,0.0,0.0,0.0
2022-09-06 00:00:00+00:00,20260201_193426_95a6098b_BuyHold_XLE,0.0,0.0,1.0,1.0,0.0,0.0,0.0,0.0
2022-09-07 00:00:00+00:00,20260201_193426_95a6098b_BuyHold_XLE,0.0,0.0,1.0,1.0,0.0,0.0,0.0,-0.0
2022-09-08 00:00:00+00:00,20260201_193426_95a6098b_BuyHold_XLE,0.0,0.0,1.0,1.0,0.0,0.0,0.0,0.0
2022-09-09 00:00:00+00:00,20260201_193426_95a6098b_BuyHold_XLE,0.0,0.0,1.0,1.0,0.0,0.0,0.0,0.0
2022-09-12 00:00:00+00:00,20260201_193426_95a6098b_BuyHold_XLE,0.0,0.0,1.0,1.0,0.0,0.0,0.0,0.0
2022-09-13 00:00:00+00:00,20260201_193426_95a6098b_BuyHold_XLE,0.0,0.0,1.0,1.0,0.0,0.0,0.0,-0.0
2022-09-14 00:00:00+00:00,20260201_193426_95a6098b_BuyHold_XLE,0.0,0.0,1.0,1.0,0.0,0.0,0.0,-0.0
2022-09-15 00:00:00+00:00,20260201_193426_95a6098b_BuyHold_XLE,0.0,0.0,1.0,1.0,0.0,0.0,0.0,0.0
2022-09-16 00:00:00+00:00,20260201_193426_95a6098b_BuyHold_XLE,0.0,0.0,1.0,1.0,0.0,0.0,0.0,-0.0
2022-09-19 00:00:00+00:00,20260201_193426_95a6098b_BuyHold_XLE,0.0,0.0,1.0,1.0,0.0,0.0,0.0,-0.0
2022-09-20 00:00:00+00:00,20260201_193426_95a6098b_BuyHold_XLE,0.0,0.0,1.0,1.0,0.0,0.0,0.0,0.0
2022-09-21 00:00:00+00:00,20260201_193426_95a6098b_BuyHold_XLE,0.0,0.0,1.0,1.0,0.0,0.0,0.0,0.0
2022-09-22 00:00:00+00:00,20260201_193426_95a6098b_BuyHold_XLE,0.0,0.0,1.0,1.0,0.0,0.0,0.0,-0.0
2022-09-23 00:00:00+00:00,20260201_193426_95a6098b_BuyHold_XLE,0.0,0.0,1.0,1.0,0.0,0.0,0.0,-0.0
2022-09-26 00:00:00+00:00,20260201_193426_95a6098b_BuyHold_XLE,0.0,0.0,1.0,1.0,0.0,0.0,0.0,-0.0
2022-09-27 00:00:00+00:00,20260201_193426_95a6098b_BuyHold_XLE,0.0,0.0,1.0,1.0,0.0,0.0,0.0,-0.0
2022-09-28 00:00:00+00:00,20260201_193426_95a6098b_BuyHold_XLE,0.0,0.0,1.0,1.0,0.0,0.0,0.0,0.0
2022-09-29 00:00:00+00:00,20260201_193426_95a6098b_BuyHold_XLE,0.0,0.0,1.0,1.0,0.0,0.0,0.0,0.0
2022-09-30 00:00:00+00:00,20260201_193426_95a6098b_BuyHold_XLE,0.0,0.0,1.0,1.0,0.0,0.0,0.0,-0.0
2022-10-03 00:00:00+00:00,20260201_193426_95a6098b_BuyHold_XLE,0.0,0.0,1.0,1.0,0.0,0.0,0.0,0.0
2022-10-04 00:00:00+00:00,20260201_193426_95a6098b_BuyHold_XLE,0.0,0.0,1.0,1.0,0.0,0.0,0.0,0.0
2022-10-05 00:00:00+00:00,20260201_193426_95a6098b_BuyHold_XLE,0.0,0.0,1.0,1.0,0.0,0.0,0.0,0.0
2022-10-06 00:00:00+00:00,20260201_193426_95a6098b_BuyHold_XLE,0.0,0.0,1.0,1.0,0.0,0.0,0.0,0.0
2022-10-07 00:00:00+00:00,20260201_193426_95a6098b_BuyHold_XLE,0.0,0.0,1.0,1.0,0.0,0.0,0.0,0.0
2022-10-10 00:00:00+00:00,20260201_193426_95a6098b_BuyHold_XLE,0.0,0.0,1.0,1.0,0.0,0.0,0.0,-0.0
2022-10-11 00:00:00+00:00,20260201_193426_95a6098b_BuyHold_XLE,0.0,0.0,1.0,1.0,0.0,0.0,0.0,-0.0
2022-10-12 00:00:00+00:00,20260201_193426_95a6098b_BuyHold_XLE,0.0,0.0,1.0,1.0,0.0,0.0,0.0,0.0
2022-10-13 00:00:00+00:00,20260201_193426_95a6098b_BuyHold_XLE,0.0,0.0,1.0,1.0,0.0,0.0,0.0,0.0
2022-10-14 00:00:00+00:00,20260201_193426_95a6098b_BuyHold_XLE,0.0,0.0,1.0,1.0,0.0,0.0,0.0,0.0
2022-10-17 00:00:00+00:00,20260201_193426_95a6098b_BuyHold_XLE,0.0,0.0,1.0,1.0,0.0,0.0,0.0,-0.0
2022-10-18 00:00:00+00:00,20260201_193426_95a6098b_BuyHold_XLE,0.0,0.0,1.0,1.0,0.0,0.0,0.0,0.0
2022-10-19 00:00:00+00:00,20260201_193426_95a6098b_BuyHold_XLE,0.0,0.0,1.0,1.0,0.0,0.0,0.0,0.0
2022-10-20 00:00:00+00:00,20260201_193426_95a6098b_BuyHold_XLE,0.0,0.0,1.0,1.0,0.0,0.0,0.0,0.0
2022-10-21 00:00:00+00:00,20260201_193426_95a6098b_BuyHold_XLE,0.0,0.0,1.0,1.0,0.0,0.0,0.0,-0.0
2022-10-24 00:00:00+00:00,20260201_193426_95a6098b_BuyHold_XLE,0.0,0.0,1.0,1.0,0.0,0.0,0.0,0.0
2022-10-25 00:00:00+00:00,20260201_193426_95a6098b_BuyHold_XLE,0.0,0.0,1.0,1.0,0.0,0.0,0.0,0.0
2022-10-26 00:00:00+00:00,20260201_193426_95a6098b_BuyHold_XLE,0.0,0.0,1.0,1.0,0.0,0.0,0.0,0.0
2022-10-27 00:00:00+00:00,20260201_193426_95a6098b_BuyHold_XLE,0.0,0.0,1.0,1.0,0.0,0.0,0.0,0.0
2022-10-28 00:00:00+00:00,20260201_193426_95a6098b_BuyHold_XLE,0.0,0.0,1.0,1.0,0.0,0.0,0.0,0.0
2022-10-31 00:00:00+00:00,20260201_193426_95a6098b_BuyHold_XLE,0.0,0.0,1.0,1.0,0.0,0.0,0.0,-0.0
2022-11-01 00:00:00+00:00,20260201_193426_95a6098b_BuyHold_XLE,0.0,0.0,1.0,1.0,0.0,0.0,0.0,0.0
2022-11-02 00:00:00+00:00,20260201_193426_95a6098b_BuyHold_XLE,0.0,0.0,1.0,1.0,0.0,0.0,0.0,-0.0
2022-11-03 00:00:00+00:00,20260201_193426_95a6098b_BuyHold_XLE,0.0,0.0,1.0,1.0,0.0,0.0,0.0,-0.0
2022-11-04 00:00:00+00:00,20260201_193426_95a6098b_BuyHold_XLE,0.0,0.0,1.0,1.0,0.0,0.0,0.0,0.0
2022-11-07 00:00:00+00:00,20260201_193426_95a6098b_BuyHold_XLE,0.0,0.0,1.0,1.0,0.0,0.0,0.0,-0.0
2022-11-08 00:00:00+00:00,20260201_193426_95a6098b_BuyHold_XLE,0.0,0.0,1.0,1.0,0.0,0.0,0.0,0.0
2022-11-09 00:00:00+00:00,20260201_193426_95a6098b_BuyHold_XLE,0.0,0.0,1.0,1.0,0.0,0.0,0.0,-0.0
2022-11-10 00:00:00+00:00,20260201_193426_95a6098b_BuyHold_XLE,0.0,0.0,1.0,1.0,0.0,0.0,0.0,-0.0
2022-11-11 00:00:00+00:00,20260201_193426_95a6098b_BuyHold_XLE,0.0,0.0,1.0,1.0,0.0,0.0,0.0,0.0
2022-11-14 00:00:00+00:00,20260201_193426_95a6098b_BuyHold_XLE,0.0,0.0,1.0,1.0,0.0,0.0,0.0,0.0
2022-11-15 00:00:00+00:00,20260201_193426_95a6098b_BuyHold_XLE,0.0,0.0,1.0,1.0,0.0,0.0,0.0,0.0
2022-11-16 00:00:00+00:00,20260201_193426_95a6098b_BuyHold_XLE,0.0,0.0,1.0,1.0,0.0,0.0,0.0,-0.0
2022-11-17 00:00:00+00:00,20260201_193426_95a6098b_BuyHold_XLE,0.0,0.0,1.0,1.0,0.0,0.0,0.0,-0.0
2022-11-18 00:00:00+00:00,20260201_193426_95a6098b_BuyHold_XLE,0.0,0.0,1.0,1.0,0.0,0.0,0.0,-0.0
2022-11-21 00:00:00+00:00,20260201_193426_95a6098b_BuyHold_XLE,0.0,0.0,1.0,1.0,0.0,0.0,0.0,-0.0
2022-11-22 00:00:00+00:00,20260201_193426_95a6098b_BuyHold_XLE,0.0,0.0,1.0,1.0,0.0,0.0,0.0,0.0
2022-11-23 00:00:00+00:00,20260201_193426_95a6098b_BuyHold_XLE,0.0,0.0,1.0,1.0,0.0,0.0,0.0,0.0
2022-11-25 00:00:00+00:00,20260201_193426_95a6098b_BuyHold_XLE,0.0,0.0,1.0,1.0,0.0,0.0,0.0,0.0
2022-11-28 00:00:00+00:00,20260201_193426_95a6098b_BuyHold_XLE,0.0,0.0,1.0,1.0,0.0,0.0,0.0,-0.0
2022-11-29 00:00:00+00:00,20260201_193426_95a6098b_BuyHold_XLE,0.0,0.0,1.0,1.0,0.0,0.0,0.0,0.0
2022-11-30 00:00:00+00:00,20260201_193426_95a6098b_BuyHold_XLE,0.0,0.0,1.0,1.0,0.0,0.0,0.0,0.0
2022-12-01 00:00:00+00:00,20260201_193426_95a6098b_BuyHold_XLE,0.0,0.0,1.0,1.0,0.0,0.0,0.0,-0.0
2022-12-02 00:00:00+00:00,20260201_193426_95a6098b_BuyHold_XLE,0.0,0.0,1.0,1.0,0.0,0.0,0.0,-0.0
2022-12-05 00:00:00+00:00,20260201_193426_95a6098b_BuyHold_XLE,0.0,0.0,1.0,1.0,0.0,0.0,0.0,0.0
2022-12-06 00:00:00+00:00,20260201_193426_95a6098b_BuyHold_XLE,0.0,0.0,1.0,1.0,0.0,0.0,0.0,-0.0
2022-12-07 00:00:00+00:00,20260201_193426_95a6098b_BuyHold_XLE,0.0,0.0,1.0,1.0,0.0,0.0,0.0,-0.0
2022-12-08 00:00:00+00:00,20260201_193426_95a6098b_BuyHold_XLE,0.0,0.0,1.0,1.0,0.0,0.0,0.0,0.0
2022-12-09 00:00:00+00:00,20260201_193426_95a6098b_BuyHold_XLE,0.0,0.0,1.0,1.0,0.0,0.0,0.0,-0.0
2022-12-12 00:00:00+00:00,20260201_193426_95a6098b_BuyHold_XLE,0.0,0.0,1.0,1.0,0.0,0.0,0.0,-0.0
2022-12-13 00:00:00+00:00,20260201_193426_95a6098b_BuyHold_XLE,0.0,0.0,1.0,1.0,0.0,0.0,0.0,0.0
2022-12-14 00:00:00+00:00,20260201_193426_95a6098b_BuyHold_XLE,0.0,0.0,1.0,1.0,0.0,0.0,0.0,0.0
2022-12-15 00:00:00+00:00,20260201_193426_95a6098b_BuyHold_XLE,0.0,0.0,1.0,1.0,0.0,0.0,0.0,-0.0
2022-12-16 00:00:00+00:00,20260201_193426_95a6098b_BuyHold_XLE,0.0,0.0,1.0,1.0,0.0,0.0,0.0,-0.0
2022-12-19 00:00:00+00:00,20260201_193426_95a6098b_BuyHold_XLE,0.0,0.0,1.0,1.0,0.0,0.0,0.0,0.0
2022-12-20 00:00:00+00:00,20260201_193426_95a6098b_BuyHold_XLE,0.0,0.0,1.0,1.0,0.0,0.0,0.0,-0.0
2022-12-21 00:00:00+00:00,20260201_193426_95a6098b_BuyHold_XLE,0.0,0.0,1.0,1.0,0.0,0.0,0.0,0.0
2022-12-22 00:00:00+00:00,20260201_193426_95a6098b_BuyHold_XLE,0.0,0.0,1.0,1.0,0.0,0.0,0.0,0.0
2022-12-23 00:00:00+00:00,20260201_193426_95a6098b_BuyHold_XLE,0.0,0.0,1.0,1.0,0.0,0.0,0.0,-0.0
2022-12-27 00:00:00+00:00,20260201_193426_95a6098b_BuyHold_XLE,0.0,0.0,1.0,1.0,0.0,0.0,0.0,0.0
2022-12-28 00:00:00+00:00,20260201_193426_95a6098b_BuyHold_XLE,0.0,0.0,1.0,1.0,0.0,0.0,0.0,0.0
2022-12-29 00:00:00+00:00,20260201_193426_95a6098b_BuyHold_XLE,0.0,0.0,1.0,1.0,0.0,0.0,0.0,-0.0
2022-12-30 00:00:00+00:00,20260201_193426_95a6098b_BuyHold_XLE,0.0,0.0,1.0,1.0,0.0,0.0,0.0,0.0
2023-01-03 00:00:00+00:00,20260201_193426_95a6098b_BuyHold_XLE,0.0,0.0,1.0,1.0,0.0,0.0,0.0,0.0
2023-01-04 00:00:00+00:00,20260201_193426_95a6098b_BuyHold_XLE,0.0,0.0,1.0,1.0,0.0,0.0,0.0,-0.0
2023-01-05 00:00:00+00:00,20260201_193426_95a6098b_BuyHold_XLE,0.0,0.0,1.0,1.0,0.0,0.0,0.0,-0.0
2023-01-06 00:00:00+00:00,20260201_193426_95a6098b_BuyHold_XLE,0.0,0.0,1.0,1.0,0.0,0.0,0.0,0.0
2023-01-09 00:00:00+00:00,20260201_193426_95a6098b_BuyHold_XLE,0.0,0.0,1.0,1.0,0.0,0.0,0.0,0.0
2023-01-10 00:00:00+00:00,20260201_193426_95a6098b_BuyHold_XLE,0.0,0.0,1.0,1.0,0.0,0.0,0.0,-0.0
2023-01-11 00:00:00+00:00,20260201_193426_95a6098b_BuyHold_XLE,0.0,0.0,1.0,1.0,0.0,0.0,0.0,0.0
2023-01-12 00:00:00+00:00,20260201_193426_95a6098b_BuyHold_XLE,0.0,0.0,1.0,1.0,0.0,0.0,0.0,-0.0
2023-01-13 00:00:00+00:00,20260201_193426_95a6098b_BuyHold_XLE,0.0,0.0,1.0,1.0,0.0,0.0,0.0,0.0
2023-01-17 00:00:00+00:00,20260201_193426_95a6098b_BuyHold_XLE,0.0,0.0,1.0,1.0,0.0,0.0,0.0,0.0
2023-01-18 00:00:00+00:00,20260201_193426_95a6098b_BuyHold_XLE,0.0,0.0,1.0,1.0,0.0,0.0,0.0,0.0
2023-01-19 00:00:00+00:00,20260201_193426_95a6098b_BuyHold_XLE,0.0,0.0,1.0,1.0,0.0,0.0,0.0,-0.0
2023-01-20 00:00:00+00:00,20260201_193426_95a6098b_BuyHold_XLE,0.0,0.0,1.0,1.0,0.0,0.0,0.0,0.0
2023-01-23 00:00:00+00:00,20260201_193426_95a6098b_BuyHold_XLE,0.0,0.0,1.0,1.0,0.0,0.0,0.0,0.0
2023-01-24 00:00:00+00:00,20260201_193426_95a6098b_BuyHold_XLE,0.0,0.0,1.0,1.0,0.0,0.0,0.0,-0.0
2023-01-25 00:00:00+00:00,20260201_193426_95a6098b_BuyHold_XLE,0.0,0.0,1.0,1.0,0.0,0.0,0.0,-0.0
2023-01-26 00:00:00+00:00,20260201_193426_95a6098b_BuyHold_XLE,0.0,0.0,1.0,1.0,0.0,0.0,0.0,0.0
2023-01-27 00:00:00+00:00,20260201_193426_95a6098b_BuyHold_XLE,0.0,0.0,1.0,1.0,0.0,0.0,0.0,0.0
2023-01-30 00:00:00+00:00,20260201_193426_95a6098b_BuyHold_XLE,0.0,0.0,1.0,1.0,0.0,0.0,0.0,-0.0
2023-01-31 00:00:00+00:00,20260201_193426_95a6098b_BuyHold_XLE,-0.020492014429010386,-0.020492014429010386,0.9795079855709896,0.9795079855709896,0.0,0.0,1.0,-0.020492014429010386
2023-02-01 00:00:00+00:00,20260201_193426_95a6098b_BuyHold_XLE,0.008939716850085322,0.008939716850085322,0.9882645096143917,0.9882645096143917,0.0,0.0,1.0,0.008939716850085322
2023-02-02 00:00:00+00:00,20260201_193426_95a6098b_BuyHold_XLE,-0.01796007367799346,-0.01796007367799346,0.9705152062083712,0.9705152062083712,0.0,0.0,1.0,-0.01796007367799346
2023-02-03 00:00:00+00:00,20260201_193426_95a6098b_BuyHold_XLE,-0.019571091052172918,-0.019571091052172918,0.9515211647401488,0.9515211647401488,0.0,0.0,1.0,-0.019571091052172918
2023-02-06 00:00:00+00:00,20260201_193426_95a6098b_BuyHold_XLE,-0.001027221456530114,-0.001027221456530114,0.9505437417833852,0.9505437417833852,0.0,0.0,1.0,-0.001027221456530114
2023-02-07 00:00:00+00:00,20260201_193426_95a6098b_BuyHold_XLE,0.001027221456530114,0.001027221456530114,0.9515201607103155,0.9515201607103155,0.0,0.0,1.0,0.001027221456530114
2023-02-08 00:00:00+00:00,20260201_193426_95a6098b_BuyHold_XLE,0.023840845121483323,0.023840845121483323,0.9742052054917791,0.9742052054917791,0.0,0.0,1.0,0.023840845121483323
2023-02-09 00:00:00+00:00,20260201_193426_95a6098b_BuyHold_XLE,-0.010582109330536937,-0.010582109330536937,0.963896059496887,0.963896059496887,0.0,0.0,1.0,-0.010582109330536937
2023-02-10 00:00:00+00:00,20260201_193426_95a6098b_BuyHold_XLE,0.011083236877982294,0.011083236877982294,0.9745791478500446,0.9745791478500446,0.0,0.0,1.0,0.011083236877982294
2023-02-13 00:00:00+00:00,20260201_193426_95a6098b_BuyHold_XLE,0.015658329118158676,0.015658329118158676,0.9898394288987753,0.9898394288987753,0.0,0.0,1.0,0.015658329118158676
2023-02-14 00:00:00+00:00,20260201_193426_95a6098b_BuyHold_XLE,-0.005440171676144967,-0.005440171676144967,0.9844545324737487,0.9844545324737487,0.0,0.0,1.0,-0.005440171676144967
2023-02-15 00:00:00+00:00,20260201_193426_95a6098b_BuyHold_XLE,-0.0022340830937932488,-0.0022340830937932488,0.9822551792461409,0.9822551792461409,0.0,0.0,1.0,-0.0022340830937932488
2023-02-16 00:00:00+00:00,20260201_193426_95a6098b_BuyHold_XLE,-0.010241128597930693,-0.010241128597930693,0.9721957776394977,0.9721957776394977,0.0,0.0,1.0,-0.010241128597930693
2023-02-17 00:00:00+00:00,20260201_193426_95a6098b_BuyHold_XLE,-0.022084918419218447,-0.022084918419218447,0.9507249132028208,0.9507249132028208,0.0,0.0,1.0,-0.022084918419218447
2023-02-21 00:00:00+00:00,20260201_193426_95a6098b_BuyHold_XLE,-0.022321196641679197,-0.022321196641679197,0.9295035954630773,0.9295035954630773,0.0,0.0,1.0,-0.022321196641679197
2023-02-22 00:00:00+00:00,20260201_193426_95a6098b_BuyHold_XLE,-0.00473560474583401,-0.00473560474583401,0.9251018338251326,0.9251018338251326,0.0,0.0,1.0,-0.00473560474583401
2023-02-23 00:00:00+00:00,20260201_193426_95a6098b_BuyHold_XLE,0.011015060230677332,0.011015060230677332,0.9352918862442264,0.9352918862442264,0.0,0.0,1.0,0.011015060230677332
2023-02-24 00:00:00+00:00,20260201_193426_95a6098b_BuyHold_XLE,-0.013126993433821177,-0.013126993433821177,0.9230143157947922,0.9230143157947922,0.0,0.0,1.0,-0.013126993433821177
2023-02-27 00:00:00+00:00,20260201_193426_95a6098b_BuyHold_XLE,0.014690715410003552,0.014690715410003552,0.9365740564274927,0.9365740564274927,0.0,0.0,1.0,0.014690715410003552
2023-02-28 00:00:00+00:00,20260201_193426_95a6098b_BuyHold_XLE,0.008557033932979685,0.008557033932979685,0.9445883524090912,0.9445883524090912,0.0,0.0,1.0,0.008557033932979685
2023-03-01 00:00:00+00:00,20260201_193426_95a6098b_BuyHold_XLE,-0.02404087562381907,-0.02404087562381907,0.9218796213131161,0.9218796213131161,0.0,0.0,1.0,-0.02404087562381907
2023-03-02 00:00:00+00:00,20260201_193426_95a6098b_BuyHold_XLE,0.017045122257791867,0.017045122257791867,0.937593172165365,0.937593172165365,0.0,0.0,1.0,0.017045122257791867
2023-03-03 00:00:00+00:00,20260201_193426_95a6098b_BuyHold_XLE,0.00025997660357024444,0.00025997660357024444,0.9378369244537952,0.9378369244537952,0.0,0.0,1.0,0.00025997660357024444
2023-03-06 00:00:00+00:00,20260201_193426_95a6098b_BuyHold_XLE,0.01854289544733634,0.01854289544733634,0.9552271364905934,0.9552271364905934,0.0,0.0,1.0,0.01854289544733634
2023-03-07 00:00:00+00:00,20260201_193426_95a6098b_BuyHold_XLE,0.001020148009921229,0.001020148009921229,0.9562016095529071,0.9562016095529071,0.0,0.0,1.0,0.001020148009921229
2023-03-08 00:00:00+00:00,20260201_193426_95a6098b_BuyHold_XLE,-0.015153750877144212,-0.015153750877144212,0.9417115685734181,0.9417115685734181,0.0,0.0,1.0,-0.015153750877144212
2023-03-09 00:00:00+00:00,20260201_193426_95a6098b_BuyHold_XLE,-0.0002588326661272511,-0.0002588326661272511,0.9414678228574014,0.9414678228574014,0.0,0.0,1.0,-0.0002588326661272511
2023-03-10 00:00:00+00:00,20260201_193426_95a6098b_BuyHold_XLE,-0.020926738033252068,-0.020926738033252068,0.9217659723617284,0.9217659723617284,0.0,0.0,1.0,-0.020926738033252068
2023-03-13 00:00:00+00:00,20260201_193426_95a6098b_BuyHold_XLE,-0.038808427020869285,-0.038808427020869285,0.8859936848930077,0.8859936848930077,0.0,0.0,1.0,-0.038808427020869285
2023-03-14 00:00:00+00:00,20260201_193426_95a6098b_BuyHold_XLE,0.006846528181861267,0.006846528181861267,0.8920596656255788,0.8920596656255788,0.0,0.0,1.0,0.006846528181861267
2023-03-15 00:00:00+00:00,20260201_193426_95a6098b_BuyHold_XLE,-0.030763129772994002,-0.030763129772994002,0.8646171183666855,0.8646171183666855,0.0,0.0,1.0,-0.030763129772994002
2023-03-16 00:00:00+00:00,20260201_193426_95a6098b_BuyHold_XLE,-0.038444206381726076,-0.038444206381726076,0.8313775994270234,0.8313775994270234,0.0,0.0,1.0,-0.038444206381726076
2023-03-17 00:00:00+00:00,20260201_193426_95a6098b_BuyHold_XLE,0.03223300628908543,0.03223300628908543,0.8581753988179593,0.8581753988179593,0.0,0.0,1.0,0.03223300628908543
2023-03-20 00:00:00+00:00,20260201_193426_95a6098b_BuyHold_XLE,-0.013687125562385383,-0.013687125562385383,0.8464294443797877,0.8464294443797877,0.0,0.0,1.0,-0.013687125562385383
2023-03-21 00:00:00+00:00,20260201_193426_95a6098b_BuyHold_XLE,0.03996029692277414,0.03996029692277414,0.8802530163013828,0.8802530163013828,0.0,0.0,1.0,0.03996029692277414
2023-03-22 00:00:00+00:00,20260201_193426_95a6098b_BuyHold_XLE,0.013426698486295852,0.013426698486295852,0.8920719081429139,0.8920719081429139,0.0,0.0,1.0,0.013426698486295852
2023-03-23 00:00:00+00:00,20260201_193426_95a6098b_BuyHold_XLE,-0.017850261132282608,-0.017850261132282608,0.8761481916337893,0.8761481916337893,0.0,0.0,1.0,-0.017850261132282608
2023-03-24 00:00:00+00:00,20260201_193426_95a6098b_BuyHold_XLE,-0.037260872634926834,-0.037260872634926834,0.8435021454560012,0.8435021454560012,0.0,0.0,1.0,-0.037260872634926834
2023-03-27 00:00:00+00:00,20260201_193426_95a6098b_BuyHold_XLE,0.03393031168776206,0.03393031168776206,0.8721224361606194,0.8721224361606194,0.0,0.0,1.0,0.03393031168776206
2023-03-28 00:00:00+00:00,20260201_193426_95a6098b_BuyHold_XLE,0.006650066070017502,0.006650066070017502,0.8779221079822321,0.8779221079822321,0.0,0.0,1.0,0.006650066070017502
2023-03-29 00:00:00+00:00,20260201_193426_95a6098b_BuyHold_XLE,0.029658002872219758,0.029658002872219758,0.9039595243823544,0.9039595243823544,0.0,0.0,1.0,0.029658002872219758
2023-03-30 00:00:00+00:00,20260201_193426_95a6098b_BuyHold_XLE,0.011197131115487036,0.011197131115487036,0.914081277699957,0.914081277699957,0.0,0.0,1.0,0.011197131115487036
2023-03-31 00:00:00+00:00,20260201_193426_95a6098b_BuyHold_XLE,-0.0021231430480779245,-0.0021231430480779245,0.91214055238983,0.91214055238983,0.0,0.0,1.0,-0.0021231430480779245
2023-04-03 00:00:00+00:00,20260201_193426_95a6098b_BuyHold_XLE,0.045698501586709295,0.045698501586709295,0.9538240088705185,0.9538240088705185,0.0,0.0,1.0,0.045698501586709295
2023-04-04 00:00:00+00:00,20260201_193426_95a6098b_BuyHold_XLE,0.005063301956546695,0.005063301956546695,0.9586535078408338,0.9586535078408338,0.0,0.0,1.0,0.005063301956546695
2023-04-05 00:00:00+00:00,20260201_193426_95a6098b_BuyHold_XLE,-0.01809197009277863,-0.01809197009277863,0.9413095772476401,0.9413095772476401,0.0,0.0,1.0,-0.01809197009277863
2023-04-06 00:00:00+00:00,20260201_193426_95a6098b_BuyHold_XLE,0.01378979972187988,0.01378979972187988,0.9542900477941725,0.9542900477941725,0.0,0.0,1.0,0.01378979972187988
2023-04-10 00:00:00+00:00,20260201_193426_95a6098b_BuyHold_XLE,-0.011478253810121242,-0.011478253810121242,0.9433364644171183,0.9433364644171183,0.0,0.0,1.0,-0.011478253810121242
2023-04-11 00:00:00+00:00,20260201_193426_95a6098b_BuyHold_XLE,0.008684601199551167,0.008684601199551167,0.9515289654075755,0.9515289654075755,0.0,0.0,1.0,0.008684601199551167
2023-04-12 00:00:00+00:00,20260201_193426_95a6098b_BuyHold_XLE,0.010121543898006014,0.010121543898006014,0.9611599076011725,0.9611599076011725,0.0,0.0,1.0,0.010121543898006014
2023-04-13 00:00:00+00:00,20260201_193426_95a6098b_BuyHold_XLE,-0.00682079188508844,-0.00682079188508844,0.9546040359031341,0.9546040359031341,0.0,0.0,1.0,-0.00682079188508844
2023-04-14 00:00:00+00:00,20260201_193426_95a6098b_BuyHold_XLE,0.012344280695785859,0.012344280695785859,0.9663879360756524,0.9663879360756524,0.0,0.0,1.0,0.012344280695785859
2023-04-17 00:00:00+00:00,20260201_193426_95a6098b_BuyHold_XLE,-0.004014054561843228,-0.004014054561843228,0.9625088021723377,0.9625088021723377,0.0,0.0,1.0,-0.004014054561843228
2023-04-18 00:00:00+00:00,20260201_193426_95a6098b_BuyHold_XLE,-0.014177452657625711,-0.014177452657625711,0.9488628791969913,0.9488628791969913,0.0,0.0,1.0,-0.014177452657625711
2023-04-19 00:00:00+00:00,20260201_193426_95a6098b_BuyHold_XLE,-0.0005100739717835978,-0.0005100739717835978,0.9483788889395213,0.9483788889395213,0.0,0.0,1.0,-0.0005100739717835978
2023-04-20 00:00:00+00:00,20260201_193426_95a6098b_BuyHold_XLE,-0.007939598628760702,-0.007939598628760702,0.9408491412133515,0.9408491412133515,0.0,0.0,1.0,-0.007939598628760702
2023-04-21 00:00:00+00:00,20260201_193426_95a6098b_BuyHold_XLE,0.006918669494653695,0.006918669494653695,0.9473585654657355,0.9473585654657355,0.0,0.0,1.0,0.006918669494653695
2023-04-24 00:00:00+00:00,20260201_193426_95a6098b_BuyHold_XLE,-0.011041324135649067,-0.011041324135649067,0.9368984724717447,0.9368984724717447,0.0,0.0,1.0,-0.011041324135649067
2023-04-25 00:00:00+00:00,20260201_193426_95a6098b_BuyHold_XLE,0.0061776258239572,0.0061776258239572,0.9426862806697123,0.9426862806697123,0.0,0.0,1.0,0.0061776258239572
2023-04-26 00:00:00+00:00,20260201_193426_95a6098b_BuyHold_XLE,-0.011614532420693102,-0.011614532420693102,0.9317374203003314,0.9317374203003314,0.0,0.0,1.0,-0.011614532420693102
2023-04-27 00:00:00+00:00,20260201_193426_95a6098b_BuyHold_XLE,-0.01148837700676042,-0.01148837700676042,0.9210332695446147,0.9210332695446147,0.0,0.0,1.0,-0.01148837700676042
2023-04-28 00:00:00+00:00,20260201_193426_95a6098b_BuyHold_XLE,0.0015743902491087702,0.0015743902491087702,0.9224833353432905,0.9224833353432905,0.0,0.0,1.0,0.0015743902491087702
2023-05-01 00:00:00+00:00,20260201_193426_95a6098b_BuyHold_XLE,0.006012304086588038,0.006012304086588038,0.9280295856701843,0.9280295856701843,0.0,0.0,1.0,0.006012304086588038
2023-05-02 00:00:00+00:00,20260201_193426_95a6098b_BuyHold_XLE,-0.009426621257703882,-0.009426621257703882,0.9192814022501277,0.9192814022501277,0.0,0.0,1.0,-0.009426621257703882
2023-05-03 00:00:00+00:00,20260201_193426_95a6098b_BuyHold_XLE,-0.047134077674452435,-0.047134077674452435,0.8759519212317906,0.8759519212317906,0.0,0.0,1.0,-0.047134077674452435
2023-05-04 00:00:00+00:00,20260201_193426_95a6098b_BuyHold_XLE,-0.004422339987869783,-0.004422339987869783,0.8720781640230758,0.8720781640230758,0.0,0.0,1.0,-0.004422339987869783
2023-05-05 00:00:00+00:00,20260201_193426_95a6098b_BuyHold_XLE,0.013208777623884504,0.013208777623884504,0.8835972505623021,0.8835972505623021,0.0,0.0,1.0,0.013208777623884504
2023-05-08 00:00:00+00:00,20260201_193426_95a6098b_BuyHold_XLE,0.01788180944614659,0.01788180944614659,0.8993975682239962,0.8993975682239962,0.0,0.0,1.0,0.01788180944614659
2023-05-09 00:00:00+00:00,20260201_193426_95a6098b_BuyHold_XLE,-0.025290266982621823,-0.025290266982621823,0.8766515636000906,0.8766515636000906,0.0,0.0,1.0,-0.025290266982621823
2023-05-10 00:00:00+00:00,20260201_193426_95a6098b_BuyHold_XLE,0.014219545030729641,0.014219545030729641,0.8891171499849616,0.8891171499849616,0.0,0.0,1.0,0.014219545030729641
2023-05-11 00:00:00+00:00,20260201_193426_95a6098b_BuyHold_XLE,-0.02920317718604748,-0.02920317718604748,0.8631521043147973,0.8631521043147973,0.0,0.0,1.0,-0.02920317718604748
2023-05-12 00:00:00+00:00,20260201_193426_95a6098b_BuyHold_XLE,0.008906265383770595,0.008906265383770595,0.8708395660223849,0.8708395660223849,0.0,0.0,1.0,0.008906265383770595
2023-05-15 00:00:00+00:00,20260201_193426_95a6098b_BuyHold_XLE,-0.0072302873378347066,-0.0072302873378347066,0.8645431457348878,0.8645431457348878,0.0,0.0,1.0,-0.0072302873378347066
2023-05-16 00:00:00+00:00,20260201_193426_95a6098b_BuyHold_XLE,0.0011157602273286216,0.0011157602273286216,0.8655077685917083,0.8655077685917083,0.0,0.0,1.0,0.0011157602273286216
2023-05-17 00:00:00+00:00,20260201_193426_95a6098b_BuyHold_XLE,-0.010368595062820951,-0.010368595062820951,0.8565336690154551,0.8565336690154551,0.0,0.0,1.0,-0.010368595062820951
2023-05-18 00:00:00+00:00,20260201_193426_95a6098b_BuyHold_XLE,0.00393590612123873,0.00393590612123873,0.8599049051263802,0.8599049051263802,0.0,0.0,1.0,0.00393590612123873
2023-05-19 00:00:00+00:00,20260201_193426_95a6098b_BuyHold_XLE,0.021924008417863572,0.021924008417863572,0.8787574675049331,0.8787574675049331,0.0,0.0,1.0,0.021924008417863572
2023-05-22 00:00:00+00:00,20260201_193426_95a6098b_BuyHold_XLE,-0.00495322971978851,-0.00495322971978851,0.8744047799004016,0.8744047799004016,0.0,0.0,1.0,-0.00495322971978851
2023-05-23 00:00:00+00:00,20260201_193426_95a6098b_BuyHold_XLE,0.007146814366861598,0.007146814366861598,0.8806539885438462,0.8806539885438462,0.0,0.0,1.0,0.007146814366861598
2023-05-24 00:00:00+00:00,20260201_193426_95a6098b_BuyHold_XLE,0.0032813811231777734,0.0032813811231777734,0.8835437499179052,0.8835437499179052,0.0,0.0,1.0,0.0032813811231777734
2023-05-25 00:00:00+00:00,20260201_193426_95a6098b_BuyHold_XLE,-0.013467291626640954,-0.013467291626640954,0.8716448085728649,0.8716448085728649,0.0,0.0,1.0,-0.013467291626640954
2023-05-26 00:00:00+00:00,20260201_193426_95a6098b_BuyHold_XLE,0.006618887925894157,0.006618887925894157,0.8774141278719961,0.8774141278719961,0.0,0.0,1.0,0.006618887925894157
2023-05-30 00:00:00+00:00,20260201_193426_95a6098b_BuyHold_XLE,-0.028437935320533736,-0.028437935320533736,0.8524622816542498,0.8524622816542498,0.0,0.0,1.0,-0.028437935320533736
2023-05-31 00:00:00+00:00,20260201_193426_95a6098b_BuyHold_XLE,-0.008520358276354223,-0.008520358276354223,0.8451989975974772,0.8451989975974772,0.0,0.0,1.0,-0.008520358276354223
2023-06-01 00:00:00+00:00,20260201_193426_95a6098b_BuyHold_XLE,-0.0005706134248977257,-0.0005706134248977257,0.844716715702738,0.844716715702738,0.0,0.0,1.0,-0.0005706134248977257
2023-06-02 00:00:00+00:00,20260201_193426_95a6098b_BuyHold_XLE,0.029248429126232267,0.029248429126232267,0.8694233526937132,0.8694233526937132,0.0,0.0,1.0,0.029248429126232267
2023-06-05 00:00:00+00:00,20260201_193426_95a6098b_BuyHold_XLE,0.025719611950928645,0.025719611950928645,0.8917845839460709,0.8917845839460709,0.0,0.0,1.0,0.025719611950928645
2023-06-06 00:00:00+00:00,20260201_193426_95a6098b_BuyHold_XLE,-0.03518779741406952,-0.03518779741406952,0.8604046486691862,0.8604046486691862,0.0,0.0,1.0,-0.03518779741406952
2023-06-07 00:00:00+00:00,20260201_193426_95a6098b_BuyHold_XLE,0.02732335010029363,0.02732335010029363,0.8839137861126946,0.8839137861126946,0.0,0.0,1.0,0.02732335010029363
2023-06-08 00:00:00+00:00,20260201_193426_95a6098b_BuyHold_XLE,0.02154675331535394,0.02154675331535394,0.9029592584141053,0.9029592584141053,0.0,0.0,1.0,0.02154675331535394
2023-06-09 00:00:00+00:00,20260201_193426_95a6098b_BuyHold_XLE,-0.0037373241579072847,-0.0037373241579072847,0.8995846069640282,0.8995846069640282,0.0,0.0,1.0,-0.0037373241579072847
2023-06-12 00:00:00+00:00,20260201_193426_95a6098b_BuyHold_XLE,-0.021355048581702007,-0.021355048581702007,0.88037393397896,0.88037393397896,0.0,0.0,1.0,-0.021355048581702007
2023-06-13 00:00:00+00:00,20260201_193426_95a6098b_BuyHold_XLE,0.014377027781668161,0.014377027781668161,0.893031094486032,0.893031094486032,0.0,0.0,1.0,0.014377027781668161
2023-06-14 00:00:00+00:00,20260201_193426_95a6098b_BuyHold_XLE,0.005104107790154355,0.005104107790154355,0.8975892214522483,0.8975892214522483,0.0,0.0,1.0,0.005104107790154355
2023-06-15 00:00:00+00:00,20260201_193426_95a6098b_BuyHold_XLE,-0.02112182502928217,-0.02112182502928217,0.8786304989685643,0.8786304989685643,0.0,0.0,1.0,-0.02112182502928217
2023-06-16 00:00:00+00:00,20260201_193426_95a6098b_BuyHold_XLE,0.01493984055163855,0.01493984055163855,0.8917570985269613,0.8917570985269613,0.0,0.0,1.0,0.01493984055163855
2023-06-20 00:00:00+00:00,20260201_193426_95a6098b_BuyHold_XLE,-0.005135840455017693,-0.005135840455017693,0.8871771763442973,0.8871771763442973,0.0,0.0,1.0,-0.005135840455017693
2023-06-21 00:00:00+00:00,20260201_193426_95a6098b_BuyHold_XLE,-0.02275005613103387,-0.02275005613103387,0.8669938457842924,0.8669938457842924,0.0,0.0,1.0,-0.02275005613103387
2023-06-22 00:00:00+00:00,20260201_193426_95a6098b_BuyHold_XLE,-0.0005546311844897289,-0.0005546311844897289,0.8665129839606598,0.8665129839606598,0.0,0.0,1.0,-0.0005546311844897289
2023-06-23 00:00:00+00:00,20260201_193426_95a6098b_BuyHold_XLE,-0.016219594945427573,-0.016219594945427573,0.8524584943458641,0.8524584943458641,0.0,0.0,1.0,-0.016219594945427573
2023-06-26 00:00:00+00:00,20260201_193426_95a6098b_BuyHold_XLE,0.004781333817078348,0.004781333817078348,0.8565343829725356,0.8565343829725356,0.0,0.0,1.0,0.004781333817078348
2023-06-27 00:00:00+00:00,20260201_193426_95a6098b_BuyHold_XLE,0.016418902304376815,0.016418902304376815,0.8705977373269014,0.8705977373269014,0.0,0.0,1.0,0.016418902304376815
2023-06-28 00:00:00+00:00,20260201_193426_95a6098b_BuyHold_XLE,0.004131668182990822,0.004131668182990822,0.8741947582983988,0.8741947582983988,0.0,0.0,1.0,0.004131668182990822
2023-06-29 00:00:00+00:00,20260201_193426_95a6098b_BuyHold_XLE,0.012293557366997554,0.012293557366997554,0.8849417217094687,0.8849417217094687,0.0,0.0,1.0,0.012293557366997554
2023-06-30 00:00:00+00:00,20260201_193426_95a6098b_BuyHold_XLE,0.00918925385218694,0.00918925385218694,0.8930736758346484,0.8930736758346484,0.0,0.0,1.0,0.00918925385218694
2023-07-03 00:00:00+00:00,20260201_193426_95a6098b_BuyHold_XLE,0.007237667300230122,0.007237667300230122,0.8995374459749331,0.8995374459749331,0.0,0.0,1.0,0.007237667300230122
2023-07-05 00:00:00+00:00,20260201_193426_95a6098b_BuyHold_XLE,0.00532766310778765,0.00532766310778765,0.9043298784399273,0.9043298784399273,0.0,0.0,1.0,0.00532766310778765
2023-07-06 00:00:00+00:00,20260201_193426_95a6098b_BuyHold_XLE,-0.020126803108594604,-0.020126803108594604,0.8861286090313476,0.8861286090313476,0.0,0.0,1.0,-0.020126803108594604
2023-07-07 00:00:00+00:00,20260201_193426_95a6098b_BuyHold_XLE,-0.016398290383605296,-0.016398290383605296,0.8715976147832313,0.8715976147832313,0.0,0.0,1.0,-0.016398290383605296
2023-07-10 00:00:00+00:00,20260201_193426_95a6098b_BuyHold_XLE,0.02288304696400978,0.02288304696400978,0.8915424239360349,0.8915424239360349,0.0,0.0,1.0,0.02288304696400978
2023-07-11 00:00:00+00:00,20260201_193426_95a6098b_BuyHold_XLE,0.014438753514961267,0.014438753514961267,0.9044151852433784,0.9044151852433784,0.0,0.0,1.0,0.014438753514961267
2023-07-12 00:00:00+00:00,20260201_193426_95a6098b_BuyHold_XLE,0.02542398764036724,0.02542398764036724,0.9274090257347665,0.9274090257347665,0.0,0.0,1.0,0.02542398764036724
2023-07-13 00:00:00+00:00,20260201_193426_95a6098b_BuyHold_XLE,0.00025876568911398223,0.00025876568911398223,0.9276490073704012,0.9276490073704012,0.0,0.0,1.0,0.00025876568911398223
2023-07-14 00:00:00+00:00,20260201_193426_95a6098b_BuyHold_XLE,-0.010141811021324276,-0.010141811021324276,0.9182409664435316,0.9182409664435316,0.0,0.0,1.0,-0.010141811021324276
2023-07-17 00:00:00+00:00,20260201_193426_95a6098b_BuyHold_XLE,-0.023001675023084367,-0.023001675023084367,0.8971198861405145,0.8971198861405145,0.0,0.0,1.0,-0.023001675023084367
2023-07-18 00:00:00+00:00,20260201_193426_95a6098b_BuyHold_XLE,-0.0016059960625298686,-0.0016059960625298686,0.8956791151357556,0.8956791151357556,0.0,0.0,1.0,-0.0016059960625298686
2023-07-19 00:00:00+00:00,20260201_193426_95a6098b_BuyHold_XLE,0.012776324976349063,0.012776324976349063,0.9071226025852588,0.9071226025852588,0.0,0.0,1.0,0.012776324976349063
2023-07-20 00:00:00+00:00,20260201_193426_95a6098b_BuyHold_XLE,0.014702286356019556,0.014702286356019556,0.9204593788484849,0.9204593788484849,0.0,0.0,1.0,0.014702286356019556
2023-07-21 00:00:00+00:00,20260201_193426_95a6098b_BuyHold_XLE,0.006494372741506993,0.006494372741506993,0.926437185148143,0.926437185148143,0.0,0.0,1.0,0.006494372741506993
2023-07-24 00:00:00+00:00,20260201_193426_95a6098b_BuyHold_XLE,0.011328648448164724,0.011328648448164724,0.9369324663279937,0.9369324663279937,0.0,0.0,1.0,0.011328648448164724
2023-07-25 00:00:00+00:00,20260201_193426_95a6098b_BuyHold_XLE,0.00815914776244675,0.00815914776244675,0.9445770367641975,0.9445770367641975,0.0,0.0,1.0,0.00815914776244675
2023-07-26 00:00:00+00:00,20260201_193426_95a6098b_BuyHold_XLE,-0.0015247779320137766,-0.0015247779320137766,0.9431367665434525,0.9431367665434525,0.0,0.0,1.0,-0.0015247779320137766
2023-07-27 00:00:00+00:00,20260201_193426_95a6098b_BuyHold_XLE,0.01464302861685196,0.01464302861685196,0.9569471452055535,0.9569471452055535,0.0,0.0,1.0,0.01464302861685196
2023-07-28 00:00:00+00:00,20260201_193426_95a6098b_BuyHold_XLE,-0.011849376006281886,-0.011849376006281886,0.9456079186638748,0.9456079186638748,0.0,0.0,1.0,-0.011849376006281886
2023-07-31 00:00:00+00:00,20260201_193426_95a6098b_BuyHold_XLE,0.011097213503727499,0.011097213503727499,0.9561015316281033,0.9561015316281033,0.0,0.0,1.0,0.011097213503727499
2023-08-01 00:00:00+00:00,20260201_193426_95a6098b_BuyHold_XLE,0.00650002288556184,0.00650002288556184,0.9623162134646067,0.9623162134646067,0.0,0.0,1.0,0.00650002288556184
2023-08-02 00:00:00+00:00,20260201_193426_95a6098b_BuyHold_XLE,-0.007503787085272329,-0.007503787085272329,0.9550951974900629,0.9550951974900629,0.0,0.0,1.0,-0.007503787085272329
2023-08-03 00:00:00+00:00,20260201_193426_95a6098b_BuyHold_XLE,-0.003521130398579153,-0.003521130398579153,0.9517321827566436,0.9517321827566436,0.0,0.0,1.0,-0.003521130398579153
2023-08-04 00:00:00+00:00,20260201_193426_95a6098b_BuyHold_XLE,0.010027659859441762,0.010027659859441762,0.9612758293626114,0.9612758293626114,0.0,0.0,1.0,0.010027659859441762
2023-08-07 00:00:00+00:00,20260201_193426_95a6098b_BuyHold_XLE,0.0029887942547670576,0.0029887942547670576,0.9641488850386568,0.9641488850386568,0.0,0.0,1.0,0.0029887942547670576
2023-08-08 00:00:00+00:00,20260201_193426_95a6098b_BuyHold_XLE,-0.018828220314713207,-0.018828220314713207,0.9459956774149639,0.9459956774149639,0.0,0.0,1.0,-0.018828220314713207
2023-08-09 00:00:00+00:00,20260201_193426_95a6098b_BuyHold_XLE,0.02897305555776919,0.02897305555776919,0.9734040627341172,0.9734040627341172,0.0,0.0,1.0,0.02897305555776919
2023-08-10 00:00:00+00:00,20260201_193426_95a6098b_BuyHold_XLE,0.006869506896517219,0.006869506896517219,0.980090868656167,0.980090868656167,0.0,0.0,1.0,0.006869506896517219
2023-08-11 00:00:00+00:00,20260201_193426_95a6098b_BuyHold_XLE,-0.003183546217593758,-0.003183546217593758,0.9769707040783585,0.9769707040783585,0.0,0.0,1.0,-0.003183546217593758
2023-08-14 00:00:00+00:00,20260201_193426_95a6098b_BuyHold_XLE,0.014125904638538245,0.014125904638538245,0.990771299078815,0.990771299078815,0.0,0.0,1.0,0.014125904638538245
2023-08-15 00:00:00+00:00,20260201_193426_95a6098b_BuyHold_XLE,-0.00898827865894658,-0.00898827865894658,0.9818659705554081,0.9818659705554081,0.0,0.0,1.0,-0.00898827865894658
2023-08-16 00:00:00+00:00,20260201_193426_95a6098b_BuyHold_XLE,-0.012523183922979353,-0.012523183922979353,0.9695698824184281,0.9695698824184281,0.0,0.0,1.0,-0.012523183922979353
2023-08-17 00:00:00+00:00,20260201_193426_95a6098b_BuyHold_XLE,0.003699597264464227,0.003699597264464227,0.9731569005031302,0.9731569005031302,0.0,0.0,1.0,0.003699597264464227
2023-08-18 00:00:00+00:00,20260201_193426_95a6098b_BuyHold_XLE,-0.01064234769112904,-0.01064234769112904,0.9628002264099544,0.9628002264099544,0.0,0.0,1.0,-0.01064234769112904
2023-08-21 00:00:00+00:00,20260201_193426_95a6098b_BuyHold_XLE,0.022389913041079623,0.022389913041079623,0.9843572397552051,0.9843572397552051,0.0,0.0,1.0,0.022389913041079623
2023-08-22 00:00:00+00:00,20260201_193426_95a6098b_BuyHold_XLE,-0.008797710703529305,-0.008797710703529305,0.9756971495309141,0.9756971495309141,0.0,0.0,1.0,-0.008797710703529305
2023-08-23 00:00:00+00:00,20260201_193426_95a6098b_BuyHold_XLE,-0.020082489723530106,-0.020082489723530106,0.9561027215521819,0.9561027215521819,0.0,0.0,1.0,-0.020082489723530106
2023-08-24 00:00:00+00:00,20260201_193426_95a6098b_BuyHold_XLE,0.0057435543083439455,0.0057435543083439455,0.9615941494577723,0.9615941494577723,0.0,0.0,1.0,0.0057435543083439455
2023-08-25 00:00:00+00:00,20260201_193426_95a6098b_BuyHold_XLE,0.0024869448281714668,0.0024869448281714668,0.9639855810545663,0.9639855810545663,0.0,0.0,1.0,0.0024869448281714668
2023-08-28 00:00:00+00:00,20260201_193426_95a6098b_BuyHold_XLE,0.002976192673046274,0.002976192673046274,0.9668545878778232,0.9668545878778232,0.0,0.0,1.0,0.002976192673046274
2023-08-29 00:00:00+00:00,20260201_193426_95a6098b_BuyHold_XLE,0.00887579791396842,0.00887579791396842,0.97543619381202,0.97543619381202,0.0,0.0,1.0,0.00887579791396842
2023-08-30 00:00:00+00:00,20260201_193426_95a6098b_BuyHold_XLE,0.003675123577890904,0.003675123577890904,0.9790210423666267,0.9790210423666267,0.0,0.0,1.0,0.003675123577890904
2023-08-31 00:00:00+00:00,20260201_193426_95a6098b_BuyHold_XLE,0.004879248518767643,0.004879248518767643,0.9837979293374364,0.9837979293374364,0.0,0.0,1.0,0.004879248518767643
2023-09-01 00:00:00+00:00,20260201_193426_95a6098b_BuyHold_XLE,0.007999073072119778,0.007999073072119778,0.9916674008624067,0.9916674008624067,0.0,0.0,1.0,0.007999073072119778
2023-09-05 00:00:00+00:00,20260201_193426_95a6098b_BuyHold_XLE,0.009610838033049518,0.009610838033049518,1.0011981556347505,1.0011981556347505,0.0,0.0,1.0,0.009610838033049518
2023-09-06 00:00:00+00:00,20260201_193426_95a6098b_BuyHold_XLE,0.002865331473286048,0.002865331473286048,1.0040669202210866,1.0040669202210866,0.0,0.0,1.0,0.002865331473286048
2023-09-07 00:00:00+00:00,20260201_193426_95a6098b_BuyHold_XLE,-0.00023846429110241374,-0.00023846429110241374,1.0038274861147367,1.0038274861147367,0.0,0.0,1.0,-0.00023846429110241374
2023-09-08 00:00:00+00:00,20260201_193426_95a6098b_BuyHold_XLE,0.006892481237503301,0.006892481237503301,1.0107463482284726,1.0107463482284726,0.0,0.0,1.0,0.006892481237503301
2023-09-11 00:00:00+00:00,20260201_193426_95a6098b_BuyHold_XLE,0.010836384013377831,0.010836384013377831,1.0216991837979956,1.0216991837979956,0.0,0.0,1.0,0.010836384013377831
2023-09-12 00:00:00+00:00,20260201_193426_95a6098b_BuyHold_XLE,-0.010126072630369798,-0.010126072630369798,1.0113533836564677,1.0113533836564677,0.0,0.0,1.0,-0.010126072630369798
2023-09-13 00:00:00+00:00,20260201_193426_95a6098b_BuyHold_XLE,0.015267472130788384,0.015267472130788384,1.0267941932558213,1.0267941932558213,0.0,0.0,1.0,0.015267472130788384
2023-09-14 00:00:00+00:00,20260201_193426_95a6098b_BuyHold_XLE,0.0002330730694621863,0.0002330730694621863,1.0270335113301494,1.0270335113301494,0.0,0.0,1.0,0.0002330730694621863
2023-09-15 00:00:00+00:00,20260201_193426_95a6098b_BuyHold_XLE,-0.0051401982335628205,-0.0051401982335628205,1.0217543554894004,1.0217543554894004,0.0,0.0,1.0,-0.0051401982335628205
2023-09-18 00:00:00+00:00,20260201_193426_95a6098b_BuyHold_XLE,0.0023397296588552052,0.0023397296588552052,1.0241449844590034,1.0241449844590034,0.0,0.0,1.0,0.0023397296588552052
2023-09-19 00:00:00+00:00,20260201_193426_95a6098b_BuyHold_XLE,0.0067544218594619565,0.0067544218594619565,1.0310624917292917,1.0310624917292917,0.0,0.0,1.0,0.0067544218594619565
2023-09-20 00:00:00+00:00,20260201_193426_95a6098b_BuyHold_XLE,-0.021586948055080768,-0.021586948055080768,1.0088049992787893,1.0088049992787893,0.0,0.0,1.0,-0.021586948055080768
2023-09-21 00:00:00+00:00,20260201_193426_95a6098b_BuyHold_XLE,0.0007113219031404938,0.0007113219031404938,1.009522584370774,1.009522584370774,0.0,0.0,1.0,0.0007113219031404938
2023-09-22 00:00:00+00:00,20260201_193426_95a6098b_BuyHold_XLE,-0.012161828691136023,-0.012161828691136023,0.9972449436398237,0.9972449436398237,0.0,0.0,1.0,-0.012161828691136023
2023-09-25 00:00:00+00:00,20260201_193426_95a6098b_BuyHold_XLE,-0.006016141355800642,-0.006016141355800642,0.9912453770925291,0.9912453770925291,0.0,0.0,1.0,-0.006016141355800642
2023-09-26 00:00:00+00:00,20260201_193426_95a6098b_BuyHold_XLE,0.004094911177907168,0.004094911177907168,0.9953044388672342,0.9953044388672342,0.0,0.0,1.0,0.004094911177907168
2023-09-27 00:00:00+00:00,20260201_193426_95a6098b_BuyHold_XLE,0.01384600778341083,0.01384600778341083,1.0090854318746532,1.0090854318746532,0.0,0.0,1.0,0.01384600778341083
2023-09-28 00:00:00+00:00,20260201_193426_95a6098b_BuyHold_XLE,0.010612055726490155,0.010612055726490155,1.0197939027104963,1.0197939027104963,0.0,0.0,1.0,0.010612055726490155
2023-09-29 00:00:00+00:00,20260201_193426_95a6098b_BuyHold_XLE,0.0032786914616984575,0.0032786914616984575,1.0231374922720053,1.0231374922720053,0.0,0.0,1.0,0.0032786914616984575
2023-10-02 00:00:00+00:00,20260201_193426_95a6098b_BuyHold_XLE,-0.019120138710720713,-0.019120138710720713,1.0035749614996257,1.0035749614996257,0.0,0.0,1.0,-0.019120138710720713
2023-10-03 00:00:00+00:00,20260201_193426_95a6098b_BuyHold_XLE,-0.023388649011850227,-0.023388649011850227,0.9801026989680298,0.9801026989680298,0.0,0.0,1.0,-0.023388649011850227
2023-10-04 00:00:00+00:00,20260201_193426_95a6098b_BuyHold_XLE,-0.012520109537036195,-0.012520109537036195,0.9678317058194053,0.9678317058194053,0.0,0.0,1.0,-0.012520109537036195
2023-10-05 00:00:00+00:00,20260201_193426_95a6098b_BuyHold_XLE,-0.02958350610399485,-0.02958350610399485,0.9391998506426571,0.9391998506426571,0.0,0.0,1.0,-0.02958350610399485
2023-10-06 00:00:00+00:00,20260201_193426_95a6098b_BuyHold_XLE,0.009118604216434623,0.009118604216434623,0.947764042360802,0.947764042360802,0.0,0.0,1.0,0.009118604216434623
2023-10-09 00:00:00+00:00,20260201_193426_95a6098b_BuyHold_XLE,0.032008687207428554,0.032008687207428554,0.978100725139177,0.978100725139177,0.0,0.0,1.0,0.032008687207428554
2023-10-10 00:00:00+00:00,20260201_193426_95a6098b_BuyHold_XLE,0.0038995906107084366,0.0038995906107084366,0.9819149175432569,0.9819149175432569,0.0,0.0,1.0,0.0038995906107084366
2023-10-11 00:00:00+00:00,20260201_193426_95a6098b_BuyHold_XLE,-0.011498597639560515,-0.011498597639560515,0.9706242729901448,0.9706242729901448,0.0,0.0,1.0,-0.011498597639560515
2023-10-12 00:00:00+00:00,20260201_193426_95a6098b_BuyHold_XLE,0.01028160832056102,0.01028160832056102,0.9806038515914587,0.9806038515914587,0.0,0.0,1.0,0.01028160832056102
2023-10-13 00:00:00+00:00,20260201_193426_95a6098b_BuyHold_XLE,0.006796142662834903,0.006796142662834903,0.9872681752625996,0.9872681752625996,0.0,0.0,1.0,0.006796142662834903
2023-10-16 00:00:00+00:00,20260201_193426_95a6098b_BuyHold_XLE,0.005066967047834936,0.005066967047834936,0.9922706305740313,0.9922706305740313,0.0,0.0,1.0,0.005066967047834936
2023-10-17 00:00:00+00:00,20260201_193426_95a6098b_BuyHold_XLE,0.006955298455210368,0.006955298455210368,0.9991721689580135,0.9991721689580135,0.0,0.0,1.0,0.006955298455210368
2023-10-18 00:00:00+00:00,20260201_193426_95a6098b_BuyHold_XLE,0.015415934370052842,0.015415934370052842,1.0145753415390537,1.0145753415390537,0.0,0.0,1.0,0.015415934370052842
2023-10-19 00:00:00+00:00,20260201_193426_95a6098b_BuyHold_XLE,0.0007057993470267476,0.0007057993470267476,1.0152914281526215,1.0152914281526215,0.0,0.0,1.0,0.0007057993470267476
2023-10-20 00:00:00+00:00,20260201_193426_95a6098b_BuyHold_XLE,-0.0004704775433759245,-0.0004704775433759245,1.0148137563356936,1.0148137563356936,0.0,0.0,1.0,-0.0004704775433759245
2023-10-23 00:00:00+00:00,20260201_193426_95a6098b_BuyHold_XLE,-0.02212532266582512,-0.02212532266582512,0.9923606745310484,0.9923606745310484,0.0,0.0,1.0,-0.02212532266582512
2023-10-24 00:00:00+00:00,20260201_193426_95a6098b_BuyHold_XLE,-0.006032109013108133,-0.006032109013108133,0.9863746467619555,0.9863746467619555,0.0,0.0,1.0,-0.006032109013108133
2023-10-25 00:00:00+00:00,20260201_193426_95a6098b_BuyHold_XLE,-0.018564284968510147,-0.018564284968510147,0.9680633067337531,0.9680633067337531,0.0,0.0,1.0,-0.018564284968510147
2023-10-26 00:00:00+00:00,20260201_193426_95a6098b_BuyHold_XLE,-0.010159918890157105,-0.010159918890157105,0.9582278620568009,0.9582278620568009,0.0,0.0,1.0,-0.010159918890157105
2023-10-27 00:00:00+00:00,20260201_193426_95a6098b_BuyHold_XLE,0.00024903499070294544,0.00024903499070294544,0.9584664943235195,0.9584664943235195,0.0,0.0,1.0,0.00024903499070294544
2023-10-30 00:00:00+00:00,20260201_193426_95a6098b_BuyHold_XLE,-0.01758397478900431,-0.01758397478900431,0.9416128436512294,0.9416128436512294,0.0,0.0,1.0,-0.01758397478900431
2023-10-31 00:00:00+00:00,20260201_193426_95a6098b_BuyHold_XLE,0.0,0.0,0.9416128436512294,0.9416128436512294,0.0,0.0,1.0,0.0
2023-11-01 00:00:00+00:00,20260201_193426_95a6098b_BuyHold_XLE,0.006315544548690877,0.006315544548690877,0.9475596415129283,0.9475596415129283,0.0,0.0,1.0,0.006315544548690877
2023-11-02 00:00:00+00:00,20260201_193426_95a6098b_BuyHold_XLE,-0.006315544548690877,-0.006315544548690877,0.9415752863844118,0.9415752863844118,0.0,0.0,1.0,-0.006315544548690877
2023-11-03 00:00:00+00:00,20260201_193426_95a6098b_BuyHold_XLE,0.026014473518023884,0.026014473518023884,0.9660698717372849,0.9660698717372849,0.0,0.0,1.0,0.026014473518023884
2023-11-06 00:00:00+00:00,20260201_193426_95a6098b_BuyHold_XLE,0.001973360285175474,0.001973360285175474,0.9679762756548758,0.9679762756548758,0.0,0.0,1.0,0.001973360285175474
2023-11-07 00:00:00+00:00,20260201_193426_95a6098b_BuyHold_XLE,-0.03434351809342839,-0.03434351809342839,0.9347325649179131,0.9347325649179131,0.0,0.0,1.0,-0.03434351809342839
2023-11-08 00:00:00+00:00,20260201_193426_95a6098b_BuyHold_XLE,-0.012833851714683764,-0.012833851714683764,0.9227363457868706,0.9227363457868706,0.0,0.0,1.0,-0.012833851714683764
2023-11-09 00:00:00+00:00,20260201_193426_95a6098b_BuyHold_XLE,-0.0012924908093716603,-0.0012924908093716603,0.9215437175404678,0.9215437175404678,0.0,0.0,1.0,-0.0012924908093716603
2023-11-10 00:00:00+00:00,20260201_193426_95a6098b_BuyHold_XLE,0.0007756949322366147,0.0007756949322366147,0.9222585543319984,0.9222585543319984,0.0,0.0,1.0,0.0007756949322366147
2023-11-13 00:00:00+00:00,20260201_193426_95a6098b_BuyHold_XLE,0.0020655829704163686,0.0020655829704163686,0.9241635558961474,0.9241635558961474,0.0,0.0,1.0,0.0020655829704163686
2023-11-14 00:00:00+00:00,20260201_193426_95a6098b_BuyHold_XLE,0.010264395994902031,0.010264395994902031,0.9336495365979223,0.9336495365979223,0.0,0.0,1.0,0.010264395994902031
2023-11-15 00:00:00+00:00,20260201_193426_95a6098b_BuyHold_XLE,0.0022950411705751073,0.0022950411705751073,0.9357923007233029,0.9357923007233029,0.0,0.0,1.0,0.0022950411705751073
2023-11-16 00:00:00+00:00,20260201_193426_95a6098b_BuyHold_XLE,-0.008697931530510683,-0.008697931530510683,0.9276528433648326,0.9276528433648326,0.0,0.0,1.0,-0.008697931530510683
2023-11-17 00:00:00+00:00,20260201_193426_95a6098b_BuyHold_XLE,-0.002057613894680177,-0.002057613894680177,0.9257440919848855,0.9257440919848855,0.0,0.0,1.0,-0.002057613894680177
2023-11-20 00:00:00+00:00,20260201_193426_95a6098b_BuyHold_XLE,0.016850028483951895,0.016850028483951895,0.941342906303681,0.941342906303681,0.0,0.0,1.0,0.016850028483951895
2023-11-21 00:00:00+00:00,20260201_193426_95a6098b_BuyHold_XLE,-0.007113851138875749,-0.007113851138875749,0.9346463329975999,0.9346463329975999,0.0,0.0,1.0,-0.007113851138875749
2023-11-22 00:00:00+00:00,20260201_193426_95a6098b_BuyHold_XLE,-0.019048194970694876,-0.019048194970694876,0.9168430074180166,0.9168430074180166,0.0,0.0,1.0,-0.019048194970694876
2023-11-24 00:00:00+00:00,20260201_193426_95a6098b_BuyHold_XLE,0.019303134423955814,0.019303134423955814,0.9345409512358706,0.9345409512358706,0.0,0.0,1.0,0.019303134423955814
2023-11-27 00:00:00+00:00,20260201_193426_95a6098b_BuyHold_XLE,0.0002548744757011612,0.0002548744757011612,0.9347791418708381,0.9347791418708381,0.0,0.0,1.0,0.0002548744757011612
2023-11-28 00:00:00+00:00,20260201_193426_95a6098b_BuyHold_XLE,0.004069181606725536,0.004069181606725536,0.9385829279612896,0.9385829279612896,0.0,0.0,1.0,0.004069181606725536
2023-11-29 00:00:00+00:00,20260201_193426_95a6098b_BuyHold_XLE,0.0037998779097749846,0.0037998779097749846,0.9421494284957417,0.9421494284957417,0.0,0.0,1.0,0.0037998779097749846
2023-11-30 00:00:00+00:00,20260201_193426_95a6098b_BuyHold_XLE,-0.005323881252750073,-0.005323881252750073,0.937133536816084,0.937133536816084,0.0,0.0,1.0,-0.005323881252750073
2023-12-01 00:00:00+00:00,20260201_193426_95a6098b_BuyHold_XLE,-0.004330665283172941,-0.004330665283172941,0.9330751251424976,0.9330751251424976,0.0,0.0,1.0,-0.004330665283172941
2023-12-04 00:00:00+00:00,20260201_193426_95a6098b_BuyHold_XLE,-0.001277302511123235,-0.001277302511123235,0.9318833059420865,0.9318833059420865,0.0,0.0,1.0,-0.001277302511123235
2023-12-05 00:00:00+00:00,20260201_193426_95a6098b_BuyHold_XLE,0.0035723436816983423,0.0035723436816983423,0.9352123133821488,0.9352123133821488,0.0,0.0,1.0,0.0035723436816983423
2023-12-06 00:00:00+00:00,20260201_193426_95a6098b_BuyHold_XLE,-0.016953912377529967,-0.016953912377529967,0.9193568057666808,0.9193568057666808,0.0,0.0,1.0,-0.016953912377529967
2023-12-07 00:00:00+00:00,20260201_193426_95a6098b_BuyHold_XLE,-0.009893337658658297,-0.009893337658658297,0.9102612984584455,0.9102612984584455,0.0,0.0,1.0,-0.009893337658658297
2023-12-08 00:00:00+00:00,20260201_193426_95a6098b_BuyHold_XLE,-0.0068259650703996755,-0.0068259650703996755,0.9040478866302315,0.9040478866302315,0.0,0.0,1.0,-0.0068259650703996755
2023-12-11 00:00:00+00:00,20260201_193426_95a6098b_BuyHold_XLE,0.005254872838358349,0.005254872838358349,0.90879854331426,0.90879854331426,0.0,0.0,1.0,0.005254872838358349
2023-12-12 00:00:00+00:00,20260201_193426_95a6098b_BuyHold_XLE,-0.007892700798908692,-0.007892700798908692,0.9016256683253965,0.9016256683253965,0.0,0.0,1.0,-0.007892700798908692
2023-12-13 00:00:00+00:00,20260201_193426_95a6098b_BuyHold_XLE,-0.003439611804957554,-0.003439611804957554,0.8985244260329717,0.8985244260329717,0.0,0.0,1.0,-0.003439611804957554
2023-12-14 00:00:00+00:00,20260201_193426_95a6098b_BuyHold_XLE,0.013426554206981578,0.013426554206981578,0.9105885129454003,0.9105885129454003,0.0,0.0,1.0,0.013426554206981578
2023-12-15 00:00:00+00:00,20260201_193426_95a6098b_BuyHold_XLE,0.01839668413355655,0.01839668413355655,0.9273403221937019,0.9273403221937019,0.0,0.0,1.0,0.01839668413355655
2023-12-18 00:00:00+00:00,20260201_193426_95a6098b_BuyHold_XLE,0.019827797509750056,0.019827797509750056,0.945727438324785,0.945727438324785,0.0,0.0,1.0,0.019827797509750056
2023-12-19 00:00:00+00:00,20260201_193426_95a6098b_BuyHold_XLE,-0.004540875612844442,-0.004540875612844442,0.9414330076636982,0.9414330076636982,0.0,0.0,1.0,-0.004540875612844442
2023-12-20 00:00:00+00:00,20260201_193426_95a6098b_BuyHold_XLE,0.01206347879081937,0.01206347879081937,0.9527899647846265,0.9527899647846265,0.0,0.0,1.0,0.01206347879081937
2023-12-21 00:00:00+00:00,20260201_193426_95a6098b_BuyHold_XLE,-0.009790463542695083,-0.009790463542695083,0.943461709370557,0.943461709370557,0.0,0.0,1.0,-0.009790463542695083
2023-12-22 00:00:00+00:00,20260201_193426_95a6098b_BuyHold_XLE,0.008290463261444891,0.008290463261444891,0.9512834440106736,0.9512834440106736,0.0,0.0,1.0,0.008290463261444891
2023-12-26 00:00:00+00:00,20260201_193426_95a6098b_BuyHold_XLE,0.00399501155559312,0.00399501155559312,0.9550838323621406,0.9550838323621406,0.0,0.0,1.0,0.00399501155559312
2023-12-27 00:00:00+00:00,20260201_193426_95a6098b_BuyHold_XLE,-0.0017458540411530166,-0.0017458540411530166,0.9534163953937712,0.9534163953937712,0.0,0.0,1.0,-0.0017458540411530166
2023-12-28 00:00:00+00:00,20260201_193426_95a6098b_BuyHold_XLE,-0.007265471018072844,-0.007265471018072844,0.9464893762048823,0.9464893762048823,0.0,0.0,1.0,-0.007265471018072844
2023-12-29 00:00:00+00:00,20260201_193426_95a6098b_BuyHold_XLE,-0.008585911330063478,-0.008585911330063478,0.9383629023459401,0.9383629023459401,0.0,0.0,1.0,-0.008585911330063478
2024-01-02 00:00:00+00:00,20260201_193426_95a6098b_BuyHold_XLE,0.0025329294190581386,0.0025329294190581386,0.9407397093470449,0.9407397093470449,0.0,0.0,1.0,0.0025329294190581386
2024-01-03 00:00:00+00:00,20260201_193426_95a6098b_BuyHold_XLE,0.003787405108078179,0.003787405108078179,0.9443026717275979,0.9443026717275979,0.0,0.0,1.0,0.003787405108078179
2024-01-04 00:00:00+00:00,20260201_193426_95a6098b_BuyHold_XLE,0.023413273735566342,0.023413273735566342,0.9664118886699827,0.9664118886699827,0.0,0.0,1.0,0.023413273735566342
2024-01-05 00:00:00+00:00,20260201_193426_95a6098b_BuyHold_XLE,-0.01663188393995485,-0.01663188393995485,0.950338638299431,0.950338638299431,0.0,0.0,1.0,-0.01663188393995485
2024-01-08 00:00:00+00:00,20260201_193426_95a6098b_BuyHold_XLE,-0.02483655286166586,-0.02483655286166586,0.9267355024728237,0.9267355024728237,0.0,0.0,1.0,-0.02483655286166586
2024-01-09 00:00:00+00:00,20260201_193426_95a6098b_BuyHold_XLE,0.006904515346544571,0.006904515346544571,0.933134161971835,0.933134161971835,0.0,0.0,1.0,0.006904515346544571
2024-01-10 00:00:00+00:00,20260201_193426_95a6098b_BuyHold_XLE,-0.016185324421017278,-0.016185324421017278,0.9180310828319868,0.9180310828319868,0.0,0.0,1.0,-0.016185324421017278
2024-01-11 00:00:00+00:00,20260201_193426_95a6098b_BuyHold_XLE,-0.0064960602609076545,-0.0064960602609076545,0.9120674975965238,0.9120674975965238,0.0,0.0,1.0,-0.0064960602609076545
2024-01-12 00:00:00+00:00,20260201_193426_95a6098b_BuyHold_XLE,0.01500674992881601,0.01500674992881601,0.9257546664511559,0.9257546664511559,0.0,0.0,1.0,0.01500674992881601
2024-01-16 00:00:00+00:00,20260201_193426_95a6098b_BuyHold_XLE,-0.007992823265863702,-0.007992823265863702,0.9183552730146632,0.9183552730146632,0.0,0.0,1.0,-0.007992823265863702
2024-01-17 00:00:00+00:00,20260201_193426_95a6098b_BuyHold_XLE,-0.03316093318079716,-0.03316093318079716,0.8879017551699913,0.8879017551699913,0.0,0.0,1.0,-0.03316093318079716
2024-01-18 00:00:00+00:00,20260201_193426_95a6098b_BuyHold_XLE,0.0034726894789725016,0.0034726894789725016,0.8909851622535313,0.8909851622535313,0.0,0.0,1.0,0.0034726894789725016
2024-01-19 00:00:00+00:00,20260201_193426_95a6098b_BuyHold_XLE,-0.0034726894789725016,-0.0034726894789725016,0.8878910474546529,0.8878910474546529,0.0,0.0,1.0,-0.0034726894789725016
2024-01-22 00:00:00+00:00,20260201_193426_95a6098b_BuyHold_XLE,0.0029392138728288053,0.0029392138728288053,0.8905007491388921,0.8905007491388921,0.0,0.0,1.0,0.0029392138728288053
2024-01-23 00:00:00+00:00,20260201_193426_95a6098b_BuyHold_XLE,0.002664536615097912,0.002664536615097912,0.8928735209907448,0.8928735209907448,0.0,0.0,1.0,0.002664536615097912
2024-01-24 00:00:00+00:00,20260201_193426_95a6098b_BuyHold_XLE,0.01058771139882042,0.01058771139882042,0.9023270081466435,0.9023270081466435,0.0,0.0,1.0,0.01058771139882042
2024-01-25 00:00:00+00:00,20260201_193426_95a6098b_BuyHold_XLE,0.016710571616228354,0.016710571616228354,0.917405408237535,0.917405408237535,0.0,0.0,1.0,0.016710571616228354
2024-01-26 00:00:00+00:00,20260201_193426_95a6098b_BuyHold_XLE,0.013374684967562,0.013374684967562,0.9296754165602497,0.9296754165602497,0.0,0.0,1.0,0.013374684967562
2024-01-29 00:00:00+00:00,20260201_193426_95a6098b_BuyHold_XLE,0.0073819859216057715,0.0073819859216057715,0.9365382673969604,0.9365382673969604,0.0,0.0,1.0,0.0073819859216057715
2024-01-30 00:00:00+00:00,20260201_193426_95a6098b_BuyHold_XLE,-0.011734828538918052,-0.011734828538918052,0.9255481514089218,0.9255481514089218,0.0,0.0,1.0,-0.011734828538918052
2024-01-31 00:00:00+00:00,20260201_193426_95a6098b_BuyHold_XLE,0.02283204204264555,0.02283204204264555,0.9466803057143831,0.9466803057143831,0.0,0.0,1.0,0.02283204204264555
2024-02-01 00:00:00+00:00,20260201_193426_95a6098b_BuyHold_XLE,-0.014654127822895102,-0.014654127822895102,0.9328075315070271,0.9328075315070271,0.0,0.0,1.0,-0.014654127822895102
2024-02-02 00:00:00+00:00,20260201_193426_95a6098b_BuyHold_XLE,0.0017800386136843649,0.0017800386136843649,0.9344679649322453,0.9344679649322453,0.0,0.0,1.0,0.0017800386136843649
2024-02-05 00:00:00+00:00,20260201_193426_95a6098b_BuyHold_XLE,-0.012270092591814219,-0.012270092591814219,0.9230019564784424,0.9230019564784424,0.0,0.0,1.0,-0.012270092591814219
2024-02-06 00:00:00+00:00,20260201_193426_95a6098b_BuyHold_XLE,0.007431168085501483,0.007431168085501483,0.9298609391602805,0.9298609391602805,0.0,0.0,1.0,0.007431168085501483
2024-02-07 00:00:00+00:00,20260201_193426_95a6098b_BuyHold_XLE,0.0022950411705751073,0.0022950411705751073,0.931995008298563,0.931995008298563,0.0,0.0,1.0,0.0022950411705751073
2024-02-08 00:00:00+00:00,20260201_193426_95a6098b_BuyHold_XLE,-0.0005095541511526136,-0.0005095541511526136,0.9315201063732309,0.9315201063732309,0.0,0.0,1.0,-0.0005095541511526136
2024-02-09 00:00:00+00:00,20260201_193426_95a6098b_BuyHold_XLE,0.010394313383694342,0.010394313383694342,0.9412026182820865,0.9412026182820865,0.0,0.0,1.0,0.010394313383694342
2024-02-12 00:00:00+00:00,20260201_193426_95a6098b_BuyHold_XLE,-0.01141420128444004,-0.01141420128444004,0.9304595421475728,0.9304595421475728,0.0,0.0,1.0,-0.01141420128444004
2024-02-13 00:00:00+00:00,20260201_193426_95a6098b_BuyHold_XLE,0.008636070946054009,0.008636070946054009,0.9384950567659921,0.9384950567659921,0.0,0.0,1.0,0.008636070946054009
2024-02-14 00:00:00+00:00,20260201_193426_95a6098b_BuyHold_XLE,-0.005833878308701745,-0.005833878308701745,0.9330199908115011,0.9330199908115011,0.0,0.0,1.0,-0.005833878308701745
2024-02-15 00:00:00+00:00,20260201_193426_95a6098b_BuyHold_XLE,-0.006892177888877082,-0.006892177888877082,0.9265894510609498,0.9265894510609498,0.0,0.0,1.0,-0.006892177888877082
2024-02-16 00:00:00+00:00,20260201_193426_95a6098b_BuyHold_XLE,0.0305232423196804,0.0305232423196804,0.9548719654065428,0.9548719654065428,0.0,0.0,1.0,0.0305232423196804
2024-02-20 00:00:00+00:00,20260201_193426_95a6098b_BuyHold_XLE,-0.0029858195857470626,-0.0029858195857470626,0.9520208899903512,0.9520208899903512,0.0,0.0,1.0,-0.0029858195857470626
2024-02-21 00:00:00+00:00,20260201_193426_95a6098b_BuyHold_XLE,-0.00650002288556184,-0.00650002288556184,0.9458327324178809,0.9458327324178809,0.0,0.0,1.0,-0.00650002288556184
2024-02-22 00:00:00+00:00,20260201_193426_95a6098b_BuyHold_XLE,0.009485842471308903,0.009485842471308903,0.9548047527218045,0.9548047527218045,0.0,0.0,1.0,0.009485842471308903
2024-02-23 00:00:00+00:00,20260201_193426_95a6098b_BuyHold_XLE,-0.0029858195857470626,-0.0029858195857470626,0.9519538779905634,0.9519538779905634,0.0,0.0,1.0,-0.0029858195857470626
2024-02-26 00:00:00+00:00,20260201_193426_95a6098b_BuyHold_XLE,0.0014940241822842815,0.0014940241822842815,0.9533761201047006,0.9533761201047006,0.0,0.0,1.0,0.0014940241822842815
2024-02-27 00:00:00+00:00,20260201_193426_95a6098b_BuyHold_XLE,0.007930648753489589,0.007930648753489589,0.9609370112432157,0.9609370112432157,0.0,0.0,1.0,0.007930648753489589
2024-02-28 00:00:00+00:00,20260201_193426_95a6098b_BuyHold_XLE,-0.005445558011343277,-0.005445558011343277,0.955704173003244,0.955704173003244,0.0,0.0,1.0,-0.005445558011343277
2024-02-29 00:00:00+00:00,20260201_193426_95a6098b_BuyHold_XLE,-0.0002482313528942015,-0.0002482313528942015,0.9554669372634127,0.9554669372634127,0.0,0.0,1.0,-0.0002482313528942015
2024-03-01 00:00:00+00:00,20260201_193426_95a6098b_BuyHold_XLE,0.009143768143458075,0.009143768143458075,0.9642035054064894,0.9642035054064894,0.0,0.0,1.0,0.009143768143458075
2024-03-04 00:00:00+00:00,20260201_193426_95a6098b_BuyHold_XLE,0.0034381173356474726,0.0034381173356474726,0.9675185501935195,0.9675185501935195,0.0,0.0,1.0,0.0034381173356474726
2024-03-05 00:00:00+00:00,20260201_193426_95a6098b_BuyHold_XLE,-0.011341344444190327,-0.011341344444190327,0.9565455890596312,0.9565455890596312,0.0,0.0,1.0,-0.011341344444190327
2024-03-06 00:00:00+00:00,20260201_193426_95a6098b_BuyHold_XLE,0.016964143758957828,0.016964143758957828,0.9727725659444357,0.9727725659444357,0.0,0.0,1.0,0.016964143758957828
2024-03-07 00:00:00+00:00,20260201_193426_95a6098b_BuyHold_XLE,-0.003663455068048993,-0.003663455068048993,0.9692088573576676,0.9692088573576676,0.0,0.0,1.0,-0.003663455068048993
2024-03-08 00:00:00+00:00,20260201_193426_95a6098b_BuyHold_XLE,0.004881630392281622,0.004881630392281622,0.9739401767722133,0.9739401767722133,0.0,0.0,1.0,0.004881630392281622
2024-03-11 00:00:00+00:00,20260201_193426_95a6098b_BuyHold_XLE,0.004130731180291836,0.004130731180291836,0.9779632618281453,0.9779632618281453,0.0,0.0,1.0,0.004130731180291836
2024-03-12 00:00:00+00:00,20260201_193426_95a6098b_BuyHold_XLE,0.011092469655996862,0.011092469655996862,0.9888112896346537,0.9888112896346537,0.0,0.0,1.0,0.011092469655996862
2024-03-13 00:00:00+00:00,20260201_193426_95a6098b_BuyHold_XLE,0.009546611883579637,0.009546611883579637,0.9982510872428976,0.9982510872428976,0.0,0.0,1.0,0.009546611883579637
2024-03-14 00:00:00+00:00,20260201_193426_95a6098b_BuyHold_XLE,0.008985636245347539,0.008985636245347539,1.0072210083943849,1.0072210083943849,0.0,0.0,1.0,0.008985636245347539
2024-03-15 00:00:00+00:00,20260201_193426_95a6098b_BuyHold_XLE,0.004228336109521003,0.004228336109521003,1.011479877354447,1.011479877354447,0.0,0.0,1.0,0.004228336109521003
2024-03-18 00:00:00+00:00,20260201_193426_95a6098b_BuyHold_XLE,0.010725213557537305,0.010725213557537305,1.0223282150482251,1.0223282150482251,0.0,0.0,1.0,0.010725213557537305
2024-03-19 00:00:00+00:00,20260201_193426_95a6098b_BuyHold_XLE,-0.0009280743125539281,-0.0009280743125539281,1.0213794184928398,1.0213794184928398,0.0,0.0,1.0,-0.0009280743125539281
2024-03-20 00:00:00+00:00,20260201_193426_95a6098b_BuyHold_XLE,0.005093782720256623,0.005093782720256623,1.0265821033255844,1.0265821033255844,0.0,0.0,1.0,0.005093782720256623
2024-03-21 00:00:00+00:00,20260201_193426_95a6098b_BuyHold_XLE,0.0036883398198392925,0.0036883398198392925,1.0303684869756145,1.0303684869756145,0.0,0.0,1.0,0.0036883398198392925
2024-03-22 00:00:00+00:00,20260201_193426_95a6098b_BuyHold_XLE,0.007107676374520366,0.007107676374520366,1.0376920127275413,1.0376920127275413,0.0,0.0,1.0,0.007107676374520366
2024-03-25 00:00:00+00:00,20260201_193426_95a6098b_BuyHold_XLE,-0.0016005491012593964,-0.0016005491012593964,1.0360311357091863,1.0360311357091863,0.0,0.0,1.0,-0.0016005491012593964
2024-03-26 00:00:00+00:00,20260201_193426_95a6098b_BuyHold_XLE,0.008658062743114314,0.008658062743114314,1.0450011582859764,1.0450011582859764,0.0,0.0,1.0,0.008658062743114314
2024-03-27 00:00:00+00:00,20260201_193426_95a6098b_BuyHold_XLE,-0.01026117770914059,-0.01026117770914059,1.0342782156945463,1.0342782156945463,0.0,0.0,1.0,-0.01026117770914059
2024-03-28 00:00:00+00:00,20260201_193426_95a6098b_BuyHold_XLE,0.01659317534664817,0.01659317534664817,1.0514401754847842,1.0514401754847842,0.0,0.0,1.0,0.01659317534664817
2024-04-01 00:00:00+00:00,20260201_193426_95a6098b_BuyHold_XLE,0.007411600463193668,0.007411600463193668,1.0592330299764277,1.0592330299764277,0.0,0.0,1.0,0.007411600463193668
2024-04-02 00:00:00+00:00,20260201_193426_95a6098b_BuyHold_XLE,0.011347323892825667,0.011347323892825667,1.0712524902455494,1.0712524902455494,0.0,0.0,1.0,0.011347323892825667
2024-04-03 00:00:00+00:00,20260201_193426_95a6098b_BuyHold_XLE,0.011001211061973493,0.011001211061973493,1.0830375649914052,1.0830375649914052,0.0,0.0,1.0,0.011001211061973493
2024-04-04 00:00:00+00:00,20260201_193426_95a6098b_BuyHold_XLE,0.005237899360793108,0.005237899360793108,1.0887104067607887,1.0887104067607887,0.0,0.0,1.0,0.005237899360793108
2024-04-05 00:00:00+00:00,20260201_193426_95a6098b_BuyHold_XLE,0.0013051992281427616,0.0013051992281427616,1.0901313907433638,1.0901313907433638,0.0,0.0,1.0,0.0013051992281427616
2024-04-08 00:00:00+00:00,20260201_193426_95a6098b_BuyHold_XLE,0.007364122515135296,0.007364122515135296,1.0981592518623928,1.0981592518623928,0.0,0.0,1.0,0.007364122515135296
2024-04-09 00:00:00+00:00,20260201_193426_95a6098b_BuyHold_XLE,-0.002376581004096323,-0.002376581004096323,1.095549387444944,1.095549387444944,0.0,0.0,1.0,-0.002376581004096323
2024-04-10 00:00:00+00:00,20260201_193426_95a6098b_BuyHold_XLE,-0.007163820933634657,-0.007163820933634657,1.0877010678093353,1.0877010678093353,0.0,0.0,1.0,-0.007163820933634657
2024-04-11 00:00:00+00:00,20260201_193426_95a6098b_BuyHold_XLE,0.009324582362057576,0.009324582362057576,1.0978434260014214,1.0978434260014214,0.0,0.0,1.0,0.009324582362057576
2024-04-12 00:00:00+00:00,20260201_193426_95a6098b_BuyHold_XLE,0.00366261316475347,0.00366261316475347,1.1018644017863322,1.1018644017863322,0.0,0.0,1.0,0.00366261316475347
2024-04-15 00:00:00+00:00,20260201_193426_95a6098b_BuyHold_XLE,-0.017791747245555545,-0.017791747245555545,1.0822603088508744,1.0822603088508744,0.0,0.0,1.0,-0.017791747245555545
2024-04-16 00:00:00+00:00,20260201_193426_95a6098b_BuyHold_XLE,-0.01700007824810834,-0.01700007824810834,1.0638617989155876,1.0638617989155876,0.0,0.0,1.0,-0.01700007824810834
2024-04-17 00:00:00+00:00,20260201_193426_95a6098b_BuyHold_XLE,-0.008497367766035602,-0.008497367766035602,1.0548217739579657,1.0548217739579657,0.0,0.0,1.0,-0.008497367766035602
2024-04-18 00:00:00+00:00,20260201_193426_95a6098b_BuyHold_XLE,0.001794929806562262,0.001794929806562262,1.0567151050006538,1.0567151050006538,0.0,0.0,1.0,0.001794929806562262
2024-04-19 00:00:00+00:00,20260201_193426_95a6098b_BuyHold_XLE,-0.004493379836162603,-0.004493379836162603,1.0519668826552755,1.0519668826552755,0.0,0.0,1.0,-0.004493379836162603
2024-04-22 00:00:00+00:00,20260201_193426_95a6098b_BuyHold_XLE,0.004269189722007738,0.004269189722007738,1.0564579288586,1.0564579288586,0.0,0.0,1.0,0.004269189722007738
2024-04-23 00:00:00+00:00,20260201_193426_95a6098b_BuyHold_XLE,0.007371864056050281,0.007371864056050281,1.0642459930910821,1.0642459930910821,0.0,0.0,1.0,0.007371864056050281
2024-04-24 00:00:00+00:00,20260201_193426_95a6098b_BuyHold_XLE,0.005770100341119466,0.005770100341119466,1.070386799258852,1.070386799258852,0.0,0.0,1.0,0.005770100341119466
2024-04-25 00:00:00+00:00,20260201_193426_95a6098b_BuyHold_XLE,0.006836502533716704,0.006836502533716704,1.077704501324042,1.077704501324042,0.0,0.0,1.0,0.006836502533716704
2024-04-26 00:00:00+00:00,20260201_193426_95a6098b_BuyHold_XLE,-0.007057814917047711,-0.007057814917047711,1.0700982624184279,1.0700982624184279,0.0,0.0,1.0,-0.007057814917047711
2024-04-29 00:00:00+00:00,20260201_193426_95a6098b_BuyHold_XLE,-0.0008857396504673432,-0.0008857396504673432,1.0691504339575078,1.0691504339575078,0.0,0.0,1.0,-0.0008857396504673432
2024-04-30 00:00:00+00:00,20260201_193426_95a6098b_BuyHold_XLE,0.0024338987565455383,0.0024338987565455383,1.071752637869277,1.071752637869277,0.0,0.0,1.0,0.0024338987565455383
2024-05-01 00:00:00+00:00,20260201_193426_95a6098b_BuyHold_XLE,-0.02687731776374669,-0.02687731776374669,1.0429468016571306,1.0429468016571306,0.0,0.0,1.0,-0.02687731776374669
2024-05-02 00:00:00+00:00,20260201_193426_95a6098b_BuyHold_XLE,-0.00797725028064411,-0.00797725028064411,1.0346269539909143,1.0346269539909143,0.0,0.0,1.0,-0.00797725028064411
2024-05-03 00:00:00+00:00,20260201_193426_95a6098b_BuyHold_XLE,0.0016005491012593964,0.0016005491012593964,1.0362829252322632,1.0362829252322632,0.0,0.0,1.0,0.0016005491012593964
2024-05-06 00:00:00+00:00,20260201_193426_95a6098b_BuyHold_XLE,0.0031934333708223406,0.0031934333708223406,1.0395922257073134,1.0395922257073134,0.0,0.0,1.0,0.0031934333708223406
2024-05-07 00:00:00+00:00,20260201_193426_95a6098b_BuyHold_XLE,0.006356434569022351,0.006356434569022351,1.0462003256684862,1.0462003256684862,0.0,0.0,1.0,0.006356434569022351
2024-05-08 00:00:00+00:00,20260201_193426_95a6098b_BuyHold_XLE,-0.009549867939844692,-0.009549867939844692,1.0362092507197296,1.0362092507197296,0.0,0.0,1.0,-0.009549867939844692
2024-05-09 00:00:00+00:00,20260201_193426_95a6098b_BuyHold_XLE,0.00751113124999625,0.00751113124999625,1.0439923544043457,1.0439923544043457,0.0,0.0,1.0,0.00751113124999625
2024-05-10 00:00:00+00:00,20260201_193426_95a6098b_BuyHold_XLE,0.01351371916672317,0.01351371916672317,1.0581005738939722,1.0581005738939722,0.0,0.0,1.0,0.01351371916672317
2024-05-13 00:00:00+00:00,20260201_193426_95a6098b_BuyHold_XLE,-0.0038103822859123504,-0.0038103822859123504,1.0540688062104928,1.0540688062104928,0.0,0.0,1.0,-0.0038103822859123504
2024-05-14 00:00:00+00:00,20260201_193426_95a6098b_BuyHold_XLE,-0.007890921341640045,-0.007890921341640045,1.0457512321720095,1.0457512321720095,0.0,0.0,1.0,-0.007890921341640045
2024-05-15 00:00:00+00:00,20260201_193426_95a6098b_BuyHold_XLE,0.00022632115067766634,0.00022632115067766634,1.0459879077941971,1.0459879077941971,0.0,0.0,1.0,0.00022632115067766634
2024-05-16 00:00:00+00:00,20260201_193426_95a6098b_BuyHold_XLE,0.0020345886977874983,0.0020345886977874983,1.0481160629694175,1.0481160629694175,0.0,0.0,1.0,0.0020345886977874983
2024-05-17 00:00:00+00:00,20260201_193426_95a6098b_BuyHold_XLE,0.0013540963477294277,0.0013540963477294277,1.0495353131022809,1.0495353131022809,0.0,0.0,1.0,0.0013540963477294277
2024-05-20 00:00:00+00:00,20260201_193426_95a6098b_BuyHold_XLE,0.012550590560043151,0.012550590560043151,1.0627076010953342,1.0627076010953342,0.0,0.0,1.0,0.012550590560043151
2024-05-21 00:00:00+00:00,20260201_193426_95a6098b_BuyHold_XLE,-0.00872391172044562,-0.00872391172044562,1.053436633798732,1.053436633798732,0.0,0.0,1.0,-0.00872391172044562
2024-05-22 00:00:00+00:00,20260201_193426_95a6098b_BuyHold_XLE,-0.008574059746307316,-0.008574059746307316,1.0444044051615928,1.0444044051615928,0.0,0.0,1.0,-0.008574059746307316
2024-05-23 00:00:00+00:00,20260201_193426_95a6098b_BuyHold_XLE,-0.011394836145937504,-0.011394836145937504,1.0325035880946811,1.0325035880946811,0.0,0.0,1.0,-0.011394836145937504
2024-05-24 00:00:00+00:00,20260201_193426_95a6098b_BuyHold_XLE,-0.004824822685372432,-0.004824822685372432,1.0275219413601135,1.0275219413601135,0.0,0.0,1.0,-0.004824822685372432
2024-05-28 00:00:00+00:00,20260201_193426_95a6098b_BuyHold_XLE,-0.003229529911919826,-0.003229529911919826,1.024203528515337,1.024203528515337,0.0,0.0,1.0,-0.003229529911919826
2024-05-29 00:00:00+00:00,20260201_193426_95a6098b_BuyHold_XLE,0.0039202171731753666,0.0039202171731753666,1.0282186287766497,1.0282186287766497,0.0,0.0,1.0,0.0039202171731753666
2024-05-30 00:00:00+00:00,20260201_193426_95a6098b_BuyHold_XLE,-0.015540148057141767,-0.015540148057141767,1.0122399590503492,1.0122399590503492,0.0,0.0,1.0,-0.015540148057141767
2024-05-31 00:00:00+00:00,20260201_193426_95a6098b_BuyHold_XLE,0.003733088796375572,0.003733088796375572,1.0160187407007237,1.0160187407007237,0.0,0.0,1.0,0.003733088796375572
2024-06-03 00:00:00+00:00,20260201_193426_95a6098b_BuyHold_XLE,0.019373299644081854,0.019373299644081854,1.0357023762083215,1.0357023762083215,0.0,0.0,1.0,0.019373299644081854
2024-06-04 00:00:00+00:00,20260201_193426_95a6098b_BuyHold_XLE,-0.03297257136151144,-0.03297257136151144,1.0015526056995057,1.0015526056995057,0.0,0.0,1.0,-0.03297257136151144
2024-06-05 00:00:00+00:00,20260201_193426_95a6098b_BuyHold_XLE,0.0021223920241508765,0.0021223920241508765,1.0036782929616097,1.0036782929616097,0.0,0.0,1.0,0.0021223920241508765
2024-06-06 00:00:00+00:00,20260201_193426_95a6098b_BuyHold_XLE,-0.0044859005694459775,-0.0044859005694459775,0.9991758919356727,0.9991758919356727,0.0,0.0,1.0,-0.0044859005694459775
2024-06-07 00:00:00+00:00,20260201_193426_95a6098b_BuyHold_XLE,0.004956932137269554,0.004956932137269554,1.0041287390251936,1.0041287390251936,0.0,0.0,1.0,0.004956932137269554
2024-06-10 00:00:00+00:00,20260201_193426_95a6098b_BuyHold_XLE,0.003525682345291159,0.003525682345291159,1.007668977992774,1.007668977992774,0.0,0.0,1.0,0.003525682345291159
2024-06-11 00:00:00+00:00,20260201_193426_95a6098b_BuyHold_XLE,0.0,0.0,1.007668977992774,1.007668977992774,0.0,0.0,1.0,0.0
2024-06-12 00:00:00+00:00,20260201_193426_95a6098b_BuyHold_XLE,0.010503072395548152,0.010503072395548152,1.0182525982193802,1.0182525982193802,0.0,0.0,1.0,0.010503072395548152
2024-06-13 00:00:00+00:00,20260201_193426_95a6098b_BuyHold_XLE,-0.021117631307550955,-0.021117631307550955,0.9967495152722275,0.9967495152722275,0.0,0.0,1.0,-0.021117631307550955
2024-06-14 00:00:00+00:00,20260201_193426_95a6098b_BuyHold_XLE,-0.008573522389994537,-0.008573522389994537,0.9882038609858249,0.9882038609858249,0.0,0.0,1.0,-0.008573522389994537
2024-06-17 00:00:00+00:00,20260201_193426_95a6098b_BuyHold_XLE,-0.006238024067016568,-0.006238024067016568,0.9820394215178766,0.9820394215178766,0.0,0.0,1.0,-0.006238024067016568
2024-06-18 00:00:00+00:00,20260201_193426_95a6098b_BuyHold_XLE,0.00910403988121411,0.00910403988121411,0.9909799475762998,0.9909799475762998,0.0,0.0,1.0,0.00910403988121411
2024-06-20 00:00:00+00:00,20260201_193426_95a6098b_BuyHold_XLE,-0.0009544262237279888,-0.0009544262237279888,0.9900341303271444,0.9900341303271444,0.0,0.0,1.0,-0.0009544262237279888
2024-06-21 00:00:00+00:00,20260201_193426_95a6098b_BuyHold_XLE,0.021724585197911317,0.021724585197911317,1.0115422111402765,1.0115422111402765,0.0,0.0,1.0,0.021724585197911317
2024-06-24 00:00:00+00:00,20260201_193426_95a6098b_BuyHold_XLE,-0.005387060691521395,-0.005387060691521395,1.0060929718568281,1.0060929718568281,0.0,0.0,1.0,-0.005387060691521395
2024-06-25 00:00:00+00:00,20260201_193426_95a6098b_BuyHold_XLE,0.017229762667456683,0.017229762667456683,1.0234277149833175,1.0234277149833175,0.0,0.0,1.0,0.017229762667456683
2024-06-26 00:00:00+00:00,20260201_193426_95a6098b_BuyHold_XLE,0.004835933431416084,0.004835933431416084,1.028376943284843,1.028376943284843,0.0,0.0,1.0,0.004835933431416084
2024-06-27 00:00:00+00:00,20260201_193426_95a6098b_BuyHold_XLE,-0.0036823977169313515,-0.0036823977169313515,1.0245900503767462,1.0245900503767462,0.0,0.0,1.0,-0.0036823977169313515
2024-06-28 00:00:00+00:00,20260201_193426_95a6098b_BuyHold_XLE,0.005289192507714091,0.005289192507714091,1.0300093043946774,1.0300093043946774,0.0,0.0,1.0,0.005289192507714091
2024-07-01 00:00:00+00:00,20260201_193426_95a6098b_BuyHold_XLE,0.0013752007668088595,0.0013752007668088595,1.0314257739799013,1.0314257739799013,0.0,0.0,1.0,0.0013752007668088595
2024-07-02 00:00:00+00:00,20260201_193426_95a6098b_BuyHold_XLE,0.0,0.0,1.0314257739799013,1.0314257739799013,0.0,0.0,1.0,0.0
2024-07-03 00:00:00+00:00,20260201_193426_95a6098b_BuyHold_XLE,-0.004131288868788996,-0.004131288868788996,1.027164656160876,1.027164656160876,0.0,0.0,1.0,-0.004131288868788996
2024-07-05 00:00:00+00:00,20260201_193426_95a6098b_BuyHold_XLE,-0.00046008742472514186,-0.00046008742472514186,1.0266920706194542,1.0266920706194542,0.0,0.0,1.0,-0.00046008742472514186
2024-07-08 00:00:00+00:00,20260201_193426_95a6098b_BuyHold_XLE,-0.020221490893161498,-0.020221490893161498,1.0059308262633417,1.0059308262633417,0.0,0.0,1.0,-0.020221490893161498
2024-07-09 00:00:00+00:00,20260201_193426_95a6098b_BuyHold_XLE,-0.008725441514947363,-0.008725441514947363,0.9971536356706983,0.9971536356706983,0.0,0.0,1.0,-0.008725441514947363
2024-07-10 00:00:00+00:00,20260201_193426_95a6098b_BuyHold_XLE,-0.0016593579723100937,-0.0016593579723100937,0.9954990008357301,0.9954990008357301,0.0,0.0,1.0,-0.0016593579723100937
2024-07-11 00:00:00+00:00,20260201_193426_95a6098b_BuyHold_XLE,0.0066209747663688034,0.0066209747663688034,1.0020901746002089,1.0020901746002089,0.0,0.0,1.0,0.0066209747663688034
2024-07-12 00:00:00+00:00,20260201_193426_95a6098b_BuyHold_XLE,0.018447691864506677,0.018447691864506677,1.0205764253616831,1.0205764253616831,0.0,0.0,1.0,0.018447691864506677
2024-07-15 00:00:00+00:00,20260201_193426_95a6098b_BuyHold_XLE,0.002080204147795417,0.002080204147795417,1.0226994326748626,1.0226994326748626,0.0,0.0,1.0,0.002080204147795417
2024-07-16 00:00:00+00:00,20260201_193426_95a6098b_BuyHold_XLE,0.0032272964848658603,0.0032272964848658603,1.0259999869590086,1.0259999869590086,0.0,0.0,1.0,0.0032272964848658603
2024-07-17 00:00:00+00:00,20260201_193426_95a6098b_BuyHold_XLE,0.013033224386914455,0.013033224386914455,1.0393720750100166,1.0393720750100166,0.0,0.0,1.0,0.013033224386914455
2024-07-18 00:00:00+00:00,20260201_193426_95a6098b_BuyHold_XLE,0.0074686326572726,0.0074686326572726,1.0471347632324937,1.0471347632324937,0.0,0.0,1.0,0.0074686326572726
2024-07-19 00:00:00+00:00,20260201_193426_95a6098b_BuyHold_XLE,0.0,0.0,1.0471347632324937,1.0471347632324937,0.0,0.0,1.0,0.0
2024-07-22 00:00:00+00:00,20260201_193426_95a6098b_BuyHold_XLE,-0.01384969350696652,-0.01384969350696652,1.0326322677012336,1.0326322677012336,0.0,0.0,1.0,-0.01384969350696652
2024-07-23 00:00:00+00:00,20260201_193426_95a6098b_BuyHold_XLE,-0.004812659684415799,-0.004812659684415799,1.027662560017641,1.027662560017641,0.0,0.0,1.0,-0.004812659684415799
2024-07-24 00:00:00+00:00,20260201_193426_95a6098b_BuyHold_XLE,-0.007609860314141237,-0.007609860314141237,1.019842191485834,1.019842191485834,0.0,0.0,1.0,-0.007609860314141237
2024-07-25 00:00:00+00:00,20260201_193426_95a6098b_BuyHold_XLE,-0.004175371410480633,-0.004175371410480633,1.0155839715563022,1.0155839715563022,0.0,0.0,1.0,-0.004175371410480633
2024-07-26 00:00:00+00:00,20260201_193426_95a6098b_BuyHold_XLE,0.0156829782619603,0.0156829782619603,1.031511352905415,1.031511352905415,0.0,0.0,1.0,0.0156829782619603
2024-07-29 00:00:00+00:00,20260201_193426_95a6098b_BuyHold_XLE,0.004338401598598107,0.004338401598598107,1.035986463407832,1.035986463407832,0.0,0.0,1.0,0.004338401598598107
2024-07-30 00:00:00+00:00,20260201_193426_95a6098b_BuyHold_XLE,-0.0068587374498414455,-0.0068587374498414455,1.028880904253728,1.028880904253728,0.0,0.0,1.0,-0.0068587374498414455
2024-07-31 00:00:00+00:00,20260201_193426_95a6098b_BuyHold_XLE,0.026040189811682435,0.026040189811682435,1.0556731582941103,1.0556731582941103,0.0,0.0,1.0,0.026040189811682435
2024-08-01 00:00:00+00:00,20260201_193426_95a6098b_BuyHold_XLE,-0.01010903812687669,-0.01010903812687669,1.045001318087395,1.045001318087395,0.0,0.0,1.0,-0.01010903812687669
2024-08-02 00:00:00+00:00,20260201_193426_95a6098b_BuyHold_XLE,-0.03328667235555871,-0.03328667235555871,1.0102167016010928,1.0102167016010928,0.0,0.0,1.0,-0.03328667235555871
2024-08-05 00:00:00+00:00,20260201_193426_95a6098b_BuyHold_XLE,-0.04097762443263875,-0.04097762443263875,0.9688204210073041,0.9688204210073041,0.0,0.0,1.0,-0.04097762443263875
2024-08-06 00:00:00+00:00,20260201_193426_95a6098b_BuyHold_XLE,0.002186324203816703,0.002186324203816703,0.9709385765429043,0.9709385765429043,0.0,0.0,1.0,0.002186324203816703
2024-08-07 00:00:00+00:00,20260201_193426_95a6098b_BuyHold_XLE,0.017797487562489334,0.017797487562489334,0.9882188437828677,0.9882188437828677,0.0,0.0,1.0,0.017797487562489334
2024-08-08 00:00:00+00:00,20260201_193426_95a6098b_BuyHold_XLE,-0.005977304108459425,-0.005977304108459425,0.9823119592278674,0.9823119592278674,0.0,0.0,1.0,-0.005977304108459425
2024-08-09 00:00:00+00:00,20260201_193426_95a6098b_BuyHold_XLE,0.016175424035397068,0.016175424035397068,0.9982012717034199,0.9982012717034199,0.0,0.0,1.0,0.016175424035397068
2024-08-12 00:00:00+00:00,20260201_193426_95a6098b_BuyHold_XLE,0.009394150814106439,0.009394150814106439,1.0075785249926346,1.0075785249926346,0.0,0.0,1.0,0.009394150814106439
2024-08-13 00:00:00+00:00,20260201_193426_95a6098b_BuyHold_XLE,-0.005390848634876377,-0.005390848634876377,1.0021468216766474,1.0021468216766474,0.0,0.0,1.0,-0.005390848634876377
2024-08-14 00:00:00+00:00,20260201_193426_95a6098b_BuyHold_XLE,-0.004711433921319674,-0.004711433921319674,0.9974252731468574,0.9974252731468574,0.0,0.0,1.0,-0.004711433921319674
2024-08-15 00:00:00+00:00,20260201_193426_95a6098b_BuyHold_XLE,0.012203859511822124,0.012203859511822124,1.0095977110538825,1.0095977110538825,0.0,0.0,1.0,0.012203859511822124
2024-08-16 00:00:00+00:00,20260201_193426_95a6098b_BuyHold_XLE,-0.0011669974483488055,-0.0011669974483488055,1.008419513101224,1.008419513101224,0.0,0.0,1.0,-0.0011669974483488055
2024-08-19 00:00:00+00:00,20260201_193426_95a6098b_BuyHold_XLE,0.008372141925124588,0.008372141925124588,1.0168621443849724,1.0168621443849724,0.0,0.0,1.0,0.008372141925124588
2024-08-20 00:00:00+00:00,20260201_193426_95a6098b_BuyHold_XLE,0.0023132094515645463,0.0023132094515645463,1.0192143595083019,1.0192143595083019,0.0,0.0,1.0,0.0023132094515645463
2024-08-21 00:00:00+00:00,20260201_193426_95a6098b_BuyHold_XLE,-0.018421880411505498,-0.018421880411505498,1.0004385144637506,1.0004385144637506,0.0,0.0,1.0,-0.018421880411505498
2024-08-22 00:00:00+00:00,20260201_193426_95a6098b_BuyHold_XLE,-0.004954593124683715,-0.004954593124683715,0.9954817486783197,0.9954817486783197,0.0,0.0,1.0,-0.004954593124683715
2024-08-23 00:00:00+00:00,20260201_193426_95a6098b_BuyHold_XLE,0.008478618855552345,0.008478618855552345,1.003922059003022,1.003922059003022,0.0,0.0,1.0,0.008478618855552345
2024-08-26 00:00:00+00:00,20260201_193426_95a6098b_BuyHold_XLE,0.021346518207170817,0.021346518207170817,1.0253522995141104,1.0253522995141104,0.0,0.0,1.0,0.021346518207170817
2024-08-27 00:00:00+00:00,20260201_193426_95a6098b_BuyHold_XLE,-0.004832594838208859,-0.004832594838208859,1.0203971872841329,1.0203971872841329,0.0,0.0,1.0,-0.004832594838208859
2024-08-28 00:00:00+00:00,20260201_193426_95a6098b_BuyHold_XLE,-0.013937507843782004,-0.013937507843782004,1.0061753934825872,1.0061753934825872,0.0,0.0,1.0,-0.013937507843782004
2024-08-29 00:00:00+00:00,20260201_193426_95a6098b_BuyHold_XLE,0.005365695831595296,0.005365695831595296,1.0115742245972505,1.0115742245972505,0.0,0.0,1.0,0.005365695831595296
2024-08-30 00:00:00+00:00,20260201_193426_95a6098b_BuyHold_XLE,-0.0023293744518175785,-0.0023293744518175785,1.0092178894423565,1.0092178894423565,0.0,0.0,1.0,-0.0023293744518175785
2024-09-03 00:00:00+00:00,20260201_193426_95a6098b_BuyHold_XLE,-0.003972431909171625,-0.003972431909171625,1.0052088400950288,1.0052088400950288,0.0,0.0,1.0,-0.003972431909171625
2024-09-04 00:00:00+00:00,20260201_193426_95a6098b_BuyHold_XLE,-0.007284722615462869,-0.007284722615462869,0.9978861725243253,0.9978861725243253,0.0,0.0,1.0,-0.007284722615462869
2024-09-05 00:00:00+00:00,20260201_193426_95a6098b_BuyHold_XLE,-0.0075757938084577425,-0.0075757938084577425,0.99032639263697,0.99032639263697,0.0,0.0,1.0,-0.0075757938084577425
2024-09-06 00:00:00+00:00,20260201_193426_95a6098b_BuyHold_XLE,-0.011712814674634142,-0.011712814674634142,0.9787268831326141,0.9787268831326141,0.0,0.0,1.0,-0.011712814674634142
2024-09-09 00:00:00+00:00,20260201_193426_95a6098b_BuyHold_XLE,-0.01258182578635303,-0.01258182578635303,0.9664127119966193,0.9664127119966193,0.0,0.0,1.0,-0.01258182578635303
2024-09-10 00:00:00+00:00,20260201_193426_95a6098b_BuyHold_XLE,0.0060687162829706764,0.0060687162829706764,0.972277596557983,0.972277596557983,0.0,0.0,1.0,0.0060687162829706764
2024-09-11 00:00:00+00:00,20260201_193426_95a6098b_BuyHold_XLE,-0.02152725009916745,-0.02152725009916745,0.9513471335710618,0.9513471335710618,0.0,0.0,1.0,-0.02152725009916745
2024-09-12 00:00:00+00:00,20260201_193426_95a6098b_BuyHold_XLE,-0.004709390287698234,-0.004709390287698234,0.9468668686199927,0.9468668686199927,0.0,0.0,1.0,-0.004709390287698234
2024-09-13 00:00:00+00:00,20260201_193426_95a6098b_BuyHold_XLE,0.009888832129247405,0.009888832129247405,0.956230276132522,0.956230276132522,0.0,0.0,1.0,0.009888832129247405
2024-09-16 00:00:00+00:00,20260201_193426_95a6098b_BuyHold_XLE,0.01222509112925918,0.01222509112925918,0.9679202783987987,0.9679202783987987,0.0,0.0,1.0,0.01222509112925918
2024-09-17 00:00:00+00:00,20260201_193426_95a6098b_BuyHold_XLE,0.0007287744765642756,0.0007287744765642756,0.9686256739930447,0.9686256739930447,0.0,0.0,1.0,0.0007287744765642756
2024-09-18 00:00:00+00:00,20260201_193426_95a6098b_BuyHold_XLE,0.012548427205112844,0.012548427205112844,0.9807804027521497,0.9807804027521497,0.0,0.0,1.0,0.012548427205112844
2024-09-19 00:00:00+00:00,20260201_193426_95a6098b_BuyHold_XLE,0.019002947125615233,0.019002947125615233,0.9994181208874885,0.9994181208874885,0.0,0.0,1.0,0.019002947125615233
2024-09-20 00:00:00+00:00,20260201_193426_95a6098b_BuyHold_XLE,-0.0077950081719029285,-0.0077950081719029285,0.9916276484680226,0.9916276484680226,0.0,0.0,1.0,-0.0077950081719029285
2024-09-23 00:00:00+00:00,20260201_193426_95a6098b_BuyHold_XLE,0.002368546820230133,0.002368546820230133,0.9939763649816539,0.9939763649816539,0.0,0.0,1.0,0.002368546820230133
2024-09-24 00:00:00+00:00,20260201_193426_95a6098b_BuyHold_XLE,0.021762880671366336,0.021762880671366336,1.015608154002908,1.015608154002908,0.0,0.0,1.0,0.021762880671366336
2024-09-25 00:00:00+00:00,20260201_193426_95a6098b_BuyHold_XLE,-0.01563078598452261,-0.01563078598452261,0.9997334003035525,0.9997334003035525,0.0,0.0,1.0,-0.01563078598452261
2024-09-26 00:00:00+00:00,20260201_193426_95a6098b_BuyHold_XLE,-0.03761372853428968,-0.03761372853428968,0.9621296995778723,0.9621296995778723,0.0,0.0,1.0,-0.03761372853428968
2024-09-27 00:00:00+00:00,20260201_193426_95a6098b_BuyHold_XLE,0.006812678417506657,0.006812678417506657,0.9686843798170286,0.9686843798170286,0.0,0.0,1.0,0.006812678417506657
2024-09-30 00:00:00+00:00,20260201_193426_95a6098b_BuyHold_XLE,0.012530284425623872,0.012530284425623872,0.980822270614795,0.980822270614795,0.0,0.0,1.0,0.012530284425623872
2024-10-01 00:00:00+00:00,20260201_193426_95a6098b_BuyHold_XLE,0.001435750426104665,0.001435750426104665,0.9822304866077631,0.9822304866077631,0.0,0.0,1.0,0.001435750426104665
2024-10-02 00:00:00+00:00,20260201_193426_95a6098b_BuyHold_XLE,0.04214106677299512,0.04214106677299512,1.0236227271303724,1.0236227271303724,0.0,0.0,1.0,0.04214106677299512
2024-10-03 00:00:00+00:00,20260201_193426_95a6098b_BuyHold_XLE,0.000687521512128253,0.000687521512128253,1.024326489775578,1.024326489775578,0.0,0.0,1.0,0.000687521512128253
2024-10-04 00:00:00+00:00,20260201_193426_95a6098b_BuyHold_XLE,0.022427035787444538,0.022427035787444538,1.0472990966198024,1.0472990966198024,0.0,0.0,1.0,0.022427035787444538
2024-10-07 00:00:00+00:00,20260201_193426_95a6098b_BuyHold_XLE,0.002237637988927954,0.002237637988927954,1.0496425728641687,1.0496425728641687,0.0,0.0,1.0,0.002237637988927954
2024-10-08 00:00:00+00:00,20260201_193426_95a6098b_BuyHold_XLE,-0.009883279010893808,-0.009883279010893808,1.0392686624548397,1.0392686624548397,0.0,0.0,1.0,-0.009883279010893808
2024-10-09 00:00:00+00:00,20260201_193426_95a6098b_BuyHold_XLE,-0.02121671920381507,-0.02121671920381507,1.017218791066211,1.017218791066211,0.0,0.0,1.0,-0.02121671920381507
2024-10-10 00:00:00+00:00,20260201_193426_95a6098b_BuyHold_XLE,0.018956831236377703,0.018956831236377703,1.0365020360189252,1.0365020360189252,0.0,0.0,1.0,0.018956831236377703
2024-10-11 00:00:00+00:00,20260201_193426_95a6098b_BuyHold_XLE,0.0011305823702860707,0.0011305823702860707,1.0376738869476139,1.0376738869476139,0.0,0.0,1.0,0.0011305823702860707
2024-10-14 00:00:00+00:00,20260201_193426_95a6098b_BuyHold_XLE,0.000677736386497596,0.000677736386497596,1.0383771562981166,1.0383771562981166,0.0,0.0,1.0,0.000677736386497596
2024-10-15 00:00:00+00:00,20260201_193426_95a6098b_BuyHold_XLE,0.004956081331758622,0.004956081331758622,1.0435234379377702,1.0435234379377702,0.0,0.0,1.0,0.004956081331758622
2024-10-16 00:00:00+00:00,20260201_193426_95a6098b_BuyHold_XLE,-0.03103854821118457,-0.03103854821118457,1.0111339853998378,1.0111339853998378,0.0,0.0,1.0,-0.03103854821118457
2024-10-17 00:00:00+00:00,20260201_193426_95a6098b_BuyHold_XLE,0.004856062265540917,0.004856062265540917,1.0160441149917439,1.0160441149917439,0.0,0.0,1.0,0.004856062265540917
2024-10-18 00:00:00+00:00,20260201_193426_95a6098b_BuyHold_XLE,0.002534271601732474,0.002534271601732474,1.0186190467384748,1.0186190467384748,0.0,0.0,1.0,0.002534271601732474
2024-10-21 00:00:00+00:00,20260201_193426_95a6098b_BuyHold_XLE,-0.004150340290057564,-0.004150340290057564,1.014391431068576,1.014391431068576,0.0,0.0,1.0,-0.004150340290057564
2024-10-22 00:00:00+00:00,20260201_193426_95a6098b_BuyHold_XLE,0.004150340290057564,0.004150340290057564,1.018601500694829,1.018601500694829,0.0,0.0,1.0,0.004150340290057564
2024-10-23 00:00:00+00:00,20260201_193426_95a6098b_BuyHold_XLE,-0.0053062761487430166,-0.0053062761487430166,1.0131965198466182,1.0131965198466182,0.0,0.0,1.0,-0.0053062761487430166
2024-10-24 00:00:00+00:00,20260201_193426_95a6098b_BuyHold_XLE,-0.0011572735928790934,-0.0011572735928790934,1.0120239742698027,1.0120239742698027,0.0,0.0,1.0,-0.0011572735928790934
2024-10-25 00:00:00+00:00,20260201_193426_95a6098b_BuyHold_XLE,0.0036985710215517997,0.0036985710215517997,1.0157670168141526,1.0157670168141526,0.0,0.0,1.0,0.0036985710215517997
2024-10-28 00:00:00+00:00,20260201_193426_95a6098b_BuyHold_XLE,-0.027604091875106374,-0.027604091875106374,0.987727690758312,0.987727690758312,0.0,0.0,1.0,-0.027604091875106374
2024-10-29 00:00:00+00:00,20260201_193426_95a6098b_BuyHold_XLE,0.011086326544011982,0.011086326544011982,0.9986779624746216,0.9986779624746216,0.0,0.0,1.0,0.011086326544011982
2024-10-30 00:00:00+00:00,20260201_193426_95a6098b_BuyHold_XLE,-0.007771144724886714,-0.007771144724886714,0.9909170914946763,0.9909170914946763,0.0,0.0,1.0,-0.007771144724886714
2024-10-31 00:00:00+00:00,20260201_193426_95a6098b_BuyHold_XLE,0.004952256318466741,0.004952256318466741,0.9958243669221075,0.9958243669221075,0.0,0.0,1.0,0.004952256318466741
2024-11-01 00:00:00+00:00,20260201_193426_95a6098b_BuyHold_XLE,0.01262288850304083,0.01262288850304083,1.0083945468743765,1.0083945468743765,0.0,0.0,1.0,0.01262288850304083
2024-11-04 00:00:00+00:00,20260201_193426_95a6098b_BuyHold_XLE,-0.010977571408406384,-0.010977571408406384,0.9973248237282154,0.9973248237282154,0.0,0.0,1.0,-0.010977571408406384
2024-11-05 00:00:00+00:00,20260201_193426_95a6098b_BuyHold_XLE,0.013992765621328118,0.013992765621328118,1.0112801562349767,1.0112801562349767,0.0,0.0,1.0,0.013992765621328118
2024-11-06 00:00:00+00:00,20260201_193426_95a6098b_BuyHold_XLE,0.031234728830156655,0.031234728830156655,1.0428672176862945,1.0428672176862945,0.0,0.0,1.0,0.031234728830156655
2024-11-07 00:00:00+00:00,20260201_193426_95a6098b_BuyHold_XLE,0.006934375175243979,0.006934375175243979,1.0500988502316941,1.0500988502316941,0.0,0.0,1.0,0.006934375175243979
2024-11-08 00:00:00+00:00,20260201_193426_95a6098b_BuyHold_XLE,-0.003125700245218521,-0.003125700245218521,1.0468165559980211,1.0468165559980211,0.0,0.0,1.0,-0.003125700245218521
2024-11-11 00:00:00+00:00,20260201_193426_95a6098b_BuyHold_XLE,0.006241660923476111,0.006241660923476111,1.053350429989642,1.053350429989642,0.0,0.0,1.0,0.006241660923476111
2024-11-12 00:00:00+00:00,20260201_193426_95a6098b_BuyHold_XLE,0.00818860390555276,0.00818860390555276,1.0619758994345707,1.0619758994345707,0.0,0.0,1.0,0.00818860390555276
2024-11-13 00:00:00+00:00,20260201_193426_95a6098b_BuyHold_XLE,-0.006856158671773915,-0.006856158671773915,1.0546948241624474,1.0546948241624474,0.0,0.0,1.0,-0.006856158671773915
2024-11-14 00:00:00+00:00,20260201_193426_95a6098b_BuyHold_XLE,0.012789589989776307,0.012789589989776307,1.0681839385278242,1.0681839385278242,0.0,0.0,1.0,0.012789589989776307
2024-11-15 00:00:00+00:00,20260201_193426_95a6098b_BuyHold_XLE,-0.004391750580978737,-0.004391750580978737,1.0634927410952024,1.0634927410952024,0.0,0.0,1.0,-0.004391750580978737
2024-11-18 00:00:00+00:00,20260201_193426_95a6098b_BuyHold_XLE,0.008327902612453641,0.008327902612453641,1.0723494050720945,1.0723494050720945,0.0,0.0,1.0,0.008327902612453641
2024-11-19 00:00:00+00:00,20260201_193426_95a6098b_BuyHold_XLE,-0.003279049828441849,-0.003279049828441849,1.068833117939363,1.068833117939363,0.0,0.0,1.0,-0.003279049828441849
2024-11-20 00:00:00+00:00,20260201_193426_95a6098b_BuyHold_XLE,0.00545912481440336,0.00545912481440336,1.074668011335962,1.074668011335962,0.0,0.0,1.0,0.00545912481440336
2024-11-21 00:00:00+00:00,20260201_193426_95a6098b_BuyHold_XLE,0.011045050020519032,0.011045050020519032,1.0865377732766193,1.0865377732766193,0.0,0.0,1.0,0.011045050020519032
2024-11-22 00:00:00+00:00,20260201_193426_95a6098b_BuyHold_XLE,0.003440123796875305,0.003440123796875305,1.090275597726672,1.090275597726672,0.0,0.0,1.0,0.003440123796875305
2024-11-25 00:00:00+00:00,20260201_193426_95a6098b_BuyHold_XLE,0.0019298815896497956,0.0019298815896497956,1.0923797005303693,1.0923797005303693,0.0,0.0,1.0,0.0019298815896497956
2024-11-26 00:00:00+00:00,20260201_193426_95a6098b_BuyHold_XLE,-0.018595130393005643,-0.018595130393005643,1.0720667575603346,1.0720667575603346,0.0,0.0,1.0,-0.018595130393005643
2024-11-27 00:00:00+00:00,20260201_193426_95a6098b_BuyHold_XLE,-0.0021848380987399274,-0.0021848380987399274,1.0697244652640243,1.0697244652640243,0.0,0.0,1.0,-0.0021848380987399274
2024-11-29 00:00:00+00:00,20260201_193426_95a6098b_BuyHold_XLE,-0.0006563833514294792,-0.0006563833514294792,1.069022315934408,1.069022315934408,0.0,0.0,1.0,-0.0006563833514294792
2024-12-02 00:00:00+00:00,20260201_193426_95a6098b_BuyHold_XLE,0.0028412214501694066,0.0028412214501694066,1.0720596450691506,1.0720596450691506,0.0,0.0,1.0,0.0028412214501694066
2024-12-03 00:00:00+00:00,20260201_193426_95a6098b_BuyHold_XLE,-0.00306011167759479,-0.00306011167759479,1.0687790228301963,1.0687790228301963,0.0,0.0,1.0,-0.00306011167759479
2024-12-04 00:00:00+00:00,20260201_193426_95a6098b_BuyHold_XLE,-0.009016003899887437,-0.009016003899887437,1.0591429069922413,1.0591429069922413,0.0,0.0,1.0,-0.009016003899887437
2024-12-05 00:00:00+00:00,20260201_193426_95a6098b_BuyHold_XLE,-0.016930678420104428,-0.016930678420104428,1.041210899033021,1.041210899033021,0.0,0.0,1.0,-0.016930678420104428
2024-12-06 00:00:00+00:00,20260201_193426_95a6098b_BuyHold_XLE,-0.004954965092656138,-0.004954965092656138,1.0360517353742194,1.0360517353742194,0.0,0.0,1.0,-0.004954965092656138
2024-12-09 00:00:00+00:00,20260201_193426_95a6098b_BuyHold_XLE,-0.005433565552918296,-0.005433565552918296,1.0304222803538488,1.0304222803538488,0.0,0.0,1.0,-0.005433565552918296
2024-12-10 00:00:00+00:00,20260201_193426_95a6098b_BuyHold_XLE,-0.004550633563996431,-0.004550633563996431,1.0257332061397808,1.0257332061397808,0.0,0.0,1.0,-0.004550633563996431
2024-12-11 00:00:00+00:00,20260201_193426_95a6098b_BuyHold_XLE,-0.01169872270997896,-0.01169872270997896,1.0137334377867337,1.0137334377867337,0.0,0.0,1.0,-0.01169872270997896
2024-12-12 00:00:00+00:00,20260201_193426_95a6098b_BuyHold_XLE,-0.0016164418714197382,-0.0016164418714197382,1.012094796611437,1.012094796611437,0.0,0.0,1.0,-0.0016164418714197382
2024-12-13 00:00:00+00:00,20260201_193426_95a6098b_BuyHold_XLE,-0.0034726276360519392,-0.0034726276360519392,1.0085801682504199,1.0085801682504199,0.0,0.0,1.0,-0.0034726276360519392
2024-12-16 00:00:00+00:00,20260201_193426_95a6098b_BuyHold_XLE,-0.010725213557537305,-0.010725213557537305,0.9977629305560372,0.9977629305560372,0.0,0.0,1.0,-0.010725213557537305
2024-12-17 00:00:00+00:00,20260201_193426_95a6098b_BuyHold_XLE,-0.02853260603557084,-0.02853260603557084,0.9692941539415851,0.9692941539415851,0.0,0.0,1.0,-0.02853260603557084
2024-12-18 00:00:00+00:00,20260201_193426_95a6098b_BuyHold_XLE,-0.0019314346902361557,-0.0019314346902361557,0.9674220255876192,0.9674220255876192,0.0,0.0,1.0,-0.0019314346902361557
2024-12-19 00:00:00+00:00,20260201_193426_95a6098b_BuyHold_XLE,-0.01558726151873735,-0.01558726151873735,0.9523425654757984,0.9523425654757984,0.0,0.0,1.0,-0.01558726151873735
2024-12-20 00:00:00+00:00,20260201_193426_95a6098b_BuyHold_XLE,-0.020834086902842053,-0.020834086902842053,0.9325013777054001,0.9325013777054001,0.0,0.0,1.0,-0.020834086902842053
2024-12-23 00:00:00+00:00,20260201_193426_95a6098b_BuyHold_XLE,0.00997514505681929,0.00997514505681929,0.9418032142136953,0.9418032142136953,0.0,0.0,1.0,0.00997514505681929
2024-12-24 00:00:00+00:00,20260201_193426_95a6098b_BuyHold_XLE,0.010122293562250473,0.010122293562250473,0.9513364228258374,0.9513364228258374,0.0,0.0,1.0,0.010122293562250473
2024-12-26 00:00:00+00:00,20260201_193426_95a6098b_BuyHold_XLE,0.005389527989423826,0.005389527989423826,0.9564636771040156,0.9564636771040156,0.0,0.0,1.0,0.005389527989423826
2024-12-27 00:00:00+00:00,20260201_193426_95a6098b_BuyHold_XLE,-0.0014669929281256877,-0.0014669929281256877,0.9550605516536949,0.9550605516536949,0.0,0.0,1.0,-0.0014669929281256877
2024-12-30 00:00:00+00:00,20260201_193426_95a6098b_BuyHold_XLE,0.0012226435072402175,0.0012226435072402175,0.9562282502361955,0.9562282502361955,0.0,0.0,1.0,0.0012226435072402175
2024-12-31 00:00:00+00:00,20260201_193426_95a6098b_BuyHold_XLE,0.0017091934328203884,0.0017091934328203884,0.9578626292817766,0.9578626292817766,0.0,0.0,1.0,0.0017091934328203884
2025-01-02 00:00:00+00:00,20260201_193426_95a6098b_BuyHold_XLE,0.018850243992837523,0.018850243992837523,0.9759185735553589,0.9759185735553589,0.0,0.0,1.0,0.018850243992837523
2025-01-03 00:00:00+00:00,20260201_193426_95a6098b_BuyHold_XLE,0.010241842532882295,0.010241842532882295,0.9859137779106281,0.9859137779106281,0.0,0.0,1.0,0.010241842532882295
2025-01-06 00:00:00+00:00,20260201_193426_95a6098b_BuyHold_XLE,0.006848533084754305,0.006848533084754305,0.9926658410373641,0.9926658410373641,0.0,0.0,1.0,0.006848533084754305
2025-01-07 00:00:00+00:00,20260201_193426_95a6098b_BuyHold_XLE,-0.0016488049901841606,-0.0016488049901841606,0.9910291286450763,0.9910291286450763,0.0,0.0,1.0,-0.0016488049901841606
2025-01-08 00:00:00+00:00,20260201_193426_95a6098b_BuyHold_XLE,-0.005199728094570144,-0.005199728094570144,0.9858760466423231,0.9858760466423231,0.0,0.0,1.0,-0.005199728094570144
2025-01-10 00:00:00+00:00,20260201_193426_95a6098b_BuyHold_XLE,0.023420274208098668,0.023420274208098668,1.0089655339898826,1.0089655339898826,0.0,0.0,1.0,0.023420274208098668
2025-01-13 00:00:00+00:00,20260201_193426_95a6098b_BuyHold_XLE,-0.005105604035700484,-0.005105604035700484,1.0038141554876612,1.0038141554876612,0.0,0.0,1.0,-0.005105604035700484
2025-01-14 00:00:00+00:00,20260201_193426_95a6098b_BuyHold_XLE,0.013633948914986593,0.013633948914986593,1.0175001064037204,1.0175001064037204,0.0,0.0,1.0,0.013633948914986593
2025-01-15 00:00:00+00:00,20260201_193426_95a6098b_BuyHold_XLE,0.01819472526146715,0.01819472526146715,1.0360132412932497,1.0360132412932497,0.0,0.0,1.0,0.01819472526146715
2025-01-16 00:00:00+00:00,20260201_193426_95a6098b_BuyHold_XLE,0.005842713250360454,0.005842713250360454,1.0420663695857026,1.0420663695857026,0.0,0.0,1.0,0.005842713250360454
2025-01-17 00:00:00+00:00,20260201_193426_95a6098b_BuyHold_XLE,0.009144705190256452,0.009144705190256452,1.0515957593242446,1.0515957593242446,0.0,0.0,1.0,0.009144705190256452
2025-01-21 00:00:00+00:00,20260201_193426_95a6098b_BuyHold_XLE,0.005976774847611832,0.005976774847611832,1.057880910408429,1.057880910408429,0.0,0.0,1.0,0.005976774847611832
2025-01-22 00:00:00+00:00,20260201_193426_95a6098b_BuyHold_XLE,-0.004867266246054047,-0.004867266246054047,1.0527319223608531,1.0527319223608531,0.0,0.0,1.0,-0.004867266246054047
2025-01-23 00:00:00+00:00,20260201_193426_95a6098b_BuyHold_XLE,-0.007345608989268282,-0.007345608989268282,1.0449989652886695,1.0449989652886695,0.0,0.0,1.0,-0.007345608989268282
2025-01-24 00:00:00+00:00,20260201_193426_95a6098b_BuyHold_XLE,-0.0022366370317126183,-0.0022366370317126183,1.0426616819048036,1.0426616819048036,0.0,0.0,1.0,-0.0022366370317126183
2025-01-27 00:00:00+00:00,20260201_193426_95a6098b_BuyHold_XLE,-0.015115911051383435,-0.015115911051383435,1.0269009006644447,1.0269009006644447,0.0,0.0,1.0,-0.015115911051383435
2025-01-28 00:00:00+00:00,20260201_193426_95a6098b_BuyHold_XLE,-0.002731620182506056,-0.002731620182506056,1.0240957974387561,1.0240957974387561,0.0,0.0,1.0,-0.002731620182506056
2025-01-29 00:00:00+00:00,20260201_193426_95a6098b_BuyHold_XLE,-0.014696016498581876,-0.014696016498581876,1.009045668703468,1.009045668703468,0.0,0.0,1.0,-0.014696016498581876
2025-01-30 00:00:00+00:00,20260201_193426_95a6098b_BuyHold_XLE,0.011270964628797397,0.011270964628797397,1.0204185867442659,1.0204185867442659,0.0,0.0,1.0,0.011270964628797397
2025-01-31 00:00:00+00:00,20260201_193426_95a6098b_BuyHold_XLE,-0.004125607501936468,-0.004125607501936468,1.0162087401676783,1.0162087401676783,0.0,0.0,1.0,-0.004125607501936468
2025-02-03 00:00:00+00:00,20260201_193426_95a6098b_BuyHold_XLE,-0.028656591074425197,-0.028656591074425197,0.9870876618544363,0.9870876618544363,0.0,0.0,1.0,-0.028656591074425197
2025-02-04 00:00:00+00:00,20260201_193426_95a6098b_BuyHold_XLE,0.002832194482257133,0.002832194482257133,0.9898832860838446,0.9898832860838446,0.0,0.0,1.0,0.002832194482257133
2025-02-05 00:00:00+00:00,20260201_193426_95a6098b_BuyHold_XLE,0.02605404408427825,0.02605404408427825,1.0156737488577632,1.0156737488577632,0.0,0.0,1.0,0.02605404408427825
2025-02-06 00:00:00+00:00,20260201_193426_95a6098b_BuyHold_XLE,0.008460093902763699,0.008460093902763699,1.0242664441476719,1.0242664441476719,0.0,0.0,1.0,0.008460093902763699
2025-02-07 00:00:00+00:00,20260201_193426_95a6098b_BuyHold_XLE,-0.0209371504056306,-0.0209371504056306,1.0028212235511116,1.0028212235511116,0.0,0.0,1.0,-0.0209371504056306
2025-02-10 00:00:00+00:00,20260201_193426_95a6098b_BuyHold_XLE,0.005564586582243791,0.005564586582243791,1.0084015090760734,1.0084015090760734,0.0,0.0,1.0,0.005564586582243791
2025-02-11 00:00:00+00:00,20260201_193426_95a6098b_BuyHold_XLE,0.01651034981483024,0.01651034981483024,1.0250505707447222,1.0250505707447222,0.0,0.0,1.0,0.01651034981483024
2025-02-12 00:00:00+00:00,20260201_193426_95a6098b_BuyHold_XLE,-0.004102102379411665,-0.004102102379411665,1.0208457083594529,1.0208457083594529,0.0,0.0,1.0,-0.004102102379411665
2025-02-13 00:00:00+00:00,20260201_193426_95a6098b_BuyHold_XLE,-0.01890328302640354,-0.01890328302640354,1.0015483730080448,1.0015483730080448,0.0,0.0,1.0,-0.01890328302640354
2025-02-14 00:00:00+00:00,20260201_193426_95a6098b_BuyHold_XLE,0.014784284067771658,0.014784284067771658,1.0163555486622102,1.0163555486622102,0.0,0.0,1.0,0.014784284067771658
2025-02-18 00:00:00+00:00,20260201_193426_95a6098b_BuyHold_XLE,0.0032051309489480317,0.0032051309489480317,1.0196131012863625,1.0196131012863625,0.0,0.0,1.0,0.0032051309489480317
2025-02-19 00:00:00+00:00,20260201_193426_95a6098b_BuyHold_XLE,0.015648351967806118,0.015648351967806118,1.0355683659662778,1.0355683659662778,0.0,0.0,1.0,0.015648351967806118
2025-02-20 00:00:00+00:00,20260201_193426_95a6098b_BuyHold_XLE,-0.00022504782361210118,-0.00022504782361210118,1.0353353135593155,1.0353353135593155,0.0,0.0,1.0,-0.00022504782361210118
2025-02-21 00:00:00+00:00,20260201_193426_95a6098b_BuyHold_XLE,0.0051633294641946215,0.0051633294641946215,1.0406810908891375,1.0406810908891375,0.0,0.0,1.0,0.0051633294641946215
2025-02-24 00:00:00+00:00,20260201_193426_95a6098b_BuyHold_XLE,-0.013072081567353067,-0.013072081567353067,1.0270772227834328,1.0270772227834328,0.0,0.0,1.0,-0.013072081567353067
2025-02-25 00:00:00+00:00,20260201_193426_95a6098b_BuyHold_XLE,-0.0020438294840303683,-0.0020438294840303683,1.024978052073132,1.024978052073132,0.0,0.0,1.0,-0.0020438294840303683
2025-02-26 00:00:00+00:00,20260201_193426_95a6098b_BuyHold_XLE,-0.015578780134092973,-0.015578780134092973,1.0090101443576138,1.0090101443576138,0.0,0.0,1.0,-0.015578780134092973
2025-02-27 00:00:00+00:00,20260201_193426_95a6098b_BuyHold_XLE,0.001845444583723932,0.001845444583723932,1.0108722166634412,1.0108722166634412,0.0,0.0,1.0,0.001845444583723932
2025-02-28 00:00:00+00:00,20260201_193426_95a6098b_BuyHold_XLE,-0.0046200128376496785,-0.0046200128376496785,1.0062019740452326,1.0062019740452326,0.0,0.0,1.0,-0.0046200128376496785
2025-03-03 00:00:00+00:00,20260201_193426_95a6098b_BuyHold_XLE,0.024472347650293713,0.024472347650293713,1.0308260985604794,1.0308260985604794,0.0,0.0,1.0,0.024472347650293713
2025-03-04 00:00:00+00:00,20260201_193426_95a6098b_BuyHold_XLE,-0.05431829461011661,-0.05431829461011661,0.9748333828470741,0.9748333828470741,0.0,0.0,1.0,-0.05431829461011661
2025-03-05 00:00:00+00:00,20260201_193426_95a6098b_BuyHold_XLE,-0.010310605668010009,-0.010310605668010009,0.9647822602445257,0.9647822602445257,0.0,0.0,1.0,-0.010310605668010009
2025-03-06 00:00:00+00:00,20260201_193426_95a6098b_BuyHold_XLE,-0.005316590580286107,-0.005316590580286107,0.9596529079676825,0.9596529079676825,0.0,0.0,1.0,-0.005316590580286107
2025-03-07 00:00:00+00:00,20260201_193426_95a6098b_BuyHold_XLE,0.012760495766219737,0.012760495766219737,0.9718985548368446,0.9718985548368446,0.0,0.0,1.0,0.012760495766219737
2025-03-11 00:00:00+00:00,20260201_193426_95a6098b_BuyHold_XLE,0.022706746626134144,0.022706746626134144,0.9939672090678308,0.9939672090678308,0.0,0.0,1.0,0.022706746626134144
2025-03-12 00:00:00+00:00,20260201_193426_95a6098b_BuyHold_XLE,-0.011288925154807838,-0.011288925154807838,0.9827463876383308,0.9827463876383308,0.0,0.0,1.0,-0.011288925154807838
2025-03-13 00:00:00+00:00,20260201_193426_95a6098b_BuyHold_XLE,0.0009456265480070059,0.0009456265480070059,0.9836756987124395,0.9836756987124395,0.0,0.0,1.0,0.0009456265480070059
2025-03-14 00:00:00+00:00,20260201_193426_95a6098b_BuyHold_XLE,0.0021243959364554144,0.0021243959364554144,0.9857654153695742,0.9857654153695742,0.0,0.0,1.0,0.0021243959364554144
2025-03-17 00:00:00+00:00,20260201_193426_95a6098b_BuyHold_XLE,0.02376626306023155,0.02376626306023155,1.009193375546926,1.009193375546926,0.0,0.0,1.0,0.02376626306023155
2025-03-18 00:00:00+00:00,20260201_193426_95a6098b_BuyHold_XLE,0.021413118844087364,0.021413118844087364,1.030803353234178,1.030803353234178,0.0,0.0,1.0,0.021413118844087364
2025-03-19 00:00:00+00:00,20260201_193426_95a6098b_BuyHold_XLE,-0.0018046474557111836,-0.0018046474557111836,1.0289431165854255,1.0289431165854255,0.0,0.0,1.0,-0.0018046474557111836
2025-03-20 00:00:00+00:00,20260201_193426_95a6098b_BuyHold_XLE,0.009438272310782203,0.009438272310782203,1.0386545619120637,1.0386545619120637,0.0,0.0,1.0,0.009438272310782203
2025-03-21 00:00:00+00:00,20260201_193426_95a6098b_BuyHold_XLE,0.004240604502319556,0.004240604502319556,1.0430590851236627,1.0430590851236627,0.0,0.0,1.0,0.004240604502319556
2025-03-24 00:00:00+00:00,20260201_193426_95a6098b_BuyHold_XLE,0.0011129661694209148,0.0011129661694209148,1.0442199745981124,1.0442199745981124,0.0,0.0,1.0,0.0011129661694209148
2025-03-25 00:00:00+00:00,20260201_193426_95a6098b_BuyHold_XLE,0.011721907964705736,0.011721907964705736,1.0564602250352588,1.0564602250352588,0.0,0.0,1.0,0.011721907964705736
2025-03-26 00:00:00+00:00,20260201_193426_95a6098b_BuyHold_XLE,0.010281179919360728,0.010281179919360728,1.0673218826864947,1.0673218826864947,0.0,0.0,1.0,0.010281179919360728
2025-03-27 00:00:00+00:00,20260201_193426_95a6098b_BuyHold_XLE,-0.007426858078086962,-0.007426858078086962,1.0593950345401455,1.0593950345401455,0.0,0.0,1.0,-0.007426858078086962
2025-03-28 00:00:00+00:00,20260201_193426_95a6098b_BuyHold_XLE,-0.007924320577673782,-0.007924320577673782,1.0510000486680535,1.0510000486680535,0.0,0.0,1.0,-0.007924320577673782
2025-03-31 00:00:00+00:00,20260201_193426_95a6098b_BuyHold_XLE,-0.005540180375615655,-0.005540180375615655,1.0451773188236517,1.0451773188236517,0.0,0.0,1.0,-0.005540180375615655
2025-04-01 00:00:00+00:00,20260201_193426_95a6098b_BuyHold_XLE,0.013025904455030712,0.013025904455030712,1.0587916987172137,1.0587916987172137,0.0,0.0,1.0,0.013025904455030712
2025-04-02 00:00:00+00:00,20260201_193426_95a6098b_BuyHold_XLE,-0.003295619812454298,-0.003295619812454298,1.055302323817659,1.055302323817659,0.0,0.0,1.0,-0.003295619812454298
2025-04-03 00:00:00+00:00,20260201_193426_95a6098b_BuyHold_XLE,-0.03881586553767269,-0.03881586553767269,1.0143398507147594,1.0143398507147594,0.0,0.0,1.0,-0.03881586553767269
2025-04-04 00:00:00+00:00,20260201_193426_95a6098b_BuyHold_XLE,-0.06595796779179741,-0.06595796779179741,0.9474360555113787,0.9474360555113787,0.0,0.0,1.0,-0.06595796779179741
2025-04-07 00:00:00+00:00,20260201_193426_95a6098b_BuyHold_XLE,-0.09423548867455978,-0.09423548867455978,0.8581539558323665,0.8581539558323665,0.0,0.0,1.0,-0.09423548867455978
2025-04-08 00:00:00+00:00,20260201_193426_95a6098b_BuyHold_XLE,0.054349842870099696,0.054349842870099696,0.9047944884902102,0.9047944884902102,0.0,0.0,1.0,0.054349842870099696
2025-04-09 00:00:00+00:00,20260201_193426_95a6098b_BuyHold_XLE,-0.07113875603260134,-0.07113875603260134,0.8404285341138628,0.8404285341138628,0.0,0.0,1.0,-0.07113875603260134
2025-04-10 00:00:00+00:00,20260201_193426_95a6098b_BuyHold_XLE,0.06450438620216836,0.06450438620216836,0.8946398608536655,0.8946398608536655,0.0,0.0,1.0,0.06450438620216836
2025-04-11 00:00:00+00:00,20260201_193426_95a6098b_BuyHold_XLE,-0.03437838550812877,-0.03437838550812877,0.8638835868262995,0.8638835868262995,0.0,0.0,1.0,-0.03437838550812877
2025-04-14 00:00:00+00:00,20260201_193426_95a6098b_BuyHold_XLE,0.037190607737335846,0.037190607737335846,0.8960119424346791,0.8960119424346791,0.0,0.0,1.0,0.037190607737335846
2025-04-15 00:00:00+00:00,20260201_193426_95a6098b_BuyHold_XLE,-0.014917972128212664,-0.014917972128212664,0.8826452612508928,0.8826452612508928,0.0,0.0,1.0,-0.014917972128212664
2025-04-16 00:00:00+00:00,20260201_193426_95a6098b_BuyHold_XLE,0.004911474264978288,0.004911474264978288,0.8869803507366316,0.8869803507366316,0.0,0.0,1.0,0.004911474264978288
2025-04-17 00:00:00+00:00,20260201_193426_95a6098b_BuyHold_XLE,0.009495772622306387,0.009495772622306387,0.8954029144676803,0.8954029144676803,0.0,0.0,1.0,0.009495772622306387
2025-04-21 00:00:00+00:00,20260201_193426_95a6098b_BuyHold_XLE,0.000765990079582668,0.000765990079582668,0.8960887842173919,0.8960887842173919,0.0,0.0,1.0,0.000765990079582668
2025-04-22 00:00:00+00:00,20260201_193426_95a6098b_BuyHold_XLE,-0.0010214505484644754,-0.0010214505484644754,0.8951734738372802,0.8951734738372802,0.0,0.0,1.0,-0.0010214505484644754
2025-04-23 00:00:00+00:00,20260201_193426_95a6098b_BuyHold_XLE,0.022733992479089693,0.022733992479089693,0.9155243408589775,0.9155243408589775,0.0,0.0,1.0,0.022733992479089693
2025-04-24 00:00:00+00:00,20260201_193426_95a6098b_BuyHold_XLE,-0.0032520353863776386,-0.0032520353863776386,0.912547023305414,0.912547023305414,0.0,0.0,1.0,-0.0032520353863776386
2025-04-25 00:00:00+00:00,20260201_193426_95a6098b_BuyHold_XLE,0.0005010020144875504,0.0005010020144875504,0.9130042112024047,0.9130042112024047,0.0,0.0,1.0,0.0005010020144875504
2025-04-28 00:00:00+00:00,20260201_193426_95a6098b_BuyHold_XLE,0.005494519317641,0.005494519317641,0.9180207304779439,0.9180207304779439,0.0,0.0,1.0,0.005494519317641
2025-04-29 00:00:00+00:00,20260201_193426_95a6098b_BuyHold_XLE,-0.0024937668784024147,-0.0024937668784024147,0.9157314007865912,0.9157314007865912,0.0,0.0,1.0,-0.0024937668784024147
2025-04-30 00:00:00+00:00,20260201_193426_95a6098b_BuyHold_XLE,-0.010794632243963598,-0.010794632243963598,0.9058464170808503,0.9058464170808503,0.0,0.0,1.0,-0.010794632243963598
2025-05-01 00:00:00+00:00,20260201_193426_95a6098b_BuyHold_XLE,-0.017055268953647396,-0.017055268953647396,0.8903969628068386,0.8903969628068386,0.0,0.0,1.0,-0.017055268953647396
2025-05-02 00:00:00+00:00,20260201_193426_95a6098b_BuyHold_XLE,0.024348146743884858,0.024348146743884858,0.9120764787175688,0.9120764787175688,0.0,0.0,1.0,0.024348146743884858
2025-05-05 00:00:00+00:00,20260201_193426_95a6098b_BuyHold_XLE,-0.012099971171106283,-0.012099971171106283,0.9010403796192421,0.9010403796192421,0.0,0.0,1.0,-0.012099971171106283
2025-05-06 00:00:00+00:00,20260201_193426_95a6098b_BuyHold_XLE,-0.0005073566826236942,-0.0005073566826236942,0.9005832307613285,0.9005832307613285,0.0,0.0,1.0,-0.0005073566826236942
2025-05-07 00:00:00+00:00,20260201_193426_95a6098b_BuyHold_XLE,-0.0015236163434999561,-0.0015236163434999561,0.8992110874322585,0.8992110874322585,0.0,0.0,1.0,-0.0015236163434999561
2025-05-08 00:00:00+00:00,20260201_193426_95a6098b_BuyHold_XLE,0.006585636770413128,0.006585636770413128,0.9051329650340156,0.9051329650340156,0.0,0.0,1.0,0.006585636770413128
2025-05-09 00:00:00+00:00,20260201_193426_95a6098b_BuyHold_XLE,0.016773456216536253,0.016773456216536253,0.9203151731931574,0.9203151731931574,0.0,0.0,1.0,0.016773456216536253
2025-05-12 00:00:00+00:00,20260201_193426_95a6098b_BuyHold_XLE,0.03320617589640662,0.03320617589640662,0.9508753207143412,0.9508753207143412,0.0,0.0,1.0,0.03320617589640662
2025-05-13 00:00:00+00:00,20260201_193426_95a6098b_BuyHold_XLE,-0.004573362165464445,-0.004573362165464445,0.9465266234985124,0.9465266234985124,0.0,0.0,1.0,-0.004573362165464445
2025-05-14 00:00:00+00:00,20260201_193426_95a6098b_BuyHold_XLE,0.0024096397201534003,0.0024096397201534003,0.948807411646677,0.948807411646677,0.0,0.0,1.0,0.0024096397201534003
2025-05-15 00:00:00+00:00,20260201_193426_95a6098b_BuyHold_XLE,-0.011863109710669839,-0.011863109710669839,0.9375516052280158,0.9375516052280158,0.0,0.0,1.0,-0.011863109710669839
2025-05-16 00:00:00+00:00,20260201_193426_95a6098b_BuyHold_XLE,0.018340282409700315,0.018340282409700315,0.9547465664415655,0.9547465664415655,0.0,0.0,1.0,0.018340282409700315
2025-05-19 00:00:00+00:00,20260201_193426_95a6098b_BuyHold_XLE,-0.011544139746865412,-0.011544139746865412,0.9437248386557242,0.9437248386557242,0.0,0.0,1.0,-0.011544139746865412
2025-05-20 00:00:00+00:00,20260201_193426_95a6098b_BuyHold_XLE,-0.005335933106712876,-0.005335933106712876,0.9386891860455139,0.9386891860455139,0.0,0.0,1.0,-0.005335933106712876
2025-05-21 00:00:00+00:00,20260201_193426_95a6098b_BuyHold_XLE,-0.01519264703441614,-0.01519264703441614,0.924428012566901,0.924428012566901,0.0,0.0,1.0,-0.01519264703441614
2025-05-22 00:00:00+00:00,20260201_193426_95a6098b_BuyHold_XLE,-0.018692133012152556,-0.018692133012152556,0.9071484811958407,0.9071484811958407,0.0,0.0,1.0,-0.018692133012152556
2025-05-23 00:00:00+00:00,20260201_193426_95a6098b_BuyHold_XLE,-0.005549963791746659,-0.005549963791746659,0.9021138399714658,0.9021138399714658,0.0,0.0,1.0,-0.005549963791746659
2025-05-27 00:00:00+00:00,20260201_193426_95a6098b_BuyHold_XLE,0.018546897554768904,0.018546897554768904,0.9188452529441558,0.9188452529441558,0.0,0.0,1.0,0.018546897554768904
2025-05-28 00:00:00+00:00,20260201_193426_95a6098b_BuyHold_XLE,0.0074221023549929654,0.0074221023549929654,0.9256650164599067,0.9256650164599067,0.0,0.0,1.0,0.0074221023549929654
2025-05-29 00:00:00+00:00,20260201_193426_95a6098b_BuyHold_XLE,-0.017906471982132022,-0.017906471982132022,0.9090896217778276,0.9090896217778276,0.0,0.0,1.0,-0.017906471982132022
2025-05-30 00:00:00+00:00,20260201_193426_95a6098b_BuyHold_XLE,-0.0007531066001735809,-0.0007531066001735809,0.9084049803835174,0.9084049803835174,0.0,0.0,1.0,-0.0007531066001735809
2025-06-02 00:00:00+00:00,20260201_193426_95a6098b_BuyHold_XLE,0.016438726343159793,0.016438726343159793,0.9233380012648055,0.9233380012648055,0.0,0.0,1.0,0.016438726343159793
2025-06-03 00:00:00+00:00,20260201_193426_95a6098b_BuyHold_XLE,-0.005449604767564953,-0.005449604767564953,0.9183061740910389,0.9183061740910389,0.0,0.0,1.0,-0.005449604767564953
2025-06-04 00:00:00+00:00,20260201_193426_95a6098b_BuyHold_XLE,0.011115342303242404,0.011115342303242404,0.9285134615552417,0.9285134615552417,0.0,0.0,1.0,0.011115342303242404
2025-06-05 00:00:00+00:00,20260201_193426_95a6098b_BuyHold_XLE,-0.011363758650315248,-0.011363758650315248,0.9179620586745592,0.9179620586745592,0.0,0.0,1.0,-0.011363758650315248
2025-06-06 00:00:00+00:00,20260201_193426_95a6098b_BuyHold_XLE,0.0017376198985408209,0.0017376198985408209,0.9195571278138176,0.9195571278138176,0.0,0.0,1.0,0.0017376198985408209
2025-06-09 00:00:00+00:00,20260201_193426_95a6098b_BuyHold_XLE,0.012079525654601131,0.012079525654601131,0.9306649417301159,0.9306649417301159,0.0,0.0,1.0,0.012079525654601131
2025-06-10 00:00:00+00:00,20260201_193426_95a6098b_BuyHold_XLE,0.007324251492072609,0.007324251492072609,0.9374813658182024,0.9374813658182024,0.0,0.0,1.0,0.007324251492072609
2025-06-11 00:00:00+00:00,20260201_193426_95a6098b_BuyHold_XLE,0.015208500739267716,0.015208500739267716,0.9517390518632982,0.9517390518632982,0.0,0.0,1.0,0.015208500739267716
2025-06-12 00:00:00+00:00,20260201_193426_95a6098b_BuyHold_XLE,0.007637268625499072,0.007637268625499072,0.959007738663756,0.959007738663756,0.0,0.0,1.0,0.007637268625499072
2025-06-13 00:00:00+00:00,20260201_193426_95a6098b_BuyHold_XLE,0.0221029454190087,0.0221029454190087,0.980204634367848,0.980204634367848,0.0,0.0,1.0,0.0221029454190087
2025-06-16 00:00:00+00:00,20260201_193426_95a6098b_BuyHold_XLE,-0.0020952166901291314,-0.0020952166901291314,0.9781508932581786,0.9781508932581786,0.0,0.0,1.0,-0.0020952166901291314
2025-06-17 00:00:00+00:00,20260201_193426_95a6098b_BuyHold_XLE,0.0074297996761072405,0.0074297996761072405,0.9854183584480922,0.9854183584480922,0.0,0.0,1.0,0.0074297996761072405
2025-06-18 00:00:00+00:00,20260201_193426_95a6098b_BuyHold_XLE,0.0032332591677342037,0.0032332591677342037,0.9886044713895981,0.9886044713895981,0.0,0.0,1.0,0.0032332591677342037
2025-06-20 00:00:00+00:00,20260201_193426_95a6098b_BuyHold_XLE,-0.006244960737572747,-0.006244960737572747,0.9824306752807812,0.9824306752807812,0.0,0.0,1.0,-0.006244960737572747
2025-06-23 00:00:00+00:00,20260201_193426_95a6098b_BuyHold_XLE,0.019757132425718638,0.019757132425718638,1.0018406882313917,1.0018406882313917,0.0,0.0,1.0,0.019757132425718638
2025-06-24 00:00:00+00:00,20260201_193426_95a6098b_BuyHold_XLE,-0.05062305307559667,-0.05062305307559667,0.9511244538977617,0.9511244538977617,0.0,0.0,1.0,-0.05062305307559667
2025-06-25 00:00:00+00:00,20260201_193426_95a6098b_BuyHold_XLE,-0.003115640626997873,-0.003115640626997873,0.9481610919078667,0.9481610919078667,0.0,0.0,1.0,-0.003115640626997873
2025-06-26 00:00:00+00:00,20260201_193426_95a6098b_BuyHold_XLE,-0.0002400672199742715,-0.0002400672199742715,0.9479334695104445,0.9479334695104445,0.0,0.0,1.0,-0.0002400672199742715
2025-06-27 00:00:00+00:00,20260201_193426_95a6098b_BuyHold_XLE,0.01145870737807364,0.01145870737807364,0.9587955617514469,0.9587955617514469,0.0,0.0,1.0,0.01145870737807364
2025-06-30 00:00:00+00:00,20260201_193426_95a6098b_BuyHold_XLE,-0.010498784098219804,-0.010498784098219804,0.948729374154287,0.948729374154287,0.0,0.0,1.0,-0.010498784098219804
2025-07-01 00:00:00+00:00,20260201_193426_95a6098b_BuyHold_XLE,0.0021564642357141395,0.0021564642357141395,0.9507752751190223,0.9507752751190223,0.0,0.0,1.0,0.0021564642357141395
2025-07-02 00:00:00+00:00,20260201_193426_95a6098b_BuyHold_XLE,0.013786764604785784,0.013786764604785784,0.9638833900291387,0.9638833900291387,0.0,0.0,1.0,0.013786764604785784
2025-07-03 00:00:00+00:00,20260201_193426_95a6098b_BuyHold_XLE,0.006588259124383544,0.006588259124383544,0.9702337035683399,0.9702337035683399,0.0,0.0,1.0,0.006588259124383544
2025-07-07 00:00:00+00:00,20260201_193426_95a6098b_BuyHold_XLE,-0.0021129248382059096,-0.0021129248382059096,0.9681836726772058,0.9681836726772058,0.0,0.0,1.0,-0.0021129248382059096
2025-07-08 00:00:00+00:00,20260201_193426_95a6098b_BuyHold_XLE,-0.005183800486550982,-0.005183800486550982,0.963164801683711,0.963164801683711,0.0,0.0,1.0,-0.005183800486550982
2025-07-09 00:00:00+00:00,20260201_193426_95a6098b_BuyHold_XLE,0.024963386573527035,0.024963386573527035,0.987208656962156,0.987208656962156,0.0,0.0,1.0,0.024963386573527035
2025-07-10 00:00:00+00:00,20260201_193426_95a6098b_BuyHold_XLE,-0.0050820160196978215,-0.0050820160196978215,0.9821916467526899,0.9821916467526899,0.0,0.0,1.0,-0.0050820160196978215
2025-07-11 00:00:00+00:00,20260201_193426_95a6098b_BuyHold_XLE,0.008302630719740023,0.008302630719740023,0.9903464212916908,0.9903464212916908,0.0,0.0,1.0,0.008302630719740023
2025-07-14 00:00:00+00:00,20260201_193426_95a6098b_BuyHold_XLE,0.003210275630248116,0.003210275630248116,0.9935257062734669,0.9935257062734669,0.0,0.0,1.0,0.003210275630248116
2025-07-15 00:00:00+00:00,20260201_193426_95a6098b_BuyHold_XLE,-0.00966191091173707,-0.00966191091173707,0.983926349410932,0.983926349410932,0.0,0.0,1.0,-0.00966191091173707
2025-07-16 00:00:00+00:00,20260201_193426_95a6098b_BuyHold_XLE,-0.012795335671537345,-0.012795335671537345,0.9713366814941489,0.9713366814941489,0.0,0.0,1.0,-0.012795335671537345
2025-07-17 00:00:00+00:00,20260201_193426_95a6098b_BuyHold_XLE,-0.01367300886244971,-0.01367300886244971,0.9580555864396568,0.9580555864396568,0.0,0.0,1.0,-0.01367300886244971
2025-07-18 00:00:00+00:00,20260201_193426_95a6098b_BuyHold_XLE,0.018810806245543876,0.018810806245543876,0.9760773844486341,0.9760773844486341,0.0,0.0,1.0,0.018810806245543876
2025-07-21 00:00:00+00:00,20260201_193426_95a6098b_BuyHold_XLE,-0.014074827703637105,-0.014074827703637105,0.9623392634371029,0.9623392634371029,0.0,0.0,1.0,-0.014074827703637105
2025-07-22 00:00:00+00:00,20260201_193426_95a6098b_BuyHold_XLE,-0.013557110958449137,-0.013557110958449137,0.9492927232630138,0.9492927232630138,0.0,0.0,1.0,-0.013557110958449137
2025-07-23 00:00:00+00:00,20260201_193426_95a6098b_BuyHold_XLE,0.01024428256186427,0.01024428256186427,0.9590175461540418,0.9590175461540418,0.0,0.0,1.0,0.01024428256186427
2025-07-24 00:00:00+00:00,20260201_193426_95a6098b_BuyHold_XLE,0.008261583635843728,0.008261583635843728,0.966940549819835,0.966940549819835,0.0,0.0,1.0,0.008261583635843728
2025-07-25 00:00:00+00:00,20260201_193426_95a6098b_BuyHold_XLE,0.011917421101648618,0.011917421101648618,0.9784639875322977,0.9784639875322977,0.0,0.0,1.0,0.011917421101648618
2025-07-28 00:00:00+00:00,20260201_193426_95a6098b_BuyHold_XLE,0.000928720754007184,0.000928720754007184,0.9793727073445676,0.9793727073445676,0.0,0.0,1.0,0.000928720754007184
2025-07-29 00:00:00+00:00,20260201_193426_95a6098b_BuyHold_XLE,0.00624640550364397,0.00624640550364397,0.9854902664138434,0.9854902664138434,0.0,0.0,1.0,0.00624640550364397
2025-07-30 00:00:00+00:00,20260201_193426_95a6098b_BuyHold_XLE,0.002533687869310075,0.002533687869310075,0.9879871911471794,0.9879871911471794,0.0,0.0,1.0,0.002533687869310075
2025-07-31 00:00:00+00:00,20260201_193426_95a6098b_BuyHold_XLE,-0.018340618567148415,-0.018340618567148415,0.9698668949251206,0.9698668949251206,0.0,0.0,1.0,-0.018340618567148415
2025-08-01 00:00:00+00:00,20260201_193426_95a6098b_BuyHold_XLE,0.0009367682183869519,0.0009367682183869519,0.9707754354083521,0.9707754354083521,0.0,0.0,1.0,0.0009367682183869519
2025-08-04 00:00:00+00:00,20260201_193426_95a6098b_BuyHold_XLE,-0.01699757636857102,-0.01699757636857102,0.9542746058082658,0.9542746058082658,0.0,0.0,1.0,-0.01699757636857102
2025-08-05 00:00:00+00:00,20260201_193426_95a6098b_BuyHold_XLE,0.0011897681355885759,0.0011897681355885759,0.9554099713268579,0.9554099713268579,0.0,0.0,1.0,0.0011897681355885759
2025-08-06 00:00:00+00:00,20260201_193426_95a6098b_BuyHold_XLE,0.007109034679106507,0.007109034679106507,0.9622020139457846,0.9622020139457846,0.0,0.0,1.0,0.007109034679106507
2025-08-07 00:00:00+00:00,20260201_193426_95a6098b_BuyHold_XLE,-0.009966859915392146,-0.009966859915392146,0.9526118812624788,0.9526118812624788,0.0,0.0,1.0,-0.009966859915392146
2025-08-08 00:00:00+00:00,20260201_193426_95a6098b_BuyHold_XLE,-0.005740269289965738,-0.005740269289965738,0.9471436325352113,0.9471436325352113,0.0,0.0,1.0,-0.005740269289965738
2025-08-11 00:00:00+00:00,20260201_193426_95a6098b_BuyHold_XLE,0.0011986097563490006,0.0011986097563490006,0.9482788881338318,0.9482788881338318,0.0,0.0,1.0,0.0011986097563490006
2025-08-12 00:00:00+00:00,20260201_193426_95a6098b_BuyHold_XLE,-0.005043844006392462,-0.005043844006392462,0.9434959173475295,0.9434959173475295,0.0,0.0,1.0,-0.005043844006392462
2025-08-13 00:00:00+00:00,20260201_193426_95a6098b_BuyHold_XLE,0.0031253781901638966,0.0031253781901638966,0.9464446989101161,0.9464446989101161,0.0,0.0,1.0,0.0031253781901638966
2025-08-14 00:00:00+00:00,20260201_193426_95a6098b_BuyHold_XLE,0.008128182450542365,0.008128182450542365,0.9541375741022061,0.9541375741022061,0.0,0.0,1.0,0.008128182450542365
2025-08-15 00:00:00+00:00,20260201_193426_95a6098b_BuyHold_XLE,0.0011897681355885759,0.0011897681355885759,0.9552727765848407,0.9552727765848407,0.0,0.0,1.0,0.0011897681355885759
2025-08-18 00:00:00+00:00,20260201_193426_95a6098b_BuyHold_XLE,-0.00500656666228938,-0.00500656666228938,0.9504901397481984,0.9504901397481984,0.0,0.0,1.0,-0.00500656666228938
2025-08-19 00:00:00+00:00,20260201_193426_95a6098b_BuyHold_XLE,-0.00407137432230531,-0.00407137432230531,0.9466203385996232,0.9466203385996232,0.0,0.0,1.0,-0.00407137432230531
2025-08-20 00:00:00+00:00,20260201_193426_95a6098b_BuyHold_XLE,0.00574301650261777,0.00574301650261777,0.9520567948259145,0.9520567948259145,0.0,0.0,1.0,0.00574301650261777
2025-08-21 00:00:00+00:00,20260201_193426_95a6098b_BuyHold_XLE,0.0038104356654495852,0.0038104356654495852,0.9556845459924528,0.9556845459924528,0.0,0.0,1.0,0.0038104356654495852
2025-08-22 00:00:00+00:00,20260201_193426_95a6098b_BuyHold_XLE,0.01228458633269236,0.01228458633269236,0.967424735304517,0.967424735304517,0.0,0.0,1.0,0.01228458633269236
2025-08-25 00:00:00+00:00,20260201_193426_95a6098b_BuyHold_XLE,0.017687219291429024,0.017687219291429024,0.9845357887458007,0.9845357887458007,0.0,0.0,1.0,0.017687219291429024
2025-08-26 00:00:00+00:00,20260201_193426_95a6098b_BuyHold_XLE,-0.0018471489897575744,-0.0018471489897575744,0.9827172044582387,0.9827172044582387,0.0,0.0,1.0,-0.0018471489897575744
2025-08-27 00:00:00+00:00,20260201_193426_95a6098b_BuyHold_XLE,0.0,0.0,0.9827172044582387,0.9827172044582387,0.0,0.0,1.0,0.0
2025-08-28 00:00:00+00:00,20260201_193426_95a6098b_BuyHold_XLE,0.013771160941328908,0.013771160941328908,0.9962503612406459,0.9962503612406459,0.0,0.0,1.0,0.013771160941328908
2025-08-29 00:00:00+00:00,20260201_193426_95a6098b_BuyHold_XLE,0.00885061944478105,0.00885061944478105,1.0050677940597126,1.0050677940597126,0.0,0.0,1.0,0.00885061944478105
2025-09-02 00:00:00+00:00,20260201_193426_95a6098b_BuyHold_XLE,0.0013547078161249004,0.0013547078161249004,1.0064293672560607,1.0064293672560607,0.0,0.0,1.0,0.0013547078161249004
2025-09-03 00:00:00+00:00,20260201_193426_95a6098b_BuyHold_XLE,-0.006564822671365711,-0.006564822671365711,0.9998223369287699,0.9998223369287699,0.0,0.0,1.0,-0.006564822671365711
2025-09-04 00:00:00+00:00,20260201_193426_95a6098b_BuyHold_XLE,-0.01188042303507375,-0.01188042303507375,0.9879440246061401,0.9879440246061401,0.0,0.0,1.0,-0.01188042303507375
2025-09-05 00:00:00+00:00,20260201_193426_95a6098b_BuyHold_XLE,-0.0046072415060534055,-0.0046072415060534055,0.9833923278903172,0.9833923278903172,0.0,0.0,1.0,-0.0046072415060534055
2025-09-08 00:00:00+00:00,20260201_193426_95a6098b_BuyHold_XLE,-0.004628566467492323,-0.004628566467492323,0.9788406311370548,0.9788406311370548,0.0,0.0,1.0,-0.004628566467492323
2025-09-09 00:00:00+00:00,20260201_193426_95a6098b_BuyHold_XLE,-0.0006961364708555351,-0.0006961364708555351,0.978159224474565,0.978159224474565,0.0,0.0,1.0,-0.0006961364708555351
2025-09-10 00:00:00+00:00,20260201_193426_95a6098b_BuyHold_XLE,0.002318572798473806,0.002318572798473806,0.980427157845008,0.980427157845008,0.0,0.0,1.0,0.002318572798473806
2025-09-11 00:00:00+00:00,20260201_193426_95a6098b_BuyHold_XLE,0.006693619914039495,0.006693619914039495,0.9869897645930245,0.9869897645930245,0.0,0.0,1.0,0.006693619914039495
2025-09-12 00:00:00+00:00,20260201_193426_95a6098b_BuyHold_XLE,0.012118588917560125,0.012118588917560125,0.9989506878159667,0.9989506878159667,0.0,0.0,1.0,0.012118588917560125
2025-09-15 00:00:00+00:00,20260201_193426_95a6098b_BuyHold_XLE,-0.009132483563272231,-0.009132483563272231,0.9898277870789679,0.9898277870789679,0.0,0.0,1.0,-0.009132483563272231
2025-09-16 00:00:00+00:00,20260201_193426_95a6098b_BuyHold_XLE,0.0006878367805294161,0.0006878367805294161,0.9905086270373109,0.9905086270373109,0.0,0.0,1.0,0.0006878367805294161
2025-09-17 00:00:00+00:00,20260201_193426_95a6098b_BuyHold_XLE,0.009353324718960998,0.009353324718960998,0.9997731758629231,0.9997731758629231,0.0,0.0,1.0,0.009353324718960998
2025-09-18 00:00:00+00:00,20260201_193426_95a6098b_BuyHold_XLE,0.006112073356919101,0.006112073356919101,1.0058838628540774,1.0058838628540774,0.0,0.0,1.0,0.006112073356919101
2025-09-19 00:00:00+00:00,20260201_193426_95a6098b_BuyHold_XLE,-0.0054311063575025464,-0.0054311063575025464,1.0004208006116213,1.0004208006116213,0.0,0.0,1.0,-0.0054311063575025464
2025-09-22 00:00:00+00:00,20260201_193426_95a6098b_BuyHold_XLE,-0.017857617400006465,-0.017857617400006465,0.9825556687152909,0.9825556687152909,0.0,0.0,1.0,-0.017857617400006465
2025-09-23 00:00:00+00:00,20260201_193426_95a6098b_BuyHold_XLE,0.008510689667908355,0.008510689667908355,0.9909178950931709,0.9909178950931709,0.0,0.0,1.0,0.008510689667908355
2025-09-24 00:00:00+00:00,20260201_193426_95a6098b_BuyHold_XLE,0.019506175285546323,0.019506175285546323,1.0102469132484428,1.0102469132484428,0.0,0.0,1.0,0.019506175285546323
2025-09-25 00:00:00+00:00,20260201_193426_95a6098b_BuyHold_XLE,0.004705891037412702,0.004705891037412702,1.0150010251430726,1.0150010251430726,0.0,0.0,1.0,0.004705891037412702
2025-09-26 00:00:00+00:00,20260201_193426_95a6098b_BuyHold_XLE,0.012221016450170819,0.012221016450170819,1.0274053693682863,1.0274053693682863,0.0,0.0,1.0,0.012221016450170819
2025-09-29 00:00:00+00:00,20260201_193426_95a6098b_BuyHold_XLE,0.005506015451763435,0.005506015451763435,1.0330622792072528,1.0330622792072528,0.0,0.0,1.0,0.005506015451763435
2025-09-30 00:00:00+00:00,20260201_193426_95a6098b_BuyHold_XLE,-0.02513197990851168,-0.02513197990851168,1.0070993787619749,1.0070993787619749,0.0,0.0,1.0,-0.02513197990851168
2025-10-01 00:00:00+00:00,20260201_193426_95a6098b_BuyHold_XLE,-0.006099646156723537,-0.006099646156723537,1.0009564289068706,1.0009564289068706,0.0,0.0,1.0,-0.006099646156723537
2025-10-02 00:00:00+00:00,20260201_193426_95a6098b_BuyHold_XLE,0.0013586958611928601,0.0013586958611928601,1.0023164242640608,1.0023164242640608,0.0,0.0,1.0,0.0013586958611928601
2025-10-03 00:00:00+00:00,20260201_193426_95a6098b_BuyHold_XLE,-0.0036272993749859594,-0.0036272993749859594,0.9986807225247896,0.9986807225247896,0.0,0.0,1.0,-0.0036272993749859594
2025-10-06 00:00:00+00:00,20260201_193426_95a6098b_BuyHold_XLE,0.005661888072773458,0.005661888072773458,1.0043351409961614,1.0043351409961614,0.0,0.0,1.0,0.005661888072773458
2025-10-07 00:00:00+00:00,20260201_193426_95a6098b_BuyHold_XLE,-0.0009037506263567252,-0.0009037506263567252,1.003427472483414,1.003427472483414,0.0,0.0,1.0,-0.0009037506263567252
2025-10-08 00:00:00+00:00,20260201_193426_95a6098b_BuyHold_XLE,0.001355319837010427,0.001355319837010427,1.004787437641872,1.004787437641872,0.0,0.0,1.0,0.001355319837010427
2025-10-09 00:00:00+00:00,20260201_193426_95a6098b_BuyHold_XLE,0.0,0.0,1.004787437641872,1.004787437641872,0.0,0.0,1.0,0.0
2025-10-10 00:00:00+00:00,20260201_193426_95a6098b_BuyHold_XLE,-0.025144181801024956,-0.025144181801024956,0.9795228796384187,0.9795228796384187,0.0,0.0,1.0,-0.025144181801024956
2025-10-13 00:00:00+00:00,20260201_193426_95a6098b_BuyHold_XLE,-0.014690715410003996,-0.014690715410003996,0.965132987776063,0.965132987776063,0.0,0.0,1.0,-0.014690715410003996
2025-10-14 00:00:00+00:00,20260201_193426_95a6098b_BuyHold_XLE,-0.008018910894208808,-0.008018910894208808,0.9573936723460252,0.9573936723460252,0.0,0.0,1.0,-0.008018910894208808
2025-10-15 00:00:00+00:00,20260201_193426_95a6098b_BuyHold_XLE,0.019927983342335587,0.019927983342335587,0.9764725975005943,0.9764725975005943,0.0,0.0,1.0,0.019927983342335587
2025-10-16 00:00:00+00:00,20260201_193426_95a6098b_BuyHold_XLE,-0.003487970051718303,-0.003487970051718303,0.9730666903241887,0.9730666903241887,0.0,0.0,1.0,-0.003487970051718303
2025-10-17 00:00:00+00:00,20260201_193426_95a6098b_BuyHold_XLE,-0.011715223022235932,-0.011715223022235932,0.9616669970315318,0.9616669970315318,0.0,0.0,1.0,-0.011715223022235932
2025-10-20 00:00:00+00:00,20260201_193426_95a6098b_BuyHold_XLE,0.009149623947303454,0.009149623947303454,0.970465888416903,0.970465888416903,0.0,0.0,1.0,0.009149623947303454
2025-10-21 00:00:00+00:00,20260201_193426_95a6098b_BuyHold_XLE,0.008140526405849169,0.008140526405849169,0.9783659916075367,0.9783659916075367,0.0,0.0,1.0,0.008140526405849169
2025-10-22 00:00:00+00:00,20260201_193426_95a6098b_BuyHold_XLE,0.0020826109575264873,0.0020826109575264873,0.9804035473421298,0.9804035473421298,0.0,0.0,1.0,0.0020826109575264873
2025-10-23 00:00:00+00:00,20260201_193426_95a6098b_BuyHold_XLE,0.02285291409799095,0.02285291409799095,1.002808625390905,1.002808625390905,0.0,0.0,1.0,0.02285291409799095
2025-10-24 00:00:00+00:00,20260201_193426_95a6098b_BuyHold_XLE,0.0004517732175326472,0.0004517732175326472,1.0032616674701673,1.0032616674701673,0.0,0.0,1.0,0.0004517732175326472
2025-10-27 00:00:00+00:00,20260201_193426_95a6098b_BuyHold_XLE,-0.013642776403786527,-0.013642776403786527,0.9895743928663818,0.9895743928663818,0.0,0.0,1.0,-0.013642776403786527
2025-10-28 00:00:00+00:00,20260201_193426_95a6098b_BuyHold_XLE,-0.002521491307298618,-0.002521491307298618,0.9870791896368439,0.9870791896368439,0.0,0.0,1.0,-0.002521491307298618
2025-10-29 00:00:00+00:00,20260201_193426_95a6098b_BuyHold_XLE,-0.0057544179965609565,-0.0057544179965609565,0.9813991233839668,0.9813991233839668,0.0,0.0,1.0,-0.0057544179965609565
2025-10-30 00:00:00+00:00,20260201_193426_95a6098b_BuyHold_XLE,0.0059839073836838175,0.0059839073836838175,0.987271724844725,0.987271724844725,0.0,0.0,1.0,0.0059839073836838175
2025-10-31 00:00:00+00:00,20260201_193426_95a6098b_BuyHold_XLE,-0.0022972672634651303,-0.0022972672634651303,0.9850036978310945,0.9850036978310945,0.0,0.0,1.0,-0.0022972672634651303
2025-11-03 00:00:00+00:00,20260201_193426_95a6098b_BuyHold_XLE,0.005275846622214697,0.005275846622214697,0.9902004262631657,0.9902004262631657,0.0,0.0,1.0,0.005275846622214697
2025-11-04 00:00:00+00:00,20260201_193426_95a6098b_BuyHold_XLE,-0.011967921902613643,-0.011967921902613643,0.9783497848937134,0.9783497848937134,0.0,0.0,1.0,-0.011967921902613643
2025-11-05 00:00:00+00:00,20260201_193426_95a6098b_BuyHold_XLE,0.0006943641061303296,0.0006943641061303296,0.9790291158675839,0.9790291158675839,0.0,0.0,1.0,0.0006943641061303296
2025-11-06 00:00:00+00:00,20260201_193426_95a6098b_BuyHold_XLE,0.004616813371405737,0.004616813371405737,0.9835491105807169,0.9835491105807169,0.0,0.0,1.0,0.004616813371405737
2025-11-07 00:00:00+00:00,20260201_193426_95a6098b_BuyHold_XLE,0.012132459681040153,0.012132459681040153,0.9954819805091604,0.9954819805091604,0.0,0.0,1.0,0.012132459681040153
2025-11-10 00:00:00+00:00,20260201_193426_95a6098b_BuyHold_XLE,0.012211820686764518,0.012211820686764518,1.0076386279520435,1.0076386279520435,0.0,0.0,1.0,0.012211820686764518
2025-11-11 00:00:00+00:00,20260201_193426_95a6098b_BuyHold_XLE,0.011620242486890753,0.011620242486890753,1.0193476331480043,1.0193476331480043,0.0,0.0,1.0,0.011620242486890753
2025-11-12 00:00:00+00:00,20260201_193426_95a6098b_BuyHold_XLE,0.006201570263281386,0.006201570263281386,1.0256691891176812,1.0256691891176812,0.0,0.0,1.0,0.006201570263281386
2025-11-13 00:00:00+00:00,20260201_193426_95a6098b_BuyHold_XLE,-0.009316837580230608,-0.009316837580230608,1.016113195871625,1.016113195871625,0.0,0.0,1.0,-0.009316837580230608
2025-11-14 00:00:00+00:00,20260201_193426_95a6098b_BuyHold_XLE,0.004003564066454857,0.004003564066454857,1.0201812701500672,1.0201812701500672,0.0,0.0,1.0,0.004003564066454857
2025-11-17 00:00:00+00:00,20260201_193426_95a6098b_BuyHold_XLE,0.011696039763191113,0.011696039763191113,1.0321133508514053,1.0321133508514053,0.0,0.0,1.0,0.011696039763191113
2025-11-18 00:00:00+00:00,20260201_193426_95a6098b_BuyHold_XLE,-0.022632428198509302,-0.022632428198509302,1.008754119545538,1.008754119545538,0.0,0.0,1.0,-0.022632428198509302
2025-11-19 00:00:00+00:00,20260201_193426_95a6098b_BuyHold_XLE,-0.006529348874979135,-0.006529348874979135,1.0021676119699527,1.0021676119699527,0.0,0.0,1.0,-0.006529348874979135
2025-11-20 00:00:00+00:00,20260201_193426_95a6098b_BuyHold_XLE,0.011231025508824821,0.011231025508824821,1.0134229819841054,1.0134229819841054,0.0,0.0,1.0,0.011231025508824821
2025-11-21 00:00:00+00:00,20260201_193426_95a6098b_BuyHold_XLE,-0.01598593087867739,-0.01598593087867739,0.9972224722432443,0.9972224722432443,0.0,0.0,1.0,-0.01598593087867739
2025-11-24 00:00:00+00:00,20260201_193426_95a6098b_BuyHold_XLE,0.004754905369852569,0.004754905369852569,1.0019641707314515,1.0019641707314515,0.0,0.0,1.0,0.004754905369852569
2025-11-25 00:00:00+00:00,20260201_193426_95a6098b_BuyHold_XLE,-0.008848611337020085,-0.008848611337020085,0.9930981792110293,0.9930981792110293,0.0,0.0,1.0,-0.008848611337020085
2025-11-26 00:00:00+00:00,20260201_193426_95a6098b_BuyHold_XLE,0.0004556846740961795,0.0004556846740961795,0.9935507188311685,0.9935507188311685,0.0,0.0,1.0,0.0004556846740961795
2025-11-28 00:00:00+00:00,20260201_193426_95a6098b_BuyHold_XLE,0.008618787759310464,0.008618787759310464,1.0021139216048847,1.0021139216048847,0.0,0.0,1.0,0.008618787759310464
2025-12-01 00:00:00+00:00,20260201_193426_95a6098b_BuyHold_XLE,0.014127379259210482,0.014127379259210482,1.0162711650363316,1.0162711650363316,0.0,0.0,1.0,0.014127379259210482
2025-12-02 00:00:00+00:00,20260201_193426_95a6098b_BuyHold_XLE,0.0059940239402105355,0.0059940239402105355,1.022362718729305,1.022362718729305,0.0,0.0,1.0,0.0059940239402105355
2025-12-03 00:00:00+00:00,20260201_193426_95a6098b_BuyHold_XLE,-0.004436564508687457,-0.004436564508687457,1.0178269405763853,1.0178269405763853,0.0,0.0,1.0,-0.004436564508687457
2025-12-04 00:00:00+00:00,20260201_193426_95a6098b_BuyHold_XLE,0.011494379425735168,0.011494379425735168,1.0295262296211056,1.0295262296211056,0.0,0.0,1.0,0.011494379425735168
2025-12-05 00:00:00+00:00,20260201_193426_95a6098b_BuyHold_XLE,0.0043859719432544075,0.0043859719432544075,1.0340417027790683,1.0340417027790683,0.0,0.0,1.0,0.0043859719432544075
2025-12-08 00:00:00+00:00,20260201_193426_95a6098b_BuyHold_XLE,-0.00967465769476794,-0.00967465769476794,1.0240377032625658,1.0240377032625658,0.0,0.0,1.0,-0.00967465769476794
2025-12-09 00:00:00+00:00,20260201_193426_95a6098b_BuyHold_XLE,-0.0028764263664813328,-0.0028764263664813328,1.0210921342126305,1.0210921342126305,0.0,0.0,1.0,-0.0028764263664813328
2025-12-10 00:00:00+00:00,20260201_193426_95a6098b_BuyHold_XLE,0.006845560573986109,0.006845560573986109,1.0280820822690038,1.0280820822690038,0.0,0.0,1.0,0.006845560573986109
2025-12-11 00:00:00+00:00,20260201_193426_95a6098b_BuyHold_XLE,0.0017590154051796425,0.0017590154051796425,1.0298904944895042,1.0298904944895042,0.0,0.0,1.0,0.0017590154051796425
2025-12-12 00:00:00+00:00,20260201_193426_95a6098b_BuyHold_XLE,0.003070851283573539,0.003070851283573539,1.0330531350364476,1.0330531350364476,0.0,0.0,1.0,0.003070851283573539
2025-12-15 00:00:00+00:00,20260201_193426_95a6098b_BuyHold_XLE,-0.010789491435136522,-0.010789491435136522,1.0219070170839308,1.0219070170839308,0.0,0.0,1.0,-0.010789491435136522
2025-12-16 00:00:00+00:00,20260201_193426_95a6098b_BuyHold_XLE,-0.007778681293731715,-0.007778681293731715,1.013957928086207,1.013957928086207,0.0,0.0,1.0,-0.007778681293731715
2025-12-17 00:00:00+00:00,20260201_193426_95a6098b_BuyHold_XLE,-0.023934310259055458,-0.023934310259055458,0.9896895444457626,0.9896895444457626,0.0,0.0,1.0,-0.023934310259055458
2025-12-18 00:00:00+00:00,20260201_193426_95a6098b_BuyHold_XLE,0.012038759821381362,0.012038759821381362,1.0016041791690775,1.0016041791690775,0.0,0.0,1.0,0.012038759821381362
2025-12-19 00:00:00+00:00,20260201_193426_95a6098b_BuyHold_XLE,-0.011581825840389914,-0.011581825840389914,0.9900037740049346,0.9900037740049346,0.0,0.0,1.0,-0.011581825840389914
2025-12-22 00:00:00+00:00,20260201_193426_95a6098b_BuyHold_XLE,0.006602186759178785,0.006602186759178785,0.996539963813207,0.996539963813207,0.0,0.0,1.0,0.006602186759178785
2025-12-23 00:00:00+00:00,20260201_193426_95a6098b_BuyHold_XLE,0.005769573106376047,0.005769573106376047,1.0022895739878526,1.0022895739878526,0.0,0.0,1.0,0.005769573106376047
2025-12-24 00:00:00+00:00,20260201_193426_95a6098b_BuyHold_XLE,0.0028161099996419914,0.0028161099996419914,1.0051121316796967,1.0051121316796967,0.0,0.0,1.0,0.0028161099996419914
2025-12-26 00:00:00+00:00,20260201_193426_95a6098b_BuyHold_XLE,-0.0036060440248069092,-0.0036060440248069092,1.0014876530829921,1.0014876530829921,0.0,0.0,1.0,-0.0036060440248069092
2025-12-29 00:00:00+00:00,20260201_193426_95a6098b_BuyHold_XLE,0.00439313576162359,0.00439313576162359,1.0058873243065756,1.0058873243065756,0.0,0.0,1.0,0.00439313576162359
2025-12-30 00:00:00+00:00,20260201_193426_95a6098b_BuyHold_XLE,0.008171534808074643,0.008171534808074643,1.0141069675901477,1.0141069675901477,0.0,0.0,1.0,0.008171534808074643
2025-12-31 00:00:00+00:00,20260201_193426_95a6098b_BuyHold_XLE,0.0025608208616736405,0.0025608208616736405,1.0167039138687213,1.0167039138687213,0.0,0.0,1.0,0.0025608208616736405
2026-01-02 00:00:00+00:00,20260201_193426_95a6098b_BuyHold_XLE,-0.005463580519635247,-0.005463580519635247,1.0111490701706711,1.0111490701706711,0.0,0.0,1.0,-0.005463580519635247
2026-01-05 00:00:00+00:00,20260201_193426_95a6098b_BuyHold_XLE,0.058834111042646686,0.058834111042646686,1.0706391268457613,1.0706391268457613,0.0,0.0,1.0,0.058834111042646686
2026-01-06 00:00:00+00:00,20260201_193426_95a6098b_BuyHold_XLE,-0.009532960658723333,-0.009532960658723333,1.0604327661698507,1.0604327661698507,0.0,0.0,1.0,-0.009532960658723333
2026-01-07 00:00:00+00:00,20260201_193426_95a6098b_BuyHold_XLE,0.0,0.0,1.0604327661698507,1.0604327661698507,0.0,0.0,0.0,-0.0
2026-01-08 00:00:00+00:00,20260201_193426_95a6098b_BuyHold_XLE,0.0,0.0,1.0604327661698507,1.0604327661698507,0.0,0.0,0.0,-0.0
2026-01-09 00:00:00+00:00,20260201_193426_95a6098b_BuyHold_XLE,0.0,0.0,1.0604327661698507,1.0604327661698507,0.0,0.0,0.0,0.0
2026-01-12 00:00:00+00:00,20260201_193426_95a6098b_BuyHold_XLE,0.0,0.0,1.0604327661698507,1.0604327661698507,0.0,0.0,0.0,0.0
2026-01-13 00:00:00+00:00,20260201_193426_95a6098b_BuyHold_XLE,0.0,0.0,1.0604327661698507,1.0604327661698507,0.0,0.0,0.0,-0.0
2026-01-14 00:00:00+00:00,20260201_193426_95a6098b_BuyHold_XLE,0.0,0.0,1.0604327661698507,1.0604327661698507,0.0,0.0,0.0,0.0
2026-01-15 00:00:00+00:00,20260201_193426_95a6098b_BuyHold_XLE,0.0,0.0,1.0604327661698507,1.0604327661698507,0.0,0.0,0.0,0.0
2026-01-16 00:00:00+00:00,20260201_193426_95a6098b_BuyHold_XLE,0.0,0.0,1.0604327661698507,1.0604327661698507,0.0,0.0,0.0,0.0
2026-01-20 00:00:00+00:00,20260201_193426_95a6098b_BuyHold_XLE,0.0,0.0,1.0604327661698507,1.0604327661698507,0.0,0.0,0.0,0.0
2026-01-21 00:00:00+00:00,20260201_193426_95a6098b_BuyHold_XLE,0.0,0.0,1.0604327661698507,1.0604327661698507,0.0,0.0,0.0,-0.0
2026-01-22 00:00:00+00:00,20260201_193426_95a6098b_BuyHold_XLE,0.0,0.0,1.0604327661698507,1.0604327661698507,0.0,0.0,0.0,0.0
2026-01-23 00:00:00+00:00,20260201_193426_95a6098b_BuyHold_XLE,0.0,0.0,1.0604327661698507,1.0604327661698507,0.0,0.0,0.0,0.0
2026-01-26 00:00:00+00:00,20260201_193426_95a6098b_BuyHold_XLE,0.0,0.0,1.0604327661698507,1.0604327661698507,0.0,0.0,0.0,0.0
2026-01-27 00:00:00+00:00,20260201_193426_95a6098b_BuyHold_XLE,0.0,0.0,1.0604327661698507,1.0604327661698507,0.0,0.0,0.0,-0.0
2026-01-28 00:00:00+00:00,20260201_193426_95a6098b_BuyHold_XLE,0.0,0.0,1.0604327661698507,1.0604327661698507,0.0,0.0,0.0,0.0
2026-01-29 00:00:00+00:00,20260201_193426_95a6098b_BuyHold_XLE,0.0,0.0,1.0604327661698507,1.0604327661698507,0.0,0.0,0.0,0.0
2026-01-30 00:00:00+00:00,20260201_193426_95a6098b_BuyHold_XLE,0.0,0.0,1.0604327661698507,1.0604327661698507,0.0,0.0,0.0,-0.0
