timestamp,run_id,port_ret_gross,port_ret_net,equity_gross,equity_net,turnover,cost,weight_ret_xle,asset_ret_gross_ret_xle
2021-01-06 21:00:00+00:00,20260126_001632_c771f2eb_StateSignal_XLE,0.0,0.0,1.0,1.0,0.0,0.0,0.0,-0.0
2021-01-07 21:00:00+00:00,20260126_001632_c771f2eb_StateSignal_XLE,0.0,0.0,1.0,1.0,0.0,0.0,0.0,0.0
2021-01-08 21:00:00+00:00,20260126_001632_c771f2eb_StateSignal_XLE,0.0,0.0,1.0,1.0,0.0,0.0,0.0,-0.0
2021-01-11 21:00:00+00:00,20260126_001632_c771f2eb_StateSignal_XLE,0.0,0.0,1.0,1.0,0.0,0.0,0.0,0.0
2021-01-12 21:00:00+00:00,20260126_001632_c771f2eb_StateSignal_XLE,0.0,0.0,1.0,1.0,0.0,0.0,0.0,0.0
2021-01-13 21:00:00+00:00,20260126_001632_c771f2eb_StateSignal_XLE,0.0,0.0,1.0,1.0,0.0,0.0,0.0,-0.0
2021-01-14 21:00:00+00:00,20260126_001632_c771f2eb_StateSignal_XLE,0.0,0.0,1.0,1.0,0.0,0.0,0.0,0.0
2021-01-15 21:00:00+00:00,20260126_001632_c771f2eb_StateSignal_XLE,0.0,0.0,1.0,1.0,0.0,0.0,0.0,-0.0
2021-01-19 21:00:00+00:00,20260126_001632_c771f2eb_StateSignal_XLE,0.0,0.0,1.0,1.0,0.0,0.0,0.0,0.0
2021-01-20 21:00:00+00:00,20260126_001632_c771f2eb_StateSignal_XLE,0.0,0.0,1.0,1.0,0.0,0.0,0.0,0.0
2021-01-21 21:00:00+00:00,20260126_001632_c771f2eb_StateSignal_XLE,0.0,0.0,1.0,1.0,0.0,0.0,0.0,-0.0
2021-01-22 21:00:00+00:00,20260126_001632_c771f2eb_StateSignal_XLE,0.0,0.0,1.0,1.0,0.0,0.0,0.0,0.0
2021-01-25 21:00:00+00:00,20260126_001632_c771f2eb_StateSignal_XLE,0.0,0.0,1.0,1.0,0.0,0.0,0.0,0.0
2021-01-26 21:00:00+00:00,20260126_001632_c771f2eb_StateSignal_XLE,0.0,0.0,1.0,1.0,0.0,0.0,0.0,-0.0
2021-01-27 21:00:00+00:00,20260126_001632_c771f2eb_StateSignal_XLE,0.0,0.0,1.0,1.0,0.0,0.0,0.0,0.0
2021-01-28 21:00:00+00:00,20260126_001632_c771f2eb_StateSignal_XLE,0.0,0.0,1.0,1.0,0.0,0.0,0.0,-0.0
2021-01-29 21:00:00+00:00,20260126_001632_c771f2eb_StateSignal_XLE,0.0,0.0,1.0,1.0,0.0,0.0,0.0,-0.0
2021-02-01 21:00:00+00:00,20260126_001632_c771f2eb_StateSignal_XLE,0.0,0.0,1.0,1.0,0.0,0.0,0.0,0.0
2021-02-02 21:00:00+00:00,20260126_001632_c771f2eb_StateSignal_XLE,0.0,0.0,1.0,1.0,0.0,0.0,0.0,-0.0
2021-02-03 21:00:00+00:00,20260126_001632_c771f2eb_StateSignal_XLE,0.0,0.0,1.0,1.0,0.0,0.0,0.0,0.0
2021-02-04 21:00:00+00:00,20260126_001632_c771f2eb_StateSignal_XLE,0.0,0.0,1.0,1.0,0.0,0.0,0.0,0.0
2021-02-05 21:00:00+00:00,20260126_001632_c771f2eb_StateSignal_XLE,0.0,0.0,1.0,1.0,0.0,0.0,0.0,-0.0
2021-02-08 21:00:00+00:00,20260126_001632_c771f2eb_StateSignal_XLE,0.0,0.0,1.0,1.0,0.0,0.0,0.0,0.0
2021-02-09 21:00:00+00:00,20260126_001632_c771f2eb_StateSignal_XLE,0.0,0.0,1.0,1.0,0.0,0.0,0.0,0.0
2021-02-10 21:00:00+00:00,20260126_001632_c771f2eb_StateSignal_XLE,0.0,0.0,1.0,1.0,0.0,0.0,0.0,0.0
2021-02-11 21:00:00+00:00,20260126_001632_c771f2eb_StateSignal_XLE,0.0,0.0,1.0,1.0,0.0,0.0,0.0,-0.0
2021-02-12 21:00:00+00:00,20260126_001632_c771f2eb_StateSignal_XLE,0.0,0.0,1.0,1.0,0.0,0.0,0.0,0.0
2021-02-16 21:00:00+00:00,20260126_001632_c771f2eb_StateSignal_XLE,0.0,0.0,1.0,1.0,0.0,0.0,0.0,-0.0
2021-02-17 21:00:00+00:00,20260126_001632_c771f2eb_StateSignal_XLE,0.0,0.0,1.0,1.0,0.0,0.0,0.0,0.0
2021-02-18 21:00:00+00:00,20260126_001632_c771f2eb_StateSignal_XLE,0.0,0.0,1.0,1.0,0.0,0.0,0.0,-0.0
2021-02-19 21:00:00+00:00,20260126_001632_c771f2eb_StateSignal_XLE,0.0,0.0,1.0,1.0,0.0,0.0,0.0,0.0
2021-02-22 21:00:00+00:00,20260126_001632_c771f2eb_StateSignal_XLE,0.0,0.0,1.0,1.0,0.0,0.0,0.0,0.0
2021-02-23 21:00:00+00:00,20260126_001632_c771f2eb_StateSignal_XLE,0.0,0.0,1.0,1.0,0.0,0.0,0.0,0.0
2021-02-24 21:00:00+00:00,20260126_001632_c771f2eb_StateSignal_XLE,0.0,0.0,1.0,1.0,0.0,0.0,0.0,0.0
2021-02-25 21:00:00+00:00,20260126_001632_c771f2eb_StateSignal_XLE,0.0,0.0,1.0,1.0,0.0,0.0,0.0,-0.0
2021-02-26 21:00:00+00:00,20260126_001632_c771f2eb_StateSignal_XLE,0.0,0.0,1.0,1.0,0.0,0.0,0.0,-0.0
2021-03-01 21:00:00+00:00,20260126_001632_c771f2eb_StateSignal_XLE,0.0,0.0,1.0,1.0,0.0,0.0,0.0,-0.0
2021-03-02 21:00:00+00:00,20260126_001632_c771f2eb_StateSignal_XLE,0.0,0.0,1.0,1.0,0.0,0.0,0.0,-0.0
2021-03-03 21:00:00+00:00,20260126_001632_c771f2eb_StateSignal_XLE,0.0,0.0,1.0,1.0,0.0,0.0,0.0,0.0
2021-03-04 21:00:00+00:00,20260126_001632_c771f2eb_StateSignal_XLE,0.0,0.0,1.0,1.0,0.0,0.0,0.0,0.0
2021-03-05 21:00:00+00:00,20260126_001632_c771f2eb_StateSignal_XLE,0.0,0.0,1.0,1.0,0.0,0.0,0.0,0.0
2021-03-08 21:00:00+00:00,20260126_001632_c771f2eb_StateSignal_XLE,0.0,0.0,1.0,1.0,0.0,0.0,0.0,-0.0
2021-03-09 21:00:00+00:00,20260126_001632_c771f2eb_StateSignal_XLE,0.0,0.0,1.0,1.0,0.0,0.0,0.0,-0.0
2021-03-10 21:00:00+00:00,20260126_001632_c771f2eb_StateSignal_XLE,0.0,0.0,1.0,1.0,0.0,0.0,0.0,0.0
2021-03-11 21:00:00+00:00,20260126_001632_c771f2eb_StateSignal_XLE,0.0,0.0,1.0,1.0,0.0,0.0,0.0,-0.0
2021-03-12 21:00:00+00:00,20260126_001632_c771f2eb_StateSignal_XLE,0.0,0.0,1.0,1.0,0.0,0.0,0.0,-0.0
2021-03-15 20:00:00+00:00,20260126_001632_c771f2eb_StateSignal_XLE,0.0,0.0,1.0,1.0,0.0,0.0,0.0,-0.0
2021-03-16 20:00:00+00:00,20260126_001632_c771f2eb_StateSignal_XLE,0.0,0.0,1.0,1.0,0.0,0.0,0.0,-0.0
2021-03-17 20:00:00+00:00,20260126_001632_c771f2eb_StateSignal_XLE,0.0,0.0,1.0,1.0,0.0,0.0,0.0,0.0
2021-03-18 20:00:00+00:00,20260126_001632_c771f2eb_StateSignal_XLE,0.0,0.0,1.0,1.0,0.0,0.0,0.0,-0.0
2021-03-19 20:00:00+00:00,20260126_001632_c771f2eb_StateSignal_XLE,0.0,0.0,1.0,1.0,0.0,0.0,0.0,0.0
2021-03-22 20:00:00+00:00,20260126_001632_c771f2eb_StateSignal_XLE,0.0,0.0,1.0,1.0,0.0,0.0,0.0,-0.0
2021-03-23 20:00:00+00:00,20260126_001632_c771f2eb_StateSignal_XLE,0.0,0.0,1.0,1.0,0.0,0.0,0.0,-0.0
2021-03-24 20:00:00+00:00,20260126_001632_c771f2eb_StateSignal_XLE,0.0,0.0,1.0,1.0,0.0,0.0,0.0,-0.0
2021-03-25 20:00:00+00:00,20260126_001632_c771f2eb_StateSignal_XLE,0.0,0.0,1.0,1.0,0.0,0.0,0.0,0.0
2021-03-26 20:00:00+00:00,20260126_001632_c771f2eb_StateSignal_XLE,0.0,0.0,1.0,1.0,0.0,0.0,0.0,0.0
2021-03-29 20:00:00+00:00,20260126_001632_c771f2eb_StateSignal_XLE,0.0,0.0,1.0,1.0,0.0,0.0,0.0,-0.0
2021-03-30 20:00:00+00:00,20260126_001632_c771f2eb_StateSignal_XLE,0.0,0.0,1.0,1.0,0.0,0.0,0.0,0.0
2021-03-31 20:00:00+00:00,20260126_001632_c771f2eb_StateSignal_XLE,0.0,0.0,1.0,1.0,0.0,0.0,0.0,-0.0
2021-04-01 20:00:00+00:00,20260126_001632_c771f2eb_StateSignal_XLE,0.0,0.0,1.0,1.0,0.0,0.0,0.0,0.0
2021-04-05 20:00:00+00:00,20260126_001632_c771f2eb_StateSignal_XLE,0.0,0.0,1.0,1.0,0.0,0.0,0.0,-0.0
2021-04-06 20:00:00+00:00,20260126_001632_c771f2eb_StateSignal_XLE,0.0,0.0,1.0,1.0,0.0,0.0,0.0,-0.0
2021-04-07 20:00:00+00:00,20260126_001632_c771f2eb_StateSignal_XLE,0.0,0.0,1.0,1.0,0.0,0.0,0.0,0.0
2021-04-08 20:00:00+00:00,20260126_001632_c771f2eb_StateSignal_XLE,0.0,0.0,1.0,1.0,0.0,0.0,0.0,0.0
2021-04-09 20:00:00+00:00,20260126_001632_c771f2eb_StateSignal_XLE,0.0,0.0,1.0,1.0,0.0,0.0,0.0,-0.0
2021-04-12 20:00:00+00:00,20260126_001632_c771f2eb_StateSignal_XLE,0.0,0.0,1.0,1.0,0.0,0.0,0.0,-0.0
2021-04-13 20:00:00+00:00,20260126_001632_c771f2eb_StateSignal_XLE,0.0,0.0,1.0,1.0,0.0,0.0,0.0,0.0
2021-04-14 20:00:00+00:00,20260126_001632_c771f2eb_StateSignal_XLE,0.0,0.0,1.0,1.0,0.0,0.0,0.0,0.0
2021-04-15 20:00:00+00:00,20260126_001632_c771f2eb_StateSignal_XLE,0.0,0.0,1.0,1.0,0.0,0.0,0.0,0.0
2021-04-16 20:00:00+00:00,20260126_001632_c771f2eb_StateSignal_XLE,0.0,0.0,1.0,1.0,0.0,0.0,0.0,-0.0
2021-04-19 20:00:00+00:00,20260126_001632_c771f2eb_StateSignal_XLE,0.0,0.0,1.0,1.0,0.0,0.0,0.0,-0.0
2021-04-20 20:00:00+00:00,20260126_001632_c771f2eb_StateSignal_XLE,0.0,0.0,1.0,1.0,0.0,0.0,0.0,-0.0
2021-04-21 20:00:00+00:00,20260126_001632_c771f2eb_StateSignal_XLE,0.0,0.0,1.0,1.0,0.0,0.0,0.0,0.0
2021-04-22 20:00:00+00:00,20260126_001632_c771f2eb_StateSignal_XLE,0.0,0.0,1.0,1.0,0.0,0.0,0.0,-0.0
2021-04-23 20:00:00+00:00,20260126_001632_c771f2eb_StateSignal_XLE,0.0,0.0,1.0,1.0,0.0,0.0,0.0,0.0
2021-04-26 20:00:00+00:00,20260126_001632_c771f2eb_StateSignal_XLE,0.0,0.0,1.0,1.0,0.0,0.0,0.0,-0.0
2021-04-27 20:00:00+00:00,20260126_001632_c771f2eb_StateSignal_XLE,0.0,0.0,1.0,1.0,0.0,0.0,0.0,0.0
2021-04-28 20:00:00+00:00,20260126_001632_c771f2eb_StateSignal_XLE,0.0,0.0,1.0,1.0,0.0,0.0,0.0,0.0
2021-04-29 20:00:00+00:00,20260126_001632_c771f2eb_StateSignal_XLE,0.0,0.0,1.0,1.0,0.0,0.0,0.0,-0.0
2021-04-30 20:00:00+00:00,20260126_001632_c771f2eb_StateSignal_XLE,0.0,0.0,1.0,1.0,0.0,0.0,0.0,-0.0
2021-05-03 20:00:00+00:00,20260126_001632_c771f2eb_StateSignal_XLE,0.0,0.0,1.0,1.0,0.0,0.0,0.0,0.0
2021-05-04 20:00:00+00:00,20260126_001632_c771f2eb_StateSignal_XLE,0.0,0.0,1.0,1.0,0.0,0.0,0.0,0.0
2021-05-05 20:00:00+00:00,20260126_001632_c771f2eb_StateSignal_XLE,0.0,0.0,1.0,1.0,0.0,0.0,0.0,0.0
2021-05-06 20:00:00+00:00,20260126_001632_c771f2eb_StateSignal_XLE,0.0,0.0,1.0,1.0,0.0,0.0,0.0,0.0
2021-05-07 20:00:00+00:00,20260126_001632_c771f2eb_StateSignal_XLE,0.0,0.0,1.0,1.0,0.0,0.0,0.0,0.0
2021-05-10 20:00:00+00:00,20260126_001632_c771f2eb_StateSignal_XLE,0.0,0.0,1.0,1.0,0.0,0.0,0.0,-0.0
2021-05-11 20:00:00+00:00,20260126_001632_c771f2eb_StateSignal_XLE,0.0,0.0,1.0,1.0,0.0,0.0,0.0,-0.0
2021-05-12 20:00:00+00:00,20260126_001632_c771f2eb_StateSignal_XLE,0.0,0.0,1.0,1.0,0.0,0.0,0.0,-0.0
2021-05-13 20:00:00+00:00,20260126_001632_c771f2eb_StateSignal_XLE,0.0,0.0,1.0,1.0,0.0,0.0,0.0,-0.0
2021-05-14 20:00:00+00:00,20260126_001632_c771f2eb_StateSignal_XLE,0.0,0.0,1.0,1.0,0.0,0.0,0.0,0.0
2021-05-17 20:00:00+00:00,20260126_001632_c771f2eb_StateSignal_XLE,0.0,0.0,1.0,1.0,0.0,0.0,0.0,0.0
2021-05-18 20:00:00+00:00,20260126_001632_c771f2eb_StateSignal_XLE,0.0,0.0,1.0,1.0,0.0,0.0,0.0,-0.0
2021-05-19 20:00:00+00:00,20260126_001632_c771f2eb_StateSignal_XLE,0.0,0.0,1.0,1.0,0.0,0.0,0.0,0.0
2021-05-20 20:00:00+00:00,20260126_001632_c771f2eb_StateSignal_XLE,0.0,0.0,1.0,1.0,0.0,0.0,0.0,0.0
2021-05-21 20:00:00+00:00,20260126_001632_c771f2eb_StateSignal_XLE,0.0,0.0,1.0,1.0,0.0,0.0,0.0,-0.0
2021-05-24 20:00:00+00:00,20260126_001632_c771f2eb_StateSignal_XLE,0.0,0.0,1.0,1.0,0.0,0.0,0.0,0.0
2021-05-25 20:00:00+00:00,20260126_001632_c771f2eb_StateSignal_XLE,0.0,0.0,1.0,1.0,0.0,0.0,0.0,-0.0
2021-05-26 20:00:00+00:00,20260126_001632_c771f2eb_StateSignal_XLE,0.0,0.0,1.0,1.0,0.0,0.0,0.0,0.0
2021-05-27 20:00:00+00:00,20260126_001632_c771f2eb_StateSignal_XLE,0.0,0.0,1.0,1.0,0.0,0.0,0.0,-0.0
2021-05-28 20:00:00+00:00,20260126_001632_c771f2eb_StateSignal_XLE,0.0,0.0,1.0,1.0,0.0,0.0,0.0,0.0
2021-06-01 20:00:00+00:00,20260126_001632_c771f2eb_StateSignal_XLE,0.0,0.0,1.0,1.0,0.0,0.0,0.0,0.0
2021-06-02 20:00:00+00:00,20260126_001632_c771f2eb_StateSignal_XLE,0.0,0.0,1.0,1.0,0.0,0.0,0.0,0.0
2021-06-03 20:00:00+00:00,20260126_001632_c771f2eb_StateSignal_XLE,0.0,0.0,1.0,1.0,0.0,0.0,0.0,0.0
2021-06-04 20:00:00+00:00,20260126_001632_c771f2eb_StateSignal_XLE,0.0,0.0,1.0,1.0,0.0,0.0,0.0,-0.0
2021-06-07 20:00:00+00:00,20260126_001632_c771f2eb_StateSignal_XLE,0.0,0.0,1.0,1.0,0.0,0.0,0.0,-0.0
2021-06-08 20:00:00+00:00,20260126_001632_c771f2eb_StateSignal_XLE,0.0,0.0,1.0,1.0,0.0,0.0,0.0,0.0
2021-06-09 20:00:00+00:00,20260126_001632_c771f2eb_StateSignal_XLE,0.0,0.0,1.0,1.0,0.0,0.0,0.0,-0.0
2021-06-10 20:00:00+00:00,20260126_001632_c771f2eb_StateSignal_XLE,0.0,0.0,1.0,1.0,0.0,0.0,0.0,-0.0
2021-06-11 20:00:00+00:00,20260126_001632_c771f2eb_StateSignal_XLE,0.0,0.0,1.0,1.0,0.0,0.0,0.0,-0.0
2021-06-14 20:00:00+00:00,20260126_001632_c771f2eb_StateSignal_XLE,0.0,0.0,1.0,1.0,0.0,0.0,0.0,-0.0
2021-06-15 20:00:00+00:00,20260126_001632_c771f2eb_StateSignal_XLE,0.0,0.0,1.0,1.0,0.0,0.0,0.0,0.0
2021-06-16 20:00:00+00:00,20260126_001632_c771f2eb_StateSignal_XLE,0.0,0.0,1.0,1.0,0.0,0.0,0.0,0.0
2021-06-17 20:00:00+00:00,20260126_001632_c771f2eb_StateSignal_XLE,0.0,0.0,1.0,1.0,0.0,0.0,0.0,-0.0
2021-06-18 20:00:00+00:00,20260126_001632_c771f2eb_StateSignal_XLE,0.0,0.0,1.0,1.0,0.0,0.0,0.0,-0.0
2021-06-21 20:00:00+00:00,20260126_001632_c771f2eb_StateSignal_XLE,0.0,0.0,1.0,1.0,0.0,0.0,0.0,0.0
2021-06-22 20:00:00+00:00,20260126_001632_c771f2eb_StateSignal_XLE,0.0,0.0,1.0,1.0,0.0,0.0,0.0,0.0
2021-06-23 20:00:00+00:00,20260126_001632_c771f2eb_StateSignal_XLE,0.0,0.0,1.0,1.0,0.0,0.0,0.0,-0.0
2021-06-24 20:00:00+00:00,20260126_001632_c771f2eb_StateSignal_XLE,0.0,0.0,1.0,1.0,0.0,0.0,0.0,0.0
2021-06-25 20:00:00+00:00,20260126_001632_c771f2eb_StateSignal_XLE,0.0,0.0,1.0,1.0,0.0,0.0,0.0,0.0
2021-06-28 20:00:00+00:00,20260126_001632_c771f2eb_StateSignal_XLE,0.0,0.0,1.0,1.0,0.0,0.0,0.0,-0.0
2021-06-29 20:00:00+00:00,20260126_001632_c771f2eb_StateSignal_XLE,0.0,0.0,1.0,1.0,0.0,0.0,0.0,-0.0
2021-06-30 20:00:00+00:00,20260126_001632_c771f2eb_StateSignal_XLE,0.0,0.0,1.0,1.0,0.0,0.0,0.0,0.0
2021-07-01 20:00:00+00:00,20260126_001632_c771f2eb_StateSignal_XLE,0.0,0.0,1.0,1.0,0.0,0.0,0.0,-0.0
2021-07-02 20:00:00+00:00,20260126_001632_c771f2eb_StateSignal_XLE,0.0,0.0,1.0,1.0,0.0,0.0,0.0,0.0
2021-07-06 20:00:00+00:00,20260126_001632_c771f2eb_StateSignal_XLE,0.0,0.0,1.0,1.0,0.0,0.0,0.0,-0.0
2021-07-07 20:00:00+00:00,20260126_001632_c771f2eb_StateSignal_XLE,0.0,0.0,1.0,1.0,0.0,0.0,0.0,-0.0
2021-07-08 20:00:00+00:00,20260126_001632_c771f2eb_StateSignal_XLE,0.0,0.0,1.0,1.0,0.0,0.0,0.0,0.0
2021-07-09 20:00:00+00:00,20260126_001632_c771f2eb_StateSignal_XLE,0.0,0.0,1.0,1.0,0.0,0.0,0.0,0.0
2021-07-12 20:00:00+00:00,20260126_001632_c771f2eb_StateSignal_XLE,0.0,0.0,1.0,1.0,0.0,0.0,0.0,0.0
2021-07-13 20:00:00+00:00,20260126_001632_c771f2eb_StateSignal_XLE,0.0,0.0,1.0,1.0,0.0,0.0,0.0,-0.0
2021-07-14 20:00:00+00:00,20260126_001632_c771f2eb_StateSignal_XLE,0.0,0.0,1.0,1.0,0.0,0.0,0.0,-0.0
2021-07-15 20:00:00+00:00,20260126_001632_c771f2eb_StateSignal_XLE,0.0,0.0,1.0,1.0,0.0,0.0,0.0,-0.0
2021-07-16 20:00:00+00:00,20260126_001632_c771f2eb_StateSignal_XLE,0.0,0.0,1.0,1.0,0.0,0.0,0.0,-0.0
2021-07-19 20:00:00+00:00,20260126_001632_c771f2eb_StateSignal_XLE,0.0,0.0,1.0,1.0,0.0,0.0,0.0,0.0
2021-07-20 20:00:00+00:00,20260126_001632_c771f2eb_StateSignal_XLE,0.0,0.0,1.0,1.0,0.0,0.0,0.0,0.0
2021-07-21 20:00:00+00:00,20260126_001632_c771f2eb_StateSignal_XLE,0.0,0.0,1.0,1.0,0.0,0.0,0.0,0.0
2021-07-22 20:00:00+00:00,20260126_001632_c771f2eb_StateSignal_XLE,0.0,0.0,1.0,1.0,0.0,0.0,0.0,-0.0
2021-07-23 20:00:00+00:00,20260126_001632_c771f2eb_StateSignal_XLE,0.0,0.0,1.0,1.0,0.0,0.0,0.0,-0.0
2021-07-26 20:00:00+00:00,20260126_001632_c771f2eb_StateSignal_XLE,0.0,0.0,1.0,1.0,0.0,0.0,0.0,0.0
2021-07-27 20:00:00+00:00,20260126_001632_c771f2eb_StateSignal_XLE,0.0,0.0,1.0,1.0,0.0,0.0,0.0,0.0
2021-07-28 20:00:00+00:00,20260126_001632_c771f2eb_StateSignal_XLE,0.0,0.0,1.0,1.0,0.0,0.0,0.0,0.0
2021-07-29 20:00:00+00:00,20260126_001632_c771f2eb_StateSignal_XLE,0.0,0.0,1.0,1.0,0.0,0.0,0.0,0.0
2021-07-30 20:00:00+00:00,20260126_001632_c771f2eb_StateSignal_XLE,0.0,0.0,1.0,1.0,0.0,0.0,0.0,-0.0
2021-08-02 20:00:00+00:00,20260126_001632_c771f2eb_StateSignal_XLE,0.0,0.0,1.0,1.0,0.0,0.0,0.0,-0.0
2021-08-03 20:00:00+00:00,20260126_001632_c771f2eb_StateSignal_XLE,0.0,0.0,1.0,1.0,0.0,0.0,0.0,0.0
2021-08-04 20:00:00+00:00,20260126_001632_c771f2eb_StateSignal_XLE,0.0,0.0,1.0,1.0,0.0,0.0,0.0,-0.0
2021-08-05 20:00:00+00:00,20260126_001632_c771f2eb_StateSignal_XLE,0.0,0.0,1.0,1.0,0.0,0.0,0.0,0.0
2021-08-06 20:00:00+00:00,20260126_001632_c771f2eb_StateSignal_XLE,0.0,0.0,1.0,1.0,0.0,0.0,0.0,-0.0
2021-08-09 20:00:00+00:00,20260126_001632_c771f2eb_StateSignal_XLE,0.0,0.0,1.0,1.0,0.0,0.0,0.0,-0.0
2021-08-10 20:00:00+00:00,20260126_001632_c771f2eb_StateSignal_XLE,0.0,0.0,1.0,1.0,0.0,0.0,0.0,0.0
2021-08-11 20:00:00+00:00,20260126_001632_c771f2eb_StateSignal_XLE,0.0,0.0,1.0,1.0,0.0,0.0,0.0,0.0
2021-08-12 20:00:00+00:00,20260126_001632_c771f2eb_StateSignal_XLE,0.0,0.0,1.0,1.0,0.0,0.0,0.0,-0.0
2021-08-13 20:00:00+00:00,20260126_001632_c771f2eb_StateSignal_XLE,0.0,0.0,1.0,1.0,0.0,0.0,0.0,-0.0
2021-08-16 20:00:00+00:00,20260126_001632_c771f2eb_StateSignal_XLE,0.0,0.0,1.0,1.0,0.0,0.0,0.0,0.0
2021-08-17 20:00:00+00:00,20260126_001632_c771f2eb_StateSignal_XLE,0.0,0.0,1.0,1.0,0.0,0.0,0.0,-0.0
2021-08-18 20:00:00+00:00,20260126_001632_c771f2eb_StateSignal_XLE,0.0,0.0,1.0,1.0,0.0,0.0,0.0,-0.0
2021-08-19 20:00:00+00:00,20260126_001632_c771f2eb_StateSignal_XLE,0.0,0.0,1.0,1.0,0.0,0.0,0.0,-0.0
2021-08-20 20:00:00+00:00,20260126_001632_c771f2eb_StateSignal_XLE,0.0,0.0,1.0,1.0,0.0,0.0,0.0,0.0
2021-08-23 20:00:00+00:00,20260126_001632_c771f2eb_StateSignal_XLE,0.0,0.0,1.0,1.0,0.0,0.0,0.0,0.0
2021-08-24 20:00:00+00:00,20260126_001632_c771f2eb_StateSignal_XLE,0.0,0.0,1.0,1.0,0.0,0.0,0.0,0.0
2021-08-25 20:00:00+00:00,20260126_001632_c771f2eb_StateSignal_XLE,0.0,0.0,1.0,1.0,0.0,0.0,0.0,0.0
2021-08-26 20:00:00+00:00,20260126_001632_c771f2eb_StateSignal_XLE,0.0,0.0,1.0,1.0,0.0,0.0,0.0,-0.0
2021-08-27 20:00:00+00:00,20260126_001632_c771f2eb_StateSignal_XLE,0.0,0.0,1.0,1.0,0.0,0.0,0.0,0.0
2021-08-30 20:00:00+00:00,20260126_001632_c771f2eb_StateSignal_XLE,0.0,0.0,1.0,1.0,0.0,0.0,0.0,-0.0
2021-08-31 20:00:00+00:00,20260126_001632_c771f2eb_StateSignal_XLE,0.0,0.0,1.0,1.0,0.0,0.0,0.0,-0.0
2021-09-01 20:00:00+00:00,20260126_001632_c771f2eb_StateSignal_XLE,0.0,0.0,1.0,1.0,0.0,0.0,0.0,-0.0
2021-09-02 20:00:00+00:00,20260126_001632_c771f2eb_StateSignal_XLE,0.0,0.0,1.0,1.0,0.0,0.0,0.0,0.0
2021-09-03 20:00:00+00:00,20260126_001632_c771f2eb_StateSignal_XLE,0.0,0.0,1.0,1.0,0.0,0.0,0.0,-0.0
2021-09-07 20:00:00+00:00,20260126_001632_c771f2eb_StateSignal_XLE,0.0,0.0,1.0,1.0,0.0,0.0,0.0,-0.0
2021-09-08 20:00:00+00:00,20260126_001632_c771f2eb_StateSignal_XLE,0.0,0.0,1.0,1.0,0.0,0.0,0.0,-0.0
2021-09-09 20:00:00+00:00,20260126_001632_c771f2eb_StateSignal_XLE,0.0,0.0,1.0,1.0,0.0,0.0,0.0,0.0
2021-09-10 20:00:00+00:00,20260126_001632_c771f2eb_StateSignal_XLE,0.0,0.0,1.0,1.0,0.0,0.0,0.0,-0.0
2021-09-13 20:00:00+00:00,20260126_001632_c771f2eb_StateSignal_XLE,0.0,0.0,1.0,1.0,0.0,0.0,0.0,0.0
2021-09-14 20:00:00+00:00,20260126_001632_c771f2eb_StateSignal_XLE,0.0,0.0,1.0,1.0,0.0,0.0,0.0,-0.0
2021-09-15 20:00:00+00:00,20260126_001632_c771f2eb_StateSignal_XLE,0.0,0.0,1.0,1.0,0.0,0.0,0.0,0.0
2021-09-16 20:00:00+00:00,20260126_001632_c771f2eb_StateSignal_XLE,0.0,0.0,1.0,1.0,0.0,0.0,0.0,-0.0
2021-09-17 20:00:00+00:00,20260126_001632_c771f2eb_StateSignal_XLE,0.0,0.0,1.0,1.0,0.0,0.0,0.0,-0.0
2021-09-20 20:00:00+00:00,20260126_001632_c771f2eb_StateSignal_XLE,0.0,0.0,1.0,1.0,0.0,0.0,0.0,-0.0
2021-09-21 20:00:00+00:00,20260126_001632_c771f2eb_StateSignal_XLE,0.0,0.0,1.0,1.0,0.0,0.0,0.0,-0.0
2021-09-22 20:00:00+00:00,20260126_001632_c771f2eb_StateSignal_XLE,0.0,0.0,1.0,1.0,0.0,0.0,0.0,0.0
2021-09-23 20:00:00+00:00,20260126_001632_c771f2eb_StateSignal_XLE,0.0,0.0,1.0,1.0,0.0,0.0,0.0,0.0
2021-09-24 20:00:00+00:00,20260126_001632_c771f2eb_StateSignal_XLE,0.0,0.0,1.0,1.0,0.0,0.0,0.0,0.0
2021-09-27 20:00:00+00:00,20260126_001632_c771f2eb_StateSignal_XLE,0.0,0.0,1.0,1.0,0.0,0.0,0.0,0.0
2021-09-28 20:00:00+00:00,20260126_001632_c771f2eb_StateSignal_XLE,0.0,0.0,1.0,1.0,0.0,0.0,0.0,0.0
2021-09-29 20:00:00+00:00,20260126_001632_c771f2eb_StateSignal_XLE,0.0,0.0,1.0,1.0,0.0,0.0,0.0,0.0
2021-09-30 20:00:00+00:00,20260126_001632_c771f2eb_StateSignal_XLE,0.0,0.0,1.0,1.0,0.0,0.0,0.0,-0.0
2021-10-01 20:00:00+00:00,20260126_001632_c771f2eb_StateSignal_XLE,0.0,0.0,1.0,1.0,0.0,0.0,0.0,0.0
2021-10-04 20:00:00+00:00,20260126_001632_c771f2eb_StateSignal_XLE,0.0,0.0,1.0,1.0,0.0,0.0,0.0,0.0
2021-10-05 20:00:00+00:00,20260126_001632_c771f2eb_StateSignal_XLE,0.0,0.0,1.0,1.0,0.0,0.0,0.0,-0.0
2021-10-06 20:00:00+00:00,20260126_001632_c771f2eb_StateSignal_XLE,0.0,0.0,1.0,1.0,0.0,0.0,0.0,0.0
2021-10-07 20:00:00+00:00,20260126_001632_c771f2eb_StateSignal_XLE,0.0,0.0,1.0,1.0,0.0,0.0,0.0,0.0
2021-10-08 20:00:00+00:00,20260126_001632_c771f2eb_StateSignal_XLE,0.0,0.0,1.0,1.0,0.0,0.0,0.0,0.0
2021-10-11 20:00:00+00:00,20260126_001632_c771f2eb_StateSignal_XLE,0.0,0.0,1.0,1.0,0.0,0.0,0.0,-0.0
2021-10-12 20:00:00+00:00,20260126_001632_c771f2eb_StateSignal_XLE,0.0,0.0,1.0,1.0,0.0,0.0,0.0,-0.0
2021-10-13 20:00:00+00:00,20260126_001632_c771f2eb_StateSignal_XLE,0.0,0.0,1.0,1.0,0.0,0.0,0.0,0.0
2021-10-14 20:00:00+00:00,20260126_001632_c771f2eb_StateSignal_XLE,0.0,0.0,1.0,1.0,0.0,0.0,0.0,0.0
2021-10-15 20:00:00+00:00,20260126_001632_c771f2eb_StateSignal_XLE,0.0,0.0,1.0,1.0,0.0,0.0,0.0,-0.0
2021-10-18 20:00:00+00:00,20260126_001632_c771f2eb_StateSignal_XLE,0.0,0.0,1.0,1.0,0.0,0.0,0.0,-0.0
2021-10-19 20:00:00+00:00,20260126_001632_c771f2eb_StateSignal_XLE,0.0,0.0,1.0,1.0,0.0,0.0,0.0,0.0
2021-10-20 20:00:00+00:00,20260126_001632_c771f2eb_StateSignal_XLE,0.0,0.0,1.0,1.0,0.0,0.0,0.0,0.0
2021-10-21 20:00:00+00:00,20260126_001632_c771f2eb_StateSignal_XLE,0.0,0.0,1.0,1.0,0.0,0.0,0.0,-0.0
2021-10-22 20:00:00+00:00,20260126_001632_c771f2eb_StateSignal_XLE,0.0,0.0,1.0,1.0,0.0,0.0,0.0,0.0
2021-10-25 20:00:00+00:00,20260126_001632_c771f2eb_StateSignal_XLE,0.0,0.0,1.0,1.0,0.0,0.0,0.0,0.0
2021-10-26 20:00:00+00:00,20260126_001632_c771f2eb_StateSignal_XLE,0.0,0.0,1.0,1.0,0.0,0.0,0.0,0.0
2021-10-27 20:00:00+00:00,20260126_001632_c771f2eb_StateSignal_XLE,0.0,0.0,1.0,1.0,0.0,0.0,0.0,-0.0
2021-10-28 20:00:00+00:00,20260126_001632_c771f2eb_StateSignal_XLE,0.0,0.0,1.0,1.0,0.0,0.0,0.0,0.0
2021-10-29 20:00:00+00:00,20260126_001632_c771f2eb_StateSignal_XLE,0.0,0.0,1.0,1.0,0.0,0.0,0.0,-0.0
2021-11-01 20:00:00+00:00,20260126_001632_c771f2eb_StateSignal_XLE,0.0,0.0,1.0,1.0,0.0,0.0,0.0,0.0
2021-11-02 20:00:00+00:00,20260126_001632_c771f2eb_StateSignal_XLE,0.0,0.0,1.0,1.0,0.0,0.0,0.0,-0.0
2021-11-03 20:00:00+00:00,20260126_001632_c771f2eb_StateSignal_XLE,0.0,0.0,1.0,1.0,0.0,0.0,0.0,0.0
2021-11-04 20:00:00+00:00,20260126_001632_c771f2eb_StateSignal_XLE,0.0,0.0,1.0,1.0,0.0,0.0,0.0,-0.0
2021-11-05 20:00:00+00:00,20260126_001632_c771f2eb_StateSignal_XLE,0.0,0.0,1.0,1.0,0.0,0.0,0.0,0.0
2021-11-08 21:00:00+00:00,20260126_001632_c771f2eb_StateSignal_XLE,0.0,0.0,1.0,1.0,0.0,0.0,0.0,-0.0
2021-11-09 21:00:00+00:00,20260126_001632_c771f2eb_StateSignal_XLE,0.0,0.0,1.0,1.0,0.0,0.0,0.0,0.0
2021-11-10 21:00:00+00:00,20260126_001632_c771f2eb_StateSignal_XLE,0.0,0.0,1.0,1.0,0.0,0.0,0.0,-0.0
2021-11-11 21:00:00+00:00,20260126_001632_c771f2eb_StateSignal_XLE,0.0,0.0,1.0,1.0,0.0,0.0,0.0,-0.0
2021-11-12 21:00:00+00:00,20260126_001632_c771f2eb_StateSignal_XLE,0.0,0.0,1.0,1.0,0.0,0.0,0.0,-0.0
2021-11-15 21:00:00+00:00,20260126_001632_c771f2eb_StateSignal_XLE,0.0,0.0,1.0,1.0,0.0,0.0,0.0,0.0
2021-11-16 21:00:00+00:00,20260126_001632_c771f2eb_StateSignal_XLE,0.0,0.0,1.0,1.0,0.0,0.0,0.0,0.0
2021-11-17 21:00:00+00:00,20260126_001632_c771f2eb_StateSignal_XLE,0.0,0.0,1.0,1.0,0.0,0.0,0.0,-0.0
2021-11-18 21:00:00+00:00,20260126_001632_c771f2eb_StateSignal_XLE,0.0,0.0,1.0,1.0,0.0,0.0,0.0,-0.0
2021-11-19 21:00:00+00:00,20260126_001632_c771f2eb_StateSignal_XLE,0.0,0.0,1.0,1.0,0.0,0.0,0.0,-0.0
2021-11-22 21:00:00+00:00,20260126_001632_c771f2eb_StateSignal_XLE,0.0,0.0,1.0,1.0,0.0,0.0,0.0,0.0
2021-11-23 21:00:00+00:00,20260126_001632_c771f2eb_StateSignal_XLE,0.0,0.0,1.0,1.0,0.0,0.0,0.0,0.0
2021-11-24 21:00:00+00:00,20260126_001632_c771f2eb_StateSignal_XLE,0.0,0.0,1.0,1.0,0.0,0.0,0.0,0.0
2021-11-26 21:00:00+00:00,20260126_001632_c771f2eb_StateSignal_XLE,0.0,0.0,1.0,1.0,0.0,0.0,0.0,0.0
2021-11-29 21:00:00+00:00,20260126_001632_c771f2eb_StateSignal_XLE,0.0,0.0,1.0,1.0,0.0,0.0,0.0,-0.0
2021-11-30 21:00:00+00:00,20260126_001632_c771f2eb_StateSignal_XLE,0.0,0.0,1.0,1.0,0.0,0.0,0.0,-0.0
2021-12-01 21:00:00+00:00,20260126_001632_c771f2eb_StateSignal_XLE,0.0,0.0,1.0,1.0,0.0,0.0,0.0,-0.0
2021-12-02 21:00:00+00:00,20260126_001632_c771f2eb_StateSignal_XLE,0.0,0.0,1.0,1.0,0.0,0.0,0.0,0.0
2021-12-03 21:00:00+00:00,20260126_001632_c771f2eb_StateSignal_XLE,0.0,0.0,1.0,1.0,0.0,0.0,0.0,-0.0
2021-12-06 21:00:00+00:00,20260126_001632_c771f2eb_StateSignal_XLE,0.0,0.0,1.0,1.0,0.0,0.0,0.0,0.0
2021-12-07 21:00:00+00:00,20260126_001632_c771f2eb_StateSignal_XLE,0.0,0.0,1.0,1.0,0.0,0.0,0.0,0.0
2021-12-08 21:00:00+00:00,20260126_001632_c771f2eb_StateSignal_XLE,0.0,0.0,1.0,1.0,0.0,0.0,0.0,-0.0
2021-12-09 21:00:00+00:00,20260126_001632_c771f2eb_StateSignal_XLE,0.0,0.0,1.0,1.0,0.0,0.0,0.0,0.0
2021-12-10 21:00:00+00:00,20260126_001632_c771f2eb_StateSignal_XLE,0.0,0.0,1.0,1.0,0.0,0.0,0.0,0.0
2021-12-13 21:00:00+00:00,20260126_001632_c771f2eb_StateSignal_XLE,0.0,0.0,1.0,1.0,0.0,0.0,0.0,-0.0
2021-12-14 21:00:00+00:00,20260126_001632_c771f2eb_StateSignal_XLE,0.0,0.0,1.0,1.0,0.0,0.0,0.0,-0.0
2021-12-15 21:00:00+00:00,20260126_001632_c771f2eb_StateSignal_XLE,0.0,0.0,1.0,1.0,0.0,0.0,0.0,0.0
2021-12-16 21:00:00+00:00,20260126_001632_c771f2eb_StateSignal_XLE,0.0,0.0,1.0,1.0,0.0,0.0,0.0,-0.0
2021-12-17 21:00:00+00:00,20260126_001632_c771f2eb_StateSignal_XLE,0.0,0.0,1.0,1.0,0.0,0.0,0.0,-0.0
2021-12-20 21:00:00+00:00,20260126_001632_c771f2eb_StateSignal_XLE,0.0,0.0,1.0,1.0,0.0,0.0,0.0,0.0
2021-12-21 21:00:00+00:00,20260126_001632_c771f2eb_StateSignal_XLE,0.0,0.0,1.0,1.0,0.0,0.0,0.0,0.0
2021-12-22 21:00:00+00:00,20260126_001632_c771f2eb_StateSignal_XLE,0.0,0.0,1.0,1.0,0.0,0.0,0.0,0.0
2021-12-23 21:00:00+00:00,20260126_001632_c771f2eb_StateSignal_XLE,0.0,0.0,1.0,1.0,0.0,0.0,0.0,-0.0
2021-12-27 21:00:00+00:00,20260126_001632_c771f2eb_StateSignal_XLE,0.0,0.0,1.0,1.0,0.0,0.0,0.0,0.0
2021-12-28 21:00:00+00:00,20260126_001632_c771f2eb_StateSignal_XLE,0.0,0.0,1.0,1.0,0.0,0.0,0.0,-0.0
2021-12-29 21:00:00+00:00,20260126_001632_c771f2eb_StateSignal_XLE,0.0,0.0,1.0,1.0,0.0,0.0,0.0,0.0
2021-12-30 21:00:00+00:00,20260126_001632_c771f2eb_StateSignal_XLE,0.0,0.0,1.0,1.0,0.0,0.0,0.0,-0.0
2021-12-31 21:00:00+00:00,20260126_001632_c771f2eb_StateSignal_XLE,0.0,0.0,1.0,1.0,0.0,0.0,0.0,0.0
2022-01-03 21:00:00+00:00,20260126_001632_c771f2eb_StateSignal_XLE,0.0,0.0,1.0,1.0,0.0,0.0,0.0,0.0
2022-01-04 21:00:00+00:00,20260126_001632_c771f2eb_StateSignal_XLE,0.0,0.0,1.0,1.0,0.0,0.0,0.0,0.0
2022-01-05 21:00:00+00:00,20260126_001632_c771f2eb_StateSignal_XLE,0.0,0.0,1.0,1.0,0.0,0.0,0.0,-0.0
2022-01-06 21:00:00+00:00,20260126_001632_c771f2eb_StateSignal_XLE,0.0,0.0,1.0,1.0,0.0,0.0,0.0,-0.0
2022-01-07 21:00:00+00:00,20260126_001632_c771f2eb_StateSignal_XLE,0.0,0.0,1.0,1.0,0.0,0.0,0.0,0.0
2022-01-10 21:00:00+00:00,20260126_001632_c771f2eb_StateSignal_XLE,0.0,0.0,1.0,1.0,0.0,0.0,0.0,-0.0
2022-01-11 21:00:00+00:00,20260126_001632_c771f2eb_StateSignal_XLE,0.0,0.0,1.0,1.0,0.0,0.0,0.0,0.0
2022-01-12 21:00:00+00:00,20260126_001632_c771f2eb_StateSignal_XLE,0.0,0.0,1.0,1.0,0.0,0.0,0.0,-0.0
2022-01-13 21:00:00+00:00,20260126_001632_c771f2eb_StateSignal_XLE,0.0,0.0,1.0,1.0,0.0,0.0,0.0,-0.0
2022-01-14 21:00:00+00:00,20260126_001632_c771f2eb_StateSignal_XLE,0.0,0.0,1.0,1.0,0.0,0.0,0.0,0.0
2022-01-18 21:00:00+00:00,20260126_001632_c771f2eb_StateSignal_XLE,0.0,0.0,1.0,1.0,0.0,0.0,0.0,-0.0
2022-01-19 21:00:00+00:00,20260126_001632_c771f2eb_StateSignal_XLE,0.0,0.0,1.0,1.0,0.0,0.0,0.0,-0.0
2022-01-20 21:00:00+00:00,20260126_001632_c771f2eb_StateSignal_XLE,0.0,0.0,1.0,1.0,0.0,0.0,0.0,-0.0
2022-01-21 21:00:00+00:00,20260126_001632_c771f2eb_StateSignal_XLE,0.0,0.0,1.0,1.0,0.0,0.0,0.0,-0.0
2022-01-24 21:00:00+00:00,20260126_001632_c771f2eb_StateSignal_XLE,0.0,0.0,1.0,1.0,0.0,0.0,0.0,0.0
2022-01-25 21:00:00+00:00,20260126_001632_c771f2eb_StateSignal_XLE,0.0,0.0,1.0,1.0,0.0,0.0,0.0,0.0
2022-01-26 21:00:00+00:00,20260126_001632_c771f2eb_StateSignal_XLE,0.0,0.0,1.0,1.0,0.0,0.0,0.0,-0.0
2022-01-27 21:00:00+00:00,20260126_001632_c771f2eb_StateSignal_XLE,0.0,0.0,1.0,1.0,0.0,0.0,0.0,-0.0
2022-01-28 21:00:00+00:00,20260126_001632_c771f2eb_StateSignal_XLE,0.0,0.0,1.0,1.0,0.0,0.0,0.0,-0.0
2022-01-31 21:00:00+00:00,20260126_001632_c771f2eb_StateSignal_XLE,0.0,0.0,1.0,1.0,0.0,0.0,0.0,0.0
2022-02-01 21:00:00+00:00,20260126_001632_c771f2eb_StateSignal_XLE,0.0,0.0,1.0,1.0,0.0,0.0,0.0,0.0
2022-02-02 21:00:00+00:00,20260126_001632_c771f2eb_StateSignal_XLE,0.0,0.0,1.0,1.0,0.0,0.0,0.0,0.0
2022-02-03 21:00:00+00:00,20260126_001632_c771f2eb_StateSignal_XLE,0.0,0.0,1.0,1.0,0.0,0.0,0.0,-0.0
2022-02-04 21:00:00+00:00,20260126_001632_c771f2eb_StateSignal_XLE,0.0,0.0,1.0,1.0,0.0,0.0,0.0,-0.0
2022-02-07 21:00:00+00:00,20260126_001632_c771f2eb_StateSignal_XLE,0.0,0.0,1.0,1.0,0.0,0.0,0.0,0.0
2022-02-08 21:00:00+00:00,20260126_001632_c771f2eb_StateSignal_XLE,0.0,0.0,1.0,1.0,0.0,0.0,0.0,-0.0
2022-02-09 21:00:00+00:00,20260126_001632_c771f2eb_StateSignal_XLE,0.0,0.0,1.0,1.0,0.0,0.0,0.0,0.0
2022-02-10 21:00:00+00:00,20260126_001632_c771f2eb_StateSignal_XLE,0.0,0.0,1.0,1.0,0.0,0.0,0.0,-0.0
2022-02-11 21:00:00+00:00,20260126_001632_c771f2eb_StateSignal_XLE,0.0,0.0,1.0,1.0,0.0,0.0,0.0,0.0
2022-02-14 21:00:00+00:00,20260126_001632_c771f2eb_StateSignal_XLE,0.0,0.0,1.0,1.0,0.0,0.0,0.0,-0.0
2022-02-15 21:00:00+00:00,20260126_001632_c771f2eb_StateSignal_XLE,0.0,0.0,1.0,1.0,0.0,0.0,0.0,0.0
2022-02-16 21:00:00+00:00,20260126_001632_c771f2eb_StateSignal_XLE,0.0,0.0,1.0,1.0,0.0,0.0,0.0,-0.0
2022-02-17 21:00:00+00:00,20260126_001632_c771f2eb_StateSignal_XLE,0.0,0.0,1.0,1.0,0.0,0.0,0.0,-0.0
2022-02-18 21:00:00+00:00,20260126_001632_c771f2eb_StateSignal_XLE,0.0,0.0,1.0,1.0,0.0,0.0,0.0,0.0
2022-02-22 21:00:00+00:00,20260126_001632_c771f2eb_StateSignal_XLE,0.0,0.0,1.0,1.0,0.0,0.0,0.0,-0.0
2022-02-23 21:00:00+00:00,20260126_001632_c771f2eb_StateSignal_XLE,0.0,0.0,1.0,1.0,0.0,0.0,0.0,-0.0
2022-02-24 21:00:00+00:00,20260126_001632_c771f2eb_StateSignal_XLE,0.0,0.0,1.0,1.0,0.0,0.0,0.0,0.0
2022-02-25 21:00:00+00:00,20260126_001632_c771f2eb_StateSignal_XLE,0.0,0.0,1.0,1.0,0.0,0.0,0.0,0.0
2022-02-28 21:00:00+00:00,20260126_001632_c771f2eb_StateSignal_XLE,0.0,0.0,1.0,1.0,0.0,0.0,0.0,0.0
2022-03-01 21:00:00+00:00,20260126_001632_c771f2eb_StateSignal_XLE,0.0,0.0,1.0,1.0,0.0,0.0,0.0,-0.0
2022-03-02 21:00:00+00:00,20260126_001632_c771f2eb_StateSignal_XLE,0.0,0.0,1.0,1.0,0.0,0.0,0.0,0.0
2022-03-03 21:00:00+00:00,20260126_001632_c771f2eb_StateSignal_XLE,0.0,0.0,1.0,1.0,0.0,0.0,0.0,0.0
2022-03-04 21:00:00+00:00,20260126_001632_c771f2eb_StateSignal_XLE,0.0,0.0,1.0,1.0,0.0,0.0,0.0,0.0
2022-03-07 21:00:00+00:00,20260126_001632_c771f2eb_StateSignal_XLE,0.0,0.0,1.0,1.0,0.0,0.0,0.0,0.0
2022-03-08 21:00:00+00:00,20260126_001632_c771f2eb_StateSignal_XLE,0.0,0.0,1.0,1.0,0.0,0.0,0.0,-0.0
2022-03-09 21:00:00+00:00,20260126_001632_c771f2eb_StateSignal_XLE,0.0,0.0,1.0,1.0,0.0,0.0,0.0,-0.0
2022-03-10 21:00:00+00:00,20260126_001632_c771f2eb_StateSignal_XLE,0.0,0.0,1.0,1.0,0.0,0.0,0.0,0.0
2022-03-11 21:00:00+00:00,20260126_001632_c771f2eb_StateSignal_XLE,0.0,0.0,1.0,1.0,0.0,0.0,0.0,-0.0
2022-03-14 20:00:00+00:00,20260126_001632_c771f2eb_StateSignal_XLE,0.0,0.0,1.0,1.0,0.0,0.0,0.0,0.0
2022-03-15 20:00:00+00:00,20260126_001632_c771f2eb_StateSignal_XLE,0.0,0.0,1.0,1.0,0.0,0.0,0.0,0.0
2022-03-16 20:00:00+00:00,20260126_001632_c771f2eb_StateSignal_XLE,0.0,0.0,1.0,1.0,0.0,0.0,0.0,-0.0
2022-03-17 20:00:00+00:00,20260126_001632_c771f2eb_StateSignal_XLE,0.0,0.0,1.0,1.0,0.0,0.0,0.0,0.0
2022-03-18 20:00:00+00:00,20260126_001632_c771f2eb_StateSignal_XLE,0.0,0.0,1.0,1.0,0.0,0.0,0.0,-0.0
2022-03-21 20:00:00+00:00,20260126_001632_c771f2eb_StateSignal_XLE,0.0,0.0,1.0,1.0,0.0,0.0,0.0,0.0
2022-03-22 20:00:00+00:00,20260126_001632_c771f2eb_StateSignal_XLE,0.0,0.0,1.0,1.0,0.0,0.0,0.0,-0.0
2022-03-23 20:00:00+00:00,20260126_001632_c771f2eb_StateSignal_XLE,0.0,0.0,1.0,1.0,0.0,0.0,0.0,-0.0
2022-03-24 20:00:00+00:00,20260126_001632_c771f2eb_StateSignal_XLE,0.0,0.0,1.0,1.0,0.0,0.0,0.0,-0.0
2022-03-25 20:00:00+00:00,20260126_001632_c771f2eb_StateSignal_XLE,0.0,0.0,1.0,1.0,0.0,0.0,0.0,0.0
2022-03-28 20:00:00+00:00,20260126_001632_c771f2eb_StateSignal_XLE,0.0,0.0,1.0,1.0,0.0,0.0,0.0,-0.0
2022-03-29 20:00:00+00:00,20260126_001632_c771f2eb_StateSignal_XLE,0.0,0.0,1.0,1.0,0.0,0.0,0.0,0.0
2022-03-30 20:00:00+00:00,20260126_001632_c771f2eb_StateSignal_XLE,0.0,0.0,1.0,1.0,0.0,0.0,0.0,0.0
2022-03-31 20:00:00+00:00,20260126_001632_c771f2eb_StateSignal_XLE,0.0,0.0,1.0,1.0,0.0,0.0,0.0,-0.0
2022-04-01 20:00:00+00:00,20260126_001632_c771f2eb_StateSignal_XLE,0.0,0.0,1.0,1.0,0.0,0.0,0.0,-0.0
2022-04-04 20:00:00+00:00,20260126_001632_c771f2eb_StateSignal_XLE,0.0,0.0,1.0,1.0,0.0,0.0,0.0,0.0
2022-04-05 20:00:00+00:00,20260126_001632_c771f2eb_StateSignal_XLE,0.0,0.0,1.0,1.0,0.0,0.0,0.0,-0.0
2022-04-06 20:00:00+00:00,20260126_001632_c771f2eb_StateSignal_XLE,0.0,0.0,1.0,1.0,0.0,0.0,0.0,0.0
2022-04-07 20:00:00+00:00,20260126_001632_c771f2eb_StateSignal_XLE,0.0,0.0,1.0,1.0,0.0,0.0,0.0,0.0
2022-04-08 20:00:00+00:00,20260126_001632_c771f2eb_StateSignal_XLE,0.0,0.0,1.0,1.0,0.0,0.0,0.0,0.0
2022-04-11 20:00:00+00:00,20260126_001632_c771f2eb_StateSignal_XLE,0.0,0.0,1.0,1.0,0.0,0.0,0.0,-0.0
2022-04-12 20:00:00+00:00,20260126_001632_c771f2eb_StateSignal_XLE,0.0,0.0,1.0,1.0,0.0,0.0,0.0,-0.0
2022-04-13 20:00:00+00:00,20260126_001632_c771f2eb_StateSignal_XLE,0.0,0.0,1.0,1.0,0.0,0.0,0.0,0.0
2022-04-14 20:00:00+00:00,20260126_001632_c771f2eb_StateSignal_XLE,0.0,0.0,1.0,1.0,0.0,0.0,0.0,0.0
2022-04-18 20:00:00+00:00,20260126_001632_c771f2eb_StateSignal_XLE,0.0,0.0,1.0,1.0,0.0,0.0,0.0,0.0
2022-04-19 20:00:00+00:00,20260126_001632_c771f2eb_StateSignal_XLE,0.0,0.0,1.0,1.0,0.0,0.0,0.0,-0.0
2022-04-20 20:00:00+00:00,20260126_001632_c771f2eb_StateSignal_XLE,0.0,0.0,1.0,1.0,0.0,0.0,0.0,0.0
2022-04-21 20:00:00+00:00,20260126_001632_c771f2eb_StateSignal_XLE,0.0,0.0,1.0,1.0,0.0,0.0,0.0,-0.0
2022-04-22 20:00:00+00:00,20260126_001632_c771f2eb_StateSignal_XLE,0.0,0.0,1.0,1.0,0.0,0.0,0.0,-0.0
2022-04-25 20:00:00+00:00,20260126_001632_c771f2eb_StateSignal_XLE,0.0,0.0,1.0,1.0,0.0,0.0,0.0,0.0
2022-04-26 20:00:00+00:00,20260126_001632_c771f2eb_StateSignal_XLE,0.0,0.0,1.0,1.0,0.0,0.0,0.0,-0.0
2022-04-27 20:00:00+00:00,20260126_001632_c771f2eb_StateSignal_XLE,0.0,0.0,1.0,1.0,0.0,0.0,0.0,0.0
2022-04-28 20:00:00+00:00,20260126_001632_c771f2eb_StateSignal_XLE,0.0,0.0,1.0,1.0,0.0,0.0,0.0,0.0
2022-04-29 20:00:00+00:00,20260126_001632_c771f2eb_StateSignal_XLE,0.0,0.0,1.0,1.0,0.0,0.0,0.0,-0.0
2022-05-02 20:00:00+00:00,20260126_001632_c771f2eb_StateSignal_XLE,0.0,0.0,1.0,1.0,0.0,0.0,0.0,0.0
2022-05-03 20:00:00+00:00,20260126_001632_c771f2eb_StateSignal_XLE,0.0,0.0,1.0,1.0,0.0,0.0,0.0,0.0
2022-05-04 20:00:00+00:00,20260126_001632_c771f2eb_StateSignal_XLE,0.0,0.0,1.0,1.0,0.0,0.0,0.0,0.0
2022-05-05 20:00:00+00:00,20260126_001632_c771f2eb_StateSignal_XLE,0.0,0.0,1.0,1.0,0.0,0.0,0.0,-0.0
2022-05-06 20:00:00+00:00,20260126_001632_c771f2eb_StateSignal_XLE,0.0,0.0,1.0,1.0,0.0,0.0,0.0,0.0
2022-05-09 20:00:00+00:00,20260126_001632_c771f2eb_StateSignal_XLE,0.0,0.0,1.0,1.0,0.0,0.0,0.0,-0.0
2022-05-10 20:00:00+00:00,20260126_001632_c771f2eb_StateSignal_XLE,0.0,0.0,1.0,1.0,0.0,0.0,0.0,-0.0
2022-05-11 20:00:00+00:00,20260126_001632_c771f2eb_StateSignal_XLE,0.0,0.0,1.0,1.0,0.0,0.0,0.0,-0.0
2022-05-12 20:00:00+00:00,20260126_001632_c771f2eb_StateSignal_XLE,0.0,0.0,1.0,1.0,0.0,0.0,0.0,0.0
2022-05-13 20:00:00+00:00,20260126_001632_c771f2eb_StateSignal_XLE,0.0,0.0,1.0,1.0,0.0,0.0,0.0,0.0
2022-05-16 20:00:00+00:00,20260126_001632_c771f2eb_StateSignal_XLE,0.0,0.0,1.0,1.0,0.0,0.0,0.0,0.0
2022-05-17 20:00:00+00:00,20260126_001632_c771f2eb_StateSignal_XLE,0.0,0.0,1.0,1.0,0.0,0.0,0.0,0.0
2022-05-18 20:00:00+00:00,20260126_001632_c771f2eb_StateSignal_XLE,0.0,0.0,1.0,1.0,0.0,0.0,0.0,-0.0
2022-05-19 20:00:00+00:00,20260126_001632_c771f2eb_StateSignal_XLE,0.0,0.0,1.0,1.0,0.0,0.0,0.0,0.0
2022-05-20 20:00:00+00:00,20260126_001632_c771f2eb_StateSignal_XLE,0.0,0.0,1.0,1.0,0.0,0.0,0.0,-0.0
2022-05-23 20:00:00+00:00,20260126_001632_c771f2eb_StateSignal_XLE,0.0,0.0,1.0,1.0,0.0,0.0,0.0,0.0
2022-05-24 20:00:00+00:00,20260126_001632_c771f2eb_StateSignal_XLE,0.0,0.0,1.0,1.0,0.0,0.0,0.0,0.0
2022-05-25 20:00:00+00:00,20260126_001632_c771f2eb_StateSignal_XLE,0.0,0.0,1.0,1.0,0.0,0.0,0.0,0.0
2022-05-26 20:00:00+00:00,20260126_001632_c771f2eb_StateSignal_XLE,0.0,0.0,1.0,1.0,0.0,0.0,0.0,0.0
2022-05-27 20:00:00+00:00,20260126_001632_c771f2eb_StateSignal_XLE,0.0,0.0,1.0,1.0,0.0,0.0,0.0,0.0
2022-05-31 20:00:00+00:00,20260126_001632_c771f2eb_StateSignal_XLE,0.0,0.0,1.0,1.0,0.0,0.0,0.0,-0.0
2022-06-01 20:00:00+00:00,20260126_001632_c771f2eb_StateSignal_XLE,0.0,0.0,1.0,1.0,0.0,0.0,0.0,0.0
2022-06-02 20:00:00+00:00,20260126_001632_c771f2eb_StateSignal_XLE,0.0,0.0,1.0,1.0,0.0,0.0,0.0,0.0
2022-06-03 20:00:00+00:00,20260126_001632_c771f2eb_StateSignal_XLE,0.0,0.0,1.0,1.0,0.0,0.0,0.0,0.0
2022-06-06 20:00:00+00:00,20260126_001632_c771f2eb_StateSignal_XLE,0.0,0.0,1.0,1.0,0.0,0.0,0.0,-0.0
2022-06-07 20:00:00+00:00,20260126_001632_c771f2eb_StateSignal_XLE,0.0,0.0,1.0,1.0,0.0,0.0,0.0,0.0
2022-06-08 20:00:00+00:00,20260126_001632_c771f2eb_StateSignal_XLE,0.0,0.0,1.0,1.0,0.0,0.0,0.0,-0.0
2022-06-09 20:00:00+00:00,20260126_001632_c771f2eb_StateSignal_XLE,0.0,0.0,1.0,1.0,0.0,0.0,0.0,-0.0
2022-06-10 20:00:00+00:00,20260126_001632_c771f2eb_StateSignal_XLE,0.0,0.0,1.0,1.0,0.0,0.0,0.0,-0.0
2022-06-13 20:00:00+00:00,20260126_001632_c771f2eb_StateSignal_XLE,0.0,0.0,1.0,1.0,0.0,0.0,0.0,-0.0
2022-06-14 20:00:00+00:00,20260126_001632_c771f2eb_StateSignal_XLE,0.0,0.0,1.0,1.0,0.0,0.0,0.0,-0.0
2022-06-15 20:00:00+00:00,20260126_001632_c771f2eb_StateSignal_XLE,0.0,0.0,1.0,1.0,0.0,0.0,0.0,-0.0
2022-06-16 20:00:00+00:00,20260126_001632_c771f2eb_StateSignal_XLE,0.0,0.0,1.0,1.0,0.0,0.0,0.0,-0.0
2022-06-17 20:00:00+00:00,20260126_001632_c771f2eb_StateSignal_XLE,0.0,0.0,1.0,1.0,0.0,0.0,0.0,-0.0
2022-06-21 20:00:00+00:00,20260126_001632_c771f2eb_StateSignal_XLE,0.0,0.0,1.0,1.0,0.0,0.0,0.0,0.0
2022-06-22 20:00:00+00:00,20260126_001632_c771f2eb_StateSignal_XLE,0.0,0.0,1.0,1.0,0.0,0.0,0.0,0.0
2022-06-23 20:00:00+00:00,20260126_001632_c771f2eb_StateSignal_XLE,0.0,0.0,1.0,1.0,0.0,0.0,0.0,-0.0
2022-06-24 20:00:00+00:00,20260126_001632_c771f2eb_StateSignal_XLE,0.0,0.0,1.0,1.0,0.0,0.0,0.0,0.0
2022-06-27 20:00:00+00:00,20260126_001632_c771f2eb_StateSignal_XLE,0.0,0.0,1.0,1.0,0.0,0.0,0.0,0.0
2022-06-28 20:00:00+00:00,20260126_001632_c771f2eb_StateSignal_XLE,0.0,0.0,1.0,1.0,0.0,0.0,0.0,0.0
2022-06-29 20:00:00+00:00,20260126_001632_c771f2eb_StateSignal_XLE,0.0,0.0,1.0,1.0,0.0,0.0,0.0,-0.0
2022-06-30 20:00:00+00:00,20260126_001632_c771f2eb_StateSignal_XLE,0.0,0.0,1.0,1.0,0.0,0.0,0.0,-0.0
2022-07-01 20:00:00+00:00,20260126_001632_c771f2eb_StateSignal_XLE,0.0,0.0,1.0,1.0,0.0,0.0,0.0,0.0
2022-07-05 20:00:00+00:00,20260126_001632_c771f2eb_StateSignal_XLE,0.0,0.0,1.0,1.0,0.0,0.0,0.0,-0.0
2022-07-06 20:00:00+00:00,20260126_001632_c771f2eb_StateSignal_XLE,0.0,0.0,1.0,1.0,0.0,0.0,0.0,-0.0
2022-07-07 20:00:00+00:00,20260126_001632_c771f2eb_StateSignal_XLE,0.0,0.0,1.0,1.0,0.0,0.0,0.0,0.0
2022-07-08 20:00:00+00:00,20260126_001632_c771f2eb_StateSignal_XLE,0.0,0.0,1.0,1.0,0.0,0.0,0.0,-0.0
2022-07-11 20:00:00+00:00,20260126_001632_c771f2eb_StateSignal_XLE,0.0,0.0,1.0,1.0,0.0,0.0,0.0,0.0
2022-07-12 20:00:00+00:00,20260126_001632_c771f2eb_StateSignal_XLE,0.0,0.0,1.0,1.0,0.0,0.0,0.0,0.0
2022-07-13 20:00:00+00:00,20260126_001632_c771f2eb_StateSignal_XLE,0.0,0.0,1.0,1.0,0.0,0.0,0.0,-0.0
2022-07-14 20:00:00+00:00,20260126_001632_c771f2eb_StateSignal_XLE,0.0,0.0,1.0,1.0,0.0,0.0,0.0,0.0
2022-07-15 20:00:00+00:00,20260126_001632_c771f2eb_StateSignal_XLE,0.0,0.0,1.0,1.0,0.0,0.0,0.0,0.0
2022-07-18 20:00:00+00:00,20260126_001632_c771f2eb_StateSignal_XLE,0.0,0.0,1.0,1.0,0.0,0.0,0.0,-0.0
2022-07-19 20:00:00+00:00,20260126_001632_c771f2eb_StateSignal_XLE,0.0,0.0,1.0,1.0,0.0,0.0,0.0,0.0
2022-07-20 20:00:00+00:00,20260126_001632_c771f2eb_StateSignal_XLE,0.0,0.0,1.0,1.0,0.0,0.0,0.0,0.0
2022-07-21 20:00:00+00:00,20260126_001632_c771f2eb_StateSignal_XLE,0.0,0.0,1.0,1.0,0.0,0.0,0.0,0.0
2022-07-22 20:00:00+00:00,20260126_001632_c771f2eb_StateSignal_XLE,0.0,0.0,1.0,1.0,0.0,0.0,0.0,-0.0
2022-07-25 20:00:00+00:00,20260126_001632_c771f2eb_StateSignal_XLE,0.0,0.0,1.0,1.0,0.0,0.0,0.0,0.0
2022-07-26 20:00:00+00:00,20260126_001632_c771f2eb_StateSignal_XLE,0.0,0.0,1.0,1.0,0.0,0.0,0.0,-0.0
2022-07-27 20:00:00+00:00,20260126_001632_c771f2eb_StateSignal_XLE,0.0,0.0,1.0,1.0,0.0,0.0,0.0,0.0
2022-07-28 20:00:00+00:00,20260126_001632_c771f2eb_StateSignal_XLE,0.0,0.0,1.0,1.0,0.0,0.0,0.0,-0.0
2022-07-29 20:00:00+00:00,20260126_001632_c771f2eb_StateSignal_XLE,0.0,0.0,1.0,1.0,0.0,0.0,0.0,0.0
2022-08-01 20:00:00+00:00,20260126_001632_c771f2eb_StateSignal_XLE,0.0,0.0,1.0,1.0,0.0,0.0,0.0,-0.0
2022-08-02 20:00:00+00:00,20260126_001632_c771f2eb_StateSignal_XLE,0.0,0.0,1.0,1.0,0.0,0.0,0.0,-0.0
2022-08-03 20:00:00+00:00,20260126_001632_c771f2eb_StateSignal_XLE,0.0,0.0,1.0,1.0,0.0,0.0,0.0,-0.0
2022-08-04 20:00:00+00:00,20260126_001632_c771f2eb_StateSignal_XLE,0.0,0.0,1.0,1.0,0.0,0.0,0.0,-0.0
2022-08-05 20:00:00+00:00,20260126_001632_c771f2eb_StateSignal_XLE,0.0,0.0,1.0,1.0,0.0,0.0,0.0,0.0
2022-08-08 20:00:00+00:00,20260126_001632_c771f2eb_StateSignal_XLE,0.0,0.0,1.0,1.0,0.0,0.0,0.0,0.0
2022-08-09 20:00:00+00:00,20260126_001632_c771f2eb_StateSignal_XLE,0.0,0.0,1.0,1.0,0.0,0.0,0.0,-0.0
2022-08-10 20:00:00+00:00,20260126_001632_c771f2eb_StateSignal_XLE,0.0,0.0,1.0,1.0,0.0,0.0,0.0,0.0
2022-08-11 20:00:00+00:00,20260126_001632_c771f2eb_StateSignal_XLE,0.0,0.0,1.0,1.0,0.0,0.0,0.0,0.0
2022-08-12 20:00:00+00:00,20260126_001632_c771f2eb_StateSignal_XLE,0.0,0.0,1.0,1.0,0.0,0.0,0.0,0.0
2022-08-15 20:00:00+00:00,20260126_001632_c771f2eb_StateSignal_XLE,0.0,0.0,1.0,1.0,0.0,0.0,0.0,0.0
2022-08-16 20:00:00+00:00,20260126_001632_c771f2eb_StateSignal_XLE,0.0,0.0,1.0,1.0,0.0,0.0,0.0,-0.0
2022-08-17 20:00:00+00:00,20260126_001632_c771f2eb_StateSignal_XLE,0.0,0.0,1.0,1.0,0.0,0.0,0.0,0.0
2022-08-18 20:00:00+00:00,20260126_001632_c771f2eb_StateSignal_XLE,0.0,0.0,1.0,1.0,0.0,0.0,0.0,0.0
2022-08-19 20:00:00+00:00,20260126_001632_c771f2eb_StateSignal_XLE,0.0,0.0,1.0,1.0,0.0,0.0,0.0,0.0
2022-08-22 20:00:00+00:00,20260126_001632_c771f2eb_StateSignal_XLE,0.0,0.0,1.0,1.0,0.0,0.0,0.0,0.0
2022-08-23 20:00:00+00:00,20260126_001632_c771f2eb_StateSignal_XLE,0.0,0.0,1.0,1.0,0.0,0.0,0.0,0.0
2022-08-24 20:00:00+00:00,20260126_001632_c771f2eb_StateSignal_XLE,0.0,0.0,1.0,1.0,0.0,0.0,0.0,0.0
2022-08-25 20:00:00+00:00,20260126_001632_c771f2eb_StateSignal_XLE,0.0,0.0,1.0,1.0,0.0,0.0,0.0,-0.0
2022-08-26 20:00:00+00:00,20260126_001632_c771f2eb_StateSignal_XLE,0.0,0.0,1.0,1.0,0.0,0.0,0.0,-0.0
2022-08-29 20:00:00+00:00,20260126_001632_c771f2eb_StateSignal_XLE,0.0,0.0,1.0,1.0,0.0,0.0,0.0,0.0
2022-08-30 20:00:00+00:00,20260126_001632_c771f2eb_StateSignal_XLE,0.0,0.0,1.0,1.0,0.0,0.0,0.0,-0.0
2022-08-31 20:00:00+00:00,20260126_001632_c771f2eb_StateSignal_XLE,0.0,0.0,1.0,1.0,0.0,0.0,0.0,0.0
2022-09-01 20:00:00+00:00,20260126_001632_c771f2eb_StateSignal_XLE,0.0,0.0,1.0,1.0,0.0,0.0,0.0,-0.0
2022-09-02 20:00:00+00:00,20260126_001632_c771f2eb_StateSignal_XLE,0.0,0.0,1.0,1.0,0.0,0.0,0.0,-0.0
2022-09-06 20:00:00+00:00,20260126_001632_c771f2eb_StateSignal_XLE,0.0,0.0,1.0,1.0,0.0,0.0,0.0,-0.0
2022-09-07 20:00:00+00:00,20260126_001632_c771f2eb_StateSignal_XLE,0.0,0.0,1.0,1.0,0.0,0.0,0.0,0.0
2022-09-08 20:00:00+00:00,20260126_001632_c771f2eb_StateSignal_XLE,0.0,0.0,1.0,1.0,0.0,0.0,0.0,0.0
2022-09-09 20:00:00+00:00,20260126_001632_c771f2eb_StateSignal_XLE,0.0,0.0,1.0,1.0,0.0,0.0,0.0,0.0
2022-09-12 20:00:00+00:00,20260126_001632_c771f2eb_StateSignal_XLE,0.0,0.0,1.0,1.0,0.0,0.0,0.0,0.0
2022-09-13 20:00:00+00:00,20260126_001632_c771f2eb_StateSignal_XLE,0.0,0.0,1.0,1.0,0.0,0.0,0.0,-0.0
2022-09-14 20:00:00+00:00,20260126_001632_c771f2eb_StateSignal_XLE,0.0,0.0,1.0,1.0,0.0,0.0,0.0,-0.0
2022-09-15 20:00:00+00:00,20260126_001632_c771f2eb_StateSignal_XLE,0.0,0.0,1.0,1.0,0.0,0.0,0.0,-0.0
2022-09-16 20:00:00+00:00,20260126_001632_c771f2eb_StateSignal_XLE,0.0,0.0,1.0,1.0,0.0,0.0,0.0,0.0
2022-09-19 20:00:00+00:00,20260126_001632_c771f2eb_StateSignal_XLE,0.0,0.0,1.0,1.0,0.0,0.0,0.0,0.0
2022-09-20 20:00:00+00:00,20260126_001632_c771f2eb_StateSignal_XLE,0.0,0.0,1.0,1.0,0.0,0.0,0.0,0.0
2022-09-21 20:00:00+00:00,20260126_001632_c771f2eb_StateSignal_XLE,0.0,0.0,1.0,1.0,0.0,0.0,0.0,-0.0
2022-09-22 20:00:00+00:00,20260126_001632_c771f2eb_StateSignal_XLE,0.0,0.0,1.0,1.0,0.0,0.0,0.0,-0.0
2022-09-23 20:00:00+00:00,20260126_001632_c771f2eb_StateSignal_XLE,0.0,0.0,1.0,1.0,0.0,0.0,0.0,-0.0
2022-09-26 20:00:00+00:00,20260126_001632_c771f2eb_StateSignal_XLE,0.0,0.0,1.0,1.0,0.0,0.0,0.0,-0.0
2022-09-27 20:00:00+00:00,20260126_001632_c771f2eb_StateSignal_XLE,0.0,0.0,1.0,1.0,0.0,0.0,0.0,-0.0
2022-09-28 20:00:00+00:00,20260126_001632_c771f2eb_StateSignal_XLE,0.0,0.0,1.0,1.0,0.0,0.0,0.0,0.0
2022-09-29 20:00:00+00:00,20260126_001632_c771f2eb_StateSignal_XLE,0.0,0.0,1.0,1.0,0.0,0.0,0.0,0.0
2022-09-30 20:00:00+00:00,20260126_001632_c771f2eb_StateSignal_XLE,0.0,0.0,1.0,1.0,0.0,0.0,0.0,0.0
2022-10-03 20:00:00+00:00,20260126_001632_c771f2eb_StateSignal_XLE,0.0,0.0,1.0,1.0,0.0,0.0,0.0,0.0
2022-10-04 20:00:00+00:00,20260126_001632_c771f2eb_StateSignal_XLE,0.0,0.0,1.0,1.0,0.0,0.0,0.0,0.0
2022-10-05 20:00:00+00:00,20260126_001632_c771f2eb_StateSignal_XLE,0.0,0.0,1.0,1.0,0.0,0.0,0.0,0.0
2022-10-06 20:00:00+00:00,20260126_001632_c771f2eb_StateSignal_XLE,0.0,0.0,1.0,1.0,0.0,0.0,0.0,0.0
2022-10-07 20:00:00+00:00,20260126_001632_c771f2eb_StateSignal_XLE,0.0,0.0,1.0,1.0,0.0,0.0,0.0,-0.0
2022-10-10 20:00:00+00:00,20260126_001632_c771f2eb_StateSignal_XLE,0.0,0.0,1.0,1.0,0.0,0.0,0.0,-0.0
2022-10-11 20:00:00+00:00,20260126_001632_c771f2eb_StateSignal_XLE,0.0,0.0,1.0,1.0,0.0,0.0,0.0,0.0
2022-10-12 20:00:00+00:00,20260126_001632_c771f2eb_StateSignal_XLE,0.0,0.0,1.0,1.0,0.0,0.0,0.0,0.0
2022-10-13 20:00:00+00:00,20260126_001632_c771f2eb_StateSignal_XLE,0.0,0.0,1.0,1.0,0.0,0.0,0.0,0.0
2022-10-14 20:00:00+00:00,20260126_001632_c771f2eb_StateSignal_XLE,0.0,0.0,1.0,1.0,0.0,0.0,0.0,-0.0
2022-10-17 20:00:00+00:00,20260126_001632_c771f2eb_StateSignal_XLE,0.0,0.0,1.0,1.0,0.0,0.0,0.0,0.0
2022-10-18 20:00:00+00:00,20260126_001632_c771f2eb_StateSignal_XLE,0.0,0.0,1.0,1.0,0.0,0.0,0.0,-0.0
2022-10-19 20:00:00+00:00,20260126_001632_c771f2eb_StateSignal_XLE,0.0,0.0,1.0,1.0,0.0,0.0,0.0,0.0
2022-10-20 20:00:00+00:00,20260126_001632_c771f2eb_StateSignal_XLE,0.0,0.0,1.0,1.0,0.0,0.0,0.0,-0.0
2022-10-21 20:00:00+00:00,20260126_001632_c771f2eb_StateSignal_XLE,0.0,0.0,1.0,1.0,0.0,0.0,0.0,0.0
2022-10-24 20:00:00+00:00,20260126_001632_c771f2eb_StateSignal_XLE,0.0,0.0,1.0,1.0,0.0,0.0,0.0,0.0
2022-10-25 20:00:00+00:00,20260126_001632_c771f2eb_StateSignal_XLE,0.0,0.0,1.0,1.0,0.0,0.0,0.0,0.0
2022-10-26 20:00:00+00:00,20260126_001632_c771f2eb_StateSignal_XLE,0.0,0.0,1.0,1.0,0.0,0.0,0.0,0.0
2022-10-27 20:00:00+00:00,20260126_001632_c771f2eb_StateSignal_XLE,0.0,0.0,1.0,1.0,0.0,0.0,0.0,0.0
2022-10-28 20:00:00+00:00,20260126_001632_c771f2eb_StateSignal_XLE,0.0,0.0,1.0,1.0,0.0,0.0,0.0,0.0
2022-10-31 20:00:00+00:00,20260126_001632_c771f2eb_StateSignal_XLE,0.0,0.0,1.0,1.0,0.0,0.0,0.0,-0.0
2022-11-01 20:00:00+00:00,20260126_001632_c771f2eb_StateSignal_XLE,0.0,0.0,1.0,1.0,0.0,0.0,0.0,-0.0
2022-11-02 20:00:00+00:00,20260126_001632_c771f2eb_StateSignal_XLE,0.0,0.0,1.0,1.0,0.0,0.0,0.0,-0.0
2022-11-03 20:00:00+00:00,20260126_001632_c771f2eb_StateSignal_XLE,0.0,0.0,1.0,1.0,0.0,0.0,0.0,0.0
2022-11-04 20:00:00+00:00,20260126_001632_c771f2eb_StateSignal_XLE,0.0,0.0,1.0,1.0,0.0,0.0,0.0,-0.0
2022-11-07 21:00:00+00:00,20260126_001632_c771f2eb_StateSignal_XLE,0.0,0.0,1.0,1.0,0.0,0.0,0.0,0.0
2022-11-08 21:00:00+00:00,20260126_001632_c771f2eb_StateSignal_XLE,0.0,0.0,1.0,1.0,0.0,0.0,0.0,0.0
2022-11-09 21:00:00+00:00,20260126_001632_c771f2eb_StateSignal_XLE,0.0,0.0,1.0,1.0,0.0,0.0,0.0,-0.0
2022-11-10 21:00:00+00:00,20260126_001632_c771f2eb_StateSignal_XLE,0.0,0.0,1.0,1.0,0.0,0.0,0.0,0.0
2022-11-11 21:00:00+00:00,20260126_001632_c771f2eb_StateSignal_XLE,0.0,0.0,1.0,1.0,0.0,0.0,0.0,0.0
2022-11-14 21:00:00+00:00,20260126_001632_c771f2eb_StateSignal_XLE,0.0,0.0,1.0,1.0,0.0,0.0,0.0,-0.0
2022-11-15 21:00:00+00:00,20260126_001632_c771f2eb_StateSignal_XLE,0.0,0.0,1.0,1.0,0.0,0.0,0.0,0.0
2022-11-16 21:00:00+00:00,20260126_001632_c771f2eb_StateSignal_XLE,0.0,0.0,1.0,1.0,0.0,0.0,0.0,-0.0
2022-11-17 21:00:00+00:00,20260126_001632_c771f2eb_StateSignal_XLE,0.0,0.0,1.0,1.0,0.0,0.0,0.0,0.0
2022-11-18 21:00:00+00:00,20260126_001632_c771f2eb_StateSignal_XLE,0.0,0.0,1.0,1.0,0.0,0.0,0.0,-0.0
2022-11-21 21:00:00+00:00,20260126_001632_c771f2eb_StateSignal_XLE,0.0,0.0,1.0,1.0,0.0,0.0,0.0,-0.0
2022-11-22 21:00:00+00:00,20260126_001632_c771f2eb_StateSignal_XLE,0.0,0.0,1.0,1.0,0.0,0.0,0.0,0.0
2022-11-23 21:00:00+00:00,20260126_001632_c771f2eb_StateSignal_XLE,0.0,0.0,1.0,1.0,0.0,0.0,0.0,-0.0
2022-11-25 21:00:00+00:00,20260126_001632_c771f2eb_StateSignal_XLE,0.0,0.0,1.0,1.0,0.0,0.0,0.0,-0.0
2022-11-28 21:00:00+00:00,20260126_001632_c771f2eb_StateSignal_XLE,0.0,0.0,1.0,1.0,0.0,0.0,0.0,-0.0
2022-11-29 21:00:00+00:00,20260126_001632_c771f2eb_StateSignal_XLE,0.0,0.0,1.0,1.0,0.0,0.0,0.0,0.0
2022-11-30 21:00:00+00:00,20260126_001632_c771f2eb_StateSignal_XLE,0.0,0.0,1.0,1.0,0.0,0.0,0.0,-0.0
2022-12-01 21:00:00+00:00,20260126_001632_c771f2eb_StateSignal_XLE,0.0,0.0,1.0,1.0,0.0,0.0,0.0,-0.0
2022-12-02 21:00:00+00:00,20260126_001632_c771f2eb_StateSignal_XLE,0.0,0.0,1.0,1.0,0.0,0.0,0.0,-0.0
2022-12-05 21:00:00+00:00,20260126_001632_c771f2eb_StateSignal_XLE,0.0,0.0,1.0,1.0,0.0,0.0,0.0,-0.0
2022-12-06 21:00:00+00:00,20260126_001632_c771f2eb_StateSignal_XLE,0.0,0.0,1.0,1.0,0.0,0.0,0.0,-0.0
2022-12-07 21:00:00+00:00,20260126_001632_c771f2eb_StateSignal_XLE,0.0,0.0,1.0,1.0,0.0,0.0,0.0,-0.0
2022-12-08 21:00:00+00:00,20260126_001632_c771f2eb_StateSignal_XLE,0.0,0.0,1.0,1.0,0.0,0.0,0.0,-0.0
2022-12-09 21:00:00+00:00,20260126_001632_c771f2eb_StateSignal_XLE,0.0,0.0,1.0,1.0,0.0,0.0,0.0,-0.0
2022-12-12 21:00:00+00:00,20260126_001632_c771f2eb_StateSignal_XLE,0.0,0.0,1.0,1.0,0.0,0.0,0.0,0.0
2022-12-13 21:00:00+00:00,20260126_001632_c771f2eb_StateSignal_XLE,0.0,0.0,1.0,1.0,0.0,0.0,0.0,-0.0
2022-12-14 21:00:00+00:00,20260126_001632_c771f2eb_StateSignal_XLE,0.0,0.0,1.0,1.0,0.0,0.0,0.0,-0.0
2022-12-15 21:00:00+00:00,20260126_001632_c771f2eb_StateSignal_XLE,0.0,0.0,1.0,1.0,0.0,0.0,0.0,0.0
2022-12-16 21:00:00+00:00,20260126_001632_c771f2eb_StateSignal_XLE,0.0,0.0,1.0,1.0,0.0,0.0,0.0,0.0
2022-12-19 21:00:00+00:00,20260126_001632_c771f2eb_StateSignal_XLE,0.0,0.0,1.0,1.0,0.0,0.0,0.0,-0.0
2022-12-20 21:00:00+00:00,20260126_001632_c771f2eb_StateSignal_XLE,0.0,0.0,1.0,1.0,0.0,0.0,0.0,0.0
2022-12-21 21:00:00+00:00,20260126_001632_c771f2eb_StateSignal_XLE,0.0,0.0,1.0,1.0,0.0,0.0,0.0,0.0
2022-12-22 21:00:00+00:00,20260126_001632_c771f2eb_StateSignal_XLE,0.0,0.0,1.0,1.0,0.0,0.0,0.0,-0.0
2022-12-23 21:00:00+00:00,20260126_001632_c771f2eb_StateSignal_XLE,0.0,0.0,1.0,1.0,0.0,0.0,0.0,0.0
2022-12-27 21:00:00+00:00,20260126_001632_c771f2eb_StateSignal_XLE,0.0,0.0,1.0,1.0,0.0,0.0,0.0,0.0
2022-12-28 21:00:00+00:00,20260126_001632_c771f2eb_StateSignal_XLE,0.0,0.0,1.0,1.0,0.0,0.0,0.0,-0.0
2022-12-29 21:00:00+00:00,20260126_001632_c771f2eb_StateSignal_XLE,0.0,0.0,1.0,1.0,0.0,0.0,0.0,0.0
2022-12-30 21:00:00+00:00,20260126_001632_c771f2eb_StateSignal_XLE,0.0,0.0,1.0,1.0,0.0,0.0,0.0,0.0
2023-01-03 21:00:00+00:00,20260126_001632_c771f2eb_StateSignal_XLE,0.0,0.0,1.0,1.0,0.0,0.0,0.0,-0.0
2023-01-04 21:00:00+00:00,20260126_001632_c771f2eb_StateSignal_XLE,0.0,0.0,1.0,1.0,0.0,0.0,0.0,0.0
2023-01-05 21:00:00+00:00,20260126_001632_c771f2eb_StateSignal_XLE,0.0,0.0,1.0,1.0,0.0,0.0,0.0,0.0
2023-01-06 21:00:00+00:00,20260126_001632_c771f2eb_StateSignal_XLE,0.0,0.0,1.0,1.0,0.0,0.0,0.0,-0.0
2023-01-09 21:00:00+00:00,20260126_001632_c771f2eb_StateSignal_XLE,0.0,0.0,1.0,1.0,0.0,0.0,0.0,-0.0
2023-01-10 21:00:00+00:00,20260126_001632_c771f2eb_StateSignal_XLE,0.0,0.0,1.0,1.0,0.0,0.0,0.0,0.0
2023-01-11 21:00:00+00:00,20260126_001632_c771f2eb_StateSignal_XLE,0.0,0.0,1.0,1.0,0.0,0.0,0.0,-0.0
2023-01-12 21:00:00+00:00,20260126_001632_c771f2eb_StateSignal_XLE,0.0,0.0,1.0,1.0,0.0,0.0,0.0,0.0
2023-01-13 21:00:00+00:00,20260126_001632_c771f2eb_StateSignal_XLE,0.0,0.0,1.0,1.0,0.0,0.0,0.0,0.0
2023-01-17 21:00:00+00:00,20260126_001632_c771f2eb_StateSignal_XLE,0.0,0.0,1.0,1.0,0.0,0.0,0.0,-0.0
2023-01-18 21:00:00+00:00,20260126_001632_c771f2eb_StateSignal_XLE,0.0,0.0,1.0,1.0,0.0,0.0,0.0,-0.0
2023-01-19 21:00:00+00:00,20260126_001632_c771f2eb_StateSignal_XLE,0.0,0.0,1.0,1.0,0.0,0.0,0.0,0.0
2023-01-20 21:00:00+00:00,20260126_001632_c771f2eb_StateSignal_XLE,0.0,0.0,1.0,1.0,0.0,0.0,0.0,0.0
2023-01-23 21:00:00+00:00,20260126_001632_c771f2eb_StateSignal_XLE,0.0,0.0,1.0,1.0,0.0,0.0,0.0,-0.0
2023-01-24 21:00:00+00:00,20260126_001632_c771f2eb_StateSignal_XLE,0.0,0.0,1.0,1.0,0.0,0.0,0.0,0.0
2023-01-25 21:00:00+00:00,20260126_001632_c771f2eb_StateSignal_XLE,0.0,0.0,1.0,1.0,0.0,0.0,0.0,0.0
2023-01-26 21:00:00+00:00,20260126_001632_c771f2eb_StateSignal_XLE,0.0,0.0,1.0,1.0,0.0,0.0,0.0,0.0
2023-01-27 21:00:00+00:00,20260126_001632_c771f2eb_StateSignal_XLE,0.0,0.0,1.0,1.0,0.0,0.0,0.0,-0.0
2023-01-30 21:00:00+00:00,20260126_001632_c771f2eb_StateSignal_XLE,0.0,0.0,1.0,1.0,0.0,0.0,0.0,-0.0
2023-01-31 21:00:00+00:00,20260126_001632_c771f2eb_StateSignal_XLE,0.0,0.0,1.0,1.0,0.0,0.0,0.0,0.0
2023-02-01 21:00:00+00:00,20260126_001632_c771f2eb_StateSignal_XLE,0.0,0.0,1.0,1.0,0.0,0.0,0.0,-0.0
2023-02-02 21:00:00+00:00,20260126_001632_c771f2eb_StateSignal_XLE,0.0,0.0,1.0,1.0,0.0,0.0,0.0,-0.0
2023-02-03 21:00:00+00:00,20260126_001632_c771f2eb_StateSignal_XLE,0.0,0.0,1.0,1.0,0.0,0.0,0.0,-0.0
2023-02-06 21:00:00+00:00,20260126_001632_c771f2eb_StateSignal_XLE,0.0,0.0,1.0,1.0,0.0,0.0,0.0,-0.0
2023-02-07 21:00:00+00:00,20260126_001632_c771f2eb_StateSignal_XLE,0.0,0.0,1.0,1.0,0.0,0.0,0.0,0.0
2023-02-08 21:00:00+00:00,20260126_001632_c771f2eb_StateSignal_XLE,0.0,0.0,1.0,1.0,0.0,0.0,0.0,-0.0
2023-02-09 21:00:00+00:00,20260126_001632_c771f2eb_StateSignal_XLE,0.0,0.0,1.0,1.0,0.0,0.0,0.0,-0.0
2023-02-10 21:00:00+00:00,20260126_001632_c771f2eb_StateSignal_XLE,0.0,0.0,1.0,1.0,0.0,0.0,0.0,0.0
2023-02-13 21:00:00+00:00,20260126_001632_c771f2eb_StateSignal_XLE,0.0,0.0,1.0,1.0,0.0,0.0,0.0,0.0
2023-02-14 21:00:00+00:00,20260126_001632_c771f2eb_StateSignal_XLE,0.0,0.0,1.0,1.0,0.0,0.0,0.0,0.0
2023-02-15 21:00:00+00:00,20260126_001632_c771f2eb_StateSignal_XLE,0.0,0.0,1.0,1.0,0.0,0.0,0.0,0.0
2023-02-16 21:00:00+00:00,20260126_001632_c771f2eb_StateSignal_XLE,0.0,0.0,1.0,1.0,0.0,0.0,0.0,-0.0
2023-02-17 21:00:00+00:00,20260126_001632_c771f2eb_StateSignal_XLE,0.0,0.0,1.0,1.0,0.0,0.0,0.0,-0.0
2023-02-21 21:00:00+00:00,20260126_001632_c771f2eb_StateSignal_XLE,0.0,0.0,1.0,1.0,0.0,0.0,0.0,-0.0
2023-02-22 21:00:00+00:00,20260126_001632_c771f2eb_StateSignal_XLE,0.0,0.0,1.0,1.0,0.0,0.0,0.0,-0.0
2023-02-23 21:00:00+00:00,20260126_001632_c771f2eb_StateSignal_XLE,0.0,0.0,1.0,1.0,0.0,0.0,0.0,0.0
2023-02-24 21:00:00+00:00,20260126_001632_c771f2eb_StateSignal_XLE,0.0,0.0,1.0,1.0,0.0,0.0,0.0,0.0
2023-02-27 21:00:00+00:00,20260126_001632_c771f2eb_StateSignal_XLE,0.0,0.0,1.0,1.0,0.0,0.0,0.0,0.0
2023-02-28 21:00:00+00:00,20260126_001632_c771f2eb_StateSignal_XLE,0.0,0.0,1.0,1.0,0.0,0.0,0.0,-0.0
2023-03-01 21:00:00+00:00,20260126_001632_c771f2eb_StateSignal_XLE,0.0,0.0,1.0,1.0,0.0,0.0,0.0,0.0
2023-03-02 21:00:00+00:00,20260126_001632_c771f2eb_StateSignal_XLE,0.0,0.0,1.0,1.0,0.0,0.0,0.0,0.0
2023-03-03 21:00:00+00:00,20260126_001632_c771f2eb_StateSignal_XLE,0.0,0.0,1.0,1.0,0.0,0.0,0.0,0.0
2023-03-06 21:00:00+00:00,20260126_001632_c771f2eb_StateSignal_XLE,0.0,0.0,1.0,1.0,0.0,0.0,0.0,0.0
2023-03-07 21:00:00+00:00,20260126_001632_c771f2eb_StateSignal_XLE,0.0,0.0,1.0,1.0,0.0,0.0,0.0,-0.0
2023-03-08 21:00:00+00:00,20260126_001632_c771f2eb_StateSignal_XLE,0.0,0.0,1.0,1.0,0.0,0.0,0.0,-0.0
2023-03-09 21:00:00+00:00,20260126_001632_c771f2eb_StateSignal_XLE,0.0,0.0,1.0,1.0,0.0,0.0,0.0,-0.0
2023-03-10 21:00:00+00:00,20260126_001632_c771f2eb_StateSignal_XLE,0.0,0.0,1.0,1.0,0.0,0.0,0.0,-0.0
2023-03-13 20:00:00+00:00,20260126_001632_c771f2eb_StateSignal_XLE,0.0,0.0,1.0,1.0,0.0,0.0,0.0,0.0
2023-03-14 20:00:00+00:00,20260126_001632_c771f2eb_StateSignal_XLE,0.0,0.0,1.0,1.0,0.0,0.0,0.0,-0.0
2023-03-15 20:00:00+00:00,20260126_001632_c771f2eb_StateSignal_XLE,0.0,0.0,1.0,1.0,0.0,0.0,0.0,-0.0
2023-03-16 20:00:00+00:00,20260126_001632_c771f2eb_StateSignal_XLE,0.0,0.0,1.0,1.0,0.0,0.0,0.0,0.0
2023-03-17 20:00:00+00:00,20260126_001632_c771f2eb_StateSignal_XLE,0.0,0.0,1.0,1.0,0.0,0.0,0.0,-0.0
2023-03-20 20:00:00+00:00,20260126_001632_c771f2eb_StateSignal_XLE,0.0,0.0,1.0,1.0,0.0,0.0,0.0,0.0
2023-03-21 20:00:00+00:00,20260126_001632_c771f2eb_StateSignal_XLE,0.0,0.0,1.0,1.0,0.0,0.0,0.0,0.0
2023-03-22 20:00:00+00:00,20260126_001632_c771f2eb_StateSignal_XLE,0.0,0.0,1.0,1.0,0.0,0.0,0.0,-0.0
2023-03-23 20:00:00+00:00,20260126_001632_c771f2eb_StateSignal_XLE,0.0,0.0,1.0,1.0,0.0,0.0,0.0,-0.0
2023-03-24 20:00:00+00:00,20260126_001632_c771f2eb_StateSignal_XLE,0.0,0.0,1.0,1.0,0.0,0.0,0.0,0.0
2023-03-27 20:00:00+00:00,20260126_001632_c771f2eb_StateSignal_XLE,0.0,0.0,1.0,1.0,0.0,0.0,0.0,0.0
2023-03-28 20:00:00+00:00,20260126_001632_c771f2eb_StateSignal_XLE,0.0,0.0,1.0,1.0,0.0,0.0,0.0,0.0
2023-03-29 20:00:00+00:00,20260126_001632_c771f2eb_StateSignal_XLE,0.0,0.0,1.0,1.0,0.0,0.0,0.0,0.0
2023-03-30 20:00:00+00:00,20260126_001632_c771f2eb_StateSignal_XLE,0.0,0.0,1.0,1.0,0.0,0.0,0.0,-0.0
2023-03-31 20:00:00+00:00,20260126_001632_c771f2eb_StateSignal_XLE,0.0,0.0,1.0,1.0,0.0,0.0,0.0,0.0
2023-04-03 20:00:00+00:00,20260126_001632_c771f2eb_StateSignal_XLE,0.0,0.0,1.0,1.0,0.0,0.0,0.0,-0.0
2023-04-04 20:00:00+00:00,20260126_001632_c771f2eb_StateSignal_XLE,0.0,0.0,1.0,1.0,0.0,0.0,0.0,-0.0
2023-04-05 20:00:00+00:00,20260126_001632_c771f2eb_StateSignal_XLE,0.0,0.0,1.0,1.0,0.0,0.0,0.0,0.0
2023-04-06 20:00:00+00:00,20260126_001632_c771f2eb_StateSignal_XLE,0.0,0.0,1.0,1.0,0.0,0.0,0.0,-0.0
2023-04-10 20:00:00+00:00,20260126_001632_c771f2eb_StateSignal_XLE,0.0,0.0,1.0,1.0,0.0,0.0,0.0,-0.0
2023-04-11 20:00:00+00:00,20260126_001632_c771f2eb_StateSignal_XLE,0.0,0.0,1.0,1.0,0.0,0.0,0.0,0.0
2023-04-12 20:00:00+00:00,20260126_001632_c771f2eb_StateSignal_XLE,0.0,0.0,1.0,1.0,0.0,0.0,0.0,-0.0
2023-04-13 20:00:00+00:00,20260126_001632_c771f2eb_StateSignal_XLE,0.0,0.0,1.0,1.0,0.0,0.0,0.0,0.0
2023-04-14 20:00:00+00:00,20260126_001632_c771f2eb_StateSignal_XLE,0.0,0.0,1.0,1.0,0.0,0.0,0.0,-0.0
2023-04-17 20:00:00+00:00,20260126_001632_c771f2eb_StateSignal_XLE,0.0,0.0,1.0,1.0,0.0,0.0,0.0,-0.0
2023-04-18 20:00:00+00:00,20260126_001632_c771f2eb_StateSignal_XLE,0.0,0.0,1.0,1.0,0.0,0.0,0.0,0.0
2023-04-19 20:00:00+00:00,20260126_001632_c771f2eb_StateSignal_XLE,0.0,0.0,1.0,1.0,0.0,0.0,0.0,0.0
2023-04-20 20:00:00+00:00,20260126_001632_c771f2eb_StateSignal_XLE,0.0,0.0,1.0,1.0,0.0,0.0,0.0,0.0
2023-04-21 20:00:00+00:00,20260126_001632_c771f2eb_StateSignal_XLE,0.0,0.0,1.0,1.0,0.0,0.0,0.0,-0.0
2023-04-24 20:00:00+00:00,20260126_001632_c771f2eb_StateSignal_XLE,0.0,0.0,1.0,1.0,0.0,0.0,0.0,0.0
2023-04-25 20:00:00+00:00,20260126_001632_c771f2eb_StateSignal_XLE,0.0,0.0,1.0,1.0,0.0,0.0,0.0,-0.0
2023-04-26 20:00:00+00:00,20260126_001632_c771f2eb_StateSignal_XLE,0.0,0.0,1.0,1.0,0.0,0.0,0.0,-0.0
2023-04-27 20:00:00+00:00,20260126_001632_c771f2eb_StateSignal_XLE,0.0,0.0,1.0,1.0,0.0,0.0,0.0,0.0
2023-04-28 20:00:00+00:00,20260126_001632_c771f2eb_StateSignal_XLE,0.0,0.0,1.0,1.0,0.0,0.0,0.0,0.0
2023-05-01 20:00:00+00:00,20260126_001632_c771f2eb_StateSignal_XLE,0.0,0.0,1.0,1.0,0.0,0.0,0.0,-0.0
2023-05-02 20:00:00+00:00,20260126_001632_c771f2eb_StateSignal_XLE,0.0,0.0,1.0,1.0,0.0,0.0,0.0,-0.0
2023-05-03 20:00:00+00:00,20260126_001632_c771f2eb_StateSignal_XLE,0.0,0.0,1.0,1.0,0.0,0.0,0.0,-0.0
2023-05-04 20:00:00+00:00,20260126_001632_c771f2eb_StateSignal_XLE,0.0,0.0,1.0,1.0,0.0,0.0,0.0,-0.0
2023-05-05 20:00:00+00:00,20260126_001632_c771f2eb_StateSignal_XLE,0.0,0.0,1.0,1.0,0.0,0.0,0.0,-0.0
2023-05-08 20:00:00+00:00,20260126_001632_c771f2eb_StateSignal_XLE,0.0,0.0,1.0,1.0,0.0,0.0,0.0,-0.0
2023-05-09 20:00:00+00:00,20260126_001632_c771f2eb_StateSignal_XLE,0.0,0.0,1.0,1.0,0.0,0.0,0.0,-0.0
2023-05-10 20:00:00+00:00,20260126_001632_c771f2eb_StateSignal_XLE,0.0,0.0,1.0,1.0,0.0,0.0,0.0,-0.0
2023-05-11 20:00:00+00:00,20260126_001632_c771f2eb_StateSignal_XLE,0.0,0.0,1.0,1.0,0.0,0.0,0.0,-0.0
2023-05-12 20:00:00+00:00,20260126_001632_c771f2eb_StateSignal_XLE,0.0,0.0,1.0,1.0,0.0,0.0,0.0,-0.0
2023-05-15 20:00:00+00:00,20260126_001632_c771f2eb_StateSignal_XLE,0.0,0.0,1.0,1.0,0.0,0.0,0.0,0.0
2023-05-16 20:00:00+00:00,20260126_001632_c771f2eb_StateSignal_XLE,0.0,0.0,1.0,1.0,0.0,0.0,0.0,-0.0
2023-05-17 20:00:00+00:00,20260126_001632_c771f2eb_StateSignal_XLE,0.0,0.0,1.0,1.0,0.0,0.0,0.0,0.0
2023-05-18 20:00:00+00:00,20260126_001632_c771f2eb_StateSignal_XLE,0.0,0.0,1.0,1.0,0.0,0.0,0.0,0.0
2023-05-19 20:00:00+00:00,20260126_001632_c771f2eb_StateSignal_XLE,0.0,0.0,1.0,1.0,0.0,0.0,0.0,-0.0
2023-05-22 20:00:00+00:00,20260126_001632_c771f2eb_StateSignal_XLE,0.0,0.0,1.0,1.0,0.0,0.0,0.0,-0.0
2023-05-23 20:00:00+00:00,20260126_001632_c771f2eb_StateSignal_XLE,0.0,0.0,1.0,1.0,0.0,0.0,0.0,0.0
2023-05-24 20:00:00+00:00,20260126_001632_c771f2eb_StateSignal_XLE,0.0,0.0,1.0,1.0,0.0,0.0,0.0,-0.0
2023-05-25 20:00:00+00:00,20260126_001632_c771f2eb_StateSignal_XLE,0.0,0.0,1.0,1.0,0.0,0.0,0.0,0.0
2023-05-26 20:00:00+00:00,20260126_001632_c771f2eb_StateSignal_XLE,0.0,0.0,1.0,1.0,0.0,0.0,0.0,-0.0
2023-05-30 20:00:00+00:00,20260126_001632_c771f2eb_StateSignal_XLE,0.0,0.0,1.0,1.0,0.0,0.0,0.0,0.0
2023-05-31 20:00:00+00:00,20260126_001632_c771f2eb_StateSignal_XLE,0.0,0.0,1.0,1.0,0.0,0.0,0.0,-0.0
2023-06-01 20:00:00+00:00,20260126_001632_c771f2eb_StateSignal_XLE,0.0,0.0,1.0,1.0,0.0,0.0,0.0,0.0
2023-06-02 20:00:00+00:00,20260126_001632_c771f2eb_StateSignal_XLE,0.0,0.0,1.0,1.0,0.0,0.0,0.0,0.0
2023-06-05 20:00:00+00:00,20260126_001632_c771f2eb_StateSignal_XLE,0.0,0.0,1.0,1.0,0.0,0.0,0.0,-0.0
2023-06-06 20:00:00+00:00,20260126_001632_c771f2eb_StateSignal_XLE,0.0,0.0,1.0,1.0,0.0,0.0,0.0,0.0
2023-06-07 20:00:00+00:00,20260126_001632_c771f2eb_StateSignal_XLE,0.0,0.0,1.0,1.0,0.0,0.0,0.0,0.0
2023-06-08 20:00:00+00:00,20260126_001632_c771f2eb_StateSignal_XLE,0.0,0.0,1.0,1.0,0.0,0.0,0.0,-0.0
2023-06-09 20:00:00+00:00,20260126_001632_c771f2eb_StateSignal_XLE,0.0,0.0,1.0,1.0,0.0,0.0,0.0,-0.0
2023-06-12 20:00:00+00:00,20260126_001632_c771f2eb_StateSignal_XLE,0.0,0.0,1.0,1.0,0.0,0.0,0.0,-0.0
2023-06-13 20:00:00+00:00,20260126_001632_c771f2eb_StateSignal_XLE,0.0,0.0,1.0,1.0,0.0,0.0,0.0,-0.0
2023-06-14 20:00:00+00:00,20260126_001632_c771f2eb_StateSignal_XLE,0.0,0.0,1.0,1.0,0.0,0.0,0.0,-0.0
2023-06-15 20:00:00+00:00,20260126_001632_c771f2eb_StateSignal_XLE,0.0,0.0,1.0,1.0,0.0,0.0,0.0,-0.0
2023-06-16 20:00:00+00:00,20260126_001632_c771f2eb_StateSignal_XLE,0.0,0.0,1.0,1.0,0.0,0.0,0.0,-0.0
2023-06-20 20:00:00+00:00,20260126_001632_c771f2eb_StateSignal_XLE,0.0,0.0,1.0,1.0,0.0,0.0,0.0,-0.0
2023-06-21 20:00:00+00:00,20260126_001632_c771f2eb_StateSignal_XLE,0.0,0.0,1.0,1.0,0.0,0.0,0.0,0.0
2023-06-22 20:00:00+00:00,20260126_001632_c771f2eb_StateSignal_XLE,0.0,0.0,1.0,1.0,0.0,0.0,0.0,0.0
2023-06-23 20:00:00+00:00,20260126_001632_c771f2eb_StateSignal_XLE,0.0,0.0,1.0,1.0,0.0,0.0,0.0,0.0
2023-06-26 20:00:00+00:00,20260126_001632_c771f2eb_StateSignal_XLE,0.0,0.0,1.0,1.0,0.0,0.0,0.0,0.0
2023-06-27 20:00:00+00:00,20260126_001632_c771f2eb_StateSignal_XLE,0.0,0.0,1.0,1.0,0.0,0.0,0.0,0.0
2023-06-28 20:00:00+00:00,20260126_001632_c771f2eb_StateSignal_XLE,0.0,0.0,1.0,1.0,0.0,0.0,0.0,0.0
2023-06-29 20:00:00+00:00,20260126_001632_c771f2eb_StateSignal_XLE,0.0,0.0,1.0,1.0,0.0,0.0,0.0,0.0
2023-06-30 20:00:00+00:00,20260126_001632_c771f2eb_StateSignal_XLE,0.0,0.0,1.0,1.0,0.0,0.0,0.0,0.0
2023-07-03 20:00:00+00:00,20260126_001632_c771f2eb_StateSignal_XLE,0.0,0.0,1.0,1.0,0.0,0.0,0.0,-0.0
2023-07-05 20:00:00+00:00,20260126_001632_c771f2eb_StateSignal_XLE,0.0,0.0,1.0,1.0,0.0,0.0,0.0,-0.0
2023-07-06 20:00:00+00:00,20260126_001632_c771f2eb_StateSignal_XLE,0.0,0.0,1.0,1.0,0.0,0.0,0.0,-0.0
2023-07-07 20:00:00+00:00,20260126_001632_c771f2eb_StateSignal_XLE,0.0,0.0,1.0,1.0,0.0,0.0,0.0,0.0
2023-07-10 20:00:00+00:00,20260126_001632_c771f2eb_StateSignal_XLE,0.0,0.0,1.0,1.0,0.0,0.0,0.0,0.0
2023-07-11 20:00:00+00:00,20260126_001632_c771f2eb_StateSignal_XLE,0.0,0.0,1.0,1.0,0.0,0.0,0.0,0.0
2023-07-12 20:00:00+00:00,20260126_001632_c771f2eb_StateSignal_XLE,0.0,0.0,1.0,1.0,0.0,0.0,0.0,-0.0
2023-07-13 20:00:00+00:00,20260126_001632_c771f2eb_StateSignal_XLE,0.0,0.0,1.0,1.0,0.0,0.0,0.0,-0.0
2023-07-14 20:00:00+00:00,20260126_001632_c771f2eb_StateSignal_XLE,0.0,0.0,1.0,1.0,0.0,0.0,0.0,-0.0
2023-07-17 20:00:00+00:00,20260126_001632_c771f2eb_StateSignal_XLE,0.0,0.0,1.0,1.0,0.0,0.0,0.0,0.0
2023-07-18 20:00:00+00:00,20260126_001632_c771f2eb_StateSignal_XLE,0.0,0.0,1.0,1.0,0.0,0.0,0.0,0.0
2023-07-19 20:00:00+00:00,20260126_001632_c771f2eb_StateSignal_XLE,0.0,0.0,1.0,1.0,0.0,0.0,0.0,-0.0
2023-07-20 20:00:00+00:00,20260126_001632_c771f2eb_StateSignal_XLE,0.0,0.0,1.0,1.0,0.0,0.0,0.0,0.0
2023-07-21 20:00:00+00:00,20260126_001632_c771f2eb_StateSignal_XLE,0.0,0.0,1.0,1.0,0.0,0.0,0.0,0.0
2023-07-24 20:00:00+00:00,20260126_001632_c771f2eb_StateSignal_XLE,0.0,0.0,1.0,1.0,0.0,0.0,0.0,0.0
2023-07-25 20:00:00+00:00,20260126_001632_c771f2eb_StateSignal_XLE,0.0,0.0,1.0,1.0,0.0,0.0,0.0,0.0
2023-07-26 20:00:00+00:00,20260126_001632_c771f2eb_StateSignal_XLE,0.0,0.0,1.0,1.0,0.0,0.0,0.0,0.0
2023-07-27 20:00:00+00:00,20260126_001632_c771f2eb_StateSignal_XLE,0.0,0.0,1.0,1.0,0.0,0.0,0.0,-0.0
2023-07-28 20:00:00+00:00,20260126_001632_c771f2eb_StateSignal_XLE,0.0,0.0,1.0,1.0,0.0,0.0,0.0,0.0
2023-07-31 20:00:00+00:00,20260126_001632_c771f2eb_StateSignal_XLE,0.0,0.0,1.0,1.0,0.0,0.0,0.0,0.0
2023-08-01 20:00:00+00:00,20260126_001632_c771f2eb_StateSignal_XLE,0.0,0.0,1.0,1.0,0.0,0.0,0.0,0.0
2023-08-02 20:00:00+00:00,20260126_001632_c771f2eb_StateSignal_XLE,0.0,0.0,1.0,1.0,0.0,0.0,0.0,-0.0
2023-08-03 20:00:00+00:00,20260126_001632_c771f2eb_StateSignal_XLE,0.0,0.0,1.0,1.0,0.0,0.0,0.0,0.0
2023-08-04 20:00:00+00:00,20260126_001632_c771f2eb_StateSignal_XLE,0.0,0.0,1.0,1.0,0.0,0.0,0.0,-0.0
2023-08-07 20:00:00+00:00,20260126_001632_c771f2eb_StateSignal_XLE,0.0,0.0,1.0,1.0,0.0,0.0,0.0,-0.0
2023-08-08 20:00:00+00:00,20260126_001632_c771f2eb_StateSignal_XLE,0.0,0.0,1.0,1.0,0.0,0.0,0.0,0.0
2023-08-09 20:00:00+00:00,20260126_001632_c771f2eb_StateSignal_XLE,0.0,0.0,1.0,1.0,0.0,0.0,0.0,0.0
2023-08-10 20:00:00+00:00,20260126_001632_c771f2eb_StateSignal_XLE,0.0,0.0,1.0,1.0,0.0,0.0,0.0,-0.0
2023-08-11 20:00:00+00:00,20260126_001632_c771f2eb_StateSignal_XLE,0.0,0.0,1.0,1.0,0.0,0.0,0.0,0.0
2023-08-14 20:00:00+00:00,20260126_001632_c771f2eb_StateSignal_XLE,0.0,0.0,1.0,1.0,0.0,0.0,0.0,0.0
2023-08-15 20:00:00+00:00,20260126_001632_c771f2eb_StateSignal_XLE,0.0,0.0,1.0,1.0,0.0,0.0,0.0,-0.0
2023-08-16 20:00:00+00:00,20260126_001632_c771f2eb_StateSignal_XLE,0.0,0.0,1.0,1.0,0.0,0.0,0.0,-0.0
2023-08-17 20:00:00+00:00,20260126_001632_c771f2eb_StateSignal_XLE,0.0,0.0,1.0,1.0,0.0,0.0,0.0,-0.0
2023-08-18 20:00:00+00:00,20260126_001632_c771f2eb_StateSignal_XLE,0.0,0.0,1.0,1.0,0.0,0.0,0.0,0.0
2023-08-21 20:00:00+00:00,20260126_001632_c771f2eb_StateSignal_XLE,0.0,0.0,1.0,1.0,0.0,0.0,0.0,-0.0
2023-08-22 20:00:00+00:00,20260126_001632_c771f2eb_StateSignal_XLE,0.0,0.0,1.0,1.0,0.0,0.0,0.0,-0.0
2023-08-23 20:00:00+00:00,20260126_001632_c771f2eb_StateSignal_XLE,0.0,0.0,1.0,1.0,0.0,0.0,0.0,-0.0
2023-08-24 20:00:00+00:00,20260126_001632_c771f2eb_StateSignal_XLE,0.0,0.0,1.0,1.0,0.0,0.0,0.0,0.0
2023-08-25 20:00:00+00:00,20260126_001632_c771f2eb_StateSignal_XLE,0.0,0.0,1.0,1.0,0.0,0.0,0.0,0.0
2023-08-28 20:00:00+00:00,20260126_001632_c771f2eb_StateSignal_XLE,0.0,0.0,1.0,1.0,0.0,0.0,0.0,0.0
2023-08-29 20:00:00+00:00,20260126_001632_c771f2eb_StateSignal_XLE,0.0,0.0,1.0,1.0,0.0,0.0,0.0,0.0
2023-08-30 20:00:00+00:00,20260126_001632_c771f2eb_StateSignal_XLE,0.0,0.0,1.0,1.0,0.0,0.0,0.0,0.0
2023-08-31 20:00:00+00:00,20260126_001632_c771f2eb_StateSignal_XLE,0.0,0.0,1.0,1.0,0.0,0.0,0.0,0.0
2023-09-01 20:00:00+00:00,20260126_001632_c771f2eb_StateSignal_XLE,0.0,0.0,1.0,1.0,0.0,0.0,0.0,0.0
2023-09-05 20:00:00+00:00,20260126_001632_c771f2eb_StateSignal_XLE,0.0,0.0,1.0,1.0,0.0,0.0,0.0,0.0
2023-09-06 20:00:00+00:00,20260126_001632_c771f2eb_StateSignal_XLE,0.0,0.0,1.0,1.0,0.0,0.0,0.0,-0.0
2023-09-07 20:00:00+00:00,20260126_001632_c771f2eb_StateSignal_XLE,0.0,0.0,1.0,1.0,0.0,0.0,0.0,-0.0
2023-09-08 20:00:00+00:00,20260126_001632_c771f2eb_StateSignal_XLE,0.0,0.0,1.0,1.0,0.0,0.0,0.0,0.0
2023-09-11 20:00:00+00:00,20260126_001632_c771f2eb_StateSignal_XLE,0.0,0.0,1.0,1.0,0.0,0.0,0.0,-0.0
2023-09-12 20:00:00+00:00,20260126_001632_c771f2eb_StateSignal_XLE,0.0,0.0,1.0,1.0,0.0,0.0,0.0,0.0
2023-09-13 20:00:00+00:00,20260126_001632_c771f2eb_StateSignal_XLE,0.0,0.0,1.0,1.0,0.0,0.0,0.0,-0.0
2023-09-14 20:00:00+00:00,20260126_001632_c771f2eb_StateSignal_XLE,0.0,0.0,1.0,1.0,0.0,0.0,0.0,0.0
2023-09-15 20:00:00+00:00,20260126_001632_c771f2eb_StateSignal_XLE,0.0,0.0,1.0,1.0,0.0,0.0,0.0,-0.0
2023-09-18 20:00:00+00:00,20260126_001632_c771f2eb_StateSignal_XLE,0.0,0.0,1.0,1.0,0.0,0.0,0.0,0.0
2023-09-19 20:00:00+00:00,20260126_001632_c771f2eb_StateSignal_XLE,0.0,0.0,1.0,1.0,0.0,0.0,0.0,-0.0
2023-09-20 20:00:00+00:00,20260126_001632_c771f2eb_StateSignal_XLE,0.0,0.0,1.0,1.0,0.0,0.0,0.0,-0.0
2023-09-21 20:00:00+00:00,20260126_001632_c771f2eb_StateSignal_XLE,0.0,0.0,1.0,1.0,0.0,0.0,0.0,-0.0
2023-09-22 20:00:00+00:00,20260126_001632_c771f2eb_StateSignal_XLE,0.0,0.0,1.0,1.0,0.0,0.0,0.0,0.0
2023-09-25 20:00:00+00:00,20260126_001632_c771f2eb_StateSignal_XLE,0.0,0.0,1.0,1.0,0.0,0.0,0.0,0.0
2023-09-26 20:00:00+00:00,20260126_001632_c771f2eb_StateSignal_XLE,0.0,0.0,1.0,1.0,0.0,0.0,0.0,-0.0
2023-09-27 20:00:00+00:00,20260126_001632_c771f2eb_StateSignal_XLE,0.0,0.0,1.0,1.0,0.0,0.0,0.0,0.0
2023-09-28 20:00:00+00:00,20260126_001632_c771f2eb_StateSignal_XLE,0.0,0.0,1.0,1.0,0.0,0.0,0.0,0.0
2023-09-29 20:00:00+00:00,20260126_001632_c771f2eb_StateSignal_XLE,0.0,0.0,1.0,1.0,0.0,0.0,0.0,-0.0
2023-10-02 20:00:00+00:00,20260126_001632_c771f2eb_StateSignal_XLE,0.0,0.0,1.0,1.0,0.0,0.0,0.0,-0.0
2023-10-03 20:00:00+00:00,20260126_001632_c771f2eb_StateSignal_XLE,0.0,0.0,1.0,1.0,0.0,0.0,0.0,-0.0
2023-10-04 20:00:00+00:00,20260126_001632_c771f2eb_StateSignal_XLE,0.0,0.0,1.0,1.0,0.0,0.0,0.0,-0.0
2023-10-05 20:00:00+00:00,20260126_001632_c771f2eb_StateSignal_XLE,0.0,0.0,1.0,1.0,0.0,0.0,0.0,0.0
2023-10-06 20:00:00+00:00,20260126_001632_c771f2eb_StateSignal_XLE,0.0,0.0,1.0,1.0,0.0,0.0,0.0,0.0
2023-10-09 20:00:00+00:00,20260126_001632_c771f2eb_StateSignal_XLE,0.0,0.0,1.0,1.0,0.0,0.0,0.0,0.0
2023-10-10 20:00:00+00:00,20260126_001632_c771f2eb_StateSignal_XLE,0.0,0.0,1.0,1.0,0.0,0.0,0.0,0.0
2023-10-11 20:00:00+00:00,20260126_001632_c771f2eb_StateSignal_XLE,0.0,0.0,1.0,1.0,0.0,0.0,0.0,0.0
2023-10-12 20:00:00+00:00,20260126_001632_c771f2eb_StateSignal_XLE,0.0,0.0,1.0,1.0,0.0,0.0,0.0,-0.0
2023-10-13 20:00:00+00:00,20260126_001632_c771f2eb_StateSignal_XLE,0.0,0.0,1.0,1.0,0.0,0.0,0.0,0.0
2023-10-16 20:00:00+00:00,20260126_001632_c771f2eb_StateSignal_XLE,0.0,0.0,1.0,1.0,0.0,0.0,0.0,0.0
2023-10-17 20:00:00+00:00,20260126_001632_c771f2eb_StateSignal_XLE,0.0,0.0,1.0,1.0,0.0,0.0,0.0,0.0
2023-10-18 20:00:00+00:00,20260126_001632_c771f2eb_StateSignal_XLE,0.0,0.0,1.0,1.0,0.0,0.0,0.0,-0.0
2023-10-19 20:00:00+00:00,20260126_001632_c771f2eb_StateSignal_XLE,0.0,0.0,1.0,1.0,0.0,0.0,0.0,-0.0
2023-10-20 20:00:00+00:00,20260126_001632_c771f2eb_StateSignal_XLE,0.0,0.0,1.0,1.0,0.0,0.0,0.0,-0.0
2023-10-23 20:00:00+00:00,20260126_001632_c771f2eb_StateSignal_XLE,0.0,0.0,1.0,1.0,0.0,0.0,0.0,-0.0
2023-10-24 20:00:00+00:00,20260126_001632_c771f2eb_StateSignal_XLE,0.0,0.0,1.0,1.0,0.0,0.0,0.0,-0.0
2023-10-25 20:00:00+00:00,20260126_001632_c771f2eb_StateSignal_XLE,0.0,0.0,1.0,1.0,0.0,0.0,0.0,-0.0
2023-10-26 20:00:00+00:00,20260126_001632_c771f2eb_StateSignal_XLE,0.0,0.0,1.0,1.0,0.0,0.0,0.0,0.0
2023-10-27 20:00:00+00:00,20260126_001632_c771f2eb_StateSignal_XLE,0.0,0.0,1.0,1.0,0.0,0.0,0.0,-0.0
2023-10-30 20:00:00+00:00,20260126_001632_c771f2eb_StateSignal_XLE,0.0,0.0,1.0,1.0,0.0,0.0,0.0,-0.0
2023-10-31 20:00:00+00:00,20260126_001632_c771f2eb_StateSignal_XLE,0.0,0.0,1.0,1.0,0.0,0.0,0.0,0.0
2023-11-01 20:00:00+00:00,20260126_001632_c771f2eb_StateSignal_XLE,0.0,0.0,1.0,1.0,0.0,0.0,0.0,-0.0
2023-11-02 20:00:00+00:00,20260126_001632_c771f2eb_StateSignal_XLE,0.0,0.0,1.0,1.0,0.0,0.0,0.0,0.0
2023-11-03 20:00:00+00:00,20260126_001632_c771f2eb_StateSignal_XLE,0.0,0.0,1.0,1.0,0.0,0.0,0.0,-0.0
2023-11-06 21:00:00+00:00,20260126_001632_c771f2eb_StateSignal_XLE,0.0,0.0,1.0,1.0,0.0,0.0,0.0,-0.0
2023-11-07 21:00:00+00:00,20260126_001632_c771f2eb_StateSignal_XLE,0.0,0.0,1.0,1.0,0.0,0.0,0.0,0.0
2023-11-08 21:00:00+00:00,20260126_001632_c771f2eb_StateSignal_XLE,0.0,0.0,1.0,1.0,0.0,0.0,0.0,-0.0
2023-11-09 21:00:00+00:00,20260126_001632_c771f2eb_StateSignal_XLE,0.0,0.0,1.0,1.0,0.0,0.0,0.0,-0.0
2023-11-10 21:00:00+00:00,20260126_001632_c771f2eb_StateSignal_XLE,0.0,0.0,1.0,1.0,0.0,0.0,0.0,0.0
2023-11-13 21:00:00+00:00,20260126_001632_c771f2eb_StateSignal_XLE,0.0,0.0,1.0,1.0,0.0,0.0,0.0,0.0
2023-11-14 21:00:00+00:00,20260126_001632_c771f2eb_StateSignal_XLE,0.0,0.0,1.0,1.0,0.0,0.0,0.0,0.0
2023-11-15 21:00:00+00:00,20260126_001632_c771f2eb_StateSignal_XLE,0.0,0.0,1.0,1.0,0.0,0.0,0.0,-0.0
2023-11-16 21:00:00+00:00,20260126_001632_c771f2eb_StateSignal_XLE,0.0,0.0,1.0,1.0,0.0,0.0,0.0,-0.0
2023-11-17 21:00:00+00:00,20260126_001632_c771f2eb_StateSignal_XLE,0.0,0.0,1.0,1.0,0.0,0.0,0.0,0.0
2023-11-20 21:00:00+00:00,20260126_001632_c771f2eb_StateSignal_XLE,0.0,0.0,1.0,1.0,0.0,0.0,0.0,-0.0
2023-11-21 21:00:00+00:00,20260126_001632_c771f2eb_StateSignal_XLE,0.0,0.0,1.0,1.0,0.0,0.0,0.0,0.0
2023-11-22 21:00:00+00:00,20260126_001632_c771f2eb_StateSignal_XLE,0.0,0.0,1.0,1.0,0.0,0.0,0.0,0.0
2023-11-24 21:00:00+00:00,20260126_001632_c771f2eb_StateSignal_XLE,0.0,0.0,1.0,1.0,0.0,0.0,0.0,-0.0
2023-11-27 21:00:00+00:00,20260126_001632_c771f2eb_StateSignal_XLE,0.0,0.0,1.0,1.0,0.0,0.0,0.0,0.0
2023-11-28 21:00:00+00:00,20260126_001632_c771f2eb_StateSignal_XLE,0.0,0.0,1.0,1.0,0.0,0.0,0.0,-0.0
2023-11-29 21:00:00+00:00,20260126_001632_c771f2eb_StateSignal_XLE,0.0,0.0,1.0,1.0,0.0,0.0,0.0,-0.0
2023-11-30 21:00:00+00:00,20260126_001632_c771f2eb_StateSignal_XLE,0.0,0.0,1.0,1.0,0.0,0.0,0.0,0.0
2023-12-01 21:00:00+00:00,20260126_001632_c771f2eb_StateSignal_XLE,0.0,0.0,1.0,1.0,0.0,0.0,0.0,0.0
2023-12-04 21:00:00+00:00,20260126_001632_c771f2eb_StateSignal_XLE,0.0,0.0,1.0,1.0,0.0,0.0,0.0,-0.0
2023-12-05 21:00:00+00:00,20260126_001632_c771f2eb_StateSignal_XLE,0.0,0.0,1.0,1.0,0.0,0.0,0.0,-0.0
2023-12-06 21:00:00+00:00,20260126_001632_c771f2eb_StateSignal_XLE,0.0,0.0,1.0,1.0,0.0,0.0,0.0,-0.0
2023-12-07 21:00:00+00:00,20260126_001632_c771f2eb_StateSignal_XLE,0.0,0.0,1.0,1.0,0.0,0.0,0.0,-0.0
2023-12-08 21:00:00+00:00,20260126_001632_c771f2eb_StateSignal_XLE,0.0,0.0,1.0,1.0,0.0,0.0,0.0,0.0
2023-12-11 21:00:00+00:00,20260126_001632_c771f2eb_StateSignal_XLE,0.0,0.0,1.0,1.0,0.0,0.0,0.0,0.0
2023-12-12 21:00:00+00:00,20260126_001632_c771f2eb_StateSignal_XLE,0.0,0.0,1.0,1.0,0.0,0.0,0.0,0.0
2023-12-13 21:00:00+00:00,20260126_001632_c771f2eb_StateSignal_XLE,0.0,0.0,1.0,1.0,0.0,0.0,0.0,0.0
2023-12-14 21:00:00+00:00,20260126_001632_c771f2eb_StateSignal_XLE,0.0,0.0,1.0,1.0,0.0,0.0,0.0,0.0
2023-12-15 21:00:00+00:00,20260126_001632_c771f2eb_StateSignal_XLE,0.0,0.0,1.0,1.0,0.0,0.0,0.0,0.0
2023-12-18 21:00:00+00:00,20260126_001632_c771f2eb_StateSignal_XLE,0.0,0.0,1.0,1.0,0.0,0.0,0.0,-0.0
2023-12-19 21:00:00+00:00,20260126_001632_c771f2eb_StateSignal_XLE,0.0,0.0,1.0,1.0,0.0,0.0,0.0,0.0
2023-12-20 21:00:00+00:00,20260126_001632_c771f2eb_StateSignal_XLE,0.0,0.0,1.0,1.0,0.0,0.0,0.0,-0.0
2023-12-21 21:00:00+00:00,20260126_001632_c771f2eb_StateSignal_XLE,0.0,0.0,1.0,1.0,0.0,0.0,0.0,0.0
2023-12-22 21:00:00+00:00,20260126_001632_c771f2eb_StateSignal_XLE,0.0,0.0,1.0,1.0,0.0,0.0,0.0,-0.0
2023-12-26 21:00:00+00:00,20260126_001632_c771f2eb_StateSignal_XLE,0.0,0.0,1.0,1.0,0.0,0.0,0.0,0.0
2023-12-27 21:00:00+00:00,20260126_001632_c771f2eb_StateSignal_XLE,0.0,0.0,1.0,1.0,0.0,0.0,0.0,-0.0
2023-12-28 21:00:00+00:00,20260126_001632_c771f2eb_StateSignal_XLE,0.0,0.0,1.0,1.0,0.0,0.0,0.0,-0.0
2023-12-29 21:00:00+00:00,20260126_001632_c771f2eb_StateSignal_XLE,0.0,0.0,1.0,1.0,0.0,0.0,0.0,-0.0
2024-01-02 21:00:00+00:00,20260126_001632_c771f2eb_StateSignal_XLE,0.0,0.0,1.0,1.0,0.0,0.0,0.0,0.0
2024-01-03 21:00:00+00:00,20260126_001632_c771f2eb_StateSignal_XLE,0.0,0.0,1.0,1.0,0.0,0.0,0.0,0.0
2024-01-04 21:00:00+00:00,20260126_001632_c771f2eb_StateSignal_XLE,0.0,0.0,1.0,1.0,0.0,0.0,0.0,-0.0
2024-01-05 21:00:00+00:00,20260126_001632_c771f2eb_StateSignal_XLE,0.0,0.0,1.0,1.0,0.0,0.0,0.0,-0.0
2024-01-08 21:00:00+00:00,20260126_001632_c771f2eb_StateSignal_XLE,0.0,0.0,1.0,1.0,0.0,0.0,0.0,0.0
2024-01-09 21:00:00+00:00,20260126_001632_c771f2eb_StateSignal_XLE,0.0,0.0,1.0,1.0,0.0,0.0,0.0,-0.0
2024-01-10 21:00:00+00:00,20260126_001632_c771f2eb_StateSignal_XLE,0.0,0.0,1.0,1.0,0.0,0.0,0.0,-0.0
2024-01-11 21:00:00+00:00,20260126_001632_c771f2eb_StateSignal_XLE,0.0,0.0,1.0,1.0,0.0,0.0,0.0,-0.0
2024-01-12 21:00:00+00:00,20260126_001632_c771f2eb_StateSignal_XLE,0.0,0.0,1.0,1.0,0.0,0.0,0.0,-0.0
2024-01-16 21:00:00+00:00,20260126_001632_c771f2eb_StateSignal_XLE,0.0,0.0,1.0,1.0,0.0,0.0,0.0,-0.0
2024-01-17 21:00:00+00:00,20260126_001632_c771f2eb_StateSignal_XLE,0.0,0.0,1.0,1.0,0.0,0.0,0.0,-0.0
2024-01-18 21:00:00+00:00,20260126_001632_c771f2eb_StateSignal_XLE,0.0,0.0,1.0,1.0,0.0,0.0,0.0,0.0
2024-01-19 21:00:00+00:00,20260126_001632_c771f2eb_StateSignal_XLE,0.0,0.0,1.0,1.0,0.0,0.0,0.0,0.0
2024-01-22 21:00:00+00:00,20260126_001632_c771f2eb_StateSignal_XLE,0.0,0.0,1.0,1.0,0.0,0.0,0.0,0.0
2024-01-23 21:00:00+00:00,20260126_001632_c771f2eb_StateSignal_XLE,0.0,0.0,1.0,1.0,0.0,0.0,0.0,-0.0
2024-01-24 21:00:00+00:00,20260126_001632_c771f2eb_StateSignal_XLE,0.0,0.0,1.0,1.0,0.0,0.0,0.0,0.0
2024-01-25 21:00:00+00:00,20260126_001632_c771f2eb_StateSignal_XLE,0.0,0.0,1.0,1.0,0.0,0.0,0.0,0.0
2024-01-26 21:00:00+00:00,20260126_001632_c771f2eb_StateSignal_XLE,0.0,0.0,1.0,1.0,0.0,0.0,0.0,0.0
2024-01-29 21:00:00+00:00,20260126_001632_c771f2eb_StateSignal_XLE,0.0,0.0,1.0,1.0,0.0,0.0,0.0,0.0
2024-01-30 21:00:00+00:00,20260126_001632_c771f2eb_StateSignal_XLE,0.0,0.0,1.0,1.0,0.0,0.0,0.0,0.0
2024-01-31 21:00:00+00:00,20260126_001632_c771f2eb_StateSignal_XLE,0.0,0.0,1.0,1.0,0.0,0.0,0.0,-0.0
2024-02-01 21:00:00+00:00,20260126_001632_c771f2eb_StateSignal_XLE,0.0,0.0,1.0,1.0,0.0,0.0,0.0,0.0
2024-02-02 21:00:00+00:00,20260126_001632_c771f2eb_StateSignal_XLE,0.0,0.0,1.0,1.0,0.0,0.0,0.0,0.0
2024-02-05 21:00:00+00:00,20260126_001632_c771f2eb_StateSignal_XLE,0.0,0.0,1.0,1.0,0.0,0.0,0.0,-0.0
2024-02-06 21:00:00+00:00,20260126_001632_c771f2eb_StateSignal_XLE,0.0,0.0,1.0,1.0,0.0,0.0,0.0,0.0
2024-02-07 21:00:00+00:00,20260126_001632_c771f2eb_StateSignal_XLE,0.0,0.0,1.0,1.0,0.0,0.0,0.0,-0.0
2024-02-08 21:00:00+00:00,20260126_001632_c771f2eb_StateSignal_XLE,0.0,0.0,1.0,1.0,0.0,0.0,0.0,0.0
2024-02-09 21:00:00+00:00,20260126_001632_c771f2eb_StateSignal_XLE,0.0,0.0,1.0,1.0,0.0,0.0,0.0,-0.0
2024-02-12 21:00:00+00:00,20260126_001632_c771f2eb_StateSignal_XLE,0.0,0.0,1.0,1.0,0.0,0.0,0.0,0.0
2024-02-13 21:00:00+00:00,20260126_001632_c771f2eb_StateSignal_XLE,0.0,0.0,1.0,1.0,0.0,0.0,0.0,-0.0
2024-02-14 21:00:00+00:00,20260126_001632_c771f2eb_StateSignal_XLE,0.0,0.0,1.0,1.0,0.0,0.0,0.0,-0.0
2024-02-15 21:00:00+00:00,20260126_001632_c771f2eb_StateSignal_XLE,0.0,0.0,1.0,1.0,0.0,0.0,0.0,0.0
2024-02-16 21:00:00+00:00,20260126_001632_c771f2eb_StateSignal_XLE,0.0,0.0,1.0,1.0,0.0,0.0,0.0,-0.0
2024-02-20 21:00:00+00:00,20260126_001632_c771f2eb_StateSignal_XLE,0.0,0.0,1.0,1.0,0.0,0.0,0.0,-0.0
2024-02-21 21:00:00+00:00,20260126_001632_c771f2eb_StateSignal_XLE,0.0,0.0,1.0,1.0,0.0,0.0,0.0,0.0
2024-02-22 21:00:00+00:00,20260126_001632_c771f2eb_StateSignal_XLE,0.0,0.0,1.0,1.0,0.0,0.0,0.0,0.0
2024-02-23 21:00:00+00:00,20260126_001632_c771f2eb_StateSignal_XLE,0.0,0.0,1.0,1.0,0.0,0.0,0.0,0.0
2024-02-26 21:00:00+00:00,20260126_001632_c771f2eb_StateSignal_XLE,0.0,0.0,1.0,1.0,0.0,0.0,0.0,0.0
2024-02-27 21:00:00+00:00,20260126_001632_c771f2eb_StateSignal_XLE,0.0,0.0,1.0,1.0,0.0,0.0,0.0,-0.0
2024-02-28 21:00:00+00:00,20260126_001632_c771f2eb_StateSignal_XLE,0.0,0.0,1.0,1.0,0.0,0.0,0.0,-0.0
2024-02-29 21:00:00+00:00,20260126_001632_c771f2eb_StateSignal_XLE,0.0,0.0,1.0,1.0,0.0,0.0,0.0,-0.0
2024-03-01 21:00:00+00:00,20260126_001632_c771f2eb_StateSignal_XLE,0.0,0.0,1.0,1.0,0.0,0.0,0.0,0.0
2024-03-04 21:00:00+00:00,20260126_001632_c771f2eb_StateSignal_XLE,0.0,0.0,1.0,1.0,0.0,0.0,0.0,-0.0
2024-03-05 21:00:00+00:00,20260126_001632_c771f2eb_StateSignal_XLE,0.0,0.0,1.0,1.0,0.0,0.0,0.0,0.0
2024-03-06 21:00:00+00:00,20260126_001632_c771f2eb_StateSignal_XLE,0.0,0.0,1.0,1.0,0.0,0.0,0.0,-0.0
2024-03-07 21:00:00+00:00,20260126_001632_c771f2eb_StateSignal_XLE,0.0,0.0,1.0,1.0,0.0,0.0,0.0,-0.0
2024-03-08 21:00:00+00:00,20260126_001632_c771f2eb_StateSignal_XLE,0.0,0.0,1.0,1.0,0.0,0.0,0.0,0.0
2024-03-11 20:00:00+00:00,20260126_001632_c771f2eb_StateSignal_XLE,0.0,0.0,1.0,1.0,0.0,0.0,0.0,0.0
2024-03-12 20:00:00+00:00,20260126_001632_c771f2eb_StateSignal_XLE,0.0,0.0,1.0,1.0,0.0,0.0,0.0,-0.0
2024-03-13 20:00:00+00:00,20260126_001632_c771f2eb_StateSignal_XLE,0.0,0.0,1.0,1.0,0.0,0.0,0.0,0.0
2024-03-14 20:00:00+00:00,20260126_001632_c771f2eb_StateSignal_XLE,0.0,0.0,1.0,1.0,0.0,0.0,0.0,0.0
2024-03-15 20:00:00+00:00,20260126_001632_c771f2eb_StateSignal_XLE,0.0,0.0,1.0,1.0,0.0,0.0,0.0,-0.0
2024-03-18 20:00:00+00:00,20260126_001632_c771f2eb_StateSignal_XLE,0.0,0.0,1.0,1.0,0.0,0.0,0.0,0.0
2024-03-19 20:00:00+00:00,20260126_001632_c771f2eb_StateSignal_XLE,0.0,0.0,1.0,1.0,0.0,0.0,0.0,0.0
2024-03-20 20:00:00+00:00,20260126_001632_c771f2eb_StateSignal_XLE,0.0,0.0,1.0,1.0,0.0,0.0,0.0,0.0
2024-03-21 20:00:00+00:00,20260126_001632_c771f2eb_StateSignal_XLE,0.0,0.0,1.0,1.0,0.0,0.0,0.0,0.0
2024-03-22 20:00:00+00:00,20260126_001632_c771f2eb_StateSignal_XLE,0.0,0.0,1.0,1.0,0.0,0.0,0.0,-0.0
2024-03-25 20:00:00+00:00,20260126_001632_c771f2eb_StateSignal_XLE,0.0,0.0,1.0,1.0,0.0,0.0,0.0,-0.0
2024-03-26 20:00:00+00:00,20260126_001632_c771f2eb_StateSignal_XLE,0.0,0.0,1.0,1.0,0.0,0.0,0.0,-0.0
2024-03-27 20:00:00+00:00,20260126_001632_c771f2eb_StateSignal_XLE,0.0,0.0,1.0,1.0,0.0,0.0,0.0,0.0
2024-03-28 20:00:00+00:00,20260126_001632_c771f2eb_StateSignal_XLE,0.0,0.0,1.0,1.0,0.0,0.0,0.0,0.0
2024-04-01 20:00:00+00:00,20260126_001632_c771f2eb_StateSignal_XLE,0.0,0.0,1.0,1.0,0.0,0.0,0.0,0.0
2024-04-02 20:00:00+00:00,20260126_001632_c771f2eb_StateSignal_XLE,0.0,0.0,1.0,1.0,0.0,0.0,0.0,0.0
2024-04-03 20:00:00+00:00,20260126_001632_c771f2eb_StateSignal_XLE,0.0,0.0,1.0,1.0,0.0,0.0,0.0,0.0
2024-04-04 20:00:00+00:00,20260126_001632_c771f2eb_StateSignal_XLE,0.0,0.0,1.0,1.0,0.0,0.0,0.0,-0.0
2024-04-05 20:00:00+00:00,20260126_001632_c771f2eb_StateSignal_XLE,0.0,0.0,1.0,1.0,0.0,0.0,0.0,0.0
2024-04-08 20:00:00+00:00,20260126_001632_c771f2eb_StateSignal_XLE,0.0,0.0,1.0,1.0,0.0,0.0,0.0,-0.0
2024-04-09 20:00:00+00:00,20260126_001632_c771f2eb_StateSignal_XLE,0.0,0.0,1.0,1.0,0.0,0.0,0.0,-0.0
2024-04-10 20:00:00+00:00,20260126_001632_c771f2eb_StateSignal_XLE,0.0,0.0,1.0,1.0,0.0,0.0,0.0,0.0
2024-04-11 20:00:00+00:00,20260126_001632_c771f2eb_StateSignal_XLE,0.0,0.0,1.0,1.0,0.0,0.0,0.0,0.0
2024-04-12 20:00:00+00:00,20260126_001632_c771f2eb_StateSignal_XLE,0.0,0.0,1.0,1.0,0.0,0.0,0.0,-0.0
2024-04-15 20:00:00+00:00,20260126_001632_c771f2eb_StateSignal_XLE,0.0,0.0,1.0,1.0,0.0,0.0,0.0,-0.0
2024-04-16 20:00:00+00:00,20260126_001632_c771f2eb_StateSignal_XLE,0.0,0.0,1.0,1.0,0.0,0.0,0.0,-0.0
2024-04-17 20:00:00+00:00,20260126_001632_c771f2eb_StateSignal_XLE,0.0,0.0,1.0,1.0,0.0,0.0,0.0,-0.0
2024-04-18 20:00:00+00:00,20260126_001632_c771f2eb_StateSignal_XLE,0.0,0.0,1.0,1.0,0.0,0.0,0.0,-0.0
2024-04-19 20:00:00+00:00,20260126_001632_c771f2eb_StateSignal_XLE,0.0,0.0,1.0,1.0,0.0,0.0,0.0,0.0
2024-04-22 20:00:00+00:00,20260126_001632_c771f2eb_StateSignal_XLE,0.0,0.0,1.0,1.0,0.0,0.0,0.0,0.0
2024-04-23 20:00:00+00:00,20260126_001632_c771f2eb_StateSignal_XLE,0.0,0.0,1.0,1.0,0.0,0.0,0.0,0.0
2024-04-24 20:00:00+00:00,20260126_001632_c771f2eb_StateSignal_XLE,0.0,0.0,1.0,1.0,0.0,0.0,0.0,0.0
2024-04-25 20:00:00+00:00,20260126_001632_c771f2eb_StateSignal_XLE,0.0,0.0,1.0,1.0,0.0,0.0,0.0,0.0
2024-04-26 20:00:00+00:00,20260126_001632_c771f2eb_StateSignal_XLE,0.0,0.0,1.0,1.0,0.0,0.0,0.0,0.0
2024-04-29 20:00:00+00:00,20260126_001632_c771f2eb_StateSignal_XLE,0.0,0.0,1.0,1.0,0.0,0.0,0.0,0.0
2024-04-30 20:00:00+00:00,20260126_001632_c771f2eb_StateSignal_XLE,0.0,0.0,1.0,1.0,0.0,0.0,0.0,-0.0
2024-05-01 20:00:00+00:00,20260126_001632_c771f2eb_StateSignal_XLE,0.0,0.0,1.0,1.0,0.0,0.0,0.0,-0.0
2024-05-02 20:00:00+00:00,20260126_001632_c771f2eb_StateSignal_XLE,0.0,0.0,1.0,1.0,0.0,0.0,0.0,0.0
2024-05-03 20:00:00+00:00,20260126_001632_c771f2eb_StateSignal_XLE,0.0,0.0,1.0,1.0,0.0,0.0,0.0,0.0
2024-05-06 20:00:00+00:00,20260126_001632_c771f2eb_StateSignal_XLE,0.0,0.0,1.0,1.0,0.0,0.0,0.0,0.0
2024-05-07 20:00:00+00:00,20260126_001632_c771f2eb_StateSignal_XLE,0.0,0.0,1.0,1.0,0.0,0.0,0.0,-0.0
2024-05-08 20:00:00+00:00,20260126_001632_c771f2eb_StateSignal_XLE,0.0,0.0,1.0,1.0,0.0,0.0,0.0,-0.0
2024-05-09 20:00:00+00:00,20260126_001632_c771f2eb_StateSignal_XLE,0.0,0.0,1.0,1.0,0.0,0.0,0.0,0.0
2024-05-10 20:00:00+00:00,20260126_001632_c771f2eb_StateSignal_XLE,0.0,0.0,1.0,1.0,0.0,0.0,0.0,-0.0
2024-05-13 20:00:00+00:00,20260126_001632_c771f2eb_StateSignal_XLE,0.0,0.0,1.0,1.0,0.0,0.0,0.0,-0.0
2024-05-14 20:00:00+00:00,20260126_001632_c771f2eb_StateSignal_XLE,0.0,0.0,1.0,1.0,0.0,0.0,0.0,0.0
2024-05-15 20:00:00+00:00,20260126_001632_c771f2eb_StateSignal_XLE,0.0,0.0,1.0,1.0,0.0,0.0,0.0,0.0
2024-05-16 20:00:00+00:00,20260126_001632_c771f2eb_StateSignal_XLE,0.0,0.0,1.0,1.0,0.0,0.0,0.0,-0.0
2024-05-17 20:00:00+00:00,20260126_001632_c771f2eb_StateSignal_XLE,0.0,0.0,1.0,1.0,0.0,0.0,0.0,0.0
2024-05-20 20:00:00+00:00,20260126_001632_c771f2eb_StateSignal_XLE,0.0,0.0,1.0,1.0,0.0,0.0,0.0,-0.0
2024-05-21 20:00:00+00:00,20260126_001632_c771f2eb_StateSignal_XLE,0.0,0.0,1.0,1.0,0.0,0.0,0.0,-0.0
2024-05-22 20:00:00+00:00,20260126_001632_c771f2eb_StateSignal_XLE,0.0,0.0,1.0,1.0,0.0,0.0,0.0,-0.0
2024-05-23 20:00:00+00:00,20260126_001632_c771f2eb_StateSignal_XLE,0.0,0.0,1.0,1.0,0.0,0.0,0.0,-0.0
2024-05-24 20:00:00+00:00,20260126_001632_c771f2eb_StateSignal_XLE,0.0,0.0,1.0,1.0,0.0,0.0,0.0,-0.0
2024-05-28 20:00:00+00:00,20260126_001632_c771f2eb_StateSignal_XLE,0.0,0.0,1.0,1.0,0.0,0.0,0.0,0.0
2024-05-29 20:00:00+00:00,20260126_001632_c771f2eb_StateSignal_XLE,0.0,0.0,1.0,1.0,0.0,0.0,0.0,-0.0
2024-05-30 20:00:00+00:00,20260126_001632_c771f2eb_StateSignal_XLE,0.0,0.0,1.0,1.0,0.0,0.0,0.0,0.0
2024-05-31 20:00:00+00:00,20260126_001632_c771f2eb_StateSignal_XLE,0.0,0.0,1.0,1.0,0.0,0.0,0.0,0.0
2024-06-03 20:00:00+00:00,20260126_001632_c771f2eb_StateSignal_XLE,0.0,0.0,1.0,1.0,0.0,0.0,0.0,-0.0
2024-06-04 20:00:00+00:00,20260126_001632_c771f2eb_StateSignal_XLE,0.0,0.0,1.0,1.0,0.0,0.0,0.0,0.0
2024-06-05 20:00:00+00:00,20260126_001632_c771f2eb_StateSignal_XLE,0.0,0.0,1.0,1.0,0.0,0.0,0.0,-0.0
2024-06-06 20:00:00+00:00,20260126_001632_c771f2eb_StateSignal_XLE,0.0,0.0,1.0,1.0,0.0,0.0,0.0,0.0
2024-06-07 20:00:00+00:00,20260126_001632_c771f2eb_StateSignal_XLE,0.0,0.0,1.0,1.0,0.0,0.0,0.0,-0.0
2024-06-10 20:00:00+00:00,20260126_001632_c771f2eb_StateSignal_XLE,0.0,0.0,1.0,1.0,0.0,0.0,0.0,0.0
2024-06-11 20:00:00+00:00,20260126_001632_c771f2eb_StateSignal_XLE,0.0,0.0,1.0,1.0,0.0,0.0,0.0,-0.0
2024-06-12 20:00:00+00:00,20260126_001632_c771f2eb_StateSignal_XLE,0.0,0.0,1.0,1.0,0.0,0.0,0.0,-0.0
2024-06-13 20:00:00+00:00,20260126_001632_c771f2eb_StateSignal_XLE,0.0,0.0,1.0,1.0,0.0,0.0,0.0,0.0
2024-06-14 20:00:00+00:00,20260126_001632_c771f2eb_StateSignal_XLE,0.0,0.0,1.0,1.0,0.0,0.0,0.0,-0.0
2024-06-17 20:00:00+00:00,20260126_001632_c771f2eb_StateSignal_XLE,0.0,0.0,1.0,1.0,0.0,0.0,0.0,0.0
2024-06-18 20:00:00+00:00,20260126_001632_c771f2eb_StateSignal_XLE,0.0,0.0,1.0,1.0,0.0,0.0,0.0,0.0
2024-06-20 20:00:00+00:00,20260126_001632_c771f2eb_StateSignal_XLE,0.0,0.0,1.0,1.0,0.0,0.0,0.0,0.0
2024-06-21 20:00:00+00:00,20260126_001632_c771f2eb_StateSignal_XLE,0.0,0.0,1.0,1.0,0.0,0.0,0.0,-0.0
2024-06-24 20:00:00+00:00,20260126_001632_c771f2eb_StateSignal_XLE,0.0,0.0,1.0,1.0,0.0,0.0,0.0,0.0
2024-06-25 20:00:00+00:00,20260126_001632_c771f2eb_StateSignal_XLE,0.0,0.0,1.0,1.0,0.0,0.0,0.0,0.0
2024-06-26 20:00:00+00:00,20260126_001632_c771f2eb_StateSignal_XLE,0.0,0.0,1.0,1.0,0.0,0.0,0.0,-0.0
2024-06-27 20:00:00+00:00,20260126_001632_c771f2eb_StateSignal_XLE,0.0,0.0,1.0,1.0,0.0,0.0,0.0,-0.0
2024-06-28 20:00:00+00:00,20260126_001632_c771f2eb_StateSignal_XLE,0.0,0.0,1.0,1.0,0.0,0.0,0.0,0.0
2024-07-01 20:00:00+00:00,20260126_001632_c771f2eb_StateSignal_XLE,0.0,0.0,1.0,1.0,0.0,0.0,0.0,0.0
2024-07-02 20:00:00+00:00,20260126_001632_c771f2eb_StateSignal_XLE,0.0,0.0,1.0,1.0,0.0,0.0,0.0,-0.0
2024-07-03 20:00:00+00:00,20260126_001632_c771f2eb_StateSignal_XLE,0.0,0.0,1.0,1.0,0.0,0.0,0.0,0.0
2024-07-05 20:00:00+00:00,20260126_001632_c771f2eb_StateSignal_XLE,0.0,0.0,1.0,1.0,0.0,0.0,0.0,-0.0
2024-07-08 20:00:00+00:00,20260126_001632_c771f2eb_StateSignal_XLE,0.0,0.0,1.0,1.0,0.0,0.0,0.0,-0.0
2024-07-09 20:00:00+00:00,20260126_001632_c771f2eb_StateSignal_XLE,0.0,0.0,1.0,1.0,0.0,0.0,0.0,-0.0
2024-07-10 20:00:00+00:00,20260126_001632_c771f2eb_StateSignal_XLE,0.0,0.0,1.0,1.0,0.0,0.0,0.0,0.0
2024-07-11 20:00:00+00:00,20260126_001632_c771f2eb_StateSignal_XLE,0.0,0.0,1.0,1.0,0.0,0.0,0.0,0.0
2024-07-12 20:00:00+00:00,20260126_001632_c771f2eb_StateSignal_XLE,0.0,0.0,1.0,1.0,0.0,0.0,0.0,0.0
2024-07-15 20:00:00+00:00,20260126_001632_c771f2eb_StateSignal_XLE,0.0,0.0,1.0,1.0,0.0,0.0,0.0,0.0
2024-07-16 20:00:00+00:00,20260126_001632_c771f2eb_StateSignal_XLE,0.0,0.0,1.0,1.0,0.0,0.0,0.0,0.0
2024-07-17 20:00:00+00:00,20260126_001632_c771f2eb_StateSignal_XLE,0.0,0.0,1.0,1.0,0.0,0.0,0.0,0.0
2024-07-18 20:00:00+00:00,20260126_001632_c771f2eb_StateSignal_XLE,0.0,0.0,1.0,1.0,0.0,0.0,0.0,0.0
2024-07-19 20:00:00+00:00,20260126_001632_c771f2eb_StateSignal_XLE,0.0,0.0,1.0,1.0,0.0,0.0,0.0,-0.0
2024-07-22 20:00:00+00:00,20260126_001632_c771f2eb_StateSignal_XLE,0.0,0.0,1.0,1.0,0.0,0.0,0.0,-0.0
2024-07-23 20:00:00+00:00,20260126_001632_c771f2eb_StateSignal_XLE,0.0,0.0,1.0,1.0,0.0,0.0,0.0,-0.0
2024-07-24 20:00:00+00:00,20260126_001632_c771f2eb_StateSignal_XLE,0.0,0.0,1.0,1.0,0.0,0.0,0.0,0.0
2024-07-25 20:00:00+00:00,20260126_001632_c771f2eb_StateSignal_XLE,0.0,0.0,1.0,1.0,0.0,0.0,0.0,0.0
2024-07-26 20:00:00+00:00,20260126_001632_c771f2eb_StateSignal_XLE,0.0,0.0,1.0,1.0,0.0,0.0,0.0,0.0
2024-07-29 20:00:00+00:00,20260126_001632_c771f2eb_StateSignal_XLE,0.0,0.0,1.0,1.0,0.0,0.0,0.0,-0.0
2024-07-30 20:00:00+00:00,20260126_001632_c771f2eb_StateSignal_XLE,0.0,0.0,1.0,1.0,0.0,0.0,0.0,0.0
2024-07-31 20:00:00+00:00,20260126_001632_c771f2eb_StateSignal_XLE,0.0,0.0,1.0,1.0,0.0,0.0,0.0,0.0
2024-08-01 20:00:00+00:00,20260126_001632_c771f2eb_StateSignal_XLE,0.0,0.0,1.0,1.0,0.0,0.0,0.0,-0.0
2024-08-02 20:00:00+00:00,20260126_001632_c771f2eb_StateSignal_XLE,0.0,0.0,1.0,1.0,0.0,0.0,0.0,-0.0
2024-08-05 20:00:00+00:00,20260126_001632_c771f2eb_StateSignal_XLE,0.0,0.0,1.0,1.0,0.0,0.0,0.0,-0.0
2024-08-06 20:00:00+00:00,20260126_001632_c771f2eb_StateSignal_XLE,-0.001447876700814308,-0.001447876700814308,0.9985521232991857,0.9985521232991857,0.0,0.0,1.0,-0.001447876700814308
2024-08-07 20:00:00+00:00,20260126_001632_c771f2eb_StateSignal_XLE,-0.011953285999587384,-0.011953285999587384,0.9866161441838954,0.9866161441838954,0.0,0.0,1.0,-0.011953285999587384
2024-08-08 20:00:00+00:00,20260126_001632_c771f2eb_StateSignal_XLE,0.013276629347018445,0.013276629347018445,0.9997150810380094,0.9997150810380094,0.0,0.0,1.0,0.013276629347018445
2024-08-09 20:00:00+00:00,20260126_001632_c771f2eb_StateSignal_XLE,0.0058927689671506465,0.0058927689671506465,1.0056061710435427,1.0056061710435427,0.0,0.0,1.0,0.0058927689671506465
2024-08-12 20:00:00+00:00,20260126_001632_c771f2eb_StateSignal_XLE,0.005390848634876723,0.005390848634876723,1.0110272416979365,1.0110272416979365,0.0,0.0,1.0,0.005390848634876723
2024-08-13 20:00:00+00:00,20260126_001632_c771f2eb_StateSignal_XLE,-0.0016515280384731374,-0.0016515280384731374,1.0093575018606122,1.0093575018606122,0.0,0.0,1.0,-0.0016515280384731374
2024-08-14 20:00:00+00:00,20260126_001632_c771f2eb_StateSignal_XLE,0.005651062837058769,0.005651062837058769,1.0150614445286832,1.0150614445286832,0.0,0.0,1.0,0.005651062837058769
2024-08-15 20:00:00+00:00,20260126_001632_c771f2eb_StateSignal_XLE,0.0,0.0,1.0150614445286832,1.0150614445286832,0.0,0.0,0.0,0.0
2024-08-16 20:00:00+00:00,20260126_001632_c771f2eb_StateSignal_XLE,0.0,0.0,1.0150614445286832,1.0150614445286832,0.0,0.0,0.0,-0.0
2024-08-19 20:00:00+00:00,20260126_001632_c771f2eb_StateSignal_XLE,0.0,0.0,1.0150614445286832,1.0150614445286832,0.0,0.0,0.0,0.0
2024-08-20 20:00:00+00:00,20260126_001632_c771f2eb_StateSignal_XLE,0.0,0.0,1.0150614445286832,1.0150614445286832,0.0,0.0,0.0,-0.0
2024-08-21 20:00:00+00:00,20260126_001632_c771f2eb_StateSignal_XLE,0.0,0.0,1.0150614445286832,1.0150614445286832,0.0,0.0,0.0,0.0
2024-08-22 20:00:00+00:00,20260126_001632_c771f2eb_StateSignal_XLE,0.0,0.0,1.0150614445286832,1.0150614445286832,0.0,0.0,0.0,-0.0
2024-08-23 20:00:00+00:00,20260126_001632_c771f2eb_StateSignal_XLE,0.0,0.0,1.0150614445286832,1.0150614445286832,0.0,0.0,0.0,0.0
2024-08-26 20:00:00+00:00,20260126_001632_c771f2eb_StateSignal_XLE,0.0,0.0,1.0150614445286832,1.0150614445286832,0.0,0.0,0.0,-0.0
2024-08-27 20:00:00+00:00,20260126_001632_c771f2eb_StateSignal_XLE,0.0,0.0,1.0150614445286832,1.0150614445286832,0.0,0.0,0.0,-0.0
2024-08-28 20:00:00+00:00,20260126_001632_c771f2eb_StateSignal_XLE,0.0,0.0,1.0150614445286832,1.0150614445286832,0.0,0.0,0.0,-0.0
2024-08-29 20:00:00+00:00,20260126_001632_c771f2eb_StateSignal_XLE,0.0,0.0,1.0150614445286832,1.0150614445286832,0.0,0.0,0.0,0.0
2024-08-30 20:00:00+00:00,20260126_001632_c771f2eb_StateSignal_XLE,0.0,0.0,1.0150614445286832,1.0150614445286832,0.0,0.0,0.0,0.0
2024-09-03 20:00:00+00:00,20260126_001632_c771f2eb_StateSignal_XLE,0.0,0.0,1.0150614445286832,1.0150614445286832,0.0,0.0,0.0,-0.0
2024-09-04 20:00:00+00:00,20260126_001632_c771f2eb_StateSignal_XLE,0.0,0.0,1.0150614445286832,1.0150614445286832,0.0,0.0,0.0,-0.0
2024-09-05 20:00:00+00:00,20260126_001632_c771f2eb_StateSignal_XLE,-0.00720810425079437,-0.00720810425079437,1.0077447758155587,1.0077447758155587,0.0,0.0,1.0,-0.00720810425079437
2024-09-06 20:00:00+00:00,20260126_001632_c771f2eb_StateSignal_XLE,-0.012618463959211816,-0.012618463959211816,0.995028584681846,0.995028584681846,0.0,0.0,1.0,-0.012618463959211816
2024-09-09 20:00:00+00:00,20260126_001632_c771f2eb_StateSignal_XLE,0.0024295444409393784,0.0024295444409393784,0.9974460508483356,0.9974460508483356,0.0,0.0,1.0,0.0024295444409393784
2024-09-10 20:00:00+00:00,20260126_001632_c771f2eb_StateSignal_XLE,-0.01713208813612664,-0.01713208813612664,0.9803577171941704,0.9803577171941704,0.0,0.0,1.0,-0.01713208813612664
2024-09-11 20:00:00+00:00,20260126_001632_c771f2eb_StateSignal_XLE,-0.0004982561139451913,-0.0004982561139451913,0.9798692479677251,0.9798692479677251,0.0,0.0,1.0,-0.0004982561139451913
2024-09-12 20:00:00+00:00,20260126_001632_c771f2eb_StateSignal_XLE,0.0,0.0,0.9798692479677251,0.9798692479677251,0.0,0.0,0.0,0.0
2024-09-13 20:00:00+00:00,20260126_001632_c771f2eb_StateSignal_XLE,0.0,0.0,0.9798692479677251,0.9798692479677251,0.0,0.0,0.0,0.0
2024-09-16 20:00:00+00:00,20260126_001632_c771f2eb_StateSignal_XLE,0.0,0.0,0.9798692479677251,0.9798692479677251,0.0,0.0,0.0,0.0
2024-09-17 20:00:00+00:00,20260126_001632_c771f2eb_StateSignal_XLE,0.0,0.0,0.9798692479677251,0.9798692479677251,0.0,0.0,0.0,0.0
2024-09-18 20:00:00+00:00,20260126_001632_c771f2eb_StateSignal_XLE,0.0,0.0,0.9798692479677251,0.9798692479677251,0.0,0.0,0.0,0.0
2024-09-19 20:00:00+00:00,20260126_001632_c771f2eb_StateSignal_XLE,0.0,0.0,0.9798692479677251,0.9798692479677251,0.0,0.0,0.0,0.0
2024-09-20 20:00:00+00:00,20260126_001632_c771f2eb_StateSignal_XLE,0.0,0.0,0.9798692479677251,0.9798692479677251,0.0,0.0,0.0,0.0
2024-09-23 20:00:00+00:00,20260126_001632_c771f2eb_StateSignal_XLE,0.0,0.0,0.9798692479677251,0.9798692479677251,0.0,0.0,0.0,0.0
2024-09-24 20:00:00+00:00,20260126_001632_c771f2eb_StateSignal_XLE,0.0,0.0,0.9798692479677251,0.9798692479677251,0.0,0.0,0.0,-0.0
2024-09-25 20:00:00+00:00,20260126_001632_c771f2eb_StateSignal_XLE,0.0,0.0,0.9798692479677251,0.9798692479677251,0.0,0.0,0.0,-0.0
2024-09-26 20:00:00+00:00,20260126_001632_c771f2eb_StateSignal_XLE,0.0,0.0,0.9798692479677251,0.9798692479677251,0.0,0.0,0.0,-0.0
2024-09-27 20:00:00+00:00,20260126_001632_c771f2eb_StateSignal_XLE,0.0,0.0,0.9798692479677251,0.9798692479677251,0.0,0.0,0.0,0.0
2024-09-30 20:00:00+00:00,20260126_001632_c771f2eb_StateSignal_XLE,0.0,0.0,0.9798692479677251,0.9798692479677251,0.0,0.0,0.0,0.0
2024-10-01 20:00:00+00:00,20260126_001632_c771f2eb_StateSignal_XLE,0.0,0.0,0.9798692479677251,0.9798692479677251,0.0,0.0,0.0,0.0
2024-10-02 20:00:00+00:00,20260126_001632_c771f2eb_StateSignal_XLE,0.0,0.0,0.9798692479677251,0.9798692479677251,0.0,0.0,0.0,0.0
2024-10-03 20:00:00+00:00,20260126_001632_c771f2eb_StateSignal_XLE,0.0,0.0,0.9798692479677251,0.9798692479677251,0.0,0.0,0.0,0.0
2024-10-04 20:00:00+00:00,20260126_001632_c771f2eb_StateSignal_XLE,0.0,0.0,0.9798692479677251,0.9798692479677251,0.0,0.0,0.0,0.0
2024-10-07 20:00:00+00:00,20260126_001632_c771f2eb_StateSignal_XLE,-0.0028924260904008734,-0.0028924260904008734,0.9770350485897218,0.9770350485897218,0.0,0.0,1.0,-0.0028924260904008734
2024-10-08 20:00:00+00:00,20260126_001632_c771f2eb_StateSignal_XLE,0.0,0.0,0.9770350485897218,0.9770350485897218,0.0,0.0,0.0,-0.0
2024-10-09 20:00:00+00:00,20260126_001632_c771f2eb_StateSignal_XLE,0.005933381167841745,0.005933381167841745,0.9828321699473453,0.9828321699473453,0.0,0.0,1.0,0.005933381167841745
2024-10-10 20:00:00+00:00,20260126_001632_c771f2eb_StateSignal_XLE,0.008844597853981407,0.008844597853981407,0.9915249252484857,0.9915249252484857,0.0,0.0,1.0,0.008844597853981407
2024-10-11 20:00:00+00:00,20260126_001632_c771f2eb_StateSignal_XLE,0.003150317636945319,0.003150317636945319,0.994648543707967,0.994648543707967,0.0,0.0,1.0,0.003150317636945319
2024-10-14 20:00:00+00:00,20260126_001632_c771f2eb_StateSignal_XLE,0.002026343145232501,0.002026343145232501,0.9966640429664251,0.9966640429664251,0.0,0.0,1.0,0.002026343145232501
2024-10-15 20:00:00+00:00,20260126_001632_c771f2eb_StateSignal_XLE,-0.002777779563902191,-0.002777779563902191,0.9938955299557968,0.9938955299557968,0.0,0.0,1.0,-0.002777779563902191
2024-10-16 20:00:00+00:00,20260126_001632_c771f2eb_StateSignal_XLE,0.0032399935772159582,0.0032399935772159582,0.9971157450892773,0.9971157450892773,0.0,0.0,1.0,0.0032399935772159582
2024-10-17 20:00:00+00:00,20260126_001632_c771f2eb_StateSignal_XLE,-0.0018365478073014,-0.0018365478073014,0.9952844943540079,0.9952844943540079,0.0,0.0,1.0,-0.0018365478073014
2024-10-18 20:00:00+00:00,20260126_001632_c771f2eb_StateSignal_XLE,-0.003683245416296253,-0.003683245416296253,0.9916186173022677,0.9916186173022677,0.0,0.0,1.0,-0.003683245416296253
2024-10-21 20:00:00+00:00,20260126_001632_c771f2eb_StateSignal_XLE,0.0,0.0,0.9916186173022677,0.9916186173022677,0.0,0.0,0.0,-0.0
2024-10-22 20:00:00+00:00,20260126_001632_c771f2eb_StateSignal_XLE,0.0,0.0,0.9916186173022677,0.9916186173022677,0.0,0.0,0.0,0.0
2024-10-23 20:00:00+00:00,20260126_001632_c771f2eb_StateSignal_XLE,0.0,0.0,0.9916186173022677,0.9916186173022677,0.0,0.0,0.0,-0.0
2024-10-24 20:00:00+00:00,20260126_001632_c771f2eb_StateSignal_XLE,0.0,0.0,0.9916186173022677,0.9916186173022677,0.0,0.0,0.0,-0.0
2024-10-25 20:00:00+00:00,20260126_001632_c771f2eb_StateSignal_XLE,0.0,0.0,0.9916186173022677,0.9916186173022677,0.0,0.0,0.0,0.0
2024-10-28 20:00:00+00:00,20260126_001632_c771f2eb_StateSignal_XLE,0.0,0.0,0.9916186173022677,0.9916186173022677,0.0,0.0,0.0,-0.0
2024-10-29 20:00:00+00:00,20260126_001632_c771f2eb_StateSignal_XLE,-0.0054392944794431205,-0.0054392944794431205,0.9862249116314625,0.9862249116314625,0.0,0.0,1.0,-0.0054392944794431205
2024-10-30 20:00:00+00:00,20260126_001632_c771f2eb_StateSignal_XLE,-0.004017493292059942,-0.004017493292059942,0.9822627596645207,0.9822627596645207,0.0,0.0,1.0,-0.004017493292059942
2024-10-31 20:00:00+00:00,20260126_001632_c771f2eb_StateSignal_XLE,0.0,0.0,0.9822627596645207,0.9822627596645207,0.0,0.0,0.0,-0.0
2024-11-01 20:00:00+00:00,20260126_001632_c771f2eb_StateSignal_XLE,-0.020396909207572457,-0.020396909207572457,0.962227635337664,0.962227635337664,0.0,0.0,1.0,-0.020396909207572457
2024-11-04 21:00:00+00:00,20260126_001632_c771f2eb_StateSignal_XLE,0.017608155366728984,0.017608155366728984,0.9791706890388497,0.9791706890388497,0.0,0.0,1.0,0.017608155366728984
2024-11-05 21:00:00+00:00,20260126_001632_c771f2eb_StateSignal_XLE,0.0020826109575260744,0.0020826109575260744,0.9812099206451304,0.9812099206451304,0.0,0.0,1.0,0.0020826109575260744
2024-11-06 21:00:00+00:00,20260126_001632_c771f2eb_StateSignal_XLE,0.013001752309179902,0.013001752309179902,0.9939673689966684,0.9939673689966684,0.0,0.0,1.0,0.013001752309179902
2024-11-07 21:00:00+00:00,20260126_001632_c771f2eb_StateSignal_XLE,0.005832228285975509,0.005832228285975509,0.9997644136014674,0.9997644136014674,0.0,0.0,1.0,0.005832228285975509
2024-11-08 21:00:00+00:00,20260126_001632_c771f2eb_StateSignal_XLE,0.0,0.0,0.9997644136014674,0.9997644136014674,0.0,0.0,0.0,0.0
2024-11-11 21:00:00+00:00,20260126_001632_c771f2eb_StateSignal_XLE,0.0,0.0,0.9997644136014674,0.9997644136014674,0.0,0.0,0.0,0.0
2024-11-12 21:00:00+00:00,20260126_001632_c771f2eb_StateSignal_XLE,0.0,0.0,0.9997644136014674,0.9997644136014674,0.0,0.0,0.0,-0.0
2024-11-13 21:00:00+00:00,20260126_001632_c771f2eb_StateSignal_XLE,0.0,0.0,0.9997644136014674,0.9997644136014674,0.0,0.0,0.0,0.0
2024-11-14 21:00:00+00:00,20260126_001632_c771f2eb_StateSignal_XLE,0.0,0.0,0.9997644136014674,0.9997644136014674,0.0,0.0,0.0,0.0
2024-11-15 21:00:00+00:00,20260126_001632_c771f2eb_StateSignal_XLE,0.0,0.0,0.9997644136014674,0.9997644136014674,0.0,0.0,0.0,-0.0
2024-11-18 21:00:00+00:00,20260126_001632_c771f2eb_StateSignal_XLE,0.0,0.0,0.9997644136014674,0.9997644136014674,0.0,0.0,0.0,0.0
2024-11-19 21:00:00+00:00,20260126_001632_c771f2eb_StateSignal_XLE,0.0,0.0,0.9997644136014674,0.9997644136014674,0.0,0.0,0.0,-0.0
2024-11-20 21:00:00+00:00,20260126_001632_c771f2eb_StateSignal_XLE,0.0,0.0,0.9997644136014674,0.9997644136014674,0.0,0.0,0.0,0.0
2024-11-21 21:00:00+00:00,20260126_001632_c771f2eb_StateSignal_XLE,0.0,0.0,0.9997644136014674,0.9997644136014674,0.0,0.0,0.0,0.0
2024-11-22 21:00:00+00:00,20260126_001632_c771f2eb_StateSignal_XLE,0.0,0.0,0.9997644136014674,0.9997644136014674,0.0,0.0,0.0,-0.0
2024-11-25 21:00:00+00:00,20260126_001632_c771f2eb_StateSignal_XLE,0.0,0.0,0.9997644136014674,0.9997644136014674,0.0,0.0,0.0,-0.0
2024-11-26 21:00:00+00:00,20260126_001632_c771f2eb_StateSignal_XLE,0.0,0.0,0.9997644136014674,0.9997644136014674,0.0,0.0,0.0,-0.0
2024-11-27 21:00:00+00:00,20260126_001632_c771f2eb_StateSignal_XLE,0.0,0.0,0.9997644136014674,0.9997644136014674,0.0,0.0,0.0,-0.0
2024-11-29 21:00:00+00:00,20260126_001632_c771f2eb_StateSignal_XLE,0.0,0.0,0.9997644136014674,0.9997644136014674,0.0,0.0,0.0,-0.0
2024-12-02 21:00:00+00:00,20260126_001632_c771f2eb_StateSignal_XLE,0.0,0.0,0.9997644136014674,0.9997644136014674,0.0,0.0,0.0,-0.0
2024-12-03 21:00:00+00:00,20260126_001632_c771f2eb_StateSignal_XLE,0.0,0.0,0.9997644136014674,0.9997644136014674,0.0,0.0,0.0,-0.0
2024-12-04 21:00:00+00:00,20260126_001632_c771f2eb_StateSignal_XLE,0.0,0.0,0.9997644136014674,0.9997644136014674,0.0,0.0,0.0,-0.0
2024-12-05 21:00:00+00:00,20260126_001632_c771f2eb_StateSignal_XLE,0.0,0.0,0.9997644136014674,0.9997644136014674,0.0,0.0,0.0,-0.0
2024-12-06 21:00:00+00:00,20260126_001632_c771f2eb_StateSignal_XLE,0.0,0.0,0.9997644136014674,0.9997644136014674,0.0,0.0,0.0,-0.0
2024-12-09 21:00:00+00:00,20260126_001632_c771f2eb_StateSignal_XLE,0.0,0.0,0.9997644136014674,0.9997644136014674,0.0,0.0,0.0,-0.0
2024-12-10 21:00:00+00:00,20260126_001632_c771f2eb_StateSignal_XLE,0.0,0.0,0.9997644136014674,0.9997644136014674,0.0,0.0,0.0,-0.0
2024-12-11 21:00:00+00:00,20260126_001632_c771f2eb_StateSignal_XLE,0.0,0.0,0.9997644136014674,0.9997644136014674,0.0,0.0,0.0,0.0
2024-12-12 21:00:00+00:00,20260126_001632_c771f2eb_StateSignal_XLE,0.0,0.0,0.9997644136014674,0.9997644136014674,0.0,0.0,0.0,-0.0
2024-12-13 21:00:00+00:00,20260126_001632_c771f2eb_StateSignal_XLE,0.0,0.0,0.9997644136014674,0.9997644136014674,0.0,0.0,0.0,0.0
2024-12-16 21:00:00+00:00,20260126_001632_c771f2eb_StateSignal_XLE,0.0,0.0,0.9997644136014674,0.9997644136014674,0.0,0.0,0.0,-0.0
2024-12-17 21:00:00+00:00,20260126_001632_c771f2eb_StateSignal_XLE,0.0,0.0,0.9997644136014674,0.9997644136014674,0.0,0.0,0.0,0.0
2024-12-18 21:00:00+00:00,20260126_001632_c771f2eb_StateSignal_XLE,0.0,0.0,0.9997644136014674,0.9997644136014674,0.0,0.0,0.0,-0.0
2024-12-19 21:00:00+00:00,20260126_001632_c771f2eb_StateSignal_XLE,0.0,0.0,0.9997644136014674,0.9997644136014674,0.0,0.0,0.0,-0.0
2024-12-20 21:00:00+00:00,20260126_001632_c771f2eb_StateSignal_XLE,0.007954304927268395,0.007954304927268395,1.0077168446026852,1.0077168446026852,0.0,0.0,1.0,0.007954304927268395
2024-12-23 21:00:00+00:00,20260126_001632_c771f2eb_StateSignal_XLE,0.0030788103842601146,0.0030788103842601146,1.0108194136882418,1.0108194136882418,0.0,0.0,1.0,0.0030788103842601146
2024-12-24 21:00:00+00:00,20260126_001632_c771f2eb_StateSignal_XLE,0.0,0.0,1.0108194136882418,1.0108194136882418,0.0,0.0,0.0,0.0
2024-12-26 21:00:00+00:00,20260126_001632_c771f2eb_StateSignal_XLE,0.0,0.0,1.0108194136882418,1.0108194136882418,0.0,0.0,0.0,0.0
2024-12-27 21:00:00+00:00,20260126_001632_c771f2eb_StateSignal_XLE,0.0,0.0,1.0108194136882418,1.0108194136882418,0.0,0.0,0.0,-0.0
2024-12-30 21:00:00+00:00,20260126_001632_c771f2eb_StateSignal_XLE,0.0,0.0,1.0108194136882418,1.0108194136882418,0.0,0.0,0.0,0.0
2024-12-31 21:00:00+00:00,20260126_001632_c771f2eb_StateSignal_XLE,0.0,0.0,1.0108194136882418,1.0108194136882418,0.0,0.0,0.0,0.0
2025-01-02 21:00:00+00:00,20260126_001632_c771f2eb_StateSignal_XLE,0.0,0.0,1.0108194136882418,1.0108194136882418,0.0,0.0,0.0,0.0
2025-01-03 21:00:00+00:00,20260126_001632_c771f2eb_StateSignal_XLE,0.0,0.0,1.0108194136882418,1.0108194136882418,0.0,0.0,0.0,0.0
2025-01-06 21:00:00+00:00,20260126_001632_c771f2eb_StateSignal_XLE,0.0,0.0,1.0108194136882418,1.0108194136882418,0.0,0.0,0.0,-0.0
2025-01-07 21:00:00+00:00,20260126_001632_c771f2eb_StateSignal_XLE,0.0,0.0,1.0108194136882418,1.0108194136882418,0.0,0.0,0.0,0.0
2025-01-08 21:00:00+00:00,20260126_001632_c771f2eb_StateSignal_XLE,0.0,0.0,1.0108194136882418,1.0108194136882418,0.0,0.0,0.0,0.0
2025-01-10 21:00:00+00:00,20260126_001632_c771f2eb_StateSignal_XLE,0.0,0.0,1.0108194136882418,1.0108194136882418,0.0,0.0,0.0,0.0
2025-01-13 21:00:00+00:00,20260126_001632_c771f2eb_StateSignal_XLE,0.0,0.0,1.0108194136882418,1.0108194136882418,0.0,0.0,0.0,0.0
2025-01-14 21:00:00+00:00,20260126_001632_c771f2eb_StateSignal_XLE,0.010016018174745709,0.010016018174745709,1.020943799307129,1.020943799307129,0.0,0.0,1.0,0.010016018174745709
2025-01-15 21:00:00+00:00,20260126_001632_c771f2eb_StateSignal_XLE,0.0,0.0,1.020943799307129,1.020943799307129,0.0,0.0,0.0,0.0
2025-01-16 21:00:00+00:00,20260126_001632_c771f2eb_StateSignal_XLE,0.0,0.0,1.020943799307129,1.020943799307129,0.0,0.0,0.0,0.0
2025-01-17 21:00:00+00:00,20260126_001632_c771f2eb_StateSignal_XLE,0.0,0.0,1.020943799307129,1.020943799307129,0.0,0.0,0.0,0.0
2025-01-21 21:00:00+00:00,20260126_001632_c771f2eb_StateSignal_XLE,0.0,0.0,1.020943799307129,1.020943799307129,0.0,0.0,0.0,0.0
2025-01-22 21:00:00+00:00,20260126_001632_c771f2eb_StateSignal_XLE,0.0,0.0,1.020943799307129,1.020943799307129,0.0,0.0,0.0,-0.0
2025-01-23 21:00:00+00:00,20260126_001632_c771f2eb_StateSignal_XLE,0.0,0.0,1.020943799307129,1.020943799307129,0.0,0.0,0.0,-0.0
2025-01-24 21:00:00+00:00,20260126_001632_c771f2eb_StateSignal_XLE,0.0,0.0,1.020943799307129,1.020943799307129,0.0,0.0,0.0,-0.0
2025-01-27 21:00:00+00:00,20260126_001632_c771f2eb_StateSignal_XLE,0.0,0.0,1.020943799307129,1.020943799307129,0.0,0.0,0.0,0.0
2025-01-28 21:00:00+00:00,20260126_001632_c771f2eb_StateSignal_XLE,0.0,0.0,1.020943799307129,1.020943799307129,0.0,0.0,0.0,-0.0
2025-01-29 21:00:00+00:00,20260126_001632_c771f2eb_StateSignal_XLE,0.0,0.0,1.020943799307129,1.020943799307129,0.0,0.0,0.0,0.0
2025-01-30 21:00:00+00:00,20260126_001632_c771f2eb_StateSignal_XLE,0.0,0.0,1.020943799307129,1.020943799307129,0.0,0.0,0.0,-0.0
2025-01-31 21:00:00+00:00,20260126_001632_c771f2eb_StateSignal_XLE,0.0,0.0,1.020943799307129,1.020943799307129,0.0,0.0,0.0,-0.0
2025-02-03 21:00:00+00:00,20260126_001632_c771f2eb_StateSignal_XLE,0.0,0.0,1.020943799307129,1.020943799307129,0.0,0.0,0.0,0.0
2025-02-04 21:00:00+00:00,20260126_001632_c771f2eb_StateSignal_XLE,0.0,0.0,1.020943799307129,1.020943799307129,0.0,0.0,0.0,0.0
2025-02-05 21:00:00+00:00,20260126_001632_c771f2eb_StateSignal_XLE,0.0,0.0,1.020943799307129,1.020943799307129,0.0,0.0,0.0,0.0
2025-02-06 21:00:00+00:00,20260126_001632_c771f2eb_StateSignal_XLE,0.0,0.0,1.020943799307129,1.020943799307129,0.0,0.0,0.0,-0.0
2025-02-07 21:00:00+00:00,20260126_001632_c771f2eb_StateSignal_XLE,0.0,0.0,1.020943799307129,1.020943799307129,0.0,0.0,0.0,-0.0
2025-02-10 21:00:00+00:00,20260126_001632_c771f2eb_StateSignal_XLE,0.0,0.0,1.020943799307129,1.020943799307129,0.0,0.0,0.0,0.0
2025-02-11 21:00:00+00:00,20260126_001632_c771f2eb_StateSignal_XLE,0.0,0.0,1.020943799307129,1.020943799307129,0.0,0.0,0.0,0.0
2025-02-12 21:00:00+00:00,20260126_001632_c771f2eb_StateSignal_XLE,0.0,0.0,1.020943799307129,1.020943799307129,0.0,0.0,0.0,-0.0
2025-02-13 21:00:00+00:00,20260126_001632_c771f2eb_StateSignal_XLE,0.0,0.0,1.020943799307129,1.020943799307129,0.0,0.0,0.0,0.0
2025-02-14 21:00:00+00:00,20260126_001632_c771f2eb_StateSignal_XLE,0.0,0.0,1.020943799307129,1.020943799307129,0.0,0.0,0.0,-0.0
2025-02-18 21:00:00+00:00,20260126_001632_c771f2eb_StateSignal_XLE,0.0,0.0,1.020943799307129,1.020943799307129,0.0,0.0,0.0,0.0
2025-02-19 21:00:00+00:00,20260126_001632_c771f2eb_StateSignal_XLE,0.0,0.0,1.020943799307129,1.020943799307129,0.0,0.0,0.0,-0.0
2025-02-20 21:00:00+00:00,20260126_001632_c771f2eb_StateSignal_XLE,0.0,0.0,1.020943799307129,1.020943799307129,0.0,0.0,0.0,0.0
2025-02-21 21:00:00+00:00,20260126_001632_c771f2eb_StateSignal_XLE,0.0,0.0,1.020943799307129,1.020943799307129,0.0,0.0,0.0,-0.0
2025-02-24 21:00:00+00:00,20260126_001632_c771f2eb_StateSignal_XLE,0.0,0.0,1.020943799307129,1.020943799307129,0.0,0.0,0.0,0.0
2025-02-25 21:00:00+00:00,20260126_001632_c771f2eb_StateSignal_XLE,0.0,0.0,1.020943799307129,1.020943799307129,0.0,0.0,0.0,-0.0
2025-02-26 21:00:00+00:00,20260126_001632_c771f2eb_StateSignal_XLE,0.0,0.0,1.020943799307129,1.020943799307129,0.0,0.0,0.0,-0.0
2025-02-27 21:00:00+00:00,20260126_001632_c771f2eb_StateSignal_XLE,-0.0013831260849509446,-0.0013831260849509446,1.0195317053070385,1.0195317053070385,0.0,0.0,1.0,-0.0013831260849509446
2025-02-28 21:00:00+00:00,20260126_001632_c771f2eb_StateSignal_XLE,0.0,0.0,1.0195317053070385,1.0195317053070385,0.0,0.0,0.0,0.0
2025-03-03 21:00:00+00:00,20260126_001632_c771f2eb_StateSignal_XLE,-0.0360565982554678,-0.0360565982554678,0.9827708602000707,0.9827708602000707,0.0,0.0,1.0,-0.0360565982554678
2025-03-04 21:00:00+00:00,20260126_001632_c771f2eb_StateSignal_XLE,0.01243142951793314,0.01243142951793314,0.9949881068809263,0.9949881068809263,0.0,0.0,1.0,0.01243142951793314
2025-03-05 21:00:00+00:00,20260126_001632_c771f2eb_StateSignal_XLE,-0.0004822763536930208,-0.0004822763536930208,0.9945082476447719,0.9945082476447719,0.0,0.0,1.0,-0.0004822763536930208
2025-03-06 21:00:00+00:00,20260126_001632_c771f2eb_StateSignal_XLE,0.0033710602595840543,0.0033710602595840543,0.9978607948762357,0.9978607948762357,0.0,0.0,1.0,0.0033710602595840543
2025-03-07 21:00:00+00:00,20260126_001632_c771f2eb_StateSignal_XLE,0.002840911001603721,0.002840911001603721,1.0006956285864685,1.0006956285864685,0.0,0.0,1.0,0.002840911001603721
2025-03-10 20:00:00+00:00,20260126_001632_c771f2eb_StateSignal_XLE,0.00033714947069807597,0.00033714947069807597,1.0010330125879763,1.0010330125879763,0.0,0.0,1.0,0.00033714947069807597
2025-03-11 20:00:00+00:00,20260126_001632_c771f2eb_StateSignal_XLE,-0.015489631448598093,-0.015489631448598093,0.9855273801551088,0.9855273801551088,0.0,0.0,1.0,-0.015489631448598093
2025-03-12 20:00:00+00:00,20260126_001632_c771f2eb_StateSignal_XLE,0.003774479593203327,0.003774479593203327,0.9892472331400474,0.9892472331400474,0.0,0.0,1.0,0.003774479593203327
2025-03-13 20:00:00+00:00,20260126_001632_c771f2eb_StateSignal_XLE,-0.00661471818893254,-0.00661471818893254,0.9827036414736446,0.9827036414736446,0.0,0.0,1.0,-0.00661471818893254
2025-03-14 20:00:00+00:00,20260126_001632_c771f2eb_StateSignal_XLE,0.02142606417267567,0.02142606417267567,1.003759112758581,1.003759112758581,0.0,0.0,1.0,0.02142606417267567
2025-03-17 20:00:00+00:00,20260126_001632_c771f2eb_StateSignal_XLE,0.016227073010489382,0.016227073010489382,1.0200471851662585,1.0200471851662585,0.0,0.0,1.0,0.016227073010489382
2025-03-18 20:00:00+00:00,20260126_001632_c771f2eb_StateSignal_XLE,-0.0029368596733094486,-0.0029368596733094486,1.0170514497232708,1.0170514497232708,0.0,0.0,1.0,-0.0029368596733094486
2025-03-19 20:00:00+00:00,20260126_001632_c771f2eb_StateSignal_XLE,0.008272825270425424,0.008272825270425424,1.0254653386578643,1.0254653386578643,0.0,0.0,1.0,0.008272825270425424
2025-03-20 20:00:00+00:00,20260126_001632_c771f2eb_StateSignal_XLE,0.004221759408986374,0.004221759408986374,1.0297946065999326,1.0297946065999326,0.0,0.0,1.0,0.004221759408986374
2025-03-21 20:00:00+00:00,20260126_001632_c771f2eb_StateSignal_XLE,-0.003346350027344695,-0.003346350027344695,1.0263485533899774,1.0263485533899774,0.0,0.0,1.0,-0.003346350027344695
2025-03-24 20:00:00+00:00,20260126_001632_c771f2eb_StateSignal_XLE,0.011332195484526962,0.011332195484526962,1.037979335832254,1.037979335832254,0.0,0.0,1.0,0.011332195484526962
2025-03-25 20:00:00+00:00,20260126_001632_c771f2eb_StateSignal_XLE,0.0,0.0,1.037979335832254,1.037979335832254,0.0,0.0,0.0,-0.0
2025-03-26 20:00:00+00:00,20260126_001632_c771f2eb_StateSignal_XLE,0.0,0.0,1.037979335832254,1.037979335832254,0.0,0.0,0.0,0.0
2025-03-27 20:00:00+00:00,20260126_001632_c771f2eb_StateSignal_XLE,0.0,0.0,1.037979335832254,1.037979335832254,0.0,0.0,0.0,-0.0
2025-03-28 20:00:00+00:00,20260126_001632_c771f2eb_StateSignal_XLE,0.0,0.0,1.037979335832254,1.037979335832254,0.0,0.0,0.0,-0.0
2025-03-31 20:00:00+00:00,20260126_001632_c771f2eb_StateSignal_XLE,0.0,0.0,1.037979335832254,1.037979335832254,0.0,0.0,0.0,0.0
2025-04-01 20:00:00+00:00,20260126_001632_c771f2eb_StateSignal_XLE,0.010526412986987716,0.010526412986987716,1.0489055349931835,1.0489055349931835,0.0,0.0,1.0,0.010526412986987716
2025-04-02 20:00:00+00:00,20260126_001632_c771f2eb_StateSignal_XLE,0.0006542362025960831,0.0006542362025960831,1.0495917669672794,1.0495917669672794,0.0,0.0,1.0,0.0006542362025960831
2025-04-03 20:00:00+00:00,20260126_001632_c771f2eb_StateSignal_XLE,-0.03802915939921021,-0.03802915939921021,1.009676674357182,1.009676674357182,0.0,0.0,1.0,-0.03802915939921021
2025-04-04 20:00:00+00:00,20260126_001632_c771f2eb_StateSignal_XLE,-0.038671824638715074,-0.038671824638715074,0.9706306350646399,0.9706306350646399,0.0,0.0,1.0,-0.038671824638715074
2025-04-07 20:00:00+00:00,20260126_001632_c771f2eb_StateSignal_XLE,0.03787119234212565,0.03787119234212565,1.0073895745383323,1.0073895745383323,0.0,0.0,1.0,0.03787119234212565
2025-04-08 20:00:00+00:00,20260126_001632_c771f2eb_StateSignal_XLE,-0.04459170426202469,-0.04459170426202469,0.9624683565538721,0.9624683565538721,0.0,0.0,1.0,-0.04459170426202469
2025-04-09 20:00:00+00:00,20260126_001632_c771f2eb_StateSignal_XLE,0.03445934333905347,0.03445934333905347,0.9956343841053364,0.9956343841053364,0.0,0.0,1.0,0.03445934333905347
2025-04-10 20:00:00+00:00,20260126_001632_c771f2eb_StateSignal_XLE,-0.024978293486755274,-0.024978293486755274,0.9707651362536485,0.9707651362536485,0.0,0.0,1.0,-0.024978293486755274
2025-04-11 20:00:00+00:00,20260126_001632_c771f2eb_StateSignal_XLE,0.024725089085511152,0.024725089085511152,0.9947673907286282,0.9947673907286282,0.0,0.0,1.0,0.024725089085511152
2025-04-14 20:00:00+00:00,20260126_001632_c771f2eb_StateSignal_XLE,0.002594708253872624,0.002594708253872624,0.9973485218880351,0.9973485218880351,0.0,0.0,1.0,0.002594708253872624
2025-04-15 20:00:00+00:00,20260126_001632_c771f2eb_StateSignal_XLE,-0.012630661535553056,-0.012630661535553056,0.9847513502750832,0.9847513502750832,0.0,0.0,1.0,-0.012630661535553056
2025-04-16 20:00:00+00:00,20260126_001632_c771f2eb_StateSignal_XLE,0.008266644854793219,0.008266644854793219,0.9928919399580854,0.9928919399580854,0.0,0.0,1.0,0.008266644854793219
2025-04-17 20:00:00+00:00,20260126_001632_c771f2eb_StateSignal_XLE,0.022135492259538977,0.022135492259538977,1.0148700918095863,1.0148700918095863,0.0,0.0,1.0,0.022135492259538977
2025-04-21 20:00:00+00:00,20260126_001632_c771f2eb_StateSignal_XLE,-0.010797020055001199,-0.010797020055001199,1.0039125190750973,1.0039125190750973,0.0,0.0,1.0,-0.010797020055001199
2025-04-22 20:00:00+00:00,20260126_001632_c771f2eb_StateSignal_XLE,0.009617892414178923,0.009617892414178923,1.013568041676809,1.013568041676809,0.0,0.0,1.0,0.009617892414178923
2025-04-23 20:00:00+00:00,20260126_001632_c771f2eb_StateSignal_XLE,-0.01079734281319476,-0.01079734281319476,1.002624200066326,1.002624200066326,0.0,0.0,1.0,-0.01079734281319476
2025-04-24 20:00:00+00:00,20260126_001632_c771f2eb_StateSignal_XLE,0.014785383991149975,0.014785383991149975,1.017448383863126,1.017448383863126,0.0,0.0,1.0,0.014785383991149975
2025-04-25 20:00:00+00:00,20260126_001632_c771f2eb_StateSignal_XLE,0.002992520936454165,0.002992520936454165,1.0204931194535978,1.0204931194535978,0.0,0.0,1.0,0.002992520936454165
2025-04-28 20:00:00+00:00,20260126_001632_c771f2eb_StateSignal_XLE,0.0017328881672714028,0.0017328881672714028,1.0222615199050809,1.0222615199050809,0.0,0.0,1.0,0.0017328881672714028
2025-04-29 20:00:00+00:00,20260126_001632_c771f2eb_StateSignal_XLE,-0.0034687844494233006,-0.0034687844494233006,1.0187155150415903,1.0187155150415903,0.0,0.0,1.0,-0.0034687844494233006
2025-04-30 20:00:00+00:00,20260126_001632_c771f2eb_StateSignal_XLE,0.0020418588002698735,0.0020418588002698735,1.0207955882809496,1.0207955882809496,0.0,0.0,1.0,0.0020418588002698735
2025-05-01 20:00:00+00:00,20260126_001632_c771f2eb_StateSignal_XLE,0.004578995535687815,0.004578995535687815,1.0254698067225378,1.0254698067225378,0.0,0.0,1.0,0.004578995535687815
2025-05-02 20:00:00+00:00,20260126_001632_c771f2eb_StateSignal_XLE,0.011066511329783164,0.011066511329783164,1.0368181799569833,1.0368181799569833,0.0,0.0,1.0,0.011066511329783164
2025-05-05 20:00:00+00:00,20260126_001632_c771f2eb_StateSignal_XLE,0.0017850317120228865,0.0017850317120228865,1.0386689332878085,1.0386689332878085,0.0,0.0,1.0,0.0017850317120228865
2025-05-06 20:00:00+00:00,20260126_001632_c771f2eb_StateSignal_XLE,-0.001018848789102683,-0.001018848789102683,1.0376106867028496,1.0376106867028496,0.0,0.0,1.0,-0.001018848789102683
2025-05-07 20:00:00+00:00,20260126_001632_c771f2eb_StateSignal_XLE,0.0005095541511526969,0.0005095541511526969,1.0381394055355393,1.0381394055355393,0.0,0.0,1.0,0.0005095541511526969
2025-05-08 20:00:00+00:00,20260126_001632_c771f2eb_StateSignal_XLE,-0.0035122966362925645,-0.0035122966362925645,1.034493151993474,1.034493151993474,0.0,0.0,1.0,-0.0035122966362925645
2025-05-09 20:00:00+00:00,20260126_001632_c771f2eb_StateSignal_XLE,0.01000258402227246,0.01000258402227246,1.0448407566667541,1.0448407566667541,0.0,0.0,1.0,0.01000258402227246
2025-05-12 20:00:00+00:00,20260126_001632_c771f2eb_StateSignal_XLE,-0.010375289114017427,-0.010375289114017427,1.0340002317382277,1.0340002317382277,0.0,0.0,1.0,-0.010375289114017427
2025-05-13 20:00:00+00:00,20260126_001632_c771f2eb_StateSignal_XLE,0.008408457949406251,0.008408457949406251,1.0426945792064748,1.0426945792064748,0.0,0.0,1.0,0.008408457949406251
2025-05-14 20:00:00+00:00,20260126_001632_c771f2eb_StateSignal_XLE,0.0,0.0,1.0426945792064748,1.0426945792064748,0.0,0.0,0.0,0.0
2025-05-15 20:00:00+00:00,20260126_001632_c771f2eb_StateSignal_XLE,0.0,0.0,1.0426945792064748,1.0426945792064748,0.0,0.0,0.0,0.0
2025-05-16 20:00:00+00:00,20260126_001632_c771f2eb_StateSignal_XLE,0.0,0.0,1.0426945792064748,1.0426945792064748,0.0,0.0,0.0,0.0
2025-05-19 20:00:00+00:00,20260126_001632_c771f2eb_StateSignal_XLE,0.0,0.0,1.0426945792064748,1.0426945792064748,0.0,0.0,0.0,0.0
2025-05-20 20:00:00+00:00,20260126_001632_c771f2eb_StateSignal_XLE,0.0,0.0,1.0426945792064748,1.0426945792064748,0.0,0.0,0.0,-0.0
2025-05-21 20:00:00+00:00,20260126_001632_c771f2eb_StateSignal_XLE,0.0,0.0,1.0426945792064748,1.0426945792064748,0.0,0.0,0.0,-0.0
2025-05-22 20:00:00+00:00,20260126_001632_c771f2eb_StateSignal_XLE,0.0,0.0,1.0426945792064748,1.0426945792064748,0.0,0.0,0.0,0.0
2025-05-23 20:00:00+00:00,20260126_001632_c771f2eb_StateSignal_XLE,0.005772383953845206,0.005772383953845206,1.0487134126642477,1.0487134126642477,0.0,0.0,1.0,0.005772383953845206
2025-05-27 20:00:00+00:00,20260126_001632_c771f2eb_StateSignal_XLE,0.004971424606451202,0.004971424606451202,1.053927012329082,1.053927012329082,0.0,0.0,1.0,0.004971424606451202
2025-05-28 20:00:00+00:00,20260126_001632_c771f2eb_StateSignal_XLE,-0.010991866852346514,-0.010991866852346514,1.0423423869374693,1.0423423869374693,0.0,0.0,1.0,-0.010991866852346514
2025-05-29 20:00:00+00:00,20260126_001632_c771f2eb_StateSignal_XLE,0.0,0.0,1.0423423869374693,1.0423423869374693,0.0,0.0,0.0,0.0
2025-05-30 20:00:00+00:00,20260126_001632_c771f2eb_StateSignal_XLE,0.0,0.0,1.0423423869374693,1.0423423869374693,0.0,0.0,0.0,-0.0
2025-06-02 20:00:00+00:00,20260126_001632_c771f2eb_StateSignal_XLE,0.0,0.0,1.0423423869374693,1.0423423869374693,0.0,0.0,0.0,0.0
2025-06-03 20:00:00+00:00,20260126_001632_c771f2eb_StateSignal_XLE,0.0,0.0,1.0423423869374693,1.0423423869374693,0.0,0.0,0.0,0.0
2025-06-04 20:00:00+00:00,20260126_001632_c771f2eb_StateSignal_XLE,0.0,0.0,1.0423423869374693,1.0423423869374693,0.0,0.0,0.0,-0.0
2025-06-05 20:00:00+00:00,20260126_001632_c771f2eb_StateSignal_XLE,0.0,0.0,1.0423423869374693,1.0423423869374693,0.0,0.0,0.0,-0.0
2025-06-06 20:00:00+00:00,20260126_001632_c771f2eb_StateSignal_XLE,0.0,0.0,1.0423423869374693,1.0423423869374693,0.0,0.0,0.0,0.0
2025-06-09 20:00:00+00:00,20260126_001632_c771f2eb_StateSignal_XLE,0.0,0.0,1.0423423869374693,1.0423423869374693,0.0,0.0,0.0,-0.0
2025-06-10 20:00:00+00:00,20260126_001632_c771f2eb_StateSignal_XLE,0.0,0.0,1.0423423869374693,1.0423423869374693,0.0,0.0,0.0,0.0
2025-06-11 20:00:00+00:00,20260126_001632_c771f2eb_StateSignal_XLE,0.0,0.0,1.0423423869374693,1.0423423869374693,0.0,0.0,0.0,0.0
2025-06-12 20:00:00+00:00,20260126_001632_c771f2eb_StateSignal_XLE,0.0,0.0,1.0423423869374693,1.0423423869374693,0.0,0.0,0.0,0.0
2025-06-13 20:00:00+00:00,20260126_001632_c771f2eb_StateSignal_XLE,0.0,0.0,1.0423423869374693,1.0423423869374693,0.0,0.0,0.0,0.0
2025-06-16 20:00:00+00:00,20260126_001632_c771f2eb_StateSignal_XLE,0.0,0.0,1.0423423869374693,1.0423423869374693,0.0,0.0,0.0,-0.0
2025-06-17 20:00:00+00:00,20260126_001632_c771f2eb_StateSignal_XLE,-0.003232512627721053,-0.003232512627721053,1.0389730020092849,1.0389730020092849,0.0,0.0,1.0,-0.003232512627721053
2025-06-18 20:00:00+00:00,20260126_001632_c771f2eb_StateSignal_XLE,0.0,0.0,1.0389730020092849,1.0389730020092849,0.0,0.0,0.0,-0.0
2025-06-20 20:00:00+00:00,20260126_001632_c771f2eb_StateSignal_XLE,0.009731309417010297,0.009731309417010297,1.0490835697677574,1.0490835697677574,0.0,0.0,1.0,0.009731309417010297
2025-06-23 20:00:00+00:00,20260126_001632_c771f2eb_StateSignal_XLE,-0.02545379684523822,-0.02545379684523822,1.0223804097092117,1.0223804097092117,0.0,0.0,1.0,-0.02545379684523822
2025-06-24 20:00:00+00:00,20260126_001632_c771f2eb_StateSignal_XLE,-0.007161644359695331,-0.007161644359695331,1.0150584848145547,1.0150584848145547,0.0,0.0,1.0,-0.007161644359695331
2025-06-25 20:00:00+00:00,20260126_001632_c771f2eb_StateSignal_XLE,0.0014447389943743852,0.0014447389943743852,1.0165249793891369,1.0165249793891369,0.0,0.0,1.0,0.0014447389943743852
2025-06-26 20:00:00+00:00,20260126_001632_c771f2eb_StateSignal_XLE,0.0,0.0,1.0165249793891369,1.0165249793891369,0.0,0.0,0.0,0.0
2025-06-27 20:00:00+00:00,20260126_001632_c771f2eb_StateSignal_XLE,0.0,0.0,1.0165249793891369,1.0165249793891369,0.0,0.0,0.0,-0.0
2025-06-30 20:00:00+00:00,20260126_001632_c771f2eb_StateSignal_XLE,0.0,0.0,1.0165249793891369,1.0165249793891369,0.0,0.0,0.0,-0.0
2025-07-01 20:00:00+00:00,20260126_001632_c771f2eb_StateSignal_XLE,0.0,0.0,1.0165249793891369,1.0165249793891369,0.0,0.0,0.0,0.0
2025-07-02 20:00:00+00:00,20260126_001632_c771f2eb_StateSignal_XLE,0.0,0.0,1.0165249793891369,1.0165249793891369,0.0,0.0,0.0,0.0
2025-07-03 20:00:00+00:00,20260126_001632_c771f2eb_StateSignal_XLE,0.0,0.0,1.0165249793891369,1.0165249793891369,0.0,0.0,0.0,0.0
2025-07-07 20:00:00+00:00,20260126_001632_c771f2eb_StateSignal_XLE,0.0,0.0,1.0165249793891369,1.0165249793891369,0.0,0.0,0.0,-0.0
2025-07-08 20:00:00+00:00,20260126_001632_c771f2eb_StateSignal_XLE,0.0,0.0,1.0165249793891369,1.0165249793891369,0.0,0.0,0.0,0.0
2025-07-09 20:00:00+00:00,20260126_001632_c771f2eb_StateSignal_XLE,0.0,0.0,1.0165249793891369,1.0165249793891369,0.0,0.0,0.0,-0.0
2025-07-10 20:00:00+00:00,20260126_001632_c771f2eb_StateSignal_XLE,0.0,0.0,1.0165249793891369,1.0165249793891369,0.0,0.0,0.0,0.0
2025-07-11 20:00:00+00:00,20260126_001632_c771f2eb_StateSignal_XLE,0.0,0.0,1.0165249793891369,1.0165249793891369,0.0,0.0,0.0,0.0
2025-07-14 20:00:00+00:00,20260126_001632_c771f2eb_StateSignal_XLE,0.0,0.0,1.0165249793891369,1.0165249793891369,0.0,0.0,0.0,-0.0
2025-07-15 20:00:00+00:00,20260126_001632_c771f2eb_StateSignal_XLE,0.0,0.0,1.0165249793891369,1.0165249793891369,0.0,0.0,0.0,-0.0
2025-07-16 20:00:00+00:00,20260126_001632_c771f2eb_StateSignal_XLE,0.0,0.0,1.0165249793891369,1.0165249793891369,0.0,0.0,0.0,-0.0
2025-07-17 20:00:00+00:00,20260126_001632_c771f2eb_StateSignal_XLE,0.0,0.0,1.0165249793891369,1.0165249793891369,0.0,0.0,0.0,0.0
2025-07-18 20:00:00+00:00,20260126_001632_c771f2eb_StateSignal_XLE,0.0,0.0,1.0165249793891369,1.0165249793891369,0.0,0.0,0.0,-0.0
2025-07-21 20:00:00+00:00,20260126_001632_c771f2eb_StateSignal_XLE,0.0,0.0,1.0165249793891369,1.0165249793891369,0.0,0.0,0.0,-0.0
2025-07-22 20:00:00+00:00,20260126_001632_c771f2eb_StateSignal_XLE,0.0,0.0,1.0165249793891369,1.0165249793891369,0.0,0.0,0.0,-0.0
2025-07-23 20:00:00+00:00,20260126_001632_c771f2eb_StateSignal_XLE,0.0,0.0,1.0165249793891369,1.0165249793891369,0.0,0.0,0.0,0.0
2025-07-24 20:00:00+00:00,20260126_001632_c771f2eb_StateSignal_XLE,0.0,0.0,1.0165249793891369,1.0165249793891369,0.0,0.0,0.0,0.0
2025-07-25 20:00:00+00:00,20260126_001632_c771f2eb_StateSignal_XLE,0.0,0.0,1.0165249793891369,1.0165249793891369,0.0,0.0,0.0,-0.0
2025-07-28 20:00:00+00:00,20260126_001632_c771f2eb_StateSignal_XLE,0.0,0.0,1.0165249793891369,1.0165249793891369,0.0,0.0,0.0,0.0
2025-07-29 20:00:00+00:00,20260126_001632_c771f2eb_StateSignal_XLE,0.0,0.0,1.0165249793891369,1.0165249793891369,0.0,0.0,0.0,0.0
2025-07-30 20:00:00+00:00,20260126_001632_c771f2eb_StateSignal_XLE,0.0,0.0,1.0165249793891369,1.0165249793891369,0.0,0.0,0.0,-0.0
2025-07-31 20:00:00+00:00,20260126_001632_c771f2eb_StateSignal_XLE,0.0,0.0,1.0165249793891369,1.0165249793891369,0.0,0.0,0.0,-0.0
2025-08-01 20:00:00+00:00,20260126_001632_c771f2eb_StateSignal_XLE,0.0,0.0,1.0165249793891369,1.0165249793891369,0.0,0.0,0.0,-0.0
2025-08-04 20:00:00+00:00,20260126_001632_c771f2eb_StateSignal_XLE,0.0,0.0,1.0165249793891369,1.0165249793891369,0.0,0.0,0.0,-0.0
2025-08-05 20:00:00+00:00,20260126_001632_c771f2eb_StateSignal_XLE,0.0,0.0,1.0165249793891369,1.0165249793891369,0.0,0.0,0.0,0.0
2025-08-06 20:00:00+00:00,20260126_001632_c771f2eb_StateSignal_XLE,0.0,0.0,1.0165249793891369,1.0165249793891369,0.0,0.0,0.0,-0.0
2025-08-07 20:00:00+00:00,20260126_001632_c771f2eb_StateSignal_XLE,0.0,0.0,1.0165249793891369,1.0165249793891369,0.0,0.0,0.0,-0.0
2025-08-08 20:00:00+00:00,20260126_001632_c771f2eb_StateSignal_XLE,0.0,0.0,1.0165249793891369,1.0165249793891369,0.0,0.0,0.0,0.0
2025-08-11 20:00:00+00:00,20260126_001632_c771f2eb_StateSignal_XLE,0.0,0.0,1.0165249793891369,1.0165249793891369,0.0,0.0,0.0,-0.0
2025-08-12 20:00:00+00:00,20260126_001632_c771f2eb_StateSignal_XLE,0.0,0.0,1.0165249793891369,1.0165249793891369,0.0,0.0,0.0,0.0
2025-08-13 20:00:00+00:00,20260126_001632_c771f2eb_StateSignal_XLE,0.0,0.0,1.0165249793891369,1.0165249793891369,0.0,0.0,0.0,0.0
2025-08-14 20:00:00+00:00,20260126_001632_c771f2eb_StateSignal_XLE,0.0,0.0,1.0165249793891369,1.0165249793891369,0.0,0.0,0.0,0.0
2025-08-15 20:00:00+00:00,20260126_001632_c771f2eb_StateSignal_XLE,0.0,0.0,1.0165249793891369,1.0165249793891369,0.0,0.0,0.0,-0.0
2025-08-18 20:00:00+00:00,20260126_001632_c771f2eb_StateSignal_XLE,0.0,0.0,1.0165249793891369,1.0165249793891369,0.0,0.0,0.0,0.0
2025-08-19 20:00:00+00:00,20260126_001632_c771f2eb_StateSignal_XLE,0.0,0.0,1.0165249793891369,1.0165249793891369,0.0,0.0,0.0,-0.0
2025-08-20 20:00:00+00:00,20260126_001632_c771f2eb_StateSignal_XLE,0.0,0.0,1.0165249793891369,1.0165249793891369,0.0,0.0,0.0,0.0
2025-08-21 20:00:00+00:00,20260126_001632_c771f2eb_StateSignal_XLE,0.0,0.0,1.0165249793891369,1.0165249793891369,0.0,0.0,0.0,0.0
2025-08-22 20:00:00+00:00,20260126_001632_c771f2eb_StateSignal_XLE,0.0,0.0,1.0165249793891369,1.0165249793891369,0.0,0.0,0.0,0.0
2025-08-25 20:00:00+00:00,20260126_001632_c771f2eb_StateSignal_XLE,0.0,0.0,1.0165249793891369,1.0165249793891369,0.0,0.0,0.0,0.0
2025-08-26 20:00:00+00:00,20260126_001632_c771f2eb_StateSignal_XLE,0.0,0.0,1.0165249793891369,1.0165249793891369,0.0,0.0,0.0,0.0
2025-08-27 20:00:00+00:00,20260126_001632_c771f2eb_StateSignal_XLE,0.0,0.0,1.0165249793891369,1.0165249793891369,0.0,0.0,0.0,0.0
2025-08-28 20:00:00+00:00,20260126_001632_c771f2eb_StateSignal_XLE,0.0,0.0,1.0165249793891369,1.0165249793891369,0.0,0.0,0.0,0.0
2025-08-29 20:00:00+00:00,20260126_001632_c771f2eb_StateSignal_XLE,0.0,0.0,1.0165249793891369,1.0165249793891369,0.0,0.0,0.0,-0.0
2025-09-02 20:00:00+00:00,20260126_001632_c771f2eb_StateSignal_XLE,0.0,0.0,1.0165249793891369,1.0165249793891369,0.0,0.0,0.0,0.0
2025-09-03 20:00:00+00:00,20260126_001632_c771f2eb_StateSignal_XLE,0.0,0.0,1.0165249793891369,1.0165249793891369,0.0,0.0,0.0,-0.0
2025-09-04 20:00:00+00:00,20260126_001632_c771f2eb_StateSignal_XLE,0.0,0.0,1.0165249793891369,1.0165249793891369,0.0,0.0,0.0,0.0
2025-09-05 20:00:00+00:00,20260126_001632_c771f2eb_StateSignal_XLE,0.0,0.0,1.0165249793891369,1.0165249793891369,0.0,0.0,0.0,-0.0
2025-09-08 20:00:00+00:00,20260126_001632_c771f2eb_StateSignal_XLE,0.0,0.0,1.0165249793891369,1.0165249793891369,0.0,0.0,0.0,-0.0
2025-09-09 20:00:00+00:00,20260126_001632_c771f2eb_StateSignal_XLE,0.0,0.0,1.0165249793891369,1.0165249793891369,0.0,0.0,0.0,-0.0
2025-09-10 20:00:00+00:00,20260126_001632_c771f2eb_StateSignal_XLE,0.0,0.0,1.0165249793891369,1.0165249793891369,0.0,0.0,0.0,0.0
2025-09-11 20:00:00+00:00,20260126_001632_c771f2eb_StateSignal_XLE,0.0,0.0,1.0165249793891369,1.0165249793891369,0.0,0.0,0.0,0.0
2025-09-12 20:00:00+00:00,20260126_001632_c771f2eb_StateSignal_XLE,0.0,0.0,1.0165249793891369,1.0165249793891369,0.0,0.0,0.0,-0.0
2025-09-15 20:00:00+00:00,20260126_001632_c771f2eb_StateSignal_XLE,0.0,0.0,1.0165249793891369,1.0165249793891369,0.0,0.0,0.0,0.0
2025-09-16 20:00:00+00:00,20260126_001632_c771f2eb_StateSignal_XLE,0.0,0.0,1.0165249793891369,1.0165249793891369,0.0,0.0,0.0,0.0
2025-09-17 20:00:00+00:00,20260126_001632_c771f2eb_StateSignal_XLE,0.0,0.0,1.0165249793891369,1.0165249793891369,0.0,0.0,0.0,-0.0
2025-09-18 20:00:00+00:00,20260126_001632_c771f2eb_StateSignal_XLE,0.0,0.0,1.0165249793891369,1.0165249793891369,0.0,0.0,0.0,-0.0
2025-09-19 20:00:00+00:00,20260126_001632_c771f2eb_StateSignal_XLE,0.0,0.0,1.0165249793891369,1.0165249793891369,0.0,0.0,0.0,-0.0
2025-09-22 20:00:00+00:00,20260126_001632_c771f2eb_StateSignal_XLE,0.0,0.0,1.0165249793891369,1.0165249793891369,0.0,0.0,0.0,0.0
2025-09-23 20:00:00+00:00,20260126_001632_c771f2eb_StateSignal_XLE,0.0,0.0,1.0165249793891369,1.0165249793891369,0.0,0.0,0.0,0.0
2025-09-24 20:00:00+00:00,20260126_001632_c771f2eb_StateSignal_XLE,0.0,0.0,1.0165249793891369,1.0165249793891369,0.0,0.0,0.0,-0.0
2025-09-25 20:00:00+00:00,20260126_001632_c771f2eb_StateSignal_XLE,0.0,0.0,1.0165249793891369,1.0165249793891369,0.0,0.0,0.0,0.0
2025-09-26 20:00:00+00:00,20260126_001632_c771f2eb_StateSignal_XLE,0.0,0.0,1.0165249793891369,1.0165249793891369,0.0,0.0,0.0,-0.0
2025-09-29 20:00:00+00:00,20260126_001632_c771f2eb_StateSignal_XLE,0.0,0.0,1.0165249793891369,1.0165249793891369,0.0,0.0,0.0,-0.0
2025-09-30 20:00:00+00:00,20260126_001632_c771f2eb_StateSignal_XLE,0.0,0.0,1.0165249793891369,1.0165249793891369,0.0,0.0,0.0,-0.0
2025-10-01 20:00:00+00:00,20260126_001632_c771f2eb_StateSignal_XLE,0.0,0.0,1.0165249793891369,1.0165249793891369,0.0,0.0,0.0,0.0
2025-10-02 20:00:00+00:00,20260126_001632_c771f2eb_StateSignal_XLE,0.0,0.0,1.0165249793891369,1.0165249793891369,0.0,0.0,0.0,-0.0
2025-10-03 20:00:00+00:00,20260126_001632_c771f2eb_StateSignal_XLE,0.0,0.0,1.0165249793891369,1.0165249793891369,0.0,0.0,0.0,-0.0
2025-10-06 20:00:00+00:00,20260126_001632_c771f2eb_StateSignal_XLE,0.0,0.0,1.0165249793891369,1.0165249793891369,0.0,0.0,0.0,0.0
2025-10-07 20:00:00+00:00,20260126_001632_c771f2eb_StateSignal_XLE,0.0,0.0,1.0165249793891369,1.0165249793891369,0.0,0.0,0.0,0.0
2025-10-08 20:00:00+00:00,20260126_001632_c771f2eb_StateSignal_XLE,0.0,0.0,1.0165249793891369,1.0165249793891369,0.0,0.0,0.0,0.0
2025-10-09 20:00:00+00:00,20260126_001632_c771f2eb_StateSignal_XLE,0.0,0.0,1.0165249793891369,1.0165249793891369,0.0,0.0,0.0,-0.0
2025-10-10 20:00:00+00:00,20260126_001632_c771f2eb_StateSignal_XLE,0.0,0.0,1.0165249793891369,1.0165249793891369,0.0,0.0,0.0,-0.0
2025-10-13 20:00:00+00:00,20260126_001632_c771f2eb_StateSignal_XLE,0.0,0.0,1.0165249793891369,1.0165249793891369,0.0,0.0,0.0,0.0
2025-10-14 20:00:00+00:00,20260126_001632_c771f2eb_StateSignal_XLE,0.0,0.0,1.0165249793891369,1.0165249793891369,0.0,0.0,0.0,0.0
2025-10-15 20:00:00+00:00,20260126_001632_c771f2eb_StateSignal_XLE,0.0,0.0,1.0165249793891369,1.0165249793891369,0.0,0.0,0.0,-0.0
2025-10-16 20:00:00+00:00,20260126_001632_c771f2eb_StateSignal_XLE,0.0,0.0,1.0165249793891369,1.0165249793891369,0.0,0.0,0.0,-0.0
2025-10-17 20:00:00+00:00,20260126_001632_c771f2eb_StateSignal_XLE,0.0,0.0,1.0165249793891369,1.0165249793891369,0.0,0.0,0.0,0.0
2025-10-20 20:00:00+00:00,20260126_001632_c771f2eb_StateSignal_XLE,0.0,0.0,1.0165249793891369,1.0165249793891369,0.0,0.0,0.0,0.0
2025-10-21 20:00:00+00:00,20260126_001632_c771f2eb_StateSignal_XLE,0.0,0.0,1.0165249793891369,1.0165249793891369,0.0,0.0,0.0,-0.0
2025-10-22 20:00:00+00:00,20260126_001632_c771f2eb_StateSignal_XLE,0.0,0.0,1.0165249793891369,1.0165249793891369,0.0,0.0,0.0,0.0
2025-10-23 20:00:00+00:00,20260126_001632_c771f2eb_StateSignal_XLE,0.0,0.0,1.0165249793891369,1.0165249793891369,0.0,0.0,0.0,0.0
2025-10-24 20:00:00+00:00,20260126_001632_c771f2eb_StateSignal_XLE,0.0,0.0,1.0165249793891369,1.0165249793891369,0.0,0.0,0.0,-0.0
2025-10-27 20:00:00+00:00,20260126_001632_c771f2eb_StateSignal_XLE,0.0,0.0,1.0165249793891369,1.0165249793891369,0.0,0.0,0.0,-0.0
2025-10-28 20:00:00+00:00,20260126_001632_c771f2eb_StateSignal_XLE,0.0,0.0,1.0165249793891369,1.0165249793891369,0.0,0.0,0.0,-0.0
2025-10-29 20:00:00+00:00,20260126_001632_c771f2eb_StateSignal_XLE,0.0,0.0,1.0165249793891369,1.0165249793891369,0.0,0.0,0.0,0.0
2025-10-30 20:00:00+00:00,20260126_001632_c771f2eb_StateSignal_XLE,0.0,0.0,1.0165249793891369,1.0165249793891369,0.0,0.0,0.0,-0.0
2025-10-31 20:00:00+00:00,20260126_001632_c771f2eb_StateSignal_XLE,0.0,0.0,1.0165249793891369,1.0165249793891369,0.0,0.0,0.0,0.0
2025-11-03 21:00:00+00:00,20260126_001632_c771f2eb_StateSignal_XLE,0.0,0.0,1.0165249793891369,1.0165249793891369,0.0,0.0,0.0,0.0
2025-11-04 21:00:00+00:00,20260126_001632_c771f2eb_StateSignal_XLE,0.0,0.0,1.0165249793891369,1.0165249793891369,0.0,0.0,0.0,0.0
2025-11-05 21:00:00+00:00,20260126_001632_c771f2eb_StateSignal_XLE,0.0,0.0,1.0165249793891369,1.0165249793891369,0.0,0.0,0.0,-0.0
2025-11-06 21:00:00+00:00,20260126_001632_c771f2eb_StateSignal_XLE,0.0,0.0,1.0165249793891369,1.0165249793891369,0.0,0.0,0.0,-0.0
2025-11-07 21:00:00+00:00,20260126_001632_c771f2eb_StateSignal_XLE,0.0,0.0,1.0165249793891369,1.0165249793891369,0.0,0.0,0.0,0.0
2025-11-10 21:00:00+00:00,20260126_001632_c771f2eb_StateSignal_XLE,0.0,0.0,1.0165249793891369,1.0165249793891369,0.0,0.0,0.0,0.0
2025-11-11 21:00:00+00:00,20260126_001632_c771f2eb_StateSignal_XLE,0.0,0.0,1.0165249793891369,1.0165249793891369,0.0,0.0,0.0,0.0
2025-11-12 21:00:00+00:00,20260126_001632_c771f2eb_StateSignal_XLE,0.0,0.0,1.0165249793891369,1.0165249793891369,0.0,0.0,0.0,-0.0
2025-11-13 21:00:00+00:00,20260126_001632_c771f2eb_StateSignal_XLE,0.0,0.0,1.0165249793891369,1.0165249793891369,0.0,0.0,0.0,-0.0
2025-11-14 21:00:00+00:00,20260126_001632_c771f2eb_StateSignal_XLE,0.0,0.0,1.0165249793891369,1.0165249793891369,0.0,0.0,0.0,0.0
2025-11-17 21:00:00+00:00,20260126_001632_c771f2eb_StateSignal_XLE,0.0,0.0,1.0165249793891369,1.0165249793891369,0.0,0.0,0.0,-0.0
2025-11-18 21:00:00+00:00,20260126_001632_c771f2eb_StateSignal_XLE,0.0,0.0,1.0165249793891369,1.0165249793891369,0.0,0.0,0.0,0.0
2025-11-19 21:00:00+00:00,20260126_001632_c771f2eb_StateSignal_XLE,0.0,0.0,1.0165249793891369,1.0165249793891369,0.0,0.0,0.0,0.0
2025-11-20 21:00:00+00:00,20260126_001632_c771f2eb_StateSignal_XLE,0.0,0.0,1.0165249793891369,1.0165249793891369,0.0,0.0,0.0,-0.0
2025-11-21 21:00:00+00:00,20260126_001632_c771f2eb_StateSignal_XLE,0.0,0.0,1.0165249793891369,1.0165249793891369,0.0,0.0,0.0,0.0
2025-11-24 21:00:00+00:00,20260126_001632_c771f2eb_StateSignal_XLE,0.0,0.0,1.0165249793891369,1.0165249793891369,0.0,0.0,0.0,0.0
2025-11-25 21:00:00+00:00,20260126_001632_c771f2eb_StateSignal_XLE,0.0,0.0,1.0165249793891369,1.0165249793891369,0.0,0.0,0.0,-0.0
2025-11-26 21:00:00+00:00,20260126_001632_c771f2eb_StateSignal_XLE,0.0,0.0,1.0165249793891369,1.0165249793891369,0.0,0.0,0.0,0.0
2025-11-28 21:00:00+00:00,20260126_001632_c771f2eb_StateSignal_XLE,0.0,0.0,1.0165249793891369,1.0165249793891369,0.0,0.0,0.0,0.0
2025-12-01 21:00:00+00:00,20260126_001632_c771f2eb_StateSignal_XLE,0.0,0.0,1.0165249793891369,1.0165249793891369,0.0,0.0,0.0,-0.0
2025-12-02 21:00:00+00:00,20260126_001632_c771f2eb_StateSignal_XLE,0.0,0.0,1.0165249793891369,1.0165249793891369,0.0,0.0,0.0,0.0
2025-12-03 21:00:00+00:00,20260126_001632_c771f2eb_StateSignal_XLE,0.0,0.0,1.0165249793891369,1.0165249793891369,0.0,0.0,0.0,0.0
2025-12-04 21:00:00+00:00,20260126_001632_c771f2eb_StateSignal_XLE,0.0,0.0,1.0165249793891369,1.0165249793891369,0.0,0.0,0.0,0.0
2025-12-05 21:00:00+00:00,20260126_001632_c771f2eb_StateSignal_XLE,0.0,0.0,1.0165249793891369,1.0165249793891369,0.0,0.0,0.0,-0.0
2025-12-08 21:00:00+00:00,20260126_001632_c771f2eb_StateSignal_XLE,0.0,0.0,1.0165249793891369,1.0165249793891369,0.0,0.0,0.0,-0.0
2025-12-09 21:00:00+00:00,20260126_001632_c771f2eb_StateSignal_XLE,0.0,0.0,1.0165249793891369,1.0165249793891369,0.0,0.0,0.0,-0.0
2025-12-10 21:00:00+00:00,20260126_001632_c771f2eb_StateSignal_XLE,0.0,0.0,1.0165249793891369,1.0165249793891369,0.0,0.0,0.0,0.0
2025-12-11 21:00:00+00:00,20260126_001632_c771f2eb_StateSignal_XLE,0.0,0.0,1.0165249793891369,1.0165249793891369,0.0,0.0,0.0,-0.0
2025-12-12 21:00:00+00:00,20260126_001632_c771f2eb_StateSignal_XLE,0.0,0.0,1.0165249793891369,1.0165249793891369,0.0,0.0,0.0,-0.0
2025-12-15 21:00:00+00:00,20260126_001632_c771f2eb_StateSignal_XLE,0.0,0.0,1.0165249793891369,1.0165249793891369,0.0,0.0,0.0,0.0
2025-12-16 21:00:00+00:00,20260126_001632_c771f2eb_StateSignal_XLE,0.0,0.0,1.0165249793891369,1.0165249793891369,0.0,0.0,0.0,-0.0
2025-12-17 21:00:00+00:00,20260126_001632_c771f2eb_StateSignal_XLE,0.0,0.0,1.0165249793891369,1.0165249793891369,0.0,0.0,0.0,0.0
2025-12-18 21:00:00+00:00,20260126_001632_c771f2eb_StateSignal_XLE,0.0,0.0,1.0165249793891369,1.0165249793891369,0.0,0.0,0.0,-0.0
2025-12-19 21:00:00+00:00,20260126_001632_c771f2eb_StateSignal_XLE,0.0,0.0,1.0165249793891369,1.0165249793891369,0.0,0.0,0.0,-0.0
2025-12-22 21:00:00+00:00,20260126_001632_c771f2eb_StateSignal_XLE,0.0,0.0,1.0165249793891369,1.0165249793891369,0.0,0.0,0.0,-0.0
2025-12-23 21:00:00+00:00,20260126_001632_c771f2eb_StateSignal_XLE,0.0,0.0,1.0165249793891369,1.0165249793891369,0.0,0.0,0.0,0.0
2025-12-24 21:00:00+00:00,20260126_001632_c771f2eb_StateSignal_XLE,0.0,0.0,1.0165249793891369,1.0165249793891369,0.0,0.0,0.0,-0.0
2025-12-26 21:00:00+00:00,20260126_001632_c771f2eb_StateSignal_XLE,0.0,0.0,1.0165249793891369,1.0165249793891369,0.0,0.0,0.0,-0.0
2025-12-29 21:00:00+00:00,20260126_001632_c771f2eb_StateSignal_XLE,0.0,0.0,1.0165249793891369,1.0165249793891369,0.0,0.0,0.0,0.0
2025-12-30 21:00:00+00:00,20260126_001632_c771f2eb_StateSignal_XLE,0.0,0.0,1.0165249793891369,1.0165249793891369,0.0,0.0,0.0,0.0
2025-12-31 21:00:00+00:00,20260126_001632_c771f2eb_StateSignal_XLE,0.0,0.0,1.0165249793891369,1.0165249793891369,0.0,0.0,0.0,-0.0
2026-01-02 21:00:00+00:00,20260126_001632_c771f2eb_StateSignal_XLE,0.0,0.0,1.0165249793891369,1.0165249793891369,0.0,0.0,0.0,0.0
2026-01-05 21:00:00+00:00,20260126_001632_c771f2eb_StateSignal_XLE,0.0,0.0,1.0165249793891369,1.0165249793891369,0.0,0.0,0.0,0.0
2026-01-06 21:00:00+00:00,20260126_001632_c771f2eb_StateSignal_XLE,0.0,0.0,1.0165249793891369,1.0165249793891369,0.0,0.0,0.0,-0.0
2026-01-07 21:00:00+00:00,20260126_001632_c771f2eb_StateSignal_XLE,0.0,0.0,1.0165249793891369,1.0165249793891369,0.0,0.0,0.0,-0.0
2026-01-08 21:00:00+00:00,20260126_001632_c771f2eb_StateSignal_XLE,0.0,0.0,1.0165249793891369,1.0165249793891369,0.0,0.0,0.0,0.0
2026-01-09 21:00:00+00:00,20260126_001632_c771f2eb_StateSignal_XLE,0.0,0.0,1.0165249793891369,1.0165249793891369,0.0,0.0,0.0,0.0
2026-01-12 21:00:00+00:00,20260126_001632_c771f2eb_StateSignal_XLE,0.0,0.0,1.0165249793891369,1.0165249793891369,0.0,0.0,0.0,-0.0
2026-01-13 21:00:00+00:00,20260126_001632_c771f2eb_StateSignal_XLE,0.0,0.0,1.0165249793891369,1.0165249793891369,0.0,0.0,0.0,0.0
2026-01-14 21:00:00+00:00,20260126_001632_c771f2eb_StateSignal_XLE,0.0,0.0,1.0165249793891369,1.0165249793891369,0.0,0.0,0.0,0.0
2026-01-15 21:00:00+00:00,20260126_001632_c771f2eb_StateSignal_XLE,0.0,0.0,1.0165249793891369,1.0165249793891369,0.0,0.0,0.0,-0.0
2026-01-16 21:00:00+00:00,20260126_001632_c771f2eb_StateSignal_XLE,0.0,0.0,1.0165249793891369,1.0165249793891369,0.0,0.0,0.0,0.0
