timestamp,run_id,port_ret_gross,port_ret_net,equity_gross,equity_net,turnover,cost,weight_XLE,asset_ret_gross_XLE
2021-01-05 00:00:00+00:00,20260201_193427_37b8d48a_StateSignal_XLE,0.0,0.0,1.0,1.0,0.0,0.0,0.0,-0.0
2021-01-06 00:00:00+00:00,20260201_193427_37b8d48a_StateSignal_XLE,0.0,0.0,1.0,1.0,0.0,0.0,0.0,0.0
2021-01-07 00:00:00+00:00,20260201_193427_37b8d48a_StateSignal_XLE,0.0,0.0,1.0,1.0,0.0,0.0,0.0,0.0
2021-01-08 00:00:00+00:00,20260201_193427_37b8d48a_StateSignal_XLE,0.0,0.0,1.0,1.0,0.0,0.0,0.0,0.0
2021-01-11 00:00:00+00:00,20260201_193427_37b8d48a_StateSignal_XLE,0.0,0.0,1.0,1.0,0.0,0.0,0.0,0.0
2021-01-12 00:00:00+00:00,20260201_193427_37b8d48a_StateSignal_XLE,0.0,0.0,1.0,1.0,0.0,0.0,0.0,0.0
2021-01-13 00:00:00+00:00,20260201_193427_37b8d48a_StateSignal_XLE,0.0,0.0,1.0,1.0,0.0,0.0,0.0,0.0
2021-01-14 00:00:00+00:00,20260201_193427_37b8d48a_StateSignal_XLE,0.0,0.0,1.0,1.0,0.0,0.0,0.0,-0.0
2021-01-15 00:00:00+00:00,20260201_193427_37b8d48a_StateSignal_XLE,0.0,0.0,1.0,1.0,0.0,0.0,0.0,0.0
2021-01-19 00:00:00+00:00,20260201_193427_37b8d48a_StateSignal_XLE,0.0,0.0,1.0,1.0,0.0,0.0,0.0,-0.0
2021-01-20 00:00:00+00:00,20260201_193427_37b8d48a_StateSignal_XLE,0.0,0.0,1.0,1.0,0.0,0.0,0.0,0.0
2021-01-21 00:00:00+00:00,20260201_193427_37b8d48a_StateSignal_XLE,0.0,0.0,1.0,1.0,0.0,0.0,0.0,-0.0
2021-01-22 00:00:00+00:00,20260201_193427_37b8d48a_StateSignal_XLE,0.0,0.0,1.0,1.0,0.0,0.0,0.0,-0.0
2021-01-25 00:00:00+00:00,20260201_193427_37b8d48a_StateSignal_XLE,0.0,0.0,1.0,1.0,0.0,0.0,0.0,-0.0
2021-01-26 00:00:00+00:00,20260201_193427_37b8d48a_StateSignal_XLE,0.0,0.0,1.0,1.0,0.0,0.0,0.0,-0.0
2021-01-27 00:00:00+00:00,20260201_193427_37b8d48a_StateSignal_XLE,0.0,0.0,1.0,1.0,0.0,0.0,0.0,-0.0
2021-01-28 00:00:00+00:00,20260201_193427_37b8d48a_StateSignal_XLE,0.0,0.0,1.0,1.0,0.0,0.0,0.0,-0.0
2021-01-29 00:00:00+00:00,20260201_193427_37b8d48a_StateSignal_XLE,0.0,0.0,1.0,1.0,0.0,0.0,0.0,-0.0
2021-02-01 00:00:00+00:00,20260201_193427_37b8d48a_StateSignal_XLE,0.0,0.0,1.0,1.0,0.0,0.0,0.0,-0.0
2021-02-02 00:00:00+00:00,20260201_193427_37b8d48a_StateSignal_XLE,0.0,0.0,1.0,1.0,0.0,0.0,0.0,-0.0
2021-02-03 00:00:00+00:00,20260201_193427_37b8d48a_StateSignal_XLE,0.0,0.0,1.0,1.0,0.0,0.0,0.0,0.0
2021-02-04 00:00:00+00:00,20260201_193427_37b8d48a_StateSignal_XLE,0.0,0.0,1.0,1.0,0.0,0.0,0.0,0.0
2021-02-05 00:00:00+00:00,20260201_193427_37b8d48a_StateSignal_XLE,0.0,0.0,1.0,1.0,0.0,0.0,0.0,0.0
2021-02-08 00:00:00+00:00,20260201_193427_37b8d48a_StateSignal_XLE,0.0,0.0,1.0,1.0,0.0,0.0,0.0,0.0
2021-02-09 00:00:00+00:00,20260201_193427_37b8d48a_StateSignal_XLE,0.0,0.0,1.0,1.0,0.0,0.0,0.0,0.0
2021-02-10 00:00:00+00:00,20260201_193427_37b8d48a_StateSignal_XLE,0.0,0.0,1.0,1.0,0.0,0.0,0.0,-0.0
2021-02-11 00:00:00+00:00,20260201_193427_37b8d48a_StateSignal_XLE,0.0,0.0,1.0,1.0,0.0,0.0,0.0,0.0
2021-02-12 00:00:00+00:00,20260201_193427_37b8d48a_StateSignal_XLE,0.0,0.0,1.0,1.0,0.0,0.0,0.0,-0.0
2021-02-16 00:00:00+00:00,20260201_193427_37b8d48a_StateSignal_XLE,0.0,0.0,1.0,1.0,0.0,0.0,0.0,0.0
2021-02-17 00:00:00+00:00,20260201_193427_37b8d48a_StateSignal_XLE,0.0,0.0,1.0,1.0,0.0,0.0,0.0,0.0
2021-02-18 00:00:00+00:00,20260201_193427_37b8d48a_StateSignal_XLE,0.0,0.0,1.0,1.0,0.0,0.0,0.0,0.0
2021-02-19 00:00:00+00:00,20260201_193427_37b8d48a_StateSignal_XLE,0.0,0.0,1.0,1.0,0.0,0.0,0.0,0.0
2021-02-22 00:00:00+00:00,20260201_193427_37b8d48a_StateSignal_XLE,0.0,0.0,1.0,1.0,0.0,0.0,0.0,0.0
2021-02-23 00:00:00+00:00,20260201_193427_37b8d48a_StateSignal_XLE,0.0,0.0,1.0,1.0,0.0,0.0,0.0,0.0
2021-02-24 00:00:00+00:00,20260201_193427_37b8d48a_StateSignal_XLE,0.0,0.0,1.0,1.0,0.0,0.0,0.0,-0.0
2021-02-25 00:00:00+00:00,20260201_193427_37b8d48a_StateSignal_XLE,0.0,0.0,1.0,1.0,0.0,0.0,0.0,0.0
2021-02-26 00:00:00+00:00,20260201_193427_37b8d48a_StateSignal_XLE,0.0,0.0,1.0,1.0,0.0,0.0,0.0,-0.0
2021-03-01 00:00:00+00:00,20260201_193427_37b8d48a_StateSignal_XLE,0.0,0.0,1.0,1.0,0.0,0.0,0.0,-0.0
2021-03-02 00:00:00+00:00,20260201_193427_37b8d48a_StateSignal_XLE,0.0,0.0,1.0,1.0,0.0,0.0,0.0,0.0
2021-03-03 00:00:00+00:00,20260201_193427_37b8d48a_StateSignal_XLE,0.0,0.0,1.0,1.0,0.0,0.0,0.0,-0.0
2021-03-04 00:00:00+00:00,20260201_193427_37b8d48a_StateSignal_XLE,0.0,0.0,1.0,1.0,0.0,0.0,0.0,0.0
2021-03-05 00:00:00+00:00,20260201_193427_37b8d48a_StateSignal_XLE,0.0,0.0,1.0,1.0,0.0,0.0,0.0,0.0
2021-03-08 00:00:00+00:00,20260201_193427_37b8d48a_StateSignal_XLE,0.0,0.0,1.0,1.0,0.0,0.0,0.0,0.0
2021-03-09 00:00:00+00:00,20260201_193427_37b8d48a_StateSignal_XLE,0.0,0.0,1.0,1.0,0.0,0.0,0.0,0.0
2021-03-10 00:00:00+00:00,20260201_193427_37b8d48a_StateSignal_XLE,0.0,0.0,1.0,1.0,0.0,0.0,0.0,0.0
2021-03-11 00:00:00+00:00,20260201_193427_37b8d48a_StateSignal_XLE,0.0,0.0,1.0,1.0,0.0,0.0,0.0,-0.0
2021-03-12 00:00:00+00:00,20260201_193427_37b8d48a_StateSignal_XLE,0.0,0.0,1.0,1.0,0.0,0.0,0.0,0.0
2021-03-15 00:00:00+00:00,20260201_193427_37b8d48a_StateSignal_XLE,0.0,0.0,1.0,1.0,0.0,0.0,0.0,-0.0
2021-03-16 00:00:00+00:00,20260201_193427_37b8d48a_StateSignal_XLE,0.0,0.0,1.0,1.0,0.0,0.0,0.0,-0.0
2021-03-17 00:00:00+00:00,20260201_193427_37b8d48a_StateSignal_XLE,0.0,0.0,1.0,1.0,0.0,0.0,0.0,-0.0
2021-03-18 00:00:00+00:00,20260201_193427_37b8d48a_StateSignal_XLE,0.0,0.0,1.0,1.0,0.0,0.0,0.0,-0.0
2021-03-19 00:00:00+00:00,20260201_193427_37b8d48a_StateSignal_XLE,0.0,0.0,1.0,1.0,0.0,0.0,0.0,-0.0
2021-03-22 00:00:00+00:00,20260201_193427_37b8d48a_StateSignal_XLE,0.0,0.0,1.0,1.0,0.0,0.0,0.0,-0.0
2021-03-23 00:00:00+00:00,20260201_193427_37b8d48a_StateSignal_XLE,0.0,0.0,1.0,1.0,0.0,0.0,0.0,-0.0
2021-03-24 00:00:00+00:00,20260201_193427_37b8d48a_StateSignal_XLE,0.0,0.0,1.0,1.0,0.0,0.0,0.0,-0.0
2021-03-25 00:00:00+00:00,20260201_193427_37b8d48a_StateSignal_XLE,0.0,0.0,1.0,1.0,0.0,0.0,0.0,0.0
2021-03-26 00:00:00+00:00,20260201_193427_37b8d48a_StateSignal_XLE,0.0,0.0,1.0,1.0,0.0,0.0,0.0,-0.0
2021-03-29 00:00:00+00:00,20260201_193427_37b8d48a_StateSignal_XLE,0.0,0.0,1.0,1.0,0.0,0.0,0.0,0.0
2021-03-30 00:00:00+00:00,20260201_193427_37b8d48a_StateSignal_XLE,0.0,0.0,1.0,1.0,0.0,0.0,0.0,0.0
2021-03-31 00:00:00+00:00,20260201_193427_37b8d48a_StateSignal_XLE,0.0,0.0,1.0,1.0,0.0,0.0,0.0,-0.0
2021-04-01 00:00:00+00:00,20260201_193427_37b8d48a_StateSignal_XLE,0.0,0.0,1.0,1.0,0.0,0.0,0.0,-0.0
2021-04-05 00:00:00+00:00,20260201_193427_37b8d48a_StateSignal_XLE,0.0,0.0,1.0,1.0,0.0,0.0,0.0,0.0
2021-04-06 00:00:00+00:00,20260201_193427_37b8d48a_StateSignal_XLE,0.0,0.0,1.0,1.0,0.0,0.0,0.0,0.0
2021-04-07 00:00:00+00:00,20260201_193427_37b8d48a_StateSignal_XLE,0.0,0.0,1.0,1.0,0.0,0.0,0.0,-0.0
2021-04-08 00:00:00+00:00,20260201_193427_37b8d48a_StateSignal_XLE,0.0,0.0,1.0,1.0,0.0,0.0,0.0,-0.0
2021-04-09 00:00:00+00:00,20260201_193427_37b8d48a_StateSignal_XLE,0.0,0.0,1.0,1.0,0.0,0.0,0.0,-0.0
2021-04-12 00:00:00+00:00,20260201_193427_37b8d48a_StateSignal_XLE,0.0,0.0,1.0,1.0,0.0,0.0,0.0,-0.0
2021-04-13 00:00:00+00:00,20260201_193427_37b8d48a_StateSignal_XLE,0.0,0.0,1.0,1.0,0.0,0.0,0.0,-0.0
2021-04-14 00:00:00+00:00,20260201_193427_37b8d48a_StateSignal_XLE,0.0,0.0,1.0,1.0,0.0,0.0,0.0,-0.0
2021-04-15 00:00:00+00:00,20260201_193427_37b8d48a_StateSignal_XLE,0.0,0.0,1.0,1.0,0.0,0.0,0.0,0.0
2021-04-16 00:00:00+00:00,20260201_193427_37b8d48a_StateSignal_XLE,0.0,0.0,1.0,1.0,0.0,0.0,0.0,-0.0
2021-04-19 00:00:00+00:00,20260201_193427_37b8d48a_StateSignal_XLE,0.0,0.0,1.0,1.0,0.0,0.0,0.0,-0.0
2021-04-20 00:00:00+00:00,20260201_193427_37b8d48a_StateSignal_XLE,0.0,0.0,1.0,1.0,0.0,0.0,0.0,-0.0
2021-04-21 00:00:00+00:00,20260201_193427_37b8d48a_StateSignal_XLE,0.0,0.0,1.0,1.0,0.0,0.0,0.0,-0.0
2021-04-22 00:00:00+00:00,20260201_193427_37b8d48a_StateSignal_XLE,0.0,0.0,1.0,1.0,0.0,0.0,0.0,0.0
2021-04-23 00:00:00+00:00,20260201_193427_37b8d48a_StateSignal_XLE,0.0,0.0,1.0,1.0,0.0,0.0,0.0,-0.0
2021-04-26 00:00:00+00:00,20260201_193427_37b8d48a_StateSignal_XLE,0.0,0.0,1.0,1.0,0.0,0.0,0.0,-0.0
2021-04-27 00:00:00+00:00,20260201_193427_37b8d48a_StateSignal_XLE,0.0,0.0,1.0,1.0,0.0,0.0,0.0,0.0
2021-04-28 00:00:00+00:00,20260201_193427_37b8d48a_StateSignal_XLE,0.0,0.0,1.0,1.0,0.0,0.0,0.0,0.0
2021-04-29 00:00:00+00:00,20260201_193427_37b8d48a_StateSignal_XLE,0.0,0.0,1.0,1.0,0.0,0.0,0.0,0.0
2021-04-30 00:00:00+00:00,20260201_193427_37b8d48a_StateSignal_XLE,0.0,0.0,1.0,1.0,0.0,0.0,0.0,0.0
2021-05-03 00:00:00+00:00,20260201_193427_37b8d48a_StateSignal_XLE,0.0,0.0,1.0,1.0,0.0,0.0,0.0,-0.0
2021-05-04 00:00:00+00:00,20260201_193427_37b8d48a_StateSignal_XLE,0.0,0.0,1.0,1.0,0.0,0.0,0.0,0.0
2021-05-05 00:00:00+00:00,20260201_193427_37b8d48a_StateSignal_XLE,0.0,0.0,1.0,1.0,0.0,0.0,0.0,0.0
2021-05-06 00:00:00+00:00,20260201_193427_37b8d48a_StateSignal_XLE,0.0,0.0,1.0,1.0,0.0,0.0,0.0,0.0
2021-05-07 00:00:00+00:00,20260201_193427_37b8d48a_StateSignal_XLE,0.0,0.0,1.0,1.0,0.0,0.0,0.0,-0.0
2021-05-10 00:00:00+00:00,20260201_193427_37b8d48a_StateSignal_XLE,0.0,0.0,1.0,1.0,0.0,0.0,0.0,0.0
2021-05-11 00:00:00+00:00,20260201_193427_37b8d48a_StateSignal_XLE,0.0,0.0,1.0,1.0,0.0,0.0,0.0,0.0
2021-05-12 00:00:00+00:00,20260201_193427_37b8d48a_StateSignal_XLE,0.0,0.0,1.0,1.0,0.0,0.0,0.0,-0.0
2021-05-13 00:00:00+00:00,20260201_193427_37b8d48a_StateSignal_XLE,0.0,0.0,1.0,1.0,0.0,0.0,0.0,0.0
2021-05-14 00:00:00+00:00,20260201_193427_37b8d48a_StateSignal_XLE,0.0,0.0,1.0,1.0,0.0,0.0,0.0,-0.0
2021-05-17 00:00:00+00:00,20260201_193427_37b8d48a_StateSignal_XLE,0.0,0.0,1.0,1.0,0.0,0.0,0.0,0.0
2021-05-18 00:00:00+00:00,20260201_193427_37b8d48a_StateSignal_XLE,0.0,0.0,1.0,1.0,0.0,0.0,0.0,0.0
2021-05-19 00:00:00+00:00,20260201_193427_37b8d48a_StateSignal_XLE,0.0,0.0,1.0,1.0,0.0,0.0,0.0,0.0
2021-05-20 00:00:00+00:00,20260201_193427_37b8d48a_StateSignal_XLE,0.0,0.0,1.0,1.0,0.0,0.0,0.0,-0.0
2021-05-21 00:00:00+00:00,20260201_193427_37b8d48a_StateSignal_XLE,0.0,0.0,1.0,1.0,0.0,0.0,0.0,-0.0
2021-05-24 00:00:00+00:00,20260201_193427_37b8d48a_StateSignal_XLE,0.0,0.0,1.0,1.0,0.0,0.0,0.0,0.0
2021-05-25 00:00:00+00:00,20260201_193427_37b8d48a_StateSignal_XLE,0.0,0.0,1.0,1.0,0.0,0.0,0.0,-0.0
2021-05-26 00:00:00+00:00,20260201_193427_37b8d48a_StateSignal_XLE,0.0,0.0,1.0,1.0,0.0,0.0,0.0,-0.0
2021-05-27 00:00:00+00:00,20260201_193427_37b8d48a_StateSignal_XLE,0.0,0.0,1.0,1.0,0.0,0.0,0.0,0.0
2021-05-28 00:00:00+00:00,20260201_193427_37b8d48a_StateSignal_XLE,0.0,0.0,1.0,1.0,0.0,0.0,0.0,0.0
2021-06-01 00:00:00+00:00,20260201_193427_37b8d48a_StateSignal_XLE,0.0,0.0,1.0,1.0,0.0,0.0,0.0,-0.0
2021-06-02 00:00:00+00:00,20260201_193427_37b8d48a_StateSignal_XLE,0.0,0.0,1.0,1.0,0.0,0.0,0.0,0.0
2021-06-03 00:00:00+00:00,20260201_193427_37b8d48a_StateSignal_XLE,0.0,0.0,1.0,1.0,0.0,0.0,0.0,0.0
2021-06-04 00:00:00+00:00,20260201_193427_37b8d48a_StateSignal_XLE,0.0,0.0,1.0,1.0,0.0,0.0,0.0,0.0
2021-06-07 00:00:00+00:00,20260201_193427_37b8d48a_StateSignal_XLE,0.0,0.0,1.0,1.0,0.0,0.0,0.0,-0.0
2021-06-08 00:00:00+00:00,20260201_193427_37b8d48a_StateSignal_XLE,0.0,0.0,1.0,1.0,0.0,0.0,0.0,0.0
2021-06-09 00:00:00+00:00,20260201_193427_37b8d48a_StateSignal_XLE,0.0,0.0,1.0,1.0,0.0,0.0,0.0,0.0
2021-06-10 00:00:00+00:00,20260201_193427_37b8d48a_StateSignal_XLE,0.0,0.0,1.0,1.0,0.0,0.0,0.0,0.0
2021-06-11 00:00:00+00:00,20260201_193427_37b8d48a_StateSignal_XLE,0.0,0.0,1.0,1.0,0.0,0.0,0.0,-0.0
2021-06-14 00:00:00+00:00,20260201_193427_37b8d48a_StateSignal_XLE,0.0,0.0,1.0,1.0,0.0,0.0,0.0,-0.0
2021-06-15 00:00:00+00:00,20260201_193427_37b8d48a_StateSignal_XLE,0.0,0.0,1.0,1.0,0.0,0.0,0.0,-0.0
2021-06-16 00:00:00+00:00,20260201_193427_37b8d48a_StateSignal_XLE,0.0,0.0,1.0,1.0,0.0,0.0,0.0,0.0
2021-06-17 00:00:00+00:00,20260201_193427_37b8d48a_StateSignal_XLE,0.0,0.0,1.0,1.0,0.0,0.0,0.0,0.0
2021-06-18 00:00:00+00:00,20260201_193427_37b8d48a_StateSignal_XLE,0.0,0.0,1.0,1.0,0.0,0.0,0.0,-0.0
2021-06-21 00:00:00+00:00,20260201_193427_37b8d48a_StateSignal_XLE,0.0,0.0,1.0,1.0,0.0,0.0,0.0,-0.0
2021-06-22 00:00:00+00:00,20260201_193427_37b8d48a_StateSignal_XLE,0.0,0.0,1.0,1.0,0.0,0.0,0.0,0.0
2021-06-23 00:00:00+00:00,20260201_193427_37b8d48a_StateSignal_XLE,0.0,0.0,1.0,1.0,0.0,0.0,0.0,0.0
2021-06-24 00:00:00+00:00,20260201_193427_37b8d48a_StateSignal_XLE,0.0,0.0,1.0,1.0,0.0,0.0,0.0,0.0
2021-06-25 00:00:00+00:00,20260201_193427_37b8d48a_StateSignal_XLE,0.0,0.0,1.0,1.0,0.0,0.0,0.0,-0.0
2021-06-28 00:00:00+00:00,20260201_193427_37b8d48a_StateSignal_XLE,0.0,0.0,1.0,1.0,0.0,0.0,0.0,0.0
2021-06-29 00:00:00+00:00,20260201_193427_37b8d48a_StateSignal_XLE,0.0,0.0,1.0,1.0,0.0,0.0,0.0,-0.0
2021-06-30 00:00:00+00:00,20260201_193427_37b8d48a_StateSignal_XLE,0.0,0.0,1.0,1.0,0.0,0.0,0.0,0.0
2021-07-01 00:00:00+00:00,20260201_193427_37b8d48a_StateSignal_XLE,0.0,0.0,1.0,1.0,0.0,0.0,0.0,0.0
2021-07-02 00:00:00+00:00,20260201_193427_37b8d48a_StateSignal_XLE,0.0,0.0,1.0,1.0,0.0,0.0,0.0,0.0
2021-07-06 00:00:00+00:00,20260201_193427_37b8d48a_StateSignal_XLE,0.0,0.0,1.0,1.0,0.0,0.0,0.0,-0.0
2021-07-07 00:00:00+00:00,20260201_193427_37b8d48a_StateSignal_XLE,0.0,0.0,1.0,1.0,0.0,0.0,0.0,-0.0
2021-07-08 00:00:00+00:00,20260201_193427_37b8d48a_StateSignal_XLE,0.0,0.0,1.0,1.0,0.0,0.0,0.0,-0.0
2021-07-09 00:00:00+00:00,20260201_193427_37b8d48a_StateSignal_XLE,0.0,0.0,1.0,1.0,0.0,0.0,0.0,0.0
2021-07-12 00:00:00+00:00,20260201_193427_37b8d48a_StateSignal_XLE,0.0,0.0,1.0,1.0,0.0,0.0,0.0,0.0
2021-07-13 00:00:00+00:00,20260201_193427_37b8d48a_StateSignal_XLE,0.0,0.0,1.0,1.0,0.0,0.0,0.0,0.0
2021-07-14 00:00:00+00:00,20260201_193427_37b8d48a_StateSignal_XLE,0.0,0.0,1.0,1.0,0.0,0.0,0.0,-0.0
2021-07-15 00:00:00+00:00,20260201_193427_37b8d48a_StateSignal_XLE,0.0,0.0,1.0,1.0,0.0,0.0,0.0,-0.0
2021-07-16 00:00:00+00:00,20260201_193427_37b8d48a_StateSignal_XLE,0.0,0.0,1.0,1.0,0.0,0.0,0.0,-0.0
2021-07-19 00:00:00+00:00,20260201_193427_37b8d48a_StateSignal_XLE,0.0,0.0,1.0,1.0,0.0,0.0,0.0,-0.0
2021-07-20 00:00:00+00:00,20260201_193427_37b8d48a_StateSignal_XLE,0.0,0.0,1.0,1.0,0.0,0.0,0.0,-0.0
2021-07-21 00:00:00+00:00,20260201_193427_37b8d48a_StateSignal_XLE,0.0,0.0,1.0,1.0,0.0,0.0,0.0,0.0
2021-07-22 00:00:00+00:00,20260201_193427_37b8d48a_StateSignal_XLE,0.0,0.0,1.0,1.0,0.0,0.0,0.0,0.0
2021-07-23 00:00:00+00:00,20260201_193427_37b8d48a_StateSignal_XLE,0.0,0.0,1.0,1.0,0.0,0.0,0.0,-0.0
2021-07-26 00:00:00+00:00,20260201_193427_37b8d48a_StateSignal_XLE,0.0,0.0,1.0,1.0,0.0,0.0,0.0,-0.0
2021-07-27 00:00:00+00:00,20260201_193427_37b8d48a_StateSignal_XLE,0.0,0.0,1.0,1.0,0.0,0.0,0.0,0.0
2021-07-28 00:00:00+00:00,20260201_193427_37b8d48a_StateSignal_XLE,0.0,0.0,1.0,1.0,0.0,0.0,0.0,-0.0
2021-07-29 00:00:00+00:00,20260201_193427_37b8d48a_StateSignal_XLE,0.0,0.0,1.0,1.0,0.0,0.0,0.0,0.0
2021-07-30 00:00:00+00:00,20260201_193427_37b8d48a_StateSignal_XLE,0.0,0.0,1.0,1.0,0.0,0.0,0.0,0.0
2021-08-02 00:00:00+00:00,20260201_193427_37b8d48a_StateSignal_XLE,0.0,0.0,1.0,1.0,0.0,0.0,0.0,-0.0
2021-08-03 00:00:00+00:00,20260201_193427_37b8d48a_StateSignal_XLE,0.0,0.0,1.0,1.0,0.0,0.0,0.0,-0.0
2021-08-04 00:00:00+00:00,20260201_193427_37b8d48a_StateSignal_XLE,0.0,0.0,1.0,1.0,0.0,0.0,0.0,0.0
2021-08-05 00:00:00+00:00,20260201_193427_37b8d48a_StateSignal_XLE,0.0,0.0,1.0,1.0,0.0,0.0,0.0,-0.0
2021-08-06 00:00:00+00:00,20260201_193427_37b8d48a_StateSignal_XLE,0.0,0.0,1.0,1.0,0.0,0.0,0.0,0.0
2021-08-09 00:00:00+00:00,20260201_193427_37b8d48a_StateSignal_XLE,0.0,0.0,1.0,1.0,0.0,0.0,0.0,0.0
2021-08-10 00:00:00+00:00,20260201_193427_37b8d48a_StateSignal_XLE,0.0,0.0,1.0,1.0,0.0,0.0,0.0,-0.0
2021-08-11 00:00:00+00:00,20260201_193427_37b8d48a_StateSignal_XLE,0.0,0.0,1.0,1.0,0.0,0.0,0.0,0.0
2021-08-12 00:00:00+00:00,20260201_193427_37b8d48a_StateSignal_XLE,0.0,0.0,1.0,1.0,0.0,0.0,0.0,0.0
2021-08-13 00:00:00+00:00,20260201_193427_37b8d48a_StateSignal_XLE,0.0,0.0,1.0,1.0,0.0,0.0,0.0,0.0
2021-08-16 00:00:00+00:00,20260201_193427_37b8d48a_StateSignal_XLE,0.0,0.0,1.0,1.0,0.0,0.0,0.0,-0.0
2021-08-17 00:00:00+00:00,20260201_193427_37b8d48a_StateSignal_XLE,0.0,0.0,1.0,1.0,0.0,0.0,0.0,-0.0
2021-08-18 00:00:00+00:00,20260201_193427_37b8d48a_StateSignal_XLE,0.0,0.0,1.0,1.0,0.0,0.0,0.0,-0.0
2021-08-19 00:00:00+00:00,20260201_193427_37b8d48a_StateSignal_XLE,0.0,0.0,1.0,1.0,0.0,0.0,0.0,0.0
2021-08-20 00:00:00+00:00,20260201_193427_37b8d48a_StateSignal_XLE,0.0,0.0,1.0,1.0,0.0,0.0,0.0,-0.0
2021-08-23 00:00:00+00:00,20260201_193427_37b8d48a_StateSignal_XLE,0.0,0.0,1.0,1.0,0.0,0.0,0.0,0.0
2021-08-24 00:00:00+00:00,20260201_193427_37b8d48a_StateSignal_XLE,0.0,0.0,1.0,1.0,0.0,0.0,0.0,0.0
2021-08-25 00:00:00+00:00,20260201_193427_37b8d48a_StateSignal_XLE,0.0,0.0,1.0,1.0,0.0,0.0,0.0,0.0
2021-08-26 00:00:00+00:00,20260201_193427_37b8d48a_StateSignal_XLE,0.0,0.0,1.0,1.0,0.0,0.0,0.0,0.0
2021-08-27 00:00:00+00:00,20260201_193427_37b8d48a_StateSignal_XLE,0.0,0.0,1.0,1.0,0.0,0.0,0.0,-0.0
2021-08-30 00:00:00+00:00,20260201_193427_37b8d48a_StateSignal_XLE,0.0,0.0,1.0,1.0,0.0,0.0,0.0,0.0
2021-08-31 00:00:00+00:00,20260201_193427_37b8d48a_StateSignal_XLE,0.0,0.0,1.0,1.0,0.0,0.0,0.0,-0.0
2021-09-01 00:00:00+00:00,20260201_193427_37b8d48a_StateSignal_XLE,0.0,0.0,1.0,1.0,0.0,0.0,0.0,-0.0
2021-09-02 00:00:00+00:00,20260201_193427_37b8d48a_StateSignal_XLE,0.0,0.0,1.0,1.0,0.0,0.0,0.0,-0.0
2021-09-03 00:00:00+00:00,20260201_193427_37b8d48a_StateSignal_XLE,0.0,0.0,1.0,1.0,0.0,0.0,0.0,0.0
2021-09-07 00:00:00+00:00,20260201_193427_37b8d48a_StateSignal_XLE,0.0,0.0,1.0,1.0,0.0,0.0,0.0,-0.0
2021-09-08 00:00:00+00:00,20260201_193427_37b8d48a_StateSignal_XLE,0.0,0.0,1.0,1.0,0.0,0.0,0.0,-0.0
2021-09-09 00:00:00+00:00,20260201_193427_37b8d48a_StateSignal_XLE,0.0,0.0,1.0,1.0,0.0,0.0,0.0,-0.0
2021-09-10 00:00:00+00:00,20260201_193427_37b8d48a_StateSignal_XLE,0.0,0.0,1.0,1.0,0.0,0.0,0.0,0.0
2021-09-13 00:00:00+00:00,20260201_193427_37b8d48a_StateSignal_XLE,0.0,0.0,1.0,1.0,0.0,0.0,0.0,-0.0
2021-09-14 00:00:00+00:00,20260201_193427_37b8d48a_StateSignal_XLE,0.0,0.0,1.0,1.0,0.0,0.0,0.0,0.0
2021-09-15 00:00:00+00:00,20260201_193427_37b8d48a_StateSignal_XLE,0.0,0.0,1.0,1.0,0.0,0.0,0.0,-0.0
2021-09-16 00:00:00+00:00,20260201_193427_37b8d48a_StateSignal_XLE,0.0,0.0,1.0,1.0,0.0,0.0,0.0,0.0
2021-09-17 00:00:00+00:00,20260201_193427_37b8d48a_StateSignal_XLE,0.0,0.0,1.0,1.0,0.0,0.0,0.0,-0.0
2021-09-20 00:00:00+00:00,20260201_193427_37b8d48a_StateSignal_XLE,0.0,0.0,1.0,1.0,0.0,0.0,0.0,-0.0
2021-09-21 00:00:00+00:00,20260201_193427_37b8d48a_StateSignal_XLE,0.0,0.0,1.0,1.0,0.0,0.0,0.0,-0.0
2021-09-22 00:00:00+00:00,20260201_193427_37b8d48a_StateSignal_XLE,0.0,0.0,1.0,1.0,0.0,0.0,0.0,0.0
2021-09-23 00:00:00+00:00,20260201_193427_37b8d48a_StateSignal_XLE,0.0,0.0,1.0,1.0,0.0,0.0,0.0,0.0
2021-09-24 00:00:00+00:00,20260201_193427_37b8d48a_StateSignal_XLE,0.0,0.0,1.0,1.0,0.0,0.0,0.0,0.0
2021-09-27 00:00:00+00:00,20260201_193427_37b8d48a_StateSignal_XLE,0.0,0.0,1.0,1.0,0.0,0.0,0.0,0.0
2021-09-28 00:00:00+00:00,20260201_193427_37b8d48a_StateSignal_XLE,0.0,0.0,1.0,1.0,0.0,0.0,0.0,0.0
2021-09-29 00:00:00+00:00,20260201_193427_37b8d48a_StateSignal_XLE,0.0,0.0,1.0,1.0,0.0,0.0,0.0,0.0
2021-09-30 00:00:00+00:00,20260201_193427_37b8d48a_StateSignal_XLE,0.0,0.0,1.0,1.0,0.0,0.0,0.0,0.0
2021-10-01 00:00:00+00:00,20260201_193427_37b8d48a_StateSignal_XLE,0.0,0.0,1.0,1.0,0.0,0.0,0.0,-0.0
2021-10-04 00:00:00+00:00,20260201_193427_37b8d48a_StateSignal_XLE,0.0,0.0,1.0,1.0,0.0,0.0,0.0,0.0
2021-10-05 00:00:00+00:00,20260201_193427_37b8d48a_StateSignal_XLE,0.0,0.0,1.0,1.0,0.0,0.0,0.0,0.0
2021-10-06 00:00:00+00:00,20260201_193427_37b8d48a_StateSignal_XLE,0.0,0.0,1.0,1.0,0.0,0.0,0.0,0.0
2021-10-07 00:00:00+00:00,20260201_193427_37b8d48a_StateSignal_XLE,0.0,0.0,1.0,1.0,0.0,0.0,0.0,-0.0
2021-10-08 00:00:00+00:00,20260201_193427_37b8d48a_StateSignal_XLE,0.0,0.0,1.0,1.0,0.0,0.0,0.0,0.0
2021-10-11 00:00:00+00:00,20260201_193427_37b8d48a_StateSignal_XLE,0.0,0.0,1.0,1.0,0.0,0.0,0.0,0.0
2021-10-12 00:00:00+00:00,20260201_193427_37b8d48a_StateSignal_XLE,0.0,0.0,1.0,1.0,0.0,0.0,0.0,0.0
2021-10-13 00:00:00+00:00,20260201_193427_37b8d48a_StateSignal_XLE,0.0,0.0,1.0,1.0,0.0,0.0,0.0,-0.0
2021-10-14 00:00:00+00:00,20260201_193427_37b8d48a_StateSignal_XLE,0.0,0.0,1.0,1.0,0.0,0.0,0.0,-0.0
2021-10-15 00:00:00+00:00,20260201_193427_37b8d48a_StateSignal_XLE,0.0,0.0,1.0,1.0,0.0,0.0,0.0,0.0
2021-10-18 00:00:00+00:00,20260201_193427_37b8d48a_StateSignal_XLE,0.0,0.0,1.0,1.0,0.0,0.0,0.0,0.0
2021-10-19 00:00:00+00:00,20260201_193427_37b8d48a_StateSignal_XLE,0.0,0.0,1.0,1.0,0.0,0.0,0.0,0.0
2021-10-20 00:00:00+00:00,20260201_193427_37b8d48a_StateSignal_XLE,0.0,0.0,1.0,1.0,0.0,0.0,0.0,0.0
2021-10-21 00:00:00+00:00,20260201_193427_37b8d48a_StateSignal_XLE,0.0,0.0,1.0,1.0,0.0,0.0,0.0,-0.0
2021-10-22 00:00:00+00:00,20260201_193427_37b8d48a_StateSignal_XLE,0.0,0.0,1.0,1.0,0.0,0.0,0.0,-0.0
2021-10-25 00:00:00+00:00,20260201_193427_37b8d48a_StateSignal_XLE,0.0,0.0,1.0,1.0,0.0,0.0,0.0,-0.0
2021-10-26 00:00:00+00:00,20260201_193427_37b8d48a_StateSignal_XLE,0.0,0.0,1.0,1.0,0.0,0.0,0.0,0.0
2021-10-27 00:00:00+00:00,20260201_193427_37b8d48a_StateSignal_XLE,0.0,0.0,1.0,1.0,0.0,0.0,0.0,0.0
2021-10-28 00:00:00+00:00,20260201_193427_37b8d48a_StateSignal_XLE,0.0,0.0,1.0,1.0,0.0,0.0,0.0,-0.0
2021-10-29 00:00:00+00:00,20260201_193427_37b8d48a_StateSignal_XLE,0.0,0.0,1.0,1.0,0.0,0.0,0.0,-0.0
2021-11-01 00:00:00+00:00,20260201_193427_37b8d48a_StateSignal_XLE,0.0,0.0,1.0,1.0,0.0,0.0,0.0,0.0
2021-11-02 00:00:00+00:00,20260201_193427_37b8d48a_StateSignal_XLE,0.0,0.0,1.0,1.0,0.0,0.0,0.0,0.0
2021-11-03 00:00:00+00:00,20260201_193427_37b8d48a_StateSignal_XLE,0.0,0.0,1.0,1.0,0.0,0.0,0.0,-0.0
2021-11-04 00:00:00+00:00,20260201_193427_37b8d48a_StateSignal_XLE,0.0,0.0,1.0,1.0,0.0,0.0,0.0,-0.0
2021-11-05 00:00:00+00:00,20260201_193427_37b8d48a_StateSignal_XLE,0.0,0.0,1.0,1.0,0.0,0.0,0.0,-0.0
2021-11-08 00:00:00+00:00,20260201_193427_37b8d48a_StateSignal_XLE,0.0,0.0,1.0,1.0,0.0,0.0,0.0,0.0
2021-11-09 00:00:00+00:00,20260201_193427_37b8d48a_StateSignal_XLE,0.0,0.0,1.0,1.0,0.0,0.0,0.0,0.0
2021-11-10 00:00:00+00:00,20260201_193427_37b8d48a_StateSignal_XLE,0.0,0.0,1.0,1.0,0.0,0.0,0.0,-0.0
2021-11-11 00:00:00+00:00,20260201_193427_37b8d48a_StateSignal_XLE,0.0,0.0,1.0,1.0,0.0,0.0,0.0,0.0
2021-11-12 00:00:00+00:00,20260201_193427_37b8d48a_StateSignal_XLE,0.0,0.0,1.0,1.0,0.0,0.0,0.0,-0.0
2021-11-15 00:00:00+00:00,20260201_193427_37b8d48a_StateSignal_XLE,0.0,0.0,1.0,1.0,0.0,0.0,0.0,-0.0
2021-11-16 00:00:00+00:00,20260201_193427_37b8d48a_StateSignal_XLE,0.0,0.0,1.0,1.0,0.0,0.0,0.0,0.0
2021-11-17 00:00:00+00:00,20260201_193427_37b8d48a_StateSignal_XLE,0.0,0.0,1.0,1.0,0.0,0.0,0.0,0.0
2021-11-18 00:00:00+00:00,20260201_193427_37b8d48a_StateSignal_XLE,0.0,0.0,1.0,1.0,0.0,0.0,0.0,-0.0
2021-11-19 00:00:00+00:00,20260201_193427_37b8d48a_StateSignal_XLE,0.0,0.0,1.0,1.0,0.0,0.0,0.0,-0.0
2021-11-22 00:00:00+00:00,20260201_193427_37b8d48a_StateSignal_XLE,0.0,0.0,1.0,1.0,0.0,0.0,0.0,-0.0
2021-11-23 00:00:00+00:00,20260201_193427_37b8d48a_StateSignal_XLE,0.0,0.0,1.0,1.0,0.0,0.0,0.0,0.0
2021-11-24 00:00:00+00:00,20260201_193427_37b8d48a_StateSignal_XLE,0.0,0.0,1.0,1.0,0.0,0.0,0.0,0.0
2021-11-26 00:00:00+00:00,20260201_193427_37b8d48a_StateSignal_XLE,0.0,0.0,1.0,1.0,0.0,0.0,0.0,0.0
2021-11-29 00:00:00+00:00,20260201_193427_37b8d48a_StateSignal_XLE,0.0,0.0,1.0,1.0,0.0,0.0,0.0,-0.0
2021-11-30 00:00:00+00:00,20260201_193427_37b8d48a_StateSignal_XLE,0.0,0.0,1.0,1.0,0.0,0.0,0.0,0.0
2021-12-01 00:00:00+00:00,20260201_193427_37b8d48a_StateSignal_XLE,0.0,0.0,1.0,1.0,0.0,0.0,0.0,-0.0
2021-12-02 00:00:00+00:00,20260201_193427_37b8d48a_StateSignal_XLE,0.0,0.0,1.0,1.0,0.0,0.0,0.0,0.0
2021-12-03 00:00:00+00:00,20260201_193427_37b8d48a_StateSignal_XLE,0.0,0.0,1.0,1.0,0.0,0.0,0.0,-0.0
2021-12-06 00:00:00+00:00,20260201_193427_37b8d48a_StateSignal_XLE,0.0,0.0,1.0,1.0,0.0,0.0,0.0,-0.0
2021-12-07 00:00:00+00:00,20260201_193427_37b8d48a_StateSignal_XLE,0.0,0.0,1.0,1.0,0.0,0.0,0.0,0.0
2021-12-08 00:00:00+00:00,20260201_193427_37b8d48a_StateSignal_XLE,0.0,0.0,1.0,1.0,0.0,0.0,0.0,0.0
2021-12-09 00:00:00+00:00,20260201_193427_37b8d48a_StateSignal_XLE,0.0,0.0,1.0,1.0,0.0,0.0,0.0,-0.0
2021-12-10 00:00:00+00:00,20260201_193427_37b8d48a_StateSignal_XLE,0.0,0.0,1.0,1.0,0.0,0.0,0.0,-0.0
2021-12-13 00:00:00+00:00,20260201_193427_37b8d48a_StateSignal_XLE,0.0,0.0,1.0,1.0,0.0,0.0,0.0,-0.0
2021-12-14 00:00:00+00:00,20260201_193427_37b8d48a_StateSignal_XLE,0.0,0.0,1.0,1.0,0.0,0.0,0.0,-0.0
2021-12-15 00:00:00+00:00,20260201_193427_37b8d48a_StateSignal_XLE,0.0,0.0,1.0,1.0,0.0,0.0,0.0,0.0
2021-12-16 00:00:00+00:00,20260201_193427_37b8d48a_StateSignal_XLE,0.0,0.0,1.0,1.0,0.0,0.0,0.0,-0.0
2021-12-17 00:00:00+00:00,20260201_193427_37b8d48a_StateSignal_XLE,0.0,0.0,1.0,1.0,0.0,0.0,0.0,0.0
2021-12-20 00:00:00+00:00,20260201_193427_37b8d48a_StateSignal_XLE,0.0,0.0,1.0,1.0,0.0,0.0,0.0,-0.0
2021-12-21 00:00:00+00:00,20260201_193427_37b8d48a_StateSignal_XLE,0.0,0.0,1.0,1.0,0.0,0.0,0.0,-0.0
2021-12-22 00:00:00+00:00,20260201_193427_37b8d48a_StateSignal_XLE,0.0,0.0,1.0,1.0,0.0,0.0,0.0,0.0
2021-12-23 00:00:00+00:00,20260201_193427_37b8d48a_StateSignal_XLE,0.0,0.0,1.0,1.0,0.0,0.0,0.0,0.0
2021-12-27 00:00:00+00:00,20260201_193427_37b8d48a_StateSignal_XLE,0.0,0.0,1.0,1.0,0.0,0.0,0.0,0.0
2021-12-28 00:00:00+00:00,20260201_193427_37b8d48a_StateSignal_XLE,0.0,0.0,1.0,1.0,0.0,0.0,0.0,0.0
2021-12-29 00:00:00+00:00,20260201_193427_37b8d48a_StateSignal_XLE,0.0,0.0,1.0,1.0,0.0,0.0,0.0,0.0
2021-12-30 00:00:00+00:00,20260201_193427_37b8d48a_StateSignal_XLE,0.0,0.0,1.0,1.0,0.0,0.0,0.0,-0.0
2021-12-31 00:00:00+00:00,20260201_193427_37b8d48a_StateSignal_XLE,0.0,0.0,1.0,1.0,0.0,0.0,0.0,-0.0
2022-01-03 00:00:00+00:00,20260201_193427_37b8d48a_StateSignal_XLE,0.0,0.0,1.0,1.0,0.0,0.0,0.0,-0.0
2022-01-04 00:00:00+00:00,20260201_193427_37b8d48a_StateSignal_XLE,0.0,0.0,1.0,1.0,0.0,0.0,0.0,0.0
2022-01-05 00:00:00+00:00,20260201_193427_37b8d48a_StateSignal_XLE,0.0,0.0,1.0,1.0,0.0,0.0,0.0,0.0
2022-01-06 00:00:00+00:00,20260201_193427_37b8d48a_StateSignal_XLE,0.0,0.0,1.0,1.0,0.0,0.0,0.0,0.0
2022-01-07 00:00:00+00:00,20260201_193427_37b8d48a_StateSignal_XLE,0.0,0.0,1.0,1.0,0.0,0.0,0.0,0.0
2022-01-10 00:00:00+00:00,20260201_193427_37b8d48a_StateSignal_XLE,0.0,0.0,1.0,1.0,0.0,0.0,0.0,0.0
2022-01-11 00:00:00+00:00,20260201_193427_37b8d48a_StateSignal_XLE,0.0,0.0,1.0,1.0,0.0,0.0,0.0,-0.0
2022-01-12 00:00:00+00:00,20260201_193427_37b8d48a_StateSignal_XLE,0.0,0.0,1.0,1.0,0.0,0.0,0.0,0.0
2022-01-13 00:00:00+00:00,20260201_193427_37b8d48a_StateSignal_XLE,0.0,0.0,1.0,1.0,0.0,0.0,0.0,0.0
2022-01-14 00:00:00+00:00,20260201_193427_37b8d48a_StateSignal_XLE,0.0,0.0,1.0,1.0,0.0,0.0,0.0,0.0
2022-01-18 00:00:00+00:00,20260201_193427_37b8d48a_StateSignal_XLE,0.0,0.0,1.0,1.0,0.0,0.0,0.0,0.0
2022-01-19 00:00:00+00:00,20260201_193427_37b8d48a_StateSignal_XLE,0.0,0.0,1.0,1.0,0.0,0.0,0.0,0.0
2022-01-20 00:00:00+00:00,20260201_193427_37b8d48a_StateSignal_XLE,0.0,0.0,1.0,1.0,0.0,0.0,0.0,0.0
2022-01-21 00:00:00+00:00,20260201_193427_37b8d48a_StateSignal_XLE,0.0,0.0,1.0,1.0,0.0,0.0,0.0,0.0
2022-01-24 00:00:00+00:00,20260201_193427_37b8d48a_StateSignal_XLE,0.0,0.0,1.0,1.0,0.0,0.0,0.0,-0.0
2022-01-25 00:00:00+00:00,20260201_193427_37b8d48a_StateSignal_XLE,0.0,0.0,1.0,1.0,0.0,0.0,0.0,-0.0
2022-01-26 00:00:00+00:00,20260201_193427_37b8d48a_StateSignal_XLE,0.0,0.0,1.0,1.0,0.0,0.0,0.0,0.0
2022-01-27 00:00:00+00:00,20260201_193427_37b8d48a_StateSignal_XLE,0.0,0.0,1.0,1.0,0.0,0.0,0.0,0.0
2022-01-28 00:00:00+00:00,20260201_193427_37b8d48a_StateSignal_XLE,0.0,0.0,1.0,1.0,0.0,0.0,0.0,0.0
2022-01-31 00:00:00+00:00,20260201_193427_37b8d48a_StateSignal_XLE,0.0,0.0,1.0,1.0,0.0,0.0,0.0,-0.0
2022-02-01 00:00:00+00:00,20260201_193427_37b8d48a_StateSignal_XLE,0.0,0.0,1.0,1.0,0.0,0.0,0.0,0.0
2022-02-02 00:00:00+00:00,20260201_193427_37b8d48a_StateSignal_XLE,0.0,0.0,1.0,1.0,0.0,0.0,0.0,0.0
2022-02-03 00:00:00+00:00,20260201_193427_37b8d48a_StateSignal_XLE,0.0,0.0,1.0,1.0,0.0,0.0,0.0,-0.0
2022-02-04 00:00:00+00:00,20260201_193427_37b8d48a_StateSignal_XLE,0.0,0.0,1.0,1.0,0.0,0.0,0.0,-0.0
2022-02-07 00:00:00+00:00,20260201_193427_37b8d48a_StateSignal_XLE,0.0,0.0,1.0,1.0,0.0,0.0,0.0,0.0
2022-02-08 00:00:00+00:00,20260201_193427_37b8d48a_StateSignal_XLE,0.0,0.0,1.0,1.0,0.0,0.0,0.0,0.0
2022-02-09 00:00:00+00:00,20260201_193427_37b8d48a_StateSignal_XLE,0.0,0.0,1.0,1.0,0.0,0.0,0.0,-0.0
2022-02-10 00:00:00+00:00,20260201_193427_37b8d48a_StateSignal_XLE,0.0,0.0,1.0,1.0,0.0,0.0,0.0,0.0
2022-02-11 00:00:00+00:00,20260201_193427_37b8d48a_StateSignal_XLE,0.0,0.0,1.0,1.0,0.0,0.0,0.0,0.0
2022-02-14 00:00:00+00:00,20260201_193427_37b8d48a_StateSignal_XLE,0.0,0.0,1.0,1.0,0.0,0.0,0.0,0.0
2022-02-15 00:00:00+00:00,20260201_193427_37b8d48a_StateSignal_XLE,0.0,0.0,1.0,1.0,0.0,0.0,0.0,-0.0
2022-02-16 00:00:00+00:00,20260201_193427_37b8d48a_StateSignal_XLE,0.0,0.0,1.0,1.0,0.0,0.0,0.0,-0.0
2022-02-17 00:00:00+00:00,20260201_193427_37b8d48a_StateSignal_XLE,0.0,0.0,1.0,1.0,0.0,0.0,0.0,0.0
2022-02-18 00:00:00+00:00,20260201_193427_37b8d48a_StateSignal_XLE,0.0,0.0,1.0,1.0,0.0,0.0,0.0,-0.0
2022-02-22 00:00:00+00:00,20260201_193427_37b8d48a_StateSignal_XLE,0.0,0.0,1.0,1.0,0.0,0.0,0.0,-0.0
2022-02-23 00:00:00+00:00,20260201_193427_37b8d48a_StateSignal_XLE,0.0,0.0,1.0,1.0,0.0,0.0,0.0,-0.0
2022-02-24 00:00:00+00:00,20260201_193427_37b8d48a_StateSignal_XLE,0.0,0.0,1.0,1.0,0.0,0.0,0.0,-0.0
2022-02-25 00:00:00+00:00,20260201_193427_37b8d48a_StateSignal_XLE,0.0,0.0,1.0,1.0,0.0,0.0,0.0,-0.0
2022-02-28 00:00:00+00:00,20260201_193427_37b8d48a_StateSignal_XLE,0.0,0.0,1.0,1.0,0.0,0.0,0.0,0.0
2022-03-01 00:00:00+00:00,20260201_193427_37b8d48a_StateSignal_XLE,0.0,0.0,1.0,1.0,0.0,0.0,0.0,0.0
2022-03-02 00:00:00+00:00,20260201_193427_37b8d48a_StateSignal_XLE,0.0,0.0,1.0,1.0,0.0,0.0,0.0,0.0
2022-03-03 00:00:00+00:00,20260201_193427_37b8d48a_StateSignal_XLE,0.0,0.0,1.0,1.0,0.0,0.0,0.0,0.0
2022-03-04 00:00:00+00:00,20260201_193427_37b8d48a_StateSignal_XLE,0.0,0.0,1.0,1.0,0.0,0.0,0.0,-0.0
2022-03-07 00:00:00+00:00,20260201_193427_37b8d48a_StateSignal_XLE,0.0,0.0,1.0,1.0,0.0,0.0,0.0,0.0
2022-03-08 00:00:00+00:00,20260201_193427_37b8d48a_StateSignal_XLE,0.0,0.0,1.0,1.0,0.0,0.0,0.0,0.0
2022-03-09 00:00:00+00:00,20260201_193427_37b8d48a_StateSignal_XLE,0.0,0.0,1.0,1.0,0.0,0.0,0.0,0.0
2022-03-10 00:00:00+00:00,20260201_193427_37b8d48a_StateSignal_XLE,0.0,0.0,1.0,1.0,0.0,0.0,0.0,-0.0
2022-03-11 00:00:00+00:00,20260201_193427_37b8d48a_StateSignal_XLE,0.0,0.0,1.0,1.0,0.0,0.0,0.0,-0.0
2022-03-14 00:00:00+00:00,20260201_193427_37b8d48a_StateSignal_XLE,0.0,0.0,1.0,1.0,0.0,0.0,0.0,0.0
2022-03-15 00:00:00+00:00,20260201_193427_37b8d48a_StateSignal_XLE,0.0,0.0,1.0,1.0,0.0,0.0,0.0,-0.0
2022-03-16 00:00:00+00:00,20260201_193427_37b8d48a_StateSignal_XLE,0.0,0.0,1.0,1.0,0.0,0.0,0.0,-0.0
2022-03-17 00:00:00+00:00,20260201_193427_37b8d48a_StateSignal_XLE,0.0,0.0,1.0,1.0,0.0,0.0,0.0,-0.0
2022-03-18 00:00:00+00:00,20260201_193427_37b8d48a_StateSignal_XLE,0.0,0.0,1.0,1.0,0.0,0.0,0.0,0.0
2022-03-21 00:00:00+00:00,20260201_193427_37b8d48a_StateSignal_XLE,0.0,0.0,1.0,1.0,0.0,0.0,0.0,-0.0
2022-03-22 00:00:00+00:00,20260201_193427_37b8d48a_StateSignal_XLE,0.0,0.0,1.0,1.0,0.0,0.0,0.0,0.0
2022-03-23 00:00:00+00:00,20260201_193427_37b8d48a_StateSignal_XLE,0.0,0.0,1.0,1.0,0.0,0.0,0.0,-0.0
2022-03-24 00:00:00+00:00,20260201_193427_37b8d48a_StateSignal_XLE,0.0,0.0,1.0,1.0,0.0,0.0,0.0,0.0
2022-03-25 00:00:00+00:00,20260201_193427_37b8d48a_StateSignal_XLE,0.0,0.0,1.0,1.0,0.0,0.0,0.0,0.0
2022-03-28 00:00:00+00:00,20260201_193427_37b8d48a_StateSignal_XLE,0.0,0.0,1.0,1.0,0.0,0.0,0.0,0.0
2022-03-29 00:00:00+00:00,20260201_193427_37b8d48a_StateSignal_XLE,0.0,0.0,1.0,1.0,0.0,0.0,0.0,-0.0
2022-03-30 00:00:00+00:00,20260201_193427_37b8d48a_StateSignal_XLE,0.0,0.0,1.0,1.0,0.0,0.0,0.0,-0.0
2022-03-31 00:00:00+00:00,20260201_193427_37b8d48a_StateSignal_XLE,0.0,0.0,1.0,1.0,0.0,0.0,0.0,0.0
2022-04-01 00:00:00+00:00,20260201_193427_37b8d48a_StateSignal_XLE,0.0,0.0,1.0,1.0,0.0,0.0,0.0,0.0
2022-04-04 00:00:00+00:00,20260201_193427_37b8d48a_StateSignal_XLE,0.0,0.0,1.0,1.0,0.0,0.0,0.0,-0.0
2022-04-05 00:00:00+00:00,20260201_193427_37b8d48a_StateSignal_XLE,0.0,0.0,1.0,1.0,0.0,0.0,0.0,-0.0
2022-04-06 00:00:00+00:00,20260201_193427_37b8d48a_StateSignal_XLE,0.0,0.0,1.0,1.0,0.0,0.0,0.0,0.0
2022-04-07 00:00:00+00:00,20260201_193427_37b8d48a_StateSignal_XLE,0.0,0.0,1.0,1.0,0.0,0.0,0.0,-0.0
2022-04-08 00:00:00+00:00,20260201_193427_37b8d48a_StateSignal_XLE,0.0,0.0,1.0,1.0,0.0,0.0,0.0,-0.0
2022-04-11 00:00:00+00:00,20260201_193427_37b8d48a_StateSignal_XLE,0.0,0.0,1.0,1.0,0.0,0.0,0.0,0.0
2022-04-12 00:00:00+00:00,20260201_193427_37b8d48a_StateSignal_XLE,0.0,0.0,1.0,1.0,0.0,0.0,0.0,-0.0
2022-04-13 00:00:00+00:00,20260201_193427_37b8d48a_StateSignal_XLE,0.0,0.0,1.0,1.0,0.0,0.0,0.0,0.0
2022-04-14 00:00:00+00:00,20260201_193427_37b8d48a_StateSignal_XLE,0.0,0.0,1.0,1.0,0.0,0.0,0.0,-0.0
2022-04-18 00:00:00+00:00,20260201_193427_37b8d48a_StateSignal_XLE,0.0,0.0,1.0,1.0,0.0,0.0,0.0,0.0
2022-04-19 00:00:00+00:00,20260201_193427_37b8d48a_StateSignal_XLE,0.0,0.0,1.0,1.0,0.0,0.0,0.0,0.0
2022-04-20 00:00:00+00:00,20260201_193427_37b8d48a_StateSignal_XLE,0.0,0.0,1.0,1.0,0.0,0.0,0.0,-0.0
2022-04-21 00:00:00+00:00,20260201_193427_37b8d48a_StateSignal_XLE,0.0,0.0,1.0,1.0,0.0,0.0,0.0,0.0
2022-04-22 00:00:00+00:00,20260201_193427_37b8d48a_StateSignal_XLE,0.0,0.0,1.0,1.0,0.0,0.0,0.0,0.0
2022-04-25 00:00:00+00:00,20260201_193427_37b8d48a_StateSignal_XLE,0.0,0.0,1.0,1.0,0.0,0.0,0.0,-0.0
2022-04-26 00:00:00+00:00,20260201_193427_37b8d48a_StateSignal_XLE,0.0,0.0,1.0,1.0,0.0,0.0,0.0,-0.0
2022-04-27 00:00:00+00:00,20260201_193427_37b8d48a_StateSignal_XLE,0.0,0.0,1.0,1.0,0.0,0.0,0.0,0.0
2022-04-28 00:00:00+00:00,20260201_193427_37b8d48a_StateSignal_XLE,0.0,0.0,1.0,1.0,0.0,0.0,0.0,0.0
2022-04-29 00:00:00+00:00,20260201_193427_37b8d48a_StateSignal_XLE,0.0,0.0,1.0,1.0,0.0,0.0,0.0,0.0
2022-05-02 00:00:00+00:00,20260201_193427_37b8d48a_StateSignal_XLE,0.0,0.0,1.0,1.0,0.0,0.0,0.0,0.0
2022-05-03 00:00:00+00:00,20260201_193427_37b8d48a_StateSignal_XLE,0.0,0.0,1.0,1.0,0.0,0.0,0.0,-0.0
2022-05-04 00:00:00+00:00,20260201_193427_37b8d48a_StateSignal_XLE,0.0,0.0,1.0,1.0,0.0,0.0,0.0,0.0
2022-05-05 00:00:00+00:00,20260201_193427_37b8d48a_StateSignal_XLE,0.0,0.0,1.0,1.0,0.0,0.0,0.0,0.0
2022-05-06 00:00:00+00:00,20260201_193427_37b8d48a_StateSignal_XLE,0.0,0.0,1.0,1.0,0.0,0.0,0.0,-0.0
2022-05-09 00:00:00+00:00,20260201_193427_37b8d48a_StateSignal_XLE,0.0,0.0,1.0,1.0,0.0,0.0,0.0,0.0
2022-05-10 00:00:00+00:00,20260201_193427_37b8d48a_StateSignal_XLE,0.0,0.0,1.0,1.0,0.0,0.0,0.0,-0.0
2022-05-11 00:00:00+00:00,20260201_193427_37b8d48a_StateSignal_XLE,0.0,0.0,1.0,1.0,0.0,0.0,0.0,-0.0
2022-05-12 00:00:00+00:00,20260201_193427_37b8d48a_StateSignal_XLE,0.0,0.0,1.0,1.0,0.0,0.0,0.0,0.0
2022-05-13 00:00:00+00:00,20260201_193427_37b8d48a_StateSignal_XLE,0.0,0.0,1.0,1.0,0.0,0.0,0.0,-0.0
2022-05-16 00:00:00+00:00,20260201_193427_37b8d48a_StateSignal_XLE,0.0,0.0,1.0,1.0,0.0,0.0,0.0,0.0
2022-05-17 00:00:00+00:00,20260201_193427_37b8d48a_StateSignal_XLE,0.0,0.0,1.0,1.0,0.0,0.0,0.0,0.0
2022-05-18 00:00:00+00:00,20260201_193427_37b8d48a_StateSignal_XLE,0.0,0.0,1.0,1.0,0.0,0.0,0.0,0.0
2022-05-19 00:00:00+00:00,20260201_193427_37b8d48a_StateSignal_XLE,0.0,0.0,1.0,1.0,0.0,0.0,0.0,-0.0
2022-05-20 00:00:00+00:00,20260201_193427_37b8d48a_StateSignal_XLE,0.0,0.0,1.0,1.0,0.0,0.0,0.0,-0.0
2022-05-23 00:00:00+00:00,20260201_193427_37b8d48a_StateSignal_XLE,0.0,0.0,1.0,1.0,0.0,0.0,0.0,-0.0
2022-05-24 00:00:00+00:00,20260201_193427_37b8d48a_StateSignal_XLE,0.0,0.0,1.0,1.0,0.0,0.0,0.0,0.0
2022-05-25 00:00:00+00:00,20260201_193427_37b8d48a_StateSignal_XLE,0.0,0.0,1.0,1.0,0.0,0.0,0.0,-0.0
2022-05-26 00:00:00+00:00,20260201_193427_37b8d48a_StateSignal_XLE,0.0,0.0,1.0,1.0,0.0,0.0,0.0,0.0
2022-05-27 00:00:00+00:00,20260201_193427_37b8d48a_StateSignal_XLE,0.0,0.0,1.0,1.0,0.0,0.0,0.0,0.0
2022-05-31 00:00:00+00:00,20260201_193427_37b8d48a_StateSignal_XLE,0.0,0.0,1.0,1.0,0.0,0.0,0.0,0.0
2022-06-01 00:00:00+00:00,20260201_193427_37b8d48a_StateSignal_XLE,0.0,0.0,1.0,1.0,0.0,0.0,0.0,0.0
2022-06-02 00:00:00+00:00,20260201_193427_37b8d48a_StateSignal_XLE,0.0,0.0,1.0,1.0,0.0,0.0,0.0,-0.0
2022-06-03 00:00:00+00:00,20260201_193427_37b8d48a_StateSignal_XLE,0.0,0.0,1.0,1.0,0.0,0.0,0.0,0.0
2022-06-06 00:00:00+00:00,20260201_193427_37b8d48a_StateSignal_XLE,0.0,0.0,1.0,1.0,0.0,0.0,0.0,0.0
2022-06-07 00:00:00+00:00,20260201_193427_37b8d48a_StateSignal_XLE,0.0,0.0,1.0,1.0,0.0,0.0,0.0,0.0
2022-06-08 00:00:00+00:00,20260201_193427_37b8d48a_StateSignal_XLE,0.0,0.0,1.0,1.0,0.0,0.0,0.0,0.0
2022-06-09 00:00:00+00:00,20260201_193427_37b8d48a_StateSignal_XLE,0.0,0.0,1.0,1.0,0.0,0.0,0.0,0.0
2022-06-10 00:00:00+00:00,20260201_193427_37b8d48a_StateSignal_XLE,0.0,0.0,1.0,1.0,0.0,0.0,0.0,-0.0
2022-06-13 00:00:00+00:00,20260201_193427_37b8d48a_StateSignal_XLE,0.0,0.0,1.0,1.0,0.0,0.0,0.0,-0.0
2022-06-14 00:00:00+00:00,20260201_193427_37b8d48a_StateSignal_XLE,0.0,0.0,1.0,1.0,0.0,0.0,0.0,-0.0
2022-06-15 00:00:00+00:00,20260201_193427_37b8d48a_StateSignal_XLE,0.0,0.0,1.0,1.0,0.0,0.0,0.0,0.0
2022-06-16 00:00:00+00:00,20260201_193427_37b8d48a_StateSignal_XLE,0.0,0.0,1.0,1.0,0.0,0.0,0.0,-0.0
2022-06-17 00:00:00+00:00,20260201_193427_37b8d48a_StateSignal_XLE,0.0,0.0,1.0,1.0,0.0,0.0,0.0,-0.0
2022-06-21 00:00:00+00:00,20260201_193427_37b8d48a_StateSignal_XLE,0.0,0.0,1.0,1.0,0.0,0.0,0.0,-0.0
2022-06-22 00:00:00+00:00,20260201_193427_37b8d48a_StateSignal_XLE,0.0,0.0,1.0,1.0,0.0,0.0,0.0,0.0
2022-06-23 00:00:00+00:00,20260201_193427_37b8d48a_StateSignal_XLE,0.0,0.0,1.0,1.0,0.0,0.0,0.0,-0.0
2022-06-24 00:00:00+00:00,20260201_193427_37b8d48a_StateSignal_XLE,0.0,0.0,1.0,1.0,0.0,0.0,0.0,-0.0
2022-06-27 00:00:00+00:00,20260201_193427_37b8d48a_StateSignal_XLE,0.0,0.0,1.0,1.0,0.0,0.0,0.0,0.0
2022-06-28 00:00:00+00:00,20260201_193427_37b8d48a_StateSignal_XLE,0.0,0.0,1.0,1.0,0.0,0.0,0.0,0.0
2022-06-29 00:00:00+00:00,20260201_193427_37b8d48a_StateSignal_XLE,0.0,0.0,1.0,1.0,0.0,0.0,0.0,0.0
2022-06-30 00:00:00+00:00,20260201_193427_37b8d48a_StateSignal_XLE,0.0,0.0,1.0,1.0,0.0,0.0,0.0,-0.0
2022-07-01 00:00:00+00:00,20260201_193427_37b8d48a_StateSignal_XLE,0.0,0.0,1.0,1.0,0.0,0.0,0.0,-0.0
2022-07-05 00:00:00+00:00,20260201_193427_37b8d48a_StateSignal_XLE,0.0,0.0,1.0,1.0,0.0,0.0,0.0,-0.0
2022-07-06 00:00:00+00:00,20260201_193427_37b8d48a_StateSignal_XLE,0.0,0.0,1.0,1.0,0.0,0.0,0.0,-0.0
2022-07-07 00:00:00+00:00,20260201_193427_37b8d48a_StateSignal_XLE,0.0,0.0,1.0,1.0,0.0,0.0,0.0,-0.0
2022-07-08 00:00:00+00:00,20260201_193427_37b8d48a_StateSignal_XLE,0.0,0.0,1.0,1.0,0.0,0.0,0.0,0.0
2022-07-11 00:00:00+00:00,20260201_193427_37b8d48a_StateSignal_XLE,0.0,0.0,1.0,1.0,0.0,0.0,0.0,-0.0
2022-07-12 00:00:00+00:00,20260201_193427_37b8d48a_StateSignal_XLE,0.0,0.0,1.0,1.0,0.0,0.0,0.0,-0.0
2022-07-13 00:00:00+00:00,20260201_193427_37b8d48a_StateSignal_XLE,0.0,0.0,1.0,1.0,0.0,0.0,0.0,-0.0
2022-07-14 00:00:00+00:00,20260201_193427_37b8d48a_StateSignal_XLE,0.0,0.0,1.0,1.0,0.0,0.0,0.0,-0.0
2022-07-15 00:00:00+00:00,20260201_193427_37b8d48a_StateSignal_XLE,0.0,0.0,1.0,1.0,0.0,0.0,0.0,-0.0
2022-07-18 00:00:00+00:00,20260201_193427_37b8d48a_StateSignal_XLE,0.0,0.0,1.0,1.0,0.0,0.0,0.0,0.0
2022-07-19 00:00:00+00:00,20260201_193427_37b8d48a_StateSignal_XLE,0.0,0.0,1.0,1.0,0.0,0.0,0.0,0.0
2022-07-20 00:00:00+00:00,20260201_193427_37b8d48a_StateSignal_XLE,0.0,0.0,1.0,1.0,0.0,0.0,0.0,0.0
2022-07-21 00:00:00+00:00,20260201_193427_37b8d48a_StateSignal_XLE,0.0,0.0,1.0,1.0,0.0,0.0,0.0,0.0
2022-07-22 00:00:00+00:00,20260201_193427_37b8d48a_StateSignal_XLE,0.0,0.0,1.0,1.0,0.0,0.0,0.0,-0.0
2022-07-25 00:00:00+00:00,20260201_193427_37b8d48a_StateSignal_XLE,0.0,0.0,1.0,1.0,0.0,0.0,0.0,0.0
2022-07-26 00:00:00+00:00,20260201_193427_37b8d48a_StateSignal_XLE,0.0,0.0,1.0,1.0,0.0,0.0,0.0,0.0
2022-07-27 00:00:00+00:00,20260201_193427_37b8d48a_StateSignal_XLE,0.0,0.0,1.0,1.0,0.0,0.0,0.0,-0.0
2022-07-28 00:00:00+00:00,20260201_193427_37b8d48a_StateSignal_XLE,0.0,0.0,1.0,1.0,0.0,0.0,0.0,0.0
2022-07-29 00:00:00+00:00,20260201_193427_37b8d48a_StateSignal_XLE,0.0,0.0,1.0,1.0,0.0,0.0,0.0,0.0
2022-08-01 00:00:00+00:00,20260201_193427_37b8d48a_StateSignal_XLE,0.0,0.0,1.0,1.0,0.0,0.0,0.0,0.0
2022-08-02 00:00:00+00:00,20260201_193427_37b8d48a_StateSignal_XLE,0.0,0.0,1.0,1.0,0.0,0.0,0.0,-0.0
2022-08-03 00:00:00+00:00,20260201_193427_37b8d48a_StateSignal_XLE,0.0,0.0,1.0,1.0,0.0,0.0,0.0,0.0
2022-08-04 00:00:00+00:00,20260201_193427_37b8d48a_StateSignal_XLE,0.0,0.0,1.0,1.0,0.0,0.0,0.0,-0.0
2022-08-05 00:00:00+00:00,20260201_193427_37b8d48a_StateSignal_XLE,0.0,0.0,1.0,1.0,0.0,0.0,0.0,-0.0
2022-08-08 00:00:00+00:00,20260201_193427_37b8d48a_StateSignal_XLE,0.0,0.0,1.0,1.0,0.0,0.0,0.0,0.0
2022-08-09 00:00:00+00:00,20260201_193427_37b8d48a_StateSignal_XLE,0.0,0.0,1.0,1.0,0.0,0.0,0.0,0.0
2022-08-10 00:00:00+00:00,20260201_193427_37b8d48a_StateSignal_XLE,0.0,0.0,1.0,1.0,0.0,0.0,0.0,0.0
2022-08-11 00:00:00+00:00,20260201_193427_37b8d48a_StateSignal_XLE,0.0,0.0,1.0,1.0,0.0,0.0,0.0,0.0
2022-08-12 00:00:00+00:00,20260201_193427_37b8d48a_StateSignal_XLE,0.0,0.0,1.0,1.0,0.0,0.0,0.0,0.0
2022-08-15 00:00:00+00:00,20260201_193427_37b8d48a_StateSignal_XLE,0.0,0.0,1.0,1.0,0.0,0.0,0.0,0.0
2022-08-16 00:00:00+00:00,20260201_193427_37b8d48a_StateSignal_XLE,0.0,0.0,1.0,1.0,0.0,0.0,0.0,-0.0
2022-08-17 00:00:00+00:00,20260201_193427_37b8d48a_StateSignal_XLE,0.0,0.0,1.0,1.0,0.0,0.0,0.0,-0.0
2022-08-18 00:00:00+00:00,20260201_193427_37b8d48a_StateSignal_XLE,0.0,0.0,1.0,1.0,0.0,0.0,0.0,-0.0
2022-08-19 00:00:00+00:00,20260201_193427_37b8d48a_StateSignal_XLE,0.0,0.0,1.0,1.0,0.0,0.0,0.0,0.0
2022-08-22 00:00:00+00:00,20260201_193427_37b8d48a_StateSignal_XLE,0.0,0.0,1.0,1.0,0.0,0.0,0.0,0.0
2022-08-23 00:00:00+00:00,20260201_193427_37b8d48a_StateSignal_XLE,0.0,0.0,1.0,1.0,0.0,0.0,0.0,-0.0
2022-08-24 00:00:00+00:00,20260201_193427_37b8d48a_StateSignal_XLE,0.0,0.0,1.0,1.0,0.0,0.0,0.0,0.0
2022-08-25 00:00:00+00:00,20260201_193427_37b8d48a_StateSignal_XLE,0.0,0.0,1.0,1.0,0.0,0.0,0.0,0.0
2022-08-26 00:00:00+00:00,20260201_193427_37b8d48a_StateSignal_XLE,0.0,0.0,1.0,1.0,0.0,0.0,0.0,0.0
2022-08-29 00:00:00+00:00,20260201_193427_37b8d48a_StateSignal_XLE,0.0,0.0,1.0,1.0,0.0,0.0,0.0,-0.0
2022-08-30 00:00:00+00:00,20260201_193427_37b8d48a_StateSignal_XLE,0.0,0.0,1.0,1.0,0.0,0.0,0.0,0.0
2022-08-31 00:00:00+00:00,20260201_193427_37b8d48a_StateSignal_XLE,0.0,0.0,1.0,1.0,0.0,0.0,0.0,-0.0
2022-09-01 00:00:00+00:00,20260201_193427_37b8d48a_StateSignal_XLE,0.0,0.0,1.0,1.0,0.0,0.0,0.0,0.0
2022-09-02 00:00:00+00:00,20260201_193427_37b8d48a_StateSignal_XLE,0.0,0.0,1.0,1.0,0.0,0.0,0.0,-0.0
2022-09-06 00:00:00+00:00,20260201_193427_37b8d48a_StateSignal_XLE,0.0,0.0,1.0,1.0,0.0,0.0,0.0,0.0
2022-09-07 00:00:00+00:00,20260201_193427_37b8d48a_StateSignal_XLE,0.0,0.0,1.0,1.0,0.0,0.0,0.0,-0.0
2022-09-08 00:00:00+00:00,20260201_193427_37b8d48a_StateSignal_XLE,0.0,0.0,1.0,1.0,0.0,0.0,0.0,-0.0
2022-09-09 00:00:00+00:00,20260201_193427_37b8d48a_StateSignal_XLE,0.0,0.0,1.0,1.0,0.0,0.0,0.0,0.0
2022-09-12 00:00:00+00:00,20260201_193427_37b8d48a_StateSignal_XLE,0.0,0.0,1.0,1.0,0.0,0.0,0.0,0.0
2022-09-13 00:00:00+00:00,20260201_193427_37b8d48a_StateSignal_XLE,0.0,0.0,1.0,1.0,0.0,0.0,0.0,0.0
2022-09-14 00:00:00+00:00,20260201_193427_37b8d48a_StateSignal_XLE,0.0,0.0,1.0,1.0,0.0,0.0,0.0,-0.0
2022-09-15 00:00:00+00:00,20260201_193427_37b8d48a_StateSignal_XLE,0.0,0.0,1.0,1.0,0.0,0.0,0.0,0.0
2022-09-16 00:00:00+00:00,20260201_193427_37b8d48a_StateSignal_XLE,0.0,0.0,1.0,1.0,0.0,0.0,0.0,-0.0
2022-09-19 00:00:00+00:00,20260201_193427_37b8d48a_StateSignal_XLE,0.0,0.0,1.0,1.0,0.0,0.0,0.0,-0.0
2022-09-20 00:00:00+00:00,20260201_193427_37b8d48a_StateSignal_XLE,0.0,0.0,1.0,1.0,0.0,0.0,0.0,-0.0
2022-09-21 00:00:00+00:00,20260201_193427_37b8d48a_StateSignal_XLE,0.0,0.0,1.0,1.0,0.0,0.0,0.0,-0.0
2022-09-22 00:00:00+00:00,20260201_193427_37b8d48a_StateSignal_XLE,0.0,0.0,1.0,1.0,0.0,0.0,0.0,0.0
2022-09-23 00:00:00+00:00,20260201_193427_37b8d48a_StateSignal_XLE,0.0,0.0,1.0,1.0,0.0,0.0,0.0,-0.0
2022-09-26 00:00:00+00:00,20260201_193427_37b8d48a_StateSignal_XLE,0.0,0.0,1.0,1.0,0.0,0.0,0.0,-0.0
2022-09-27 00:00:00+00:00,20260201_193427_37b8d48a_StateSignal_XLE,0.0,0.0,1.0,1.0,0.0,0.0,0.0,-0.0
2022-09-28 00:00:00+00:00,20260201_193427_37b8d48a_StateSignal_XLE,0.0,0.0,1.0,1.0,0.0,0.0,0.0,0.0
2022-09-29 00:00:00+00:00,20260201_193427_37b8d48a_StateSignal_XLE,0.0,0.0,1.0,1.0,0.0,0.0,0.0,0.0
2022-09-30 00:00:00+00:00,20260201_193427_37b8d48a_StateSignal_XLE,0.0,0.0,1.0,1.0,0.0,0.0,0.0,0.0
2022-10-03 00:00:00+00:00,20260201_193427_37b8d48a_StateSignal_XLE,0.0,0.0,1.0,1.0,0.0,0.0,0.0,0.0
2022-10-04 00:00:00+00:00,20260201_193427_37b8d48a_StateSignal_XLE,0.0,0.0,1.0,1.0,0.0,0.0,0.0,0.0
2022-10-05 00:00:00+00:00,20260201_193427_37b8d48a_StateSignal_XLE,0.0,0.0,1.0,1.0,0.0,0.0,0.0,0.0
2022-10-06 00:00:00+00:00,20260201_193427_37b8d48a_StateSignal_XLE,0.0,0.0,1.0,1.0,0.0,0.0,0.0,0.0
2022-10-07 00:00:00+00:00,20260201_193427_37b8d48a_StateSignal_XLE,0.0,0.0,1.0,1.0,0.0,0.0,0.0,0.0
2022-10-10 00:00:00+00:00,20260201_193427_37b8d48a_StateSignal_XLE,0.0,0.0,1.0,1.0,0.0,0.0,0.0,0.0
2022-10-11 00:00:00+00:00,20260201_193427_37b8d48a_StateSignal_XLE,0.0,0.0,1.0,1.0,0.0,0.0,0.0,-0.0
2022-10-12 00:00:00+00:00,20260201_193427_37b8d48a_StateSignal_XLE,0.0,0.0,1.0,1.0,0.0,0.0,0.0,-0.0
2022-10-13 00:00:00+00:00,20260201_193427_37b8d48a_StateSignal_XLE,0.0,0.0,1.0,1.0,0.0,0.0,0.0,-0.0
2022-10-14 00:00:00+00:00,20260201_193427_37b8d48a_StateSignal_XLE,0.0,0.0,1.0,1.0,0.0,0.0,0.0,0.0
2022-10-17 00:00:00+00:00,20260201_193427_37b8d48a_StateSignal_XLE,0.0,0.0,1.0,1.0,0.0,0.0,0.0,-0.0
2022-10-18 00:00:00+00:00,20260201_193427_37b8d48a_StateSignal_XLE,0.0,0.0,1.0,1.0,0.0,0.0,0.0,0.0
2022-10-19 00:00:00+00:00,20260201_193427_37b8d48a_StateSignal_XLE,0.0,0.0,1.0,1.0,0.0,0.0,0.0,-0.0
2022-10-20 00:00:00+00:00,20260201_193427_37b8d48a_StateSignal_XLE,0.0,0.0,1.0,1.0,0.0,0.0,0.0,0.0
2022-10-21 00:00:00+00:00,20260201_193427_37b8d48a_StateSignal_XLE,0.0,0.0,1.0,1.0,0.0,0.0,0.0,0.0
2022-10-24 00:00:00+00:00,20260201_193427_37b8d48a_StateSignal_XLE,0.0,0.0,1.0,1.0,0.0,0.0,0.0,0.0
2022-10-25 00:00:00+00:00,20260201_193427_37b8d48a_StateSignal_XLE,0.0,0.0,1.0,1.0,0.0,0.0,0.0,0.0
2022-10-26 00:00:00+00:00,20260201_193427_37b8d48a_StateSignal_XLE,0.0,0.0,1.0,1.0,0.0,0.0,0.0,-0.0
2022-10-27 00:00:00+00:00,20260201_193427_37b8d48a_StateSignal_XLE,0.0,0.0,1.0,1.0,0.0,0.0,0.0,0.0
2022-10-28 00:00:00+00:00,20260201_193427_37b8d48a_StateSignal_XLE,0.0,0.0,1.0,1.0,0.0,0.0,0.0,0.0
2022-10-31 00:00:00+00:00,20260201_193427_37b8d48a_StateSignal_XLE,0.0,0.0,1.0,1.0,0.0,0.0,0.0,-0.0
2022-11-01 00:00:00+00:00,20260201_193427_37b8d48a_StateSignal_XLE,0.0,0.0,1.0,1.0,0.0,0.0,0.0,0.0
2022-11-02 00:00:00+00:00,20260201_193427_37b8d48a_StateSignal_XLE,0.0,0.0,1.0,1.0,0.0,0.0,0.0,0.0
2022-11-03 00:00:00+00:00,20260201_193427_37b8d48a_StateSignal_XLE,0.0,0.0,1.0,1.0,0.0,0.0,0.0,-0.0
2022-11-04 00:00:00+00:00,20260201_193427_37b8d48a_StateSignal_XLE,0.0,0.0,1.0,1.0,0.0,0.0,0.0,-0.0
2022-11-07 00:00:00+00:00,20260201_193427_37b8d48a_StateSignal_XLE,0.0,0.0,1.0,1.0,0.0,0.0,0.0,0.0
2022-11-08 00:00:00+00:00,20260201_193427_37b8d48a_StateSignal_XLE,0.0,0.0,1.0,1.0,0.0,0.0,0.0,0.0
2022-11-09 00:00:00+00:00,20260201_193427_37b8d48a_StateSignal_XLE,0.0,0.0,1.0,1.0,0.0,0.0,0.0,0.0
2022-11-10 00:00:00+00:00,20260201_193427_37b8d48a_StateSignal_XLE,0.0,0.0,1.0,1.0,0.0,0.0,0.0,-0.0
2022-11-11 00:00:00+00:00,20260201_193427_37b8d48a_StateSignal_XLE,0.0,0.0,1.0,1.0,0.0,0.0,0.0,-0.0
2022-11-14 00:00:00+00:00,20260201_193427_37b8d48a_StateSignal_XLE,0.0,0.0,1.0,1.0,0.0,0.0,0.0,0.0
2022-11-15 00:00:00+00:00,20260201_193427_37b8d48a_StateSignal_XLE,0.0,0.0,1.0,1.0,0.0,0.0,0.0,0.0
2022-11-16 00:00:00+00:00,20260201_193427_37b8d48a_StateSignal_XLE,0.0,0.0,1.0,1.0,0.0,0.0,0.0,-0.0
2022-11-17 00:00:00+00:00,20260201_193427_37b8d48a_StateSignal_XLE,0.0,0.0,1.0,1.0,0.0,0.0,0.0,-0.0
2022-11-18 00:00:00+00:00,20260201_193427_37b8d48a_StateSignal_XLE,0.0,0.0,1.0,1.0,0.0,0.0,0.0,-0.0
2022-11-21 00:00:00+00:00,20260201_193427_37b8d48a_StateSignal_XLE,0.0,0.0,1.0,1.0,0.0,0.0,0.0,-0.0
2022-11-22 00:00:00+00:00,20260201_193427_37b8d48a_StateSignal_XLE,0.0,0.0,1.0,1.0,0.0,0.0,0.0,-0.0
2022-11-23 00:00:00+00:00,20260201_193427_37b8d48a_StateSignal_XLE,0.0,0.0,1.0,1.0,0.0,0.0,0.0,0.0
2022-11-25 00:00:00+00:00,20260201_193427_37b8d48a_StateSignal_XLE,0.0,0.0,1.0,1.0,0.0,0.0,0.0,-0.0
2022-11-28 00:00:00+00:00,20260201_193427_37b8d48a_StateSignal_XLE,0.0,0.0,1.0,1.0,0.0,0.0,0.0,0.0
2022-11-29 00:00:00+00:00,20260201_193427_37b8d48a_StateSignal_XLE,0.0,0.0,1.0,1.0,0.0,0.0,0.0,-0.0
2022-11-30 00:00:00+00:00,20260201_193427_37b8d48a_StateSignal_XLE,0.0,0.0,1.0,1.0,0.0,0.0,0.0,0.0
2022-12-01 00:00:00+00:00,20260201_193427_37b8d48a_StateSignal_XLE,0.0,0.0,1.0,1.0,0.0,0.0,0.0,0.0
2022-12-02 00:00:00+00:00,20260201_193427_37b8d48a_StateSignal_XLE,0.0,0.0,1.0,1.0,0.0,0.0,0.0,0.0
2022-12-05 00:00:00+00:00,20260201_193427_37b8d48a_StateSignal_XLE,0.0,0.0,1.0,1.0,0.0,0.0,0.0,-0.0
2022-12-06 00:00:00+00:00,20260201_193427_37b8d48a_StateSignal_XLE,0.0,0.0,1.0,1.0,0.0,0.0,0.0,-0.0
2022-12-07 00:00:00+00:00,20260201_193427_37b8d48a_StateSignal_XLE,0.0,0.0,1.0,1.0,0.0,0.0,0.0,-0.0
2022-12-08 00:00:00+00:00,20260201_193427_37b8d48a_StateSignal_XLE,0.0,0.0,1.0,1.0,0.0,0.0,0.0,-0.0
2022-12-09 00:00:00+00:00,20260201_193427_37b8d48a_StateSignal_XLE,0.0,0.0,1.0,1.0,0.0,0.0,0.0,0.0
2022-12-12 00:00:00+00:00,20260201_193427_37b8d48a_StateSignal_XLE,0.0,0.0,1.0,1.0,0.0,0.0,0.0,-0.0
2022-12-13 00:00:00+00:00,20260201_193427_37b8d48a_StateSignal_XLE,0.0,0.0,1.0,1.0,0.0,0.0,0.0,-0.0
2022-12-14 00:00:00+00:00,20260201_193427_37b8d48a_StateSignal_XLE,0.0,0.0,1.0,1.0,0.0,0.0,0.0,0.0
2022-12-15 00:00:00+00:00,20260201_193427_37b8d48a_StateSignal_XLE,0.0,0.0,1.0,1.0,0.0,0.0,0.0,-0.0
2022-12-16 00:00:00+00:00,20260201_193427_37b8d48a_StateSignal_XLE,0.0,0.0,1.0,1.0,0.0,0.0,0.0,-0.0
2022-12-19 00:00:00+00:00,20260201_193427_37b8d48a_StateSignal_XLE,0.0,0.0,1.0,1.0,0.0,0.0,0.0,-0.0
2022-12-20 00:00:00+00:00,20260201_193427_37b8d48a_StateSignal_XLE,0.0,0.0,1.0,1.0,0.0,0.0,0.0,0.0
2022-12-21 00:00:00+00:00,20260201_193427_37b8d48a_StateSignal_XLE,0.0,0.0,1.0,1.0,0.0,0.0,0.0,0.0
2022-12-22 00:00:00+00:00,20260201_193427_37b8d48a_StateSignal_XLE,0.0,0.0,1.0,1.0,0.0,0.0,0.0,0.0
2022-12-23 00:00:00+00:00,20260201_193427_37b8d48a_StateSignal_XLE,0.0,0.0,1.0,1.0,0.0,0.0,0.0,-0.0
2022-12-27 00:00:00+00:00,20260201_193427_37b8d48a_StateSignal_XLE,0.0,0.0,1.0,1.0,0.0,0.0,0.0,0.0
2022-12-28 00:00:00+00:00,20260201_193427_37b8d48a_StateSignal_XLE,0.0,0.0,1.0,1.0,0.0,0.0,0.0,0.0
2022-12-29 00:00:00+00:00,20260201_193427_37b8d48a_StateSignal_XLE,0.0,0.0,1.0,1.0,0.0,0.0,0.0,-0.0
2022-12-30 00:00:00+00:00,20260201_193427_37b8d48a_StateSignal_XLE,0.0,0.0,1.0,1.0,0.0,0.0,0.0,0.0
2023-01-03 00:00:00+00:00,20260201_193427_37b8d48a_StateSignal_XLE,0.0,0.0,1.0,1.0,0.0,0.0,0.0,0.0
2023-01-04 00:00:00+00:00,20260201_193427_37b8d48a_StateSignal_XLE,0.0,0.0,1.0,1.0,0.0,0.0,0.0,-0.0
2023-01-05 00:00:00+00:00,20260201_193427_37b8d48a_StateSignal_XLE,0.0,0.0,1.0,1.0,0.0,0.0,0.0,-0.0
2023-01-06 00:00:00+00:00,20260201_193427_37b8d48a_StateSignal_XLE,0.0,0.0,1.0,1.0,0.0,0.0,0.0,0.0
2023-01-09 00:00:00+00:00,20260201_193427_37b8d48a_StateSignal_XLE,0.0,0.0,1.0,1.0,0.0,0.0,0.0,0.0
2023-01-10 00:00:00+00:00,20260201_193427_37b8d48a_StateSignal_XLE,0.0,0.0,1.0,1.0,0.0,0.0,0.0,-0.0
2023-01-11 00:00:00+00:00,20260201_193427_37b8d48a_StateSignal_XLE,0.0,0.0,1.0,1.0,0.0,0.0,0.0,-0.0
2023-01-12 00:00:00+00:00,20260201_193427_37b8d48a_StateSignal_XLE,0.0,0.0,1.0,1.0,0.0,0.0,0.0,0.0
2023-01-13 00:00:00+00:00,20260201_193427_37b8d48a_StateSignal_XLE,0.0,0.0,1.0,1.0,0.0,0.0,0.0,0.0
2023-01-17 00:00:00+00:00,20260201_193427_37b8d48a_StateSignal_XLE,0.0,0.0,1.0,1.0,0.0,0.0,0.0,-0.0
2023-01-18 00:00:00+00:00,20260201_193427_37b8d48a_StateSignal_XLE,0.0,0.0,1.0,1.0,0.0,0.0,0.0,0.0
2023-01-19 00:00:00+00:00,20260201_193427_37b8d48a_StateSignal_XLE,0.0,0.0,1.0,1.0,0.0,0.0,0.0,0.0
2023-01-20 00:00:00+00:00,20260201_193427_37b8d48a_StateSignal_XLE,0.0,0.0,1.0,1.0,0.0,0.0,0.0,-0.0
2023-01-23 00:00:00+00:00,20260201_193427_37b8d48a_StateSignal_XLE,0.0,0.0,1.0,1.0,0.0,0.0,0.0,0.0
2023-01-24 00:00:00+00:00,20260201_193427_37b8d48a_StateSignal_XLE,0.0,0.0,1.0,1.0,0.0,0.0,0.0,0.0
2023-01-25 00:00:00+00:00,20260201_193427_37b8d48a_StateSignal_XLE,0.0,0.0,1.0,1.0,0.0,0.0,0.0,-0.0
2023-01-26 00:00:00+00:00,20260201_193427_37b8d48a_StateSignal_XLE,0.0,0.0,1.0,1.0,0.0,0.0,0.0,-0.0
2023-01-27 00:00:00+00:00,20260201_193427_37b8d48a_StateSignal_XLE,0.0,0.0,1.0,1.0,0.0,0.0,0.0,0.0
2023-01-30 00:00:00+00:00,20260201_193427_37b8d48a_StateSignal_XLE,0.0,0.0,1.0,1.0,0.0,0.0,0.0,-0.0
2023-01-31 00:00:00+00:00,20260201_193427_37b8d48a_StateSignal_XLE,-0.009137801865630185,-0.009137801865630185,0.9908621981343698,0.9908621981343698,0.0,0.0,0.45720918416634276,-0.009137801865630185
2023-02-01 00:00:00+00:00,20260201_193427_37b8d48a_StateSignal_XLE,-0.0025961830616623455,-0.0025961830616623455,0.9882897384791319,0.9882897384791319,0.0,0.0,0.45720918416634276,-0.0025961830616623455
2023-02-02 00:00:00+00:00,20260201_193427_37b8d48a_StateSignal_XLE,-0.008915861619770954,-0.008915861619770954,0.9794782839306123,0.9794782839306123,0.0,0.0,0.45720918416634276,-0.008915861619770954
2023-02-03 00:00:00+00:00,20260201_193427_37b8d48a_StateSignal_XLE,-0.005691233151165643,-0.005691233151165643,0.9739038446502596,0.9739038446502596,0.0,0.0,0.45720918416634276,-0.005691233151165643
2023-02-06 00:00:00+00:00,20260201_193427_37b8d48a_StateSignal_XLE,-0.0009359454326090725,-0.0009359454326090725,0.9729923237950587,0.9729923237950587,0.0,0.0,0.45720918416634276,-0.0009359454326090725
2023-02-07 00:00:00+00:00,20260201_193427_37b8d48a_StateSignal_XLE,-0.005182230673677976,-0.005182230673677976,0.9679500531294348,0.9679500531294348,0.0,0.0,0.45720918416634276,-0.005182230673677976
2023-02-08 00:00:00+00:00,20260201_193427_37b8d48a_StateSignal_XLE,0.020005796740194537,0.020005796740194537,0.9873146651470028,0.9873146651470028,0.0,0.0,1.0,0.020005796740194537
2023-02-09 00:00:00+00:00,20260201_193427_37b8d48a_StateSignal_XLE,0.0010437246530046395,0.0010437246530046395,0.9883451498032898,0.9883451498032898,0.0,0.0,0.45720918416634276,0.0010437246530046395
2023-02-10 00:00:00+00:00,20260201_193427_37b8d48a_StateSignal_XLE,0.0006944950968259157,0.0006944950968259157,0.9890315506637999,0.9890315506637999,0.0,0.0,0.45720918416634276,0.0006944950968259157
2023-02-13 00:00:00+00:00,20260201_193427_37b8d48a_StateSignal_XLE,0.011083709302192267,0.011083709302192267,0.9999936888620539,0.9999936888620539,0.0,0.0,0.45720918416634276,0.011083709302192267
2023-02-14 00:00:00+00:00,20260201_193427_37b8d48a_StateSignal_XLE,0.00022572658279606806,0.00022572658279606806,1.0002194140202583,1.0002194140202583,0.0,0.0,0.45720918416634276,0.00022572658279606806
2023-02-15 00:00:00+00:00,20260201_193427_37b8d48a_StateSignal_XLE,-0.0004515646630441318,-0.0004515646630441318,0.999767750277596,0.999767750277596,0.0,0.0,0.45720918416634276,-0.0004515646630441318
2023-02-16 00:00:00+00:00,20260201_193427_37b8d48a_StateSignal_XLE,-0.00809039230063982,-0.00809039230063982,0.9916792369683222,0.9916792369683222,0.0,0.0,0.45720918416634276,-0.00809039230063982
2023-02-17 00:00:00+00:00,20260201_193427_37b8d48a_StateSignal_XLE,0.0055165636391274475,0.0055165636391274475,0.9971498985886592,0.9971498985886592,0.0,0.0,1.0,0.0055165636391274475
2023-02-21 00:00:00+00:00,20260201_193427_37b8d48a_StateSignal_XLE,-0.019026382015528937,-0.019026382015528937,0.9781777436913655,0.9781777436913655,0.0,0.0,0.45720918416634276,-0.019026382015528937
2023-02-22 00:00:00+00:00,20260201_193427_37b8d48a_StateSignal_XLE,-0.010482276273510394,-0.010482276273510394,0.9679242143373935,0.9679242143373935,0.0,0.0,1.0,-0.010482276273510394
2023-02-23 00:00:00+00:00,20260201_193427_37b8d48a_StateSignal_XLE,-0.0013268182443951367,-0.0013268182443951367,0.9666399548306188,0.9666399548306188,0.0,0.0,0.45720918416634276,-0.0013268182443951367
2023-02-24 00:00:00+00:00,20260201_193427_37b8d48a_StateSignal_XLE,-0.00012081098872411868,-0.00012081098872411868,0.9665231741019356,0.9665231741019356,0.0,0.0,0.45720918416634276,-0.00012081098872411868
2023-02-27 00:00:00+00:00,20260201_193427_37b8d48a_StateSignal_XLE,0.0037303759273293576,0.0037303759273293576,0.9701286688838113,0.9701286688838113,0.0,0.0,0.45720918416634276,0.0037303759273293576
2023-02-28 00:00:00+00:00,20260201_193427_37b8d48a_StateSignal_XLE,0.003224421872077771,0.003224421872077771,0.97325677298249,0.97325677298249,0.0,0.0,0.45720918416634276,0.003224421872077771
2023-03-01 00:00:00+00:00,20260201_193427_37b8d48a_StateSignal_XLE,-0.01151845195627077,-0.01151845195627077,0.962046361601776,0.962046361601776,0.0,0.0,1.0,-0.01151845195627077
2023-03-02 00:00:00+00:00,20260201_193427_37b8d48a_StateSignal_XLE,0.004330594178378947,0.004330594178378947,0.9662125939746593,0.9662125939746593,0.0,0.0,0.31249230891230795,0.004330594178378947
2023-03-03 00:00:00+00:00,20260201_193427_37b8d48a_StateSignal_XLE,0.006470839195747757,0.006470839195747757,0.9724648002991756,0.9724648002991756,0.0,0.0,1.0,0.006470839195747757
2023-03-06 00:00:00+00:00,20260201_193427_37b8d48a_StateSignal_XLE,0.004164490148115031,0.004164490148115031,0.9765146203794102,0.9765146203794102,0.0,0.0,0.31249230891230795,0.004164490148115031
2023-03-07 00:00:00+00:00,20260201_193427_37b8d48a_StateSignal_XLE,0.002542589724714439,0.002542589724714439,0.9789974964192203,0.9789974964192203,0.0,0.0,1.0,0.002542589724714439
2023-03-08 00:00:00+00:00,20260201_193427_37b8d48a_StateSignal_XLE,-0.0032705300867941272,-0.0032705300867941272,0.9757956556522851,0.9757956556522851,0.0,0.0,0.31249230891230795,-0.0032705300867941272
2023-03-09 00:00:00+00:00,20260201_193427_37b8d48a_StateSignal_XLE,-0.006727496665503855,-0.006727496665503855,0.9692309936326712,0.9692309936326712,0.0,0.0,0.31249230891230795,-0.006727496665503855
2023-03-10 00:00:00+00:00,20260201_193427_37b8d48a_StateSignal_XLE,0.00326025188775753,0.00326025188775753,0.9723909308093353,0.9723909308093353,0.0,0.0,0.31249230891230795,0.00326025188775753
2023-03-13 00:00:00+00:00,20260201_193427_37b8d48a_StateSignal_XLE,-0.005480309203318268,-0.005480309203318268,0.9670619278419977,0.9670619278419977,0.0,0.0,0.31249230891230795,-0.005480309203318268
2023-03-14 00:00:00+00:00,20260201_193427_37b8d48a_StateSignal_XLE,-0.007009467166195608,-0.007009467166195608,0.9602833390111114,0.9602833390111114,0.0,0.0,0.31249230891230795,-0.007009467166195608
2023-03-15 00:00:00+00:00,20260201_193427_37b8d48a_StateSignal_XLE,0.005354751576650662,0.005354751576650662,0.9654254177347124,0.9654254177347124,0.0,0.0,0.31249230891230795,0.005354751576650662
2023-03-16 00:00:00+00:00,20260201_193427_37b8d48a_StateSignal_XLE,-0.023419908907220354,-0.023419908907220354,0.9428152423946502,0.9428152423946502,0.0,0.0,0.31249230891230795,-0.023419908907220354
2023-03-17 00:00:00+00:00,20260201_193427_37b8d48a_StateSignal_XLE,-0.0013440550135615389,-0.0013440550135615389,0.9415480468412475,0.9415480468412475,0.0,0.0,0.31249230891230795,-0.0013440550135615389
2023-03-20 00:00:00+00:00,20260201_193427_37b8d48a_StateSignal_XLE,0.0007175486709896721,0.0007175486709896721,0.9422236533909313,0.9422236533909313,0.0,0.0,0.31249230891230795,0.0007175486709896721
2023-03-21 00:00:00+00:00,20260201_193427_37b8d48a_StateSignal_XLE,0.005065392185554333,0.005065392185554333,0.9469963857218622,0.9469963857218622,0.0,0.0,0.31249230891230795,0.005065392185554333
2023-03-22 00:00:00+00:00,20260201_193427_37b8d48a_StateSignal_XLE,0.007662496802146362,0.007662496802146362,0.9542527424991001,0.9542527424991001,0.0,0.0,0.31249230891230795,0.007662496802146362
2023-03-23 00:00:00+00:00,20260201_193427_37b8d48a_StateSignal_XLE,0.0019721078225741545,0.0019721078225741545,0.9561346317972953,0.9561346317972953,0.0,0.0,0.31249230891230795,0.0019721078225741545
2023-03-24 00:00:00+00:00,20260201_193427_37b8d48a_StateSignal_XLE,-0.0030923075650541505,-0.0030923075650541505,0.9531779694421783,0.9531779694421783,0.0,0.0,0.31249230891230795,-0.0030923075650541505
2023-03-27 00:00:00+00:00,20260201_193427_37b8d48a_StateSignal_XLE,-0.006806859493060784,-0.006806859493060784,0.9466898209323044,0.9466898209323044,0.0,0.0,0.31249230891230795,-0.006806859493060784
2023-03-28 00:00:00+00:00,20260201_193427_37b8d48a_StateSignal_XLE,0.0060289775313715765,0.0060289775313715765,0.9523973925918834,0.9523973925918834,0.0,0.0,0.31249230891230795,0.0060289775313715765
2023-03-29 00:00:00+00:00,20260201_193427_37b8d48a_StateSignal_XLE,0.007524118114191601,0.007524118114191601,0.9595633430653928,0.9595633430653928,0.0,0.0,0.31249230891230795,0.007524118114191601
2023-03-30 00:00:00+00:00,20260201_193427_37b8d48a_StateSignal_XLE,0.0010963174153526133,0.0010963174153526133,0.9606153290695294,0.9606153290695294,0.0,0.0,0.31249230891230795,0.0010963174153526133
2023-03-31 00:00:00+00:00,20260201_193427_37b8d48a_StateSignal_XLE,0.007782140442055052,0.007782140442055052,0.9680909724711394,0.9680909724711394,0.0,0.0,1.0,0.007782140442055052
2023-04-03 00:00:00+00:00,20260201_193427_37b8d48a_StateSignal_XLE,0.01116439028488303,0.01116439028488303,0.9788991179190791,0.9788991179190791,0.0,0.0,1.0,0.01116439028488303
2023-04-04 00:00:00+00:00,20260201_193427_37b8d48a_StateSignal_XLE,0.0,0.0,0.9788991179190791,0.9788991179190791,0.0,0.0,0.0,0.0
2023-04-05 00:00:00+00:00,20260201_193427_37b8d48a_StateSignal_XLE,-0.017431869244206588,-0.017431869244206588,0.9618350764922445,0.9618350764922445,0.0,0.0,1.0,-0.017431869244206588
2023-04-06 00:00:00+00:00,20260201_193427_37b8d48a_StateSignal_XLE,0.007471373155128802,0.007471373155128802,0.9690213052624099,0.9690213052624099,0.0,0.0,1.0,0.007471373155128802
2023-04-10 00:00:00+00:00,20260201_193427_37b8d48a_StateSignal_XLE,0.003586988216985443,0.003586988216985443,0.9724971732663941,0.9724971732663941,0.0,0.0,1.0,0.003586988216985443
2023-04-11 00:00:00+00:00,20260201_193427_37b8d48a_StateSignal_XLE,-0.0007675579243406894,-0.0007675579243406894,0.9717507253546546,0.9717507253546546,0.0,0.0,1.0,-0.0007675579243406894
2023-04-12 00:00:00+00:00,20260201_193427_37b8d48a_StateSignal_XLE,0.015996278626165594,0.015996278626165594,0.9872951207126062,0.9872951207126062,0.0,0.0,1.0,0.015996278626165594
2023-04-13 00:00:00+00:00,20260201_193427_37b8d48a_StateSignal_XLE,-0.003279932295811694,-0.003279932295811694,0.9840568595606836,0.9840568595606836,0.0,0.0,1.0,-0.003279932295811694
2023-04-14 00:00:00+00:00,20260201_193427_37b8d48a_StateSignal_XLE,0.0007578628631015327,0.0007578628631015327,0.9848026397097249,0.9848026397097249,0.0,0.0,1.0,0.0007578628631015327
2023-04-17 00:00:00+00:00,20260201_193427_37b8d48a_StateSignal_XLE,0.003277451566072731,0.003277451566072731,0.9880302826635141,0.9880302826635141,0.0,0.0,1.0,0.003277451566072731
2023-04-18 00:00:00+00:00,20260201_193427_37b8d48a_StateSignal_XLE,-0.006819069232038011,-0.006819069232038011,0.9812928357626816,0.9812928357626816,0.0,0.0,1.0,-0.006819069232038011
2023-04-19 00:00:00+00:00,20260201_193427_37b8d48a_StateSignal_XLE,-0.0012679093875571645,-0.0012679093875571645,0.9800486453642755,0.9800486453642755,0.0,0.0,1.0,-0.0012679093875571645
2023-04-20 00:00:00+00:00,20260201_193427_37b8d48a_StateSignal_XLE,-0.008664682139932989,-0.008664682139932989,0.9715568353705222,0.9715568353705222,0.0,0.0,1.0,-0.008664682139932989
2023-04-21 00:00:00+00:00,20260201_193427_37b8d48a_StateSignal_XLE,-0.009773740354557692,-0.009773740354557692,0.962061091121915,0.962061091121915,0.0,0.0,1.0,-0.009773740354557692
2023-04-24 00:00:00+00:00,20260201_193427_37b8d48a_StateSignal_XLE,0.0041269081012349496,0.0041269081012349496,0.966031428832749,0.966031428832749,0.0,0.0,1.0,0.0041269081012349496
2023-04-25 00:00:00+00:00,20260201_193427_37b8d48a_StateSignal_XLE,0.010498112034658558,0.010498112034658558,0.9761729350016365,0.9761729350016365,0.0,0.0,1.0,0.010498112034658558
2023-04-26 00:00:00+00:00,20260201_193427_37b8d48a_StateSignal_XLE,-0.015400715068130122,-0.015400715068130122,0.961139173772456,0.961139173772456,0.0,0.0,1.0,-0.015400715068130122
2023-04-27 00:00:00+00:00,20260201_193427_37b8d48a_StateSignal_XLE,0.0005171968049086928,0.0005171968049086928,0.9616362718822037,0.9616362718822037,0.0,0.0,1.0,0.0005171968049086928
2023-04-28 00:00:00+00:00,20260201_193427_37b8d48a_StateSignal_XLE,-0.019316706078225554,-0.019316706078225554,0.9430606266640945,0.9430606266640945,0.0,0.0,1.0,-0.019316706078225554
2023-05-01 00:00:00+00:00,20260201_193427_37b8d48a_StateSignal_XLE,0.026529514267466414,0.026529514267466414,0.9680795670142655,0.9680795670142655,0.0,0.0,1.0,0.026529514267466414
2023-05-02 00:00:00+00:00,20260201_193427_37b8d48a_StateSignal_XLE,-0.013697074197581927,-0.013697074197581927,0.954819709355708,0.954819709355708,0.0,0.0,1.0,-0.013697074197581927
2023-05-03 00:00:00+00:00,20260201_193427_37b8d48a_StateSignal_XLE,-0.01310051926962182,-0.01310051926962182,0.9423110753542788,0.9423110753542788,0.0,0.0,0.2810862643079906,-0.01310051926962182
2023-05-04 00:00:00+00:00,20260201_193427_37b8d48a_StateSignal_XLE,-0.0030821171117602904,-0.0030821171117602904,0.9394067622643282,0.9394067622643282,0.0,0.0,0.2810862643079906,-0.0030821171117602904
2023-05-05 00:00:00+00:00,20260201_193427_37b8d48a_StateSignal_XLE,-0.004845087539137721,-0.004845087539137721,0.9348552542662996,0.9348552542662996,0.0,0.0,0.2810862643079906,-0.004845087539137721
2023-05-08 00:00:00+00:00,20260201_193427_37b8d48a_StateSignal_XLE,0.007467036039023272,0.007467036039023272,0.9418358521411763,0.9418358521411763,0.0,0.0,0.2810862643079906,0.007467036039023272
2023-05-09 00:00:00+00:00,20260201_193427_37b8d48a_StateSignal_XLE,0.0021410373920847958,0.0021410373920847958,0.9438523579178165,0.9438523579178165,0.0,0.0,0.2810862643079906,0.0021410373920847958
2023-05-10 00:00:00+00:00,20260201_193427_37b8d48a_StateSignal_XLE,-0.00734397425575839,-0.00734397425575839,0.9369207305000312,0.9369207305000312,0.0,0.0,1.0,-0.00734397425575839
2023-05-11 00:00:00+00:00,20260201_193427_37b8d48a_StateSignal_XLE,-0.0037077044006642986,-0.0037077044006642986,0.9334469053844827,0.9334469053844827,0.0,0.0,0.2810862643079906,-0.0037077044006642986
2023-05-12 00:00:00+00:00,20260201_193427_37b8d48a_StateSignal_XLE,-0.0030489422309504344,-0.0030489422309504344,0.9306008796943059,0.9306008796943059,0.0,0.0,0.2810862643079906,-0.0030489422309504344
2023-05-15 00:00:00+00:00,20260201_193427_37b8d48a_StateSignal_XLE,0.0007849384165619907,0.0007849384165619907,0.9313313440752643,0.9313313440752643,0.0,0.0,0.2810862643079906,0.0007849384165619907
2023-05-16 00:00:00+00:00,20260201_193427_37b8d48a_StateSignal_XLE,0.0033407603454005397,0.0033407603454005397,0.9344426988979795,0.9344426988979795,0.0,0.0,1.0,0.0033407603454005397
2023-05-17 00:00:00+00:00,20260201_193427_37b8d48a_StateSignal_XLE,-0.005921148541577565,-0.005921148541577565,0.928909724874212,0.928909724874212,0.0,0.0,0.2810862643079906,-0.005921148541577565
2023-05-18 00:00:00+00:00,20260201_193427_37b8d48a_StateSignal_XLE,0.0032523396107852513,0.0032523396107852513,0.931930854767264,0.931930854767264,0.0,0.0,0.2810862643079906,0.0032523396107852513
2023-05-19 00:00:00+00:00,20260201_193427_37b8d48a_StateSignal_XLE,0.0006302385248106551,0.0006302385248106551,0.9325181934943981,0.9325181934943981,0.0,0.0,0.2810862643079906,0.0006302385248106551
2023-05-22 00:00:00+00:00,20260201_193427_37b8d48a_StateSignal_XLE,0.004682278134060656,0.004682278134060656,0.9368845030414108,0.9368845030414108,0.0,0.0,0.2810862643079906,0.004682278134060656
2023-05-23 00:00:00+00:00,20260201_193427_37b8d48a_StateSignal_XLE,0.003847215517424285,0.003847215517424285,0.9404888996395461,0.9404888996395461,0.0,0.0,1.0,0.003847215517424285
2023-05-24 00:00:00+00:00,20260201_193427_37b8d48a_StateSignal_XLE,0.0029907155163811255,0.0029907155163811255,0.9433016343846823,0.9433016343846823,0.0,0.0,0.2810862643079906,0.0029907155163811255
2023-05-25 00:00:00+00:00,20260201_193427_37b8d48a_StateSignal_XLE,0.0008378136286404723,0.0008378136286404723,0.9440919453498886,0.9440919453498886,0.0,0.0,0.2810862643079906,0.0008378136286404723
2023-05-26 00:00:00+00:00,20260201_193427_37b8d48a_StateSignal_XLE,-0.008571073433442529,-0.008571073433442529,0.9360000639583731,0.9360000639583731,0.0,0.0,0.2810862643079906,-0.008571073433442529
2023-05-30 00:00:00+00:00,20260201_193427_37b8d48a_StateSignal_XLE,7.8395277124499e-05,7.8395277124499e-05,0.9360734419427758,0.9360734419427758,0.0,0.0,0.2810862643079906,7.8395277124499e-05
2023-05-31 00:00:00+00:00,20260201_193427_37b8d48a_StateSignal_XLE,-0.0033908980069215777,-0.0033908980069215777,0.9328993123741598,0.9328993123741598,0.0,0.0,0.2810862643079906,-0.0033908980069215777
2023-06-01 00:00:00+00:00,20260201_193427_37b8d48a_StateSignal_XLE,-0.0016097079282704533,-0.0016097079282704533,0.9313976169547531,0.9313976169547531,0.0,0.0,0.1492777834847329,-0.0016097079282704533
2023-06-02 00:00:00+00:00,20260201_193427_37b8d48a_StateSignal_XLE,0.0020724547038835682,0.0020724547038835682,0.9333278963271968,0.9333278963271968,0.0,0.0,0.1492777834847329,0.0020724547038835682
2023-06-05 00:00:00+00:00,20260201_193427_37b8d48a_StateSignal_XLE,0.0033229593230917876,0.0033229593230917876,0.9364293069617988,0.9364293069617988,0.0,0.0,0.1492777834847329,0.0033229593230917876
2023-06-06 00:00:00+00:00,20260201_193427_37b8d48a_StateSignal_XLE,0.00016422200059399648,0.00016422200059399648,0.9365830892560029,0.9365830892560029,0.0,0.0,0.1492777834847329,0.00016422200059399648
2023-06-07 00:00:00+00:00,20260201_193427_37b8d48a_StateSignal_XLE,0.0005496015527186593,0.0005496015527186593,0.937097836776108,0.937097836776108,0.0,0.0,1.0,0.0005496015527186593
2023-06-08 00:00:00+00:00,20260201_193427_37b8d48a_StateSignal_XLE,0.004165409543927482,0.004165409543927482,0.941001233049009,0.941001233049009,0.0,0.0,0.1492777834847329,0.004165409543927482
2023-06-09 00:00:00+00:00,20260201_193427_37b8d48a_StateSignal_XLE,-0.0024933830147547864,-0.0024933830147547864,0.9386549565576613,0.9386549565576613,0.0,0.0,0.1492777834847329,-0.0024933830147547864
2023-06-12 00:00:00+00:00,20260201_193427_37b8d48a_StateSignal_XLE,0.0014929920338923146,0.0014929920338923146,0.9400563609303755,0.9400563609303755,0.0,0.0,0.1492777834847329,0.0014929920338923146
2023-06-13 00:00:00+00:00,20260201_193427_37b8d48a_StateSignal_XLE,-0.001817773850308011,-0.001817773850308011,0.9383475510596605,0.9383475510596605,0.0,0.0,0.1492777834847329,-0.001817773850308011
2023-06-14 00:00:00+00:00,20260201_193427_37b8d48a_StateSignal_XLE,0.00233881376318083,0.00233881376318083,0.9405421712267258,0.9405421712267258,0.0,0.0,0.1492777834847329,0.00233881376318083
2023-06-15 00:00:00+00:00,20260201_193427_37b8d48a_StateSignal_XLE,-0.0025421618173537223,-0.0025421618173537223,0.9381511608314222,0.9381511608314222,0.0,0.0,0.1492777834847329,-0.0025421618173537223
2023-06-16 00:00:00+00:00,20260201_193427_37b8d48a_StateSignal_XLE,0.0018604353620711824,0.0018604353620711824,0.9398965304260012,0.9398965304260012,0.0,0.0,0.1492777834847329,0.0018604353620711824
2023-06-20 00:00:00+00:00,20260201_193427_37b8d48a_StateSignal_XLE,-0.005941146289908161,-0.005941146289908161,0.9343124676413632,0.9343124676413632,0.0,0.0,1.0,-0.005941146289908161
2023-06-21 00:00:00+00:00,20260201_193427_37b8d48a_StateSignal_XLE,-0.00401594979166011,-0.00401594979166011,0.9305603156815935,0.9305603156815935,0.0,0.0,0.1492777834847329,-0.00401594979166011
2023-06-22 00:00:00+00:00,20260201_193427_37b8d48a_StateSignal_XLE,0.003001692706736961,0.003001692706736961,0.9333535717943537,0.9333535717943537,0.0,0.0,0.1492777834847329,0.003001692706736961
2023-06-23 00:00:00+00:00,20260201_193427_37b8d48a_StateSignal_XLE,-0.003043233762656842,-0.003043233762656842,0.9305131586921729,0.9305131586921729,0.0,0.0,0.1492777834847329,-0.003043233762656842
2023-06-26 00:00:00+00:00,20260201_193427_37b8d48a_StateSignal_XLE,-0.0081039985228184,-0.0081039985228184,0.9229722814286684,0.9229722814286684,0.0,0.0,1.0,-0.0081039985228184
2023-06-27 00:00:00+00:00,20260201_193427_37b8d48a_StateSignal_XLE,0.0026568493707562614,0.0026568493707562614,0.9254244797538075,0.9254244797538075,0.0,0.0,0.1492777834847329,0.0026568493707562614
2023-06-28 00:00:00+00:00,20260201_193427_37b8d48a_StateSignal_XLE,-0.0019313014693862485,-0.0019313014693862485,0.923637206096253,0.923637206096253,0.0,0.0,1.0,-0.0019313014693862485
2023-06-29 00:00:00+00:00,20260201_193427_37b8d48a_StateSignal_XLE,0.001680750728961676,0.001680750728961676,0.9251896100036953,0.9251896100036953,0.0,0.0,0.1492777834847329,0.001680750728961676
2023-06-30 00:00:00+00:00,20260201_193427_37b8d48a_StateSignal_XLE,0.006261079388981017,0.006261079388981017,0.9309822956017888,0.9309822956017888,0.0,0.0,1.0,0.006261079388981017
2023-07-03 00:00:00+00:00,20260201_193427_37b8d48a_StateSignal_XLE,0.01748531434101963,0.01748531434101963,0.9472608136863101,0.9472608136863101,0.0,0.0,1.0,0.01748531434101963
2023-07-05 00:00:00+00:00,20260201_193427_37b8d48a_StateSignal_XLE,0.005053874302678896,0.005053874302678896,0.9520481507705341,0.9520481507705341,0.0,0.0,1.0,0.005053874302678896
2023-07-06 00:00:00+00:00,20260201_193427_37b8d48a_StateSignal_XLE,-0.012011354870177904,-0.012011354870177904,0.9406127625781325,0.9406127625781325,0.0,0.0,1.0,-0.012011354870177904
2023-07-07 00:00:00+00:00,20260201_193427_37b8d48a_StateSignal_XLE,-0.0028009289811198987,-0.0028009289811198987,0.9379781730314162,0.9379781730314162,0.0,0.0,0.10612594771778563,-0.0028009289811198987
2023-07-10 00:00:00+00:00,20260201_193427_37b8d48a_StateSignal_XLE,0.021007456483167264,0.021007456483167264,0.9576827086835343,0.9576827086835343,0.0,0.0,1.0,0.021007456483167264
2023-07-11 00:00:00+00:00,20260201_193427_37b8d48a_StateSignal_XLE,0.001281557944894809,0.001281557944894809,0.9589100345675361,0.9589100345675361,0.0,0.0,0.10612594771778563,0.001281557944894809
2023-07-12 00:00:00+00:00,20260201_193427_37b8d48a_StateSignal_XLE,0.017189369424452483,0.017189369424452483,0.975393093396532,0.975393093396532,0.0,0.0,1.0,0.017189369424452483
2023-07-13 00:00:00+00:00,20260201_193427_37b8d48a_StateSignal_XLE,0.001244812303238301,0.001244812303238301,0.9766072747196857,0.9766072747196857,0.0,0.0,0.10612594771778563,0.001244812303238301
2023-07-14 00:00:00+00:00,20260201_193427_37b8d48a_StateSignal_XLE,-0.001815588619602515,-0.001815588619602515,0.9748341576658835,0.9748341576658835,0.0,0.0,1.0,-0.001815588619602515
2023-07-17 00:00:00+00:00,20260201_193427_37b8d48a_StateSignal_XLE,-0.0022272789724759874,-0.0022272789724759874,0.972662930044863,0.972662930044863,0.0,0.0,0.10612594771778563,-0.0022272789724759874
2023-07-18 00:00:00+00:00,20260201_193427_37b8d48a_StateSignal_XLE,-0.011197131115487036,-0.011197131115487036,0.9617718956859769,0.9617718956859769,0.0,0.0,1.0,-0.011197131115487036
2023-07-19 00:00:00+00:00,20260201_193427_37b8d48a_StateSignal_XLE,0.002140617166010053,0.002140617166010053,0.9638306811156684,0.9638306811156684,0.0,0.0,0.10612594771778563,0.002140617166010053
2023-07-20 00:00:00+00:00,20260201_193427_37b8d48a_StateSignal_XLE,0.002886004889135041,0.002886004889135041,0.9666123011736666,0.9666123011736666,0.0,0.0,1.0,0.002886004889135041
2023-07-21 00:00:00+00:00,20260201_193427_37b8d48a_StateSignal_XLE,0.003400029429461604,0.003400029429461604,0.9698988114445367,0.9698988114445367,0.0,0.0,1.0,0.003400029429461604
2023-07-24 00:00:00+00:00,20260201_193427_37b8d48a_StateSignal_XLE,0.012196855496237724,0.012196855496237724,0.9817285270936984,0.9817285270936984,0.0,0.0,1.0,0.012196855496237724
2023-07-25 00:00:00+00:00,20260201_193427_37b8d48a_StateSignal_XLE,0.0024086739255150245,0.0024086739255150245,0.9840931909988432,0.9840931909988432,0.0,0.0,0.10612594771778563,0.0024086739255150245
2023-07-26 00:00:00+00:00,20260201_193427_37b8d48a_StateSignal_XLE,-0.0007567158893060366,-0.0007567158893060366,0.9833485120446565,0.9833485120446565,0.0,0.0,1.0,-0.0007567158893060366
2023-07-27 00:00:00+00:00,20260201_193427_37b8d48a_StateSignal_XLE,0.0007567158893060366,0.0007567158893060366,0.9840926274884461,0.9840926274884461,0.0,0.0,1.0,0.0007567158893060366
2023-07-28 00:00:00+00:00,20260201_193427_37b8d48a_StateSignal_XLE,0.004026175544400434,0.004026175544400434,0.9880547571586648,0.9880547571586648,0.0,0.0,1.0,0.004026175544400434
2023-07-31 00:00:00+00:00,20260201_193427_37b8d48a_StateSignal_XLE,-0.001206141950329087,-0.001206141950329087,0.9868630228668335,0.9868630228668335,0.0,0.0,0.10612594771778563,-0.001206141950329087
2023-08-01 00:00:00+00:00,20260201_193427_37b8d48a_StateSignal_XLE,0.0024514238810448077,0.0024514238810448077,0.9892822424484093,0.9892822424484093,0.0,0.0,0.10612594771778563,0.0024514238810448077
2023-08-02 00:00:00+00:00,20260201_193427_37b8d48a_StateSignal_XLE,-0.012739025777429802,-0.012739025777429802,0.9766797504607055,0.9766797504607055,0.0,0.0,1.0,-0.012739025777429802
2023-08-03 00:00:00+00:00,20260201_193427_37b8d48a_StateSignal_XLE,-0.0018717531255215527,-0.0018717531255215527,0.974851647085147,0.974851647085147,0.0,0.0,0.19500562452308137,-0.0018717531255215527
2023-08-04 00:00:00+00:00,20260201_193427_37b8d48a_StateSignal_XLE,0.021344187560684347,0.021344187560684347,0.9956590634843745,0.9956590634843745,0.0,0.0,1.0,0.021344187560684347
2023-08-07 00:00:00+00:00,20260201_193427_37b8d48a_StateSignal_XLE,0.0014961524599194686,0.0014961524599194686,0.9971487212414478,0.9971487212414478,0.0,0.0,0.19500562452308137,0.0014961524599194686
2023-08-08 00:00:00+00:00,20260201_193427_37b8d48a_StateSignal_XLE,-0.009412999896139418,-0.009412999896139418,0.9877625604319665,0.9877625604319665,0.0,0.0,1.0,-0.009412999896139418
2023-08-09 00:00:00+00:00,20260201_193427_37b8d48a_StateSignal_XLE,-0.0017550624674433587,-0.0017550624674433587,0.9860289754354066,0.9860289754354066,0.0,0.0,0.19500562452308137,-0.0017550624674433587
2023-08-10 00:00:00+00:00,20260201_193427_37b8d48a_StateSignal_XLE,0.004645514959513223,0.004645514959513223,0.9906095877913053,0.9906095877913053,0.0,0.0,0.19500562452308137,0.004645514959513223
2023-08-11 00:00:00+00:00,20260201_193427_37b8d48a_StateSignal_XLE,0.0010016209167658123,0.0010016209167658123,0.9916018030747857,0.9916018030747857,0.0,0.0,0.19500562452308137,0.0010016209167658123
2023-08-14 00:00:00+00:00,20260201_193427_37b8d48a_StateSignal_XLE,0.002035024378938588,0.002035024378938588,0.9936197369182425,0.9936197369182425,0.0,0.0,0.19500562452308137,0.002035024378938588
2023-08-15 00:00:00+00:00,20260201_193427_37b8d48a_StateSignal_XLE,-0.0007547396921083263,-0.0007547396921083263,0.9928698126639279,0.9928698126639279,0.0,0.0,0.19500562452308137,-0.0007547396921083263
2023-08-16 00:00:00+00:00,20260201_193427_37b8d48a_StateSignal_XLE,-0.003481058469301625,-0.003481058469301625,0.9894135747936403,0.9894135747936403,0.0,0.0,0.19500562452308137,-0.003481058469301625
2023-08-17 00:00:00+00:00,20260201_193427_37b8d48a_StateSignal_XLE,4.8107962381141106e-05,4.8107962381141106e-05,0.9894611734646759,0.9894611734646759,0.0,0.0,0.19500562452308137,4.8107962381141106e-05
2023-08-18 00:00:00+00:00,20260201_193427_37b8d48a_StateSignal_XLE,0.001294448972434207,0.001294448972434207,0.9907419804639308,0.9907419804639308,0.0,0.0,0.19500562452308137,0.001294448972434207
2023-08-21 00:00:00+00:00,20260201_193427_37b8d48a_StateSignal_XLE,0.0009796718882975064,0.0009796718882975064,0.9917125825307476,0.9917125825307476,0.0,0.0,1.0,0.0009796718882975064
2023-08-22 00:00:00+00:00,20260201_193427_37b8d48a_StateSignal_XLE,-0.006877944087655852,-0.006877944087655852,0.9848916388370763,0.9848916388370763,0.0,0.0,1.0,-0.006877944087655852
2023-08-23 00:00:00+00:00,20260201_193427_37b8d48a_StateSignal_XLE,0.0012316789338826517,0.0012316789338826517,0.9861047091207891,0.9861047091207891,0.0,0.0,1.0,0.0012316789338826517
2023-08-24 00:00:00+00:00,20260201_193427_37b8d48a_StateSignal_XLE,-0.002901922964151701,-0.002901922964151701,0.9832431092203333,0.9832431092203333,0.0,0.0,0.19500562452308137,-0.002901922964151701
2023-08-25 00:00:00+00:00,20260201_193427_37b8d48a_StateSignal_XLE,0.0009721138003970486,0.0009721138003970486,0.9841989334159518,0.9841989334159518,0.0,0.0,0.19500562452308137,0.0009721138003970486
2023-08-28 00:00:00+00:00,20260201_193427_37b8d48a_StateSignal_XLE,0.00029069166802568727,0.00029069166802568727,0.9844850318455756,0.9844850318455756,0.0,0.0,0.19500562452308137,0.00029069166802568727
2023-08-29 00:00:00+00:00,20260201_193427_37b8d48a_StateSignal_XLE,0.0013027765544795802,0.0013027765544795802,0.9857675958633,0.9857675958633,0.0,0.0,0.19500562452308137,0.0013027765544795802
2023-08-30 00:00:00+00:00,20260201_193427_37b8d48a_StateSignal_XLE,-0.0004933399212045941,-0.0004933399212045941,0.9852812773552307,0.9852812773552307,0.0,0.0,1.0,-0.0004933399212045941
2023-08-31 00:00:00+00:00,20260201_193427_37b8d48a_StateSignal_XLE,0.00982084986409415,0.00982084986409415,0.9949575768540394,0.9949575768540394,0.0,0.0,1.0,0.00982084986409415
2023-09-01 00:00:00+00:00,20260201_193427_37b8d48a_StateSignal_XLE,-0.0014669929281256877,-0.0014669929281256877,0.9934979811250094,0.9934979811250094,0.0,0.0,1.0,-0.0014669929281256877
2023-09-05 00:00:00+00:00,20260201_193427_37b8d48a_StateSignal_XLE,0.004181841131748272,0.004181841131748272,0.9976526318467869,0.9976526318467869,0.0,0.0,0.2534261216847699,0.004181841131748272
2023-09-06 00:00:00+00:00,20260201_193427_37b8d48a_StateSignal_XLE,0.005132092079380969,0.005132092079380969,1.0027726770166614,1.0027726770166614,0.0,0.0,0.2534261216847699,0.005132092079380969
2023-09-07 00:00:00+00:00,20260201_193427_37b8d48a_StateSignal_XLE,-0.01138532222512545,-0.01138532222512545,0.991355786970275,0.991355786970275,0.0,0.0,1.0,-0.01138532222512545
2023-09-08 00:00:00+00:00,20260201_193427_37b8d48a_StateSignal_XLE,0.0012062189439123311,0.0012062189439123311,0.9925515791006757,0.9925515791006757,0.0,0.0,0.2534261216847699,0.0012062189439123311
2023-09-11 00:00:00+00:00,20260201_193427_37b8d48a_StateSignal_XLE,0.009922122506316189,0.009922122506316189,1.0023997974623502,1.0023997974623502,0.0,0.0,1.0,0.009922122506316189
2023-09-12 00:00:00+00:00,20260201_193427_37b8d48a_StateSignal_XLE,-0.0034186505714364104,-0.0034186505714364104,0.9989729428219478,0.9989729428219478,0.0,0.0,0.2534261216847699,-0.0034186505714364104
2023-09-13 00:00:00+00:00,20260201_193427_37b8d48a_StateSignal_XLE,0.0048443990390044465,0.0048443990390044465,1.0038123663861458,1.0038123663861458,0.0,0.0,0.2534261216847699,0.0048443990390044465
2023-09-14 00:00:00+00:00,20260201_193427_37b8d48a_StateSignal_XLE,-0.007272759329079559,-0.007272759329079559,0.9965118806338655,0.9965118806338655,0.0,0.0,1.0,-0.007272759329079559
2023-09-15 00:00:00+00:00,20260201_193427_37b8d48a_StateSignal_XLE,0.0030251341548830665,0.0030251341548830665,0.9995264627597178,0.9995264627597178,0.0,0.0,0.2534261216847699,0.0030251341548830665
2023-09-18 00:00:00+00:00,20260201_193427_37b8d48a_StateSignal_XLE,-0.0065359709797854215,-0.0065359709797854215,0.9929935868055927,0.9929935868055927,0.0,0.0,1.0,-0.0065359709797854215
2023-09-19 00:00:00+00:00,20260201_193427_37b8d48a_StateSignal_XLE,0.0009478313869944735,0.0009478313869944735,0.9939347772942512,0.9939347772942512,0.0,0.0,0.2534261216847699,0.0009478313869944735
2023-09-20 00:00:00+00:00,20260201_193427_37b8d48a_StateSignal_XLE,-0.01008333083119739,-0.01008333083119739,0.9839126041101607,0.9839126041101607,0.0,0.0,1.0,-0.01008333083119739
2023-09-21 00:00:00+00:00,20260201_193427_37b8d48a_StateSignal_XLE,-0.0007776565955519517,-0.0007776565955519517,0.9831474579841277,0.9831474579841277,0.0,0.0,0.2534261216847699,-0.0007776565955519517
2023-09-22 00:00:00+00:00,20260201_193427_37b8d48a_StateSignal_XLE,-0.01668691878501427,-0.01668691878501427,0.9667417561990533,0.9667417561990533,0.0,0.0,1.0,-0.01668691878501427
2023-09-25 00:00:00+00:00,20260201_193427_37b8d48a_StateSignal_XLE,-0.0004878271413618526,-0.0004878271413618526,0.9662701533316916,0.9662701533316916,0.0,0.0,0.2534261216847699,-0.0004878271413618526
2023-09-26 00:00:00+00:00,20260201_193427_37b8d48a_StateSignal_XLE,0.008394341173418862,0.008394341173418862,0.9743813546644496,0.9743813546644496,0.0,0.0,1.0,0.008394341173418862
2023-09-27 00:00:00+00:00,20260201_193427_37b8d48a_StateSignal_XLE,0.0,0.0,0.9743813546644496,0.9743813546644496,0.0,0.0,1.0,0.0
2023-09-28 00:00:00+00:00,20260201_193427_37b8d48a_StateSignal_XLE,0.004855858991983246,0.004855858991983246,0.9791128131271177,0.9791128131271177,0.0,0.0,0.2534261216847699,0.004855858991983246
2023-09-29 00:00:00+00:00,20260201_193427_37b8d48a_StateSignal_XLE,0.0008891113845000399,0.0008891113845000399,0.9799833534759789,0.9799833534759789,0.0,0.0,0.2534261216847699,0.0008891113845000399
2023-10-02 00:00:00+00:00,20260201_193427_37b8d48a_StateSignal_XLE,-0.006656668396501537,-0.006656668396501537,0.9734599292577977,0.9734599292577977,0.0,0.0,0.3486426886000301,-0.006656668396501537
2023-10-03 00:00:00+00:00,20260201_193427_37b8d48a_StateSignal_XLE,-0.008822613765726565,-0.008822613765726565,0.9648714682855446,0.9648714682855446,0.0,0.0,0.3486426886000301,-0.008822613765726565
2023-10-04 00:00:00+00:00,20260201_193427_37b8d48a_StateSignal_XLE,-0.005384251871908052,-0.005384251871908052,0.9596763572762775,0.9596763572762775,0.0,0.0,1.0,-0.005384251871908052
2023-10-05 00:00:00+00:00,20260201_193427_37b8d48a_StateSignal_XLE,-0.007349219059779758,-0.007349219059779758,0.9526234855001626,0.9526234855001626,0.0,0.0,0.3486426886000301,-0.007349219059779758
2023-10-06 00:00:00+00:00,20260201_193427_37b8d48a_StateSignal_XLE,-0.003336319130697031,-0.003336319130697031,0.9494452295411372,0.9494452295411372,0.0,0.0,0.3486426886000301,-0.003336319130697031
2023-10-09 00:00:00+00:00,20260201_193427_37b8d48a_StateSignal_XLE,0.0032489290591528166,0.0032489290591528166,0.9525299097374674,0.9525299097374674,0.0,0.0,0.3486426886000301,0.0032489290591528166
2023-10-10 00:00:00+00:00,20260201_193427_37b8d48a_StateSignal_XLE,0.010757446268066254,0.010757446268066254,0.9627766990601941,0.9627766990601941,0.0,0.0,0.3486426886000301,0.010757446268066254
2023-10-11 00:00:00+00:00,20260201_193427_37b8d48a_StateSignal_XLE,0.0016908019976677236,0.0016908019976677236,0.9644045638262732,0.9644045638262732,0.0,0.0,0.3486426886000301,0.0016908019976677236
2023-10-12 00:00:00+00:00,20260201_193427_37b8d48a_StateSignal_XLE,-0.008105358421289238,-0.008105358421289238,0.9565877191733341,0.9565877191733341,0.0,0.0,0.3486426886000301,-0.008105358421289238
2023-10-13 00:00:00+00:00,20260201_193427_37b8d48a_StateSignal_XLE,0.011079763721143276,0.011079763721143276,0.967186485080322,0.967186485080322,0.0,0.0,1.0,0.011079763721143276
2023-10-16 00:00:00+00:00,20260201_193427_37b8d48a_StateSignal_XLE,0.005673242397334971,0.005673242397334971,0.972673568453609,0.972673568453609,0.0,0.0,0.3486426886000301,0.005673242397334971
2023-10-17 00:00:00+00:00,20260201_193427_37b8d48a_StateSignal_XLE,0.0025940173300834286,0.0025940173300834286,0.9751967005466916,0.9751967005466916,0.0,0.0,0.3486426886000301,0.0025940173300834286
2023-10-18 00:00:00+00:00,20260201_193427_37b8d48a_StateSignal_XLE,0.009519348419686935,0.009519348419686935,0.9844799377169247,0.9844799377169247,0.0,0.0,1.0,0.009519348419686935
2023-10-19 00:00:00+00:00,20260201_193427_37b8d48a_StateSignal_XLE,0.0036963288830912907,0.0036963288830912907,0.9881188993455317,0.9881188993455317,0.0,0.0,0.3486426886000301,0.0036963288830912907
2023-10-20 00:00:00+00:00,20260201_193427_37b8d48a_StateSignal_XLE,0.001060572937153146,0.001060572937153146,0.9891668715088671,0.9891668715088671,0.0,0.0,0.3486426886000301,0.001060572937153146
2023-10-23 00:00:00+00:00,20260201_193427_37b8d48a_StateSignal_XLE,-0.005252719901344535,-0.005252719901344535,0.9839710549971417,0.9839710549971417,0.0,0.0,0.3486426886000301,-0.005252719901344535
2023-10-24 00:00:00+00:00,20260201_193427_37b8d48a_StateSignal_XLE,-0.0059213553205684066,-0.0059213553205684066,0.978144612755349,0.978144612755349,0.0,0.0,0.3486426886000301,-0.0059213553205684066
2023-10-25 00:00:00+00:00,20260201_193427_37b8d48a_StateSignal_XLE,-0.014336292191827749,-0.014336292191827749,0.9641216457810261,0.9641216457810261,0.0,0.0,1.0,-0.014336292191827749
2023-10-26 00:00:00+00:00,20260201_193427_37b8d48a_StateSignal_XLE,-0.009343564410265959,-0.009343564410265959,0.9551133130843394,0.9551133130843394,0.0,0.0,1.0,-0.009343564410265959
2023-10-27 00:00:00+00:00,20260201_193427_37b8d48a_StateSignal_XLE,-0.0018133778244701704,-0.0018133778244701704,0.953381331782536,0.953381331782536,0.0,0.0,0.3486426886000301,-0.0018133778244701704
2023-10-30 00:00:00+00:00,20260201_193427_37b8d48a_StateSignal_XLE,-0.007437759432283872,-0.007437759432283872,0.9462903107895071,0.9462903107895071,0.0,0.0,0.3486426886000301,-0.007437759432283872
2023-10-31 00:00:00+00:00,20260201_193427_37b8d48a_StateSignal_XLE,-0.007895112957151174,-0.007895112957151174,0.9388192418955662,0.9388192418955662,0.0,0.0,1.0,-0.007895112957151174
2023-11-01 00:00:00+00:00,20260201_193427_37b8d48a_StateSignal_XLE,0.009416025797857941,0.009416025797857941,0.9476591880967803,0.9476591880967803,0.0,0.0,1.0,0.009416025797857941
2023-11-02 00:00:00+00:00,20260201_193427_37b8d48a_StateSignal_XLE,0.008575084070769456,0.008575084070769456,0.9557854453051473,0.9557854453051473,0.0,0.0,1.0,0.008575084070769456
2023-11-03 00:00:00+00:00,20260201_193427_37b8d48a_StateSignal_XLE,0.011982170316586771,0.011982170316586771,0.9672378292969083,0.9672378292969083,0.0,0.0,1.0,0.011982170316586771
2023-11-06 00:00:00+00:00,20260201_193427_37b8d48a_StateSignal_XLE,-0.0004964011022754455,-0.0004964011022754455,0.9667576913722827,0.9667576913722827,0.0,0.0,1.0,-0.0004964011022754455
2023-11-07 00:00:00+00:00,20260201_193427_37b8d48a_StateSignal_XLE,-0.004728141195946112,-0.004728141195946112,0.9621867245052077,0.9621867245052077,0.0,0.0,1.0,-0.004728141195946112
2023-11-08 00:00:00+00:00,20260201_193427_37b8d48a_StateSignal_XLE,-0.033480174971577625,-0.033480174971577625,0.9299725446134441,0.9299725446134441,0.0,0.0,1.0,-0.033480174971577625
2023-11-09 00:00:00+00:00,20260201_193427_37b8d48a_StateSignal_XLE,-0.004912744205254782,-0.004912744205254782,0.9254038273838484,0.9254038273838484,0.0,0.0,1.0,-0.004912744205254782
2023-11-10 00:00:00+00:00,20260201_193427_37b8d48a_StateSignal_XLE,-0.004155850137172568,-0.004155850137172568,0.9215579877608753,0.9215579877608753,0.0,0.0,1.0,-0.004155850137172568
2023-11-13 00:00:00+00:00,20260201_193427_37b8d48a_StateSignal_XLE,0.002080083953328149,0.002080083953328149,0.9234749057432781,0.9234749057432781,0.0,0.0,1.0,0.002080083953328149
2023-11-14 00:00:00+00:00,20260201_193427_37b8d48a_StateSignal_XLE,0.013928520251153209,0.013928520251153209,0.9363375446693551,0.9363375446693551,0.0,0.0,1.0,0.013928520251153209
2023-11-15 00:00:00+00:00,20260201_193427_37b8d48a_StateSignal_XLE,0.009179054758996052,0.009179054758996052,0.9449322382647791,0.9449322382647791,0.0,0.0,1.0,0.009179054758996052
2023-11-16 00:00:00+00:00,20260201_193427_37b8d48a_StateSignal_XLE,0.004810744814151224,0.004810744814151224,0.9494780661297357,0.9494780661297357,0.0,0.0,1.0,0.004810744814151224
2023-11-17 00:00:00+00:00,20260201_193427_37b8d48a_StateSignal_XLE,-0.03600285988061458,-0.03600285988061458,0.91529414035515,0.91529414035515,0.0,0.0,1.0,-0.03600285988061458
2023-11-20 00:00:00+00:00,20260201_193427_37b8d48a_StateSignal_XLE,0.027632487610890433,0.027632487610890433,0.9405859943488343,0.9405859943488343,0.0,0.0,1.0,0.027632487610890433
2023-11-21 00:00:00+00:00,20260201_193427_37b8d48a_StateSignal_XLE,0.0063476155749842,0.0063476155749842,0.9465564726561749,0.9465564726561749,0.0,0.0,1.0,0.0063476155749842
2023-11-22 00:00:00+00:00,20260201_193427_37b8d48a_StateSignal_XLE,-0.005838320937034069,-0.005838320937034069,0.9410301721837813,0.9410301721837813,0.0,0.0,1.0,-0.005838320937034069
2023-11-24 00:00:00+00:00,20260201_193427_37b8d48a_StateSignal_XLE,-0.006641148291299803,-0.006641148291299803,0.9347806512637213,0.9347806512637213,0.0,0.0,1.0,-0.006641148291299803
2023-11-27 00:00:00+00:00,20260201_193427_37b8d48a_StateSignal_XLE,0.011973140103592517,0.011973140103592517,0.9459729109674293,0.9459729109674293,0.0,0.0,1.0,0.011973140103592517
2023-11-28 00:00:00+00:00,20260201_193427_37b8d48a_StateSignal_XLE,-0.010436648123976155,-0.010436648123976155,0.9361001245608488,0.9361001245608488,0.0,0.0,1.0,-0.010436648123976155
2023-11-29 00:00:00+00:00,20260201_193427_37b8d48a_StateSignal_XLE,0.012460428222751396,0.012460428222751396,0.9477643329722479,0.9477643329722479,0.0,0.0,1.0,0.012460428222751396
2023-11-30 00:00:00+00:00,20260201_193427_37b8d48a_StateSignal_XLE,-0.010160107719593192,-0.010160107719593192,0.9381349452564615,0.9381349452564615,0.0,0.0,1.0,-0.010160107719593192
2023-12-01 00:00:00+00:00,20260201_193427_37b8d48a_StateSignal_XLE,-0.00820307086408345,-0.00820307086408345,0.9304393578204496,0.9304393578204496,0.0,0.0,1.0,-0.00820307086408345
2023-12-04 00:00:00+00:00,20260201_193427_37b8d48a_StateSignal_XLE,0.02466122182239383,0.02466122182239383,0.9533851292159454,0.9533851292159454,0.0,0.0,1.0,0.02466122182239383
2023-12-05 00:00:00+00:00,20260201_193427_37b8d48a_StateSignal_XLE,-0.01289035920228132,-0.01289035920228132,0.9410956524422385,0.9410956524422385,0.0,0.0,1.0,-0.01289035920228132
2023-12-06 00:00:00+00:00,20260201_193427_37b8d48a_StateSignal_XLE,-0.007404604238803625,-0.007404604238803625,0.934127211585045,0.934127211585045,0.0,0.0,1.0,-0.007404604238803625
2023-12-07 00:00:00+00:00,20260201_193427_37b8d48a_StateSignal_XLE,-0.025699013254797176,-0.025699013254797176,0.9101210639928542,0.9101210639928542,0.0,0.0,1.0,-0.025699013254797176
2023-12-08 00:00:00+00:00,20260201_193427_37b8d48a_StateSignal_XLE,-0.0044801761589914335,-0.0044801761589914335,0.9060435613001575,0.9060435613001575,0.0,0.0,1.0,-0.0044801761589914335
2023-12-11 00:00:00+00:00,20260201_193427_37b8d48a_StateSignal_XLE,0.005531424613229419,0.005531424613229419,0.9110552729557913,0.9110552729557913,0.0,0.0,1.0,0.005531424613229419
2023-12-12 00:00:00+00:00,20260201_193427_37b8d48a_StateSignal_XLE,0.004455517788794605,0.004455517788794605,0.9151144959310209,0.9151144959310209,0.0,0.0,1.0,0.004455517788794605
2023-12-13 00:00:00+00:00,20260201_193427_37b8d48a_StateSignal_XLE,-0.015549133937298176,-0.015549133937298176,0.9008852580658263,0.9008852580658263,0.0,0.0,1.0,-0.015549133937298176
2023-12-14 00:00:00+00:00,20260201_193427_37b8d48a_StateSignal_XLE,0.0026525214491308624,0.0026525214491308624,0.9032748755360517,0.9032748755360517,0.0,0.0,1.0,0.0026525214491308624
2023-12-15 00:00:00+00:00,20260201_193427_37b8d48a_StateSignal_XLE,0.040747819583932365,0.040747819583932365,0.9400813571990937,0.9400813571990937,0.0,0.0,1.0,0.040747819583932365
2023-12-18 00:00:00+00:00,20260201_193427_37b8d48a_StateSignal_XLE,-0.009968133656601541,-0.009968133656601541,0.9307105005824537,0.9307105005824537,0.0,0.0,1.0,-0.009968133656601541
2023-12-19 00:00:00+00:00,20260201_193427_37b8d48a_StateSignal_XLE,0.019334105172609473,0.019334105172609473,0.9487049552859669,0.9487049552859669,0.0,0.0,1.0,0.019334105172609473
2023-12-20 00:00:00+00:00,20260201_193427_37b8d48a_StateSignal_XLE,0.0027676454954179697,0.0027676454954179697,0.9513306342819448,0.9513306342819448,0.0,0.0,1.0,0.0027676454954179697
2023-12-21 00:00:00+00:00,20260201_193427_37b8d48a_StateSignal_XLE,0.00925353608079904,0.00925353608079904,0.9601338066310422,0.9601338066310422,0.0,0.0,1.0,0.00925353608079904
2023-12-22 00:00:00+00:00,20260201_193427_37b8d48a_StateSignal_XLE,-0.019100857164278562,-0.019100857164278562,0.9417944279319876,0.9417944279319876,0.0,0.0,1.0,-0.019100857164278562
2023-12-26 00:00:00+00:00,20260201_193427_37b8d48a_StateSignal_XLE,0.013108329868217528,0.013108329868217528,0.9541397799613693,0.9541397799613693,0.0,0.0,1.0,0.013108329868217528
2023-12-27 00:00:00+00:00,20260201_193427_37b8d48a_StateSignal_XLE,0.008727146775231898,0.008727146775231898,0.9624666978651797,0.9624666978651797,0.0,0.0,1.0,0.008727146775231898
2023-12-28 00:00:00+00:00,20260201_193427_37b8d48a_StateSignal_XLE,-0.0054767376126894085,-0.0054767376126894085,0.9571955203000205,0.9571955203000205,0.0,0.0,1.0,-0.0054767376126894085
2023-12-29 00:00:00+00:00,20260201_193427_37b8d48a_StateSignal_XLE,-0.010791923035328388,-0.010791923035328388,0.9468655399151816,0.9468655399151816,0.0,0.0,1.0,-0.010791923035328388
2024-01-02 00:00:00+00:00,20260201_193427_37b8d48a_StateSignal_XLE,-0.010399586434143515,-0.010399586434143515,0.9370185298913217,0.9370185298913217,0.0,0.0,1.0,-0.010399586434143515
2024-01-03 00:00:00+00:00,20260201_193427_37b8d48a_StateSignal_XLE,0.016688124325437315,0.016688124325437315,0.9526556116133866,0.9526556116133866,0.0,0.0,1.0,0.016688124325437315
2024-01-04 00:00:00+00:00,20260201_193427_37b8d48a_StateSignal_XLE,0.00350438406194975,0.00350438406194975,0.9559940827552516,0.9559940827552516,0.0,0.0,1.0,0.00350438406194975
2024-01-05 00:00:00+00:00,20260201_193427_37b8d48a_StateSignal_XLE,-0.0010000000833336742,-0.0010000000833336742,0.9550380885928298,0.9550380885928298,0.0,0.0,1.0,-0.0010000000833336742
2024-01-08 00:00:00+00:00,20260201_193427_37b8d48a_StateSignal_XLE,-0.005266469852654332,-0.005266469852654332,0.9500084092911191,0.9500084092911191,0.0,0.0,1.0,-0.005266469852654332
2024-01-09 00:00:00+00:00,20260201_193427_37b8d48a_StateSignal_XLE,-0.023662215796475206,-0.023662215796475206,0.9275291053020065,0.9275291053020065,0.0,0.0,1.0,-0.023662215796475206
2024-01-10 00:00:00+00:00,20260201_193427_37b8d48a_StateSignal_XLE,-0.0030943810147481265,-0.0030943810147481265,0.9246589768479336,0.9246589768479336,0.0,0.0,1.0,-0.0030943810147481265
2024-01-11 00:00:00+00:00,20260201_193427_37b8d48a_StateSignal_XLE,-0.012997323596249277,-0.012997323596249277,0.9126408849096642,0.9126408849096642,0.0,0.0,1.0,-0.012997323596249277
2024-01-12 00:00:00+00:00,20260201_193427_37b8d48a_StateSignal_XLE,0.004438070200579514,0.004438070200579514,0.9166912492248123,0.9166912492248123,0.0,0.0,1.0,0.004438070200579514
2024-01-16 00:00:00+00:00,20260201_193427_37b8d48a_StateSignal_XLE,0.005455267458078783,0.005455267458078783,0.9216920451658139,0.9216920451658139,0.0,0.0,1.0,0.005455267458078783
2024-01-17 00:00:00+00:00,20260201_193427_37b8d48a_StateSignal_XLE,-0.013300495980272498,-0.013300495980272498,0.9094330838240369,0.9094330838240369,0.0,0.0,1.0,-0.013300495980272498
2024-01-18 00:00:00+00:00,20260201_193427_37b8d48a_StateSignal_XLE,-0.014012126150450221,-0.014012126150450221,0.8966899927281015,0.8966899927281015,0.0,0.0,1.0,-0.014012126150450221
2024-01-19 00:00:00+00:00,20260201_193427_37b8d48a_StateSignal_XLE,-0.006946327690292797,-0.006946327690292797,0.8904612902020058,0.8904612902020058,0.0,0.0,1.0,-0.006946327690292797
2024-01-22 00:00:00+00:00,20260201_193427_37b8d48a_StateSignal_XLE,0.002142475377647113,0.002142475377647113,0.8923690815910115,0.8923690815910115,0.0,0.0,1.0,0.002142475377647113
2024-01-23 00:00:00+00:00,20260201_193427_37b8d48a_StateSignal_XLE,0.004271229130945908,0.004271229130945908,0.8961805944078585,0.8961805944078585,0.0,0.0,1.0,0.004271229130945908
2024-01-24 00:00:00+00:00,20260201_193427_37b8d48a_StateSignal_XLE,0.006902071467179471,0.006902071467179471,0.9023660969179609,0.9023660969179609,0.0,0.0,1.0,0.006902071467179471
2024-01-25 00:00:00+00:00,20260201_193427_37b8d48a_StateSignal_XLE,0.013401856087015496,0.013401856087015496,0.9144594774866572,0.9144594774866572,0.0,0.0,1.0,0.013401856087015496
2024-01-26 00:00:00+00:00,20260201_193427_37b8d48a_StateSignal_XLE,0.0046875085830970775,0.0046875085830970775,0.9187460141362704,0.9187460141362704,0.0,0.0,1.0,0.0046875085830970775
2024-01-29 00:00:00+00:00,20260201_193427_37b8d48a_StateSignal_XLE,0.012906735698851257,0.012906735698851257,0.9306040261151003,0.9306040261151003,0.0,0.0,1.0,0.012906735698851257
2024-01-30 00:00:00+00:00,20260201_193427_37b8d48a_StateSignal_XLE,0.005626613309734463,0.005626613309734463,0.935840175114532,0.935840175114532,0.0,0.0,1.0,0.005626613309734463
2024-01-31 00:00:00+00:00,20260201_193427_37b8d48a_StateSignal_XLE,0.006609073370515528,0.006609073370515528,0.94202521149494,0.94202521149494,0.0,0.0,1.0,0.006609073370515528
2024-02-01 00:00:00+00:00,20260201_193427_37b8d48a_StateSignal_XLE,-0.003044914811343613,-0.003044914811343613,0.9391568249758,0.9391568249758,0.0,0.0,1.0,-0.003044914811343613
2024-02-02 00:00:00+00:00,20260201_193427_37b8d48a_StateSignal_XLE,0.0010160021194023372,0.0010160021194023372,0.9401110103004265,0.9401110103004265,0.0,0.0,1.0,0.0010160021194023372
2024-02-05 00:00:00+00:00,20260201_193427_37b8d48a_StateSignal_XLE,-0.0025419434124462903,-0.0025419434124462903,0.9377213013108251,0.9377213013108251,0.0,0.0,1.0,-0.0025419434124462903
2024-02-06 00:00:00+00:00,20260201_193427_37b8d48a_StateSignal_XLE,-0.007921339490953638,-0.007921339490953638,0.9302932925352432,0.9302932925352432,0.0,0.0,1.0,-0.007921339490953638
2024-02-07 00:00:00+00:00,20260201_193427_37b8d48a_StateSignal_XLE,0.010717122224473297,0.010717122224473297,0.9402633594559511,0.9402633594559511,0.0,0.0,1.0,0.010717122224473297
2024-02-08 00:00:00+00:00,20260201_193427_37b8d48a_StateSignal_XLE,-0.007387627536465047,-0.007387627536465047,0.9333170439701052,0.9333170439701052,0.0,0.0,1.0,-0.007387627536465047
2024-02-09 00:00:00+00:00,20260201_193427_37b8d48a_StateSignal_XLE,0.01042868411224429,0.01042868411224429,0.943050312598243,0.943050312598243,0.0,0.0,1.0,0.01042868411224429
2024-02-12 00:00:00+00:00,20260201_193427_37b8d48a_StateSignal_XLE,-0.00966191091173707,-0.00966191091173707,0.933938644492633,0.933938644492633,0.0,0.0,1.0,-0.00966191091173707
2024-02-13 00:00:00+00:00,20260201_193427_37b8d48a_StateSignal_XLE,0.008395927706825734,0.008395927706825734,0.941779925834404,0.941779925834404,0.0,0.0,1.0,0.008395927706825734
2024-02-14 00:00:00+00:00,20260201_193427_37b8d48a_StateSignal_XLE,-0.005589445446338548,-0.005589445446338548,0.9365158983164958,0.9365158983164958,0.0,0.0,1.0,-0.005589445446338548
2024-02-15 00:00:00+00:00,20260201_193427_37b8d48a_StateSignal_XLE,-0.007415965454082851,-0.007415965454082851,0.9295707287673813,0.9295707287673813,0.0,0.0,1.0,-0.007415965454082851
2024-02-16 00:00:00+00:00,20260201_193427_37b8d48a_StateSignal_XLE,0.023590187142980668,0.023590187142980668,0.9514994762216408,0.9514994762216408,0.0,0.0,1.0,0.023590187142980668
2024-02-20 00:00:00+00:00,20260201_193427_37b8d48a_StateSignal_XLE,0.010225803035321945,0.010225803035321945,0.9612293224536953,0.9612293224536953,0.0,0.0,1.0,0.010225803035321945
2024-02-21 00:00:00+00:00,20260201_193427_37b8d48a_StateSignal_XLE,-0.009223547877507343,-0.009223547877507343,0.9523633777767797,0.9523633777767797,0.0,0.0,1.0,-0.009223547877507343
2024-02-22 00:00:00+00:00,20260201_193427_37b8d48a_StateSignal_XLE,0.010959013789719751,0.010959013789719751,0.9628003411666595,0.9628003411666595,0.0,0.0,1.0,0.010959013789719751
2024-02-23 00:00:00+00:00,20260201_193427_37b8d48a_StateSignal_XLE,0.0012377771106253377,0.0012377771106253377,0.9639920733910579,0.9639920733910579,0.0,0.0,1.0,0.0012377771106253377
2024-02-26 00:00:00+00:00,20260201_193427_37b8d48a_StateSignal_XLE,-0.0069513686072828484,-0.0069513686072828484,0.9572910091544178,0.9572910091544178,0.0,0.0,1.0,-0.0069513686072828484
2024-02-27 00:00:00+00:00,20260201_193427_37b8d48a_StateSignal_XLE,0.0064564415989121215,0.0064564415989121215,0.9634717026481869,0.9634717026481869,0.0,0.0,1.0,0.0064564415989121215
2024-02-28 00:00:00+00:00,20260201_193427_37b8d48a_StateSignal_XLE,-0.003968259175620492,-0.003968259175620492,0.9596483972237025,0.9596483972237025,0.0,0.0,1.0,-0.003968259175620492
2024-02-29 00:00:00+00:00,20260201_193427_37b8d48a_StateSignal_XLE,-0.0027373415126583645,-0.0027373415126583645,0.957021511828426,0.957021511828426,0.0,0.0,1.0,-0.0027373415126583645
2024-03-01 00:00:00+00:00,20260201_193427_37b8d48a_StateSignal_XLE,0.007447899373854039,0.007447899373854039,0.9641493117471378,0.9641493117471378,0.0,0.0,1.0,0.007447899373854039
2024-03-04 00:00:00+00:00,20260201_193427_37b8d48a_StateSignal_XLE,0.012779726646399148,0.012779726646399148,0.9764708763975801,0.9764708763975801,0.0,0.0,1.0,0.012779726646399148
2024-03-05 00:00:00+00:00,20260201_193427_37b8d48a_StateSignal_XLE,-0.013027098323603603,-0.013027098323603603,0.9637502942806134,0.9637502942806134,0.0,0.0,1.0,-0.013027098323603603
2024-03-06 00:00:00+00:00,20260201_193427_37b8d48a_StateSignal_XLE,0.01009239335600931,0.01009239335600931,0.9734768413474632,0.9734768413474632,0.0,0.0,1.0,0.01009239335600931
2024-03-07 00:00:00+00:00,20260201_193427_37b8d48a_StateSignal_XLE,0.005617306259303234,0.005617306259303234,0.978945158901651,0.978945158901651,0.0,0.0,1.0,0.005617306259303234
2024-03-08 00:00:00+00:00,20260201_193427_37b8d48a_StateSignal_XLE,0.003161096857201784,0.003161096857201784,0.9820396993668279,0.9820396993668279,0.0,0.0,1.0,0.003161096857201784
2024-03-11 00:00:00+00:00,20260201_193427_37b8d48a_StateSignal_XLE,-0.0009715813249102645,-0.0009715813249102645,0.9810855679346026,0.9810855679346026,0.0,0.0,1.0,-0.0009715813249102645
2024-03-12 00:00:00+00:00,20260201_193427_37b8d48a_StateSignal_XLE,0.004848494346621379,0.004848494346621379,0.9858423557642852,0.9858423557642852,0.0,0.0,1.0,0.004848494346621379
2024-03-13 00:00:00+00:00,20260201_193427_37b8d48a_StateSignal_XLE,0.009147873133760864,0.009147873133760864,0.9948607165647049,0.9948607165647049,0.0,0.0,1.0,0.009147873133760864
2024-03-14 00:00:00+00:00,20260201_193427_37b8d48a_StateSignal_XLE,0.014039492946582577,0.014039492946582577,1.0088280565777472,1.0088280565777472,0.0,0.0,1.0,0.014039492946582577
2024-03-15 00:00:00+00:00,20260201_193427_37b8d48a_StateSignal_XLE,0.008470638883508741,0.008470638883508741,1.0173734747405692,1.0173734747405692,0.0,0.0,1.0,0.008470638883508741
2024-03-18 00:00:00+00:00,20260201_193427_37b8d48a_StateSignal_XLE,0.0056074913289454464,0.0056074913289454464,1.023078387678476,1.023078387678476,0.0,0.0,1.0,0.0056074913289454464
2024-03-19 00:00:00+00:00,20260201_193427_37b8d48a_StateSignal_XLE,0.003953033865248923,0.003953033865248923,1.0271226511917733,1.0271226511917733,0.0,0.0,1.0,0.003953033865248923
2024-03-20 00:00:00+00:00,20260201_193427_37b8d48a_StateSignal_XLE,0.008780093372954045,0.008780093372954045,1.036140883974713,1.036140883974713,0.0,0.0,1.0,0.008780093372954045
2024-03-21 00:00:00+00:00,20260201_193427_37b8d48a_StateSignal_XLE,-0.0043804104624749485,-0.0043804104624749485,1.031602161605952,1.031602161605952,0.0,0.0,1.0,-0.0043804104624749485
2024-03-22 00:00:00+00:00,20260201_193427_37b8d48a_StateSignal_XLE,0.007825126235256885,0.007825126235256885,1.0396745787450825,1.0396745787450825,0.0,0.0,1.0,0.007825126235256885
2024-03-25 00:00:00+00:00,20260201_193427_37b8d48a_StateSignal_XLE,-0.0009174312570090493,-0.0009174312570090493,1.038720748789424,1.038720748789424,0.0,0.0,1.0,-0.0009174312570090493
2024-03-26 00:00:00+00:00,20260201_193427_37b8d48a_StateSignal_XLE,0.012768071312116547,0.012768071312116547,1.0519832093833426,1.0519832093833426,0.0,0.0,1.0,0.012768071312116547
2024-03-27 00:00:00+00:00,20260201_193427_37b8d48a_StateSignal_XLE,-0.010247157865245882,-0.010247157865245882,1.0412033713652034,1.0412033713652034,0.0,0.0,1.0,-0.010247157865245882
2024-03-28 00:00:00+00:00,20260201_193427_37b8d48a_StateSignal_XLE,0.0031992714673734213,0.0031992714673734213,1.044534463602945,1.044534463602945,0.0,0.0,1.0,0.0031992714673734213
2024-04-01 00:00:00+00:00,20260201_193427_37b8d48a_StateSignal_XLE,0.013146154873292737,0.013146154873292737,1.058266075431961,1.058266075431961,0.0,0.0,1.0,0.013146154873292737
2024-04-02 00:00:00+00:00,20260201_193427_37b8d48a_StateSignal_XLE,0.009858919200794514,0.009858919200794514,1.0686994351625867,1.0686994351625867,0.0,0.0,1.0,0.009858919200794514
2024-04-03 00:00:00+00:00,20260201_193427_37b8d48a_StateSignal_XLE,0.0064451828845846215,0.0064451828845846215,1.075587398470862,1.075587398470862,0.0,0.0,1.0,0.0064451828845846215
2024-04-04 00:00:00+00:00,20260201_193427_37b8d48a_StateSignal_XLE,0.015170127131642897,0.015170127131642897,1.0919041960468578,1.0919041960468578,0.0,0.0,1.0,0.015170127131642897
2024-04-05 00:00:00+00:00,20260201_193427_37b8d48a_StateSignal_XLE,0.0041371860861874055,0.0041371860861874055,1.0964216068941925,1.0964216068941925,0.0,0.0,1.0,0.0041371860861874055
2024-04-08 00:00:00+00:00,20260201_193427_37b8d48a_StateSignal_XLE,0.006929434397010326,0.006929434397010326,1.1040191884906305,1.1040191884906305,0.0,0.0,1.0,0.006929434397010326
2024-04-09 00:00:00+00:00,20260201_193427_37b8d48a_StateSignal_XLE,-0.0038918968043861746,-0.0038918968043861746,1.0997224597389628,1.0997224597389628,0.0,0.0,1.0,-0.0038918968043861746
2024-04-10 00:00:00+00:00,20260201_193427_37b8d48a_StateSignal_XLE,-0.005430663938713387,-0.005430663938713387,1.0937502366342653,1.0937502366342653,0.0,0.0,1.0,-0.005430663938713387
2024-04-11 00:00:00+00:00,20260201_193427_37b8d48a_StateSignal_XLE,0.00021779375018038394,0.00021779375018038394,1.0939884486000626,1.0939884486000626,0.0,0.0,1.0,0.00021779375018038394
2024-04-12 00:00:00+00:00,20260201_193427_37b8d48a_StateSignal_XLE,-0.005678110909661971,-0.005678110909661971,1.0877766608550223,1.0877766608550223,0.0,0.0,1.0,-0.005678110909661971
2024-04-15 00:00:00+00:00,20260201_193427_37b8d48a_StateSignal_XLE,0.00937336563076796,0.00937336563076796,1.0979727892218323,1.0979727892218323,0.0,0.0,1.0,0.00937336563076796
2024-04-16 00:00:00+00:00,20260201_193427_37b8d48a_StateSignal_XLE,-0.012883680775512385,-0.012883680775512385,1.0838268583052992,1.0838268583052992,0.0,0.0,1.0,-0.012883680775512385
2024-04-17 00:00:00+00:00,20260201_193427_37b8d48a_StateSignal_XLE,-0.019530136952518262,-0.019530136952518262,1.062659571329779,1.062659571329779,0.0,0.0,1.0,-0.019530136952518262
2024-04-18 00:00:00+00:00,20260201_193427_37b8d48a_StateSignal_XLE,-0.0026929998321918447,-0.0026929998321918447,1.059797829282511,1.059797829282511,0.0,0.0,1.0,-0.0026929998321918447
2024-04-19 00:00:00+00:00,20260201_193427_37b8d48a_StateSignal_XLE,0.0008984726570266943,0.0008984726570266943,1.0607500286540976,1.0607500286540976,0.0,0.0,1.0,0.0008984726570266943
2024-04-22 00:00:00+00:00,20260201_193427_37b8d48a_StateSignal_XLE,0.007827390964619596,0.007827390964619596,1.0690529338441046,1.0690529338441046,0.0,0.0,1.0,0.007827390964619596
2024-04-23 00:00:00+00:00,20260201_193427_37b8d48a_StateSignal_XLE,0.0037798822102574903,0.0037798822102574903,1.0730938280105655,1.0730938280105655,0.0,0.0,1.0,0.0037798822102574903
2024-04-24 00:00:00+00:00,20260201_193427_37b8d48a_StateSignal_XLE,0.0013306721857051507,0.0013306721857051507,1.074521764120151,1.074521764120151,0.0,0.0,1.0,0.0013306721857051507
2024-04-25 00:00:00+00:00,20260201_193427_37b8d48a_StateSignal_XLE,0.001992694116710325,0.001992694116710325,1.0766629573177904,1.0766629573177904,0.0,0.0,1.0,0.001992694116710325
2024-04-26 00:00:00+00:00,20260201_193427_37b8d48a_StateSignal_XLE,0.0035327923693584395,0.0035327923693584395,1.0804665839977736,1.0804665839977736,0.0,0.0,1.0,0.0035327923693584395
2024-04-29 00:00:00+00:00,20260201_193427_37b8d48a_StateSignal_XLE,-0.00841085082279136,-0.00841085082279136,1.0713789407407575,1.0713789407407575,0.0,0.0,1.0,-0.00841085082279136
2024-04-30 00:00:00+00:00,20260201_193427_37b8d48a_StateSignal_XLE,0.010832426029254272,0.010832426029254272,1.0829845738656325,1.0829845738656325,0.0,0.0,1.0,0.010832426029254272
2024-05-01 00:00:00+00:00,20260201_193427_37b8d48a_StateSignal_XLE,-0.01618122416147072,-0.01618122416147072,1.0654605577124978,1.0654605577124978,0.0,0.0,1.0,-0.01618122416147072
2024-05-02 00:00:00+00:00,20260201_193427_37b8d48a_StateSignal_XLE,-0.02856041811131771,-0.02856041811131771,1.0350305587031112,1.0350305587031112,0.0,0.0,1.0,-0.02856041811131771
2024-05-03 00:00:00+00:00,20260201_193427_37b8d48a_StateSignal_XLE,0.0025261237454419216,0.0025261237454419216,1.0376451739747092,1.0376451739747092,0.0,0.0,1.0,0.0025261237454419216
2024-05-06 00:00:00+00:00,20260201_193427_37b8d48a_StateSignal_XLE,-0.0059811542467755885,-0.0059811542467755885,1.031438858135744,1.031438858135744,0.0,0.0,1.0,-0.0059811542467755885
2024-05-07 00:00:00+00:00,20260201_193427_37b8d48a_StateSignal_XLE,0.023262166373953175,0.023262166373953175,1.055432360458258,1.055432360458258,0.0,0.0,1.0,0.023262166373953175
2024-05-08 00:00:00+00:00,20260201_193427_37b8d48a_StateSignal_XLE,-0.005424968096864546,-0.005424968096864546,1.0497066735743736,1.0497066735743736,0.0,0.0,1.0,-0.005424968096864546
2024-05-09 00:00:00+00:00,20260201_193427_37b8d48a_StateSignal_XLE,0.00022662889615387982,0.00022662889615387982,1.0499445674390913,1.0499445674390913,0.0,0.0,1.0,0.00022662889615387982
2024-05-10 00:00:00+00:00,20260201_193427_37b8d48a_StateSignal_XLE,0.00384485376963406,0.00384485376963406,1.0539814507671164,1.0539814507671164,0.0,0.0,1.0,0.00384485376963406
2024-05-13 00:00:00+00:00,20260201_193427_37b8d48a_StateSignal_XLE,0.000902527137075726,0.000902527137075726,1.0549326976284081,1.0549326976284081,0.0,0.0,1.0,0.000902527137075726
2024-05-14 00:00:00+00:00,20260201_193427_37b8d48a_StateSignal_XLE,-0.0029361963500136312,-0.0029361963500136312,1.0518352080921216,1.0518352080921216,0.0,0.0,1.0,-0.0029361963500136312
2024-05-15 00:00:00+00:00,20260201_193427_37b8d48a_StateSignal_XLE,-0.0027180084683053884,-0.0027180084683053884,1.0489763110892654,1.0489763110892654,0.0,0.0,1.0,-0.0027180084683053884
2024-05-16 00:00:00+00:00,20260201_193427_37b8d48a_StateSignal_XLE,0.003396357844232867,0.003396357844232867,1.052539010011848,1.052539010011848,0.0,0.0,1.0,0.003396357844232867
2024-05-17 00:00:00+00:00,20260201_193427_37b8d48a_StateSignal_XLE,0.003610112224099904,0.003610112224099904,1.0563387939582336,1.0563387939582336,0.0,0.0,1.0,0.003610112224099904
2024-05-20 00:00:00+00:00,20260201_193427_37b8d48a_StateSignal_XLE,0.002249719734015443,0.002249719734015443,1.0587152601888075,1.0587152601888075,0.0,0.0,1.0,0.002249719734015443
2024-05-21 00:00:00+00:00,20260201_193427_37b8d48a_StateSignal_XLE,0.005155228272561985,0.005155228272561985,1.0641731790307256,1.0641731790307256,0.0,0.0,1.0,0.005155228272561985
2024-05-22 00:00:00+00:00,20260201_193427_37b8d48a_StateSignal_XLE,-0.006954598978475168,-0.006954598978475168,1.0567722813269178,1.0567722813269178,0.0,0.0,1.0,-0.006954598978475168
2024-05-23 00:00:00+00:00,20260201_193427_37b8d48a_StateSignal_XLE,-0.0209288803716432,-0.0209288803716432,1.0346552206709583,1.0346552206709583,0.0,0.0,1.0,-0.0209288803716432
2024-05-24 00:00:00+00:00,20260201_193427_37b8d48a_StateSignal_XLE,-0.0011500863832369923,-0.0011500863832369923,1.0334652777903195,1.0334652777903195,0.0,0.0,1.0,-0.0011500863832369923
2024-05-28 00:00:00+00:00,20260201_193427_37b8d48a_StateSignal_XLE,-0.005307500632661277,-0.005307500632661277,1.027980160174614,1.027980160174614,0.0,0.0,1.0,-0.005307500632661277
2024-05-29 00:00:00+00:00,20260201_193427_37b8d48a_StateSignal_XLE,0.010358016418729576,0.010358016418729576,1.0386279955518307,1.0386279955518307,0.0,0.0,1.0,0.010358016418729576
2024-05-30 00:00:00+00:00,20260201_193427_37b8d48a_StateSignal_XLE,-0.020590663843210066,-0.020590663843210066,1.0172419556372758,1.0172419556372758,0.0,0.0,1.0,-0.020590663843210066
2024-05-31 00:00:00+00:00,20260201_193427_37b8d48a_StateSignal_XLE,0.0018682863911712033,0.0018682863911712033,1.0191424549395214,1.0191424549395214,0.0,0.0,1.0,0.0018682863911712033
2024-06-03 00:00:00+00:00,20260201_193427_37b8d48a_StateSignal_XLE,0.010675432087359216,0.010675432087359216,1.0300222410045727,1.0300222410045727,0.0,0.0,1.0,0.010675432087359216
2024-06-04 00:00:00+00:00,20260201_193427_37b8d48a_StateSignal_XLE,-0.008810629682154847,-0.008810629682154847,1.0209470964746983,1.0209470964746983,0.0,0.0,1.0,-0.008810629682154847
2024-06-05 00:00:00+00:00,20260201_193427_37b8d48a_StateSignal_XLE,-0.019043716459709703,-0.019043716459709703,1.0015044694490702,1.0015044694490702,0.0,0.0,1.0,-0.019043716459709703
2024-06-06 00:00:00+00:00,20260201_193427_37b8d48a_StateSignal_XLE,0.005208345107138079,0.005208345107138079,1.0067206503523023,1.0067206503523023,0.0,0.0,1.0,0.005208345107138079
2024-06-07 00:00:00+00:00,20260201_193427_37b8d48a_StateSignal_XLE,0.005885832177261463,0.005885832177261463,1.0126460391496594,1.0126460391496594,0.0,0.0,1.0,0.005885832177261463
2024-06-10 00:00:00+00:00,20260201_193427_37b8d48a_StateSignal_XLE,-0.0004695938099916752,-0.0004695938099916752,1.0121705068379623,1.0121705068379623,0.0,0.0,1.0,-0.0004695938099916752
2024-06-11 00:00:00+00:00,20260201_193427_37b8d48a_StateSignal_XLE,0.011442039600686016,0.011442039600686016,1.0237518018598486,1.0237518018598486,0.0,0.0,1.0,0.011442039600686016
2024-06-12 00:00:00+00:00,20260201_193427_37b8d48a_StateSignal_XLE,-0.008861998296148865,-0.008861998296148865,1.0146793151360873,1.0146793151360873,0.0,0.0,1.0,-0.008861998296148865
2024-06-13 00:00:00+00:00,20260201_193427_37b8d48a_StateSignal_XLE,-0.008704913219826693,-0.008704913219826693,1.0058466197518745,1.0058466197518745,0.0,0.0,1.0,-0.008704913219826693
2024-06-14 00:00:00+00:00,20260201_193427_37b8d48a_StateSignal_XLE,-0.01308140904095989,-0.01308140904095989,0.9926887286864334,0.9926887286864334,0.0,0.0,1.0,-0.01308140904095989
2024-06-17 00:00:00+00:00,20260201_193427_37b8d48a_StateSignal_XLE,-0.0057623208664217,-0.0057623208664217,0.9869685377112619,0.9869685377112619,0.0,0.0,1.0,-0.0057623208664217
2024-06-18 00:00:00+00:00,20260201_193427_37b8d48a_StateSignal_XLE,0.002405003564221797,0.002405003564221797,0.9893422005622323,0.9893422005622323,0.0,0.0,1.0,0.002405003564221797
2024-06-20 00:00:00+00:00,20260201_193427_37b8d48a_StateSignal_XLE,0.007657371706331517,0.007657371706331517,0.9969179615366973,0.9969179615366973,0.0,0.0,1.0,0.007657371706331517
2024-06-21 00:00:00+00:00,20260201_193427_37b8d48a_StateSignal_XLE,0.012084023361894403,0.012084023361894403,1.008964741473799,1.008964741473799,0.0,0.0,1.0,0.012084023361894403
2024-06-24 00:00:00+00:00,20260201_193427_37b8d48a_StateSignal_XLE,0.0028222031902234157,0.0028222031902234157,1.0118122449860092,1.0118122449860092,0.0,0.0,1.0,0.0028222031902234157
2024-06-25 00:00:00+00:00,20260201_193427_37b8d48a_StateSignal_XLE,0.014918691613406754,0.014918691613406754,1.0269071598396242,1.0269071598396242,0.0,0.0,1.0,0.014918691613406754
2024-06-26 00:00:00+00:00,20260201_193427_37b8d48a_StateSignal_XLE,0.0013872834594859107,0.0013872834594859107,1.0283317711568973,1.0283317711568973,0.0,0.0,1.0,0.0013872834594859107
2024-06-27 00:00:00+00:00,20260201_193427_37b8d48a_StateSignal_XLE,-0.006257987742581239,-0.006257987742581239,1.0218964835376907,1.0218964835376907,0.0,0.0,1.0,-0.006257987742581239
2024-06-28 00:00:00+00:00,20260201_193427_37b8d48a_StateSignal_XLE,0.0027861638641071274,0.0027861638641071274,1.0247436545929816,1.0247436545929816,0.0,0.0,1.0,0.0027861638641071274
2024-07-01 00:00:00+00:00,20260201_193427_37b8d48a_StateSignal_XLE,0.008312215949795032,0.008312215949795032,1.0332615451431406,1.0332615451431406,0.0,0.0,1.0,0.008312215949795032
2024-07-02 00:00:00+00:00,20260201_193427_37b8d48a_StateSignal_XLE,-0.0009201748981455538,-0.0009201748981455538,1.0323107638060809,1.0323107638060809,0.0,0.0,1.0,-0.0009201748981455538
2024-07-03 00:00:00+00:00,20260201_193427_37b8d48a_StateSignal_XLE,-0.002332983357226503,-0.002332983357226503,1.0299023999746355,1.0299023999746355,0.0,0.0,0.9203614416112249,-0.002332983357226503
2024-07-05 00:00:00+00:00,20260201_193427_37b8d48a_StateSignal_XLE,0.002332983357226503,0.002332983357226503,1.032305145133344,1.032305145133344,0.0,0.0,0.9203614416112249,0.002332983357226503
2024-07-08 00:00:00+00:00,20260201_193427_37b8d48a_StateSignal_XLE,-0.012797816054505981,-0.012797816054505981,1.0190938937738074,1.0190938937738074,0.0,0.0,0.9203614416112249,-0.012797816054505981
2024-07-09 00:00:00+00:00,20260201_193427_37b8d48a_StateSignal_XLE,-0.00754840797269894,-0.00754840797269894,1.0114013573011165,1.0114013573011165,0.0,0.0,0.9203614416112249,-0.00754840797269894
2024-07-10 00:00:00+00:00,20260201_193427_37b8d48a_StateSignal_XLE,-0.0006498963021210991,-0.0006498963021210991,1.0107440512990462,1.0107440512990462,0.0,0.0,0.9203614416112249,-0.0006498963021210991
2024-07-11 00:00:00+00:00,20260201_193427_37b8d48a_StateSignal_XLE,-0.0015182117478937827,-0.0015182117478937827,1.0092095278062503,1.0092095278062503,0.0,0.0,0.9203614416112249,-0.0015182117478937827
2024-07-12 00:00:00+00:00,20260201_193427_37b8d48a_StateSignal_XLE,0.00799661560795856,0.00799661560795856,1.0172797884680063,1.0172797884680063,0.0,0.0,0.9203614416112249,0.00799661560795856
2024-07-15 00:00:00+00:00,20260201_193427_37b8d48a_StateSignal_XLE,0.004722014023142559,0.004722014023142559,1.0220833978946116,1.0220833978946116,0.0,0.0,0.9203614416112249,0.004722014023142559
2024-07-16 00:00:00+00:00,20260201_193427_37b8d48a_StateSignal_XLE,0.020326268604979204,0.020326268604979204,1.0428585395769072,1.0428585395769072,0.0,0.0,0.9203614416112249,0.020326268604979204
2024-07-17 00:00:00+00:00,20260201_193427_37b8d48a_StateSignal_XLE,-0.003987434669561497,-0.003987434669561497,1.03870020928075,1.03870020928075,0.0,0.0,0.9203614416112249,-0.003987434669561497
2024-07-18 00:00:00+00:00,20260201_193427_37b8d48a_StateSignal_XLE,0.014605906376701455,0.014605906376701455,1.0538713672909648,1.0538713672909648,0.0,0.0,0.9203614416112249,0.014605906376701455
2024-07-19 00:00:00+00:00,20260201_193427_37b8d48a_StateSignal_XLE,0.009883170852939414,0.009883170852939414,1.0642869580709222,1.0642869580709222,0.0,0.0,0.9203614416112249,0.009883170852939414
2024-07-22 00:00:00+00:00,20260201_193427_37b8d48a_StateSignal_XLE,-0.012163090014044647,-0.012163090014044647,1.0513419399991317,1.0513419399991317,0.0,0.0,0.9203614416112249,-0.012163090014044647
2024-07-23 00:00:00+00:00,20260201_193427_37b8d48a_StateSignal_XLE,-0.012325987215596221,-0.012325987215596221,1.0383831126874823,1.0383831126874823,0.0,0.0,0.9203614416112249,-0.012325987215596221
2024-07-24 00:00:00+00:00,20260201_193427_37b8d48a_StateSignal_XLE,-0.015910758838579227,-0.015910758838579227,1.0218616493994586,1.0218616493994586,0.0,0.0,0.9203614416112249,-0.015910758838579227
2024-07-25 00:00:00+00:00,20260201_193427_37b8d48a_StateSignal_XLE,0.0034174518415369306,0.0034174518415369306,1.0253538123749946,1.0253538123749946,0.0,0.0,0.9203614416112249,0.0034174518415369306
2024-07-26 00:00:00+00:00,20260201_193427_37b8d48a_StateSignal_XLE,0.008065949868506358,0.008065949868506358,1.033624264823093,1.033624264823093,0.0,0.0,0.9203614416112249,0.008065949868506358
2024-07-29 00:00:00+00:00,20260201_193427_37b8d48a_StateSignal_XLE,0.00589842265265142,0.00589842265265142,1.0397210176010558,1.0397210176010558,0.0,0.0,0.9203614416112249,0.00589842265265142
2024-07-30 00:00:00+00:00,20260201_193427_37b8d48a_StateSignal_XLE,-0.010559563304919755,-0.010559563304919755,1.0287420176962419,1.0287420176962419,0.0,0.0,0.9203614416112249,-0.010559563304919755
2024-07-31 00:00:00+00:00,20260201_193427_37b8d48a_StateSignal_XLE,0.010559563304919755,0.010559563304919755,1.0396050841565363,1.0396050841565363,0.0,0.0,0.9203614416112249,0.010559563304919755
2024-08-01 00:00:00+00:00,20260201_193427_37b8d48a_StateSignal_XLE,0.013341826446983859,0.013341826446983859,1.0534753147627547,1.0534753147627547,0.0,0.0,0.9203614416112249,0.013341826446983859
2024-08-02 00:00:00+00:00,20260201_193427_37b8d48a_StateSignal_XLE,0.0,0.0,1.0534753147627547,1.0534753147627547,0.0,0.0,0.0,-0.0
2024-08-05 00:00:00+00:00,20260201_193427_37b8d48a_StateSignal_XLE,0.0,0.0,1.0534753147627547,1.0534753147627547,0.0,0.0,0.0,-0.0
2024-08-06 00:00:00+00:00,20260201_193427_37b8d48a_StateSignal_XLE,0.0,0.0,1.0534753147627547,1.0534753147627547,0.0,0.0,0.0,-0.0
2024-08-07 00:00:00+00:00,20260201_193427_37b8d48a_StateSignal_XLE,0.0,0.0,1.0534753147627547,1.0534753147627547,0.0,0.0,0.0,0.0
2024-08-08 00:00:00+00:00,20260201_193427_37b8d48a_StateSignal_XLE,0.0,0.0,1.0534753147627547,1.0534753147627547,0.0,0.0,0.0,0.0
2024-08-09 00:00:00+00:00,20260201_193427_37b8d48a_StateSignal_XLE,0.0,0.0,1.0534753147627547,1.0534753147627547,0.0,0.0,0.0,0.0
2024-08-12 00:00:00+00:00,20260201_193427_37b8d48a_StateSignal_XLE,0.0061422352331437224,0.0061422352331437224,1.0599460079583376,1.0599460079583376,0.0,0.0,1.0,0.0061422352331437224
2024-08-13 00:00:00+00:00,20260201_193427_37b8d48a_StateSignal_XLE,0.0,0.0,1.0599460079583376,1.0599460079583376,0.0,0.0,0.0,0.0
2024-08-14 00:00:00+00:00,20260201_193427_37b8d48a_StateSignal_XLE,-0.008460685017465774,-0.008460685017465774,1.0509781386494819,1.0509781386494819,0.0,0.0,1.0,-0.008460685017465774
2024-08-15 00:00:00+00:00,20260201_193427_37b8d48a_StateSignal_XLE,0.0023573796867122354,0.0023573796867122354,1.0534556931647128,1.0534556931647128,0.0,0.0,1.0,0.0023573796867122354
2024-08-16 00:00:00+00:00,20260201_193427_37b8d48a_StateSignal_XLE,0.0,0.0,1.0534556931647128,1.0534556931647128,0.0,0.0,0.0,0.0
2024-08-19 00:00:00+00:00,20260201_193427_37b8d48a_StateSignal_XLE,-0.004872964741874597,-0.004872964741874597,1.048322240714794,1.048322240714794,0.0,0.0,1.0,-0.004872964741874597
2024-08-20 00:00:00+00:00,20260201_193427_37b8d48a_StateSignal_XLE,0.01110351449251068,0.01110351449251068,1.059962301907392,1.059962301907392,0.0,0.0,1.0,0.01110351449251068
2024-08-21 00:00:00+00:00,20260201_193427_37b8d48a_StateSignal_XLE,0.0,0.0,1.059962301907392,1.059962301907392,0.0,0.0,0.0,-0.0
2024-08-22 00:00:00+00:00,20260201_193427_37b8d48a_StateSignal_XLE,0.002596484404560062,0.002596484404560062,1.0627144774937163,1.0627144774937163,0.0,0.0,1.0,0.002596484404560062
2024-08-23 00:00:00+00:00,20260201_193427_37b8d48a_StateSignal_XLE,0.00023571007769707109,0.00023571007769707109,1.0629649700057762,1.0629649700057762,0.0,0.0,1.0,0.00023571007769707109
2024-08-26 00:00:00+00:00,20260201_193427_37b8d48a_StateSignal_XLE,0.0,0.0,1.0629649700057762,1.0629649700057762,0.0,0.0,0.0,0.0
2024-08-27 00:00:00+00:00,20260201_193427_37b8d48a_StateSignal_XLE,0.0,0.0,1.0629649700057762,1.0629649700057762,0.0,0.0,0.0,0.0
2024-08-28 00:00:00+00:00,20260201_193427_37b8d48a_StateSignal_XLE,-0.003706281750141649,-0.003706281750141649,1.059025322336404,1.059025322336404,0.0,0.0,1.0,-0.003706281750141649
2024-08-29 00:00:00+00:00,20260201_193427_37b8d48a_StateSignal_XLE,0.0,0.0,1.059025322336404,1.059025322336404,0.0,0.0,0.0,-0.0
2024-08-30 00:00:00+00:00,20260201_193427_37b8d48a_StateSignal_XLE,0.009081445578241087,0.009081445578241087,1.068642803167181,1.068642803167181,0.0,0.0,1.0,0.009081445578241087
2024-09-03 00:00:00+00:00,20260201_193427_37b8d48a_StateSignal_XLE,-0.0004766383406858519,-0.0004766383406858519,1.0681334470346935,1.0681334470346935,0.0,0.0,0.2282302425137282,-0.0004766383406858519
2024-09-04 00:00:00+00:00,20260201_193427_37b8d48a_StateSignal_XLE,-0.0036876781038406303,-0.0036876781038406303,1.0641945147100837,1.0641945147100837,0.0,0.0,0.2282302425137282,-0.0036876781038406303
2024-09-05 00:00:00+00:00,20260201_193427_37b8d48a_StateSignal_XLE,-0.0011884205160714618,-0.0011884205160714618,1.0629298041157116,1.0629298041157116,0.0,0.0,0.2282302425137282,-0.0011884205160714618
2024-09-06 00:00:00+00:00,20260201_193427_37b8d48a_StateSignal_XLE,-0.013378125946176045,-0.013378125946176045,1.0487097953243074,1.0487097953243074,0.0,0.0,1.0,-0.013378125946176045
2024-09-09 00:00:00+00:00,20260201_193427_37b8d48a_StateSignal_XLE,-0.003261672154125171,-0.003261672154125171,1.0452892477871398,1.0452892477871398,0.0,0.0,0.2282302425137282,-0.003261672154125171
2024-09-10 00:00:00+00:00,20260201_193427_37b8d48a_StateSignal_XLE,0.0023817472376112363,0.0023817472376112363,1.0477788625655617,1.0477788625655617,0.0,0.0,0.2282302425137282,0.0023817472376112363
2024-09-11 00:00:00+00:00,20260201_193427_37b8d48a_StateSignal_XLE,-0.0056342234274842605,-0.0056342234274842605,1.0418754423512722,1.0418754423512722,0.0,0.0,0.2282302425137282,-0.0056342234274842605
2024-09-12 00:00:00+00:00,20260201_193427_37b8d48a_StateSignal_XLE,-0.002898742084211449,-0.002898742084211449,1.038855314160022,1.038855314160022,0.0,0.0,0.2282302425137282,-0.002898742084211449
2024-09-13 00:00:00+00:00,20260201_193427_37b8d48a_StateSignal_XLE,0.0026161739627959843,0.0026161739627959843,1.0415731403840396,1.0415731403840396,0.0,0.0,0.2282302425137282,0.0026161739627959843
2024-09-16 00:00:00+00:00,20260201_193427_37b8d48a_StateSignal_XLE,0.0032564769112547287,0.0032564769112547287,1.044964999267083,1.044964999267083,0.0,0.0,0.2282302425137282,0.0032564769112547287
2024-09-17 00:00:00+00:00,20260201_193427_37b8d48a_StateSignal_XLE,0.0007791335036095582,0.0007791335036095582,1.0457791665081115,1.0457791665081115,0.0,0.0,0.2282302425137282,0.0007791335036095582
2024-09-18 00:00:00+00:00,20260201_193427_37b8d48a_StateSignal_XLE,0.0032545770374195824,0.0032545770374195824,1.0491827353696406,1.0491827353696406,0.0,0.0,0.2282302425137282,0.0032545770374195824
2024-09-19 00:00:00+00:00,20260201_193427_37b8d48a_StateSignal_XLE,0.0007109130350141142,0.0007109130350141142,1.0499286130523264,1.0499286130523264,0.0,0.0,0.2282302425137282,0.0007109130350141142
2024-09-20 00:00:00+00:00,20260201_193427_37b8d48a_StateSignal_XLE,0.004380338138604524,0.004380338138604524,1.0545276553988916,1.0545276553988916,0.0,0.0,0.2282302425137282,0.004380338138604524
2024-09-23 00:00:00+00:00,20260201_193427_37b8d48a_StateSignal_XLE,-0.002965121034150596,-0.002965121034150596,1.051400853266775,1.051400853266775,0.0,0.0,0.2282302425137282,-0.002965121034150596
2024-09-24 00:00:00+00:00,20260201_193427_37b8d48a_StateSignal_XLE,0.0022677428554796542,0.0022677428554796542,1.0537851600400159,1.0537851600400159,0.0,0.0,0.2282302425137282,0.0022677428554796542
2024-09-25 00:00:00+00:00,20260201_193427_37b8d48a_StateSignal_XLE,0.0010185277286315795,0.0010185277286315795,1.0548584694455372,1.0548584694455372,0.0,0.0,0.2282302425137282,0.0010185277286315795
2024-09-26 00:00:00+00:00,20260201_193427_37b8d48a_StateSignal_XLE,-0.002690156587936394,-0.002690156587936394,1.0520207349846178,1.0520207349846178,0.0,0.0,0.2282302425137282,-0.002690156587936394
2024-09-27 00:00:00+00:00,20260201_193427_37b8d48a_StateSignal_XLE,-0.00536650534379159,-0.00536650534379159,1.0463750600885433,1.0463750600885433,0.0,0.0,0.2282302425137282,-0.00536650534379159
2024-09-30 00:00:00+00:00,20260201_193427_37b8d48a_StateSignal_XLE,0.002589483758584467,0.002589483758584467,1.0490846313120303,1.0490846313120303,0.0,0.0,0.2282302425137282,0.002589483758584467
2024-10-01 00:00:00+00:00,20260201_193427_37b8d48a_StateSignal_XLE,0.001311043772766242,0.001311043772766242,1.0504600271850166,1.0504600271850166,0.0,0.0,0.2282302425137282,0.001311043772766242
2024-10-02 00:00:00+00:00,20260201_193427_37b8d48a_StateSignal_XLE,0.0,0.0,1.0504600271850166,1.0504600271850166,0.0,0.0,0.0,0.0
2024-10-03 00:00:00+00:00,20260201_193427_37b8d48a_StateSignal_XLE,0.0,0.0,1.0504600271850166,1.0504600271850166,0.0,0.0,0.0,0.0
2024-10-04 00:00:00+00:00,20260201_193427_37b8d48a_StateSignal_XLE,0.0,0.0,1.0504600271850166,1.0504600271850166,0.0,0.0,0.0,0.0
2024-10-07 00:00:00+00:00,20260201_193427_37b8d48a_StateSignal_XLE,0.0,0.0,1.0504600271850166,1.0504600271850166,0.0,0.0,0.0,0.0
2024-10-08 00:00:00+00:00,20260201_193427_37b8d48a_StateSignal_XLE,0.0,0.0,1.0504600271850166,1.0504600271850166,0.0,0.0,0.0,0.0
2024-10-09 00:00:00+00:00,20260201_193427_37b8d48a_StateSignal_XLE,0.0,0.0,1.0504600271850166,1.0504600271850166,0.0,0.0,0.0,-0.0
2024-10-10 00:00:00+00:00,20260201_193427_37b8d48a_StateSignal_XLE,0.0,0.0,1.0504600271850166,1.0504600271850166,0.0,0.0,0.0,0.0
2024-10-11 00:00:00+00:00,20260201_193427_37b8d48a_StateSignal_XLE,0.0,0.0,1.0504600271850166,1.0504600271850166,0.0,0.0,0.0,0.0
2024-10-14 00:00:00+00:00,20260201_193427_37b8d48a_StateSignal_XLE,0.0027002716677468896,0.0027002716677468896,1.053296554634525,1.053296554634525,0.0,0.0,1.0,0.0027002716677468896
2024-10-15 00:00:00+00:00,20260201_193427_37b8d48a_StateSignal_XLE,-0.0017993707059131836,-0.0017993707059131836,1.0514012836694764,1.0514012836694764,0.0,0.0,1.0,-0.0017993707059131836
2024-10-16 00:00:00+00:00,20260201_193427_37b8d48a_StateSignal_XLE,0.0,0.0,1.0514012836694764,1.0514012836694764,0.0,0.0,0.0,-0.0
2024-10-17 00:00:00+00:00,20260201_193427_37b8d48a_StateSignal_XLE,0.0,0.0,1.0514012836694764,1.0514012836694764,0.0,0.0,0.0,-0.0
2024-10-18 00:00:00+00:00,20260201_193427_37b8d48a_StateSignal_XLE,0.0,0.0,1.0514012836694764,1.0514012836694764,0.0,0.0,0.0,0.0
2024-10-21 00:00:00+00:00,20260201_193427_37b8d48a_StateSignal_XLE,0.0,0.0,1.0514012836694764,1.0514012836694764,0.0,0.0,0.0,-0.0
2024-10-22 00:00:00+00:00,20260201_193427_37b8d48a_StateSignal_XLE,0.0,0.0,1.0514012836694764,1.0514012836694764,0.0,0.0,0.0,0.0
2024-10-23 00:00:00+00:00,20260201_193427_37b8d48a_StateSignal_XLE,0.0036951543199883474,0.0036951543199883474,1.055286373664869,1.055286373664869,0.0,0.0,1.0,0.0036951543199883474
2024-10-24 00:00:00+00:00,20260201_193427_37b8d48a_StateSignal_XLE,0.0,0.0,1.055286373664869,1.055286373664869,0.0,0.0,0.0,-0.0
2024-10-25 00:00:00+00:00,20260201_193427_37b8d48a_StateSignal_XLE,-0.003488781303521371,-0.003488781303521371,1.051604710294566,1.051604710294566,0.0,0.0,1.0,-0.003488781303521371
2024-10-28 00:00:00+00:00,20260201_193427_37b8d48a_StateSignal_XLE,0.005344499766938959,0.005344499766938959,1.0572250114236472,1.0572250114236472,0.0,0.0,1.0,0.005344499766938959
2024-10-29 00:00:00+00:00,20260201_193427_37b8d48a_StateSignal_XLE,0.0,0.0,1.0572250114236472,1.0572250114236472,0.0,0.0,0.0,-0.0
2024-10-30 00:00:00+00:00,20260201_193427_37b8d48a_StateSignal_XLE,0.0,0.0,1.0572250114236472,1.0572250114236472,0.0,0.0,0.0,-0.0
2024-10-31 00:00:00+00:00,20260201_193427_37b8d48a_StateSignal_XLE,0.003773589383639475,0.003773589383639475,1.0612145445028736,1.0612145445028736,0.0,0.0,1.0,0.003773589383639475
2024-11-01 00:00:00+00:00,20260201_193427_37b8d48a_StateSignal_XLE,-0.00023543260850322767,-0.00023543260850322767,1.0609646999944797,1.0609646999944797,0.0,0.0,1.0,-0.00023543260850322767
2024-11-04 00:00:00+00:00,20260201_193427_37b8d48a_StateSignal_XLE,0.00446376871802423,0.00446376871802423,1.065700601033243,1.065700601033243,0.0,0.0,1.0,0.00446376871802423
2024-11-05 00:00:00+00:00,20260201_193427_37b8d48a_StateSignal_XLE,0.0030427173855214207,0.0030427173855214207,1.0689432267797676,1.0689432267797676,0.0,0.0,1.0,0.0030427173855214207
2024-11-06 00:00:00+00:00,20260201_193427_37b8d48a_StateSignal_XLE,0.012309991704064327,0.012309991704064327,1.0821019090335422,1.0821019090335422,0.0,0.0,1.0,0.012309991704064327
2024-11-07 00:00:00+00:00,20260201_193427_37b8d48a_StateSignal_XLE,0.0,0.0,1.0821019090335422,1.0821019090335422,0.0,0.0,0.0,0.0
2024-11-08 00:00:00+00:00,20260201_193427_37b8d48a_StateSignal_XLE,-0.004926118336056273,-0.004926118336056273,1.0767713469779705,1.0767713469779705,0.0,0.0,1.0,-0.004926118336056273
2024-11-11 00:00:00+00:00,20260201_193427_37b8d48a_StateSignal_XLE,0.002242153405689784,0.002242153405689784,1.0791856335207464,1.0791856335207464,0.0,0.0,1.0,0.002242153405689784
2024-11-12 00:00:00+00:00,20260201_193427_37b8d48a_StateSignal_XLE,0.010914464066881902,0.010914464066881902,1.0909643663393038,1.0909643663393038,0.0,0.0,1.0,0.010914464066881902
2024-11-13 00:00:00+00:00,20260201_193427_37b8d48a_StateSignal_XLE,-0.00022155755047981174,-0.00022155755047981174,1.090722654946637,1.090722654946637,0.0,0.0,1.0,-0.00022155755047981174
2024-11-14 00:00:00+00:00,20260201_193427_37b8d48a_StateSignal_XLE,0.001328609584278162,0.001328609584278162,1.0921717995197884,1.0921717995197884,0.0,0.0,1.0,0.001328609584278162
2024-11-15 00:00:00+00:00,20260201_193427_37b8d48a_StateSignal_XLE,0.004636281624114336,0.004636281624114336,1.0972354155642778,1.0972354155642778,0.0,0.0,1.0,0.004636281624114336
2024-11-18 00:00:00+00:00,20260201_193427_37b8d48a_StateSignal_XLE,0.0022002209096023684,0.0022002209096023684,1.0996495758683587,1.0996495758683587,0.0,0.0,1.0,0.0022002209096023684
2024-11-19 00:00:00+00:00,20260201_193427_37b8d48a_StateSignal_XLE,0.008534902449837567,0.008534902449837567,1.1090349777274005,1.1090349777274005,0.0,0.0,1.0,0.008534902449837567
2024-11-20 00:00:00+00:00,20260201_193427_37b8d48a_StateSignal_XLE,-0.00043591979766199884,-0.00043591979766199884,1.1085515274243094,1.1085515274243094,0.0,0.0,1.0,-0.00043591979766199884
2024-11-21 00:00:00+00:00,20260201_193427_37b8d48a_StateSignal_XLE,0.0010894434022308275,0.0010894434022308275,1.1097592315718947,1.1097592315718947,0.0,0.0,1.0,0.0010894434022308275
2024-11-22 00:00:00+00:00,20260201_193427_37b8d48a_StateSignal_XLE,0.018341219726483615,0.018341219726483615,1.1301135694816484,1.1301135694816484,0.0,0.0,1.0,0.018341219726483615
2024-11-25 00:00:00+00:00,20260201_193427_37b8d48a_StateSignal_XLE,-0.0004277160030987659,-0.0004277160030987659,1.129630201822662,1.129630201822662,0.0,0.0,1.0,-0.0004277160030987659
2024-11-26 00:00:00+00:00,20260201_193427_37b8d48a_StateSignal_XLE,-0.018349138668196652,-0.018349138668196652,1.108902460605635,1.108902460605635,0.0,0.0,1.0,-0.018349138668196652
2024-11-27 00:00:00+00:00,20260201_193427_37b8d48a_StateSignal_XLE,-0.007654493360532033,-0.007654493360532033,1.1004143740834516,1.1004143740834516,0.0,0.0,1.0,-0.007654493360532033
2024-11-29 00:00:00+00:00,20260201_193427_37b8d48a_StateSignal_XLE,0.005473467414171651,0.005473467414171651,1.1064374563020833,1.1064374563020833,0.0,0.0,1.0,0.005473467414171651
2024-12-02 00:00:00+00:00,20260201_193427_37b8d48a_StateSignal_XLE,-0.002404635544958733,-0.002404635544958733,1.1037768774663856,1.1037768774663856,0.0,0.0,1.0,-0.002404635544958733
2024-12-03 00:00:00+00:00,20260201_193427_37b8d48a_StateSignal_XLE,-0.015661509044010646,-0.015661509044010646,1.086490065917376,1.086490065917376,0.0,0.0,1.0,-0.015661509044010646
2024-12-04 00:00:00+00:00,20260201_193427_37b8d48a_StateSignal_XLE,0.007309812147877182,0.007309812147877182,1.0944321041997667,1.0944321041997667,0.0,0.0,1.0,0.007309812147877182
2024-12-05 00:00:00+00:00,20260201_193427_37b8d48a_StateSignal_XLE,-0.022768840743939922,-0.022768840743939922,1.069513153914187,1.069513153914187,0.0,0.0,1.0,-0.022768840743939922
2024-12-06 00:00:00+00:00,20260201_193427_37b8d48a_StateSignal_XLE,0.003155999012710353,0.003155999012710353,1.072888536372021,1.072888536372021,0.0,0.0,1.0,0.003155999012710353
2024-12-09 00:00:00+00:00,20260201_193427_37b8d48a_StateSignal_XLE,-0.014737824853100268,-0.014737824853100268,1.0570764930360712,1.0570764930360712,0.0,0.0,1.0,-0.014737824853100268
2024-12-10 00:00:00+00:00,20260201_193427_37b8d48a_StateSignal_XLE,0.007282690358083155,0.007282690358083155,1.0647748538196613,1.0647748538196613,0.0,0.0,1.0,0.007282690358083155
2024-12-11 00:00:00+00:00,20260201_193427_37b8d48a_StateSignal_XLE,-0.00934053948945568,-0.00934053948945568,1.0548292822501795,1.0548292822501795,0.0,0.0,1.0,-0.00934053948945568
2024-12-12 00:00:00+00:00,20260201_193427_37b8d48a_StateSignal_XLE,-0.009197581509455155,-0.009197581509455155,1.0451274039481233,1.0451274039481233,0.0,0.0,1.0,-0.009197581509455155
2024-12-13 00:00:00+00:00,20260201_193427_37b8d48a_StateSignal_XLE,-0.0050949623878699946,-0.0050949623878699946,1.0398025191344755,1.0398025191344755,0.0,0.0,1.0,-0.0050949623878699946
2024-12-16 00:00:00+00:00,20260201_193427_37b8d48a_StateSignal_XLE,-0.0006967832124904483,-0.0006967832124904483,1.0390780021948374,1.0390780021948374,0.0,0.0,1.0,-0.0006967832124904483
2024-12-17 00:00:00+00:00,20260201_193427_37b8d48a_StateSignal_XLE,-0.020420848095060506,-0.020420848095060506,1.0178591481530976,1.0178591481530976,0.0,0.0,1.0,-0.020420848095060506
2024-12-18 00:00:00+00:00,20260201_193427_37b8d48a_StateSignal_XLE,-0.019636646288768045,-0.019636646288768045,0.9978718080890285,0.9978718080890285,0.0,0.0,1.0,-0.019636646288768045
2024-12-19 00:00:00+00:00,20260201_193427_37b8d48a_StateSignal_XLE,0.00217417648152729,0.00217417648152729,1.0000413575057547,1.0000413575057547,0.0,0.0,1.0,0.00217417648152729
2024-12-20 00:00:00+00:00,20260201_193427_37b8d48a_StateSignal_XLE,-0.03361867330317425,-0.03361867330317425,0.9664212938181059,0.9664212938181059,0.0,0.0,1.0,-0.03361867330317425
2024-12-23 00:00:00+00:00,20260201_193427_37b8d48a_StateSignal_XLE,0.009191469504217231,0.009191469504217231,0.9753041256684613,0.9753041256684613,0.0,0.0,1.0,0.009191469504217231
2024-12-24 00:00:00+00:00,20260201_193427_37b8d48a_StateSignal_XLE,0.006654368362617014,0.006654368362617014,0.9817941585862393,0.9817941585862393,0.0,0.0,1.0,0.006654368362617014
2024-12-26 00:00:00+00:00,20260201_193427_37b8d48a_StateSignal_XLE,0.004411771861663194,0.004411771861663194,0.9861256104290353,0.9861256104290353,0.0,0.0,1.0,0.004411771861663194
2024-12-27 00:00:00+00:00,20260201_193427_37b8d48a_StateSignal_XLE,0.002198608434202942,0.002198608434202942,0.9882937145133082,0.9882937145133082,0.0,0.0,1.0,0.002198608434202942
2024-12-30 00:00:00+00:00,20260201_193427_37b8d48a_StateSignal_XLE,-0.002687845234567998,-0.002687845234567998,0.9856373339624,0.9856373339624,0.0,0.0,1.0,-0.002687845234567998
2024-12-31 00:00:00+00:00,20260201_193427_37b8d48a_StateSignal_XLE,0.00317576912812223,0.00317576912812223,0.9887674905791225,0.9887674905791225,0.0,0.0,1.0,0.00317576912812223
2025-01-02 00:00:00+00:00,20260201_193427_37b8d48a_StateSignal_XLE,0.005077046223786345,0.005077046223786345,0.99378750883337,0.99378750883337,0.0,0.0,0.720324834788032,0.005077046223786345
2025-01-03 00:00:00+00:00,20260201_193427_37b8d48a_StateSignal_XLE,0.012966715817712395,0.012966715817712395,1.0066736690436047,1.0066736690436047,0.0,0.0,0.720324834788032,0.012966715817712395
2025-01-06 00:00:00+00:00,20260201_193427_37b8d48a_StateSignal_XLE,0.003418728936504256,0.003418728936504256,1.0101152134455809,1.0101152134455809,0.0,0.0,0.720324834788032,0.003418728936504256
2025-01-07 00:00:00+00:00,20260201_193427_37b8d48a_StateSignal_XLE,0.0071269469638578775,0.0071269469638578775,1.0173142509991935,1.0173142509991935,0.0,0.0,0.720324834788032,0.0071269469638578775
2025-01-08 00:00:00+00:00,20260201_193427_37b8d48a_StateSignal_XLE,0.00016883272895511169,0.00016883272895511169,1.0174860069403946,1.0174860069403946,0.0,0.0,0.720324834788032,0.00016883272895511169
2025-01-10 00:00:00+00:00,20260201_193427_37b8d48a_StateSignal_XLE,-0.0021979181123335722,-0.0021979181123335722,1.0152496560166944,1.0152496560166944,0.0,0.0,0.720324834788032,-0.0021979181123335722
2025-01-13 00:00:00+00:00,20260201_193427_37b8d48a_StateSignal_XLE,0.0032100843230716295,0.0032100843230716295,1.0185086930214773,1.0185086930214773,0.0,0.0,0.720324834788032,0.0032100843230716295
2025-01-14 00:00:00+00:00,20260201_193427_37b8d48a_StateSignal_XLE,0.0,0.0,1.0185086930214773,1.0185086930214773,0.0,0.0,0.0,0.0
2025-01-15 00:00:00+00:00,20260201_193427_37b8d48a_StateSignal_XLE,-0.00016504177750920794,-0.00016504177750920794,1.0183405965363725,1.0183405965363725,0.0,0.0,0.720324834788032,-0.00016504177750920794
2025-01-16 00:00:00+00:00,20260201_193427_37b8d48a_StateSignal_XLE,0.0161584114591326,0.0161584114591326,1.0347953629007458,1.0347953629007458,0.0,0.0,0.720324834788032,0.0161584114591326
2025-01-17 00:00:00+00:00,20260201_193427_37b8d48a_StateSignal_XLE,0.004184204281837574,0.004184204281837574,1.0391251580890208,1.0391251580890208,0.0,0.0,0.720324834788032,0.004184204281837574
2025-01-21 00:00:00+00:00,20260201_193427_37b8d48a_StateSignal_XLE,0.01082976153267292,0.01082976153267292,1.050378635753726,1.050378635753726,0.0,0.0,0.720324834788032,0.01082976153267292
2025-01-22 00:00:00+00:00,20260201_193427_37b8d48a_StateSignal_XLE,-0.0033271414108304556,-0.0033271414108304556,1.046883877497658,1.046883877497658,0.0,0.0,0.720324834788032,-0.0033271414108304556
2025-01-23 00:00:00+00:00,20260201_193427_37b8d48a_StateSignal_XLE,-0.004779877093220517,-0.004779877093220517,1.0418799012323452,1.0418799012323452,0.0,0.0,0.720324834788032,-0.004779877093220517
2025-01-24 00:00:00+00:00,20260201_193427_37b8d48a_StateSignal_XLE,-0.010142186680203284,-0.010142186680203284,1.031312960775695,1.031312960775695,0.0,0.0,0.720324834788032,-0.010142186680203284
2025-01-27 00:00:00+00:00,20260201_193427_37b8d48a_StateSignal_XLE,-0.001460611858593728,-0.001460611858593728,1.0298066128352648,1.0298066128352648,0.0,0.0,0.720324834788032,-0.001460611858593728
2025-01-28 00:00:00+00:00,20260201_193427_37b8d48a_StateSignal_XLE,-0.013115061150055389,-0.013115061150055389,1.016300636135199,1.016300636135199,0.0,0.0,0.720324834788032,-0.013115061150055389
2025-01-29 00:00:00+00:00,20260201_193427_37b8d48a_StateSignal_XLE,-0.006147429512159182,-0.006147429512159182,1.0100529996113952,1.0100529996113952,0.0,0.0,0.720324834788032,-0.006147429512159182
2025-01-30 00:00:00+00:00,20260201_193427_37b8d48a_StateSignal_XLE,0.005816473919482961,0.005816473919482961,1.0159279465409305,1.0159279465409305,0.0,0.0,0.720324834788032,0.005816473919482961
2025-01-31 00:00:00+00:00,20260201_193427_37b8d48a_StateSignal_XLE,-0.00016553483579396768,-0.00016553483579396768,1.0157597750751215,1.0157597750751215,0.0,0.0,0.720324834788032,-0.00016553483579396768
2025-02-03 00:00:00+00:00,20260201_193427_37b8d48a_StateSignal_XLE,0.0,0.0,1.0157597750751215,1.0157597750751215,0.0,0.0,0.0,-0.0
2025-02-04 00:00:00+00:00,20260201_193427_37b8d48a_StateSignal_XLE,-0.004937068285462487,-0.004937068285462487,1.0107448997039497,1.0107448997039497,0.0,0.0,0.812904783208509,-0.004937068285462487
2025-02-05 00:00:00+00:00,20260201_193427_37b8d48a_StateSignal_XLE,0.0,0.0,1.0107448997039497,1.0107448997039497,0.0,0.0,0.0,0.0
2025-02-06 00:00:00+00:00,20260201_193427_37b8d48a_StateSignal_XLE,0.0005596590811133627,0.0005596590811133627,1.011310572265758,1.011310572265758,0.0,0.0,0.812904783208509,0.0005596590811133627
2025-02-07 00:00:00+00:00,20260201_193427_37b8d48a_StateSignal_XLE,-0.009001113786047153,-0.009001113786047153,1.0022076507317614,1.0022076507317614,0.0,0.0,0.812904783208509,-0.009001113786047153
2025-02-10 00:00:00+00:00,20260201_193427_37b8d48a_StateSignal_XLE,-0.003969546417687055,-0.003969546417687055,0.9982293409420205,0.9982293409420205,0.0,0.0,0.812904783208509,-0.003969546417687055
2025-02-11 00:00:00+00:00,20260201_193427_37b8d48a_StateSignal_XLE,0.014088823768217665,0.014088823768217665,1.0122932182068167,1.0122932182068167,0.0,0.0,0.812904783208509,0.014088823768217665
2025-02-12 00:00:00+00:00,20260201_193427_37b8d48a_StateSignal_XLE,0.011648783736060755,0.011648783736060755,1.024085202983189,1.024085202983189,0.0,0.0,0.812904783208509,0.011648783736060755
2025-02-13 00:00:00+00:00,20260201_193427_37b8d48a_StateSignal_XLE,-0.008118045328974689,-0.008118045328974689,1.0157716328846393,1.0157716328846393,0.0,0.0,0.812904783208509,-0.008118045328974689
2025-02-14 00:00:00+00:00,20260201_193427_37b8d48a_StateSignal_XLE,-0.011766546927985237,-0.011766546927985237,1.003819508298186,1.003819508298186,0.0,0.0,0.812904783208509,-0.011766546927985237
2025-02-18 00:00:00+00:00,20260201_193427_37b8d48a_StateSignal_XLE,0.0,0.0,1.003819508298186,1.003819508298186,0.0,0.0,0.0,0.0
2025-02-19 00:00:00+00:00,20260201_193427_37b8d48a_StateSignal_XLE,0.0033240132862022314,0.0033240132862022314,1.0071562176807183,1.0071562176807183,0.0,0.0,0.812904783208509,0.0033240132862022314
2025-02-20 00:00:00+00:00,20260201_193427_37b8d48a_StateSignal_XLE,0.012799035165081954,0.012799035165081954,1.0200468455275447,1.0200468455275447,0.0,0.0,0.812904783208509,0.012799035165081954
2025-02-21 00:00:00+00:00,20260201_193427_37b8d48a_StateSignal_XLE,-0.004365576568865381,-0.004365576568865381,1.0155937529195647,1.0155937529195647,0.0,0.0,0.812904783208509,-0.004365576568865381
2025-02-24 00:00:00+00:00,20260201_193427_37b8d48a_StateSignal_XLE,0.0021857188607236557,0.0021857188607236557,1.0178135553401542,1.0178135553401542,0.0,0.0,0.812904783208509,0.0021857188607236557
2025-02-25 00:00:00+00:00,20260201_193427_37b8d48a_StateSignal_XLE,-0.010434907982455286,-0.010434907982455286,1.0071927645468841,1.0071927645468841,0.0,0.0,0.812904783208509,-0.010434907982455286
2025-02-26 00:00:00+00:00,20260201_193427_37b8d48a_StateSignal_XLE,-0.017694811236424073,-0.017694811236424073,0.9893706786995349,0.9893706786995349,0.0,0.0,0.812904783208509,-0.017694811236424073
2025-02-27 00:00:00+00:00,20260201_193427_37b8d48a_StateSignal_XLE,-0.00037669360414955844,-0.00037669360414955844,0.9889979890927356,0.9889979890927356,0.0,0.0,0.812904783208509,-0.00037669360414955844
2025-02-28 00:00:00+00:00,20260201_193427_37b8d48a_StateSignal_XLE,0.006940731441254827,0.006940731441254827,0.9958623585309694,0.9958623585309694,0.0,0.0,0.812904783208509,0.006940731441254827
2025-03-03 00:00:00+00:00,20260201_193427_37b8d48a_StateSignal_XLE,-0.0007474987038970696,-0.0007474987038970696,0.9951179527087075,0.9951179527087075,0.0,0.0,0.812904783208509,-0.0007474987038970696
2025-03-04 00:00:00+00:00,20260201_193427_37b8d48a_StateSignal_XLE,0.004660629571957241,0.004660629571957241,0.9997558288666873,0.9997558288666873,0.0,0.0,0.812904783208509,0.004660629571957241
2025-03-05 00:00:00+00:00,20260201_193427_37b8d48a_StateSignal_XLE,0.0,0.0,0.9997558288666873,0.9997558288666873,0.0,0.0,0.0,-0.0
2025-03-06 00:00:00+00:00,20260201_193427_37b8d48a_StateSignal_XLE,0.0,0.0,0.9997558288666873,0.9997558288666873,0.0,0.0,0.0,-0.0
2025-03-07 00:00:00+00:00,20260201_193427_37b8d48a_StateSignal_XLE,0.0,0.0,0.9997558288666873,0.9997558288666873,0.0,0.0,0.0,0.0
2025-03-10 00:00:00+00:00,20260201_193427_37b8d48a_StateSignal_XLE,0.0,0.0,0.9997558288666873,0.9997558288666873,0.0,0.0,0.0,0.0
2025-03-11 00:00:00+00:00,20260201_193427_37b8d48a_StateSignal_XLE,0.01423954976025457,0.01423954976025457,1.013991901739939,1.013991901739939,0.0,0.0,0.7940209813694236,0.01423954976025457
2025-03-12 00:00:00+00:00,20260201_193427_37b8d48a_StateSignal_XLE,-0.009151466253224962,-0.009151466253224962,1.0047123890701226,1.0047123890701226,0.0,0.0,0.7940209813694236,-0.009151466253224962
2025-03-13 00:00:00+00:00,20260201_193427_37b8d48a_StateSignal_XLE,0.004869011841097883,0.004869011841097883,1.0096043455894028,1.0096043455894028,0.0,0.0,0.7940209813694236,0.004869011841097883
2025-03-14 00:00:00+00:00,20260201_193427_37b8d48a_StateSignal_XLE,-0.004869011841097883,-0.004869011841097883,1.004688570075904,1.004688570075904,0.0,0.0,0.7940209813694236,-0.004869011841097883
2025-03-17 00:00:00+00:00,20260201_193427_37b8d48a_StateSignal_XLE,0.019666010870066357,0.019666010870066357,1.0244467864160482,1.0244467864160482,0.0,0.0,0.7940209813694236,0.019666010870066357
2025-03-18 00:00:00+00:00,20260201_193427_37b8d48a_StateSignal_XLE,0.01344598552246402,0.01344598552246402,1.0382214830747332,1.0382214830747332,0.0,0.0,0.7940209813694236,0.01344598552246402
2025-03-19 00:00:00+00:00,20260201_193427_37b8d48a_StateSignal_XLE,-0.000901374806038897,-0.000901374806038897,1.0372856563868011,1.0372856563868011,0.0,0.0,0.7940209813694236,-0.000901374806038897
2025-03-20 00:00:00+00:00,20260201_193427_37b8d48a_StateSignal_XLE,0.011994232294549288,0.011994232294549288,1.0497271015053085,1.0497271015053085,0.0,0.0,0.7940209813694236,0.011994232294549288
2025-03-21 00:00:00+00:00,20260201_193427_37b8d48a_StateSignal_XLE,0.0024835350316854397,0.0024835350316854397,1.0523341355356064,1.0523341355356064,0.0,0.0,0.7940209813694236,0.0024835350316854397
2025-03-24 00:00:00+00:00,20260201_193427_37b8d48a_StateSignal_XLE,-0.005866520000251022,-0.005866520000251022,1.04616059628254,1.04616059628254,0.0,0.0,0.7940209813694236,-0.005866520000251022
2025-03-25 00:00:00+00:00,20260201_193427_37b8d48a_StateSignal_XLE,0.01799458040522576,0.01799458040522576,1.064985817249125,1.064985817249125,0.0,0.0,0.7940209813694236,0.01799458040522576
2025-03-26 00:00:00+00:00,20260201_193427_37b8d48a_StateSignal_XLE,-0.001396695138264674,-0.001396695138264674,1.0634983567358525,1.0634983567358525,0.0,0.0,0.7940209813694236,-0.001396695138264674
2025-03-27 00:00:00+00:00,20260201_193427_37b8d48a_StateSignal_XLE,0.007305392434541314,0.007305392434541314,1.0712676295852979,1.0712676295852979,0.0,0.0,0.7940209813694236,0.007305392434541314
2025-03-28 00:00:00+00:00,20260201_193427_37b8d48a_StateSignal_XLE,-0.008354528435714123,-0.008354528435714123,1.0623176937116674,1.0623176937116674,0.0,0.0,0.7940209813694236,-0.008354528435714123
2025-03-31 00:00:00+00:00,20260201_193427_37b8d48a_StateSignal_XLE,-0.0057951583985211275,-0.0057951583985211275,1.0561613944070565,1.0561613944070565,0.0,0.0,0.7940209813694236,-0.0057951583985211275
2025-04-01 00:00:00+00:00,20260201_193427_37b8d48a_StateSignal_XLE,0.010157442644960338,0.010157442644960338,1.0668892931945675,1.0668892931945675,0.0,0.0,0.7940209813694236,0.010157442644960338
2025-04-02 00:00:00+00:00,20260201_193427_37b8d48a_StateSignal_XLE,0.0,0.0,1.0668892931945675,1.0668892931945675,0.0,0.0,0.7940209813694236,0.0
2025-04-03 00:00:00+00:00,20260201_193427_37b8d48a_StateSignal_XLE,0.0005218672428208877,0.0005218672428208877,1.0674460677684021,1.0674460677684021,0.0,0.0,0.7940209813694236,0.0005218672428208877
2025-04-04 00:00:00+00:00,20260201_193427_37b8d48a_StateSignal_XLE,0.0,0.0,1.0674460677684021,1.0674460677684021,0.0,0.0,0.0,-0.0
2025-04-07 00:00:00+00:00,20260201_193427_37b8d48a_StateSignal_XLE,0.0,0.0,1.0674460677684021,1.0674460677684021,0.0,0.0,0.0,-0.0
2025-04-08 00:00:00+00:00,20260201_193427_37b8d48a_StateSignal_XLE,0.0,0.0,1.0674460677684021,1.0674460677684021,0.0,0.0,0.0,-0.0
2025-04-09 00:00:00+00:00,20260201_193427_37b8d48a_StateSignal_XLE,0.0,0.0,1.0674460677684021,1.0674460677684021,0.0,0.0,0.0,0.0
2025-04-10 00:00:00+00:00,20260201_193427_37b8d48a_StateSignal_XLE,0.0,0.0,1.0674460677684021,1.0674460677684021,0.0,0.0,0.0,-0.0
2025-04-11 00:00:00+00:00,20260201_193427_37b8d48a_StateSignal_XLE,0.0,0.0,1.0674460677684021,1.0674460677684021,0.0,0.0,0.0,0.0
2025-04-14 00:00:00+00:00,20260201_193427_37b8d48a_StateSignal_XLE,0.0,0.0,1.0674460677684021,1.0674460677684021,0.0,0.0,0.0,-0.0
2025-04-15 00:00:00+00:00,20260201_193427_37b8d48a_StateSignal_XLE,0.0,0.0,1.0674460677684021,1.0674460677684021,0.0,0.0,0.0,0.0
2025-04-16 00:00:00+00:00,20260201_193427_37b8d48a_StateSignal_XLE,0.013729007246633174,0.013729007246633174,1.0821010425681845,1.0821010425681845,0.0,0.0,1.0,0.013729007246633174
2025-04-17 00:00:00+00:00,20260201_193427_37b8d48a_StateSignal_XLE,0.0,0.0,1.0821010425681845,1.0821010425681845,0.0,0.0,0.0,0.0
2025-04-21 00:00:00+00:00,20260201_193427_37b8d48a_StateSignal_XLE,0.0,0.0,1.0821010425681845,1.0821010425681845,0.0,0.0,0.0,0.0
2025-04-22 00:00:00+00:00,20260201_193427_37b8d48a_StateSignal_XLE,0.0,0.0,1.0821010425681845,1.0821010425681845,0.0,0.0,0.0,-0.0
2025-04-23 00:00:00+00:00,20260201_193427_37b8d48a_StateSignal_XLE,0.0,0.0,1.0821010425681845,1.0821010425681845,0.0,0.0,0.0,0.0
2025-04-24 00:00:00+00:00,20260201_193427_37b8d48a_StateSignal_XLE,0.0,0.0,1.0821010425681845,1.0821010425681845,0.0,0.0,0.0,-0.0
2025-04-25 00:00:00+00:00,20260201_193427_37b8d48a_StateSignal_XLE,0.01231635526201158,0.01231635526201158,1.0954285834378474,1.0954285834378474,0.0,0.0,1.0,0.01231635526201158
2025-04-28 00:00:00+00:00,20260201_193427_37b8d48a_StateSignal_XLE,0.001497753649933209,0.001497753649933209,1.0970692655969327,1.0970692655969327,0.0,0.0,1.0,0.001497753649933209
2025-04-29 00:00:00+00:00,20260201_193427_37b8d48a_StateSignal_XLE,0.0019935217167752484,0.0019935217167752484,1.0992562970027069,1.0992562970027069,0.0,0.0,1.0,0.0019935217167752484
2025-04-30 00:00:00+00:00,20260201_193427_37b8d48a_StateSignal_XLE,0.00149253759050616,0.00149253759050616,1.100896978347584,1.100896978347584,0.0,0.0,1.0,0.00149253759050616
2025-05-01 00:00:00+00:00,20260201_193427_37b8d48a_StateSignal_XLE,0.0,0.0,1.100896978347584,1.100896978347584,0.0,0.0,0.0,-0.0
2025-05-02 00:00:00+00:00,20260201_193427_37b8d48a_StateSignal_XLE,0.0,0.0,1.100896978347584,1.100896978347584,0.0,0.0,0.0,0.0
2025-05-05 00:00:00+00:00,20260201_193427_37b8d48a_StateSignal_XLE,0.00833864591675848,0.00833864591675848,1.1100769684408538,1.1100769684408538,0.0,0.0,1.0,0.00833864591675848
2025-05-06 00:00:00+00:00,20260201_193427_37b8d48a_StateSignal_XLE,0.0,0.0,1.1100769684408538,1.1100769684408538,0.0,0.0,0.0,-0.0
2025-05-07 00:00:00+00:00,20260201_193427_37b8d48a_StateSignal_XLE,0.00025364616496181824,0.00025364616496181824,1.1103585352067114,1.1103585352067114,0.0,0.0,1.0,0.00025364616496181824
2025-05-08 00:00:00+00:00,20260201_193427_37b8d48a_StateSignal_XLE,-0.0020309730261236503,-0.0020309730261236503,1.1081034269723804,1.1081034269723804,0.0,0.0,1.0,-0.0020309730261236503
2025-05-09 00:00:00+00:00,20260201_193427_37b8d48a_StateSignal_XLE,0.0,0.0,1.1081034269723804,1.1081034269723804,0.0,0.0,0.0,0.0
2025-05-12 00:00:00+00:00,20260201_193427_37b8d48a_StateSignal_XLE,-0.001992528679148009,-0.001992528679148009,1.1058954991146757,1.1058954991146757,0.0,0.0,1.0,-0.001992528679148009
2025-05-13 00:00:00+00:00,20260201_193427_37b8d48a_StateSignal_XLE,0.0,0.0,1.1058954991146757,1.1058954991146757,0.0,0.0,0.0,0.0
2025-05-14 00:00:00+00:00,20260201_193427_37b8d48a_StateSignal_XLE,0.020509827386817392,0.020509827386817392,1.128577224909376,1.128577224909376,0.0,0.0,1.0,0.020509827386817392
2025-05-15 00:00:00+00:00,20260201_193427_37b8d48a_StateSignal_XLE,-0.006229057036202246,-0.006229057036202246,1.1215472530056565,1.1215472530056565,0.0,0.0,1.0,-0.006229057036202246
2025-05-16 00:00:00+00:00,20260201_193427_37b8d48a_StateSignal_XLE,-0.006026292794676369,-0.006026292794676369,1.1147884808759794,1.1147884808759794,0.0,0.0,1.0,-0.006026292794676369
2025-05-19 00:00:00+00:00,20260201_193427_37b8d48a_StateSignal_XLE,0.0,0.0,1.1147884808759794,1.1147884808759794,0.0,0.0,1.0,0.0
2025-05-20 00:00:00+00:00,20260201_193427_37b8d48a_StateSignal_XLE,0.0,0.0,1.1147884808759794,1.1147884808759794,0.0,0.0,0.0,-0.0
2025-05-21 00:00:00+00:00,20260201_193427_37b8d48a_StateSignal_XLE,-0.007304634378887176,-0.007304634378887176,1.1066453586133853,1.1066453586133853,0.0,0.0,1.0,-0.007304634378887176
2025-05-22 00:00:00+00:00,20260201_193427_37b8d48a_StateSignal_XLE,-0.014523332198149053,-0.014523332198149053,1.0905731804447034,1.0905731804447034,0.0,0.0,1.0,-0.014523332198149053
2025-05-23 00:00:00+00:00,20260201_193427_37b8d48a_StateSignal_XLE,-0.01675248579362698,-0.01675248579362698,1.0723033687323928,1.0723033687323928,0.0,0.0,1.0,-0.01675248579362698
2025-05-27 00:00:00+00:00,20260201_193427_37b8d48a_StateSignal_XLE,0.0010080646014949401,0.0010080646014949401,1.0733843198004758,1.0733843198004758,0.0,0.0,1.0,0.0010080646014949401
2025-05-28 00:00:00+00:00,20260201_193427_37b8d48a_StateSignal_XLE,0.012515807931830825,0.012515807931830825,1.0868185917841373,1.0868185917841373,0.0,0.0,1.0,0.012515807931830825
2025-05-29 00:00:00+00:00,20260201_193427_37b8d48a_StateSignal_XLE,-0.004987541511039417,-0.004987541511039417,1.0813980389426445,1.0813980389426445,0.0,0.0,1.0,-0.004987541511039417
2025-05-30 00:00:00+00:00,20260201_193427_37b8d48a_StateSignal_XLE,-0.008536331022286348,-0.008536331022286348,1.0721668673153788,1.0721668673153788,0.0,0.0,1.0,-0.008536331022286348
2025-06-02 00:00:00+00:00,20260201_193427_37b8d48a_StateSignal_XLE,-0.001766561973610692,-0.001766561973610692,1.0702728180982142,1.0702728180982142,0.0,0.0,1.0,-0.001766561973610692
2025-06-03 00:00:00+00:00,20260201_193427_37b8d48a_StateSignal_XLE,0.016284964673444424,0.016284964673444424,1.0877021731318914,1.0877021731318914,0.0,0.0,1.0,0.016284964673444424
2025-06-04 00:00:00+00:00,20260201_193427_37b8d48a_StateSignal_XLE,0.01797856576729595,0.01797856576729595,1.1072574981867738,1.1072574981867738,0.0,0.0,1.0,0.01797856576729595
2025-06-05 00:00:00+00:00,20260201_193427_37b8d48a_StateSignal_XLE,-0.021463757246256154,-0.021463757246256154,1.083491592036596,1.083491592036596,0.0,0.0,1.0,-0.021463757246256154
2025-06-06 00:00:00+00:00,20260201_193427_37b8d48a_StateSignal_XLE,-0.0002494076581078808,-0.0002494076581078808,1.0832213609360466,1.0832213609360466,0.0,0.0,1.0,-0.0002494076581078808
2025-06-09 00:00:00+00:00,20260201_193427_37b8d48a_StateSignal_XLE,0.015837995005905547,0.015837995005905547,1.1003774154408419,1.1003774154408419,0.0,0.0,1.0,0.015837995005905547
2025-06-10 00:00:00+00:00,20260201_193427_37b8d48a_StateSignal_XLE,0.003920612716229677,0.003920612716229677,1.104691569128471,1.104691569128471,0.0,0.0,1.0,0.003920612716229677
2025-06-11 00:00:00+00:00,20260201_193427_37b8d48a_StateSignal_XLE,0.017454988618299083,0.017454988618299083,1.1239739478943396,1.1239739478943396,0.0,0.0,1.0,0.017454988618299083
2025-06-12 00:00:00+00:00,20260201_193427_37b8d48a_StateSignal_XLE,-0.0019244653521877098,-0.0019244653521877098,1.1218108989748552,1.1218108989748552,0.0,0.0,1.0,-0.0019244653521877098
2025-06-13 00:00:00+00:00,20260201_193427_37b8d48a_StateSignal_XLE,0.015055846590444677,0.015055846590444677,1.1387007117733094,1.1387007117733094,0.0,0.0,1.0,0.015055846590444677
2025-06-16 00:00:00+00:00,20260201_193427_37b8d48a_StateSignal_XLE,0.01436501800571044,0.01436501800571044,1.1550581680010483,1.1550581680010483,0.0,0.0,1.0,0.01436501800571044
2025-06-17 00:00:00+00:00,20260201_193427_37b8d48a_StateSignal_XLE,-0.002809648301129286,-0.002809648301129286,1.1518128607816187,1.1518128607816187,0.0,0.0,1.0,-0.002809648301129286
2025-06-18 00:00:00+00:00,20260201_193427_37b8d48a_StateSignal_XLE,0.016740683909586718,0.016740683909586718,1.1710949958069605,1.1710949958069605,0.0,0.0,1.0,0.016740683909586718
2025-06-20 00:00:00+00:00,20260201_193427_37b8d48a_StateSignal_XLE,-0.007405726973535032,-0.007405726973535032,1.1624221860079411,1.1624221860079411,0.0,0.0,1.0,-0.007405726973535032
2025-06-23 00:00:00+00:00,20260201_193427_37b8d48a_StateSignal_XLE,0.00648300487807818,0.00648300487807818,1.1699581747102168,1.1699581747102168,0.0,0.0,1.0,0.00648300487807818
2025-06-24 00:00:00+00:00,20260201_193427_37b8d48a_StateSignal_XLE,-0.0002308136190278809,-0.0002308136190278809,1.1696881324298007,1.1696881324298007,0.0,0.0,1.0,-0.0002308136190278809
2025-06-25 00:00:00+00:00,20260201_193427_37b8d48a_StateSignal_XLE,0.0,0.0,1.1696881324298007,1.1696881324298007,0.0,0.0,0.0,-0.0
2025-06-26 00:00:00+00:00,20260201_193427_37b8d48a_StateSignal_XLE,0.0009573959563273782,0.0009573959563273782,1.170807987117953,1.170807987117953,0.0,0.0,1.0,0.0009573959563273782
2025-06-27 00:00:00+00:00,20260201_193427_37b8d48a_StateSignal_XLE,0.005963046888246559,0.005963046888246559,1.177789570042271,1.177789570042271,0.0,0.0,1.0,0.005963046888246559
2025-06-30 00:00:00+00:00,20260201_193427_37b8d48a_StateSignal_XLE,-0.004051000416620987,-0.004051000416620987,1.173018344003338,1.173018344003338,0.0,0.0,1.0,-0.004051000416620987
2025-07-01 00:00:00+00:00,20260201_193427_37b8d48a_StateSignal_XLE,0.0,0.0,1.173018344003338,1.173018344003338,0.0,0.0,1.0,0.0
2025-07-02 00:00:00+00:00,20260201_193427_37b8d48a_StateSignal_XLE,0.002861232281032411,0.002861232281032411,1.1763746219554434,1.1763746219554434,0.0,0.0,1.0,0.002861232281032411
2025-07-03 00:00:00+00:00,20260201_193427_37b8d48a_StateSignal_XLE,0.007590169266675328,0.007590169266675328,1.1853035044571063,1.1853035044571063,0.0,0.0,1.0,0.007590169266675328
2025-07-07 00:00:00+00:00,20260201_193427_37b8d48a_StateSignal_XLE,0.011745495611493073,0.011745495611493073,1.1992254815669947,1.1992254815669947,0.0,0.0,1.0,0.011745495611493073
2025-07-08 00:00:00+00:00,20260201_193427_37b8d48a_StateSignal_XLE,-0.011745495611493073,-0.011745495611493073,1.185139983936059,1.185139983936059,0.0,0.0,1.0,-0.011745495611493073
2025-07-09 00:00:00+00:00,20260201_193427_37b8d48a_StateSignal_XLE,0.022892847458400478,0.022892847458400478,1.2122712128051585,1.2122712128051585,0.0,0.0,1.0,0.022892847458400478
2025-07-10 00:00:00+00:00,20260201_193427_37b8d48a_StateSignal_XLE,0.002537194303057877,0.002537194303057877,1.2153469804200487,1.2153469804200487,0.0,0.0,1.0,0.002537194303057877
2025-07-11 00:00:00+00:00,20260201_193427_37b8d48a_StateSignal_XLE,-0.0016138332032888947,-0.0016138332032888947,1.21338561310953,1.21338561310953,0.0,0.0,1.0,-0.0016138332032888947
2025-07-14 00:00:00+00:00,20260201_193427_37b8d48a_StateSignal_XLE,0.012610507591929387,0.012610507591929387,1.2286870215955856,1.2286870215955856,0.0,0.0,1.0,0.012610507591929387
2025-07-15 00:00:00+00:00,20260201_193427_37b8d48a_StateSignal_XLE,-0.016309078613481187,-0.016309078613481187,1.2086482683690192,1.2086482683690192,0.0,0.0,1.0,-0.016309078613481187
2025-07-16 00:00:00+00:00,20260201_193427_37b8d48a_StateSignal_XLE,-0.006971908324114651,-0.006971908324114651,1.2002216834458503,1.2002216834458503,0.0,0.0,1.0,-0.006971908324114651
2025-07-17 00:00:00+00:00,20260201_193427_37b8d48a_StateSignal_XLE,-0.009607572437366763,-0.009607572437366763,1.1886904666812461,1.1886904666812461,0.0,0.0,1.0,-0.009607572437366763
2025-07-18 00:00:00+00:00,20260201_193427_37b8d48a_StateSignal_XLE,-0.0009422851109466279,-0.0009422851109466279,1.187570381352968,1.187570381352968,0.0,0.0,1.0,-0.0009422851109466279
2025-07-21 00:00:00+00:00,20260201_193427_37b8d48a_StateSignal_XLE,0.0011777177194498556,0.0011777177194498556,1.1889690040341814,1.1889690040341814,0.0,0.0,1.0,0.0011777177194498556
2025-07-22 00:00:00+00:00,20260201_193427_37b8d48a_StateSignal_XLE,-0.01064972791665797,-0.01064972791665797,1.1763068076398775,1.1763068076398775,0.0,0.0,1.0,-0.01064972791665797
2025-07-23 00:00:00+00:00,20260201_193427_37b8d48a_StateSignal_XLE,-0.003575263014689245,-0.003575263014689245,1.1721012014165955,1.1721012014165955,0.0,0.0,1.0,-0.003575263014689245
2025-07-24 00:00:00+00:00,20260201_193427_37b8d48a_StateSignal_XLE,0.015166167471411196,0.015166167471411196,1.1898774845307218,1.1898774845307218,0.0,0.0,1.0,0.015166167471411196
2025-07-25 00:00:00+00:00,20260201_193427_37b8d48a_StateSignal_XLE,0.009829238976887922,0.009829238976887922,1.2015730746793927,1.2015730746793927,0.0,0.0,1.0,0.009829238976887922
2025-07-28 00:00:00+00:00,20260201_193427_37b8d48a_StateSignal_XLE,-0.004902542794701592,-0.004902542794701592,1.1956823112598158,1.1956823112598158,0.0,0.0,1.0,-0.004902542794701592
2025-07-29 00:00:00+00:00,20260201_193427_37b8d48a_StateSignal_XLE,0.013713172476856439,0.013713172476856439,1.212078909021648,1.212078909021648,0.0,0.0,1.0,0.013713172476856439
2025-07-30 00:00:00+00:00,20260201_193427_37b8d48a_StateSignal_XLE,0.0016145776774694198,0.0016145776774694198,1.2140359045714857,1.2140359045714857,0.0,0.0,1.0,0.0016145776774694198
2025-07-31 00:00:00+00:00,20260201_193427_37b8d48a_StateSignal_XLE,-0.002769445573465923,-0.002769445573465923,1.2106736982095414,1.2106736982095414,0.0,0.0,1.0,-0.002769445573465923
2025-08-01 00:00:00+00:00,20260201_193427_37b8d48a_StateSignal_XLE,-0.007655761786158344,-0.007655761786158344,1.2014050687752817,1.2014050687752817,0.0,0.0,1.0,-0.007655761786158344
2025-08-04 00:00:00+00:00,20260201_193427_37b8d48a_StateSignal_XLE,-0.01928110518486026,-0.01928110518486026,1.1782406512746013,1.1782406512746013,0.0,0.0,1.0,-0.01928110518486026
2025-08-05 00:00:00+00:00,20260201_193427_37b8d48a_StateSignal_XLE,-0.0011877896633452067,-0.0011877896633452067,1.1768411492080841,1.1768411492080841,0.0,0.0,1.0,-0.0011877896633452067
2025-08-06 00:00:00+00:00,20260201_193427_37b8d48a_StateSignal_XLE,-0.005721112148322494,-0.005721112148322494,1.170108309012704,1.170108309012704,0.0,0.0,1.0,-0.005721112148322494
2025-08-07 00:00:00+00:00,20260201_193427_37b8d48a_StateSignal_XLE,0.0019106764828729084,0.0019106764828729084,1.1723440074411489,1.1723440074411489,0.0,0.0,1.0,0.0019106764828729084
2025-08-08 00:00:00+00:00,20260201_193427_37b8d48a_StateSignal_XLE,0.0,0.0,1.1723440074411489,1.1723440074411489,0.0,0.0,0.0,-0.0
2025-08-11 00:00:00+00:00,20260201_193427_37b8d48a_StateSignal_XLE,-0.0009596929719299929,-0.0009596929719299929,1.1712189171365233,1.1712189171365233,0.0,0.0,1.0,-0.0009596929719299929
2025-08-12 00:00:00+00:00,20260201_193427_37b8d48a_StateSignal_XLE,-0.004812328825192669,-0.004812328825192669,1.1655826265809763,1.1655826265809763,0.0,0.0,1.0,-0.004812328825192669
2025-08-13 00:00:00+00:00,20260201_193427_37b8d48a_StateSignal_XLE,0.007449271501450472,0.007449271501450472,1.1742653680237518,1.1742653680237518,0.0,0.0,1.0,0.007449271501450472
2025-08-14 00:00:00+00:00,20260201_193427_37b8d48a_StateSignal_XLE,-0.005521560061117814,-0.005521560061117814,1.1677815912665181,1.1677815912665181,0.0,0.0,1.0,-0.005521560061117814
2025-08-15 00:00:00+00:00,20260201_193427_37b8d48a_StateSignal_XLE,0.00791276158308607,0.00791276158308607,1.177021968579327,1.177021968579327,0.0,0.0,1.0,0.00791276158308607
2025-08-18 00:00:00+00:00,20260201_193427_37b8d48a_StateSignal_XLE,0.010926474501780081,0.010926474501780081,1.189882669107044,1.189882669107044,0.0,0.0,1.0,0.010926474501780081
2025-08-19 00:00:00+00:00,20260201_193427_37b8d48a_StateSignal_XLE,-0.00973301452004538,-0.00973301452004538,1.178301523811475,1.178301523811475,0.0,0.0,1.0,-0.00973301452004538
2025-08-20 00:00:00+00:00,20260201_193427_37b8d48a_StateSignal_XLE,-0.004542745409325644,-0.004542745409325644,1.172948799973379,1.172948799973379,0.0,0.0,1.0,-0.004542745409325644
2025-08-21 00:00:00+00:00,20260201_193427_37b8d48a_StateSignal_XLE,0.011910574342390845,0.011910574342390845,1.18691929385528,1.18691929385528,0.0,0.0,1.0,0.011910574342390845
2025-08-22 00:00:00+00:00,20260201_193427_37b8d48a_StateSignal_XLE,0.001183292056184726,0.001183292056184726,1.1883237660270314,1.1883237660270314,0.0,0.0,1.0,0.001183292056184726
2025-08-25 00:00:00+00:00,20260201_193427_37b8d48a_StateSignal_XLE,0.024761835106176466,0.024761835106176466,1.2177488431741434,1.2177488431741434,0.0,0.0,1.0,0.024761835106176466
2025-08-26 00:00:00+00:00,20260201_193427_37b8d48a_StateSignal_XLE,-0.0002307603563953542,-0.0002307603563953542,1.2174678350170927,1.2174678350170927,0.0,0.0,1.0,-0.0002307603563953542
2025-08-27 00:00:00+00:00,20260201_193427_37b8d48a_StateSignal_XLE,-0.005786383463630251,-0.005786383463630251,1.2104230992690481,1.2104230992690481,0.0,0.0,1.0,-0.005786383463630251
2025-08-28 00:00:00+00:00,20260201_193427_37b8d48a_StateSignal_XLE,0.01497551313664136,0.01497551313664136,1.228549806293046,1.228549806293046,0.0,0.0,1.0,0.01497551313664136
2025-08-29 00:00:00+00:00,20260201_193427_37b8d48a_StateSignal_XLE,0.0061552684934320645,0.0061552684934320645,1.2361118602083336,1.2361118602083336,0.0,0.0,1.0,0.0061552684934320645
2025-09-02 00:00:00+00:00,20260201_193427_37b8d48a_StateSignal_XLE,0.00972528302955622,0.00972528302955622,1.2481333979050508,1.2481333979050508,0.0,0.0,1.0,0.00972528302955622
2025-09-03 00:00:00+00:00,20260201_193427_37b8d48a_StateSignal_XLE,-0.002253268190854918,-0.002253268190854918,1.2453210186216077,1.2453210186216077,0.0,0.0,1.0,-0.002253268190854918
2025-09-04 00:00:00+00:00,20260201_193427_37b8d48a_StateSignal_XLE,0.0,0.0,1.2453210186216077,1.2453210186216077,0.0,0.0,0.0,-0.0
2025-09-05 00:00:00+00:00,20260201_193427_37b8d48a_StateSignal_XLE,0.0,0.0,1.2453210186216077,1.2453210186216077,0.0,0.0,0.0,0.0
2025-09-08 00:00:00+00:00,20260201_193427_37b8d48a_StateSignal_XLE,0.0,0.0,1.2453210186216077,1.2453210186216077,0.0,0.0,0.0,-0.0
2025-09-09 00:00:00+00:00,20260201_193427_37b8d48a_StateSignal_XLE,0.0,0.0,1.2453210186216077,1.2453210186216077,0.0,0.0,0.0,-0.0
2025-09-10 00:00:00+00:00,20260201_193427_37b8d48a_StateSignal_XLE,0.0,0.0,1.2453210186216077,1.2453210186216077,0.0,0.0,0.0,0.0
2025-09-11 00:00:00+00:00,20260201_193427_37b8d48a_StateSignal_XLE,0.0,0.0,1.2453210186216077,1.2453210186216077,0.0,0.0,0.0,0.0
2025-09-12 00:00:00+00:00,20260201_193427_37b8d48a_StateSignal_XLE,0.008469777083484065,0.008469777083484065,1.25586861004671,1.25586861004671,0.0,0.0,1.0,0.008469777083484065
2025-09-15 00:00:00+00:00,20260201_193427_37b8d48a_StateSignal_XLE,-0.0004559963599302108,-0.0004559963599302108,1.2552959385319782,1.2552959385319782,0.0,0.0,1.0,-0.0004559963599302108
2025-09-16 00:00:00+00:00,20260201_193427_37b8d48a_StateSignal_XLE,0.0,0.0,1.2552959385319782,1.2552959385319782,0.0,0.0,0.0,-0.0
2025-09-17 00:00:00+00:00,20260201_193427_37b8d48a_StateSignal_XLE,0.0,0.0,1.2552959385319782,1.2552959385319782,0.0,0.0,0.0,0.0
2025-09-18 00:00:00+00:00,20260201_193427_37b8d48a_StateSignal_XLE,0.004301081899390713,0.004301081899390713,1.2606950691715768,1.2606950691715768,0.0,0.0,1.0,0.004301081899390713
2025-09-19 00:00:00+00:00,20260201_193427_37b8d48a_StateSignal_XLE,0.0,0.0,1.2606950691715768,1.2606950691715768,0.0,0.0,0.0,-0.0
2025-09-22 00:00:00+00:00,20260201_193427_37b8d48a_StateSignal_XLE,0.0,0.0,1.2606950691715768,1.2606950691715768,0.0,0.0,0.0,-0.0
2025-09-23 00:00:00+00:00,20260201_193427_37b8d48a_StateSignal_XLE,0.0,0.0,1.2606950691715768,1.2606950691715768,0.0,0.0,0.0,-0.0
2025-09-24 00:00:00+00:00,20260201_193427_37b8d48a_StateSignal_XLE,0.0,0.0,1.2606950691715768,1.2606950691715768,0.0,0.0,0.0,0.0
2025-09-25 00:00:00+00:00,20260201_193427_37b8d48a_StateSignal_XLE,0.0,0.0,1.2606950691715768,1.2606950691715768,0.0,0.0,0.0,0.0
2025-09-26 00:00:00+00:00,20260201_193427_37b8d48a_StateSignal_XLE,0.0013294927728284556,0.0013294927728284556,1.2623711541547809,1.2623711541547809,0.0,0.0,1.0,0.0013294927728284556
2025-09-29 00:00:00+00:00,20260201_193427_37b8d48a_StateSignal_XLE,0.0,0.0,1.2623711541547809,1.2623711541547809,0.0,0.0,0.0,0.0
2025-09-30 00:00:00+00:00,20260201_193427_37b8d48a_StateSignal_XLE,0.0,0.0,1.2623711541547809,1.2623711541547809,0.0,0.0,0.0,-0.0
2025-10-01 00:00:00+00:00,20260201_193427_37b8d48a_StateSignal_XLE,0.0,0.0,1.2623711541547809,1.2623711541547809,0.0,0.0,0.0,-0.0
2025-10-02 00:00:00+00:00,20260201_193427_37b8d48a_StateSignal_XLE,0.0011303267847515563,0.0011303267847515563,1.2637980460826197,1.2637980460826197,0.0,0.0,1.0,0.0011303267847515563
2025-10-03 00:00:00+00:00,20260201_193427_37b8d48a_StateSignal_XLE,0.0,0.0,1.2637980460826197,1.2637980460826197,0.0,0.0,0.0,-0.0
2025-10-06 00:00:00+00:00,20260201_193427_37b8d48a_StateSignal_XLE,0.0,0.0,1.2637980460826197,1.2637980460826197,0.0,0.0,0.0,0.0
2025-10-07 00:00:00+00:00,20260201_193427_37b8d48a_StateSignal_XLE,0.0,0.0,1.2637980460826197,1.2637980460826197,0.0,0.0,0.0,0.0
2025-10-08 00:00:00+00:00,20260201_193427_37b8d48a_StateSignal_XLE,0.0,0.0,1.2637980460826197,1.2637980460826197,0.0,0.0,0.0,-0.0
2025-10-09 00:00:00+00:00,20260201_193427_37b8d48a_StateSignal_XLE,0.0,0.0,1.2637980460826197,1.2637980460826197,0.0,0.0,0.0,0.0
2025-10-10 00:00:00+00:00,20260201_193427_37b8d48a_StateSignal_XLE,0.0,0.0,1.2637980460826197,1.2637980460826197,0.0,0.0,0.0,-0.0
2025-10-13 00:00:00+00:00,20260201_193427_37b8d48a_StateSignal_XLE,0.0,0.0,1.2637980460826197,1.2637980460826197,0.0,0.0,0.0,-0.0
2025-10-14 00:00:00+00:00,20260201_193427_37b8d48a_StateSignal_XLE,0.0,0.0,1.2637980460826197,1.2637980460826197,0.0,0.0,0.0,-0.0
2025-10-15 00:00:00+00:00,20260201_193427_37b8d48a_StateSignal_XLE,0.0,0.0,1.2637980460826197,1.2637980460826197,0.0,0.0,0.0,0.0
2025-10-16 00:00:00+00:00,20260201_193427_37b8d48a_StateSignal_XLE,0.0,0.0,1.2637980460826197,1.2637980460826197,0.0,0.0,0.0,-0.0
2025-10-17 00:00:00+00:00,20260201_193427_37b8d48a_StateSignal_XLE,0.0,0.0,1.2637980460826197,1.2637980460826197,0.0,0.0,0.0,-0.0
2025-10-20 00:00:00+00:00,20260201_193427_37b8d48a_StateSignal_XLE,0.0,0.0,1.2637980460826197,1.2637980460826197,0.0,0.0,0.0,0.0
2025-10-21 00:00:00+00:00,20260201_193427_37b8d48a_StateSignal_XLE,0.0,0.0,1.2637980460826197,1.2637980460826197,0.0,0.0,0.0,0.0
2025-10-22 00:00:00+00:00,20260201_193427_37b8d48a_StateSignal_XLE,0.004894544207893592,0.004894544207893592,1.2699837614890206,1.2699837614890206,0.0,0.0,1.0,0.004894544207893592
2025-10-23 00:00:00+00:00,20260201_193427_37b8d48a_StateSignal_XLE,0.0,0.0,1.2699837614890206,1.2699837614890206,0.0,0.0,0.0,0.0
2025-10-24 00:00:00+00:00,20260201_193427_37b8d48a_StateSignal_XLE,0.0,0.0,1.2699837614890206,1.2699837614890206,0.0,0.0,0.0,0.0
2025-10-27 00:00:00+00:00,20260201_193427_37b8d48a_StateSignal_XLE,0.0,0.0,1.2699837614890206,1.2699837614890206,0.0,0.0,0.0,-0.0
2025-10-28 00:00:00+00:00,20260201_193427_37b8d48a_StateSignal_XLE,0.0,0.0,1.2699837614890206,1.2699837614890206,0.0,0.0,0.0,-0.0
2025-10-29 00:00:00+00:00,20260201_193427_37b8d48a_StateSignal_XLE,0.0,0.0,1.2699837614890206,1.2699837614890206,0.0,0.0,0.0,-0.0
2025-10-30 00:00:00+00:00,20260201_193427_37b8d48a_StateSignal_XLE,0.0,0.0,1.2699837614890206,1.2699837614890206,0.0,0.0,0.0,0.0
2025-10-31 00:00:00+00:00,20260201_193427_37b8d48a_StateSignal_XLE,0.0,0.0,1.2699837614890206,1.2699837614890206,0.0,0.0,0.0,0.0
2025-11-03 00:00:00+00:00,20260201_193427_37b8d48a_StateSignal_XLE,0.0,0.0,1.2699837614890206,1.2699837614890206,0.0,0.0,0.0,-0.0
2025-11-04 00:00:00+00:00,20260201_193427_37b8d48a_StateSignal_XLE,0.0,0.0,1.2699837614890206,1.2699837614890206,0.0,0.0,0.0,0.0
2025-11-05 00:00:00+00:00,20260201_193427_37b8d48a_StateSignal_XLE,0.0,0.0,1.2699837614890206,1.2699837614890206,0.0,0.0,0.0,-0.0
2025-11-06 00:00:00+00:00,20260201_193427_37b8d48a_StateSignal_XLE,0.009659688726550986,0.009659688726550986,1.2822514093127788,1.2822514093127788,0.0,0.0,1.0,0.009659688726550986
2025-11-07 00:00:00+00:00,20260201_193427_37b8d48a_StateSignal_XLE,0.0,0.0,1.2822514093127788,1.2822514093127788,0.0,0.0,0.0,0.0
2025-11-10 00:00:00+00:00,20260201_193427_37b8d48a_StateSignal_XLE,0.0,0.0,1.2822514093127788,1.2822514093127788,0.0,0.0,0.0,0.0
2025-11-11 00:00:00+00:00,20260201_193427_37b8d48a_StateSignal_XLE,0.0,0.0,1.2822514093127788,1.2822514093127788,0.0,0.0,0.0,0.0
2025-11-12 00:00:00+00:00,20260201_193427_37b8d48a_StateSignal_XLE,0.0,0.0,1.2822514093127788,1.2822514093127788,0.0,0.0,0.0,0.0
2025-11-13 00:00:00+00:00,20260201_193427_37b8d48a_StateSignal_XLE,0.0,0.0,1.2822514093127788,1.2822514093127788,0.0,0.0,0.0,-0.0
2025-11-14 00:00:00+00:00,20260201_193427_37b8d48a_StateSignal_XLE,0.0,0.0,1.2822514093127788,1.2822514093127788,0.0,0.0,0.0,0.0
2025-11-17 00:00:00+00:00,20260201_193427_37b8d48a_StateSignal_XLE,0.0,0.0,1.2822514093127788,1.2822514093127788,0.0,0.0,0.0,0.0
2025-11-18 00:00:00+00:00,20260201_193427_37b8d48a_StateSignal_XLE,0.0,0.0,1.2822514093127788,1.2822514093127788,0.0,0.0,0.0,-0.0
2025-11-19 00:00:00+00:00,20260201_193427_37b8d48a_StateSignal_XLE,0.0,0.0,1.2822514093127788,1.2822514093127788,0.0,0.0,0.0,-0.0
2025-11-20 00:00:00+00:00,20260201_193427_37b8d48a_StateSignal_XLE,0.0,0.0,1.2822514093127788,1.2822514093127788,0.0,0.0,0.0,-0.0
2025-11-21 00:00:00+00:00,20260201_193427_37b8d48a_StateSignal_XLE,0.0,0.0,1.2822514093127788,1.2822514093127788,0.0,0.0,0.0,0.0
2025-11-24 00:00:00+00:00,20260201_193427_37b8d48a_StateSignal_XLE,0.0,0.0,1.2822514093127788,1.2822514093127788,0.0,0.0,0.0,-0.0
2025-11-25 00:00:00+00:00,20260201_193427_37b8d48a_StateSignal_XLE,0.0,0.0,1.2822514093127788,1.2822514093127788,0.0,0.0,0.0,-0.0
2025-11-26 00:00:00+00:00,20260201_193427_37b8d48a_StateSignal_XLE,0.0,0.0,1.2822514093127788,1.2822514093127788,0.0,0.0,0.0,-0.0
2025-11-28 00:00:00+00:00,20260201_193427_37b8d48a_StateSignal_XLE,0.0,0.0,1.2822514093127788,1.2822514093127788,0.0,0.0,0.0,0.0
2025-12-01 00:00:00+00:00,20260201_193427_37b8d48a_StateSignal_XLE,0.0,0.0,1.2822514093127788,1.2822514093127788,0.0,0.0,0.0,0.0
2025-12-02 00:00:00+00:00,20260201_193427_37b8d48a_StateSignal_XLE,0.0,0.0,1.2822514093127788,1.2822514093127788,0.0,0.0,0.0,0.0
2025-12-03 00:00:00+00:00,20260201_193427_37b8d48a_StateSignal_XLE,0.0,0.0,1.2822514093127788,1.2822514093127788,0.0,0.0,0.0,-0.0
2025-12-04 00:00:00+00:00,20260201_193427_37b8d48a_StateSignal_XLE,0.0,0.0,1.2822514093127788,1.2822514093127788,0.0,0.0,0.0,0.0
2025-12-05 00:00:00+00:00,20260201_193427_37b8d48a_StateSignal_XLE,0.009006101510158349,0.009006101510158349,1.2937994956665932,1.2937994956665932,0.0,0.0,1.0,0.009006101510158349
2025-12-08 00:00:00+00:00,20260201_193427_37b8d48a_StateSignal_XLE,0.0,0.0,1.2937994956665932,1.2937994956665932,0.0,0.0,0.0,0.0
2025-12-09 00:00:00+00:00,20260201_193427_37b8d48a_StateSignal_XLE,0.0,0.0,1.2937994956665932,1.2937994956665932,0.0,0.0,0.0,-0.0
2025-12-10 00:00:00+00:00,20260201_193427_37b8d48a_StateSignal_XLE,0.0,0.0,1.2937994956665932,1.2937994956665932,0.0,0.0,0.0,0.0
2025-12-11 00:00:00+00:00,20260201_193427_37b8d48a_StateSignal_XLE,-0.003295619812454298,-0.003295619812454298,1.289535624415331,1.289535624415331,0.0,0.0,1.0,-0.003295619812454298
2025-12-12 00:00:00+00:00,20260201_193427_37b8d48a_StateSignal_XLE,0.005705523487263164,0.005705523487263164,1.2968931002080952,1.2968931002080952,0.0,0.0,1.0,0.005705523487263164
2025-12-15 00:00:00+00:00,20260201_193427_37b8d48a_StateSignal_XLE,0.0,0.0,1.2968931002080952,1.2968931002080952,0.0,0.0,0.0,-0.0
2025-12-16 00:00:00+00:00,20260201_193427_37b8d48a_StateSignal_XLE,0.0,0.0,1.2968931002080952,1.2968931002080952,0.0,0.0,0.0,-0.0
2025-12-17 00:00:00+00:00,20260201_193427_37b8d48a_StateSignal_XLE,0.0,0.0,1.2968931002080952,1.2968931002080952,0.0,0.0,0.0,-0.0
2025-12-18 00:00:00+00:00,20260201_193427_37b8d48a_StateSignal_XLE,0.0,0.0,1.2968931002080952,1.2968931002080952,0.0,0.0,0.0,0.0
2025-12-19 00:00:00+00:00,20260201_193427_37b8d48a_StateSignal_XLE,0.0,0.0,1.2968931002080952,1.2968931002080952,0.0,0.0,0.0,-0.0
2025-12-22 00:00:00+00:00,20260201_193427_37b8d48a_StateSignal_XLE,0.0,0.0,1.2968931002080952,1.2968931002080952,0.0,0.0,0.0,-0.0
2025-12-23 00:00:00+00:00,20260201_193427_37b8d48a_StateSignal_XLE,0.0,0.0,1.2968931002080952,1.2968931002080952,0.0,0.0,0.0,0.0
2025-12-24 00:00:00+00:00,20260201_193427_37b8d48a_StateSignal_XLE,0.0011287956949788125,0.0011287956949788125,1.2983570275564578,1.2983570275564578,0.0,0.0,1.0,0.0011287956949788125
2025-12-26 00:00:00+00:00,20260201_193427_37b8d48a_StateSignal_XLE,0.003491191112870773,0.003491191112870773,1.3028898400723963,1.3028898400723963,0.0,0.0,1.0,0.003491191112870773
2025-12-29 00:00:00+00:00,20260201_193427_37b8d48a_StateSignal_XLE,-0.0075608327233087635,-0.0075608327233087635,1.2930389079347104,1.2930389079347104,0.0,0.0,1.0,-0.0075608327233087635
2025-12-30 00:00:00+00:00,20260201_193427_37b8d48a_StateSignal_XLE,0.0,0.0,1.2930389079347104,1.2930389079347104,0.0,0.0,0.0,0.0
2025-12-31 00:00:00+00:00,20260201_193427_37b8d48a_StateSignal_XLE,0.004579222834089514,0.004579222834089514,1.2989600212272912,1.2989600212272912,0.0,0.0,1.0,0.004579222834089514
2026-01-02 00:00:00+00:00,20260201_193427_37b8d48a_StateSignal_XLE,-0.005027101018712177,-0.005027101018712177,1.292430017981313,1.292430017981313,0.0,0.0,1.0,-0.005027101018712177
2026-01-05 00:00:00+00:00,20260201_193427_37b8d48a_StateSignal_XLE,0.0,0.0,1.292430017981313,1.292430017981313,0.0,0.0,0.0,0.0
2026-01-06 00:00:00+00:00,20260201_193427_37b8d48a_StateSignal_XLE,0.0,0.0,1.292430017981313,1.292430017981313,0.0,0.0,0.0,0.0
2026-01-07 00:00:00+00:00,20260201_193427_37b8d48a_StateSignal_XLE,0.0,0.0,1.292430017981313,1.292430017981313,0.0,0.0,0.0,-0.0
2026-01-08 00:00:00+00:00,20260201_193427_37b8d48a_StateSignal_XLE,0.0,0.0,1.292430017981313,1.292430017981313,0.0,0.0,0.0,-0.0
2026-01-09 00:00:00+00:00,20260201_193427_37b8d48a_StateSignal_XLE,0.0,0.0,1.292430017981313,1.292430017981313,0.0,0.0,0.0,0.0
2026-01-12 00:00:00+00:00,20260201_193427_37b8d48a_StateSignal_XLE,0.0,0.0,1.292430017981313,1.292430017981313,0.0,0.0,0.0,0.0
2026-01-13 00:00:00+00:00,20260201_193427_37b8d48a_StateSignal_XLE,0.0,0.0,1.292430017981313,1.292430017981313,0.0,0.0,0.0,-0.0
2026-01-14 00:00:00+00:00,20260201_193427_37b8d48a_StateSignal_XLE,0.0,0.0,1.292430017981313,1.292430017981313,0.0,0.0,0.0,0.0
2026-01-15 00:00:00+00:00,20260201_193427_37b8d48a_StateSignal_XLE,0.0,0.0,1.292430017981313,1.292430017981313,0.0,0.0,0.0,0.0
2026-01-16 00:00:00+00:00,20260201_193427_37b8d48a_StateSignal_XLE,0.0,0.0,1.292430017981313,1.292430017981313,0.0,0.0,0.0,-0.0
2026-01-20 00:00:00+00:00,20260201_193427_37b8d48a_StateSignal_XLE,0.0,0.0,1.292430017981313,1.292430017981313,0.0,0.0,0.0,-0.0
2026-01-21 00:00:00+00:00,20260201_193427_37b8d48a_StateSignal_XLE,0.0,0.0,1.292430017981313,1.292430017981313,0.0,0.0,0.0,0.0
2026-01-22 00:00:00+00:00,20260201_193427_37b8d48a_StateSignal_XLE,0.0,0.0,1.292430017981313,1.292430017981313,0.0,0.0,0.0,0.0
2026-01-23 00:00:00+00:00,20260201_193427_37b8d48a_StateSignal_XLE,0.0,0.0,1.292430017981313,1.292430017981313,0.0,0.0,0.0,-0.0
2026-01-26 00:00:00+00:00,20260201_193427_37b8d48a_StateSignal_XLE,0.0,0.0,1.292430017981313,1.292430017981313,0.0,0.0,0.0,0.0
2026-01-27 00:00:00+00:00,20260201_193427_37b8d48a_StateSignal_XLE,0.0,0.0,1.292430017981313,1.292430017981313,0.0,0.0,0.0,-0.0
2026-01-28 00:00:00+00:00,20260201_193427_37b8d48a_StateSignal_XLE,0.0,0.0,1.292430017981313,1.292430017981313,0.0,0.0,0.0,0.0
2026-01-29 00:00:00+00:00,20260201_193427_37b8d48a_StateSignal_XLE,0.0,0.0,1.292430017981313,1.292430017981313,0.0,0.0,0.0,0.0
2026-01-30 00:00:00+00:00,20260201_193427_37b8d48a_StateSignal_XLE,0.0,0.0,1.292430017981313,1.292430017981313,0.0,0.0,0.0,0.0
2026-02-02 00:00:00+00:00,20260201_193427_37b8d48a_StateSignal_XLE,0.0,0.0,1.292430017981313,1.292430017981313,0.0,0.0,0.0,-0.0
